scenario,year,generator_id,zone,technology,conversion_technology,fuel,carrier,p_nom_MW,p_nom_extendable,efficiency_class,CO2_factor_class,marginal_cost_class,availability_class,capacity_source,zonal_allocation_method,evidence_class,status
Slow,2040,2040_SLOW_NORD_SOLAR_PV_ROOFTOP,NORD,SOLAR_PV_ROOFTOP,SOLAR_PV_ROOFTOP,NONE,solar_pv_rooftop,20080,false,NOT_APPLICABLE_VRE,ZERO_OPERATIONAL_CO2,MC_VRE,PROFILE_SOLAR_PV_ROOFTOP,SCENARIO_CAPACITY_PACKAGE_V2,FROZEN V2.9 ZONAL ALLOCATION,PROJECT STATIC SOLVER MAPPING,STATIC_CANDIDATE; NUMERICAL_COST_EFFICIENCY_AVAILABILITY_PENDING
Slow,2040,2040_SLOW_CNOR_SOLAR_PV_ROOFTOP,CNOR,SOLAR_PV_ROOFTOP,SOLAR_PV_ROOFTOP,NONE,solar_pv_rooftop,2640,false,NOT_APPLICABLE_VRE,ZERO_OPERATIONAL_CO2,MC_VRE,PROFILE_SOLAR_PV_ROOFTOP,SCENARIO_CAPACITY_PACKAGE_V2,FROZEN V2.9 ZONAL ALLOCATION,PROJECT STATIC SOLVER MAPPING,STATIC_CANDIDATE; NUMERICAL_COST_EFFICIENCY_AVAILABILITY_PENDING
Slow,2040,2040_SLOW_CSUD_SOLAR_PV_ROOFTOP,CSUD,SOLAR_PV_ROOFTOP,SOLAR_PV_ROOFTOP,NONE,solar_pv_rooftop,4400,false,NOT_APPLICABLE_VRE,ZERO_OPERATIONAL_CO2,MC_VRE,PROFILE_SOLAR_PV_ROOFTOP,SCENARIO_CAPACITY_PACKAGE_V2,FROZEN V2.9 ZONAL ALLOCATION,PROJECT STATIC SOLVER MAPPING,STATIC_CANDIDATE; NUMERICAL_COST_EFFICIENCY_AVAILABILITY_PENDING
Slow,2040,2040_SLOW_SUD_SOLAR_PV_ROOFTOP,SUD,SOLAR_PV_ROOFTOP,SOLAR_PV_ROOFTOP,NONE,solar_pv_rooftop,1360,false,NOT_APPLICABLE_VRE,ZERO_OPERATIONAL_CO2,MC_VRE,PROFILE_SOLAR_PV_ROOFTOP,SCENARIO_CAPACITY_PACKAGE_V2,FROZEN V2.9 ZONAL ALLOCATION,PROJECT STATIC SOLVER MAPPING,STATIC_CANDIDATE; NUMERICAL_COST_EFFICIENCY_AVAILABILITY_PENDING
Slow,2040,2040_SLOW_CALA_SOLAR_PV_ROOFTOP,CALA,SOLAR_PV_ROOFTOP,SOLAR_PV_ROOFTOP,NONE,solar_pv_rooftop,880,false,NOT_APPLICABLE_VRE,ZERO_OPERATIONAL_CO2,MC_VRE,PROFILE_SOLAR_PV_ROOFTOP,SCENARIO_CAPACITY_PACKAGE_V2,FROZEN V2.9 ZONAL ALLOCATION,PROJECT STATIC SOLVER MAPPING,STATIC_CANDIDATE; NUMERICAL_COST_EFFICIENCY_AVAILABILITY_PENDING
Slow,2040,2040_SLOW_SICI_SOLAR_PV_ROOFTOP,SICI,SOLAR_PV_ROOFTOP,SOLAR_PV_ROOFTOP,NONE,solar_pv_rooftop,2640,false,NOT_APPLICABLE_VRE,ZERO_OPERATIONAL_CO2,MC_VRE,PROFILE_SOLAR_PV_ROOFTOP,SCENARIO_CAPACITY_PACKAGE_V2,FROZEN V2.9 ZONAL ALLOCATION,PROJECT STATIC SOLVER MAPPING,STATIC_CANDIDATE; NUMERICAL_COST_EFFICIENCY_AVAILABILITY_PENDING
Slow,2040,2040_SLOW_SARD_SOLAR_PV_ROOFTOP,SARD,SOLAR_PV_ROOFTOP,SOLAR_PV_ROOFTOP,NONE,solar_pv_rooftop,1360,false,NOT_APPLICABLE_VRE,ZERO_OPERATIONAL_CO2,MC_VRE,PROFILE_SOLAR_PV_ROOFTOP,SCENARIO_CAPACITY_PACKAGE_V2,FROZEN V2.9 ZONAL ALLOCATION,PROJECT STATIC SOLVER MAPPING,STATIC_CANDIDATE; NUMERICAL_COST_EFFICIENCY_AVAILABILITY_PENDING
Slow,2040,2040_SLOW_NORD_SOLAR_PV_UTILITY,NORD,SOLAR_PV_UTILITY,SOLAR_PV_UTILITY,NONE,solar_pv_utility,13840,false,NOT_APPLICABLE_VRE,ZERO_OPERATIONAL_CO2,MC_VRE,PROFILE_SOLAR_PV_UTILITY,SCENARIO_CAPACITY_PACKAGE_V2,FROZEN V2.9 ZONAL ALLOCATION,PROJECT STATIC SOLVER MAPPING,STATIC_CANDIDATE; NUMERICAL_COST_EFFICIENCY_AVAILABILITY_PENDING
Slow,2040,2040_SLOW_CNOR_SOLAR_PV_UTILITY,CNOR,SOLAR_PV_UTILITY,SOLAR_PV_UTILITY,NONE,solar_pv_utility,5040,false,NOT_APPLICABLE_VRE,ZERO_OPERATIONAL_CO2,MC_VRE,PROFILE_SOLAR_PV_UTILITY,SCENARIO_CAPACITY_PACKAGE_V2,FROZEN V2.9 ZONAL ALLOCATION,PROJECT STATIC SOLVER MAPPING,STATIC_CANDIDATE; NUMERICAL_COST_EFFICIENCY_AVAILABILITY_PENDING
Slow,2040,2040_SLOW_CSUD_SOLAR_PV_UTILITY,CSUD,SOLAR_PV_UTILITY,SOLAR_PV_UTILITY,NONE,solar_pv_utility,11680,false,NOT_APPLICABLE_VRE,ZERO_OPERATIONAL_CO2,MC_VRE,PROFILE_SOLAR_PV_UTILITY,SCENARIO_CAPACITY_PACKAGE_V2,FROZEN V2.9 ZONAL ALLOCATION,PROJECT STATIC SOLVER MAPPING,STATIC_CANDIDATE; NUMERICAL_COST_EFFICIENCY_AVAILABILITY_PENDING
Slow,2040,2040_SLOW_SUD_SOLAR_PV_UTILITY,SUD,SOLAR_PV_UTILITY,SOLAR_PV_UTILITY,NONE,solar_pv_utility,15440,false,NOT_APPLICABLE_VRE,ZERO_OPERATIONAL_CO2,MC_VRE,PROFILE_SOLAR_PV_UTILITY,SCENARIO_CAPACITY_PACKAGE_V2,FROZEN V2.9 ZONAL ALLOCATION,PROJECT STATIC SOLVER MAPPING,STATIC_CANDIDATE; NUMERICAL_COST_EFFICIENCY_AVAILABILITY_PENDING
Slow,2040,2040_SLOW_CALA_SOLAR_PV_UTILITY,CALA,SOLAR_PV_UTILITY,SOLAR_PV_UTILITY,NONE,solar_pv_utility,2000,false,NOT_APPLICABLE_VRE,ZERO_OPERATIONAL_CO2,MC_VRE,PROFILE_SOLAR_PV_UTILITY,SCENARIO_CAPACITY_PACKAGE_V2,FROZEN V2.9 ZONAL ALLOCATION,PROJECT STATIC SOLVER MAPPING,STATIC_CANDIDATE; NUMERICAL_COST_EFFICIENCY_AVAILABILITY_PENDING
Slow,2040,2040_SLOW_SICI_SOLAR_PV_UTILITY,SICI,SOLAR_PV_UTILITY,SOLAR_PV_UTILITY,NONE,solar_pv_utility,9200,false,NOT_APPLICABLE_VRE,ZERO_OPERATIONAL_CO2,MC_VRE,PROFILE_SOLAR_PV_UTILITY,SCENARIO_CAPACITY_PACKAGE_V2,FROZEN V2.9 ZONAL ALLOCATION,PROJECT STATIC SOLVER MAPPING,STATIC_CANDIDATE; NUMERICAL_COST_EFFICIENCY_AVAILABILITY_PENDING
Slow,2040,2040_SLOW_SARD_SOLAR_PV_UTILITY,SARD,SOLAR_PV_UTILITY,SOLAR_PV_UTILITY,NONE,solar_pv_utility,6160,false,NOT_APPLICABLE_VRE,ZERO_OPERATIONAL_CO2,MC_VRE,PROFILE_SOLAR_PV_UTILITY,SCENARIO_CAPACITY_PACKAGE_V2,FROZEN V2.9 ZONAL ALLOCATION,PROJECT STATIC SOLVER MAPPING,STATIC_CANDIDATE; NUMERICAL_COST_EFFICIENCY_AVAILABILITY_PENDING
Slow,2040,2040_SLOW_NORD_WIND_ONSHORE,NORD,WIND_ONSHORE,WIND_ONSHORE,NONE,wind_onshore,480,false,NOT_APPLICABLE_VRE,ZERO_OPERATIONAL_CO2,MC_VRE,PROFILE_WIND_ONSHORE,SCENARIO_CAPACITY_PACKAGE_V2,FROZEN V2.9 ZONAL ALLOCATION,PROJECT STATIC SOLVER MAPPING,STATIC_CANDIDATE; NUMERICAL_COST_EFFICIENCY_AVAILABILITY_PENDING
Slow,2040,2040_SLOW_CNOR_WIND_ONSHORE,CNOR,WIND_ONSHORE,WIND_ONSHORE,NONE,wind_onshore,320,false,NOT_APPLICABLE_VRE,ZERO_OPERATIONAL_CO2,MC_VRE,PROFILE_WIND_ONSHORE,SCENARIO_CAPACITY_PACKAGE_V2,FROZEN V2.9 ZONAL ALLOCATION,PROJECT STATIC SOLVER MAPPING,STATIC_CANDIDATE; NUMERICAL_COST_EFFICIENCY_AVAILABILITY_PENDING
Slow,2040,2040_SLOW_CSUD_WIND_ONSHORE,CSUD,WIND_ONSHORE,WIND_ONSHORE,NONE,wind_onshore,5440,false,NOT_APPLICABLE_VRE,ZERO_OPERATIONAL_CO2,MC_VRE,PROFILE_WIND_ONSHORE,SCENARIO_CAPACITY_PACKAGE_V2,FROZEN V2.9 ZONAL ALLOCATION,PROJECT STATIC SOLVER MAPPING,STATIC_CANDIDATE; NUMERICAL_COST_EFFICIENCY_AVAILABILITY_PENDING
Slow,2040,2040_SLOW_SUD_WIND_ONSHORE,SUD,WIND_ONSHORE,WIND_ONSHORE,NONE,wind_onshore,10560,false,NOT_APPLICABLE_VRE,ZERO_OPERATIONAL_CO2,MC_VRE,PROFILE_WIND_ONSHORE,SCENARIO_CAPACITY_PACKAGE_V2,FROZEN V2.9 ZONAL ALLOCATION,PROJECT STATIC SOLVER MAPPING,STATIC_CANDIDATE; NUMERICAL_COST_EFFICIENCY_AVAILABILITY_PENDING
Slow,2040,2040_SLOW_CALA_WIND_ONSHORE,CALA,WIND_ONSHORE,WIND_ONSHORE,NONE,wind_onshore,2640,false,NOT_APPLICABLE_VRE,ZERO_OPERATIONAL_CO2,MC_VRE,PROFILE_WIND_ONSHORE,SCENARIO_CAPACITY_PACKAGE_V2,FROZEN V2.9 ZONAL ALLOCATION,PROJECT STATIC SOLVER MAPPING,STATIC_CANDIDATE; NUMERICAL_COST_EFFICIENCY_AVAILABILITY_PENDING
Slow,2040,2040_SLOW_SICI_WIND_ONSHORE,SICI,WIND_ONSHORE,WIND_ONSHORE,NONE,wind_onshore,5040,false,NOT_APPLICABLE_VRE,ZERO_OPERATIONAL_CO2,MC_VRE,PROFILE_WIND_ONSHORE,SCENARIO_CAPACITY_PACKAGE_V2,FROZEN V2.9 ZONAL ALLOCATION,PROJECT STATIC SOLVER MAPPING,STATIC_CANDIDATE; NUMERICAL_COST_EFFICIENCY_AVAILABILITY_PENDING
Slow,2040,2040_SLOW_SARD_WIND_ONSHORE,SARD,WIND_ONSHORE,WIND_ONSHORE,NONE,wind_onshore,2800,false,NOT_APPLICABLE_VRE,ZERO_OPERATIONAL_CO2,MC_VRE,PROFILE_WIND_ONSHORE,SCENARIO_CAPACITY_PACKAGE_V2,FROZEN V2.9 ZONAL ALLOCATION,PROJECT STATIC SOLVER MAPPING,STATIC_CANDIDATE; NUMERICAL_COST_EFFICIENCY_AVAILABILITY_PENDING
Slow,2040,2040_SLOW_NORD_WIND_OFFSHORE,NORD,WIND_OFFSHORE,WIND_OFFSHORE,NONE,wind_offshore,1200,false,NOT_APPLICABLE_VRE,ZERO_OPERATIONAL_CO2,MC_VRE,PROFILE_WIND_OFFSHORE,SCENARIO_CAPACITY_PACKAGE_V2,FROZEN V2.9 ZONAL ALLOCATION,PROJECT STATIC SOLVER MAPPING,STATIC_CANDIDATE; NUMERICAL_COST_EFFICIENCY_AVAILABILITY_PENDING
Slow,2040,2040_SLOW_CNOR_WIND_OFFSHORE,CNOR,WIND_OFFSHORE,WIND_OFFSHORE,NONE,wind_offshore,640,false,NOT_APPLICABLE_VRE,ZERO_OPERATIONAL_CO2,MC_VRE,PROFILE_WIND_OFFSHORE,SCENARIO_CAPACITY_PACKAGE_V2,FROZEN V2.9 ZONAL ALLOCATION,PROJECT STATIC SOLVER MAPPING,STATIC_CANDIDATE; NUMERICAL_COST_EFFICIENCY_AVAILABILITY_PENDING
Slow,2040,2040_SLOW_CSUD_WIND_OFFSHORE,CSUD,WIND_OFFSHORE,WIND_OFFSHORE,NONE,wind_offshore,1280,false,NOT_APPLICABLE_VRE,ZERO_OPERATIONAL_CO2,MC_VRE,PROFILE_WIND_OFFSHORE,SCENARIO_CAPACITY_PACKAGE_V2,FROZEN V2.9 ZONAL ALLOCATION,PROJECT STATIC SOLVER MAPPING,STATIC_CANDIDATE; NUMERICAL_COST_EFFICIENCY_AVAILABILITY_PENDING
Slow,2040,2040_SLOW_SUD_WIND_OFFSHORE,SUD,WIND_OFFSHORE,WIND_OFFSHORE,NONE,wind_offshore,3760,false,NOT_APPLICABLE_VRE,ZERO_OPERATIONAL_CO2,MC_VRE,PROFILE_WIND_OFFSHORE,SCENARIO_CAPACITY_PACKAGE_V2,FROZEN V2.9 ZONAL ALLOCATION,PROJECT STATIC SOLVER MAPPING,STATIC_CANDIDATE; NUMERICAL_COST_EFFICIENCY_AVAILABILITY_PENDING
Slow,2040,2040_SLOW_CALA_WIND_OFFSHORE,CALA,WIND_OFFSHORE,WIND_OFFSHORE,NONE,wind_offshore,480,false,NOT_APPLICABLE_VRE,ZERO_OPERATIONAL_CO2,MC_VRE,PROFILE_WIND_OFFSHORE,SCENARIO_CAPACITY_PACKAGE_V2,FROZEN V2.9 ZONAL ALLOCATION,PROJECT STATIC SOLVER MAPPING,STATIC_CANDIDATE; NUMERICAL_COST_EFFICIENCY_AVAILABILITY_PENDING
Slow,2040,2040_SLOW_SICI_WIND_OFFSHORE,SICI,WIND_OFFSHORE,WIND_OFFSHORE,NONE,wind_offshore,2400,false,NOT_APPLICABLE_VRE,ZERO_OPERATIONAL_CO2,MC_VRE,PROFILE_WIND_OFFSHORE,SCENARIO_CAPACITY_PACKAGE_V2,FROZEN V2.9 ZONAL ALLOCATION,PROJECT STATIC SOLVER MAPPING,STATIC_CANDIDATE; NUMERICAL_COST_EFFICIENCY_AVAILABILITY_PENDING
Slow,2040,2040_SLOW_SARD_WIND_OFFSHORE,SARD,WIND_OFFSHORE,WIND_OFFSHORE,NONE,wind_offshore,2400,false,NOT_APPLICABLE_VRE,ZERO_OPERATIONAL_CO2,MC_VRE,PROFILE_WIND_OFFSHORE,SCENARIO_CAPACITY_PACKAGE_V2,FROZEN V2.9 ZONAL ALLOCATION,PROJECT STATIC SOLVER MAPPING,STATIC_CANDIDATE; NUMERICAL_COST_EFFICIENCY_AVAILABILITY_PENDING
Slow,2040,2040_SLOW_NORD_HYDRO_RUN_OF_RIVER,NORD,HYDRO_RUN_OF_RIVER,RUN_OF_RIVER_TURBINE,WATER_INFLOW,hydro_run_of_river,5228.210866305,false,EFF_HYDRO_TURBINE,ZERO_OPERATIONAL_CO2,MC_HYDRO,PROFILE_HYDRO_ROR_INFLOW,SCENARIO_CAPACITY_PACKAGE_V2,NORD DIRECT CLASS VALUES SCALED 0.006% TO ZONAL NON-PUMPED CONTROL,PROJECT STATIC SOLVER MAPPING,STATIC_CANDIDATE; NUMERICAL_COST_EFFICIENCY_AVAILABILITY_PENDING
Slow,2040,2040_SLOW_CNOR_HYDRO_RUN_OF_RIVER,CNOR,HYDRO_RUN_OF_RIVER,RUN_OF_RIVER_TURBINE,WATER_INFLOW,hydro_run_of_river,209.314034422,false,EFF_HYDRO_TURBINE,ZERO_OPERATIONAL_CO2,MC_HYDRO,PROFILE_HYDRO_ROR_INFLOW,SCENARIO_CAPACITY_PACKAGE_V2,ROR residual allocated using open HDAM programmable-capacity floor; remaining programmable capacity split to basin/reservoir by residual national controls,PROJECT STATIC SOLVER MAPPING,STATIC_CANDIDATE; NUMERICAL_COST_EFFICIENCY_AVAILABILITY_PENDING
Slow,2040,2040_SLOW_CSUD_HYDRO_RUN_OF_RIVER,CSUD,HYDRO_RUN_OF_RIVER,RUN_OF_RIVER_TURBINE,WATER_INFLOW,hydro_run_of_river,579.820027388,false,EFF_HYDRO_TURBINE,ZERO_OPERATIONAL_CO2,MC_HYDRO,PROFILE_HYDRO_ROR_INFLOW,SCENARIO_CAPACITY_PACKAGE_V2,ROR residual allocated using open HDAM programmable-capacity floor; remaining programmable capacity split to basin/reservoir by residual national controls,PROJECT STATIC SOLVER MAPPING,STATIC_CANDIDATE; NUMERICAL_COST_EFFICIENCY_AVAILABILITY_PENDING
Slow,2040,2040_SLOW_SUD_HYDRO_RUN_OF_RIVER,SUD,HYDRO_RUN_OF_RIVER,RUN_OF_RIVER_TURBINE,WATER_INFLOW,hydro_run_of_river,45.411334869,false,EFF_HYDRO_TURBINE,ZERO_OPERATIONAL_CO2,MC_HYDRO,PROFILE_HYDRO_ROR_INFLOW,SCENARIO_CAPACITY_PACKAGE_V2,ROR residual allocated using open HDAM programmable-capacity floor; remaining programmable capacity split to basin/reservoir by residual national controls,PROJECT STATIC SOLVER MAPPING,STATIC_CANDIDATE; NUMERICAL_COST_EFFICIENCY_AVAILABILITY_PENDING
Slow,2040,2040_SLOW_CALA_HYDRO_RUN_OF_RIVER,CALA,HYDRO_RUN_OF_RIVER,RUN_OF_RIVER_TURBINE,WATER_INFLOW,hydro_run_of_river,106.743829899,false,EFF_HYDRO_TURBINE,ZERO_OPERATIONAL_CO2,MC_HYDRO,PROFILE_HYDRO_ROR_INFLOW,SCENARIO_CAPACITY_PACKAGE_V2,ROR residual allocated using open HDAM programmable-capacity floor; remaining programmable capacity split to basin/reservoir by residual national controls,PROJECT STATIC SOLVER MAPPING,STATIC_CANDIDATE; NUMERICAL_COST_EFFICIENCY_AVAILABILITY_PENDING
Slow,2040,2040_SLOW_SICI_HYDRO_RUN_OF_RIVER,SICI,HYDRO_RUN_OF_RIVER,RUN_OF_RIVER_TURBINE,WATER_INFLOW,hydro_run_of_river,31.552391362,false,EFF_HYDRO_TURBINE,ZERO_OPERATIONAL_CO2,MC_HYDRO,PROFILE_HYDRO_ROR_INFLOW,SCENARIO_CAPACITY_PACKAGE_V2,ROR residual allocated using open HDAM programmable-capacity floor; remaining programmable capacity split to basin/reservoir by residual national controls,PROJECT STATIC SOLVER MAPPING,STATIC_CANDIDATE; NUMERICAL_COST_EFFICIENCY_AVAILABILITY_PENDING
Slow,2040,2040_SLOW_SARD_HYDRO_RUN_OF_RIVER,SARD,HYDRO_RUN_OF_RIVER,RUN_OF_RIVER_TURBINE,WATER_INFLOW,hydro_run_of_river,37.947515755,false,EFF_HYDRO_TURBINE,ZERO_OPERATIONAL_CO2,MC_HYDRO,PROFILE_HYDRO_ROR_INFLOW,SCENARIO_CAPACITY_PACKAGE_V2,ROR residual allocated using open HDAM programmable-capacity floor; remaining programmable capacity split to basin/reservoir by residual national controls,PROJECT STATIC SOLVER MAPPING,STATIC_CANDIDATE; NUMERICAL_COST_EFFICIENCY_AVAILABILITY_PENDING
Slow,2040,2040_SLOW_NORD_CCGT,NORD,CCGT,CCGT,METHANE,methane_ccgt,28711.76778384643,false,EFF_METHANE_CCGT,FOSSIL_METHANE_DIRECT_CO2,MC_METHANE_CCGT,AVAIL_THERMAL_CCGT,SCENARIO_CAPACITY_PACKAGE_V2,FROZEN_POST_COAL_OIL_TECHNOLOGY_GEOGRAPHY,PROJECT STATIC SOLVER MAPPING,STATIC_CANDIDATE; NUMERICAL_COST_EFFICIENCY_AVAILABILITY_PENDING
Slow,2040,2040_SLOW_CNOR_CCGT,CNOR,CCGT,CCGT,METHANE,methane_ccgt,1988.712636541676,false,EFF_METHANE_CCGT,FOSSIL_METHANE_DIRECT_CO2,MC_METHANE_CCGT,AVAIL_THERMAL_CCGT,SCENARIO_CAPACITY_PACKAGE_V2,FROZEN_POST_COAL_OIL_TECHNOLOGY_GEOGRAPHY,PROJECT STATIC SOLVER MAPPING,STATIC_CANDIDATE; NUMERICAL_COST_EFFICIENCY_AVAILABILITY_PENDING
Slow,2040,2040_SLOW_CSUD_CCGT,CSUD,CCGT,CCGT,METHANE,methane_ccgt,7876.492633771277,false,EFF_METHANE_CCGT,FOSSIL_METHANE_DIRECT_CO2,MC_METHANE_CCGT,AVAIL_THERMAL_CCGT,SCENARIO_CAPACITY_PACKAGE_V2,FROZEN_POST_COAL_OIL_TECHNOLOGY_GEOGRAPHY,PROJECT STATIC SOLVER MAPPING,STATIC_CANDIDATE; NUMERICAL_COST_EFFICIENCY_AVAILABILITY_PENDING
Slow,2040,2040_SLOW_SUD_CCGT,SUD,CCGT,CCGT,METHANE,methane_ccgt,5503.624706945679,false,EFF_METHANE_CCGT,FOSSIL_METHANE_DIRECT_CO2,MC_METHANE_CCGT,AVAIL_THERMAL_CCGT,SCENARIO_CAPACITY_PACKAGE_V2,FROZEN_POST_COAL_OIL_TECHNOLOGY_GEOGRAPHY,PROJECT STATIC SOLVER MAPPING,STATIC_CANDIDATE; NUMERICAL_COST_EFFICIENCY_AVAILABILITY_PENDING
Slow,2040,2040_SLOW_CALA_CCGT,CALA,CCGT,CCGT,METHANE,methane_ccgt,4024.504123167603,false,EFF_METHANE_CCGT,FOSSIL_METHANE_DIRECT_CO2,MC_METHANE_CCGT,AVAIL_THERMAL_CCGT,SCENARIO_CAPACITY_PACKAGE_V2,FROZEN_POST_COAL_OIL_TECHNOLOGY_GEOGRAPHY,PROJECT STATIC SOLVER MAPPING,STATIC_CANDIDATE; NUMERICAL_COST_EFFICIENCY_AVAILABILITY_PENDING
Slow,2040,2040_SLOW_SICI_CCGT,SICI,CCGT,CCGT,METHANE,methane_ccgt,3772.763698262549,false,EFF_METHANE_CCGT,FOSSIL_METHANE_DIRECT_CO2,MC_METHANE_CCGT,AVAIL_THERMAL_CCGT,SCENARIO_CAPACITY_PACKAGE_V2,FROZEN_POST_COAL_OIL_TECHNOLOGY_GEOGRAPHY,PROJECT STATIC SOLVER MAPPING,STATIC_CANDIDATE; NUMERICAL_COST_EFFICIENCY_AVAILABILITY_PENDING
Slow,2040,2040_SLOW_SARD_CCGT,SARD,CCGT,CCGT,METHANE,methane_ccgt,791.188158417066,false,EFF_METHANE_CCGT,FOSSIL_METHANE_DIRECT_CO2,MC_METHANE_CCGT,AVAIL_THERMAL_CCGT,SCENARIO_CAPACITY_PACKAGE_V2,FROZEN_POST_COAL_OIL_TECHNOLOGY_GEOGRAPHY,PROJECT STATIC SOLVER MAPPING,STATIC_CANDIDATE; NUMERICAL_COST_EFFICIENCY_AVAILABILITY_PENDING
Slow,2040,2040_SLOW_NORD_GT_OCGT,NORD,GT_OCGT,GT_OCGT,METHANE,methane_gt_ocgt,1047.385284801814,false,EFF_METHANE_GT_OCGT,FOSSIL_METHANE_DIRECT_CO2,MC_METHANE_GT_OCGT,AVAIL_THERMAL_GT_OCGT,SCENARIO_CAPACITY_PACKAGE_V2,FROZEN_POST_COAL_OIL_TECHNOLOGY_GEOGRAPHY,PROJECT STATIC SOLVER MAPPING,STATIC_CANDIDATE; NUMERICAL_COST_EFFICIENCY_AVAILABILITY_PENDING
Slow,2040,2040_SLOW_CNOR_GT_OCGT,CNOR,GT_OCGT,GT_OCGT,METHANE,methane_gt_ocgt,596.279280795386,false,EFF_METHANE_GT_OCGT,FOSSIL_METHANE_DIRECT_CO2,MC_METHANE_GT_OCGT,AVAIL_THERMAL_GT_OCGT,SCENARIO_CAPACITY_PACKAGE_V2,FROZEN_POST_COAL_OIL_TECHNOLOGY_GEOGRAPHY,PROJECT STATIC SOLVER MAPPING,STATIC_CANDIDATE; NUMERICAL_COST_EFFICIENCY_AVAILABILITY_PENDING
Slow,2040,2040_SLOW_CSUD_GT_OCGT,CSUD,GT_OCGT,GT_OCGT,METHANE,methane_gt_ocgt,956.659661209113,false,EFF_METHANE_GT_OCGT,FOSSIL_METHANE_DIRECT_CO2,MC_METHANE_GT_OCGT,AVAIL_THERMAL_GT_OCGT,SCENARIO_CAPACITY_PACKAGE_V2,FROZEN_POST_COAL_OIL_TECHNOLOGY_GEOGRAPHY,PROJECT STATIC SOLVER MAPPING,STATIC_CANDIDATE; NUMERICAL_COST_EFFICIENCY_AVAILABILITY_PENDING
Slow,2040,2040_SLOW_SUD_GT_OCGT,SUD,GT_OCGT,GT_OCGT,METHANE,methane_gt_ocgt,318.517291071326,false,EFF_METHANE_GT_OCGT,FOSSIL_METHANE_DIRECT_CO2,MC_METHANE_GT_OCGT,AVAIL_THERMAL_GT_OCGT,SCENARIO_CAPACITY_PACKAGE_V2,FROZEN_POST_COAL_OIL_TECHNOLOGY_GEOGRAPHY,PROJECT STATIC SOLVER MAPPING,STATIC_CANDIDATE; NUMERICAL_COST_EFFICIENCY_AVAILABILITY_PENDING
Slow,2040,2040_SLOW_CALA_GT_OCGT,CALA,GT_OCGT,GT_OCGT,METHANE,methane_gt_ocgt,268.913518698243,false,EFF_METHANE_GT_OCGT,FOSSIL_METHANE_DIRECT_CO2,MC_METHANE_GT_OCGT,AVAIL_THERMAL_GT_OCGT,SCENARIO_CAPACITY_PACKAGE_V2,FROZEN_POST_COAL_OIL_TECHNOLOGY_GEOGRAPHY,PROJECT STATIC SOLVER MAPPING,STATIC_CANDIDATE; NUMERICAL_COST_EFFICIENCY_AVAILABILITY_PENDING
Slow,2040,2040_SLOW_SICI_GT_OCGT,SICI,GT_OCGT,GT_OCGT,METHANE,methane_gt_ocgt,811.553266688307,false,EFF_METHANE_GT_OCGT,FOSSIL_METHANE_DIRECT_CO2,MC_METHANE_GT_OCGT,AVAIL_THERMAL_GT_OCGT,SCENARIO_CAPACITY_PACKAGE_V2,FROZEN_POST_COAL_OIL_TECHNOLOGY_GEOGRAPHY,PROJECT STATIC SOLVER MAPPING,STATIC_CANDIDATE; NUMERICAL_COST_EFFICIENCY_AVAILABILITY_PENDING
Slow,2040,2040_SLOW_SARD_GT_OCGT,SARD,GT_OCGT,GT_OCGT,METHANE,methane_gt_ocgt,172.911757943543,false,EFF_METHANE_GT_OCGT,FOSSIL_METHANE_DIRECT_CO2,MC_METHANE_GT_OCGT,AVAIL_THERMAL_GT_OCGT,SCENARIO_CAPACITY_PACKAGE_V2,FROZEN_POST_COAL_OIL_TECHNOLOGY_GEOGRAPHY,PROJECT STATIC SOLVER MAPPING,STATIC_CANDIDATE; NUMERICAL_COST_EFFICIENCY_AVAILABILITY_PENDING
Slow,2040,2040_SLOW_NORD_INTERNAL_COMBUSTION,NORD,INTERNAL_COMBUSTION,INTERNAL_COMBUSTION,METHANE,methane_internal_combustion,4298.828298221283,false,EFF_METHANE_INTERNAL_COMBUSTION,FOSSIL_METHANE_DIRECT_CO2,MC_METHANE_INTERNAL_COMBUSTION,AVAIL_THERMAL_ENGINE,SCENARIO_CAPACITY_PACKAGE_V2,FROZEN_POST_COAL_OIL_TECHNOLOGY_GEOGRAPHY,PROJECT STATIC SOLVER MAPPING,STATIC_CANDIDATE; NUMERICAL_COST_EFFICIENCY_AVAILABILITY_PENDING
Slow,2040,2040_SLOW_CNOR_INTERNAL_COMBUSTION,CNOR,INTERNAL_COMBUSTION,INTERNAL_COMBUSTION,METHANE,methane_internal_combustion,482.631367933606,false,EFF_METHANE_INTERNAL_COMBUSTION,FOSSIL_METHANE_DIRECT_CO2,MC_METHANE_INTERNAL_COMBUSTION,AVAIL_THERMAL_ENGINE,SCENARIO_CAPACITY_PACKAGE_V2,FROZEN_POST_COAL_OIL_TECHNOLOGY_GEOGRAPHY,PROJECT STATIC SOLVER MAPPING,STATIC_CANDIDATE; NUMERICAL_COST_EFFICIENCY_AVAILABILITY_PENDING
Slow,2040,2040_SLOW_CSUD_INTERNAL_COMBUSTION,CSUD,INTERNAL_COMBUSTION,INTERNAL_COMBUSTION,METHANE,methane_internal_combustion,970.597501644587,false,EFF_METHANE_INTERNAL_COMBUSTION,FOSSIL_METHANE_DIRECT_CO2,MC_METHANE_INTERNAL_COMBUSTION,AVAIL_THERMAL_ENGINE,SCENARIO_CAPACITY_PACKAGE_V2,FROZEN_POST_COAL_OIL_TECHNOLOGY_GEOGRAPHY,PROJECT STATIC SOLVER MAPPING,STATIC_CANDIDATE; NUMERICAL_COST_EFFICIENCY_AVAILABILITY_PENDING
Slow,2040,2040_SLOW_SUD_INTERNAL_COMBUSTION,SUD,INTERNAL_COMBUSTION,INTERNAL_COMBUSTION,METHANE,methane_internal_combustion,544.538319093001,false,EFF_METHANE_INTERNAL_COMBUSTION,FOSSIL_METHANE_DIRECT_CO2,MC_METHANE_INTERNAL_COMBUSTION,AVAIL_THERMAL_ENGINE,SCENARIO_CAPACITY_PACKAGE_V2,FROZEN_POST_COAL_OIL_TECHNOLOGY_GEOGRAPHY,PROJECT STATIC SOLVER MAPPING,STATIC_CANDIDATE; NUMERICAL_COST_EFFICIENCY_AVAILABILITY_PENDING
Slow,2040,2040_SLOW_CALA_INTERNAL_COMBUSTION,CALA,INTERNAL_COMBUSTION,INTERNAL_COMBUSTION,METHANE,methane_internal_combustion,47.518456572495,false,EFF_METHANE_INTERNAL_COMBUSTION,FOSSIL_METHANE_DIRECT_CO2,MC_METHANE_INTERNAL_COMBUSTION,AVAIL_THERMAL_ENGINE,SCENARIO_CAPACITY_PACKAGE_V2,FROZEN_POST_COAL_OIL_TECHNOLOGY_GEOGRAPHY,PROJECT STATIC SOLVER MAPPING,STATIC_CANDIDATE; NUMERICAL_COST_EFFICIENCY_AVAILABILITY_PENDING
Slow,2040,2040_SLOW_SICI_INTERNAL_COMBUSTION,SICI,INTERNAL_COMBUSTION,INTERNAL_COMBUSTION,METHANE,methane_internal_combustion,256.970273027011,false,EFF_METHANE_INTERNAL_COMBUSTION,FOSSIL_METHANE_DIRECT_CO2,MC_METHANE_INTERNAL_COMBUSTION,AVAIL_THERMAL_ENGINE,SCENARIO_CAPACITY_PACKAGE_V2,FROZEN_POST_COAL_OIL_TECHNOLOGY_GEOGRAPHY,PROJECT STATIC SOLVER MAPPING,STATIC_CANDIDATE; NUMERICAL_COST_EFFICIENCY_AVAILABILITY_PENDING
Slow,2040,2040_SLOW_SARD_INTERNAL_COMBUSTION,SARD,INTERNAL_COMBUSTION,INTERNAL_COMBUSTION,METHANE,methane_internal_combustion,27.781155776999,false,EFF_METHANE_INTERNAL_COMBUSTION,FOSSIL_METHANE_DIRECT_CO2,MC_METHANE_INTERNAL_COMBUSTION,AVAIL_THERMAL_ENGINE,SCENARIO_CAPACITY_PACKAGE_V2,FROZEN_POST_COAL_OIL_TECHNOLOGY_GEOGRAPHY,PROJECT STATIC SOLVER MAPPING,STATIC_CANDIDATE; NUMERICAL_COST_EFFICIENCY_AVAILABILITY_PENDING
Slow,2040,2040_SLOW_NORD_STEAM_OTHER_SURVIVING,NORD,STEAM_OTHER_SURVIVING,STEAM_OTHER,METHANE,methane_steam_other,1975.224037250202,false,EFF_METHANE_STEAM_OTHER,FOSSIL_METHANE_DIRECT_CO2,MC_METHANE_STEAM_OTHER,AVAIL_THERMAL_STEAM,SCENARIO_CAPACITY_PACKAGE_V2,FROZEN_POST_COAL_OIL_TECHNOLOGY_GEOGRAPHY,PROJECT STATIC SOLVER MAPPING,STATIC_CANDIDATE; NUMERICAL_COST_EFFICIENCY_AVAILABILITY_PENDING
Slow,2040,2040_SLOW_CNOR_STEAM_OTHER_SURVIVING,CNOR,STEAM_OTHER_SURVIVING,STEAM_OTHER,METHANE,methane_steam_other,63.044779690585,false,EFF_METHANE_STEAM_OTHER,FOSSIL_METHANE_DIRECT_CO2,MC_METHANE_STEAM_OTHER,AVAIL_THERMAL_STEAM,SCENARIO_CAPACITY_PACKAGE_V2,FROZEN_POST_COAL_OIL_TECHNOLOGY_GEOGRAPHY,PROJECT STATIC SOLVER MAPPING,STATIC_CANDIDATE; NUMERICAL_COST_EFFICIENCY_AVAILABILITY_PENDING
Slow,2040,2040_SLOW_CSUD_STEAM_OTHER_SURVIVING,CSUD,STEAM_OTHER_SURVIVING,STEAM_OTHER,METHANE,methane_steam_other,222.599680705081,false,EFF_METHANE_STEAM_OTHER,FOSSIL_METHANE_DIRECT_CO2,MC_METHANE_STEAM_OTHER,AVAIL_THERMAL_STEAM,SCENARIO_CAPACITY_PACKAGE_V2,FROZEN_POST_COAL_OIL_TECHNOLOGY_GEOGRAPHY,PROJECT STATIC SOLVER MAPPING,STATIC_CANDIDATE; NUMERICAL_COST_EFFICIENCY_AVAILABILITY_PENDING
Slow,2040,2040_SLOW_SUD_STEAM_OTHER_SURVIVING,SUD,STEAM_OTHER_SURVIVING,STEAM_OTHER,METHANE,methane_steam_other,674.967963599246,false,EFF_METHANE_STEAM_OTHER,FOSSIL_METHANE_DIRECT_CO2,MC_METHANE_STEAM_OTHER,AVAIL_THERMAL_STEAM,SCENARIO_CAPACITY_PACKAGE_V2,FROZEN_POST_COAL_OIL_TECHNOLOGY_GEOGRAPHY,PROJECT STATIC SOLVER MAPPING,STATIC_CANDIDATE; NUMERICAL_COST_EFFICIENCY_AVAILABILITY_PENDING
Slow,2040,2040_SLOW_CALA_STEAM_OTHER_SURVIVING,CALA,STEAM_OTHER_SURVIVING,STEAM_OTHER,METHANE,methane_steam_other,179.976932372605,false,EFF_METHANE_STEAM_OTHER,FOSSIL_METHANE_DIRECT_CO2,MC_METHANE_STEAM_OTHER,AVAIL_THERMAL_STEAM,SCENARIO_CAPACITY_PACKAGE_V2,FROZEN_POST_COAL_OIL_TECHNOLOGY_GEOGRAPHY,PROJECT STATIC SOLVER MAPPING,STATIC_CANDIDATE; NUMERICAL_COST_EFFICIENCY_AVAILABILITY_PENDING
Slow,2040,2040_SLOW_SICI_STEAM_OTHER_SURVIVING,SICI,STEAM_OTHER_SURVIVING,STEAM_OTHER,METHANE,methane_steam_other,177.321007768596,false,EFF_METHANE_STEAM_OTHER,FOSSIL_METHANE_DIRECT_CO2,MC_METHANE_STEAM_OTHER,AVAIL_THERMAL_STEAM,SCENARIO_CAPACITY_PACKAGE_V2,FROZEN_POST_COAL_OIL_TECHNOLOGY_GEOGRAPHY,PROJECT STATIC SOLVER MAPPING,STATIC_CANDIDATE; NUMERICAL_COST_EFFICIENCY_AVAILABILITY_PENDING
Slow,2040,2040_SLOW_SARD_STEAM_OTHER_SURVIVING,SARD,STEAM_OTHER_SURVIVING,STEAM_OTHER,METHANE,methane_steam_other,306.849205645086,false,EFF_METHANE_STEAM_OTHER,FOSSIL_METHANE_DIRECT_CO2,MC_METHANE_STEAM_OTHER,AVAIL_THERMAL_STEAM,SCENARIO_CAPACITY_PACKAGE_V2,FROZEN_POST_COAL_OIL_TECHNOLOGY_GEOGRAPHY,PROJECT STATIC SOLVER MAPPING,STATIC_CANDIDATE; NUMERICAL_COST_EFFICIENCY_AVAILABILITY_PENDING
Slow,2040,2040_SLOW_NORD_OTHER_SURVIVING_THERMAL,NORD,OTHER_SURVIVING_THERMAL,OTHER_THERMAL,METHANE,methane_other_thermal,66.104825658308,false,EFF_METHANE_OTHER_THERMAL,FOSSIL_METHANE_DIRECT_CO2,MC_METHANE_OTHER_THERMAL,AVAIL_THERMAL_OTHER,SCENARIO_CAPACITY_PACKAGE_V2,FROZEN_POST_COAL_OIL_TECHNOLOGY_GEOGRAPHY,PROJECT STATIC SOLVER MAPPING,STATIC_CANDIDATE; NUMERICAL_COST_EFFICIENCY_AVAILABILITY_PENDING
Slow,2040,2040_SLOW_CNOR_OTHER_SURVIVING_THERMAL,CNOR,OTHER_SURVIVING_THERMAL,OTHER_THERMAL,METHANE,methane_other_thermal,42.722898691444,false,EFF_METHANE_OTHER_THERMAL,FOSSIL_METHANE_DIRECT_CO2,MC_METHANE_OTHER_THERMAL,AVAIL_THERMAL_OTHER,SCENARIO_CAPACITY_PACKAGE_V2,FROZEN_POST_COAL_OIL_TECHNOLOGY_GEOGRAPHY,PROJECT STATIC SOLVER MAPPING,STATIC_CANDIDATE; NUMERICAL_COST_EFFICIENCY_AVAILABILITY_PENDING
Slow,2040,2040_SLOW_CSUD_OTHER_SURVIVING_THERMAL,CSUD,OTHER_SURVIVING_THERMAL,OTHER_THERMAL,METHANE,methane_other_thermal,38.636148728709,false,EFF_METHANE_OTHER_THERMAL,FOSSIL_METHANE_DIRECT_CO2,MC_METHANE_OTHER_THERMAL,AVAIL_THERMAL_OTHER,SCENARIO_CAPACITY_PACKAGE_V2,FROZEN_POST_COAL_OIL_TECHNOLOGY_GEOGRAPHY,PROJECT STATIC SOLVER MAPPING,STATIC_CANDIDATE; NUMERICAL_COST_EFFICIENCY_AVAILABILITY_PENDING
Slow,2040,2040_SLOW_SUD_OTHER_SURVIVING_THERMAL,SUD,OTHER_SURVIVING_THERMAL,OTHER_THERMAL,METHANE,methane_other_thermal,149.533199977574,false,EFF_METHANE_OTHER_THERMAL,FOSSIL_METHANE_DIRECT_CO2,MC_METHANE_OTHER_THERMAL,AVAIL_THERMAL_OTHER,SCENARIO_CAPACITY_PACKAGE_V2,FROZEN_POST_COAL_OIL_TECHNOLOGY_GEOGRAPHY,PROJECT STATIC SOLVER MAPPING,STATIC_CANDIDATE; NUMERICAL_COST_EFFICIENCY_AVAILABILITY_PENDING
Slow,2040,2040_SLOW_SICI_OTHER_SURVIVING_THERMAL,SICI,OTHER_SURVIVING_THERMAL,OTHER_THERMAL,METHANE,methane_other_thermal,27.711775353915,false,EFF_METHANE_OTHER_THERMAL,FOSSIL_METHANE_DIRECT_CO2,MC_METHANE_OTHER_THERMAL,AVAIL_THERMAL_OTHER,SCENARIO_CAPACITY_PACKAGE_V2,FROZEN_POST_COAL_OIL_TECHNOLOGY_GEOGRAPHY,PROJECT STATIC SOLVER MAPPING,STATIC_CANDIDATE; NUMERICAL_COST_EFFICIENCY_AVAILABILITY_PENDING
Slow,2040,2040_SLOW_SARD_OTHER_SURVIVING_THERMAL,SARD,OTHER_SURVIVING_THERMAL,OTHER_THERMAL,METHANE,methane_other_thermal,35.440113192656,false,EFF_METHANE_OTHER_THERMAL,FOSSIL_METHANE_DIRECT_CO2,MC_METHANE_OTHER_THERMAL,AVAIL_THERMAL_OTHER,SCENARIO_CAPACITY_PACKAGE_V2,FROZEN_POST_COAL_OIL_TECHNOLOGY_GEOGRAPHY,PROJECT STATIC SOLVER MAPPING,STATIC_CANDIDATE; NUMERICAL_COST_EFFICIENCY_AVAILABILITY_PENDING
Slow,2040,2040_SLOW_CNOR_GEOTHERMAL,CNOR,GEOTHERMAL,GEOTHERMAL,GEOTHERMAL,geothermal,783.053667913,false,EFF_NOT_APPLICABLE_GEOTHERMAL,ZERO_OPERATIONAL_FOSSIL_CO2,MC_GEOTHERMAL,AVAIL_GEOTHERMAL,SCENARIO_CAPACITY_PACKAGE_V2,FROZEN_POST_COAL_OIL_TECHNOLOGY_GEOGRAPHY,PROJECT STATIC SOLVER MAPPING,STATIC_CANDIDATE; NUMERICAL_COST_EFFICIENCY_AVAILABILITY_PENDING
Base,2040,2040_BASE_NORD_SOLAR_PV_ROOFTOP,NORD,SOLAR_PV_ROOFTOP,SOLAR_PV_ROOFTOP,NONE,solar_pv_rooftop,25100,false,NOT_APPLICABLE_VRE,ZERO_OPERATIONAL_CO2,MC_VRE,PROFILE_SOLAR_PV_ROOFTOP,SCENARIO_CAPACITY_PACKAGE_V2,FROZEN V2.9 ZONAL ALLOCATION,PROJECT STATIC SOLVER MAPPING,STATIC_CANDIDATE; NUMERICAL_COST_EFFICIENCY_AVAILABILITY_PENDING
Base,2040,2040_BASE_CNOR_SOLAR_PV_ROOFTOP,CNOR,SOLAR_PV_ROOFTOP,SOLAR_PV_ROOFTOP,NONE,solar_pv_rooftop,3300,false,NOT_APPLICABLE_VRE,ZERO_OPERATIONAL_CO2,MC_VRE,PROFILE_SOLAR_PV_ROOFTOP,SCENARIO_CAPACITY_PACKAGE_V2,FROZEN V2.9 ZONAL ALLOCATION,PROJECT STATIC SOLVER MAPPING,STATIC_CANDIDATE; NUMERICAL_COST_EFFICIENCY_AVAILABILITY_PENDING
Base,2040,2040_BASE_CSUD_SOLAR_PV_ROOFTOP,CSUD,SOLAR_PV_ROOFTOP,SOLAR_PV_ROOFTOP,NONE,solar_pv_rooftop,5500,false,NOT_APPLICABLE_VRE,ZERO_OPERATIONAL_CO2,MC_VRE,PROFILE_SOLAR_PV_ROOFTOP,SCENARIO_CAPACITY_PACKAGE_V2,FROZEN V2.9 ZONAL ALLOCATION,PROJECT STATIC SOLVER MAPPING,STATIC_CANDIDATE; NUMERICAL_COST_EFFICIENCY_AVAILABILITY_PENDING
Base,2040,2040_BASE_SUD_SOLAR_PV_ROOFTOP,SUD,SOLAR_PV_ROOFTOP,SOLAR_PV_ROOFTOP,NONE,solar_pv_rooftop,1700,false,NOT_APPLICABLE_VRE,ZERO_OPERATIONAL_CO2,MC_VRE,PROFILE_SOLAR_PV_ROOFTOP,SCENARIO_CAPACITY_PACKAGE_V2,FROZEN V2.9 ZONAL ALLOCATION,PROJECT STATIC SOLVER MAPPING,STATIC_CANDIDATE; NUMERICAL_COST_EFFICIENCY_AVAILABILITY_PENDING
Base,2040,2040_BASE_CALA_SOLAR_PV_ROOFTOP,CALA,SOLAR_PV_ROOFTOP,SOLAR_PV_ROOFTOP,NONE,solar_pv_rooftop,1100,false,NOT_APPLICABLE_VRE,ZERO_OPERATIONAL_CO2,MC_VRE,PROFILE_SOLAR_PV_ROOFTOP,SCENARIO_CAPACITY_PACKAGE_V2,FROZEN V2.9 ZONAL ALLOCATION,PROJECT STATIC SOLVER MAPPING,STATIC_CANDIDATE; NUMERICAL_COST_EFFICIENCY_AVAILABILITY_PENDING
Base,2040,2040_BASE_SICI_SOLAR_PV_ROOFTOP,SICI,SOLAR_PV_ROOFTOP,SOLAR_PV_ROOFTOP,NONE,solar_pv_rooftop,3300,false,NOT_APPLICABLE_VRE,ZERO_OPERATIONAL_CO2,MC_VRE,PROFILE_SOLAR_PV_ROOFTOP,SCENARIO_CAPACITY_PACKAGE_V2,FROZEN V2.9 ZONAL ALLOCATION,PROJECT STATIC SOLVER MAPPING,STATIC_CANDIDATE; NUMERICAL_COST_EFFICIENCY_AVAILABILITY_PENDING
Base,2040,2040_BASE_SARD_SOLAR_PV_ROOFTOP,SARD,SOLAR_PV_ROOFTOP,SOLAR_PV_ROOFTOP,NONE,solar_pv_rooftop,1700,false,NOT_APPLICABLE_VRE,ZERO_OPERATIONAL_CO2,MC_VRE,PROFILE_SOLAR_PV_ROOFTOP,SCENARIO_CAPACITY_PACKAGE_V2,FROZEN V2.9 ZONAL ALLOCATION,PROJECT STATIC SOLVER MAPPING,STATIC_CANDIDATE; NUMERICAL_COST_EFFICIENCY_AVAILABILITY_PENDING
Base,2040,2040_BASE_NORD_SOLAR_PV_UTILITY,NORD,SOLAR_PV_UTILITY,SOLAR_PV_UTILITY,NONE,solar_pv_utility,17300,false,NOT_APPLICABLE_VRE,ZERO_OPERATIONAL_CO2,MC_VRE,PROFILE_SOLAR_PV_UTILITY,SCENARIO_CAPACITY_PACKAGE_V2,FROZEN V2.9 ZONAL ALLOCATION,PROJECT STATIC SOLVER MAPPING,STATIC_CANDIDATE; NUMERICAL_COST_EFFICIENCY_AVAILABILITY_PENDING
Base,2040,2040_BASE_CNOR_SOLAR_PV_UTILITY,CNOR,SOLAR_PV_UTILITY,SOLAR_PV_UTILITY,NONE,solar_pv_utility,6300,false,NOT_APPLICABLE_VRE,ZERO_OPERATIONAL_CO2,MC_VRE,PROFILE_SOLAR_PV_UTILITY,SCENARIO_CAPACITY_PACKAGE_V2,FROZEN V2.9 ZONAL ALLOCATION,PROJECT STATIC SOLVER MAPPING,STATIC_CANDIDATE; NUMERICAL_COST_EFFICIENCY_AVAILABILITY_PENDING
Base,2040,2040_BASE_CSUD_SOLAR_PV_UTILITY,CSUD,SOLAR_PV_UTILITY,SOLAR_PV_UTILITY,NONE,solar_pv_utility,14600,false,NOT_APPLICABLE_VRE,ZERO_OPERATIONAL_CO2,MC_VRE,PROFILE_SOLAR_PV_UTILITY,SCENARIO_CAPACITY_PACKAGE_V2,FROZEN V2.9 ZONAL ALLOCATION,PROJECT STATIC SOLVER MAPPING,STATIC_CANDIDATE; NUMERICAL_COST_EFFICIENCY_AVAILABILITY_PENDING
Base,2040,2040_BASE_SUD_SOLAR_PV_UTILITY,SUD,SOLAR_PV_UTILITY,SOLAR_PV_UTILITY,NONE,solar_pv_utility,19300,false,NOT_APPLICABLE_VRE,ZERO_OPERATIONAL_CO2,MC_VRE,PROFILE_SOLAR_PV_UTILITY,SCENARIO_CAPACITY_PACKAGE_V2,FROZEN V2.9 ZONAL ALLOCATION,PROJECT STATIC SOLVER MAPPING,STATIC_CANDIDATE; NUMERICAL_COST_EFFICIENCY_AVAILABILITY_PENDING
Base,2040,2040_BASE_CALA_SOLAR_PV_UTILITY,CALA,SOLAR_PV_UTILITY,SOLAR_PV_UTILITY,NONE,solar_pv_utility,2500,false,NOT_APPLICABLE_VRE,ZERO_OPERATIONAL_CO2,MC_VRE,PROFILE_SOLAR_PV_UTILITY,SCENARIO_CAPACITY_PACKAGE_V2,FROZEN V2.9 ZONAL ALLOCATION,PROJECT STATIC SOLVER MAPPING,STATIC_CANDIDATE; NUMERICAL_COST_EFFICIENCY_AVAILABILITY_PENDING
Base,2040,2040_BASE_SICI_SOLAR_PV_UTILITY,SICI,SOLAR_PV_UTILITY,SOLAR_PV_UTILITY,NONE,solar_pv_utility,11500,false,NOT_APPLICABLE_VRE,ZERO_OPERATIONAL_CO2,MC_VRE,PROFILE_SOLAR_PV_UTILITY,SCENARIO_CAPACITY_PACKAGE_V2,FROZEN V2.9 ZONAL ALLOCATION,PROJECT STATIC SOLVER MAPPING,STATIC_CANDIDATE; NUMERICAL_COST_EFFICIENCY_AVAILABILITY_PENDING
Base,2040,2040_BASE_SARD_SOLAR_PV_UTILITY,SARD,SOLAR_PV_UTILITY,SOLAR_PV_UTILITY,NONE,solar_pv_utility,7700,false,NOT_APPLICABLE_VRE,ZERO_OPERATIONAL_CO2,MC_VRE,PROFILE_SOLAR_PV_UTILITY,SCENARIO_CAPACITY_PACKAGE_V2,FROZEN V2.9 ZONAL ALLOCATION,PROJECT STATIC SOLVER MAPPING,STATIC_CANDIDATE; NUMERICAL_COST_EFFICIENCY_AVAILABILITY_PENDING
Base,2040,2040_BASE_NORD_WIND_ONSHORE,NORD,WIND_ONSHORE,WIND_ONSHORE,NONE,wind_onshore,600,false,NOT_APPLICABLE_VRE,ZERO_OPERATIONAL_CO2,MC_VRE,PROFILE_WIND_ONSHORE,SCENARIO_CAPACITY_PACKAGE_V2,FROZEN V2.9 ZONAL ALLOCATION,PROJECT STATIC SOLVER MAPPING,STATIC_CANDIDATE; NUMERICAL_COST_EFFICIENCY_AVAILABILITY_PENDING
Base,2040,2040_BASE_CNOR_WIND_ONSHORE,CNOR,WIND_ONSHORE,WIND_ONSHORE,NONE,wind_onshore,400,false,NOT_APPLICABLE_VRE,ZERO_OPERATIONAL_CO2,MC_VRE,PROFILE_WIND_ONSHORE,SCENARIO_CAPACITY_PACKAGE_V2,FROZEN V2.9 ZONAL ALLOCATION,PROJECT STATIC SOLVER MAPPING,STATIC_CANDIDATE; NUMERICAL_COST_EFFICIENCY_AVAILABILITY_PENDING
Base,2040,2040_BASE_CSUD_WIND_ONSHORE,CSUD,WIND_ONSHORE,WIND_ONSHORE,NONE,wind_onshore,6800,false,NOT_APPLICABLE_VRE,ZERO_OPERATIONAL_CO2,MC_VRE,PROFILE_WIND_ONSHORE,SCENARIO_CAPACITY_PACKAGE_V2,FROZEN V2.9 ZONAL ALLOCATION,PROJECT STATIC SOLVER MAPPING,STATIC_CANDIDATE; NUMERICAL_COST_EFFICIENCY_AVAILABILITY_PENDING
Base,2040,2040_BASE_SUD_WIND_ONSHORE,SUD,WIND_ONSHORE,WIND_ONSHORE,NONE,wind_onshore,13200,false,NOT_APPLICABLE_VRE,ZERO_OPERATIONAL_CO2,MC_VRE,PROFILE_WIND_ONSHORE,SCENARIO_CAPACITY_PACKAGE_V2,FROZEN V2.9 ZONAL ALLOCATION,PROJECT STATIC SOLVER MAPPING,STATIC_CANDIDATE; NUMERICAL_COST_EFFICIENCY_AVAILABILITY_PENDING
Base,2040,2040_BASE_CALA_WIND_ONSHORE,CALA,WIND_ONSHORE,WIND_ONSHORE,NONE,wind_onshore,3300,false,NOT_APPLICABLE_VRE,ZERO_OPERATIONAL_CO2,MC_VRE,PROFILE_WIND_ONSHORE,SCENARIO_CAPACITY_PACKAGE_V2,FROZEN V2.9 ZONAL ALLOCATION,PROJECT STATIC SOLVER MAPPING,STATIC_CANDIDATE; NUMERICAL_COST_EFFICIENCY_AVAILABILITY_PENDING
Base,2040,2040_BASE_SICI_WIND_ONSHORE,SICI,WIND_ONSHORE,WIND_ONSHORE,NONE,wind_onshore,6300,false,NOT_APPLICABLE_VRE,ZERO_OPERATIONAL_CO2,MC_VRE,PROFILE_WIND_ONSHORE,SCENARIO_CAPACITY_PACKAGE_V2,FROZEN V2.9 ZONAL ALLOCATION,PROJECT STATIC SOLVER MAPPING,STATIC_CANDIDATE; NUMERICAL_COST_EFFICIENCY_AVAILABILITY_PENDING
Base,2040,2040_BASE_SARD_WIND_ONSHORE,SARD,WIND_ONSHORE,WIND_ONSHORE,NONE,wind_onshore,3500,false,NOT_APPLICABLE_VRE,ZERO_OPERATIONAL_CO2,MC_VRE,PROFILE_WIND_ONSHORE,SCENARIO_CAPACITY_PACKAGE_V2,FROZEN V2.9 ZONAL ALLOCATION,PROJECT STATIC SOLVER MAPPING,STATIC_CANDIDATE; NUMERICAL_COST_EFFICIENCY_AVAILABILITY_PENDING
Base,2040,2040_BASE_NORD_WIND_OFFSHORE,NORD,WIND_OFFSHORE,WIND_OFFSHORE,NONE,wind_offshore,1500,false,NOT_APPLICABLE_VRE,ZERO_OPERATIONAL_CO2,MC_VRE,PROFILE_WIND_OFFSHORE,SCENARIO_CAPACITY_PACKAGE_V2,FROZEN V2.9 ZONAL ALLOCATION,PROJECT STATIC SOLVER MAPPING,STATIC_CANDIDATE; NUMERICAL_COST_EFFICIENCY_AVAILABILITY_PENDING
Base,2040,2040_BASE_CNOR_WIND_OFFSHORE,CNOR,WIND_OFFSHORE,WIND_OFFSHORE,NONE,wind_offshore,800,false,NOT_APPLICABLE_VRE,ZERO_OPERATIONAL_CO2,MC_VRE,PROFILE_WIND_OFFSHORE,SCENARIO_CAPACITY_PACKAGE_V2,FROZEN V2.9 ZONAL ALLOCATION,PROJECT STATIC SOLVER MAPPING,STATIC_CANDIDATE; NUMERICAL_COST_EFFICIENCY_AVAILABILITY_PENDING
Base,2040,2040_BASE_CSUD_WIND_OFFSHORE,CSUD,WIND_OFFSHORE,WIND_OFFSHORE,NONE,wind_offshore,1600,false,NOT_APPLICABLE_VRE,ZERO_OPERATIONAL_CO2,MC_VRE,PROFILE_WIND_OFFSHORE,SCENARIO_CAPACITY_PACKAGE_V2,FROZEN V2.9 ZONAL ALLOCATION,PROJECT STATIC SOLVER MAPPING,STATIC_CANDIDATE; NUMERICAL_COST_EFFICIENCY_AVAILABILITY_PENDING
Base,2040,2040_BASE_SUD_WIND_OFFSHORE,SUD,WIND_OFFSHORE,WIND_OFFSHORE,NONE,wind_offshore,4700,false,NOT_APPLICABLE_VRE,ZERO_OPERATIONAL_CO2,MC_VRE,PROFILE_WIND_OFFSHORE,SCENARIO_CAPACITY_PACKAGE_V2,FROZEN V2.9 ZONAL ALLOCATION,PROJECT STATIC SOLVER MAPPING,STATIC_CANDIDATE; NUMERICAL_COST_EFFICIENCY_AVAILABILITY_PENDING
Base,2040,2040_BASE_CALA_WIND_OFFSHORE,CALA,WIND_OFFSHORE,WIND_OFFSHORE,NONE,wind_offshore,600,false,NOT_APPLICABLE_VRE,ZERO_OPERATIONAL_CO2,MC_VRE,PROFILE_WIND_OFFSHORE,SCENARIO_CAPACITY_PACKAGE_V2,FROZEN V2.9 ZONAL ALLOCATION,PROJECT STATIC SOLVER MAPPING,STATIC_CANDIDATE; NUMERICAL_COST_EFFICIENCY_AVAILABILITY_PENDING
Base,2040,2040_BASE_SICI_WIND_OFFSHORE,SICI,WIND_OFFSHORE,WIND_OFFSHORE,NONE,wind_offshore,3000,false,NOT_APPLICABLE_VRE,ZERO_OPERATIONAL_CO2,MC_VRE,PROFILE_WIND_OFFSHORE,SCENARIO_CAPACITY_PACKAGE_V2,FROZEN V2.9 ZONAL ALLOCATION,PROJECT STATIC SOLVER MAPPING,STATIC_CANDIDATE; NUMERICAL_COST_EFFICIENCY_AVAILABILITY_PENDING
Base,2040,2040_BASE_SARD_WIND_OFFSHORE,SARD,WIND_OFFSHORE,WIND_OFFSHORE,NONE,wind_offshore,3000,false,NOT_APPLICABLE_VRE,ZERO_OPERATIONAL_CO2,MC_VRE,PROFILE_WIND_OFFSHORE,SCENARIO_CAPACITY_PACKAGE_V2,FROZEN V2.9 ZONAL ALLOCATION,PROJECT STATIC SOLVER MAPPING,STATIC_CANDIDATE; NUMERICAL_COST_EFFICIENCY_AVAILABILITY_PENDING
Base,2040,2040_BASE_NORD_HYDRO_RUN_OF_RIVER,NORD,HYDRO_RUN_OF_RIVER,RUN_OF_RIVER_TURBINE,WATER_INFLOW,hydro_run_of_river,5228.210866305,false,EFF_HYDRO_TURBINE,ZERO_OPERATIONAL_CO2,MC_HYDRO,PROFILE_HYDRO_ROR_INFLOW,SCENARIO_CAPACITY_PACKAGE_V2,NORD DIRECT CLASS VALUES SCALED 0.006% TO ZONAL NON-PUMPED CONTROL,PROJECT STATIC SOLVER MAPPING,STATIC_CANDIDATE; NUMERICAL_COST_EFFICIENCY_AVAILABILITY_PENDING
Base,2040,2040_BASE_CNOR_HYDRO_RUN_OF_RIVER,CNOR,HYDRO_RUN_OF_RIVER,RUN_OF_RIVER_TURBINE,WATER_INFLOW,hydro_run_of_river,209.314034422,false,EFF_HYDRO_TURBINE,ZERO_OPERATIONAL_CO2,MC_HYDRO,PROFILE_HYDRO_ROR_INFLOW,SCENARIO_CAPACITY_PACKAGE_V2,ROR residual allocated using open HDAM programmable-capacity floor; remaining programmable capacity split to basin/reservoir by residual national controls,PROJECT STATIC SOLVER MAPPING,STATIC_CANDIDATE; NUMERICAL_COST_EFFICIENCY_AVAILABILITY_PENDING
Base,2040,2040_BASE_CSUD_HYDRO_RUN_OF_RIVER,CSUD,HYDRO_RUN_OF_RIVER,RUN_OF_RIVER_TURBINE,WATER_INFLOW,hydro_run_of_river,579.820027388,false,EFF_HYDRO_TURBINE,ZERO_OPERATIONAL_CO2,MC_HYDRO,PROFILE_HYDRO_ROR_INFLOW,SCENARIO_CAPACITY_PACKAGE_V2,ROR residual allocated using open HDAM programmable-capacity floor; remaining programmable capacity split to basin/reservoir by residual national controls,PROJECT STATIC SOLVER MAPPING,STATIC_CANDIDATE; NUMERICAL_COST_EFFICIENCY_AVAILABILITY_PENDING
Base,2040,2040_BASE_SUD_HYDRO_RUN_OF_RIVER,SUD,HYDRO_RUN_OF_RIVER,RUN_OF_RIVER_TURBINE,WATER_INFLOW,hydro_run_of_river,45.411334869,false,EFF_HYDRO_TURBINE,ZERO_OPERATIONAL_CO2,MC_HYDRO,PROFILE_HYDRO_ROR_INFLOW,SCENARIO_CAPACITY_PACKAGE_V2,ROR residual allocated using open HDAM programmable-capacity floor; remaining programmable capacity split to basin/reservoir by residual national controls,PROJECT STATIC SOLVER MAPPING,STATIC_CANDIDATE; NUMERICAL_COST_EFFICIENCY_AVAILABILITY_PENDING
Base,2040,2040_BASE_CALA_HYDRO_RUN_OF_RIVER,CALA,HYDRO_RUN_OF_RIVER,RUN_OF_RIVER_TURBINE,WATER_INFLOW,hydro_run_of_river,106.743829899,false,EFF_HYDRO_TURBINE,ZERO_OPERATIONAL_CO2,MC_HYDRO,PROFILE_HYDRO_ROR_INFLOW,SCENARIO_CAPACITY_PACKAGE_V2,ROR residual allocated using open HDAM programmable-capacity floor; remaining programmable capacity split to basin/reservoir by residual national controls,PROJECT STATIC SOLVER MAPPING,STATIC_CANDIDATE; NUMERICAL_COST_EFFICIENCY_AVAILABILITY_PENDING
Base,2040,2040_BASE_SICI_HYDRO_RUN_OF_RIVER,SICI,HYDRO_RUN_OF_RIVER,RUN_OF_RIVER_TURBINE,WATER_INFLOW,hydro_run_of_river,31.552391362,false,EFF_HYDRO_TURBINE,ZERO_OPERATIONAL_CO2,MC_HYDRO,PROFILE_HYDRO_ROR_INFLOW,SCENARIO_CAPACITY_PACKAGE_V2,ROR residual allocated using open HDAM programmable-capacity floor; remaining programmable capacity split to basin/reservoir by residual national controls,PROJECT STATIC SOLVER MAPPING,STATIC_CANDIDATE; NUMERICAL_COST_EFFICIENCY_AVAILABILITY_PENDING
Base,2040,2040_BASE_SARD_HYDRO_RUN_OF_RIVER,SARD,HYDRO_RUN_OF_RIVER,RUN_OF_RIVER_TURBINE,WATER_INFLOW,hydro_run_of_river,37.947515755,false,EFF_HYDRO_TURBINE,ZERO_OPERATIONAL_CO2,MC_HYDRO,PROFILE_HYDRO_ROR_INFLOW,SCENARIO_CAPACITY_PACKAGE_V2,ROR residual allocated using open HDAM programmable-capacity floor; remaining programmable capacity split to basin/reservoir by residual national controls,PROJECT STATIC SOLVER MAPPING,STATIC_CANDIDATE; NUMERICAL_COST_EFFICIENCY_AVAILABILITY_PENDING
Base,2040,2040_BASE_NORD_CCGT,NORD,CCGT,CCGT,METHANE,methane_ccgt,23085.542039157,false,EFF_METHANE_CCGT,FOSSIL_METHANE_DIRECT_CO2,MC_METHANE_CCGT,AVAIL_THERMAL_CCGT,SCENARIO_CAPACITY_PACKAGE_V2,POST_COAL_OIL TECHNOLOGY GEOGRAPHY,PROJECT STATIC SOLVER MAPPING,STATIC_CANDIDATE; NUMERICAL_COST_EFFICIENCY_AVAILABILITY_PENDING
Base,2040,2040_BASE_CNOR_CCGT,CNOR,CCGT,CCGT,METHANE,methane_ccgt,1599.013669946,false,EFF_METHANE_CCGT,FOSSIL_METHANE_DIRECT_CO2,MC_METHANE_CCGT,AVAIL_THERMAL_CCGT,SCENARIO_CAPACITY_PACKAGE_V2,POST_COAL_OIL TECHNOLOGY GEOGRAPHY,PROJECT STATIC SOLVER MAPPING,STATIC_CANDIDATE; NUMERICAL_COST_EFFICIENCY_AVAILABILITY_PENDING
Base,2040,2040_BASE_CSUD_CCGT,CSUD,CCGT,CCGT,METHANE,methane_ccgt,6333.05142292,false,EFF_METHANE_CCGT,FOSSIL_METHANE_DIRECT_CO2,MC_METHANE_CCGT,AVAIL_THERMAL_CCGT,SCENARIO_CAPACITY_PACKAGE_V2,POST_COAL_OIL TECHNOLOGY GEOGRAPHY,PROJECT STATIC SOLVER MAPPING,STATIC_CANDIDATE; NUMERICAL_COST_EFFICIENCY_AVAILABILITY_PENDING
Base,2040,2040_BASE_SUD_CCGT,SUD,CCGT,CCGT,METHANE,methane_ccgt,4425.159763636,false,EFF_METHANE_CCGT,FOSSIL_METHANE_DIRECT_CO2,MC_METHANE_CCGT,AVAIL_THERMAL_CCGT,SCENARIO_CAPACITY_PACKAGE_V2,POST_COAL_OIL TECHNOLOGY GEOGRAPHY,PROJECT STATIC SOLVER MAPPING,STATIC_CANDIDATE; NUMERICAL_COST_EFFICIENCY_AVAILABILITY_PENDING
Base,2040,2040_BASE_CALA_CCGT,CALA,CCGT,CCGT,METHANE,methane_ccgt,3235.880835398,false,EFF_METHANE_CCGT,FOSSIL_METHANE_DIRECT_CO2,MC_METHANE_CCGT,AVAIL_THERMAL_CCGT,SCENARIO_CAPACITY_PACKAGE_V2,POST_COAL_OIL TECHNOLOGY GEOGRAPHY,PROJECT STATIC SOLVER MAPPING,STATIC_CANDIDATE; NUMERICAL_COST_EFFICIENCY_AVAILABILITY_PENDING
Base,2040,2040_BASE_SICI_CCGT,SICI,CCGT,CCGT,METHANE,methane_ccgt,3033.470304432,false,EFF_METHANE_CCGT,FOSSIL_METHANE_DIRECT_CO2,MC_METHANE_CCGT,AVAIL_THERMAL_CCGT,SCENARIO_CAPACITY_PACKAGE_V2,POST_COAL_OIL TECHNOLOGY GEOGRAPHY,PROJECT STATIC SOLVER MAPPING,STATIC_CANDIDATE; NUMERICAL_COST_EFFICIENCY_AVAILABILITY_PENDING
Base,2040,2040_BASE_SARD_CCGT,SARD,CCGT,CCGT,METHANE,methane_ccgt,636.150571763,false,EFF_METHANE_CCGT,FOSSIL_METHANE_DIRECT_CO2,MC_METHANE_CCGT,AVAIL_THERMAL_CCGT,SCENARIO_CAPACITY_PACKAGE_V2,POST_COAL_OIL TECHNOLOGY GEOGRAPHY,PROJECT STATIC SOLVER MAPPING,STATIC_CANDIDATE; NUMERICAL_COST_EFFICIENCY_AVAILABILITY_PENDING
Base,2040,2040_BASE_NORD_GT_OCGT,NORD,GT_OCGT,GT_OCGT,METHANE,methane_gt_ocgt,842.144489518,false,EFF_METHANE_GT_OCGT,FOSSIL_METHANE_DIRECT_CO2,MC_METHANE_GT_OCGT,AVAIL_THERMAL_GT_OCGT,SCENARIO_CAPACITY_PACKAGE_V2,POST_COAL_OIL TECHNOLOGY GEOGRAPHY,PROJECT STATIC SOLVER MAPPING,STATIC_CANDIDATE; NUMERICAL_COST_EFFICIENCY_AVAILABILITY_PENDING
Base,2040,2040_BASE_CNOR_GT_OCGT,CNOR,GT_OCGT,GT_OCGT,METHANE,methane_gt_ocgt,479.435139888,false,EFF_METHANE_GT_OCGT,FOSSIL_METHANE_DIRECT_CO2,MC_METHANE_GT_OCGT,AVAIL_THERMAL_GT_OCGT,SCENARIO_CAPACITY_PACKAGE_V2,POST_COAL_OIL TECHNOLOGY GEOGRAPHY,PROJECT STATIC SOLVER MAPPING,STATIC_CANDIDATE; NUMERICAL_COST_EFFICIENCY_AVAILABILITY_PENDING
Base,2040,2040_BASE_CSUD_GT_OCGT,CSUD,GT_OCGT,GT_OCGT,METHANE,methane_gt_ocgt,769.197041167,false,EFF_METHANE_GT_OCGT,FOSSIL_METHANE_DIRECT_CO2,MC_METHANE_GT_OCGT,AVAIL_THERMAL_GT_OCGT,SCENARIO_CAPACITY_PACKAGE_V2,POST_COAL_OIL TECHNOLOGY GEOGRAPHY,PROJECT STATIC SOLVER MAPPING,STATIC_CANDIDATE; NUMERICAL_COST_EFFICIENCY_AVAILABILITY_PENDING
Base,2040,2040_BASE_SUD_GT_OCGT,SUD,GT_OCGT,GT_OCGT,METHANE,methane_gt_ocgt,256.102110068,false,EFF_METHANE_GT_OCGT,FOSSIL_METHANE_DIRECT_CO2,MC_METHANE_GT_OCGT,AVAIL_THERMAL_GT_OCGT,SCENARIO_CAPACITY_PACKAGE_V2,POST_COAL_OIL TECHNOLOGY GEOGRAPHY,PROJECT STATIC SOLVER MAPPING,STATIC_CANDIDATE; NUMERICAL_COST_EFFICIENCY_AVAILABILITY_PENDING
Base,2040,2040_BASE_CALA_GT_OCGT,CALA,GT_OCGT,GT_OCGT,METHANE,methane_gt_ocgt,216.218464413,false,EFF_METHANE_GT_OCGT,FOSSIL_METHANE_DIRECT_CO2,MC_METHANE_GT_OCGT,AVAIL_THERMAL_GT_OCGT,SCENARIO_CAPACITY_PACKAGE_V2,POST_COAL_OIL TECHNOLOGY GEOGRAPHY,PROJECT STATIC SOLVER MAPPING,STATIC_CANDIDATE; NUMERICAL_COST_EFFICIENCY_AVAILABILITY_PENDING
Base,2040,2040_BASE_SICI_GT_OCGT,SICI,GT_OCGT,GT_OCGT,METHANE,methane_gt_ocgt,652.525027236,false,EFF_METHANE_GT_OCGT,FOSSIL_METHANE_DIRECT_CO2,MC_METHANE_GT_OCGT,AVAIL_THERMAL_GT_OCGT,SCENARIO_CAPACITY_PACKAGE_V2,POST_COAL_OIL TECHNOLOGY GEOGRAPHY,PROJECT STATIC SOLVER MAPPING,STATIC_CANDIDATE; NUMERICAL_COST_EFFICIENCY_AVAILABILITY_PENDING
Base,2040,2040_BASE_SARD_GT_OCGT,SARD,GT_OCGT,GT_OCGT,METHANE,methane_gt_ocgt,139.028766432,false,EFF_METHANE_GT_OCGT,FOSSIL_METHANE_DIRECT_CO2,MC_METHANE_GT_OCGT,AVAIL_THERMAL_GT_OCGT,SCENARIO_CAPACITY_PACKAGE_V2,POST_COAL_OIL TECHNOLOGY GEOGRAPHY,PROJECT STATIC SOLVER MAPPING,STATIC_CANDIDATE; NUMERICAL_COST_EFFICIENCY_AVAILABILITY_PENDING
Base,2040,2040_BASE_NORD_INTERNAL_COMBUSTION,NORD,INTERNAL_COMBUSTION,INTERNAL_COMBUSTION,METHANE,methane_internal_combustion,3456.449708873,false,EFF_METHANE_INTERNAL_COMBUSTION,FOSSIL_METHANE_DIRECT_CO2,MC_METHANE_INTERNAL_COMBUSTION,AVAIL_THERMAL_ENGINE,SCENARIO_CAPACITY_PACKAGE_V2,POST_COAL_OIL TECHNOLOGY GEOGRAPHY,PROJECT STATIC SOLVER MAPPING,STATIC_CANDIDATE; NUMERICAL_COST_EFFICIENCY_AVAILABILITY_PENDING
Base,2040,2040_BASE_CNOR_INTERNAL_COMBUSTION,CNOR,INTERNAL_COMBUSTION,INTERNAL_COMBUSTION,METHANE,methane_internal_combustion,388.057148474,false,EFF_METHANE_INTERNAL_COMBUSTION,FOSSIL_METHANE_DIRECT_CO2,MC_METHANE_INTERNAL_COMBUSTION,AVAIL_THERMAL_ENGINE,SCENARIO_CAPACITY_PACKAGE_V2,POST_COAL_OIL TECHNOLOGY GEOGRAPHY,PROJECT STATIC SOLVER MAPPING,STATIC_CANDIDATE; NUMERICAL_COST_EFFICIENCY_AVAILABILITY_PENDING
Base,2040,2040_BASE_CSUD_INTERNAL_COMBUSTION,CSUD,INTERNAL_COMBUSTION,INTERNAL_COMBUSTION,METHANE,methane_internal_combustion,780.4036866,false,EFF_METHANE_INTERNAL_COMBUSTION,FOSSIL_METHANE_DIRECT_CO2,MC_METHANE_INTERNAL_COMBUSTION,AVAIL_THERMAL_ENGINE,SCENARIO_CAPACITY_PACKAGE_V2,POST_COAL_OIL TECHNOLOGY GEOGRAPHY,PROJECT STATIC SOLVER MAPPING,STATIC_CANDIDATE; NUMERICAL_COST_EFFICIENCY_AVAILABILITY_PENDING
Base,2040,2040_BASE_SUD_INTERNAL_COMBUSTION,SUD,INTERNAL_COMBUSTION,INTERNAL_COMBUSTION,METHANE,methane_internal_combustion,437.833098679,false,EFF_METHANE_INTERNAL_COMBUSTION,FOSSIL_METHANE_DIRECT_CO2,MC_METHANE_INTERNAL_COMBUSTION,AVAIL_THERMAL_ENGINE,SCENARIO_CAPACITY_PACKAGE_V2,POST_COAL_OIL TECHNOLOGY GEOGRAPHY,PROJECT STATIC SOLVER MAPPING,STATIC_CANDIDATE; NUMERICAL_COST_EFFICIENCY_AVAILABILITY_PENDING
Base,2040,2040_BASE_CALA_INTERNAL_COMBUSTION,CALA,INTERNAL_COMBUSTION,INTERNAL_COMBUSTION,METHANE,methane_internal_combustion,38.206958732,false,EFF_METHANE_INTERNAL_COMBUSTION,FOSSIL_METHANE_DIRECT_CO2,MC_METHANE_INTERNAL_COMBUSTION,AVAIL_THERMAL_ENGINE,SCENARIO_CAPACITY_PACKAGE_V2,POST_COAL_OIL TECHNOLOGY GEOGRAPHY,PROJECT STATIC SOLVER MAPPING,STATIC_CANDIDATE; NUMERICAL_COST_EFFICIENCY_AVAILABILITY_PENDING
Base,2040,2040_BASE_SICI_INTERNAL_COMBUSTION,SICI,INTERNAL_COMBUSTION,INTERNAL_COMBUSTION,METHANE,methane_internal_combustion,206.615562143,false,EFF_METHANE_INTERNAL_COMBUSTION,FOSSIL_METHANE_DIRECT_CO2,MC_METHANE_INTERNAL_COMBUSTION,AVAIL_THERMAL_ENGINE,SCENARIO_CAPACITY_PACKAGE_V2,POST_COAL_OIL TECHNOLOGY GEOGRAPHY,PROJECT STATIC SOLVER MAPPING,STATIC_CANDIDATE; NUMERICAL_COST_EFFICIENCY_AVAILABILITY_PENDING
Base,2040,2040_BASE_SARD_INTERNAL_COMBUSTION,SARD,INTERNAL_COMBUSTION,INTERNAL_COMBUSTION,METHANE,methane_internal_combustion,22.337288474,false,EFF_METHANE_INTERNAL_COMBUSTION,FOSSIL_METHANE_DIRECT_CO2,MC_METHANE_INTERNAL_COMBUSTION,AVAIL_THERMAL_ENGINE,SCENARIO_CAPACITY_PACKAGE_V2,POST_COAL_OIL TECHNOLOGY GEOGRAPHY,PROJECT STATIC SOLVER MAPPING,STATIC_CANDIDATE; NUMERICAL_COST_EFFICIENCY_AVAILABILITY_PENDING
Base,2040,2040_BASE_NORD_STEAM_OTHER_SURVIVING,NORD,STEAM_OTHER_SURVIVING,STEAM_OTHER,METHANE,methane_steam_other,1588.168234432,false,EFF_METHANE_STEAM_OTHER,FOSSIL_METHANE_DIRECT_CO2,MC_METHANE_STEAM_OTHER,AVAIL_THERMAL_STEAM,SCENARIO_CAPACITY_PACKAGE_V2,POST_COAL_OIL TECHNOLOGY GEOGRAPHY,PROJECT STATIC SOLVER MAPPING,STATIC_CANDIDATE; NUMERICAL_COST_EFFICIENCY_AVAILABILITY_PENDING
Base,2040,2040_BASE_CNOR_STEAM_OTHER_SURVIVING,CNOR,STEAM_OTHER_SURVIVING,STEAM_OTHER,METHANE,methane_steam_other,50.690815099,false,EFF_METHANE_STEAM_OTHER,FOSSIL_METHANE_DIRECT_CO2,MC_METHANE_STEAM_OTHER,AVAIL_THERMAL_STEAM,SCENARIO_CAPACITY_PACKAGE_V2,POST_COAL_OIL TECHNOLOGY GEOGRAPHY,PROJECT STATIC SOLVER MAPPING,STATIC_CANDIDATE; NUMERICAL_COST_EFFICIENCY_AVAILABILITY_PENDING
Base,2040,2040_BASE_CSUD_STEAM_OTHER_SURVIVING,CSUD,STEAM_OTHER_SURVIVING,STEAM_OTHER,METHANE,methane_steam_other,178.980072753,false,EFF_METHANE_STEAM_OTHER,FOSSIL_METHANE_DIRECT_CO2,MC_METHANE_STEAM_OTHER,AVAIL_THERMAL_STEAM,SCENARIO_CAPACITY_PACKAGE_V2,POST_COAL_OIL TECHNOLOGY GEOGRAPHY,PROJECT STATIC SOLVER MAPPING,STATIC_CANDIDATE; NUMERICAL_COST_EFFICIENCY_AVAILABILITY_PENDING
Base,2040,2040_BASE_SUD_STEAM_OTHER_SURVIVING,SUD,STEAM_OTHER_SURVIVING,STEAM_OTHER,METHANE,methane_steam_other,542.704350915,false,EFF_METHANE_STEAM_OTHER,FOSSIL_METHANE_DIRECT_CO2,MC_METHANE_STEAM_OTHER,AVAIL_THERMAL_STEAM,SCENARIO_CAPACITY_PACKAGE_V2,POST_COAL_OIL TECHNOLOGY GEOGRAPHY,PROJECT STATIC SOLVER MAPPING,STATIC_CANDIDATE; NUMERICAL_COST_EFFICIENCY_AVAILABILITY_PENDING
Base,2040,2040_BASE_CALA_STEAM_OTHER_SURVIVING,CALA,STEAM_OTHER_SURVIVING,STEAM_OTHER,METHANE,methane_steam_other,144.709481828,false,EFF_METHANE_STEAM_OTHER,FOSSIL_METHANE_DIRECT_CO2,MC_METHANE_STEAM_OTHER,AVAIL_THERMAL_STEAM,SCENARIO_CAPACITY_PACKAGE_V2,POST_COAL_OIL TECHNOLOGY GEOGRAPHY,PROJECT STATIC SOLVER MAPPING,STATIC_CANDIDATE; NUMERICAL_COST_EFFICIENCY_AVAILABILITY_PENDING
Base,2040,2040_BASE_SICI_STEAM_OTHER_SURVIVING,SICI,STEAM_OTHER_SURVIVING,STEAM_OTHER,METHANE,methane_steam_other,142.573999974,false,EFF_METHANE_STEAM_OTHER,FOSSIL_METHANE_DIRECT_CO2,MC_METHANE_STEAM_OTHER,AVAIL_THERMAL_STEAM,SCENARIO_CAPACITY_PACKAGE_V2,POST_COAL_OIL TECHNOLOGY GEOGRAPHY,PROJECT STATIC SOLVER MAPPING,STATIC_CANDIDATE; NUMERICAL_COST_EFFICIENCY_AVAILABILITY_PENDING
Base,2040,2040_BASE_SARD_STEAM_OTHER_SURVIVING,SARD,STEAM_OTHER_SURVIVING,STEAM_OTHER,METHANE,methane_steam_other,246.720448909,false,EFF_METHANE_STEAM_OTHER,FOSSIL_METHANE_DIRECT_CO2,MC_METHANE_STEAM_OTHER,AVAIL_THERMAL_STEAM,SCENARIO_CAPACITY_PACKAGE_V2,POST_COAL_OIL TECHNOLOGY GEOGRAPHY,PROJECT STATIC SOLVER MAPPING,STATIC_CANDIDATE; NUMERICAL_COST_EFFICIENCY_AVAILABILITY_PENDING
Base,2040,2040_BASE_NORD_OTHER_SURVIVING_THERMAL,NORD,OTHER_SURVIVING_THERMAL,OTHER_THERMAL,METHANE,methane_other_thermal,53.151228556,false,EFF_METHANE_OTHER_THERMAL,FOSSIL_METHANE_DIRECT_CO2,MC_METHANE_OTHER_THERMAL,AVAIL_THERMAL_OTHER,SCENARIO_CAPACITY_PACKAGE_V2,POST_COAL_OIL TECHNOLOGY GEOGRAPHY,PROJECT STATIC SOLVER MAPPING,STATIC_CANDIDATE; NUMERICAL_COST_EFFICIENCY_AVAILABILITY_PENDING
Base,2040,2040_BASE_CNOR_OTHER_SURVIVING_THERMAL,CNOR,OTHER_SURVIVING_THERMAL,OTHER_THERMAL,METHANE,methane_other_thermal,34.351116281,false,EFF_METHANE_OTHER_THERMAL,FOSSIL_METHANE_DIRECT_CO2,MC_METHANE_OTHER_THERMAL,AVAIL_THERMAL_OTHER,SCENARIO_CAPACITY_PACKAGE_V2,POST_COAL_OIL TECHNOLOGY GEOGRAPHY,PROJECT STATIC SOLVER MAPPING,STATIC_CANDIDATE; NUMERICAL_COST_EFFICIENCY_AVAILABILITY_PENDING
Base,2040,2040_BASE_CSUD_OTHER_SURVIVING_THERMAL,CSUD,OTHER_SURVIVING_THERMAL,OTHER_THERMAL,METHANE,methane_other_thermal,31.065187014,false,EFF_METHANE_OTHER_THERMAL,FOSSIL_METHANE_DIRECT_CO2,MC_METHANE_OTHER_THERMAL,AVAIL_THERMAL_OTHER,SCENARIO_CAPACITY_PACKAGE_V2,POST_COAL_OIL TECHNOLOGY GEOGRAPHY,PROJECT STATIC SOLVER MAPPING,STATIC_CANDIDATE; NUMERICAL_COST_EFFICIENCY_AVAILABILITY_PENDING
Base,2040,2040_BASE_SUD_OTHER_SURVIVING_THERMAL,SUD,OTHER_SURVIVING_THERMAL,OTHER_THERMAL,METHANE,methane_other_thermal,120.231362984,false,EFF_METHANE_OTHER_THERMAL,FOSSIL_METHANE_DIRECT_CO2,MC_METHANE_OTHER_THERMAL,AVAIL_THERMAL_OTHER,SCENARIO_CAPACITY_PACKAGE_V2,POST_COAL_OIL TECHNOLOGY GEOGRAPHY,PROJECT STATIC SOLVER MAPPING,STATIC_CANDIDATE; NUMERICAL_COST_EFFICIENCY_AVAILABILITY_PENDING
Base,2040,2040_BASE_SICI_OTHER_SURVIVING_THERMAL,SICI,OTHER_SURVIVING_THERMAL,OTHER_THERMAL,METHANE,methane_other_thermal,22.281503519,false,EFF_METHANE_OTHER_THERMAL,FOSSIL_METHANE_DIRECT_CO2,MC_METHANE_OTHER_THERMAL,AVAIL_THERMAL_OTHER,SCENARIO_CAPACITY_PACKAGE_V2,POST_COAL_OIL TECHNOLOGY GEOGRAPHY,PROJECT STATIC SOLVER MAPPING,STATIC_CANDIDATE; NUMERICAL_COST_EFFICIENCY_AVAILABILITY_PENDING
Base,2040,2040_BASE_SARD_OTHER_SURVIVING_THERMAL,SARD,OTHER_SURVIVING_THERMAL,OTHER_THERMAL,METHANE,methane_other_thermal,28.495431878,false,EFF_METHANE_OTHER_THERMAL,FOSSIL_METHANE_DIRECT_CO2,MC_METHANE_OTHER_THERMAL,AVAIL_THERMAL_OTHER,SCENARIO_CAPACITY_PACKAGE_V2,POST_COAL_OIL TECHNOLOGY GEOGRAPHY,PROJECT STATIC SOLVER MAPPING,STATIC_CANDIDATE; NUMERICAL_COST_EFFICIENCY_AVAILABILITY_PENDING
Base,2040,2040_BASE_CNOR_GEOTHERMAL,CNOR,GEOTHERMAL,GEOTHERMAL,GEOTHERMAL,geothermal,783.053667913,false,EFF_NOT_APPLICABLE_GEOTHERMAL,ZERO_OPERATIONAL_FOSSIL_CO2,MC_GEOTHERMAL,AVAIL_GEOTHERMAL,SCENARIO_CAPACITY_PACKAGE_V2,POST_COAL_OIL TECHNOLOGY GEOGRAPHY,PROJECT STATIC SOLVER MAPPING,STATIC_CANDIDATE; NUMERICAL_COST_EFFICIENCY_AVAILABILITY_PENDING
High,2040,2040_HIGH_NORD_SOLAR_PV_ROOFTOP,NORD,SOLAR_PV_ROOFTOP,SOLAR_PV_ROOFTOP,NONE,solar_pv_rooftop,27610,false,NOT_APPLICABLE_VRE,ZERO_OPERATIONAL_CO2,MC_VRE,PROFILE_SOLAR_PV_ROOFTOP,SCENARIO_CAPACITY_PACKAGE_V2,FROZEN V2.9 ZONAL ALLOCATION,PROJECT STATIC SOLVER MAPPING,STATIC_CANDIDATE; NUMERICAL_COST_EFFICIENCY_AVAILABILITY_PENDING
High,2040,2040_HIGH_CNOR_SOLAR_PV_ROOFTOP,CNOR,SOLAR_PV_ROOFTOP,SOLAR_PV_ROOFTOP,NONE,solar_pv_rooftop,3630,false,NOT_APPLICABLE_VRE,ZERO_OPERATIONAL_CO2,MC_VRE,PROFILE_SOLAR_PV_ROOFTOP,SCENARIO_CAPACITY_PACKAGE_V2,FROZEN V2.9 ZONAL ALLOCATION,PROJECT STATIC SOLVER MAPPING,STATIC_CANDIDATE; NUMERICAL_COST_EFFICIENCY_AVAILABILITY_PENDING
High,2040,2040_HIGH_CSUD_SOLAR_PV_ROOFTOP,CSUD,SOLAR_PV_ROOFTOP,SOLAR_PV_ROOFTOP,NONE,solar_pv_rooftop,6050,false,NOT_APPLICABLE_VRE,ZERO_OPERATIONAL_CO2,MC_VRE,PROFILE_SOLAR_PV_ROOFTOP,SCENARIO_CAPACITY_PACKAGE_V2,FROZEN V2.9 ZONAL ALLOCATION,PROJECT STATIC SOLVER MAPPING,STATIC_CANDIDATE; NUMERICAL_COST_EFFICIENCY_AVAILABILITY_PENDING
High,2040,2040_HIGH_SUD_SOLAR_PV_ROOFTOP,SUD,SOLAR_PV_ROOFTOP,SOLAR_PV_ROOFTOP,NONE,solar_pv_rooftop,1870,false,NOT_APPLICABLE_VRE,ZERO_OPERATIONAL_CO2,MC_VRE,PROFILE_SOLAR_PV_ROOFTOP,SCENARIO_CAPACITY_PACKAGE_V2,FROZEN V2.9 ZONAL ALLOCATION,PROJECT STATIC SOLVER MAPPING,STATIC_CANDIDATE; NUMERICAL_COST_EFFICIENCY_AVAILABILITY_PENDING
High,2040,2040_HIGH_CALA_SOLAR_PV_ROOFTOP,CALA,SOLAR_PV_ROOFTOP,SOLAR_PV_ROOFTOP,NONE,solar_pv_rooftop,1210,false,NOT_APPLICABLE_VRE,ZERO_OPERATIONAL_CO2,MC_VRE,PROFILE_SOLAR_PV_ROOFTOP,SCENARIO_CAPACITY_PACKAGE_V2,FROZEN V2.9 ZONAL ALLOCATION,PROJECT STATIC SOLVER MAPPING,STATIC_CANDIDATE; NUMERICAL_COST_EFFICIENCY_AVAILABILITY_PENDING
High,2040,2040_HIGH_SICI_SOLAR_PV_ROOFTOP,SICI,SOLAR_PV_ROOFTOP,SOLAR_PV_ROOFTOP,NONE,solar_pv_rooftop,3630,false,NOT_APPLICABLE_VRE,ZERO_OPERATIONAL_CO2,MC_VRE,PROFILE_SOLAR_PV_ROOFTOP,SCENARIO_CAPACITY_PACKAGE_V2,FROZEN V2.9 ZONAL ALLOCATION,PROJECT STATIC SOLVER MAPPING,STATIC_CANDIDATE; NUMERICAL_COST_EFFICIENCY_AVAILABILITY_PENDING
High,2040,2040_HIGH_SARD_SOLAR_PV_ROOFTOP,SARD,SOLAR_PV_ROOFTOP,SOLAR_PV_ROOFTOP,NONE,solar_pv_rooftop,1870,false,NOT_APPLICABLE_VRE,ZERO_OPERATIONAL_CO2,MC_VRE,PROFILE_SOLAR_PV_ROOFTOP,SCENARIO_CAPACITY_PACKAGE_V2,FROZEN V2.9 ZONAL ALLOCATION,PROJECT STATIC SOLVER MAPPING,STATIC_CANDIDATE; NUMERICAL_COST_EFFICIENCY_AVAILABILITY_PENDING
High,2040,2040_HIGH_NORD_SOLAR_PV_UTILITY,NORD,SOLAR_PV_UTILITY,SOLAR_PV_UTILITY,NONE,solar_pv_utility,19030,false,NOT_APPLICABLE_VRE,ZERO_OPERATIONAL_CO2,MC_VRE,PROFILE_SOLAR_PV_UTILITY,SCENARIO_CAPACITY_PACKAGE_V2,FROZEN V2.9 ZONAL ALLOCATION,PROJECT STATIC SOLVER MAPPING,STATIC_CANDIDATE; NUMERICAL_COST_EFFICIENCY_AVAILABILITY_PENDING
High,2040,2040_HIGH_CNOR_SOLAR_PV_UTILITY,CNOR,SOLAR_PV_UTILITY,SOLAR_PV_UTILITY,NONE,solar_pv_utility,6930,false,NOT_APPLICABLE_VRE,ZERO_OPERATIONAL_CO2,MC_VRE,PROFILE_SOLAR_PV_UTILITY,SCENARIO_CAPACITY_PACKAGE_V2,FROZEN V2.9 ZONAL ALLOCATION,PROJECT STATIC SOLVER MAPPING,STATIC_CANDIDATE; NUMERICAL_COST_EFFICIENCY_AVAILABILITY_PENDING
High,2040,2040_HIGH_CSUD_SOLAR_PV_UTILITY,CSUD,SOLAR_PV_UTILITY,SOLAR_PV_UTILITY,NONE,solar_pv_utility,16060,false,NOT_APPLICABLE_VRE,ZERO_OPERATIONAL_CO2,MC_VRE,PROFILE_SOLAR_PV_UTILITY,SCENARIO_CAPACITY_PACKAGE_V2,FROZEN V2.9 ZONAL ALLOCATION,PROJECT STATIC SOLVER MAPPING,STATIC_CANDIDATE; NUMERICAL_COST_EFFICIENCY_AVAILABILITY_PENDING
High,2040,2040_HIGH_SUD_SOLAR_PV_UTILITY,SUD,SOLAR_PV_UTILITY,SOLAR_PV_UTILITY,NONE,solar_pv_utility,21230,false,NOT_APPLICABLE_VRE,ZERO_OPERATIONAL_CO2,MC_VRE,PROFILE_SOLAR_PV_UTILITY,SCENARIO_CAPACITY_PACKAGE_V2,FROZEN V2.9 ZONAL ALLOCATION,PROJECT STATIC SOLVER MAPPING,STATIC_CANDIDATE; NUMERICAL_COST_EFFICIENCY_AVAILABILITY_PENDING
High,2040,2040_HIGH_CALA_SOLAR_PV_UTILITY,CALA,SOLAR_PV_UTILITY,SOLAR_PV_UTILITY,NONE,solar_pv_utility,2750,false,NOT_APPLICABLE_VRE,ZERO_OPERATIONAL_CO2,MC_VRE,PROFILE_SOLAR_PV_UTILITY,SCENARIO_CAPACITY_PACKAGE_V2,FROZEN V2.9 ZONAL ALLOCATION,PROJECT STATIC SOLVER MAPPING,STATIC_CANDIDATE; NUMERICAL_COST_EFFICIENCY_AVAILABILITY_PENDING
High,2040,2040_HIGH_SICI_SOLAR_PV_UTILITY,SICI,SOLAR_PV_UTILITY,SOLAR_PV_UTILITY,NONE,solar_pv_utility,12650,false,NOT_APPLICABLE_VRE,ZERO_OPERATIONAL_CO2,MC_VRE,PROFILE_SOLAR_PV_UTILITY,SCENARIO_CAPACITY_PACKAGE_V2,FROZEN V2.9 ZONAL ALLOCATION,PROJECT STATIC SOLVER MAPPING,STATIC_CANDIDATE; NUMERICAL_COST_EFFICIENCY_AVAILABILITY_PENDING
High,2040,2040_HIGH_SARD_SOLAR_PV_UTILITY,SARD,SOLAR_PV_UTILITY,SOLAR_PV_UTILITY,NONE,solar_pv_utility,8470,false,NOT_APPLICABLE_VRE,ZERO_OPERATIONAL_CO2,MC_VRE,PROFILE_SOLAR_PV_UTILITY,SCENARIO_CAPACITY_PACKAGE_V2,FROZEN V2.9 ZONAL ALLOCATION,PROJECT STATIC SOLVER MAPPING,STATIC_CANDIDATE; NUMERICAL_COST_EFFICIENCY_AVAILABILITY_PENDING
High,2040,2040_HIGH_NORD_WIND_ONSHORE,NORD,WIND_ONSHORE,WIND_ONSHORE,NONE,wind_onshore,660,false,NOT_APPLICABLE_VRE,ZERO_OPERATIONAL_CO2,MC_VRE,PROFILE_WIND_ONSHORE,SCENARIO_CAPACITY_PACKAGE_V2,FROZEN V2.9 ZONAL ALLOCATION,PROJECT STATIC SOLVER MAPPING,STATIC_CANDIDATE; NUMERICAL_COST_EFFICIENCY_AVAILABILITY_PENDING
High,2040,2040_HIGH_CNOR_WIND_ONSHORE,CNOR,WIND_ONSHORE,WIND_ONSHORE,NONE,wind_onshore,440,false,NOT_APPLICABLE_VRE,ZERO_OPERATIONAL_CO2,MC_VRE,PROFILE_WIND_ONSHORE,SCENARIO_CAPACITY_PACKAGE_V2,FROZEN V2.9 ZONAL ALLOCATION,PROJECT STATIC SOLVER MAPPING,STATIC_CANDIDATE; NUMERICAL_COST_EFFICIENCY_AVAILABILITY_PENDING
High,2040,2040_HIGH_CSUD_WIND_ONSHORE,CSUD,WIND_ONSHORE,WIND_ONSHORE,NONE,wind_onshore,7480,false,NOT_APPLICABLE_VRE,ZERO_OPERATIONAL_CO2,MC_VRE,PROFILE_WIND_ONSHORE,SCENARIO_CAPACITY_PACKAGE_V2,FROZEN V2.9 ZONAL ALLOCATION,PROJECT STATIC SOLVER MAPPING,STATIC_CANDIDATE; NUMERICAL_COST_EFFICIENCY_AVAILABILITY_PENDING
High,2040,2040_HIGH_SUD_WIND_ONSHORE,SUD,WIND_ONSHORE,WIND_ONSHORE,NONE,wind_onshore,14520,false,NOT_APPLICABLE_VRE,ZERO_OPERATIONAL_CO2,MC_VRE,PROFILE_WIND_ONSHORE,SCENARIO_CAPACITY_PACKAGE_V2,FROZEN V2.9 ZONAL ALLOCATION,PROJECT STATIC SOLVER MAPPING,STATIC_CANDIDATE; NUMERICAL_COST_EFFICIENCY_AVAILABILITY_PENDING
High,2040,2040_HIGH_CALA_WIND_ONSHORE,CALA,WIND_ONSHORE,WIND_ONSHORE,NONE,wind_onshore,3630,false,NOT_APPLICABLE_VRE,ZERO_OPERATIONAL_CO2,MC_VRE,PROFILE_WIND_ONSHORE,SCENARIO_CAPACITY_PACKAGE_V2,FROZEN V2.9 ZONAL ALLOCATION,PROJECT STATIC SOLVER MAPPING,STATIC_CANDIDATE; NUMERICAL_COST_EFFICIENCY_AVAILABILITY_PENDING
High,2040,2040_HIGH_SICI_WIND_ONSHORE,SICI,WIND_ONSHORE,WIND_ONSHORE,NONE,wind_onshore,6930,false,NOT_APPLICABLE_VRE,ZERO_OPERATIONAL_CO2,MC_VRE,PROFILE_WIND_ONSHORE,SCENARIO_CAPACITY_PACKAGE_V2,FROZEN V2.9 ZONAL ALLOCATION,PROJECT STATIC SOLVER MAPPING,STATIC_CANDIDATE; NUMERICAL_COST_EFFICIENCY_AVAILABILITY_PENDING
High,2040,2040_HIGH_SARD_WIND_ONSHORE,SARD,WIND_ONSHORE,WIND_ONSHORE,NONE,wind_onshore,3850,false,NOT_APPLICABLE_VRE,ZERO_OPERATIONAL_CO2,MC_VRE,PROFILE_WIND_ONSHORE,SCENARIO_CAPACITY_PACKAGE_V2,FROZEN V2.9 ZONAL ALLOCATION,PROJECT STATIC SOLVER MAPPING,STATIC_CANDIDATE; NUMERICAL_COST_EFFICIENCY_AVAILABILITY_PENDING
High,2040,2040_HIGH_NORD_WIND_OFFSHORE,NORD,WIND_OFFSHORE,WIND_OFFSHORE,NONE,wind_offshore,1650,false,NOT_APPLICABLE_VRE,ZERO_OPERATIONAL_CO2,MC_VRE,PROFILE_WIND_OFFSHORE,SCENARIO_CAPACITY_PACKAGE_V2,FROZEN V2.9 ZONAL ALLOCATION,PROJECT STATIC SOLVER MAPPING,STATIC_CANDIDATE; NUMERICAL_COST_EFFICIENCY_AVAILABILITY_PENDING
High,2040,2040_HIGH_CNOR_WIND_OFFSHORE,CNOR,WIND_OFFSHORE,WIND_OFFSHORE,NONE,wind_offshore,880,false,NOT_APPLICABLE_VRE,ZERO_OPERATIONAL_CO2,MC_VRE,PROFILE_WIND_OFFSHORE,SCENARIO_CAPACITY_PACKAGE_V2,FROZEN V2.9 ZONAL ALLOCATION,PROJECT STATIC SOLVER MAPPING,STATIC_CANDIDATE; NUMERICAL_COST_EFFICIENCY_AVAILABILITY_PENDING
High,2040,2040_HIGH_CSUD_WIND_OFFSHORE,CSUD,WIND_OFFSHORE,WIND_OFFSHORE,NONE,wind_offshore,1760,false,NOT_APPLICABLE_VRE,ZERO_OPERATIONAL_CO2,MC_VRE,PROFILE_WIND_OFFSHORE,SCENARIO_CAPACITY_PACKAGE_V2,FROZEN V2.9 ZONAL ALLOCATION,PROJECT STATIC SOLVER MAPPING,STATIC_CANDIDATE; NUMERICAL_COST_EFFICIENCY_AVAILABILITY_PENDING
High,2040,2040_HIGH_SUD_WIND_OFFSHORE,SUD,WIND_OFFSHORE,WIND_OFFSHORE,NONE,wind_offshore,5170,false,NOT_APPLICABLE_VRE,ZERO_OPERATIONAL_CO2,MC_VRE,PROFILE_WIND_OFFSHORE,SCENARIO_CAPACITY_PACKAGE_V2,FROZEN V2.9 ZONAL ALLOCATION,PROJECT STATIC SOLVER MAPPING,STATIC_CANDIDATE; NUMERICAL_COST_EFFICIENCY_AVAILABILITY_PENDING
High,2040,2040_HIGH_CALA_WIND_OFFSHORE,CALA,WIND_OFFSHORE,WIND_OFFSHORE,NONE,wind_offshore,660,false,NOT_APPLICABLE_VRE,ZERO_OPERATIONAL_CO2,MC_VRE,PROFILE_WIND_OFFSHORE,SCENARIO_CAPACITY_PACKAGE_V2,FROZEN V2.9 ZONAL ALLOCATION,PROJECT STATIC SOLVER MAPPING,STATIC_CANDIDATE; NUMERICAL_COST_EFFICIENCY_AVAILABILITY_PENDING
High,2040,2040_HIGH_SICI_WIND_OFFSHORE,SICI,WIND_OFFSHORE,WIND_OFFSHORE,NONE,wind_offshore,3300,false,NOT_APPLICABLE_VRE,ZERO_OPERATIONAL_CO2,MC_VRE,PROFILE_WIND_OFFSHORE,SCENARIO_CAPACITY_PACKAGE_V2,FROZEN V2.9 ZONAL ALLOCATION,PROJECT STATIC SOLVER MAPPING,STATIC_CANDIDATE; NUMERICAL_COST_EFFICIENCY_AVAILABILITY_PENDING
High,2040,2040_HIGH_SARD_WIND_OFFSHORE,SARD,WIND_OFFSHORE,WIND_OFFSHORE,NONE,wind_offshore,3300,false,NOT_APPLICABLE_VRE,ZERO_OPERATIONAL_CO2,MC_VRE,PROFILE_WIND_OFFSHORE,SCENARIO_CAPACITY_PACKAGE_V2,FROZEN V2.9 ZONAL ALLOCATION,PROJECT STATIC SOLVER MAPPING,STATIC_CANDIDATE; NUMERICAL_COST_EFFICIENCY_AVAILABILITY_PENDING
High,2040,2040_HIGH_NORD_HYDRO_RUN_OF_RIVER,NORD,HYDRO_RUN_OF_RIVER,RUN_OF_RIVER_TURBINE,WATER_INFLOW,hydro_run_of_river,5228.210866305,false,EFF_HYDRO_TURBINE,ZERO_OPERATIONAL_CO2,MC_HYDRO,PROFILE_HYDRO_ROR_INFLOW,SCENARIO_CAPACITY_PACKAGE_V2,NORD DIRECT CLASS VALUES SCALED 0.006% TO ZONAL NON-PUMPED CONTROL,PROJECT STATIC SOLVER MAPPING,STATIC_CANDIDATE; NUMERICAL_COST_EFFICIENCY_AVAILABILITY_PENDING
High,2040,2040_HIGH_CNOR_HYDRO_RUN_OF_RIVER,CNOR,HYDRO_RUN_OF_RIVER,RUN_OF_RIVER_TURBINE,WATER_INFLOW,hydro_run_of_river,209.314034422,false,EFF_HYDRO_TURBINE,ZERO_OPERATIONAL_CO2,MC_HYDRO,PROFILE_HYDRO_ROR_INFLOW,SCENARIO_CAPACITY_PACKAGE_V2,ROR residual allocated using open HDAM programmable-capacity floor; remaining programmable capacity split to basin/reservoir by residual national controls,PROJECT STATIC SOLVER MAPPING,STATIC_CANDIDATE; NUMERICAL_COST_EFFICIENCY_AVAILABILITY_PENDING
High,2040,2040_HIGH_CSUD_HYDRO_RUN_OF_RIVER,CSUD,HYDRO_RUN_OF_RIVER,RUN_OF_RIVER_TURBINE,WATER_INFLOW,hydro_run_of_river,579.820027388,false,EFF_HYDRO_TURBINE,ZERO_OPERATIONAL_CO2,MC_HYDRO,PROFILE_HYDRO_ROR_INFLOW,SCENARIO_CAPACITY_PACKAGE_V2,ROR residual allocated using open HDAM programmable-capacity floor; remaining programmable capacity split to basin/reservoir by residual national controls,PROJECT STATIC SOLVER MAPPING,STATIC_CANDIDATE; NUMERICAL_COST_EFFICIENCY_AVAILABILITY_PENDING
High,2040,2040_HIGH_SUD_HYDRO_RUN_OF_RIVER,SUD,HYDRO_RUN_OF_RIVER,RUN_OF_RIVER_TURBINE,WATER_INFLOW,hydro_run_of_river,45.411334869,false,EFF_HYDRO_TURBINE,ZERO_OPERATIONAL_CO2,MC_HYDRO,PROFILE_HYDRO_ROR_INFLOW,SCENARIO_CAPACITY_PACKAGE_V2,ROR residual allocated using open HDAM programmable-capacity floor; remaining programmable capacity split to basin/reservoir by residual national controls,PROJECT STATIC SOLVER MAPPING,STATIC_CANDIDATE; NUMERICAL_COST_EFFICIENCY_AVAILABILITY_PENDING
High,2040,2040_HIGH_CALA_HYDRO_RUN_OF_RIVER,CALA,HYDRO_RUN_OF_RIVER,RUN_OF_RIVER_TURBINE,WATER_INFLOW,hydro_run_of_river,106.743829899,false,EFF_HYDRO_TURBINE,ZERO_OPERATIONAL_CO2,MC_HYDRO,PROFILE_HYDRO_ROR_INFLOW,SCENARIO_CAPACITY_PACKAGE_V2,ROR residual allocated using open HDAM programmable-capacity floor; remaining programmable capacity split to basin/reservoir by residual national controls,PROJECT STATIC SOLVER MAPPING,STATIC_CANDIDATE; NUMERICAL_COST_EFFICIENCY_AVAILABILITY_PENDING
High,2040,2040_HIGH_SICI_HYDRO_RUN_OF_RIVER,SICI,HYDRO_RUN_OF_RIVER,RUN_OF_RIVER_TURBINE,WATER_INFLOW,hydro_run_of_river,31.552391362,false,EFF_HYDRO_TURBINE,ZERO_OPERATIONAL_CO2,MC_HYDRO,PROFILE_HYDRO_ROR_INFLOW,SCENARIO_CAPACITY_PACKAGE_V2,ROR residual allocated using open HDAM programmable-capacity floor; remaining programmable capacity split to basin/reservoir by residual national controls,PROJECT STATIC SOLVER MAPPING,STATIC_CANDIDATE; NUMERICAL_COST_EFFICIENCY_AVAILABILITY_PENDING
High,2040,2040_HIGH_SARD_HYDRO_RUN_OF_RIVER,SARD,HYDRO_RUN_OF_RIVER,RUN_OF_RIVER_TURBINE,WATER_INFLOW,hydro_run_of_river,37.947515755,false,EFF_HYDRO_TURBINE,ZERO_OPERATIONAL_CO2,MC_HYDRO,PROFILE_HYDRO_ROR_INFLOW,SCENARIO_CAPACITY_PACKAGE_V2,ROR residual allocated using open HDAM programmable-capacity floor; remaining programmable capacity split to basin/reservoir by residual national controls,PROJECT STATIC SOLVER MAPPING,STATIC_CANDIDATE; NUMERICAL_COST_EFFICIENCY_AVAILABILITY_PENDING
High,2040,2040_HIGH_NORD_CCGT,NORD,CCGT,CCGT,METHANE,methane_ccgt,23085.542039157,false,EFF_METHANE_CCGT,FOSSIL_METHANE_DIRECT_CO2,MC_METHANE_CCGT,AVAIL_THERMAL_CCGT,SCENARIO_CAPACITY_PACKAGE_V2,POST_COAL_OIL TECHNOLOGY GEOGRAPHY,PROJECT STATIC SOLVER MAPPING,STATIC_CANDIDATE; NUMERICAL_COST_EFFICIENCY_AVAILABILITY_PENDING
High,2040,2040_HIGH_CNOR_CCGT,CNOR,CCGT,CCGT,METHANE,methane_ccgt,1599.013669946,false,EFF_METHANE_CCGT,FOSSIL_METHANE_DIRECT_CO2,MC_METHANE_CCGT,AVAIL_THERMAL_CCGT,SCENARIO_CAPACITY_PACKAGE_V2,POST_COAL_OIL TECHNOLOGY GEOGRAPHY,PROJECT STATIC SOLVER MAPPING,STATIC_CANDIDATE; NUMERICAL_COST_EFFICIENCY_AVAILABILITY_PENDING
High,2040,2040_HIGH_CSUD_CCGT,CSUD,CCGT,CCGT,METHANE,methane_ccgt,6333.05142292,false,EFF_METHANE_CCGT,FOSSIL_METHANE_DIRECT_CO2,MC_METHANE_CCGT,AVAIL_THERMAL_CCGT,SCENARIO_CAPACITY_PACKAGE_V2,POST_COAL_OIL TECHNOLOGY GEOGRAPHY,PROJECT STATIC SOLVER MAPPING,STATIC_CANDIDATE; NUMERICAL_COST_EFFICIENCY_AVAILABILITY_PENDING
High,2040,2040_HIGH_SUD_CCGT,SUD,CCGT,CCGT,METHANE,methane_ccgt,4425.159763636,false,EFF_METHANE_CCGT,FOSSIL_METHANE_DIRECT_CO2,MC_METHANE_CCGT,AVAIL_THERMAL_CCGT,SCENARIO_CAPACITY_PACKAGE_V2,POST_COAL_OIL TECHNOLOGY GEOGRAPHY,PROJECT STATIC SOLVER MAPPING,STATIC_CANDIDATE; NUMERICAL_COST_EFFICIENCY_AVAILABILITY_PENDING
High,2040,2040_HIGH_CALA_CCGT,CALA,CCGT,CCGT,METHANE,methane_ccgt,3235.880835398,false,EFF_METHANE_CCGT,FOSSIL_METHANE_DIRECT_CO2,MC_METHANE_CCGT,AVAIL_THERMAL_CCGT,SCENARIO_CAPACITY_PACKAGE_V2,POST_COAL_OIL TECHNOLOGY GEOGRAPHY,PROJECT STATIC SOLVER MAPPING,STATIC_CANDIDATE; NUMERICAL_COST_EFFICIENCY_AVAILABILITY_PENDING
High,2040,2040_HIGH_SICI_CCGT,SICI,CCGT,CCGT,METHANE,methane_ccgt,3033.470304432,false,EFF_METHANE_CCGT,FOSSIL_METHANE_DIRECT_CO2,MC_METHANE_CCGT,AVAIL_THERMAL_CCGT,SCENARIO_CAPACITY_PACKAGE_V2,POST_COAL_OIL TECHNOLOGY GEOGRAPHY,PROJECT STATIC SOLVER MAPPING,STATIC_CANDIDATE; NUMERICAL_COST_EFFICIENCY_AVAILABILITY_PENDING
High,2040,2040_HIGH_SARD_CCGT,SARD,CCGT,CCGT,METHANE,methane_ccgt,636.150571763,false,EFF_METHANE_CCGT,FOSSIL_METHANE_DIRECT_CO2,MC_METHANE_CCGT,AVAIL_THERMAL_CCGT,SCENARIO_CAPACITY_PACKAGE_V2,POST_COAL_OIL TECHNOLOGY GEOGRAPHY,PROJECT STATIC SOLVER MAPPING,STATIC_CANDIDATE; NUMERICAL_COST_EFFICIENCY_AVAILABILITY_PENDING
High,2040,2040_HIGH_NORD_GT_OCGT,NORD,GT_OCGT,GT_OCGT,METHANE,methane_gt_ocgt,842.144489518,false,EFF_METHANE_GT_OCGT,FOSSIL_METHANE_DIRECT_CO2,MC_METHANE_GT_OCGT,AVAIL_THERMAL_GT_OCGT,SCENARIO_CAPACITY_PACKAGE_V2,POST_COAL_OIL TECHNOLOGY GEOGRAPHY,PROJECT STATIC SOLVER MAPPING,STATIC_CANDIDATE; NUMERICAL_COST_EFFICIENCY_AVAILABILITY_PENDING
High,2040,2040_HIGH_CNOR_GT_OCGT,CNOR,GT_OCGT,GT_OCGT,METHANE,methane_gt_ocgt,479.435139888,false,EFF_METHANE_GT_OCGT,FOSSIL_METHANE_DIRECT_CO2,MC_METHANE_GT_OCGT,AVAIL_THERMAL_GT_OCGT,SCENARIO_CAPACITY_PACKAGE_V2,POST_COAL_OIL TECHNOLOGY GEOGRAPHY,PROJECT STATIC SOLVER MAPPING,STATIC_CANDIDATE; NUMERICAL_COST_EFFICIENCY_AVAILABILITY_PENDING
High,2040,2040_HIGH_CSUD_GT_OCGT,CSUD,GT_OCGT,GT_OCGT,METHANE,methane_gt_ocgt,769.197041167,false,EFF_METHANE_GT_OCGT,FOSSIL_METHANE_DIRECT_CO2,MC_METHANE_GT_OCGT,AVAIL_THERMAL_GT_OCGT,SCENARIO_CAPACITY_PACKAGE_V2,POST_COAL_OIL TECHNOLOGY GEOGRAPHY,PROJECT STATIC SOLVER MAPPING,STATIC_CANDIDATE; NUMERICAL_COST_EFFICIENCY_AVAILABILITY_PENDING
High,2040,2040_HIGH_SUD_GT_OCGT,SUD,GT_OCGT,GT_OCGT,METHANE,methane_gt_ocgt,256.102110068,false,EFF_METHANE_GT_OCGT,FOSSIL_METHANE_DIRECT_CO2,MC_METHANE_GT_OCGT,AVAIL_THERMAL_GT_OCGT,SCENARIO_CAPACITY_PACKAGE_V2,POST_COAL_OIL TECHNOLOGY GEOGRAPHY,PROJECT STATIC SOLVER MAPPING,STATIC_CANDIDATE; NUMERICAL_COST_EFFICIENCY_AVAILABILITY_PENDING
High,2040,2040_HIGH_CALA_GT_OCGT,CALA,GT_OCGT,GT_OCGT,METHANE,methane_gt_ocgt,216.218464413,false,EFF_METHANE_GT_OCGT,FOSSIL_METHANE_DIRECT_CO2,MC_METHANE_GT_OCGT,AVAIL_THERMAL_GT_OCGT,SCENARIO_CAPACITY_PACKAGE_V2,POST_COAL_OIL TECHNOLOGY GEOGRAPHY,PROJECT STATIC SOLVER MAPPING,STATIC_CANDIDATE; NUMERICAL_COST_EFFICIENCY_AVAILABILITY_PENDING
High,2040,2040_HIGH_SICI_GT_OCGT,SICI,GT_OCGT,GT_OCGT,METHANE,methane_gt_ocgt,652.525027236,false,EFF_METHANE_GT_OCGT,FOSSIL_METHANE_DIRECT_CO2,MC_METHANE_GT_OCGT,AVAIL_THERMAL_GT_OCGT,SCENARIO_CAPACITY_PACKAGE_V2,POST_COAL_OIL TECHNOLOGY GEOGRAPHY,PROJECT STATIC SOLVER MAPPING,STATIC_CANDIDATE; NUMERICAL_COST_EFFICIENCY_AVAILABILITY_PENDING
High,2040,2040_HIGH_SARD_GT_OCGT,SARD,GT_OCGT,GT_OCGT,METHANE,methane_gt_ocgt,139.028766432,false,EFF_METHANE_GT_OCGT,FOSSIL_METHANE_DIRECT_CO2,MC_METHANE_GT_OCGT,AVAIL_THERMAL_GT_OCGT,SCENARIO_CAPACITY_PACKAGE_V2,POST_COAL_OIL TECHNOLOGY GEOGRAPHY,PROJECT STATIC SOLVER MAPPING,STATIC_CANDIDATE; NUMERICAL_COST_EFFICIENCY_AVAILABILITY_PENDING
High,2040,2040_HIGH_NORD_INTERNAL_COMBUSTION,NORD,INTERNAL_COMBUSTION,INTERNAL_COMBUSTION,METHANE,methane_internal_combustion,3456.449708873,false,EFF_METHANE_INTERNAL_COMBUSTION,FOSSIL_METHANE_DIRECT_CO2,MC_METHANE_INTERNAL_COMBUSTION,AVAIL_THERMAL_ENGINE,SCENARIO_CAPACITY_PACKAGE_V2,POST_COAL_OIL TECHNOLOGY GEOGRAPHY,PROJECT STATIC SOLVER MAPPING,STATIC_CANDIDATE; NUMERICAL_COST_EFFICIENCY_AVAILABILITY_PENDING
High,2040,2040_HIGH_CNOR_INTERNAL_COMBUSTION,CNOR,INTERNAL_COMBUSTION,INTERNAL_COMBUSTION,METHANE,methane_internal_combustion,388.057148474,false,EFF_METHANE_INTERNAL_COMBUSTION,FOSSIL_METHANE_DIRECT_CO2,MC_METHANE_INTERNAL_COMBUSTION,AVAIL_THERMAL_ENGINE,SCENARIO_CAPACITY_PACKAGE_V2,POST_COAL_OIL TECHNOLOGY GEOGRAPHY,PROJECT STATIC SOLVER MAPPING,STATIC_CANDIDATE; NUMERICAL_COST_EFFICIENCY_AVAILABILITY_PENDING
High,2040,2040_HIGH_CSUD_INTERNAL_COMBUSTION,CSUD,INTERNAL_COMBUSTION,INTERNAL_COMBUSTION,METHANE,methane_internal_combustion,780.4036866,false,EFF_METHANE_INTERNAL_COMBUSTION,FOSSIL_METHANE_DIRECT_CO2,MC_METHANE_INTERNAL_COMBUSTION,AVAIL_THERMAL_ENGINE,SCENARIO_CAPACITY_PACKAGE_V2,POST_COAL_OIL TECHNOLOGY GEOGRAPHY,PROJECT STATIC SOLVER MAPPING,STATIC_CANDIDATE; NUMERICAL_COST_EFFICIENCY_AVAILABILITY_PENDING
High,2040,2040_HIGH_SUD_INTERNAL_COMBUSTION,SUD,INTERNAL_COMBUSTION,INTERNAL_COMBUSTION,METHANE,methane_internal_combustion,437.833098679,false,EFF_METHANE_INTERNAL_COMBUSTION,FOSSIL_METHANE_DIRECT_CO2,MC_METHANE_INTERNAL_COMBUSTION,AVAIL_THERMAL_ENGINE,SCENARIO_CAPACITY_PACKAGE_V2,POST_COAL_OIL TECHNOLOGY GEOGRAPHY,PROJECT STATIC SOLVER MAPPING,STATIC_CANDIDATE; NUMERICAL_COST_EFFICIENCY_AVAILABILITY_PENDING
High,2040,2040_HIGH_CALA_INTERNAL_COMBUSTION,CALA,INTERNAL_COMBUSTION,INTERNAL_COMBUSTION,METHANE,methane_internal_combustion,38.206958732,false,EFF_METHANE_INTERNAL_COMBUSTION,FOSSIL_METHANE_DIRECT_CO2,MC_METHANE_INTERNAL_COMBUSTION,AVAIL_THERMAL_ENGINE,SCENARIO_CAPACITY_PACKAGE_V2,POST_COAL_OIL TECHNOLOGY GEOGRAPHY,PROJECT STATIC SOLVER MAPPING,STATIC_CANDIDATE; NUMERICAL_COST_EFFICIENCY_AVAILABILITY_PENDING
High,2040,2040_HIGH_SICI_INTERNAL_COMBUSTION,SICI,INTERNAL_COMBUSTION,INTERNAL_COMBUSTION,METHANE,methane_internal_combustion,206.615562143,false,EFF_METHANE_INTERNAL_COMBUSTION,FOSSIL_METHANE_DIRECT_CO2,MC_METHANE_INTERNAL_COMBUSTION,AVAIL_THERMAL_ENGINE,SCENARIO_CAPACITY_PACKAGE_V2,POST_COAL_OIL TECHNOLOGY GEOGRAPHY,PROJECT STATIC SOLVER MAPPING,STATIC_CANDIDATE; NUMERICAL_COST_EFFICIENCY_AVAILABILITY_PENDING
High,2040,2040_HIGH_SARD_INTERNAL_COMBUSTION,SARD,INTERNAL_COMBUSTION,INTERNAL_COMBUSTION,METHANE,methane_internal_combustion,22.337288474,false,EFF_METHANE_INTERNAL_COMBUSTION,FOSSIL_METHANE_DIRECT_CO2,MC_METHANE_INTERNAL_COMBUSTION,AVAIL_THERMAL_ENGINE,SCENARIO_CAPACITY_PACKAGE_V2,POST_COAL_OIL TECHNOLOGY GEOGRAPHY,PROJECT STATIC SOLVER MAPPING,STATIC_CANDIDATE; NUMERICAL_COST_EFFICIENCY_AVAILABILITY_PENDING
High,2040,2040_HIGH_NORD_STEAM_OTHER_SURVIVING,NORD,STEAM_OTHER_SURVIVING,STEAM_OTHER,METHANE,methane_steam_other,1588.168234432,false,EFF_METHANE_STEAM_OTHER,FOSSIL_METHANE_DIRECT_CO2,MC_METHANE_STEAM_OTHER,AVAIL_THERMAL_STEAM,SCENARIO_CAPACITY_PACKAGE_V2,POST_COAL_OIL TECHNOLOGY GEOGRAPHY,PROJECT STATIC SOLVER MAPPING,STATIC_CANDIDATE; NUMERICAL_COST_EFFICIENCY_AVAILABILITY_PENDING
High,2040,2040_HIGH_CNOR_STEAM_OTHER_SURVIVING,CNOR,STEAM_OTHER_SURVIVING,STEAM_OTHER,METHANE,methane_steam_other,50.690815099,false,EFF_METHANE_STEAM_OTHER,FOSSIL_METHANE_DIRECT_CO2,MC_METHANE_STEAM_OTHER,AVAIL_THERMAL_STEAM,SCENARIO_CAPACITY_PACKAGE_V2,POST_COAL_OIL TECHNOLOGY GEOGRAPHY,PROJECT STATIC SOLVER MAPPING,STATIC_CANDIDATE; NUMERICAL_COST_EFFICIENCY_AVAILABILITY_PENDING
High,2040,2040_HIGH_CSUD_STEAM_OTHER_SURVIVING,CSUD,STEAM_OTHER_SURVIVING,STEAM_OTHER,METHANE,methane_steam_other,178.980072753,false,EFF_METHANE_STEAM_OTHER,FOSSIL_METHANE_DIRECT_CO2,MC_METHANE_STEAM_OTHER,AVAIL_THERMAL_STEAM,SCENARIO_CAPACITY_PACKAGE_V2,POST_COAL_OIL TECHNOLOGY GEOGRAPHY,PROJECT STATIC SOLVER MAPPING,STATIC_CANDIDATE; NUMERICAL_COST_EFFICIENCY_AVAILABILITY_PENDING
High,2040,2040_HIGH_SUD_STEAM_OTHER_SURVIVING,SUD,STEAM_OTHER_SURVIVING,STEAM_OTHER,METHANE,methane_steam_other,542.704350915,false,EFF_METHANE_STEAM_OTHER,FOSSIL_METHANE_DIRECT_CO2,MC_METHANE_STEAM_OTHER,AVAIL_THERMAL_STEAM,SCENARIO_CAPACITY_PACKAGE_V2,POST_COAL_OIL TECHNOLOGY GEOGRAPHY,PROJECT STATIC SOLVER MAPPING,STATIC_CANDIDATE; NUMERICAL_COST_EFFICIENCY_AVAILABILITY_PENDING
High,2040,2040_HIGH_CALA_STEAM_OTHER_SURVIVING,CALA,STEAM_OTHER_SURVIVING,STEAM_OTHER,METHANE,methane_steam_other,144.709481828,false,EFF_METHANE_STEAM_OTHER,FOSSIL_METHANE_DIRECT_CO2,MC_METHANE_STEAM_OTHER,AVAIL_THERMAL_STEAM,SCENARIO_CAPACITY_PACKAGE_V2,POST_COAL_OIL TECHNOLOGY GEOGRAPHY,PROJECT STATIC SOLVER MAPPING,STATIC_CANDIDATE; NUMERICAL_COST_EFFICIENCY_AVAILABILITY_PENDING
High,2040,2040_HIGH_SICI_STEAM_OTHER_SURVIVING,SICI,STEAM_OTHER_SURVIVING,STEAM_OTHER,METHANE,methane_steam_other,142.573999974,false,EFF_METHANE_STEAM_OTHER,FOSSIL_METHANE_DIRECT_CO2,MC_METHANE_STEAM_OTHER,AVAIL_THERMAL_STEAM,SCENARIO_CAPACITY_PACKAGE_V2,POST_COAL_OIL TECHNOLOGY GEOGRAPHY,PROJECT STATIC SOLVER MAPPING,STATIC_CANDIDATE; NUMERICAL_COST_EFFICIENCY_AVAILABILITY_PENDING
High,2040,2040_HIGH_SARD_STEAM_OTHER_SURVIVING,SARD,STEAM_OTHER_SURVIVING,STEAM_OTHER,METHANE,methane_steam_other,246.720448909,false,EFF_METHANE_STEAM_OTHER,FOSSIL_METHANE_DIRECT_CO2,MC_METHANE_STEAM_OTHER,AVAIL_THERMAL_STEAM,SCENARIO_CAPACITY_PACKAGE_V2,POST_COAL_OIL TECHNOLOGY GEOGRAPHY,PROJECT STATIC SOLVER MAPPING,STATIC_CANDIDATE; NUMERICAL_COST_EFFICIENCY_AVAILABILITY_PENDING
High,2040,2040_HIGH_NORD_OTHER_SURVIVING_THERMAL,NORD,OTHER_SURVIVING_THERMAL,OTHER_THERMAL,METHANE,methane_other_thermal,53.151228556,false,EFF_METHANE_OTHER_THERMAL,FOSSIL_METHANE_DIRECT_CO2,MC_METHANE_OTHER_THERMAL,AVAIL_THERMAL_OTHER,SCENARIO_CAPACITY_PACKAGE_V2,POST_COAL_OIL TECHNOLOGY GEOGRAPHY,PROJECT STATIC SOLVER MAPPING,STATIC_CANDIDATE; NUMERICAL_COST_EFFICIENCY_AVAILABILITY_PENDING
High,2040,2040_HIGH_CNOR_OTHER_SURVIVING_THERMAL,CNOR,OTHER_SURVIVING_THERMAL,OTHER_THERMAL,METHANE,methane_other_thermal,34.351116281,false,EFF_METHANE_OTHER_THERMAL,FOSSIL_METHANE_DIRECT_CO2,MC_METHANE_OTHER_THERMAL,AVAIL_THERMAL_OTHER,SCENARIO_CAPACITY_PACKAGE_V2,POST_COAL_OIL TECHNOLOGY GEOGRAPHY,PROJECT STATIC SOLVER MAPPING,STATIC_CANDIDATE; NUMERICAL_COST_EFFICIENCY_AVAILABILITY_PENDING
High,2040,2040_HIGH_CSUD_OTHER_SURVIVING_THERMAL,CSUD,OTHER_SURVIVING_THERMAL,OTHER_THERMAL,METHANE,methane_other_thermal,31.065187014,false,EFF_METHANE_OTHER_THERMAL,FOSSIL_METHANE_DIRECT_CO2,MC_METHANE_OTHER_THERMAL,AVAIL_THERMAL_OTHER,SCENARIO_CAPACITY_PACKAGE_V2,POST_COAL_OIL TECHNOLOGY GEOGRAPHY,PROJECT STATIC SOLVER MAPPING,STATIC_CANDIDATE; NUMERICAL_COST_EFFICIENCY_AVAILABILITY_PENDING
High,2040,2040_HIGH_SUD_OTHER_SURVIVING_THERMAL,SUD,OTHER_SURVIVING_THERMAL,OTHER_THERMAL,METHANE,methane_other_thermal,120.231362984,false,EFF_METHANE_OTHER_THERMAL,FOSSIL_METHANE_DIRECT_CO2,MC_METHANE_OTHER_THERMAL,AVAIL_THERMAL_OTHER,SCENARIO_CAPACITY_PACKAGE_V2,POST_COAL_OIL TECHNOLOGY GEOGRAPHY,PROJECT STATIC SOLVER MAPPING,STATIC_CANDIDATE; NUMERICAL_COST_EFFICIENCY_AVAILABILITY_PENDING
High,2040,2040_HIGH_SICI_OTHER_SURVIVING_THERMAL,SICI,OTHER_SURVIVING_THERMAL,OTHER_THERMAL,METHANE,methane_other_thermal,22.281503519,false,EFF_METHANE_OTHER_THERMAL,FOSSIL_METHANE_DIRECT_CO2,MC_METHANE_OTHER_THERMAL,AVAIL_THERMAL_OTHER,SCENARIO_CAPACITY_PACKAGE_V2,POST_COAL_OIL TECHNOLOGY GEOGRAPHY,PROJECT STATIC SOLVER MAPPING,STATIC_CANDIDATE; NUMERICAL_COST_EFFICIENCY_AVAILABILITY_PENDING
High,2040,2040_HIGH_SARD_OTHER_SURVIVING_THERMAL,SARD,OTHER_SURVIVING_THERMAL,OTHER_THERMAL,METHANE,methane_other_thermal,28.495431878,false,EFF_METHANE_OTHER_THERMAL,FOSSIL_METHANE_DIRECT_CO2,MC_METHANE_OTHER_THERMAL,AVAIL_THERMAL_OTHER,SCENARIO_CAPACITY_PACKAGE_V2,POST_COAL_OIL TECHNOLOGY GEOGRAPHY,PROJECT STATIC SOLVER MAPPING,STATIC_CANDIDATE; NUMERICAL_COST_EFFICIENCY_AVAILABILITY_PENDING
High,2040,2040_HIGH_CNOR_GEOTHERMAL,CNOR,GEOTHERMAL,GEOTHERMAL,GEOTHERMAL,geothermal,783.053667913,false,EFF_NOT_APPLICABLE_GEOTHERMAL,ZERO_OPERATIONAL_FOSSIL_CO2,MC_GEOTHERMAL,AVAIL_GEOTHERMAL,SCENARIO_CAPACITY_PACKAGE_V2,POST_COAL_OIL TECHNOLOGY GEOGRAPHY,PROJECT STATIC SOLVER MAPPING,STATIC_CANDIDATE; NUMERICAL_COST_EFFICIENCY_AVAILABILITY_PENDING
Slow,2050,2050_SLOW_NORD_SOLAR_PV_ROOFTOP,NORD,SOLAR_PV_ROOFTOP,SOLAR_PV_ROOFTOP,NONE,solar_pv_rooftop,40691.480562448,false,NOT_APPLICABLE_VRE,ZERO_OPERATIONAL_CO2,MC_VRE,PROFILE_SOLAR_PV_ROOFTOP,SCENARIO_CAPACITY_PACKAGE_V2,FROZEN V2.9 ZONAL ALLOCATION,PROJECT STATIC SOLVER MAPPING,STATIC_CANDIDATE; NUMERICAL_COST_EFFICIENCY_AVAILABILITY_PENDING
Slow,2050,2050_SLOW_CNOR_SOLAR_PV_ROOFTOP,CNOR,SOLAR_PV_ROOFTOP,SOLAR_PV_ROOFTOP,NONE,solar_pv_rooftop,5349.875930521,false,NOT_APPLICABLE_VRE,ZERO_OPERATIONAL_CO2,MC_VRE,PROFILE_SOLAR_PV_ROOFTOP,SCENARIO_CAPACITY_PACKAGE_V2,FROZEN V2.9 ZONAL ALLOCATION,PROJECT STATIC SOLVER MAPPING,STATIC_CANDIDATE; NUMERICAL_COST_EFFICIENCY_AVAILABILITY_PENDING
Slow,2050,2050_SLOW_CSUD_SOLAR_PV_ROOFTOP,CSUD,SOLAR_PV_ROOFTOP,SOLAR_PV_ROOFTOP,NONE,solar_pv_rooftop,8916.459884202,false,NOT_APPLICABLE_VRE,ZERO_OPERATIONAL_CO2,MC_VRE,PROFILE_SOLAR_PV_ROOFTOP,SCENARIO_CAPACITY_PACKAGE_V2,FROZEN V2.9 ZONAL ALLOCATION,PROJECT STATIC SOLVER MAPPING,STATIC_CANDIDATE; NUMERICAL_COST_EFFICIENCY_AVAILABILITY_PENDING
Slow,2050,2050_SLOW_SUD_SOLAR_PV_ROOFTOP,SUD,SOLAR_PV_ROOFTOP,SOLAR_PV_ROOFTOP,NONE,solar_pv_rooftop,2755.996691481,false,NOT_APPLICABLE_VRE,ZERO_OPERATIONAL_CO2,MC_VRE,PROFILE_SOLAR_PV_ROOFTOP,SCENARIO_CAPACITY_PACKAGE_V2,FROZEN V2.9 ZONAL ALLOCATION,PROJECT STATIC SOLVER MAPPING,STATIC_CANDIDATE; NUMERICAL_COST_EFFICIENCY_AVAILABILITY_PENDING
Slow,2050,2050_SLOW_CALA_SOLAR_PV_ROOFTOP,CALA,SOLAR_PV_ROOFTOP,SOLAR_PV_ROOFTOP,NONE,solar_pv_rooftop,1783.29197684,false,NOT_APPLICABLE_VRE,ZERO_OPERATIONAL_CO2,MC_VRE,PROFILE_SOLAR_PV_ROOFTOP,SCENARIO_CAPACITY_PACKAGE_V2,FROZEN V2.9 ZONAL ALLOCATION,PROJECT STATIC SOLVER MAPPING,STATIC_CANDIDATE; NUMERICAL_COST_EFFICIENCY_AVAILABILITY_PENDING
Slow,2050,2050_SLOW_SICI_SOLAR_PV_ROOFTOP,SICI,SOLAR_PV_ROOFTOP,SOLAR_PV_ROOFTOP,NONE,solar_pv_rooftop,5349.875930521,false,NOT_APPLICABLE_VRE,ZERO_OPERATIONAL_CO2,MC_VRE,PROFILE_SOLAR_PV_ROOFTOP,SCENARIO_CAPACITY_PACKAGE_V2,FROZEN V2.9 ZONAL ALLOCATION,PROJECT STATIC SOLVER MAPPING,STATIC_CANDIDATE; NUMERICAL_COST_EFFICIENCY_AVAILABILITY_PENDING
Slow,2050,2050_SLOW_SARD_SOLAR_PV_ROOFTOP,SARD,SOLAR_PV_ROOFTOP,SOLAR_PV_ROOFTOP,NONE,solar_pv_rooftop,2755.996691481,false,NOT_APPLICABLE_VRE,ZERO_OPERATIONAL_CO2,MC_VRE,PROFILE_SOLAR_PV_ROOFTOP,SCENARIO_CAPACITY_PACKAGE_V2,FROZEN V2.9 ZONAL ALLOCATION,PROJECT STATIC SOLVER MAPPING,STATIC_CANDIDATE; NUMERICAL_COST_EFFICIENCY_AVAILABILITY_PENDING
Slow,2050,2050_SLOW_NORD_SOLAR_PV_UTILITY,NORD,SOLAR_PV_UTILITY,SOLAR_PV_UTILITY,NONE,solar_pv_utility,28046.319272126,false,NOT_APPLICABLE_VRE,ZERO_OPERATIONAL_CO2,MC_VRE,PROFILE_SOLAR_PV_UTILITY,SCENARIO_CAPACITY_PACKAGE_V2,FROZEN V2.9 ZONAL ALLOCATION,PROJECT STATIC SOLVER MAPPING,STATIC_CANDIDATE; NUMERICAL_COST_EFFICIENCY_AVAILABILITY_PENDING
Slow,2050,2050_SLOW_CNOR_SOLAR_PV_UTILITY,CNOR,SOLAR_PV_UTILITY,SOLAR_PV_UTILITY,NONE,solar_pv_utility,10213.399503722,false,NOT_APPLICABLE_VRE,ZERO_OPERATIONAL_CO2,MC_VRE,PROFILE_SOLAR_PV_UTILITY,SCENARIO_CAPACITY_PACKAGE_V2,FROZEN V2.9 ZONAL ALLOCATION,PROJECT STATIC SOLVER MAPPING,STATIC_CANDIDATE; NUMERICAL_COST_EFFICIENCY_AVAILABILITY_PENDING
Slow,2050,2050_SLOW_CSUD_SOLAR_PV_UTILITY,CSUD,SOLAR_PV_UTILITY,SOLAR_PV_UTILITY,NONE,solar_pv_utility,23669.148056245,false,NOT_APPLICABLE_VRE,ZERO_OPERATIONAL_CO2,MC_VRE,PROFILE_SOLAR_PV_UTILITY,SCENARIO_CAPACITY_PACKAGE_V2,FROZEN V2.9 ZONAL ALLOCATION,PROJECT STATIC SOLVER MAPPING,STATIC_CANDIDATE; NUMERICAL_COST_EFFICIENCY_AVAILABILITY_PENDING
Slow,2050,2050_SLOW_SUD_SOLAR_PV_UTILITY,SUD,SOLAR_PV_UTILITY,SOLAR_PV_UTILITY,NONE,solar_pv_utility,31288.668320926,false,NOT_APPLICABLE_VRE,ZERO_OPERATIONAL_CO2,MC_VRE,PROFILE_SOLAR_PV_UTILITY,SCENARIO_CAPACITY_PACKAGE_V2,FROZEN V2.9 ZONAL ALLOCATION,PROJECT STATIC SOLVER MAPPING,STATIC_CANDIDATE; NUMERICAL_COST_EFFICIENCY_AVAILABILITY_PENDING
Slow,2050,2050_SLOW_CALA_SOLAR_PV_UTILITY,CALA,SOLAR_PV_UTILITY,SOLAR_PV_UTILITY,NONE,solar_pv_utility,4052.936311001,false,NOT_APPLICABLE_VRE,ZERO_OPERATIONAL_CO2,MC_VRE,PROFILE_SOLAR_PV_UTILITY,SCENARIO_CAPACITY_PACKAGE_V2,FROZEN V2.9 ZONAL ALLOCATION,PROJECT STATIC SOLVER MAPPING,STATIC_CANDIDATE; NUMERICAL_COST_EFFICIENCY_AVAILABILITY_PENDING
Slow,2050,2050_SLOW_SICI_SOLAR_PV_UTILITY,SICI,SOLAR_PV_UTILITY,SOLAR_PV_UTILITY,NONE,solar_pv_utility,18643.507030604,false,NOT_APPLICABLE_VRE,ZERO_OPERATIONAL_CO2,MC_VRE,PROFILE_SOLAR_PV_UTILITY,SCENARIO_CAPACITY_PACKAGE_V2,FROZEN V2.9 ZONAL ALLOCATION,PROJECT STATIC SOLVER MAPPING,STATIC_CANDIDATE; NUMERICAL_COST_EFFICIENCY_AVAILABILITY_PENDING
Slow,2050,2050_SLOW_SARD_SOLAR_PV_UTILITY,SARD,SOLAR_PV_UTILITY,SOLAR_PV_UTILITY,NONE,solar_pv_utility,12483.043837883,false,NOT_APPLICABLE_VRE,ZERO_OPERATIONAL_CO2,MC_VRE,PROFILE_SOLAR_PV_UTILITY,SCENARIO_CAPACITY_PACKAGE_V2,FROZEN V2.9 ZONAL ALLOCATION,PROJECT STATIC SOLVER MAPPING,STATIC_CANDIDATE; NUMERICAL_COST_EFFICIENCY_AVAILABILITY_PENDING
Slow,2050,2050_SLOW_NORD_WIND_ONSHORE,NORD,WIND_ONSHORE,WIND_ONSHORE,NONE,wind_onshore,506.744868035,false,NOT_APPLICABLE_VRE,ZERO_OPERATIONAL_CO2,MC_VRE,PROFILE_WIND_ONSHORE,SCENARIO_CAPACITY_PACKAGE_V2,FROZEN V2.9 ZONAL ALLOCATION,PROJECT STATIC SOLVER MAPPING,STATIC_CANDIDATE; NUMERICAL_COST_EFFICIENCY_AVAILABILITY_PENDING
Slow,2050,2050_SLOW_CNOR_WIND_ONSHORE,CNOR,WIND_ONSHORE,WIND_ONSHORE,NONE,wind_onshore,337.829912023,false,NOT_APPLICABLE_VRE,ZERO_OPERATIONAL_CO2,MC_VRE,PROFILE_WIND_ONSHORE,SCENARIO_CAPACITY_PACKAGE_V2,FROZEN V2.9 ZONAL ALLOCATION,PROJECT STATIC SOLVER MAPPING,STATIC_CANDIDATE; NUMERICAL_COST_EFFICIENCY_AVAILABILITY_PENDING
Slow,2050,2050_SLOW_CSUD_WIND_ONSHORE,CSUD,WIND_ONSHORE,WIND_ONSHORE,NONE,wind_onshore,5743.108504399,false,NOT_APPLICABLE_VRE,ZERO_OPERATIONAL_CO2,MC_VRE,PROFILE_WIND_ONSHORE,SCENARIO_CAPACITY_PACKAGE_V2,FROZEN V2.9 ZONAL ALLOCATION,PROJECT STATIC SOLVER MAPPING,STATIC_CANDIDATE; NUMERICAL_COST_EFFICIENCY_AVAILABILITY_PENDING
Slow,2050,2050_SLOW_SUD_WIND_ONSHORE,SUD,WIND_ONSHORE,WIND_ONSHORE,NONE,wind_onshore,11148.387096774,false,NOT_APPLICABLE_VRE,ZERO_OPERATIONAL_CO2,MC_VRE,PROFILE_WIND_ONSHORE,SCENARIO_CAPACITY_PACKAGE_V2,FROZEN V2.9 ZONAL ALLOCATION,PROJECT STATIC SOLVER MAPPING,STATIC_CANDIDATE; NUMERICAL_COST_EFFICIENCY_AVAILABILITY_PENDING
Slow,2050,2050_SLOW_CALA_WIND_ONSHORE,CALA,WIND_ONSHORE,WIND_ONSHORE,NONE,wind_onshore,2787.096774194,false,NOT_APPLICABLE_VRE,ZERO_OPERATIONAL_CO2,MC_VRE,PROFILE_WIND_ONSHORE,SCENARIO_CAPACITY_PACKAGE_V2,FROZEN V2.9 ZONAL ALLOCATION,PROJECT STATIC SOLVER MAPPING,STATIC_CANDIDATE; NUMERICAL_COST_EFFICIENCY_AVAILABILITY_PENDING
Slow,2050,2050_SLOW_SICI_WIND_ONSHORE,SICI,WIND_ONSHORE,WIND_ONSHORE,NONE,wind_onshore,5320.82111437,false,NOT_APPLICABLE_VRE,ZERO_OPERATIONAL_CO2,MC_VRE,PROFILE_WIND_ONSHORE,SCENARIO_CAPACITY_PACKAGE_V2,FROZEN V2.9 ZONAL ALLOCATION,PROJECT STATIC SOLVER MAPPING,STATIC_CANDIDATE; NUMERICAL_COST_EFFICIENCY_AVAILABILITY_PENDING
Slow,2050,2050_SLOW_SARD_WIND_ONSHORE,SARD,WIND_ONSHORE,WIND_ONSHORE,NONE,wind_onshore,2956.011730205,false,NOT_APPLICABLE_VRE,ZERO_OPERATIONAL_CO2,MC_VRE,PROFILE_WIND_ONSHORE,SCENARIO_CAPACITY_PACKAGE_V2,FROZEN V2.9 ZONAL ALLOCATION,PROJECT STATIC SOLVER MAPPING,STATIC_CANDIDATE; NUMERICAL_COST_EFFICIENCY_AVAILABILITY_PENDING
Slow,2050,2050_SLOW_NORD_WIND_OFFSHORE,NORD,WIND_OFFSHORE,WIND_OFFSHORE,NONE,wind_offshore,1184.210526316,false,NOT_APPLICABLE_VRE,ZERO_OPERATIONAL_CO2,MC_VRE,PROFILE_WIND_OFFSHORE,SCENARIO_CAPACITY_PACKAGE_V2,FROZEN V2.9 ZONAL ALLOCATION,PROJECT STATIC SOLVER MAPPING,STATIC_CANDIDATE; NUMERICAL_COST_EFFICIENCY_AVAILABILITY_PENDING
Slow,2050,2050_SLOW_CNOR_WIND_OFFSHORE,CNOR,WIND_OFFSHORE,WIND_OFFSHORE,NONE,wind_offshore,631.578947368,false,NOT_APPLICABLE_VRE,ZERO_OPERATIONAL_CO2,MC_VRE,PROFILE_WIND_OFFSHORE,SCENARIO_CAPACITY_PACKAGE_V2,FROZEN V2.9 ZONAL ALLOCATION,PROJECT STATIC SOLVER MAPPING,STATIC_CANDIDATE; NUMERICAL_COST_EFFICIENCY_AVAILABILITY_PENDING
Slow,2050,2050_SLOW_CSUD_WIND_OFFSHORE,CSUD,WIND_OFFSHORE,WIND_OFFSHORE,NONE,wind_offshore,1263.157894737,false,NOT_APPLICABLE_VRE,ZERO_OPERATIONAL_CO2,MC_VRE,PROFILE_WIND_OFFSHORE,SCENARIO_CAPACITY_PACKAGE_V2,FROZEN V2.9 ZONAL ALLOCATION,PROJECT STATIC SOLVER MAPPING,STATIC_CANDIDATE; NUMERICAL_COST_EFFICIENCY_AVAILABILITY_PENDING
Slow,2050,2050_SLOW_SUD_WIND_OFFSHORE,SUD,WIND_OFFSHORE,WIND_OFFSHORE,NONE,wind_offshore,3710.526315789,false,NOT_APPLICABLE_VRE,ZERO_OPERATIONAL_CO2,MC_VRE,PROFILE_WIND_OFFSHORE,SCENARIO_CAPACITY_PACKAGE_V2,FROZEN V2.9 ZONAL ALLOCATION,PROJECT STATIC SOLVER MAPPING,STATIC_CANDIDATE; NUMERICAL_COST_EFFICIENCY_AVAILABILITY_PENDING
Slow,2050,2050_SLOW_CALA_WIND_OFFSHORE,CALA,WIND_OFFSHORE,WIND_OFFSHORE,NONE,wind_offshore,473.684210526,false,NOT_APPLICABLE_VRE,ZERO_OPERATIONAL_CO2,MC_VRE,PROFILE_WIND_OFFSHORE,SCENARIO_CAPACITY_PACKAGE_V2,FROZEN V2.9 ZONAL ALLOCATION,PROJECT STATIC SOLVER MAPPING,STATIC_CANDIDATE; NUMERICAL_COST_EFFICIENCY_AVAILABILITY_PENDING
Slow,2050,2050_SLOW_SICI_WIND_OFFSHORE,SICI,WIND_OFFSHORE,WIND_OFFSHORE,NONE,wind_offshore,2368.421052632,false,NOT_APPLICABLE_VRE,ZERO_OPERATIONAL_CO2,MC_VRE,PROFILE_WIND_OFFSHORE,SCENARIO_CAPACITY_PACKAGE_V2,FROZEN V2.9 ZONAL ALLOCATION,PROJECT STATIC SOLVER MAPPING,STATIC_CANDIDATE; NUMERICAL_COST_EFFICIENCY_AVAILABILITY_PENDING
Slow,2050,2050_SLOW_SARD_WIND_OFFSHORE,SARD,WIND_OFFSHORE,WIND_OFFSHORE,NONE,wind_offshore,2368.421052632,false,NOT_APPLICABLE_VRE,ZERO_OPERATIONAL_CO2,MC_VRE,PROFILE_WIND_OFFSHORE,SCENARIO_CAPACITY_PACKAGE_V2,FROZEN V2.9 ZONAL ALLOCATION,PROJECT STATIC SOLVER MAPPING,STATIC_CANDIDATE; NUMERICAL_COST_EFFICIENCY_AVAILABILITY_PENDING
Slow,2050,2050_SLOW_NORD_HYDRO_RUN_OF_RIVER,NORD,HYDRO_RUN_OF_RIVER,RUN_OF_RIVER_TURBINE,WATER_INFLOW,hydro_run_of_river,5228.210866305,false,EFF_HYDRO_TURBINE,ZERO_OPERATIONAL_CO2,MC_HYDRO,PROFILE_HYDRO_ROR_INFLOW,SCENARIO_CAPACITY_PACKAGE_V2,NORD DIRECT CLASS VALUES SCALED 0.006% TO ZONAL NON-PUMPED CONTROL,PROJECT STATIC SOLVER MAPPING,STATIC_CANDIDATE; NUMERICAL_COST_EFFICIENCY_AVAILABILITY_PENDING
Slow,2050,2050_SLOW_CNOR_HYDRO_RUN_OF_RIVER,CNOR,HYDRO_RUN_OF_RIVER,RUN_OF_RIVER_TURBINE,WATER_INFLOW,hydro_run_of_river,209.314034422,false,EFF_HYDRO_TURBINE,ZERO_OPERATIONAL_CO2,MC_HYDRO,PROFILE_HYDRO_ROR_INFLOW,SCENARIO_CAPACITY_PACKAGE_V2,ROR residual allocated using open HDAM programmable-capacity floor; remaining programmable capacity split to basin/reservoir by residual national controls,PROJECT STATIC SOLVER MAPPING,STATIC_CANDIDATE; NUMERICAL_COST_EFFICIENCY_AVAILABILITY_PENDING
Slow,2050,2050_SLOW_CSUD_HYDRO_RUN_OF_RIVER,CSUD,HYDRO_RUN_OF_RIVER,RUN_OF_RIVER_TURBINE,WATER_INFLOW,hydro_run_of_river,579.820027388,false,EFF_HYDRO_TURBINE,ZERO_OPERATIONAL_CO2,MC_HYDRO,PROFILE_HYDRO_ROR_INFLOW,SCENARIO_CAPACITY_PACKAGE_V2,ROR residual allocated using open HDAM programmable-capacity floor; remaining programmable capacity split to basin/reservoir by residual national controls,PROJECT STATIC SOLVER MAPPING,STATIC_CANDIDATE; NUMERICAL_COST_EFFICIENCY_AVAILABILITY_PENDING
Slow,2050,2050_SLOW_SUD_HYDRO_RUN_OF_RIVER,SUD,HYDRO_RUN_OF_RIVER,RUN_OF_RIVER_TURBINE,WATER_INFLOW,hydro_run_of_river,45.411334869,false,EFF_HYDRO_TURBINE,ZERO_OPERATIONAL_CO2,MC_HYDRO,PROFILE_HYDRO_ROR_INFLOW,SCENARIO_CAPACITY_PACKAGE_V2,ROR residual allocated using open HDAM programmable-capacity floor; remaining programmable capacity split to basin/reservoir by residual national controls,PROJECT STATIC SOLVER MAPPING,STATIC_CANDIDATE; NUMERICAL_COST_EFFICIENCY_AVAILABILITY_PENDING
Slow,2050,2050_SLOW_CALA_HYDRO_RUN_OF_RIVER,CALA,HYDRO_RUN_OF_RIVER,RUN_OF_RIVER_TURBINE,WATER_INFLOW,hydro_run_of_river,106.743829899,false,EFF_HYDRO_TURBINE,ZERO_OPERATIONAL_CO2,MC_HYDRO,PROFILE_HYDRO_ROR_INFLOW,SCENARIO_CAPACITY_PACKAGE_V2,ROR residual allocated using open HDAM programmable-capacity floor; remaining programmable capacity split to basin/reservoir by residual national controls,PROJECT STATIC SOLVER MAPPING,STATIC_CANDIDATE; NUMERICAL_COST_EFFICIENCY_AVAILABILITY_PENDING
Slow,2050,2050_SLOW_SICI_HYDRO_RUN_OF_RIVER,SICI,HYDRO_RUN_OF_RIVER,RUN_OF_RIVER_TURBINE,WATER_INFLOW,hydro_run_of_river,31.552391362,false,EFF_HYDRO_TURBINE,ZERO_OPERATIONAL_CO2,MC_HYDRO,PROFILE_HYDRO_ROR_INFLOW,SCENARIO_CAPACITY_PACKAGE_V2,ROR residual allocated using open HDAM programmable-capacity floor; remaining programmable capacity split to basin/reservoir by residual national controls,PROJECT STATIC SOLVER MAPPING,STATIC_CANDIDATE; NUMERICAL_COST_EFFICIENCY_AVAILABILITY_PENDING
Slow,2050,2050_SLOW_SARD_HYDRO_RUN_OF_RIVER,SARD,HYDRO_RUN_OF_RIVER,RUN_OF_RIVER_TURBINE,WATER_INFLOW,hydro_run_of_river,37.947515755,false,EFF_HYDRO_TURBINE,ZERO_OPERATIONAL_CO2,MC_HYDRO,PROFILE_HYDRO_ROR_INFLOW,SCENARIO_CAPACITY_PACKAGE_V2,ROR residual allocated using open HDAM programmable-capacity floor; remaining programmable capacity split to basin/reservoir by residual national controls,PROJECT STATIC SOLVER MAPPING,STATIC_CANDIDATE; NUMERICAL_COST_EFFICIENCY_AVAILABILITY_PENDING
Slow,2050,2050_SLOW_NORD_BIOENERGY,NORD,BIOENERGY,BIOENERGY_GENERATOR,BIOENERGY,bioenergy,4542.288621371,false,EFF_BIOENERGY,BIOGENIC_CO2_ACCOUNTING,MC_BIOENERGY,AVAIL_BIOENERGY,SCENARIO_CAPACITY_PACKAGE_V2,FROZEN_TECHNOLOGY_GEOGRAPHY,PROJECT STATIC SOLVER MAPPING,STATIC_CANDIDATE; NUMERICAL_COST_EFFICIENCY_AVAILABILITY_PENDING
Slow,2050,2050_SLOW_CNOR_BIOENERGY,CNOR,BIOENERGY,BIOENERGY_GENERATOR,BIOENERGY,bioenergy,343.258566564,false,EFF_BIOENERGY,BIOGENIC_CO2_ACCOUNTING,MC_BIOENERGY,AVAIL_BIOENERGY,SCENARIO_CAPACITY_PACKAGE_V2,FROZEN_TECHNOLOGY_GEOGRAPHY,PROJECT STATIC SOLVER MAPPING,STATIC_CANDIDATE; NUMERICAL_COST_EFFICIENCY_AVAILABILITY_PENDING
Slow,2050,2050_SLOW_CSUD_BIOENERGY,CSUD,BIOENERGY,BIOENERGY_GENERATOR,BIOENERGY,bioenergy,853.41991232,false,EFF_BIOENERGY,BIOGENIC_CO2_ACCOUNTING,MC_BIOENERGY,AVAIL_BIOENERGY,SCENARIO_CAPACITY_PACKAGE_V2,FROZEN_TECHNOLOGY_GEOGRAPHY,PROJECT STATIC SOLVER MAPPING,STATIC_CANDIDATE; NUMERICAL_COST_EFFICIENCY_AVAILABILITY_PENDING
Slow,2050,2050_SLOW_SUD_BIOENERGY,SUD,BIOENERGY,BIOENERGY_GENERATOR,BIOENERGY,bioenergy,853.850595084,false,EFF_BIOENERGY,BIOGENIC_CO2_ACCOUNTING,MC_BIOENERGY,AVAIL_BIOENERGY,SCENARIO_CAPACITY_PACKAGE_V2,FROZEN_TECHNOLOGY_GEOGRAPHY,PROJECT STATIC SOLVER MAPPING,STATIC_CANDIDATE; NUMERICAL_COST_EFFICIENCY_AVAILABILITY_PENDING
Slow,2050,2050_SLOW_CALA_BIOENERGY,CALA,BIOENERGY,BIOENERGY_GENERATOR,BIOENERGY,bioenergy,335.831107297,false,EFF_BIOENERGY,BIOGENIC_CO2_ACCOUNTING,MC_BIOENERGY,AVAIL_BIOENERGY,SCENARIO_CAPACITY_PACKAGE_V2,FROZEN_TECHNOLOGY_GEOGRAPHY,PROJECT STATIC SOLVER MAPPING,STATIC_CANDIDATE; NUMERICAL_COST_EFFICIENCY_AVAILABILITY_PENDING
Slow,2050,2050_SLOW_SICI_BIOENERGY,SICI,BIOENERGY,BIOENERGY_GENERATOR,BIOENERGY,bioenergy,132.916357988,false,EFF_BIOENERGY,BIOGENIC_CO2_ACCOUNTING,MC_BIOENERGY,AVAIL_BIOENERGY,SCENARIO_CAPACITY_PACKAGE_V2,FROZEN_TECHNOLOGY_GEOGRAPHY,PROJECT STATIC SOLVER MAPPING,STATIC_CANDIDATE; NUMERICAL_COST_EFFICIENCY_AVAILABILITY_PENDING
Slow,2050,2050_SLOW_SARD_BIOENERGY,SARD,BIOENERGY,BIOENERGY_GENERATOR,BIOENERGY,bioenergy,212.364886255,false,EFF_BIOENERGY,BIOGENIC_CO2_ACCOUNTING,MC_BIOENERGY,AVAIL_BIOENERGY,SCENARIO_CAPACITY_PACKAGE_V2,FROZEN_TECHNOLOGY_GEOGRAPHY,PROJECT STATIC SOLVER MAPPING,STATIC_CANDIDATE; NUMERICAL_COST_EFFICIENCY_AVAILABILITY_PENDING
Slow,2050,2050_SLOW_NORD_BIOENERGY_CCS,NORD,BIOENERGY_CCS,BIOENERGY_CCS_GENERATOR,BIOENERGY,bioenergy_ccs,2571.106766814,false,EFF_BIOENERGY_CCS,BIOGENIC_CCS_NET_NEGATIVE_CLASS,MC_BIOENERGY_CCS,AVAIL_BIOENERGY_CCS,SCENARIO_CAPACITY_PACKAGE_V2,FROZEN_TECHNOLOGY_GEOGRAPHY,PROJECT STATIC SOLVER MAPPING,STATIC_CANDIDATE; NUMERICAL_COST_EFFICIENCY_AVAILABILITY_PENDING
Slow,2050,2050_SLOW_CNOR_BIOENERGY_CCS,CNOR,BIOENERGY_CCS,BIOENERGY_CCS_GENERATOR,BIOENERGY,bioenergy_ccs,194.297301828,false,EFF_BIOENERGY_CCS,BIOGENIC_CCS_NET_NEGATIVE_CLASS,MC_BIOENERGY_CCS,AVAIL_BIOENERGY_CCS,SCENARIO_CAPACITY_PACKAGE_V2,FROZEN_TECHNOLOGY_GEOGRAPHY,PROJECT STATIC SOLVER MAPPING,STATIC_CANDIDATE; NUMERICAL_COST_EFFICIENCY_AVAILABILITY_PENDING
Slow,2050,2050_SLOW_CSUD_BIOENERGY_CCS,CSUD,BIOENERGY_CCS,BIOENERGY_CCS_GENERATOR,BIOENERGY,bioenergy_ccs,483.067874898,false,EFF_BIOENERGY_CCS,BIOGENIC_CCS_NET_NEGATIVE_CLASS,MC_BIOENERGY_CCS,AVAIL_BIOENERGY_CCS,SCENARIO_CAPACITY_PACKAGE_V2,FROZEN_TECHNOLOGY_GEOGRAPHY,PROJECT STATIC SOLVER MAPPING,STATIC_CANDIDATE; NUMERICAL_COST_EFFICIENCY_AVAILABILITY_PENDING
Slow,2050,2050_SLOW_SUD_BIOENERGY_CCS,SUD,BIOENERGY_CCS,BIOENERGY_CCS_GENERATOR,BIOENERGY,bioenergy_ccs,483.311657595,false,EFF_BIOENERGY_CCS,BIOGENIC_CCS_NET_NEGATIVE_CLASS,MC_BIOENERGY_CCS,AVAIL_BIOENERGY_CCS,SCENARIO_CAPACITY_PACKAGE_V2,FROZEN_TECHNOLOGY_GEOGRAPHY,PROJECT STATIC SOLVER MAPPING,STATIC_CANDIDATE; NUMERICAL_COST_EFFICIENCY_AVAILABILITY_PENDING
Slow,2050,2050_SLOW_CALA_BIOENERGY_CCS,CALA,BIOENERGY_CCS,BIOENERGY_CCS_GENERATOR,BIOENERGY,bioenergy_ccs,190.093079602,false,EFF_BIOENERGY_CCS,BIOGENIC_CCS_NET_NEGATIVE_CLASS,MC_BIOENERGY_CCS,AVAIL_BIOENERGY_CCS,SCENARIO_CAPACITY_PACKAGE_V2,FROZEN_TECHNOLOGY_GEOGRAPHY,PROJECT STATIC SOLVER MAPPING,STATIC_CANDIDATE; NUMERICAL_COST_EFFICIENCY_AVAILABILITY_PENDING
Slow,2050,2050_SLOW_SICI_BIOENERGY_CCS,SICI,BIOENERGY_CCS,BIOENERGY_CCS_GENERATOR,BIOENERGY,bioenergy_ccs,75.235674333,false,EFF_BIOENERGY_CCS,BIOGENIC_CCS_NET_NEGATIVE_CLASS,MC_BIOENERGY_CCS,AVAIL_BIOENERGY_CCS,SCENARIO_CAPACITY_PACKAGE_V2,FROZEN_TECHNOLOGY_GEOGRAPHY,PROJECT STATIC SOLVER MAPPING,STATIC_CANDIDATE; NUMERICAL_COST_EFFICIENCY_AVAILABILITY_PENDING
Slow,2050,2050_SLOW_SARD_BIOENERGY_CCS,SARD,BIOENERGY_CCS,BIOENERGY_CCS_GENERATOR,BIOENERGY,bioenergy_ccs,120.20653939,false,EFF_BIOENERGY_CCS,BIOGENIC_CCS_NET_NEGATIVE_CLASS,MC_BIOENERGY_CCS,AVAIL_BIOENERGY_CCS,SCENARIO_CAPACITY_PACKAGE_V2,FROZEN_TECHNOLOGY_GEOGRAPHY,PROJECT STATIC SOLVER MAPPING,STATIC_CANDIDATE; NUMERICAL_COST_EFFICIENCY_AVAILABILITY_PENDING
Slow,2050,2050_SLOW_NORD_GAS_CCS,NORD,GAS_CCS,CCGT_CCS,METHANE,methane_ccs_ccgt,11242.424982568768,false,EFF_METHANE_CCGT_CCS,FOSSIL_CCS_RESIDUAL_CO2,MC_METHANE_CCS,AVAIL_THERMAL_CCGT_CCS,SCENARIO_CAPACITY_PACKAGE_V2,COMBINED_CCGT_GEOGRAPHY,PROJECT STATIC SOLVER MAPPING,STATIC_CANDIDATE; NUMERICAL_COST_EFFICIENCY_AVAILABILITY_PENDING
Slow,2050,2050_SLOW_CNOR_GAS_CCS,CNOR,GAS_CCS,CCGT_CCS,METHANE,methane_ccs_ccgt,778.703449977753,false,EFF_METHANE_CCGT_CCS,FOSSIL_CCS_RESIDUAL_CO2,MC_METHANE_CCS,AVAIL_THERMAL_CCGT_CCS,SCENARIO_CAPACITY_PACKAGE_V2,COMBINED_CCGT_GEOGRAPHY,PROJECT STATIC SOLVER MAPPING,STATIC_CANDIDATE; NUMERICAL_COST_EFFICIENCY_AVAILABILITY_PENDING
Slow,2050,2050_SLOW_CSUD_GAS_CCS,CSUD,GAS_CCS,CCGT_CCS,METHANE,methane_ccs_ccgt,3084.131852400043,false,EFF_METHANE_CCGT_CCS,FOSSIL_CCS_RESIDUAL_CO2,MC_METHANE_CCS,AVAIL_THERMAL_CCGT_CCS,SCENARIO_CAPACITY_PACKAGE_V2,COMBINED_CCGT_GEOGRAPHY,PROJECT STATIC SOLVER MAPPING,STATIC_CANDIDATE; NUMERICAL_COST_EFFICIENCY_AVAILABILITY_PENDING
Slow,2050,2050_SLOW_SUD_GAS_CCS,SUD,GAS_CCS,CCGT_CCS,METHANE,methane_ccs_ccgt,2155.007952349045,false,EFF_METHANE_CCGT_CCS,FOSSIL_CCS_RESIDUAL_CO2,MC_METHANE_CCS,AVAIL_THERMAL_CCGT_CCS,SCENARIO_CAPACITY_PACKAGE_V2,COMBINED_CCGT_GEOGRAPHY,PROJECT STATIC SOLVER MAPPING,STATIC_CANDIDATE; NUMERICAL_COST_EFFICIENCY_AVAILABILITY_PENDING
Slow,2050,2050_SLOW_CALA_GAS_CCS,CALA,GAS_CCS,CCGT_CCS,METHANE,methane_ccs_ccgt,1575.841168588477,false,EFF_METHANE_CCGT_CCS,FOSSIL_CCS_RESIDUAL_CO2,MC_METHANE_CCS,AVAIL_THERMAL_CCGT_CCS,SCENARIO_CAPACITY_PACKAGE_V2,COMBINED_CCGT_GEOGRAPHY,PROJECT STATIC SOLVER MAPPING,STATIC_CANDIDATE; NUMERICAL_COST_EFFICIENCY_AVAILABILITY_PENDING
Slow,2050,2050_SLOW_SICI_GAS_CCS,SICI,GAS_CCS,CCGT_CCS,METHANE,methane_ccs_ccgt,1477.26929160156,false,EFF_METHANE_CCGT_CCS,FOSSIL_CCS_RESIDUAL_CO2,MC_METHANE_CCS,AVAIL_THERMAL_CCGT_CCS,SCENARIO_CAPACITY_PACKAGE_V2,COMBINED_CCGT_GEOGRAPHY,PROJECT STATIC SOLVER MAPPING,STATIC_CANDIDATE; NUMERICAL_COST_EFFICIENCY_AVAILABILITY_PENDING
Slow,2050,2050_SLOW_SARD_GAS_CCS,SARD,GAS_CCS,CCGT_CCS,METHANE,methane_ccs_ccgt,309.798880544651,false,EFF_METHANE_CCGT_CCS,FOSSIL_CCS_RESIDUAL_CO2,MC_METHANE_CCS,AVAIL_THERMAL_CCGT_CCS,SCENARIO_CAPACITY_PACKAGE_V2,COMBINED_CCGT_GEOGRAPHY,PROJECT STATIC SOLVER MAPPING,STATIC_CANDIDATE; NUMERICAL_COST_EFFICIENCY_AVAILABILITY_PENDING
Slow,2050,2050_SLOW_NORD_GAS_OTHER_FOSSIL,NORD,GAS_OTHER_FOSSIL,GT_OCGT_FUEL_FLEXIBLE,METHANE,methane_gt_ocgt,2718.029373379158,false,EFF_METHANE_GT_OCGT,FOSSIL_METHANE_DIRECT_CO2,MC_METHANE_GT_OCGT,AVAIL_THERMAL_GT_OCGT,SCENARIO_CAPACITY_PACKAGE_V2,COMBINED_GT_OCGT_GEOGRAPHY,PROJECT STATIC SOLVER MAPPING,STATIC_CANDIDATE_BASELINE_METHANE_PENDING_FUEL_SPLIT_APPROVAL
Slow,2050,2050_SLOW_CNOR_GAS_OTHER_FOSSIL,CNOR,GAS_OTHER_FOSSIL,GT_OCGT_FUEL_FLEXIBLE,METHANE,methane_gt_ocgt,1547.381487461866,false,EFF_METHANE_GT_OCGT,FOSSIL_METHANE_DIRECT_CO2,MC_METHANE_GT_OCGT,AVAIL_THERMAL_GT_OCGT,SCENARIO_CAPACITY_PACKAGE_V2,COMBINED_GT_OCGT_GEOGRAPHY,PROJECT STATIC SOLVER MAPPING,STATIC_CANDIDATE_BASELINE_METHANE_PENDING_FUEL_SPLIT_APPROVAL
Slow,2050,2050_SLOW_CSUD_GAS_OTHER_FOSSIL,CSUD,GAS_OTHER_FOSSIL,GT_OCGT_FUEL_FLEXIBLE,METHANE,methane_gt_ocgt,2482.590787964529,false,EFF_METHANE_GT_OCGT,FOSSIL_METHANE_DIRECT_CO2,MC_METHANE_GT_OCGT,AVAIL_THERMAL_GT_OCGT,SCENARIO_CAPACITY_PACKAGE_V2,COMBINED_GT_OCGT_GEOGRAPHY,PROJECT STATIC SOLVER MAPPING,STATIC_CANDIDATE_BASELINE_METHANE_PENDING_FUEL_SPLIT_APPROVAL
Slow,2050,2050_SLOW_SUD_GAS_OTHER_FOSSIL,SUD,GAS_OTHER_FOSSIL,GT_OCGT_FUEL_FLEXIBLE,METHANE,methane_gt_ocgt,826.572003283907,false,EFF_METHANE_GT_OCGT,FOSSIL_METHANE_DIRECT_CO2,MC_METHANE_GT_OCGT,AVAIL_THERMAL_GT_OCGT,SCENARIO_CAPACITY_PACKAGE_V2,COMBINED_GT_OCGT_GEOGRAPHY,PROJECT STATIC SOLVER MAPPING,STATIC_CANDIDATE_BASELINE_METHANE_PENDING_FUEL_SPLIT_APPROVAL
Slow,2050,2050_SLOW_CALA_GAS_OTHER_FOSSIL,CALA,GAS_OTHER_FOSSIL,GT_OCGT_FUEL_FLEXIBLE,METHANE,methane_gt_ocgt,697.847156462487,false,EFF_METHANE_GT_OCGT,FOSSIL_METHANE_DIRECT_CO2,MC_METHANE_GT_OCGT,AVAIL_THERMAL_GT_OCGT,SCENARIO_CAPACITY_PACKAGE_V2,COMBINED_GT_OCGT_GEOGRAPHY,PROJECT STATIC SOLVER MAPPING,STATIC_CANDIDATE_BASELINE_METHANE_PENDING_FUEL_SPLIT_APPROVAL
Slow,2050,2050_SLOW_SICI_GAS_OTHER_FOSSIL,SICI,GAS_OTHER_FOSSIL,GT_OCGT_FUEL_FLEXIBLE,METHANE,methane_gt_ocgt,2106.030750027032,false,EFF_METHANE_GT_OCGT,FOSSIL_METHANE_DIRECT_CO2,MC_METHANE_GT_OCGT,AVAIL_THERMAL_GT_OCGT,SCENARIO_CAPACITY_PACKAGE_V2,COMBINED_GT_OCGT_GEOGRAPHY,PROJECT STATIC SOLVER MAPPING,STATIC_CANDIDATE_BASELINE_METHANE_PENDING_FUEL_SPLIT_APPROVAL
Slow,2050,2050_SLOW_SARD_GAS_OTHER_FOSSIL,SARD,GAS_OTHER_FOSSIL,GT_OCGT_FUEL_FLEXIBLE,METHANE,methane_gt_ocgt,448.716669893722,false,EFF_METHANE_GT_OCGT,FOSSIL_METHANE_DIRECT_CO2,MC_METHANE_GT_OCGT,AVAIL_THERMAL_GT_OCGT,SCENARIO_CAPACITY_PACKAGE_V2,COMBINED_GT_OCGT_GEOGRAPHY,PROJECT STATIC SOLVER MAPPING,STATIC_CANDIDATE_BASELINE_METHANE_PENDING_FUEL_SPLIT_APPROVAL
Slow,2050,2050_SLOW_CNOR_GEOTHERMAL,CNOR,GEOTHERMAL,GEOTHERMAL,GEOTHERMAL,geothermal,771.79,false,EFF_NOT_APPLICABLE_GEOTHERMAL,ZERO_OPERATIONAL_FOSSIL_CO2,MC_GEOTHERMAL,AVAIL_GEOTHERMAL,SCENARIO_CAPACITY_PACKAGE_V2,FROZEN_TECHNOLOGY_GEOGRAPHY,PROJECT STATIC SOLVER MAPPING,STATIC_CANDIDATE; NUMERICAL_COST_EFFICIENCY_AVAILABILITY_PENDING
Slow,2050,2050_SLOW_NORD_NUCLEAR,NORD,NUCLEAR,NUCLEAR_REACTOR,NUCLEAR_FUEL,nuclear,5000,false,EFF_NUCLEAR_THERMAL,ZERO_DIRECT_OPERATIONAL_CO2,MC_NUCLEAR,AVAIL_NUCLEAR,SCENARIO_CAPACITY_PACKAGE_V2,FROZEN_TECHNOLOGY_GEOGRAPHY,PROJECT STATIC SOLVER MAPPING,STATIC_CANDIDATE; NUMERICAL_COST_EFFICIENCY_AVAILABILITY_PENDING
Slow,2050,2050_SLOW_CSUD_NUCLEAR,CSUD,NUCLEAR,NUCLEAR_REACTOR,NUCLEAR_FUEL,nuclear,3000,false,EFF_NUCLEAR_THERMAL,ZERO_DIRECT_OPERATIONAL_CO2,MC_NUCLEAR,AVAIL_NUCLEAR,SCENARIO_CAPACITY_PACKAGE_V2,FROZEN_TECHNOLOGY_GEOGRAPHY,PROJECT STATIC SOLVER MAPPING,STATIC_CANDIDATE; NUMERICAL_COST_EFFICIENCY_AVAILABILITY_PENDING
Base,2050,2050_BASE_NORD_SOLAR_PV_ROOFTOP,NORD,SOLAR_PV_ROOFTOP,SOLAR_PV_ROOFTOP,NONE,solar_pv_rooftop,50864.35070306,false,NOT_APPLICABLE_VRE,ZERO_OPERATIONAL_CO2,MC_VRE,PROFILE_SOLAR_PV_ROOFTOP,SCENARIO_CAPACITY_PACKAGE_V2,FROZEN V2.9 ZONAL ALLOCATION,PROJECT STATIC SOLVER MAPPING,STATIC_CANDIDATE; NUMERICAL_COST_EFFICIENCY_AVAILABILITY_PENDING
Base,2050,2050_BASE_CNOR_SOLAR_PV_ROOFTOP,CNOR,SOLAR_PV_ROOFTOP,SOLAR_PV_ROOFTOP,NONE,solar_pv_rooftop,6687.344913151,false,NOT_APPLICABLE_VRE,ZERO_OPERATIONAL_CO2,MC_VRE,PROFILE_SOLAR_PV_ROOFTOP,SCENARIO_CAPACITY_PACKAGE_V2,FROZEN V2.9 ZONAL ALLOCATION,PROJECT STATIC SOLVER MAPPING,STATIC_CANDIDATE; NUMERICAL_COST_EFFICIENCY_AVAILABILITY_PENDING
Base,2050,2050_BASE_CSUD_SOLAR_PV_ROOFTOP,CSUD,SOLAR_PV_ROOFTOP,SOLAR_PV_ROOFTOP,NONE,solar_pv_rooftop,11145.574855252,false,NOT_APPLICABLE_VRE,ZERO_OPERATIONAL_CO2,MC_VRE,PROFILE_SOLAR_PV_ROOFTOP,SCENARIO_CAPACITY_PACKAGE_V2,FROZEN V2.9 ZONAL ALLOCATION,PROJECT STATIC SOLVER MAPPING,STATIC_CANDIDATE; NUMERICAL_COST_EFFICIENCY_AVAILABILITY_PENDING
Base,2050,2050_BASE_SUD_SOLAR_PV_ROOFTOP,SUD,SOLAR_PV_ROOFTOP,SOLAR_PV_ROOFTOP,NONE,solar_pv_rooftop,3444.995864351,false,NOT_APPLICABLE_VRE,ZERO_OPERATIONAL_CO2,MC_VRE,PROFILE_SOLAR_PV_ROOFTOP,SCENARIO_CAPACITY_PACKAGE_V2,FROZEN V2.9 ZONAL ALLOCATION,PROJECT STATIC SOLVER MAPPING,STATIC_CANDIDATE; NUMERICAL_COST_EFFICIENCY_AVAILABILITY_PENDING
Base,2050,2050_BASE_CALA_SOLAR_PV_ROOFTOP,CALA,SOLAR_PV_ROOFTOP,SOLAR_PV_ROOFTOP,NONE,solar_pv_rooftop,2229.11497105,false,NOT_APPLICABLE_VRE,ZERO_OPERATIONAL_CO2,MC_VRE,PROFILE_SOLAR_PV_ROOFTOP,SCENARIO_CAPACITY_PACKAGE_V2,FROZEN V2.9 ZONAL ALLOCATION,PROJECT STATIC SOLVER MAPPING,STATIC_CANDIDATE; NUMERICAL_COST_EFFICIENCY_AVAILABILITY_PENDING
Base,2050,2050_BASE_SICI_SOLAR_PV_ROOFTOP,SICI,SOLAR_PV_ROOFTOP,SOLAR_PV_ROOFTOP,NONE,solar_pv_rooftop,6687.344913151,false,NOT_APPLICABLE_VRE,ZERO_OPERATIONAL_CO2,MC_VRE,PROFILE_SOLAR_PV_ROOFTOP,SCENARIO_CAPACITY_PACKAGE_V2,FROZEN V2.9 ZONAL ALLOCATION,PROJECT STATIC SOLVER MAPPING,STATIC_CANDIDATE; NUMERICAL_COST_EFFICIENCY_AVAILABILITY_PENDING
Base,2050,2050_BASE_SARD_SOLAR_PV_ROOFTOP,SARD,SOLAR_PV_ROOFTOP,SOLAR_PV_ROOFTOP,NONE,solar_pv_rooftop,3444.995864351,false,NOT_APPLICABLE_VRE,ZERO_OPERATIONAL_CO2,MC_VRE,PROFILE_SOLAR_PV_ROOFTOP,SCENARIO_CAPACITY_PACKAGE_V2,FROZEN V2.9 ZONAL ALLOCATION,PROJECT STATIC SOLVER MAPPING,STATIC_CANDIDATE; NUMERICAL_COST_EFFICIENCY_AVAILABILITY_PENDING
Base,2050,2050_BASE_NORD_SOLAR_PV_UTILITY,NORD,SOLAR_PV_UTILITY,SOLAR_PV_UTILITY,NONE,solar_pv_utility,35057.899090157,false,NOT_APPLICABLE_VRE,ZERO_OPERATIONAL_CO2,MC_VRE,PROFILE_SOLAR_PV_UTILITY,SCENARIO_CAPACITY_PACKAGE_V2,FROZEN V2.9 ZONAL ALLOCATION,PROJECT STATIC SOLVER MAPPING,STATIC_CANDIDATE; NUMERICAL_COST_EFFICIENCY_AVAILABILITY_PENDING
Base,2050,2050_BASE_CNOR_SOLAR_PV_UTILITY,CNOR,SOLAR_PV_UTILITY,SOLAR_PV_UTILITY,NONE,solar_pv_utility,12766.749379653,false,NOT_APPLICABLE_VRE,ZERO_OPERATIONAL_CO2,MC_VRE,PROFILE_SOLAR_PV_UTILITY,SCENARIO_CAPACITY_PACKAGE_V2,FROZEN V2.9 ZONAL ALLOCATION,PROJECT STATIC SOLVER MAPPING,STATIC_CANDIDATE; NUMERICAL_COST_EFFICIENCY_AVAILABILITY_PENDING
Base,2050,2050_BASE_CSUD_SOLAR_PV_UTILITY,CSUD,SOLAR_PV_UTILITY,SOLAR_PV_UTILITY,NONE,solar_pv_utility,29586.435070306,false,NOT_APPLICABLE_VRE,ZERO_OPERATIONAL_CO2,MC_VRE,PROFILE_SOLAR_PV_UTILITY,SCENARIO_CAPACITY_PACKAGE_V2,FROZEN V2.9 ZONAL ALLOCATION,PROJECT STATIC SOLVER MAPPING,STATIC_CANDIDATE; NUMERICAL_COST_EFFICIENCY_AVAILABILITY_PENDING
Base,2050,2050_BASE_SUD_SOLAR_PV_UTILITY,SUD,SOLAR_PV_UTILITY,SOLAR_PV_UTILITY,NONE,solar_pv_utility,39110.835401158,false,NOT_APPLICABLE_VRE,ZERO_OPERATIONAL_CO2,MC_VRE,PROFILE_SOLAR_PV_UTILITY,SCENARIO_CAPACITY_PACKAGE_V2,FROZEN V2.9 ZONAL ALLOCATION,PROJECT STATIC SOLVER MAPPING,STATIC_CANDIDATE; NUMERICAL_COST_EFFICIENCY_AVAILABILITY_PENDING
Base,2050,2050_BASE_CALA_SOLAR_PV_UTILITY,CALA,SOLAR_PV_UTILITY,SOLAR_PV_UTILITY,NONE,solar_pv_utility,5066.170388751,false,NOT_APPLICABLE_VRE,ZERO_OPERATIONAL_CO2,MC_VRE,PROFILE_SOLAR_PV_UTILITY,SCENARIO_CAPACITY_PACKAGE_V2,FROZEN V2.9 ZONAL ALLOCATION,PROJECT STATIC SOLVER MAPPING,STATIC_CANDIDATE; NUMERICAL_COST_EFFICIENCY_AVAILABILITY_PENDING
Base,2050,2050_BASE_SICI_SOLAR_PV_UTILITY,SICI,SOLAR_PV_UTILITY,SOLAR_PV_UTILITY,NONE,solar_pv_utility,23304.383788255,false,NOT_APPLICABLE_VRE,ZERO_OPERATIONAL_CO2,MC_VRE,PROFILE_SOLAR_PV_UTILITY,SCENARIO_CAPACITY_PACKAGE_V2,FROZEN V2.9 ZONAL ALLOCATION,PROJECT STATIC SOLVER MAPPING,STATIC_CANDIDATE; NUMERICAL_COST_EFFICIENCY_AVAILABILITY_PENDING
Base,2050,2050_BASE_SARD_SOLAR_PV_UTILITY,SARD,SOLAR_PV_UTILITY,SOLAR_PV_UTILITY,NONE,solar_pv_utility,15603.804797353,false,NOT_APPLICABLE_VRE,ZERO_OPERATIONAL_CO2,MC_VRE,PROFILE_SOLAR_PV_UTILITY,SCENARIO_CAPACITY_PACKAGE_V2,FROZEN V2.9 ZONAL ALLOCATION,PROJECT STATIC SOLVER MAPPING,STATIC_CANDIDATE; NUMERICAL_COST_EFFICIENCY_AVAILABILITY_PENDING
Base,2050,2050_BASE_NORD_WIND_ONSHORE,NORD,WIND_ONSHORE,WIND_ONSHORE,NONE,wind_onshore,633.431085044,false,NOT_APPLICABLE_VRE,ZERO_OPERATIONAL_CO2,MC_VRE,PROFILE_WIND_ONSHORE,SCENARIO_CAPACITY_PACKAGE_V2,FROZEN V2.9 ZONAL ALLOCATION,PROJECT STATIC SOLVER MAPPING,STATIC_CANDIDATE; NUMERICAL_COST_EFFICIENCY_AVAILABILITY_PENDING
Base,2050,2050_BASE_CNOR_WIND_ONSHORE,CNOR,WIND_ONSHORE,WIND_ONSHORE,NONE,wind_onshore,422.287390029,false,NOT_APPLICABLE_VRE,ZERO_OPERATIONAL_CO2,MC_VRE,PROFILE_WIND_ONSHORE,SCENARIO_CAPACITY_PACKAGE_V2,FROZEN V2.9 ZONAL ALLOCATION,PROJECT STATIC SOLVER MAPPING,STATIC_CANDIDATE; NUMERICAL_COST_EFFICIENCY_AVAILABILITY_PENDING
Base,2050,2050_BASE_CSUD_WIND_ONSHORE,CSUD,WIND_ONSHORE,WIND_ONSHORE,NONE,wind_onshore,7178.885630499,false,NOT_APPLICABLE_VRE,ZERO_OPERATIONAL_CO2,MC_VRE,PROFILE_WIND_ONSHORE,SCENARIO_CAPACITY_PACKAGE_V2,FROZEN V2.9 ZONAL ALLOCATION,PROJECT STATIC SOLVER MAPPING,STATIC_CANDIDATE; NUMERICAL_COST_EFFICIENCY_AVAILABILITY_PENDING
Base,2050,2050_BASE_SUD_WIND_ONSHORE,SUD,WIND_ONSHORE,WIND_ONSHORE,NONE,wind_onshore,13935.483870968,false,NOT_APPLICABLE_VRE,ZERO_OPERATIONAL_CO2,MC_VRE,PROFILE_WIND_ONSHORE,SCENARIO_CAPACITY_PACKAGE_V2,FROZEN V2.9 ZONAL ALLOCATION,PROJECT STATIC SOLVER MAPPING,STATIC_CANDIDATE; NUMERICAL_COST_EFFICIENCY_AVAILABILITY_PENDING
Base,2050,2050_BASE_CALA_WIND_ONSHORE,CALA,WIND_ONSHORE,WIND_ONSHORE,NONE,wind_onshore,3483.870967742,false,NOT_APPLICABLE_VRE,ZERO_OPERATIONAL_CO2,MC_VRE,PROFILE_WIND_ONSHORE,SCENARIO_CAPACITY_PACKAGE_V2,FROZEN V2.9 ZONAL ALLOCATION,PROJECT STATIC SOLVER MAPPING,STATIC_CANDIDATE; NUMERICAL_COST_EFFICIENCY_AVAILABILITY_PENDING
Base,2050,2050_BASE_SICI_WIND_ONSHORE,SICI,WIND_ONSHORE,WIND_ONSHORE,NONE,wind_onshore,6651.026392962,false,NOT_APPLICABLE_VRE,ZERO_OPERATIONAL_CO2,MC_VRE,PROFILE_WIND_ONSHORE,SCENARIO_CAPACITY_PACKAGE_V2,FROZEN V2.9 ZONAL ALLOCATION,PROJECT STATIC SOLVER MAPPING,STATIC_CANDIDATE; NUMERICAL_COST_EFFICIENCY_AVAILABILITY_PENDING
Base,2050,2050_BASE_SARD_WIND_ONSHORE,SARD,WIND_ONSHORE,WIND_ONSHORE,NONE,wind_onshore,3695.014662757,false,NOT_APPLICABLE_VRE,ZERO_OPERATIONAL_CO2,MC_VRE,PROFILE_WIND_ONSHORE,SCENARIO_CAPACITY_PACKAGE_V2,FROZEN V2.9 ZONAL ALLOCATION,PROJECT STATIC SOLVER MAPPING,STATIC_CANDIDATE; NUMERICAL_COST_EFFICIENCY_AVAILABILITY_PENDING
Base,2050,2050_BASE_NORD_WIND_OFFSHORE,NORD,WIND_OFFSHORE,WIND_OFFSHORE,NONE,wind_offshore,1480.263157895,false,NOT_APPLICABLE_VRE,ZERO_OPERATIONAL_CO2,MC_VRE,PROFILE_WIND_OFFSHORE,SCENARIO_CAPACITY_PACKAGE_V2,FROZEN V2.9 ZONAL ALLOCATION,PROJECT STATIC SOLVER MAPPING,STATIC_CANDIDATE; NUMERICAL_COST_EFFICIENCY_AVAILABILITY_PENDING
Base,2050,2050_BASE_CNOR_WIND_OFFSHORE,CNOR,WIND_OFFSHORE,WIND_OFFSHORE,NONE,wind_offshore,789.473684211,false,NOT_APPLICABLE_VRE,ZERO_OPERATIONAL_CO2,MC_VRE,PROFILE_WIND_OFFSHORE,SCENARIO_CAPACITY_PACKAGE_V2,FROZEN V2.9 ZONAL ALLOCATION,PROJECT STATIC SOLVER MAPPING,STATIC_CANDIDATE; NUMERICAL_COST_EFFICIENCY_AVAILABILITY_PENDING
Base,2050,2050_BASE_CSUD_WIND_OFFSHORE,CSUD,WIND_OFFSHORE,WIND_OFFSHORE,NONE,wind_offshore,1578.947368421,false,NOT_APPLICABLE_VRE,ZERO_OPERATIONAL_CO2,MC_VRE,PROFILE_WIND_OFFSHORE,SCENARIO_CAPACITY_PACKAGE_V2,FROZEN V2.9 ZONAL ALLOCATION,PROJECT STATIC SOLVER MAPPING,STATIC_CANDIDATE; NUMERICAL_COST_EFFICIENCY_AVAILABILITY_PENDING
Base,2050,2050_BASE_SUD_WIND_OFFSHORE,SUD,WIND_OFFSHORE,WIND_OFFSHORE,NONE,wind_offshore,4638.157894737,false,NOT_APPLICABLE_VRE,ZERO_OPERATIONAL_CO2,MC_VRE,PROFILE_WIND_OFFSHORE,SCENARIO_CAPACITY_PACKAGE_V2,FROZEN V2.9 ZONAL ALLOCATION,PROJECT STATIC SOLVER MAPPING,STATIC_CANDIDATE; NUMERICAL_COST_EFFICIENCY_AVAILABILITY_PENDING
Base,2050,2050_BASE_CALA_WIND_OFFSHORE,CALA,WIND_OFFSHORE,WIND_OFFSHORE,NONE,wind_offshore,592.105263158,false,NOT_APPLICABLE_VRE,ZERO_OPERATIONAL_CO2,MC_VRE,PROFILE_WIND_OFFSHORE,SCENARIO_CAPACITY_PACKAGE_V2,FROZEN V2.9 ZONAL ALLOCATION,PROJECT STATIC SOLVER MAPPING,STATIC_CANDIDATE; NUMERICAL_COST_EFFICIENCY_AVAILABILITY_PENDING
Base,2050,2050_BASE_SICI_WIND_OFFSHORE,SICI,WIND_OFFSHORE,WIND_OFFSHORE,NONE,wind_offshore,2960.526315789,false,NOT_APPLICABLE_VRE,ZERO_OPERATIONAL_CO2,MC_VRE,PROFILE_WIND_OFFSHORE,SCENARIO_CAPACITY_PACKAGE_V2,FROZEN V2.9 ZONAL ALLOCATION,PROJECT STATIC SOLVER MAPPING,STATIC_CANDIDATE; NUMERICAL_COST_EFFICIENCY_AVAILABILITY_PENDING
Base,2050,2050_BASE_SARD_WIND_OFFSHORE,SARD,WIND_OFFSHORE,WIND_OFFSHORE,NONE,wind_offshore,2960.526315789,false,NOT_APPLICABLE_VRE,ZERO_OPERATIONAL_CO2,MC_VRE,PROFILE_WIND_OFFSHORE,SCENARIO_CAPACITY_PACKAGE_V2,FROZEN V2.9 ZONAL ALLOCATION,PROJECT STATIC SOLVER MAPPING,STATIC_CANDIDATE; NUMERICAL_COST_EFFICIENCY_AVAILABILITY_PENDING
Base,2050,2050_BASE_NORD_HYDRO_RUN_OF_RIVER,NORD,HYDRO_RUN_OF_RIVER,RUN_OF_RIVER_TURBINE,WATER_INFLOW,hydro_run_of_river,5228.210866305,false,EFF_HYDRO_TURBINE,ZERO_OPERATIONAL_CO2,MC_HYDRO,PROFILE_HYDRO_ROR_INFLOW,SCENARIO_CAPACITY_PACKAGE_V2,NORD DIRECT CLASS VALUES SCALED 0.006% TO ZONAL NON-PUMPED CONTROL,PROJECT STATIC SOLVER MAPPING,STATIC_CANDIDATE; NUMERICAL_COST_EFFICIENCY_AVAILABILITY_PENDING
Base,2050,2050_BASE_CNOR_HYDRO_RUN_OF_RIVER,CNOR,HYDRO_RUN_OF_RIVER,RUN_OF_RIVER_TURBINE,WATER_INFLOW,hydro_run_of_river,209.314034422,false,EFF_HYDRO_TURBINE,ZERO_OPERATIONAL_CO2,MC_HYDRO,PROFILE_HYDRO_ROR_INFLOW,SCENARIO_CAPACITY_PACKAGE_V2,ROR residual allocated using open HDAM programmable-capacity floor; remaining programmable capacity split to basin/reservoir by residual national controls,PROJECT STATIC SOLVER MAPPING,STATIC_CANDIDATE; NUMERICAL_COST_EFFICIENCY_AVAILABILITY_PENDING
Base,2050,2050_BASE_CSUD_HYDRO_RUN_OF_RIVER,CSUD,HYDRO_RUN_OF_RIVER,RUN_OF_RIVER_TURBINE,WATER_INFLOW,hydro_run_of_river,579.820027388,false,EFF_HYDRO_TURBINE,ZERO_OPERATIONAL_CO2,MC_HYDRO,PROFILE_HYDRO_ROR_INFLOW,SCENARIO_CAPACITY_PACKAGE_V2,ROR residual allocated using open HDAM programmable-capacity floor; remaining programmable capacity split to basin/reservoir by residual national controls,PROJECT STATIC SOLVER MAPPING,STATIC_CANDIDATE; NUMERICAL_COST_EFFICIENCY_AVAILABILITY_PENDING
Base,2050,2050_BASE_SUD_HYDRO_RUN_OF_RIVER,SUD,HYDRO_RUN_OF_RIVER,RUN_OF_RIVER_TURBINE,WATER_INFLOW,hydro_run_of_river,45.411334869,false,EFF_HYDRO_TURBINE,ZERO_OPERATIONAL_CO2,MC_HYDRO,PROFILE_HYDRO_ROR_INFLOW,SCENARIO_CAPACITY_PACKAGE_V2,ROR residual allocated using open HDAM programmable-capacity floor; remaining programmable capacity split to basin/reservoir by residual national controls,PROJECT STATIC SOLVER MAPPING,STATIC_CANDIDATE; NUMERICAL_COST_EFFICIENCY_AVAILABILITY_PENDING
Base,2050,2050_BASE_CALA_HYDRO_RUN_OF_RIVER,CALA,HYDRO_RUN_OF_RIVER,RUN_OF_RIVER_TURBINE,WATER_INFLOW,hydro_run_of_river,106.743829899,false,EFF_HYDRO_TURBINE,ZERO_OPERATIONAL_CO2,MC_HYDRO,PROFILE_HYDRO_ROR_INFLOW,SCENARIO_CAPACITY_PACKAGE_V2,ROR residual allocated using open HDAM programmable-capacity floor; remaining programmable capacity split to basin/reservoir by residual national controls,PROJECT STATIC SOLVER MAPPING,STATIC_CANDIDATE; NUMERICAL_COST_EFFICIENCY_AVAILABILITY_PENDING
Base,2050,2050_BASE_SICI_HYDRO_RUN_OF_RIVER,SICI,HYDRO_RUN_OF_RIVER,RUN_OF_RIVER_TURBINE,WATER_INFLOW,hydro_run_of_river,31.552391362,false,EFF_HYDRO_TURBINE,ZERO_OPERATIONAL_CO2,MC_HYDRO,PROFILE_HYDRO_ROR_INFLOW,SCENARIO_CAPACITY_PACKAGE_V2,ROR residual allocated using open HDAM programmable-capacity floor; remaining programmable capacity split to basin/reservoir by residual national controls,PROJECT STATIC SOLVER MAPPING,STATIC_CANDIDATE; NUMERICAL_COST_EFFICIENCY_AVAILABILITY_PENDING
Base,2050,2050_BASE_SARD_HYDRO_RUN_OF_RIVER,SARD,HYDRO_RUN_OF_RIVER,RUN_OF_RIVER_TURBINE,WATER_INFLOW,hydro_run_of_river,37.947515755,false,EFF_HYDRO_TURBINE,ZERO_OPERATIONAL_CO2,MC_HYDRO,PROFILE_HYDRO_ROR_INFLOW,SCENARIO_CAPACITY_PACKAGE_V2,ROR residual allocated using open HDAM programmable-capacity floor; remaining programmable capacity split to basin/reservoir by residual national controls,PROJECT STATIC SOLVER MAPPING,STATIC_CANDIDATE; NUMERICAL_COST_EFFICIENCY_AVAILABILITY_PENDING
Base,2050,2050_BASE_NORD_BIOENERGY,NORD,BIOENERGY,BIOENERGY_GENERATOR,BIOENERGY,bioenergy,4542.288621371,false,EFF_BIOENERGY,BIOGENIC_CO2_ACCOUNTING,MC_BIOENERGY,AVAIL_BIOENERGY,SCENARIO_CAPACITY_PACKAGE_V2,PROJECT_ALLOCATION_USING_CURRENT_BIOENERGY_GEOGRAPHY,PROJECT STATIC SOLVER MAPPING,STATIC_CANDIDATE; NUMERICAL_COST_EFFICIENCY_AVAILABILITY_PENDING
Base,2050,2050_BASE_CNOR_BIOENERGY,CNOR,BIOENERGY,BIOENERGY_GENERATOR,BIOENERGY,bioenergy,343.258566564,false,EFF_BIOENERGY,BIOGENIC_CO2_ACCOUNTING,MC_BIOENERGY,AVAIL_BIOENERGY,SCENARIO_CAPACITY_PACKAGE_V2,PROJECT_ALLOCATION_USING_CURRENT_BIOENERGY_GEOGRAPHY,PROJECT STATIC SOLVER MAPPING,STATIC_CANDIDATE; NUMERICAL_COST_EFFICIENCY_AVAILABILITY_PENDING
Base,2050,2050_BASE_CSUD_BIOENERGY,CSUD,BIOENERGY,BIOENERGY_GENERATOR,BIOENERGY,bioenergy,853.41991232,false,EFF_BIOENERGY,BIOGENIC_CO2_ACCOUNTING,MC_BIOENERGY,AVAIL_BIOENERGY,SCENARIO_CAPACITY_PACKAGE_V2,PROJECT_ALLOCATION_USING_CURRENT_BIOENERGY_GEOGRAPHY,PROJECT STATIC SOLVER MAPPING,STATIC_CANDIDATE; NUMERICAL_COST_EFFICIENCY_AVAILABILITY_PENDING
Base,2050,2050_BASE_SUD_BIOENERGY,SUD,BIOENERGY,BIOENERGY_GENERATOR,BIOENERGY,bioenergy,853.850595084,false,EFF_BIOENERGY,BIOGENIC_CO2_ACCOUNTING,MC_BIOENERGY,AVAIL_BIOENERGY,SCENARIO_CAPACITY_PACKAGE_V2,PROJECT_ALLOCATION_USING_CURRENT_BIOENERGY_GEOGRAPHY,PROJECT STATIC SOLVER MAPPING,STATIC_CANDIDATE; NUMERICAL_COST_EFFICIENCY_AVAILABILITY_PENDING
Base,2050,2050_BASE_CALA_BIOENERGY,CALA,BIOENERGY,BIOENERGY_GENERATOR,BIOENERGY,bioenergy,335.831107297,false,EFF_BIOENERGY,BIOGENIC_CO2_ACCOUNTING,MC_BIOENERGY,AVAIL_BIOENERGY,SCENARIO_CAPACITY_PACKAGE_V2,PROJECT_ALLOCATION_USING_CURRENT_BIOENERGY_GEOGRAPHY,PROJECT STATIC SOLVER MAPPING,STATIC_CANDIDATE; NUMERICAL_COST_EFFICIENCY_AVAILABILITY_PENDING
Base,2050,2050_BASE_SICI_BIOENERGY,SICI,BIOENERGY,BIOENERGY_GENERATOR,BIOENERGY,bioenergy,132.916357988,false,EFF_BIOENERGY,BIOGENIC_CO2_ACCOUNTING,MC_BIOENERGY,AVAIL_BIOENERGY,SCENARIO_CAPACITY_PACKAGE_V2,PROJECT_ALLOCATION_USING_CURRENT_BIOENERGY_GEOGRAPHY,PROJECT STATIC SOLVER MAPPING,STATIC_CANDIDATE; NUMERICAL_COST_EFFICIENCY_AVAILABILITY_PENDING
Base,2050,2050_BASE_SARD_BIOENERGY,SARD,BIOENERGY,BIOENERGY_GENERATOR,BIOENERGY,bioenergy,212.364886255,false,EFF_BIOENERGY,BIOGENIC_CO2_ACCOUNTING,MC_BIOENERGY,AVAIL_BIOENERGY,SCENARIO_CAPACITY_PACKAGE_V2,PROJECT_ALLOCATION_USING_CURRENT_BIOENERGY_GEOGRAPHY,PROJECT STATIC SOLVER MAPPING,STATIC_CANDIDATE; NUMERICAL_COST_EFFICIENCY_AVAILABILITY_PENDING
Base,2050,2050_BASE_NORD_BIOENERGY_CCS,NORD,BIOENERGY_CCS,BIOENERGY_CCS_GENERATOR,BIOENERGY,bioenergy_ccs,2571.106766814,false,EFF_BIOENERGY_CCS,BIOGENIC_CCS_NET_NEGATIVE_CLASS,MC_BIOENERGY_CCS,AVAIL_BIOENERGY_CCS,SCENARIO_CAPACITY_PACKAGE_V2,PROJECT_ALLOCATION_USING_CURRENT_BIOENERGY_GEOGRAPHY,PROJECT STATIC SOLVER MAPPING,STATIC_CANDIDATE; NUMERICAL_COST_EFFICIENCY_AVAILABILITY_PENDING
Base,2050,2050_BASE_CNOR_BIOENERGY_CCS,CNOR,BIOENERGY_CCS,BIOENERGY_CCS_GENERATOR,BIOENERGY,bioenergy_ccs,194.297301828,false,EFF_BIOENERGY_CCS,BIOGENIC_CCS_NET_NEGATIVE_CLASS,MC_BIOENERGY_CCS,AVAIL_BIOENERGY_CCS,SCENARIO_CAPACITY_PACKAGE_V2,PROJECT_ALLOCATION_USING_CURRENT_BIOENERGY_GEOGRAPHY,PROJECT STATIC SOLVER MAPPING,STATIC_CANDIDATE; NUMERICAL_COST_EFFICIENCY_AVAILABILITY_PENDING
Base,2050,2050_BASE_CSUD_BIOENERGY_CCS,CSUD,BIOENERGY_CCS,BIOENERGY_CCS_GENERATOR,BIOENERGY,bioenergy_ccs,483.067874898,false,EFF_BIOENERGY_CCS,BIOGENIC_CCS_NET_NEGATIVE_CLASS,MC_BIOENERGY_CCS,AVAIL_BIOENERGY_CCS,SCENARIO_CAPACITY_PACKAGE_V2,PROJECT_ALLOCATION_USING_CURRENT_BIOENERGY_GEOGRAPHY,PROJECT STATIC SOLVER MAPPING,STATIC_CANDIDATE; NUMERICAL_COST_EFFICIENCY_AVAILABILITY_PENDING
Base,2050,2050_BASE_SUD_BIOENERGY_CCS,SUD,BIOENERGY_CCS,BIOENERGY_CCS_GENERATOR,BIOENERGY,bioenergy_ccs,483.311657595,false,EFF_BIOENERGY_CCS,BIOGENIC_CCS_NET_NEGATIVE_CLASS,MC_BIOENERGY_CCS,AVAIL_BIOENERGY_CCS,SCENARIO_CAPACITY_PACKAGE_V2,PROJECT_ALLOCATION_USING_CURRENT_BIOENERGY_GEOGRAPHY,PROJECT STATIC SOLVER MAPPING,STATIC_CANDIDATE; NUMERICAL_COST_EFFICIENCY_AVAILABILITY_PENDING
Base,2050,2050_BASE_CALA_BIOENERGY_CCS,CALA,BIOENERGY_CCS,BIOENERGY_CCS_GENERATOR,BIOENERGY,bioenergy_ccs,190.093079602,false,EFF_BIOENERGY_CCS,BIOGENIC_CCS_NET_NEGATIVE_CLASS,MC_BIOENERGY_CCS,AVAIL_BIOENERGY_CCS,SCENARIO_CAPACITY_PACKAGE_V2,PROJECT_ALLOCATION_USING_CURRENT_BIOENERGY_GEOGRAPHY,PROJECT STATIC SOLVER MAPPING,STATIC_CANDIDATE; NUMERICAL_COST_EFFICIENCY_AVAILABILITY_PENDING
Base,2050,2050_BASE_SICI_BIOENERGY_CCS,SICI,BIOENERGY_CCS,BIOENERGY_CCS_GENERATOR,BIOENERGY,bioenergy_ccs,75.235674333,false,EFF_BIOENERGY_CCS,BIOGENIC_CCS_NET_NEGATIVE_CLASS,MC_BIOENERGY_CCS,AVAIL_BIOENERGY_CCS,SCENARIO_CAPACITY_PACKAGE_V2,PROJECT_ALLOCATION_USING_CURRENT_BIOENERGY_GEOGRAPHY,PROJECT STATIC SOLVER MAPPING,STATIC_CANDIDATE; NUMERICAL_COST_EFFICIENCY_AVAILABILITY_PENDING
Base,2050,2050_BASE_SARD_BIOENERGY_CCS,SARD,BIOENERGY_CCS,BIOENERGY_CCS_GENERATOR,BIOENERGY,bioenergy_ccs,120.20653939,false,EFF_BIOENERGY_CCS,BIOGENIC_CCS_NET_NEGATIVE_CLASS,MC_BIOENERGY_CCS,AVAIL_BIOENERGY_CCS,SCENARIO_CAPACITY_PACKAGE_V2,PROJECT_ALLOCATION_USING_CURRENT_BIOENERGY_GEOGRAPHY,PROJECT STATIC SOLVER MAPPING,STATIC_CANDIDATE; NUMERICAL_COST_EFFICIENCY_AVAILABILITY_PENDING
Base,2050,2050_BASE_NORD_GAS_CCS,NORD,GAS_CCS,CCGT_CCS,METHANE,methane_ccs_ccgt,3516.377767001,false,EFF_METHANE_CCGT_CCS,FOSSIL_CCS_RESIDUAL_CO2,MC_METHANE_CCS,AVAIL_THERMAL_CCGT_CCS,SCENARIO_CAPACITY_PACKAGE_V2,PROJECT_ALLOCATION_USING_CURRENT_TECHNOLOGY_GEOGRAPHY,PROJECT STATIC SOLVER MAPPING,STATIC_CANDIDATE; NUMERICAL_COST_EFFICIENCY_AVAILABILITY_PENDING
Base,2050,2050_BASE_CNOR_GAS_CCS,CNOR,GAS_CCS,CCGT_CCS,METHANE,methane_ccs_ccgt,243.560931279,false,EFF_METHANE_CCGT_CCS,FOSSIL_CCS_RESIDUAL_CO2,MC_METHANE_CCS,AVAIL_THERMAL_CCGT_CCS,SCENARIO_CAPACITY_PACKAGE_V2,PROJECT_ALLOCATION_USING_CURRENT_TECHNOLOGY_GEOGRAPHY,PROJECT STATIC SOLVER MAPPING,STATIC_CANDIDATE; NUMERICAL_COST_EFFICIENCY_AVAILABILITY_PENDING
Base,2050,2050_BASE_CSUD_GAS_CCS,CSUD,GAS_CCS,CCGT_CCS,METHANE,methane_ccs_ccgt,964.647101768,false,EFF_METHANE_CCGT_CCS,FOSSIL_CCS_RESIDUAL_CO2,MC_METHANE_CCS,AVAIL_THERMAL_CCGT_CCS,SCENARIO_CAPACITY_PACKAGE_V2,PROJECT_ALLOCATION_USING_CURRENT_TECHNOLOGY_GEOGRAPHY,PROJECT STATIC SOLVER MAPPING,STATIC_CANDIDATE; NUMERICAL_COST_EFFICIENCY_AVAILABILITY_PENDING
Base,2050,2050_BASE_SUD_GAS_CCS,SUD,GAS_CCS,CCGT_CCS,METHANE,methane_ccs_ccgt,674.038035664,false,EFF_METHANE_CCGT_CCS,FOSSIL_CCS_RESIDUAL_CO2,MC_METHANE_CCS,AVAIL_THERMAL_CCGT_CCS,SCENARIO_CAPACITY_PACKAGE_V2,PROJECT_ALLOCATION_USING_CURRENT_TECHNOLOGY_GEOGRAPHY,PROJECT STATIC SOLVER MAPPING,STATIC_CANDIDATE; NUMERICAL_COST_EFFICIENCY_AVAILABILITY_PENDING
Base,2050,2050_BASE_CALA_GAS_CCS,CALA,GAS_CCS,CCGT_CCS,METHANE,methane_ccs_ccgt,492.887687322,false,EFF_METHANE_CCGT_CCS,FOSSIL_CCS_RESIDUAL_CO2,MC_METHANE_CCS,AVAIL_THERMAL_CCGT_CCS,SCENARIO_CAPACITY_PACKAGE_V2,PROJECT_ALLOCATION_USING_CURRENT_TECHNOLOGY_GEOGRAPHY,PROJECT STATIC SOLVER MAPPING,STATIC_CANDIDATE; NUMERICAL_COST_EFFICIENCY_AVAILABILITY_PENDING
Base,2050,2050_BASE_SICI_GAS_CCS,SICI,GAS_CCS,CCGT_CCS,METHANE,methane_ccs_ccgt,462.056620428,false,EFF_METHANE_CCGT_CCS,FOSSIL_CCS_RESIDUAL_CO2,MC_METHANE_CCS,AVAIL_THERMAL_CCGT_CCS,SCENARIO_CAPACITY_PACKAGE_V2,PROJECT_ALLOCATION_USING_CURRENT_TECHNOLOGY_GEOGRAPHY,PROJECT STATIC SOLVER MAPPING,STATIC_CANDIDATE; NUMERICAL_COST_EFFICIENCY_AVAILABILITY_PENDING
Base,2050,2050_BASE_SARD_GAS_CCS,SARD,GAS_CCS,CCGT_CCS,METHANE,methane_ccs_ccgt,96.898124513,false,EFF_METHANE_CCGT_CCS,FOSSIL_CCS_RESIDUAL_CO2,MC_METHANE_CCS,AVAIL_THERMAL_CCGT_CCS,SCENARIO_CAPACITY_PACKAGE_V2,PROJECT_ALLOCATION_USING_CURRENT_TECHNOLOGY_GEOGRAPHY,PROJECT STATIC SOLVER MAPPING,STATIC_CANDIDATE; NUMERICAL_COST_EFFICIENCY_AVAILABILITY_PENDING
Base,2050,2050_BASE_NORD_GAS_OTHER_FOSSIL,NORD,GAS_OTHER_FOSSIL,GT_OCGT_FUEL_FLEXIBLE,METHANE,methane_gt_ocgt,850.138477546,false,EFF_METHANE_GT_OCGT,FOSSIL_METHANE_DIRECT_CO2,MC_METHANE_GT_OCGT,AVAIL_THERMAL_GT_OCGT,SCENARIO_CAPACITY_PACKAGE_V2,PROJECT_ALLOCATION_USING_CURRENT_TECHNOLOGY_GEOGRAPHY,PROJECT STATIC SOLVER MAPPING,STATIC_CANDIDATE_BASELINE_METHANE_PENDING_FUEL_SPLIT_APPROVAL
Base,2050,2050_BASE_CNOR_GAS_OTHER_FOSSIL,CNOR,GAS_OTHER_FOSSIL,GT_OCGT_FUEL_FLEXIBLE,METHANE,methane_gt_ocgt,483.986138935,false,EFF_METHANE_GT_OCGT,FOSSIL_METHANE_DIRECT_CO2,MC_METHANE_GT_OCGT,AVAIL_THERMAL_GT_OCGT,SCENARIO_CAPACITY_PACKAGE_V2,PROJECT_ALLOCATION_USING_CURRENT_TECHNOLOGY_GEOGRAPHY,PROJECT STATIC SOLVER MAPPING,STATIC_CANDIDATE_BASELINE_METHANE_PENDING_FUEL_SPLIT_APPROVAL
Base,2050,2050_BASE_CSUD_GAS_OTHER_FOSSIL,CSUD,GAS_OTHER_FOSSIL,GT_OCGT_FUEL_FLEXIBLE,METHANE,methane_gt_ocgt,776.49858148,false,EFF_METHANE_GT_OCGT,FOSSIL_METHANE_DIRECT_CO2,MC_METHANE_GT_OCGT,AVAIL_THERMAL_GT_OCGT,SCENARIO_CAPACITY_PACKAGE_V2,PROJECT_ALLOCATION_USING_CURRENT_TECHNOLOGY_GEOGRAPHY,PROJECT STATIC SOLVER MAPPING,STATIC_CANDIDATE_BASELINE_METHANE_PENDING_FUEL_SPLIT_APPROVAL
Base,2050,2050_BASE_SUD_GAS_OTHER_FOSSIL,SUD,GAS_OTHER_FOSSIL,GT_OCGT_FUEL_FLEXIBLE,METHANE,methane_gt_ocgt,258.533138507,false,EFF_METHANE_GT_OCGT,FOSSIL_METHANE_DIRECT_CO2,MC_METHANE_GT_OCGT,AVAIL_THERMAL_GT_OCGT,SCENARIO_CAPACITY_PACKAGE_V2,PROJECT_ALLOCATION_USING_CURRENT_TECHNOLOGY_GEOGRAPHY,PROJECT STATIC SOLVER MAPPING,STATIC_CANDIDATE_BASELINE_METHANE_PENDING_FUEL_SPLIT_APPROVAL
Base,2050,2050_BASE_CALA_GAS_OTHER_FOSSIL,CALA,GAS_OTHER_FOSSIL,GT_OCGT_FUEL_FLEXIBLE,METHANE,methane_gt_ocgt,218.270900589,false,EFF_METHANE_GT_OCGT,FOSSIL_METHANE_DIRECT_CO2,MC_METHANE_GT_OCGT,AVAIL_THERMAL_GT_OCGT,SCENARIO_CAPACITY_PACKAGE_V2,PROJECT_ALLOCATION_USING_CURRENT_TECHNOLOGY_GEOGRAPHY,PROJECT STATIC SOLVER MAPPING,STATIC_CANDIDATE_BASELINE_METHANE_PENDING_FUEL_SPLIT_APPROVAL
Base,2050,2050_BASE_SICI_GAS_OTHER_FOSSIL,SICI,GAS_OTHER_FOSSIL,GT_OCGT_FUEL_FLEXIBLE,METHANE,methane_gt_ocgt,658.71906795,false,EFF_METHANE_GT_OCGT,FOSSIL_METHANE_DIRECT_CO2,MC_METHANE_GT_OCGT,AVAIL_THERMAL_GT_OCGT,SCENARIO_CAPACITY_PACKAGE_V2,PROJECT_ALLOCATION_USING_CURRENT_TECHNOLOGY_GEOGRAPHY,PROJECT STATIC SOLVER MAPPING,STATIC_CANDIDATE_BASELINE_METHANE_PENDING_FUEL_SPLIT_APPROVAL
Base,2050,2050_BASE_SARD_GAS_OTHER_FOSSIL,SARD,GAS_OTHER_FOSSIL,GT_OCGT_FUEL_FLEXIBLE,METHANE,methane_gt_ocgt,140.348485682,false,EFF_METHANE_GT_OCGT,FOSSIL_METHANE_DIRECT_CO2,MC_METHANE_GT_OCGT,AVAIL_THERMAL_GT_OCGT,SCENARIO_CAPACITY_PACKAGE_V2,PROJECT_ALLOCATION_USING_CURRENT_TECHNOLOGY_GEOGRAPHY,PROJECT STATIC SOLVER MAPPING,STATIC_CANDIDATE_BASELINE_METHANE_PENDING_FUEL_SPLIT_APPROVAL
Base,2050,2050_BASE_CNOR_GEOTHERMAL,CNOR,GEOTHERMAL,GEOTHERMAL,GEOTHERMAL,geothermal,771.79,false,EFF_NOT_APPLICABLE_GEOTHERMAL,ZERO_OPERATIONAL_FOSSIL_CO2,MC_GEOTHERMAL,AVAIL_GEOTHERMAL,SCENARIO_CAPACITY_PACKAGE_V2,PROJECT_ALLOCATION_USING_POST_COAL_OIL_CURRENT_TECHNOLOGY_GEOGRAPHY,PROJECT STATIC SOLVER MAPPING,STATIC_CANDIDATE; NUMERICAL_COST_EFFICIENCY_AVAILABILITY_PENDING
Base,2050,2050_BASE_NORD_NUCLEAR,NORD,NUCLEAR,NUCLEAR_REACTOR,NUCLEAR_FUEL,nuclear,5000,false,EFF_NUCLEAR_THERMAL,ZERO_DIRECT_OPERATIONAL_CO2,MC_NUCLEAR,AVAIL_NUCLEAR,SCENARIO_CAPACITY_PACKAGE_V2,FIXED_NUCLEAR_SITING_NORD_5GW_CSUD_3GW,PROJECT STATIC SOLVER MAPPING,STATIC_CANDIDATE; NUMERICAL_COST_EFFICIENCY_AVAILABILITY_PENDING
Base,2050,2050_BASE_CSUD_NUCLEAR,CSUD,NUCLEAR,NUCLEAR_REACTOR,NUCLEAR_FUEL,nuclear,3000,false,EFF_NUCLEAR_THERMAL,ZERO_DIRECT_OPERATIONAL_CO2,MC_NUCLEAR,AVAIL_NUCLEAR,SCENARIO_CAPACITY_PACKAGE_V2,FIXED_NUCLEAR_SITING_NORD_5GW_CSUD_3GW,PROJECT STATIC SOLVER MAPPING,STATIC_CANDIDATE; NUMERICAL_COST_EFFICIENCY_AVAILABILITY_PENDING
High,2050,2050_HIGH_NORD_SOLAR_PV_ROOFTOP,NORD,SOLAR_PV_ROOFTOP,SOLAR_PV_ROOFTOP,NONE,solar_pv_rooftop,55950.785773366,false,NOT_APPLICABLE_VRE,ZERO_OPERATIONAL_CO2,MC_VRE,PROFILE_SOLAR_PV_ROOFTOP,SCENARIO_CAPACITY_PACKAGE_V2,FROZEN V2.9 ZONAL ALLOCATION,PROJECT STATIC SOLVER MAPPING,STATIC_CANDIDATE; NUMERICAL_COST_EFFICIENCY_AVAILABILITY_PENDING
High,2050,2050_HIGH_CNOR_SOLAR_PV_ROOFTOP,CNOR,SOLAR_PV_ROOFTOP,SOLAR_PV_ROOFTOP,NONE,solar_pv_rooftop,7356.079404467,false,NOT_APPLICABLE_VRE,ZERO_OPERATIONAL_CO2,MC_VRE,PROFILE_SOLAR_PV_ROOFTOP,SCENARIO_CAPACITY_PACKAGE_V2,FROZEN V2.9 ZONAL ALLOCATION,PROJECT STATIC SOLVER MAPPING,STATIC_CANDIDATE; NUMERICAL_COST_EFFICIENCY_AVAILABILITY_PENDING
High,2050,2050_HIGH_CSUD_SOLAR_PV_ROOFTOP,CSUD,SOLAR_PV_ROOFTOP,SOLAR_PV_ROOFTOP,NONE,solar_pv_rooftop,12260.132340778,false,NOT_APPLICABLE_VRE,ZERO_OPERATIONAL_CO2,MC_VRE,PROFILE_SOLAR_PV_ROOFTOP,SCENARIO_CAPACITY_PACKAGE_V2,FROZEN V2.9 ZONAL ALLOCATION,PROJECT STATIC SOLVER MAPPING,STATIC_CANDIDATE; NUMERICAL_COST_EFFICIENCY_AVAILABILITY_PENDING
High,2050,2050_HIGH_SUD_SOLAR_PV_ROOFTOP,SUD,SOLAR_PV_ROOFTOP,SOLAR_PV_ROOFTOP,NONE,solar_pv_rooftop,3789.495450786,false,NOT_APPLICABLE_VRE,ZERO_OPERATIONAL_CO2,MC_VRE,PROFILE_SOLAR_PV_ROOFTOP,SCENARIO_CAPACITY_PACKAGE_V2,FROZEN V2.9 ZONAL ALLOCATION,PROJECT STATIC SOLVER MAPPING,STATIC_CANDIDATE; NUMERICAL_COST_EFFICIENCY_AVAILABILITY_PENDING
High,2050,2050_HIGH_CALA_SOLAR_PV_ROOFTOP,CALA,SOLAR_PV_ROOFTOP,SOLAR_PV_ROOFTOP,NONE,solar_pv_rooftop,2452.026468156,false,NOT_APPLICABLE_VRE,ZERO_OPERATIONAL_CO2,MC_VRE,PROFILE_SOLAR_PV_ROOFTOP,SCENARIO_CAPACITY_PACKAGE_V2,FROZEN V2.9 ZONAL ALLOCATION,PROJECT STATIC SOLVER MAPPING,STATIC_CANDIDATE; NUMERICAL_COST_EFFICIENCY_AVAILABILITY_PENDING
High,2050,2050_HIGH_SICI_SOLAR_PV_ROOFTOP,SICI,SOLAR_PV_ROOFTOP,SOLAR_PV_ROOFTOP,NONE,solar_pv_rooftop,7356.079404467,false,NOT_APPLICABLE_VRE,ZERO_OPERATIONAL_CO2,MC_VRE,PROFILE_SOLAR_PV_ROOFTOP,SCENARIO_CAPACITY_PACKAGE_V2,FROZEN V2.9 ZONAL ALLOCATION,PROJECT STATIC SOLVER MAPPING,STATIC_CANDIDATE; NUMERICAL_COST_EFFICIENCY_AVAILABILITY_PENDING
High,2050,2050_HIGH_SARD_SOLAR_PV_ROOFTOP,SARD,SOLAR_PV_ROOFTOP,SOLAR_PV_ROOFTOP,NONE,solar_pv_rooftop,3789.495450786,false,NOT_APPLICABLE_VRE,ZERO_OPERATIONAL_CO2,MC_VRE,PROFILE_SOLAR_PV_ROOFTOP,SCENARIO_CAPACITY_PACKAGE_V2,FROZEN V2.9 ZONAL ALLOCATION,PROJECT STATIC SOLVER MAPPING,STATIC_CANDIDATE; NUMERICAL_COST_EFFICIENCY_AVAILABILITY_PENDING
High,2050,2050_HIGH_NORD_SOLAR_PV_UTILITY,NORD,SOLAR_PV_UTILITY,SOLAR_PV_UTILITY,NONE,solar_pv_utility,38563.688999173,false,NOT_APPLICABLE_VRE,ZERO_OPERATIONAL_CO2,MC_VRE,PROFILE_SOLAR_PV_UTILITY,SCENARIO_CAPACITY_PACKAGE_V2,FROZEN V2.9 ZONAL ALLOCATION,PROJECT STATIC SOLVER MAPPING,STATIC_CANDIDATE; NUMERICAL_COST_EFFICIENCY_AVAILABILITY_PENDING
High,2050,2050_HIGH_CNOR_SOLAR_PV_UTILITY,CNOR,SOLAR_PV_UTILITY,SOLAR_PV_UTILITY,NONE,solar_pv_utility,14043.424317618,false,NOT_APPLICABLE_VRE,ZERO_OPERATIONAL_CO2,MC_VRE,PROFILE_SOLAR_PV_UTILITY,SCENARIO_CAPACITY_PACKAGE_V2,FROZEN V2.9 ZONAL ALLOCATION,PROJECT STATIC SOLVER MAPPING,STATIC_CANDIDATE; NUMERICAL_COST_EFFICIENCY_AVAILABILITY_PENDING
High,2050,2050_HIGH_CSUD_SOLAR_PV_UTILITY,CSUD,SOLAR_PV_UTILITY,SOLAR_PV_UTILITY,NONE,solar_pv_utility,32545.078577337,false,NOT_APPLICABLE_VRE,ZERO_OPERATIONAL_CO2,MC_VRE,PROFILE_SOLAR_PV_UTILITY,SCENARIO_CAPACITY_PACKAGE_V2,FROZEN V2.9 ZONAL ALLOCATION,PROJECT STATIC SOLVER MAPPING,STATIC_CANDIDATE; NUMERICAL_COST_EFFICIENCY_AVAILABILITY_PENDING
High,2050,2050_HIGH_SUD_SOLAR_PV_UTILITY,SUD,SOLAR_PV_UTILITY,SOLAR_PV_UTILITY,NONE,solar_pv_utility,43021.918941274,false,NOT_APPLICABLE_VRE,ZERO_OPERATIONAL_CO2,MC_VRE,PROFILE_SOLAR_PV_UTILITY,SCENARIO_CAPACITY_PACKAGE_V2,FROZEN V2.9 ZONAL ALLOCATION,PROJECT STATIC SOLVER MAPPING,STATIC_CANDIDATE; NUMERICAL_COST_EFFICIENCY_AVAILABILITY_PENDING
High,2050,2050_HIGH_CALA_SOLAR_PV_UTILITY,CALA,SOLAR_PV_UTILITY,SOLAR_PV_UTILITY,NONE,solar_pv_utility,5572.787427626,false,NOT_APPLICABLE_VRE,ZERO_OPERATIONAL_CO2,MC_VRE,PROFILE_SOLAR_PV_UTILITY,SCENARIO_CAPACITY_PACKAGE_V2,FROZEN V2.9 ZONAL ALLOCATION,PROJECT STATIC SOLVER MAPPING,STATIC_CANDIDATE; NUMERICAL_COST_EFFICIENCY_AVAILABILITY_PENDING
High,2050,2050_HIGH_SICI_SOLAR_PV_UTILITY,SICI,SOLAR_PV_UTILITY,SOLAR_PV_UTILITY,NONE,solar_pv_utility,25634.82216708,false,NOT_APPLICABLE_VRE,ZERO_OPERATIONAL_CO2,MC_VRE,PROFILE_SOLAR_PV_UTILITY,SCENARIO_CAPACITY_PACKAGE_V2,FROZEN V2.9 ZONAL ALLOCATION,PROJECT STATIC SOLVER MAPPING,STATIC_CANDIDATE; NUMERICAL_COST_EFFICIENCY_AVAILABILITY_PENDING
High,2050,2050_HIGH_SARD_SOLAR_PV_UTILITY,SARD,SOLAR_PV_UTILITY,SOLAR_PV_UTILITY,NONE,solar_pv_utility,17164.185277089,false,NOT_APPLICABLE_VRE,ZERO_OPERATIONAL_CO2,MC_VRE,PROFILE_SOLAR_PV_UTILITY,SCENARIO_CAPACITY_PACKAGE_V2,FROZEN V2.9 ZONAL ALLOCATION,PROJECT STATIC SOLVER MAPPING,STATIC_CANDIDATE; NUMERICAL_COST_EFFICIENCY_AVAILABILITY_PENDING
High,2050,2050_HIGH_NORD_WIND_ONSHORE,NORD,WIND_ONSHORE,WIND_ONSHORE,NONE,wind_onshore,696.774193548,false,NOT_APPLICABLE_VRE,ZERO_OPERATIONAL_CO2,MC_VRE,PROFILE_WIND_ONSHORE,SCENARIO_CAPACITY_PACKAGE_V2,FROZEN V2.9 ZONAL ALLOCATION,PROJECT STATIC SOLVER MAPPING,STATIC_CANDIDATE; NUMERICAL_COST_EFFICIENCY_AVAILABILITY_PENDING
High,2050,2050_HIGH_CNOR_WIND_ONSHORE,CNOR,WIND_ONSHORE,WIND_ONSHORE,NONE,wind_onshore,464.516129032,false,NOT_APPLICABLE_VRE,ZERO_OPERATIONAL_CO2,MC_VRE,PROFILE_WIND_ONSHORE,SCENARIO_CAPACITY_PACKAGE_V2,FROZEN V2.9 ZONAL ALLOCATION,PROJECT STATIC SOLVER MAPPING,STATIC_CANDIDATE; NUMERICAL_COST_EFFICIENCY_AVAILABILITY_PENDING
High,2050,2050_HIGH_CSUD_WIND_ONSHORE,CSUD,WIND_ONSHORE,WIND_ONSHORE,NONE,wind_onshore,7896.774193548,false,NOT_APPLICABLE_VRE,ZERO_OPERATIONAL_CO2,MC_VRE,PROFILE_WIND_ONSHORE,SCENARIO_CAPACITY_PACKAGE_V2,FROZEN V2.9 ZONAL ALLOCATION,PROJECT STATIC SOLVER MAPPING,STATIC_CANDIDATE; NUMERICAL_COST_EFFICIENCY_AVAILABILITY_PENDING
High,2050,2050_HIGH_SUD_WIND_ONSHORE,SUD,WIND_ONSHORE,WIND_ONSHORE,NONE,wind_onshore,15329.032258065,false,NOT_APPLICABLE_VRE,ZERO_OPERATIONAL_CO2,MC_VRE,PROFILE_WIND_ONSHORE,SCENARIO_CAPACITY_PACKAGE_V2,FROZEN V2.9 ZONAL ALLOCATION,PROJECT STATIC SOLVER MAPPING,STATIC_CANDIDATE; NUMERICAL_COST_EFFICIENCY_AVAILABILITY_PENDING
High,2050,2050_HIGH_CALA_WIND_ONSHORE,CALA,WIND_ONSHORE,WIND_ONSHORE,NONE,wind_onshore,3832.258064516,false,NOT_APPLICABLE_VRE,ZERO_OPERATIONAL_CO2,MC_VRE,PROFILE_WIND_ONSHORE,SCENARIO_CAPACITY_PACKAGE_V2,FROZEN V2.9 ZONAL ALLOCATION,PROJECT STATIC SOLVER MAPPING,STATIC_CANDIDATE; NUMERICAL_COST_EFFICIENCY_AVAILABILITY_PENDING
High,2050,2050_HIGH_SICI_WIND_ONSHORE,SICI,WIND_ONSHORE,WIND_ONSHORE,NONE,wind_onshore,7316.129032258,false,NOT_APPLICABLE_VRE,ZERO_OPERATIONAL_CO2,MC_VRE,PROFILE_WIND_ONSHORE,SCENARIO_CAPACITY_PACKAGE_V2,FROZEN V2.9 ZONAL ALLOCATION,PROJECT STATIC SOLVER MAPPING,STATIC_CANDIDATE; NUMERICAL_COST_EFFICIENCY_AVAILABILITY_PENDING
High,2050,2050_HIGH_SARD_WIND_ONSHORE,SARD,WIND_ONSHORE,WIND_ONSHORE,NONE,wind_onshore,4064.516129032,false,NOT_APPLICABLE_VRE,ZERO_OPERATIONAL_CO2,MC_VRE,PROFILE_WIND_ONSHORE,SCENARIO_CAPACITY_PACKAGE_V2,FROZEN V2.9 ZONAL ALLOCATION,PROJECT STATIC SOLVER MAPPING,STATIC_CANDIDATE; NUMERICAL_COST_EFFICIENCY_AVAILABILITY_PENDING
High,2050,2050_HIGH_NORD_WIND_OFFSHORE,NORD,WIND_OFFSHORE,WIND_OFFSHORE,NONE,wind_offshore,1628.289473684,false,NOT_APPLICABLE_VRE,ZERO_OPERATIONAL_CO2,MC_VRE,PROFILE_WIND_OFFSHORE,SCENARIO_CAPACITY_PACKAGE_V2,FROZEN V2.9 ZONAL ALLOCATION,PROJECT STATIC SOLVER MAPPING,STATIC_CANDIDATE; NUMERICAL_COST_EFFICIENCY_AVAILABILITY_PENDING
High,2050,2050_HIGH_CNOR_WIND_OFFSHORE,CNOR,WIND_OFFSHORE,WIND_OFFSHORE,NONE,wind_offshore,868.421052632,false,NOT_APPLICABLE_VRE,ZERO_OPERATIONAL_CO2,MC_VRE,PROFILE_WIND_OFFSHORE,SCENARIO_CAPACITY_PACKAGE_V2,FROZEN V2.9 ZONAL ALLOCATION,PROJECT STATIC SOLVER MAPPING,STATIC_CANDIDATE; NUMERICAL_COST_EFFICIENCY_AVAILABILITY_PENDING
High,2050,2050_HIGH_CSUD_WIND_OFFSHORE,CSUD,WIND_OFFSHORE,WIND_OFFSHORE,NONE,wind_offshore,1736.842105263,false,NOT_APPLICABLE_VRE,ZERO_OPERATIONAL_CO2,MC_VRE,PROFILE_WIND_OFFSHORE,SCENARIO_CAPACITY_PACKAGE_V2,FROZEN V2.9 ZONAL ALLOCATION,PROJECT STATIC SOLVER MAPPING,STATIC_CANDIDATE; NUMERICAL_COST_EFFICIENCY_AVAILABILITY_PENDING
High,2050,2050_HIGH_SUD_WIND_OFFSHORE,SUD,WIND_OFFSHORE,WIND_OFFSHORE,NONE,wind_offshore,5101.973684211,false,NOT_APPLICABLE_VRE,ZERO_OPERATIONAL_CO2,MC_VRE,PROFILE_WIND_OFFSHORE,SCENARIO_CAPACITY_PACKAGE_V2,FROZEN V2.9 ZONAL ALLOCATION,PROJECT STATIC SOLVER MAPPING,STATIC_CANDIDATE; NUMERICAL_COST_EFFICIENCY_AVAILABILITY_PENDING
High,2050,2050_HIGH_CALA_WIND_OFFSHORE,CALA,WIND_OFFSHORE,WIND_OFFSHORE,NONE,wind_offshore,651.315789474,false,NOT_APPLICABLE_VRE,ZERO_OPERATIONAL_CO2,MC_VRE,PROFILE_WIND_OFFSHORE,SCENARIO_CAPACITY_PACKAGE_V2,FROZEN V2.9 ZONAL ALLOCATION,PROJECT STATIC SOLVER MAPPING,STATIC_CANDIDATE; NUMERICAL_COST_EFFICIENCY_AVAILABILITY_PENDING
High,2050,2050_HIGH_SICI_WIND_OFFSHORE,SICI,WIND_OFFSHORE,WIND_OFFSHORE,NONE,wind_offshore,3256.578947368,false,NOT_APPLICABLE_VRE,ZERO_OPERATIONAL_CO2,MC_VRE,PROFILE_WIND_OFFSHORE,SCENARIO_CAPACITY_PACKAGE_V2,FROZEN V2.9 ZONAL ALLOCATION,PROJECT STATIC SOLVER MAPPING,STATIC_CANDIDATE; NUMERICAL_COST_EFFICIENCY_AVAILABILITY_PENDING
High,2050,2050_HIGH_SARD_WIND_OFFSHORE,SARD,WIND_OFFSHORE,WIND_OFFSHORE,NONE,wind_offshore,3256.578947368,false,NOT_APPLICABLE_VRE,ZERO_OPERATIONAL_CO2,MC_VRE,PROFILE_WIND_OFFSHORE,SCENARIO_CAPACITY_PACKAGE_V2,FROZEN V2.9 ZONAL ALLOCATION,PROJECT STATIC SOLVER MAPPING,STATIC_CANDIDATE; NUMERICAL_COST_EFFICIENCY_AVAILABILITY_PENDING
High,2050,2050_HIGH_NORD_HYDRO_RUN_OF_RIVER,NORD,HYDRO_RUN_OF_RIVER,RUN_OF_RIVER_TURBINE,WATER_INFLOW,hydro_run_of_river,5228.210866305,false,EFF_HYDRO_TURBINE,ZERO_OPERATIONAL_CO2,MC_HYDRO,PROFILE_HYDRO_ROR_INFLOW,SCENARIO_CAPACITY_PACKAGE_V2,NORD DIRECT CLASS VALUES SCALED 0.006% TO ZONAL NON-PUMPED CONTROL,PROJECT STATIC SOLVER MAPPING,STATIC_CANDIDATE; NUMERICAL_COST_EFFICIENCY_AVAILABILITY_PENDING
High,2050,2050_HIGH_CNOR_HYDRO_RUN_OF_RIVER,CNOR,HYDRO_RUN_OF_RIVER,RUN_OF_RIVER_TURBINE,WATER_INFLOW,hydro_run_of_river,209.314034422,false,EFF_HYDRO_TURBINE,ZERO_OPERATIONAL_CO2,MC_HYDRO,PROFILE_HYDRO_ROR_INFLOW,SCENARIO_CAPACITY_PACKAGE_V2,ROR residual allocated using open HDAM programmable-capacity floor; remaining programmable capacity split to basin/reservoir by residual national controls,PROJECT STATIC SOLVER MAPPING,STATIC_CANDIDATE; NUMERICAL_COST_EFFICIENCY_AVAILABILITY_PENDING
High,2050,2050_HIGH_CSUD_HYDRO_RUN_OF_RIVER,CSUD,HYDRO_RUN_OF_RIVER,RUN_OF_RIVER_TURBINE,WATER_INFLOW,hydro_run_of_river,579.820027388,false,EFF_HYDRO_TURBINE,ZERO_OPERATIONAL_CO2,MC_HYDRO,PROFILE_HYDRO_ROR_INFLOW,SCENARIO_CAPACITY_PACKAGE_V2,ROR residual allocated using open HDAM programmable-capacity floor; remaining programmable capacity split to basin/reservoir by residual national controls,PROJECT STATIC SOLVER MAPPING,STATIC_CANDIDATE; NUMERICAL_COST_EFFICIENCY_AVAILABILITY_PENDING
High,2050,2050_HIGH_SUD_HYDRO_RUN_OF_RIVER,SUD,HYDRO_RUN_OF_RIVER,RUN_OF_RIVER_TURBINE,WATER_INFLOW,hydro_run_of_river,45.411334869,false,EFF_HYDRO_TURBINE,ZERO_OPERATIONAL_CO2,MC_HYDRO,PROFILE_HYDRO_ROR_INFLOW,SCENARIO_CAPACITY_PACKAGE_V2,ROR residual allocated using open HDAM programmable-capacity floor; remaining programmable capacity split to basin/reservoir by residual national controls,PROJECT STATIC SOLVER MAPPING,STATIC_CANDIDATE; NUMERICAL_COST_EFFICIENCY_AVAILABILITY_PENDING
High,2050,2050_HIGH_CALA_HYDRO_RUN_OF_RIVER,CALA,HYDRO_RUN_OF_RIVER,RUN_OF_RIVER_TURBINE,WATER_INFLOW,hydro_run_of_river,106.743829899,false,EFF_HYDRO_TURBINE,ZERO_OPERATIONAL_CO2,MC_HYDRO,PROFILE_HYDRO_ROR_INFLOW,SCENARIO_CAPACITY_PACKAGE_V2,ROR residual allocated using open HDAM programmable-capacity floor; remaining programmable capacity split to basin/reservoir by residual national controls,PROJECT STATIC SOLVER MAPPING,STATIC_CANDIDATE; NUMERICAL_COST_EFFICIENCY_AVAILABILITY_PENDING
High,2050,2050_HIGH_SICI_HYDRO_RUN_OF_RIVER,SICI,HYDRO_RUN_OF_RIVER,RUN_OF_RIVER_TURBINE,WATER_INFLOW,hydro_run_of_river,31.552391362,false,EFF_HYDRO_TURBINE,ZERO_OPERATIONAL_CO2,MC_HYDRO,PROFILE_HYDRO_ROR_INFLOW,SCENARIO_CAPACITY_PACKAGE_V2,ROR residual allocated using open HDAM programmable-capacity floor; remaining programmable capacity split to basin/reservoir by residual national controls,PROJECT STATIC SOLVER MAPPING,STATIC_CANDIDATE; NUMERICAL_COST_EFFICIENCY_AVAILABILITY_PENDING
High,2050,2050_HIGH_SARD_HYDRO_RUN_OF_RIVER,SARD,HYDRO_RUN_OF_RIVER,RUN_OF_RIVER_TURBINE,WATER_INFLOW,hydro_run_of_river,37.947515755,false,EFF_HYDRO_TURBINE,ZERO_OPERATIONAL_CO2,MC_HYDRO,PROFILE_HYDRO_ROR_INFLOW,SCENARIO_CAPACITY_PACKAGE_V2,ROR residual allocated using open HDAM programmable-capacity floor; remaining programmable capacity split to basin/reservoir by residual national controls,PROJECT STATIC SOLVER MAPPING,STATIC_CANDIDATE; NUMERICAL_COST_EFFICIENCY_AVAILABILITY_PENDING
High,2050,2050_HIGH_NORD_BIOENERGY,NORD,BIOENERGY,BIOENERGY_GENERATOR,BIOENERGY,bioenergy,4542.288621371,false,EFF_BIOENERGY,BIOGENIC_CO2_ACCOUNTING,MC_BIOENERGY,AVAIL_BIOENERGY,SCENARIO_CAPACITY_PACKAGE_V2,PROJECT_ALLOCATION_USING_CURRENT_BIOENERGY_GEOGRAPHY,PROJECT STATIC SOLVER MAPPING,STATIC_CANDIDATE; NUMERICAL_COST_EFFICIENCY_AVAILABILITY_PENDING
High,2050,2050_HIGH_CNOR_BIOENERGY,CNOR,BIOENERGY,BIOENERGY_GENERATOR,BIOENERGY,bioenergy,343.258566564,false,EFF_BIOENERGY,BIOGENIC_CO2_ACCOUNTING,MC_BIOENERGY,AVAIL_BIOENERGY,SCENARIO_CAPACITY_PACKAGE_V2,PROJECT_ALLOCATION_USING_CURRENT_BIOENERGY_GEOGRAPHY,PROJECT STATIC SOLVER MAPPING,STATIC_CANDIDATE; NUMERICAL_COST_EFFICIENCY_AVAILABILITY_PENDING
High,2050,2050_HIGH_CSUD_BIOENERGY,CSUD,BIOENERGY,BIOENERGY_GENERATOR,BIOENERGY,bioenergy,853.41991232,false,EFF_BIOENERGY,BIOGENIC_CO2_ACCOUNTING,MC_BIOENERGY,AVAIL_BIOENERGY,SCENARIO_CAPACITY_PACKAGE_V2,PROJECT_ALLOCATION_USING_CURRENT_BIOENERGY_GEOGRAPHY,PROJECT STATIC SOLVER MAPPING,STATIC_CANDIDATE; NUMERICAL_COST_EFFICIENCY_AVAILABILITY_PENDING
High,2050,2050_HIGH_SUD_BIOENERGY,SUD,BIOENERGY,BIOENERGY_GENERATOR,BIOENERGY,bioenergy,853.850595084,false,EFF_BIOENERGY,BIOGENIC_CO2_ACCOUNTING,MC_BIOENERGY,AVAIL_BIOENERGY,SCENARIO_CAPACITY_PACKAGE_V2,PROJECT_ALLOCATION_USING_CURRENT_BIOENERGY_GEOGRAPHY,PROJECT STATIC SOLVER MAPPING,STATIC_CANDIDATE; NUMERICAL_COST_EFFICIENCY_AVAILABILITY_PENDING
High,2050,2050_HIGH_CALA_BIOENERGY,CALA,BIOENERGY,BIOENERGY_GENERATOR,BIOENERGY,bioenergy,335.831107297,false,EFF_BIOENERGY,BIOGENIC_CO2_ACCOUNTING,MC_BIOENERGY,AVAIL_BIOENERGY,SCENARIO_CAPACITY_PACKAGE_V2,PROJECT_ALLOCATION_USING_CURRENT_BIOENERGY_GEOGRAPHY,PROJECT STATIC SOLVER MAPPING,STATIC_CANDIDATE; NUMERICAL_COST_EFFICIENCY_AVAILABILITY_PENDING
High,2050,2050_HIGH_SICI_BIOENERGY,SICI,BIOENERGY,BIOENERGY_GENERATOR,BIOENERGY,bioenergy,132.916357988,false,EFF_BIOENERGY,BIOGENIC_CO2_ACCOUNTING,MC_BIOENERGY,AVAIL_BIOENERGY,SCENARIO_CAPACITY_PACKAGE_V2,PROJECT_ALLOCATION_USING_CURRENT_BIOENERGY_GEOGRAPHY,PROJECT STATIC SOLVER MAPPING,STATIC_CANDIDATE; NUMERICAL_COST_EFFICIENCY_AVAILABILITY_PENDING
High,2050,2050_HIGH_SARD_BIOENERGY,SARD,BIOENERGY,BIOENERGY_GENERATOR,BIOENERGY,bioenergy,212.364886255,false,EFF_BIOENERGY,BIOGENIC_CO2_ACCOUNTING,MC_BIOENERGY,AVAIL_BIOENERGY,SCENARIO_CAPACITY_PACKAGE_V2,PROJECT_ALLOCATION_USING_CURRENT_BIOENERGY_GEOGRAPHY,PROJECT STATIC SOLVER MAPPING,STATIC_CANDIDATE; NUMERICAL_COST_EFFICIENCY_AVAILABILITY_PENDING
High,2050,2050_HIGH_NORD_BIOENERGY_CCS,NORD,BIOENERGY_CCS,BIOENERGY_CCS_GENERATOR,BIOENERGY,bioenergy_ccs,2571.106766814,false,EFF_BIOENERGY_CCS,BIOGENIC_CCS_NET_NEGATIVE_CLASS,MC_BIOENERGY_CCS,AVAIL_BIOENERGY_CCS,SCENARIO_CAPACITY_PACKAGE_V2,PROJECT_ALLOCATION_USING_CURRENT_BIOENERGY_GEOGRAPHY,PROJECT STATIC SOLVER MAPPING,STATIC_CANDIDATE; NUMERICAL_COST_EFFICIENCY_AVAILABILITY_PENDING
High,2050,2050_HIGH_CNOR_BIOENERGY_CCS,CNOR,BIOENERGY_CCS,BIOENERGY_CCS_GENERATOR,BIOENERGY,bioenergy_ccs,194.297301828,false,EFF_BIOENERGY_CCS,BIOGENIC_CCS_NET_NEGATIVE_CLASS,MC_BIOENERGY_CCS,AVAIL_BIOENERGY_CCS,SCENARIO_CAPACITY_PACKAGE_V2,PROJECT_ALLOCATION_USING_CURRENT_BIOENERGY_GEOGRAPHY,PROJECT STATIC SOLVER MAPPING,STATIC_CANDIDATE; NUMERICAL_COST_EFFICIENCY_AVAILABILITY_PENDING
High,2050,2050_HIGH_CSUD_BIOENERGY_CCS,CSUD,BIOENERGY_CCS,BIOENERGY_CCS_GENERATOR,BIOENERGY,bioenergy_ccs,483.067874898,false,EFF_BIOENERGY_CCS,BIOGENIC_CCS_NET_NEGATIVE_CLASS,MC_BIOENERGY_CCS,AVAIL_BIOENERGY_CCS,SCENARIO_CAPACITY_PACKAGE_V2,PROJECT_ALLOCATION_USING_CURRENT_BIOENERGY_GEOGRAPHY,PROJECT STATIC SOLVER MAPPING,STATIC_CANDIDATE; NUMERICAL_COST_EFFICIENCY_AVAILABILITY_PENDING
High,2050,2050_HIGH_SUD_BIOENERGY_CCS,SUD,BIOENERGY_CCS,BIOENERGY_CCS_GENERATOR,BIOENERGY,bioenergy_ccs,483.311657595,false,EFF_BIOENERGY_CCS,BIOGENIC_CCS_NET_NEGATIVE_CLASS,MC_BIOENERGY_CCS,AVAIL_BIOENERGY_CCS,SCENARIO_CAPACITY_PACKAGE_V2,PROJECT_ALLOCATION_USING_CURRENT_BIOENERGY_GEOGRAPHY,PROJECT STATIC SOLVER MAPPING,STATIC_CANDIDATE; NUMERICAL_COST_EFFICIENCY_AVAILABILITY_PENDING
High,2050,2050_HIGH_CALA_BIOENERGY_CCS,CALA,BIOENERGY_CCS,BIOENERGY_CCS_GENERATOR,BIOENERGY,bioenergy_ccs,190.093079602,false,EFF_BIOENERGY_CCS,BIOGENIC_CCS_NET_NEGATIVE_CLASS,MC_BIOENERGY_CCS,AVAIL_BIOENERGY_CCS,SCENARIO_CAPACITY_PACKAGE_V2,PROJECT_ALLOCATION_USING_CURRENT_BIOENERGY_GEOGRAPHY,PROJECT STATIC SOLVER MAPPING,STATIC_CANDIDATE; NUMERICAL_COST_EFFICIENCY_AVAILABILITY_PENDING
High,2050,2050_HIGH_SICI_BIOENERGY_CCS,SICI,BIOENERGY_CCS,BIOENERGY_CCS_GENERATOR,BIOENERGY,bioenergy_ccs,75.235674333,false,EFF_BIOENERGY_CCS,BIOGENIC_CCS_NET_NEGATIVE_CLASS,MC_BIOENERGY_CCS,AVAIL_BIOENERGY_CCS,SCENARIO_CAPACITY_PACKAGE_V2,PROJECT_ALLOCATION_USING_CURRENT_BIOENERGY_GEOGRAPHY,PROJECT STATIC SOLVER MAPPING,STATIC_CANDIDATE; NUMERICAL_COST_EFFICIENCY_AVAILABILITY_PENDING
High,2050,2050_HIGH_SARD_BIOENERGY_CCS,SARD,BIOENERGY_CCS,BIOENERGY_CCS_GENERATOR,BIOENERGY,bioenergy_ccs,120.20653939,false,EFF_BIOENERGY_CCS,BIOGENIC_CCS_NET_NEGATIVE_CLASS,MC_BIOENERGY_CCS,AVAIL_BIOENERGY_CCS,SCENARIO_CAPACITY_PACKAGE_V2,PROJECT_ALLOCATION_USING_CURRENT_BIOENERGY_GEOGRAPHY,PROJECT STATIC SOLVER MAPPING,STATIC_CANDIDATE; NUMERICAL_COST_EFFICIENCY_AVAILABILITY_PENDING
High,2050,2050_HIGH_NORD_GAS_CCS,NORD,GAS_CCS,CCGT_CCS,METHANE,methane_ccs_ccgt,3516.377767001,false,EFF_METHANE_CCGT_CCS,FOSSIL_CCS_RESIDUAL_CO2,MC_METHANE_CCS,AVAIL_THERMAL_CCGT_CCS,SCENARIO_CAPACITY_PACKAGE_V2,PROJECT_ALLOCATION_USING_CURRENT_TECHNOLOGY_GEOGRAPHY,PROJECT STATIC SOLVER MAPPING,STATIC_CANDIDATE; NUMERICAL_COST_EFFICIENCY_AVAILABILITY_PENDING
High,2050,2050_HIGH_CNOR_GAS_CCS,CNOR,GAS_CCS,CCGT_CCS,METHANE,methane_ccs_ccgt,243.560931279,false,EFF_METHANE_CCGT_CCS,FOSSIL_CCS_RESIDUAL_CO2,MC_METHANE_CCS,AVAIL_THERMAL_CCGT_CCS,SCENARIO_CAPACITY_PACKAGE_V2,PROJECT_ALLOCATION_USING_CURRENT_TECHNOLOGY_GEOGRAPHY,PROJECT STATIC SOLVER MAPPING,STATIC_CANDIDATE; NUMERICAL_COST_EFFICIENCY_AVAILABILITY_PENDING
High,2050,2050_HIGH_CSUD_GAS_CCS,CSUD,GAS_CCS,CCGT_CCS,METHANE,methane_ccs_ccgt,964.647101768,false,EFF_METHANE_CCGT_CCS,FOSSIL_CCS_RESIDUAL_CO2,MC_METHANE_CCS,AVAIL_THERMAL_CCGT_CCS,SCENARIO_CAPACITY_PACKAGE_V2,PROJECT_ALLOCATION_USING_CURRENT_TECHNOLOGY_GEOGRAPHY,PROJECT STATIC SOLVER MAPPING,STATIC_CANDIDATE; NUMERICAL_COST_EFFICIENCY_AVAILABILITY_PENDING
High,2050,2050_HIGH_SUD_GAS_CCS,SUD,GAS_CCS,CCGT_CCS,METHANE,methane_ccs_ccgt,674.038035664,false,EFF_METHANE_CCGT_CCS,FOSSIL_CCS_RESIDUAL_CO2,MC_METHANE_CCS,AVAIL_THERMAL_CCGT_CCS,SCENARIO_CAPACITY_PACKAGE_V2,PROJECT_ALLOCATION_USING_CURRENT_TECHNOLOGY_GEOGRAPHY,PROJECT STATIC SOLVER MAPPING,STATIC_CANDIDATE; NUMERICAL_COST_EFFICIENCY_AVAILABILITY_PENDING
High,2050,2050_HIGH_CALA_GAS_CCS,CALA,GAS_CCS,CCGT_CCS,METHANE,methane_ccs_ccgt,492.887687322,false,EFF_METHANE_CCGT_CCS,FOSSIL_CCS_RESIDUAL_CO2,MC_METHANE_CCS,AVAIL_THERMAL_CCGT_CCS,SCENARIO_CAPACITY_PACKAGE_V2,PROJECT_ALLOCATION_USING_CURRENT_TECHNOLOGY_GEOGRAPHY,PROJECT STATIC SOLVER MAPPING,STATIC_CANDIDATE; NUMERICAL_COST_EFFICIENCY_AVAILABILITY_PENDING
High,2050,2050_HIGH_SICI_GAS_CCS,SICI,GAS_CCS,CCGT_CCS,METHANE,methane_ccs_ccgt,462.056620428,false,EFF_METHANE_CCGT_CCS,FOSSIL_CCS_RESIDUAL_CO2,MC_METHANE_CCS,AVAIL_THERMAL_CCGT_CCS,SCENARIO_CAPACITY_PACKAGE_V2,PROJECT_ALLOCATION_USING_CURRENT_TECHNOLOGY_GEOGRAPHY,PROJECT STATIC SOLVER MAPPING,STATIC_CANDIDATE; NUMERICAL_COST_EFFICIENCY_AVAILABILITY_PENDING
High,2050,2050_HIGH_SARD_GAS_CCS,SARD,GAS_CCS,CCGT_CCS,METHANE,methane_ccs_ccgt,96.898124513,false,EFF_METHANE_CCGT_CCS,FOSSIL_CCS_RESIDUAL_CO2,MC_METHANE_CCS,AVAIL_THERMAL_CCGT_CCS,SCENARIO_CAPACITY_PACKAGE_V2,PROJECT_ALLOCATION_USING_CURRENT_TECHNOLOGY_GEOGRAPHY,PROJECT STATIC SOLVER MAPPING,STATIC_CANDIDATE; NUMERICAL_COST_EFFICIENCY_AVAILABILITY_PENDING
High,2050,2050_HIGH_NORD_GAS_OTHER_FOSSIL,NORD,GAS_OTHER_FOSSIL,GT_OCGT_FUEL_FLEXIBLE,METHANE,methane_gt_ocgt,850.138477546,false,EFF_METHANE_GT_OCGT,FOSSIL_METHANE_DIRECT_CO2,MC_METHANE_GT_OCGT,AVAIL_THERMAL_GT_OCGT,SCENARIO_CAPACITY_PACKAGE_V2,PROJECT_ALLOCATION_USING_CURRENT_TECHNOLOGY_GEOGRAPHY,PROJECT STATIC SOLVER MAPPING,STATIC_CANDIDATE_BASELINE_METHANE_PENDING_FUEL_SPLIT_APPROVAL
High,2050,2050_HIGH_CNOR_GAS_OTHER_FOSSIL,CNOR,GAS_OTHER_FOSSIL,GT_OCGT_FUEL_FLEXIBLE,METHANE,methane_gt_ocgt,483.986138935,false,EFF_METHANE_GT_OCGT,FOSSIL_METHANE_DIRECT_CO2,MC_METHANE_GT_OCGT,AVAIL_THERMAL_GT_OCGT,SCENARIO_CAPACITY_PACKAGE_V2,PROJECT_ALLOCATION_USING_CURRENT_TECHNOLOGY_GEOGRAPHY,PROJECT STATIC SOLVER MAPPING,STATIC_CANDIDATE_BASELINE_METHANE_PENDING_FUEL_SPLIT_APPROVAL
High,2050,2050_HIGH_CSUD_GAS_OTHER_FOSSIL,CSUD,GAS_OTHER_FOSSIL,GT_OCGT_FUEL_FLEXIBLE,METHANE,methane_gt_ocgt,776.49858148,false,EFF_METHANE_GT_OCGT,FOSSIL_METHANE_DIRECT_CO2,MC_METHANE_GT_OCGT,AVAIL_THERMAL_GT_OCGT,SCENARIO_CAPACITY_PACKAGE_V2,PROJECT_ALLOCATION_USING_CURRENT_TECHNOLOGY_GEOGRAPHY,PROJECT STATIC SOLVER MAPPING,STATIC_CANDIDATE_BASELINE_METHANE_PENDING_FUEL_SPLIT_APPROVAL
High,2050,2050_HIGH_SUD_GAS_OTHER_FOSSIL,SUD,GAS_OTHER_FOSSIL,GT_OCGT_FUEL_FLEXIBLE,METHANE,methane_gt_ocgt,258.533138507,false,EFF_METHANE_GT_OCGT,FOSSIL_METHANE_DIRECT_CO2,MC_METHANE_GT_OCGT,AVAIL_THERMAL_GT_OCGT,SCENARIO_CAPACITY_PACKAGE_V2,PROJECT_ALLOCATION_USING_CURRENT_TECHNOLOGY_GEOGRAPHY,PROJECT STATIC SOLVER MAPPING,STATIC_CANDIDATE_BASELINE_METHANE_PENDING_FUEL_SPLIT_APPROVAL
High,2050,2050_HIGH_CALA_GAS_OTHER_FOSSIL,CALA,GAS_OTHER_FOSSIL,GT_OCGT_FUEL_FLEXIBLE,METHANE,methane_gt_ocgt,218.270900589,false,EFF_METHANE_GT_OCGT,FOSSIL_METHANE_DIRECT_CO2,MC_METHANE_GT_OCGT,AVAIL_THERMAL_GT_OCGT,SCENARIO_CAPACITY_PACKAGE_V2,PROJECT_ALLOCATION_USING_CURRENT_TECHNOLOGY_GEOGRAPHY,PROJECT STATIC SOLVER MAPPING,STATIC_CANDIDATE_BASELINE_METHANE_PENDING_FUEL_SPLIT_APPROVAL
High,2050,2050_HIGH_SICI_GAS_OTHER_FOSSIL,SICI,GAS_OTHER_FOSSIL,GT_OCGT_FUEL_FLEXIBLE,METHANE,methane_gt_ocgt,658.71906795,false,EFF_METHANE_GT_OCGT,FOSSIL_METHANE_DIRECT_CO2,MC_METHANE_GT_OCGT,AVAIL_THERMAL_GT_OCGT,SCENARIO_CAPACITY_PACKAGE_V2,PROJECT_ALLOCATION_USING_CURRENT_TECHNOLOGY_GEOGRAPHY,PROJECT STATIC SOLVER MAPPING,STATIC_CANDIDATE_BASELINE_METHANE_PENDING_FUEL_SPLIT_APPROVAL
High,2050,2050_HIGH_SARD_GAS_OTHER_FOSSIL,SARD,GAS_OTHER_FOSSIL,GT_OCGT_FUEL_FLEXIBLE,METHANE,methane_gt_ocgt,140.348485682,false,EFF_METHANE_GT_OCGT,FOSSIL_METHANE_DIRECT_CO2,MC_METHANE_GT_OCGT,AVAIL_THERMAL_GT_OCGT,SCENARIO_CAPACITY_PACKAGE_V2,PROJECT_ALLOCATION_USING_CURRENT_TECHNOLOGY_GEOGRAPHY,PROJECT STATIC SOLVER MAPPING,STATIC_CANDIDATE_BASELINE_METHANE_PENDING_FUEL_SPLIT_APPROVAL
High,2050,2050_HIGH_CNOR_GEOTHERMAL,CNOR,GEOTHERMAL,GEOTHERMAL,GEOTHERMAL,geothermal,771.79,false,EFF_NOT_APPLICABLE_GEOTHERMAL,ZERO_OPERATIONAL_FOSSIL_CO2,MC_GEOTHERMAL,AVAIL_GEOTHERMAL,SCENARIO_CAPACITY_PACKAGE_V2,PROJECT_ALLOCATION_USING_POST_COAL_OIL_CURRENT_TECHNOLOGY_GEOGRAPHY,PROJECT STATIC SOLVER MAPPING,STATIC_CANDIDATE; NUMERICAL_COST_EFFICIENCY_AVAILABILITY_PENDING
High,2050,2050_HIGH_NORD_NUCLEAR,NORD,NUCLEAR,NUCLEAR_REACTOR,NUCLEAR_FUEL,nuclear,5000,false,EFF_NUCLEAR_THERMAL,ZERO_DIRECT_OPERATIONAL_CO2,MC_NUCLEAR,AVAIL_NUCLEAR,SCENARIO_CAPACITY_PACKAGE_V2,FIXED_NUCLEAR_SITING_NORD_5GW_CSUD_3GW,PROJECT STATIC SOLVER MAPPING,STATIC_CANDIDATE; NUMERICAL_COST_EFFICIENCY_AVAILABILITY_PENDING
High,2050,2050_HIGH_CSUD_NUCLEAR,CSUD,NUCLEAR,NUCLEAR_REACTOR,NUCLEAR_FUEL,nuclear,3000,false,EFF_NUCLEAR_THERMAL,ZERO_DIRECT_OPERATIONAL_CO2,MC_NUCLEAR,AVAIL_NUCLEAR,SCENARIO_CAPACITY_PACKAGE_V2,FIXED_NUCLEAR_SITING_NORD_5GW_CSUD_3GW,PROJECT STATIC SOLVER MAPPING,STATIC_CANDIDATE; NUMERICAL_COST_EFFICIENCY_AVAILABILITY_PENDING
