year,scenario,zone,technology,solver_component_pattern,additive_capacity_MW,capacity_ready,p_nom_extendable,fuel_class,fuel_class_ready,carrier,carrier_ready,efficiency_class,numerical_efficiency_ready,CO2_factor_class,numerical_CO2_factor_ready,marginal_cost_class,numerical_marginal_cost_ready,availability_class,hourly_availability_ready,component_pattern_ready,operational_parameter_status,static_solver_status,blocking_items
2040,Slow,NORD,SOLAR_PV_ROOFTOP,Generator,20080,true,false,NONE,true,solar_pv_rooftop,true,NOT_APPLICABLE_VRE,false,ZERO_OPERATIONAL_CO2,false,MC_VRE,false,PROFILE_SOLAR_PV_ROOFTOP,false,true,STATIC_CLASS_CONTRACT_READY; NUMERICAL_ASSUMPTIONS_PENDING,STATIC_CAPACITY_AND_CLASS_CONTRACT_READY,"numerical efficiency, costs, CO2 factor and hourly profile/availability"
2040,Slow,CNOR,SOLAR_PV_ROOFTOP,Generator,2640,true,false,NONE,true,solar_pv_rooftop,true,NOT_APPLICABLE_VRE,false,ZERO_OPERATIONAL_CO2,false,MC_VRE,false,PROFILE_SOLAR_PV_ROOFTOP,false,true,STATIC_CLASS_CONTRACT_READY; NUMERICAL_ASSUMPTIONS_PENDING,STATIC_CAPACITY_AND_CLASS_CONTRACT_READY,"numerical efficiency, costs, CO2 factor and hourly profile/availability"
2040,Slow,CSUD,SOLAR_PV_ROOFTOP,Generator,4400,true,false,NONE,true,solar_pv_rooftop,true,NOT_APPLICABLE_VRE,false,ZERO_OPERATIONAL_CO2,false,MC_VRE,false,PROFILE_SOLAR_PV_ROOFTOP,false,true,STATIC_CLASS_CONTRACT_READY; NUMERICAL_ASSUMPTIONS_PENDING,STATIC_CAPACITY_AND_CLASS_CONTRACT_READY,"numerical efficiency, costs, CO2 factor and hourly profile/availability"
2040,Slow,SUD,SOLAR_PV_ROOFTOP,Generator,1360,true,false,NONE,true,solar_pv_rooftop,true,NOT_APPLICABLE_VRE,false,ZERO_OPERATIONAL_CO2,false,MC_VRE,false,PROFILE_SOLAR_PV_ROOFTOP,false,true,STATIC_CLASS_CONTRACT_READY; NUMERICAL_ASSUMPTIONS_PENDING,STATIC_CAPACITY_AND_CLASS_CONTRACT_READY,"numerical efficiency, costs, CO2 factor and hourly profile/availability"
2040,Slow,CALA,SOLAR_PV_ROOFTOP,Generator,880,true,false,NONE,true,solar_pv_rooftop,true,NOT_APPLICABLE_VRE,false,ZERO_OPERATIONAL_CO2,false,MC_VRE,false,PROFILE_SOLAR_PV_ROOFTOP,false,true,STATIC_CLASS_CONTRACT_READY; NUMERICAL_ASSUMPTIONS_PENDING,STATIC_CAPACITY_AND_CLASS_CONTRACT_READY,"numerical efficiency, costs, CO2 factor and hourly profile/availability"
2040,Slow,SICI,SOLAR_PV_ROOFTOP,Generator,2640,true,false,NONE,true,solar_pv_rooftop,true,NOT_APPLICABLE_VRE,false,ZERO_OPERATIONAL_CO2,false,MC_VRE,false,PROFILE_SOLAR_PV_ROOFTOP,false,true,STATIC_CLASS_CONTRACT_READY; NUMERICAL_ASSUMPTIONS_PENDING,STATIC_CAPACITY_AND_CLASS_CONTRACT_READY,"numerical efficiency, costs, CO2 factor and hourly profile/availability"
2040,Slow,SARD,SOLAR_PV_ROOFTOP,Generator,1360,true,false,NONE,true,solar_pv_rooftop,true,NOT_APPLICABLE_VRE,false,ZERO_OPERATIONAL_CO2,false,MC_VRE,false,PROFILE_SOLAR_PV_ROOFTOP,false,true,STATIC_CLASS_CONTRACT_READY; NUMERICAL_ASSUMPTIONS_PENDING,STATIC_CAPACITY_AND_CLASS_CONTRACT_READY,"numerical efficiency, costs, CO2 factor and hourly profile/availability"
2040,Slow,NORD,SOLAR_PV_UTILITY,Generator,13840,true,false,NONE,true,solar_pv_utility,true,NOT_APPLICABLE_VRE,false,ZERO_OPERATIONAL_CO2,false,MC_VRE,false,PROFILE_SOLAR_PV_UTILITY,false,true,STATIC_CLASS_CONTRACT_READY; NUMERICAL_ASSUMPTIONS_PENDING,STATIC_CAPACITY_AND_CLASS_CONTRACT_READY,"numerical efficiency, costs, CO2 factor and hourly profile/availability"
2040,Slow,CNOR,SOLAR_PV_UTILITY,Generator,5040,true,false,NONE,true,solar_pv_utility,true,NOT_APPLICABLE_VRE,false,ZERO_OPERATIONAL_CO2,false,MC_VRE,false,PROFILE_SOLAR_PV_UTILITY,false,true,STATIC_CLASS_CONTRACT_READY; NUMERICAL_ASSUMPTIONS_PENDING,STATIC_CAPACITY_AND_CLASS_CONTRACT_READY,"numerical efficiency, costs, CO2 factor and hourly profile/availability"
2040,Slow,CSUD,SOLAR_PV_UTILITY,Generator,11680,true,false,NONE,true,solar_pv_utility,true,NOT_APPLICABLE_VRE,false,ZERO_OPERATIONAL_CO2,false,MC_VRE,false,PROFILE_SOLAR_PV_UTILITY,false,true,STATIC_CLASS_CONTRACT_READY; NUMERICAL_ASSUMPTIONS_PENDING,STATIC_CAPACITY_AND_CLASS_CONTRACT_READY,"numerical efficiency, costs, CO2 factor and hourly profile/availability"
2040,Slow,SUD,SOLAR_PV_UTILITY,Generator,15440,true,false,NONE,true,solar_pv_utility,true,NOT_APPLICABLE_VRE,false,ZERO_OPERATIONAL_CO2,false,MC_VRE,false,PROFILE_SOLAR_PV_UTILITY,false,true,STATIC_CLASS_CONTRACT_READY; NUMERICAL_ASSUMPTIONS_PENDING,STATIC_CAPACITY_AND_CLASS_CONTRACT_READY,"numerical efficiency, costs, CO2 factor and hourly profile/availability"
2040,Slow,CALA,SOLAR_PV_UTILITY,Generator,2000,true,false,NONE,true,solar_pv_utility,true,NOT_APPLICABLE_VRE,false,ZERO_OPERATIONAL_CO2,false,MC_VRE,false,PROFILE_SOLAR_PV_UTILITY,false,true,STATIC_CLASS_CONTRACT_READY; NUMERICAL_ASSUMPTIONS_PENDING,STATIC_CAPACITY_AND_CLASS_CONTRACT_READY,"numerical efficiency, costs, CO2 factor and hourly profile/availability"
2040,Slow,SICI,SOLAR_PV_UTILITY,Generator,9200,true,false,NONE,true,solar_pv_utility,true,NOT_APPLICABLE_VRE,false,ZERO_OPERATIONAL_CO2,false,MC_VRE,false,PROFILE_SOLAR_PV_UTILITY,false,true,STATIC_CLASS_CONTRACT_READY; NUMERICAL_ASSUMPTIONS_PENDING,STATIC_CAPACITY_AND_CLASS_CONTRACT_READY,"numerical efficiency, costs, CO2 factor and hourly profile/availability"
2040,Slow,SARD,SOLAR_PV_UTILITY,Generator,6160,true,false,NONE,true,solar_pv_utility,true,NOT_APPLICABLE_VRE,false,ZERO_OPERATIONAL_CO2,false,MC_VRE,false,PROFILE_SOLAR_PV_UTILITY,false,true,STATIC_CLASS_CONTRACT_READY; NUMERICAL_ASSUMPTIONS_PENDING,STATIC_CAPACITY_AND_CLASS_CONTRACT_READY,"numerical efficiency, costs, CO2 factor and hourly profile/availability"
2040,Slow,NORD,WIND_ONSHORE,Generator,480,true,false,NONE,true,wind_onshore,true,NOT_APPLICABLE_VRE,false,ZERO_OPERATIONAL_CO2,false,MC_VRE,false,PROFILE_WIND_ONSHORE,false,true,STATIC_CLASS_CONTRACT_READY; NUMERICAL_ASSUMPTIONS_PENDING,STATIC_CAPACITY_AND_CLASS_CONTRACT_READY,"numerical efficiency, costs, CO2 factor and hourly profile/availability"
2040,Slow,CNOR,WIND_ONSHORE,Generator,320,true,false,NONE,true,wind_onshore,true,NOT_APPLICABLE_VRE,false,ZERO_OPERATIONAL_CO2,false,MC_VRE,false,PROFILE_WIND_ONSHORE,false,true,STATIC_CLASS_CONTRACT_READY; NUMERICAL_ASSUMPTIONS_PENDING,STATIC_CAPACITY_AND_CLASS_CONTRACT_READY,"numerical efficiency, costs, CO2 factor and hourly profile/availability"
2040,Slow,CSUD,WIND_ONSHORE,Generator,5440,true,false,NONE,true,wind_onshore,true,NOT_APPLICABLE_VRE,false,ZERO_OPERATIONAL_CO2,false,MC_VRE,false,PROFILE_WIND_ONSHORE,false,true,STATIC_CLASS_CONTRACT_READY; NUMERICAL_ASSUMPTIONS_PENDING,STATIC_CAPACITY_AND_CLASS_CONTRACT_READY,"numerical efficiency, costs, CO2 factor and hourly profile/availability"
2040,Slow,SUD,WIND_ONSHORE,Generator,10560,true,false,NONE,true,wind_onshore,true,NOT_APPLICABLE_VRE,false,ZERO_OPERATIONAL_CO2,false,MC_VRE,false,PROFILE_WIND_ONSHORE,false,true,STATIC_CLASS_CONTRACT_READY; NUMERICAL_ASSUMPTIONS_PENDING,STATIC_CAPACITY_AND_CLASS_CONTRACT_READY,"numerical efficiency, costs, CO2 factor and hourly profile/availability"
2040,Slow,CALA,WIND_ONSHORE,Generator,2640,true,false,NONE,true,wind_onshore,true,NOT_APPLICABLE_VRE,false,ZERO_OPERATIONAL_CO2,false,MC_VRE,false,PROFILE_WIND_ONSHORE,false,true,STATIC_CLASS_CONTRACT_READY; NUMERICAL_ASSUMPTIONS_PENDING,STATIC_CAPACITY_AND_CLASS_CONTRACT_READY,"numerical efficiency, costs, CO2 factor and hourly profile/availability"
2040,Slow,SICI,WIND_ONSHORE,Generator,5040,true,false,NONE,true,wind_onshore,true,NOT_APPLICABLE_VRE,false,ZERO_OPERATIONAL_CO2,false,MC_VRE,false,PROFILE_WIND_ONSHORE,false,true,STATIC_CLASS_CONTRACT_READY; NUMERICAL_ASSUMPTIONS_PENDING,STATIC_CAPACITY_AND_CLASS_CONTRACT_READY,"numerical efficiency, costs, CO2 factor and hourly profile/availability"
2040,Slow,SARD,WIND_ONSHORE,Generator,2800,true,false,NONE,true,wind_onshore,true,NOT_APPLICABLE_VRE,false,ZERO_OPERATIONAL_CO2,false,MC_VRE,false,PROFILE_WIND_ONSHORE,false,true,STATIC_CLASS_CONTRACT_READY; NUMERICAL_ASSUMPTIONS_PENDING,STATIC_CAPACITY_AND_CLASS_CONTRACT_READY,"numerical efficiency, costs, CO2 factor and hourly profile/availability"
2040,Slow,NORD,WIND_OFFSHORE,Generator,1200,true,false,NONE,true,wind_offshore,true,NOT_APPLICABLE_VRE,false,ZERO_OPERATIONAL_CO2,false,MC_VRE,false,PROFILE_WIND_OFFSHORE,false,true,STATIC_CLASS_CONTRACT_READY; NUMERICAL_ASSUMPTIONS_PENDING,STATIC_CAPACITY_AND_CLASS_CONTRACT_READY,"numerical efficiency, costs, CO2 factor and hourly profile/availability"
2040,Slow,CNOR,WIND_OFFSHORE,Generator,640,true,false,NONE,true,wind_offshore,true,NOT_APPLICABLE_VRE,false,ZERO_OPERATIONAL_CO2,false,MC_VRE,false,PROFILE_WIND_OFFSHORE,false,true,STATIC_CLASS_CONTRACT_READY; NUMERICAL_ASSUMPTIONS_PENDING,STATIC_CAPACITY_AND_CLASS_CONTRACT_READY,"numerical efficiency, costs, CO2 factor and hourly profile/availability"
2040,Slow,CSUD,WIND_OFFSHORE,Generator,1280,true,false,NONE,true,wind_offshore,true,NOT_APPLICABLE_VRE,false,ZERO_OPERATIONAL_CO2,false,MC_VRE,false,PROFILE_WIND_OFFSHORE,false,true,STATIC_CLASS_CONTRACT_READY; NUMERICAL_ASSUMPTIONS_PENDING,STATIC_CAPACITY_AND_CLASS_CONTRACT_READY,"numerical efficiency, costs, CO2 factor and hourly profile/availability"
2040,Slow,SUD,WIND_OFFSHORE,Generator,3760,true,false,NONE,true,wind_offshore,true,NOT_APPLICABLE_VRE,false,ZERO_OPERATIONAL_CO2,false,MC_VRE,false,PROFILE_WIND_OFFSHORE,false,true,STATIC_CLASS_CONTRACT_READY; NUMERICAL_ASSUMPTIONS_PENDING,STATIC_CAPACITY_AND_CLASS_CONTRACT_READY,"numerical efficiency, costs, CO2 factor and hourly profile/availability"
2040,Slow,CALA,WIND_OFFSHORE,Generator,480,true,false,NONE,true,wind_offshore,true,NOT_APPLICABLE_VRE,false,ZERO_OPERATIONAL_CO2,false,MC_VRE,false,PROFILE_WIND_OFFSHORE,false,true,STATIC_CLASS_CONTRACT_READY; NUMERICAL_ASSUMPTIONS_PENDING,STATIC_CAPACITY_AND_CLASS_CONTRACT_READY,"numerical efficiency, costs, CO2 factor and hourly profile/availability"
2040,Slow,SICI,WIND_OFFSHORE,Generator,2400,true,false,NONE,true,wind_offshore,true,NOT_APPLICABLE_VRE,false,ZERO_OPERATIONAL_CO2,false,MC_VRE,false,PROFILE_WIND_OFFSHORE,false,true,STATIC_CLASS_CONTRACT_READY; NUMERICAL_ASSUMPTIONS_PENDING,STATIC_CAPACITY_AND_CLASS_CONTRACT_READY,"numerical efficiency, costs, CO2 factor and hourly profile/availability"
2040,Slow,SARD,WIND_OFFSHORE,Generator,2400,true,false,NONE,true,wind_offshore,true,NOT_APPLICABLE_VRE,false,ZERO_OPERATIONAL_CO2,false,MC_VRE,false,PROFILE_WIND_OFFSHORE,false,true,STATIC_CLASS_CONTRACT_READY; NUMERICAL_ASSUMPTIONS_PENDING,STATIC_CAPACITY_AND_CLASS_CONTRACT_READY,"numerical efficiency, costs, CO2 factor and hourly profile/availability"
2040,Slow,NORD,HYDRO_RUN_OF_RIVER,Generator,5228.210866305,true,false,WATER_INFLOW,true,hydro_run_of_river,true,EFF_HYDRO_TURBINE,false,ZERO_OPERATIONAL_CO2,false,MC_HYDRO,false,PROFILE_HYDRO_ROR_INFLOW,false,true,STATIC_CLASS_CONTRACT_READY; NUMERICAL_ASSUMPTIONS_PENDING,STATIC_CAPACITY_AND_CLASS_CONTRACT_READY,"numerical efficiency, costs, CO2 factor and hourly profile/availability"
2040,Slow,CNOR,HYDRO_RUN_OF_RIVER,Generator,209.314034422,true,false,WATER_INFLOW,true,hydro_run_of_river,true,EFF_HYDRO_TURBINE,false,ZERO_OPERATIONAL_CO2,false,MC_HYDRO,false,PROFILE_HYDRO_ROR_INFLOW,false,true,STATIC_CLASS_CONTRACT_READY; NUMERICAL_ASSUMPTIONS_PENDING,STATIC_CAPACITY_AND_CLASS_CONTRACT_READY,"numerical efficiency, costs, CO2 factor and hourly profile/availability"
2040,Slow,CSUD,HYDRO_RUN_OF_RIVER,Generator,579.820027388,true,false,WATER_INFLOW,true,hydro_run_of_river,true,EFF_HYDRO_TURBINE,false,ZERO_OPERATIONAL_CO2,false,MC_HYDRO,false,PROFILE_HYDRO_ROR_INFLOW,false,true,STATIC_CLASS_CONTRACT_READY; NUMERICAL_ASSUMPTIONS_PENDING,STATIC_CAPACITY_AND_CLASS_CONTRACT_READY,"numerical efficiency, costs, CO2 factor and hourly profile/availability"
2040,Slow,SUD,HYDRO_RUN_OF_RIVER,Generator,45.411334869,true,false,WATER_INFLOW,true,hydro_run_of_river,true,EFF_HYDRO_TURBINE,false,ZERO_OPERATIONAL_CO2,false,MC_HYDRO,false,PROFILE_HYDRO_ROR_INFLOW,false,true,STATIC_CLASS_CONTRACT_READY; NUMERICAL_ASSUMPTIONS_PENDING,STATIC_CAPACITY_AND_CLASS_CONTRACT_READY,"numerical efficiency, costs, CO2 factor and hourly profile/availability"
2040,Slow,CALA,HYDRO_RUN_OF_RIVER,Generator,106.743829899,true,false,WATER_INFLOW,true,hydro_run_of_river,true,EFF_HYDRO_TURBINE,false,ZERO_OPERATIONAL_CO2,false,MC_HYDRO,false,PROFILE_HYDRO_ROR_INFLOW,false,true,STATIC_CLASS_CONTRACT_READY; NUMERICAL_ASSUMPTIONS_PENDING,STATIC_CAPACITY_AND_CLASS_CONTRACT_READY,"numerical efficiency, costs, CO2 factor and hourly profile/availability"
2040,Slow,SICI,HYDRO_RUN_OF_RIVER,Generator,31.552391362,true,false,WATER_INFLOW,true,hydro_run_of_river,true,EFF_HYDRO_TURBINE,false,ZERO_OPERATIONAL_CO2,false,MC_HYDRO,false,PROFILE_HYDRO_ROR_INFLOW,false,true,STATIC_CLASS_CONTRACT_READY; NUMERICAL_ASSUMPTIONS_PENDING,STATIC_CAPACITY_AND_CLASS_CONTRACT_READY,"numerical efficiency, costs, CO2 factor and hourly profile/availability"
2040,Slow,SARD,HYDRO_RUN_OF_RIVER,Generator,37.947515755,true,false,WATER_INFLOW,true,hydro_run_of_river,true,EFF_HYDRO_TURBINE,false,ZERO_OPERATIONAL_CO2,false,MC_HYDRO,false,PROFILE_HYDRO_ROR_INFLOW,false,true,STATIC_CLASS_CONTRACT_READY; NUMERICAL_ASSUMPTIONS_PENDING,STATIC_CAPACITY_AND_CLASS_CONTRACT_READY,"numerical efficiency, costs, CO2 factor and hourly profile/availability"
2040,Slow,NORD,HYDRO_BASIN,Water Store + turbine Link + inflow,3512.208833846,true,false,WATER,true,hydro_basin,true,EFF_HYDRO_CLASS,false,ZERO_OPERATIONAL_CO2,false,MC_HYDRO,false,PROFILE_HYDRO_INFLOW_AND_SOC,false,true,PARTIAL_OPERATIONAL_PARAMETERS,STATIC_CAPACITY_AND_CLASS_CONTRACT_READY,e_nom/pump/efficiency/inflow/SOC or duration as applicable
2040,Slow,CNOR,HYDRO_BASIN,Water Store + turbine Link + inflow,238.064607896,true,false,WATER,true,hydro_basin,true,EFF_HYDRO_CLASS,false,ZERO_OPERATIONAL_CO2,false,MC_HYDRO,false,PROFILE_HYDRO_INFLOW_AND_SOC,false,true,PARTIAL_OPERATIONAL_PARAMETERS,STATIC_CAPACITY_AND_CLASS_CONTRACT_READY,e_nom/pump/efficiency/inflow/SOC or duration as applicable
2040,Slow,CSUD,HYDRO_BASIN,Water Store + turbine Link + inflow,582.887284562,true,false,WATER,true,hydro_basin,true,EFF_HYDRO_CLASS,false,ZERO_OPERATIONAL_CO2,false,MC_HYDRO,false,PROFILE_HYDRO_INFLOW_AND_SOC,false,true,PARTIAL_OPERATIONAL_PARAMETERS,STATIC_CAPACITY_AND_CLASS_CONTRACT_READY,e_nom/pump/efficiency/inflow/SOC or duration as applicable
2040,Slow,SUD,HYDRO_BASIN,Water Store + turbine Link + inflow,103.488209848,true,false,WATER,true,hydro_basin,true,EFF_HYDRO_CLASS,false,ZERO_OPERATIONAL_CO2,false,MC_HYDRO,false,PROFILE_HYDRO_INFLOW_AND_SOC,false,true,PARTIAL_OPERATIONAL_PARAMETERS,STATIC_CAPACITY_AND_CLASS_CONTRACT_READY,e_nom/pump/efficiency/inflow/SOC or duration as applicable
2040,Slow,CALA,HYDRO_BASIN,Water Store + turbine Link + inflow,417.949832196,true,false,WATER,true,hydro_basin,true,EFF_HYDRO_CLASS,false,ZERO_OPERATIONAL_CO2,false,MC_HYDRO,false,PROFILE_HYDRO_INFLOW_AND_SOC,false,true,PARTIAL_OPERATIONAL_PARAMETERS,STATIC_CAPACITY_AND_CLASS_CONTRACT_READY,e_nom/pump/efficiency/inflow/SOC or duration as applicable
2040,Slow,SICI,HYDRO_BASIN,Water Store + turbine Link + inflow,58.808504061,true,false,WATER,true,hydro_basin,true,EFF_HYDRO_CLASS,false,ZERO_OPERATIONAL_CO2,false,MC_HYDRO,false,PROFILE_HYDRO_INFLOW_AND_SOC,false,true,PARTIAL_OPERATIONAL_PARAMETERS,STATIC_CAPACITY_AND_CLASS_CONTRACT_READY,e_nom/pump/efficiency/inflow/SOC or duration as applicable
2040,Slow,SARD,HYDRO_BASIN,Water Store + turbine Link + inflow,106.492727593,true,false,WATER,true,hydro_basin,true,EFF_HYDRO_CLASS,false,ZERO_OPERATIONAL_CO2,false,MC_HYDRO,false,PROFILE_HYDRO_INFLOW_AND_SOC,false,true,PARTIAL_OPERATIONAL_PARAMETERS,STATIC_CAPACITY_AND_CLASS_CONTRACT_READY,e_nom/pump/efficiency/inflow/SOC or duration as applicable
2040,Slow,NORD,HYDRO_RESERVOIR,Water Store + turbine Link + inflow,3669.318175474,true,false,WATER,true,hydro_reservoir,true,EFF_HYDRO_CLASS,false,ZERO_OPERATIONAL_CO2,false,MC_HYDRO,false,PROFILE_HYDRO_INFLOW_AND_SOC,false,true,PARTIAL_OPERATIONAL_PARAMETERS,STATIC_CAPACITY_AND_CLASS_CONTRACT_READY,e_nom/pump/efficiency/inflow/SOC or duration as applicable
2040,Slow,CNOR,HYDRO_RESERVOIR,Water Store + turbine Link + inflow,175.818907682,true,false,WATER,true,hydro_reservoir,true,EFF_HYDRO_CLASS,false,ZERO_OPERATIONAL_CO2,false,MC_HYDRO,false,PROFILE_HYDRO_INFLOW_AND_SOC,false,true,PARTIAL_OPERATIONAL_PARAMETERS,STATIC_CAPACITY_AND_CLASS_CONTRACT_READY,e_nom/pump/efficiency/inflow/SOC or duration as applicable
2040,Slow,CSUD,HYDRO_RESERVOIR,Water Store + turbine Link + inflow,430.482324018,true,false,WATER,true,hydro_reservoir,true,EFF_HYDRO_CLASS,false,ZERO_OPERATIONAL_CO2,false,MC_HYDRO,false,PROFILE_HYDRO_INFLOW_AND_SOC,false,true,PARTIAL_OPERATIONAL_PARAMETERS,STATIC_CAPACITY_AND_CLASS_CONTRACT_READY,e_nom/pump/efficiency/inflow/SOC or duration as applicable
2040,Slow,SUD,HYDRO_RESERVOIR,Water Store + turbine Link + inflow,76.429605283,true,false,WATER,true,hydro_reservoir,true,EFF_HYDRO_CLASS,false,ZERO_OPERATIONAL_CO2,false,MC_HYDRO,false,PROFILE_HYDRO_INFLOW_AND_SOC,false,true,PARTIAL_OPERATIONAL_PARAMETERS,STATIC_CAPACITY_AND_CLASS_CONTRACT_READY,e_nom/pump/efficiency/inflow/SOC or duration as applicable
2040,Slow,CALA,HYDRO_RESERVOIR,Water Store + turbine Link + inflow,308.670337905,true,false,WATER,true,hydro_reservoir,true,EFF_HYDRO_CLASS,false,ZERO_OPERATIONAL_CO2,false,MC_HYDRO,false,PROFILE_HYDRO_INFLOW_AND_SOC,false,true,PARTIAL_OPERATIONAL_PARAMETERS,STATIC_CAPACITY_AND_CLASS_CONTRACT_READY,e_nom/pump/efficiency/inflow/SOC or duration as applicable
2040,Slow,SICI,HYDRO_RESERVOIR,Water Store + turbine Link + inflow,43.432104578,true,false,WATER,true,hydro_reservoir,true,EFF_HYDRO_CLASS,false,ZERO_OPERATIONAL_CO2,false,MC_HYDRO,false,PROFILE_HYDRO_INFLOW_AND_SOC,false,true,PARTIAL_OPERATIONAL_PARAMETERS,STATIC_CAPACITY_AND_CLASS_CONTRACT_READY,e_nom/pump/efficiency/inflow/SOC or duration as applicable
2040,Slow,SARD,HYDRO_RESERVOIR,Water Store + turbine Link + inflow,78.64854506,true,false,WATER,true,hydro_reservoir,true,EFF_HYDRO_CLASS,false,ZERO_OPERATIONAL_CO2,false,MC_HYDRO,false,PROFILE_HYDRO_INFLOW_AND_SOC,false,true,PARTIAL_OPERATIONAL_PARAMETERS,STATIC_CAPACITY_AND_CLASS_CONTRACT_READY,e_nom/pump/efficiency/inflow/SOC or duration as applicable
2040,Slow,NORD,PUMPED_HYDRO_PURE,Shared water Store + pump Link + turbine Link,2393.185354581,true,false,WATER,true,pumped_hydro_pure,true,EFF_HYDRO_CLASS,false,ZERO_OPERATIONAL_CO2,false,MC_HYDRO,false,PROFILE_HYDRO_INFLOW_AND_SOC,false,true,PARTIAL_OPERATIONAL_PARAMETERS,STATIC_CAPACITY_AND_CLASS_CONTRACT_READY,e_nom/pump/efficiency/inflow/SOC or duration as applicable
2040,Slow,CNOR,PUMPED_HYDRO_PURE,Shared water Store + pump Link + turbine Link,0,true,false,WATER,true,pumped_hydro_pure,true,EFF_HYDRO_CLASS,false,ZERO_OPERATIONAL_CO2,false,MC_HYDRO,false,PROFILE_HYDRO_INFLOW_AND_SOC,false,true,PARTIAL_OPERATIONAL_PARAMETERS,STATIC_CAPACITY_AND_CLASS_CONTRACT_READY,e_nom/pump/efficiency/inflow/SOC or duration as applicable
2040,Slow,CSUD,PUMPED_HYDRO_PURE,Shared water Store + pump Link + turbine Link,995.915669822,true,false,WATER,true,pumped_hydro_pure,true,EFF_HYDRO_CLASS,false,ZERO_OPERATIONAL_CO2,false,MC_HYDRO,false,PROFILE_HYDRO_INFLOW_AND_SOC,false,true,PARTIAL_OPERATIONAL_PARAMETERS,STATIC_CAPACITY_AND_CLASS_CONTRACT_READY,e_nom/pump/efficiency/inflow/SOC or duration as applicable
2040,Slow,SUD,PUMPED_HYDRO_PURE,Shared water Store + pump Link + turbine Link,0,true,false,WATER,true,pumped_hydro_pure,true,EFF_HYDRO_CLASS,false,ZERO_OPERATIONAL_CO2,false,MC_HYDRO,false,PROFILE_HYDRO_INFLOW_AND_SOC,false,true,PARTIAL_OPERATIONAL_PARAMETERS,STATIC_CAPACITY_AND_CLASS_CONTRACT_READY,e_nom/pump/efficiency/inflow/SOC or duration as applicable
2040,Slow,CALA,PUMPED_HYDRO_PURE,Shared water Store + pump Link + turbine Link,0,true,false,WATER,true,pumped_hydro_pure,true,EFF_HYDRO_CLASS,false,ZERO_OPERATIONAL_CO2,false,MC_HYDRO,false,PROFILE_HYDRO_INFLOW_AND_SOC,false,true,PARTIAL_OPERATIONAL_PARAMETERS,STATIC_CAPACITY_AND_CLASS_CONTRACT_READY,e_nom/pump/efficiency/inflow/SOC or duration as applicable
2040,Slow,SICI,PUMPED_HYDRO_PURE,Shared water Store + pump Link + turbine Link,580.474585597,true,false,WATER,true,pumped_hydro_pure,true,EFF_HYDRO_CLASS,false,ZERO_OPERATIONAL_CO2,false,MC_HYDRO,false,PROFILE_HYDRO_INFLOW_AND_SOC,false,true,PARTIAL_OPERATIONAL_PARAMETERS,STATIC_CAPACITY_AND_CLASS_CONTRACT_READY,e_nom/pump/efficiency/inflow/SOC or duration as applicable
2040,Slow,SARD,PUMPED_HYDRO_PURE,Shared water Store + pump Link + turbine Link,0,true,false,WATER,true,pumped_hydro_pure,true,EFF_HYDRO_CLASS,false,ZERO_OPERATIONAL_CO2,false,MC_HYDRO,false,PROFILE_HYDRO_INFLOW_AND_SOC,false,true,PARTIAL_OPERATIONAL_PARAMETERS,STATIC_CAPACITY_AND_CLASS_CONTRACT_READY,e_nom/pump/efficiency/inflow/SOC or duration as applicable
2040,Slow,NORD,PUMPED_HYDRO_MIXED,Shared water Store + pump Link + turbine Link,2305.444434376,true,false,WATER,true,pumped_hydro_mixed,true,EFF_HYDRO_CLASS,false,ZERO_OPERATIONAL_CO2,false,MC_HYDRO,false,PROFILE_HYDRO_INFLOW_AND_SOC,false,true,PARTIAL_OPERATIONAL_PARAMETERS,STATIC_CAPACITY_AND_CLASS_CONTRACT_READY,e_nom/pump/efficiency/inflow/SOC or duration as applicable
2040,Slow,CNOR,PUMPED_HYDRO_MIXED,Shared water Store + pump Link + turbine Link,0,true,false,WATER,true,pumped_hydro_mixed,true,EFF_HYDRO_CLASS,false,ZERO_OPERATIONAL_CO2,false,MC_HYDRO,false,PROFILE_HYDRO_INFLOW_AND_SOC,false,true,PARTIAL_OPERATIONAL_PARAMETERS,STATIC_CAPACITY_AND_CLASS_CONTRACT_READY,e_nom/pump/efficiency/inflow/SOC or duration as applicable
2040,Slow,CSUD,PUMPED_HYDRO_MIXED,Shared water Store + pump Link + turbine Link,736.949744032,true,false,WATER,true,pumped_hydro_mixed,true,EFF_HYDRO_CLASS,false,ZERO_OPERATIONAL_CO2,false,MC_HYDRO,false,PROFILE_HYDRO_INFLOW_AND_SOC,false,true,PARTIAL_OPERATIONAL_PARAMETERS,STATIC_CAPACITY_AND_CLASS_CONTRACT_READY,e_nom/pump/efficiency/inflow/SOC or duration as applicable
2040,Slow,SUD,PUMPED_HYDRO_MIXED,Shared water Store + pump Link + turbine Link,0,true,false,WATER,true,pumped_hydro_mixed,true,EFF_HYDRO_CLASS,false,ZERO_OPERATIONAL_CO2,false,MC_HYDRO,false,PROFILE_HYDRO_INFLOW_AND_SOC,false,true,PARTIAL_OPERATIONAL_PARAMETERS,STATIC_CAPACITY_AND_CLASS_CONTRACT_READY,e_nom/pump/efficiency/inflow/SOC or duration as applicable
2040,Slow,CALA,PUMPED_HYDRO_MIXED,Shared water Store + pump Link + turbine Link,0,true,false,WATER,true,pumped_hydro_mixed,true,EFF_HYDRO_CLASS,false,ZERO_OPERATIONAL_CO2,false,MC_HYDRO,false,PROFILE_HYDRO_INFLOW_AND_SOC,false,true,PARTIAL_OPERATIONAL_PARAMETERS,STATIC_CAPACITY_AND_CLASS_CONTRACT_READY,e_nom/pump/efficiency/inflow/SOC or duration as applicable
2040,Slow,SICI,PUMPED_HYDRO_MIXED,Shared water Store + pump Link + turbine Link,0,true,false,WATER,true,pumped_hydro_mixed,true,EFF_HYDRO_CLASS,false,ZERO_OPERATIONAL_CO2,false,MC_HYDRO,false,PROFILE_HYDRO_INFLOW_AND_SOC,false,true,PARTIAL_OPERATIONAL_PARAMETERS,STATIC_CAPACITY_AND_CLASS_CONTRACT_READY,e_nom/pump/efficiency/inflow/SOC or duration as applicable
2040,Slow,SARD,PUMPED_HYDRO_MIXED,Shared water Store + pump Link + turbine Link,240.330211592,true,false,WATER,true,pumped_hydro_mixed,true,EFF_HYDRO_CLASS,false,ZERO_OPERATIONAL_CO2,false,MC_HYDRO,false,PROFILE_HYDRO_INFLOW_AND_SOC,false,true,PARTIAL_OPERATIONAL_PARAMETERS,STATIC_CAPACITY_AND_CLASS_CONTRACT_READY,e_nom/pump/efficiency/inflow/SOC or duration as applicable
2040,Slow,NORD,BESS,Electricity Store + charge/discharge Links,4420,true,false,ELECTRICITY,true,battery_storage,true,EFF_BESS_ROUNDTRIP,false,ZERO_DIRECT_CO2,false,MC_STORAGE,false,STORAGE_SOC,false,true,PARTIAL_OPERATIONAL_PARAMETERS,STATIC_CAPACITY_AND_CLASS_CONTRACT_READY,e_nom/pump/efficiency/inflow/SOC or duration as applicable
2040,Slow,CNOR,BESS,Electricity Store + charge/discharge Links,906.666666667,true,false,ELECTRICITY,true,battery_storage,true,EFF_BESS_ROUNDTRIP,false,ZERO_DIRECT_CO2,false,MC_STORAGE,false,STORAGE_SOC,false,true,PARTIAL_OPERATIONAL_PARAMETERS,STATIC_CAPACITY_AND_CLASS_CONTRACT_READY,e_nom/pump/efficiency/inflow/SOC or duration as applicable
2040,Slow,CSUD,BESS,Electricity Store + charge/discharge Links,3376.666666667,true,false,ELECTRICITY,true,battery_storage,true,EFF_BESS_ROUNDTRIP,false,ZERO_DIRECT_CO2,false,MC_STORAGE,false,STORAGE_SOC,false,true,PARTIAL_OPERATIONAL_PARAMETERS,STATIC_CAPACITY_AND_CLASS_CONTRACT_READY,e_nom/pump/efficiency/inflow/SOC or duration as applicable
2040,Slow,SUD,BESS,Electricity Store + charge/discharge Links,5090,true,false,ELECTRICITY,true,battery_storage,true,EFF_BESS_ROUNDTRIP,false,ZERO_DIRECT_CO2,false,MC_STORAGE,false,STORAGE_SOC,false,true,PARTIAL_OPERATIONAL_PARAMETERS,STATIC_CAPACITY_AND_CLASS_CONTRACT_READY,e_nom/pump/efficiency/inflow/SOC or duration as applicable
2040,Slow,CALA,BESS,Electricity Store + charge/discharge Links,1173.333333333,true,false,ELECTRICITY,true,battery_storage,true,EFF_BESS_ROUNDTRIP,false,ZERO_DIRECT_CO2,false,MC_STORAGE,false,STORAGE_SOC,false,true,PARTIAL_OPERATIONAL_PARAMETERS,STATIC_CAPACITY_AND_CLASS_CONTRACT_READY,e_nom/pump/efficiency/inflow/SOC or duration as applicable
2040,Slow,SICI,BESS,Electricity Store + charge/discharge Links,3976.666666667,true,false,ELECTRICITY,true,battery_storage,true,EFF_BESS_ROUNDTRIP,false,ZERO_DIRECT_CO2,false,MC_STORAGE,false,STORAGE_SOC,false,true,PARTIAL_OPERATIONAL_PARAMETERS,STATIC_CAPACITY_AND_CLASS_CONTRACT_READY,e_nom/pump/efficiency/inflow/SOC or duration as applicable
2040,Slow,SARD,BESS,Electricity Store + charge/discharge Links,2870,true,false,ELECTRICITY,true,battery_storage,true,EFF_BESS_ROUNDTRIP,false,ZERO_DIRECT_CO2,false,MC_STORAGE,false,STORAGE_SOC,false,true,PARTIAL_OPERATIONAL_PARAMETERS,STATIC_CAPACITY_AND_CLASS_CONTRACT_READY,e_nom/pump/efficiency/inflow/SOC or duration as applicable
2040,Slow,NORD,CCGT,Generator,28711.76778384643,true,false,METHANE,true,methane_ccgt,true,EFF_METHANE_CCGT,false,FOSSIL_METHANE_DIRECT_CO2,false,MC_METHANE_CCGT,false,AVAIL_THERMAL_CCGT,false,true,STATIC_CLASS_CONTRACT_READY; NUMERICAL_ASSUMPTIONS_PENDING,STATIC_CAPACITY_AND_CLASS_CONTRACT_READY,"numerical efficiency, costs, CO2 factor and hourly profile/availability"
2040,Slow,CNOR,CCGT,Generator,1988.712636541676,true,false,METHANE,true,methane_ccgt,true,EFF_METHANE_CCGT,false,FOSSIL_METHANE_DIRECT_CO2,false,MC_METHANE_CCGT,false,AVAIL_THERMAL_CCGT,false,true,STATIC_CLASS_CONTRACT_READY; NUMERICAL_ASSUMPTIONS_PENDING,STATIC_CAPACITY_AND_CLASS_CONTRACT_READY,"numerical efficiency, costs, CO2 factor and hourly profile/availability"
2040,Slow,CSUD,CCGT,Generator,7876.492633771277,true,false,METHANE,true,methane_ccgt,true,EFF_METHANE_CCGT,false,FOSSIL_METHANE_DIRECT_CO2,false,MC_METHANE_CCGT,false,AVAIL_THERMAL_CCGT,false,true,STATIC_CLASS_CONTRACT_READY; NUMERICAL_ASSUMPTIONS_PENDING,STATIC_CAPACITY_AND_CLASS_CONTRACT_READY,"numerical efficiency, costs, CO2 factor and hourly profile/availability"
2040,Slow,SUD,CCGT,Generator,5503.624706945679,true,false,METHANE,true,methane_ccgt,true,EFF_METHANE_CCGT,false,FOSSIL_METHANE_DIRECT_CO2,false,MC_METHANE_CCGT,false,AVAIL_THERMAL_CCGT,false,true,STATIC_CLASS_CONTRACT_READY; NUMERICAL_ASSUMPTIONS_PENDING,STATIC_CAPACITY_AND_CLASS_CONTRACT_READY,"numerical efficiency, costs, CO2 factor and hourly profile/availability"
2040,Slow,CALA,CCGT,Generator,4024.504123167603,true,false,METHANE,true,methane_ccgt,true,EFF_METHANE_CCGT,false,FOSSIL_METHANE_DIRECT_CO2,false,MC_METHANE_CCGT,false,AVAIL_THERMAL_CCGT,false,true,STATIC_CLASS_CONTRACT_READY; NUMERICAL_ASSUMPTIONS_PENDING,STATIC_CAPACITY_AND_CLASS_CONTRACT_READY,"numerical efficiency, costs, CO2 factor and hourly profile/availability"
2040,Slow,SICI,CCGT,Generator,3772.763698262549,true,false,METHANE,true,methane_ccgt,true,EFF_METHANE_CCGT,false,FOSSIL_METHANE_DIRECT_CO2,false,MC_METHANE_CCGT,false,AVAIL_THERMAL_CCGT,false,true,STATIC_CLASS_CONTRACT_READY; NUMERICAL_ASSUMPTIONS_PENDING,STATIC_CAPACITY_AND_CLASS_CONTRACT_READY,"numerical efficiency, costs, CO2 factor and hourly profile/availability"
2040,Slow,SARD,CCGT,Generator,791.188158417066,true,false,METHANE,true,methane_ccgt,true,EFF_METHANE_CCGT,false,FOSSIL_METHANE_DIRECT_CO2,false,MC_METHANE_CCGT,false,AVAIL_THERMAL_CCGT,false,true,STATIC_CLASS_CONTRACT_READY; NUMERICAL_ASSUMPTIONS_PENDING,STATIC_CAPACITY_AND_CLASS_CONTRACT_READY,"numerical efficiency, costs, CO2 factor and hourly profile/availability"
2040,Slow,NORD,GT_OCGT,Generator,1047.385284801814,true,false,METHANE,true,methane_gt_ocgt,true,EFF_METHANE_GT_OCGT,false,FOSSIL_METHANE_DIRECT_CO2,false,MC_METHANE_GT_OCGT,false,AVAIL_THERMAL_GT_OCGT,false,true,STATIC_CLASS_CONTRACT_READY; NUMERICAL_ASSUMPTIONS_PENDING,STATIC_CAPACITY_AND_CLASS_CONTRACT_READY,"numerical efficiency, costs, CO2 factor and hourly profile/availability"
2040,Slow,CNOR,GT_OCGT,Generator,596.279280795386,true,false,METHANE,true,methane_gt_ocgt,true,EFF_METHANE_GT_OCGT,false,FOSSIL_METHANE_DIRECT_CO2,false,MC_METHANE_GT_OCGT,false,AVAIL_THERMAL_GT_OCGT,false,true,STATIC_CLASS_CONTRACT_READY; NUMERICAL_ASSUMPTIONS_PENDING,STATIC_CAPACITY_AND_CLASS_CONTRACT_READY,"numerical efficiency, costs, CO2 factor and hourly profile/availability"
2040,Slow,CSUD,GT_OCGT,Generator,956.659661209113,true,false,METHANE,true,methane_gt_ocgt,true,EFF_METHANE_GT_OCGT,false,FOSSIL_METHANE_DIRECT_CO2,false,MC_METHANE_GT_OCGT,false,AVAIL_THERMAL_GT_OCGT,false,true,STATIC_CLASS_CONTRACT_READY; NUMERICAL_ASSUMPTIONS_PENDING,STATIC_CAPACITY_AND_CLASS_CONTRACT_READY,"numerical efficiency, costs, CO2 factor and hourly profile/availability"
2040,Slow,SUD,GT_OCGT,Generator,318.517291071326,true,false,METHANE,true,methane_gt_ocgt,true,EFF_METHANE_GT_OCGT,false,FOSSIL_METHANE_DIRECT_CO2,false,MC_METHANE_GT_OCGT,false,AVAIL_THERMAL_GT_OCGT,false,true,STATIC_CLASS_CONTRACT_READY; NUMERICAL_ASSUMPTIONS_PENDING,STATIC_CAPACITY_AND_CLASS_CONTRACT_READY,"numerical efficiency, costs, CO2 factor and hourly profile/availability"
2040,Slow,CALA,GT_OCGT,Generator,268.913518698243,true,false,METHANE,true,methane_gt_ocgt,true,EFF_METHANE_GT_OCGT,false,FOSSIL_METHANE_DIRECT_CO2,false,MC_METHANE_GT_OCGT,false,AVAIL_THERMAL_GT_OCGT,false,true,STATIC_CLASS_CONTRACT_READY; NUMERICAL_ASSUMPTIONS_PENDING,STATIC_CAPACITY_AND_CLASS_CONTRACT_READY,"numerical efficiency, costs, CO2 factor and hourly profile/availability"
2040,Slow,SICI,GT_OCGT,Generator,811.553266688307,true,false,METHANE,true,methane_gt_ocgt,true,EFF_METHANE_GT_OCGT,false,FOSSIL_METHANE_DIRECT_CO2,false,MC_METHANE_GT_OCGT,false,AVAIL_THERMAL_GT_OCGT,false,true,STATIC_CLASS_CONTRACT_READY; NUMERICAL_ASSUMPTIONS_PENDING,STATIC_CAPACITY_AND_CLASS_CONTRACT_READY,"numerical efficiency, costs, CO2 factor and hourly profile/availability"
2040,Slow,SARD,GT_OCGT,Generator,172.911757943543,true,false,METHANE,true,methane_gt_ocgt,true,EFF_METHANE_GT_OCGT,false,FOSSIL_METHANE_DIRECT_CO2,false,MC_METHANE_GT_OCGT,false,AVAIL_THERMAL_GT_OCGT,false,true,STATIC_CLASS_CONTRACT_READY; NUMERICAL_ASSUMPTIONS_PENDING,STATIC_CAPACITY_AND_CLASS_CONTRACT_READY,"numerical efficiency, costs, CO2 factor and hourly profile/availability"
2040,Slow,NORD,INTERNAL_COMBUSTION,Generator,4298.828298221283,true,false,METHANE,true,methane_internal_combustion,true,EFF_METHANE_INTERNAL_COMBUSTION,false,FOSSIL_METHANE_DIRECT_CO2,false,MC_METHANE_INTERNAL_COMBUSTION,false,AVAIL_THERMAL_ENGINE,false,true,STATIC_CLASS_CONTRACT_READY; NUMERICAL_ASSUMPTIONS_PENDING,STATIC_CAPACITY_AND_CLASS_CONTRACT_READY,"numerical efficiency, costs, CO2 factor and hourly profile/availability"
2040,Slow,CNOR,INTERNAL_COMBUSTION,Generator,482.631367933606,true,false,METHANE,true,methane_internal_combustion,true,EFF_METHANE_INTERNAL_COMBUSTION,false,FOSSIL_METHANE_DIRECT_CO2,false,MC_METHANE_INTERNAL_COMBUSTION,false,AVAIL_THERMAL_ENGINE,false,true,STATIC_CLASS_CONTRACT_READY; NUMERICAL_ASSUMPTIONS_PENDING,STATIC_CAPACITY_AND_CLASS_CONTRACT_READY,"numerical efficiency, costs, CO2 factor and hourly profile/availability"
2040,Slow,CSUD,INTERNAL_COMBUSTION,Generator,970.597501644587,true,false,METHANE,true,methane_internal_combustion,true,EFF_METHANE_INTERNAL_COMBUSTION,false,FOSSIL_METHANE_DIRECT_CO2,false,MC_METHANE_INTERNAL_COMBUSTION,false,AVAIL_THERMAL_ENGINE,false,true,STATIC_CLASS_CONTRACT_READY; NUMERICAL_ASSUMPTIONS_PENDING,STATIC_CAPACITY_AND_CLASS_CONTRACT_READY,"numerical efficiency, costs, CO2 factor and hourly profile/availability"
2040,Slow,SUD,INTERNAL_COMBUSTION,Generator,544.538319093001,true,false,METHANE,true,methane_internal_combustion,true,EFF_METHANE_INTERNAL_COMBUSTION,false,FOSSIL_METHANE_DIRECT_CO2,false,MC_METHANE_INTERNAL_COMBUSTION,false,AVAIL_THERMAL_ENGINE,false,true,STATIC_CLASS_CONTRACT_READY; NUMERICAL_ASSUMPTIONS_PENDING,STATIC_CAPACITY_AND_CLASS_CONTRACT_READY,"numerical efficiency, costs, CO2 factor and hourly profile/availability"
2040,Slow,CALA,INTERNAL_COMBUSTION,Generator,47.518456572495,true,false,METHANE,true,methane_internal_combustion,true,EFF_METHANE_INTERNAL_COMBUSTION,false,FOSSIL_METHANE_DIRECT_CO2,false,MC_METHANE_INTERNAL_COMBUSTION,false,AVAIL_THERMAL_ENGINE,false,true,STATIC_CLASS_CONTRACT_READY; NUMERICAL_ASSUMPTIONS_PENDING,STATIC_CAPACITY_AND_CLASS_CONTRACT_READY,"numerical efficiency, costs, CO2 factor and hourly profile/availability"
2040,Slow,SICI,INTERNAL_COMBUSTION,Generator,256.970273027011,true,false,METHANE,true,methane_internal_combustion,true,EFF_METHANE_INTERNAL_COMBUSTION,false,FOSSIL_METHANE_DIRECT_CO2,false,MC_METHANE_INTERNAL_COMBUSTION,false,AVAIL_THERMAL_ENGINE,false,true,STATIC_CLASS_CONTRACT_READY; NUMERICAL_ASSUMPTIONS_PENDING,STATIC_CAPACITY_AND_CLASS_CONTRACT_READY,"numerical efficiency, costs, CO2 factor and hourly profile/availability"
2040,Slow,SARD,INTERNAL_COMBUSTION,Generator,27.781155776999,true,false,METHANE,true,methane_internal_combustion,true,EFF_METHANE_INTERNAL_COMBUSTION,false,FOSSIL_METHANE_DIRECT_CO2,false,MC_METHANE_INTERNAL_COMBUSTION,false,AVAIL_THERMAL_ENGINE,false,true,STATIC_CLASS_CONTRACT_READY; NUMERICAL_ASSUMPTIONS_PENDING,STATIC_CAPACITY_AND_CLASS_CONTRACT_READY,"numerical efficiency, costs, CO2 factor and hourly profile/availability"
2040,Slow,NORD,STEAM_OTHER_SURVIVING,Generator,1975.224037250202,true,false,METHANE,true,methane_steam_other,true,EFF_METHANE_STEAM_OTHER,false,FOSSIL_METHANE_DIRECT_CO2,false,MC_METHANE_STEAM_OTHER,false,AVAIL_THERMAL_STEAM,false,true,STATIC_CLASS_CONTRACT_READY; NUMERICAL_ASSUMPTIONS_PENDING,STATIC_CAPACITY_AND_CLASS_CONTRACT_READY,"numerical efficiency, costs, CO2 factor and hourly profile/availability"
2040,Slow,CNOR,STEAM_OTHER_SURVIVING,Generator,63.044779690585,true,false,METHANE,true,methane_steam_other,true,EFF_METHANE_STEAM_OTHER,false,FOSSIL_METHANE_DIRECT_CO2,false,MC_METHANE_STEAM_OTHER,false,AVAIL_THERMAL_STEAM,false,true,STATIC_CLASS_CONTRACT_READY; NUMERICAL_ASSUMPTIONS_PENDING,STATIC_CAPACITY_AND_CLASS_CONTRACT_READY,"numerical efficiency, costs, CO2 factor and hourly profile/availability"
2040,Slow,CSUD,STEAM_OTHER_SURVIVING,Generator,222.599680705081,true,false,METHANE,true,methane_steam_other,true,EFF_METHANE_STEAM_OTHER,false,FOSSIL_METHANE_DIRECT_CO2,false,MC_METHANE_STEAM_OTHER,false,AVAIL_THERMAL_STEAM,false,true,STATIC_CLASS_CONTRACT_READY; NUMERICAL_ASSUMPTIONS_PENDING,STATIC_CAPACITY_AND_CLASS_CONTRACT_READY,"numerical efficiency, costs, CO2 factor and hourly profile/availability"
2040,Slow,SUD,STEAM_OTHER_SURVIVING,Generator,674.967963599246,true,false,METHANE,true,methane_steam_other,true,EFF_METHANE_STEAM_OTHER,false,FOSSIL_METHANE_DIRECT_CO2,false,MC_METHANE_STEAM_OTHER,false,AVAIL_THERMAL_STEAM,false,true,STATIC_CLASS_CONTRACT_READY; NUMERICAL_ASSUMPTIONS_PENDING,STATIC_CAPACITY_AND_CLASS_CONTRACT_READY,"numerical efficiency, costs, CO2 factor and hourly profile/availability"
2040,Slow,CALA,STEAM_OTHER_SURVIVING,Generator,179.976932372605,true,false,METHANE,true,methane_steam_other,true,EFF_METHANE_STEAM_OTHER,false,FOSSIL_METHANE_DIRECT_CO2,false,MC_METHANE_STEAM_OTHER,false,AVAIL_THERMAL_STEAM,false,true,STATIC_CLASS_CONTRACT_READY; NUMERICAL_ASSUMPTIONS_PENDING,STATIC_CAPACITY_AND_CLASS_CONTRACT_READY,"numerical efficiency, costs, CO2 factor and hourly profile/availability"
2040,Slow,SICI,STEAM_OTHER_SURVIVING,Generator,177.321007768596,true,false,METHANE,true,methane_steam_other,true,EFF_METHANE_STEAM_OTHER,false,FOSSIL_METHANE_DIRECT_CO2,false,MC_METHANE_STEAM_OTHER,false,AVAIL_THERMAL_STEAM,false,true,STATIC_CLASS_CONTRACT_READY; NUMERICAL_ASSUMPTIONS_PENDING,STATIC_CAPACITY_AND_CLASS_CONTRACT_READY,"numerical efficiency, costs, CO2 factor and hourly profile/availability"
2040,Slow,SARD,STEAM_OTHER_SURVIVING,Generator,306.849205645086,true,false,METHANE,true,methane_steam_other,true,EFF_METHANE_STEAM_OTHER,false,FOSSIL_METHANE_DIRECT_CO2,false,MC_METHANE_STEAM_OTHER,false,AVAIL_THERMAL_STEAM,false,true,STATIC_CLASS_CONTRACT_READY; NUMERICAL_ASSUMPTIONS_PENDING,STATIC_CAPACITY_AND_CLASS_CONTRACT_READY,"numerical efficiency, costs, CO2 factor and hourly profile/availability"
2040,Slow,NORD,OTHER_SURVIVING_THERMAL,Generator,66.104825658308,true,false,METHANE,true,methane_other_thermal,true,EFF_METHANE_OTHER_THERMAL,false,FOSSIL_METHANE_DIRECT_CO2,false,MC_METHANE_OTHER_THERMAL,false,AVAIL_THERMAL_OTHER,false,true,STATIC_CLASS_CONTRACT_READY; NUMERICAL_ASSUMPTIONS_PENDING,STATIC_CAPACITY_AND_CLASS_CONTRACT_READY,"numerical efficiency, costs, CO2 factor and hourly profile/availability"
2040,Slow,CNOR,OTHER_SURVIVING_THERMAL,Generator,42.722898691444,true,false,METHANE,true,methane_other_thermal,true,EFF_METHANE_OTHER_THERMAL,false,FOSSIL_METHANE_DIRECT_CO2,false,MC_METHANE_OTHER_THERMAL,false,AVAIL_THERMAL_OTHER,false,true,STATIC_CLASS_CONTRACT_READY; NUMERICAL_ASSUMPTIONS_PENDING,STATIC_CAPACITY_AND_CLASS_CONTRACT_READY,"numerical efficiency, costs, CO2 factor and hourly profile/availability"
2040,Slow,CSUD,OTHER_SURVIVING_THERMAL,Generator,38.636148728709,true,false,METHANE,true,methane_other_thermal,true,EFF_METHANE_OTHER_THERMAL,false,FOSSIL_METHANE_DIRECT_CO2,false,MC_METHANE_OTHER_THERMAL,false,AVAIL_THERMAL_OTHER,false,true,STATIC_CLASS_CONTRACT_READY; NUMERICAL_ASSUMPTIONS_PENDING,STATIC_CAPACITY_AND_CLASS_CONTRACT_READY,"numerical efficiency, costs, CO2 factor and hourly profile/availability"
2040,Slow,SUD,OTHER_SURVIVING_THERMAL,Generator,149.533199977574,true,false,METHANE,true,methane_other_thermal,true,EFF_METHANE_OTHER_THERMAL,false,FOSSIL_METHANE_DIRECT_CO2,false,MC_METHANE_OTHER_THERMAL,false,AVAIL_THERMAL_OTHER,false,true,STATIC_CLASS_CONTRACT_READY; NUMERICAL_ASSUMPTIONS_PENDING,STATIC_CAPACITY_AND_CLASS_CONTRACT_READY,"numerical efficiency, costs, CO2 factor and hourly profile/availability"
2040,Slow,CALA,OTHER_SURVIVING_THERMAL,Generator,0,true,false,METHANE,true,methane_other_thermal,true,EFF_METHANE_OTHER_THERMAL,false,FOSSIL_METHANE_DIRECT_CO2,false,MC_METHANE_OTHER_THERMAL,false,AVAIL_THERMAL_OTHER,false,true,STATIC_CLASS_CONTRACT_READY; NUMERICAL_ASSUMPTIONS_PENDING,STATIC_CAPACITY_AND_CLASS_CONTRACT_READY,"numerical efficiency, costs, CO2 factor and hourly profile/availability"
2040,Slow,SICI,OTHER_SURVIVING_THERMAL,Generator,27.711775353915,true,false,METHANE,true,methane_other_thermal,true,EFF_METHANE_OTHER_THERMAL,false,FOSSIL_METHANE_DIRECT_CO2,false,MC_METHANE_OTHER_THERMAL,false,AVAIL_THERMAL_OTHER,false,true,STATIC_CLASS_CONTRACT_READY; NUMERICAL_ASSUMPTIONS_PENDING,STATIC_CAPACITY_AND_CLASS_CONTRACT_READY,"numerical efficiency, costs, CO2 factor and hourly profile/availability"
2040,Slow,SARD,OTHER_SURVIVING_THERMAL,Generator,35.440113192656,true,false,METHANE,true,methane_other_thermal,true,EFF_METHANE_OTHER_THERMAL,false,FOSSIL_METHANE_DIRECT_CO2,false,MC_METHANE_OTHER_THERMAL,false,AVAIL_THERMAL_OTHER,false,true,STATIC_CLASS_CONTRACT_READY; NUMERICAL_ASSUMPTIONS_PENDING,STATIC_CAPACITY_AND_CLASS_CONTRACT_READY,"numerical efficiency, costs, CO2 factor and hourly profile/availability"
2040,Slow,NORD,GEOTHERMAL,Generator,0,true,false,GEOTHERMAL,true,geothermal,true,EFF_NOT_APPLICABLE_GEOTHERMAL,false,ZERO_OPERATIONAL_FOSSIL_CO2,false,MC_GEOTHERMAL,false,AVAIL_GEOTHERMAL,false,true,STATIC_CLASS_CONTRACT_READY; NUMERICAL_ASSUMPTIONS_PENDING,STATIC_CAPACITY_AND_CLASS_CONTRACT_READY,"numerical efficiency, costs, CO2 factor and hourly profile/availability"
2040,Slow,CNOR,GEOTHERMAL,Generator,783.053667913,true,false,GEOTHERMAL,true,geothermal,true,EFF_NOT_APPLICABLE_GEOTHERMAL,false,ZERO_OPERATIONAL_FOSSIL_CO2,false,MC_GEOTHERMAL,false,AVAIL_GEOTHERMAL,false,true,STATIC_CLASS_CONTRACT_READY; NUMERICAL_ASSUMPTIONS_PENDING,STATIC_CAPACITY_AND_CLASS_CONTRACT_READY,"numerical efficiency, costs, CO2 factor and hourly profile/availability"
2040,Slow,CSUD,GEOTHERMAL,Generator,0,true,false,GEOTHERMAL,true,geothermal,true,EFF_NOT_APPLICABLE_GEOTHERMAL,false,ZERO_OPERATIONAL_FOSSIL_CO2,false,MC_GEOTHERMAL,false,AVAIL_GEOTHERMAL,false,true,STATIC_CLASS_CONTRACT_READY; NUMERICAL_ASSUMPTIONS_PENDING,STATIC_CAPACITY_AND_CLASS_CONTRACT_READY,"numerical efficiency, costs, CO2 factor and hourly profile/availability"
2040,Slow,SUD,GEOTHERMAL,Generator,0,true,false,GEOTHERMAL,true,geothermal,true,EFF_NOT_APPLICABLE_GEOTHERMAL,false,ZERO_OPERATIONAL_FOSSIL_CO2,false,MC_GEOTHERMAL,false,AVAIL_GEOTHERMAL,false,true,STATIC_CLASS_CONTRACT_READY; NUMERICAL_ASSUMPTIONS_PENDING,STATIC_CAPACITY_AND_CLASS_CONTRACT_READY,"numerical efficiency, costs, CO2 factor and hourly profile/availability"
2040,Slow,CALA,GEOTHERMAL,Generator,0,true,false,GEOTHERMAL,true,geothermal,true,EFF_NOT_APPLICABLE_GEOTHERMAL,false,ZERO_OPERATIONAL_FOSSIL_CO2,false,MC_GEOTHERMAL,false,AVAIL_GEOTHERMAL,false,true,STATIC_CLASS_CONTRACT_READY; NUMERICAL_ASSUMPTIONS_PENDING,STATIC_CAPACITY_AND_CLASS_CONTRACT_READY,"numerical efficiency, costs, CO2 factor and hourly profile/availability"
2040,Slow,SICI,GEOTHERMAL,Generator,0,true,false,GEOTHERMAL,true,geothermal,true,EFF_NOT_APPLICABLE_GEOTHERMAL,false,ZERO_OPERATIONAL_FOSSIL_CO2,false,MC_GEOTHERMAL,false,AVAIL_GEOTHERMAL,false,true,STATIC_CLASS_CONTRACT_READY; NUMERICAL_ASSUMPTIONS_PENDING,STATIC_CAPACITY_AND_CLASS_CONTRACT_READY,"numerical efficiency, costs, CO2 factor and hourly profile/availability"
2040,Slow,SARD,GEOTHERMAL,Generator,0,true,false,GEOTHERMAL,true,geothermal,true,EFF_NOT_APPLICABLE_GEOTHERMAL,false,ZERO_OPERATIONAL_FOSSIL_CO2,false,MC_GEOTHERMAL,false,AVAIL_GEOTHERMAL,false,true,STATIC_CLASS_CONTRACT_READY; NUMERICAL_ASSUMPTIONS_PENDING,STATIC_CAPACITY_AND_CLASS_CONTRACT_READY,"numerical efficiency, costs, CO2 factor and hourly profile/availability"
2040,Base,NORD,SOLAR_PV_ROOFTOP,Generator,25100,true,false,NONE,true,solar_pv_rooftop,true,NOT_APPLICABLE_VRE,false,ZERO_OPERATIONAL_CO2,false,MC_VRE,false,PROFILE_SOLAR_PV_ROOFTOP,false,true,STATIC_CLASS_CONTRACT_READY; NUMERICAL_ASSUMPTIONS_PENDING,STATIC_CAPACITY_AND_CLASS_CONTRACT_READY,"numerical efficiency, costs, CO2 factor and hourly profile/availability"
2040,Base,CNOR,SOLAR_PV_ROOFTOP,Generator,3300,true,false,NONE,true,solar_pv_rooftop,true,NOT_APPLICABLE_VRE,false,ZERO_OPERATIONAL_CO2,false,MC_VRE,false,PROFILE_SOLAR_PV_ROOFTOP,false,true,STATIC_CLASS_CONTRACT_READY; NUMERICAL_ASSUMPTIONS_PENDING,STATIC_CAPACITY_AND_CLASS_CONTRACT_READY,"numerical efficiency, costs, CO2 factor and hourly profile/availability"
2040,Base,CSUD,SOLAR_PV_ROOFTOP,Generator,5500,true,false,NONE,true,solar_pv_rooftop,true,NOT_APPLICABLE_VRE,false,ZERO_OPERATIONAL_CO2,false,MC_VRE,false,PROFILE_SOLAR_PV_ROOFTOP,false,true,STATIC_CLASS_CONTRACT_READY; NUMERICAL_ASSUMPTIONS_PENDING,STATIC_CAPACITY_AND_CLASS_CONTRACT_READY,"numerical efficiency, costs, CO2 factor and hourly profile/availability"
2040,Base,SUD,SOLAR_PV_ROOFTOP,Generator,1700,true,false,NONE,true,solar_pv_rooftop,true,NOT_APPLICABLE_VRE,false,ZERO_OPERATIONAL_CO2,false,MC_VRE,false,PROFILE_SOLAR_PV_ROOFTOP,false,true,STATIC_CLASS_CONTRACT_READY; NUMERICAL_ASSUMPTIONS_PENDING,STATIC_CAPACITY_AND_CLASS_CONTRACT_READY,"numerical efficiency, costs, CO2 factor and hourly profile/availability"
2040,Base,CALA,SOLAR_PV_ROOFTOP,Generator,1100,true,false,NONE,true,solar_pv_rooftop,true,NOT_APPLICABLE_VRE,false,ZERO_OPERATIONAL_CO2,false,MC_VRE,false,PROFILE_SOLAR_PV_ROOFTOP,false,true,STATIC_CLASS_CONTRACT_READY; NUMERICAL_ASSUMPTIONS_PENDING,STATIC_CAPACITY_AND_CLASS_CONTRACT_READY,"numerical efficiency, costs, CO2 factor and hourly profile/availability"
2040,Base,SICI,SOLAR_PV_ROOFTOP,Generator,3300,true,false,NONE,true,solar_pv_rooftop,true,NOT_APPLICABLE_VRE,false,ZERO_OPERATIONAL_CO2,false,MC_VRE,false,PROFILE_SOLAR_PV_ROOFTOP,false,true,STATIC_CLASS_CONTRACT_READY; NUMERICAL_ASSUMPTIONS_PENDING,STATIC_CAPACITY_AND_CLASS_CONTRACT_READY,"numerical efficiency, costs, CO2 factor and hourly profile/availability"
2040,Base,SARD,SOLAR_PV_ROOFTOP,Generator,1700,true,false,NONE,true,solar_pv_rooftop,true,NOT_APPLICABLE_VRE,false,ZERO_OPERATIONAL_CO2,false,MC_VRE,false,PROFILE_SOLAR_PV_ROOFTOP,false,true,STATIC_CLASS_CONTRACT_READY; NUMERICAL_ASSUMPTIONS_PENDING,STATIC_CAPACITY_AND_CLASS_CONTRACT_READY,"numerical efficiency, costs, CO2 factor and hourly profile/availability"
2040,Base,NORD,SOLAR_PV_UTILITY,Generator,17300,true,false,NONE,true,solar_pv_utility,true,NOT_APPLICABLE_VRE,false,ZERO_OPERATIONAL_CO2,false,MC_VRE,false,PROFILE_SOLAR_PV_UTILITY,false,true,STATIC_CLASS_CONTRACT_READY; NUMERICAL_ASSUMPTIONS_PENDING,STATIC_CAPACITY_AND_CLASS_CONTRACT_READY,"numerical efficiency, costs, CO2 factor and hourly profile/availability"
2040,Base,CNOR,SOLAR_PV_UTILITY,Generator,6300,true,false,NONE,true,solar_pv_utility,true,NOT_APPLICABLE_VRE,false,ZERO_OPERATIONAL_CO2,false,MC_VRE,false,PROFILE_SOLAR_PV_UTILITY,false,true,STATIC_CLASS_CONTRACT_READY; NUMERICAL_ASSUMPTIONS_PENDING,STATIC_CAPACITY_AND_CLASS_CONTRACT_READY,"numerical efficiency, costs, CO2 factor and hourly profile/availability"
2040,Base,CSUD,SOLAR_PV_UTILITY,Generator,14600,true,false,NONE,true,solar_pv_utility,true,NOT_APPLICABLE_VRE,false,ZERO_OPERATIONAL_CO2,false,MC_VRE,false,PROFILE_SOLAR_PV_UTILITY,false,true,STATIC_CLASS_CONTRACT_READY; NUMERICAL_ASSUMPTIONS_PENDING,STATIC_CAPACITY_AND_CLASS_CONTRACT_READY,"numerical efficiency, costs, CO2 factor and hourly profile/availability"
2040,Base,SUD,SOLAR_PV_UTILITY,Generator,19300,true,false,NONE,true,solar_pv_utility,true,NOT_APPLICABLE_VRE,false,ZERO_OPERATIONAL_CO2,false,MC_VRE,false,PROFILE_SOLAR_PV_UTILITY,false,true,STATIC_CLASS_CONTRACT_READY; NUMERICAL_ASSUMPTIONS_PENDING,STATIC_CAPACITY_AND_CLASS_CONTRACT_READY,"numerical efficiency, costs, CO2 factor and hourly profile/availability"
2040,Base,CALA,SOLAR_PV_UTILITY,Generator,2500,true,false,NONE,true,solar_pv_utility,true,NOT_APPLICABLE_VRE,false,ZERO_OPERATIONAL_CO2,false,MC_VRE,false,PROFILE_SOLAR_PV_UTILITY,false,true,STATIC_CLASS_CONTRACT_READY; NUMERICAL_ASSUMPTIONS_PENDING,STATIC_CAPACITY_AND_CLASS_CONTRACT_READY,"numerical efficiency, costs, CO2 factor and hourly profile/availability"
2040,Base,SICI,SOLAR_PV_UTILITY,Generator,11500,true,false,NONE,true,solar_pv_utility,true,NOT_APPLICABLE_VRE,false,ZERO_OPERATIONAL_CO2,false,MC_VRE,false,PROFILE_SOLAR_PV_UTILITY,false,true,STATIC_CLASS_CONTRACT_READY; NUMERICAL_ASSUMPTIONS_PENDING,STATIC_CAPACITY_AND_CLASS_CONTRACT_READY,"numerical efficiency, costs, CO2 factor and hourly profile/availability"
2040,Base,SARD,SOLAR_PV_UTILITY,Generator,7700,true,false,NONE,true,solar_pv_utility,true,NOT_APPLICABLE_VRE,false,ZERO_OPERATIONAL_CO2,false,MC_VRE,false,PROFILE_SOLAR_PV_UTILITY,false,true,STATIC_CLASS_CONTRACT_READY; NUMERICAL_ASSUMPTIONS_PENDING,STATIC_CAPACITY_AND_CLASS_CONTRACT_READY,"numerical efficiency, costs, CO2 factor and hourly profile/availability"
2040,Base,NORD,WIND_ONSHORE,Generator,600,true,false,NONE,true,wind_onshore,true,NOT_APPLICABLE_VRE,false,ZERO_OPERATIONAL_CO2,false,MC_VRE,false,PROFILE_WIND_ONSHORE,false,true,STATIC_CLASS_CONTRACT_READY; NUMERICAL_ASSUMPTIONS_PENDING,STATIC_CAPACITY_AND_CLASS_CONTRACT_READY,"numerical efficiency, costs, CO2 factor and hourly profile/availability"
2040,Base,CNOR,WIND_ONSHORE,Generator,400,true,false,NONE,true,wind_onshore,true,NOT_APPLICABLE_VRE,false,ZERO_OPERATIONAL_CO2,false,MC_VRE,false,PROFILE_WIND_ONSHORE,false,true,STATIC_CLASS_CONTRACT_READY; NUMERICAL_ASSUMPTIONS_PENDING,STATIC_CAPACITY_AND_CLASS_CONTRACT_READY,"numerical efficiency, costs, CO2 factor and hourly profile/availability"
2040,Base,CSUD,WIND_ONSHORE,Generator,6800,true,false,NONE,true,wind_onshore,true,NOT_APPLICABLE_VRE,false,ZERO_OPERATIONAL_CO2,false,MC_VRE,false,PROFILE_WIND_ONSHORE,false,true,STATIC_CLASS_CONTRACT_READY; NUMERICAL_ASSUMPTIONS_PENDING,STATIC_CAPACITY_AND_CLASS_CONTRACT_READY,"numerical efficiency, costs, CO2 factor and hourly profile/availability"
2040,Base,SUD,WIND_ONSHORE,Generator,13200,true,false,NONE,true,wind_onshore,true,NOT_APPLICABLE_VRE,false,ZERO_OPERATIONAL_CO2,false,MC_VRE,false,PROFILE_WIND_ONSHORE,false,true,STATIC_CLASS_CONTRACT_READY; NUMERICAL_ASSUMPTIONS_PENDING,STATIC_CAPACITY_AND_CLASS_CONTRACT_READY,"numerical efficiency, costs, CO2 factor and hourly profile/availability"
2040,Base,CALA,WIND_ONSHORE,Generator,3300,true,false,NONE,true,wind_onshore,true,NOT_APPLICABLE_VRE,false,ZERO_OPERATIONAL_CO2,false,MC_VRE,false,PROFILE_WIND_ONSHORE,false,true,STATIC_CLASS_CONTRACT_READY; NUMERICAL_ASSUMPTIONS_PENDING,STATIC_CAPACITY_AND_CLASS_CONTRACT_READY,"numerical efficiency, costs, CO2 factor and hourly profile/availability"
2040,Base,SICI,WIND_ONSHORE,Generator,6300,true,false,NONE,true,wind_onshore,true,NOT_APPLICABLE_VRE,false,ZERO_OPERATIONAL_CO2,false,MC_VRE,false,PROFILE_WIND_ONSHORE,false,true,STATIC_CLASS_CONTRACT_READY; NUMERICAL_ASSUMPTIONS_PENDING,STATIC_CAPACITY_AND_CLASS_CONTRACT_READY,"numerical efficiency, costs, CO2 factor and hourly profile/availability"
2040,Base,SARD,WIND_ONSHORE,Generator,3500,true,false,NONE,true,wind_onshore,true,NOT_APPLICABLE_VRE,false,ZERO_OPERATIONAL_CO2,false,MC_VRE,false,PROFILE_WIND_ONSHORE,false,true,STATIC_CLASS_CONTRACT_READY; NUMERICAL_ASSUMPTIONS_PENDING,STATIC_CAPACITY_AND_CLASS_CONTRACT_READY,"numerical efficiency, costs, CO2 factor and hourly profile/availability"
2040,Base,NORD,WIND_OFFSHORE,Generator,1500,true,false,NONE,true,wind_offshore,true,NOT_APPLICABLE_VRE,false,ZERO_OPERATIONAL_CO2,false,MC_VRE,false,PROFILE_WIND_OFFSHORE,false,true,STATIC_CLASS_CONTRACT_READY; NUMERICAL_ASSUMPTIONS_PENDING,STATIC_CAPACITY_AND_CLASS_CONTRACT_READY,"numerical efficiency, costs, CO2 factor and hourly profile/availability"
2040,Base,CNOR,WIND_OFFSHORE,Generator,800,true,false,NONE,true,wind_offshore,true,NOT_APPLICABLE_VRE,false,ZERO_OPERATIONAL_CO2,false,MC_VRE,false,PROFILE_WIND_OFFSHORE,false,true,STATIC_CLASS_CONTRACT_READY; NUMERICAL_ASSUMPTIONS_PENDING,STATIC_CAPACITY_AND_CLASS_CONTRACT_READY,"numerical efficiency, costs, CO2 factor and hourly profile/availability"
2040,Base,CSUD,WIND_OFFSHORE,Generator,1600,true,false,NONE,true,wind_offshore,true,NOT_APPLICABLE_VRE,false,ZERO_OPERATIONAL_CO2,false,MC_VRE,false,PROFILE_WIND_OFFSHORE,false,true,STATIC_CLASS_CONTRACT_READY; NUMERICAL_ASSUMPTIONS_PENDING,STATIC_CAPACITY_AND_CLASS_CONTRACT_READY,"numerical efficiency, costs, CO2 factor and hourly profile/availability"
2040,Base,SUD,WIND_OFFSHORE,Generator,4700,true,false,NONE,true,wind_offshore,true,NOT_APPLICABLE_VRE,false,ZERO_OPERATIONAL_CO2,false,MC_VRE,false,PROFILE_WIND_OFFSHORE,false,true,STATIC_CLASS_CONTRACT_READY; NUMERICAL_ASSUMPTIONS_PENDING,STATIC_CAPACITY_AND_CLASS_CONTRACT_READY,"numerical efficiency, costs, CO2 factor and hourly profile/availability"
2040,Base,CALA,WIND_OFFSHORE,Generator,600,true,false,NONE,true,wind_offshore,true,NOT_APPLICABLE_VRE,false,ZERO_OPERATIONAL_CO2,false,MC_VRE,false,PROFILE_WIND_OFFSHORE,false,true,STATIC_CLASS_CONTRACT_READY; NUMERICAL_ASSUMPTIONS_PENDING,STATIC_CAPACITY_AND_CLASS_CONTRACT_READY,"numerical efficiency, costs, CO2 factor and hourly profile/availability"
2040,Base,SICI,WIND_OFFSHORE,Generator,3000,true,false,NONE,true,wind_offshore,true,NOT_APPLICABLE_VRE,false,ZERO_OPERATIONAL_CO2,false,MC_VRE,false,PROFILE_WIND_OFFSHORE,false,true,STATIC_CLASS_CONTRACT_READY; NUMERICAL_ASSUMPTIONS_PENDING,STATIC_CAPACITY_AND_CLASS_CONTRACT_READY,"numerical efficiency, costs, CO2 factor and hourly profile/availability"
2040,Base,SARD,WIND_OFFSHORE,Generator,3000,true,false,NONE,true,wind_offshore,true,NOT_APPLICABLE_VRE,false,ZERO_OPERATIONAL_CO2,false,MC_VRE,false,PROFILE_WIND_OFFSHORE,false,true,STATIC_CLASS_CONTRACT_READY; NUMERICAL_ASSUMPTIONS_PENDING,STATIC_CAPACITY_AND_CLASS_CONTRACT_READY,"numerical efficiency, costs, CO2 factor and hourly profile/availability"
2040,Base,NORD,HYDRO_RUN_OF_RIVER,Generator,5228.210866305,true,false,WATER_INFLOW,true,hydro_run_of_river,true,EFF_HYDRO_TURBINE,false,ZERO_OPERATIONAL_CO2,false,MC_HYDRO,false,PROFILE_HYDRO_ROR_INFLOW,false,true,STATIC_CLASS_CONTRACT_READY; NUMERICAL_ASSUMPTIONS_PENDING,STATIC_CAPACITY_AND_CLASS_CONTRACT_READY,"numerical efficiency, costs, CO2 factor and hourly profile/availability"
2040,Base,CNOR,HYDRO_RUN_OF_RIVER,Generator,209.314034422,true,false,WATER_INFLOW,true,hydro_run_of_river,true,EFF_HYDRO_TURBINE,false,ZERO_OPERATIONAL_CO2,false,MC_HYDRO,false,PROFILE_HYDRO_ROR_INFLOW,false,true,STATIC_CLASS_CONTRACT_READY; NUMERICAL_ASSUMPTIONS_PENDING,STATIC_CAPACITY_AND_CLASS_CONTRACT_READY,"numerical efficiency, costs, CO2 factor and hourly profile/availability"
2040,Base,CSUD,HYDRO_RUN_OF_RIVER,Generator,579.820027388,true,false,WATER_INFLOW,true,hydro_run_of_river,true,EFF_HYDRO_TURBINE,false,ZERO_OPERATIONAL_CO2,false,MC_HYDRO,false,PROFILE_HYDRO_ROR_INFLOW,false,true,STATIC_CLASS_CONTRACT_READY; NUMERICAL_ASSUMPTIONS_PENDING,STATIC_CAPACITY_AND_CLASS_CONTRACT_READY,"numerical efficiency, costs, CO2 factor and hourly profile/availability"
2040,Base,SUD,HYDRO_RUN_OF_RIVER,Generator,45.411334869,true,false,WATER_INFLOW,true,hydro_run_of_river,true,EFF_HYDRO_TURBINE,false,ZERO_OPERATIONAL_CO2,false,MC_HYDRO,false,PROFILE_HYDRO_ROR_INFLOW,false,true,STATIC_CLASS_CONTRACT_READY; NUMERICAL_ASSUMPTIONS_PENDING,STATIC_CAPACITY_AND_CLASS_CONTRACT_READY,"numerical efficiency, costs, CO2 factor and hourly profile/availability"
2040,Base,CALA,HYDRO_RUN_OF_RIVER,Generator,106.743829899,true,false,WATER_INFLOW,true,hydro_run_of_river,true,EFF_HYDRO_TURBINE,false,ZERO_OPERATIONAL_CO2,false,MC_HYDRO,false,PROFILE_HYDRO_ROR_INFLOW,false,true,STATIC_CLASS_CONTRACT_READY; NUMERICAL_ASSUMPTIONS_PENDING,STATIC_CAPACITY_AND_CLASS_CONTRACT_READY,"numerical efficiency, costs, CO2 factor and hourly profile/availability"
2040,Base,SICI,HYDRO_RUN_OF_RIVER,Generator,31.552391362,true,false,WATER_INFLOW,true,hydro_run_of_river,true,EFF_HYDRO_TURBINE,false,ZERO_OPERATIONAL_CO2,false,MC_HYDRO,false,PROFILE_HYDRO_ROR_INFLOW,false,true,STATIC_CLASS_CONTRACT_READY; NUMERICAL_ASSUMPTIONS_PENDING,STATIC_CAPACITY_AND_CLASS_CONTRACT_READY,"numerical efficiency, costs, CO2 factor and hourly profile/availability"
2040,Base,SARD,HYDRO_RUN_OF_RIVER,Generator,37.947515755,true,false,WATER_INFLOW,true,hydro_run_of_river,true,EFF_HYDRO_TURBINE,false,ZERO_OPERATIONAL_CO2,false,MC_HYDRO,false,PROFILE_HYDRO_ROR_INFLOW,false,true,STATIC_CLASS_CONTRACT_READY; NUMERICAL_ASSUMPTIONS_PENDING,STATIC_CAPACITY_AND_CLASS_CONTRACT_READY,"numerical efficiency, costs, CO2 factor and hourly profile/availability"
2040,Base,NORD,HYDRO_BASIN,Water Store + turbine Link + inflow,3512.208833846,true,false,WATER,true,hydro_basin,true,EFF_HYDRO_CLASS,false,ZERO_OPERATIONAL_CO2,false,MC_HYDRO,false,PROFILE_HYDRO_INFLOW_AND_SOC,false,true,PARTIAL_OPERATIONAL_PARAMETERS,STATIC_CAPACITY_AND_CLASS_CONTRACT_READY,e_nom/pump/efficiency/inflow/SOC or duration as applicable
2040,Base,CNOR,HYDRO_BASIN,Water Store + turbine Link + inflow,238.064607896,true,false,WATER,true,hydro_basin,true,EFF_HYDRO_CLASS,false,ZERO_OPERATIONAL_CO2,false,MC_HYDRO,false,PROFILE_HYDRO_INFLOW_AND_SOC,false,true,PARTIAL_OPERATIONAL_PARAMETERS,STATIC_CAPACITY_AND_CLASS_CONTRACT_READY,e_nom/pump/efficiency/inflow/SOC or duration as applicable
2040,Base,CSUD,HYDRO_BASIN,Water Store + turbine Link + inflow,582.887284562,true,false,WATER,true,hydro_basin,true,EFF_HYDRO_CLASS,false,ZERO_OPERATIONAL_CO2,false,MC_HYDRO,false,PROFILE_HYDRO_INFLOW_AND_SOC,false,true,PARTIAL_OPERATIONAL_PARAMETERS,STATIC_CAPACITY_AND_CLASS_CONTRACT_READY,e_nom/pump/efficiency/inflow/SOC or duration as applicable
2040,Base,SUD,HYDRO_BASIN,Water Store + turbine Link + inflow,103.488209848,true,false,WATER,true,hydro_basin,true,EFF_HYDRO_CLASS,false,ZERO_OPERATIONAL_CO2,false,MC_HYDRO,false,PROFILE_HYDRO_INFLOW_AND_SOC,false,true,PARTIAL_OPERATIONAL_PARAMETERS,STATIC_CAPACITY_AND_CLASS_CONTRACT_READY,e_nom/pump/efficiency/inflow/SOC or duration as applicable
2040,Base,CALA,HYDRO_BASIN,Water Store + turbine Link + inflow,417.949832196,true,false,WATER,true,hydro_basin,true,EFF_HYDRO_CLASS,false,ZERO_OPERATIONAL_CO2,false,MC_HYDRO,false,PROFILE_HYDRO_INFLOW_AND_SOC,false,true,PARTIAL_OPERATIONAL_PARAMETERS,STATIC_CAPACITY_AND_CLASS_CONTRACT_READY,e_nom/pump/efficiency/inflow/SOC or duration as applicable
2040,Base,SICI,HYDRO_BASIN,Water Store + turbine Link + inflow,58.808504061,true,false,WATER,true,hydro_basin,true,EFF_HYDRO_CLASS,false,ZERO_OPERATIONAL_CO2,false,MC_HYDRO,false,PROFILE_HYDRO_INFLOW_AND_SOC,false,true,PARTIAL_OPERATIONAL_PARAMETERS,STATIC_CAPACITY_AND_CLASS_CONTRACT_READY,e_nom/pump/efficiency/inflow/SOC or duration as applicable
2040,Base,SARD,HYDRO_BASIN,Water Store + turbine Link + inflow,106.492727593,true,false,WATER,true,hydro_basin,true,EFF_HYDRO_CLASS,false,ZERO_OPERATIONAL_CO2,false,MC_HYDRO,false,PROFILE_HYDRO_INFLOW_AND_SOC,false,true,PARTIAL_OPERATIONAL_PARAMETERS,STATIC_CAPACITY_AND_CLASS_CONTRACT_READY,e_nom/pump/efficiency/inflow/SOC or duration as applicable
2040,Base,NORD,HYDRO_RESERVOIR,Water Store + turbine Link + inflow,3669.318175474,true,false,WATER,true,hydro_reservoir,true,EFF_HYDRO_CLASS,false,ZERO_OPERATIONAL_CO2,false,MC_HYDRO,false,PROFILE_HYDRO_INFLOW_AND_SOC,false,true,PARTIAL_OPERATIONAL_PARAMETERS,STATIC_CAPACITY_AND_CLASS_CONTRACT_READY,e_nom/pump/efficiency/inflow/SOC or duration as applicable
2040,Base,CNOR,HYDRO_RESERVOIR,Water Store + turbine Link + inflow,175.818907682,true,false,WATER,true,hydro_reservoir,true,EFF_HYDRO_CLASS,false,ZERO_OPERATIONAL_CO2,false,MC_HYDRO,false,PROFILE_HYDRO_INFLOW_AND_SOC,false,true,PARTIAL_OPERATIONAL_PARAMETERS,STATIC_CAPACITY_AND_CLASS_CONTRACT_READY,e_nom/pump/efficiency/inflow/SOC or duration as applicable
2040,Base,CSUD,HYDRO_RESERVOIR,Water Store + turbine Link + inflow,430.482324018,true,false,WATER,true,hydro_reservoir,true,EFF_HYDRO_CLASS,false,ZERO_OPERATIONAL_CO2,false,MC_HYDRO,false,PROFILE_HYDRO_INFLOW_AND_SOC,false,true,PARTIAL_OPERATIONAL_PARAMETERS,STATIC_CAPACITY_AND_CLASS_CONTRACT_READY,e_nom/pump/efficiency/inflow/SOC or duration as applicable
2040,Base,SUD,HYDRO_RESERVOIR,Water Store + turbine Link + inflow,76.429605283,true,false,WATER,true,hydro_reservoir,true,EFF_HYDRO_CLASS,false,ZERO_OPERATIONAL_CO2,false,MC_HYDRO,false,PROFILE_HYDRO_INFLOW_AND_SOC,false,true,PARTIAL_OPERATIONAL_PARAMETERS,STATIC_CAPACITY_AND_CLASS_CONTRACT_READY,e_nom/pump/efficiency/inflow/SOC or duration as applicable
2040,Base,CALA,HYDRO_RESERVOIR,Water Store + turbine Link + inflow,308.670337905,true,false,WATER,true,hydro_reservoir,true,EFF_HYDRO_CLASS,false,ZERO_OPERATIONAL_CO2,false,MC_HYDRO,false,PROFILE_HYDRO_INFLOW_AND_SOC,false,true,PARTIAL_OPERATIONAL_PARAMETERS,STATIC_CAPACITY_AND_CLASS_CONTRACT_READY,e_nom/pump/efficiency/inflow/SOC or duration as applicable
2040,Base,SICI,HYDRO_RESERVOIR,Water Store + turbine Link + inflow,43.432104578,true,false,WATER,true,hydro_reservoir,true,EFF_HYDRO_CLASS,false,ZERO_OPERATIONAL_CO2,false,MC_HYDRO,false,PROFILE_HYDRO_INFLOW_AND_SOC,false,true,PARTIAL_OPERATIONAL_PARAMETERS,STATIC_CAPACITY_AND_CLASS_CONTRACT_READY,e_nom/pump/efficiency/inflow/SOC or duration as applicable
2040,Base,SARD,HYDRO_RESERVOIR,Water Store + turbine Link + inflow,78.64854506,true,false,WATER,true,hydro_reservoir,true,EFF_HYDRO_CLASS,false,ZERO_OPERATIONAL_CO2,false,MC_HYDRO,false,PROFILE_HYDRO_INFLOW_AND_SOC,false,true,PARTIAL_OPERATIONAL_PARAMETERS,STATIC_CAPACITY_AND_CLASS_CONTRACT_READY,e_nom/pump/efficiency/inflow/SOC or duration as applicable
2040,Base,NORD,PUMPED_HYDRO_PURE,Shared water Store + pump Link + turbine Link,2393.185354581,true,false,WATER,true,pumped_hydro_pure,true,EFF_HYDRO_CLASS,false,ZERO_OPERATIONAL_CO2,false,MC_HYDRO,false,PROFILE_HYDRO_INFLOW_AND_SOC,false,true,PARTIAL_OPERATIONAL_PARAMETERS,STATIC_CAPACITY_AND_CLASS_CONTRACT_READY,e_nom/pump/efficiency/inflow/SOC or duration as applicable
2040,Base,CNOR,PUMPED_HYDRO_PURE,Shared water Store + pump Link + turbine Link,0,true,false,WATER,true,pumped_hydro_pure,true,EFF_HYDRO_CLASS,false,ZERO_OPERATIONAL_CO2,false,MC_HYDRO,false,PROFILE_HYDRO_INFLOW_AND_SOC,false,true,PARTIAL_OPERATIONAL_PARAMETERS,STATIC_CAPACITY_AND_CLASS_CONTRACT_READY,e_nom/pump/efficiency/inflow/SOC or duration as applicable
2040,Base,CSUD,PUMPED_HYDRO_PURE,Shared water Store + pump Link + turbine Link,995.915669822,true,false,WATER,true,pumped_hydro_pure,true,EFF_HYDRO_CLASS,false,ZERO_OPERATIONAL_CO2,false,MC_HYDRO,false,PROFILE_HYDRO_INFLOW_AND_SOC,false,true,PARTIAL_OPERATIONAL_PARAMETERS,STATIC_CAPACITY_AND_CLASS_CONTRACT_READY,e_nom/pump/efficiency/inflow/SOC or duration as applicable
2040,Base,SUD,PUMPED_HYDRO_PURE,Shared water Store + pump Link + turbine Link,0,true,false,WATER,true,pumped_hydro_pure,true,EFF_HYDRO_CLASS,false,ZERO_OPERATIONAL_CO2,false,MC_HYDRO,false,PROFILE_HYDRO_INFLOW_AND_SOC,false,true,PARTIAL_OPERATIONAL_PARAMETERS,STATIC_CAPACITY_AND_CLASS_CONTRACT_READY,e_nom/pump/efficiency/inflow/SOC or duration as applicable
2040,Base,CALA,PUMPED_HYDRO_PURE,Shared water Store + pump Link + turbine Link,0,true,false,WATER,true,pumped_hydro_pure,true,EFF_HYDRO_CLASS,false,ZERO_OPERATIONAL_CO2,false,MC_HYDRO,false,PROFILE_HYDRO_INFLOW_AND_SOC,false,true,PARTIAL_OPERATIONAL_PARAMETERS,STATIC_CAPACITY_AND_CLASS_CONTRACT_READY,e_nom/pump/efficiency/inflow/SOC or duration as applicable
2040,Base,SICI,PUMPED_HYDRO_PURE,Shared water Store + pump Link + turbine Link,580.474585597,true,false,WATER,true,pumped_hydro_pure,true,EFF_HYDRO_CLASS,false,ZERO_OPERATIONAL_CO2,false,MC_HYDRO,false,PROFILE_HYDRO_INFLOW_AND_SOC,false,true,PARTIAL_OPERATIONAL_PARAMETERS,STATIC_CAPACITY_AND_CLASS_CONTRACT_READY,e_nom/pump/efficiency/inflow/SOC or duration as applicable
2040,Base,SARD,PUMPED_HYDRO_PURE,Shared water Store + pump Link + turbine Link,0,true,false,WATER,true,pumped_hydro_pure,true,EFF_HYDRO_CLASS,false,ZERO_OPERATIONAL_CO2,false,MC_HYDRO,false,PROFILE_HYDRO_INFLOW_AND_SOC,false,true,PARTIAL_OPERATIONAL_PARAMETERS,STATIC_CAPACITY_AND_CLASS_CONTRACT_READY,e_nom/pump/efficiency/inflow/SOC or duration as applicable
2040,Base,NORD,PUMPED_HYDRO_MIXED,Shared water Store + pump Link + turbine Link,2305.444434376,true,false,WATER,true,pumped_hydro_mixed,true,EFF_HYDRO_CLASS,false,ZERO_OPERATIONAL_CO2,false,MC_HYDRO,false,PROFILE_HYDRO_INFLOW_AND_SOC,false,true,PARTIAL_OPERATIONAL_PARAMETERS,STATIC_CAPACITY_AND_CLASS_CONTRACT_READY,e_nom/pump/efficiency/inflow/SOC or duration as applicable
2040,Base,CNOR,PUMPED_HYDRO_MIXED,Shared water Store + pump Link + turbine Link,0,true,false,WATER,true,pumped_hydro_mixed,true,EFF_HYDRO_CLASS,false,ZERO_OPERATIONAL_CO2,false,MC_HYDRO,false,PROFILE_HYDRO_INFLOW_AND_SOC,false,true,PARTIAL_OPERATIONAL_PARAMETERS,STATIC_CAPACITY_AND_CLASS_CONTRACT_READY,e_nom/pump/efficiency/inflow/SOC or duration as applicable
2040,Base,CSUD,PUMPED_HYDRO_MIXED,Shared water Store + pump Link + turbine Link,736.949744032,true,false,WATER,true,pumped_hydro_mixed,true,EFF_HYDRO_CLASS,false,ZERO_OPERATIONAL_CO2,false,MC_HYDRO,false,PROFILE_HYDRO_INFLOW_AND_SOC,false,true,PARTIAL_OPERATIONAL_PARAMETERS,STATIC_CAPACITY_AND_CLASS_CONTRACT_READY,e_nom/pump/efficiency/inflow/SOC or duration as applicable
2040,Base,SUD,PUMPED_HYDRO_MIXED,Shared water Store + pump Link + turbine Link,0,true,false,WATER,true,pumped_hydro_mixed,true,EFF_HYDRO_CLASS,false,ZERO_OPERATIONAL_CO2,false,MC_HYDRO,false,PROFILE_HYDRO_INFLOW_AND_SOC,false,true,PARTIAL_OPERATIONAL_PARAMETERS,STATIC_CAPACITY_AND_CLASS_CONTRACT_READY,e_nom/pump/efficiency/inflow/SOC or duration as applicable
2040,Base,CALA,PUMPED_HYDRO_MIXED,Shared water Store + pump Link + turbine Link,0,true,false,WATER,true,pumped_hydro_mixed,true,EFF_HYDRO_CLASS,false,ZERO_OPERATIONAL_CO2,false,MC_HYDRO,false,PROFILE_HYDRO_INFLOW_AND_SOC,false,true,PARTIAL_OPERATIONAL_PARAMETERS,STATIC_CAPACITY_AND_CLASS_CONTRACT_READY,e_nom/pump/efficiency/inflow/SOC or duration as applicable
2040,Base,SICI,PUMPED_HYDRO_MIXED,Shared water Store + pump Link + turbine Link,0,true,false,WATER,true,pumped_hydro_mixed,true,EFF_HYDRO_CLASS,false,ZERO_OPERATIONAL_CO2,false,MC_HYDRO,false,PROFILE_HYDRO_INFLOW_AND_SOC,false,true,PARTIAL_OPERATIONAL_PARAMETERS,STATIC_CAPACITY_AND_CLASS_CONTRACT_READY,e_nom/pump/efficiency/inflow/SOC or duration as applicable
2040,Base,SARD,PUMPED_HYDRO_MIXED,Shared water Store + pump Link + turbine Link,240.330211592,true,false,WATER,true,pumped_hydro_mixed,true,EFF_HYDRO_CLASS,false,ZERO_OPERATIONAL_CO2,false,MC_HYDRO,false,PROFILE_HYDRO_INFLOW_AND_SOC,false,true,PARTIAL_OPERATIONAL_PARAMETERS,STATIC_CAPACITY_AND_CLASS_CONTRACT_READY,e_nom/pump/efficiency/inflow/SOC or duration as applicable
2040,Base,NORD,BESS,Electricity Store + charge/discharge Links,5525,true,false,ELECTRICITY,true,battery_storage,true,EFF_BESS_ROUNDTRIP,false,ZERO_DIRECT_CO2,false,MC_STORAGE,false,STORAGE_SOC,false,true,PARTIAL_OPERATIONAL_PARAMETERS,STATIC_CAPACITY_AND_CLASS_CONTRACT_READY,e_nom/pump/efficiency/inflow/SOC or duration as applicable
2040,Base,CNOR,BESS,Electricity Store + charge/discharge Links,1133.333333333,true,false,ELECTRICITY,true,battery_storage,true,EFF_BESS_ROUNDTRIP,false,ZERO_DIRECT_CO2,false,MC_STORAGE,false,STORAGE_SOC,false,true,PARTIAL_OPERATIONAL_PARAMETERS,STATIC_CAPACITY_AND_CLASS_CONTRACT_READY,e_nom/pump/efficiency/inflow/SOC or duration as applicable
2040,Base,CSUD,BESS,Electricity Store + charge/discharge Links,4220.833333333,true,false,ELECTRICITY,true,battery_storage,true,EFF_BESS_ROUNDTRIP,false,ZERO_DIRECT_CO2,false,MC_STORAGE,false,STORAGE_SOC,false,true,PARTIAL_OPERATIONAL_PARAMETERS,STATIC_CAPACITY_AND_CLASS_CONTRACT_READY,e_nom/pump/efficiency/inflow/SOC or duration as applicable
2040,Base,SUD,BESS,Electricity Store + charge/discharge Links,6362.5,true,false,ELECTRICITY,true,battery_storage,true,EFF_BESS_ROUNDTRIP,false,ZERO_DIRECT_CO2,false,MC_STORAGE,false,STORAGE_SOC,false,true,PARTIAL_OPERATIONAL_PARAMETERS,STATIC_CAPACITY_AND_CLASS_CONTRACT_READY,e_nom/pump/efficiency/inflow/SOC or duration as applicable
2040,Base,CALA,BESS,Electricity Store + charge/discharge Links,1466.666666667,true,false,ELECTRICITY,true,battery_storage,true,EFF_BESS_ROUNDTRIP,false,ZERO_DIRECT_CO2,false,MC_STORAGE,false,STORAGE_SOC,false,true,PARTIAL_OPERATIONAL_PARAMETERS,STATIC_CAPACITY_AND_CLASS_CONTRACT_READY,e_nom/pump/efficiency/inflow/SOC or duration as applicable
2040,Base,SICI,BESS,Electricity Store + charge/discharge Links,4970.833333333,true,false,ELECTRICITY,true,battery_storage,true,EFF_BESS_ROUNDTRIP,false,ZERO_DIRECT_CO2,false,MC_STORAGE,false,STORAGE_SOC,false,true,PARTIAL_OPERATIONAL_PARAMETERS,STATIC_CAPACITY_AND_CLASS_CONTRACT_READY,e_nom/pump/efficiency/inflow/SOC or duration as applicable
2040,Base,SARD,BESS,Electricity Store + charge/discharge Links,3587.5,true,false,ELECTRICITY,true,battery_storage,true,EFF_BESS_ROUNDTRIP,false,ZERO_DIRECT_CO2,false,MC_STORAGE,false,STORAGE_SOC,false,true,PARTIAL_OPERATIONAL_PARAMETERS,STATIC_CAPACITY_AND_CLASS_CONTRACT_READY,e_nom/pump/efficiency/inflow/SOC or duration as applicable
2040,Base,NORD,CCGT,Generator,23085.542039157,true,false,METHANE,true,methane_ccgt,true,EFF_METHANE_CCGT,false,FOSSIL_METHANE_DIRECT_CO2,false,MC_METHANE_CCGT,false,AVAIL_THERMAL_CCGT,false,true,STATIC_CLASS_CONTRACT_READY; NUMERICAL_ASSUMPTIONS_PENDING,STATIC_CAPACITY_AND_CLASS_CONTRACT_READY,"numerical efficiency, costs, CO2 factor and hourly profile/availability"
2040,Base,CNOR,CCGT,Generator,1599.013669946,true,false,METHANE,true,methane_ccgt,true,EFF_METHANE_CCGT,false,FOSSIL_METHANE_DIRECT_CO2,false,MC_METHANE_CCGT,false,AVAIL_THERMAL_CCGT,false,true,STATIC_CLASS_CONTRACT_READY; NUMERICAL_ASSUMPTIONS_PENDING,STATIC_CAPACITY_AND_CLASS_CONTRACT_READY,"numerical efficiency, costs, CO2 factor and hourly profile/availability"
2040,Base,CSUD,CCGT,Generator,6333.05142292,true,false,METHANE,true,methane_ccgt,true,EFF_METHANE_CCGT,false,FOSSIL_METHANE_DIRECT_CO2,false,MC_METHANE_CCGT,false,AVAIL_THERMAL_CCGT,false,true,STATIC_CLASS_CONTRACT_READY; NUMERICAL_ASSUMPTIONS_PENDING,STATIC_CAPACITY_AND_CLASS_CONTRACT_READY,"numerical efficiency, costs, CO2 factor and hourly profile/availability"
2040,Base,SUD,CCGT,Generator,4425.159763636,true,false,METHANE,true,methane_ccgt,true,EFF_METHANE_CCGT,false,FOSSIL_METHANE_DIRECT_CO2,false,MC_METHANE_CCGT,false,AVAIL_THERMAL_CCGT,false,true,STATIC_CLASS_CONTRACT_READY; NUMERICAL_ASSUMPTIONS_PENDING,STATIC_CAPACITY_AND_CLASS_CONTRACT_READY,"numerical efficiency, costs, CO2 factor and hourly profile/availability"
2040,Base,CALA,CCGT,Generator,3235.880835398,true,false,METHANE,true,methane_ccgt,true,EFF_METHANE_CCGT,false,FOSSIL_METHANE_DIRECT_CO2,false,MC_METHANE_CCGT,false,AVAIL_THERMAL_CCGT,false,true,STATIC_CLASS_CONTRACT_READY; NUMERICAL_ASSUMPTIONS_PENDING,STATIC_CAPACITY_AND_CLASS_CONTRACT_READY,"numerical efficiency, costs, CO2 factor and hourly profile/availability"
2040,Base,SICI,CCGT,Generator,3033.470304432,true,false,METHANE,true,methane_ccgt,true,EFF_METHANE_CCGT,false,FOSSIL_METHANE_DIRECT_CO2,false,MC_METHANE_CCGT,false,AVAIL_THERMAL_CCGT,false,true,STATIC_CLASS_CONTRACT_READY; NUMERICAL_ASSUMPTIONS_PENDING,STATIC_CAPACITY_AND_CLASS_CONTRACT_READY,"numerical efficiency, costs, CO2 factor and hourly profile/availability"
2040,Base,SARD,CCGT,Generator,636.150571763,true,false,METHANE,true,methane_ccgt,true,EFF_METHANE_CCGT,false,FOSSIL_METHANE_DIRECT_CO2,false,MC_METHANE_CCGT,false,AVAIL_THERMAL_CCGT,false,true,STATIC_CLASS_CONTRACT_READY; NUMERICAL_ASSUMPTIONS_PENDING,STATIC_CAPACITY_AND_CLASS_CONTRACT_READY,"numerical efficiency, costs, CO2 factor and hourly profile/availability"
2040,Base,NORD,GT_OCGT,Generator,842.144489518,true,false,METHANE,true,methane_gt_ocgt,true,EFF_METHANE_GT_OCGT,false,FOSSIL_METHANE_DIRECT_CO2,false,MC_METHANE_GT_OCGT,false,AVAIL_THERMAL_GT_OCGT,false,true,STATIC_CLASS_CONTRACT_READY; NUMERICAL_ASSUMPTIONS_PENDING,STATIC_CAPACITY_AND_CLASS_CONTRACT_READY,"numerical efficiency, costs, CO2 factor and hourly profile/availability"
2040,Base,CNOR,GT_OCGT,Generator,479.435139888,true,false,METHANE,true,methane_gt_ocgt,true,EFF_METHANE_GT_OCGT,false,FOSSIL_METHANE_DIRECT_CO2,false,MC_METHANE_GT_OCGT,false,AVAIL_THERMAL_GT_OCGT,false,true,STATIC_CLASS_CONTRACT_READY; NUMERICAL_ASSUMPTIONS_PENDING,STATIC_CAPACITY_AND_CLASS_CONTRACT_READY,"numerical efficiency, costs, CO2 factor and hourly profile/availability"
2040,Base,CSUD,GT_OCGT,Generator,769.197041167,true,false,METHANE,true,methane_gt_ocgt,true,EFF_METHANE_GT_OCGT,false,FOSSIL_METHANE_DIRECT_CO2,false,MC_METHANE_GT_OCGT,false,AVAIL_THERMAL_GT_OCGT,false,true,STATIC_CLASS_CONTRACT_READY; NUMERICAL_ASSUMPTIONS_PENDING,STATIC_CAPACITY_AND_CLASS_CONTRACT_READY,"numerical efficiency, costs, CO2 factor and hourly profile/availability"
2040,Base,SUD,GT_OCGT,Generator,256.102110068,true,false,METHANE,true,methane_gt_ocgt,true,EFF_METHANE_GT_OCGT,false,FOSSIL_METHANE_DIRECT_CO2,false,MC_METHANE_GT_OCGT,false,AVAIL_THERMAL_GT_OCGT,false,true,STATIC_CLASS_CONTRACT_READY; NUMERICAL_ASSUMPTIONS_PENDING,STATIC_CAPACITY_AND_CLASS_CONTRACT_READY,"numerical efficiency, costs, CO2 factor and hourly profile/availability"
2040,Base,CALA,GT_OCGT,Generator,216.218464413,true,false,METHANE,true,methane_gt_ocgt,true,EFF_METHANE_GT_OCGT,false,FOSSIL_METHANE_DIRECT_CO2,false,MC_METHANE_GT_OCGT,false,AVAIL_THERMAL_GT_OCGT,false,true,STATIC_CLASS_CONTRACT_READY; NUMERICAL_ASSUMPTIONS_PENDING,STATIC_CAPACITY_AND_CLASS_CONTRACT_READY,"numerical efficiency, costs, CO2 factor and hourly profile/availability"
2040,Base,SICI,GT_OCGT,Generator,652.525027236,true,false,METHANE,true,methane_gt_ocgt,true,EFF_METHANE_GT_OCGT,false,FOSSIL_METHANE_DIRECT_CO2,false,MC_METHANE_GT_OCGT,false,AVAIL_THERMAL_GT_OCGT,false,true,STATIC_CLASS_CONTRACT_READY; NUMERICAL_ASSUMPTIONS_PENDING,STATIC_CAPACITY_AND_CLASS_CONTRACT_READY,"numerical efficiency, costs, CO2 factor and hourly profile/availability"
2040,Base,SARD,GT_OCGT,Generator,139.028766432,true,false,METHANE,true,methane_gt_ocgt,true,EFF_METHANE_GT_OCGT,false,FOSSIL_METHANE_DIRECT_CO2,false,MC_METHANE_GT_OCGT,false,AVAIL_THERMAL_GT_OCGT,false,true,STATIC_CLASS_CONTRACT_READY; NUMERICAL_ASSUMPTIONS_PENDING,STATIC_CAPACITY_AND_CLASS_CONTRACT_READY,"numerical efficiency, costs, CO2 factor and hourly profile/availability"
2040,Base,NORD,INTERNAL_COMBUSTION,Generator,3456.449708873,true,false,METHANE,true,methane_internal_combustion,true,EFF_METHANE_INTERNAL_COMBUSTION,false,FOSSIL_METHANE_DIRECT_CO2,false,MC_METHANE_INTERNAL_COMBUSTION,false,AVAIL_THERMAL_ENGINE,false,true,STATIC_CLASS_CONTRACT_READY; NUMERICAL_ASSUMPTIONS_PENDING,STATIC_CAPACITY_AND_CLASS_CONTRACT_READY,"numerical efficiency, costs, CO2 factor and hourly profile/availability"
2040,Base,CNOR,INTERNAL_COMBUSTION,Generator,388.057148474,true,false,METHANE,true,methane_internal_combustion,true,EFF_METHANE_INTERNAL_COMBUSTION,false,FOSSIL_METHANE_DIRECT_CO2,false,MC_METHANE_INTERNAL_COMBUSTION,false,AVAIL_THERMAL_ENGINE,false,true,STATIC_CLASS_CONTRACT_READY; NUMERICAL_ASSUMPTIONS_PENDING,STATIC_CAPACITY_AND_CLASS_CONTRACT_READY,"numerical efficiency, costs, CO2 factor and hourly profile/availability"
2040,Base,CSUD,INTERNAL_COMBUSTION,Generator,780.4036866,true,false,METHANE,true,methane_internal_combustion,true,EFF_METHANE_INTERNAL_COMBUSTION,false,FOSSIL_METHANE_DIRECT_CO2,false,MC_METHANE_INTERNAL_COMBUSTION,false,AVAIL_THERMAL_ENGINE,false,true,STATIC_CLASS_CONTRACT_READY; NUMERICAL_ASSUMPTIONS_PENDING,STATIC_CAPACITY_AND_CLASS_CONTRACT_READY,"numerical efficiency, costs, CO2 factor and hourly profile/availability"
2040,Base,SUD,INTERNAL_COMBUSTION,Generator,437.833098679,true,false,METHANE,true,methane_internal_combustion,true,EFF_METHANE_INTERNAL_COMBUSTION,false,FOSSIL_METHANE_DIRECT_CO2,false,MC_METHANE_INTERNAL_COMBUSTION,false,AVAIL_THERMAL_ENGINE,false,true,STATIC_CLASS_CONTRACT_READY; NUMERICAL_ASSUMPTIONS_PENDING,STATIC_CAPACITY_AND_CLASS_CONTRACT_READY,"numerical efficiency, costs, CO2 factor and hourly profile/availability"
2040,Base,CALA,INTERNAL_COMBUSTION,Generator,38.206958732,true,false,METHANE,true,methane_internal_combustion,true,EFF_METHANE_INTERNAL_COMBUSTION,false,FOSSIL_METHANE_DIRECT_CO2,false,MC_METHANE_INTERNAL_COMBUSTION,false,AVAIL_THERMAL_ENGINE,false,true,STATIC_CLASS_CONTRACT_READY; NUMERICAL_ASSUMPTIONS_PENDING,STATIC_CAPACITY_AND_CLASS_CONTRACT_READY,"numerical efficiency, costs, CO2 factor and hourly profile/availability"
2040,Base,SICI,INTERNAL_COMBUSTION,Generator,206.615562143,true,false,METHANE,true,methane_internal_combustion,true,EFF_METHANE_INTERNAL_COMBUSTION,false,FOSSIL_METHANE_DIRECT_CO2,false,MC_METHANE_INTERNAL_COMBUSTION,false,AVAIL_THERMAL_ENGINE,false,true,STATIC_CLASS_CONTRACT_READY; NUMERICAL_ASSUMPTIONS_PENDING,STATIC_CAPACITY_AND_CLASS_CONTRACT_READY,"numerical efficiency, costs, CO2 factor and hourly profile/availability"
2040,Base,SARD,INTERNAL_COMBUSTION,Generator,22.337288474,true,false,METHANE,true,methane_internal_combustion,true,EFF_METHANE_INTERNAL_COMBUSTION,false,FOSSIL_METHANE_DIRECT_CO2,false,MC_METHANE_INTERNAL_COMBUSTION,false,AVAIL_THERMAL_ENGINE,false,true,STATIC_CLASS_CONTRACT_READY; NUMERICAL_ASSUMPTIONS_PENDING,STATIC_CAPACITY_AND_CLASS_CONTRACT_READY,"numerical efficiency, costs, CO2 factor and hourly profile/availability"
2040,Base,NORD,STEAM_OTHER_SURVIVING,Generator,1588.168234432,true,false,METHANE,true,methane_steam_other,true,EFF_METHANE_STEAM_OTHER,false,FOSSIL_METHANE_DIRECT_CO2,false,MC_METHANE_STEAM_OTHER,false,AVAIL_THERMAL_STEAM,false,true,STATIC_CLASS_CONTRACT_READY; NUMERICAL_ASSUMPTIONS_PENDING,STATIC_CAPACITY_AND_CLASS_CONTRACT_READY,"numerical efficiency, costs, CO2 factor and hourly profile/availability"
2040,Base,CNOR,STEAM_OTHER_SURVIVING,Generator,50.690815099,true,false,METHANE,true,methane_steam_other,true,EFF_METHANE_STEAM_OTHER,false,FOSSIL_METHANE_DIRECT_CO2,false,MC_METHANE_STEAM_OTHER,false,AVAIL_THERMAL_STEAM,false,true,STATIC_CLASS_CONTRACT_READY; NUMERICAL_ASSUMPTIONS_PENDING,STATIC_CAPACITY_AND_CLASS_CONTRACT_READY,"numerical efficiency, costs, CO2 factor and hourly profile/availability"
2040,Base,CSUD,STEAM_OTHER_SURVIVING,Generator,178.980072753,true,false,METHANE,true,methane_steam_other,true,EFF_METHANE_STEAM_OTHER,false,FOSSIL_METHANE_DIRECT_CO2,false,MC_METHANE_STEAM_OTHER,false,AVAIL_THERMAL_STEAM,false,true,STATIC_CLASS_CONTRACT_READY; NUMERICAL_ASSUMPTIONS_PENDING,STATIC_CAPACITY_AND_CLASS_CONTRACT_READY,"numerical efficiency, costs, CO2 factor and hourly profile/availability"
2040,Base,SUD,STEAM_OTHER_SURVIVING,Generator,542.704350915,true,false,METHANE,true,methane_steam_other,true,EFF_METHANE_STEAM_OTHER,false,FOSSIL_METHANE_DIRECT_CO2,false,MC_METHANE_STEAM_OTHER,false,AVAIL_THERMAL_STEAM,false,true,STATIC_CLASS_CONTRACT_READY; NUMERICAL_ASSUMPTIONS_PENDING,STATIC_CAPACITY_AND_CLASS_CONTRACT_READY,"numerical efficiency, costs, CO2 factor and hourly profile/availability"
2040,Base,CALA,STEAM_OTHER_SURVIVING,Generator,144.709481828,true,false,METHANE,true,methane_steam_other,true,EFF_METHANE_STEAM_OTHER,false,FOSSIL_METHANE_DIRECT_CO2,false,MC_METHANE_STEAM_OTHER,false,AVAIL_THERMAL_STEAM,false,true,STATIC_CLASS_CONTRACT_READY; NUMERICAL_ASSUMPTIONS_PENDING,STATIC_CAPACITY_AND_CLASS_CONTRACT_READY,"numerical efficiency, costs, CO2 factor and hourly profile/availability"
2040,Base,SICI,STEAM_OTHER_SURVIVING,Generator,142.573999974,true,false,METHANE,true,methane_steam_other,true,EFF_METHANE_STEAM_OTHER,false,FOSSIL_METHANE_DIRECT_CO2,false,MC_METHANE_STEAM_OTHER,false,AVAIL_THERMAL_STEAM,false,true,STATIC_CLASS_CONTRACT_READY; NUMERICAL_ASSUMPTIONS_PENDING,STATIC_CAPACITY_AND_CLASS_CONTRACT_READY,"numerical efficiency, costs, CO2 factor and hourly profile/availability"
2040,Base,SARD,STEAM_OTHER_SURVIVING,Generator,246.720448909,true,false,METHANE,true,methane_steam_other,true,EFF_METHANE_STEAM_OTHER,false,FOSSIL_METHANE_DIRECT_CO2,false,MC_METHANE_STEAM_OTHER,false,AVAIL_THERMAL_STEAM,false,true,STATIC_CLASS_CONTRACT_READY; NUMERICAL_ASSUMPTIONS_PENDING,STATIC_CAPACITY_AND_CLASS_CONTRACT_READY,"numerical efficiency, costs, CO2 factor and hourly profile/availability"
2040,Base,NORD,OTHER_SURVIVING_THERMAL,Generator,53.151228556,true,false,METHANE,true,methane_other_thermal,true,EFF_METHANE_OTHER_THERMAL,false,FOSSIL_METHANE_DIRECT_CO2,false,MC_METHANE_OTHER_THERMAL,false,AVAIL_THERMAL_OTHER,false,true,STATIC_CLASS_CONTRACT_READY; NUMERICAL_ASSUMPTIONS_PENDING,STATIC_CAPACITY_AND_CLASS_CONTRACT_READY,"numerical efficiency, costs, CO2 factor and hourly profile/availability"
2040,Base,CNOR,OTHER_SURVIVING_THERMAL,Generator,34.351116281,true,false,METHANE,true,methane_other_thermal,true,EFF_METHANE_OTHER_THERMAL,false,FOSSIL_METHANE_DIRECT_CO2,false,MC_METHANE_OTHER_THERMAL,false,AVAIL_THERMAL_OTHER,false,true,STATIC_CLASS_CONTRACT_READY; NUMERICAL_ASSUMPTIONS_PENDING,STATIC_CAPACITY_AND_CLASS_CONTRACT_READY,"numerical efficiency, costs, CO2 factor and hourly profile/availability"
2040,Base,CSUD,OTHER_SURVIVING_THERMAL,Generator,31.065187014,true,false,METHANE,true,methane_other_thermal,true,EFF_METHANE_OTHER_THERMAL,false,FOSSIL_METHANE_DIRECT_CO2,false,MC_METHANE_OTHER_THERMAL,false,AVAIL_THERMAL_OTHER,false,true,STATIC_CLASS_CONTRACT_READY; NUMERICAL_ASSUMPTIONS_PENDING,STATIC_CAPACITY_AND_CLASS_CONTRACT_READY,"numerical efficiency, costs, CO2 factor and hourly profile/availability"
2040,Base,SUD,OTHER_SURVIVING_THERMAL,Generator,120.231362984,true,false,METHANE,true,methane_other_thermal,true,EFF_METHANE_OTHER_THERMAL,false,FOSSIL_METHANE_DIRECT_CO2,false,MC_METHANE_OTHER_THERMAL,false,AVAIL_THERMAL_OTHER,false,true,STATIC_CLASS_CONTRACT_READY; NUMERICAL_ASSUMPTIONS_PENDING,STATIC_CAPACITY_AND_CLASS_CONTRACT_READY,"numerical efficiency, costs, CO2 factor and hourly profile/availability"
2040,Base,CALA,OTHER_SURVIVING_THERMAL,Generator,0,true,false,METHANE,true,methane_other_thermal,true,EFF_METHANE_OTHER_THERMAL,false,FOSSIL_METHANE_DIRECT_CO2,false,MC_METHANE_OTHER_THERMAL,false,AVAIL_THERMAL_OTHER,false,true,STATIC_CLASS_CONTRACT_READY; NUMERICAL_ASSUMPTIONS_PENDING,STATIC_CAPACITY_AND_CLASS_CONTRACT_READY,"numerical efficiency, costs, CO2 factor and hourly profile/availability"
2040,Base,SICI,OTHER_SURVIVING_THERMAL,Generator,22.281503519,true,false,METHANE,true,methane_other_thermal,true,EFF_METHANE_OTHER_THERMAL,false,FOSSIL_METHANE_DIRECT_CO2,false,MC_METHANE_OTHER_THERMAL,false,AVAIL_THERMAL_OTHER,false,true,STATIC_CLASS_CONTRACT_READY; NUMERICAL_ASSUMPTIONS_PENDING,STATIC_CAPACITY_AND_CLASS_CONTRACT_READY,"numerical efficiency, costs, CO2 factor and hourly profile/availability"
2040,Base,SARD,OTHER_SURVIVING_THERMAL,Generator,28.495431878,true,false,METHANE,true,methane_other_thermal,true,EFF_METHANE_OTHER_THERMAL,false,FOSSIL_METHANE_DIRECT_CO2,false,MC_METHANE_OTHER_THERMAL,false,AVAIL_THERMAL_OTHER,false,true,STATIC_CLASS_CONTRACT_READY; NUMERICAL_ASSUMPTIONS_PENDING,STATIC_CAPACITY_AND_CLASS_CONTRACT_READY,"numerical efficiency, costs, CO2 factor and hourly profile/availability"
2040,Base,NORD,GEOTHERMAL,Generator,0,true,false,GEOTHERMAL,true,geothermal,true,EFF_NOT_APPLICABLE_GEOTHERMAL,false,ZERO_OPERATIONAL_FOSSIL_CO2,false,MC_GEOTHERMAL,false,AVAIL_GEOTHERMAL,false,true,STATIC_CLASS_CONTRACT_READY; NUMERICAL_ASSUMPTIONS_PENDING,STATIC_CAPACITY_AND_CLASS_CONTRACT_READY,"numerical efficiency, costs, CO2 factor and hourly profile/availability"
2040,Base,CNOR,GEOTHERMAL,Generator,783.053667913,true,false,GEOTHERMAL,true,geothermal,true,EFF_NOT_APPLICABLE_GEOTHERMAL,false,ZERO_OPERATIONAL_FOSSIL_CO2,false,MC_GEOTHERMAL,false,AVAIL_GEOTHERMAL,false,true,STATIC_CLASS_CONTRACT_READY; NUMERICAL_ASSUMPTIONS_PENDING,STATIC_CAPACITY_AND_CLASS_CONTRACT_READY,"numerical efficiency, costs, CO2 factor and hourly profile/availability"
2040,Base,CSUD,GEOTHERMAL,Generator,0,true,false,GEOTHERMAL,true,geothermal,true,EFF_NOT_APPLICABLE_GEOTHERMAL,false,ZERO_OPERATIONAL_FOSSIL_CO2,false,MC_GEOTHERMAL,false,AVAIL_GEOTHERMAL,false,true,STATIC_CLASS_CONTRACT_READY; NUMERICAL_ASSUMPTIONS_PENDING,STATIC_CAPACITY_AND_CLASS_CONTRACT_READY,"numerical efficiency, costs, CO2 factor and hourly profile/availability"
2040,Base,SUD,GEOTHERMAL,Generator,0,true,false,GEOTHERMAL,true,geothermal,true,EFF_NOT_APPLICABLE_GEOTHERMAL,false,ZERO_OPERATIONAL_FOSSIL_CO2,false,MC_GEOTHERMAL,false,AVAIL_GEOTHERMAL,false,true,STATIC_CLASS_CONTRACT_READY; NUMERICAL_ASSUMPTIONS_PENDING,STATIC_CAPACITY_AND_CLASS_CONTRACT_READY,"numerical efficiency, costs, CO2 factor and hourly profile/availability"
2040,Base,CALA,GEOTHERMAL,Generator,0,true,false,GEOTHERMAL,true,geothermal,true,EFF_NOT_APPLICABLE_GEOTHERMAL,false,ZERO_OPERATIONAL_FOSSIL_CO2,false,MC_GEOTHERMAL,false,AVAIL_GEOTHERMAL,false,true,STATIC_CLASS_CONTRACT_READY; NUMERICAL_ASSUMPTIONS_PENDING,STATIC_CAPACITY_AND_CLASS_CONTRACT_READY,"numerical efficiency, costs, CO2 factor and hourly profile/availability"
2040,Base,SICI,GEOTHERMAL,Generator,0,true,false,GEOTHERMAL,true,geothermal,true,EFF_NOT_APPLICABLE_GEOTHERMAL,false,ZERO_OPERATIONAL_FOSSIL_CO2,false,MC_GEOTHERMAL,false,AVAIL_GEOTHERMAL,false,true,STATIC_CLASS_CONTRACT_READY; NUMERICAL_ASSUMPTIONS_PENDING,STATIC_CAPACITY_AND_CLASS_CONTRACT_READY,"numerical efficiency, costs, CO2 factor and hourly profile/availability"
2040,Base,SARD,GEOTHERMAL,Generator,0,true,false,GEOTHERMAL,true,geothermal,true,EFF_NOT_APPLICABLE_GEOTHERMAL,false,ZERO_OPERATIONAL_FOSSIL_CO2,false,MC_GEOTHERMAL,false,AVAIL_GEOTHERMAL,false,true,STATIC_CLASS_CONTRACT_READY; NUMERICAL_ASSUMPTIONS_PENDING,STATIC_CAPACITY_AND_CLASS_CONTRACT_READY,"numerical efficiency, costs, CO2 factor and hourly profile/availability"
2040,High,NORD,SOLAR_PV_ROOFTOP,Generator,27610,true,false,NONE,true,solar_pv_rooftop,true,NOT_APPLICABLE_VRE,false,ZERO_OPERATIONAL_CO2,false,MC_VRE,false,PROFILE_SOLAR_PV_ROOFTOP,false,true,STATIC_CLASS_CONTRACT_READY; NUMERICAL_ASSUMPTIONS_PENDING,STATIC_CAPACITY_AND_CLASS_CONTRACT_READY,"numerical efficiency, costs, CO2 factor and hourly profile/availability"
2040,High,CNOR,SOLAR_PV_ROOFTOP,Generator,3630,true,false,NONE,true,solar_pv_rooftop,true,NOT_APPLICABLE_VRE,false,ZERO_OPERATIONAL_CO2,false,MC_VRE,false,PROFILE_SOLAR_PV_ROOFTOP,false,true,STATIC_CLASS_CONTRACT_READY; NUMERICAL_ASSUMPTIONS_PENDING,STATIC_CAPACITY_AND_CLASS_CONTRACT_READY,"numerical efficiency, costs, CO2 factor and hourly profile/availability"
2040,High,CSUD,SOLAR_PV_ROOFTOP,Generator,6050,true,false,NONE,true,solar_pv_rooftop,true,NOT_APPLICABLE_VRE,false,ZERO_OPERATIONAL_CO2,false,MC_VRE,false,PROFILE_SOLAR_PV_ROOFTOP,false,true,STATIC_CLASS_CONTRACT_READY; NUMERICAL_ASSUMPTIONS_PENDING,STATIC_CAPACITY_AND_CLASS_CONTRACT_READY,"numerical efficiency, costs, CO2 factor and hourly profile/availability"
2040,High,SUD,SOLAR_PV_ROOFTOP,Generator,1870,true,false,NONE,true,solar_pv_rooftop,true,NOT_APPLICABLE_VRE,false,ZERO_OPERATIONAL_CO2,false,MC_VRE,false,PROFILE_SOLAR_PV_ROOFTOP,false,true,STATIC_CLASS_CONTRACT_READY; NUMERICAL_ASSUMPTIONS_PENDING,STATIC_CAPACITY_AND_CLASS_CONTRACT_READY,"numerical efficiency, costs, CO2 factor and hourly profile/availability"
2040,High,CALA,SOLAR_PV_ROOFTOP,Generator,1210,true,false,NONE,true,solar_pv_rooftop,true,NOT_APPLICABLE_VRE,false,ZERO_OPERATIONAL_CO2,false,MC_VRE,false,PROFILE_SOLAR_PV_ROOFTOP,false,true,STATIC_CLASS_CONTRACT_READY; NUMERICAL_ASSUMPTIONS_PENDING,STATIC_CAPACITY_AND_CLASS_CONTRACT_READY,"numerical efficiency, costs, CO2 factor and hourly profile/availability"
2040,High,SICI,SOLAR_PV_ROOFTOP,Generator,3630,true,false,NONE,true,solar_pv_rooftop,true,NOT_APPLICABLE_VRE,false,ZERO_OPERATIONAL_CO2,false,MC_VRE,false,PROFILE_SOLAR_PV_ROOFTOP,false,true,STATIC_CLASS_CONTRACT_READY; NUMERICAL_ASSUMPTIONS_PENDING,STATIC_CAPACITY_AND_CLASS_CONTRACT_READY,"numerical efficiency, costs, CO2 factor and hourly profile/availability"
2040,High,SARD,SOLAR_PV_ROOFTOP,Generator,1870,true,false,NONE,true,solar_pv_rooftop,true,NOT_APPLICABLE_VRE,false,ZERO_OPERATIONAL_CO2,false,MC_VRE,false,PROFILE_SOLAR_PV_ROOFTOP,false,true,STATIC_CLASS_CONTRACT_READY; NUMERICAL_ASSUMPTIONS_PENDING,STATIC_CAPACITY_AND_CLASS_CONTRACT_READY,"numerical efficiency, costs, CO2 factor and hourly profile/availability"
2040,High,NORD,SOLAR_PV_UTILITY,Generator,19030,true,false,NONE,true,solar_pv_utility,true,NOT_APPLICABLE_VRE,false,ZERO_OPERATIONAL_CO2,false,MC_VRE,false,PROFILE_SOLAR_PV_UTILITY,false,true,STATIC_CLASS_CONTRACT_READY; NUMERICAL_ASSUMPTIONS_PENDING,STATIC_CAPACITY_AND_CLASS_CONTRACT_READY,"numerical efficiency, costs, CO2 factor and hourly profile/availability"
2040,High,CNOR,SOLAR_PV_UTILITY,Generator,6930,true,false,NONE,true,solar_pv_utility,true,NOT_APPLICABLE_VRE,false,ZERO_OPERATIONAL_CO2,false,MC_VRE,false,PROFILE_SOLAR_PV_UTILITY,false,true,STATIC_CLASS_CONTRACT_READY; NUMERICAL_ASSUMPTIONS_PENDING,STATIC_CAPACITY_AND_CLASS_CONTRACT_READY,"numerical efficiency, costs, CO2 factor and hourly profile/availability"
2040,High,CSUD,SOLAR_PV_UTILITY,Generator,16060,true,false,NONE,true,solar_pv_utility,true,NOT_APPLICABLE_VRE,false,ZERO_OPERATIONAL_CO2,false,MC_VRE,false,PROFILE_SOLAR_PV_UTILITY,false,true,STATIC_CLASS_CONTRACT_READY; NUMERICAL_ASSUMPTIONS_PENDING,STATIC_CAPACITY_AND_CLASS_CONTRACT_READY,"numerical efficiency, costs, CO2 factor and hourly profile/availability"
2040,High,SUD,SOLAR_PV_UTILITY,Generator,21230,true,false,NONE,true,solar_pv_utility,true,NOT_APPLICABLE_VRE,false,ZERO_OPERATIONAL_CO2,false,MC_VRE,false,PROFILE_SOLAR_PV_UTILITY,false,true,STATIC_CLASS_CONTRACT_READY; NUMERICAL_ASSUMPTIONS_PENDING,STATIC_CAPACITY_AND_CLASS_CONTRACT_READY,"numerical efficiency, costs, CO2 factor and hourly profile/availability"
2040,High,CALA,SOLAR_PV_UTILITY,Generator,2750,true,false,NONE,true,solar_pv_utility,true,NOT_APPLICABLE_VRE,false,ZERO_OPERATIONAL_CO2,false,MC_VRE,false,PROFILE_SOLAR_PV_UTILITY,false,true,STATIC_CLASS_CONTRACT_READY; NUMERICAL_ASSUMPTIONS_PENDING,STATIC_CAPACITY_AND_CLASS_CONTRACT_READY,"numerical efficiency, costs, CO2 factor and hourly profile/availability"
2040,High,SICI,SOLAR_PV_UTILITY,Generator,12650,true,false,NONE,true,solar_pv_utility,true,NOT_APPLICABLE_VRE,false,ZERO_OPERATIONAL_CO2,false,MC_VRE,false,PROFILE_SOLAR_PV_UTILITY,false,true,STATIC_CLASS_CONTRACT_READY; NUMERICAL_ASSUMPTIONS_PENDING,STATIC_CAPACITY_AND_CLASS_CONTRACT_READY,"numerical efficiency, costs, CO2 factor and hourly profile/availability"
2040,High,SARD,SOLAR_PV_UTILITY,Generator,8470,true,false,NONE,true,solar_pv_utility,true,NOT_APPLICABLE_VRE,false,ZERO_OPERATIONAL_CO2,false,MC_VRE,false,PROFILE_SOLAR_PV_UTILITY,false,true,STATIC_CLASS_CONTRACT_READY; NUMERICAL_ASSUMPTIONS_PENDING,STATIC_CAPACITY_AND_CLASS_CONTRACT_READY,"numerical efficiency, costs, CO2 factor and hourly profile/availability"
2040,High,NORD,WIND_ONSHORE,Generator,660,true,false,NONE,true,wind_onshore,true,NOT_APPLICABLE_VRE,false,ZERO_OPERATIONAL_CO2,false,MC_VRE,false,PROFILE_WIND_ONSHORE,false,true,STATIC_CLASS_CONTRACT_READY; NUMERICAL_ASSUMPTIONS_PENDING,STATIC_CAPACITY_AND_CLASS_CONTRACT_READY,"numerical efficiency, costs, CO2 factor and hourly profile/availability"
2040,High,CNOR,WIND_ONSHORE,Generator,440,true,false,NONE,true,wind_onshore,true,NOT_APPLICABLE_VRE,false,ZERO_OPERATIONAL_CO2,false,MC_VRE,false,PROFILE_WIND_ONSHORE,false,true,STATIC_CLASS_CONTRACT_READY; NUMERICAL_ASSUMPTIONS_PENDING,STATIC_CAPACITY_AND_CLASS_CONTRACT_READY,"numerical efficiency, costs, CO2 factor and hourly profile/availability"
2040,High,CSUD,WIND_ONSHORE,Generator,7480,true,false,NONE,true,wind_onshore,true,NOT_APPLICABLE_VRE,false,ZERO_OPERATIONAL_CO2,false,MC_VRE,false,PROFILE_WIND_ONSHORE,false,true,STATIC_CLASS_CONTRACT_READY; NUMERICAL_ASSUMPTIONS_PENDING,STATIC_CAPACITY_AND_CLASS_CONTRACT_READY,"numerical efficiency, costs, CO2 factor and hourly profile/availability"
2040,High,SUD,WIND_ONSHORE,Generator,14520,true,false,NONE,true,wind_onshore,true,NOT_APPLICABLE_VRE,false,ZERO_OPERATIONAL_CO2,false,MC_VRE,false,PROFILE_WIND_ONSHORE,false,true,STATIC_CLASS_CONTRACT_READY; NUMERICAL_ASSUMPTIONS_PENDING,STATIC_CAPACITY_AND_CLASS_CONTRACT_READY,"numerical efficiency, costs, CO2 factor and hourly profile/availability"
2040,High,CALA,WIND_ONSHORE,Generator,3630,true,false,NONE,true,wind_onshore,true,NOT_APPLICABLE_VRE,false,ZERO_OPERATIONAL_CO2,false,MC_VRE,false,PROFILE_WIND_ONSHORE,false,true,STATIC_CLASS_CONTRACT_READY; NUMERICAL_ASSUMPTIONS_PENDING,STATIC_CAPACITY_AND_CLASS_CONTRACT_READY,"numerical efficiency, costs, CO2 factor and hourly profile/availability"
2040,High,SICI,WIND_ONSHORE,Generator,6930,true,false,NONE,true,wind_onshore,true,NOT_APPLICABLE_VRE,false,ZERO_OPERATIONAL_CO2,false,MC_VRE,false,PROFILE_WIND_ONSHORE,false,true,STATIC_CLASS_CONTRACT_READY; NUMERICAL_ASSUMPTIONS_PENDING,STATIC_CAPACITY_AND_CLASS_CONTRACT_READY,"numerical efficiency, costs, CO2 factor and hourly profile/availability"
2040,High,SARD,WIND_ONSHORE,Generator,3850,true,false,NONE,true,wind_onshore,true,NOT_APPLICABLE_VRE,false,ZERO_OPERATIONAL_CO2,false,MC_VRE,false,PROFILE_WIND_ONSHORE,false,true,STATIC_CLASS_CONTRACT_READY; NUMERICAL_ASSUMPTIONS_PENDING,STATIC_CAPACITY_AND_CLASS_CONTRACT_READY,"numerical efficiency, costs, CO2 factor and hourly profile/availability"
2040,High,NORD,WIND_OFFSHORE,Generator,1650,true,false,NONE,true,wind_offshore,true,NOT_APPLICABLE_VRE,false,ZERO_OPERATIONAL_CO2,false,MC_VRE,false,PROFILE_WIND_OFFSHORE,false,true,STATIC_CLASS_CONTRACT_READY; NUMERICAL_ASSUMPTIONS_PENDING,STATIC_CAPACITY_AND_CLASS_CONTRACT_READY,"numerical efficiency, costs, CO2 factor and hourly profile/availability"
2040,High,CNOR,WIND_OFFSHORE,Generator,880,true,false,NONE,true,wind_offshore,true,NOT_APPLICABLE_VRE,false,ZERO_OPERATIONAL_CO2,false,MC_VRE,false,PROFILE_WIND_OFFSHORE,false,true,STATIC_CLASS_CONTRACT_READY; NUMERICAL_ASSUMPTIONS_PENDING,STATIC_CAPACITY_AND_CLASS_CONTRACT_READY,"numerical efficiency, costs, CO2 factor and hourly profile/availability"
2040,High,CSUD,WIND_OFFSHORE,Generator,1760,true,false,NONE,true,wind_offshore,true,NOT_APPLICABLE_VRE,false,ZERO_OPERATIONAL_CO2,false,MC_VRE,false,PROFILE_WIND_OFFSHORE,false,true,STATIC_CLASS_CONTRACT_READY; NUMERICAL_ASSUMPTIONS_PENDING,STATIC_CAPACITY_AND_CLASS_CONTRACT_READY,"numerical efficiency, costs, CO2 factor and hourly profile/availability"
2040,High,SUD,WIND_OFFSHORE,Generator,5170,true,false,NONE,true,wind_offshore,true,NOT_APPLICABLE_VRE,false,ZERO_OPERATIONAL_CO2,false,MC_VRE,false,PROFILE_WIND_OFFSHORE,false,true,STATIC_CLASS_CONTRACT_READY; NUMERICAL_ASSUMPTIONS_PENDING,STATIC_CAPACITY_AND_CLASS_CONTRACT_READY,"numerical efficiency, costs, CO2 factor and hourly profile/availability"
2040,High,CALA,WIND_OFFSHORE,Generator,660,true,false,NONE,true,wind_offshore,true,NOT_APPLICABLE_VRE,false,ZERO_OPERATIONAL_CO2,false,MC_VRE,false,PROFILE_WIND_OFFSHORE,false,true,STATIC_CLASS_CONTRACT_READY; NUMERICAL_ASSUMPTIONS_PENDING,STATIC_CAPACITY_AND_CLASS_CONTRACT_READY,"numerical efficiency, costs, CO2 factor and hourly profile/availability"
2040,High,SICI,WIND_OFFSHORE,Generator,3300,true,false,NONE,true,wind_offshore,true,NOT_APPLICABLE_VRE,false,ZERO_OPERATIONAL_CO2,false,MC_VRE,false,PROFILE_WIND_OFFSHORE,false,true,STATIC_CLASS_CONTRACT_READY; NUMERICAL_ASSUMPTIONS_PENDING,STATIC_CAPACITY_AND_CLASS_CONTRACT_READY,"numerical efficiency, costs, CO2 factor and hourly profile/availability"
2040,High,SARD,WIND_OFFSHORE,Generator,3300,true,false,NONE,true,wind_offshore,true,NOT_APPLICABLE_VRE,false,ZERO_OPERATIONAL_CO2,false,MC_VRE,false,PROFILE_WIND_OFFSHORE,false,true,STATIC_CLASS_CONTRACT_READY; NUMERICAL_ASSUMPTIONS_PENDING,STATIC_CAPACITY_AND_CLASS_CONTRACT_READY,"numerical efficiency, costs, CO2 factor and hourly profile/availability"
2040,High,NORD,HYDRO_RUN_OF_RIVER,Generator,5228.210866305,true,false,WATER_INFLOW,true,hydro_run_of_river,true,EFF_HYDRO_TURBINE,false,ZERO_OPERATIONAL_CO2,false,MC_HYDRO,false,PROFILE_HYDRO_ROR_INFLOW,false,true,STATIC_CLASS_CONTRACT_READY; NUMERICAL_ASSUMPTIONS_PENDING,STATIC_CAPACITY_AND_CLASS_CONTRACT_READY,"numerical efficiency, costs, CO2 factor and hourly profile/availability"
2040,High,CNOR,HYDRO_RUN_OF_RIVER,Generator,209.314034422,true,false,WATER_INFLOW,true,hydro_run_of_river,true,EFF_HYDRO_TURBINE,false,ZERO_OPERATIONAL_CO2,false,MC_HYDRO,false,PROFILE_HYDRO_ROR_INFLOW,false,true,STATIC_CLASS_CONTRACT_READY; NUMERICAL_ASSUMPTIONS_PENDING,STATIC_CAPACITY_AND_CLASS_CONTRACT_READY,"numerical efficiency, costs, CO2 factor and hourly profile/availability"
2040,High,CSUD,HYDRO_RUN_OF_RIVER,Generator,579.820027388,true,false,WATER_INFLOW,true,hydro_run_of_river,true,EFF_HYDRO_TURBINE,false,ZERO_OPERATIONAL_CO2,false,MC_HYDRO,false,PROFILE_HYDRO_ROR_INFLOW,false,true,STATIC_CLASS_CONTRACT_READY; NUMERICAL_ASSUMPTIONS_PENDING,STATIC_CAPACITY_AND_CLASS_CONTRACT_READY,"numerical efficiency, costs, CO2 factor and hourly profile/availability"
2040,High,SUD,HYDRO_RUN_OF_RIVER,Generator,45.411334869,true,false,WATER_INFLOW,true,hydro_run_of_river,true,EFF_HYDRO_TURBINE,false,ZERO_OPERATIONAL_CO2,false,MC_HYDRO,false,PROFILE_HYDRO_ROR_INFLOW,false,true,STATIC_CLASS_CONTRACT_READY; NUMERICAL_ASSUMPTIONS_PENDING,STATIC_CAPACITY_AND_CLASS_CONTRACT_READY,"numerical efficiency, costs, CO2 factor and hourly profile/availability"
2040,High,CALA,HYDRO_RUN_OF_RIVER,Generator,106.743829899,true,false,WATER_INFLOW,true,hydro_run_of_river,true,EFF_HYDRO_TURBINE,false,ZERO_OPERATIONAL_CO2,false,MC_HYDRO,false,PROFILE_HYDRO_ROR_INFLOW,false,true,STATIC_CLASS_CONTRACT_READY; NUMERICAL_ASSUMPTIONS_PENDING,STATIC_CAPACITY_AND_CLASS_CONTRACT_READY,"numerical efficiency, costs, CO2 factor and hourly profile/availability"
2040,High,SICI,HYDRO_RUN_OF_RIVER,Generator,31.552391362,true,false,WATER_INFLOW,true,hydro_run_of_river,true,EFF_HYDRO_TURBINE,false,ZERO_OPERATIONAL_CO2,false,MC_HYDRO,false,PROFILE_HYDRO_ROR_INFLOW,false,true,STATIC_CLASS_CONTRACT_READY; NUMERICAL_ASSUMPTIONS_PENDING,STATIC_CAPACITY_AND_CLASS_CONTRACT_READY,"numerical efficiency, costs, CO2 factor and hourly profile/availability"
2040,High,SARD,HYDRO_RUN_OF_RIVER,Generator,37.947515755,true,false,WATER_INFLOW,true,hydro_run_of_river,true,EFF_HYDRO_TURBINE,false,ZERO_OPERATIONAL_CO2,false,MC_HYDRO,false,PROFILE_HYDRO_ROR_INFLOW,false,true,STATIC_CLASS_CONTRACT_READY; NUMERICAL_ASSUMPTIONS_PENDING,STATIC_CAPACITY_AND_CLASS_CONTRACT_READY,"numerical efficiency, costs, CO2 factor and hourly profile/availability"
2040,High,NORD,HYDRO_BASIN,Water Store + turbine Link + inflow,3512.208833846,true,false,WATER,true,hydro_basin,true,EFF_HYDRO_CLASS,false,ZERO_OPERATIONAL_CO2,false,MC_HYDRO,false,PROFILE_HYDRO_INFLOW_AND_SOC,false,true,PARTIAL_OPERATIONAL_PARAMETERS,STATIC_CAPACITY_AND_CLASS_CONTRACT_READY,e_nom/pump/efficiency/inflow/SOC or duration as applicable
2040,High,CNOR,HYDRO_BASIN,Water Store + turbine Link + inflow,238.064607896,true,false,WATER,true,hydro_basin,true,EFF_HYDRO_CLASS,false,ZERO_OPERATIONAL_CO2,false,MC_HYDRO,false,PROFILE_HYDRO_INFLOW_AND_SOC,false,true,PARTIAL_OPERATIONAL_PARAMETERS,STATIC_CAPACITY_AND_CLASS_CONTRACT_READY,e_nom/pump/efficiency/inflow/SOC or duration as applicable
2040,High,CSUD,HYDRO_BASIN,Water Store + turbine Link + inflow,582.887284562,true,false,WATER,true,hydro_basin,true,EFF_HYDRO_CLASS,false,ZERO_OPERATIONAL_CO2,false,MC_HYDRO,false,PROFILE_HYDRO_INFLOW_AND_SOC,false,true,PARTIAL_OPERATIONAL_PARAMETERS,STATIC_CAPACITY_AND_CLASS_CONTRACT_READY,e_nom/pump/efficiency/inflow/SOC or duration as applicable
2040,High,SUD,HYDRO_BASIN,Water Store + turbine Link + inflow,103.488209848,true,false,WATER,true,hydro_basin,true,EFF_HYDRO_CLASS,false,ZERO_OPERATIONAL_CO2,false,MC_HYDRO,false,PROFILE_HYDRO_INFLOW_AND_SOC,false,true,PARTIAL_OPERATIONAL_PARAMETERS,STATIC_CAPACITY_AND_CLASS_CONTRACT_READY,e_nom/pump/efficiency/inflow/SOC or duration as applicable
2040,High,CALA,HYDRO_BASIN,Water Store + turbine Link + inflow,417.949832196,true,false,WATER,true,hydro_basin,true,EFF_HYDRO_CLASS,false,ZERO_OPERATIONAL_CO2,false,MC_HYDRO,false,PROFILE_HYDRO_INFLOW_AND_SOC,false,true,PARTIAL_OPERATIONAL_PARAMETERS,STATIC_CAPACITY_AND_CLASS_CONTRACT_READY,e_nom/pump/efficiency/inflow/SOC or duration as applicable
2040,High,SICI,HYDRO_BASIN,Water Store + turbine Link + inflow,58.808504061,true,false,WATER,true,hydro_basin,true,EFF_HYDRO_CLASS,false,ZERO_OPERATIONAL_CO2,false,MC_HYDRO,false,PROFILE_HYDRO_INFLOW_AND_SOC,false,true,PARTIAL_OPERATIONAL_PARAMETERS,STATIC_CAPACITY_AND_CLASS_CONTRACT_READY,e_nom/pump/efficiency/inflow/SOC or duration as applicable
2040,High,SARD,HYDRO_BASIN,Water Store + turbine Link + inflow,106.492727593,true,false,WATER,true,hydro_basin,true,EFF_HYDRO_CLASS,false,ZERO_OPERATIONAL_CO2,false,MC_HYDRO,false,PROFILE_HYDRO_INFLOW_AND_SOC,false,true,PARTIAL_OPERATIONAL_PARAMETERS,STATIC_CAPACITY_AND_CLASS_CONTRACT_READY,e_nom/pump/efficiency/inflow/SOC or duration as applicable
2040,High,NORD,HYDRO_RESERVOIR,Water Store + turbine Link + inflow,3669.318175474,true,false,WATER,true,hydro_reservoir,true,EFF_HYDRO_CLASS,false,ZERO_OPERATIONAL_CO2,false,MC_HYDRO,false,PROFILE_HYDRO_INFLOW_AND_SOC,false,true,PARTIAL_OPERATIONAL_PARAMETERS,STATIC_CAPACITY_AND_CLASS_CONTRACT_READY,e_nom/pump/efficiency/inflow/SOC or duration as applicable
2040,High,CNOR,HYDRO_RESERVOIR,Water Store + turbine Link + inflow,175.818907682,true,false,WATER,true,hydro_reservoir,true,EFF_HYDRO_CLASS,false,ZERO_OPERATIONAL_CO2,false,MC_HYDRO,false,PROFILE_HYDRO_INFLOW_AND_SOC,false,true,PARTIAL_OPERATIONAL_PARAMETERS,STATIC_CAPACITY_AND_CLASS_CONTRACT_READY,e_nom/pump/efficiency/inflow/SOC or duration as applicable
2040,High,CSUD,HYDRO_RESERVOIR,Water Store + turbine Link + inflow,430.482324018,true,false,WATER,true,hydro_reservoir,true,EFF_HYDRO_CLASS,false,ZERO_OPERATIONAL_CO2,false,MC_HYDRO,false,PROFILE_HYDRO_INFLOW_AND_SOC,false,true,PARTIAL_OPERATIONAL_PARAMETERS,STATIC_CAPACITY_AND_CLASS_CONTRACT_READY,e_nom/pump/efficiency/inflow/SOC or duration as applicable
2040,High,SUD,HYDRO_RESERVOIR,Water Store + turbine Link + inflow,76.429605283,true,false,WATER,true,hydro_reservoir,true,EFF_HYDRO_CLASS,false,ZERO_OPERATIONAL_CO2,false,MC_HYDRO,false,PROFILE_HYDRO_INFLOW_AND_SOC,false,true,PARTIAL_OPERATIONAL_PARAMETERS,STATIC_CAPACITY_AND_CLASS_CONTRACT_READY,e_nom/pump/efficiency/inflow/SOC or duration as applicable
2040,High,CALA,HYDRO_RESERVOIR,Water Store + turbine Link + inflow,308.670337905,true,false,WATER,true,hydro_reservoir,true,EFF_HYDRO_CLASS,false,ZERO_OPERATIONAL_CO2,false,MC_HYDRO,false,PROFILE_HYDRO_INFLOW_AND_SOC,false,true,PARTIAL_OPERATIONAL_PARAMETERS,STATIC_CAPACITY_AND_CLASS_CONTRACT_READY,e_nom/pump/efficiency/inflow/SOC or duration as applicable
2040,High,SICI,HYDRO_RESERVOIR,Water Store + turbine Link + inflow,43.432104578,true,false,WATER,true,hydro_reservoir,true,EFF_HYDRO_CLASS,false,ZERO_OPERATIONAL_CO2,false,MC_HYDRO,false,PROFILE_HYDRO_INFLOW_AND_SOC,false,true,PARTIAL_OPERATIONAL_PARAMETERS,STATIC_CAPACITY_AND_CLASS_CONTRACT_READY,e_nom/pump/efficiency/inflow/SOC or duration as applicable
2040,High,SARD,HYDRO_RESERVOIR,Water Store + turbine Link + inflow,78.64854506,true,false,WATER,true,hydro_reservoir,true,EFF_HYDRO_CLASS,false,ZERO_OPERATIONAL_CO2,false,MC_HYDRO,false,PROFILE_HYDRO_INFLOW_AND_SOC,false,true,PARTIAL_OPERATIONAL_PARAMETERS,STATIC_CAPACITY_AND_CLASS_CONTRACT_READY,e_nom/pump/efficiency/inflow/SOC or duration as applicable
2040,High,NORD,PUMPED_HYDRO_PURE,Shared water Store + pump Link + turbine Link,2393.185354581,true,false,WATER,true,pumped_hydro_pure,true,EFF_HYDRO_CLASS,false,ZERO_OPERATIONAL_CO2,false,MC_HYDRO,false,PROFILE_HYDRO_INFLOW_AND_SOC,false,true,PARTIAL_OPERATIONAL_PARAMETERS,STATIC_CAPACITY_AND_CLASS_CONTRACT_READY,e_nom/pump/efficiency/inflow/SOC or duration as applicable
2040,High,CNOR,PUMPED_HYDRO_PURE,Shared water Store + pump Link + turbine Link,0,true,false,WATER,true,pumped_hydro_pure,true,EFF_HYDRO_CLASS,false,ZERO_OPERATIONAL_CO2,false,MC_HYDRO,false,PROFILE_HYDRO_INFLOW_AND_SOC,false,true,PARTIAL_OPERATIONAL_PARAMETERS,STATIC_CAPACITY_AND_CLASS_CONTRACT_READY,e_nom/pump/efficiency/inflow/SOC or duration as applicable
2040,High,CSUD,PUMPED_HYDRO_PURE,Shared water Store + pump Link + turbine Link,995.915669822,true,false,WATER,true,pumped_hydro_pure,true,EFF_HYDRO_CLASS,false,ZERO_OPERATIONAL_CO2,false,MC_HYDRO,false,PROFILE_HYDRO_INFLOW_AND_SOC,false,true,PARTIAL_OPERATIONAL_PARAMETERS,STATIC_CAPACITY_AND_CLASS_CONTRACT_READY,e_nom/pump/efficiency/inflow/SOC or duration as applicable
2040,High,SUD,PUMPED_HYDRO_PURE,Shared water Store + pump Link + turbine Link,0,true,false,WATER,true,pumped_hydro_pure,true,EFF_HYDRO_CLASS,false,ZERO_OPERATIONAL_CO2,false,MC_HYDRO,false,PROFILE_HYDRO_INFLOW_AND_SOC,false,true,PARTIAL_OPERATIONAL_PARAMETERS,STATIC_CAPACITY_AND_CLASS_CONTRACT_READY,e_nom/pump/efficiency/inflow/SOC or duration as applicable
2040,High,CALA,PUMPED_HYDRO_PURE,Shared water Store + pump Link + turbine Link,0,true,false,WATER,true,pumped_hydro_pure,true,EFF_HYDRO_CLASS,false,ZERO_OPERATIONAL_CO2,false,MC_HYDRO,false,PROFILE_HYDRO_INFLOW_AND_SOC,false,true,PARTIAL_OPERATIONAL_PARAMETERS,STATIC_CAPACITY_AND_CLASS_CONTRACT_READY,e_nom/pump/efficiency/inflow/SOC or duration as applicable
2040,High,SICI,PUMPED_HYDRO_PURE,Shared water Store + pump Link + turbine Link,580.474585597,true,false,WATER,true,pumped_hydro_pure,true,EFF_HYDRO_CLASS,false,ZERO_OPERATIONAL_CO2,false,MC_HYDRO,false,PROFILE_HYDRO_INFLOW_AND_SOC,false,true,PARTIAL_OPERATIONAL_PARAMETERS,STATIC_CAPACITY_AND_CLASS_CONTRACT_READY,e_nom/pump/efficiency/inflow/SOC or duration as applicable
2040,High,SARD,PUMPED_HYDRO_PURE,Shared water Store + pump Link + turbine Link,0,true,false,WATER,true,pumped_hydro_pure,true,EFF_HYDRO_CLASS,false,ZERO_OPERATIONAL_CO2,false,MC_HYDRO,false,PROFILE_HYDRO_INFLOW_AND_SOC,false,true,PARTIAL_OPERATIONAL_PARAMETERS,STATIC_CAPACITY_AND_CLASS_CONTRACT_READY,e_nom/pump/efficiency/inflow/SOC or duration as applicable
2040,High,NORD,PUMPED_HYDRO_MIXED,Shared water Store + pump Link + turbine Link,2305.444434376,true,false,WATER,true,pumped_hydro_mixed,true,EFF_HYDRO_CLASS,false,ZERO_OPERATIONAL_CO2,false,MC_HYDRO,false,PROFILE_HYDRO_INFLOW_AND_SOC,false,true,PARTIAL_OPERATIONAL_PARAMETERS,STATIC_CAPACITY_AND_CLASS_CONTRACT_READY,e_nom/pump/efficiency/inflow/SOC or duration as applicable
2040,High,CNOR,PUMPED_HYDRO_MIXED,Shared water Store + pump Link + turbine Link,0,true,false,WATER,true,pumped_hydro_mixed,true,EFF_HYDRO_CLASS,false,ZERO_OPERATIONAL_CO2,false,MC_HYDRO,false,PROFILE_HYDRO_INFLOW_AND_SOC,false,true,PARTIAL_OPERATIONAL_PARAMETERS,STATIC_CAPACITY_AND_CLASS_CONTRACT_READY,e_nom/pump/efficiency/inflow/SOC or duration as applicable
2040,High,CSUD,PUMPED_HYDRO_MIXED,Shared water Store + pump Link + turbine Link,736.949744032,true,false,WATER,true,pumped_hydro_mixed,true,EFF_HYDRO_CLASS,false,ZERO_OPERATIONAL_CO2,false,MC_HYDRO,false,PROFILE_HYDRO_INFLOW_AND_SOC,false,true,PARTIAL_OPERATIONAL_PARAMETERS,STATIC_CAPACITY_AND_CLASS_CONTRACT_READY,e_nom/pump/efficiency/inflow/SOC or duration as applicable
2040,High,SUD,PUMPED_HYDRO_MIXED,Shared water Store + pump Link + turbine Link,0,true,false,WATER,true,pumped_hydro_mixed,true,EFF_HYDRO_CLASS,false,ZERO_OPERATIONAL_CO2,false,MC_HYDRO,false,PROFILE_HYDRO_INFLOW_AND_SOC,false,true,PARTIAL_OPERATIONAL_PARAMETERS,STATIC_CAPACITY_AND_CLASS_CONTRACT_READY,e_nom/pump/efficiency/inflow/SOC or duration as applicable
2040,High,CALA,PUMPED_HYDRO_MIXED,Shared water Store + pump Link + turbine Link,0,true,false,WATER,true,pumped_hydro_mixed,true,EFF_HYDRO_CLASS,false,ZERO_OPERATIONAL_CO2,false,MC_HYDRO,false,PROFILE_HYDRO_INFLOW_AND_SOC,false,true,PARTIAL_OPERATIONAL_PARAMETERS,STATIC_CAPACITY_AND_CLASS_CONTRACT_READY,e_nom/pump/efficiency/inflow/SOC or duration as applicable
2040,High,SICI,PUMPED_HYDRO_MIXED,Shared water Store + pump Link + turbine Link,0,true,false,WATER,true,pumped_hydro_mixed,true,EFF_HYDRO_CLASS,false,ZERO_OPERATIONAL_CO2,false,MC_HYDRO,false,PROFILE_HYDRO_INFLOW_AND_SOC,false,true,PARTIAL_OPERATIONAL_PARAMETERS,STATIC_CAPACITY_AND_CLASS_CONTRACT_READY,e_nom/pump/efficiency/inflow/SOC or duration as applicable
2040,High,SARD,PUMPED_HYDRO_MIXED,Shared water Store + pump Link + turbine Link,240.330211592,true,false,WATER,true,pumped_hydro_mixed,true,EFF_HYDRO_CLASS,false,ZERO_OPERATIONAL_CO2,false,MC_HYDRO,false,PROFILE_HYDRO_INFLOW_AND_SOC,false,true,PARTIAL_OPERATIONAL_PARAMETERS,STATIC_CAPACITY_AND_CLASS_CONTRACT_READY,e_nom/pump/efficiency/inflow/SOC or duration as applicable
2040,High,NORD,BESS,Electricity Store + charge/discharge Links,6077.5,true,false,ELECTRICITY,true,battery_storage,true,EFF_BESS_ROUNDTRIP,false,ZERO_DIRECT_CO2,false,MC_STORAGE,false,STORAGE_SOC,false,true,PARTIAL_OPERATIONAL_PARAMETERS,STATIC_CAPACITY_AND_CLASS_CONTRACT_READY,e_nom/pump/efficiency/inflow/SOC or duration as applicable
2040,High,CNOR,BESS,Electricity Store + charge/discharge Links,1246.666666667,true,false,ELECTRICITY,true,battery_storage,true,EFF_BESS_ROUNDTRIP,false,ZERO_DIRECT_CO2,false,MC_STORAGE,false,STORAGE_SOC,false,true,PARTIAL_OPERATIONAL_PARAMETERS,STATIC_CAPACITY_AND_CLASS_CONTRACT_READY,e_nom/pump/efficiency/inflow/SOC or duration as applicable
2040,High,CSUD,BESS,Electricity Store + charge/discharge Links,4642.916666667,true,false,ELECTRICITY,true,battery_storage,true,EFF_BESS_ROUNDTRIP,false,ZERO_DIRECT_CO2,false,MC_STORAGE,false,STORAGE_SOC,false,true,PARTIAL_OPERATIONAL_PARAMETERS,STATIC_CAPACITY_AND_CLASS_CONTRACT_READY,e_nom/pump/efficiency/inflow/SOC or duration as applicable
2040,High,SUD,BESS,Electricity Store + charge/discharge Links,6998.75,true,false,ELECTRICITY,true,battery_storage,true,EFF_BESS_ROUNDTRIP,false,ZERO_DIRECT_CO2,false,MC_STORAGE,false,STORAGE_SOC,false,true,PARTIAL_OPERATIONAL_PARAMETERS,STATIC_CAPACITY_AND_CLASS_CONTRACT_READY,e_nom/pump/efficiency/inflow/SOC or duration as applicable
2040,High,CALA,BESS,Electricity Store + charge/discharge Links,1613.333333333,true,false,ELECTRICITY,true,battery_storage,true,EFF_BESS_ROUNDTRIP,false,ZERO_DIRECT_CO2,false,MC_STORAGE,false,STORAGE_SOC,false,true,PARTIAL_OPERATIONAL_PARAMETERS,STATIC_CAPACITY_AND_CLASS_CONTRACT_READY,e_nom/pump/efficiency/inflow/SOC or duration as applicable
2040,High,SICI,BESS,Electricity Store + charge/discharge Links,5467.916666667,true,false,ELECTRICITY,true,battery_storage,true,EFF_BESS_ROUNDTRIP,false,ZERO_DIRECT_CO2,false,MC_STORAGE,false,STORAGE_SOC,false,true,PARTIAL_OPERATIONAL_PARAMETERS,STATIC_CAPACITY_AND_CLASS_CONTRACT_READY,e_nom/pump/efficiency/inflow/SOC or duration as applicable
2040,High,SARD,BESS,Electricity Store + charge/discharge Links,3946.25,true,false,ELECTRICITY,true,battery_storage,true,EFF_BESS_ROUNDTRIP,false,ZERO_DIRECT_CO2,false,MC_STORAGE,false,STORAGE_SOC,false,true,PARTIAL_OPERATIONAL_PARAMETERS,STATIC_CAPACITY_AND_CLASS_CONTRACT_READY,e_nom/pump/efficiency/inflow/SOC or duration as applicable
2040,High,NORD,CCGT,Generator,23085.542039157,true,false,METHANE,true,methane_ccgt,true,EFF_METHANE_CCGT,false,FOSSIL_METHANE_DIRECT_CO2,false,MC_METHANE_CCGT,false,AVAIL_THERMAL_CCGT,false,true,STATIC_CLASS_CONTRACT_READY; NUMERICAL_ASSUMPTIONS_PENDING,STATIC_CAPACITY_AND_CLASS_CONTRACT_READY,"numerical efficiency, costs, CO2 factor and hourly profile/availability"
2040,High,CNOR,CCGT,Generator,1599.013669946,true,false,METHANE,true,methane_ccgt,true,EFF_METHANE_CCGT,false,FOSSIL_METHANE_DIRECT_CO2,false,MC_METHANE_CCGT,false,AVAIL_THERMAL_CCGT,false,true,STATIC_CLASS_CONTRACT_READY; NUMERICAL_ASSUMPTIONS_PENDING,STATIC_CAPACITY_AND_CLASS_CONTRACT_READY,"numerical efficiency, costs, CO2 factor and hourly profile/availability"
2040,High,CSUD,CCGT,Generator,6333.05142292,true,false,METHANE,true,methane_ccgt,true,EFF_METHANE_CCGT,false,FOSSIL_METHANE_DIRECT_CO2,false,MC_METHANE_CCGT,false,AVAIL_THERMAL_CCGT,false,true,STATIC_CLASS_CONTRACT_READY; NUMERICAL_ASSUMPTIONS_PENDING,STATIC_CAPACITY_AND_CLASS_CONTRACT_READY,"numerical efficiency, costs, CO2 factor and hourly profile/availability"
2040,High,SUD,CCGT,Generator,4425.159763636,true,false,METHANE,true,methane_ccgt,true,EFF_METHANE_CCGT,false,FOSSIL_METHANE_DIRECT_CO2,false,MC_METHANE_CCGT,false,AVAIL_THERMAL_CCGT,false,true,STATIC_CLASS_CONTRACT_READY; NUMERICAL_ASSUMPTIONS_PENDING,STATIC_CAPACITY_AND_CLASS_CONTRACT_READY,"numerical efficiency, costs, CO2 factor and hourly profile/availability"
2040,High,CALA,CCGT,Generator,3235.880835398,true,false,METHANE,true,methane_ccgt,true,EFF_METHANE_CCGT,false,FOSSIL_METHANE_DIRECT_CO2,false,MC_METHANE_CCGT,false,AVAIL_THERMAL_CCGT,false,true,STATIC_CLASS_CONTRACT_READY; NUMERICAL_ASSUMPTIONS_PENDING,STATIC_CAPACITY_AND_CLASS_CONTRACT_READY,"numerical efficiency, costs, CO2 factor and hourly profile/availability"
2040,High,SICI,CCGT,Generator,3033.470304432,true,false,METHANE,true,methane_ccgt,true,EFF_METHANE_CCGT,false,FOSSIL_METHANE_DIRECT_CO2,false,MC_METHANE_CCGT,false,AVAIL_THERMAL_CCGT,false,true,STATIC_CLASS_CONTRACT_READY; NUMERICAL_ASSUMPTIONS_PENDING,STATIC_CAPACITY_AND_CLASS_CONTRACT_READY,"numerical efficiency, costs, CO2 factor and hourly profile/availability"
2040,High,SARD,CCGT,Generator,636.150571763,true,false,METHANE,true,methane_ccgt,true,EFF_METHANE_CCGT,false,FOSSIL_METHANE_DIRECT_CO2,false,MC_METHANE_CCGT,false,AVAIL_THERMAL_CCGT,false,true,STATIC_CLASS_CONTRACT_READY; NUMERICAL_ASSUMPTIONS_PENDING,STATIC_CAPACITY_AND_CLASS_CONTRACT_READY,"numerical efficiency, costs, CO2 factor and hourly profile/availability"
2040,High,NORD,GT_OCGT,Generator,842.144489518,true,false,METHANE,true,methane_gt_ocgt,true,EFF_METHANE_GT_OCGT,false,FOSSIL_METHANE_DIRECT_CO2,false,MC_METHANE_GT_OCGT,false,AVAIL_THERMAL_GT_OCGT,false,true,STATIC_CLASS_CONTRACT_READY; NUMERICAL_ASSUMPTIONS_PENDING,STATIC_CAPACITY_AND_CLASS_CONTRACT_READY,"numerical efficiency, costs, CO2 factor and hourly profile/availability"
2040,High,CNOR,GT_OCGT,Generator,479.435139888,true,false,METHANE,true,methane_gt_ocgt,true,EFF_METHANE_GT_OCGT,false,FOSSIL_METHANE_DIRECT_CO2,false,MC_METHANE_GT_OCGT,false,AVAIL_THERMAL_GT_OCGT,false,true,STATIC_CLASS_CONTRACT_READY; NUMERICAL_ASSUMPTIONS_PENDING,STATIC_CAPACITY_AND_CLASS_CONTRACT_READY,"numerical efficiency, costs, CO2 factor and hourly profile/availability"
2040,High,CSUD,GT_OCGT,Generator,769.197041167,true,false,METHANE,true,methane_gt_ocgt,true,EFF_METHANE_GT_OCGT,false,FOSSIL_METHANE_DIRECT_CO2,false,MC_METHANE_GT_OCGT,false,AVAIL_THERMAL_GT_OCGT,false,true,STATIC_CLASS_CONTRACT_READY; NUMERICAL_ASSUMPTIONS_PENDING,STATIC_CAPACITY_AND_CLASS_CONTRACT_READY,"numerical efficiency, costs, CO2 factor and hourly profile/availability"
2040,High,SUD,GT_OCGT,Generator,256.102110068,true,false,METHANE,true,methane_gt_ocgt,true,EFF_METHANE_GT_OCGT,false,FOSSIL_METHANE_DIRECT_CO2,false,MC_METHANE_GT_OCGT,false,AVAIL_THERMAL_GT_OCGT,false,true,STATIC_CLASS_CONTRACT_READY; NUMERICAL_ASSUMPTIONS_PENDING,STATIC_CAPACITY_AND_CLASS_CONTRACT_READY,"numerical efficiency, costs, CO2 factor and hourly profile/availability"
2040,High,CALA,GT_OCGT,Generator,216.218464413,true,false,METHANE,true,methane_gt_ocgt,true,EFF_METHANE_GT_OCGT,false,FOSSIL_METHANE_DIRECT_CO2,false,MC_METHANE_GT_OCGT,false,AVAIL_THERMAL_GT_OCGT,false,true,STATIC_CLASS_CONTRACT_READY; NUMERICAL_ASSUMPTIONS_PENDING,STATIC_CAPACITY_AND_CLASS_CONTRACT_READY,"numerical efficiency, costs, CO2 factor and hourly profile/availability"
2040,High,SICI,GT_OCGT,Generator,652.525027236,true,false,METHANE,true,methane_gt_ocgt,true,EFF_METHANE_GT_OCGT,false,FOSSIL_METHANE_DIRECT_CO2,false,MC_METHANE_GT_OCGT,false,AVAIL_THERMAL_GT_OCGT,false,true,STATIC_CLASS_CONTRACT_READY; NUMERICAL_ASSUMPTIONS_PENDING,STATIC_CAPACITY_AND_CLASS_CONTRACT_READY,"numerical efficiency, costs, CO2 factor and hourly profile/availability"
2040,High,SARD,GT_OCGT,Generator,139.028766432,true,false,METHANE,true,methane_gt_ocgt,true,EFF_METHANE_GT_OCGT,false,FOSSIL_METHANE_DIRECT_CO2,false,MC_METHANE_GT_OCGT,false,AVAIL_THERMAL_GT_OCGT,false,true,STATIC_CLASS_CONTRACT_READY; NUMERICAL_ASSUMPTIONS_PENDING,STATIC_CAPACITY_AND_CLASS_CONTRACT_READY,"numerical efficiency, costs, CO2 factor and hourly profile/availability"
2040,High,NORD,INTERNAL_COMBUSTION,Generator,3456.449708873,true,false,METHANE,true,methane_internal_combustion,true,EFF_METHANE_INTERNAL_COMBUSTION,false,FOSSIL_METHANE_DIRECT_CO2,false,MC_METHANE_INTERNAL_COMBUSTION,false,AVAIL_THERMAL_ENGINE,false,true,STATIC_CLASS_CONTRACT_READY; NUMERICAL_ASSUMPTIONS_PENDING,STATIC_CAPACITY_AND_CLASS_CONTRACT_READY,"numerical efficiency, costs, CO2 factor and hourly profile/availability"
2040,High,CNOR,INTERNAL_COMBUSTION,Generator,388.057148474,true,false,METHANE,true,methane_internal_combustion,true,EFF_METHANE_INTERNAL_COMBUSTION,false,FOSSIL_METHANE_DIRECT_CO2,false,MC_METHANE_INTERNAL_COMBUSTION,false,AVAIL_THERMAL_ENGINE,false,true,STATIC_CLASS_CONTRACT_READY; NUMERICAL_ASSUMPTIONS_PENDING,STATIC_CAPACITY_AND_CLASS_CONTRACT_READY,"numerical efficiency, costs, CO2 factor and hourly profile/availability"
2040,High,CSUD,INTERNAL_COMBUSTION,Generator,780.4036866,true,false,METHANE,true,methane_internal_combustion,true,EFF_METHANE_INTERNAL_COMBUSTION,false,FOSSIL_METHANE_DIRECT_CO2,false,MC_METHANE_INTERNAL_COMBUSTION,false,AVAIL_THERMAL_ENGINE,false,true,STATIC_CLASS_CONTRACT_READY; NUMERICAL_ASSUMPTIONS_PENDING,STATIC_CAPACITY_AND_CLASS_CONTRACT_READY,"numerical efficiency, costs, CO2 factor and hourly profile/availability"
2040,High,SUD,INTERNAL_COMBUSTION,Generator,437.833098679,true,false,METHANE,true,methane_internal_combustion,true,EFF_METHANE_INTERNAL_COMBUSTION,false,FOSSIL_METHANE_DIRECT_CO2,false,MC_METHANE_INTERNAL_COMBUSTION,false,AVAIL_THERMAL_ENGINE,false,true,STATIC_CLASS_CONTRACT_READY; NUMERICAL_ASSUMPTIONS_PENDING,STATIC_CAPACITY_AND_CLASS_CONTRACT_READY,"numerical efficiency, costs, CO2 factor and hourly profile/availability"
2040,High,CALA,INTERNAL_COMBUSTION,Generator,38.206958732,true,false,METHANE,true,methane_internal_combustion,true,EFF_METHANE_INTERNAL_COMBUSTION,false,FOSSIL_METHANE_DIRECT_CO2,false,MC_METHANE_INTERNAL_COMBUSTION,false,AVAIL_THERMAL_ENGINE,false,true,STATIC_CLASS_CONTRACT_READY; NUMERICAL_ASSUMPTIONS_PENDING,STATIC_CAPACITY_AND_CLASS_CONTRACT_READY,"numerical efficiency, costs, CO2 factor and hourly profile/availability"
2040,High,SICI,INTERNAL_COMBUSTION,Generator,206.615562143,true,false,METHANE,true,methane_internal_combustion,true,EFF_METHANE_INTERNAL_COMBUSTION,false,FOSSIL_METHANE_DIRECT_CO2,false,MC_METHANE_INTERNAL_COMBUSTION,false,AVAIL_THERMAL_ENGINE,false,true,STATIC_CLASS_CONTRACT_READY; NUMERICAL_ASSUMPTIONS_PENDING,STATIC_CAPACITY_AND_CLASS_CONTRACT_READY,"numerical efficiency, costs, CO2 factor and hourly profile/availability"
2040,High,SARD,INTERNAL_COMBUSTION,Generator,22.337288474,true,false,METHANE,true,methane_internal_combustion,true,EFF_METHANE_INTERNAL_COMBUSTION,false,FOSSIL_METHANE_DIRECT_CO2,false,MC_METHANE_INTERNAL_COMBUSTION,false,AVAIL_THERMAL_ENGINE,false,true,STATIC_CLASS_CONTRACT_READY; NUMERICAL_ASSUMPTIONS_PENDING,STATIC_CAPACITY_AND_CLASS_CONTRACT_READY,"numerical efficiency, costs, CO2 factor and hourly profile/availability"
2040,High,NORD,STEAM_OTHER_SURVIVING,Generator,1588.168234432,true,false,METHANE,true,methane_steam_other,true,EFF_METHANE_STEAM_OTHER,false,FOSSIL_METHANE_DIRECT_CO2,false,MC_METHANE_STEAM_OTHER,false,AVAIL_THERMAL_STEAM,false,true,STATIC_CLASS_CONTRACT_READY; NUMERICAL_ASSUMPTIONS_PENDING,STATIC_CAPACITY_AND_CLASS_CONTRACT_READY,"numerical efficiency, costs, CO2 factor and hourly profile/availability"
2040,High,CNOR,STEAM_OTHER_SURVIVING,Generator,50.690815099,true,false,METHANE,true,methane_steam_other,true,EFF_METHANE_STEAM_OTHER,false,FOSSIL_METHANE_DIRECT_CO2,false,MC_METHANE_STEAM_OTHER,false,AVAIL_THERMAL_STEAM,false,true,STATIC_CLASS_CONTRACT_READY; NUMERICAL_ASSUMPTIONS_PENDING,STATIC_CAPACITY_AND_CLASS_CONTRACT_READY,"numerical efficiency, costs, CO2 factor and hourly profile/availability"
2040,High,CSUD,STEAM_OTHER_SURVIVING,Generator,178.980072753,true,false,METHANE,true,methane_steam_other,true,EFF_METHANE_STEAM_OTHER,false,FOSSIL_METHANE_DIRECT_CO2,false,MC_METHANE_STEAM_OTHER,false,AVAIL_THERMAL_STEAM,false,true,STATIC_CLASS_CONTRACT_READY; NUMERICAL_ASSUMPTIONS_PENDING,STATIC_CAPACITY_AND_CLASS_CONTRACT_READY,"numerical efficiency, costs, CO2 factor and hourly profile/availability"
2040,High,SUD,STEAM_OTHER_SURVIVING,Generator,542.704350915,true,false,METHANE,true,methane_steam_other,true,EFF_METHANE_STEAM_OTHER,false,FOSSIL_METHANE_DIRECT_CO2,false,MC_METHANE_STEAM_OTHER,false,AVAIL_THERMAL_STEAM,false,true,STATIC_CLASS_CONTRACT_READY; NUMERICAL_ASSUMPTIONS_PENDING,STATIC_CAPACITY_AND_CLASS_CONTRACT_READY,"numerical efficiency, costs, CO2 factor and hourly profile/availability"
2040,High,CALA,STEAM_OTHER_SURVIVING,Generator,144.709481828,true,false,METHANE,true,methane_steam_other,true,EFF_METHANE_STEAM_OTHER,false,FOSSIL_METHANE_DIRECT_CO2,false,MC_METHANE_STEAM_OTHER,false,AVAIL_THERMAL_STEAM,false,true,STATIC_CLASS_CONTRACT_READY; NUMERICAL_ASSUMPTIONS_PENDING,STATIC_CAPACITY_AND_CLASS_CONTRACT_READY,"numerical efficiency, costs, CO2 factor and hourly profile/availability"
2040,High,SICI,STEAM_OTHER_SURVIVING,Generator,142.573999974,true,false,METHANE,true,methane_steam_other,true,EFF_METHANE_STEAM_OTHER,false,FOSSIL_METHANE_DIRECT_CO2,false,MC_METHANE_STEAM_OTHER,false,AVAIL_THERMAL_STEAM,false,true,STATIC_CLASS_CONTRACT_READY; NUMERICAL_ASSUMPTIONS_PENDING,STATIC_CAPACITY_AND_CLASS_CONTRACT_READY,"numerical efficiency, costs, CO2 factor and hourly profile/availability"
2040,High,SARD,STEAM_OTHER_SURVIVING,Generator,246.720448909,true,false,METHANE,true,methane_steam_other,true,EFF_METHANE_STEAM_OTHER,false,FOSSIL_METHANE_DIRECT_CO2,false,MC_METHANE_STEAM_OTHER,false,AVAIL_THERMAL_STEAM,false,true,STATIC_CLASS_CONTRACT_READY; NUMERICAL_ASSUMPTIONS_PENDING,STATIC_CAPACITY_AND_CLASS_CONTRACT_READY,"numerical efficiency, costs, CO2 factor and hourly profile/availability"
2040,High,NORD,OTHER_SURVIVING_THERMAL,Generator,53.151228556,true,false,METHANE,true,methane_other_thermal,true,EFF_METHANE_OTHER_THERMAL,false,FOSSIL_METHANE_DIRECT_CO2,false,MC_METHANE_OTHER_THERMAL,false,AVAIL_THERMAL_OTHER,false,true,STATIC_CLASS_CONTRACT_READY; NUMERICAL_ASSUMPTIONS_PENDING,STATIC_CAPACITY_AND_CLASS_CONTRACT_READY,"numerical efficiency, costs, CO2 factor and hourly profile/availability"
2040,High,CNOR,OTHER_SURVIVING_THERMAL,Generator,34.351116281,true,false,METHANE,true,methane_other_thermal,true,EFF_METHANE_OTHER_THERMAL,false,FOSSIL_METHANE_DIRECT_CO2,false,MC_METHANE_OTHER_THERMAL,false,AVAIL_THERMAL_OTHER,false,true,STATIC_CLASS_CONTRACT_READY; NUMERICAL_ASSUMPTIONS_PENDING,STATIC_CAPACITY_AND_CLASS_CONTRACT_READY,"numerical efficiency, costs, CO2 factor and hourly profile/availability"
2040,High,CSUD,OTHER_SURVIVING_THERMAL,Generator,31.065187014,true,false,METHANE,true,methane_other_thermal,true,EFF_METHANE_OTHER_THERMAL,false,FOSSIL_METHANE_DIRECT_CO2,false,MC_METHANE_OTHER_THERMAL,false,AVAIL_THERMAL_OTHER,false,true,STATIC_CLASS_CONTRACT_READY; NUMERICAL_ASSUMPTIONS_PENDING,STATIC_CAPACITY_AND_CLASS_CONTRACT_READY,"numerical efficiency, costs, CO2 factor and hourly profile/availability"
2040,High,SUD,OTHER_SURVIVING_THERMAL,Generator,120.231362984,true,false,METHANE,true,methane_other_thermal,true,EFF_METHANE_OTHER_THERMAL,false,FOSSIL_METHANE_DIRECT_CO2,false,MC_METHANE_OTHER_THERMAL,false,AVAIL_THERMAL_OTHER,false,true,STATIC_CLASS_CONTRACT_READY; NUMERICAL_ASSUMPTIONS_PENDING,STATIC_CAPACITY_AND_CLASS_CONTRACT_READY,"numerical efficiency, costs, CO2 factor and hourly profile/availability"
2040,High,CALA,OTHER_SURVIVING_THERMAL,Generator,0,true,false,METHANE,true,methane_other_thermal,true,EFF_METHANE_OTHER_THERMAL,false,FOSSIL_METHANE_DIRECT_CO2,false,MC_METHANE_OTHER_THERMAL,false,AVAIL_THERMAL_OTHER,false,true,STATIC_CLASS_CONTRACT_READY; NUMERICAL_ASSUMPTIONS_PENDING,STATIC_CAPACITY_AND_CLASS_CONTRACT_READY,"numerical efficiency, costs, CO2 factor and hourly profile/availability"
2040,High,SICI,OTHER_SURVIVING_THERMAL,Generator,22.281503519,true,false,METHANE,true,methane_other_thermal,true,EFF_METHANE_OTHER_THERMAL,false,FOSSIL_METHANE_DIRECT_CO2,false,MC_METHANE_OTHER_THERMAL,false,AVAIL_THERMAL_OTHER,false,true,STATIC_CLASS_CONTRACT_READY; NUMERICAL_ASSUMPTIONS_PENDING,STATIC_CAPACITY_AND_CLASS_CONTRACT_READY,"numerical efficiency, costs, CO2 factor and hourly profile/availability"
2040,High,SARD,OTHER_SURVIVING_THERMAL,Generator,28.495431878,true,false,METHANE,true,methane_other_thermal,true,EFF_METHANE_OTHER_THERMAL,false,FOSSIL_METHANE_DIRECT_CO2,false,MC_METHANE_OTHER_THERMAL,false,AVAIL_THERMAL_OTHER,false,true,STATIC_CLASS_CONTRACT_READY; NUMERICAL_ASSUMPTIONS_PENDING,STATIC_CAPACITY_AND_CLASS_CONTRACT_READY,"numerical efficiency, costs, CO2 factor and hourly profile/availability"
2040,High,NORD,GEOTHERMAL,Generator,0,true,false,GEOTHERMAL,true,geothermal,true,EFF_NOT_APPLICABLE_GEOTHERMAL,false,ZERO_OPERATIONAL_FOSSIL_CO2,false,MC_GEOTHERMAL,false,AVAIL_GEOTHERMAL,false,true,STATIC_CLASS_CONTRACT_READY; NUMERICAL_ASSUMPTIONS_PENDING,STATIC_CAPACITY_AND_CLASS_CONTRACT_READY,"numerical efficiency, costs, CO2 factor and hourly profile/availability"
2040,High,CNOR,GEOTHERMAL,Generator,783.053667913,true,false,GEOTHERMAL,true,geothermal,true,EFF_NOT_APPLICABLE_GEOTHERMAL,false,ZERO_OPERATIONAL_FOSSIL_CO2,false,MC_GEOTHERMAL,false,AVAIL_GEOTHERMAL,false,true,STATIC_CLASS_CONTRACT_READY; NUMERICAL_ASSUMPTIONS_PENDING,STATIC_CAPACITY_AND_CLASS_CONTRACT_READY,"numerical efficiency, costs, CO2 factor and hourly profile/availability"
2040,High,CSUD,GEOTHERMAL,Generator,0,true,false,GEOTHERMAL,true,geothermal,true,EFF_NOT_APPLICABLE_GEOTHERMAL,false,ZERO_OPERATIONAL_FOSSIL_CO2,false,MC_GEOTHERMAL,false,AVAIL_GEOTHERMAL,false,true,STATIC_CLASS_CONTRACT_READY; NUMERICAL_ASSUMPTIONS_PENDING,STATIC_CAPACITY_AND_CLASS_CONTRACT_READY,"numerical efficiency, costs, CO2 factor and hourly profile/availability"
2040,High,SUD,GEOTHERMAL,Generator,0,true,false,GEOTHERMAL,true,geothermal,true,EFF_NOT_APPLICABLE_GEOTHERMAL,false,ZERO_OPERATIONAL_FOSSIL_CO2,false,MC_GEOTHERMAL,false,AVAIL_GEOTHERMAL,false,true,STATIC_CLASS_CONTRACT_READY; NUMERICAL_ASSUMPTIONS_PENDING,STATIC_CAPACITY_AND_CLASS_CONTRACT_READY,"numerical efficiency, costs, CO2 factor and hourly profile/availability"
2040,High,CALA,GEOTHERMAL,Generator,0,true,false,GEOTHERMAL,true,geothermal,true,EFF_NOT_APPLICABLE_GEOTHERMAL,false,ZERO_OPERATIONAL_FOSSIL_CO2,false,MC_GEOTHERMAL,false,AVAIL_GEOTHERMAL,false,true,STATIC_CLASS_CONTRACT_READY; NUMERICAL_ASSUMPTIONS_PENDING,STATIC_CAPACITY_AND_CLASS_CONTRACT_READY,"numerical efficiency, costs, CO2 factor and hourly profile/availability"
2040,High,SICI,GEOTHERMAL,Generator,0,true,false,GEOTHERMAL,true,geothermal,true,EFF_NOT_APPLICABLE_GEOTHERMAL,false,ZERO_OPERATIONAL_FOSSIL_CO2,false,MC_GEOTHERMAL,false,AVAIL_GEOTHERMAL,false,true,STATIC_CLASS_CONTRACT_READY; NUMERICAL_ASSUMPTIONS_PENDING,STATIC_CAPACITY_AND_CLASS_CONTRACT_READY,"numerical efficiency, costs, CO2 factor and hourly profile/availability"
2040,High,SARD,GEOTHERMAL,Generator,0,true,false,GEOTHERMAL,true,geothermal,true,EFF_NOT_APPLICABLE_GEOTHERMAL,false,ZERO_OPERATIONAL_FOSSIL_CO2,false,MC_GEOTHERMAL,false,AVAIL_GEOTHERMAL,false,true,STATIC_CLASS_CONTRACT_READY; NUMERICAL_ASSUMPTIONS_PENDING,STATIC_CAPACITY_AND_CLASS_CONTRACT_READY,"numerical efficiency, costs, CO2 factor and hourly profile/availability"
2050,Slow,NORD,SOLAR_PV_ROOFTOP,Generator,40691.480562448,true,false,NONE,true,solar_pv_rooftop,true,NOT_APPLICABLE_VRE,false,ZERO_OPERATIONAL_CO2,false,MC_VRE,false,PROFILE_SOLAR_PV_ROOFTOP,false,true,STATIC_CLASS_CONTRACT_READY; NUMERICAL_ASSUMPTIONS_PENDING,STATIC_CAPACITY_AND_CLASS_CONTRACT_READY,"numerical efficiency, costs, CO2 factor and hourly profile/availability"
2050,Slow,CNOR,SOLAR_PV_ROOFTOP,Generator,5349.875930521,true,false,NONE,true,solar_pv_rooftop,true,NOT_APPLICABLE_VRE,false,ZERO_OPERATIONAL_CO2,false,MC_VRE,false,PROFILE_SOLAR_PV_ROOFTOP,false,true,STATIC_CLASS_CONTRACT_READY; NUMERICAL_ASSUMPTIONS_PENDING,STATIC_CAPACITY_AND_CLASS_CONTRACT_READY,"numerical efficiency, costs, CO2 factor and hourly profile/availability"
2050,Slow,CSUD,SOLAR_PV_ROOFTOP,Generator,8916.459884202,true,false,NONE,true,solar_pv_rooftop,true,NOT_APPLICABLE_VRE,false,ZERO_OPERATIONAL_CO2,false,MC_VRE,false,PROFILE_SOLAR_PV_ROOFTOP,false,true,STATIC_CLASS_CONTRACT_READY; NUMERICAL_ASSUMPTIONS_PENDING,STATIC_CAPACITY_AND_CLASS_CONTRACT_READY,"numerical efficiency, costs, CO2 factor and hourly profile/availability"
2050,Slow,SUD,SOLAR_PV_ROOFTOP,Generator,2755.996691481,true,false,NONE,true,solar_pv_rooftop,true,NOT_APPLICABLE_VRE,false,ZERO_OPERATIONAL_CO2,false,MC_VRE,false,PROFILE_SOLAR_PV_ROOFTOP,false,true,STATIC_CLASS_CONTRACT_READY; NUMERICAL_ASSUMPTIONS_PENDING,STATIC_CAPACITY_AND_CLASS_CONTRACT_READY,"numerical efficiency, costs, CO2 factor and hourly profile/availability"
2050,Slow,CALA,SOLAR_PV_ROOFTOP,Generator,1783.29197684,true,false,NONE,true,solar_pv_rooftop,true,NOT_APPLICABLE_VRE,false,ZERO_OPERATIONAL_CO2,false,MC_VRE,false,PROFILE_SOLAR_PV_ROOFTOP,false,true,STATIC_CLASS_CONTRACT_READY; NUMERICAL_ASSUMPTIONS_PENDING,STATIC_CAPACITY_AND_CLASS_CONTRACT_READY,"numerical efficiency, costs, CO2 factor and hourly profile/availability"
2050,Slow,SICI,SOLAR_PV_ROOFTOP,Generator,5349.875930521,true,false,NONE,true,solar_pv_rooftop,true,NOT_APPLICABLE_VRE,false,ZERO_OPERATIONAL_CO2,false,MC_VRE,false,PROFILE_SOLAR_PV_ROOFTOP,false,true,STATIC_CLASS_CONTRACT_READY; NUMERICAL_ASSUMPTIONS_PENDING,STATIC_CAPACITY_AND_CLASS_CONTRACT_READY,"numerical efficiency, costs, CO2 factor and hourly profile/availability"
2050,Slow,SARD,SOLAR_PV_ROOFTOP,Generator,2755.996691481,true,false,NONE,true,solar_pv_rooftop,true,NOT_APPLICABLE_VRE,false,ZERO_OPERATIONAL_CO2,false,MC_VRE,false,PROFILE_SOLAR_PV_ROOFTOP,false,true,STATIC_CLASS_CONTRACT_READY; NUMERICAL_ASSUMPTIONS_PENDING,STATIC_CAPACITY_AND_CLASS_CONTRACT_READY,"numerical efficiency, costs, CO2 factor and hourly profile/availability"
2050,Slow,NORD,SOLAR_PV_UTILITY,Generator,28046.319272126,true,false,NONE,true,solar_pv_utility,true,NOT_APPLICABLE_VRE,false,ZERO_OPERATIONAL_CO2,false,MC_VRE,false,PROFILE_SOLAR_PV_UTILITY,false,true,STATIC_CLASS_CONTRACT_READY; NUMERICAL_ASSUMPTIONS_PENDING,STATIC_CAPACITY_AND_CLASS_CONTRACT_READY,"numerical efficiency, costs, CO2 factor and hourly profile/availability"
2050,Slow,CNOR,SOLAR_PV_UTILITY,Generator,10213.399503722,true,false,NONE,true,solar_pv_utility,true,NOT_APPLICABLE_VRE,false,ZERO_OPERATIONAL_CO2,false,MC_VRE,false,PROFILE_SOLAR_PV_UTILITY,false,true,STATIC_CLASS_CONTRACT_READY; NUMERICAL_ASSUMPTIONS_PENDING,STATIC_CAPACITY_AND_CLASS_CONTRACT_READY,"numerical efficiency, costs, CO2 factor and hourly profile/availability"
2050,Slow,CSUD,SOLAR_PV_UTILITY,Generator,23669.148056245,true,false,NONE,true,solar_pv_utility,true,NOT_APPLICABLE_VRE,false,ZERO_OPERATIONAL_CO2,false,MC_VRE,false,PROFILE_SOLAR_PV_UTILITY,false,true,STATIC_CLASS_CONTRACT_READY; NUMERICAL_ASSUMPTIONS_PENDING,STATIC_CAPACITY_AND_CLASS_CONTRACT_READY,"numerical efficiency, costs, CO2 factor and hourly profile/availability"
2050,Slow,SUD,SOLAR_PV_UTILITY,Generator,31288.668320926,true,false,NONE,true,solar_pv_utility,true,NOT_APPLICABLE_VRE,false,ZERO_OPERATIONAL_CO2,false,MC_VRE,false,PROFILE_SOLAR_PV_UTILITY,false,true,STATIC_CLASS_CONTRACT_READY; NUMERICAL_ASSUMPTIONS_PENDING,STATIC_CAPACITY_AND_CLASS_CONTRACT_READY,"numerical efficiency, costs, CO2 factor and hourly profile/availability"
2050,Slow,CALA,SOLAR_PV_UTILITY,Generator,4052.936311001,true,false,NONE,true,solar_pv_utility,true,NOT_APPLICABLE_VRE,false,ZERO_OPERATIONAL_CO2,false,MC_VRE,false,PROFILE_SOLAR_PV_UTILITY,false,true,STATIC_CLASS_CONTRACT_READY; NUMERICAL_ASSUMPTIONS_PENDING,STATIC_CAPACITY_AND_CLASS_CONTRACT_READY,"numerical efficiency, costs, CO2 factor and hourly profile/availability"
2050,Slow,SICI,SOLAR_PV_UTILITY,Generator,18643.507030604,true,false,NONE,true,solar_pv_utility,true,NOT_APPLICABLE_VRE,false,ZERO_OPERATIONAL_CO2,false,MC_VRE,false,PROFILE_SOLAR_PV_UTILITY,false,true,STATIC_CLASS_CONTRACT_READY; NUMERICAL_ASSUMPTIONS_PENDING,STATIC_CAPACITY_AND_CLASS_CONTRACT_READY,"numerical efficiency, costs, CO2 factor and hourly profile/availability"
2050,Slow,SARD,SOLAR_PV_UTILITY,Generator,12483.043837883,true,false,NONE,true,solar_pv_utility,true,NOT_APPLICABLE_VRE,false,ZERO_OPERATIONAL_CO2,false,MC_VRE,false,PROFILE_SOLAR_PV_UTILITY,false,true,STATIC_CLASS_CONTRACT_READY; NUMERICAL_ASSUMPTIONS_PENDING,STATIC_CAPACITY_AND_CLASS_CONTRACT_READY,"numerical efficiency, costs, CO2 factor and hourly profile/availability"
2050,Slow,NORD,WIND_ONSHORE,Generator,506.744868035,true,false,NONE,true,wind_onshore,true,NOT_APPLICABLE_VRE,false,ZERO_OPERATIONAL_CO2,false,MC_VRE,false,PROFILE_WIND_ONSHORE,false,true,STATIC_CLASS_CONTRACT_READY; NUMERICAL_ASSUMPTIONS_PENDING,STATIC_CAPACITY_AND_CLASS_CONTRACT_READY,"numerical efficiency, costs, CO2 factor and hourly profile/availability"
2050,Slow,CNOR,WIND_ONSHORE,Generator,337.829912023,true,false,NONE,true,wind_onshore,true,NOT_APPLICABLE_VRE,false,ZERO_OPERATIONAL_CO2,false,MC_VRE,false,PROFILE_WIND_ONSHORE,false,true,STATIC_CLASS_CONTRACT_READY; NUMERICAL_ASSUMPTIONS_PENDING,STATIC_CAPACITY_AND_CLASS_CONTRACT_READY,"numerical efficiency, costs, CO2 factor and hourly profile/availability"
2050,Slow,CSUD,WIND_ONSHORE,Generator,5743.108504399,true,false,NONE,true,wind_onshore,true,NOT_APPLICABLE_VRE,false,ZERO_OPERATIONAL_CO2,false,MC_VRE,false,PROFILE_WIND_ONSHORE,false,true,STATIC_CLASS_CONTRACT_READY; NUMERICAL_ASSUMPTIONS_PENDING,STATIC_CAPACITY_AND_CLASS_CONTRACT_READY,"numerical efficiency, costs, CO2 factor and hourly profile/availability"
2050,Slow,SUD,WIND_ONSHORE,Generator,11148.387096774,true,false,NONE,true,wind_onshore,true,NOT_APPLICABLE_VRE,false,ZERO_OPERATIONAL_CO2,false,MC_VRE,false,PROFILE_WIND_ONSHORE,false,true,STATIC_CLASS_CONTRACT_READY; NUMERICAL_ASSUMPTIONS_PENDING,STATIC_CAPACITY_AND_CLASS_CONTRACT_READY,"numerical efficiency, costs, CO2 factor and hourly profile/availability"
2050,Slow,CALA,WIND_ONSHORE,Generator,2787.096774194,true,false,NONE,true,wind_onshore,true,NOT_APPLICABLE_VRE,false,ZERO_OPERATIONAL_CO2,false,MC_VRE,false,PROFILE_WIND_ONSHORE,false,true,STATIC_CLASS_CONTRACT_READY; NUMERICAL_ASSUMPTIONS_PENDING,STATIC_CAPACITY_AND_CLASS_CONTRACT_READY,"numerical efficiency, costs, CO2 factor and hourly profile/availability"
2050,Slow,SICI,WIND_ONSHORE,Generator,5320.82111437,true,false,NONE,true,wind_onshore,true,NOT_APPLICABLE_VRE,false,ZERO_OPERATIONAL_CO2,false,MC_VRE,false,PROFILE_WIND_ONSHORE,false,true,STATIC_CLASS_CONTRACT_READY; NUMERICAL_ASSUMPTIONS_PENDING,STATIC_CAPACITY_AND_CLASS_CONTRACT_READY,"numerical efficiency, costs, CO2 factor and hourly profile/availability"
2050,Slow,SARD,WIND_ONSHORE,Generator,2956.011730205,true,false,NONE,true,wind_onshore,true,NOT_APPLICABLE_VRE,false,ZERO_OPERATIONAL_CO2,false,MC_VRE,false,PROFILE_WIND_ONSHORE,false,true,STATIC_CLASS_CONTRACT_READY; NUMERICAL_ASSUMPTIONS_PENDING,STATIC_CAPACITY_AND_CLASS_CONTRACT_READY,"numerical efficiency, costs, CO2 factor and hourly profile/availability"
2050,Slow,NORD,WIND_OFFSHORE,Generator,1184.210526316,true,false,NONE,true,wind_offshore,true,NOT_APPLICABLE_VRE,false,ZERO_OPERATIONAL_CO2,false,MC_VRE,false,PROFILE_WIND_OFFSHORE,false,true,STATIC_CLASS_CONTRACT_READY; NUMERICAL_ASSUMPTIONS_PENDING,STATIC_CAPACITY_AND_CLASS_CONTRACT_READY,"numerical efficiency, costs, CO2 factor and hourly profile/availability"
2050,Slow,CNOR,WIND_OFFSHORE,Generator,631.578947368,true,false,NONE,true,wind_offshore,true,NOT_APPLICABLE_VRE,false,ZERO_OPERATIONAL_CO2,false,MC_VRE,false,PROFILE_WIND_OFFSHORE,false,true,STATIC_CLASS_CONTRACT_READY; NUMERICAL_ASSUMPTIONS_PENDING,STATIC_CAPACITY_AND_CLASS_CONTRACT_READY,"numerical efficiency, costs, CO2 factor and hourly profile/availability"
2050,Slow,CSUD,WIND_OFFSHORE,Generator,1263.157894737,true,false,NONE,true,wind_offshore,true,NOT_APPLICABLE_VRE,false,ZERO_OPERATIONAL_CO2,false,MC_VRE,false,PROFILE_WIND_OFFSHORE,false,true,STATIC_CLASS_CONTRACT_READY; NUMERICAL_ASSUMPTIONS_PENDING,STATIC_CAPACITY_AND_CLASS_CONTRACT_READY,"numerical efficiency, costs, CO2 factor and hourly profile/availability"
2050,Slow,SUD,WIND_OFFSHORE,Generator,3710.526315789,true,false,NONE,true,wind_offshore,true,NOT_APPLICABLE_VRE,false,ZERO_OPERATIONAL_CO2,false,MC_VRE,false,PROFILE_WIND_OFFSHORE,false,true,STATIC_CLASS_CONTRACT_READY; NUMERICAL_ASSUMPTIONS_PENDING,STATIC_CAPACITY_AND_CLASS_CONTRACT_READY,"numerical efficiency, costs, CO2 factor and hourly profile/availability"
2050,Slow,CALA,WIND_OFFSHORE,Generator,473.684210526,true,false,NONE,true,wind_offshore,true,NOT_APPLICABLE_VRE,false,ZERO_OPERATIONAL_CO2,false,MC_VRE,false,PROFILE_WIND_OFFSHORE,false,true,STATIC_CLASS_CONTRACT_READY; NUMERICAL_ASSUMPTIONS_PENDING,STATIC_CAPACITY_AND_CLASS_CONTRACT_READY,"numerical efficiency, costs, CO2 factor and hourly profile/availability"
2050,Slow,SICI,WIND_OFFSHORE,Generator,2368.421052632,true,false,NONE,true,wind_offshore,true,NOT_APPLICABLE_VRE,false,ZERO_OPERATIONAL_CO2,false,MC_VRE,false,PROFILE_WIND_OFFSHORE,false,true,STATIC_CLASS_CONTRACT_READY; NUMERICAL_ASSUMPTIONS_PENDING,STATIC_CAPACITY_AND_CLASS_CONTRACT_READY,"numerical efficiency, costs, CO2 factor and hourly profile/availability"
2050,Slow,SARD,WIND_OFFSHORE,Generator,2368.421052632,true,false,NONE,true,wind_offshore,true,NOT_APPLICABLE_VRE,false,ZERO_OPERATIONAL_CO2,false,MC_VRE,false,PROFILE_WIND_OFFSHORE,false,true,STATIC_CLASS_CONTRACT_READY; NUMERICAL_ASSUMPTIONS_PENDING,STATIC_CAPACITY_AND_CLASS_CONTRACT_READY,"numerical efficiency, costs, CO2 factor and hourly profile/availability"
2050,Slow,NORD,HYDRO_RUN_OF_RIVER,Generator,5228.210866305,true,false,WATER_INFLOW,true,hydro_run_of_river,true,EFF_HYDRO_TURBINE,false,ZERO_OPERATIONAL_CO2,false,MC_HYDRO,false,PROFILE_HYDRO_ROR_INFLOW,false,true,STATIC_CLASS_CONTRACT_READY; NUMERICAL_ASSUMPTIONS_PENDING,STATIC_CAPACITY_AND_CLASS_CONTRACT_READY,"numerical efficiency, costs, CO2 factor and hourly profile/availability"
2050,Slow,CNOR,HYDRO_RUN_OF_RIVER,Generator,209.314034422,true,false,WATER_INFLOW,true,hydro_run_of_river,true,EFF_HYDRO_TURBINE,false,ZERO_OPERATIONAL_CO2,false,MC_HYDRO,false,PROFILE_HYDRO_ROR_INFLOW,false,true,STATIC_CLASS_CONTRACT_READY; NUMERICAL_ASSUMPTIONS_PENDING,STATIC_CAPACITY_AND_CLASS_CONTRACT_READY,"numerical efficiency, costs, CO2 factor and hourly profile/availability"
2050,Slow,CSUD,HYDRO_RUN_OF_RIVER,Generator,579.820027388,true,false,WATER_INFLOW,true,hydro_run_of_river,true,EFF_HYDRO_TURBINE,false,ZERO_OPERATIONAL_CO2,false,MC_HYDRO,false,PROFILE_HYDRO_ROR_INFLOW,false,true,STATIC_CLASS_CONTRACT_READY; NUMERICAL_ASSUMPTIONS_PENDING,STATIC_CAPACITY_AND_CLASS_CONTRACT_READY,"numerical efficiency, costs, CO2 factor and hourly profile/availability"
2050,Slow,SUD,HYDRO_RUN_OF_RIVER,Generator,45.411334869,true,false,WATER_INFLOW,true,hydro_run_of_river,true,EFF_HYDRO_TURBINE,false,ZERO_OPERATIONAL_CO2,false,MC_HYDRO,false,PROFILE_HYDRO_ROR_INFLOW,false,true,STATIC_CLASS_CONTRACT_READY; NUMERICAL_ASSUMPTIONS_PENDING,STATIC_CAPACITY_AND_CLASS_CONTRACT_READY,"numerical efficiency, costs, CO2 factor and hourly profile/availability"
2050,Slow,CALA,HYDRO_RUN_OF_RIVER,Generator,106.743829899,true,false,WATER_INFLOW,true,hydro_run_of_river,true,EFF_HYDRO_TURBINE,false,ZERO_OPERATIONAL_CO2,false,MC_HYDRO,false,PROFILE_HYDRO_ROR_INFLOW,false,true,STATIC_CLASS_CONTRACT_READY; NUMERICAL_ASSUMPTIONS_PENDING,STATIC_CAPACITY_AND_CLASS_CONTRACT_READY,"numerical efficiency, costs, CO2 factor and hourly profile/availability"
2050,Slow,SICI,HYDRO_RUN_OF_RIVER,Generator,31.552391362,true,false,WATER_INFLOW,true,hydro_run_of_river,true,EFF_HYDRO_TURBINE,false,ZERO_OPERATIONAL_CO2,false,MC_HYDRO,false,PROFILE_HYDRO_ROR_INFLOW,false,true,STATIC_CLASS_CONTRACT_READY; NUMERICAL_ASSUMPTIONS_PENDING,STATIC_CAPACITY_AND_CLASS_CONTRACT_READY,"numerical efficiency, costs, CO2 factor and hourly profile/availability"
2050,Slow,SARD,HYDRO_RUN_OF_RIVER,Generator,37.947515755,true,false,WATER_INFLOW,true,hydro_run_of_river,true,EFF_HYDRO_TURBINE,false,ZERO_OPERATIONAL_CO2,false,MC_HYDRO,false,PROFILE_HYDRO_ROR_INFLOW,false,true,STATIC_CLASS_CONTRACT_READY; NUMERICAL_ASSUMPTIONS_PENDING,STATIC_CAPACITY_AND_CLASS_CONTRACT_READY,"numerical efficiency, costs, CO2 factor and hourly profile/availability"
2050,Slow,NORD,HYDRO_BASIN,Water Store + turbine Link + inflow,3512.208833846,true,false,WATER,true,hydro_basin,true,EFF_HYDRO_CLASS,false,ZERO_OPERATIONAL_CO2,false,MC_HYDRO,false,PROFILE_HYDRO_INFLOW_AND_SOC,false,true,PARTIAL_OPERATIONAL_PARAMETERS,STATIC_CAPACITY_AND_CLASS_CONTRACT_READY,e_nom/pump/efficiency/inflow/SOC or duration as applicable
2050,Slow,CNOR,HYDRO_BASIN,Water Store + turbine Link + inflow,238.064607896,true,false,WATER,true,hydro_basin,true,EFF_HYDRO_CLASS,false,ZERO_OPERATIONAL_CO2,false,MC_HYDRO,false,PROFILE_HYDRO_INFLOW_AND_SOC,false,true,PARTIAL_OPERATIONAL_PARAMETERS,STATIC_CAPACITY_AND_CLASS_CONTRACT_READY,e_nom/pump/efficiency/inflow/SOC or duration as applicable
2050,Slow,CSUD,HYDRO_BASIN,Water Store + turbine Link + inflow,582.887284562,true,false,WATER,true,hydro_basin,true,EFF_HYDRO_CLASS,false,ZERO_OPERATIONAL_CO2,false,MC_HYDRO,false,PROFILE_HYDRO_INFLOW_AND_SOC,false,true,PARTIAL_OPERATIONAL_PARAMETERS,STATIC_CAPACITY_AND_CLASS_CONTRACT_READY,e_nom/pump/efficiency/inflow/SOC or duration as applicable
2050,Slow,SUD,HYDRO_BASIN,Water Store + turbine Link + inflow,103.488209848,true,false,WATER,true,hydro_basin,true,EFF_HYDRO_CLASS,false,ZERO_OPERATIONAL_CO2,false,MC_HYDRO,false,PROFILE_HYDRO_INFLOW_AND_SOC,false,true,PARTIAL_OPERATIONAL_PARAMETERS,STATIC_CAPACITY_AND_CLASS_CONTRACT_READY,e_nom/pump/efficiency/inflow/SOC or duration as applicable
2050,Slow,CALA,HYDRO_BASIN,Water Store + turbine Link + inflow,417.949832196,true,false,WATER,true,hydro_basin,true,EFF_HYDRO_CLASS,false,ZERO_OPERATIONAL_CO2,false,MC_HYDRO,false,PROFILE_HYDRO_INFLOW_AND_SOC,false,true,PARTIAL_OPERATIONAL_PARAMETERS,STATIC_CAPACITY_AND_CLASS_CONTRACT_READY,e_nom/pump/efficiency/inflow/SOC or duration as applicable
2050,Slow,SICI,HYDRO_BASIN,Water Store + turbine Link + inflow,58.808504061,true,false,WATER,true,hydro_basin,true,EFF_HYDRO_CLASS,false,ZERO_OPERATIONAL_CO2,false,MC_HYDRO,false,PROFILE_HYDRO_INFLOW_AND_SOC,false,true,PARTIAL_OPERATIONAL_PARAMETERS,STATIC_CAPACITY_AND_CLASS_CONTRACT_READY,e_nom/pump/efficiency/inflow/SOC or duration as applicable
2050,Slow,SARD,HYDRO_BASIN,Water Store + turbine Link + inflow,106.492727593,true,false,WATER,true,hydro_basin,true,EFF_HYDRO_CLASS,false,ZERO_OPERATIONAL_CO2,false,MC_HYDRO,false,PROFILE_HYDRO_INFLOW_AND_SOC,false,true,PARTIAL_OPERATIONAL_PARAMETERS,STATIC_CAPACITY_AND_CLASS_CONTRACT_READY,e_nom/pump/efficiency/inflow/SOC or duration as applicable
2050,Slow,NORD,HYDRO_RESERVOIR,Water Store + turbine Link + inflow,3669.318175474,true,false,WATER,true,hydro_reservoir,true,EFF_HYDRO_CLASS,false,ZERO_OPERATIONAL_CO2,false,MC_HYDRO,false,PROFILE_HYDRO_INFLOW_AND_SOC,false,true,PARTIAL_OPERATIONAL_PARAMETERS,STATIC_CAPACITY_AND_CLASS_CONTRACT_READY,e_nom/pump/efficiency/inflow/SOC or duration as applicable
2050,Slow,CNOR,HYDRO_RESERVOIR,Water Store + turbine Link + inflow,175.818907682,true,false,WATER,true,hydro_reservoir,true,EFF_HYDRO_CLASS,false,ZERO_OPERATIONAL_CO2,false,MC_HYDRO,false,PROFILE_HYDRO_INFLOW_AND_SOC,false,true,PARTIAL_OPERATIONAL_PARAMETERS,STATIC_CAPACITY_AND_CLASS_CONTRACT_READY,e_nom/pump/efficiency/inflow/SOC or duration as applicable
2050,Slow,CSUD,HYDRO_RESERVOIR,Water Store + turbine Link + inflow,430.482324018,true,false,WATER,true,hydro_reservoir,true,EFF_HYDRO_CLASS,false,ZERO_OPERATIONAL_CO2,false,MC_HYDRO,false,PROFILE_HYDRO_INFLOW_AND_SOC,false,true,PARTIAL_OPERATIONAL_PARAMETERS,STATIC_CAPACITY_AND_CLASS_CONTRACT_READY,e_nom/pump/efficiency/inflow/SOC or duration as applicable
2050,Slow,SUD,HYDRO_RESERVOIR,Water Store + turbine Link + inflow,76.429605283,true,false,WATER,true,hydro_reservoir,true,EFF_HYDRO_CLASS,false,ZERO_OPERATIONAL_CO2,false,MC_HYDRO,false,PROFILE_HYDRO_INFLOW_AND_SOC,false,true,PARTIAL_OPERATIONAL_PARAMETERS,STATIC_CAPACITY_AND_CLASS_CONTRACT_READY,e_nom/pump/efficiency/inflow/SOC or duration as applicable
2050,Slow,CALA,HYDRO_RESERVOIR,Water Store + turbine Link + inflow,308.670337905,true,false,WATER,true,hydro_reservoir,true,EFF_HYDRO_CLASS,false,ZERO_OPERATIONAL_CO2,false,MC_HYDRO,false,PROFILE_HYDRO_INFLOW_AND_SOC,false,true,PARTIAL_OPERATIONAL_PARAMETERS,STATIC_CAPACITY_AND_CLASS_CONTRACT_READY,e_nom/pump/efficiency/inflow/SOC or duration as applicable
2050,Slow,SICI,HYDRO_RESERVOIR,Water Store + turbine Link + inflow,43.432104578,true,false,WATER,true,hydro_reservoir,true,EFF_HYDRO_CLASS,false,ZERO_OPERATIONAL_CO2,false,MC_HYDRO,false,PROFILE_HYDRO_INFLOW_AND_SOC,false,true,PARTIAL_OPERATIONAL_PARAMETERS,STATIC_CAPACITY_AND_CLASS_CONTRACT_READY,e_nom/pump/efficiency/inflow/SOC or duration as applicable
2050,Slow,SARD,HYDRO_RESERVOIR,Water Store + turbine Link + inflow,78.64854506,true,false,WATER,true,hydro_reservoir,true,EFF_HYDRO_CLASS,false,ZERO_OPERATIONAL_CO2,false,MC_HYDRO,false,PROFILE_HYDRO_INFLOW_AND_SOC,false,true,PARTIAL_OPERATIONAL_PARAMETERS,STATIC_CAPACITY_AND_CLASS_CONTRACT_READY,e_nom/pump/efficiency/inflow/SOC or duration as applicable
2050,Slow,NORD,PUMPED_HYDRO_PURE,Shared water Store + pump Link + turbine Link,2393.185354581,true,false,WATER,true,pumped_hydro_pure,true,EFF_HYDRO_CLASS,false,ZERO_OPERATIONAL_CO2,false,MC_HYDRO,false,PROFILE_HYDRO_INFLOW_AND_SOC,false,true,PARTIAL_OPERATIONAL_PARAMETERS,STATIC_CAPACITY_AND_CLASS_CONTRACT_READY,e_nom/pump/efficiency/inflow/SOC or duration as applicable
2050,Slow,CNOR,PUMPED_HYDRO_PURE,Shared water Store + pump Link + turbine Link,0,true,false,WATER,true,pumped_hydro_pure,true,EFF_HYDRO_CLASS,false,ZERO_OPERATIONAL_CO2,false,MC_HYDRO,false,PROFILE_HYDRO_INFLOW_AND_SOC,false,true,PARTIAL_OPERATIONAL_PARAMETERS,STATIC_CAPACITY_AND_CLASS_CONTRACT_READY,e_nom/pump/efficiency/inflow/SOC or duration as applicable
2050,Slow,CSUD,PUMPED_HYDRO_PURE,Shared water Store + pump Link + turbine Link,995.915669822,true,false,WATER,true,pumped_hydro_pure,true,EFF_HYDRO_CLASS,false,ZERO_OPERATIONAL_CO2,false,MC_HYDRO,false,PROFILE_HYDRO_INFLOW_AND_SOC,false,true,PARTIAL_OPERATIONAL_PARAMETERS,STATIC_CAPACITY_AND_CLASS_CONTRACT_READY,e_nom/pump/efficiency/inflow/SOC or duration as applicable
2050,Slow,SUD,PUMPED_HYDRO_PURE,Shared water Store + pump Link + turbine Link,0,true,false,WATER,true,pumped_hydro_pure,true,EFF_HYDRO_CLASS,false,ZERO_OPERATIONAL_CO2,false,MC_HYDRO,false,PROFILE_HYDRO_INFLOW_AND_SOC,false,true,PARTIAL_OPERATIONAL_PARAMETERS,STATIC_CAPACITY_AND_CLASS_CONTRACT_READY,e_nom/pump/efficiency/inflow/SOC or duration as applicable
2050,Slow,CALA,PUMPED_HYDRO_PURE,Shared water Store + pump Link + turbine Link,0,true,false,WATER,true,pumped_hydro_pure,true,EFF_HYDRO_CLASS,false,ZERO_OPERATIONAL_CO2,false,MC_HYDRO,false,PROFILE_HYDRO_INFLOW_AND_SOC,false,true,PARTIAL_OPERATIONAL_PARAMETERS,STATIC_CAPACITY_AND_CLASS_CONTRACT_READY,e_nom/pump/efficiency/inflow/SOC or duration as applicable
2050,Slow,SICI,PUMPED_HYDRO_PURE,Shared water Store + pump Link + turbine Link,580.474585597,true,false,WATER,true,pumped_hydro_pure,true,EFF_HYDRO_CLASS,false,ZERO_OPERATIONAL_CO2,false,MC_HYDRO,false,PROFILE_HYDRO_INFLOW_AND_SOC,false,true,PARTIAL_OPERATIONAL_PARAMETERS,STATIC_CAPACITY_AND_CLASS_CONTRACT_READY,e_nom/pump/efficiency/inflow/SOC or duration as applicable
2050,Slow,SARD,PUMPED_HYDRO_PURE,Shared water Store + pump Link + turbine Link,0,true,false,WATER,true,pumped_hydro_pure,true,EFF_HYDRO_CLASS,false,ZERO_OPERATIONAL_CO2,false,MC_HYDRO,false,PROFILE_HYDRO_INFLOW_AND_SOC,false,true,PARTIAL_OPERATIONAL_PARAMETERS,STATIC_CAPACITY_AND_CLASS_CONTRACT_READY,e_nom/pump/efficiency/inflow/SOC or duration as applicable
2050,Slow,NORD,PUMPED_HYDRO_MIXED,Shared water Store + pump Link + turbine Link,2305.444434376,true,false,WATER,true,pumped_hydro_mixed,true,EFF_HYDRO_CLASS,false,ZERO_OPERATIONAL_CO2,false,MC_HYDRO,false,PROFILE_HYDRO_INFLOW_AND_SOC,false,true,PARTIAL_OPERATIONAL_PARAMETERS,STATIC_CAPACITY_AND_CLASS_CONTRACT_READY,e_nom/pump/efficiency/inflow/SOC or duration as applicable
2050,Slow,CNOR,PUMPED_HYDRO_MIXED,Shared water Store + pump Link + turbine Link,0,true,false,WATER,true,pumped_hydro_mixed,true,EFF_HYDRO_CLASS,false,ZERO_OPERATIONAL_CO2,false,MC_HYDRO,false,PROFILE_HYDRO_INFLOW_AND_SOC,false,true,PARTIAL_OPERATIONAL_PARAMETERS,STATIC_CAPACITY_AND_CLASS_CONTRACT_READY,e_nom/pump/efficiency/inflow/SOC or duration as applicable
2050,Slow,CSUD,PUMPED_HYDRO_MIXED,Shared water Store + pump Link + turbine Link,736.949744032,true,false,WATER,true,pumped_hydro_mixed,true,EFF_HYDRO_CLASS,false,ZERO_OPERATIONAL_CO2,false,MC_HYDRO,false,PROFILE_HYDRO_INFLOW_AND_SOC,false,true,PARTIAL_OPERATIONAL_PARAMETERS,STATIC_CAPACITY_AND_CLASS_CONTRACT_READY,e_nom/pump/efficiency/inflow/SOC or duration as applicable
2050,Slow,SUD,PUMPED_HYDRO_MIXED,Shared water Store + pump Link + turbine Link,0,true,false,WATER,true,pumped_hydro_mixed,true,EFF_HYDRO_CLASS,false,ZERO_OPERATIONAL_CO2,false,MC_HYDRO,false,PROFILE_HYDRO_INFLOW_AND_SOC,false,true,PARTIAL_OPERATIONAL_PARAMETERS,STATIC_CAPACITY_AND_CLASS_CONTRACT_READY,e_nom/pump/efficiency/inflow/SOC or duration as applicable
2050,Slow,CALA,PUMPED_HYDRO_MIXED,Shared water Store + pump Link + turbine Link,0,true,false,WATER,true,pumped_hydro_mixed,true,EFF_HYDRO_CLASS,false,ZERO_OPERATIONAL_CO2,false,MC_HYDRO,false,PROFILE_HYDRO_INFLOW_AND_SOC,false,true,PARTIAL_OPERATIONAL_PARAMETERS,STATIC_CAPACITY_AND_CLASS_CONTRACT_READY,e_nom/pump/efficiency/inflow/SOC or duration as applicable
2050,Slow,SICI,PUMPED_HYDRO_MIXED,Shared water Store + pump Link + turbine Link,0,true,false,WATER,true,pumped_hydro_mixed,true,EFF_HYDRO_CLASS,false,ZERO_OPERATIONAL_CO2,false,MC_HYDRO,false,PROFILE_HYDRO_INFLOW_AND_SOC,false,true,PARTIAL_OPERATIONAL_PARAMETERS,STATIC_CAPACITY_AND_CLASS_CONTRACT_READY,e_nom/pump/efficiency/inflow/SOC or duration as applicable
2050,Slow,SARD,PUMPED_HYDRO_MIXED,Shared water Store + pump Link + turbine Link,240.330211592,true,false,WATER,true,pumped_hydro_mixed,true,EFF_HYDRO_CLASS,false,ZERO_OPERATIONAL_CO2,false,MC_HYDRO,false,PROFILE_HYDRO_INFLOW_AND_SOC,false,true,PARTIAL_OPERATIONAL_PARAMETERS,STATIC_CAPACITY_AND_CLASS_CONTRACT_READY,e_nom/pump/efficiency/inflow/SOC or duration as applicable
2050,Slow,NORD,BESS,Electricity Store + charge/discharge Links,3041.29435558,true,false,ELECTRICITY,true,battery_storage,true,EFF_BESS_ROUNDTRIP,false,ZERO_DIRECT_CO2,false,MC_STORAGE,false,STORAGE_SOC,false,true,PARTIAL_OPERATIONAL_PARAMETERS,STATIC_CAPACITY_AND_CLASS_CONTRACT_READY,e_nom/pump/efficiency/inflow/SOC or duration as applicable
2050,Slow,CNOR,BESS,Electricity Store + charge/discharge Links,1048.722191579,true,false,ELECTRICITY,true,battery_storage,true,EFF_BESS_ROUNDTRIP,false,ZERO_DIRECT_CO2,false,MC_STORAGE,false,STORAGE_SOC,false,true,PARTIAL_OPERATIONAL_PARAMETERS,STATIC_CAPACITY_AND_CLASS_CONTRACT_READY,e_nom/pump/efficiency/inflow/SOC or duration as applicable
2050,Slow,CSUD,BESS,Electricity Store + charge/discharge Links,5495.304283876,true,false,ELECTRICITY,true,battery_storage,true,EFF_BESS_ROUNDTRIP,false,ZERO_DIRECT_CO2,false,MC_STORAGE,false,STORAGE_SOC,false,true,PARTIAL_OPERATIONAL_PARAMETERS,STATIC_CAPACITY_AND_CLASS_CONTRACT_READY,e_nom/pump/efficiency/inflow/SOC or duration as applicable
2050,Slow,SUD,BESS,Electricity Store + charge/discharge Links,10214.554145983,true,false,ELECTRICITY,true,battery_storage,true,EFF_BESS_ROUNDTRIP,false,ZERO_DIRECT_CO2,false,MC_STORAGE,false,STORAGE_SOC,false,true,PARTIAL_OPERATIONAL_PARAMETERS,STATIC_CAPACITY_AND_CLASS_CONTRACT_READY,e_nom/pump/efficiency/inflow/SOC or duration as applicable
2050,Slow,CALA,BESS,Electricity Store + charge/discharge Links,2265.239933811,true,false,ELECTRICITY,true,battery_storage,true,EFF_BESS_ROUNDTRIP,false,ZERO_DIRECT_CO2,false,MC_STORAGE,false,STORAGE_SOC,false,true,PARTIAL_OPERATIONAL_PARAMETERS,STATIC_CAPACITY_AND_CLASS_CONTRACT_READY,e_nom/pump/efficiency/inflow/SOC or duration as applicable
2050,Slow,SICI,BESS,Electricity Store + charge/discharge Links,7802.49310535,true,false,ELECTRICITY,true,battery_storage,true,EFF_BESS_ROUNDTRIP,false,ZERO_DIRECT_CO2,false,MC_STORAGE,false,STORAGE_SOC,false,true,PARTIAL_OPERATIONAL_PARAMETERS,STATIC_CAPACITY_AND_CLASS_CONTRACT_READY,e_nom/pump/efficiency/inflow/SOC or duration as applicable
2050,Slow,SARD,BESS,Electricity Store + charge/discharge Links,5054.840963412,true,false,ELECTRICITY,true,battery_storage,true,EFF_BESS_ROUNDTRIP,false,ZERO_DIRECT_CO2,false,MC_STORAGE,false,STORAGE_SOC,false,true,PARTIAL_OPERATIONAL_PARAMETERS,STATIC_CAPACITY_AND_CLASS_CONTRACT_READY,e_nom/pump/efficiency/inflow/SOC or duration as applicable
2050,Slow,NORD,BIOENERGY,Generator,4542.288621371,true,false,BIOENERGY,true,bioenergy,true,EFF_BIOENERGY,false,BIOGENIC_CO2_ACCOUNTING,false,MC_BIOENERGY,false,AVAIL_BIOENERGY,false,true,STATIC_CLASS_CONTRACT_READY; NUMERICAL_ASSUMPTIONS_PENDING,STATIC_CAPACITY_AND_CLASS_CONTRACT_READY,"numerical efficiency, costs, CO2 factor and hourly profile/availability"
2050,Slow,CNOR,BIOENERGY,Generator,343.258566564,true,false,BIOENERGY,true,bioenergy,true,EFF_BIOENERGY,false,BIOGENIC_CO2_ACCOUNTING,false,MC_BIOENERGY,false,AVAIL_BIOENERGY,false,true,STATIC_CLASS_CONTRACT_READY; NUMERICAL_ASSUMPTIONS_PENDING,STATIC_CAPACITY_AND_CLASS_CONTRACT_READY,"numerical efficiency, costs, CO2 factor and hourly profile/availability"
2050,Slow,CSUD,BIOENERGY,Generator,853.41991232,true,false,BIOENERGY,true,bioenergy,true,EFF_BIOENERGY,false,BIOGENIC_CO2_ACCOUNTING,false,MC_BIOENERGY,false,AVAIL_BIOENERGY,false,true,STATIC_CLASS_CONTRACT_READY; NUMERICAL_ASSUMPTIONS_PENDING,STATIC_CAPACITY_AND_CLASS_CONTRACT_READY,"numerical efficiency, costs, CO2 factor and hourly profile/availability"
2050,Slow,SUD,BIOENERGY,Generator,853.850595084,true,false,BIOENERGY,true,bioenergy,true,EFF_BIOENERGY,false,BIOGENIC_CO2_ACCOUNTING,false,MC_BIOENERGY,false,AVAIL_BIOENERGY,false,true,STATIC_CLASS_CONTRACT_READY; NUMERICAL_ASSUMPTIONS_PENDING,STATIC_CAPACITY_AND_CLASS_CONTRACT_READY,"numerical efficiency, costs, CO2 factor and hourly profile/availability"
2050,Slow,CALA,BIOENERGY,Generator,335.831107297,true,false,BIOENERGY,true,bioenergy,true,EFF_BIOENERGY,false,BIOGENIC_CO2_ACCOUNTING,false,MC_BIOENERGY,false,AVAIL_BIOENERGY,false,true,STATIC_CLASS_CONTRACT_READY; NUMERICAL_ASSUMPTIONS_PENDING,STATIC_CAPACITY_AND_CLASS_CONTRACT_READY,"numerical efficiency, costs, CO2 factor and hourly profile/availability"
2050,Slow,SICI,BIOENERGY,Generator,132.916357988,true,false,BIOENERGY,true,bioenergy,true,EFF_BIOENERGY,false,BIOGENIC_CO2_ACCOUNTING,false,MC_BIOENERGY,false,AVAIL_BIOENERGY,false,true,STATIC_CLASS_CONTRACT_READY; NUMERICAL_ASSUMPTIONS_PENDING,STATIC_CAPACITY_AND_CLASS_CONTRACT_READY,"numerical efficiency, costs, CO2 factor and hourly profile/availability"
2050,Slow,SARD,BIOENERGY,Generator,212.364886255,true,false,BIOENERGY,true,bioenergy,true,EFF_BIOENERGY,false,BIOGENIC_CO2_ACCOUNTING,false,MC_BIOENERGY,false,AVAIL_BIOENERGY,false,true,STATIC_CLASS_CONTRACT_READY; NUMERICAL_ASSUMPTIONS_PENDING,STATIC_CAPACITY_AND_CLASS_CONTRACT_READY,"numerical efficiency, costs, CO2 factor and hourly profile/availability"
2050,Slow,NORD,BIOENERGY_CCS,Generator,2571.106766814,true,false,BIOENERGY,true,bioenergy_ccs,true,EFF_BIOENERGY_CCS,false,BIOGENIC_CCS_NET_NEGATIVE_CLASS,false,MC_BIOENERGY_CCS,false,AVAIL_BIOENERGY_CCS,false,true,STATIC_CLASS_CONTRACT_READY; NUMERICAL_ASSUMPTIONS_PENDING,STATIC_CAPACITY_AND_CLASS_CONTRACT_READY,"numerical efficiency, costs, CO2 factor and hourly profile/availability"
2050,Slow,CNOR,BIOENERGY_CCS,Generator,194.297301828,true,false,BIOENERGY,true,bioenergy_ccs,true,EFF_BIOENERGY_CCS,false,BIOGENIC_CCS_NET_NEGATIVE_CLASS,false,MC_BIOENERGY_CCS,false,AVAIL_BIOENERGY_CCS,false,true,STATIC_CLASS_CONTRACT_READY; NUMERICAL_ASSUMPTIONS_PENDING,STATIC_CAPACITY_AND_CLASS_CONTRACT_READY,"numerical efficiency, costs, CO2 factor and hourly profile/availability"
2050,Slow,CSUD,BIOENERGY_CCS,Generator,483.067874898,true,false,BIOENERGY,true,bioenergy_ccs,true,EFF_BIOENERGY_CCS,false,BIOGENIC_CCS_NET_NEGATIVE_CLASS,false,MC_BIOENERGY_CCS,false,AVAIL_BIOENERGY_CCS,false,true,STATIC_CLASS_CONTRACT_READY; NUMERICAL_ASSUMPTIONS_PENDING,STATIC_CAPACITY_AND_CLASS_CONTRACT_READY,"numerical efficiency, costs, CO2 factor and hourly profile/availability"
2050,Slow,SUD,BIOENERGY_CCS,Generator,483.311657595,true,false,BIOENERGY,true,bioenergy_ccs,true,EFF_BIOENERGY_CCS,false,BIOGENIC_CCS_NET_NEGATIVE_CLASS,false,MC_BIOENERGY_CCS,false,AVAIL_BIOENERGY_CCS,false,true,STATIC_CLASS_CONTRACT_READY; NUMERICAL_ASSUMPTIONS_PENDING,STATIC_CAPACITY_AND_CLASS_CONTRACT_READY,"numerical efficiency, costs, CO2 factor and hourly profile/availability"
2050,Slow,CALA,BIOENERGY_CCS,Generator,190.093079602,true,false,BIOENERGY,true,bioenergy_ccs,true,EFF_BIOENERGY_CCS,false,BIOGENIC_CCS_NET_NEGATIVE_CLASS,false,MC_BIOENERGY_CCS,false,AVAIL_BIOENERGY_CCS,false,true,STATIC_CLASS_CONTRACT_READY; NUMERICAL_ASSUMPTIONS_PENDING,STATIC_CAPACITY_AND_CLASS_CONTRACT_READY,"numerical efficiency, costs, CO2 factor and hourly profile/availability"
2050,Slow,SICI,BIOENERGY_CCS,Generator,75.235674333,true,false,BIOENERGY,true,bioenergy_ccs,true,EFF_BIOENERGY_CCS,false,BIOGENIC_CCS_NET_NEGATIVE_CLASS,false,MC_BIOENERGY_CCS,false,AVAIL_BIOENERGY_CCS,false,true,STATIC_CLASS_CONTRACT_READY; NUMERICAL_ASSUMPTIONS_PENDING,STATIC_CAPACITY_AND_CLASS_CONTRACT_READY,"numerical efficiency, costs, CO2 factor and hourly profile/availability"
2050,Slow,SARD,BIOENERGY_CCS,Generator,120.20653939,true,false,BIOENERGY,true,bioenergy_ccs,true,EFF_BIOENERGY_CCS,false,BIOGENIC_CCS_NET_NEGATIVE_CLASS,false,MC_BIOENERGY_CCS,false,AVAIL_BIOENERGY_CCS,false,true,STATIC_CLASS_CONTRACT_READY; NUMERICAL_ASSUMPTIONS_PENDING,STATIC_CAPACITY_AND_CLASS_CONTRACT_READY,"numerical efficiency, costs, CO2 factor and hourly profile/availability"
2050,Slow,NORD,GAS_CCS,Generator,11242.424982568768,true,false,METHANE,true,methane_ccs_ccgt,true,EFF_METHANE_CCGT_CCS,false,FOSSIL_CCS_RESIDUAL_CO2,false,MC_METHANE_CCS,false,AVAIL_THERMAL_CCGT_CCS,false,true,STATIC_CLASS_CONTRACT_READY; NUMERICAL_ASSUMPTIONS_PENDING,STATIC_CAPACITY_AND_CLASS_CONTRACT_READY,"numerical efficiency, costs, CO2 factor and hourly profile/availability"
2050,Slow,CNOR,GAS_CCS,Generator,778.703449977753,true,false,METHANE,true,methane_ccs_ccgt,true,EFF_METHANE_CCGT_CCS,false,FOSSIL_CCS_RESIDUAL_CO2,false,MC_METHANE_CCS,false,AVAIL_THERMAL_CCGT_CCS,false,true,STATIC_CLASS_CONTRACT_READY; NUMERICAL_ASSUMPTIONS_PENDING,STATIC_CAPACITY_AND_CLASS_CONTRACT_READY,"numerical efficiency, costs, CO2 factor and hourly profile/availability"
2050,Slow,CSUD,GAS_CCS,Generator,3084.131852400043,true,false,METHANE,true,methane_ccs_ccgt,true,EFF_METHANE_CCGT_CCS,false,FOSSIL_CCS_RESIDUAL_CO2,false,MC_METHANE_CCS,false,AVAIL_THERMAL_CCGT_CCS,false,true,STATIC_CLASS_CONTRACT_READY; NUMERICAL_ASSUMPTIONS_PENDING,STATIC_CAPACITY_AND_CLASS_CONTRACT_READY,"numerical efficiency, costs, CO2 factor and hourly profile/availability"
2050,Slow,SUD,GAS_CCS,Generator,2155.007952349045,true,false,METHANE,true,methane_ccs_ccgt,true,EFF_METHANE_CCGT_CCS,false,FOSSIL_CCS_RESIDUAL_CO2,false,MC_METHANE_CCS,false,AVAIL_THERMAL_CCGT_CCS,false,true,STATIC_CLASS_CONTRACT_READY; NUMERICAL_ASSUMPTIONS_PENDING,STATIC_CAPACITY_AND_CLASS_CONTRACT_READY,"numerical efficiency, costs, CO2 factor and hourly profile/availability"
2050,Slow,CALA,GAS_CCS,Generator,1575.841168588477,true,false,METHANE,true,methane_ccs_ccgt,true,EFF_METHANE_CCGT_CCS,false,FOSSIL_CCS_RESIDUAL_CO2,false,MC_METHANE_CCS,false,AVAIL_THERMAL_CCGT_CCS,false,true,STATIC_CLASS_CONTRACT_READY; NUMERICAL_ASSUMPTIONS_PENDING,STATIC_CAPACITY_AND_CLASS_CONTRACT_READY,"numerical efficiency, costs, CO2 factor and hourly profile/availability"
2050,Slow,SICI,GAS_CCS,Generator,1477.26929160156,true,false,METHANE,true,methane_ccs_ccgt,true,EFF_METHANE_CCGT_CCS,false,FOSSIL_CCS_RESIDUAL_CO2,false,MC_METHANE_CCS,false,AVAIL_THERMAL_CCGT_CCS,false,true,STATIC_CLASS_CONTRACT_READY; NUMERICAL_ASSUMPTIONS_PENDING,STATIC_CAPACITY_AND_CLASS_CONTRACT_READY,"numerical efficiency, costs, CO2 factor and hourly profile/availability"
2050,Slow,SARD,GAS_CCS,Generator,309.798880544651,true,false,METHANE,true,methane_ccs_ccgt,true,EFF_METHANE_CCGT_CCS,false,FOSSIL_CCS_RESIDUAL_CO2,false,MC_METHANE_CCS,false,AVAIL_THERMAL_CCGT_CCS,false,true,STATIC_CLASS_CONTRACT_READY; NUMERICAL_ASSUMPTIONS_PENDING,STATIC_CAPACITY_AND_CLASS_CONTRACT_READY,"numerical efficiency, costs, CO2 factor and hourly profile/availability"
2050,Slow,NORD,GAS_OTHER_FOSSIL,Generator,2718.029373379158,true,false,METHANE,true,methane_gt_ocgt,true,EFF_METHANE_GT_OCGT,false,FOSSIL_METHANE_DIRECT_CO2,false,MC_METHANE_GT_OCGT,false,AVAIL_THERMAL_GT_OCGT,false,true,STATIC_CLASS_CONTRACT_READY; NUMERICAL_ASSUMPTIONS_PENDING,STATIC_CAPACITY_AND_CLASS_CONTRACT_READY,"numerical efficiency, costs, CO2 factor and hourly profile/availability"
2050,Slow,CNOR,GAS_OTHER_FOSSIL,Generator,1547.381487461866,true,false,METHANE,true,methane_gt_ocgt,true,EFF_METHANE_GT_OCGT,false,FOSSIL_METHANE_DIRECT_CO2,false,MC_METHANE_GT_OCGT,false,AVAIL_THERMAL_GT_OCGT,false,true,STATIC_CLASS_CONTRACT_READY; NUMERICAL_ASSUMPTIONS_PENDING,STATIC_CAPACITY_AND_CLASS_CONTRACT_READY,"numerical efficiency, costs, CO2 factor and hourly profile/availability"
2050,Slow,CSUD,GAS_OTHER_FOSSIL,Generator,2482.590787964529,true,false,METHANE,true,methane_gt_ocgt,true,EFF_METHANE_GT_OCGT,false,FOSSIL_METHANE_DIRECT_CO2,false,MC_METHANE_GT_OCGT,false,AVAIL_THERMAL_GT_OCGT,false,true,STATIC_CLASS_CONTRACT_READY; NUMERICAL_ASSUMPTIONS_PENDING,STATIC_CAPACITY_AND_CLASS_CONTRACT_READY,"numerical efficiency, costs, CO2 factor and hourly profile/availability"
2050,Slow,SUD,GAS_OTHER_FOSSIL,Generator,826.572003283907,true,false,METHANE,true,methane_gt_ocgt,true,EFF_METHANE_GT_OCGT,false,FOSSIL_METHANE_DIRECT_CO2,false,MC_METHANE_GT_OCGT,false,AVAIL_THERMAL_GT_OCGT,false,true,STATIC_CLASS_CONTRACT_READY; NUMERICAL_ASSUMPTIONS_PENDING,STATIC_CAPACITY_AND_CLASS_CONTRACT_READY,"numerical efficiency, costs, CO2 factor and hourly profile/availability"
2050,Slow,CALA,GAS_OTHER_FOSSIL,Generator,697.847156462487,true,false,METHANE,true,methane_gt_ocgt,true,EFF_METHANE_GT_OCGT,false,FOSSIL_METHANE_DIRECT_CO2,false,MC_METHANE_GT_OCGT,false,AVAIL_THERMAL_GT_OCGT,false,true,STATIC_CLASS_CONTRACT_READY; NUMERICAL_ASSUMPTIONS_PENDING,STATIC_CAPACITY_AND_CLASS_CONTRACT_READY,"numerical efficiency, costs, CO2 factor and hourly profile/availability"
2050,Slow,SICI,GAS_OTHER_FOSSIL,Generator,2106.030750027032,true,false,METHANE,true,methane_gt_ocgt,true,EFF_METHANE_GT_OCGT,false,FOSSIL_METHANE_DIRECT_CO2,false,MC_METHANE_GT_OCGT,false,AVAIL_THERMAL_GT_OCGT,false,true,STATIC_CLASS_CONTRACT_READY; NUMERICAL_ASSUMPTIONS_PENDING,STATIC_CAPACITY_AND_CLASS_CONTRACT_READY,"numerical efficiency, costs, CO2 factor and hourly profile/availability"
2050,Slow,SARD,GAS_OTHER_FOSSIL,Generator,448.716669893722,true,false,METHANE,true,methane_gt_ocgt,true,EFF_METHANE_GT_OCGT,false,FOSSIL_METHANE_DIRECT_CO2,false,MC_METHANE_GT_OCGT,false,AVAIL_THERMAL_GT_OCGT,false,true,STATIC_CLASS_CONTRACT_READY; NUMERICAL_ASSUMPTIONS_PENDING,STATIC_CAPACITY_AND_CLASS_CONTRACT_READY,"numerical efficiency, costs, CO2 factor and hourly profile/availability"
2050,Slow,NORD,GEOTHERMAL,Generator,0,true,false,GEOTHERMAL,true,geothermal,true,EFF_NOT_APPLICABLE_GEOTHERMAL,false,ZERO_OPERATIONAL_FOSSIL_CO2,false,MC_GEOTHERMAL,false,AVAIL_GEOTHERMAL,false,true,STATIC_CLASS_CONTRACT_READY; NUMERICAL_ASSUMPTIONS_PENDING,STATIC_CAPACITY_AND_CLASS_CONTRACT_READY,"numerical efficiency, costs, CO2 factor and hourly profile/availability"
2050,Slow,CNOR,GEOTHERMAL,Generator,771.79,true,false,GEOTHERMAL,true,geothermal,true,EFF_NOT_APPLICABLE_GEOTHERMAL,false,ZERO_OPERATIONAL_FOSSIL_CO2,false,MC_GEOTHERMAL,false,AVAIL_GEOTHERMAL,false,true,STATIC_CLASS_CONTRACT_READY; NUMERICAL_ASSUMPTIONS_PENDING,STATIC_CAPACITY_AND_CLASS_CONTRACT_READY,"numerical efficiency, costs, CO2 factor and hourly profile/availability"
2050,Slow,CSUD,GEOTHERMAL,Generator,0,true,false,GEOTHERMAL,true,geothermal,true,EFF_NOT_APPLICABLE_GEOTHERMAL,false,ZERO_OPERATIONAL_FOSSIL_CO2,false,MC_GEOTHERMAL,false,AVAIL_GEOTHERMAL,false,true,STATIC_CLASS_CONTRACT_READY; NUMERICAL_ASSUMPTIONS_PENDING,STATIC_CAPACITY_AND_CLASS_CONTRACT_READY,"numerical efficiency, costs, CO2 factor and hourly profile/availability"
2050,Slow,SUD,GEOTHERMAL,Generator,0,true,false,GEOTHERMAL,true,geothermal,true,EFF_NOT_APPLICABLE_GEOTHERMAL,false,ZERO_OPERATIONAL_FOSSIL_CO2,false,MC_GEOTHERMAL,false,AVAIL_GEOTHERMAL,false,true,STATIC_CLASS_CONTRACT_READY; NUMERICAL_ASSUMPTIONS_PENDING,STATIC_CAPACITY_AND_CLASS_CONTRACT_READY,"numerical efficiency, costs, CO2 factor and hourly profile/availability"
2050,Slow,CALA,GEOTHERMAL,Generator,0,true,false,GEOTHERMAL,true,geothermal,true,EFF_NOT_APPLICABLE_GEOTHERMAL,false,ZERO_OPERATIONAL_FOSSIL_CO2,false,MC_GEOTHERMAL,false,AVAIL_GEOTHERMAL,false,true,STATIC_CLASS_CONTRACT_READY; NUMERICAL_ASSUMPTIONS_PENDING,STATIC_CAPACITY_AND_CLASS_CONTRACT_READY,"numerical efficiency, costs, CO2 factor and hourly profile/availability"
2050,Slow,SICI,GEOTHERMAL,Generator,0,true,false,GEOTHERMAL,true,geothermal,true,EFF_NOT_APPLICABLE_GEOTHERMAL,false,ZERO_OPERATIONAL_FOSSIL_CO2,false,MC_GEOTHERMAL,false,AVAIL_GEOTHERMAL,false,true,STATIC_CLASS_CONTRACT_READY; NUMERICAL_ASSUMPTIONS_PENDING,STATIC_CAPACITY_AND_CLASS_CONTRACT_READY,"numerical efficiency, costs, CO2 factor and hourly profile/availability"
2050,Slow,SARD,GEOTHERMAL,Generator,0,true,false,GEOTHERMAL,true,geothermal,true,EFF_NOT_APPLICABLE_GEOTHERMAL,false,ZERO_OPERATIONAL_FOSSIL_CO2,false,MC_GEOTHERMAL,false,AVAIL_GEOTHERMAL,false,true,STATIC_CLASS_CONTRACT_READY; NUMERICAL_ASSUMPTIONS_PENDING,STATIC_CAPACITY_AND_CLASS_CONTRACT_READY,"numerical efficiency, costs, CO2 factor and hourly profile/availability"
2050,Slow,NORD,NUCLEAR,Generator,5000,true,false,NUCLEAR_FUEL,true,nuclear,true,EFF_NUCLEAR_THERMAL,false,ZERO_DIRECT_OPERATIONAL_CO2,false,MC_NUCLEAR,false,AVAIL_NUCLEAR,false,true,STATIC_CLASS_CONTRACT_READY; NUMERICAL_ASSUMPTIONS_PENDING,STATIC_CAPACITY_AND_CLASS_CONTRACT_READY,"numerical efficiency, costs, CO2 factor and hourly profile/availability"
2050,Slow,CNOR,NUCLEAR,Generator,0,true,false,NUCLEAR_FUEL,true,nuclear,true,EFF_NUCLEAR_THERMAL,false,ZERO_DIRECT_OPERATIONAL_CO2,false,MC_NUCLEAR,false,AVAIL_NUCLEAR,false,true,STATIC_CLASS_CONTRACT_READY; NUMERICAL_ASSUMPTIONS_PENDING,STATIC_CAPACITY_AND_CLASS_CONTRACT_READY,"numerical efficiency, costs, CO2 factor and hourly profile/availability"
2050,Slow,CSUD,NUCLEAR,Generator,3000,true,false,NUCLEAR_FUEL,true,nuclear,true,EFF_NUCLEAR_THERMAL,false,ZERO_DIRECT_OPERATIONAL_CO2,false,MC_NUCLEAR,false,AVAIL_NUCLEAR,false,true,STATIC_CLASS_CONTRACT_READY; NUMERICAL_ASSUMPTIONS_PENDING,STATIC_CAPACITY_AND_CLASS_CONTRACT_READY,"numerical efficiency, costs, CO2 factor and hourly profile/availability"
2050,Slow,SUD,NUCLEAR,Generator,0,true,false,NUCLEAR_FUEL,true,nuclear,true,EFF_NUCLEAR_THERMAL,false,ZERO_DIRECT_OPERATIONAL_CO2,false,MC_NUCLEAR,false,AVAIL_NUCLEAR,false,true,STATIC_CLASS_CONTRACT_READY; NUMERICAL_ASSUMPTIONS_PENDING,STATIC_CAPACITY_AND_CLASS_CONTRACT_READY,"numerical efficiency, costs, CO2 factor and hourly profile/availability"
2050,Slow,CALA,NUCLEAR,Generator,0,true,false,NUCLEAR_FUEL,true,nuclear,true,EFF_NUCLEAR_THERMAL,false,ZERO_DIRECT_OPERATIONAL_CO2,false,MC_NUCLEAR,false,AVAIL_NUCLEAR,false,true,STATIC_CLASS_CONTRACT_READY; NUMERICAL_ASSUMPTIONS_PENDING,STATIC_CAPACITY_AND_CLASS_CONTRACT_READY,"numerical efficiency, costs, CO2 factor and hourly profile/availability"
2050,Slow,SICI,NUCLEAR,Generator,0,true,false,NUCLEAR_FUEL,true,nuclear,true,EFF_NUCLEAR_THERMAL,false,ZERO_DIRECT_OPERATIONAL_CO2,false,MC_NUCLEAR,false,AVAIL_NUCLEAR,false,true,STATIC_CLASS_CONTRACT_READY; NUMERICAL_ASSUMPTIONS_PENDING,STATIC_CAPACITY_AND_CLASS_CONTRACT_READY,"numerical efficiency, costs, CO2 factor and hourly profile/availability"
2050,Slow,SARD,NUCLEAR,Generator,0,true,false,NUCLEAR_FUEL,true,nuclear,true,EFF_NUCLEAR_THERMAL,false,ZERO_DIRECT_OPERATIONAL_CO2,false,MC_NUCLEAR,false,AVAIL_NUCLEAR,false,true,STATIC_CLASS_CONTRACT_READY; NUMERICAL_ASSUMPTIONS_PENDING,STATIC_CAPACITY_AND_CLASS_CONTRACT_READY,"numerical efficiency, costs, CO2 factor and hourly profile/availability"
2050,Base,NORD,SOLAR_PV_ROOFTOP,Generator,50864.35070306,true,false,NONE,true,solar_pv_rooftop,true,NOT_APPLICABLE_VRE,false,ZERO_OPERATIONAL_CO2,false,MC_VRE,false,PROFILE_SOLAR_PV_ROOFTOP,false,true,STATIC_CLASS_CONTRACT_READY; NUMERICAL_ASSUMPTIONS_PENDING,STATIC_CAPACITY_AND_CLASS_CONTRACT_READY,"numerical efficiency, costs, CO2 factor and hourly profile/availability"
2050,Base,CNOR,SOLAR_PV_ROOFTOP,Generator,6687.344913151,true,false,NONE,true,solar_pv_rooftop,true,NOT_APPLICABLE_VRE,false,ZERO_OPERATIONAL_CO2,false,MC_VRE,false,PROFILE_SOLAR_PV_ROOFTOP,false,true,STATIC_CLASS_CONTRACT_READY; NUMERICAL_ASSUMPTIONS_PENDING,STATIC_CAPACITY_AND_CLASS_CONTRACT_READY,"numerical efficiency, costs, CO2 factor and hourly profile/availability"
2050,Base,CSUD,SOLAR_PV_ROOFTOP,Generator,11145.574855252,true,false,NONE,true,solar_pv_rooftop,true,NOT_APPLICABLE_VRE,false,ZERO_OPERATIONAL_CO2,false,MC_VRE,false,PROFILE_SOLAR_PV_ROOFTOP,false,true,STATIC_CLASS_CONTRACT_READY; NUMERICAL_ASSUMPTIONS_PENDING,STATIC_CAPACITY_AND_CLASS_CONTRACT_READY,"numerical efficiency, costs, CO2 factor and hourly profile/availability"
2050,Base,SUD,SOLAR_PV_ROOFTOP,Generator,3444.995864351,true,false,NONE,true,solar_pv_rooftop,true,NOT_APPLICABLE_VRE,false,ZERO_OPERATIONAL_CO2,false,MC_VRE,false,PROFILE_SOLAR_PV_ROOFTOP,false,true,STATIC_CLASS_CONTRACT_READY; NUMERICAL_ASSUMPTIONS_PENDING,STATIC_CAPACITY_AND_CLASS_CONTRACT_READY,"numerical efficiency, costs, CO2 factor and hourly profile/availability"
2050,Base,CALA,SOLAR_PV_ROOFTOP,Generator,2229.11497105,true,false,NONE,true,solar_pv_rooftop,true,NOT_APPLICABLE_VRE,false,ZERO_OPERATIONAL_CO2,false,MC_VRE,false,PROFILE_SOLAR_PV_ROOFTOP,false,true,STATIC_CLASS_CONTRACT_READY; NUMERICAL_ASSUMPTIONS_PENDING,STATIC_CAPACITY_AND_CLASS_CONTRACT_READY,"numerical efficiency, costs, CO2 factor and hourly profile/availability"
2050,Base,SICI,SOLAR_PV_ROOFTOP,Generator,6687.344913151,true,false,NONE,true,solar_pv_rooftop,true,NOT_APPLICABLE_VRE,false,ZERO_OPERATIONAL_CO2,false,MC_VRE,false,PROFILE_SOLAR_PV_ROOFTOP,false,true,STATIC_CLASS_CONTRACT_READY; NUMERICAL_ASSUMPTIONS_PENDING,STATIC_CAPACITY_AND_CLASS_CONTRACT_READY,"numerical efficiency, costs, CO2 factor and hourly profile/availability"
2050,Base,SARD,SOLAR_PV_ROOFTOP,Generator,3444.995864351,true,false,NONE,true,solar_pv_rooftop,true,NOT_APPLICABLE_VRE,false,ZERO_OPERATIONAL_CO2,false,MC_VRE,false,PROFILE_SOLAR_PV_ROOFTOP,false,true,STATIC_CLASS_CONTRACT_READY; NUMERICAL_ASSUMPTIONS_PENDING,STATIC_CAPACITY_AND_CLASS_CONTRACT_READY,"numerical efficiency, costs, CO2 factor and hourly profile/availability"
2050,Base,NORD,SOLAR_PV_UTILITY,Generator,35057.899090157,true,false,NONE,true,solar_pv_utility,true,NOT_APPLICABLE_VRE,false,ZERO_OPERATIONAL_CO2,false,MC_VRE,false,PROFILE_SOLAR_PV_UTILITY,false,true,STATIC_CLASS_CONTRACT_READY; NUMERICAL_ASSUMPTIONS_PENDING,STATIC_CAPACITY_AND_CLASS_CONTRACT_READY,"numerical efficiency, costs, CO2 factor and hourly profile/availability"
2050,Base,CNOR,SOLAR_PV_UTILITY,Generator,12766.749379653,true,false,NONE,true,solar_pv_utility,true,NOT_APPLICABLE_VRE,false,ZERO_OPERATIONAL_CO2,false,MC_VRE,false,PROFILE_SOLAR_PV_UTILITY,false,true,STATIC_CLASS_CONTRACT_READY; NUMERICAL_ASSUMPTIONS_PENDING,STATIC_CAPACITY_AND_CLASS_CONTRACT_READY,"numerical efficiency, costs, CO2 factor and hourly profile/availability"
2050,Base,CSUD,SOLAR_PV_UTILITY,Generator,29586.435070306,true,false,NONE,true,solar_pv_utility,true,NOT_APPLICABLE_VRE,false,ZERO_OPERATIONAL_CO2,false,MC_VRE,false,PROFILE_SOLAR_PV_UTILITY,false,true,STATIC_CLASS_CONTRACT_READY; NUMERICAL_ASSUMPTIONS_PENDING,STATIC_CAPACITY_AND_CLASS_CONTRACT_READY,"numerical efficiency, costs, CO2 factor and hourly profile/availability"
2050,Base,SUD,SOLAR_PV_UTILITY,Generator,39110.835401158,true,false,NONE,true,solar_pv_utility,true,NOT_APPLICABLE_VRE,false,ZERO_OPERATIONAL_CO2,false,MC_VRE,false,PROFILE_SOLAR_PV_UTILITY,false,true,STATIC_CLASS_CONTRACT_READY; NUMERICAL_ASSUMPTIONS_PENDING,STATIC_CAPACITY_AND_CLASS_CONTRACT_READY,"numerical efficiency, costs, CO2 factor and hourly profile/availability"
2050,Base,CALA,SOLAR_PV_UTILITY,Generator,5066.170388751,true,false,NONE,true,solar_pv_utility,true,NOT_APPLICABLE_VRE,false,ZERO_OPERATIONAL_CO2,false,MC_VRE,false,PROFILE_SOLAR_PV_UTILITY,false,true,STATIC_CLASS_CONTRACT_READY; NUMERICAL_ASSUMPTIONS_PENDING,STATIC_CAPACITY_AND_CLASS_CONTRACT_READY,"numerical efficiency, costs, CO2 factor and hourly profile/availability"
2050,Base,SICI,SOLAR_PV_UTILITY,Generator,23304.383788255,true,false,NONE,true,solar_pv_utility,true,NOT_APPLICABLE_VRE,false,ZERO_OPERATIONAL_CO2,false,MC_VRE,false,PROFILE_SOLAR_PV_UTILITY,false,true,STATIC_CLASS_CONTRACT_READY; NUMERICAL_ASSUMPTIONS_PENDING,STATIC_CAPACITY_AND_CLASS_CONTRACT_READY,"numerical efficiency, costs, CO2 factor and hourly profile/availability"
2050,Base,SARD,SOLAR_PV_UTILITY,Generator,15603.804797353,true,false,NONE,true,solar_pv_utility,true,NOT_APPLICABLE_VRE,false,ZERO_OPERATIONAL_CO2,false,MC_VRE,false,PROFILE_SOLAR_PV_UTILITY,false,true,STATIC_CLASS_CONTRACT_READY; NUMERICAL_ASSUMPTIONS_PENDING,STATIC_CAPACITY_AND_CLASS_CONTRACT_READY,"numerical efficiency, costs, CO2 factor and hourly profile/availability"
2050,Base,NORD,WIND_ONSHORE,Generator,633.431085044,true,false,NONE,true,wind_onshore,true,NOT_APPLICABLE_VRE,false,ZERO_OPERATIONAL_CO2,false,MC_VRE,false,PROFILE_WIND_ONSHORE,false,true,STATIC_CLASS_CONTRACT_READY; NUMERICAL_ASSUMPTIONS_PENDING,STATIC_CAPACITY_AND_CLASS_CONTRACT_READY,"numerical efficiency, costs, CO2 factor and hourly profile/availability"
2050,Base,CNOR,WIND_ONSHORE,Generator,422.287390029,true,false,NONE,true,wind_onshore,true,NOT_APPLICABLE_VRE,false,ZERO_OPERATIONAL_CO2,false,MC_VRE,false,PROFILE_WIND_ONSHORE,false,true,STATIC_CLASS_CONTRACT_READY; NUMERICAL_ASSUMPTIONS_PENDING,STATIC_CAPACITY_AND_CLASS_CONTRACT_READY,"numerical efficiency, costs, CO2 factor and hourly profile/availability"
2050,Base,CSUD,WIND_ONSHORE,Generator,7178.885630499,true,false,NONE,true,wind_onshore,true,NOT_APPLICABLE_VRE,false,ZERO_OPERATIONAL_CO2,false,MC_VRE,false,PROFILE_WIND_ONSHORE,false,true,STATIC_CLASS_CONTRACT_READY; NUMERICAL_ASSUMPTIONS_PENDING,STATIC_CAPACITY_AND_CLASS_CONTRACT_READY,"numerical efficiency, costs, CO2 factor and hourly profile/availability"
2050,Base,SUD,WIND_ONSHORE,Generator,13935.483870968,true,false,NONE,true,wind_onshore,true,NOT_APPLICABLE_VRE,false,ZERO_OPERATIONAL_CO2,false,MC_VRE,false,PROFILE_WIND_ONSHORE,false,true,STATIC_CLASS_CONTRACT_READY; NUMERICAL_ASSUMPTIONS_PENDING,STATIC_CAPACITY_AND_CLASS_CONTRACT_READY,"numerical efficiency, costs, CO2 factor and hourly profile/availability"
2050,Base,CALA,WIND_ONSHORE,Generator,3483.870967742,true,false,NONE,true,wind_onshore,true,NOT_APPLICABLE_VRE,false,ZERO_OPERATIONAL_CO2,false,MC_VRE,false,PROFILE_WIND_ONSHORE,false,true,STATIC_CLASS_CONTRACT_READY; NUMERICAL_ASSUMPTIONS_PENDING,STATIC_CAPACITY_AND_CLASS_CONTRACT_READY,"numerical efficiency, costs, CO2 factor and hourly profile/availability"
2050,Base,SICI,WIND_ONSHORE,Generator,6651.026392962,true,false,NONE,true,wind_onshore,true,NOT_APPLICABLE_VRE,false,ZERO_OPERATIONAL_CO2,false,MC_VRE,false,PROFILE_WIND_ONSHORE,false,true,STATIC_CLASS_CONTRACT_READY; NUMERICAL_ASSUMPTIONS_PENDING,STATIC_CAPACITY_AND_CLASS_CONTRACT_READY,"numerical efficiency, costs, CO2 factor and hourly profile/availability"
2050,Base,SARD,WIND_ONSHORE,Generator,3695.014662757,true,false,NONE,true,wind_onshore,true,NOT_APPLICABLE_VRE,false,ZERO_OPERATIONAL_CO2,false,MC_VRE,false,PROFILE_WIND_ONSHORE,false,true,STATIC_CLASS_CONTRACT_READY; NUMERICAL_ASSUMPTIONS_PENDING,STATIC_CAPACITY_AND_CLASS_CONTRACT_READY,"numerical efficiency, costs, CO2 factor and hourly profile/availability"
2050,Base,NORD,WIND_OFFSHORE,Generator,1480.263157895,true,false,NONE,true,wind_offshore,true,NOT_APPLICABLE_VRE,false,ZERO_OPERATIONAL_CO2,false,MC_VRE,false,PROFILE_WIND_OFFSHORE,false,true,STATIC_CLASS_CONTRACT_READY; NUMERICAL_ASSUMPTIONS_PENDING,STATIC_CAPACITY_AND_CLASS_CONTRACT_READY,"numerical efficiency, costs, CO2 factor and hourly profile/availability"
2050,Base,CNOR,WIND_OFFSHORE,Generator,789.473684211,true,false,NONE,true,wind_offshore,true,NOT_APPLICABLE_VRE,false,ZERO_OPERATIONAL_CO2,false,MC_VRE,false,PROFILE_WIND_OFFSHORE,false,true,STATIC_CLASS_CONTRACT_READY; NUMERICAL_ASSUMPTIONS_PENDING,STATIC_CAPACITY_AND_CLASS_CONTRACT_READY,"numerical efficiency, costs, CO2 factor and hourly profile/availability"
2050,Base,CSUD,WIND_OFFSHORE,Generator,1578.947368421,true,false,NONE,true,wind_offshore,true,NOT_APPLICABLE_VRE,false,ZERO_OPERATIONAL_CO2,false,MC_VRE,false,PROFILE_WIND_OFFSHORE,false,true,STATIC_CLASS_CONTRACT_READY; NUMERICAL_ASSUMPTIONS_PENDING,STATIC_CAPACITY_AND_CLASS_CONTRACT_READY,"numerical efficiency, costs, CO2 factor and hourly profile/availability"
2050,Base,SUD,WIND_OFFSHORE,Generator,4638.157894737,true,false,NONE,true,wind_offshore,true,NOT_APPLICABLE_VRE,false,ZERO_OPERATIONAL_CO2,false,MC_VRE,false,PROFILE_WIND_OFFSHORE,false,true,STATIC_CLASS_CONTRACT_READY; NUMERICAL_ASSUMPTIONS_PENDING,STATIC_CAPACITY_AND_CLASS_CONTRACT_READY,"numerical efficiency, costs, CO2 factor and hourly profile/availability"
2050,Base,CALA,WIND_OFFSHORE,Generator,592.105263158,true,false,NONE,true,wind_offshore,true,NOT_APPLICABLE_VRE,false,ZERO_OPERATIONAL_CO2,false,MC_VRE,false,PROFILE_WIND_OFFSHORE,false,true,STATIC_CLASS_CONTRACT_READY; NUMERICAL_ASSUMPTIONS_PENDING,STATIC_CAPACITY_AND_CLASS_CONTRACT_READY,"numerical efficiency, costs, CO2 factor and hourly profile/availability"
2050,Base,SICI,WIND_OFFSHORE,Generator,2960.526315789,true,false,NONE,true,wind_offshore,true,NOT_APPLICABLE_VRE,false,ZERO_OPERATIONAL_CO2,false,MC_VRE,false,PROFILE_WIND_OFFSHORE,false,true,STATIC_CLASS_CONTRACT_READY; NUMERICAL_ASSUMPTIONS_PENDING,STATIC_CAPACITY_AND_CLASS_CONTRACT_READY,"numerical efficiency, costs, CO2 factor and hourly profile/availability"
2050,Base,SARD,WIND_OFFSHORE,Generator,2960.526315789,true,false,NONE,true,wind_offshore,true,NOT_APPLICABLE_VRE,false,ZERO_OPERATIONAL_CO2,false,MC_VRE,false,PROFILE_WIND_OFFSHORE,false,true,STATIC_CLASS_CONTRACT_READY; NUMERICAL_ASSUMPTIONS_PENDING,STATIC_CAPACITY_AND_CLASS_CONTRACT_READY,"numerical efficiency, costs, CO2 factor and hourly profile/availability"
2050,Base,NORD,HYDRO_RUN_OF_RIVER,Generator,5228.210866305,true,false,WATER_INFLOW,true,hydro_run_of_river,true,EFF_HYDRO_TURBINE,false,ZERO_OPERATIONAL_CO2,false,MC_HYDRO,false,PROFILE_HYDRO_ROR_INFLOW,false,true,STATIC_CLASS_CONTRACT_READY; NUMERICAL_ASSUMPTIONS_PENDING,STATIC_CAPACITY_AND_CLASS_CONTRACT_READY,"numerical efficiency, costs, CO2 factor and hourly profile/availability"
2050,Base,CNOR,HYDRO_RUN_OF_RIVER,Generator,209.314034422,true,false,WATER_INFLOW,true,hydro_run_of_river,true,EFF_HYDRO_TURBINE,false,ZERO_OPERATIONAL_CO2,false,MC_HYDRO,false,PROFILE_HYDRO_ROR_INFLOW,false,true,STATIC_CLASS_CONTRACT_READY; NUMERICAL_ASSUMPTIONS_PENDING,STATIC_CAPACITY_AND_CLASS_CONTRACT_READY,"numerical efficiency, costs, CO2 factor and hourly profile/availability"
2050,Base,CSUD,HYDRO_RUN_OF_RIVER,Generator,579.820027388,true,false,WATER_INFLOW,true,hydro_run_of_river,true,EFF_HYDRO_TURBINE,false,ZERO_OPERATIONAL_CO2,false,MC_HYDRO,false,PROFILE_HYDRO_ROR_INFLOW,false,true,STATIC_CLASS_CONTRACT_READY; NUMERICAL_ASSUMPTIONS_PENDING,STATIC_CAPACITY_AND_CLASS_CONTRACT_READY,"numerical efficiency, costs, CO2 factor and hourly profile/availability"
2050,Base,SUD,HYDRO_RUN_OF_RIVER,Generator,45.411334869,true,false,WATER_INFLOW,true,hydro_run_of_river,true,EFF_HYDRO_TURBINE,false,ZERO_OPERATIONAL_CO2,false,MC_HYDRO,false,PROFILE_HYDRO_ROR_INFLOW,false,true,STATIC_CLASS_CONTRACT_READY; NUMERICAL_ASSUMPTIONS_PENDING,STATIC_CAPACITY_AND_CLASS_CONTRACT_READY,"numerical efficiency, costs, CO2 factor and hourly profile/availability"
2050,Base,CALA,HYDRO_RUN_OF_RIVER,Generator,106.743829899,true,false,WATER_INFLOW,true,hydro_run_of_river,true,EFF_HYDRO_TURBINE,false,ZERO_OPERATIONAL_CO2,false,MC_HYDRO,false,PROFILE_HYDRO_ROR_INFLOW,false,true,STATIC_CLASS_CONTRACT_READY; NUMERICAL_ASSUMPTIONS_PENDING,STATIC_CAPACITY_AND_CLASS_CONTRACT_READY,"numerical efficiency, costs, CO2 factor and hourly profile/availability"
2050,Base,SICI,HYDRO_RUN_OF_RIVER,Generator,31.552391362,true,false,WATER_INFLOW,true,hydro_run_of_river,true,EFF_HYDRO_TURBINE,false,ZERO_OPERATIONAL_CO2,false,MC_HYDRO,false,PROFILE_HYDRO_ROR_INFLOW,false,true,STATIC_CLASS_CONTRACT_READY; NUMERICAL_ASSUMPTIONS_PENDING,STATIC_CAPACITY_AND_CLASS_CONTRACT_READY,"numerical efficiency, costs, CO2 factor and hourly profile/availability"
2050,Base,SARD,HYDRO_RUN_OF_RIVER,Generator,37.947515755,true,false,WATER_INFLOW,true,hydro_run_of_river,true,EFF_HYDRO_TURBINE,false,ZERO_OPERATIONAL_CO2,false,MC_HYDRO,false,PROFILE_HYDRO_ROR_INFLOW,false,true,STATIC_CLASS_CONTRACT_READY; NUMERICAL_ASSUMPTIONS_PENDING,STATIC_CAPACITY_AND_CLASS_CONTRACT_READY,"numerical efficiency, costs, CO2 factor and hourly profile/availability"
2050,Base,NORD,HYDRO_BASIN,Water Store + turbine Link + inflow,3512.208833846,true,false,WATER,true,hydro_basin,true,EFF_HYDRO_CLASS,false,ZERO_OPERATIONAL_CO2,false,MC_HYDRO,false,PROFILE_HYDRO_INFLOW_AND_SOC,false,true,PARTIAL_OPERATIONAL_PARAMETERS,STATIC_CAPACITY_AND_CLASS_CONTRACT_READY,e_nom/pump/efficiency/inflow/SOC or duration as applicable
2050,Base,CNOR,HYDRO_BASIN,Water Store + turbine Link + inflow,238.064607896,true,false,WATER,true,hydro_basin,true,EFF_HYDRO_CLASS,false,ZERO_OPERATIONAL_CO2,false,MC_HYDRO,false,PROFILE_HYDRO_INFLOW_AND_SOC,false,true,PARTIAL_OPERATIONAL_PARAMETERS,STATIC_CAPACITY_AND_CLASS_CONTRACT_READY,e_nom/pump/efficiency/inflow/SOC or duration as applicable
2050,Base,CSUD,HYDRO_BASIN,Water Store + turbine Link + inflow,582.887284562,true,false,WATER,true,hydro_basin,true,EFF_HYDRO_CLASS,false,ZERO_OPERATIONAL_CO2,false,MC_HYDRO,false,PROFILE_HYDRO_INFLOW_AND_SOC,false,true,PARTIAL_OPERATIONAL_PARAMETERS,STATIC_CAPACITY_AND_CLASS_CONTRACT_READY,e_nom/pump/efficiency/inflow/SOC or duration as applicable
2050,Base,SUD,HYDRO_BASIN,Water Store + turbine Link + inflow,103.488209848,true,false,WATER,true,hydro_basin,true,EFF_HYDRO_CLASS,false,ZERO_OPERATIONAL_CO2,false,MC_HYDRO,false,PROFILE_HYDRO_INFLOW_AND_SOC,false,true,PARTIAL_OPERATIONAL_PARAMETERS,STATIC_CAPACITY_AND_CLASS_CONTRACT_READY,e_nom/pump/efficiency/inflow/SOC or duration as applicable
2050,Base,CALA,HYDRO_BASIN,Water Store + turbine Link + inflow,417.949832196,true,false,WATER,true,hydro_basin,true,EFF_HYDRO_CLASS,false,ZERO_OPERATIONAL_CO2,false,MC_HYDRO,false,PROFILE_HYDRO_INFLOW_AND_SOC,false,true,PARTIAL_OPERATIONAL_PARAMETERS,STATIC_CAPACITY_AND_CLASS_CONTRACT_READY,e_nom/pump/efficiency/inflow/SOC or duration as applicable
2050,Base,SICI,HYDRO_BASIN,Water Store + turbine Link + inflow,58.808504061,true,false,WATER,true,hydro_basin,true,EFF_HYDRO_CLASS,false,ZERO_OPERATIONAL_CO2,false,MC_HYDRO,false,PROFILE_HYDRO_INFLOW_AND_SOC,false,true,PARTIAL_OPERATIONAL_PARAMETERS,STATIC_CAPACITY_AND_CLASS_CONTRACT_READY,e_nom/pump/efficiency/inflow/SOC or duration as applicable
2050,Base,SARD,HYDRO_BASIN,Water Store + turbine Link + inflow,106.492727593,true,false,WATER,true,hydro_basin,true,EFF_HYDRO_CLASS,false,ZERO_OPERATIONAL_CO2,false,MC_HYDRO,false,PROFILE_HYDRO_INFLOW_AND_SOC,false,true,PARTIAL_OPERATIONAL_PARAMETERS,STATIC_CAPACITY_AND_CLASS_CONTRACT_READY,e_nom/pump/efficiency/inflow/SOC or duration as applicable
2050,Base,NORD,HYDRO_RESERVOIR,Water Store + turbine Link + inflow,3669.318175474,true,false,WATER,true,hydro_reservoir,true,EFF_HYDRO_CLASS,false,ZERO_OPERATIONAL_CO2,false,MC_HYDRO,false,PROFILE_HYDRO_INFLOW_AND_SOC,false,true,PARTIAL_OPERATIONAL_PARAMETERS,STATIC_CAPACITY_AND_CLASS_CONTRACT_READY,e_nom/pump/efficiency/inflow/SOC or duration as applicable
2050,Base,CNOR,HYDRO_RESERVOIR,Water Store + turbine Link + inflow,175.818907682,true,false,WATER,true,hydro_reservoir,true,EFF_HYDRO_CLASS,false,ZERO_OPERATIONAL_CO2,false,MC_HYDRO,false,PROFILE_HYDRO_INFLOW_AND_SOC,false,true,PARTIAL_OPERATIONAL_PARAMETERS,STATIC_CAPACITY_AND_CLASS_CONTRACT_READY,e_nom/pump/efficiency/inflow/SOC or duration as applicable
2050,Base,CSUD,HYDRO_RESERVOIR,Water Store + turbine Link + inflow,430.482324018,true,false,WATER,true,hydro_reservoir,true,EFF_HYDRO_CLASS,false,ZERO_OPERATIONAL_CO2,false,MC_HYDRO,false,PROFILE_HYDRO_INFLOW_AND_SOC,false,true,PARTIAL_OPERATIONAL_PARAMETERS,STATIC_CAPACITY_AND_CLASS_CONTRACT_READY,e_nom/pump/efficiency/inflow/SOC or duration as applicable
2050,Base,SUD,HYDRO_RESERVOIR,Water Store + turbine Link + inflow,76.429605283,true,false,WATER,true,hydro_reservoir,true,EFF_HYDRO_CLASS,false,ZERO_OPERATIONAL_CO2,false,MC_HYDRO,false,PROFILE_HYDRO_INFLOW_AND_SOC,false,true,PARTIAL_OPERATIONAL_PARAMETERS,STATIC_CAPACITY_AND_CLASS_CONTRACT_READY,e_nom/pump/efficiency/inflow/SOC or duration as applicable
2050,Base,CALA,HYDRO_RESERVOIR,Water Store + turbine Link + inflow,308.670337905,true,false,WATER,true,hydro_reservoir,true,EFF_HYDRO_CLASS,false,ZERO_OPERATIONAL_CO2,false,MC_HYDRO,false,PROFILE_HYDRO_INFLOW_AND_SOC,false,true,PARTIAL_OPERATIONAL_PARAMETERS,STATIC_CAPACITY_AND_CLASS_CONTRACT_READY,e_nom/pump/efficiency/inflow/SOC or duration as applicable
2050,Base,SICI,HYDRO_RESERVOIR,Water Store + turbine Link + inflow,43.432104578,true,false,WATER,true,hydro_reservoir,true,EFF_HYDRO_CLASS,false,ZERO_OPERATIONAL_CO2,false,MC_HYDRO,false,PROFILE_HYDRO_INFLOW_AND_SOC,false,true,PARTIAL_OPERATIONAL_PARAMETERS,STATIC_CAPACITY_AND_CLASS_CONTRACT_READY,e_nom/pump/efficiency/inflow/SOC or duration as applicable
2050,Base,SARD,HYDRO_RESERVOIR,Water Store + turbine Link + inflow,78.64854506,true,false,WATER,true,hydro_reservoir,true,EFF_HYDRO_CLASS,false,ZERO_OPERATIONAL_CO2,false,MC_HYDRO,false,PROFILE_HYDRO_INFLOW_AND_SOC,false,true,PARTIAL_OPERATIONAL_PARAMETERS,STATIC_CAPACITY_AND_CLASS_CONTRACT_READY,e_nom/pump/efficiency/inflow/SOC or duration as applicable
2050,Base,NORD,PUMPED_HYDRO_PURE,Shared water Store + pump Link + turbine Link,2393.185354581,true,false,WATER,true,pumped_hydro_pure,true,EFF_HYDRO_CLASS,false,ZERO_OPERATIONAL_CO2,false,MC_HYDRO,false,PROFILE_HYDRO_INFLOW_AND_SOC,false,true,PARTIAL_OPERATIONAL_PARAMETERS,STATIC_CAPACITY_AND_CLASS_CONTRACT_READY,e_nom/pump/efficiency/inflow/SOC or duration as applicable
2050,Base,CNOR,PUMPED_HYDRO_PURE,Shared water Store + pump Link + turbine Link,0,true,false,WATER,true,pumped_hydro_pure,true,EFF_HYDRO_CLASS,false,ZERO_OPERATIONAL_CO2,false,MC_HYDRO,false,PROFILE_HYDRO_INFLOW_AND_SOC,false,true,PARTIAL_OPERATIONAL_PARAMETERS,STATIC_CAPACITY_AND_CLASS_CONTRACT_READY,e_nom/pump/efficiency/inflow/SOC or duration as applicable
2050,Base,CSUD,PUMPED_HYDRO_PURE,Shared water Store + pump Link + turbine Link,995.915669822,true,false,WATER,true,pumped_hydro_pure,true,EFF_HYDRO_CLASS,false,ZERO_OPERATIONAL_CO2,false,MC_HYDRO,false,PROFILE_HYDRO_INFLOW_AND_SOC,false,true,PARTIAL_OPERATIONAL_PARAMETERS,STATIC_CAPACITY_AND_CLASS_CONTRACT_READY,e_nom/pump/efficiency/inflow/SOC or duration as applicable
2050,Base,SUD,PUMPED_HYDRO_PURE,Shared water Store + pump Link + turbine Link,0,true,false,WATER,true,pumped_hydro_pure,true,EFF_HYDRO_CLASS,false,ZERO_OPERATIONAL_CO2,false,MC_HYDRO,false,PROFILE_HYDRO_INFLOW_AND_SOC,false,true,PARTIAL_OPERATIONAL_PARAMETERS,STATIC_CAPACITY_AND_CLASS_CONTRACT_READY,e_nom/pump/efficiency/inflow/SOC or duration as applicable
2050,Base,CALA,PUMPED_HYDRO_PURE,Shared water Store + pump Link + turbine Link,0,true,false,WATER,true,pumped_hydro_pure,true,EFF_HYDRO_CLASS,false,ZERO_OPERATIONAL_CO2,false,MC_HYDRO,false,PROFILE_HYDRO_INFLOW_AND_SOC,false,true,PARTIAL_OPERATIONAL_PARAMETERS,STATIC_CAPACITY_AND_CLASS_CONTRACT_READY,e_nom/pump/efficiency/inflow/SOC or duration as applicable
2050,Base,SICI,PUMPED_HYDRO_PURE,Shared water Store + pump Link + turbine Link,580.474585597,true,false,WATER,true,pumped_hydro_pure,true,EFF_HYDRO_CLASS,false,ZERO_OPERATIONAL_CO2,false,MC_HYDRO,false,PROFILE_HYDRO_INFLOW_AND_SOC,false,true,PARTIAL_OPERATIONAL_PARAMETERS,STATIC_CAPACITY_AND_CLASS_CONTRACT_READY,e_nom/pump/efficiency/inflow/SOC or duration as applicable
2050,Base,SARD,PUMPED_HYDRO_PURE,Shared water Store + pump Link + turbine Link,0,true,false,WATER,true,pumped_hydro_pure,true,EFF_HYDRO_CLASS,false,ZERO_OPERATIONAL_CO2,false,MC_HYDRO,false,PROFILE_HYDRO_INFLOW_AND_SOC,false,true,PARTIAL_OPERATIONAL_PARAMETERS,STATIC_CAPACITY_AND_CLASS_CONTRACT_READY,e_nom/pump/efficiency/inflow/SOC or duration as applicable
2050,Base,NORD,PUMPED_HYDRO_MIXED,Shared water Store + pump Link + turbine Link,2305.444434376,true,false,WATER,true,pumped_hydro_mixed,true,EFF_HYDRO_CLASS,false,ZERO_OPERATIONAL_CO2,false,MC_HYDRO,false,PROFILE_HYDRO_INFLOW_AND_SOC,false,true,PARTIAL_OPERATIONAL_PARAMETERS,STATIC_CAPACITY_AND_CLASS_CONTRACT_READY,e_nom/pump/efficiency/inflow/SOC or duration as applicable
2050,Base,CNOR,PUMPED_HYDRO_MIXED,Shared water Store + pump Link + turbine Link,0,true,false,WATER,true,pumped_hydro_mixed,true,EFF_HYDRO_CLASS,false,ZERO_OPERATIONAL_CO2,false,MC_HYDRO,false,PROFILE_HYDRO_INFLOW_AND_SOC,false,true,PARTIAL_OPERATIONAL_PARAMETERS,STATIC_CAPACITY_AND_CLASS_CONTRACT_READY,e_nom/pump/efficiency/inflow/SOC or duration as applicable
2050,Base,CSUD,PUMPED_HYDRO_MIXED,Shared water Store + pump Link + turbine Link,736.949744032,true,false,WATER,true,pumped_hydro_mixed,true,EFF_HYDRO_CLASS,false,ZERO_OPERATIONAL_CO2,false,MC_HYDRO,false,PROFILE_HYDRO_INFLOW_AND_SOC,false,true,PARTIAL_OPERATIONAL_PARAMETERS,STATIC_CAPACITY_AND_CLASS_CONTRACT_READY,e_nom/pump/efficiency/inflow/SOC or duration as applicable
2050,Base,SUD,PUMPED_HYDRO_MIXED,Shared water Store + pump Link + turbine Link,0,true,false,WATER,true,pumped_hydro_mixed,true,EFF_HYDRO_CLASS,false,ZERO_OPERATIONAL_CO2,false,MC_HYDRO,false,PROFILE_HYDRO_INFLOW_AND_SOC,false,true,PARTIAL_OPERATIONAL_PARAMETERS,STATIC_CAPACITY_AND_CLASS_CONTRACT_READY,e_nom/pump/efficiency/inflow/SOC or duration as applicable
2050,Base,CALA,PUMPED_HYDRO_MIXED,Shared water Store + pump Link + turbine Link,0,true,false,WATER,true,pumped_hydro_mixed,true,EFF_HYDRO_CLASS,false,ZERO_OPERATIONAL_CO2,false,MC_HYDRO,false,PROFILE_HYDRO_INFLOW_AND_SOC,false,true,PARTIAL_OPERATIONAL_PARAMETERS,STATIC_CAPACITY_AND_CLASS_CONTRACT_READY,e_nom/pump/efficiency/inflow/SOC or duration as applicable
2050,Base,SICI,PUMPED_HYDRO_MIXED,Shared water Store + pump Link + turbine Link,0,true,false,WATER,true,pumped_hydro_mixed,true,EFF_HYDRO_CLASS,false,ZERO_OPERATIONAL_CO2,false,MC_HYDRO,false,PROFILE_HYDRO_INFLOW_AND_SOC,false,true,PARTIAL_OPERATIONAL_PARAMETERS,STATIC_CAPACITY_AND_CLASS_CONTRACT_READY,e_nom/pump/efficiency/inflow/SOC or duration as applicable
2050,Base,SARD,PUMPED_HYDRO_MIXED,Shared water Store + pump Link + turbine Link,240.330211592,true,false,WATER,true,pumped_hydro_mixed,true,EFF_HYDRO_CLASS,false,ZERO_OPERATIONAL_CO2,false,MC_HYDRO,false,PROFILE_HYDRO_INFLOW_AND_SOC,false,true,PARTIAL_OPERATIONAL_PARAMETERS,STATIC_CAPACITY_AND_CLASS_CONTRACT_READY,e_nom/pump/efficiency/inflow/SOC or duration as applicable
2050,Base,NORD,BESS,Electricity Store + charge/discharge Links,3801.617944475,true,false,ELECTRICITY,true,battery_storage,true,EFF_BESS_ROUNDTRIP,false,ZERO_DIRECT_CO2,false,MC_STORAGE,false,STORAGE_SOC,false,true,PARTIAL_OPERATIONAL_PARAMETERS,STATIC_CAPACITY_AND_CLASS_CONTRACT_READY,e_nom/pump/efficiency/inflow/SOC or duration as applicable
2050,Base,CNOR,BESS,Electricity Store + charge/discharge Links,1310.902739474,true,false,ELECTRICITY,true,battery_storage,true,EFF_BESS_ROUNDTRIP,false,ZERO_DIRECT_CO2,false,MC_STORAGE,false,STORAGE_SOC,false,true,PARTIAL_OPERATIONAL_PARAMETERS,STATIC_CAPACITY_AND_CLASS_CONTRACT_READY,e_nom/pump/efficiency/inflow/SOC or duration as applicable
2050,Base,CSUD,BESS,Electricity Store + charge/discharge Links,6869.130354845,true,false,ELECTRICITY,true,battery_storage,true,EFF_BESS_ROUNDTRIP,false,ZERO_DIRECT_CO2,false,MC_STORAGE,false,STORAGE_SOC,false,true,PARTIAL_OPERATIONAL_PARAMETERS,STATIC_CAPACITY_AND_CLASS_CONTRACT_READY,e_nom/pump/efficiency/inflow/SOC or duration as applicable
2050,Base,SUD,BESS,Electricity Store + charge/discharge Links,12768.192682478,true,false,ELECTRICITY,true,battery_storage,true,EFF_BESS_ROUNDTRIP,false,ZERO_DIRECT_CO2,false,MC_STORAGE,false,STORAGE_SOC,false,true,PARTIAL_OPERATIONAL_PARAMETERS,STATIC_CAPACITY_AND_CLASS_CONTRACT_READY,e_nom/pump/efficiency/inflow/SOC or duration as applicable
2050,Base,CALA,BESS,Electricity Store + charge/discharge Links,2831.549917264,true,false,ELECTRICITY,true,battery_storage,true,EFF_BESS_ROUNDTRIP,false,ZERO_DIRECT_CO2,false,MC_STORAGE,false,STORAGE_SOC,false,true,PARTIAL_OPERATIONAL_PARAMETERS,STATIC_CAPACITY_AND_CLASS_CONTRACT_READY,e_nom/pump/efficiency/inflow/SOC or duration as applicable
2050,Base,SICI,BESS,Electricity Store + charge/discharge Links,9753.116381688,true,false,ELECTRICITY,true,battery_storage,true,EFF_BESS_ROUNDTRIP,false,ZERO_DIRECT_CO2,false,MC_STORAGE,false,STORAGE_SOC,false,true,PARTIAL_OPERATIONAL_PARAMETERS,STATIC_CAPACITY_AND_CLASS_CONTRACT_READY,e_nom/pump/efficiency/inflow/SOC or duration as applicable
2050,Base,SARD,BESS,Electricity Store + charge/discharge Links,6318.551204265,true,false,ELECTRICITY,true,battery_storage,true,EFF_BESS_ROUNDTRIP,false,ZERO_DIRECT_CO2,false,MC_STORAGE,false,STORAGE_SOC,false,true,PARTIAL_OPERATIONAL_PARAMETERS,STATIC_CAPACITY_AND_CLASS_CONTRACT_READY,e_nom/pump/efficiency/inflow/SOC or duration as applicable
2050,Base,NORD,BIOENERGY,Generator,4542.288621371,true,false,BIOENERGY,true,bioenergy,true,EFF_BIOENERGY,false,BIOGENIC_CO2_ACCOUNTING,false,MC_BIOENERGY,false,AVAIL_BIOENERGY,false,true,STATIC_CLASS_CONTRACT_READY; NUMERICAL_ASSUMPTIONS_PENDING,STATIC_CAPACITY_AND_CLASS_CONTRACT_READY,"numerical efficiency, costs, CO2 factor and hourly profile/availability"
2050,Base,CNOR,BIOENERGY,Generator,343.258566564,true,false,BIOENERGY,true,bioenergy,true,EFF_BIOENERGY,false,BIOGENIC_CO2_ACCOUNTING,false,MC_BIOENERGY,false,AVAIL_BIOENERGY,false,true,STATIC_CLASS_CONTRACT_READY; NUMERICAL_ASSUMPTIONS_PENDING,STATIC_CAPACITY_AND_CLASS_CONTRACT_READY,"numerical efficiency, costs, CO2 factor and hourly profile/availability"
2050,Base,CSUD,BIOENERGY,Generator,853.41991232,true,false,BIOENERGY,true,bioenergy,true,EFF_BIOENERGY,false,BIOGENIC_CO2_ACCOUNTING,false,MC_BIOENERGY,false,AVAIL_BIOENERGY,false,true,STATIC_CLASS_CONTRACT_READY; NUMERICAL_ASSUMPTIONS_PENDING,STATIC_CAPACITY_AND_CLASS_CONTRACT_READY,"numerical efficiency, costs, CO2 factor and hourly profile/availability"
2050,Base,SUD,BIOENERGY,Generator,853.850595084,true,false,BIOENERGY,true,bioenergy,true,EFF_BIOENERGY,false,BIOGENIC_CO2_ACCOUNTING,false,MC_BIOENERGY,false,AVAIL_BIOENERGY,false,true,STATIC_CLASS_CONTRACT_READY; NUMERICAL_ASSUMPTIONS_PENDING,STATIC_CAPACITY_AND_CLASS_CONTRACT_READY,"numerical efficiency, costs, CO2 factor and hourly profile/availability"
2050,Base,CALA,BIOENERGY,Generator,335.831107297,true,false,BIOENERGY,true,bioenergy,true,EFF_BIOENERGY,false,BIOGENIC_CO2_ACCOUNTING,false,MC_BIOENERGY,false,AVAIL_BIOENERGY,false,true,STATIC_CLASS_CONTRACT_READY; NUMERICAL_ASSUMPTIONS_PENDING,STATIC_CAPACITY_AND_CLASS_CONTRACT_READY,"numerical efficiency, costs, CO2 factor and hourly profile/availability"
2050,Base,SICI,BIOENERGY,Generator,132.916357988,true,false,BIOENERGY,true,bioenergy,true,EFF_BIOENERGY,false,BIOGENIC_CO2_ACCOUNTING,false,MC_BIOENERGY,false,AVAIL_BIOENERGY,false,true,STATIC_CLASS_CONTRACT_READY; NUMERICAL_ASSUMPTIONS_PENDING,STATIC_CAPACITY_AND_CLASS_CONTRACT_READY,"numerical efficiency, costs, CO2 factor and hourly profile/availability"
2050,Base,SARD,BIOENERGY,Generator,212.364886255,true,false,BIOENERGY,true,bioenergy,true,EFF_BIOENERGY,false,BIOGENIC_CO2_ACCOUNTING,false,MC_BIOENERGY,false,AVAIL_BIOENERGY,false,true,STATIC_CLASS_CONTRACT_READY; NUMERICAL_ASSUMPTIONS_PENDING,STATIC_CAPACITY_AND_CLASS_CONTRACT_READY,"numerical efficiency, costs, CO2 factor and hourly profile/availability"
2050,Base,NORD,BIOENERGY_CCS,Generator,2571.106766814,true,false,BIOENERGY,true,bioenergy_ccs,true,EFF_BIOENERGY_CCS,false,BIOGENIC_CCS_NET_NEGATIVE_CLASS,false,MC_BIOENERGY_CCS,false,AVAIL_BIOENERGY_CCS,false,true,STATIC_CLASS_CONTRACT_READY; NUMERICAL_ASSUMPTIONS_PENDING,STATIC_CAPACITY_AND_CLASS_CONTRACT_READY,"numerical efficiency, costs, CO2 factor and hourly profile/availability"
2050,Base,CNOR,BIOENERGY_CCS,Generator,194.297301828,true,false,BIOENERGY,true,bioenergy_ccs,true,EFF_BIOENERGY_CCS,false,BIOGENIC_CCS_NET_NEGATIVE_CLASS,false,MC_BIOENERGY_CCS,false,AVAIL_BIOENERGY_CCS,false,true,STATIC_CLASS_CONTRACT_READY; NUMERICAL_ASSUMPTIONS_PENDING,STATIC_CAPACITY_AND_CLASS_CONTRACT_READY,"numerical efficiency, costs, CO2 factor and hourly profile/availability"
2050,Base,CSUD,BIOENERGY_CCS,Generator,483.067874898,true,false,BIOENERGY,true,bioenergy_ccs,true,EFF_BIOENERGY_CCS,false,BIOGENIC_CCS_NET_NEGATIVE_CLASS,false,MC_BIOENERGY_CCS,false,AVAIL_BIOENERGY_CCS,false,true,STATIC_CLASS_CONTRACT_READY; NUMERICAL_ASSUMPTIONS_PENDING,STATIC_CAPACITY_AND_CLASS_CONTRACT_READY,"numerical efficiency, costs, CO2 factor and hourly profile/availability"
2050,Base,SUD,BIOENERGY_CCS,Generator,483.311657595,true,false,BIOENERGY,true,bioenergy_ccs,true,EFF_BIOENERGY_CCS,false,BIOGENIC_CCS_NET_NEGATIVE_CLASS,false,MC_BIOENERGY_CCS,false,AVAIL_BIOENERGY_CCS,false,true,STATIC_CLASS_CONTRACT_READY; NUMERICAL_ASSUMPTIONS_PENDING,STATIC_CAPACITY_AND_CLASS_CONTRACT_READY,"numerical efficiency, costs, CO2 factor and hourly profile/availability"
2050,Base,CALA,BIOENERGY_CCS,Generator,190.093079602,true,false,BIOENERGY,true,bioenergy_ccs,true,EFF_BIOENERGY_CCS,false,BIOGENIC_CCS_NET_NEGATIVE_CLASS,false,MC_BIOENERGY_CCS,false,AVAIL_BIOENERGY_CCS,false,true,STATIC_CLASS_CONTRACT_READY; NUMERICAL_ASSUMPTIONS_PENDING,STATIC_CAPACITY_AND_CLASS_CONTRACT_READY,"numerical efficiency, costs, CO2 factor and hourly profile/availability"
2050,Base,SICI,BIOENERGY_CCS,Generator,75.235674333,true,false,BIOENERGY,true,bioenergy_ccs,true,EFF_BIOENERGY_CCS,false,BIOGENIC_CCS_NET_NEGATIVE_CLASS,false,MC_BIOENERGY_CCS,false,AVAIL_BIOENERGY_CCS,false,true,STATIC_CLASS_CONTRACT_READY; NUMERICAL_ASSUMPTIONS_PENDING,STATIC_CAPACITY_AND_CLASS_CONTRACT_READY,"numerical efficiency, costs, CO2 factor and hourly profile/availability"
2050,Base,SARD,BIOENERGY_CCS,Generator,120.20653939,true,false,BIOENERGY,true,bioenergy_ccs,true,EFF_BIOENERGY_CCS,false,BIOGENIC_CCS_NET_NEGATIVE_CLASS,false,MC_BIOENERGY_CCS,false,AVAIL_BIOENERGY_CCS,false,true,STATIC_CLASS_CONTRACT_READY; NUMERICAL_ASSUMPTIONS_PENDING,STATIC_CAPACITY_AND_CLASS_CONTRACT_READY,"numerical efficiency, costs, CO2 factor and hourly profile/availability"
2050,Base,NORD,GAS_CCS,Generator,3516.377767001,true,false,METHANE,true,methane_ccs_ccgt,true,EFF_METHANE_CCGT_CCS,false,FOSSIL_CCS_RESIDUAL_CO2,false,MC_METHANE_CCS,false,AVAIL_THERMAL_CCGT_CCS,false,true,STATIC_CLASS_CONTRACT_READY; NUMERICAL_ASSUMPTIONS_PENDING,STATIC_CAPACITY_AND_CLASS_CONTRACT_READY,"numerical efficiency, costs, CO2 factor and hourly profile/availability"
2050,Base,CNOR,GAS_CCS,Generator,243.560931279,true,false,METHANE,true,methane_ccs_ccgt,true,EFF_METHANE_CCGT_CCS,false,FOSSIL_CCS_RESIDUAL_CO2,false,MC_METHANE_CCS,false,AVAIL_THERMAL_CCGT_CCS,false,true,STATIC_CLASS_CONTRACT_READY; NUMERICAL_ASSUMPTIONS_PENDING,STATIC_CAPACITY_AND_CLASS_CONTRACT_READY,"numerical efficiency, costs, CO2 factor and hourly profile/availability"
2050,Base,CSUD,GAS_CCS,Generator,964.647101768,true,false,METHANE,true,methane_ccs_ccgt,true,EFF_METHANE_CCGT_CCS,false,FOSSIL_CCS_RESIDUAL_CO2,false,MC_METHANE_CCS,false,AVAIL_THERMAL_CCGT_CCS,false,true,STATIC_CLASS_CONTRACT_READY; NUMERICAL_ASSUMPTIONS_PENDING,STATIC_CAPACITY_AND_CLASS_CONTRACT_READY,"numerical efficiency, costs, CO2 factor and hourly profile/availability"
2050,Base,SUD,GAS_CCS,Generator,674.038035664,true,false,METHANE,true,methane_ccs_ccgt,true,EFF_METHANE_CCGT_CCS,false,FOSSIL_CCS_RESIDUAL_CO2,false,MC_METHANE_CCS,false,AVAIL_THERMAL_CCGT_CCS,false,true,STATIC_CLASS_CONTRACT_READY; NUMERICAL_ASSUMPTIONS_PENDING,STATIC_CAPACITY_AND_CLASS_CONTRACT_READY,"numerical efficiency, costs, CO2 factor and hourly profile/availability"
2050,Base,CALA,GAS_CCS,Generator,492.887687322,true,false,METHANE,true,methane_ccs_ccgt,true,EFF_METHANE_CCGT_CCS,false,FOSSIL_CCS_RESIDUAL_CO2,false,MC_METHANE_CCS,false,AVAIL_THERMAL_CCGT_CCS,false,true,STATIC_CLASS_CONTRACT_READY; NUMERICAL_ASSUMPTIONS_PENDING,STATIC_CAPACITY_AND_CLASS_CONTRACT_READY,"numerical efficiency, costs, CO2 factor and hourly profile/availability"
2050,Base,SICI,GAS_CCS,Generator,462.056620428,true,false,METHANE,true,methane_ccs_ccgt,true,EFF_METHANE_CCGT_CCS,false,FOSSIL_CCS_RESIDUAL_CO2,false,MC_METHANE_CCS,false,AVAIL_THERMAL_CCGT_CCS,false,true,STATIC_CLASS_CONTRACT_READY; NUMERICAL_ASSUMPTIONS_PENDING,STATIC_CAPACITY_AND_CLASS_CONTRACT_READY,"numerical efficiency, costs, CO2 factor and hourly profile/availability"
2050,Base,SARD,GAS_CCS,Generator,96.898124513,true,false,METHANE,true,methane_ccs_ccgt,true,EFF_METHANE_CCGT_CCS,false,FOSSIL_CCS_RESIDUAL_CO2,false,MC_METHANE_CCS,false,AVAIL_THERMAL_CCGT_CCS,false,true,STATIC_CLASS_CONTRACT_READY; NUMERICAL_ASSUMPTIONS_PENDING,STATIC_CAPACITY_AND_CLASS_CONTRACT_READY,"numerical efficiency, costs, CO2 factor and hourly profile/availability"
2050,Base,NORD,GAS_OTHER_FOSSIL,Generator,850.138477546,true,false,METHANE,true,methane_gt_ocgt,true,EFF_METHANE_GT_OCGT,false,FOSSIL_METHANE_DIRECT_CO2,false,MC_METHANE_GT_OCGT,false,AVAIL_THERMAL_GT_OCGT,false,true,STATIC_CLASS_CONTRACT_READY; NUMERICAL_ASSUMPTIONS_PENDING,STATIC_CAPACITY_AND_CLASS_CONTRACT_READY,"numerical efficiency, costs, CO2 factor and hourly profile/availability"
2050,Base,CNOR,GAS_OTHER_FOSSIL,Generator,483.986138935,true,false,METHANE,true,methane_gt_ocgt,true,EFF_METHANE_GT_OCGT,false,FOSSIL_METHANE_DIRECT_CO2,false,MC_METHANE_GT_OCGT,false,AVAIL_THERMAL_GT_OCGT,false,true,STATIC_CLASS_CONTRACT_READY; NUMERICAL_ASSUMPTIONS_PENDING,STATIC_CAPACITY_AND_CLASS_CONTRACT_READY,"numerical efficiency, costs, CO2 factor and hourly profile/availability"
2050,Base,CSUD,GAS_OTHER_FOSSIL,Generator,776.49858148,true,false,METHANE,true,methane_gt_ocgt,true,EFF_METHANE_GT_OCGT,false,FOSSIL_METHANE_DIRECT_CO2,false,MC_METHANE_GT_OCGT,false,AVAIL_THERMAL_GT_OCGT,false,true,STATIC_CLASS_CONTRACT_READY; NUMERICAL_ASSUMPTIONS_PENDING,STATIC_CAPACITY_AND_CLASS_CONTRACT_READY,"numerical efficiency, costs, CO2 factor and hourly profile/availability"
2050,Base,SUD,GAS_OTHER_FOSSIL,Generator,258.533138507,true,false,METHANE,true,methane_gt_ocgt,true,EFF_METHANE_GT_OCGT,false,FOSSIL_METHANE_DIRECT_CO2,false,MC_METHANE_GT_OCGT,false,AVAIL_THERMAL_GT_OCGT,false,true,STATIC_CLASS_CONTRACT_READY; NUMERICAL_ASSUMPTIONS_PENDING,STATIC_CAPACITY_AND_CLASS_CONTRACT_READY,"numerical efficiency, costs, CO2 factor and hourly profile/availability"
2050,Base,CALA,GAS_OTHER_FOSSIL,Generator,218.270900589,true,false,METHANE,true,methane_gt_ocgt,true,EFF_METHANE_GT_OCGT,false,FOSSIL_METHANE_DIRECT_CO2,false,MC_METHANE_GT_OCGT,false,AVAIL_THERMAL_GT_OCGT,false,true,STATIC_CLASS_CONTRACT_READY; NUMERICAL_ASSUMPTIONS_PENDING,STATIC_CAPACITY_AND_CLASS_CONTRACT_READY,"numerical efficiency, costs, CO2 factor and hourly profile/availability"
2050,Base,SICI,GAS_OTHER_FOSSIL,Generator,658.71906795,true,false,METHANE,true,methane_gt_ocgt,true,EFF_METHANE_GT_OCGT,false,FOSSIL_METHANE_DIRECT_CO2,false,MC_METHANE_GT_OCGT,false,AVAIL_THERMAL_GT_OCGT,false,true,STATIC_CLASS_CONTRACT_READY; NUMERICAL_ASSUMPTIONS_PENDING,STATIC_CAPACITY_AND_CLASS_CONTRACT_READY,"numerical efficiency, costs, CO2 factor and hourly profile/availability"
2050,Base,SARD,GAS_OTHER_FOSSIL,Generator,140.348485682,true,false,METHANE,true,methane_gt_ocgt,true,EFF_METHANE_GT_OCGT,false,FOSSIL_METHANE_DIRECT_CO2,false,MC_METHANE_GT_OCGT,false,AVAIL_THERMAL_GT_OCGT,false,true,STATIC_CLASS_CONTRACT_READY; NUMERICAL_ASSUMPTIONS_PENDING,STATIC_CAPACITY_AND_CLASS_CONTRACT_READY,"numerical efficiency, costs, CO2 factor and hourly profile/availability"
2050,Base,NORD,GEOTHERMAL,Generator,0,true,false,GEOTHERMAL,true,geothermal,true,EFF_NOT_APPLICABLE_GEOTHERMAL,false,ZERO_OPERATIONAL_FOSSIL_CO2,false,MC_GEOTHERMAL,false,AVAIL_GEOTHERMAL,false,true,STATIC_CLASS_CONTRACT_READY; NUMERICAL_ASSUMPTIONS_PENDING,STATIC_CAPACITY_AND_CLASS_CONTRACT_READY,"numerical efficiency, costs, CO2 factor and hourly profile/availability"
2050,Base,CNOR,GEOTHERMAL,Generator,771.79,true,false,GEOTHERMAL,true,geothermal,true,EFF_NOT_APPLICABLE_GEOTHERMAL,false,ZERO_OPERATIONAL_FOSSIL_CO2,false,MC_GEOTHERMAL,false,AVAIL_GEOTHERMAL,false,true,STATIC_CLASS_CONTRACT_READY; NUMERICAL_ASSUMPTIONS_PENDING,STATIC_CAPACITY_AND_CLASS_CONTRACT_READY,"numerical efficiency, costs, CO2 factor and hourly profile/availability"
2050,Base,CSUD,GEOTHERMAL,Generator,0,true,false,GEOTHERMAL,true,geothermal,true,EFF_NOT_APPLICABLE_GEOTHERMAL,false,ZERO_OPERATIONAL_FOSSIL_CO2,false,MC_GEOTHERMAL,false,AVAIL_GEOTHERMAL,false,true,STATIC_CLASS_CONTRACT_READY; NUMERICAL_ASSUMPTIONS_PENDING,STATIC_CAPACITY_AND_CLASS_CONTRACT_READY,"numerical efficiency, costs, CO2 factor and hourly profile/availability"
2050,Base,SUD,GEOTHERMAL,Generator,0,true,false,GEOTHERMAL,true,geothermal,true,EFF_NOT_APPLICABLE_GEOTHERMAL,false,ZERO_OPERATIONAL_FOSSIL_CO2,false,MC_GEOTHERMAL,false,AVAIL_GEOTHERMAL,false,true,STATIC_CLASS_CONTRACT_READY; NUMERICAL_ASSUMPTIONS_PENDING,STATIC_CAPACITY_AND_CLASS_CONTRACT_READY,"numerical efficiency, costs, CO2 factor and hourly profile/availability"
2050,Base,CALA,GEOTHERMAL,Generator,0,true,false,GEOTHERMAL,true,geothermal,true,EFF_NOT_APPLICABLE_GEOTHERMAL,false,ZERO_OPERATIONAL_FOSSIL_CO2,false,MC_GEOTHERMAL,false,AVAIL_GEOTHERMAL,false,true,STATIC_CLASS_CONTRACT_READY; NUMERICAL_ASSUMPTIONS_PENDING,STATIC_CAPACITY_AND_CLASS_CONTRACT_READY,"numerical efficiency, costs, CO2 factor and hourly profile/availability"
2050,Base,SICI,GEOTHERMAL,Generator,0,true,false,GEOTHERMAL,true,geothermal,true,EFF_NOT_APPLICABLE_GEOTHERMAL,false,ZERO_OPERATIONAL_FOSSIL_CO2,false,MC_GEOTHERMAL,false,AVAIL_GEOTHERMAL,false,true,STATIC_CLASS_CONTRACT_READY; NUMERICAL_ASSUMPTIONS_PENDING,STATIC_CAPACITY_AND_CLASS_CONTRACT_READY,"numerical efficiency, costs, CO2 factor and hourly profile/availability"
2050,Base,SARD,GEOTHERMAL,Generator,0,true,false,GEOTHERMAL,true,geothermal,true,EFF_NOT_APPLICABLE_GEOTHERMAL,false,ZERO_OPERATIONAL_FOSSIL_CO2,false,MC_GEOTHERMAL,false,AVAIL_GEOTHERMAL,false,true,STATIC_CLASS_CONTRACT_READY; NUMERICAL_ASSUMPTIONS_PENDING,STATIC_CAPACITY_AND_CLASS_CONTRACT_READY,"numerical efficiency, costs, CO2 factor and hourly profile/availability"
2050,Base,NORD,NUCLEAR,Generator,5000,true,false,NUCLEAR_FUEL,true,nuclear,true,EFF_NUCLEAR_THERMAL,false,ZERO_DIRECT_OPERATIONAL_CO2,false,MC_NUCLEAR,false,AVAIL_NUCLEAR,false,true,STATIC_CLASS_CONTRACT_READY; NUMERICAL_ASSUMPTIONS_PENDING,STATIC_CAPACITY_AND_CLASS_CONTRACT_READY,"numerical efficiency, costs, CO2 factor and hourly profile/availability"
2050,Base,CNOR,NUCLEAR,Generator,0,true,false,NUCLEAR_FUEL,true,nuclear,true,EFF_NUCLEAR_THERMAL,false,ZERO_DIRECT_OPERATIONAL_CO2,false,MC_NUCLEAR,false,AVAIL_NUCLEAR,false,true,STATIC_CLASS_CONTRACT_READY; NUMERICAL_ASSUMPTIONS_PENDING,STATIC_CAPACITY_AND_CLASS_CONTRACT_READY,"numerical efficiency, costs, CO2 factor and hourly profile/availability"
2050,Base,CSUD,NUCLEAR,Generator,3000,true,false,NUCLEAR_FUEL,true,nuclear,true,EFF_NUCLEAR_THERMAL,false,ZERO_DIRECT_OPERATIONAL_CO2,false,MC_NUCLEAR,false,AVAIL_NUCLEAR,false,true,STATIC_CLASS_CONTRACT_READY; NUMERICAL_ASSUMPTIONS_PENDING,STATIC_CAPACITY_AND_CLASS_CONTRACT_READY,"numerical efficiency, costs, CO2 factor and hourly profile/availability"
2050,Base,SUD,NUCLEAR,Generator,0,true,false,NUCLEAR_FUEL,true,nuclear,true,EFF_NUCLEAR_THERMAL,false,ZERO_DIRECT_OPERATIONAL_CO2,false,MC_NUCLEAR,false,AVAIL_NUCLEAR,false,true,STATIC_CLASS_CONTRACT_READY; NUMERICAL_ASSUMPTIONS_PENDING,STATIC_CAPACITY_AND_CLASS_CONTRACT_READY,"numerical efficiency, costs, CO2 factor and hourly profile/availability"
2050,Base,CALA,NUCLEAR,Generator,0,true,false,NUCLEAR_FUEL,true,nuclear,true,EFF_NUCLEAR_THERMAL,false,ZERO_DIRECT_OPERATIONAL_CO2,false,MC_NUCLEAR,false,AVAIL_NUCLEAR,false,true,STATIC_CLASS_CONTRACT_READY; NUMERICAL_ASSUMPTIONS_PENDING,STATIC_CAPACITY_AND_CLASS_CONTRACT_READY,"numerical efficiency, costs, CO2 factor and hourly profile/availability"
2050,Base,SICI,NUCLEAR,Generator,0,true,false,NUCLEAR_FUEL,true,nuclear,true,EFF_NUCLEAR_THERMAL,false,ZERO_DIRECT_OPERATIONAL_CO2,false,MC_NUCLEAR,false,AVAIL_NUCLEAR,false,true,STATIC_CLASS_CONTRACT_READY; NUMERICAL_ASSUMPTIONS_PENDING,STATIC_CAPACITY_AND_CLASS_CONTRACT_READY,"numerical efficiency, costs, CO2 factor and hourly profile/availability"
2050,Base,SARD,NUCLEAR,Generator,0,true,false,NUCLEAR_FUEL,true,nuclear,true,EFF_NUCLEAR_THERMAL,false,ZERO_DIRECT_OPERATIONAL_CO2,false,MC_NUCLEAR,false,AVAIL_NUCLEAR,false,true,STATIC_CLASS_CONTRACT_READY; NUMERICAL_ASSUMPTIONS_PENDING,STATIC_CAPACITY_AND_CLASS_CONTRACT_READY,"numerical efficiency, costs, CO2 factor and hourly profile/availability"
2050,High,NORD,SOLAR_PV_ROOFTOP,Generator,55950.785773366,true,false,NONE,true,solar_pv_rooftop,true,NOT_APPLICABLE_VRE,false,ZERO_OPERATIONAL_CO2,false,MC_VRE,false,PROFILE_SOLAR_PV_ROOFTOP,false,true,STATIC_CLASS_CONTRACT_READY; NUMERICAL_ASSUMPTIONS_PENDING,STATIC_CAPACITY_AND_CLASS_CONTRACT_READY,"numerical efficiency, costs, CO2 factor and hourly profile/availability"
2050,High,CNOR,SOLAR_PV_ROOFTOP,Generator,7356.079404467,true,false,NONE,true,solar_pv_rooftop,true,NOT_APPLICABLE_VRE,false,ZERO_OPERATIONAL_CO2,false,MC_VRE,false,PROFILE_SOLAR_PV_ROOFTOP,false,true,STATIC_CLASS_CONTRACT_READY; NUMERICAL_ASSUMPTIONS_PENDING,STATIC_CAPACITY_AND_CLASS_CONTRACT_READY,"numerical efficiency, costs, CO2 factor and hourly profile/availability"
2050,High,CSUD,SOLAR_PV_ROOFTOP,Generator,12260.132340778,true,false,NONE,true,solar_pv_rooftop,true,NOT_APPLICABLE_VRE,false,ZERO_OPERATIONAL_CO2,false,MC_VRE,false,PROFILE_SOLAR_PV_ROOFTOP,false,true,STATIC_CLASS_CONTRACT_READY; NUMERICAL_ASSUMPTIONS_PENDING,STATIC_CAPACITY_AND_CLASS_CONTRACT_READY,"numerical efficiency, costs, CO2 factor and hourly profile/availability"
2050,High,SUD,SOLAR_PV_ROOFTOP,Generator,3789.495450786,true,false,NONE,true,solar_pv_rooftop,true,NOT_APPLICABLE_VRE,false,ZERO_OPERATIONAL_CO2,false,MC_VRE,false,PROFILE_SOLAR_PV_ROOFTOP,false,true,STATIC_CLASS_CONTRACT_READY; NUMERICAL_ASSUMPTIONS_PENDING,STATIC_CAPACITY_AND_CLASS_CONTRACT_READY,"numerical efficiency, costs, CO2 factor and hourly profile/availability"
2050,High,CALA,SOLAR_PV_ROOFTOP,Generator,2452.026468156,true,false,NONE,true,solar_pv_rooftop,true,NOT_APPLICABLE_VRE,false,ZERO_OPERATIONAL_CO2,false,MC_VRE,false,PROFILE_SOLAR_PV_ROOFTOP,false,true,STATIC_CLASS_CONTRACT_READY; NUMERICAL_ASSUMPTIONS_PENDING,STATIC_CAPACITY_AND_CLASS_CONTRACT_READY,"numerical efficiency, costs, CO2 factor and hourly profile/availability"
2050,High,SICI,SOLAR_PV_ROOFTOP,Generator,7356.079404467,true,false,NONE,true,solar_pv_rooftop,true,NOT_APPLICABLE_VRE,false,ZERO_OPERATIONAL_CO2,false,MC_VRE,false,PROFILE_SOLAR_PV_ROOFTOP,false,true,STATIC_CLASS_CONTRACT_READY; NUMERICAL_ASSUMPTIONS_PENDING,STATIC_CAPACITY_AND_CLASS_CONTRACT_READY,"numerical efficiency, costs, CO2 factor and hourly profile/availability"
2050,High,SARD,SOLAR_PV_ROOFTOP,Generator,3789.495450786,true,false,NONE,true,solar_pv_rooftop,true,NOT_APPLICABLE_VRE,false,ZERO_OPERATIONAL_CO2,false,MC_VRE,false,PROFILE_SOLAR_PV_ROOFTOP,false,true,STATIC_CLASS_CONTRACT_READY; NUMERICAL_ASSUMPTIONS_PENDING,STATIC_CAPACITY_AND_CLASS_CONTRACT_READY,"numerical efficiency, costs, CO2 factor and hourly profile/availability"
2050,High,NORD,SOLAR_PV_UTILITY,Generator,38563.688999173,true,false,NONE,true,solar_pv_utility,true,NOT_APPLICABLE_VRE,false,ZERO_OPERATIONAL_CO2,false,MC_VRE,false,PROFILE_SOLAR_PV_UTILITY,false,true,STATIC_CLASS_CONTRACT_READY; NUMERICAL_ASSUMPTIONS_PENDING,STATIC_CAPACITY_AND_CLASS_CONTRACT_READY,"numerical efficiency, costs, CO2 factor and hourly profile/availability"
2050,High,CNOR,SOLAR_PV_UTILITY,Generator,14043.424317618,true,false,NONE,true,solar_pv_utility,true,NOT_APPLICABLE_VRE,false,ZERO_OPERATIONAL_CO2,false,MC_VRE,false,PROFILE_SOLAR_PV_UTILITY,false,true,STATIC_CLASS_CONTRACT_READY; NUMERICAL_ASSUMPTIONS_PENDING,STATIC_CAPACITY_AND_CLASS_CONTRACT_READY,"numerical efficiency, costs, CO2 factor and hourly profile/availability"
2050,High,CSUD,SOLAR_PV_UTILITY,Generator,32545.078577337,true,false,NONE,true,solar_pv_utility,true,NOT_APPLICABLE_VRE,false,ZERO_OPERATIONAL_CO2,false,MC_VRE,false,PROFILE_SOLAR_PV_UTILITY,false,true,STATIC_CLASS_CONTRACT_READY; NUMERICAL_ASSUMPTIONS_PENDING,STATIC_CAPACITY_AND_CLASS_CONTRACT_READY,"numerical efficiency, costs, CO2 factor and hourly profile/availability"
2050,High,SUD,SOLAR_PV_UTILITY,Generator,43021.918941274,true,false,NONE,true,solar_pv_utility,true,NOT_APPLICABLE_VRE,false,ZERO_OPERATIONAL_CO2,false,MC_VRE,false,PROFILE_SOLAR_PV_UTILITY,false,true,STATIC_CLASS_CONTRACT_READY; NUMERICAL_ASSUMPTIONS_PENDING,STATIC_CAPACITY_AND_CLASS_CONTRACT_READY,"numerical efficiency, costs, CO2 factor and hourly profile/availability"
2050,High,CALA,SOLAR_PV_UTILITY,Generator,5572.787427626,true,false,NONE,true,solar_pv_utility,true,NOT_APPLICABLE_VRE,false,ZERO_OPERATIONAL_CO2,false,MC_VRE,false,PROFILE_SOLAR_PV_UTILITY,false,true,STATIC_CLASS_CONTRACT_READY; NUMERICAL_ASSUMPTIONS_PENDING,STATIC_CAPACITY_AND_CLASS_CONTRACT_READY,"numerical efficiency, costs, CO2 factor and hourly profile/availability"
2050,High,SICI,SOLAR_PV_UTILITY,Generator,25634.82216708,true,false,NONE,true,solar_pv_utility,true,NOT_APPLICABLE_VRE,false,ZERO_OPERATIONAL_CO2,false,MC_VRE,false,PROFILE_SOLAR_PV_UTILITY,false,true,STATIC_CLASS_CONTRACT_READY; NUMERICAL_ASSUMPTIONS_PENDING,STATIC_CAPACITY_AND_CLASS_CONTRACT_READY,"numerical efficiency, costs, CO2 factor and hourly profile/availability"
2050,High,SARD,SOLAR_PV_UTILITY,Generator,17164.185277089,true,false,NONE,true,solar_pv_utility,true,NOT_APPLICABLE_VRE,false,ZERO_OPERATIONAL_CO2,false,MC_VRE,false,PROFILE_SOLAR_PV_UTILITY,false,true,STATIC_CLASS_CONTRACT_READY; NUMERICAL_ASSUMPTIONS_PENDING,STATIC_CAPACITY_AND_CLASS_CONTRACT_READY,"numerical efficiency, costs, CO2 factor and hourly profile/availability"
2050,High,NORD,WIND_ONSHORE,Generator,696.774193548,true,false,NONE,true,wind_onshore,true,NOT_APPLICABLE_VRE,false,ZERO_OPERATIONAL_CO2,false,MC_VRE,false,PROFILE_WIND_ONSHORE,false,true,STATIC_CLASS_CONTRACT_READY; NUMERICAL_ASSUMPTIONS_PENDING,STATIC_CAPACITY_AND_CLASS_CONTRACT_READY,"numerical efficiency, costs, CO2 factor and hourly profile/availability"
2050,High,CNOR,WIND_ONSHORE,Generator,464.516129032,true,false,NONE,true,wind_onshore,true,NOT_APPLICABLE_VRE,false,ZERO_OPERATIONAL_CO2,false,MC_VRE,false,PROFILE_WIND_ONSHORE,false,true,STATIC_CLASS_CONTRACT_READY; NUMERICAL_ASSUMPTIONS_PENDING,STATIC_CAPACITY_AND_CLASS_CONTRACT_READY,"numerical efficiency, costs, CO2 factor and hourly profile/availability"
2050,High,CSUD,WIND_ONSHORE,Generator,7896.774193548,true,false,NONE,true,wind_onshore,true,NOT_APPLICABLE_VRE,false,ZERO_OPERATIONAL_CO2,false,MC_VRE,false,PROFILE_WIND_ONSHORE,false,true,STATIC_CLASS_CONTRACT_READY; NUMERICAL_ASSUMPTIONS_PENDING,STATIC_CAPACITY_AND_CLASS_CONTRACT_READY,"numerical efficiency, costs, CO2 factor and hourly profile/availability"
2050,High,SUD,WIND_ONSHORE,Generator,15329.032258065,true,false,NONE,true,wind_onshore,true,NOT_APPLICABLE_VRE,false,ZERO_OPERATIONAL_CO2,false,MC_VRE,false,PROFILE_WIND_ONSHORE,false,true,STATIC_CLASS_CONTRACT_READY; NUMERICAL_ASSUMPTIONS_PENDING,STATIC_CAPACITY_AND_CLASS_CONTRACT_READY,"numerical efficiency, costs, CO2 factor and hourly profile/availability"
2050,High,CALA,WIND_ONSHORE,Generator,3832.258064516,true,false,NONE,true,wind_onshore,true,NOT_APPLICABLE_VRE,false,ZERO_OPERATIONAL_CO2,false,MC_VRE,false,PROFILE_WIND_ONSHORE,false,true,STATIC_CLASS_CONTRACT_READY; NUMERICAL_ASSUMPTIONS_PENDING,STATIC_CAPACITY_AND_CLASS_CONTRACT_READY,"numerical efficiency, costs, CO2 factor and hourly profile/availability"
2050,High,SICI,WIND_ONSHORE,Generator,7316.129032258,true,false,NONE,true,wind_onshore,true,NOT_APPLICABLE_VRE,false,ZERO_OPERATIONAL_CO2,false,MC_VRE,false,PROFILE_WIND_ONSHORE,false,true,STATIC_CLASS_CONTRACT_READY; NUMERICAL_ASSUMPTIONS_PENDING,STATIC_CAPACITY_AND_CLASS_CONTRACT_READY,"numerical efficiency, costs, CO2 factor and hourly profile/availability"
2050,High,SARD,WIND_ONSHORE,Generator,4064.516129032,true,false,NONE,true,wind_onshore,true,NOT_APPLICABLE_VRE,false,ZERO_OPERATIONAL_CO2,false,MC_VRE,false,PROFILE_WIND_ONSHORE,false,true,STATIC_CLASS_CONTRACT_READY; NUMERICAL_ASSUMPTIONS_PENDING,STATIC_CAPACITY_AND_CLASS_CONTRACT_READY,"numerical efficiency, costs, CO2 factor and hourly profile/availability"
2050,High,NORD,WIND_OFFSHORE,Generator,1628.289473684,true,false,NONE,true,wind_offshore,true,NOT_APPLICABLE_VRE,false,ZERO_OPERATIONAL_CO2,false,MC_VRE,false,PROFILE_WIND_OFFSHORE,false,true,STATIC_CLASS_CONTRACT_READY; NUMERICAL_ASSUMPTIONS_PENDING,STATIC_CAPACITY_AND_CLASS_CONTRACT_READY,"numerical efficiency, costs, CO2 factor and hourly profile/availability"
2050,High,CNOR,WIND_OFFSHORE,Generator,868.421052632,true,false,NONE,true,wind_offshore,true,NOT_APPLICABLE_VRE,false,ZERO_OPERATIONAL_CO2,false,MC_VRE,false,PROFILE_WIND_OFFSHORE,false,true,STATIC_CLASS_CONTRACT_READY; NUMERICAL_ASSUMPTIONS_PENDING,STATIC_CAPACITY_AND_CLASS_CONTRACT_READY,"numerical efficiency, costs, CO2 factor and hourly profile/availability"
2050,High,CSUD,WIND_OFFSHORE,Generator,1736.842105263,true,false,NONE,true,wind_offshore,true,NOT_APPLICABLE_VRE,false,ZERO_OPERATIONAL_CO2,false,MC_VRE,false,PROFILE_WIND_OFFSHORE,false,true,STATIC_CLASS_CONTRACT_READY; NUMERICAL_ASSUMPTIONS_PENDING,STATIC_CAPACITY_AND_CLASS_CONTRACT_READY,"numerical efficiency, costs, CO2 factor and hourly profile/availability"
2050,High,SUD,WIND_OFFSHORE,Generator,5101.973684211,true,false,NONE,true,wind_offshore,true,NOT_APPLICABLE_VRE,false,ZERO_OPERATIONAL_CO2,false,MC_VRE,false,PROFILE_WIND_OFFSHORE,false,true,STATIC_CLASS_CONTRACT_READY; NUMERICAL_ASSUMPTIONS_PENDING,STATIC_CAPACITY_AND_CLASS_CONTRACT_READY,"numerical efficiency, costs, CO2 factor and hourly profile/availability"
2050,High,CALA,WIND_OFFSHORE,Generator,651.315789474,true,false,NONE,true,wind_offshore,true,NOT_APPLICABLE_VRE,false,ZERO_OPERATIONAL_CO2,false,MC_VRE,false,PROFILE_WIND_OFFSHORE,false,true,STATIC_CLASS_CONTRACT_READY; NUMERICAL_ASSUMPTIONS_PENDING,STATIC_CAPACITY_AND_CLASS_CONTRACT_READY,"numerical efficiency, costs, CO2 factor and hourly profile/availability"
2050,High,SICI,WIND_OFFSHORE,Generator,3256.578947368,true,false,NONE,true,wind_offshore,true,NOT_APPLICABLE_VRE,false,ZERO_OPERATIONAL_CO2,false,MC_VRE,false,PROFILE_WIND_OFFSHORE,false,true,STATIC_CLASS_CONTRACT_READY; NUMERICAL_ASSUMPTIONS_PENDING,STATIC_CAPACITY_AND_CLASS_CONTRACT_READY,"numerical efficiency, costs, CO2 factor and hourly profile/availability"
2050,High,SARD,WIND_OFFSHORE,Generator,3256.578947368,true,false,NONE,true,wind_offshore,true,NOT_APPLICABLE_VRE,false,ZERO_OPERATIONAL_CO2,false,MC_VRE,false,PROFILE_WIND_OFFSHORE,false,true,STATIC_CLASS_CONTRACT_READY; NUMERICAL_ASSUMPTIONS_PENDING,STATIC_CAPACITY_AND_CLASS_CONTRACT_READY,"numerical efficiency, costs, CO2 factor and hourly profile/availability"
2050,High,NORD,HYDRO_RUN_OF_RIVER,Generator,5228.210866305,true,false,WATER_INFLOW,true,hydro_run_of_river,true,EFF_HYDRO_TURBINE,false,ZERO_OPERATIONAL_CO2,false,MC_HYDRO,false,PROFILE_HYDRO_ROR_INFLOW,false,true,STATIC_CLASS_CONTRACT_READY; NUMERICAL_ASSUMPTIONS_PENDING,STATIC_CAPACITY_AND_CLASS_CONTRACT_READY,"numerical efficiency, costs, CO2 factor and hourly profile/availability"
2050,High,CNOR,HYDRO_RUN_OF_RIVER,Generator,209.314034422,true,false,WATER_INFLOW,true,hydro_run_of_river,true,EFF_HYDRO_TURBINE,false,ZERO_OPERATIONAL_CO2,false,MC_HYDRO,false,PROFILE_HYDRO_ROR_INFLOW,false,true,STATIC_CLASS_CONTRACT_READY; NUMERICAL_ASSUMPTIONS_PENDING,STATIC_CAPACITY_AND_CLASS_CONTRACT_READY,"numerical efficiency, costs, CO2 factor and hourly profile/availability"
2050,High,CSUD,HYDRO_RUN_OF_RIVER,Generator,579.820027388,true,false,WATER_INFLOW,true,hydro_run_of_river,true,EFF_HYDRO_TURBINE,false,ZERO_OPERATIONAL_CO2,false,MC_HYDRO,false,PROFILE_HYDRO_ROR_INFLOW,false,true,STATIC_CLASS_CONTRACT_READY; NUMERICAL_ASSUMPTIONS_PENDING,STATIC_CAPACITY_AND_CLASS_CONTRACT_READY,"numerical efficiency, costs, CO2 factor and hourly profile/availability"
2050,High,SUD,HYDRO_RUN_OF_RIVER,Generator,45.411334869,true,false,WATER_INFLOW,true,hydro_run_of_river,true,EFF_HYDRO_TURBINE,false,ZERO_OPERATIONAL_CO2,false,MC_HYDRO,false,PROFILE_HYDRO_ROR_INFLOW,false,true,STATIC_CLASS_CONTRACT_READY; NUMERICAL_ASSUMPTIONS_PENDING,STATIC_CAPACITY_AND_CLASS_CONTRACT_READY,"numerical efficiency, costs, CO2 factor and hourly profile/availability"
2050,High,CALA,HYDRO_RUN_OF_RIVER,Generator,106.743829899,true,false,WATER_INFLOW,true,hydro_run_of_river,true,EFF_HYDRO_TURBINE,false,ZERO_OPERATIONAL_CO2,false,MC_HYDRO,false,PROFILE_HYDRO_ROR_INFLOW,false,true,STATIC_CLASS_CONTRACT_READY; NUMERICAL_ASSUMPTIONS_PENDING,STATIC_CAPACITY_AND_CLASS_CONTRACT_READY,"numerical efficiency, costs, CO2 factor and hourly profile/availability"
2050,High,SICI,HYDRO_RUN_OF_RIVER,Generator,31.552391362,true,false,WATER_INFLOW,true,hydro_run_of_river,true,EFF_HYDRO_TURBINE,false,ZERO_OPERATIONAL_CO2,false,MC_HYDRO,false,PROFILE_HYDRO_ROR_INFLOW,false,true,STATIC_CLASS_CONTRACT_READY; NUMERICAL_ASSUMPTIONS_PENDING,STATIC_CAPACITY_AND_CLASS_CONTRACT_READY,"numerical efficiency, costs, CO2 factor and hourly profile/availability"
2050,High,SARD,HYDRO_RUN_OF_RIVER,Generator,37.947515755,true,false,WATER_INFLOW,true,hydro_run_of_river,true,EFF_HYDRO_TURBINE,false,ZERO_OPERATIONAL_CO2,false,MC_HYDRO,false,PROFILE_HYDRO_ROR_INFLOW,false,true,STATIC_CLASS_CONTRACT_READY; NUMERICAL_ASSUMPTIONS_PENDING,STATIC_CAPACITY_AND_CLASS_CONTRACT_READY,"numerical efficiency, costs, CO2 factor and hourly profile/availability"
2050,High,NORD,HYDRO_BASIN,Water Store + turbine Link + inflow,3512.208833846,true,false,WATER,true,hydro_basin,true,EFF_HYDRO_CLASS,false,ZERO_OPERATIONAL_CO2,false,MC_HYDRO,false,PROFILE_HYDRO_INFLOW_AND_SOC,false,true,PARTIAL_OPERATIONAL_PARAMETERS,STATIC_CAPACITY_AND_CLASS_CONTRACT_READY,e_nom/pump/efficiency/inflow/SOC or duration as applicable
2050,High,CNOR,HYDRO_BASIN,Water Store + turbine Link + inflow,238.064607896,true,false,WATER,true,hydro_basin,true,EFF_HYDRO_CLASS,false,ZERO_OPERATIONAL_CO2,false,MC_HYDRO,false,PROFILE_HYDRO_INFLOW_AND_SOC,false,true,PARTIAL_OPERATIONAL_PARAMETERS,STATIC_CAPACITY_AND_CLASS_CONTRACT_READY,e_nom/pump/efficiency/inflow/SOC or duration as applicable
2050,High,CSUD,HYDRO_BASIN,Water Store + turbine Link + inflow,582.887284562,true,false,WATER,true,hydro_basin,true,EFF_HYDRO_CLASS,false,ZERO_OPERATIONAL_CO2,false,MC_HYDRO,false,PROFILE_HYDRO_INFLOW_AND_SOC,false,true,PARTIAL_OPERATIONAL_PARAMETERS,STATIC_CAPACITY_AND_CLASS_CONTRACT_READY,e_nom/pump/efficiency/inflow/SOC or duration as applicable
2050,High,SUD,HYDRO_BASIN,Water Store + turbine Link + inflow,103.488209848,true,false,WATER,true,hydro_basin,true,EFF_HYDRO_CLASS,false,ZERO_OPERATIONAL_CO2,false,MC_HYDRO,false,PROFILE_HYDRO_INFLOW_AND_SOC,false,true,PARTIAL_OPERATIONAL_PARAMETERS,STATIC_CAPACITY_AND_CLASS_CONTRACT_READY,e_nom/pump/efficiency/inflow/SOC or duration as applicable
2050,High,CALA,HYDRO_BASIN,Water Store + turbine Link + inflow,417.949832196,true,false,WATER,true,hydro_basin,true,EFF_HYDRO_CLASS,false,ZERO_OPERATIONAL_CO2,false,MC_HYDRO,false,PROFILE_HYDRO_INFLOW_AND_SOC,false,true,PARTIAL_OPERATIONAL_PARAMETERS,STATIC_CAPACITY_AND_CLASS_CONTRACT_READY,e_nom/pump/efficiency/inflow/SOC or duration as applicable
2050,High,SICI,HYDRO_BASIN,Water Store + turbine Link + inflow,58.808504061,true,false,WATER,true,hydro_basin,true,EFF_HYDRO_CLASS,false,ZERO_OPERATIONAL_CO2,false,MC_HYDRO,false,PROFILE_HYDRO_INFLOW_AND_SOC,false,true,PARTIAL_OPERATIONAL_PARAMETERS,STATIC_CAPACITY_AND_CLASS_CONTRACT_READY,e_nom/pump/efficiency/inflow/SOC or duration as applicable
2050,High,SARD,HYDRO_BASIN,Water Store + turbine Link + inflow,106.492727593,true,false,WATER,true,hydro_basin,true,EFF_HYDRO_CLASS,false,ZERO_OPERATIONAL_CO2,false,MC_HYDRO,false,PROFILE_HYDRO_INFLOW_AND_SOC,false,true,PARTIAL_OPERATIONAL_PARAMETERS,STATIC_CAPACITY_AND_CLASS_CONTRACT_READY,e_nom/pump/efficiency/inflow/SOC or duration as applicable
2050,High,NORD,HYDRO_RESERVOIR,Water Store + turbine Link + inflow,3669.318175474,true,false,WATER,true,hydro_reservoir,true,EFF_HYDRO_CLASS,false,ZERO_OPERATIONAL_CO2,false,MC_HYDRO,false,PROFILE_HYDRO_INFLOW_AND_SOC,false,true,PARTIAL_OPERATIONAL_PARAMETERS,STATIC_CAPACITY_AND_CLASS_CONTRACT_READY,e_nom/pump/efficiency/inflow/SOC or duration as applicable
2050,High,CNOR,HYDRO_RESERVOIR,Water Store + turbine Link + inflow,175.818907682,true,false,WATER,true,hydro_reservoir,true,EFF_HYDRO_CLASS,false,ZERO_OPERATIONAL_CO2,false,MC_HYDRO,false,PROFILE_HYDRO_INFLOW_AND_SOC,false,true,PARTIAL_OPERATIONAL_PARAMETERS,STATIC_CAPACITY_AND_CLASS_CONTRACT_READY,e_nom/pump/efficiency/inflow/SOC or duration as applicable
2050,High,CSUD,HYDRO_RESERVOIR,Water Store + turbine Link + inflow,430.482324018,true,false,WATER,true,hydro_reservoir,true,EFF_HYDRO_CLASS,false,ZERO_OPERATIONAL_CO2,false,MC_HYDRO,false,PROFILE_HYDRO_INFLOW_AND_SOC,false,true,PARTIAL_OPERATIONAL_PARAMETERS,STATIC_CAPACITY_AND_CLASS_CONTRACT_READY,e_nom/pump/efficiency/inflow/SOC or duration as applicable
2050,High,SUD,HYDRO_RESERVOIR,Water Store + turbine Link + inflow,76.429605283,true,false,WATER,true,hydro_reservoir,true,EFF_HYDRO_CLASS,false,ZERO_OPERATIONAL_CO2,false,MC_HYDRO,false,PROFILE_HYDRO_INFLOW_AND_SOC,false,true,PARTIAL_OPERATIONAL_PARAMETERS,STATIC_CAPACITY_AND_CLASS_CONTRACT_READY,e_nom/pump/efficiency/inflow/SOC or duration as applicable
2050,High,CALA,HYDRO_RESERVOIR,Water Store + turbine Link + inflow,308.670337905,true,false,WATER,true,hydro_reservoir,true,EFF_HYDRO_CLASS,false,ZERO_OPERATIONAL_CO2,false,MC_HYDRO,false,PROFILE_HYDRO_INFLOW_AND_SOC,false,true,PARTIAL_OPERATIONAL_PARAMETERS,STATIC_CAPACITY_AND_CLASS_CONTRACT_READY,e_nom/pump/efficiency/inflow/SOC or duration as applicable
2050,High,SICI,HYDRO_RESERVOIR,Water Store + turbine Link + inflow,43.432104578,true,false,WATER,true,hydro_reservoir,true,EFF_HYDRO_CLASS,false,ZERO_OPERATIONAL_CO2,false,MC_HYDRO,false,PROFILE_HYDRO_INFLOW_AND_SOC,false,true,PARTIAL_OPERATIONAL_PARAMETERS,STATIC_CAPACITY_AND_CLASS_CONTRACT_READY,e_nom/pump/efficiency/inflow/SOC or duration as applicable
2050,High,SARD,HYDRO_RESERVOIR,Water Store + turbine Link + inflow,78.64854506,true,false,WATER,true,hydro_reservoir,true,EFF_HYDRO_CLASS,false,ZERO_OPERATIONAL_CO2,false,MC_HYDRO,false,PROFILE_HYDRO_INFLOW_AND_SOC,false,true,PARTIAL_OPERATIONAL_PARAMETERS,STATIC_CAPACITY_AND_CLASS_CONTRACT_READY,e_nom/pump/efficiency/inflow/SOC or duration as applicable
2050,High,NORD,PUMPED_HYDRO_PURE,Shared water Store + pump Link + turbine Link,2393.185354581,true,false,WATER,true,pumped_hydro_pure,true,EFF_HYDRO_CLASS,false,ZERO_OPERATIONAL_CO2,false,MC_HYDRO,false,PROFILE_HYDRO_INFLOW_AND_SOC,false,true,PARTIAL_OPERATIONAL_PARAMETERS,STATIC_CAPACITY_AND_CLASS_CONTRACT_READY,e_nom/pump/efficiency/inflow/SOC or duration as applicable
2050,High,CNOR,PUMPED_HYDRO_PURE,Shared water Store + pump Link + turbine Link,0,true,false,WATER,true,pumped_hydro_pure,true,EFF_HYDRO_CLASS,false,ZERO_OPERATIONAL_CO2,false,MC_HYDRO,false,PROFILE_HYDRO_INFLOW_AND_SOC,false,true,PARTIAL_OPERATIONAL_PARAMETERS,STATIC_CAPACITY_AND_CLASS_CONTRACT_READY,e_nom/pump/efficiency/inflow/SOC or duration as applicable
2050,High,CSUD,PUMPED_HYDRO_PURE,Shared water Store + pump Link + turbine Link,995.915669822,true,false,WATER,true,pumped_hydro_pure,true,EFF_HYDRO_CLASS,false,ZERO_OPERATIONAL_CO2,false,MC_HYDRO,false,PROFILE_HYDRO_INFLOW_AND_SOC,false,true,PARTIAL_OPERATIONAL_PARAMETERS,STATIC_CAPACITY_AND_CLASS_CONTRACT_READY,e_nom/pump/efficiency/inflow/SOC or duration as applicable
2050,High,SUD,PUMPED_HYDRO_PURE,Shared water Store + pump Link + turbine Link,0,true,false,WATER,true,pumped_hydro_pure,true,EFF_HYDRO_CLASS,false,ZERO_OPERATIONAL_CO2,false,MC_HYDRO,false,PROFILE_HYDRO_INFLOW_AND_SOC,false,true,PARTIAL_OPERATIONAL_PARAMETERS,STATIC_CAPACITY_AND_CLASS_CONTRACT_READY,e_nom/pump/efficiency/inflow/SOC or duration as applicable
2050,High,CALA,PUMPED_HYDRO_PURE,Shared water Store + pump Link + turbine Link,0,true,false,WATER,true,pumped_hydro_pure,true,EFF_HYDRO_CLASS,false,ZERO_OPERATIONAL_CO2,false,MC_HYDRO,false,PROFILE_HYDRO_INFLOW_AND_SOC,false,true,PARTIAL_OPERATIONAL_PARAMETERS,STATIC_CAPACITY_AND_CLASS_CONTRACT_READY,e_nom/pump/efficiency/inflow/SOC or duration as applicable
2050,High,SICI,PUMPED_HYDRO_PURE,Shared water Store + pump Link + turbine Link,580.474585597,true,false,WATER,true,pumped_hydro_pure,true,EFF_HYDRO_CLASS,false,ZERO_OPERATIONAL_CO2,false,MC_HYDRO,false,PROFILE_HYDRO_INFLOW_AND_SOC,false,true,PARTIAL_OPERATIONAL_PARAMETERS,STATIC_CAPACITY_AND_CLASS_CONTRACT_READY,e_nom/pump/efficiency/inflow/SOC or duration as applicable
2050,High,SARD,PUMPED_HYDRO_PURE,Shared water Store + pump Link + turbine Link,0,true,false,WATER,true,pumped_hydro_pure,true,EFF_HYDRO_CLASS,false,ZERO_OPERATIONAL_CO2,false,MC_HYDRO,false,PROFILE_HYDRO_INFLOW_AND_SOC,false,true,PARTIAL_OPERATIONAL_PARAMETERS,STATIC_CAPACITY_AND_CLASS_CONTRACT_READY,e_nom/pump/efficiency/inflow/SOC or duration as applicable
2050,High,NORD,PUMPED_HYDRO_MIXED,Shared water Store + pump Link + turbine Link,2305.444434376,true,false,WATER,true,pumped_hydro_mixed,true,EFF_HYDRO_CLASS,false,ZERO_OPERATIONAL_CO2,false,MC_HYDRO,false,PROFILE_HYDRO_INFLOW_AND_SOC,false,true,PARTIAL_OPERATIONAL_PARAMETERS,STATIC_CAPACITY_AND_CLASS_CONTRACT_READY,e_nom/pump/efficiency/inflow/SOC or duration as applicable
2050,High,CNOR,PUMPED_HYDRO_MIXED,Shared water Store + pump Link + turbine Link,0,true,false,WATER,true,pumped_hydro_mixed,true,EFF_HYDRO_CLASS,false,ZERO_OPERATIONAL_CO2,false,MC_HYDRO,false,PROFILE_HYDRO_INFLOW_AND_SOC,false,true,PARTIAL_OPERATIONAL_PARAMETERS,STATIC_CAPACITY_AND_CLASS_CONTRACT_READY,e_nom/pump/efficiency/inflow/SOC or duration as applicable
2050,High,CSUD,PUMPED_HYDRO_MIXED,Shared water Store + pump Link + turbine Link,736.949744032,true,false,WATER,true,pumped_hydro_mixed,true,EFF_HYDRO_CLASS,false,ZERO_OPERATIONAL_CO2,false,MC_HYDRO,false,PROFILE_HYDRO_INFLOW_AND_SOC,false,true,PARTIAL_OPERATIONAL_PARAMETERS,STATIC_CAPACITY_AND_CLASS_CONTRACT_READY,e_nom/pump/efficiency/inflow/SOC or duration as applicable
2050,High,SUD,PUMPED_HYDRO_MIXED,Shared water Store + pump Link + turbine Link,0,true,false,WATER,true,pumped_hydro_mixed,true,EFF_HYDRO_CLASS,false,ZERO_OPERATIONAL_CO2,false,MC_HYDRO,false,PROFILE_HYDRO_INFLOW_AND_SOC,false,true,PARTIAL_OPERATIONAL_PARAMETERS,STATIC_CAPACITY_AND_CLASS_CONTRACT_READY,e_nom/pump/efficiency/inflow/SOC or duration as applicable
2050,High,CALA,PUMPED_HYDRO_MIXED,Shared water Store + pump Link + turbine Link,0,true,false,WATER,true,pumped_hydro_mixed,true,EFF_HYDRO_CLASS,false,ZERO_OPERATIONAL_CO2,false,MC_HYDRO,false,PROFILE_HYDRO_INFLOW_AND_SOC,false,true,PARTIAL_OPERATIONAL_PARAMETERS,STATIC_CAPACITY_AND_CLASS_CONTRACT_READY,e_nom/pump/efficiency/inflow/SOC or duration as applicable
2050,High,SICI,PUMPED_HYDRO_MIXED,Shared water Store + pump Link + turbine Link,0,true,false,WATER,true,pumped_hydro_mixed,true,EFF_HYDRO_CLASS,false,ZERO_OPERATIONAL_CO2,false,MC_HYDRO,false,PROFILE_HYDRO_INFLOW_AND_SOC,false,true,PARTIAL_OPERATIONAL_PARAMETERS,STATIC_CAPACITY_AND_CLASS_CONTRACT_READY,e_nom/pump/efficiency/inflow/SOC or duration as applicable
2050,High,SARD,PUMPED_HYDRO_MIXED,Shared water Store + pump Link + turbine Link,240.330211592,true,false,WATER,true,pumped_hydro_mixed,true,EFF_HYDRO_CLASS,false,ZERO_OPERATIONAL_CO2,false,MC_HYDRO,false,PROFILE_HYDRO_INFLOW_AND_SOC,false,true,PARTIAL_OPERATIONAL_PARAMETERS,STATIC_CAPACITY_AND_CLASS_CONTRACT_READY,e_nom/pump/efficiency/inflow/SOC or duration as applicable
2050,High,NORD,BESS,Electricity Store + charge/discharge Links,4181.779738923,true,false,ELECTRICITY,true,battery_storage,true,EFF_BESS_ROUNDTRIP,false,ZERO_DIRECT_CO2,false,MC_STORAGE,false,STORAGE_SOC,false,true,PARTIAL_OPERATIONAL_PARAMETERS,STATIC_CAPACITY_AND_CLASS_CONTRACT_READY,e_nom/pump/efficiency/inflow/SOC or duration as applicable
2050,High,CNOR,BESS,Electricity Store + charge/discharge Links,1441.993013422,true,false,ELECTRICITY,true,battery_storage,true,EFF_BESS_ROUNDTRIP,false,ZERO_DIRECT_CO2,false,MC_STORAGE,false,STORAGE_SOC,false,true,PARTIAL_OPERATIONAL_PARAMETERS,STATIC_CAPACITY_AND_CLASS_CONTRACT_READY,e_nom/pump/efficiency/inflow/SOC or duration as applicable
2050,High,CSUD,BESS,Electricity Store + charge/discharge Links,7556.043390329,true,false,ELECTRICITY,true,battery_storage,true,EFF_BESS_ROUNDTRIP,false,ZERO_DIRECT_CO2,false,MC_STORAGE,false,STORAGE_SOC,false,true,PARTIAL_OPERATIONAL_PARAMETERS,STATIC_CAPACITY_AND_CLASS_CONTRACT_READY,e_nom/pump/efficiency/inflow/SOC or duration as applicable
2050,High,SUD,BESS,Electricity Store + charge/discharge Links,14045.011950726,true,false,ELECTRICITY,true,battery_storage,true,EFF_BESS_ROUNDTRIP,false,ZERO_DIRECT_CO2,false,MC_STORAGE,false,STORAGE_SOC,false,true,PARTIAL_OPERATIONAL_PARAMETERS,STATIC_CAPACITY_AND_CLASS_CONTRACT_READY,e_nom/pump/efficiency/inflow/SOC or duration as applicable
2050,High,CALA,BESS,Electricity Store + charge/discharge Links,3114.704908991,true,false,ELECTRICITY,true,battery_storage,true,EFF_BESS_ROUNDTRIP,false,ZERO_DIRECT_CO2,false,MC_STORAGE,false,STORAGE_SOC,false,true,PARTIAL_OPERATIONAL_PARAMETERS,STATIC_CAPACITY_AND_CLASS_CONTRACT_READY,e_nom/pump/efficiency/inflow/SOC or duration as applicable
2050,High,SICI,BESS,Electricity Store + charge/discharge Links,10728.428019857,true,false,ELECTRICITY,true,battery_storage,true,EFF_BESS_ROUNDTRIP,false,ZERO_DIRECT_CO2,false,MC_STORAGE,false,STORAGE_SOC,false,true,PARTIAL_OPERATIONAL_PARAMETERS,STATIC_CAPACITY_AND_CLASS_CONTRACT_READY,e_nom/pump/efficiency/inflow/SOC or duration as applicable
2050,High,SARD,BESS,Electricity Store + charge/discharge Links,6950.406324692,true,false,ELECTRICITY,true,battery_storage,true,EFF_BESS_ROUNDTRIP,false,ZERO_DIRECT_CO2,false,MC_STORAGE,false,STORAGE_SOC,false,true,PARTIAL_OPERATIONAL_PARAMETERS,STATIC_CAPACITY_AND_CLASS_CONTRACT_READY,e_nom/pump/efficiency/inflow/SOC or duration as applicable
2050,High,NORD,BIOENERGY,Generator,4542.288621371,true,false,BIOENERGY,true,bioenergy,true,EFF_BIOENERGY,false,BIOGENIC_CO2_ACCOUNTING,false,MC_BIOENERGY,false,AVAIL_BIOENERGY,false,true,STATIC_CLASS_CONTRACT_READY; NUMERICAL_ASSUMPTIONS_PENDING,STATIC_CAPACITY_AND_CLASS_CONTRACT_READY,"numerical efficiency, costs, CO2 factor and hourly profile/availability"
2050,High,CNOR,BIOENERGY,Generator,343.258566564,true,false,BIOENERGY,true,bioenergy,true,EFF_BIOENERGY,false,BIOGENIC_CO2_ACCOUNTING,false,MC_BIOENERGY,false,AVAIL_BIOENERGY,false,true,STATIC_CLASS_CONTRACT_READY; NUMERICAL_ASSUMPTIONS_PENDING,STATIC_CAPACITY_AND_CLASS_CONTRACT_READY,"numerical efficiency, costs, CO2 factor and hourly profile/availability"
2050,High,CSUD,BIOENERGY,Generator,853.41991232,true,false,BIOENERGY,true,bioenergy,true,EFF_BIOENERGY,false,BIOGENIC_CO2_ACCOUNTING,false,MC_BIOENERGY,false,AVAIL_BIOENERGY,false,true,STATIC_CLASS_CONTRACT_READY; NUMERICAL_ASSUMPTIONS_PENDING,STATIC_CAPACITY_AND_CLASS_CONTRACT_READY,"numerical efficiency, costs, CO2 factor and hourly profile/availability"
2050,High,SUD,BIOENERGY,Generator,853.850595084,true,false,BIOENERGY,true,bioenergy,true,EFF_BIOENERGY,false,BIOGENIC_CO2_ACCOUNTING,false,MC_BIOENERGY,false,AVAIL_BIOENERGY,false,true,STATIC_CLASS_CONTRACT_READY; NUMERICAL_ASSUMPTIONS_PENDING,STATIC_CAPACITY_AND_CLASS_CONTRACT_READY,"numerical efficiency, costs, CO2 factor and hourly profile/availability"
2050,High,CALA,BIOENERGY,Generator,335.831107297,true,false,BIOENERGY,true,bioenergy,true,EFF_BIOENERGY,false,BIOGENIC_CO2_ACCOUNTING,false,MC_BIOENERGY,false,AVAIL_BIOENERGY,false,true,STATIC_CLASS_CONTRACT_READY; NUMERICAL_ASSUMPTIONS_PENDING,STATIC_CAPACITY_AND_CLASS_CONTRACT_READY,"numerical efficiency, costs, CO2 factor and hourly profile/availability"
2050,High,SICI,BIOENERGY,Generator,132.916357988,true,false,BIOENERGY,true,bioenergy,true,EFF_BIOENERGY,false,BIOGENIC_CO2_ACCOUNTING,false,MC_BIOENERGY,false,AVAIL_BIOENERGY,false,true,STATIC_CLASS_CONTRACT_READY; NUMERICAL_ASSUMPTIONS_PENDING,STATIC_CAPACITY_AND_CLASS_CONTRACT_READY,"numerical efficiency, costs, CO2 factor and hourly profile/availability"
2050,High,SARD,BIOENERGY,Generator,212.364886255,true,false,BIOENERGY,true,bioenergy,true,EFF_BIOENERGY,false,BIOGENIC_CO2_ACCOUNTING,false,MC_BIOENERGY,false,AVAIL_BIOENERGY,false,true,STATIC_CLASS_CONTRACT_READY; NUMERICAL_ASSUMPTIONS_PENDING,STATIC_CAPACITY_AND_CLASS_CONTRACT_READY,"numerical efficiency, costs, CO2 factor and hourly profile/availability"
2050,High,NORD,BIOENERGY_CCS,Generator,2571.106766814,true,false,BIOENERGY,true,bioenergy_ccs,true,EFF_BIOENERGY_CCS,false,BIOGENIC_CCS_NET_NEGATIVE_CLASS,false,MC_BIOENERGY_CCS,false,AVAIL_BIOENERGY_CCS,false,true,STATIC_CLASS_CONTRACT_READY; NUMERICAL_ASSUMPTIONS_PENDING,STATIC_CAPACITY_AND_CLASS_CONTRACT_READY,"numerical efficiency, costs, CO2 factor and hourly profile/availability"
2050,High,CNOR,BIOENERGY_CCS,Generator,194.297301828,true,false,BIOENERGY,true,bioenergy_ccs,true,EFF_BIOENERGY_CCS,false,BIOGENIC_CCS_NET_NEGATIVE_CLASS,false,MC_BIOENERGY_CCS,false,AVAIL_BIOENERGY_CCS,false,true,STATIC_CLASS_CONTRACT_READY; NUMERICAL_ASSUMPTIONS_PENDING,STATIC_CAPACITY_AND_CLASS_CONTRACT_READY,"numerical efficiency, costs, CO2 factor and hourly profile/availability"
2050,High,CSUD,BIOENERGY_CCS,Generator,483.067874898,true,false,BIOENERGY,true,bioenergy_ccs,true,EFF_BIOENERGY_CCS,false,BIOGENIC_CCS_NET_NEGATIVE_CLASS,false,MC_BIOENERGY_CCS,false,AVAIL_BIOENERGY_CCS,false,true,STATIC_CLASS_CONTRACT_READY; NUMERICAL_ASSUMPTIONS_PENDING,STATIC_CAPACITY_AND_CLASS_CONTRACT_READY,"numerical efficiency, costs, CO2 factor and hourly profile/availability"
2050,High,SUD,BIOENERGY_CCS,Generator,483.311657595,true,false,BIOENERGY,true,bioenergy_ccs,true,EFF_BIOENERGY_CCS,false,BIOGENIC_CCS_NET_NEGATIVE_CLASS,false,MC_BIOENERGY_CCS,false,AVAIL_BIOENERGY_CCS,false,true,STATIC_CLASS_CONTRACT_READY; NUMERICAL_ASSUMPTIONS_PENDING,STATIC_CAPACITY_AND_CLASS_CONTRACT_READY,"numerical efficiency, costs, CO2 factor and hourly profile/availability"
2050,High,CALA,BIOENERGY_CCS,Generator,190.093079602,true,false,BIOENERGY,true,bioenergy_ccs,true,EFF_BIOENERGY_CCS,false,BIOGENIC_CCS_NET_NEGATIVE_CLASS,false,MC_BIOENERGY_CCS,false,AVAIL_BIOENERGY_CCS,false,true,STATIC_CLASS_CONTRACT_READY; NUMERICAL_ASSUMPTIONS_PENDING,STATIC_CAPACITY_AND_CLASS_CONTRACT_READY,"numerical efficiency, costs, CO2 factor and hourly profile/availability"
2050,High,SICI,BIOENERGY_CCS,Generator,75.235674333,true,false,BIOENERGY,true,bioenergy_ccs,true,EFF_BIOENERGY_CCS,false,BIOGENIC_CCS_NET_NEGATIVE_CLASS,false,MC_BIOENERGY_CCS,false,AVAIL_BIOENERGY_CCS,false,true,STATIC_CLASS_CONTRACT_READY; NUMERICAL_ASSUMPTIONS_PENDING,STATIC_CAPACITY_AND_CLASS_CONTRACT_READY,"numerical efficiency, costs, CO2 factor and hourly profile/availability"
2050,High,SARD,BIOENERGY_CCS,Generator,120.20653939,true,false,BIOENERGY,true,bioenergy_ccs,true,EFF_BIOENERGY_CCS,false,BIOGENIC_CCS_NET_NEGATIVE_CLASS,false,MC_BIOENERGY_CCS,false,AVAIL_BIOENERGY_CCS,false,true,STATIC_CLASS_CONTRACT_READY; NUMERICAL_ASSUMPTIONS_PENDING,STATIC_CAPACITY_AND_CLASS_CONTRACT_READY,"numerical efficiency, costs, CO2 factor and hourly profile/availability"
2050,High,NORD,GAS_CCS,Generator,3516.377767001,true,false,METHANE,true,methane_ccs_ccgt,true,EFF_METHANE_CCGT_CCS,false,FOSSIL_CCS_RESIDUAL_CO2,false,MC_METHANE_CCS,false,AVAIL_THERMAL_CCGT_CCS,false,true,STATIC_CLASS_CONTRACT_READY; NUMERICAL_ASSUMPTIONS_PENDING,STATIC_CAPACITY_AND_CLASS_CONTRACT_READY,"numerical efficiency, costs, CO2 factor and hourly profile/availability"
2050,High,CNOR,GAS_CCS,Generator,243.560931279,true,false,METHANE,true,methane_ccs_ccgt,true,EFF_METHANE_CCGT_CCS,false,FOSSIL_CCS_RESIDUAL_CO2,false,MC_METHANE_CCS,false,AVAIL_THERMAL_CCGT_CCS,false,true,STATIC_CLASS_CONTRACT_READY; NUMERICAL_ASSUMPTIONS_PENDING,STATIC_CAPACITY_AND_CLASS_CONTRACT_READY,"numerical efficiency, costs, CO2 factor and hourly profile/availability"
2050,High,CSUD,GAS_CCS,Generator,964.647101768,true,false,METHANE,true,methane_ccs_ccgt,true,EFF_METHANE_CCGT_CCS,false,FOSSIL_CCS_RESIDUAL_CO2,false,MC_METHANE_CCS,false,AVAIL_THERMAL_CCGT_CCS,false,true,STATIC_CLASS_CONTRACT_READY; NUMERICAL_ASSUMPTIONS_PENDING,STATIC_CAPACITY_AND_CLASS_CONTRACT_READY,"numerical efficiency, costs, CO2 factor and hourly profile/availability"
2050,High,SUD,GAS_CCS,Generator,674.038035664,true,false,METHANE,true,methane_ccs_ccgt,true,EFF_METHANE_CCGT_CCS,false,FOSSIL_CCS_RESIDUAL_CO2,false,MC_METHANE_CCS,false,AVAIL_THERMAL_CCGT_CCS,false,true,STATIC_CLASS_CONTRACT_READY; NUMERICAL_ASSUMPTIONS_PENDING,STATIC_CAPACITY_AND_CLASS_CONTRACT_READY,"numerical efficiency, costs, CO2 factor and hourly profile/availability"
2050,High,CALA,GAS_CCS,Generator,492.887687322,true,false,METHANE,true,methane_ccs_ccgt,true,EFF_METHANE_CCGT_CCS,false,FOSSIL_CCS_RESIDUAL_CO2,false,MC_METHANE_CCS,false,AVAIL_THERMAL_CCGT_CCS,false,true,STATIC_CLASS_CONTRACT_READY; NUMERICAL_ASSUMPTIONS_PENDING,STATIC_CAPACITY_AND_CLASS_CONTRACT_READY,"numerical efficiency, costs, CO2 factor and hourly profile/availability"
2050,High,SICI,GAS_CCS,Generator,462.056620428,true,false,METHANE,true,methane_ccs_ccgt,true,EFF_METHANE_CCGT_CCS,false,FOSSIL_CCS_RESIDUAL_CO2,false,MC_METHANE_CCS,false,AVAIL_THERMAL_CCGT_CCS,false,true,STATIC_CLASS_CONTRACT_READY; NUMERICAL_ASSUMPTIONS_PENDING,STATIC_CAPACITY_AND_CLASS_CONTRACT_READY,"numerical efficiency, costs, CO2 factor and hourly profile/availability"
2050,High,SARD,GAS_CCS,Generator,96.898124513,true,false,METHANE,true,methane_ccs_ccgt,true,EFF_METHANE_CCGT_CCS,false,FOSSIL_CCS_RESIDUAL_CO2,false,MC_METHANE_CCS,false,AVAIL_THERMAL_CCGT_CCS,false,true,STATIC_CLASS_CONTRACT_READY; NUMERICAL_ASSUMPTIONS_PENDING,STATIC_CAPACITY_AND_CLASS_CONTRACT_READY,"numerical efficiency, costs, CO2 factor and hourly profile/availability"
2050,High,NORD,GAS_OTHER_FOSSIL,Generator,850.138477546,true,false,METHANE,true,methane_gt_ocgt,true,EFF_METHANE_GT_OCGT,false,FOSSIL_METHANE_DIRECT_CO2,false,MC_METHANE_GT_OCGT,false,AVAIL_THERMAL_GT_OCGT,false,true,STATIC_CLASS_CONTRACT_READY; NUMERICAL_ASSUMPTIONS_PENDING,STATIC_CAPACITY_AND_CLASS_CONTRACT_READY,"numerical efficiency, costs, CO2 factor and hourly profile/availability"
2050,High,CNOR,GAS_OTHER_FOSSIL,Generator,483.986138935,true,false,METHANE,true,methane_gt_ocgt,true,EFF_METHANE_GT_OCGT,false,FOSSIL_METHANE_DIRECT_CO2,false,MC_METHANE_GT_OCGT,false,AVAIL_THERMAL_GT_OCGT,false,true,STATIC_CLASS_CONTRACT_READY; NUMERICAL_ASSUMPTIONS_PENDING,STATIC_CAPACITY_AND_CLASS_CONTRACT_READY,"numerical efficiency, costs, CO2 factor and hourly profile/availability"
2050,High,CSUD,GAS_OTHER_FOSSIL,Generator,776.49858148,true,false,METHANE,true,methane_gt_ocgt,true,EFF_METHANE_GT_OCGT,false,FOSSIL_METHANE_DIRECT_CO2,false,MC_METHANE_GT_OCGT,false,AVAIL_THERMAL_GT_OCGT,false,true,STATIC_CLASS_CONTRACT_READY; NUMERICAL_ASSUMPTIONS_PENDING,STATIC_CAPACITY_AND_CLASS_CONTRACT_READY,"numerical efficiency, costs, CO2 factor and hourly profile/availability"
2050,High,SUD,GAS_OTHER_FOSSIL,Generator,258.533138507,true,false,METHANE,true,methane_gt_ocgt,true,EFF_METHANE_GT_OCGT,false,FOSSIL_METHANE_DIRECT_CO2,false,MC_METHANE_GT_OCGT,false,AVAIL_THERMAL_GT_OCGT,false,true,STATIC_CLASS_CONTRACT_READY; NUMERICAL_ASSUMPTIONS_PENDING,STATIC_CAPACITY_AND_CLASS_CONTRACT_READY,"numerical efficiency, costs, CO2 factor and hourly profile/availability"
2050,High,CALA,GAS_OTHER_FOSSIL,Generator,218.270900589,true,false,METHANE,true,methane_gt_ocgt,true,EFF_METHANE_GT_OCGT,false,FOSSIL_METHANE_DIRECT_CO2,false,MC_METHANE_GT_OCGT,false,AVAIL_THERMAL_GT_OCGT,false,true,STATIC_CLASS_CONTRACT_READY; NUMERICAL_ASSUMPTIONS_PENDING,STATIC_CAPACITY_AND_CLASS_CONTRACT_READY,"numerical efficiency, costs, CO2 factor and hourly profile/availability"
2050,High,SICI,GAS_OTHER_FOSSIL,Generator,658.71906795,true,false,METHANE,true,methane_gt_ocgt,true,EFF_METHANE_GT_OCGT,false,FOSSIL_METHANE_DIRECT_CO2,false,MC_METHANE_GT_OCGT,false,AVAIL_THERMAL_GT_OCGT,false,true,STATIC_CLASS_CONTRACT_READY; NUMERICAL_ASSUMPTIONS_PENDING,STATIC_CAPACITY_AND_CLASS_CONTRACT_READY,"numerical efficiency, costs, CO2 factor and hourly profile/availability"
2050,High,SARD,GAS_OTHER_FOSSIL,Generator,140.348485682,true,false,METHANE,true,methane_gt_ocgt,true,EFF_METHANE_GT_OCGT,false,FOSSIL_METHANE_DIRECT_CO2,false,MC_METHANE_GT_OCGT,false,AVAIL_THERMAL_GT_OCGT,false,true,STATIC_CLASS_CONTRACT_READY; NUMERICAL_ASSUMPTIONS_PENDING,STATIC_CAPACITY_AND_CLASS_CONTRACT_READY,"numerical efficiency, costs, CO2 factor and hourly profile/availability"
2050,High,NORD,GEOTHERMAL,Generator,0,true,false,GEOTHERMAL,true,geothermal,true,EFF_NOT_APPLICABLE_GEOTHERMAL,false,ZERO_OPERATIONAL_FOSSIL_CO2,false,MC_GEOTHERMAL,false,AVAIL_GEOTHERMAL,false,true,STATIC_CLASS_CONTRACT_READY; NUMERICAL_ASSUMPTIONS_PENDING,STATIC_CAPACITY_AND_CLASS_CONTRACT_READY,"numerical efficiency, costs, CO2 factor and hourly profile/availability"
2050,High,CNOR,GEOTHERMAL,Generator,771.79,true,false,GEOTHERMAL,true,geothermal,true,EFF_NOT_APPLICABLE_GEOTHERMAL,false,ZERO_OPERATIONAL_FOSSIL_CO2,false,MC_GEOTHERMAL,false,AVAIL_GEOTHERMAL,false,true,STATIC_CLASS_CONTRACT_READY; NUMERICAL_ASSUMPTIONS_PENDING,STATIC_CAPACITY_AND_CLASS_CONTRACT_READY,"numerical efficiency, costs, CO2 factor and hourly profile/availability"
2050,High,CSUD,GEOTHERMAL,Generator,0,true,false,GEOTHERMAL,true,geothermal,true,EFF_NOT_APPLICABLE_GEOTHERMAL,false,ZERO_OPERATIONAL_FOSSIL_CO2,false,MC_GEOTHERMAL,false,AVAIL_GEOTHERMAL,false,true,STATIC_CLASS_CONTRACT_READY; NUMERICAL_ASSUMPTIONS_PENDING,STATIC_CAPACITY_AND_CLASS_CONTRACT_READY,"numerical efficiency, costs, CO2 factor and hourly profile/availability"
2050,High,SUD,GEOTHERMAL,Generator,0,true,false,GEOTHERMAL,true,geothermal,true,EFF_NOT_APPLICABLE_GEOTHERMAL,false,ZERO_OPERATIONAL_FOSSIL_CO2,false,MC_GEOTHERMAL,false,AVAIL_GEOTHERMAL,false,true,STATIC_CLASS_CONTRACT_READY; NUMERICAL_ASSUMPTIONS_PENDING,STATIC_CAPACITY_AND_CLASS_CONTRACT_READY,"numerical efficiency, costs, CO2 factor and hourly profile/availability"
2050,High,CALA,GEOTHERMAL,Generator,0,true,false,GEOTHERMAL,true,geothermal,true,EFF_NOT_APPLICABLE_GEOTHERMAL,false,ZERO_OPERATIONAL_FOSSIL_CO2,false,MC_GEOTHERMAL,false,AVAIL_GEOTHERMAL,false,true,STATIC_CLASS_CONTRACT_READY; NUMERICAL_ASSUMPTIONS_PENDING,STATIC_CAPACITY_AND_CLASS_CONTRACT_READY,"numerical efficiency, costs, CO2 factor and hourly profile/availability"
2050,High,SICI,GEOTHERMAL,Generator,0,true,false,GEOTHERMAL,true,geothermal,true,EFF_NOT_APPLICABLE_GEOTHERMAL,false,ZERO_OPERATIONAL_FOSSIL_CO2,false,MC_GEOTHERMAL,false,AVAIL_GEOTHERMAL,false,true,STATIC_CLASS_CONTRACT_READY; NUMERICAL_ASSUMPTIONS_PENDING,STATIC_CAPACITY_AND_CLASS_CONTRACT_READY,"numerical efficiency, costs, CO2 factor and hourly profile/availability"
2050,High,SARD,GEOTHERMAL,Generator,0,true,false,GEOTHERMAL,true,geothermal,true,EFF_NOT_APPLICABLE_GEOTHERMAL,false,ZERO_OPERATIONAL_FOSSIL_CO2,false,MC_GEOTHERMAL,false,AVAIL_GEOTHERMAL,false,true,STATIC_CLASS_CONTRACT_READY; NUMERICAL_ASSUMPTIONS_PENDING,STATIC_CAPACITY_AND_CLASS_CONTRACT_READY,"numerical efficiency, costs, CO2 factor and hourly profile/availability"
2050,High,NORD,NUCLEAR,Generator,5000,true,false,NUCLEAR_FUEL,true,nuclear,true,EFF_NUCLEAR_THERMAL,false,ZERO_DIRECT_OPERATIONAL_CO2,false,MC_NUCLEAR,false,AVAIL_NUCLEAR,false,true,STATIC_CLASS_CONTRACT_READY; NUMERICAL_ASSUMPTIONS_PENDING,STATIC_CAPACITY_AND_CLASS_CONTRACT_READY,"numerical efficiency, costs, CO2 factor and hourly profile/availability"
2050,High,CNOR,NUCLEAR,Generator,0,true,false,NUCLEAR_FUEL,true,nuclear,true,EFF_NUCLEAR_THERMAL,false,ZERO_DIRECT_OPERATIONAL_CO2,false,MC_NUCLEAR,false,AVAIL_NUCLEAR,false,true,STATIC_CLASS_CONTRACT_READY; NUMERICAL_ASSUMPTIONS_PENDING,STATIC_CAPACITY_AND_CLASS_CONTRACT_READY,"numerical efficiency, costs, CO2 factor and hourly profile/availability"
2050,High,CSUD,NUCLEAR,Generator,3000,true,false,NUCLEAR_FUEL,true,nuclear,true,EFF_NUCLEAR_THERMAL,false,ZERO_DIRECT_OPERATIONAL_CO2,false,MC_NUCLEAR,false,AVAIL_NUCLEAR,false,true,STATIC_CLASS_CONTRACT_READY; NUMERICAL_ASSUMPTIONS_PENDING,STATIC_CAPACITY_AND_CLASS_CONTRACT_READY,"numerical efficiency, costs, CO2 factor and hourly profile/availability"
2050,High,SUD,NUCLEAR,Generator,0,true,false,NUCLEAR_FUEL,true,nuclear,true,EFF_NUCLEAR_THERMAL,false,ZERO_DIRECT_OPERATIONAL_CO2,false,MC_NUCLEAR,false,AVAIL_NUCLEAR,false,true,STATIC_CLASS_CONTRACT_READY; NUMERICAL_ASSUMPTIONS_PENDING,STATIC_CAPACITY_AND_CLASS_CONTRACT_READY,"numerical efficiency, costs, CO2 factor and hourly profile/availability"
2050,High,CALA,NUCLEAR,Generator,0,true,false,NUCLEAR_FUEL,true,nuclear,true,EFF_NUCLEAR_THERMAL,false,ZERO_DIRECT_OPERATIONAL_CO2,false,MC_NUCLEAR,false,AVAIL_NUCLEAR,false,true,STATIC_CLASS_CONTRACT_READY; NUMERICAL_ASSUMPTIONS_PENDING,STATIC_CAPACITY_AND_CLASS_CONTRACT_READY,"numerical efficiency, costs, CO2 factor and hourly profile/availability"
2050,High,SICI,NUCLEAR,Generator,0,true,false,NUCLEAR_FUEL,true,nuclear,true,EFF_NUCLEAR_THERMAL,false,ZERO_DIRECT_OPERATIONAL_CO2,false,MC_NUCLEAR,false,AVAIL_NUCLEAR,false,true,STATIC_CLASS_CONTRACT_READY; NUMERICAL_ASSUMPTIONS_PENDING,STATIC_CAPACITY_AND_CLASS_CONTRACT_READY,"numerical efficiency, costs, CO2 factor and hourly profile/availability"
2050,High,SARD,NUCLEAR,Generator,0,true,false,NUCLEAR_FUEL,true,nuclear,true,EFF_NUCLEAR_THERMAL,false,ZERO_DIRECT_OPERATIONAL_CO2,false,MC_NUCLEAR,false,AVAIL_NUCLEAR,false,true,STATIC_CLASS_CONTRACT_READY; NUMERICAL_ASSUMPTIONS_PENDING,STATIC_CAPACITY_AND_CLASS_CONTRACT_READY,"numerical efficiency, costs, CO2 factor and hourly profile/availability"
