year,scenario,technology,zone,capacity_MW,national_capacity_MW,capacity_component,baseline_or_increment,national_capacity_method,technology_weight_method,zonal_allocation_method,allocation_anchor_year,source_or_assumption,evidence_class,status
2040,Slow,SOLAR_PV_ROOFTOP,NORD,20080,33360,RENEWABLE,SCENARIO_TOTAL,FROZEN V2.9 SCENARIO CAPACITY,80% OF BASE,FROZEN V2.9 ZONAL ALLOCATION,V2.7/V2.9,CONTROLLING V2.9 SCENARIO MATRIX,ACCEPTED SCENARIO INPUT,INSTALLED_CAPACITY_TABLE_READY
2040,Slow,SOLAR_PV_ROOFTOP,CNOR,2640,33360,RENEWABLE,SCENARIO_TOTAL,FROZEN V2.9 SCENARIO CAPACITY,80% OF BASE,FROZEN V2.9 ZONAL ALLOCATION,V2.7/V2.9,CONTROLLING V2.9 SCENARIO MATRIX,ACCEPTED SCENARIO INPUT,INSTALLED_CAPACITY_TABLE_READY
2040,Slow,SOLAR_PV_ROOFTOP,CSUD,4400,33360,RENEWABLE,SCENARIO_TOTAL,FROZEN V2.9 SCENARIO CAPACITY,80% OF BASE,FROZEN V2.9 ZONAL ALLOCATION,V2.7/V2.9,CONTROLLING V2.9 SCENARIO MATRIX,ACCEPTED SCENARIO INPUT,INSTALLED_CAPACITY_TABLE_READY
2040,Slow,SOLAR_PV_ROOFTOP,SUD,1360,33360,RENEWABLE,SCENARIO_TOTAL,FROZEN V2.9 SCENARIO CAPACITY,80% OF BASE,FROZEN V2.9 ZONAL ALLOCATION,V2.7/V2.9,CONTROLLING V2.9 SCENARIO MATRIX,ACCEPTED SCENARIO INPUT,INSTALLED_CAPACITY_TABLE_READY
2040,Slow,SOLAR_PV_ROOFTOP,CALA,880,33360,RENEWABLE,SCENARIO_TOTAL,FROZEN V2.9 SCENARIO CAPACITY,80% OF BASE,FROZEN V2.9 ZONAL ALLOCATION,V2.7/V2.9,CONTROLLING V2.9 SCENARIO MATRIX,ACCEPTED SCENARIO INPUT,INSTALLED_CAPACITY_TABLE_READY
2040,Slow,SOLAR_PV_ROOFTOP,SICI,2640,33360,RENEWABLE,SCENARIO_TOTAL,FROZEN V2.9 SCENARIO CAPACITY,80% OF BASE,FROZEN V2.9 ZONAL ALLOCATION,V2.7/V2.9,CONTROLLING V2.9 SCENARIO MATRIX,ACCEPTED SCENARIO INPUT,INSTALLED_CAPACITY_TABLE_READY
2040,Slow,SOLAR_PV_ROOFTOP,SARD,1360,33360,RENEWABLE,SCENARIO_TOTAL,FROZEN V2.9 SCENARIO CAPACITY,80% OF BASE,FROZEN V2.9 ZONAL ALLOCATION,V2.7/V2.9,CONTROLLING V2.9 SCENARIO MATRIX,ACCEPTED SCENARIO INPUT,INSTALLED_CAPACITY_TABLE_READY
2040,Slow,SOLAR_PV_UTILITY,NORD,13840,63360,RENEWABLE,SCENARIO_TOTAL,FROZEN V2.9 SCENARIO CAPACITY,80% OF BASE,FROZEN V2.9 ZONAL ALLOCATION,V2.7/V2.9,CONTROLLING V2.9 SCENARIO MATRIX,ACCEPTED SCENARIO INPUT,INSTALLED_CAPACITY_TABLE_READY
2040,Slow,SOLAR_PV_UTILITY,CNOR,5040,63360,RENEWABLE,SCENARIO_TOTAL,FROZEN V2.9 SCENARIO CAPACITY,80% OF BASE,FROZEN V2.9 ZONAL ALLOCATION,V2.7/V2.9,CONTROLLING V2.9 SCENARIO MATRIX,ACCEPTED SCENARIO INPUT,INSTALLED_CAPACITY_TABLE_READY
2040,Slow,SOLAR_PV_UTILITY,CSUD,11680,63360,RENEWABLE,SCENARIO_TOTAL,FROZEN V2.9 SCENARIO CAPACITY,80% OF BASE,FROZEN V2.9 ZONAL ALLOCATION,V2.7/V2.9,CONTROLLING V2.9 SCENARIO MATRIX,ACCEPTED SCENARIO INPUT,INSTALLED_CAPACITY_TABLE_READY
2040,Slow,SOLAR_PV_UTILITY,SUD,15440,63360,RENEWABLE,SCENARIO_TOTAL,FROZEN V2.9 SCENARIO CAPACITY,80% OF BASE,FROZEN V2.9 ZONAL ALLOCATION,V2.7/V2.9,CONTROLLING V2.9 SCENARIO MATRIX,ACCEPTED SCENARIO INPUT,INSTALLED_CAPACITY_TABLE_READY
2040,Slow,SOLAR_PV_UTILITY,CALA,2000,63360,RENEWABLE,SCENARIO_TOTAL,FROZEN V2.9 SCENARIO CAPACITY,80% OF BASE,FROZEN V2.9 ZONAL ALLOCATION,V2.7/V2.9,CONTROLLING V2.9 SCENARIO MATRIX,ACCEPTED SCENARIO INPUT,INSTALLED_CAPACITY_TABLE_READY
2040,Slow,SOLAR_PV_UTILITY,SICI,9200,63360,RENEWABLE,SCENARIO_TOTAL,FROZEN V2.9 SCENARIO CAPACITY,80% OF BASE,FROZEN V2.9 ZONAL ALLOCATION,V2.7/V2.9,CONTROLLING V2.9 SCENARIO MATRIX,ACCEPTED SCENARIO INPUT,INSTALLED_CAPACITY_TABLE_READY
2040,Slow,SOLAR_PV_UTILITY,SARD,6160,63360,RENEWABLE,SCENARIO_TOTAL,FROZEN V2.9 SCENARIO CAPACITY,80% OF BASE,FROZEN V2.9 ZONAL ALLOCATION,V2.7/V2.9,CONTROLLING V2.9 SCENARIO MATRIX,ACCEPTED SCENARIO INPUT,INSTALLED_CAPACITY_TABLE_READY
2040,Slow,WIND_ONSHORE,NORD,480,27280,RENEWABLE,SCENARIO_TOTAL,FROZEN V2.9 SCENARIO CAPACITY,80% OF BASE,FROZEN V2.9 ZONAL ALLOCATION,V2.7/V2.9,CONTROLLING V2.9 SCENARIO MATRIX,ACCEPTED SCENARIO INPUT,INSTALLED_CAPACITY_TABLE_READY
2040,Slow,WIND_ONSHORE,CNOR,320,27280,RENEWABLE,SCENARIO_TOTAL,FROZEN V2.9 SCENARIO CAPACITY,80% OF BASE,FROZEN V2.9 ZONAL ALLOCATION,V2.7/V2.9,CONTROLLING V2.9 SCENARIO MATRIX,ACCEPTED SCENARIO INPUT,INSTALLED_CAPACITY_TABLE_READY
2040,Slow,WIND_ONSHORE,CSUD,5440,27280,RENEWABLE,SCENARIO_TOTAL,FROZEN V2.9 SCENARIO CAPACITY,80% OF BASE,FROZEN V2.9 ZONAL ALLOCATION,V2.7/V2.9,CONTROLLING V2.9 SCENARIO MATRIX,ACCEPTED SCENARIO INPUT,INSTALLED_CAPACITY_TABLE_READY
2040,Slow,WIND_ONSHORE,SUD,10560,27280,RENEWABLE,SCENARIO_TOTAL,FROZEN V2.9 SCENARIO CAPACITY,80% OF BASE,FROZEN V2.9 ZONAL ALLOCATION,V2.7/V2.9,CONTROLLING V2.9 SCENARIO MATRIX,ACCEPTED SCENARIO INPUT,INSTALLED_CAPACITY_TABLE_READY
2040,Slow,WIND_ONSHORE,CALA,2640,27280,RENEWABLE,SCENARIO_TOTAL,FROZEN V2.9 SCENARIO CAPACITY,80% OF BASE,FROZEN V2.9 ZONAL ALLOCATION,V2.7/V2.9,CONTROLLING V2.9 SCENARIO MATRIX,ACCEPTED SCENARIO INPUT,INSTALLED_CAPACITY_TABLE_READY
2040,Slow,WIND_ONSHORE,SICI,5040,27280,RENEWABLE,SCENARIO_TOTAL,FROZEN V2.9 SCENARIO CAPACITY,80% OF BASE,FROZEN V2.9 ZONAL ALLOCATION,V2.7/V2.9,CONTROLLING V2.9 SCENARIO MATRIX,ACCEPTED SCENARIO INPUT,INSTALLED_CAPACITY_TABLE_READY
2040,Slow,WIND_ONSHORE,SARD,2800,27280,RENEWABLE,SCENARIO_TOTAL,FROZEN V2.9 SCENARIO CAPACITY,80% OF BASE,FROZEN V2.9 ZONAL ALLOCATION,V2.7/V2.9,CONTROLLING V2.9 SCENARIO MATRIX,ACCEPTED SCENARIO INPUT,INSTALLED_CAPACITY_TABLE_READY
2040,Slow,WIND_OFFSHORE,NORD,1200,12160,RENEWABLE,SCENARIO_TOTAL,FROZEN V2.9 SCENARIO CAPACITY,80% OF BASE,FROZEN V2.9 ZONAL ALLOCATION,V2.7/V2.9,CONTROLLING V2.9 SCENARIO MATRIX,ACCEPTED SCENARIO INPUT,INSTALLED_CAPACITY_TABLE_READY
2040,Slow,WIND_OFFSHORE,CNOR,640,12160,RENEWABLE,SCENARIO_TOTAL,FROZEN V2.9 SCENARIO CAPACITY,80% OF BASE,FROZEN V2.9 ZONAL ALLOCATION,V2.7/V2.9,CONTROLLING V2.9 SCENARIO MATRIX,ACCEPTED SCENARIO INPUT,INSTALLED_CAPACITY_TABLE_READY
2040,Slow,WIND_OFFSHORE,CSUD,1280,12160,RENEWABLE,SCENARIO_TOTAL,FROZEN V2.9 SCENARIO CAPACITY,80% OF BASE,FROZEN V2.9 ZONAL ALLOCATION,V2.7/V2.9,CONTROLLING V2.9 SCENARIO MATRIX,ACCEPTED SCENARIO INPUT,INSTALLED_CAPACITY_TABLE_READY
2040,Slow,WIND_OFFSHORE,SUD,3760,12160,RENEWABLE,SCENARIO_TOTAL,FROZEN V2.9 SCENARIO CAPACITY,80% OF BASE,FROZEN V2.9 ZONAL ALLOCATION,V2.7/V2.9,CONTROLLING V2.9 SCENARIO MATRIX,ACCEPTED SCENARIO INPUT,INSTALLED_CAPACITY_TABLE_READY
2040,Slow,WIND_OFFSHORE,CALA,480,12160,RENEWABLE,SCENARIO_TOTAL,FROZEN V2.9 SCENARIO CAPACITY,80% OF BASE,FROZEN V2.9 ZONAL ALLOCATION,V2.7/V2.9,CONTROLLING V2.9 SCENARIO MATRIX,ACCEPTED SCENARIO INPUT,INSTALLED_CAPACITY_TABLE_READY
2040,Slow,WIND_OFFSHORE,SICI,2400,12160,RENEWABLE,SCENARIO_TOTAL,FROZEN V2.9 SCENARIO CAPACITY,80% OF BASE,FROZEN V2.9 ZONAL ALLOCATION,V2.7/V2.9,CONTROLLING V2.9 SCENARIO MATRIX,ACCEPTED SCENARIO INPUT,INSTALLED_CAPACITY_TABLE_READY
2040,Slow,WIND_OFFSHORE,SARD,2400,12160,RENEWABLE,SCENARIO_TOTAL,FROZEN V2.9 SCENARIO CAPACITY,80% OF BASE,FROZEN V2.9 ZONAL ALLOCATION,V2.7/V2.9,CONTROLLING V2.9 SCENARIO MATRIX,ACCEPTED SCENARIO INPUT,INSTALLED_CAPACITY_TABLE_READY
2040,Slow,BESS,NORD,4420,21813.333333333,STORAGE,SCENARIO_TOTAL_DISCHARGE_POWER,FROZEN V2.9 BESS POWER,80% OF BASE,FROZEN V2.9 ZONAL STORAGE ALLOCATION,V2.9,CONTROLLING V2.9 STORAGE MATRIX,ACCEPTED SCENARIO INPUT,P_NOM ONLY; E_NOM SEPARATE
2040,Slow,BESS,CNOR,906.666666667,21813.333333333,STORAGE,SCENARIO_TOTAL_DISCHARGE_POWER,FROZEN V2.9 BESS POWER,80% OF BASE,FROZEN V2.9 ZONAL STORAGE ALLOCATION,V2.9,CONTROLLING V2.9 STORAGE MATRIX,ACCEPTED SCENARIO INPUT,P_NOM ONLY; E_NOM SEPARATE
2040,Slow,BESS,CSUD,3376.666666667,21813.333333333,STORAGE,SCENARIO_TOTAL_DISCHARGE_POWER,FROZEN V2.9 BESS POWER,80% OF BASE,FROZEN V2.9 ZONAL STORAGE ALLOCATION,V2.9,CONTROLLING V2.9 STORAGE MATRIX,ACCEPTED SCENARIO INPUT,P_NOM ONLY; E_NOM SEPARATE
2040,Slow,BESS,SUD,5090,21813.333333333,STORAGE,SCENARIO_TOTAL_DISCHARGE_POWER,FROZEN V2.9 BESS POWER,80% OF BASE,FROZEN V2.9 ZONAL STORAGE ALLOCATION,V2.9,CONTROLLING V2.9 STORAGE MATRIX,ACCEPTED SCENARIO INPUT,P_NOM ONLY; E_NOM SEPARATE
2040,Slow,BESS,CALA,1173.333333333,21813.333333333,STORAGE,SCENARIO_TOTAL_DISCHARGE_POWER,FROZEN V2.9 BESS POWER,80% OF BASE,FROZEN V2.9 ZONAL STORAGE ALLOCATION,V2.9,CONTROLLING V2.9 STORAGE MATRIX,ACCEPTED SCENARIO INPUT,P_NOM ONLY; E_NOM SEPARATE
2040,Slow,BESS,SICI,3976.666666667,21813.333333333,STORAGE,SCENARIO_TOTAL_DISCHARGE_POWER,FROZEN V2.9 BESS POWER,80% OF BASE,FROZEN V2.9 ZONAL STORAGE ALLOCATION,V2.9,CONTROLLING V2.9 STORAGE MATRIX,ACCEPTED SCENARIO INPUT,P_NOM ONLY; E_NOM SEPARATE
2040,Slow,BESS,SARD,2870,21813.333333333,STORAGE,SCENARIO_TOTAL_DISCHARGE_POWER,FROZEN V2.9 BESS POWER,80% OF BASE,FROZEN V2.9 ZONAL STORAGE ALLOCATION,V2.9,CONTROLLING V2.9 STORAGE MATRIX,ACCEPTED SCENARIO INPUT,P_NOM ONLY; E_NOM SEPARATE
2040,Slow,HYDRO_RUN_OF_RIVER,NORD,5228.210866305,6239,HYDRO_FIXED_CURRENT,CURRENT_FLEET_COPIED_UNCHANGED,USER_CONFIRMED CURRENT HYDRO CAPACITY IN ALL FUTURE SCENARIOS,NOT APPLICABLE,NORD DIRECT CLASS VALUES SCALED 0.006% TO ZONAL NON-PUMPED CONTROL,2024,TERNA HYDRO CONTROLS + PROJECT CLASS ALLOCATION,DIRECT MACRO CONTROL + PROJECT RECONCILIATION,CAPACITY FROZEN; OPERATIONAL PARAMETERS PARTIAL
2040,Slow,HYDRO_BASIN,NORD,3512.208833846,5019.900000002,HYDRO_FIXED_CURRENT,CURRENT_FLEET_COPIED_UNCHANGED,USER_CONFIRMED CURRENT HYDRO CAPACITY IN ALL FUTURE SCENARIOS,NOT APPLICABLE,NORD DIRECT CLASS VALUES SCALED 0.006% TO ZONAL NON-PUMPED CONTROL,2024,TERNA HYDRO CONTROLS + PROJECT CLASS ALLOCATION,DIRECT MACRO CONTROL + PROJECT RECONCILIATION,CAPACITY FROZEN; OPERATIONAL PARAMETERS PARTIAL
2040,Slow,HYDRO_RESERVOIR,NORD,3669.318175474,4782.8,HYDRO_FIXED_CURRENT,CURRENT_FLEET_COPIED_UNCHANGED,USER_CONFIRMED CURRENT HYDRO CAPACITY IN ALL FUTURE SCENARIOS,NOT APPLICABLE,NORD DIRECT CLASS VALUES SCALED 0.006% TO ZONAL NON-PUMPED CONTROL,2024,TERNA HYDRO CONTROLS + PROJECT CLASS ALLOCATION,DIRECT MACRO CONTROL + PROJECT RECONCILIATION,CAPACITY FROZEN; OPERATIONAL PARAMETERS PARTIAL
2040,Slow,PUMPED_HYDRO_PURE,NORD,2393.185354581,3969.57561,HYDRO_FIXED_CURRENT,CURRENT_FLEET_COPIED_UNCHANGED,USER_CONFIRMED CURRENT HYDRO CAPACITY IN ALL FUTURE SCENARIOS,NOT APPLICABLE,DIRECT PURE/MIXED PUMPING PERIMETER BRIDGE,2024,TERNA HYDRO CONTROLS + PROJECT CLASS ALLOCATION,DIRECT TERNA CONTROL / PERIMETER DERIVATION,CAPACITY FROZEN; OPERATIONAL PARAMETERS PARTIAL
2040,Slow,PUMPED_HYDRO_MIXED,NORD,2305.444434376,3282.72439,HYDRO_FIXED_CURRENT,CURRENT_FLEET_COPIED_UNCHANGED,USER_CONFIRMED CURRENT HYDRO CAPACITY IN ALL FUTURE SCENARIOS,NOT APPLICABLE,DIRECT PURE/MIXED PUMPING PERIMETER BRIDGE,2024,TERNA HYDRO CONTROLS + PROJECT CLASS ALLOCATION,DIRECT TERNA CONTROL / PERIMETER DERIVATION,CAPACITY FROZEN; OPERATIONAL PARAMETERS PARTIAL
2040,Slow,HYDRO_RUN_OF_RIVER,CNOR,209.314034422,6239,HYDRO_FIXED_CURRENT,CURRENT_FLEET_COPIED_UNCHANGED,USER_CONFIRMED CURRENT HYDRO CAPACITY IN ALL FUTURE SCENARIOS,NOT APPLICABLE,ROR residual allocated using open HDAM programmable-capacity floor; remaining programmable capacity split to basin/reservoir by residual national controls,2024,TERNA HYDRO CONTROLS + PROJECT CLASS ALLOCATION,PROJECT ALLOCATION PROVISIONAL,CAPACITY FROZEN; OPERATIONAL PARAMETERS PARTIAL
2040,Slow,HYDRO_BASIN,CNOR,238.064607896,5019.900000002,HYDRO_FIXED_CURRENT,CURRENT_FLEET_COPIED_UNCHANGED,USER_CONFIRMED CURRENT HYDRO CAPACITY IN ALL FUTURE SCENARIOS,NOT APPLICABLE,ROR residual allocated using open HDAM programmable-capacity floor; remaining programmable capacity split to basin/reservoir by residual national controls,2024,TERNA HYDRO CONTROLS + PROJECT CLASS ALLOCATION,PROJECT ALLOCATION PROVISIONAL,CAPACITY FROZEN; OPERATIONAL PARAMETERS PARTIAL
2040,Slow,HYDRO_RESERVOIR,CNOR,175.818907682,4782.8,HYDRO_FIXED_CURRENT,CURRENT_FLEET_COPIED_UNCHANGED,USER_CONFIRMED CURRENT HYDRO CAPACITY IN ALL FUTURE SCENARIOS,NOT APPLICABLE,ROR residual allocated using open HDAM programmable-capacity floor; remaining programmable capacity split to basin/reservoir by residual national controls,2024,TERNA HYDRO CONTROLS + PROJECT CLASS ALLOCATION,PROJECT ALLOCATION PROVISIONAL,CAPACITY FROZEN; OPERATIONAL PARAMETERS PARTIAL
2040,Slow,PUMPED_HYDRO_PURE,CNOR,0,3969.57561,HYDRO_FIXED_CURRENT,CURRENT_FLEET_COPIED_UNCHANGED,USER_CONFIRMED CURRENT HYDRO CAPACITY IN ALL FUTURE SCENARIOS,NOT APPLICABLE,DIRECT PURE/MIXED PUMPING PERIMETER BRIDGE,2024,TERNA HYDRO CONTROLS + PROJECT CLASS ALLOCATION,DIRECT TERNA CONTROL / PERIMETER DERIVATION,CAPACITY FROZEN; OPERATIONAL PARAMETERS PARTIAL
2040,Slow,PUMPED_HYDRO_MIXED,CNOR,0,3282.72439,HYDRO_FIXED_CURRENT,CURRENT_FLEET_COPIED_UNCHANGED,USER_CONFIRMED CURRENT HYDRO CAPACITY IN ALL FUTURE SCENARIOS,NOT APPLICABLE,DIRECT PURE/MIXED PUMPING PERIMETER BRIDGE,2024,TERNA HYDRO CONTROLS + PROJECT CLASS ALLOCATION,DIRECT TERNA CONTROL / PERIMETER DERIVATION,CAPACITY FROZEN; OPERATIONAL PARAMETERS PARTIAL
2040,Slow,HYDRO_RUN_OF_RIVER,CSUD,579.820027388,6239,HYDRO_FIXED_CURRENT,CURRENT_FLEET_COPIED_UNCHANGED,USER_CONFIRMED CURRENT HYDRO CAPACITY IN ALL FUTURE SCENARIOS,NOT APPLICABLE,ROR residual allocated using open HDAM programmable-capacity floor; remaining programmable capacity split to basin/reservoir by residual national controls,2024,TERNA HYDRO CONTROLS + PROJECT CLASS ALLOCATION,PROJECT ALLOCATION PROVISIONAL,CAPACITY FROZEN; OPERATIONAL PARAMETERS PARTIAL
2040,Slow,HYDRO_BASIN,CSUD,582.887284562,5019.900000002,HYDRO_FIXED_CURRENT,CURRENT_FLEET_COPIED_UNCHANGED,USER_CONFIRMED CURRENT HYDRO CAPACITY IN ALL FUTURE SCENARIOS,NOT APPLICABLE,ROR residual allocated using open HDAM programmable-capacity floor; remaining programmable capacity split to basin/reservoir by residual national controls,2024,TERNA HYDRO CONTROLS + PROJECT CLASS ALLOCATION,PROJECT ALLOCATION PROVISIONAL,CAPACITY FROZEN; OPERATIONAL PARAMETERS PARTIAL
2040,Slow,HYDRO_RESERVOIR,CSUD,430.482324018,4782.8,HYDRO_FIXED_CURRENT,CURRENT_FLEET_COPIED_UNCHANGED,USER_CONFIRMED CURRENT HYDRO CAPACITY IN ALL FUTURE SCENARIOS,NOT APPLICABLE,ROR residual allocated using open HDAM programmable-capacity floor; remaining programmable capacity split to basin/reservoir by residual national controls,2024,TERNA HYDRO CONTROLS + PROJECT CLASS ALLOCATION,PROJECT ALLOCATION PROVISIONAL,CAPACITY FROZEN; OPERATIONAL PARAMETERS PARTIAL
2040,Slow,PUMPED_HYDRO_PURE,CSUD,995.915669822,3969.57561,HYDRO_FIXED_CURRENT,CURRENT_FLEET_COPIED_UNCHANGED,USER_CONFIRMED CURRENT HYDRO CAPACITY IN ALL FUTURE SCENARIOS,NOT APPLICABLE,DIRECT PURE/MIXED PUMPING PERIMETER BRIDGE,2024,TERNA HYDRO CONTROLS + PROJECT CLASS ALLOCATION,DIRECT TERNA CONTROL / PERIMETER DERIVATION,CAPACITY FROZEN; OPERATIONAL PARAMETERS PARTIAL
2040,Slow,PUMPED_HYDRO_MIXED,CSUD,736.949744032,3282.72439,HYDRO_FIXED_CURRENT,CURRENT_FLEET_COPIED_UNCHANGED,USER_CONFIRMED CURRENT HYDRO CAPACITY IN ALL FUTURE SCENARIOS,NOT APPLICABLE,DIRECT PURE/MIXED PUMPING PERIMETER BRIDGE,2024,TERNA HYDRO CONTROLS + PROJECT CLASS ALLOCATION,DIRECT TERNA CONTROL / PERIMETER DERIVATION,CAPACITY FROZEN; OPERATIONAL PARAMETERS PARTIAL
2040,Slow,HYDRO_RUN_OF_RIVER,SUD,45.411334869,6239,HYDRO_FIXED_CURRENT,CURRENT_FLEET_COPIED_UNCHANGED,USER_CONFIRMED CURRENT HYDRO CAPACITY IN ALL FUTURE SCENARIOS,NOT APPLICABLE,ROR residual allocated using open HDAM programmable-capacity floor; remaining programmable capacity split to basin/reservoir by residual national controls,2024,TERNA HYDRO CONTROLS + PROJECT CLASS ALLOCATION,PROJECT ALLOCATION PROVISIONAL,CAPACITY FROZEN; OPERATIONAL PARAMETERS PARTIAL
2040,Slow,HYDRO_BASIN,SUD,103.488209848,5019.900000002,HYDRO_FIXED_CURRENT,CURRENT_FLEET_COPIED_UNCHANGED,USER_CONFIRMED CURRENT HYDRO CAPACITY IN ALL FUTURE SCENARIOS,NOT APPLICABLE,ROR residual allocated using open HDAM programmable-capacity floor; remaining programmable capacity split to basin/reservoir by residual national controls,2024,TERNA HYDRO CONTROLS + PROJECT CLASS ALLOCATION,PROJECT ALLOCATION PROVISIONAL,CAPACITY FROZEN; OPERATIONAL PARAMETERS PARTIAL
2040,Slow,HYDRO_RESERVOIR,SUD,76.429605283,4782.8,HYDRO_FIXED_CURRENT,CURRENT_FLEET_COPIED_UNCHANGED,USER_CONFIRMED CURRENT HYDRO CAPACITY IN ALL FUTURE SCENARIOS,NOT APPLICABLE,ROR residual allocated using open HDAM programmable-capacity floor; remaining programmable capacity split to basin/reservoir by residual national controls,2024,TERNA HYDRO CONTROLS + PROJECT CLASS ALLOCATION,PROJECT ALLOCATION PROVISIONAL,CAPACITY FROZEN; OPERATIONAL PARAMETERS PARTIAL
2040,Slow,PUMPED_HYDRO_PURE,SUD,0,3969.57561,HYDRO_FIXED_CURRENT,CURRENT_FLEET_COPIED_UNCHANGED,USER_CONFIRMED CURRENT HYDRO CAPACITY IN ALL FUTURE SCENARIOS,NOT APPLICABLE,DIRECT PURE/MIXED PUMPING PERIMETER BRIDGE,2024,TERNA HYDRO CONTROLS + PROJECT CLASS ALLOCATION,DIRECT TERNA CONTROL / PERIMETER DERIVATION,CAPACITY FROZEN; OPERATIONAL PARAMETERS PARTIAL
2040,Slow,PUMPED_HYDRO_MIXED,SUD,0,3282.72439,HYDRO_FIXED_CURRENT,CURRENT_FLEET_COPIED_UNCHANGED,USER_CONFIRMED CURRENT HYDRO CAPACITY IN ALL FUTURE SCENARIOS,NOT APPLICABLE,DIRECT PURE/MIXED PUMPING PERIMETER BRIDGE,2024,TERNA HYDRO CONTROLS + PROJECT CLASS ALLOCATION,DIRECT TERNA CONTROL / PERIMETER DERIVATION,CAPACITY FROZEN; OPERATIONAL PARAMETERS PARTIAL
2040,Slow,HYDRO_RUN_OF_RIVER,CALA,106.743829899,6239,HYDRO_FIXED_CURRENT,CURRENT_FLEET_COPIED_UNCHANGED,USER_CONFIRMED CURRENT HYDRO CAPACITY IN ALL FUTURE SCENARIOS,NOT APPLICABLE,ROR residual allocated using open HDAM programmable-capacity floor; remaining programmable capacity split to basin/reservoir by residual national controls,2024,TERNA HYDRO CONTROLS + PROJECT CLASS ALLOCATION,PROJECT ALLOCATION PROVISIONAL,CAPACITY FROZEN; OPERATIONAL PARAMETERS PARTIAL
2040,Slow,HYDRO_BASIN,CALA,417.949832196,5019.900000002,HYDRO_FIXED_CURRENT,CURRENT_FLEET_COPIED_UNCHANGED,USER_CONFIRMED CURRENT HYDRO CAPACITY IN ALL FUTURE SCENARIOS,NOT APPLICABLE,ROR residual allocated using open HDAM programmable-capacity floor; remaining programmable capacity split to basin/reservoir by residual national controls,2024,TERNA HYDRO CONTROLS + PROJECT CLASS ALLOCATION,PROJECT ALLOCATION PROVISIONAL,CAPACITY FROZEN; OPERATIONAL PARAMETERS PARTIAL
2040,Slow,HYDRO_RESERVOIR,CALA,308.670337905,4782.8,HYDRO_FIXED_CURRENT,CURRENT_FLEET_COPIED_UNCHANGED,USER_CONFIRMED CURRENT HYDRO CAPACITY IN ALL FUTURE SCENARIOS,NOT APPLICABLE,ROR residual allocated using open HDAM programmable-capacity floor; remaining programmable capacity split to basin/reservoir by residual national controls,2024,TERNA HYDRO CONTROLS + PROJECT CLASS ALLOCATION,PROJECT ALLOCATION PROVISIONAL,CAPACITY FROZEN; OPERATIONAL PARAMETERS PARTIAL
2040,Slow,PUMPED_HYDRO_PURE,CALA,0,3969.57561,HYDRO_FIXED_CURRENT,CURRENT_FLEET_COPIED_UNCHANGED,USER_CONFIRMED CURRENT HYDRO CAPACITY IN ALL FUTURE SCENARIOS,NOT APPLICABLE,DIRECT PURE/MIXED PUMPING PERIMETER BRIDGE,2024,TERNA HYDRO CONTROLS + PROJECT CLASS ALLOCATION,DIRECT TERNA CONTROL / PERIMETER DERIVATION,CAPACITY FROZEN; OPERATIONAL PARAMETERS PARTIAL
2040,Slow,PUMPED_HYDRO_MIXED,CALA,0,3282.72439,HYDRO_FIXED_CURRENT,CURRENT_FLEET_COPIED_UNCHANGED,USER_CONFIRMED CURRENT HYDRO CAPACITY IN ALL FUTURE SCENARIOS,NOT APPLICABLE,DIRECT PURE/MIXED PUMPING PERIMETER BRIDGE,2024,TERNA HYDRO CONTROLS + PROJECT CLASS ALLOCATION,DIRECT TERNA CONTROL / PERIMETER DERIVATION,CAPACITY FROZEN; OPERATIONAL PARAMETERS PARTIAL
2040,Slow,HYDRO_RUN_OF_RIVER,SICI,31.552391362,6239,HYDRO_FIXED_CURRENT,CURRENT_FLEET_COPIED_UNCHANGED,USER_CONFIRMED CURRENT HYDRO CAPACITY IN ALL FUTURE SCENARIOS,NOT APPLICABLE,ROR residual allocated using open HDAM programmable-capacity floor; remaining programmable capacity split to basin/reservoir by residual national controls,2024,TERNA HYDRO CONTROLS + PROJECT CLASS ALLOCATION,PROJECT ALLOCATION PROVISIONAL,CAPACITY FROZEN; OPERATIONAL PARAMETERS PARTIAL
2040,Slow,HYDRO_BASIN,SICI,58.808504061,5019.900000002,HYDRO_FIXED_CURRENT,CURRENT_FLEET_COPIED_UNCHANGED,USER_CONFIRMED CURRENT HYDRO CAPACITY IN ALL FUTURE SCENARIOS,NOT APPLICABLE,ROR residual allocated using open HDAM programmable-capacity floor; remaining programmable capacity split to basin/reservoir by residual national controls,2024,TERNA HYDRO CONTROLS + PROJECT CLASS ALLOCATION,PROJECT ALLOCATION PROVISIONAL,CAPACITY FROZEN; OPERATIONAL PARAMETERS PARTIAL
2040,Slow,HYDRO_RESERVOIR,SICI,43.432104578,4782.8,HYDRO_FIXED_CURRENT,CURRENT_FLEET_COPIED_UNCHANGED,USER_CONFIRMED CURRENT HYDRO CAPACITY IN ALL FUTURE SCENARIOS,NOT APPLICABLE,ROR residual allocated using open HDAM programmable-capacity floor; remaining programmable capacity split to basin/reservoir by residual national controls,2024,TERNA HYDRO CONTROLS + PROJECT CLASS ALLOCATION,PROJECT ALLOCATION PROVISIONAL,CAPACITY FROZEN; OPERATIONAL PARAMETERS PARTIAL
2040,Slow,PUMPED_HYDRO_PURE,SICI,580.474585597,3969.57561,HYDRO_FIXED_CURRENT,CURRENT_FLEET_COPIED_UNCHANGED,USER_CONFIRMED CURRENT HYDRO CAPACITY IN ALL FUTURE SCENARIOS,NOT APPLICABLE,DIRECT PURE/MIXED PUMPING PERIMETER BRIDGE,2024,TERNA HYDRO CONTROLS + PROJECT CLASS ALLOCATION,DIRECT TERNA CONTROL / PERIMETER DERIVATION,CAPACITY FROZEN; OPERATIONAL PARAMETERS PARTIAL
2040,Slow,PUMPED_HYDRO_MIXED,SICI,0,3282.72439,HYDRO_FIXED_CURRENT,CURRENT_FLEET_COPIED_UNCHANGED,USER_CONFIRMED CURRENT HYDRO CAPACITY IN ALL FUTURE SCENARIOS,NOT APPLICABLE,DIRECT PURE/MIXED PUMPING PERIMETER BRIDGE,2024,TERNA HYDRO CONTROLS + PROJECT CLASS ALLOCATION,DIRECT TERNA CONTROL / PERIMETER DERIVATION,CAPACITY FROZEN; OPERATIONAL PARAMETERS PARTIAL
2040,Slow,HYDRO_RUN_OF_RIVER,SARD,37.947515755,6239,HYDRO_FIXED_CURRENT,CURRENT_FLEET_COPIED_UNCHANGED,USER_CONFIRMED CURRENT HYDRO CAPACITY IN ALL FUTURE SCENARIOS,NOT APPLICABLE,ROR residual allocated using open HDAM programmable-capacity floor; remaining programmable capacity split to basin/reservoir by residual national controls,2024,TERNA HYDRO CONTROLS + PROJECT CLASS ALLOCATION,PROJECT ALLOCATION PROVISIONAL,CAPACITY FROZEN; OPERATIONAL PARAMETERS PARTIAL
2040,Slow,HYDRO_BASIN,SARD,106.492727593,5019.900000002,HYDRO_FIXED_CURRENT,CURRENT_FLEET_COPIED_UNCHANGED,USER_CONFIRMED CURRENT HYDRO CAPACITY IN ALL FUTURE SCENARIOS,NOT APPLICABLE,ROR residual allocated using open HDAM programmable-capacity floor; remaining programmable capacity split to basin/reservoir by residual national controls,2024,TERNA HYDRO CONTROLS + PROJECT CLASS ALLOCATION,PROJECT ALLOCATION PROVISIONAL,CAPACITY FROZEN; OPERATIONAL PARAMETERS PARTIAL
2040,Slow,HYDRO_RESERVOIR,SARD,78.64854506,4782.8,HYDRO_FIXED_CURRENT,CURRENT_FLEET_COPIED_UNCHANGED,USER_CONFIRMED CURRENT HYDRO CAPACITY IN ALL FUTURE SCENARIOS,NOT APPLICABLE,ROR residual allocated using open HDAM programmable-capacity floor; remaining programmable capacity split to basin/reservoir by residual national controls,2024,TERNA HYDRO CONTROLS + PROJECT CLASS ALLOCATION,PROJECT ALLOCATION PROVISIONAL,CAPACITY FROZEN; OPERATIONAL PARAMETERS PARTIAL
2040,Slow,PUMPED_HYDRO_PURE,SARD,0,3969.57561,HYDRO_FIXED_CURRENT,CURRENT_FLEET_COPIED_UNCHANGED,USER_CONFIRMED CURRENT HYDRO CAPACITY IN ALL FUTURE SCENARIOS,NOT APPLICABLE,DIRECT PURE/MIXED PUMPING PERIMETER BRIDGE,2024,TERNA HYDRO CONTROLS + PROJECT CLASS ALLOCATION,DIRECT TERNA CONTROL / PERIMETER DERIVATION,CAPACITY FROZEN; OPERATIONAL PARAMETERS PARTIAL
2040,Slow,PUMPED_HYDRO_MIXED,SARD,240.330211592,3282.72439,HYDRO_FIXED_CURRENT,CURRENT_FLEET_COPIED_UNCHANGED,USER_CONFIRMED CURRENT HYDRO CAPACITY IN ALL FUTURE SCENARIOS,NOT APPLICABLE,DIRECT PURE/MIXED PUMPING PERIMETER BRIDGE,2024,TERNA HYDRO CONTROLS + PROJECT CLASS ALLOCATION,DIRECT TERNA CONTROL / PERIMETER DERIVATION,CAPACITY FROZEN; OPERATIONAL PARAMETERS PARTIAL
2040,Slow,CCGT,NORD,23085.542039157,42348.268607252,BASE_THERMAL,BASE_PORTFOLIO,2024 POST-COAL/OIL ANCHOR SCALED TO 55 GW,ANCHOR TECHNOLOGY PROPORTIONS,POST_COAL_OIL TECHNOLOGY GEOGRAPHY,2024,TERNA 2024 + COAL/OIL MASK + 2040 55-GW CONTROL,TERNA CONTROL + PROJECT DERIVATION,INSTALLED_CAPACITY_TABLE_READY
2040,Slow,GT_OCGT,NORD,842.144489518,3354.65103872,BASE_THERMAL,BASE_PORTFOLIO,2024 POST-COAL/OIL ANCHOR SCALED TO 55 GW,ANCHOR TECHNOLOGY PROPORTIONS,POST_COAL_OIL TECHNOLOGY GEOGRAPHY,2024,TERNA 2024 + COAL/OIL MASK + 2040 55-GW CONTROL,TERNA CONTROL + PROJECT DERIVATION,INSTALLED_CAPACITY_TABLE_READY
2040,Slow,INTERNAL_COMBUSTION,NORD,3456.449708873,5329.903451974,BASE_THERMAL,BASE_PORTFOLIO,2024 POST-COAL/OIL ANCHOR SCALED TO 55 GW,ANCHOR TECHNOLOGY PROPORTIONS,POST_COAL_OIL TECHNOLOGY GEOGRAPHY,2024,TERNA 2024 + COAL/OIL MASK + 2040 55-GW CONTROL,TERNA CONTROL + PROJECT DERIVATION,INSTALLED_CAPACITY_TABLE_READY
2040,Slow,STEAM_OTHER_SURVIVING,NORD,1588.168234432,2894.547403909,BASE_THERMAL,BASE_PORTFOLIO,2024 POST-COAL/OIL ANCHOR SCALED TO 55 GW,ANCHOR TECHNOLOGY PROPORTIONS,POST_COAL_OIL TECHNOLOGY GEOGRAPHY,2024,TERNA 2024 + COAL/OIL MASK + 2040 55-GW CONTROL,TERNA CONTROL + PROJECT DERIVATION,INSTALLED_CAPACITY_TABLE_READY
2040,Slow,OTHER_SURVIVING_THERMAL,NORD,53.151228556,289.575830232,BASE_THERMAL,BASE_PORTFOLIO,2024 POST-COAL/OIL ANCHOR SCALED TO 55 GW,ANCHOR TECHNOLOGY PROPORTIONS,POST_COAL_OIL TECHNOLOGY GEOGRAPHY,2024,TERNA 2024 + COAL/OIL MASK + 2040 55-GW CONTROL,TERNA CONTROL + PROJECT DERIVATION,INSTALLED_CAPACITY_TABLE_READY
2040,Slow,CCGT,CNOR,1599.013669946,42348.268607252,BASE_THERMAL,BASE_PORTFOLIO,2024 POST-COAL/OIL ANCHOR SCALED TO 55 GW,ANCHOR TECHNOLOGY PROPORTIONS,POST_COAL_OIL TECHNOLOGY GEOGRAPHY,2024,TERNA 2024 + COAL/OIL MASK + 2040 55-GW CONTROL,TERNA CONTROL + PROJECT DERIVATION,INSTALLED_CAPACITY_TABLE_READY
2040,Slow,GT_OCGT,CNOR,479.435139888,3354.65103872,BASE_THERMAL,BASE_PORTFOLIO,2024 POST-COAL/OIL ANCHOR SCALED TO 55 GW,ANCHOR TECHNOLOGY PROPORTIONS,POST_COAL_OIL TECHNOLOGY GEOGRAPHY,2024,TERNA 2024 + COAL/OIL MASK + 2040 55-GW CONTROL,TERNA CONTROL + PROJECT DERIVATION,INSTALLED_CAPACITY_TABLE_READY
2040,Slow,INTERNAL_COMBUSTION,CNOR,388.057148474,5329.903451974,BASE_THERMAL,BASE_PORTFOLIO,2024 POST-COAL/OIL ANCHOR SCALED TO 55 GW,ANCHOR TECHNOLOGY PROPORTIONS,POST_COAL_OIL TECHNOLOGY GEOGRAPHY,2024,TERNA 2024 + COAL/OIL MASK + 2040 55-GW CONTROL,TERNA CONTROL + PROJECT DERIVATION,INSTALLED_CAPACITY_TABLE_READY
2040,Slow,STEAM_OTHER_SURVIVING,CNOR,50.690815099,2894.547403909,BASE_THERMAL,BASE_PORTFOLIO,2024 POST-COAL/OIL ANCHOR SCALED TO 55 GW,ANCHOR TECHNOLOGY PROPORTIONS,POST_COAL_OIL TECHNOLOGY GEOGRAPHY,2024,TERNA 2024 + COAL/OIL MASK + 2040 55-GW CONTROL,TERNA CONTROL + PROJECT DERIVATION,INSTALLED_CAPACITY_TABLE_READY
2040,Slow,OTHER_SURVIVING_THERMAL,CNOR,34.351116281,289.575830232,BASE_THERMAL,BASE_PORTFOLIO,2024 POST-COAL/OIL ANCHOR SCALED TO 55 GW,ANCHOR TECHNOLOGY PROPORTIONS,POST_COAL_OIL TECHNOLOGY GEOGRAPHY,2024,TERNA 2024 + COAL/OIL MASK + 2040 55-GW CONTROL,TERNA CONTROL + PROJECT DERIVATION,INSTALLED_CAPACITY_TABLE_READY
2040,Slow,CCGT,CSUD,6333.05142292,42348.268607252,BASE_THERMAL,BASE_PORTFOLIO,2024 POST-COAL/OIL ANCHOR SCALED TO 55 GW,ANCHOR TECHNOLOGY PROPORTIONS,POST_COAL_OIL TECHNOLOGY GEOGRAPHY,2024,TERNA 2024 + COAL/OIL MASK + 2040 55-GW CONTROL,TERNA CONTROL + PROJECT DERIVATION,INSTALLED_CAPACITY_TABLE_READY
2040,Slow,GT_OCGT,CSUD,769.197041167,3354.65103872,BASE_THERMAL,BASE_PORTFOLIO,2024 POST-COAL/OIL ANCHOR SCALED TO 55 GW,ANCHOR TECHNOLOGY PROPORTIONS,POST_COAL_OIL TECHNOLOGY GEOGRAPHY,2024,TERNA 2024 + COAL/OIL MASK + 2040 55-GW CONTROL,TERNA CONTROL + PROJECT DERIVATION,INSTALLED_CAPACITY_TABLE_READY
2040,Slow,INTERNAL_COMBUSTION,CSUD,780.4036866,5329.903451974,BASE_THERMAL,BASE_PORTFOLIO,2024 POST-COAL/OIL ANCHOR SCALED TO 55 GW,ANCHOR TECHNOLOGY PROPORTIONS,POST_COAL_OIL TECHNOLOGY GEOGRAPHY,2024,TERNA 2024 + COAL/OIL MASK + 2040 55-GW CONTROL,TERNA CONTROL + PROJECT DERIVATION,INSTALLED_CAPACITY_TABLE_READY
2040,Slow,STEAM_OTHER_SURVIVING,CSUD,178.980072753,2894.547403909,BASE_THERMAL,BASE_PORTFOLIO,2024 POST-COAL/OIL ANCHOR SCALED TO 55 GW,ANCHOR TECHNOLOGY PROPORTIONS,POST_COAL_OIL TECHNOLOGY GEOGRAPHY,2024,TERNA 2024 + COAL/OIL MASK + 2040 55-GW CONTROL,TERNA CONTROL + PROJECT DERIVATION,INSTALLED_CAPACITY_TABLE_READY
2040,Slow,OTHER_SURVIVING_THERMAL,CSUD,31.065187014,289.575830232,BASE_THERMAL,BASE_PORTFOLIO,2024 POST-COAL/OIL ANCHOR SCALED TO 55 GW,ANCHOR TECHNOLOGY PROPORTIONS,POST_COAL_OIL TECHNOLOGY GEOGRAPHY,2024,TERNA 2024 + COAL/OIL MASK + 2040 55-GW CONTROL,TERNA CONTROL + PROJECT DERIVATION,INSTALLED_CAPACITY_TABLE_READY
2040,Slow,CCGT,SUD,4425.159763636,42348.268607252,BASE_THERMAL,BASE_PORTFOLIO,2024 POST-COAL/OIL ANCHOR SCALED TO 55 GW,ANCHOR TECHNOLOGY PROPORTIONS,POST_COAL_OIL TECHNOLOGY GEOGRAPHY,2024,TERNA 2024 + COAL/OIL MASK + 2040 55-GW CONTROL,TERNA CONTROL + PROJECT DERIVATION,INSTALLED_CAPACITY_TABLE_READY
2040,Slow,GT_OCGT,SUD,256.102110068,3354.65103872,BASE_THERMAL,BASE_PORTFOLIO,2024 POST-COAL/OIL ANCHOR SCALED TO 55 GW,ANCHOR TECHNOLOGY PROPORTIONS,POST_COAL_OIL TECHNOLOGY GEOGRAPHY,2024,TERNA 2024 + COAL/OIL MASK + 2040 55-GW CONTROL,TERNA CONTROL + PROJECT DERIVATION,INSTALLED_CAPACITY_TABLE_READY
2040,Slow,INTERNAL_COMBUSTION,SUD,437.833098679,5329.903451974,BASE_THERMAL,BASE_PORTFOLIO,2024 POST-COAL/OIL ANCHOR SCALED TO 55 GW,ANCHOR TECHNOLOGY PROPORTIONS,POST_COAL_OIL TECHNOLOGY GEOGRAPHY,2024,TERNA 2024 + COAL/OIL MASK + 2040 55-GW CONTROL,TERNA CONTROL + PROJECT DERIVATION,INSTALLED_CAPACITY_TABLE_READY
2040,Slow,STEAM_OTHER_SURVIVING,SUD,542.704350915,2894.547403909,BASE_THERMAL,BASE_PORTFOLIO,2024 POST-COAL/OIL ANCHOR SCALED TO 55 GW,ANCHOR TECHNOLOGY PROPORTIONS,POST_COAL_OIL TECHNOLOGY GEOGRAPHY,2024,TERNA 2024 + COAL/OIL MASK + 2040 55-GW CONTROL,TERNA CONTROL + PROJECT DERIVATION,INSTALLED_CAPACITY_TABLE_READY
2040,Slow,OTHER_SURVIVING_THERMAL,SUD,120.231362984,289.575830232,BASE_THERMAL,BASE_PORTFOLIO,2024 POST-COAL/OIL ANCHOR SCALED TO 55 GW,ANCHOR TECHNOLOGY PROPORTIONS,POST_COAL_OIL TECHNOLOGY GEOGRAPHY,2024,TERNA 2024 + COAL/OIL MASK + 2040 55-GW CONTROL,TERNA CONTROL + PROJECT DERIVATION,INSTALLED_CAPACITY_TABLE_READY
2040,Slow,CCGT,CALA,3235.880835398,42348.268607252,BASE_THERMAL,BASE_PORTFOLIO,2024 POST-COAL/OIL ANCHOR SCALED TO 55 GW,ANCHOR TECHNOLOGY PROPORTIONS,POST_COAL_OIL TECHNOLOGY GEOGRAPHY,2024,TERNA 2024 + COAL/OIL MASK + 2040 55-GW CONTROL,TERNA CONTROL + PROJECT DERIVATION,INSTALLED_CAPACITY_TABLE_READY
2040,Slow,GT_OCGT,CALA,216.218464413,3354.65103872,BASE_THERMAL,BASE_PORTFOLIO,2024 POST-COAL/OIL ANCHOR SCALED TO 55 GW,ANCHOR TECHNOLOGY PROPORTIONS,POST_COAL_OIL TECHNOLOGY GEOGRAPHY,2024,TERNA 2024 + COAL/OIL MASK + 2040 55-GW CONTROL,TERNA CONTROL + PROJECT DERIVATION,INSTALLED_CAPACITY_TABLE_READY
2040,Slow,INTERNAL_COMBUSTION,CALA,38.206958732,5329.903451974,BASE_THERMAL,BASE_PORTFOLIO,2024 POST-COAL/OIL ANCHOR SCALED TO 55 GW,ANCHOR TECHNOLOGY PROPORTIONS,POST_COAL_OIL TECHNOLOGY GEOGRAPHY,2024,TERNA 2024 + COAL/OIL MASK + 2040 55-GW CONTROL,TERNA CONTROL + PROJECT DERIVATION,INSTALLED_CAPACITY_TABLE_READY
2040,Slow,STEAM_OTHER_SURVIVING,CALA,144.709481828,2894.547403909,BASE_THERMAL,BASE_PORTFOLIO,2024 POST-COAL/OIL ANCHOR SCALED TO 55 GW,ANCHOR TECHNOLOGY PROPORTIONS,POST_COAL_OIL TECHNOLOGY GEOGRAPHY,2024,TERNA 2024 + COAL/OIL MASK + 2040 55-GW CONTROL,TERNA CONTROL + PROJECT DERIVATION,INSTALLED_CAPACITY_TABLE_READY
2040,Slow,OTHER_SURVIVING_THERMAL,CALA,0,289.575830232,BASE_THERMAL,BASE_PORTFOLIO,2024 POST-COAL/OIL ANCHOR SCALED TO 55 GW,ANCHOR TECHNOLOGY PROPORTIONS,POST_COAL_OIL TECHNOLOGY GEOGRAPHY,2024,TERNA 2024 + COAL/OIL MASK + 2040 55-GW CONTROL,TERNA CONTROL + PROJECT DERIVATION,INSTALLED_CAPACITY_TABLE_READY
2040,Slow,CCGT,SICI,3033.470304432,42348.268607252,BASE_THERMAL,BASE_PORTFOLIO,2024 POST-COAL/OIL ANCHOR SCALED TO 55 GW,ANCHOR TECHNOLOGY PROPORTIONS,POST_COAL_OIL TECHNOLOGY GEOGRAPHY,2024,TERNA 2024 + COAL/OIL MASK + 2040 55-GW CONTROL,TERNA CONTROL + PROJECT DERIVATION,INSTALLED_CAPACITY_TABLE_READY
2040,Slow,GT_OCGT,SICI,652.525027236,3354.65103872,BASE_THERMAL,BASE_PORTFOLIO,2024 POST-COAL/OIL ANCHOR SCALED TO 55 GW,ANCHOR TECHNOLOGY PROPORTIONS,POST_COAL_OIL TECHNOLOGY GEOGRAPHY,2024,TERNA 2024 + COAL/OIL MASK + 2040 55-GW CONTROL,TERNA CONTROL + PROJECT DERIVATION,INSTALLED_CAPACITY_TABLE_READY
2040,Slow,INTERNAL_COMBUSTION,SICI,206.615562143,5329.903451974,BASE_THERMAL,BASE_PORTFOLIO,2024 POST-COAL/OIL ANCHOR SCALED TO 55 GW,ANCHOR TECHNOLOGY PROPORTIONS,POST_COAL_OIL TECHNOLOGY GEOGRAPHY,2024,TERNA 2024 + COAL/OIL MASK + 2040 55-GW CONTROL,TERNA CONTROL + PROJECT DERIVATION,INSTALLED_CAPACITY_TABLE_READY
2040,Slow,STEAM_OTHER_SURVIVING,SICI,142.573999974,2894.547403909,BASE_THERMAL,BASE_PORTFOLIO,2024 POST-COAL/OIL ANCHOR SCALED TO 55 GW,ANCHOR TECHNOLOGY PROPORTIONS,POST_COAL_OIL TECHNOLOGY GEOGRAPHY,2024,TERNA 2024 + COAL/OIL MASK + 2040 55-GW CONTROL,TERNA CONTROL + PROJECT DERIVATION,INSTALLED_CAPACITY_TABLE_READY
2040,Slow,OTHER_SURVIVING_THERMAL,SICI,22.281503519,289.575830232,BASE_THERMAL,BASE_PORTFOLIO,2024 POST-COAL/OIL ANCHOR SCALED TO 55 GW,ANCHOR TECHNOLOGY PROPORTIONS,POST_COAL_OIL TECHNOLOGY GEOGRAPHY,2024,TERNA 2024 + COAL/OIL MASK + 2040 55-GW CONTROL,TERNA CONTROL + PROJECT DERIVATION,INSTALLED_CAPACITY_TABLE_READY
2040,Slow,CCGT,SARD,636.150571763,42348.268607252,BASE_THERMAL,BASE_PORTFOLIO,2024 POST-COAL/OIL ANCHOR SCALED TO 55 GW,ANCHOR TECHNOLOGY PROPORTIONS,POST_COAL_OIL TECHNOLOGY GEOGRAPHY,2024,TERNA 2024 + COAL/OIL MASK + 2040 55-GW CONTROL,TERNA CONTROL + PROJECT DERIVATION,INSTALLED_CAPACITY_TABLE_READY
2040,Slow,GT_OCGT,SARD,139.028766432,3354.65103872,BASE_THERMAL,BASE_PORTFOLIO,2024 POST-COAL/OIL ANCHOR SCALED TO 55 GW,ANCHOR TECHNOLOGY PROPORTIONS,POST_COAL_OIL TECHNOLOGY GEOGRAPHY,2024,TERNA 2024 + COAL/OIL MASK + 2040 55-GW CONTROL,TERNA CONTROL + PROJECT DERIVATION,INSTALLED_CAPACITY_TABLE_READY
2040,Slow,INTERNAL_COMBUSTION,SARD,22.337288474,5329.903451974,BASE_THERMAL,BASE_PORTFOLIO,2024 POST-COAL/OIL ANCHOR SCALED TO 55 GW,ANCHOR TECHNOLOGY PROPORTIONS,POST_COAL_OIL TECHNOLOGY GEOGRAPHY,2024,TERNA 2024 + COAL/OIL MASK + 2040 55-GW CONTROL,TERNA CONTROL + PROJECT DERIVATION,INSTALLED_CAPACITY_TABLE_READY
2040,Slow,STEAM_OTHER_SURVIVING,SARD,246.720448909,2894.547403909,BASE_THERMAL,BASE_PORTFOLIO,2024 POST-COAL/OIL ANCHOR SCALED TO 55 GW,ANCHOR TECHNOLOGY PROPORTIONS,POST_COAL_OIL TECHNOLOGY GEOGRAPHY,2024,TERNA 2024 + COAL/OIL MASK + 2040 55-GW CONTROL,TERNA CONTROL + PROJECT DERIVATION,INSTALLED_CAPACITY_TABLE_READY
2040,Slow,OTHER_SURVIVING_THERMAL,SARD,28.495431878,289.575830232,BASE_THERMAL,BASE_PORTFOLIO,2024 POST-COAL/OIL ANCHOR SCALED TO 55 GW,ANCHOR TECHNOLOGY PROPORTIONS,POST_COAL_OIL TECHNOLOGY GEOGRAPHY,2024,TERNA 2024 + COAL/OIL MASK + 2040 55-GW CONTROL,TERNA CONTROL + PROJECT DERIVATION,INSTALLED_CAPACITY_TABLE_READY
2040,Slow,GEOTHERMAL,NORD,0,783.053667913,BASE_THERMAL,BASE_PORTFOLIO,2024 POST-COAL/OIL ANCHOR SCALED TO 55 GW,ANCHOR TECHNOLOGY PROPORTIONS,POST_COAL_OIL TECHNOLOGY GEOGRAPHY,2024,TERNA 2024 + COAL/OIL MASK + 2040 55-GW CONTROL,TERNA CONTROL + PROJECT DERIVATION,INSTALLED_CAPACITY_TABLE_READY
2040,Slow,GEOTHERMAL,CNOR,783.053667913,783.053667913,BASE_THERMAL,BASE_PORTFOLIO,2024 POST-COAL/OIL ANCHOR SCALED TO 55 GW,ANCHOR TECHNOLOGY PROPORTIONS,POST_COAL_OIL TECHNOLOGY GEOGRAPHY,2024,TERNA 2024 + COAL/OIL MASK + 2040 55-GW CONTROL,TERNA CONTROL + PROJECT DERIVATION,INSTALLED_CAPACITY_TABLE_READY
2040,Slow,GEOTHERMAL,CSUD,0,783.053667913,BASE_THERMAL,BASE_PORTFOLIO,2024 POST-COAL/OIL ANCHOR SCALED TO 55 GW,ANCHOR TECHNOLOGY PROPORTIONS,POST_COAL_OIL TECHNOLOGY GEOGRAPHY,2024,TERNA 2024 + COAL/OIL MASK + 2040 55-GW CONTROL,TERNA CONTROL + PROJECT DERIVATION,INSTALLED_CAPACITY_TABLE_READY
2040,Slow,GEOTHERMAL,SUD,0,783.053667913,BASE_THERMAL,BASE_PORTFOLIO,2024 POST-COAL/OIL ANCHOR SCALED TO 55 GW,ANCHOR TECHNOLOGY PROPORTIONS,POST_COAL_OIL TECHNOLOGY GEOGRAPHY,2024,TERNA 2024 + COAL/OIL MASK + 2040 55-GW CONTROL,TERNA CONTROL + PROJECT DERIVATION,INSTALLED_CAPACITY_TABLE_READY
2040,Slow,GEOTHERMAL,CALA,0,783.053667913,BASE_THERMAL,BASE_PORTFOLIO,2024 POST-COAL/OIL ANCHOR SCALED TO 55 GW,ANCHOR TECHNOLOGY PROPORTIONS,POST_COAL_OIL TECHNOLOGY GEOGRAPHY,2024,TERNA 2024 + COAL/OIL MASK + 2040 55-GW CONTROL,TERNA CONTROL + PROJECT DERIVATION,INSTALLED_CAPACITY_TABLE_READY
2040,Slow,GEOTHERMAL,SICI,0,783.053667913,BASE_THERMAL,BASE_PORTFOLIO,2024 POST-COAL/OIL ANCHOR SCALED TO 55 GW,ANCHOR TECHNOLOGY PROPORTIONS,POST_COAL_OIL TECHNOLOGY GEOGRAPHY,2024,TERNA 2024 + COAL/OIL MASK + 2040 55-GW CONTROL,TERNA CONTROL + PROJECT DERIVATION,INSTALLED_CAPACITY_TABLE_READY
2040,Slow,GEOTHERMAL,SARD,0,783.053667913,BASE_THERMAL,BASE_PORTFOLIO,2024 POST-COAL/OIL ANCHOR SCALED TO 55 GW,ANCHOR TECHNOLOGY PROPORTIONS,POST_COAL_OIL TECHNOLOGY GEOGRAPHY,2024,TERNA 2024 + COAL/OIL MASK + 2040 55-GW CONTROL,TERNA CONTROL + PROJECT DERIVATION,INSTALLED_CAPACITY_TABLE_READY
2040,Slow,CCGT,NORD,5546.123259124,10173.844612707,SLOW_CDP_ADDITIONAL_THERMAL,INCREMENT,CORRECTED TERNA CDP LOSS / 0.85 AVAILABILITY,BASE NON-NUCLEAR THERMAL TECHNOLOGY PROPORTIONS,SAME POST-COAL/OIL TECHNOLOGY GEOGRAPHY,2024,TERNA FIGURES 55-56 + PROJECT PROPORTIONAL ALLOCATION,PROJECT SLOW CDP DERIVATION,INSTALLED_CAPACITY_TABLE_READY
2040,Slow,CCGT,CNOR,384.150690138,10173.844612707,SLOW_CDP_ADDITIONAL_THERMAL,INCREMENT,CORRECTED TERNA CDP LOSS / 0.85 AVAILABILITY,BASE NON-NUCLEAR THERMAL TECHNOLOGY PROPORTIONS,SAME POST-COAL/OIL TECHNOLOGY GEOGRAPHY,2024,TERNA FIGURES 55-56 + PROJECT PROPORTIONAL ALLOCATION,PROJECT SLOW CDP DERIVATION,INSTALLED_CAPACITY_TABLE_READY
2040,Slow,CCGT,CSUD,1521.46671446,10173.844612707,SLOW_CDP_ADDITIONAL_THERMAL,INCREMENT,CORRECTED TERNA CDP LOSS / 0.85 AVAILABILITY,BASE NON-NUCLEAR THERMAL TECHNOLOGY PROPORTIONS,SAME POST-COAL/OIL TECHNOLOGY GEOGRAPHY,2024,TERNA FIGURES 55-56 + PROJECT PROPORTIONAL ALLOCATION,PROJECT SLOW CDP DERIVATION,INSTALLED_CAPACITY_TABLE_READY
2040,Slow,CCGT,SUD,1063.110471865,10173.844612707,SLOW_CDP_ADDITIONAL_THERMAL,INCREMENT,CORRECTED TERNA CDP LOSS / 0.85 AVAILABILITY,BASE NON-NUCLEAR THERMAL TECHNOLOGY PROPORTIONS,SAME POST-COAL/OIL TECHNOLOGY GEOGRAPHY,2024,TERNA FIGURES 55-56 + PROJECT PROPORTIONAL ALLOCATION,PROJECT SLOW CDP DERIVATION,INSTALLED_CAPACITY_TABLE_READY
2040,Slow,CCGT,CALA,777.395390348,10173.844612707,SLOW_CDP_ADDITIONAL_THERMAL,INCREMENT,CORRECTED TERNA CDP LOSS / 0.85 AVAILABILITY,BASE NON-NUCLEAR THERMAL TECHNOLOGY PROPORTIONS,SAME POST-COAL/OIL TECHNOLOGY GEOGRAPHY,2024,TERNA FIGURES 55-56 + PROJECT PROPORTIONAL ALLOCATION,PROJECT SLOW CDP DERIVATION,INSTALLED_CAPACITY_TABLE_READY
2040,Slow,CCGT,SICI,728.767822854,10173.844612707,SLOW_CDP_ADDITIONAL_THERMAL,INCREMENT,CORRECTED TERNA CDP LOSS / 0.85 AVAILABILITY,BASE NON-NUCLEAR THERMAL TECHNOLOGY PROPORTIONS,SAME POST-COAL/OIL TECHNOLOGY GEOGRAPHY,2024,TERNA FIGURES 55-56 + PROJECT PROPORTIONAL ALLOCATION,PROJECT SLOW CDP DERIVATION,INSTALLED_CAPACITY_TABLE_READY
2040,Slow,CCGT,SARD,152.830263907,10173.844612707,SLOW_CDP_ADDITIONAL_THERMAL,INCREMENT,CORRECTED TERNA CDP LOSS / 0.85 AVAILABILITY,BASE NON-NUCLEAR THERMAL TECHNOLOGY PROPORTIONS,SAME POST-COAL/OIL TECHNOLOGY GEOGRAPHY,2024,TERNA FIGURES 55-56 + PROJECT PROPORTIONAL ALLOCATION,PROJECT SLOW CDP DERIVATION,INSTALLED_CAPACITY_TABLE_READY
2040,Slow,GT_OCGT,NORD,202.318712419,805.929014816,SLOW_CDP_ADDITIONAL_THERMAL,INCREMENT,CORRECTED TERNA CDP LOSS / 0.85 AVAILABILITY,BASE NON-NUCLEAR THERMAL TECHNOLOGY PROPORTIONS,SAME POST-COAL/OIL TECHNOLOGY GEOGRAPHY,2024,TERNA FIGURES 55-56 + PROJECT PROPORTIONAL ALLOCATION,PROJECT SLOW CDP DERIVATION,INSTALLED_CAPACITY_TABLE_READY
2040,Slow,GT_OCGT,CNOR,115.180591215,805.929014816,SLOW_CDP_ADDITIONAL_THERMAL,INCREMENT,CORRECTED TERNA CDP LOSS / 0.85 AVAILABILITY,BASE NON-NUCLEAR THERMAL TECHNOLOGY PROPORTIONS,SAME POST-COAL/OIL TECHNOLOGY GEOGRAPHY,2024,TERNA FIGURES 55-56 + PROJECT PROPORTIONAL ALLOCATION,PROJECT SLOW CDP DERIVATION,INSTALLED_CAPACITY_TABLE_READY
2040,Slow,GT_OCGT,CSUD,184.793651093,805.929014816,SLOW_CDP_ADDITIONAL_THERMAL,INCREMENT,CORRECTED TERNA CDP LOSS / 0.85 AVAILABILITY,BASE NON-NUCLEAR THERMAL TECHNOLOGY PROPORTIONS,SAME POST-COAL/OIL TECHNOLOGY GEOGRAPHY,2024,TERNA FIGURES 55-56 + PROJECT PROPORTIONAL ALLOCATION,PROJECT SLOW CDP DERIVATION,INSTALLED_CAPACITY_TABLE_READY
2040,Slow,GT_OCGT,SUD,61.526554887,805.929014816,SLOW_CDP_ADDITIONAL_THERMAL,INCREMENT,CORRECTED TERNA CDP LOSS / 0.85 AVAILABILITY,BASE NON-NUCLEAR THERMAL TECHNOLOGY PROPORTIONS,SAME POST-COAL/OIL TECHNOLOGY GEOGRAPHY,2024,TERNA FIGURES 55-56 + PROJECT PROPORTIONAL ALLOCATION,PROJECT SLOW CDP DERIVATION,INSTALLED_CAPACITY_TABLE_READY
2040,Slow,GT_OCGT,CALA,51.944816912,805.929014816,SLOW_CDP_ADDITIONAL_THERMAL,INCREMENT,CORRECTED TERNA CDP LOSS / 0.85 AVAILABILITY,BASE NON-NUCLEAR THERMAL TECHNOLOGY PROPORTIONS,SAME POST-COAL/OIL TECHNOLOGY GEOGRAPHY,2024,TERNA FIGURES 55-56 + PROJECT PROPORTIONAL ALLOCATION,PROJECT SLOW CDP DERIVATION,INSTALLED_CAPACITY_TABLE_READY
2040,Slow,GT_OCGT,SICI,156.76410043,805.929014816,SLOW_CDP_ADDITIONAL_THERMAL,INCREMENT,CORRECTED TERNA CDP LOSS / 0.85 AVAILABILITY,BASE NON-NUCLEAR THERMAL TECHNOLOGY PROPORTIONS,SAME POST-COAL/OIL TECHNOLOGY GEOGRAPHY,2024,TERNA FIGURES 55-56 + PROJECT PROPORTIONAL ALLOCATION,PROJECT SLOW CDP DERIVATION,INSTALLED_CAPACITY_TABLE_READY
2040,Slow,GT_OCGT,SARD,33.400587861,805.929014816,SLOW_CDP_ADDITIONAL_THERMAL,INCREMENT,CORRECTED TERNA CDP LOSS / 0.85 AVAILABILITY,BASE NON-NUCLEAR THERMAL TECHNOLOGY PROPORTIONS,SAME POST-COAL/OIL TECHNOLOGY GEOGRAPHY,2024,TERNA FIGURES 55-56 + PROJECT PROPORTIONAL ALLOCATION,PROJECT SLOW CDP DERIVATION,INSTALLED_CAPACITY_TABLE_READY
2040,Slow,INTERNAL_COMBUSTION,NORD,830.385359455,1280.468158546,SLOW_CDP_ADDITIONAL_THERMAL,INCREMENT,CORRECTED TERNA CDP LOSS / 0.85 AVAILABILITY,BASE NON-NUCLEAR THERMAL TECHNOLOGY PROPORTIONS,SAME POST-COAL/OIL TECHNOLOGY GEOGRAPHY,2024,TERNA FIGURES 55-56 + PROJECT PROPORTIONAL ALLOCATION,PROJECT SLOW CDP DERIVATION,INSTALLED_CAPACITY_TABLE_READY
2040,Slow,INTERNAL_COMBUSTION,CNOR,93.227734197,1280.468158546,SLOW_CDP_ADDITIONAL_THERMAL,INCREMENT,CORRECTED TERNA CDP LOSS / 0.85 AVAILABILITY,BASE NON-NUCLEAR THERMAL TECHNOLOGY PROPORTIONS,SAME POST-COAL/OIL TECHNOLOGY GEOGRAPHY,2024,TERNA FIGURES 55-56 + PROJECT PROPORTIONAL ALLOCATION,PROJECT SLOW CDP DERIVATION,INSTALLED_CAPACITY_TABLE_READY
2040,Slow,INTERNAL_COMBUSTION,CSUD,187.485961145,1280.468158546,SLOW_CDP_ADDITIONAL_THERMAL,INCREMENT,CORRECTED TERNA CDP LOSS / 0.85 AVAILABILITY,BASE NON-NUCLEAR THERMAL TECHNOLOGY PROPORTIONS,SAME POST-COAL/OIL TECHNOLOGY GEOGRAPHY,2024,TERNA FIGURES 55-56 + PROJECT PROPORTIONAL ALLOCATION,PROJECT SLOW CDP DERIVATION,INSTALLED_CAPACITY_TABLE_READY
2040,Slow,INTERNAL_COMBUSTION,SUD,105.186021973,1280.468158546,SLOW_CDP_ADDITIONAL_THERMAL,INCREMENT,CORRECTED TERNA CDP LOSS / 0.85 AVAILABILITY,BASE NON-NUCLEAR THERMAL TECHNOLOGY PROPORTIONS,SAME POST-COAL/OIL TECHNOLOGY GEOGRAPHY,2024,TERNA FIGURES 55-56 + PROJECT PROPORTIONAL ALLOCATION,PROJECT SLOW CDP DERIVATION,INSTALLED_CAPACITY_TABLE_READY
2040,Slow,INTERNAL_COMBUSTION,CALA,9.178926885,1280.468158546,SLOW_CDP_ADDITIONAL_THERMAL,INCREMENT,CORRECTED TERNA CDP LOSS / 0.85 AVAILABILITY,BASE NON-NUCLEAR THERMAL TECHNOLOGY PROPORTIONS,SAME POST-COAL/OIL TECHNOLOGY GEOGRAPHY,2024,TERNA FIGURES 55-56 + PROJECT PROPORTIONAL ALLOCATION,PROJECT SLOW CDP DERIVATION,INSTALLED_CAPACITY_TABLE_READY
2040,Slow,INTERNAL_COMBUSTION,SICI,49.637793774,1280.468158546,SLOW_CDP_ADDITIONAL_THERMAL,INCREMENT,CORRECTED TERNA CDP LOSS / 0.85 AVAILABILITY,BASE NON-NUCLEAR THERMAL TECHNOLOGY PROPORTIONS,SAME POST-COAL/OIL TECHNOLOGY GEOGRAPHY,2024,TERNA FIGURES 55-56 + PROJECT PROPORTIONAL ALLOCATION,PROJECT SLOW CDP DERIVATION,INSTALLED_CAPACITY_TABLE_READY
2040,Slow,INTERNAL_COMBUSTION,SARD,5.366361117,1280.468158546,SLOW_CDP_ADDITIONAL_THERMAL,INCREMENT,CORRECTED TERNA CDP LOSS / 0.85 AVAILABILITY,BASE NON-NUCLEAR THERMAL TECHNOLOGY PROPORTIONS,SAME POST-COAL/OIL TECHNOLOGY GEOGRAPHY,2024,TERNA FIGURES 55-56 + PROJECT PROPORTIONAL ALLOCATION,PROJECT SLOW CDP DERIVATION,INSTALLED_CAPACITY_TABLE_READY
2040,Slow,STEAM_OTHER_SURVIVING,NORD,381.54515798,695.392668461,SLOW_CDP_ADDITIONAL_THERMAL,INCREMENT,CORRECTED TERNA CDP LOSS / 0.85 AVAILABILITY,BASE NON-NUCLEAR THERMAL TECHNOLOGY PROPORTIONS,SAME POST-COAL/OIL TECHNOLOGY GEOGRAPHY,2024,TERNA FIGURES 55-56 + PROJECT PROPORTIONAL ALLOCATION,PROJECT SLOW CDP DERIVATION,INSTALLED_CAPACITY_TABLE_READY
2040,Slow,STEAM_OTHER_SURVIVING,CNOR,12.178077005,695.392668461,SLOW_CDP_ADDITIONAL_THERMAL,INCREMENT,CORRECTED TERNA CDP LOSS / 0.85 AVAILABILITY,BASE NON-NUCLEAR THERMAL TECHNOLOGY PROPORTIONS,SAME POST-COAL/OIL TECHNOLOGY GEOGRAPHY,2024,TERNA FIGURES 55-56 + PROJECT PROPORTIONAL ALLOCATION,PROJECT SLOW CDP DERIVATION,INSTALLED_CAPACITY_TABLE_READY
2040,Slow,STEAM_OTHER_SURVIVING,CSUD,42.998580789,695.392668461,SLOW_CDP_ADDITIONAL_THERMAL,INCREMENT,CORRECTED TERNA CDP LOSS / 0.85 AVAILABILITY,BASE NON-NUCLEAR THERMAL TECHNOLOGY PROPORTIONS,SAME POST-COAL/OIL TECHNOLOGY GEOGRAPHY,2024,TERNA FIGURES 55-56 + PROJECT PROPORTIONAL ALLOCATION,PROJECT SLOW CDP DERIVATION,INSTALLED_CAPACITY_TABLE_READY
2040,Slow,STEAM_OTHER_SURVIVING,SUD,130.380530738,695.392668461,SLOW_CDP_ADDITIONAL_THERMAL,INCREMENT,CORRECTED TERNA CDP LOSS / 0.85 AVAILABILITY,BASE NON-NUCLEAR THERMAL TECHNOLOGY PROPORTIONS,SAME POST-COAL/OIL TECHNOLOGY GEOGRAPHY,2024,TERNA FIGURES 55-56 + PROJECT PROPORTIONAL ALLOCATION,PROJECT SLOW CDP DERIVATION,INSTALLED_CAPACITY_TABLE_READY
2040,Slow,STEAM_OTHER_SURVIVING,CALA,34.765335881,695.392668461,SLOW_CDP_ADDITIONAL_THERMAL,INCREMENT,CORRECTED TERNA CDP LOSS / 0.85 AVAILABILITY,BASE NON-NUCLEAR THERMAL TECHNOLOGY PROPORTIONS,SAME POST-COAL/OIL TECHNOLOGY GEOGRAPHY,2024,TERNA FIGURES 55-56 + PROJECT PROPORTIONAL ALLOCATION,PROJECT SLOW CDP DERIVATION,INSTALLED_CAPACITY_TABLE_READY
2040,Slow,STEAM_OTHER_SURVIVING,SICI,34.252302851,695.392668461,SLOW_CDP_ADDITIONAL_THERMAL,INCREMENT,CORRECTED TERNA CDP LOSS / 0.85 AVAILABILITY,BASE NON-NUCLEAR THERMAL TECHNOLOGY PROPORTIONS,SAME POST-COAL/OIL TECHNOLOGY GEOGRAPHY,2024,TERNA FIGURES 55-56 + PROJECT PROPORTIONAL ALLOCATION,PROJECT SLOW CDP DERIVATION,INSTALLED_CAPACITY_TABLE_READY
2040,Slow,STEAM_OTHER_SURVIVING,SARD,59.272683218,695.392668461,SLOW_CDP_ADDITIONAL_THERMAL,INCREMENT,CORRECTED TERNA CDP LOSS / 0.85 AVAILABILITY,BASE NON-NUCLEAR THERMAL TECHNOLOGY PROPORTIONS,SAME POST-COAL/OIL TECHNOLOGY GEOGRAPHY,2024,TERNA FIGURES 55-56 + PROJECT PROPORTIONAL ALLOCATION,PROJECT SLOW CDP DERIVATION,INSTALLED_CAPACITY_TABLE_READY
2040,Slow,OTHER_SURVIVING_THERMAL,NORD,12.769172344,69.568357746,SLOW_CDP_ADDITIONAL_THERMAL,INCREMENT,CORRECTED TERNA CDP LOSS / 0.85 AVAILABILITY,BASE NON-NUCLEAR THERMAL TECHNOLOGY PROPORTIONS,SAME POST-COAL/OIL TECHNOLOGY GEOGRAPHY,2024,TERNA FIGURES 55-56 + PROJECT PROPORTIONAL ALLOCATION,PROJECT SLOW CDP DERIVATION,INSTALLED_CAPACITY_TABLE_READY
2040,Slow,OTHER_SURVIVING_THERMAL,CNOR,8.252590503,69.568357746,SLOW_CDP_ADDITIONAL_THERMAL,INCREMENT,CORRECTED TERNA CDP LOSS / 0.85 AVAILABILITY,BASE NON-NUCLEAR THERMAL TECHNOLOGY PROPORTIONS,SAME POST-COAL/OIL TECHNOLOGY GEOGRAPHY,2024,TERNA FIGURES 55-56 + PROJECT PROPORTIONAL ALLOCATION,PROJECT SLOW CDP DERIVATION,INSTALLED_CAPACITY_TABLE_READY
2040,Slow,OTHER_SURVIVING_THERMAL,CSUD,7.463171363,69.568357746,SLOW_CDP_ADDITIONAL_THERMAL,INCREMENT,CORRECTED TERNA CDP LOSS / 0.85 AVAILABILITY,BASE NON-NUCLEAR THERMAL TECHNOLOGY PROPORTIONS,SAME POST-COAL/OIL TECHNOLOGY GEOGRAPHY,2024,TERNA FIGURES 55-56 + PROJECT PROPORTIONAL ALLOCATION,PROJECT SLOW CDP DERIVATION,INSTALLED_CAPACITY_TABLE_READY
2040,Slow,OTHER_SURVIVING_THERMAL,SUD,28.884656795,69.568357746,SLOW_CDP_ADDITIONAL_THERMAL,INCREMENT,CORRECTED TERNA CDP LOSS / 0.85 AVAILABILITY,BASE NON-NUCLEAR THERMAL TECHNOLOGY PROPORTIONS,SAME POST-COAL/OIL TECHNOLOGY GEOGRAPHY,2024,TERNA FIGURES 55-56 + PROJECT PROPORTIONAL ALLOCATION,PROJECT SLOW CDP DERIVATION,INSTALLED_CAPACITY_TABLE_READY
2040,Slow,OTHER_SURVIVING_THERMAL,CALA,0,69.568357746,SLOW_CDP_ADDITIONAL_THERMAL,INCREMENT,CORRECTED TERNA CDP LOSS / 0.85 AVAILABILITY,BASE NON-NUCLEAR THERMAL TECHNOLOGY PROPORTIONS,SAME POST-COAL/OIL TECHNOLOGY GEOGRAPHY,2024,TERNA FIGURES 55-56 + PROJECT PROPORTIONAL ALLOCATION,PROJECT SLOW CDP DERIVATION,INSTALLED_CAPACITY_TABLE_READY
2040,Slow,OTHER_SURVIVING_THERMAL,SICI,5.352959212,69.568357746,SLOW_CDP_ADDITIONAL_THERMAL,INCREMENT,CORRECTED TERNA CDP LOSS / 0.85 AVAILABILITY,BASE NON-NUCLEAR THERMAL TECHNOLOGY PROPORTIONS,SAME POST-COAL/OIL TECHNOLOGY GEOGRAPHY,2024,TERNA FIGURES 55-56 + PROJECT PROPORTIONAL ALLOCATION,PROJECT SLOW CDP DERIVATION,INSTALLED_CAPACITY_TABLE_READY
2040,Slow,OTHER_SURVIVING_THERMAL,SARD,6.84580753,69.568357746,SLOW_CDP_ADDITIONAL_THERMAL,INCREMENT,CORRECTED TERNA CDP LOSS / 0.85 AVAILABILITY,BASE NON-NUCLEAR THERMAL TECHNOLOGY PROPORTIONS,SAME POST-COAL/OIL TECHNOLOGY GEOGRAPHY,2024,TERNA FIGURES 55-56 + PROJECT PROPORTIONAL ALLOCATION,PROJECT SLOW CDP DERIVATION,INSTALLED_CAPACITY_TABLE_READY
2040,Slow,GEOTHERMAL,NORD,0,188.122598698,SLOW_CDP_ADDITIONAL_THERMAL,INCREMENT,CORRECTED TERNA CDP LOSS / 0.85 AVAILABILITY,BASE NON-NUCLEAR THERMAL TECHNOLOGY PROPORTIONS,SAME POST-COAL/OIL TECHNOLOGY GEOGRAPHY,2024,TERNA FIGURES 55-56 + PROJECT PROPORTIONAL ALLOCATION,PROJECT SLOW CDP DERIVATION,INSTALLED_CAPACITY_TABLE_READY
2040,Slow,GEOTHERMAL,CNOR,188.122598698,188.122598698,SLOW_CDP_ADDITIONAL_THERMAL,INCREMENT,CORRECTED TERNA CDP LOSS / 0.85 AVAILABILITY,BASE NON-NUCLEAR THERMAL TECHNOLOGY PROPORTIONS,SAME POST-COAL/OIL TECHNOLOGY GEOGRAPHY,2024,TERNA FIGURES 55-56 + PROJECT PROPORTIONAL ALLOCATION,PROJECT SLOW CDP DERIVATION,INSTALLED_CAPACITY_TABLE_READY
2040,Slow,GEOTHERMAL,CSUD,0,188.122598698,SLOW_CDP_ADDITIONAL_THERMAL,INCREMENT,CORRECTED TERNA CDP LOSS / 0.85 AVAILABILITY,BASE NON-NUCLEAR THERMAL TECHNOLOGY PROPORTIONS,SAME POST-COAL/OIL TECHNOLOGY GEOGRAPHY,2024,TERNA FIGURES 55-56 + PROJECT PROPORTIONAL ALLOCATION,PROJECT SLOW CDP DERIVATION,INSTALLED_CAPACITY_TABLE_READY
2040,Slow,GEOTHERMAL,SUD,0,188.122598698,SLOW_CDP_ADDITIONAL_THERMAL,INCREMENT,CORRECTED TERNA CDP LOSS / 0.85 AVAILABILITY,BASE NON-NUCLEAR THERMAL TECHNOLOGY PROPORTIONS,SAME POST-COAL/OIL TECHNOLOGY GEOGRAPHY,2024,TERNA FIGURES 55-56 + PROJECT PROPORTIONAL ALLOCATION,PROJECT SLOW CDP DERIVATION,INSTALLED_CAPACITY_TABLE_READY
2040,Slow,GEOTHERMAL,CALA,0,188.122598698,SLOW_CDP_ADDITIONAL_THERMAL,INCREMENT,CORRECTED TERNA CDP LOSS / 0.85 AVAILABILITY,BASE NON-NUCLEAR THERMAL TECHNOLOGY PROPORTIONS,SAME POST-COAL/OIL TECHNOLOGY GEOGRAPHY,2024,TERNA FIGURES 55-56 + PROJECT PROPORTIONAL ALLOCATION,PROJECT SLOW CDP DERIVATION,INSTALLED_CAPACITY_TABLE_READY
2040,Slow,GEOTHERMAL,SICI,0,188.122598698,SLOW_CDP_ADDITIONAL_THERMAL,INCREMENT,CORRECTED TERNA CDP LOSS / 0.85 AVAILABILITY,BASE NON-NUCLEAR THERMAL TECHNOLOGY PROPORTIONS,SAME POST-COAL/OIL TECHNOLOGY GEOGRAPHY,2024,TERNA FIGURES 55-56 + PROJECT PROPORTIONAL ALLOCATION,PROJECT SLOW CDP DERIVATION,INSTALLED_CAPACITY_TABLE_READY
2040,Slow,GEOTHERMAL,SARD,0,188.122598698,SLOW_CDP_ADDITIONAL_THERMAL,INCREMENT,CORRECTED TERNA CDP LOSS / 0.85 AVAILABILITY,BASE NON-NUCLEAR THERMAL TECHNOLOGY PROPORTIONS,SAME POST-COAL/OIL TECHNOLOGY GEOGRAPHY,2024,TERNA FIGURES 55-56 + PROJECT PROPORTIONAL ALLOCATION,PROJECT SLOW CDP DERIVATION,INSTALLED_CAPACITY_TABLE_READY
2040,Base,SOLAR_PV_ROOFTOP,NORD,25100,41700,RENEWABLE,SCENARIO_TOTAL,FROZEN V2.9 SCENARIO CAPACITY,BASE,FROZEN V2.9 ZONAL ALLOCATION,V2.7/V2.9,CONTROLLING V2.9 SCENARIO MATRIX,ACCEPTED SCENARIO INPUT,INSTALLED_CAPACITY_TABLE_READY
2040,Base,SOLAR_PV_ROOFTOP,CNOR,3300,41700,RENEWABLE,SCENARIO_TOTAL,FROZEN V2.9 SCENARIO CAPACITY,BASE,FROZEN V2.9 ZONAL ALLOCATION,V2.7/V2.9,CONTROLLING V2.9 SCENARIO MATRIX,ACCEPTED SCENARIO INPUT,INSTALLED_CAPACITY_TABLE_READY
2040,Base,SOLAR_PV_ROOFTOP,CSUD,5500,41700,RENEWABLE,SCENARIO_TOTAL,FROZEN V2.9 SCENARIO CAPACITY,BASE,FROZEN V2.9 ZONAL ALLOCATION,V2.7/V2.9,CONTROLLING V2.9 SCENARIO MATRIX,ACCEPTED SCENARIO INPUT,INSTALLED_CAPACITY_TABLE_READY
2040,Base,SOLAR_PV_ROOFTOP,SUD,1700,41700,RENEWABLE,SCENARIO_TOTAL,FROZEN V2.9 SCENARIO CAPACITY,BASE,FROZEN V2.9 ZONAL ALLOCATION,V2.7/V2.9,CONTROLLING V2.9 SCENARIO MATRIX,ACCEPTED SCENARIO INPUT,INSTALLED_CAPACITY_TABLE_READY
2040,Base,SOLAR_PV_ROOFTOP,CALA,1100,41700,RENEWABLE,SCENARIO_TOTAL,FROZEN V2.9 SCENARIO CAPACITY,BASE,FROZEN V2.9 ZONAL ALLOCATION,V2.7/V2.9,CONTROLLING V2.9 SCENARIO MATRIX,ACCEPTED SCENARIO INPUT,INSTALLED_CAPACITY_TABLE_READY
2040,Base,SOLAR_PV_ROOFTOP,SICI,3300,41700,RENEWABLE,SCENARIO_TOTAL,FROZEN V2.9 SCENARIO CAPACITY,BASE,FROZEN V2.9 ZONAL ALLOCATION,V2.7/V2.9,CONTROLLING V2.9 SCENARIO MATRIX,ACCEPTED SCENARIO INPUT,INSTALLED_CAPACITY_TABLE_READY
2040,Base,SOLAR_PV_ROOFTOP,SARD,1700,41700,RENEWABLE,SCENARIO_TOTAL,FROZEN V2.9 SCENARIO CAPACITY,BASE,FROZEN V2.9 ZONAL ALLOCATION,V2.7/V2.9,CONTROLLING V2.9 SCENARIO MATRIX,ACCEPTED SCENARIO INPUT,INSTALLED_CAPACITY_TABLE_READY
2040,Base,SOLAR_PV_UTILITY,NORD,17300,79200,RENEWABLE,SCENARIO_TOTAL,FROZEN V2.9 SCENARIO CAPACITY,BASE,FROZEN V2.9 ZONAL ALLOCATION,V2.7/V2.9,CONTROLLING V2.9 SCENARIO MATRIX,ACCEPTED SCENARIO INPUT,INSTALLED_CAPACITY_TABLE_READY
2040,Base,SOLAR_PV_UTILITY,CNOR,6300,79200,RENEWABLE,SCENARIO_TOTAL,FROZEN V2.9 SCENARIO CAPACITY,BASE,FROZEN V2.9 ZONAL ALLOCATION,V2.7/V2.9,CONTROLLING V2.9 SCENARIO MATRIX,ACCEPTED SCENARIO INPUT,INSTALLED_CAPACITY_TABLE_READY
2040,Base,SOLAR_PV_UTILITY,CSUD,14600,79200,RENEWABLE,SCENARIO_TOTAL,FROZEN V2.9 SCENARIO CAPACITY,BASE,FROZEN V2.9 ZONAL ALLOCATION,V2.7/V2.9,CONTROLLING V2.9 SCENARIO MATRIX,ACCEPTED SCENARIO INPUT,INSTALLED_CAPACITY_TABLE_READY
2040,Base,SOLAR_PV_UTILITY,SUD,19300,79200,RENEWABLE,SCENARIO_TOTAL,FROZEN V2.9 SCENARIO CAPACITY,BASE,FROZEN V2.9 ZONAL ALLOCATION,V2.7/V2.9,CONTROLLING V2.9 SCENARIO MATRIX,ACCEPTED SCENARIO INPUT,INSTALLED_CAPACITY_TABLE_READY
2040,Base,SOLAR_PV_UTILITY,CALA,2500,79200,RENEWABLE,SCENARIO_TOTAL,FROZEN V2.9 SCENARIO CAPACITY,BASE,FROZEN V2.9 ZONAL ALLOCATION,V2.7/V2.9,CONTROLLING V2.9 SCENARIO MATRIX,ACCEPTED SCENARIO INPUT,INSTALLED_CAPACITY_TABLE_READY
2040,Base,SOLAR_PV_UTILITY,SICI,11500,79200,RENEWABLE,SCENARIO_TOTAL,FROZEN V2.9 SCENARIO CAPACITY,BASE,FROZEN V2.9 ZONAL ALLOCATION,V2.7/V2.9,CONTROLLING V2.9 SCENARIO MATRIX,ACCEPTED SCENARIO INPUT,INSTALLED_CAPACITY_TABLE_READY
2040,Base,SOLAR_PV_UTILITY,SARD,7700,79200,RENEWABLE,SCENARIO_TOTAL,FROZEN V2.9 SCENARIO CAPACITY,BASE,FROZEN V2.9 ZONAL ALLOCATION,V2.7/V2.9,CONTROLLING V2.9 SCENARIO MATRIX,ACCEPTED SCENARIO INPUT,INSTALLED_CAPACITY_TABLE_READY
2040,Base,WIND_ONSHORE,NORD,600,34100,RENEWABLE,SCENARIO_TOTAL,FROZEN V2.9 SCENARIO CAPACITY,BASE,FROZEN V2.9 ZONAL ALLOCATION,V2.7/V2.9,CONTROLLING V2.9 SCENARIO MATRIX,ACCEPTED SCENARIO INPUT,INSTALLED_CAPACITY_TABLE_READY
2040,Base,WIND_ONSHORE,CNOR,400,34100,RENEWABLE,SCENARIO_TOTAL,FROZEN V2.9 SCENARIO CAPACITY,BASE,FROZEN V2.9 ZONAL ALLOCATION,V2.7/V2.9,CONTROLLING V2.9 SCENARIO MATRIX,ACCEPTED SCENARIO INPUT,INSTALLED_CAPACITY_TABLE_READY
2040,Base,WIND_ONSHORE,CSUD,6800,34100,RENEWABLE,SCENARIO_TOTAL,FROZEN V2.9 SCENARIO CAPACITY,BASE,FROZEN V2.9 ZONAL ALLOCATION,V2.7/V2.9,CONTROLLING V2.9 SCENARIO MATRIX,ACCEPTED SCENARIO INPUT,INSTALLED_CAPACITY_TABLE_READY
2040,Base,WIND_ONSHORE,SUD,13200,34100,RENEWABLE,SCENARIO_TOTAL,FROZEN V2.9 SCENARIO CAPACITY,BASE,FROZEN V2.9 ZONAL ALLOCATION,V2.7/V2.9,CONTROLLING V2.9 SCENARIO MATRIX,ACCEPTED SCENARIO INPUT,INSTALLED_CAPACITY_TABLE_READY
2040,Base,WIND_ONSHORE,CALA,3300,34100,RENEWABLE,SCENARIO_TOTAL,FROZEN V2.9 SCENARIO CAPACITY,BASE,FROZEN V2.9 ZONAL ALLOCATION,V2.7/V2.9,CONTROLLING V2.9 SCENARIO MATRIX,ACCEPTED SCENARIO INPUT,INSTALLED_CAPACITY_TABLE_READY
2040,Base,WIND_ONSHORE,SICI,6300,34100,RENEWABLE,SCENARIO_TOTAL,FROZEN V2.9 SCENARIO CAPACITY,BASE,FROZEN V2.9 ZONAL ALLOCATION,V2.7/V2.9,CONTROLLING V2.9 SCENARIO MATRIX,ACCEPTED SCENARIO INPUT,INSTALLED_CAPACITY_TABLE_READY
2040,Base,WIND_ONSHORE,SARD,3500,34100,RENEWABLE,SCENARIO_TOTAL,FROZEN V2.9 SCENARIO CAPACITY,BASE,FROZEN V2.9 ZONAL ALLOCATION,V2.7/V2.9,CONTROLLING V2.9 SCENARIO MATRIX,ACCEPTED SCENARIO INPUT,INSTALLED_CAPACITY_TABLE_READY
2040,Base,WIND_OFFSHORE,NORD,1500,15200,RENEWABLE,SCENARIO_TOTAL,FROZEN V2.9 SCENARIO CAPACITY,BASE,FROZEN V2.9 ZONAL ALLOCATION,V2.7/V2.9,CONTROLLING V2.9 SCENARIO MATRIX,ACCEPTED SCENARIO INPUT,INSTALLED_CAPACITY_TABLE_READY
2040,Base,WIND_OFFSHORE,CNOR,800,15200,RENEWABLE,SCENARIO_TOTAL,FROZEN V2.9 SCENARIO CAPACITY,BASE,FROZEN V2.9 ZONAL ALLOCATION,V2.7/V2.9,CONTROLLING V2.9 SCENARIO MATRIX,ACCEPTED SCENARIO INPUT,INSTALLED_CAPACITY_TABLE_READY
2040,Base,WIND_OFFSHORE,CSUD,1600,15200,RENEWABLE,SCENARIO_TOTAL,FROZEN V2.9 SCENARIO CAPACITY,BASE,FROZEN V2.9 ZONAL ALLOCATION,V2.7/V2.9,CONTROLLING V2.9 SCENARIO MATRIX,ACCEPTED SCENARIO INPUT,INSTALLED_CAPACITY_TABLE_READY
2040,Base,WIND_OFFSHORE,SUD,4700,15200,RENEWABLE,SCENARIO_TOTAL,FROZEN V2.9 SCENARIO CAPACITY,BASE,FROZEN V2.9 ZONAL ALLOCATION,V2.7/V2.9,CONTROLLING V2.9 SCENARIO MATRIX,ACCEPTED SCENARIO INPUT,INSTALLED_CAPACITY_TABLE_READY
2040,Base,WIND_OFFSHORE,CALA,600,15200,RENEWABLE,SCENARIO_TOTAL,FROZEN V2.9 SCENARIO CAPACITY,BASE,FROZEN V2.9 ZONAL ALLOCATION,V2.7/V2.9,CONTROLLING V2.9 SCENARIO MATRIX,ACCEPTED SCENARIO INPUT,INSTALLED_CAPACITY_TABLE_READY
2040,Base,WIND_OFFSHORE,SICI,3000,15200,RENEWABLE,SCENARIO_TOTAL,FROZEN V2.9 SCENARIO CAPACITY,BASE,FROZEN V2.9 ZONAL ALLOCATION,V2.7/V2.9,CONTROLLING V2.9 SCENARIO MATRIX,ACCEPTED SCENARIO INPUT,INSTALLED_CAPACITY_TABLE_READY
2040,Base,WIND_OFFSHORE,SARD,3000,15200,RENEWABLE,SCENARIO_TOTAL,FROZEN V2.9 SCENARIO CAPACITY,BASE,FROZEN V2.9 ZONAL ALLOCATION,V2.7/V2.9,CONTROLLING V2.9 SCENARIO MATRIX,ACCEPTED SCENARIO INPUT,INSTALLED_CAPACITY_TABLE_READY
2040,Base,BESS,NORD,5525,27266.666666667,STORAGE,SCENARIO_TOTAL_DISCHARGE_POWER,FROZEN V2.9 BESS POWER,BASE,FROZEN V2.9 ZONAL STORAGE ALLOCATION,V2.9,CONTROLLING V2.9 STORAGE MATRIX,ACCEPTED SCENARIO INPUT,P_NOM ONLY; E_NOM SEPARATE
2040,Base,BESS,CNOR,1133.333333333,27266.666666667,STORAGE,SCENARIO_TOTAL_DISCHARGE_POWER,FROZEN V2.9 BESS POWER,BASE,FROZEN V2.9 ZONAL STORAGE ALLOCATION,V2.9,CONTROLLING V2.9 STORAGE MATRIX,ACCEPTED SCENARIO INPUT,P_NOM ONLY; E_NOM SEPARATE
2040,Base,BESS,CSUD,4220.833333333,27266.666666667,STORAGE,SCENARIO_TOTAL_DISCHARGE_POWER,FROZEN V2.9 BESS POWER,BASE,FROZEN V2.9 ZONAL STORAGE ALLOCATION,V2.9,CONTROLLING V2.9 STORAGE MATRIX,ACCEPTED SCENARIO INPUT,P_NOM ONLY; E_NOM SEPARATE
2040,Base,BESS,SUD,6362.5,27266.666666667,STORAGE,SCENARIO_TOTAL_DISCHARGE_POWER,FROZEN V2.9 BESS POWER,BASE,FROZEN V2.9 ZONAL STORAGE ALLOCATION,V2.9,CONTROLLING V2.9 STORAGE MATRIX,ACCEPTED SCENARIO INPUT,P_NOM ONLY; E_NOM SEPARATE
2040,Base,BESS,CALA,1466.666666667,27266.666666667,STORAGE,SCENARIO_TOTAL_DISCHARGE_POWER,FROZEN V2.9 BESS POWER,BASE,FROZEN V2.9 ZONAL STORAGE ALLOCATION,V2.9,CONTROLLING V2.9 STORAGE MATRIX,ACCEPTED SCENARIO INPUT,P_NOM ONLY; E_NOM SEPARATE
2040,Base,BESS,SICI,4970.833333333,27266.666666667,STORAGE,SCENARIO_TOTAL_DISCHARGE_POWER,FROZEN V2.9 BESS POWER,BASE,FROZEN V2.9 ZONAL STORAGE ALLOCATION,V2.9,CONTROLLING V2.9 STORAGE MATRIX,ACCEPTED SCENARIO INPUT,P_NOM ONLY; E_NOM SEPARATE
2040,Base,BESS,SARD,3587.5,27266.666666667,STORAGE,SCENARIO_TOTAL_DISCHARGE_POWER,FROZEN V2.9 BESS POWER,BASE,FROZEN V2.9 ZONAL STORAGE ALLOCATION,V2.9,CONTROLLING V2.9 STORAGE MATRIX,ACCEPTED SCENARIO INPUT,P_NOM ONLY; E_NOM SEPARATE
2040,Base,HYDRO_RUN_OF_RIVER,NORD,5228.210866305,6239,HYDRO_FIXED_CURRENT,CURRENT_FLEET_COPIED_UNCHANGED,USER_CONFIRMED CURRENT HYDRO CAPACITY IN ALL FUTURE SCENARIOS,NOT APPLICABLE,NORD DIRECT CLASS VALUES SCALED 0.006% TO ZONAL NON-PUMPED CONTROL,2024,TERNA HYDRO CONTROLS + PROJECT CLASS ALLOCATION,DIRECT MACRO CONTROL + PROJECT RECONCILIATION,CAPACITY FROZEN; OPERATIONAL PARAMETERS PARTIAL
2040,Base,HYDRO_BASIN,NORD,3512.208833846,5019.900000002,HYDRO_FIXED_CURRENT,CURRENT_FLEET_COPIED_UNCHANGED,USER_CONFIRMED CURRENT HYDRO CAPACITY IN ALL FUTURE SCENARIOS,NOT APPLICABLE,NORD DIRECT CLASS VALUES SCALED 0.006% TO ZONAL NON-PUMPED CONTROL,2024,TERNA HYDRO CONTROLS + PROJECT CLASS ALLOCATION,DIRECT MACRO CONTROL + PROJECT RECONCILIATION,CAPACITY FROZEN; OPERATIONAL PARAMETERS PARTIAL
2040,Base,HYDRO_RESERVOIR,NORD,3669.318175474,4782.8,HYDRO_FIXED_CURRENT,CURRENT_FLEET_COPIED_UNCHANGED,USER_CONFIRMED CURRENT HYDRO CAPACITY IN ALL FUTURE SCENARIOS,NOT APPLICABLE,NORD DIRECT CLASS VALUES SCALED 0.006% TO ZONAL NON-PUMPED CONTROL,2024,TERNA HYDRO CONTROLS + PROJECT CLASS ALLOCATION,DIRECT MACRO CONTROL + PROJECT RECONCILIATION,CAPACITY FROZEN; OPERATIONAL PARAMETERS PARTIAL
2040,Base,PUMPED_HYDRO_PURE,NORD,2393.185354581,3969.57561,HYDRO_FIXED_CURRENT,CURRENT_FLEET_COPIED_UNCHANGED,USER_CONFIRMED CURRENT HYDRO CAPACITY IN ALL FUTURE SCENARIOS,NOT APPLICABLE,DIRECT PURE/MIXED PUMPING PERIMETER BRIDGE,2024,TERNA HYDRO CONTROLS + PROJECT CLASS ALLOCATION,DIRECT TERNA CONTROL / PERIMETER DERIVATION,CAPACITY FROZEN; OPERATIONAL PARAMETERS PARTIAL
2040,Base,PUMPED_HYDRO_MIXED,NORD,2305.444434376,3282.72439,HYDRO_FIXED_CURRENT,CURRENT_FLEET_COPIED_UNCHANGED,USER_CONFIRMED CURRENT HYDRO CAPACITY IN ALL FUTURE SCENARIOS,NOT APPLICABLE,DIRECT PURE/MIXED PUMPING PERIMETER BRIDGE,2024,TERNA HYDRO CONTROLS + PROJECT CLASS ALLOCATION,DIRECT TERNA CONTROL / PERIMETER DERIVATION,CAPACITY FROZEN; OPERATIONAL PARAMETERS PARTIAL
2040,Base,HYDRO_RUN_OF_RIVER,CNOR,209.314034422,6239,HYDRO_FIXED_CURRENT,CURRENT_FLEET_COPIED_UNCHANGED,USER_CONFIRMED CURRENT HYDRO CAPACITY IN ALL FUTURE SCENARIOS,NOT APPLICABLE,ROR residual allocated using open HDAM programmable-capacity floor; remaining programmable capacity split to basin/reservoir by residual national controls,2024,TERNA HYDRO CONTROLS + PROJECT CLASS ALLOCATION,PROJECT ALLOCATION PROVISIONAL,CAPACITY FROZEN; OPERATIONAL PARAMETERS PARTIAL
2040,Base,HYDRO_BASIN,CNOR,238.064607896,5019.900000002,HYDRO_FIXED_CURRENT,CURRENT_FLEET_COPIED_UNCHANGED,USER_CONFIRMED CURRENT HYDRO CAPACITY IN ALL FUTURE SCENARIOS,NOT APPLICABLE,ROR residual allocated using open HDAM programmable-capacity floor; remaining programmable capacity split to basin/reservoir by residual national controls,2024,TERNA HYDRO CONTROLS + PROJECT CLASS ALLOCATION,PROJECT ALLOCATION PROVISIONAL,CAPACITY FROZEN; OPERATIONAL PARAMETERS PARTIAL
2040,Base,HYDRO_RESERVOIR,CNOR,175.818907682,4782.8,HYDRO_FIXED_CURRENT,CURRENT_FLEET_COPIED_UNCHANGED,USER_CONFIRMED CURRENT HYDRO CAPACITY IN ALL FUTURE SCENARIOS,NOT APPLICABLE,ROR residual allocated using open HDAM programmable-capacity floor; remaining programmable capacity split to basin/reservoir by residual national controls,2024,TERNA HYDRO CONTROLS + PROJECT CLASS ALLOCATION,PROJECT ALLOCATION PROVISIONAL,CAPACITY FROZEN; OPERATIONAL PARAMETERS PARTIAL
2040,Base,PUMPED_HYDRO_PURE,CNOR,0,3969.57561,HYDRO_FIXED_CURRENT,CURRENT_FLEET_COPIED_UNCHANGED,USER_CONFIRMED CURRENT HYDRO CAPACITY IN ALL FUTURE SCENARIOS,NOT APPLICABLE,DIRECT PURE/MIXED PUMPING PERIMETER BRIDGE,2024,TERNA HYDRO CONTROLS + PROJECT CLASS ALLOCATION,DIRECT TERNA CONTROL / PERIMETER DERIVATION,CAPACITY FROZEN; OPERATIONAL PARAMETERS PARTIAL
2040,Base,PUMPED_HYDRO_MIXED,CNOR,0,3282.72439,HYDRO_FIXED_CURRENT,CURRENT_FLEET_COPIED_UNCHANGED,USER_CONFIRMED CURRENT HYDRO CAPACITY IN ALL FUTURE SCENARIOS,NOT APPLICABLE,DIRECT PURE/MIXED PUMPING PERIMETER BRIDGE,2024,TERNA HYDRO CONTROLS + PROJECT CLASS ALLOCATION,DIRECT TERNA CONTROL / PERIMETER DERIVATION,CAPACITY FROZEN; OPERATIONAL PARAMETERS PARTIAL
2040,Base,HYDRO_RUN_OF_RIVER,CSUD,579.820027388,6239,HYDRO_FIXED_CURRENT,CURRENT_FLEET_COPIED_UNCHANGED,USER_CONFIRMED CURRENT HYDRO CAPACITY IN ALL FUTURE SCENARIOS,NOT APPLICABLE,ROR residual allocated using open HDAM programmable-capacity floor; remaining programmable capacity split to basin/reservoir by residual national controls,2024,TERNA HYDRO CONTROLS + PROJECT CLASS ALLOCATION,PROJECT ALLOCATION PROVISIONAL,CAPACITY FROZEN; OPERATIONAL PARAMETERS PARTIAL
2040,Base,HYDRO_BASIN,CSUD,582.887284562,5019.900000002,HYDRO_FIXED_CURRENT,CURRENT_FLEET_COPIED_UNCHANGED,USER_CONFIRMED CURRENT HYDRO CAPACITY IN ALL FUTURE SCENARIOS,NOT APPLICABLE,ROR residual allocated using open HDAM programmable-capacity floor; remaining programmable capacity split to basin/reservoir by residual national controls,2024,TERNA HYDRO CONTROLS + PROJECT CLASS ALLOCATION,PROJECT ALLOCATION PROVISIONAL,CAPACITY FROZEN; OPERATIONAL PARAMETERS PARTIAL
2040,Base,HYDRO_RESERVOIR,CSUD,430.482324018,4782.8,HYDRO_FIXED_CURRENT,CURRENT_FLEET_COPIED_UNCHANGED,USER_CONFIRMED CURRENT HYDRO CAPACITY IN ALL FUTURE SCENARIOS,NOT APPLICABLE,ROR residual allocated using open HDAM programmable-capacity floor; remaining programmable capacity split to basin/reservoir by residual national controls,2024,TERNA HYDRO CONTROLS + PROJECT CLASS ALLOCATION,PROJECT ALLOCATION PROVISIONAL,CAPACITY FROZEN; OPERATIONAL PARAMETERS PARTIAL
2040,Base,PUMPED_HYDRO_PURE,CSUD,995.915669822,3969.57561,HYDRO_FIXED_CURRENT,CURRENT_FLEET_COPIED_UNCHANGED,USER_CONFIRMED CURRENT HYDRO CAPACITY IN ALL FUTURE SCENARIOS,NOT APPLICABLE,DIRECT PURE/MIXED PUMPING PERIMETER BRIDGE,2024,TERNA HYDRO CONTROLS + PROJECT CLASS ALLOCATION,DIRECT TERNA CONTROL / PERIMETER DERIVATION,CAPACITY FROZEN; OPERATIONAL PARAMETERS PARTIAL
2040,Base,PUMPED_HYDRO_MIXED,CSUD,736.949744032,3282.72439,HYDRO_FIXED_CURRENT,CURRENT_FLEET_COPIED_UNCHANGED,USER_CONFIRMED CURRENT HYDRO CAPACITY IN ALL FUTURE SCENARIOS,NOT APPLICABLE,DIRECT PURE/MIXED PUMPING PERIMETER BRIDGE,2024,TERNA HYDRO CONTROLS + PROJECT CLASS ALLOCATION,DIRECT TERNA CONTROL / PERIMETER DERIVATION,CAPACITY FROZEN; OPERATIONAL PARAMETERS PARTIAL
2040,Base,HYDRO_RUN_OF_RIVER,SUD,45.411334869,6239,HYDRO_FIXED_CURRENT,CURRENT_FLEET_COPIED_UNCHANGED,USER_CONFIRMED CURRENT HYDRO CAPACITY IN ALL FUTURE SCENARIOS,NOT APPLICABLE,ROR residual allocated using open HDAM programmable-capacity floor; remaining programmable capacity split to basin/reservoir by residual national controls,2024,TERNA HYDRO CONTROLS + PROJECT CLASS ALLOCATION,PROJECT ALLOCATION PROVISIONAL,CAPACITY FROZEN; OPERATIONAL PARAMETERS PARTIAL
2040,Base,HYDRO_BASIN,SUD,103.488209848,5019.900000002,HYDRO_FIXED_CURRENT,CURRENT_FLEET_COPIED_UNCHANGED,USER_CONFIRMED CURRENT HYDRO CAPACITY IN ALL FUTURE SCENARIOS,NOT APPLICABLE,ROR residual allocated using open HDAM programmable-capacity floor; remaining programmable capacity split to basin/reservoir by residual national controls,2024,TERNA HYDRO CONTROLS + PROJECT CLASS ALLOCATION,PROJECT ALLOCATION PROVISIONAL,CAPACITY FROZEN; OPERATIONAL PARAMETERS PARTIAL
2040,Base,HYDRO_RESERVOIR,SUD,76.429605283,4782.8,HYDRO_FIXED_CURRENT,CURRENT_FLEET_COPIED_UNCHANGED,USER_CONFIRMED CURRENT HYDRO CAPACITY IN ALL FUTURE SCENARIOS,NOT APPLICABLE,ROR residual allocated using open HDAM programmable-capacity floor; remaining programmable capacity split to basin/reservoir by residual national controls,2024,TERNA HYDRO CONTROLS + PROJECT CLASS ALLOCATION,PROJECT ALLOCATION PROVISIONAL,CAPACITY FROZEN; OPERATIONAL PARAMETERS PARTIAL
2040,Base,PUMPED_HYDRO_PURE,SUD,0,3969.57561,HYDRO_FIXED_CURRENT,CURRENT_FLEET_COPIED_UNCHANGED,USER_CONFIRMED CURRENT HYDRO CAPACITY IN ALL FUTURE SCENARIOS,NOT APPLICABLE,DIRECT PURE/MIXED PUMPING PERIMETER BRIDGE,2024,TERNA HYDRO CONTROLS + PROJECT CLASS ALLOCATION,DIRECT TERNA CONTROL / PERIMETER DERIVATION,CAPACITY FROZEN; OPERATIONAL PARAMETERS PARTIAL
2040,Base,PUMPED_HYDRO_MIXED,SUD,0,3282.72439,HYDRO_FIXED_CURRENT,CURRENT_FLEET_COPIED_UNCHANGED,USER_CONFIRMED CURRENT HYDRO CAPACITY IN ALL FUTURE SCENARIOS,NOT APPLICABLE,DIRECT PURE/MIXED PUMPING PERIMETER BRIDGE,2024,TERNA HYDRO CONTROLS + PROJECT CLASS ALLOCATION,DIRECT TERNA CONTROL / PERIMETER DERIVATION,CAPACITY FROZEN; OPERATIONAL PARAMETERS PARTIAL
2040,Base,HYDRO_RUN_OF_RIVER,CALA,106.743829899,6239,HYDRO_FIXED_CURRENT,CURRENT_FLEET_COPIED_UNCHANGED,USER_CONFIRMED CURRENT HYDRO CAPACITY IN ALL FUTURE SCENARIOS,NOT APPLICABLE,ROR residual allocated using open HDAM programmable-capacity floor; remaining programmable capacity split to basin/reservoir by residual national controls,2024,TERNA HYDRO CONTROLS + PROJECT CLASS ALLOCATION,PROJECT ALLOCATION PROVISIONAL,CAPACITY FROZEN; OPERATIONAL PARAMETERS PARTIAL
2040,Base,HYDRO_BASIN,CALA,417.949832196,5019.900000002,HYDRO_FIXED_CURRENT,CURRENT_FLEET_COPIED_UNCHANGED,USER_CONFIRMED CURRENT HYDRO CAPACITY IN ALL FUTURE SCENARIOS,NOT APPLICABLE,ROR residual allocated using open HDAM programmable-capacity floor; remaining programmable capacity split to basin/reservoir by residual national controls,2024,TERNA HYDRO CONTROLS + PROJECT CLASS ALLOCATION,PROJECT ALLOCATION PROVISIONAL,CAPACITY FROZEN; OPERATIONAL PARAMETERS PARTIAL
2040,Base,HYDRO_RESERVOIR,CALA,308.670337905,4782.8,HYDRO_FIXED_CURRENT,CURRENT_FLEET_COPIED_UNCHANGED,USER_CONFIRMED CURRENT HYDRO CAPACITY IN ALL FUTURE SCENARIOS,NOT APPLICABLE,ROR residual allocated using open HDAM programmable-capacity floor; remaining programmable capacity split to basin/reservoir by residual national controls,2024,TERNA HYDRO CONTROLS + PROJECT CLASS ALLOCATION,PROJECT ALLOCATION PROVISIONAL,CAPACITY FROZEN; OPERATIONAL PARAMETERS PARTIAL
2040,Base,PUMPED_HYDRO_PURE,CALA,0,3969.57561,HYDRO_FIXED_CURRENT,CURRENT_FLEET_COPIED_UNCHANGED,USER_CONFIRMED CURRENT HYDRO CAPACITY IN ALL FUTURE SCENARIOS,NOT APPLICABLE,DIRECT PURE/MIXED PUMPING PERIMETER BRIDGE,2024,TERNA HYDRO CONTROLS + PROJECT CLASS ALLOCATION,DIRECT TERNA CONTROL / PERIMETER DERIVATION,CAPACITY FROZEN; OPERATIONAL PARAMETERS PARTIAL
2040,Base,PUMPED_HYDRO_MIXED,CALA,0,3282.72439,HYDRO_FIXED_CURRENT,CURRENT_FLEET_COPIED_UNCHANGED,USER_CONFIRMED CURRENT HYDRO CAPACITY IN ALL FUTURE SCENARIOS,NOT APPLICABLE,DIRECT PURE/MIXED PUMPING PERIMETER BRIDGE,2024,TERNA HYDRO CONTROLS + PROJECT CLASS ALLOCATION,DIRECT TERNA CONTROL / PERIMETER DERIVATION,CAPACITY FROZEN; OPERATIONAL PARAMETERS PARTIAL
2040,Base,HYDRO_RUN_OF_RIVER,SICI,31.552391362,6239,HYDRO_FIXED_CURRENT,CURRENT_FLEET_COPIED_UNCHANGED,USER_CONFIRMED CURRENT HYDRO CAPACITY IN ALL FUTURE SCENARIOS,NOT APPLICABLE,ROR residual allocated using open HDAM programmable-capacity floor; remaining programmable capacity split to basin/reservoir by residual national controls,2024,TERNA HYDRO CONTROLS + PROJECT CLASS ALLOCATION,PROJECT ALLOCATION PROVISIONAL,CAPACITY FROZEN; OPERATIONAL PARAMETERS PARTIAL
2040,Base,HYDRO_BASIN,SICI,58.808504061,5019.900000002,HYDRO_FIXED_CURRENT,CURRENT_FLEET_COPIED_UNCHANGED,USER_CONFIRMED CURRENT HYDRO CAPACITY IN ALL FUTURE SCENARIOS,NOT APPLICABLE,ROR residual allocated using open HDAM programmable-capacity floor; remaining programmable capacity split to basin/reservoir by residual national controls,2024,TERNA HYDRO CONTROLS + PROJECT CLASS ALLOCATION,PROJECT ALLOCATION PROVISIONAL,CAPACITY FROZEN; OPERATIONAL PARAMETERS PARTIAL
2040,Base,HYDRO_RESERVOIR,SICI,43.432104578,4782.8,HYDRO_FIXED_CURRENT,CURRENT_FLEET_COPIED_UNCHANGED,USER_CONFIRMED CURRENT HYDRO CAPACITY IN ALL FUTURE SCENARIOS,NOT APPLICABLE,ROR residual allocated using open HDAM programmable-capacity floor; remaining programmable capacity split to basin/reservoir by residual national controls,2024,TERNA HYDRO CONTROLS + PROJECT CLASS ALLOCATION,PROJECT ALLOCATION PROVISIONAL,CAPACITY FROZEN; OPERATIONAL PARAMETERS PARTIAL
2040,Base,PUMPED_HYDRO_PURE,SICI,580.474585597,3969.57561,HYDRO_FIXED_CURRENT,CURRENT_FLEET_COPIED_UNCHANGED,USER_CONFIRMED CURRENT HYDRO CAPACITY IN ALL FUTURE SCENARIOS,NOT APPLICABLE,DIRECT PURE/MIXED PUMPING PERIMETER BRIDGE,2024,TERNA HYDRO CONTROLS + PROJECT CLASS ALLOCATION,DIRECT TERNA CONTROL / PERIMETER DERIVATION,CAPACITY FROZEN; OPERATIONAL PARAMETERS PARTIAL
2040,Base,PUMPED_HYDRO_MIXED,SICI,0,3282.72439,HYDRO_FIXED_CURRENT,CURRENT_FLEET_COPIED_UNCHANGED,USER_CONFIRMED CURRENT HYDRO CAPACITY IN ALL FUTURE SCENARIOS,NOT APPLICABLE,DIRECT PURE/MIXED PUMPING PERIMETER BRIDGE,2024,TERNA HYDRO CONTROLS + PROJECT CLASS ALLOCATION,DIRECT TERNA CONTROL / PERIMETER DERIVATION,CAPACITY FROZEN; OPERATIONAL PARAMETERS PARTIAL
2040,Base,HYDRO_RUN_OF_RIVER,SARD,37.947515755,6239,HYDRO_FIXED_CURRENT,CURRENT_FLEET_COPIED_UNCHANGED,USER_CONFIRMED CURRENT HYDRO CAPACITY IN ALL FUTURE SCENARIOS,NOT APPLICABLE,ROR residual allocated using open HDAM programmable-capacity floor; remaining programmable capacity split to basin/reservoir by residual national controls,2024,TERNA HYDRO CONTROLS + PROJECT CLASS ALLOCATION,PROJECT ALLOCATION PROVISIONAL,CAPACITY FROZEN; OPERATIONAL PARAMETERS PARTIAL
2040,Base,HYDRO_BASIN,SARD,106.492727593,5019.900000002,HYDRO_FIXED_CURRENT,CURRENT_FLEET_COPIED_UNCHANGED,USER_CONFIRMED CURRENT HYDRO CAPACITY IN ALL FUTURE SCENARIOS,NOT APPLICABLE,ROR residual allocated using open HDAM programmable-capacity floor; remaining programmable capacity split to basin/reservoir by residual national controls,2024,TERNA HYDRO CONTROLS + PROJECT CLASS ALLOCATION,PROJECT ALLOCATION PROVISIONAL,CAPACITY FROZEN; OPERATIONAL PARAMETERS PARTIAL
2040,Base,HYDRO_RESERVOIR,SARD,78.64854506,4782.8,HYDRO_FIXED_CURRENT,CURRENT_FLEET_COPIED_UNCHANGED,USER_CONFIRMED CURRENT HYDRO CAPACITY IN ALL FUTURE SCENARIOS,NOT APPLICABLE,ROR residual allocated using open HDAM programmable-capacity floor; remaining programmable capacity split to basin/reservoir by residual national controls,2024,TERNA HYDRO CONTROLS + PROJECT CLASS ALLOCATION,PROJECT ALLOCATION PROVISIONAL,CAPACITY FROZEN; OPERATIONAL PARAMETERS PARTIAL
2040,Base,PUMPED_HYDRO_PURE,SARD,0,3969.57561,HYDRO_FIXED_CURRENT,CURRENT_FLEET_COPIED_UNCHANGED,USER_CONFIRMED CURRENT HYDRO CAPACITY IN ALL FUTURE SCENARIOS,NOT APPLICABLE,DIRECT PURE/MIXED PUMPING PERIMETER BRIDGE,2024,TERNA HYDRO CONTROLS + PROJECT CLASS ALLOCATION,DIRECT TERNA CONTROL / PERIMETER DERIVATION,CAPACITY FROZEN; OPERATIONAL PARAMETERS PARTIAL
2040,Base,PUMPED_HYDRO_MIXED,SARD,240.330211592,3282.72439,HYDRO_FIXED_CURRENT,CURRENT_FLEET_COPIED_UNCHANGED,USER_CONFIRMED CURRENT HYDRO CAPACITY IN ALL FUTURE SCENARIOS,NOT APPLICABLE,DIRECT PURE/MIXED PUMPING PERIMETER BRIDGE,2024,TERNA HYDRO CONTROLS + PROJECT CLASS ALLOCATION,DIRECT TERNA CONTROL / PERIMETER DERIVATION,CAPACITY FROZEN; OPERATIONAL PARAMETERS PARTIAL
2040,Base,CCGT,NORD,23085.542039157,42348.268607252,BASE_THERMAL,BASE_PORTFOLIO,2024 POST-COAL/OIL ANCHOR SCALED TO 55 GW,ANCHOR TECHNOLOGY PROPORTIONS,POST_COAL_OIL TECHNOLOGY GEOGRAPHY,2024,TERNA 2024 + COAL/OIL MASK + 2040 55-GW CONTROL,TERNA CONTROL + PROJECT DERIVATION,INSTALLED_CAPACITY_TABLE_READY
2040,Base,GT_OCGT,NORD,842.144489518,3354.65103872,BASE_THERMAL,BASE_PORTFOLIO,2024 POST-COAL/OIL ANCHOR SCALED TO 55 GW,ANCHOR TECHNOLOGY PROPORTIONS,POST_COAL_OIL TECHNOLOGY GEOGRAPHY,2024,TERNA 2024 + COAL/OIL MASK + 2040 55-GW CONTROL,TERNA CONTROL + PROJECT DERIVATION,INSTALLED_CAPACITY_TABLE_READY
2040,Base,INTERNAL_COMBUSTION,NORD,3456.449708873,5329.903451974,BASE_THERMAL,BASE_PORTFOLIO,2024 POST-COAL/OIL ANCHOR SCALED TO 55 GW,ANCHOR TECHNOLOGY PROPORTIONS,POST_COAL_OIL TECHNOLOGY GEOGRAPHY,2024,TERNA 2024 + COAL/OIL MASK + 2040 55-GW CONTROL,TERNA CONTROL + PROJECT DERIVATION,INSTALLED_CAPACITY_TABLE_READY
2040,Base,STEAM_OTHER_SURVIVING,NORD,1588.168234432,2894.547403909,BASE_THERMAL,BASE_PORTFOLIO,2024 POST-COAL/OIL ANCHOR SCALED TO 55 GW,ANCHOR TECHNOLOGY PROPORTIONS,POST_COAL_OIL TECHNOLOGY GEOGRAPHY,2024,TERNA 2024 + COAL/OIL MASK + 2040 55-GW CONTROL,TERNA CONTROL + PROJECT DERIVATION,INSTALLED_CAPACITY_TABLE_READY
2040,Base,OTHER_SURVIVING_THERMAL,NORD,53.151228556,289.575830232,BASE_THERMAL,BASE_PORTFOLIO,2024 POST-COAL/OIL ANCHOR SCALED TO 55 GW,ANCHOR TECHNOLOGY PROPORTIONS,POST_COAL_OIL TECHNOLOGY GEOGRAPHY,2024,TERNA 2024 + COAL/OIL MASK + 2040 55-GW CONTROL,TERNA CONTROL + PROJECT DERIVATION,INSTALLED_CAPACITY_TABLE_READY
2040,Base,CCGT,CNOR,1599.013669946,42348.268607252,BASE_THERMAL,BASE_PORTFOLIO,2024 POST-COAL/OIL ANCHOR SCALED TO 55 GW,ANCHOR TECHNOLOGY PROPORTIONS,POST_COAL_OIL TECHNOLOGY GEOGRAPHY,2024,TERNA 2024 + COAL/OIL MASK + 2040 55-GW CONTROL,TERNA CONTROL + PROJECT DERIVATION,INSTALLED_CAPACITY_TABLE_READY
2040,Base,GT_OCGT,CNOR,479.435139888,3354.65103872,BASE_THERMAL,BASE_PORTFOLIO,2024 POST-COAL/OIL ANCHOR SCALED TO 55 GW,ANCHOR TECHNOLOGY PROPORTIONS,POST_COAL_OIL TECHNOLOGY GEOGRAPHY,2024,TERNA 2024 + COAL/OIL MASK + 2040 55-GW CONTROL,TERNA CONTROL + PROJECT DERIVATION,INSTALLED_CAPACITY_TABLE_READY
2040,Base,INTERNAL_COMBUSTION,CNOR,388.057148474,5329.903451974,BASE_THERMAL,BASE_PORTFOLIO,2024 POST-COAL/OIL ANCHOR SCALED TO 55 GW,ANCHOR TECHNOLOGY PROPORTIONS,POST_COAL_OIL TECHNOLOGY GEOGRAPHY,2024,TERNA 2024 + COAL/OIL MASK + 2040 55-GW CONTROL,TERNA CONTROL + PROJECT DERIVATION,INSTALLED_CAPACITY_TABLE_READY
2040,Base,STEAM_OTHER_SURVIVING,CNOR,50.690815099,2894.547403909,BASE_THERMAL,BASE_PORTFOLIO,2024 POST-COAL/OIL ANCHOR SCALED TO 55 GW,ANCHOR TECHNOLOGY PROPORTIONS,POST_COAL_OIL TECHNOLOGY GEOGRAPHY,2024,TERNA 2024 + COAL/OIL MASK + 2040 55-GW CONTROL,TERNA CONTROL + PROJECT DERIVATION,INSTALLED_CAPACITY_TABLE_READY
2040,Base,OTHER_SURVIVING_THERMAL,CNOR,34.351116281,289.575830232,BASE_THERMAL,BASE_PORTFOLIO,2024 POST-COAL/OIL ANCHOR SCALED TO 55 GW,ANCHOR TECHNOLOGY PROPORTIONS,POST_COAL_OIL TECHNOLOGY GEOGRAPHY,2024,TERNA 2024 + COAL/OIL MASK + 2040 55-GW CONTROL,TERNA CONTROL + PROJECT DERIVATION,INSTALLED_CAPACITY_TABLE_READY
2040,Base,CCGT,CSUD,6333.05142292,42348.268607252,BASE_THERMAL,BASE_PORTFOLIO,2024 POST-COAL/OIL ANCHOR SCALED TO 55 GW,ANCHOR TECHNOLOGY PROPORTIONS,POST_COAL_OIL TECHNOLOGY GEOGRAPHY,2024,TERNA 2024 + COAL/OIL MASK + 2040 55-GW CONTROL,TERNA CONTROL + PROJECT DERIVATION,INSTALLED_CAPACITY_TABLE_READY
2040,Base,GT_OCGT,CSUD,769.197041167,3354.65103872,BASE_THERMAL,BASE_PORTFOLIO,2024 POST-COAL/OIL ANCHOR SCALED TO 55 GW,ANCHOR TECHNOLOGY PROPORTIONS,POST_COAL_OIL TECHNOLOGY GEOGRAPHY,2024,TERNA 2024 + COAL/OIL MASK + 2040 55-GW CONTROL,TERNA CONTROL + PROJECT DERIVATION,INSTALLED_CAPACITY_TABLE_READY
2040,Base,INTERNAL_COMBUSTION,CSUD,780.4036866,5329.903451974,BASE_THERMAL,BASE_PORTFOLIO,2024 POST-COAL/OIL ANCHOR SCALED TO 55 GW,ANCHOR TECHNOLOGY PROPORTIONS,POST_COAL_OIL TECHNOLOGY GEOGRAPHY,2024,TERNA 2024 + COAL/OIL MASK + 2040 55-GW CONTROL,TERNA CONTROL + PROJECT DERIVATION,INSTALLED_CAPACITY_TABLE_READY
2040,Base,STEAM_OTHER_SURVIVING,CSUD,178.980072753,2894.547403909,BASE_THERMAL,BASE_PORTFOLIO,2024 POST-COAL/OIL ANCHOR SCALED TO 55 GW,ANCHOR TECHNOLOGY PROPORTIONS,POST_COAL_OIL TECHNOLOGY GEOGRAPHY,2024,TERNA 2024 + COAL/OIL MASK + 2040 55-GW CONTROL,TERNA CONTROL + PROJECT DERIVATION,INSTALLED_CAPACITY_TABLE_READY
2040,Base,OTHER_SURVIVING_THERMAL,CSUD,31.065187014,289.575830232,BASE_THERMAL,BASE_PORTFOLIO,2024 POST-COAL/OIL ANCHOR SCALED TO 55 GW,ANCHOR TECHNOLOGY PROPORTIONS,POST_COAL_OIL TECHNOLOGY GEOGRAPHY,2024,TERNA 2024 + COAL/OIL MASK + 2040 55-GW CONTROL,TERNA CONTROL + PROJECT DERIVATION,INSTALLED_CAPACITY_TABLE_READY
2040,Base,CCGT,SUD,4425.159763636,42348.268607252,BASE_THERMAL,BASE_PORTFOLIO,2024 POST-COAL/OIL ANCHOR SCALED TO 55 GW,ANCHOR TECHNOLOGY PROPORTIONS,POST_COAL_OIL TECHNOLOGY GEOGRAPHY,2024,TERNA 2024 + COAL/OIL MASK + 2040 55-GW CONTROL,TERNA CONTROL + PROJECT DERIVATION,INSTALLED_CAPACITY_TABLE_READY
2040,Base,GT_OCGT,SUD,256.102110068,3354.65103872,BASE_THERMAL,BASE_PORTFOLIO,2024 POST-COAL/OIL ANCHOR SCALED TO 55 GW,ANCHOR TECHNOLOGY PROPORTIONS,POST_COAL_OIL TECHNOLOGY GEOGRAPHY,2024,TERNA 2024 + COAL/OIL MASK + 2040 55-GW CONTROL,TERNA CONTROL + PROJECT DERIVATION,INSTALLED_CAPACITY_TABLE_READY
2040,Base,INTERNAL_COMBUSTION,SUD,437.833098679,5329.903451974,BASE_THERMAL,BASE_PORTFOLIO,2024 POST-COAL/OIL ANCHOR SCALED TO 55 GW,ANCHOR TECHNOLOGY PROPORTIONS,POST_COAL_OIL TECHNOLOGY GEOGRAPHY,2024,TERNA 2024 + COAL/OIL MASK + 2040 55-GW CONTROL,TERNA CONTROL + PROJECT DERIVATION,INSTALLED_CAPACITY_TABLE_READY
2040,Base,STEAM_OTHER_SURVIVING,SUD,542.704350915,2894.547403909,BASE_THERMAL,BASE_PORTFOLIO,2024 POST-COAL/OIL ANCHOR SCALED TO 55 GW,ANCHOR TECHNOLOGY PROPORTIONS,POST_COAL_OIL TECHNOLOGY GEOGRAPHY,2024,TERNA 2024 + COAL/OIL MASK + 2040 55-GW CONTROL,TERNA CONTROL + PROJECT DERIVATION,INSTALLED_CAPACITY_TABLE_READY
2040,Base,OTHER_SURVIVING_THERMAL,SUD,120.231362984,289.575830232,BASE_THERMAL,BASE_PORTFOLIO,2024 POST-COAL/OIL ANCHOR SCALED TO 55 GW,ANCHOR TECHNOLOGY PROPORTIONS,POST_COAL_OIL TECHNOLOGY GEOGRAPHY,2024,TERNA 2024 + COAL/OIL MASK + 2040 55-GW CONTROL,TERNA CONTROL + PROJECT DERIVATION,INSTALLED_CAPACITY_TABLE_READY
2040,Base,CCGT,CALA,3235.880835398,42348.268607252,BASE_THERMAL,BASE_PORTFOLIO,2024 POST-COAL/OIL ANCHOR SCALED TO 55 GW,ANCHOR TECHNOLOGY PROPORTIONS,POST_COAL_OIL TECHNOLOGY GEOGRAPHY,2024,TERNA 2024 + COAL/OIL MASK + 2040 55-GW CONTROL,TERNA CONTROL + PROJECT DERIVATION,INSTALLED_CAPACITY_TABLE_READY
2040,Base,GT_OCGT,CALA,216.218464413,3354.65103872,BASE_THERMAL,BASE_PORTFOLIO,2024 POST-COAL/OIL ANCHOR SCALED TO 55 GW,ANCHOR TECHNOLOGY PROPORTIONS,POST_COAL_OIL TECHNOLOGY GEOGRAPHY,2024,TERNA 2024 + COAL/OIL MASK + 2040 55-GW CONTROL,TERNA CONTROL + PROJECT DERIVATION,INSTALLED_CAPACITY_TABLE_READY
2040,Base,INTERNAL_COMBUSTION,CALA,38.206958732,5329.903451974,BASE_THERMAL,BASE_PORTFOLIO,2024 POST-COAL/OIL ANCHOR SCALED TO 55 GW,ANCHOR TECHNOLOGY PROPORTIONS,POST_COAL_OIL TECHNOLOGY GEOGRAPHY,2024,TERNA 2024 + COAL/OIL MASK + 2040 55-GW CONTROL,TERNA CONTROL + PROJECT DERIVATION,INSTALLED_CAPACITY_TABLE_READY
2040,Base,STEAM_OTHER_SURVIVING,CALA,144.709481828,2894.547403909,BASE_THERMAL,BASE_PORTFOLIO,2024 POST-COAL/OIL ANCHOR SCALED TO 55 GW,ANCHOR TECHNOLOGY PROPORTIONS,POST_COAL_OIL TECHNOLOGY GEOGRAPHY,2024,TERNA 2024 + COAL/OIL MASK + 2040 55-GW CONTROL,TERNA CONTROL + PROJECT DERIVATION,INSTALLED_CAPACITY_TABLE_READY
2040,Base,OTHER_SURVIVING_THERMAL,CALA,0,289.575830232,BASE_THERMAL,BASE_PORTFOLIO,2024 POST-COAL/OIL ANCHOR SCALED TO 55 GW,ANCHOR TECHNOLOGY PROPORTIONS,POST_COAL_OIL TECHNOLOGY GEOGRAPHY,2024,TERNA 2024 + COAL/OIL MASK + 2040 55-GW CONTROL,TERNA CONTROL + PROJECT DERIVATION,INSTALLED_CAPACITY_TABLE_READY
2040,Base,CCGT,SICI,3033.470304432,42348.268607252,BASE_THERMAL,BASE_PORTFOLIO,2024 POST-COAL/OIL ANCHOR SCALED TO 55 GW,ANCHOR TECHNOLOGY PROPORTIONS,POST_COAL_OIL TECHNOLOGY GEOGRAPHY,2024,TERNA 2024 + COAL/OIL MASK + 2040 55-GW CONTROL,TERNA CONTROL + PROJECT DERIVATION,INSTALLED_CAPACITY_TABLE_READY
2040,Base,GT_OCGT,SICI,652.525027236,3354.65103872,BASE_THERMAL,BASE_PORTFOLIO,2024 POST-COAL/OIL ANCHOR SCALED TO 55 GW,ANCHOR TECHNOLOGY PROPORTIONS,POST_COAL_OIL TECHNOLOGY GEOGRAPHY,2024,TERNA 2024 + COAL/OIL MASK + 2040 55-GW CONTROL,TERNA CONTROL + PROJECT DERIVATION,INSTALLED_CAPACITY_TABLE_READY
2040,Base,INTERNAL_COMBUSTION,SICI,206.615562143,5329.903451974,BASE_THERMAL,BASE_PORTFOLIO,2024 POST-COAL/OIL ANCHOR SCALED TO 55 GW,ANCHOR TECHNOLOGY PROPORTIONS,POST_COAL_OIL TECHNOLOGY GEOGRAPHY,2024,TERNA 2024 + COAL/OIL MASK + 2040 55-GW CONTROL,TERNA CONTROL + PROJECT DERIVATION,INSTALLED_CAPACITY_TABLE_READY
2040,Base,STEAM_OTHER_SURVIVING,SICI,142.573999974,2894.547403909,BASE_THERMAL,BASE_PORTFOLIO,2024 POST-COAL/OIL ANCHOR SCALED TO 55 GW,ANCHOR TECHNOLOGY PROPORTIONS,POST_COAL_OIL TECHNOLOGY GEOGRAPHY,2024,TERNA 2024 + COAL/OIL MASK + 2040 55-GW CONTROL,TERNA CONTROL + PROJECT DERIVATION,INSTALLED_CAPACITY_TABLE_READY
2040,Base,OTHER_SURVIVING_THERMAL,SICI,22.281503519,289.575830232,BASE_THERMAL,BASE_PORTFOLIO,2024 POST-COAL/OIL ANCHOR SCALED TO 55 GW,ANCHOR TECHNOLOGY PROPORTIONS,POST_COAL_OIL TECHNOLOGY GEOGRAPHY,2024,TERNA 2024 + COAL/OIL MASK + 2040 55-GW CONTROL,TERNA CONTROL + PROJECT DERIVATION,INSTALLED_CAPACITY_TABLE_READY
2040,Base,CCGT,SARD,636.150571763,42348.268607252,BASE_THERMAL,BASE_PORTFOLIO,2024 POST-COAL/OIL ANCHOR SCALED TO 55 GW,ANCHOR TECHNOLOGY PROPORTIONS,POST_COAL_OIL TECHNOLOGY GEOGRAPHY,2024,TERNA 2024 + COAL/OIL MASK + 2040 55-GW CONTROL,TERNA CONTROL + PROJECT DERIVATION,INSTALLED_CAPACITY_TABLE_READY
2040,Base,GT_OCGT,SARD,139.028766432,3354.65103872,BASE_THERMAL,BASE_PORTFOLIO,2024 POST-COAL/OIL ANCHOR SCALED TO 55 GW,ANCHOR TECHNOLOGY PROPORTIONS,POST_COAL_OIL TECHNOLOGY GEOGRAPHY,2024,TERNA 2024 + COAL/OIL MASK + 2040 55-GW CONTROL,TERNA CONTROL + PROJECT DERIVATION,INSTALLED_CAPACITY_TABLE_READY
2040,Base,INTERNAL_COMBUSTION,SARD,22.337288474,5329.903451974,BASE_THERMAL,BASE_PORTFOLIO,2024 POST-COAL/OIL ANCHOR SCALED TO 55 GW,ANCHOR TECHNOLOGY PROPORTIONS,POST_COAL_OIL TECHNOLOGY GEOGRAPHY,2024,TERNA 2024 + COAL/OIL MASK + 2040 55-GW CONTROL,TERNA CONTROL + PROJECT DERIVATION,INSTALLED_CAPACITY_TABLE_READY
2040,Base,STEAM_OTHER_SURVIVING,SARD,246.720448909,2894.547403909,BASE_THERMAL,BASE_PORTFOLIO,2024 POST-COAL/OIL ANCHOR SCALED TO 55 GW,ANCHOR TECHNOLOGY PROPORTIONS,POST_COAL_OIL TECHNOLOGY GEOGRAPHY,2024,TERNA 2024 + COAL/OIL MASK + 2040 55-GW CONTROL,TERNA CONTROL + PROJECT DERIVATION,INSTALLED_CAPACITY_TABLE_READY
2040,Base,OTHER_SURVIVING_THERMAL,SARD,28.495431878,289.575830232,BASE_THERMAL,BASE_PORTFOLIO,2024 POST-COAL/OIL ANCHOR SCALED TO 55 GW,ANCHOR TECHNOLOGY PROPORTIONS,POST_COAL_OIL TECHNOLOGY GEOGRAPHY,2024,TERNA 2024 + COAL/OIL MASK + 2040 55-GW CONTROL,TERNA CONTROL + PROJECT DERIVATION,INSTALLED_CAPACITY_TABLE_READY
2040,Base,GEOTHERMAL,NORD,0,783.053667913,BASE_THERMAL,BASE_PORTFOLIO,2024 POST-COAL/OIL ANCHOR SCALED TO 55 GW,ANCHOR TECHNOLOGY PROPORTIONS,POST_COAL_OIL TECHNOLOGY GEOGRAPHY,2024,TERNA 2024 + COAL/OIL MASK + 2040 55-GW CONTROL,TERNA CONTROL + PROJECT DERIVATION,INSTALLED_CAPACITY_TABLE_READY
2040,Base,GEOTHERMAL,CNOR,783.053667913,783.053667913,BASE_THERMAL,BASE_PORTFOLIO,2024 POST-COAL/OIL ANCHOR SCALED TO 55 GW,ANCHOR TECHNOLOGY PROPORTIONS,POST_COAL_OIL TECHNOLOGY GEOGRAPHY,2024,TERNA 2024 + COAL/OIL MASK + 2040 55-GW CONTROL,TERNA CONTROL + PROJECT DERIVATION,INSTALLED_CAPACITY_TABLE_READY
2040,Base,GEOTHERMAL,CSUD,0,783.053667913,BASE_THERMAL,BASE_PORTFOLIO,2024 POST-COAL/OIL ANCHOR SCALED TO 55 GW,ANCHOR TECHNOLOGY PROPORTIONS,POST_COAL_OIL TECHNOLOGY GEOGRAPHY,2024,TERNA 2024 + COAL/OIL MASK + 2040 55-GW CONTROL,TERNA CONTROL + PROJECT DERIVATION,INSTALLED_CAPACITY_TABLE_READY
2040,Base,GEOTHERMAL,SUD,0,783.053667913,BASE_THERMAL,BASE_PORTFOLIO,2024 POST-COAL/OIL ANCHOR SCALED TO 55 GW,ANCHOR TECHNOLOGY PROPORTIONS,POST_COAL_OIL TECHNOLOGY GEOGRAPHY,2024,TERNA 2024 + COAL/OIL MASK + 2040 55-GW CONTROL,TERNA CONTROL + PROJECT DERIVATION,INSTALLED_CAPACITY_TABLE_READY
2040,Base,GEOTHERMAL,CALA,0,783.053667913,BASE_THERMAL,BASE_PORTFOLIO,2024 POST-COAL/OIL ANCHOR SCALED TO 55 GW,ANCHOR TECHNOLOGY PROPORTIONS,POST_COAL_OIL TECHNOLOGY GEOGRAPHY,2024,TERNA 2024 + COAL/OIL MASK + 2040 55-GW CONTROL,TERNA CONTROL + PROJECT DERIVATION,INSTALLED_CAPACITY_TABLE_READY
2040,Base,GEOTHERMAL,SICI,0,783.053667913,BASE_THERMAL,BASE_PORTFOLIO,2024 POST-COAL/OIL ANCHOR SCALED TO 55 GW,ANCHOR TECHNOLOGY PROPORTIONS,POST_COAL_OIL TECHNOLOGY GEOGRAPHY,2024,TERNA 2024 + COAL/OIL MASK + 2040 55-GW CONTROL,TERNA CONTROL + PROJECT DERIVATION,INSTALLED_CAPACITY_TABLE_READY
2040,Base,GEOTHERMAL,SARD,0,783.053667913,BASE_THERMAL,BASE_PORTFOLIO,2024 POST-COAL/OIL ANCHOR SCALED TO 55 GW,ANCHOR TECHNOLOGY PROPORTIONS,POST_COAL_OIL TECHNOLOGY GEOGRAPHY,2024,TERNA 2024 + COAL/OIL MASK + 2040 55-GW CONTROL,TERNA CONTROL + PROJECT DERIVATION,INSTALLED_CAPACITY_TABLE_READY
2040,High,SOLAR_PV_ROOFTOP,NORD,27610,45870,RENEWABLE,SCENARIO_TOTAL,FROZEN V2.9 SCENARIO CAPACITY,110% OF BASE,FROZEN V2.9 ZONAL ALLOCATION,V2.7/V2.9,CONTROLLING V2.9 SCENARIO MATRIX,ACCEPTED SCENARIO INPUT,INSTALLED_CAPACITY_TABLE_READY
2040,High,SOLAR_PV_ROOFTOP,CNOR,3630,45870,RENEWABLE,SCENARIO_TOTAL,FROZEN V2.9 SCENARIO CAPACITY,110% OF BASE,FROZEN V2.9 ZONAL ALLOCATION,V2.7/V2.9,CONTROLLING V2.9 SCENARIO MATRIX,ACCEPTED SCENARIO INPUT,INSTALLED_CAPACITY_TABLE_READY
2040,High,SOLAR_PV_ROOFTOP,CSUD,6050,45870,RENEWABLE,SCENARIO_TOTAL,FROZEN V2.9 SCENARIO CAPACITY,110% OF BASE,FROZEN V2.9 ZONAL ALLOCATION,V2.7/V2.9,CONTROLLING V2.9 SCENARIO MATRIX,ACCEPTED SCENARIO INPUT,INSTALLED_CAPACITY_TABLE_READY
2040,High,SOLAR_PV_ROOFTOP,SUD,1870,45870,RENEWABLE,SCENARIO_TOTAL,FROZEN V2.9 SCENARIO CAPACITY,110% OF BASE,FROZEN V2.9 ZONAL ALLOCATION,V2.7/V2.9,CONTROLLING V2.9 SCENARIO MATRIX,ACCEPTED SCENARIO INPUT,INSTALLED_CAPACITY_TABLE_READY
2040,High,SOLAR_PV_ROOFTOP,CALA,1210,45870,RENEWABLE,SCENARIO_TOTAL,FROZEN V2.9 SCENARIO CAPACITY,110% OF BASE,FROZEN V2.9 ZONAL ALLOCATION,V2.7/V2.9,CONTROLLING V2.9 SCENARIO MATRIX,ACCEPTED SCENARIO INPUT,INSTALLED_CAPACITY_TABLE_READY
2040,High,SOLAR_PV_ROOFTOP,SICI,3630,45870,RENEWABLE,SCENARIO_TOTAL,FROZEN V2.9 SCENARIO CAPACITY,110% OF BASE,FROZEN V2.9 ZONAL ALLOCATION,V2.7/V2.9,CONTROLLING V2.9 SCENARIO MATRIX,ACCEPTED SCENARIO INPUT,INSTALLED_CAPACITY_TABLE_READY
2040,High,SOLAR_PV_ROOFTOP,SARD,1870,45870,RENEWABLE,SCENARIO_TOTAL,FROZEN V2.9 SCENARIO CAPACITY,110% OF BASE,FROZEN V2.9 ZONAL ALLOCATION,V2.7/V2.9,CONTROLLING V2.9 SCENARIO MATRIX,ACCEPTED SCENARIO INPUT,INSTALLED_CAPACITY_TABLE_READY
2040,High,SOLAR_PV_UTILITY,NORD,19030,87120,RENEWABLE,SCENARIO_TOTAL,FROZEN V2.9 SCENARIO CAPACITY,110% OF BASE,FROZEN V2.9 ZONAL ALLOCATION,V2.7/V2.9,CONTROLLING V2.9 SCENARIO MATRIX,ACCEPTED SCENARIO INPUT,INSTALLED_CAPACITY_TABLE_READY
2040,High,SOLAR_PV_UTILITY,CNOR,6930,87120,RENEWABLE,SCENARIO_TOTAL,FROZEN V2.9 SCENARIO CAPACITY,110% OF BASE,FROZEN V2.9 ZONAL ALLOCATION,V2.7/V2.9,CONTROLLING V2.9 SCENARIO MATRIX,ACCEPTED SCENARIO INPUT,INSTALLED_CAPACITY_TABLE_READY
2040,High,SOLAR_PV_UTILITY,CSUD,16060,87120,RENEWABLE,SCENARIO_TOTAL,FROZEN V2.9 SCENARIO CAPACITY,110% OF BASE,FROZEN V2.9 ZONAL ALLOCATION,V2.7/V2.9,CONTROLLING V2.9 SCENARIO MATRIX,ACCEPTED SCENARIO INPUT,INSTALLED_CAPACITY_TABLE_READY
2040,High,SOLAR_PV_UTILITY,SUD,21230,87120,RENEWABLE,SCENARIO_TOTAL,FROZEN V2.9 SCENARIO CAPACITY,110% OF BASE,FROZEN V2.9 ZONAL ALLOCATION,V2.7/V2.9,CONTROLLING V2.9 SCENARIO MATRIX,ACCEPTED SCENARIO INPUT,INSTALLED_CAPACITY_TABLE_READY
2040,High,SOLAR_PV_UTILITY,CALA,2750,87120,RENEWABLE,SCENARIO_TOTAL,FROZEN V2.9 SCENARIO CAPACITY,110% OF BASE,FROZEN V2.9 ZONAL ALLOCATION,V2.7/V2.9,CONTROLLING V2.9 SCENARIO MATRIX,ACCEPTED SCENARIO INPUT,INSTALLED_CAPACITY_TABLE_READY
2040,High,SOLAR_PV_UTILITY,SICI,12650,87120,RENEWABLE,SCENARIO_TOTAL,FROZEN V2.9 SCENARIO CAPACITY,110% OF BASE,FROZEN V2.9 ZONAL ALLOCATION,V2.7/V2.9,CONTROLLING V2.9 SCENARIO MATRIX,ACCEPTED SCENARIO INPUT,INSTALLED_CAPACITY_TABLE_READY
2040,High,SOLAR_PV_UTILITY,SARD,8470,87120,RENEWABLE,SCENARIO_TOTAL,FROZEN V2.9 SCENARIO CAPACITY,110% OF BASE,FROZEN V2.9 ZONAL ALLOCATION,V2.7/V2.9,CONTROLLING V2.9 SCENARIO MATRIX,ACCEPTED SCENARIO INPUT,INSTALLED_CAPACITY_TABLE_READY
2040,High,WIND_ONSHORE,NORD,660,37510,RENEWABLE,SCENARIO_TOTAL,FROZEN V2.9 SCENARIO CAPACITY,110% OF BASE,FROZEN V2.9 ZONAL ALLOCATION,V2.7/V2.9,CONTROLLING V2.9 SCENARIO MATRIX,ACCEPTED SCENARIO INPUT,INSTALLED_CAPACITY_TABLE_READY
2040,High,WIND_ONSHORE,CNOR,440,37510,RENEWABLE,SCENARIO_TOTAL,FROZEN V2.9 SCENARIO CAPACITY,110% OF BASE,FROZEN V2.9 ZONAL ALLOCATION,V2.7/V2.9,CONTROLLING V2.9 SCENARIO MATRIX,ACCEPTED SCENARIO INPUT,INSTALLED_CAPACITY_TABLE_READY
2040,High,WIND_ONSHORE,CSUD,7480,37510,RENEWABLE,SCENARIO_TOTAL,FROZEN V2.9 SCENARIO CAPACITY,110% OF BASE,FROZEN V2.9 ZONAL ALLOCATION,V2.7/V2.9,CONTROLLING V2.9 SCENARIO MATRIX,ACCEPTED SCENARIO INPUT,INSTALLED_CAPACITY_TABLE_READY
2040,High,WIND_ONSHORE,SUD,14520,37510,RENEWABLE,SCENARIO_TOTAL,FROZEN V2.9 SCENARIO CAPACITY,110% OF BASE,FROZEN V2.9 ZONAL ALLOCATION,V2.7/V2.9,CONTROLLING V2.9 SCENARIO MATRIX,ACCEPTED SCENARIO INPUT,INSTALLED_CAPACITY_TABLE_READY
2040,High,WIND_ONSHORE,CALA,3630,37510,RENEWABLE,SCENARIO_TOTAL,FROZEN V2.9 SCENARIO CAPACITY,110% OF BASE,FROZEN V2.9 ZONAL ALLOCATION,V2.7/V2.9,CONTROLLING V2.9 SCENARIO MATRIX,ACCEPTED SCENARIO INPUT,INSTALLED_CAPACITY_TABLE_READY
2040,High,WIND_ONSHORE,SICI,6930,37510,RENEWABLE,SCENARIO_TOTAL,FROZEN V2.9 SCENARIO CAPACITY,110% OF BASE,FROZEN V2.9 ZONAL ALLOCATION,V2.7/V2.9,CONTROLLING V2.9 SCENARIO MATRIX,ACCEPTED SCENARIO INPUT,INSTALLED_CAPACITY_TABLE_READY
2040,High,WIND_ONSHORE,SARD,3850,37510,RENEWABLE,SCENARIO_TOTAL,FROZEN V2.9 SCENARIO CAPACITY,110% OF BASE,FROZEN V2.9 ZONAL ALLOCATION,V2.7/V2.9,CONTROLLING V2.9 SCENARIO MATRIX,ACCEPTED SCENARIO INPUT,INSTALLED_CAPACITY_TABLE_READY
2040,High,WIND_OFFSHORE,NORD,1650,16720,RENEWABLE,SCENARIO_TOTAL,FROZEN V2.9 SCENARIO CAPACITY,110% OF BASE,FROZEN V2.9 ZONAL ALLOCATION,V2.7/V2.9,CONTROLLING V2.9 SCENARIO MATRIX,ACCEPTED SCENARIO INPUT,INSTALLED_CAPACITY_TABLE_READY
2040,High,WIND_OFFSHORE,CNOR,880,16720,RENEWABLE,SCENARIO_TOTAL,FROZEN V2.9 SCENARIO CAPACITY,110% OF BASE,FROZEN V2.9 ZONAL ALLOCATION,V2.7/V2.9,CONTROLLING V2.9 SCENARIO MATRIX,ACCEPTED SCENARIO INPUT,INSTALLED_CAPACITY_TABLE_READY
2040,High,WIND_OFFSHORE,CSUD,1760,16720,RENEWABLE,SCENARIO_TOTAL,FROZEN V2.9 SCENARIO CAPACITY,110% OF BASE,FROZEN V2.9 ZONAL ALLOCATION,V2.7/V2.9,CONTROLLING V2.9 SCENARIO MATRIX,ACCEPTED SCENARIO INPUT,INSTALLED_CAPACITY_TABLE_READY
2040,High,WIND_OFFSHORE,SUD,5170,16720,RENEWABLE,SCENARIO_TOTAL,FROZEN V2.9 SCENARIO CAPACITY,110% OF BASE,FROZEN V2.9 ZONAL ALLOCATION,V2.7/V2.9,CONTROLLING V2.9 SCENARIO MATRIX,ACCEPTED SCENARIO INPUT,INSTALLED_CAPACITY_TABLE_READY
2040,High,WIND_OFFSHORE,CALA,660,16720,RENEWABLE,SCENARIO_TOTAL,FROZEN V2.9 SCENARIO CAPACITY,110% OF BASE,FROZEN V2.9 ZONAL ALLOCATION,V2.7/V2.9,CONTROLLING V2.9 SCENARIO MATRIX,ACCEPTED SCENARIO INPUT,INSTALLED_CAPACITY_TABLE_READY
2040,High,WIND_OFFSHORE,SICI,3300,16720,RENEWABLE,SCENARIO_TOTAL,FROZEN V2.9 SCENARIO CAPACITY,110% OF BASE,FROZEN V2.9 ZONAL ALLOCATION,V2.7/V2.9,CONTROLLING V2.9 SCENARIO MATRIX,ACCEPTED SCENARIO INPUT,INSTALLED_CAPACITY_TABLE_READY
2040,High,WIND_OFFSHORE,SARD,3300,16720,RENEWABLE,SCENARIO_TOTAL,FROZEN V2.9 SCENARIO CAPACITY,110% OF BASE,FROZEN V2.9 ZONAL ALLOCATION,V2.7/V2.9,CONTROLLING V2.9 SCENARIO MATRIX,ACCEPTED SCENARIO INPUT,INSTALLED_CAPACITY_TABLE_READY
2040,High,BESS,NORD,6077.5,29993.333333333,STORAGE,SCENARIO_TOTAL_DISCHARGE_POWER,FROZEN V2.9 BESS POWER,110% OF BASE,FROZEN V2.9 ZONAL STORAGE ALLOCATION,V2.9,CONTROLLING V2.9 STORAGE MATRIX,ACCEPTED SCENARIO INPUT,P_NOM ONLY; E_NOM SEPARATE
2040,High,BESS,CNOR,1246.666666667,29993.333333333,STORAGE,SCENARIO_TOTAL_DISCHARGE_POWER,FROZEN V2.9 BESS POWER,110% OF BASE,FROZEN V2.9 ZONAL STORAGE ALLOCATION,V2.9,CONTROLLING V2.9 STORAGE MATRIX,ACCEPTED SCENARIO INPUT,P_NOM ONLY; E_NOM SEPARATE
2040,High,BESS,CSUD,4642.916666667,29993.333333333,STORAGE,SCENARIO_TOTAL_DISCHARGE_POWER,FROZEN V2.9 BESS POWER,110% OF BASE,FROZEN V2.9 ZONAL STORAGE ALLOCATION,V2.9,CONTROLLING V2.9 STORAGE MATRIX,ACCEPTED SCENARIO INPUT,P_NOM ONLY; E_NOM SEPARATE
2040,High,BESS,SUD,6998.75,29993.333333333,STORAGE,SCENARIO_TOTAL_DISCHARGE_POWER,FROZEN V2.9 BESS POWER,110% OF BASE,FROZEN V2.9 ZONAL STORAGE ALLOCATION,V2.9,CONTROLLING V2.9 STORAGE MATRIX,ACCEPTED SCENARIO INPUT,P_NOM ONLY; E_NOM SEPARATE
2040,High,BESS,CALA,1613.333333333,29993.333333333,STORAGE,SCENARIO_TOTAL_DISCHARGE_POWER,FROZEN V2.9 BESS POWER,110% OF BASE,FROZEN V2.9 ZONAL STORAGE ALLOCATION,V2.9,CONTROLLING V2.9 STORAGE MATRIX,ACCEPTED SCENARIO INPUT,P_NOM ONLY; E_NOM SEPARATE
2040,High,BESS,SICI,5467.916666667,29993.333333333,STORAGE,SCENARIO_TOTAL_DISCHARGE_POWER,FROZEN V2.9 BESS POWER,110% OF BASE,FROZEN V2.9 ZONAL STORAGE ALLOCATION,V2.9,CONTROLLING V2.9 STORAGE MATRIX,ACCEPTED SCENARIO INPUT,P_NOM ONLY; E_NOM SEPARATE
2040,High,BESS,SARD,3946.25,29993.333333333,STORAGE,SCENARIO_TOTAL_DISCHARGE_POWER,FROZEN V2.9 BESS POWER,110% OF BASE,FROZEN V2.9 ZONAL STORAGE ALLOCATION,V2.9,CONTROLLING V2.9 STORAGE MATRIX,ACCEPTED SCENARIO INPUT,P_NOM ONLY; E_NOM SEPARATE
2040,High,HYDRO_RUN_OF_RIVER,NORD,5228.210866305,6239,HYDRO_FIXED_CURRENT,CURRENT_FLEET_COPIED_UNCHANGED,USER_CONFIRMED CURRENT HYDRO CAPACITY IN ALL FUTURE SCENARIOS,NOT APPLICABLE,NORD DIRECT CLASS VALUES SCALED 0.006% TO ZONAL NON-PUMPED CONTROL,2024,TERNA HYDRO CONTROLS + PROJECT CLASS ALLOCATION,DIRECT MACRO CONTROL + PROJECT RECONCILIATION,CAPACITY FROZEN; OPERATIONAL PARAMETERS PARTIAL
2040,High,HYDRO_BASIN,NORD,3512.208833846,5019.900000002,HYDRO_FIXED_CURRENT,CURRENT_FLEET_COPIED_UNCHANGED,USER_CONFIRMED CURRENT HYDRO CAPACITY IN ALL FUTURE SCENARIOS,NOT APPLICABLE,NORD DIRECT CLASS VALUES SCALED 0.006% TO ZONAL NON-PUMPED CONTROL,2024,TERNA HYDRO CONTROLS + PROJECT CLASS ALLOCATION,DIRECT MACRO CONTROL + PROJECT RECONCILIATION,CAPACITY FROZEN; OPERATIONAL PARAMETERS PARTIAL
2040,High,HYDRO_RESERVOIR,NORD,3669.318175474,4782.8,HYDRO_FIXED_CURRENT,CURRENT_FLEET_COPIED_UNCHANGED,USER_CONFIRMED CURRENT HYDRO CAPACITY IN ALL FUTURE SCENARIOS,NOT APPLICABLE,NORD DIRECT CLASS VALUES SCALED 0.006% TO ZONAL NON-PUMPED CONTROL,2024,TERNA HYDRO CONTROLS + PROJECT CLASS ALLOCATION,DIRECT MACRO CONTROL + PROJECT RECONCILIATION,CAPACITY FROZEN; OPERATIONAL PARAMETERS PARTIAL
2040,High,PUMPED_HYDRO_PURE,NORD,2393.185354581,3969.57561,HYDRO_FIXED_CURRENT,CURRENT_FLEET_COPIED_UNCHANGED,USER_CONFIRMED CURRENT HYDRO CAPACITY IN ALL FUTURE SCENARIOS,NOT APPLICABLE,DIRECT PURE/MIXED PUMPING PERIMETER BRIDGE,2024,TERNA HYDRO CONTROLS + PROJECT CLASS ALLOCATION,DIRECT TERNA CONTROL / PERIMETER DERIVATION,CAPACITY FROZEN; OPERATIONAL PARAMETERS PARTIAL
2040,High,PUMPED_HYDRO_MIXED,NORD,2305.444434376,3282.72439,HYDRO_FIXED_CURRENT,CURRENT_FLEET_COPIED_UNCHANGED,USER_CONFIRMED CURRENT HYDRO CAPACITY IN ALL FUTURE SCENARIOS,NOT APPLICABLE,DIRECT PURE/MIXED PUMPING PERIMETER BRIDGE,2024,TERNA HYDRO CONTROLS + PROJECT CLASS ALLOCATION,DIRECT TERNA CONTROL / PERIMETER DERIVATION,CAPACITY FROZEN; OPERATIONAL PARAMETERS PARTIAL
2040,High,HYDRO_RUN_OF_RIVER,CNOR,209.314034422,6239,HYDRO_FIXED_CURRENT,CURRENT_FLEET_COPIED_UNCHANGED,USER_CONFIRMED CURRENT HYDRO CAPACITY IN ALL FUTURE SCENARIOS,NOT APPLICABLE,ROR residual allocated using open HDAM programmable-capacity floor; remaining programmable capacity split to basin/reservoir by residual national controls,2024,TERNA HYDRO CONTROLS + PROJECT CLASS ALLOCATION,PROJECT ALLOCATION PROVISIONAL,CAPACITY FROZEN; OPERATIONAL PARAMETERS PARTIAL
2040,High,HYDRO_BASIN,CNOR,238.064607896,5019.900000002,HYDRO_FIXED_CURRENT,CURRENT_FLEET_COPIED_UNCHANGED,USER_CONFIRMED CURRENT HYDRO CAPACITY IN ALL FUTURE SCENARIOS,NOT APPLICABLE,ROR residual allocated using open HDAM programmable-capacity floor; remaining programmable capacity split to basin/reservoir by residual national controls,2024,TERNA HYDRO CONTROLS + PROJECT CLASS ALLOCATION,PROJECT ALLOCATION PROVISIONAL,CAPACITY FROZEN; OPERATIONAL PARAMETERS PARTIAL
2040,High,HYDRO_RESERVOIR,CNOR,175.818907682,4782.8,HYDRO_FIXED_CURRENT,CURRENT_FLEET_COPIED_UNCHANGED,USER_CONFIRMED CURRENT HYDRO CAPACITY IN ALL FUTURE SCENARIOS,NOT APPLICABLE,ROR residual allocated using open HDAM programmable-capacity floor; remaining programmable capacity split to basin/reservoir by residual national controls,2024,TERNA HYDRO CONTROLS + PROJECT CLASS ALLOCATION,PROJECT ALLOCATION PROVISIONAL,CAPACITY FROZEN; OPERATIONAL PARAMETERS PARTIAL
2040,High,PUMPED_HYDRO_PURE,CNOR,0,3969.57561,HYDRO_FIXED_CURRENT,CURRENT_FLEET_COPIED_UNCHANGED,USER_CONFIRMED CURRENT HYDRO CAPACITY IN ALL FUTURE SCENARIOS,NOT APPLICABLE,DIRECT PURE/MIXED PUMPING PERIMETER BRIDGE,2024,TERNA HYDRO CONTROLS + PROJECT CLASS ALLOCATION,DIRECT TERNA CONTROL / PERIMETER DERIVATION,CAPACITY FROZEN; OPERATIONAL PARAMETERS PARTIAL
2040,High,PUMPED_HYDRO_MIXED,CNOR,0,3282.72439,HYDRO_FIXED_CURRENT,CURRENT_FLEET_COPIED_UNCHANGED,USER_CONFIRMED CURRENT HYDRO CAPACITY IN ALL FUTURE SCENARIOS,NOT APPLICABLE,DIRECT PURE/MIXED PUMPING PERIMETER BRIDGE,2024,TERNA HYDRO CONTROLS + PROJECT CLASS ALLOCATION,DIRECT TERNA CONTROL / PERIMETER DERIVATION,CAPACITY FROZEN; OPERATIONAL PARAMETERS PARTIAL
2040,High,HYDRO_RUN_OF_RIVER,CSUD,579.820027388,6239,HYDRO_FIXED_CURRENT,CURRENT_FLEET_COPIED_UNCHANGED,USER_CONFIRMED CURRENT HYDRO CAPACITY IN ALL FUTURE SCENARIOS,NOT APPLICABLE,ROR residual allocated using open HDAM programmable-capacity floor; remaining programmable capacity split to basin/reservoir by residual national controls,2024,TERNA HYDRO CONTROLS + PROJECT CLASS ALLOCATION,PROJECT ALLOCATION PROVISIONAL,CAPACITY FROZEN; OPERATIONAL PARAMETERS PARTIAL
2040,High,HYDRO_BASIN,CSUD,582.887284562,5019.900000002,HYDRO_FIXED_CURRENT,CURRENT_FLEET_COPIED_UNCHANGED,USER_CONFIRMED CURRENT HYDRO CAPACITY IN ALL FUTURE SCENARIOS,NOT APPLICABLE,ROR residual allocated using open HDAM programmable-capacity floor; remaining programmable capacity split to basin/reservoir by residual national controls,2024,TERNA HYDRO CONTROLS + PROJECT CLASS ALLOCATION,PROJECT ALLOCATION PROVISIONAL,CAPACITY FROZEN; OPERATIONAL PARAMETERS PARTIAL
2040,High,HYDRO_RESERVOIR,CSUD,430.482324018,4782.8,HYDRO_FIXED_CURRENT,CURRENT_FLEET_COPIED_UNCHANGED,USER_CONFIRMED CURRENT HYDRO CAPACITY IN ALL FUTURE SCENARIOS,NOT APPLICABLE,ROR residual allocated using open HDAM programmable-capacity floor; remaining programmable capacity split to basin/reservoir by residual national controls,2024,TERNA HYDRO CONTROLS + PROJECT CLASS ALLOCATION,PROJECT ALLOCATION PROVISIONAL,CAPACITY FROZEN; OPERATIONAL PARAMETERS PARTIAL
2040,High,PUMPED_HYDRO_PURE,CSUD,995.915669822,3969.57561,HYDRO_FIXED_CURRENT,CURRENT_FLEET_COPIED_UNCHANGED,USER_CONFIRMED CURRENT HYDRO CAPACITY IN ALL FUTURE SCENARIOS,NOT APPLICABLE,DIRECT PURE/MIXED PUMPING PERIMETER BRIDGE,2024,TERNA HYDRO CONTROLS + PROJECT CLASS ALLOCATION,DIRECT TERNA CONTROL / PERIMETER DERIVATION,CAPACITY FROZEN; OPERATIONAL PARAMETERS PARTIAL
2040,High,PUMPED_HYDRO_MIXED,CSUD,736.949744032,3282.72439,HYDRO_FIXED_CURRENT,CURRENT_FLEET_COPIED_UNCHANGED,USER_CONFIRMED CURRENT HYDRO CAPACITY IN ALL FUTURE SCENARIOS,NOT APPLICABLE,DIRECT PURE/MIXED PUMPING PERIMETER BRIDGE,2024,TERNA HYDRO CONTROLS + PROJECT CLASS ALLOCATION,DIRECT TERNA CONTROL / PERIMETER DERIVATION,CAPACITY FROZEN; OPERATIONAL PARAMETERS PARTIAL
2040,High,HYDRO_RUN_OF_RIVER,SUD,45.411334869,6239,HYDRO_FIXED_CURRENT,CURRENT_FLEET_COPIED_UNCHANGED,USER_CONFIRMED CURRENT HYDRO CAPACITY IN ALL FUTURE SCENARIOS,NOT APPLICABLE,ROR residual allocated using open HDAM programmable-capacity floor; remaining programmable capacity split to basin/reservoir by residual national controls,2024,TERNA HYDRO CONTROLS + PROJECT CLASS ALLOCATION,PROJECT ALLOCATION PROVISIONAL,CAPACITY FROZEN; OPERATIONAL PARAMETERS PARTIAL
2040,High,HYDRO_BASIN,SUD,103.488209848,5019.900000002,HYDRO_FIXED_CURRENT,CURRENT_FLEET_COPIED_UNCHANGED,USER_CONFIRMED CURRENT HYDRO CAPACITY IN ALL FUTURE SCENARIOS,NOT APPLICABLE,ROR residual allocated using open HDAM programmable-capacity floor; remaining programmable capacity split to basin/reservoir by residual national controls,2024,TERNA HYDRO CONTROLS + PROJECT CLASS ALLOCATION,PROJECT ALLOCATION PROVISIONAL,CAPACITY FROZEN; OPERATIONAL PARAMETERS PARTIAL
2040,High,HYDRO_RESERVOIR,SUD,76.429605283,4782.8,HYDRO_FIXED_CURRENT,CURRENT_FLEET_COPIED_UNCHANGED,USER_CONFIRMED CURRENT HYDRO CAPACITY IN ALL FUTURE SCENARIOS,NOT APPLICABLE,ROR residual allocated using open HDAM programmable-capacity floor; remaining programmable capacity split to basin/reservoir by residual national controls,2024,TERNA HYDRO CONTROLS + PROJECT CLASS ALLOCATION,PROJECT ALLOCATION PROVISIONAL,CAPACITY FROZEN; OPERATIONAL PARAMETERS PARTIAL
2040,High,PUMPED_HYDRO_PURE,SUD,0,3969.57561,HYDRO_FIXED_CURRENT,CURRENT_FLEET_COPIED_UNCHANGED,USER_CONFIRMED CURRENT HYDRO CAPACITY IN ALL FUTURE SCENARIOS,NOT APPLICABLE,DIRECT PURE/MIXED PUMPING PERIMETER BRIDGE,2024,TERNA HYDRO CONTROLS + PROJECT CLASS ALLOCATION,DIRECT TERNA CONTROL / PERIMETER DERIVATION,CAPACITY FROZEN; OPERATIONAL PARAMETERS PARTIAL
2040,High,PUMPED_HYDRO_MIXED,SUD,0,3282.72439,HYDRO_FIXED_CURRENT,CURRENT_FLEET_COPIED_UNCHANGED,USER_CONFIRMED CURRENT HYDRO CAPACITY IN ALL FUTURE SCENARIOS,NOT APPLICABLE,DIRECT PURE/MIXED PUMPING PERIMETER BRIDGE,2024,TERNA HYDRO CONTROLS + PROJECT CLASS ALLOCATION,DIRECT TERNA CONTROL / PERIMETER DERIVATION,CAPACITY FROZEN; OPERATIONAL PARAMETERS PARTIAL
2040,High,HYDRO_RUN_OF_RIVER,CALA,106.743829899,6239,HYDRO_FIXED_CURRENT,CURRENT_FLEET_COPIED_UNCHANGED,USER_CONFIRMED CURRENT HYDRO CAPACITY IN ALL FUTURE SCENARIOS,NOT APPLICABLE,ROR residual allocated using open HDAM programmable-capacity floor; remaining programmable capacity split to basin/reservoir by residual national controls,2024,TERNA HYDRO CONTROLS + PROJECT CLASS ALLOCATION,PROJECT ALLOCATION PROVISIONAL,CAPACITY FROZEN; OPERATIONAL PARAMETERS PARTIAL
2040,High,HYDRO_BASIN,CALA,417.949832196,5019.900000002,HYDRO_FIXED_CURRENT,CURRENT_FLEET_COPIED_UNCHANGED,USER_CONFIRMED CURRENT HYDRO CAPACITY IN ALL FUTURE SCENARIOS,NOT APPLICABLE,ROR residual allocated using open HDAM programmable-capacity floor; remaining programmable capacity split to basin/reservoir by residual national controls,2024,TERNA HYDRO CONTROLS + PROJECT CLASS ALLOCATION,PROJECT ALLOCATION PROVISIONAL,CAPACITY FROZEN; OPERATIONAL PARAMETERS PARTIAL
2040,High,HYDRO_RESERVOIR,CALA,308.670337905,4782.8,HYDRO_FIXED_CURRENT,CURRENT_FLEET_COPIED_UNCHANGED,USER_CONFIRMED CURRENT HYDRO CAPACITY IN ALL FUTURE SCENARIOS,NOT APPLICABLE,ROR residual allocated using open HDAM programmable-capacity floor; remaining programmable capacity split to basin/reservoir by residual national controls,2024,TERNA HYDRO CONTROLS + PROJECT CLASS ALLOCATION,PROJECT ALLOCATION PROVISIONAL,CAPACITY FROZEN; OPERATIONAL PARAMETERS PARTIAL
2040,High,PUMPED_HYDRO_PURE,CALA,0,3969.57561,HYDRO_FIXED_CURRENT,CURRENT_FLEET_COPIED_UNCHANGED,USER_CONFIRMED CURRENT HYDRO CAPACITY IN ALL FUTURE SCENARIOS,NOT APPLICABLE,DIRECT PURE/MIXED PUMPING PERIMETER BRIDGE,2024,TERNA HYDRO CONTROLS + PROJECT CLASS ALLOCATION,DIRECT TERNA CONTROL / PERIMETER DERIVATION,CAPACITY FROZEN; OPERATIONAL PARAMETERS PARTIAL
2040,High,PUMPED_HYDRO_MIXED,CALA,0,3282.72439,HYDRO_FIXED_CURRENT,CURRENT_FLEET_COPIED_UNCHANGED,USER_CONFIRMED CURRENT HYDRO CAPACITY IN ALL FUTURE SCENARIOS,NOT APPLICABLE,DIRECT PURE/MIXED PUMPING PERIMETER BRIDGE,2024,TERNA HYDRO CONTROLS + PROJECT CLASS ALLOCATION,DIRECT TERNA CONTROL / PERIMETER DERIVATION,CAPACITY FROZEN; OPERATIONAL PARAMETERS PARTIAL
2040,High,HYDRO_RUN_OF_RIVER,SICI,31.552391362,6239,HYDRO_FIXED_CURRENT,CURRENT_FLEET_COPIED_UNCHANGED,USER_CONFIRMED CURRENT HYDRO CAPACITY IN ALL FUTURE SCENARIOS,NOT APPLICABLE,ROR residual allocated using open HDAM programmable-capacity floor; remaining programmable capacity split to basin/reservoir by residual national controls,2024,TERNA HYDRO CONTROLS + PROJECT CLASS ALLOCATION,PROJECT ALLOCATION PROVISIONAL,CAPACITY FROZEN; OPERATIONAL PARAMETERS PARTIAL
2040,High,HYDRO_BASIN,SICI,58.808504061,5019.900000002,HYDRO_FIXED_CURRENT,CURRENT_FLEET_COPIED_UNCHANGED,USER_CONFIRMED CURRENT HYDRO CAPACITY IN ALL FUTURE SCENARIOS,NOT APPLICABLE,ROR residual allocated using open HDAM programmable-capacity floor; remaining programmable capacity split to basin/reservoir by residual national controls,2024,TERNA HYDRO CONTROLS + PROJECT CLASS ALLOCATION,PROJECT ALLOCATION PROVISIONAL,CAPACITY FROZEN; OPERATIONAL PARAMETERS PARTIAL
2040,High,HYDRO_RESERVOIR,SICI,43.432104578,4782.8,HYDRO_FIXED_CURRENT,CURRENT_FLEET_COPIED_UNCHANGED,USER_CONFIRMED CURRENT HYDRO CAPACITY IN ALL FUTURE SCENARIOS,NOT APPLICABLE,ROR residual allocated using open HDAM programmable-capacity floor; remaining programmable capacity split to basin/reservoir by residual national controls,2024,TERNA HYDRO CONTROLS + PROJECT CLASS ALLOCATION,PROJECT ALLOCATION PROVISIONAL,CAPACITY FROZEN; OPERATIONAL PARAMETERS PARTIAL
2040,High,PUMPED_HYDRO_PURE,SICI,580.474585597,3969.57561,HYDRO_FIXED_CURRENT,CURRENT_FLEET_COPIED_UNCHANGED,USER_CONFIRMED CURRENT HYDRO CAPACITY IN ALL FUTURE SCENARIOS,NOT APPLICABLE,DIRECT PURE/MIXED PUMPING PERIMETER BRIDGE,2024,TERNA HYDRO CONTROLS + PROJECT CLASS ALLOCATION,DIRECT TERNA CONTROL / PERIMETER DERIVATION,CAPACITY FROZEN; OPERATIONAL PARAMETERS PARTIAL
2040,High,PUMPED_HYDRO_MIXED,SICI,0,3282.72439,HYDRO_FIXED_CURRENT,CURRENT_FLEET_COPIED_UNCHANGED,USER_CONFIRMED CURRENT HYDRO CAPACITY IN ALL FUTURE SCENARIOS,NOT APPLICABLE,DIRECT PURE/MIXED PUMPING PERIMETER BRIDGE,2024,TERNA HYDRO CONTROLS + PROJECT CLASS ALLOCATION,DIRECT TERNA CONTROL / PERIMETER DERIVATION,CAPACITY FROZEN; OPERATIONAL PARAMETERS PARTIAL
2040,High,HYDRO_RUN_OF_RIVER,SARD,37.947515755,6239,HYDRO_FIXED_CURRENT,CURRENT_FLEET_COPIED_UNCHANGED,USER_CONFIRMED CURRENT HYDRO CAPACITY IN ALL FUTURE SCENARIOS,NOT APPLICABLE,ROR residual allocated using open HDAM programmable-capacity floor; remaining programmable capacity split to basin/reservoir by residual national controls,2024,TERNA HYDRO CONTROLS + PROJECT CLASS ALLOCATION,PROJECT ALLOCATION PROVISIONAL,CAPACITY FROZEN; OPERATIONAL PARAMETERS PARTIAL
2040,High,HYDRO_BASIN,SARD,106.492727593,5019.900000002,HYDRO_FIXED_CURRENT,CURRENT_FLEET_COPIED_UNCHANGED,USER_CONFIRMED CURRENT HYDRO CAPACITY IN ALL FUTURE SCENARIOS,NOT APPLICABLE,ROR residual allocated using open HDAM programmable-capacity floor; remaining programmable capacity split to basin/reservoir by residual national controls,2024,TERNA HYDRO CONTROLS + PROJECT CLASS ALLOCATION,PROJECT ALLOCATION PROVISIONAL,CAPACITY FROZEN; OPERATIONAL PARAMETERS PARTIAL
2040,High,HYDRO_RESERVOIR,SARD,78.64854506,4782.8,HYDRO_FIXED_CURRENT,CURRENT_FLEET_COPIED_UNCHANGED,USER_CONFIRMED CURRENT HYDRO CAPACITY IN ALL FUTURE SCENARIOS,NOT APPLICABLE,ROR residual allocated using open HDAM programmable-capacity floor; remaining programmable capacity split to basin/reservoir by residual national controls,2024,TERNA HYDRO CONTROLS + PROJECT CLASS ALLOCATION,PROJECT ALLOCATION PROVISIONAL,CAPACITY FROZEN; OPERATIONAL PARAMETERS PARTIAL
2040,High,PUMPED_HYDRO_PURE,SARD,0,3969.57561,HYDRO_FIXED_CURRENT,CURRENT_FLEET_COPIED_UNCHANGED,USER_CONFIRMED CURRENT HYDRO CAPACITY IN ALL FUTURE SCENARIOS,NOT APPLICABLE,DIRECT PURE/MIXED PUMPING PERIMETER BRIDGE,2024,TERNA HYDRO CONTROLS + PROJECT CLASS ALLOCATION,DIRECT TERNA CONTROL / PERIMETER DERIVATION,CAPACITY FROZEN; OPERATIONAL PARAMETERS PARTIAL
2040,High,PUMPED_HYDRO_MIXED,SARD,240.330211592,3282.72439,HYDRO_FIXED_CURRENT,CURRENT_FLEET_COPIED_UNCHANGED,USER_CONFIRMED CURRENT HYDRO CAPACITY IN ALL FUTURE SCENARIOS,NOT APPLICABLE,DIRECT PURE/MIXED PUMPING PERIMETER BRIDGE,2024,TERNA HYDRO CONTROLS + PROJECT CLASS ALLOCATION,DIRECT TERNA CONTROL / PERIMETER DERIVATION,CAPACITY FROZEN; OPERATIONAL PARAMETERS PARTIAL
2040,High,CCGT,NORD,23085.542039157,42348.268607252,BASE_THERMAL,BASE_PORTFOLIO,2024 POST-COAL/OIL ANCHOR SCALED TO 55 GW,ANCHOR TECHNOLOGY PROPORTIONS,POST_COAL_OIL TECHNOLOGY GEOGRAPHY,2024,TERNA 2024 + COAL/OIL MASK + 2040 55-GW CONTROL,TERNA CONTROL + PROJECT DERIVATION,INSTALLED_CAPACITY_TABLE_READY
2040,High,GT_OCGT,NORD,842.144489518,3354.65103872,BASE_THERMAL,BASE_PORTFOLIO,2024 POST-COAL/OIL ANCHOR SCALED TO 55 GW,ANCHOR TECHNOLOGY PROPORTIONS,POST_COAL_OIL TECHNOLOGY GEOGRAPHY,2024,TERNA 2024 + COAL/OIL MASK + 2040 55-GW CONTROL,TERNA CONTROL + PROJECT DERIVATION,INSTALLED_CAPACITY_TABLE_READY
2040,High,INTERNAL_COMBUSTION,NORD,3456.449708873,5329.903451974,BASE_THERMAL,BASE_PORTFOLIO,2024 POST-COAL/OIL ANCHOR SCALED TO 55 GW,ANCHOR TECHNOLOGY PROPORTIONS,POST_COAL_OIL TECHNOLOGY GEOGRAPHY,2024,TERNA 2024 + COAL/OIL MASK + 2040 55-GW CONTROL,TERNA CONTROL + PROJECT DERIVATION,INSTALLED_CAPACITY_TABLE_READY
2040,High,STEAM_OTHER_SURVIVING,NORD,1588.168234432,2894.547403909,BASE_THERMAL,BASE_PORTFOLIO,2024 POST-COAL/OIL ANCHOR SCALED TO 55 GW,ANCHOR TECHNOLOGY PROPORTIONS,POST_COAL_OIL TECHNOLOGY GEOGRAPHY,2024,TERNA 2024 + COAL/OIL MASK + 2040 55-GW CONTROL,TERNA CONTROL + PROJECT DERIVATION,INSTALLED_CAPACITY_TABLE_READY
2040,High,OTHER_SURVIVING_THERMAL,NORD,53.151228556,289.575830232,BASE_THERMAL,BASE_PORTFOLIO,2024 POST-COAL/OIL ANCHOR SCALED TO 55 GW,ANCHOR TECHNOLOGY PROPORTIONS,POST_COAL_OIL TECHNOLOGY GEOGRAPHY,2024,TERNA 2024 + COAL/OIL MASK + 2040 55-GW CONTROL,TERNA CONTROL + PROJECT DERIVATION,INSTALLED_CAPACITY_TABLE_READY
2040,High,CCGT,CNOR,1599.013669946,42348.268607252,BASE_THERMAL,BASE_PORTFOLIO,2024 POST-COAL/OIL ANCHOR SCALED TO 55 GW,ANCHOR TECHNOLOGY PROPORTIONS,POST_COAL_OIL TECHNOLOGY GEOGRAPHY,2024,TERNA 2024 + COAL/OIL MASK + 2040 55-GW CONTROL,TERNA CONTROL + PROJECT DERIVATION,INSTALLED_CAPACITY_TABLE_READY
2040,High,GT_OCGT,CNOR,479.435139888,3354.65103872,BASE_THERMAL,BASE_PORTFOLIO,2024 POST-COAL/OIL ANCHOR SCALED TO 55 GW,ANCHOR TECHNOLOGY PROPORTIONS,POST_COAL_OIL TECHNOLOGY GEOGRAPHY,2024,TERNA 2024 + COAL/OIL MASK + 2040 55-GW CONTROL,TERNA CONTROL + PROJECT DERIVATION,INSTALLED_CAPACITY_TABLE_READY
2040,High,INTERNAL_COMBUSTION,CNOR,388.057148474,5329.903451974,BASE_THERMAL,BASE_PORTFOLIO,2024 POST-COAL/OIL ANCHOR SCALED TO 55 GW,ANCHOR TECHNOLOGY PROPORTIONS,POST_COAL_OIL TECHNOLOGY GEOGRAPHY,2024,TERNA 2024 + COAL/OIL MASK + 2040 55-GW CONTROL,TERNA CONTROL + PROJECT DERIVATION,INSTALLED_CAPACITY_TABLE_READY
2040,High,STEAM_OTHER_SURVIVING,CNOR,50.690815099,2894.547403909,BASE_THERMAL,BASE_PORTFOLIO,2024 POST-COAL/OIL ANCHOR SCALED TO 55 GW,ANCHOR TECHNOLOGY PROPORTIONS,POST_COAL_OIL TECHNOLOGY GEOGRAPHY,2024,TERNA 2024 + COAL/OIL MASK + 2040 55-GW CONTROL,TERNA CONTROL + PROJECT DERIVATION,INSTALLED_CAPACITY_TABLE_READY
2040,High,OTHER_SURVIVING_THERMAL,CNOR,34.351116281,289.575830232,BASE_THERMAL,BASE_PORTFOLIO,2024 POST-COAL/OIL ANCHOR SCALED TO 55 GW,ANCHOR TECHNOLOGY PROPORTIONS,POST_COAL_OIL TECHNOLOGY GEOGRAPHY,2024,TERNA 2024 + COAL/OIL MASK + 2040 55-GW CONTROL,TERNA CONTROL + PROJECT DERIVATION,INSTALLED_CAPACITY_TABLE_READY
2040,High,CCGT,CSUD,6333.05142292,42348.268607252,BASE_THERMAL,BASE_PORTFOLIO,2024 POST-COAL/OIL ANCHOR SCALED TO 55 GW,ANCHOR TECHNOLOGY PROPORTIONS,POST_COAL_OIL TECHNOLOGY GEOGRAPHY,2024,TERNA 2024 + COAL/OIL MASK + 2040 55-GW CONTROL,TERNA CONTROL + PROJECT DERIVATION,INSTALLED_CAPACITY_TABLE_READY
2040,High,GT_OCGT,CSUD,769.197041167,3354.65103872,BASE_THERMAL,BASE_PORTFOLIO,2024 POST-COAL/OIL ANCHOR SCALED TO 55 GW,ANCHOR TECHNOLOGY PROPORTIONS,POST_COAL_OIL TECHNOLOGY GEOGRAPHY,2024,TERNA 2024 + COAL/OIL MASK + 2040 55-GW CONTROL,TERNA CONTROL + PROJECT DERIVATION,INSTALLED_CAPACITY_TABLE_READY
2040,High,INTERNAL_COMBUSTION,CSUD,780.4036866,5329.903451974,BASE_THERMAL,BASE_PORTFOLIO,2024 POST-COAL/OIL ANCHOR SCALED TO 55 GW,ANCHOR TECHNOLOGY PROPORTIONS,POST_COAL_OIL TECHNOLOGY GEOGRAPHY,2024,TERNA 2024 + COAL/OIL MASK + 2040 55-GW CONTROL,TERNA CONTROL + PROJECT DERIVATION,INSTALLED_CAPACITY_TABLE_READY
2040,High,STEAM_OTHER_SURVIVING,CSUD,178.980072753,2894.547403909,BASE_THERMAL,BASE_PORTFOLIO,2024 POST-COAL/OIL ANCHOR SCALED TO 55 GW,ANCHOR TECHNOLOGY PROPORTIONS,POST_COAL_OIL TECHNOLOGY GEOGRAPHY,2024,TERNA 2024 + COAL/OIL MASK + 2040 55-GW CONTROL,TERNA CONTROL + PROJECT DERIVATION,INSTALLED_CAPACITY_TABLE_READY
2040,High,OTHER_SURVIVING_THERMAL,CSUD,31.065187014,289.575830232,BASE_THERMAL,BASE_PORTFOLIO,2024 POST-COAL/OIL ANCHOR SCALED TO 55 GW,ANCHOR TECHNOLOGY PROPORTIONS,POST_COAL_OIL TECHNOLOGY GEOGRAPHY,2024,TERNA 2024 + COAL/OIL MASK + 2040 55-GW CONTROL,TERNA CONTROL + PROJECT DERIVATION,INSTALLED_CAPACITY_TABLE_READY
2040,High,CCGT,SUD,4425.159763636,42348.268607252,BASE_THERMAL,BASE_PORTFOLIO,2024 POST-COAL/OIL ANCHOR SCALED TO 55 GW,ANCHOR TECHNOLOGY PROPORTIONS,POST_COAL_OIL TECHNOLOGY GEOGRAPHY,2024,TERNA 2024 + COAL/OIL MASK + 2040 55-GW CONTROL,TERNA CONTROL + PROJECT DERIVATION,INSTALLED_CAPACITY_TABLE_READY
2040,High,GT_OCGT,SUD,256.102110068,3354.65103872,BASE_THERMAL,BASE_PORTFOLIO,2024 POST-COAL/OIL ANCHOR SCALED TO 55 GW,ANCHOR TECHNOLOGY PROPORTIONS,POST_COAL_OIL TECHNOLOGY GEOGRAPHY,2024,TERNA 2024 + COAL/OIL MASK + 2040 55-GW CONTROL,TERNA CONTROL + PROJECT DERIVATION,INSTALLED_CAPACITY_TABLE_READY
2040,High,INTERNAL_COMBUSTION,SUD,437.833098679,5329.903451974,BASE_THERMAL,BASE_PORTFOLIO,2024 POST-COAL/OIL ANCHOR SCALED TO 55 GW,ANCHOR TECHNOLOGY PROPORTIONS,POST_COAL_OIL TECHNOLOGY GEOGRAPHY,2024,TERNA 2024 + COAL/OIL MASK + 2040 55-GW CONTROL,TERNA CONTROL + PROJECT DERIVATION,INSTALLED_CAPACITY_TABLE_READY
2040,High,STEAM_OTHER_SURVIVING,SUD,542.704350915,2894.547403909,BASE_THERMAL,BASE_PORTFOLIO,2024 POST-COAL/OIL ANCHOR SCALED TO 55 GW,ANCHOR TECHNOLOGY PROPORTIONS,POST_COAL_OIL TECHNOLOGY GEOGRAPHY,2024,TERNA 2024 + COAL/OIL MASK + 2040 55-GW CONTROL,TERNA CONTROL + PROJECT DERIVATION,INSTALLED_CAPACITY_TABLE_READY
2040,High,OTHER_SURVIVING_THERMAL,SUD,120.231362984,289.575830232,BASE_THERMAL,BASE_PORTFOLIO,2024 POST-COAL/OIL ANCHOR SCALED TO 55 GW,ANCHOR TECHNOLOGY PROPORTIONS,POST_COAL_OIL TECHNOLOGY GEOGRAPHY,2024,TERNA 2024 + COAL/OIL MASK + 2040 55-GW CONTROL,TERNA CONTROL + PROJECT DERIVATION,INSTALLED_CAPACITY_TABLE_READY
2040,High,CCGT,CALA,3235.880835398,42348.268607252,BASE_THERMAL,BASE_PORTFOLIO,2024 POST-COAL/OIL ANCHOR SCALED TO 55 GW,ANCHOR TECHNOLOGY PROPORTIONS,POST_COAL_OIL TECHNOLOGY GEOGRAPHY,2024,TERNA 2024 + COAL/OIL MASK + 2040 55-GW CONTROL,TERNA CONTROL + PROJECT DERIVATION,INSTALLED_CAPACITY_TABLE_READY
2040,High,GT_OCGT,CALA,216.218464413,3354.65103872,BASE_THERMAL,BASE_PORTFOLIO,2024 POST-COAL/OIL ANCHOR SCALED TO 55 GW,ANCHOR TECHNOLOGY PROPORTIONS,POST_COAL_OIL TECHNOLOGY GEOGRAPHY,2024,TERNA 2024 + COAL/OIL MASK + 2040 55-GW CONTROL,TERNA CONTROL + PROJECT DERIVATION,INSTALLED_CAPACITY_TABLE_READY
2040,High,INTERNAL_COMBUSTION,CALA,38.206958732,5329.903451974,BASE_THERMAL,BASE_PORTFOLIO,2024 POST-COAL/OIL ANCHOR SCALED TO 55 GW,ANCHOR TECHNOLOGY PROPORTIONS,POST_COAL_OIL TECHNOLOGY GEOGRAPHY,2024,TERNA 2024 + COAL/OIL MASK + 2040 55-GW CONTROL,TERNA CONTROL + PROJECT DERIVATION,INSTALLED_CAPACITY_TABLE_READY
2040,High,STEAM_OTHER_SURVIVING,CALA,144.709481828,2894.547403909,BASE_THERMAL,BASE_PORTFOLIO,2024 POST-COAL/OIL ANCHOR SCALED TO 55 GW,ANCHOR TECHNOLOGY PROPORTIONS,POST_COAL_OIL TECHNOLOGY GEOGRAPHY,2024,TERNA 2024 + COAL/OIL MASK + 2040 55-GW CONTROL,TERNA CONTROL + PROJECT DERIVATION,INSTALLED_CAPACITY_TABLE_READY
2040,High,OTHER_SURVIVING_THERMAL,CALA,0,289.575830232,BASE_THERMAL,BASE_PORTFOLIO,2024 POST-COAL/OIL ANCHOR SCALED TO 55 GW,ANCHOR TECHNOLOGY PROPORTIONS,POST_COAL_OIL TECHNOLOGY GEOGRAPHY,2024,TERNA 2024 + COAL/OIL MASK + 2040 55-GW CONTROL,TERNA CONTROL + PROJECT DERIVATION,INSTALLED_CAPACITY_TABLE_READY
2040,High,CCGT,SICI,3033.470304432,42348.268607252,BASE_THERMAL,BASE_PORTFOLIO,2024 POST-COAL/OIL ANCHOR SCALED TO 55 GW,ANCHOR TECHNOLOGY PROPORTIONS,POST_COAL_OIL TECHNOLOGY GEOGRAPHY,2024,TERNA 2024 + COAL/OIL MASK + 2040 55-GW CONTROL,TERNA CONTROL + PROJECT DERIVATION,INSTALLED_CAPACITY_TABLE_READY
2040,High,GT_OCGT,SICI,652.525027236,3354.65103872,BASE_THERMAL,BASE_PORTFOLIO,2024 POST-COAL/OIL ANCHOR SCALED TO 55 GW,ANCHOR TECHNOLOGY PROPORTIONS,POST_COAL_OIL TECHNOLOGY GEOGRAPHY,2024,TERNA 2024 + COAL/OIL MASK + 2040 55-GW CONTROL,TERNA CONTROL + PROJECT DERIVATION,INSTALLED_CAPACITY_TABLE_READY
2040,High,INTERNAL_COMBUSTION,SICI,206.615562143,5329.903451974,BASE_THERMAL,BASE_PORTFOLIO,2024 POST-COAL/OIL ANCHOR SCALED TO 55 GW,ANCHOR TECHNOLOGY PROPORTIONS,POST_COAL_OIL TECHNOLOGY GEOGRAPHY,2024,TERNA 2024 + COAL/OIL MASK + 2040 55-GW CONTROL,TERNA CONTROL + PROJECT DERIVATION,INSTALLED_CAPACITY_TABLE_READY
2040,High,STEAM_OTHER_SURVIVING,SICI,142.573999974,2894.547403909,BASE_THERMAL,BASE_PORTFOLIO,2024 POST-COAL/OIL ANCHOR SCALED TO 55 GW,ANCHOR TECHNOLOGY PROPORTIONS,POST_COAL_OIL TECHNOLOGY GEOGRAPHY,2024,TERNA 2024 + COAL/OIL MASK + 2040 55-GW CONTROL,TERNA CONTROL + PROJECT DERIVATION,INSTALLED_CAPACITY_TABLE_READY
2040,High,OTHER_SURVIVING_THERMAL,SICI,22.281503519,289.575830232,BASE_THERMAL,BASE_PORTFOLIO,2024 POST-COAL/OIL ANCHOR SCALED TO 55 GW,ANCHOR TECHNOLOGY PROPORTIONS,POST_COAL_OIL TECHNOLOGY GEOGRAPHY,2024,TERNA 2024 + COAL/OIL MASK + 2040 55-GW CONTROL,TERNA CONTROL + PROJECT DERIVATION,INSTALLED_CAPACITY_TABLE_READY
2040,High,CCGT,SARD,636.150571763,42348.268607252,BASE_THERMAL,BASE_PORTFOLIO,2024 POST-COAL/OIL ANCHOR SCALED TO 55 GW,ANCHOR TECHNOLOGY PROPORTIONS,POST_COAL_OIL TECHNOLOGY GEOGRAPHY,2024,TERNA 2024 + COAL/OIL MASK + 2040 55-GW CONTROL,TERNA CONTROL + PROJECT DERIVATION,INSTALLED_CAPACITY_TABLE_READY
2040,High,GT_OCGT,SARD,139.028766432,3354.65103872,BASE_THERMAL,BASE_PORTFOLIO,2024 POST-COAL/OIL ANCHOR SCALED TO 55 GW,ANCHOR TECHNOLOGY PROPORTIONS,POST_COAL_OIL TECHNOLOGY GEOGRAPHY,2024,TERNA 2024 + COAL/OIL MASK + 2040 55-GW CONTROL,TERNA CONTROL + PROJECT DERIVATION,INSTALLED_CAPACITY_TABLE_READY
2040,High,INTERNAL_COMBUSTION,SARD,22.337288474,5329.903451974,BASE_THERMAL,BASE_PORTFOLIO,2024 POST-COAL/OIL ANCHOR SCALED TO 55 GW,ANCHOR TECHNOLOGY PROPORTIONS,POST_COAL_OIL TECHNOLOGY GEOGRAPHY,2024,TERNA 2024 + COAL/OIL MASK + 2040 55-GW CONTROL,TERNA CONTROL + PROJECT DERIVATION,INSTALLED_CAPACITY_TABLE_READY
2040,High,STEAM_OTHER_SURVIVING,SARD,246.720448909,2894.547403909,BASE_THERMAL,BASE_PORTFOLIO,2024 POST-COAL/OIL ANCHOR SCALED TO 55 GW,ANCHOR TECHNOLOGY PROPORTIONS,POST_COAL_OIL TECHNOLOGY GEOGRAPHY,2024,TERNA 2024 + COAL/OIL MASK + 2040 55-GW CONTROL,TERNA CONTROL + PROJECT DERIVATION,INSTALLED_CAPACITY_TABLE_READY
2040,High,OTHER_SURVIVING_THERMAL,SARD,28.495431878,289.575830232,BASE_THERMAL,BASE_PORTFOLIO,2024 POST-COAL/OIL ANCHOR SCALED TO 55 GW,ANCHOR TECHNOLOGY PROPORTIONS,POST_COAL_OIL TECHNOLOGY GEOGRAPHY,2024,TERNA 2024 + COAL/OIL MASK + 2040 55-GW CONTROL,TERNA CONTROL + PROJECT DERIVATION,INSTALLED_CAPACITY_TABLE_READY
2040,High,GEOTHERMAL,NORD,0,783.053667913,BASE_THERMAL,BASE_PORTFOLIO,2024 POST-COAL/OIL ANCHOR SCALED TO 55 GW,ANCHOR TECHNOLOGY PROPORTIONS,POST_COAL_OIL TECHNOLOGY GEOGRAPHY,2024,TERNA 2024 + COAL/OIL MASK + 2040 55-GW CONTROL,TERNA CONTROL + PROJECT DERIVATION,INSTALLED_CAPACITY_TABLE_READY
2040,High,GEOTHERMAL,CNOR,783.053667913,783.053667913,BASE_THERMAL,BASE_PORTFOLIO,2024 POST-COAL/OIL ANCHOR SCALED TO 55 GW,ANCHOR TECHNOLOGY PROPORTIONS,POST_COAL_OIL TECHNOLOGY GEOGRAPHY,2024,TERNA 2024 + COAL/OIL MASK + 2040 55-GW CONTROL,TERNA CONTROL + PROJECT DERIVATION,INSTALLED_CAPACITY_TABLE_READY
2040,High,GEOTHERMAL,CSUD,0,783.053667913,BASE_THERMAL,BASE_PORTFOLIO,2024 POST-COAL/OIL ANCHOR SCALED TO 55 GW,ANCHOR TECHNOLOGY PROPORTIONS,POST_COAL_OIL TECHNOLOGY GEOGRAPHY,2024,TERNA 2024 + COAL/OIL MASK + 2040 55-GW CONTROL,TERNA CONTROL + PROJECT DERIVATION,INSTALLED_CAPACITY_TABLE_READY
2040,High,GEOTHERMAL,SUD,0,783.053667913,BASE_THERMAL,BASE_PORTFOLIO,2024 POST-COAL/OIL ANCHOR SCALED TO 55 GW,ANCHOR TECHNOLOGY PROPORTIONS,POST_COAL_OIL TECHNOLOGY GEOGRAPHY,2024,TERNA 2024 + COAL/OIL MASK + 2040 55-GW CONTROL,TERNA CONTROL + PROJECT DERIVATION,INSTALLED_CAPACITY_TABLE_READY
2040,High,GEOTHERMAL,CALA,0,783.053667913,BASE_THERMAL,BASE_PORTFOLIO,2024 POST-COAL/OIL ANCHOR SCALED TO 55 GW,ANCHOR TECHNOLOGY PROPORTIONS,POST_COAL_OIL TECHNOLOGY GEOGRAPHY,2024,TERNA 2024 + COAL/OIL MASK + 2040 55-GW CONTROL,TERNA CONTROL + PROJECT DERIVATION,INSTALLED_CAPACITY_TABLE_READY
2040,High,GEOTHERMAL,SICI,0,783.053667913,BASE_THERMAL,BASE_PORTFOLIO,2024 POST-COAL/OIL ANCHOR SCALED TO 55 GW,ANCHOR TECHNOLOGY PROPORTIONS,POST_COAL_OIL TECHNOLOGY GEOGRAPHY,2024,TERNA 2024 + COAL/OIL MASK + 2040 55-GW CONTROL,TERNA CONTROL + PROJECT DERIVATION,INSTALLED_CAPACITY_TABLE_READY
2040,High,GEOTHERMAL,SARD,0,783.053667913,BASE_THERMAL,BASE_PORTFOLIO,2024 POST-COAL/OIL ANCHOR SCALED TO 55 GW,ANCHOR TECHNOLOGY PROPORTIONS,POST_COAL_OIL TECHNOLOGY GEOGRAPHY,2024,TERNA 2024 + COAL/OIL MASK + 2040 55-GW CONTROL,TERNA CONTROL + PROJECT DERIVATION,INSTALLED_CAPACITY_TABLE_READY
2050,Slow,SOLAR_PV_ROOFTOP,NORD,40691.480562448,67602.977667494,RENEWABLE,SCENARIO_TOTAL,FROZEN V2.9 SCENARIO CAPACITY,80% OF BASE,FROZEN V2.9 ZONAL ALLOCATION,V2.7/V2.9,CONTROLLING V2.9 SCENARIO MATRIX,ACCEPTED SCENARIO INPUT,INSTALLED_CAPACITY_TABLE_READY
2050,Slow,SOLAR_PV_ROOFTOP,CNOR,5349.875930521,67602.977667494,RENEWABLE,SCENARIO_TOTAL,FROZEN V2.9 SCENARIO CAPACITY,80% OF BASE,FROZEN V2.9 ZONAL ALLOCATION,V2.7/V2.9,CONTROLLING V2.9 SCENARIO MATRIX,ACCEPTED SCENARIO INPUT,INSTALLED_CAPACITY_TABLE_READY
2050,Slow,SOLAR_PV_ROOFTOP,CSUD,8916.459884202,67602.977667494,RENEWABLE,SCENARIO_TOTAL,FROZEN V2.9 SCENARIO CAPACITY,80% OF BASE,FROZEN V2.9 ZONAL ALLOCATION,V2.7/V2.9,CONTROLLING V2.9 SCENARIO MATRIX,ACCEPTED SCENARIO INPUT,INSTALLED_CAPACITY_TABLE_READY
2050,Slow,SOLAR_PV_ROOFTOP,SUD,2755.996691481,67602.977667494,RENEWABLE,SCENARIO_TOTAL,FROZEN V2.9 SCENARIO CAPACITY,80% OF BASE,FROZEN V2.9 ZONAL ALLOCATION,V2.7/V2.9,CONTROLLING V2.9 SCENARIO MATRIX,ACCEPTED SCENARIO INPUT,INSTALLED_CAPACITY_TABLE_READY
2050,Slow,SOLAR_PV_ROOFTOP,CALA,1783.29197684,67602.977667494,RENEWABLE,SCENARIO_TOTAL,FROZEN V2.9 SCENARIO CAPACITY,80% OF BASE,FROZEN V2.9 ZONAL ALLOCATION,V2.7/V2.9,CONTROLLING V2.9 SCENARIO MATRIX,ACCEPTED SCENARIO INPUT,INSTALLED_CAPACITY_TABLE_READY
2050,Slow,SOLAR_PV_ROOFTOP,SICI,5349.875930521,67602.977667494,RENEWABLE,SCENARIO_TOTAL,FROZEN V2.9 SCENARIO CAPACITY,80% OF BASE,FROZEN V2.9 ZONAL ALLOCATION,V2.7/V2.9,CONTROLLING V2.9 SCENARIO MATRIX,ACCEPTED SCENARIO INPUT,INSTALLED_CAPACITY_TABLE_READY
2050,Slow,SOLAR_PV_ROOFTOP,SARD,2755.996691481,67602.977667494,RENEWABLE,SCENARIO_TOTAL,FROZEN V2.9 SCENARIO CAPACITY,80% OF BASE,FROZEN V2.9 ZONAL ALLOCATION,V2.7/V2.9,CONTROLLING V2.9 SCENARIO MATRIX,ACCEPTED SCENARIO INPUT,INSTALLED_CAPACITY_TABLE_READY
2050,Slow,SOLAR_PV_UTILITY,NORD,28046.319272126,128397.022332506,RENEWABLE,SCENARIO_TOTAL,FROZEN V2.9 SCENARIO CAPACITY,80% OF BASE,FROZEN V2.9 ZONAL ALLOCATION,V2.7/V2.9,CONTROLLING V2.9 SCENARIO MATRIX,ACCEPTED SCENARIO INPUT,INSTALLED_CAPACITY_TABLE_READY
2050,Slow,SOLAR_PV_UTILITY,CNOR,10213.399503722,128397.022332506,RENEWABLE,SCENARIO_TOTAL,FROZEN V2.9 SCENARIO CAPACITY,80% OF BASE,FROZEN V2.9 ZONAL ALLOCATION,V2.7/V2.9,CONTROLLING V2.9 SCENARIO MATRIX,ACCEPTED SCENARIO INPUT,INSTALLED_CAPACITY_TABLE_READY
2050,Slow,SOLAR_PV_UTILITY,CSUD,23669.148056245,128397.022332506,RENEWABLE,SCENARIO_TOTAL,FROZEN V2.9 SCENARIO CAPACITY,80% OF BASE,FROZEN V2.9 ZONAL ALLOCATION,V2.7/V2.9,CONTROLLING V2.9 SCENARIO MATRIX,ACCEPTED SCENARIO INPUT,INSTALLED_CAPACITY_TABLE_READY
2050,Slow,SOLAR_PV_UTILITY,SUD,31288.668320926,128397.022332506,RENEWABLE,SCENARIO_TOTAL,FROZEN V2.9 SCENARIO CAPACITY,80% OF BASE,FROZEN V2.9 ZONAL ALLOCATION,V2.7/V2.9,CONTROLLING V2.9 SCENARIO MATRIX,ACCEPTED SCENARIO INPUT,INSTALLED_CAPACITY_TABLE_READY
2050,Slow,SOLAR_PV_UTILITY,CALA,4052.936311001,128397.022332506,RENEWABLE,SCENARIO_TOTAL,FROZEN V2.9 SCENARIO CAPACITY,80% OF BASE,FROZEN V2.9 ZONAL ALLOCATION,V2.7/V2.9,CONTROLLING V2.9 SCENARIO MATRIX,ACCEPTED SCENARIO INPUT,INSTALLED_CAPACITY_TABLE_READY
2050,Slow,SOLAR_PV_UTILITY,SICI,18643.507030604,128397.022332506,RENEWABLE,SCENARIO_TOTAL,FROZEN V2.9 SCENARIO CAPACITY,80% OF BASE,FROZEN V2.9 ZONAL ALLOCATION,V2.7/V2.9,CONTROLLING V2.9 SCENARIO MATRIX,ACCEPTED SCENARIO INPUT,INSTALLED_CAPACITY_TABLE_READY
2050,Slow,SOLAR_PV_UTILITY,SARD,12483.043837883,128397.022332506,RENEWABLE,SCENARIO_TOTAL,FROZEN V2.9 SCENARIO CAPACITY,80% OF BASE,FROZEN V2.9 ZONAL ALLOCATION,V2.7/V2.9,CONTROLLING V2.9 SCENARIO MATRIX,ACCEPTED SCENARIO INPUT,INSTALLED_CAPACITY_TABLE_READY
2050,Slow,WIND_ONSHORE,NORD,506.744868035,28800,RENEWABLE,SCENARIO_TOTAL,FROZEN V2.9 SCENARIO CAPACITY,80% OF BASE,FROZEN V2.9 ZONAL ALLOCATION,V2.7/V2.9,CONTROLLING V2.9 SCENARIO MATRIX,ACCEPTED SCENARIO INPUT,INSTALLED_CAPACITY_TABLE_READY
2050,Slow,WIND_ONSHORE,CNOR,337.829912023,28800,RENEWABLE,SCENARIO_TOTAL,FROZEN V2.9 SCENARIO CAPACITY,80% OF BASE,FROZEN V2.9 ZONAL ALLOCATION,V2.7/V2.9,CONTROLLING V2.9 SCENARIO MATRIX,ACCEPTED SCENARIO INPUT,INSTALLED_CAPACITY_TABLE_READY
2050,Slow,WIND_ONSHORE,CSUD,5743.108504399,28800,RENEWABLE,SCENARIO_TOTAL,FROZEN V2.9 SCENARIO CAPACITY,80% OF BASE,FROZEN V2.9 ZONAL ALLOCATION,V2.7/V2.9,CONTROLLING V2.9 SCENARIO MATRIX,ACCEPTED SCENARIO INPUT,INSTALLED_CAPACITY_TABLE_READY
2050,Slow,WIND_ONSHORE,SUD,11148.387096774,28800,RENEWABLE,SCENARIO_TOTAL,FROZEN V2.9 SCENARIO CAPACITY,80% OF BASE,FROZEN V2.9 ZONAL ALLOCATION,V2.7/V2.9,CONTROLLING V2.9 SCENARIO MATRIX,ACCEPTED SCENARIO INPUT,INSTALLED_CAPACITY_TABLE_READY
2050,Slow,WIND_ONSHORE,CALA,2787.096774194,28800,RENEWABLE,SCENARIO_TOTAL,FROZEN V2.9 SCENARIO CAPACITY,80% OF BASE,FROZEN V2.9 ZONAL ALLOCATION,V2.7/V2.9,CONTROLLING V2.9 SCENARIO MATRIX,ACCEPTED SCENARIO INPUT,INSTALLED_CAPACITY_TABLE_READY
2050,Slow,WIND_ONSHORE,SICI,5320.82111437,28800,RENEWABLE,SCENARIO_TOTAL,FROZEN V2.9 SCENARIO CAPACITY,80% OF BASE,FROZEN V2.9 ZONAL ALLOCATION,V2.7/V2.9,CONTROLLING V2.9 SCENARIO MATRIX,ACCEPTED SCENARIO INPUT,INSTALLED_CAPACITY_TABLE_READY
2050,Slow,WIND_ONSHORE,SARD,2956.011730205,28800,RENEWABLE,SCENARIO_TOTAL,FROZEN V2.9 SCENARIO CAPACITY,80% OF BASE,FROZEN V2.9 ZONAL ALLOCATION,V2.7/V2.9,CONTROLLING V2.9 SCENARIO MATRIX,ACCEPTED SCENARIO INPUT,INSTALLED_CAPACITY_TABLE_READY
2050,Slow,WIND_OFFSHORE,NORD,1184.210526316,12000,RENEWABLE,SCENARIO_TOTAL,FROZEN V2.9 SCENARIO CAPACITY,80% OF BASE,FROZEN V2.9 ZONAL ALLOCATION,V2.7/V2.9,CONTROLLING V2.9 SCENARIO MATRIX,ACCEPTED SCENARIO INPUT,INSTALLED_CAPACITY_TABLE_READY
2050,Slow,WIND_OFFSHORE,CNOR,631.578947368,12000,RENEWABLE,SCENARIO_TOTAL,FROZEN V2.9 SCENARIO CAPACITY,80% OF BASE,FROZEN V2.9 ZONAL ALLOCATION,V2.7/V2.9,CONTROLLING V2.9 SCENARIO MATRIX,ACCEPTED SCENARIO INPUT,INSTALLED_CAPACITY_TABLE_READY
2050,Slow,WIND_OFFSHORE,CSUD,1263.157894737,12000,RENEWABLE,SCENARIO_TOTAL,FROZEN V2.9 SCENARIO CAPACITY,80% OF BASE,FROZEN V2.9 ZONAL ALLOCATION,V2.7/V2.9,CONTROLLING V2.9 SCENARIO MATRIX,ACCEPTED SCENARIO INPUT,INSTALLED_CAPACITY_TABLE_READY
2050,Slow,WIND_OFFSHORE,SUD,3710.526315789,12000,RENEWABLE,SCENARIO_TOTAL,FROZEN V2.9 SCENARIO CAPACITY,80% OF BASE,FROZEN V2.9 ZONAL ALLOCATION,V2.7/V2.9,CONTROLLING V2.9 SCENARIO MATRIX,ACCEPTED SCENARIO INPUT,INSTALLED_CAPACITY_TABLE_READY
2050,Slow,WIND_OFFSHORE,CALA,473.684210526,12000,RENEWABLE,SCENARIO_TOTAL,FROZEN V2.9 SCENARIO CAPACITY,80% OF BASE,FROZEN V2.9 ZONAL ALLOCATION,V2.7/V2.9,CONTROLLING V2.9 SCENARIO MATRIX,ACCEPTED SCENARIO INPUT,INSTALLED_CAPACITY_TABLE_READY
2050,Slow,WIND_OFFSHORE,SICI,2368.421052632,12000,RENEWABLE,SCENARIO_TOTAL,FROZEN V2.9 SCENARIO CAPACITY,80% OF BASE,FROZEN V2.9 ZONAL ALLOCATION,V2.7/V2.9,CONTROLLING V2.9 SCENARIO MATRIX,ACCEPTED SCENARIO INPUT,INSTALLED_CAPACITY_TABLE_READY
2050,Slow,WIND_OFFSHORE,SARD,2368.421052632,12000,RENEWABLE,SCENARIO_TOTAL,FROZEN V2.9 SCENARIO CAPACITY,80% OF BASE,FROZEN V2.9 ZONAL ALLOCATION,V2.7/V2.9,CONTROLLING V2.9 SCENARIO MATRIX,ACCEPTED SCENARIO INPUT,INSTALLED_CAPACITY_TABLE_READY
2050,Slow,BESS,NORD,3041.29435558,34922.448979592,STORAGE,SCENARIO_TOTAL_DISCHARGE_POWER,FROZEN V2.9 BESS POWER,80% OF BASE,FROZEN V2.9 ZONAL STORAGE ALLOCATION,V2.9,CONTROLLING V2.9 STORAGE MATRIX,ACCEPTED SCENARIO INPUT,P_NOM ONLY; E_NOM SEPARATE
2050,Slow,BESS,CNOR,1048.722191579,34922.448979592,STORAGE,SCENARIO_TOTAL_DISCHARGE_POWER,FROZEN V2.9 BESS POWER,80% OF BASE,FROZEN V2.9 ZONAL STORAGE ALLOCATION,V2.9,CONTROLLING V2.9 STORAGE MATRIX,ACCEPTED SCENARIO INPUT,P_NOM ONLY; E_NOM SEPARATE
2050,Slow,BESS,CSUD,5495.304283876,34922.448979592,STORAGE,SCENARIO_TOTAL_DISCHARGE_POWER,FROZEN V2.9 BESS POWER,80% OF BASE,FROZEN V2.9 ZONAL STORAGE ALLOCATION,V2.9,CONTROLLING V2.9 STORAGE MATRIX,ACCEPTED SCENARIO INPUT,P_NOM ONLY; E_NOM SEPARATE
2050,Slow,BESS,SUD,10214.554145983,34922.448979592,STORAGE,SCENARIO_TOTAL_DISCHARGE_POWER,FROZEN V2.9 BESS POWER,80% OF BASE,FROZEN V2.9 ZONAL STORAGE ALLOCATION,V2.9,CONTROLLING V2.9 STORAGE MATRIX,ACCEPTED SCENARIO INPUT,P_NOM ONLY; E_NOM SEPARATE
2050,Slow,BESS,CALA,2265.239933811,34922.448979592,STORAGE,SCENARIO_TOTAL_DISCHARGE_POWER,FROZEN V2.9 BESS POWER,80% OF BASE,FROZEN V2.9 ZONAL STORAGE ALLOCATION,V2.9,CONTROLLING V2.9 STORAGE MATRIX,ACCEPTED SCENARIO INPUT,P_NOM ONLY; E_NOM SEPARATE
2050,Slow,BESS,SICI,7802.49310535,34922.448979592,STORAGE,SCENARIO_TOTAL_DISCHARGE_POWER,FROZEN V2.9 BESS POWER,80% OF BASE,FROZEN V2.9 ZONAL STORAGE ALLOCATION,V2.9,CONTROLLING V2.9 STORAGE MATRIX,ACCEPTED SCENARIO INPUT,P_NOM ONLY; E_NOM SEPARATE
2050,Slow,BESS,SARD,5054.840963412,34922.448979592,STORAGE,SCENARIO_TOTAL_DISCHARGE_POWER,FROZEN V2.9 BESS POWER,80% OF BASE,FROZEN V2.9 ZONAL STORAGE ALLOCATION,V2.9,CONTROLLING V2.9 STORAGE MATRIX,ACCEPTED SCENARIO INPUT,P_NOM ONLY; E_NOM SEPARATE
2050,Slow,HYDRO_RUN_OF_RIVER,NORD,5228.210866305,6239,HYDRO_FIXED_CURRENT,CURRENT_FLEET_COPIED_UNCHANGED,USER_CONFIRMED CURRENT HYDRO CAPACITY IN ALL FUTURE SCENARIOS,NOT APPLICABLE,NORD DIRECT CLASS VALUES SCALED 0.006% TO ZONAL NON-PUMPED CONTROL,2024,TERNA HYDRO CONTROLS + PROJECT CLASS ALLOCATION,DIRECT MACRO CONTROL + PROJECT RECONCILIATION,CAPACITY FROZEN; OPERATIONAL PARAMETERS PARTIAL
2050,Slow,HYDRO_BASIN,NORD,3512.208833846,5019.900000002,HYDRO_FIXED_CURRENT,CURRENT_FLEET_COPIED_UNCHANGED,USER_CONFIRMED CURRENT HYDRO CAPACITY IN ALL FUTURE SCENARIOS,NOT APPLICABLE,NORD DIRECT CLASS VALUES SCALED 0.006% TO ZONAL NON-PUMPED CONTROL,2024,TERNA HYDRO CONTROLS + PROJECT CLASS ALLOCATION,DIRECT MACRO CONTROL + PROJECT RECONCILIATION,CAPACITY FROZEN; OPERATIONAL PARAMETERS PARTIAL
2050,Slow,HYDRO_RESERVOIR,NORD,3669.318175474,4782.8,HYDRO_FIXED_CURRENT,CURRENT_FLEET_COPIED_UNCHANGED,USER_CONFIRMED CURRENT HYDRO CAPACITY IN ALL FUTURE SCENARIOS,NOT APPLICABLE,NORD DIRECT CLASS VALUES SCALED 0.006% TO ZONAL NON-PUMPED CONTROL,2024,TERNA HYDRO CONTROLS + PROJECT CLASS ALLOCATION,DIRECT MACRO CONTROL + PROJECT RECONCILIATION,CAPACITY FROZEN; OPERATIONAL PARAMETERS PARTIAL
2050,Slow,PUMPED_HYDRO_PURE,NORD,2393.185354581,3969.57561,HYDRO_FIXED_CURRENT,CURRENT_FLEET_COPIED_UNCHANGED,USER_CONFIRMED CURRENT HYDRO CAPACITY IN ALL FUTURE SCENARIOS,NOT APPLICABLE,DIRECT PURE/MIXED PUMPING PERIMETER BRIDGE,2024,TERNA HYDRO CONTROLS + PROJECT CLASS ALLOCATION,DIRECT TERNA CONTROL / PERIMETER DERIVATION,CAPACITY FROZEN; OPERATIONAL PARAMETERS PARTIAL
2050,Slow,PUMPED_HYDRO_MIXED,NORD,2305.444434376,3282.72439,HYDRO_FIXED_CURRENT,CURRENT_FLEET_COPIED_UNCHANGED,USER_CONFIRMED CURRENT HYDRO CAPACITY IN ALL FUTURE SCENARIOS,NOT APPLICABLE,DIRECT PURE/MIXED PUMPING PERIMETER BRIDGE,2024,TERNA HYDRO CONTROLS + PROJECT CLASS ALLOCATION,DIRECT TERNA CONTROL / PERIMETER DERIVATION,CAPACITY FROZEN; OPERATIONAL PARAMETERS PARTIAL
2050,Slow,HYDRO_RUN_OF_RIVER,CNOR,209.314034422,6239,HYDRO_FIXED_CURRENT,CURRENT_FLEET_COPIED_UNCHANGED,USER_CONFIRMED CURRENT HYDRO CAPACITY IN ALL FUTURE SCENARIOS,NOT APPLICABLE,ROR residual allocated using open HDAM programmable-capacity floor; remaining programmable capacity split to basin/reservoir by residual national controls,2024,TERNA HYDRO CONTROLS + PROJECT CLASS ALLOCATION,PROJECT ALLOCATION PROVISIONAL,CAPACITY FROZEN; OPERATIONAL PARAMETERS PARTIAL
2050,Slow,HYDRO_BASIN,CNOR,238.064607896,5019.900000002,HYDRO_FIXED_CURRENT,CURRENT_FLEET_COPIED_UNCHANGED,USER_CONFIRMED CURRENT HYDRO CAPACITY IN ALL FUTURE SCENARIOS,NOT APPLICABLE,ROR residual allocated using open HDAM programmable-capacity floor; remaining programmable capacity split to basin/reservoir by residual national controls,2024,TERNA HYDRO CONTROLS + PROJECT CLASS ALLOCATION,PROJECT ALLOCATION PROVISIONAL,CAPACITY FROZEN; OPERATIONAL PARAMETERS PARTIAL
2050,Slow,HYDRO_RESERVOIR,CNOR,175.818907682,4782.8,HYDRO_FIXED_CURRENT,CURRENT_FLEET_COPIED_UNCHANGED,USER_CONFIRMED CURRENT HYDRO CAPACITY IN ALL FUTURE SCENARIOS,NOT APPLICABLE,ROR residual allocated using open HDAM programmable-capacity floor; remaining programmable capacity split to basin/reservoir by residual national controls,2024,TERNA HYDRO CONTROLS + PROJECT CLASS ALLOCATION,PROJECT ALLOCATION PROVISIONAL,CAPACITY FROZEN; OPERATIONAL PARAMETERS PARTIAL
2050,Slow,PUMPED_HYDRO_PURE,CNOR,0,3969.57561,HYDRO_FIXED_CURRENT,CURRENT_FLEET_COPIED_UNCHANGED,USER_CONFIRMED CURRENT HYDRO CAPACITY IN ALL FUTURE SCENARIOS,NOT APPLICABLE,DIRECT PURE/MIXED PUMPING PERIMETER BRIDGE,2024,TERNA HYDRO CONTROLS + PROJECT CLASS ALLOCATION,DIRECT TERNA CONTROL / PERIMETER DERIVATION,CAPACITY FROZEN; OPERATIONAL PARAMETERS PARTIAL
2050,Slow,PUMPED_HYDRO_MIXED,CNOR,0,3282.72439,HYDRO_FIXED_CURRENT,CURRENT_FLEET_COPIED_UNCHANGED,USER_CONFIRMED CURRENT HYDRO CAPACITY IN ALL FUTURE SCENARIOS,NOT APPLICABLE,DIRECT PURE/MIXED PUMPING PERIMETER BRIDGE,2024,TERNA HYDRO CONTROLS + PROJECT CLASS ALLOCATION,DIRECT TERNA CONTROL / PERIMETER DERIVATION,CAPACITY FROZEN; OPERATIONAL PARAMETERS PARTIAL
2050,Slow,HYDRO_RUN_OF_RIVER,CSUD,579.820027388,6239,HYDRO_FIXED_CURRENT,CURRENT_FLEET_COPIED_UNCHANGED,USER_CONFIRMED CURRENT HYDRO CAPACITY IN ALL FUTURE SCENARIOS,NOT APPLICABLE,ROR residual allocated using open HDAM programmable-capacity floor; remaining programmable capacity split to basin/reservoir by residual national controls,2024,TERNA HYDRO CONTROLS + PROJECT CLASS ALLOCATION,PROJECT ALLOCATION PROVISIONAL,CAPACITY FROZEN; OPERATIONAL PARAMETERS PARTIAL
2050,Slow,HYDRO_BASIN,CSUD,582.887284562,5019.900000002,HYDRO_FIXED_CURRENT,CURRENT_FLEET_COPIED_UNCHANGED,USER_CONFIRMED CURRENT HYDRO CAPACITY IN ALL FUTURE SCENARIOS,NOT APPLICABLE,ROR residual allocated using open HDAM programmable-capacity floor; remaining programmable capacity split to basin/reservoir by residual national controls,2024,TERNA HYDRO CONTROLS + PROJECT CLASS ALLOCATION,PROJECT ALLOCATION PROVISIONAL,CAPACITY FROZEN; OPERATIONAL PARAMETERS PARTIAL
2050,Slow,HYDRO_RESERVOIR,CSUD,430.482324018,4782.8,HYDRO_FIXED_CURRENT,CURRENT_FLEET_COPIED_UNCHANGED,USER_CONFIRMED CURRENT HYDRO CAPACITY IN ALL FUTURE SCENARIOS,NOT APPLICABLE,ROR residual allocated using open HDAM programmable-capacity floor; remaining programmable capacity split to basin/reservoir by residual national controls,2024,TERNA HYDRO CONTROLS + PROJECT CLASS ALLOCATION,PROJECT ALLOCATION PROVISIONAL,CAPACITY FROZEN; OPERATIONAL PARAMETERS PARTIAL
2050,Slow,PUMPED_HYDRO_PURE,CSUD,995.915669822,3969.57561,HYDRO_FIXED_CURRENT,CURRENT_FLEET_COPIED_UNCHANGED,USER_CONFIRMED CURRENT HYDRO CAPACITY IN ALL FUTURE SCENARIOS,NOT APPLICABLE,DIRECT PURE/MIXED PUMPING PERIMETER BRIDGE,2024,TERNA HYDRO CONTROLS + PROJECT CLASS ALLOCATION,DIRECT TERNA CONTROL / PERIMETER DERIVATION,CAPACITY FROZEN; OPERATIONAL PARAMETERS PARTIAL
2050,Slow,PUMPED_HYDRO_MIXED,CSUD,736.949744032,3282.72439,HYDRO_FIXED_CURRENT,CURRENT_FLEET_COPIED_UNCHANGED,USER_CONFIRMED CURRENT HYDRO CAPACITY IN ALL FUTURE SCENARIOS,NOT APPLICABLE,DIRECT PURE/MIXED PUMPING PERIMETER BRIDGE,2024,TERNA HYDRO CONTROLS + PROJECT CLASS ALLOCATION,DIRECT TERNA CONTROL / PERIMETER DERIVATION,CAPACITY FROZEN; OPERATIONAL PARAMETERS PARTIAL
2050,Slow,HYDRO_RUN_OF_RIVER,SUD,45.411334869,6239,HYDRO_FIXED_CURRENT,CURRENT_FLEET_COPIED_UNCHANGED,USER_CONFIRMED CURRENT HYDRO CAPACITY IN ALL FUTURE SCENARIOS,NOT APPLICABLE,ROR residual allocated using open HDAM programmable-capacity floor; remaining programmable capacity split to basin/reservoir by residual national controls,2024,TERNA HYDRO CONTROLS + PROJECT CLASS ALLOCATION,PROJECT ALLOCATION PROVISIONAL,CAPACITY FROZEN; OPERATIONAL PARAMETERS PARTIAL
2050,Slow,HYDRO_BASIN,SUD,103.488209848,5019.900000002,HYDRO_FIXED_CURRENT,CURRENT_FLEET_COPIED_UNCHANGED,USER_CONFIRMED CURRENT HYDRO CAPACITY IN ALL FUTURE SCENARIOS,NOT APPLICABLE,ROR residual allocated using open HDAM programmable-capacity floor; remaining programmable capacity split to basin/reservoir by residual national controls,2024,TERNA HYDRO CONTROLS + PROJECT CLASS ALLOCATION,PROJECT ALLOCATION PROVISIONAL,CAPACITY FROZEN; OPERATIONAL PARAMETERS PARTIAL
2050,Slow,HYDRO_RESERVOIR,SUD,76.429605283,4782.8,HYDRO_FIXED_CURRENT,CURRENT_FLEET_COPIED_UNCHANGED,USER_CONFIRMED CURRENT HYDRO CAPACITY IN ALL FUTURE SCENARIOS,NOT APPLICABLE,ROR residual allocated using open HDAM programmable-capacity floor; remaining programmable capacity split to basin/reservoir by residual national controls,2024,TERNA HYDRO CONTROLS + PROJECT CLASS ALLOCATION,PROJECT ALLOCATION PROVISIONAL,CAPACITY FROZEN; OPERATIONAL PARAMETERS PARTIAL
2050,Slow,PUMPED_HYDRO_PURE,SUD,0,3969.57561,HYDRO_FIXED_CURRENT,CURRENT_FLEET_COPIED_UNCHANGED,USER_CONFIRMED CURRENT HYDRO CAPACITY IN ALL FUTURE SCENARIOS,NOT APPLICABLE,DIRECT PURE/MIXED PUMPING PERIMETER BRIDGE,2024,TERNA HYDRO CONTROLS + PROJECT CLASS ALLOCATION,DIRECT TERNA CONTROL / PERIMETER DERIVATION,CAPACITY FROZEN; OPERATIONAL PARAMETERS PARTIAL
2050,Slow,PUMPED_HYDRO_MIXED,SUD,0,3282.72439,HYDRO_FIXED_CURRENT,CURRENT_FLEET_COPIED_UNCHANGED,USER_CONFIRMED CURRENT HYDRO CAPACITY IN ALL FUTURE SCENARIOS,NOT APPLICABLE,DIRECT PURE/MIXED PUMPING PERIMETER BRIDGE,2024,TERNA HYDRO CONTROLS + PROJECT CLASS ALLOCATION,DIRECT TERNA CONTROL / PERIMETER DERIVATION,CAPACITY FROZEN; OPERATIONAL PARAMETERS PARTIAL
2050,Slow,HYDRO_RUN_OF_RIVER,CALA,106.743829899,6239,HYDRO_FIXED_CURRENT,CURRENT_FLEET_COPIED_UNCHANGED,USER_CONFIRMED CURRENT HYDRO CAPACITY IN ALL FUTURE SCENARIOS,NOT APPLICABLE,ROR residual allocated using open HDAM programmable-capacity floor; remaining programmable capacity split to basin/reservoir by residual national controls,2024,TERNA HYDRO CONTROLS + PROJECT CLASS ALLOCATION,PROJECT ALLOCATION PROVISIONAL,CAPACITY FROZEN; OPERATIONAL PARAMETERS PARTIAL
2050,Slow,HYDRO_BASIN,CALA,417.949832196,5019.900000002,HYDRO_FIXED_CURRENT,CURRENT_FLEET_COPIED_UNCHANGED,USER_CONFIRMED CURRENT HYDRO CAPACITY IN ALL FUTURE SCENARIOS,NOT APPLICABLE,ROR residual allocated using open HDAM programmable-capacity floor; remaining programmable capacity split to basin/reservoir by residual national controls,2024,TERNA HYDRO CONTROLS + PROJECT CLASS ALLOCATION,PROJECT ALLOCATION PROVISIONAL,CAPACITY FROZEN; OPERATIONAL PARAMETERS PARTIAL
2050,Slow,HYDRO_RESERVOIR,CALA,308.670337905,4782.8,HYDRO_FIXED_CURRENT,CURRENT_FLEET_COPIED_UNCHANGED,USER_CONFIRMED CURRENT HYDRO CAPACITY IN ALL FUTURE SCENARIOS,NOT APPLICABLE,ROR residual allocated using open HDAM programmable-capacity floor; remaining programmable capacity split to basin/reservoir by residual national controls,2024,TERNA HYDRO CONTROLS + PROJECT CLASS ALLOCATION,PROJECT ALLOCATION PROVISIONAL,CAPACITY FROZEN; OPERATIONAL PARAMETERS PARTIAL
2050,Slow,PUMPED_HYDRO_PURE,CALA,0,3969.57561,HYDRO_FIXED_CURRENT,CURRENT_FLEET_COPIED_UNCHANGED,USER_CONFIRMED CURRENT HYDRO CAPACITY IN ALL FUTURE SCENARIOS,NOT APPLICABLE,DIRECT PURE/MIXED PUMPING PERIMETER BRIDGE,2024,TERNA HYDRO CONTROLS + PROJECT CLASS ALLOCATION,DIRECT TERNA CONTROL / PERIMETER DERIVATION,CAPACITY FROZEN; OPERATIONAL PARAMETERS PARTIAL
2050,Slow,PUMPED_HYDRO_MIXED,CALA,0,3282.72439,HYDRO_FIXED_CURRENT,CURRENT_FLEET_COPIED_UNCHANGED,USER_CONFIRMED CURRENT HYDRO CAPACITY IN ALL FUTURE SCENARIOS,NOT APPLICABLE,DIRECT PURE/MIXED PUMPING PERIMETER BRIDGE,2024,TERNA HYDRO CONTROLS + PROJECT CLASS ALLOCATION,DIRECT TERNA CONTROL / PERIMETER DERIVATION,CAPACITY FROZEN; OPERATIONAL PARAMETERS PARTIAL
2050,Slow,HYDRO_RUN_OF_RIVER,SICI,31.552391362,6239,HYDRO_FIXED_CURRENT,CURRENT_FLEET_COPIED_UNCHANGED,USER_CONFIRMED CURRENT HYDRO CAPACITY IN ALL FUTURE SCENARIOS,NOT APPLICABLE,ROR residual allocated using open HDAM programmable-capacity floor; remaining programmable capacity split to basin/reservoir by residual national controls,2024,TERNA HYDRO CONTROLS + PROJECT CLASS ALLOCATION,PROJECT ALLOCATION PROVISIONAL,CAPACITY FROZEN; OPERATIONAL PARAMETERS PARTIAL
2050,Slow,HYDRO_BASIN,SICI,58.808504061,5019.900000002,HYDRO_FIXED_CURRENT,CURRENT_FLEET_COPIED_UNCHANGED,USER_CONFIRMED CURRENT HYDRO CAPACITY IN ALL FUTURE SCENARIOS,NOT APPLICABLE,ROR residual allocated using open HDAM programmable-capacity floor; remaining programmable capacity split to basin/reservoir by residual national controls,2024,TERNA HYDRO CONTROLS + PROJECT CLASS ALLOCATION,PROJECT ALLOCATION PROVISIONAL,CAPACITY FROZEN; OPERATIONAL PARAMETERS PARTIAL
2050,Slow,HYDRO_RESERVOIR,SICI,43.432104578,4782.8,HYDRO_FIXED_CURRENT,CURRENT_FLEET_COPIED_UNCHANGED,USER_CONFIRMED CURRENT HYDRO CAPACITY IN ALL FUTURE SCENARIOS,NOT APPLICABLE,ROR residual allocated using open HDAM programmable-capacity floor; remaining programmable capacity split to basin/reservoir by residual national controls,2024,TERNA HYDRO CONTROLS + PROJECT CLASS ALLOCATION,PROJECT ALLOCATION PROVISIONAL,CAPACITY FROZEN; OPERATIONAL PARAMETERS PARTIAL
2050,Slow,PUMPED_HYDRO_PURE,SICI,580.474585597,3969.57561,HYDRO_FIXED_CURRENT,CURRENT_FLEET_COPIED_UNCHANGED,USER_CONFIRMED CURRENT HYDRO CAPACITY IN ALL FUTURE SCENARIOS,NOT APPLICABLE,DIRECT PURE/MIXED PUMPING PERIMETER BRIDGE,2024,TERNA HYDRO CONTROLS + PROJECT CLASS ALLOCATION,DIRECT TERNA CONTROL / PERIMETER DERIVATION,CAPACITY FROZEN; OPERATIONAL PARAMETERS PARTIAL
2050,Slow,PUMPED_HYDRO_MIXED,SICI,0,3282.72439,HYDRO_FIXED_CURRENT,CURRENT_FLEET_COPIED_UNCHANGED,USER_CONFIRMED CURRENT HYDRO CAPACITY IN ALL FUTURE SCENARIOS,NOT APPLICABLE,DIRECT PURE/MIXED PUMPING PERIMETER BRIDGE,2024,TERNA HYDRO CONTROLS + PROJECT CLASS ALLOCATION,DIRECT TERNA CONTROL / PERIMETER DERIVATION,CAPACITY FROZEN; OPERATIONAL PARAMETERS PARTIAL
2050,Slow,HYDRO_RUN_OF_RIVER,SARD,37.947515755,6239,HYDRO_FIXED_CURRENT,CURRENT_FLEET_COPIED_UNCHANGED,USER_CONFIRMED CURRENT HYDRO CAPACITY IN ALL FUTURE SCENARIOS,NOT APPLICABLE,ROR residual allocated using open HDAM programmable-capacity floor; remaining programmable capacity split to basin/reservoir by residual national controls,2024,TERNA HYDRO CONTROLS + PROJECT CLASS ALLOCATION,PROJECT ALLOCATION PROVISIONAL,CAPACITY FROZEN; OPERATIONAL PARAMETERS PARTIAL
2050,Slow,HYDRO_BASIN,SARD,106.492727593,5019.900000002,HYDRO_FIXED_CURRENT,CURRENT_FLEET_COPIED_UNCHANGED,USER_CONFIRMED CURRENT HYDRO CAPACITY IN ALL FUTURE SCENARIOS,NOT APPLICABLE,ROR residual allocated using open HDAM programmable-capacity floor; remaining programmable capacity split to basin/reservoir by residual national controls,2024,TERNA HYDRO CONTROLS + PROJECT CLASS ALLOCATION,PROJECT ALLOCATION PROVISIONAL,CAPACITY FROZEN; OPERATIONAL PARAMETERS PARTIAL
2050,Slow,HYDRO_RESERVOIR,SARD,78.64854506,4782.8,HYDRO_FIXED_CURRENT,CURRENT_FLEET_COPIED_UNCHANGED,USER_CONFIRMED CURRENT HYDRO CAPACITY IN ALL FUTURE SCENARIOS,NOT APPLICABLE,ROR residual allocated using open HDAM programmable-capacity floor; remaining programmable capacity split to basin/reservoir by residual national controls,2024,TERNA HYDRO CONTROLS + PROJECT CLASS ALLOCATION,PROJECT ALLOCATION PROVISIONAL,CAPACITY FROZEN; OPERATIONAL PARAMETERS PARTIAL
2050,Slow,PUMPED_HYDRO_PURE,SARD,0,3969.57561,HYDRO_FIXED_CURRENT,CURRENT_FLEET_COPIED_UNCHANGED,USER_CONFIRMED CURRENT HYDRO CAPACITY IN ALL FUTURE SCENARIOS,NOT APPLICABLE,DIRECT PURE/MIXED PUMPING PERIMETER BRIDGE,2024,TERNA HYDRO CONTROLS + PROJECT CLASS ALLOCATION,DIRECT TERNA CONTROL / PERIMETER DERIVATION,CAPACITY FROZEN; OPERATIONAL PARAMETERS PARTIAL
2050,Slow,PUMPED_HYDRO_MIXED,SARD,240.330211592,3282.72439,HYDRO_FIXED_CURRENT,CURRENT_FLEET_COPIED_UNCHANGED,USER_CONFIRMED CURRENT HYDRO CAPACITY IN ALL FUTURE SCENARIOS,NOT APPLICABLE,DIRECT PURE/MIXED PUMPING PERIMETER BRIDGE,2024,TERNA HYDRO CONTROLS + PROJECT CLASS ALLOCATION,DIRECT TERNA CONTROL / PERIMETER DERIVATION,CAPACITY FROZEN; OPERATIONAL PARAMETERS PARTIAL
2050,Slow,BIOENERGY,NORD,4542.288621371,7273.930046872,BASE_THERMAL,BASE_PORTFOLIO,PNIEC ENERGY/CF WEIGHTS NORMALIZED TO TERNA ENVELOPE,PNIEC ENERGY/CF-DERIVED RELATIVE WEIGHT,PROJECT_ALLOCATION_USING_CURRENT_BIOENERGY_GEOGRAPHY,2024,TERNA 2050 + PNIEC + PROJECT GEOGRAPHY,TERNA CONTROL + PROJECT DERIVATION,INSTALLED_CAPACITY_TABLE_READY; CF NOT A DISPATCH QUOTA
2050,Slow,BIOENERGY,CNOR,343.258566564,7273.930046872,BASE_THERMAL,BASE_PORTFOLIO,PNIEC ENERGY/CF WEIGHTS NORMALIZED TO TERNA ENVELOPE,PNIEC ENERGY/CF-DERIVED RELATIVE WEIGHT,PROJECT_ALLOCATION_USING_CURRENT_BIOENERGY_GEOGRAPHY,2024,TERNA 2050 + PNIEC + PROJECT GEOGRAPHY,TERNA CONTROL + PROJECT DERIVATION,INSTALLED_CAPACITY_TABLE_READY; CF NOT A DISPATCH QUOTA
2050,Slow,BIOENERGY,CSUD,853.41991232,7273.930046872,BASE_THERMAL,BASE_PORTFOLIO,PNIEC ENERGY/CF WEIGHTS NORMALIZED TO TERNA ENVELOPE,PNIEC ENERGY/CF-DERIVED RELATIVE WEIGHT,PROJECT_ALLOCATION_USING_CURRENT_BIOENERGY_GEOGRAPHY,2024,TERNA 2050 + PNIEC + PROJECT GEOGRAPHY,TERNA CONTROL + PROJECT DERIVATION,INSTALLED_CAPACITY_TABLE_READY; CF NOT A DISPATCH QUOTA
2050,Slow,BIOENERGY,SUD,853.850595084,7273.930046872,BASE_THERMAL,BASE_PORTFOLIO,PNIEC ENERGY/CF WEIGHTS NORMALIZED TO TERNA ENVELOPE,PNIEC ENERGY/CF-DERIVED RELATIVE WEIGHT,PROJECT_ALLOCATION_USING_CURRENT_BIOENERGY_GEOGRAPHY,2024,TERNA 2050 + PNIEC + PROJECT GEOGRAPHY,TERNA CONTROL + PROJECT DERIVATION,INSTALLED_CAPACITY_TABLE_READY; CF NOT A DISPATCH QUOTA
2050,Slow,BIOENERGY,CALA,335.831107297,7273.930046872,BASE_THERMAL,BASE_PORTFOLIO,PNIEC ENERGY/CF WEIGHTS NORMALIZED TO TERNA ENVELOPE,PNIEC ENERGY/CF-DERIVED RELATIVE WEIGHT,PROJECT_ALLOCATION_USING_CURRENT_BIOENERGY_GEOGRAPHY,2024,TERNA 2050 + PNIEC + PROJECT GEOGRAPHY,TERNA CONTROL + PROJECT DERIVATION,INSTALLED_CAPACITY_TABLE_READY; CF NOT A DISPATCH QUOTA
2050,Slow,BIOENERGY,SICI,132.916357988,7273.930046872,BASE_THERMAL,BASE_PORTFOLIO,PNIEC ENERGY/CF WEIGHTS NORMALIZED TO TERNA ENVELOPE,PNIEC ENERGY/CF-DERIVED RELATIVE WEIGHT,PROJECT_ALLOCATION_USING_CURRENT_BIOENERGY_GEOGRAPHY,2024,TERNA 2050 + PNIEC + PROJECT GEOGRAPHY,TERNA CONTROL + PROJECT DERIVATION,INSTALLED_CAPACITY_TABLE_READY; CF NOT A DISPATCH QUOTA
2050,Slow,BIOENERGY,SARD,212.364886255,7273.930046872,BASE_THERMAL,BASE_PORTFOLIO,PNIEC ENERGY/CF WEIGHTS NORMALIZED TO TERNA ENVELOPE,PNIEC ENERGY/CF-DERIVED RELATIVE WEIGHT,PROJECT_ALLOCATION_USING_CURRENT_BIOENERGY_GEOGRAPHY,2024,TERNA 2050 + PNIEC + PROJECT GEOGRAPHY,TERNA CONTROL + PROJECT DERIVATION,INSTALLED_CAPACITY_TABLE_READY; CF NOT A DISPATCH QUOTA
2050,Slow,BIOENERGY_CCS,NORD,2571.106766814,4117.318894456,BASE_THERMAL,BASE_PORTFOLIO,PNIEC ENERGY/CF WEIGHTS NORMALIZED TO TERNA ENVELOPE,PNIEC ENERGY/CF-DERIVED RELATIVE WEIGHT,PROJECT_ALLOCATION_USING_CURRENT_BIOENERGY_GEOGRAPHY,2024,TERNA 2050 + PNIEC + PROJECT GEOGRAPHY,TERNA CONTROL + PROJECT DERIVATION,INSTALLED_CAPACITY_TABLE_READY; CF NOT A DISPATCH QUOTA
2050,Slow,BIOENERGY_CCS,CNOR,194.297301828,4117.318894456,BASE_THERMAL,BASE_PORTFOLIO,PNIEC ENERGY/CF WEIGHTS NORMALIZED TO TERNA ENVELOPE,PNIEC ENERGY/CF-DERIVED RELATIVE WEIGHT,PROJECT_ALLOCATION_USING_CURRENT_BIOENERGY_GEOGRAPHY,2024,TERNA 2050 + PNIEC + PROJECT GEOGRAPHY,TERNA CONTROL + PROJECT DERIVATION,INSTALLED_CAPACITY_TABLE_READY; CF NOT A DISPATCH QUOTA
2050,Slow,BIOENERGY_CCS,CSUD,483.067874898,4117.318894456,BASE_THERMAL,BASE_PORTFOLIO,PNIEC ENERGY/CF WEIGHTS NORMALIZED TO TERNA ENVELOPE,PNIEC ENERGY/CF-DERIVED RELATIVE WEIGHT,PROJECT_ALLOCATION_USING_CURRENT_BIOENERGY_GEOGRAPHY,2024,TERNA 2050 + PNIEC + PROJECT GEOGRAPHY,TERNA CONTROL + PROJECT DERIVATION,INSTALLED_CAPACITY_TABLE_READY; CF NOT A DISPATCH QUOTA
2050,Slow,BIOENERGY_CCS,SUD,483.311657595,4117.318894456,BASE_THERMAL,BASE_PORTFOLIO,PNIEC ENERGY/CF WEIGHTS NORMALIZED TO TERNA ENVELOPE,PNIEC ENERGY/CF-DERIVED RELATIVE WEIGHT,PROJECT_ALLOCATION_USING_CURRENT_BIOENERGY_GEOGRAPHY,2024,TERNA 2050 + PNIEC + PROJECT GEOGRAPHY,TERNA CONTROL + PROJECT DERIVATION,INSTALLED_CAPACITY_TABLE_READY; CF NOT A DISPATCH QUOTA
2050,Slow,BIOENERGY_CCS,CALA,190.093079602,4117.318894456,BASE_THERMAL,BASE_PORTFOLIO,PNIEC ENERGY/CF WEIGHTS NORMALIZED TO TERNA ENVELOPE,PNIEC ENERGY/CF-DERIVED RELATIVE WEIGHT,PROJECT_ALLOCATION_USING_CURRENT_BIOENERGY_GEOGRAPHY,2024,TERNA 2050 + PNIEC + PROJECT GEOGRAPHY,TERNA CONTROL + PROJECT DERIVATION,INSTALLED_CAPACITY_TABLE_READY; CF NOT A DISPATCH QUOTA
2050,Slow,BIOENERGY_CCS,SICI,75.235674333,4117.318894456,BASE_THERMAL,BASE_PORTFOLIO,PNIEC ENERGY/CF WEIGHTS NORMALIZED TO TERNA ENVELOPE,PNIEC ENERGY/CF-DERIVED RELATIVE WEIGHT,PROJECT_ALLOCATION_USING_CURRENT_BIOENERGY_GEOGRAPHY,2024,TERNA 2050 + PNIEC + PROJECT GEOGRAPHY,TERNA CONTROL + PROJECT DERIVATION,INSTALLED_CAPACITY_TABLE_READY; CF NOT A DISPATCH QUOTA
2050,Slow,BIOENERGY_CCS,SARD,120.20653939,4117.318894456,BASE_THERMAL,BASE_PORTFOLIO,PNIEC ENERGY/CF WEIGHTS NORMALIZED TO TERNA ENVELOPE,PNIEC ENERGY/CF-DERIVED RELATIVE WEIGHT,PROJECT_ALLOCATION_USING_CURRENT_BIOENERGY_GEOGRAPHY,2024,TERNA 2050 + PNIEC + PROJECT GEOGRAPHY,TERNA CONTROL + PROJECT DERIVATION,INSTALLED_CAPACITY_TABLE_READY; CF NOT A DISPATCH QUOTA
2050,Slow,GAS_CCS,NORD,3516.377767001,6450.466267981,BASE_THERMAL,BASE_PORTFOLIO,PNIEC ENERGY/CF WEIGHTS NORMALIZED TO TERNA ENVELOPE,PNIEC ENERGY/CF-DERIVED RELATIVE WEIGHT,PROJECT_ALLOCATION_USING_CURRENT_TECHNOLOGY_GEOGRAPHY,2024,TERNA 2050 + PNIEC + PROJECT GEOGRAPHY,TERNA CONTROL + PROJECT DERIVATION,INSTALLED_CAPACITY_TABLE_READY; CF NOT A DISPATCH QUOTA
2050,Slow,GAS_CCS,CNOR,243.560931279,6450.466267981,BASE_THERMAL,BASE_PORTFOLIO,PNIEC ENERGY/CF WEIGHTS NORMALIZED TO TERNA ENVELOPE,PNIEC ENERGY/CF-DERIVED RELATIVE WEIGHT,PROJECT_ALLOCATION_USING_CURRENT_TECHNOLOGY_GEOGRAPHY,2024,TERNA 2050 + PNIEC + PROJECT GEOGRAPHY,TERNA CONTROL + PROJECT DERIVATION,INSTALLED_CAPACITY_TABLE_READY; CF NOT A DISPATCH QUOTA
2050,Slow,GAS_CCS,CSUD,964.647101768,6450.466267981,BASE_THERMAL,BASE_PORTFOLIO,PNIEC ENERGY/CF WEIGHTS NORMALIZED TO TERNA ENVELOPE,PNIEC ENERGY/CF-DERIVED RELATIVE WEIGHT,PROJECT_ALLOCATION_USING_CURRENT_TECHNOLOGY_GEOGRAPHY,2024,TERNA 2050 + PNIEC + PROJECT GEOGRAPHY,TERNA CONTROL + PROJECT DERIVATION,INSTALLED_CAPACITY_TABLE_READY; CF NOT A DISPATCH QUOTA
2050,Slow,GAS_CCS,SUD,674.038035664,6450.466267981,BASE_THERMAL,BASE_PORTFOLIO,PNIEC ENERGY/CF WEIGHTS NORMALIZED TO TERNA ENVELOPE,PNIEC ENERGY/CF-DERIVED RELATIVE WEIGHT,PROJECT_ALLOCATION_USING_CURRENT_TECHNOLOGY_GEOGRAPHY,2024,TERNA 2050 + PNIEC + PROJECT GEOGRAPHY,TERNA CONTROL + PROJECT DERIVATION,INSTALLED_CAPACITY_TABLE_READY; CF NOT A DISPATCH QUOTA
2050,Slow,GAS_CCS,CALA,492.887687322,6450.466267981,BASE_THERMAL,BASE_PORTFOLIO,PNIEC ENERGY/CF WEIGHTS NORMALIZED TO TERNA ENVELOPE,PNIEC ENERGY/CF-DERIVED RELATIVE WEIGHT,PROJECT_ALLOCATION_USING_CURRENT_TECHNOLOGY_GEOGRAPHY,2024,TERNA 2050 + PNIEC + PROJECT GEOGRAPHY,TERNA CONTROL + PROJECT DERIVATION,INSTALLED_CAPACITY_TABLE_READY; CF NOT A DISPATCH QUOTA
2050,Slow,GAS_CCS,SICI,462.056620428,6450.466267981,BASE_THERMAL,BASE_PORTFOLIO,PNIEC ENERGY/CF WEIGHTS NORMALIZED TO TERNA ENVELOPE,PNIEC ENERGY/CF-DERIVED RELATIVE WEIGHT,PROJECT_ALLOCATION_USING_CURRENT_TECHNOLOGY_GEOGRAPHY,2024,TERNA 2050 + PNIEC + PROJECT GEOGRAPHY,TERNA CONTROL + PROJECT DERIVATION,INSTALLED_CAPACITY_TABLE_READY; CF NOT A DISPATCH QUOTA
2050,Slow,GAS_CCS,SARD,96.898124513,6450.466267981,BASE_THERMAL,BASE_PORTFOLIO,PNIEC ENERGY/CF WEIGHTS NORMALIZED TO TERNA ENVELOPE,PNIEC ENERGY/CF-DERIVED RELATIVE WEIGHT,PROJECT_ALLOCATION_USING_CURRENT_TECHNOLOGY_GEOGRAPHY,2024,TERNA 2050 + PNIEC + PROJECT GEOGRAPHY,TERNA CONTROL + PROJECT DERIVATION,INSTALLED_CAPACITY_TABLE_READY; CF NOT A DISPATCH QUOTA
2050,Slow,GAS_OTHER_FOSSIL,NORD,850.138477546,3386.49479069,BASE_THERMAL,BASE_PORTFOLIO,PNIEC ENERGY/CF WEIGHTS NORMALIZED TO TERNA ENVELOPE,PNIEC ENERGY/CF-DERIVED RELATIVE WEIGHT,PROJECT_ALLOCATION_USING_CURRENT_TECHNOLOGY_GEOGRAPHY,2024,TERNA 2050 + PNIEC + PROJECT GEOGRAPHY,TERNA CONTROL + PROJECT DERIVATION,INSTALLED_CAPACITY_TABLE_READY; CF NOT A DISPATCH QUOTA
2050,Slow,GAS_OTHER_FOSSIL,CNOR,483.986138935,3386.49479069,BASE_THERMAL,BASE_PORTFOLIO,PNIEC ENERGY/CF WEIGHTS NORMALIZED TO TERNA ENVELOPE,PNIEC ENERGY/CF-DERIVED RELATIVE WEIGHT,PROJECT_ALLOCATION_USING_CURRENT_TECHNOLOGY_GEOGRAPHY,2024,TERNA 2050 + PNIEC + PROJECT GEOGRAPHY,TERNA CONTROL + PROJECT DERIVATION,INSTALLED_CAPACITY_TABLE_READY; CF NOT A DISPATCH QUOTA
2050,Slow,GAS_OTHER_FOSSIL,CSUD,776.49858148,3386.49479069,BASE_THERMAL,BASE_PORTFOLIO,PNIEC ENERGY/CF WEIGHTS NORMALIZED TO TERNA ENVELOPE,PNIEC ENERGY/CF-DERIVED RELATIVE WEIGHT,PROJECT_ALLOCATION_USING_CURRENT_TECHNOLOGY_GEOGRAPHY,2024,TERNA 2050 + PNIEC + PROJECT GEOGRAPHY,TERNA CONTROL + PROJECT DERIVATION,INSTALLED_CAPACITY_TABLE_READY; CF NOT A DISPATCH QUOTA
2050,Slow,GAS_OTHER_FOSSIL,SUD,258.533138507,3386.49479069,BASE_THERMAL,BASE_PORTFOLIO,PNIEC ENERGY/CF WEIGHTS NORMALIZED TO TERNA ENVELOPE,PNIEC ENERGY/CF-DERIVED RELATIVE WEIGHT,PROJECT_ALLOCATION_USING_CURRENT_TECHNOLOGY_GEOGRAPHY,2024,TERNA 2050 + PNIEC + PROJECT GEOGRAPHY,TERNA CONTROL + PROJECT DERIVATION,INSTALLED_CAPACITY_TABLE_READY; CF NOT A DISPATCH QUOTA
2050,Slow,GAS_OTHER_FOSSIL,CALA,218.270900589,3386.49479069,BASE_THERMAL,BASE_PORTFOLIO,PNIEC ENERGY/CF WEIGHTS NORMALIZED TO TERNA ENVELOPE,PNIEC ENERGY/CF-DERIVED RELATIVE WEIGHT,PROJECT_ALLOCATION_USING_CURRENT_TECHNOLOGY_GEOGRAPHY,2024,TERNA 2050 + PNIEC + PROJECT GEOGRAPHY,TERNA CONTROL + PROJECT DERIVATION,INSTALLED_CAPACITY_TABLE_READY; CF NOT A DISPATCH QUOTA
2050,Slow,GAS_OTHER_FOSSIL,SICI,658.71906795,3386.49479069,BASE_THERMAL,BASE_PORTFOLIO,PNIEC ENERGY/CF WEIGHTS NORMALIZED TO TERNA ENVELOPE,PNIEC ENERGY/CF-DERIVED RELATIVE WEIGHT,PROJECT_ALLOCATION_USING_CURRENT_TECHNOLOGY_GEOGRAPHY,2024,TERNA 2050 + PNIEC + PROJECT GEOGRAPHY,TERNA CONTROL + PROJECT DERIVATION,INSTALLED_CAPACITY_TABLE_READY; CF NOT A DISPATCH QUOTA
2050,Slow,GAS_OTHER_FOSSIL,SARD,140.348485682,3386.49479069,BASE_THERMAL,BASE_PORTFOLIO,PNIEC ENERGY/CF WEIGHTS NORMALIZED TO TERNA ENVELOPE,PNIEC ENERGY/CF-DERIVED RELATIVE WEIGHT,PROJECT_ALLOCATION_USING_CURRENT_TECHNOLOGY_GEOGRAPHY,2024,TERNA 2050 + PNIEC + PROJECT GEOGRAPHY,TERNA CONTROL + PROJECT DERIVATION,INSTALLED_CAPACITY_TABLE_READY; CF NOT A DISPATCH QUOTA
2050,Slow,GEOTHERMAL,NORD,0,771.79,BASE_THERMAL,BASE_PORTFOLIO,CURRENT CAPACITY RETAINED INSIDE 30-GW ENVELOPE,NOT APPLICABLE,PROJECT_ALLOCATION_USING_POST_COAL_OIL_CURRENT_TECHNOLOGY_GEOGRAPHY,2024,TERNA 2050 + PNIEC + PROJECT GEOGRAPHY,TERNA CONTROL + PROJECT DERIVATION,INSTALLED_CAPACITY_TABLE_READY; CF NOT A DISPATCH QUOTA
2050,Slow,GEOTHERMAL,CNOR,771.79,771.79,BASE_THERMAL,BASE_PORTFOLIO,CURRENT CAPACITY RETAINED INSIDE 30-GW ENVELOPE,NOT APPLICABLE,PROJECT_ALLOCATION_USING_POST_COAL_OIL_CURRENT_TECHNOLOGY_GEOGRAPHY,2024,TERNA 2050 + PNIEC + PROJECT GEOGRAPHY,TERNA CONTROL + PROJECT DERIVATION,INSTALLED_CAPACITY_TABLE_READY; CF NOT A DISPATCH QUOTA
2050,Slow,GEOTHERMAL,CSUD,0,771.79,BASE_THERMAL,BASE_PORTFOLIO,CURRENT CAPACITY RETAINED INSIDE 30-GW ENVELOPE,NOT APPLICABLE,PROJECT_ALLOCATION_USING_POST_COAL_OIL_CURRENT_TECHNOLOGY_GEOGRAPHY,2024,TERNA 2050 + PNIEC + PROJECT GEOGRAPHY,TERNA CONTROL + PROJECT DERIVATION,INSTALLED_CAPACITY_TABLE_READY; CF NOT A DISPATCH QUOTA
2050,Slow,GEOTHERMAL,SUD,0,771.79,BASE_THERMAL,BASE_PORTFOLIO,CURRENT CAPACITY RETAINED INSIDE 30-GW ENVELOPE,NOT APPLICABLE,PROJECT_ALLOCATION_USING_POST_COAL_OIL_CURRENT_TECHNOLOGY_GEOGRAPHY,2024,TERNA 2050 + PNIEC + PROJECT GEOGRAPHY,TERNA CONTROL + PROJECT DERIVATION,INSTALLED_CAPACITY_TABLE_READY; CF NOT A DISPATCH QUOTA
2050,Slow,GEOTHERMAL,CALA,0,771.79,BASE_THERMAL,BASE_PORTFOLIO,CURRENT CAPACITY RETAINED INSIDE 30-GW ENVELOPE,NOT APPLICABLE,PROJECT_ALLOCATION_USING_POST_COAL_OIL_CURRENT_TECHNOLOGY_GEOGRAPHY,2024,TERNA 2050 + PNIEC + PROJECT GEOGRAPHY,TERNA CONTROL + PROJECT DERIVATION,INSTALLED_CAPACITY_TABLE_READY; CF NOT A DISPATCH QUOTA
2050,Slow,GEOTHERMAL,SICI,0,771.79,BASE_THERMAL,BASE_PORTFOLIO,CURRENT CAPACITY RETAINED INSIDE 30-GW ENVELOPE,NOT APPLICABLE,PROJECT_ALLOCATION_USING_POST_COAL_OIL_CURRENT_TECHNOLOGY_GEOGRAPHY,2024,TERNA 2050 + PNIEC + PROJECT GEOGRAPHY,TERNA CONTROL + PROJECT DERIVATION,INSTALLED_CAPACITY_TABLE_READY; CF NOT A DISPATCH QUOTA
2050,Slow,GEOTHERMAL,SARD,0,771.79,BASE_THERMAL,BASE_PORTFOLIO,CURRENT CAPACITY RETAINED INSIDE 30-GW ENVELOPE,NOT APPLICABLE,PROJECT_ALLOCATION_USING_POST_COAL_OIL_CURRENT_TECHNOLOGY_GEOGRAPHY,2024,TERNA 2050 + PNIEC + PROJECT GEOGRAPHY,TERNA CONTROL + PROJECT DERIVATION,INSTALLED_CAPACITY_TABLE_READY; CF NOT A DISPATCH QUOTA
2050,Slow,NUCLEAR,NORD,5000,8000,NUCLEAR_FIXED,BASE_PORTFOLIO,DIRECT 8-GW CAPACITY,NOT APPLICABLE,FIXED_NUCLEAR_SITING_NORD_5GW_CSUD_3GW,2024,TERNA 2050 + PNIEC + PROJECT GEOGRAPHY,DIRECT SOURCE CAPACITY + PROJECT SITING,INSTALLED_CAPACITY_TABLE_READY; CF NOT A DISPATCH QUOTA
2050,Slow,NUCLEAR,CNOR,0,8000,NUCLEAR_FIXED,BASE_PORTFOLIO,DIRECT 8-GW CAPACITY,NOT APPLICABLE,FIXED_NUCLEAR_SITING_NORD_5GW_CSUD_3GW,2024,TERNA 2050 + PNIEC + PROJECT GEOGRAPHY,DIRECT SOURCE CAPACITY + PROJECT SITING,INSTALLED_CAPACITY_TABLE_READY; CF NOT A DISPATCH QUOTA
2050,Slow,NUCLEAR,CSUD,3000,8000,NUCLEAR_FIXED,BASE_PORTFOLIO,DIRECT 8-GW CAPACITY,NOT APPLICABLE,FIXED_NUCLEAR_SITING_NORD_5GW_CSUD_3GW,2024,TERNA 2050 + PNIEC + PROJECT GEOGRAPHY,DIRECT SOURCE CAPACITY + PROJECT SITING,INSTALLED_CAPACITY_TABLE_READY; CF NOT A DISPATCH QUOTA
2050,Slow,NUCLEAR,SUD,0,8000,NUCLEAR_FIXED,BASE_PORTFOLIO,DIRECT 8-GW CAPACITY,NOT APPLICABLE,FIXED_NUCLEAR_SITING_NORD_5GW_CSUD_3GW,2024,TERNA 2050 + PNIEC + PROJECT GEOGRAPHY,DIRECT SOURCE CAPACITY + PROJECT SITING,INSTALLED_CAPACITY_TABLE_READY; CF NOT A DISPATCH QUOTA
2050,Slow,NUCLEAR,CALA,0,8000,NUCLEAR_FIXED,BASE_PORTFOLIO,DIRECT 8-GW CAPACITY,NOT APPLICABLE,FIXED_NUCLEAR_SITING_NORD_5GW_CSUD_3GW,2024,TERNA 2050 + PNIEC + PROJECT GEOGRAPHY,DIRECT SOURCE CAPACITY + PROJECT SITING,INSTALLED_CAPACITY_TABLE_READY; CF NOT A DISPATCH QUOTA
2050,Slow,NUCLEAR,SICI,0,8000,NUCLEAR_FIXED,BASE_PORTFOLIO,DIRECT 8-GW CAPACITY,NOT APPLICABLE,FIXED_NUCLEAR_SITING_NORD_5GW_CSUD_3GW,2024,TERNA 2050 + PNIEC + PROJECT GEOGRAPHY,DIRECT SOURCE CAPACITY + PROJECT SITING,INSTALLED_CAPACITY_TABLE_READY; CF NOT A DISPATCH QUOTA
2050,Slow,NUCLEAR,SARD,0,8000,NUCLEAR_FIXED,BASE_PORTFOLIO,DIRECT 8-GW CAPACITY,NOT APPLICABLE,FIXED_NUCLEAR_SITING_NORD_5GW_CSUD_3GW,2024,TERNA 2050 + PNIEC + PROJECT GEOGRAPHY,DIRECT SOURCE CAPACITY + PROJECT SITING,INSTALLED_CAPACITY_TABLE_READY; CF NOT A DISPATCH QUOTA
2050,Slow,BIOENERGY,NORD,4462.465073155,7146.102215087,SLOW_CDP_ADDITIONAL_THERMAL,INCREMENT,CORRECTED TERNA CDP LOSS / 0.85 AVAILABILITY,BASE NON-NUCLEAR PROGRAMMABLE TECHNOLOGY PROPORTIONS,SAME TECHNOLOGY-SPECIFIC 2024 GEOGRAPHY,2024,TERNA FIGURES 55-56 + PROJECT PROPORTIONAL ALLOCATION,PROJECT SLOW CDP DERIVATION,INSTALLED_CAPACITY_TABLE_READY
2050,Slow,BIOENERGY,CNOR,337.226339415,7146.102215087,SLOW_CDP_ADDITIONAL_THERMAL,INCREMENT,CORRECTED TERNA CDP LOSS / 0.85 AVAILABILITY,BASE NON-NUCLEAR PROGRAMMABLE TECHNOLOGY PROPORTIONS,SAME TECHNOLOGY-SPECIFIC 2024 GEOGRAPHY,2024,TERNA FIGURES 55-56 + PROJECT PROPORTIONAL ALLOCATION,PROJECT SLOW CDP DERIVATION,INSTALLED_CAPACITY_TABLE_READY
2050,Slow,BIOENERGY,CSUD,838.422405293,7146.102215087,SLOW_CDP_ADDITIONAL_THERMAL,INCREMENT,CORRECTED TERNA CDP LOSS / 0.85 AVAILABILITY,BASE NON-NUCLEAR PROGRAMMABLE TECHNOLOGY PROPORTIONS,SAME TECHNOLOGY-SPECIFIC 2024 GEOGRAPHY,2024,TERNA FIGURES 55-56 + PROJECT PROPORTIONAL ALLOCATION,PROJECT SLOW CDP DERIVATION,INSTALLED_CAPACITY_TABLE_READY
2050,Slow,BIOENERGY,SUD,838.845519488,7146.102215087,SLOW_CDP_ADDITIONAL_THERMAL,INCREMENT,CORRECTED TERNA CDP LOSS / 0.85 AVAILABILITY,BASE NON-NUCLEAR PROGRAMMABLE TECHNOLOGY PROPORTIONS,SAME TECHNOLOGY-SPECIFIC 2024 GEOGRAPHY,2024,TERNA FIGURES 55-56 + PROJECT PROPORTIONAL ALLOCATION,PROJECT SLOW CDP DERIVATION,INSTALLED_CAPACITY_TABLE_READY
2050,Slow,BIOENERGY,CALA,329.929406014,7146.102215087,SLOW_CDP_ADDITIONAL_THERMAL,INCREMENT,CORRECTED TERNA CDP LOSS / 0.85 AVAILABILITY,BASE NON-NUCLEAR PROGRAMMABLE TECHNOLOGY PROPORTIONS,SAME TECHNOLOGY-SPECIFIC 2024 GEOGRAPHY,2024,TERNA FIGURES 55-56 + PROJECT PROPORTIONAL ALLOCATION,PROJECT SLOW CDP DERIVATION,INSTALLED_CAPACITY_TABLE_READY
2050,Slow,BIOENERGY,SICI,130.580562931,7146.102215087,SLOW_CDP_ADDITIONAL_THERMAL,INCREMENT,CORRECTED TERNA CDP LOSS / 0.85 AVAILABILITY,BASE NON-NUCLEAR PROGRAMMABLE TECHNOLOGY PROPORTIONS,SAME TECHNOLOGY-SPECIFIC 2024 GEOGRAPHY,2024,TERNA FIGURES 55-56 + PROJECT PROPORTIONAL ALLOCATION,PROJECT SLOW CDP DERIVATION,INSTALLED_CAPACITY_TABLE_READY
2050,Slow,BIOENERGY,SARD,208.632908798,7146.102215087,SLOW_CDP_ADDITIONAL_THERMAL,INCREMENT,CORRECTED TERNA CDP LOSS / 0.85 AVAILABILITY,BASE NON-NUCLEAR PROGRAMMABLE TECHNOLOGY PROPORTIONS,SAME TECHNOLOGY-SPECIFIC 2024 GEOGRAPHY,2024,TERNA FIGURES 55-56 + PROJECT PROPORTIONAL ALLOCATION,PROJECT SLOW CDP DERIVATION,INSTALLED_CAPACITY_TABLE_READY
2050,Slow,BIOENERGY_CCS,NORD,2525.923626314,4044.963517974,SLOW_CDP_ADDITIONAL_THERMAL,INCREMENT,CORRECTED TERNA CDP LOSS / 0.85 AVAILABILITY,BASE NON-NUCLEAR PROGRAMMABLE TECHNOLOGY PROPORTIONS,SAME TECHNOLOGY-SPECIFIC 2024 GEOGRAPHY,2024,TERNA FIGURES 55-56 + PROJECT PROPORTIONAL ALLOCATION,PROJECT SLOW CDP DERIVATION,INSTALLED_CAPACITY_TABLE_READY
2050,Slow,BIOENERGY_CCS,CNOR,190.882833631,4044.963517974,SLOW_CDP_ADDITIONAL_THERMAL,INCREMENT,CORRECTED TERNA CDP LOSS / 0.85 AVAILABILITY,BASE NON-NUCLEAR PROGRAMMABLE TECHNOLOGY PROPORTIONS,SAME TECHNOLOGY-SPECIFIC 2024 GEOGRAPHY,2024,TERNA FIGURES 55-56 + PROJECT PROPORTIONAL ALLOCATION,PROJECT SLOW CDP DERIVATION,INSTALLED_CAPACITY_TABLE_READY
2050,Slow,BIOENERGY_CCS,CSUD,474.578719977,4044.963517974,SLOW_CDP_ADDITIONAL_THERMAL,INCREMENT,CORRECTED TERNA CDP LOSS / 0.85 AVAILABILITY,BASE NON-NUCLEAR PROGRAMMABLE TECHNOLOGY PROPORTIONS,SAME TECHNOLOGY-SPECIFIC 2024 GEOGRAPHY,2024,TERNA FIGURES 55-56 + PROJECT PROPORTIONAL ALLOCATION,PROJECT SLOW CDP DERIVATION,INSTALLED_CAPACITY_TABLE_READY
2050,Slow,BIOENERGY_CCS,SUD,474.818218578,4044.963517974,SLOW_CDP_ADDITIONAL_THERMAL,INCREMENT,CORRECTED TERNA CDP LOSS / 0.85 AVAILABILITY,BASE NON-NUCLEAR PROGRAMMABLE TECHNOLOGY PROPORTIONS,SAME TECHNOLOGY-SPECIFIC 2024 GEOGRAPHY,2024,TERNA FIGURES 55-56 + PROJECT PROPORTIONAL ALLOCATION,PROJECT SLOW CDP DERIVATION,INSTALLED_CAPACITY_TABLE_READY
2050,Slow,BIOENERGY_CCS,CALA,186.75249397,4044.963517974,SLOW_CDP_ADDITIONAL_THERMAL,INCREMENT,CORRECTED TERNA CDP LOSS / 0.85 AVAILABILITY,BASE NON-NUCLEAR PROGRAMMABLE TECHNOLOGY PROPORTIONS,SAME TECHNOLOGY-SPECIFIC 2024 GEOGRAPHY,2024,TERNA FIGURES 55-56 + PROJECT PROPORTIONAL ALLOCATION,PROJECT SLOW CDP DERIVATION,INSTALLED_CAPACITY_TABLE_READY
2050,Slow,BIOENERGY_CCS,SICI,73.913526187,4044.963517974,SLOW_CDP_ADDITIONAL_THERMAL,INCREMENT,CORRECTED TERNA CDP LOSS / 0.85 AVAILABILITY,BASE NON-NUCLEAR PROGRAMMABLE TECHNOLOGY PROPORTIONS,SAME TECHNOLOGY-SPECIFIC 2024 GEOGRAPHY,2024,TERNA FIGURES 55-56 + PROJECT PROPORTIONAL ALLOCATION,PROJECT SLOW CDP DERIVATION,INSTALLED_CAPACITY_TABLE_READY
2050,Slow,BIOENERGY_CCS,SARD,118.09409932,4044.963517974,SLOW_CDP_ADDITIONAL_THERMAL,INCREMENT,CORRECTED TERNA CDP LOSS / 0.85 AVAILABILITY,BASE NON-NUCLEAR PROGRAMMABLE TECHNOLOGY PROPORTIONS,SAME TECHNOLOGY-SPECIFIC 2024 GEOGRAPHY,2024,TERNA FIGURES 55-56 + PROJECT PROPORTIONAL ALLOCATION,PROJECT SLOW CDP DERIVATION,INSTALLED_CAPACITY_TABLE_READY
2050,Slow,GAS_CCS,NORD,3454.582981679,6337.109511492,SLOW_CDP_ADDITIONAL_THERMAL,INCREMENT,CORRECTED TERNA CDP LOSS / 0.85 AVAILABILITY,BASE NON-NUCLEAR PROGRAMMABLE TECHNOLOGY PROPORTIONS,SAME TECHNOLOGY-SPECIFIC 2024 GEOGRAPHY,2024,TERNA FIGURES 55-56 + PROJECT PROPORTIONAL ALLOCATION,PROJECT SLOW CDP DERIVATION,INSTALLED_CAPACITY_TABLE_READY
2050,Slow,GAS_CCS,CNOR,239.280732603,6337.109511492,SLOW_CDP_ADDITIONAL_THERMAL,INCREMENT,CORRECTED TERNA CDP LOSS / 0.85 AVAILABILITY,BASE NON-NUCLEAR PROGRAMMABLE TECHNOLOGY PROPORTIONS,SAME TECHNOLOGY-SPECIFIC 2024 GEOGRAPHY,2024,TERNA FIGURES 55-56 + PROJECT PROPORTIONAL ALLOCATION,PROJECT SLOW CDP DERIVATION,INSTALLED_CAPACITY_TABLE_READY
2050,Slow,GAS_CCS,CSUD,947.694952563,6337.109511492,SLOW_CDP_ADDITIONAL_THERMAL,INCREMENT,CORRECTED TERNA CDP LOSS / 0.85 AVAILABILITY,BASE NON-NUCLEAR PROGRAMMABLE TECHNOLOGY PROPORTIONS,SAME TECHNOLOGY-SPECIFIC 2024 GEOGRAPHY,2024,TERNA FIGURES 55-56 + PROJECT PROPORTIONAL ALLOCATION,PROJECT SLOW CDP DERIVATION,INSTALLED_CAPACITY_TABLE_READY
2050,Slow,GAS_CCS,SUD,662.192881795,6337.109511492,SLOW_CDP_ADDITIONAL_THERMAL,INCREMENT,CORRECTED TERNA CDP LOSS / 0.85 AVAILABILITY,BASE NON-NUCLEAR PROGRAMMABLE TECHNOLOGY PROPORTIONS,SAME TECHNOLOGY-SPECIFIC 2024 GEOGRAPHY,2024,TERNA FIGURES 55-56 + PROJECT PROPORTIONAL ALLOCATION,PROJECT SLOW CDP DERIVATION,INSTALLED_CAPACITY_TABLE_READY
2050,Slow,GAS_CCS,CALA,484.225964707,6337.109511492,SLOW_CDP_ADDITIONAL_THERMAL,INCREMENT,CORRECTED TERNA CDP LOSS / 0.85 AVAILABILITY,BASE NON-NUCLEAR PROGRAMMABLE TECHNOLOGY PROPORTIONS,SAME TECHNOLOGY-SPECIFIC 2024 GEOGRAPHY,2024,TERNA FIGURES 55-56 + PROJECT PROPORTIONAL ALLOCATION,PROJECT SLOW CDP DERIVATION,INSTALLED_CAPACITY_TABLE_READY
2050,Slow,GAS_CCS,SICI,453.936705118,6337.109511492,SLOW_CDP_ADDITIONAL_THERMAL,INCREMENT,CORRECTED TERNA CDP LOSS / 0.85 AVAILABILITY,BASE NON-NUCLEAR PROGRAMMABLE TECHNOLOGY PROPORTIONS,SAME TECHNOLOGY-SPECIFIC 2024 GEOGRAPHY,2024,TERNA FIGURES 55-56 + PROJECT PROPORTIONAL ALLOCATION,PROJECT SLOW CDP DERIVATION,INSTALLED_CAPACITY_TABLE_READY
2050,Slow,GAS_CCS,SARD,95.19529302,6337.109511492,SLOW_CDP_ADDITIONAL_THERMAL,INCREMENT,CORRECTED TERNA CDP LOSS / 0.85 AVAILABILITY,BASE NON-NUCLEAR PROGRAMMABLE TECHNOLOGY PROPORTIONS,SAME TECHNOLOGY-SPECIFIC 2024 GEOGRAPHY,2024,TERNA FIGURES 55-56 + PROJECT PROPORTIONAL ALLOCATION,PROJECT SLOW CDP DERIVATION,INSTALLED_CAPACITY_TABLE_READY
2050,Slow,GAS_OTHER_FOSSIL,NORD,835.198636552,3326.982493533,SLOW_CDP_ADDITIONAL_THERMAL,INCREMENT,CORRECTED TERNA CDP LOSS / 0.85 AVAILABILITY,BASE NON-NUCLEAR PROGRAMMABLE TECHNOLOGY PROPORTIONS,SAME TECHNOLOGY-SPECIFIC 2024 GEOGRAPHY,2024,TERNA FIGURES 55-56 + PROJECT PROPORTIONAL ALLOCATION,PROJECT SLOW CDP DERIVATION,INSTALLED_CAPACITY_TABLE_READY
2050,Slow,GAS_OTHER_FOSSIL,CNOR,475.480846974,3326.982493533,SLOW_CDP_ADDITIONAL_THERMAL,INCREMENT,CORRECTED TERNA CDP LOSS / 0.85 AVAILABILITY,BASE NON-NUCLEAR PROGRAMMABLE TECHNOLOGY PROPORTIONS,SAME TECHNOLOGY-SPECIFIC 2024 GEOGRAPHY,2024,TERNA FIGURES 55-56 + PROJECT PROPORTIONAL ALLOCATION,PROJECT SLOW CDP DERIVATION,INSTALLED_CAPACITY_TABLE_READY
2050,Slow,GAS_OTHER_FOSSIL,CSUD,762.852845349,3326.982493533,SLOW_CDP_ADDITIONAL_THERMAL,INCREMENT,CORRECTED TERNA CDP LOSS / 0.85 AVAILABILITY,BASE NON-NUCLEAR PROGRAMMABLE TECHNOLOGY PROPORTIONS,SAME TECHNOLOGY-SPECIFIC 2024 GEOGRAPHY,2024,TERNA FIGURES 55-56 + PROJECT PROPORTIONAL ALLOCATION,PROJECT SLOW CDP DERIVATION,INSTALLED_CAPACITY_TABLE_READY
2050,Slow,GAS_OTHER_FOSSIL,SUD,253.989826937,3326.982493533,SLOW_CDP_ADDITIONAL_THERMAL,INCREMENT,CORRECTED TERNA CDP LOSS / 0.85 AVAILABILITY,BASE NON-NUCLEAR PROGRAMMABLE TECHNOLOGY PROPORTIONS,SAME TECHNOLOGY-SPECIFIC 2024 GEOGRAPHY,2024,TERNA FIGURES 55-56 + PROJECT PROPORTIONAL ALLOCATION,PROJECT SLOW CDP DERIVATION,INSTALLED_CAPACITY_TABLE_READY
2050,Slow,GAS_OTHER_FOSSIL,CALA,214.435134259,3326.982493533,SLOW_CDP_ADDITIONAL_THERMAL,INCREMENT,CORRECTED TERNA CDP LOSS / 0.85 AVAILABILITY,BASE NON-NUCLEAR PROGRAMMABLE TECHNOLOGY PROPORTIONS,SAME TECHNOLOGY-SPECIFIC 2024 GEOGRAPHY,2024,TERNA FIGURES 55-56 + PROJECT PROPORTIONAL ALLOCATION,PROJECT SLOW CDP DERIVATION,INSTALLED_CAPACITY_TABLE_READY
2050,Slow,GAS_OTHER_FOSSIL,SICI,647.143120743,3326.982493533,SLOW_CDP_ADDITIONAL_THERMAL,INCREMENT,CORRECTED TERNA CDP LOSS / 0.85 AVAILABILITY,BASE NON-NUCLEAR PROGRAMMABLE TECHNOLOGY PROPORTIONS,SAME TECHNOLOGY-SPECIFIC 2024 GEOGRAPHY,2024,TERNA FIGURES 55-56 + PROJECT PROPORTIONAL ALLOCATION,PROJECT SLOW CDP DERIVATION,INSTALLED_CAPACITY_TABLE_READY
2050,Slow,GAS_OTHER_FOSSIL,SARD,137.882082719,3326.982493533,SLOW_CDP_ADDITIONAL_THERMAL,INCREMENT,CORRECTED TERNA CDP LOSS / 0.85 AVAILABILITY,BASE NON-NUCLEAR PROGRAMMABLE TECHNOLOGY PROPORTIONS,SAME TECHNOLOGY-SPECIFIC 2024 GEOGRAPHY,2024,TERNA FIGURES 55-56 + PROJECT PROPORTIONAL ALLOCATION,PROJECT SLOW CDP DERIVATION,INSTALLED_CAPACITY_TABLE_READY
2050,Slow,GEOTHERMAL,NORD,0,758.227009752,SLOW_CDP_ADDITIONAL_THERMAL,INCREMENT,CORRECTED TERNA CDP LOSS / 0.85 AVAILABILITY,BASE NON-NUCLEAR PROGRAMMABLE TECHNOLOGY PROPORTIONS,SAME TECHNOLOGY-SPECIFIC 2024 GEOGRAPHY,2024,TERNA FIGURES 55-56 + PROJECT PROPORTIONAL ALLOCATION,PROJECT SLOW CDP DERIVATION,INSTALLED_CAPACITY_TABLE_READY
2050,Slow,GEOTHERMAL,CNOR,758.227009752,758.227009752,SLOW_CDP_ADDITIONAL_THERMAL,INCREMENT,CORRECTED TERNA CDP LOSS / 0.85 AVAILABILITY,BASE NON-NUCLEAR PROGRAMMABLE TECHNOLOGY PROPORTIONS,SAME TECHNOLOGY-SPECIFIC 2024 GEOGRAPHY,2024,TERNA FIGURES 55-56 + PROJECT PROPORTIONAL ALLOCATION,PROJECT SLOW CDP DERIVATION,INSTALLED_CAPACITY_TABLE_READY
2050,Slow,GEOTHERMAL,CSUD,0,758.227009752,SLOW_CDP_ADDITIONAL_THERMAL,INCREMENT,CORRECTED TERNA CDP LOSS / 0.85 AVAILABILITY,BASE NON-NUCLEAR PROGRAMMABLE TECHNOLOGY PROPORTIONS,SAME TECHNOLOGY-SPECIFIC 2024 GEOGRAPHY,2024,TERNA FIGURES 55-56 + PROJECT PROPORTIONAL ALLOCATION,PROJECT SLOW CDP DERIVATION,INSTALLED_CAPACITY_TABLE_READY
2050,Slow,GEOTHERMAL,SUD,0,758.227009752,SLOW_CDP_ADDITIONAL_THERMAL,INCREMENT,CORRECTED TERNA CDP LOSS / 0.85 AVAILABILITY,BASE NON-NUCLEAR PROGRAMMABLE TECHNOLOGY PROPORTIONS,SAME TECHNOLOGY-SPECIFIC 2024 GEOGRAPHY,2024,TERNA FIGURES 55-56 + PROJECT PROPORTIONAL ALLOCATION,PROJECT SLOW CDP DERIVATION,INSTALLED_CAPACITY_TABLE_READY
2050,Slow,GEOTHERMAL,CALA,0,758.227009752,SLOW_CDP_ADDITIONAL_THERMAL,INCREMENT,CORRECTED TERNA CDP LOSS / 0.85 AVAILABILITY,BASE NON-NUCLEAR PROGRAMMABLE TECHNOLOGY PROPORTIONS,SAME TECHNOLOGY-SPECIFIC 2024 GEOGRAPHY,2024,TERNA FIGURES 55-56 + PROJECT PROPORTIONAL ALLOCATION,PROJECT SLOW CDP DERIVATION,INSTALLED_CAPACITY_TABLE_READY
2050,Slow,GEOTHERMAL,SICI,0,758.227009752,SLOW_CDP_ADDITIONAL_THERMAL,INCREMENT,CORRECTED TERNA CDP LOSS / 0.85 AVAILABILITY,BASE NON-NUCLEAR PROGRAMMABLE TECHNOLOGY PROPORTIONS,SAME TECHNOLOGY-SPECIFIC 2024 GEOGRAPHY,2024,TERNA FIGURES 55-56 + PROJECT PROPORTIONAL ALLOCATION,PROJECT SLOW CDP DERIVATION,INSTALLED_CAPACITY_TABLE_READY
2050,Slow,GEOTHERMAL,SARD,0,758.227009752,SLOW_CDP_ADDITIONAL_THERMAL,INCREMENT,CORRECTED TERNA CDP LOSS / 0.85 AVAILABILITY,BASE NON-NUCLEAR PROGRAMMABLE TECHNOLOGY PROPORTIONS,SAME TECHNOLOGY-SPECIFIC 2024 GEOGRAPHY,2024,TERNA FIGURES 55-56 + PROJECT PROPORTIONAL ALLOCATION,PROJECT SLOW CDP DERIVATION,INSTALLED_CAPACITY_TABLE_READY
2050,Base,SOLAR_PV_ROOFTOP,NORD,50864.35070306,84503.722084367,RENEWABLE,SCENARIO_TOTAL,FROZEN V2.9 SCENARIO CAPACITY,BASE,FROZEN V2.9 ZONAL ALLOCATION,V2.7/V2.9,CONTROLLING V2.9 SCENARIO MATRIX,ACCEPTED SCENARIO INPUT,INSTALLED_CAPACITY_TABLE_READY
2050,Base,SOLAR_PV_ROOFTOP,CNOR,6687.344913151,84503.722084367,RENEWABLE,SCENARIO_TOTAL,FROZEN V2.9 SCENARIO CAPACITY,BASE,FROZEN V2.9 ZONAL ALLOCATION,V2.7/V2.9,CONTROLLING V2.9 SCENARIO MATRIX,ACCEPTED SCENARIO INPUT,INSTALLED_CAPACITY_TABLE_READY
2050,Base,SOLAR_PV_ROOFTOP,CSUD,11145.574855252,84503.722084367,RENEWABLE,SCENARIO_TOTAL,FROZEN V2.9 SCENARIO CAPACITY,BASE,FROZEN V2.9 ZONAL ALLOCATION,V2.7/V2.9,CONTROLLING V2.9 SCENARIO MATRIX,ACCEPTED SCENARIO INPUT,INSTALLED_CAPACITY_TABLE_READY
2050,Base,SOLAR_PV_ROOFTOP,SUD,3444.995864351,84503.722084367,RENEWABLE,SCENARIO_TOTAL,FROZEN V2.9 SCENARIO CAPACITY,BASE,FROZEN V2.9 ZONAL ALLOCATION,V2.7/V2.9,CONTROLLING V2.9 SCENARIO MATRIX,ACCEPTED SCENARIO INPUT,INSTALLED_CAPACITY_TABLE_READY
2050,Base,SOLAR_PV_ROOFTOP,CALA,2229.11497105,84503.722084367,RENEWABLE,SCENARIO_TOTAL,FROZEN V2.9 SCENARIO CAPACITY,BASE,FROZEN V2.9 ZONAL ALLOCATION,V2.7/V2.9,CONTROLLING V2.9 SCENARIO MATRIX,ACCEPTED SCENARIO INPUT,INSTALLED_CAPACITY_TABLE_READY
2050,Base,SOLAR_PV_ROOFTOP,SICI,6687.344913151,84503.722084367,RENEWABLE,SCENARIO_TOTAL,FROZEN V2.9 SCENARIO CAPACITY,BASE,FROZEN V2.9 ZONAL ALLOCATION,V2.7/V2.9,CONTROLLING V2.9 SCENARIO MATRIX,ACCEPTED SCENARIO INPUT,INSTALLED_CAPACITY_TABLE_READY
2050,Base,SOLAR_PV_ROOFTOP,SARD,3444.995864351,84503.722084367,RENEWABLE,SCENARIO_TOTAL,FROZEN V2.9 SCENARIO CAPACITY,BASE,FROZEN V2.9 ZONAL ALLOCATION,V2.7/V2.9,CONTROLLING V2.9 SCENARIO MATRIX,ACCEPTED SCENARIO INPUT,INSTALLED_CAPACITY_TABLE_READY
2050,Base,SOLAR_PV_UTILITY,NORD,35057.899090157,160496.277915633,RENEWABLE,SCENARIO_TOTAL,FROZEN V2.9 SCENARIO CAPACITY,BASE,FROZEN V2.9 ZONAL ALLOCATION,V2.7/V2.9,CONTROLLING V2.9 SCENARIO MATRIX,ACCEPTED SCENARIO INPUT,INSTALLED_CAPACITY_TABLE_READY
2050,Base,SOLAR_PV_UTILITY,CNOR,12766.749379653,160496.277915633,RENEWABLE,SCENARIO_TOTAL,FROZEN V2.9 SCENARIO CAPACITY,BASE,FROZEN V2.9 ZONAL ALLOCATION,V2.7/V2.9,CONTROLLING V2.9 SCENARIO MATRIX,ACCEPTED SCENARIO INPUT,INSTALLED_CAPACITY_TABLE_READY
2050,Base,SOLAR_PV_UTILITY,CSUD,29586.435070306,160496.277915633,RENEWABLE,SCENARIO_TOTAL,FROZEN V2.9 SCENARIO CAPACITY,BASE,FROZEN V2.9 ZONAL ALLOCATION,V2.7/V2.9,CONTROLLING V2.9 SCENARIO MATRIX,ACCEPTED SCENARIO INPUT,INSTALLED_CAPACITY_TABLE_READY
2050,Base,SOLAR_PV_UTILITY,SUD,39110.835401158,160496.277915633,RENEWABLE,SCENARIO_TOTAL,FROZEN V2.9 SCENARIO CAPACITY,BASE,FROZEN V2.9 ZONAL ALLOCATION,V2.7/V2.9,CONTROLLING V2.9 SCENARIO MATRIX,ACCEPTED SCENARIO INPUT,INSTALLED_CAPACITY_TABLE_READY
2050,Base,SOLAR_PV_UTILITY,CALA,5066.170388751,160496.277915633,RENEWABLE,SCENARIO_TOTAL,FROZEN V2.9 SCENARIO CAPACITY,BASE,FROZEN V2.9 ZONAL ALLOCATION,V2.7/V2.9,CONTROLLING V2.9 SCENARIO MATRIX,ACCEPTED SCENARIO INPUT,INSTALLED_CAPACITY_TABLE_READY
2050,Base,SOLAR_PV_UTILITY,SICI,23304.383788255,160496.277915633,RENEWABLE,SCENARIO_TOTAL,FROZEN V2.9 SCENARIO CAPACITY,BASE,FROZEN V2.9 ZONAL ALLOCATION,V2.7/V2.9,CONTROLLING V2.9 SCENARIO MATRIX,ACCEPTED SCENARIO INPUT,INSTALLED_CAPACITY_TABLE_READY
2050,Base,SOLAR_PV_UTILITY,SARD,15603.804797353,160496.277915633,RENEWABLE,SCENARIO_TOTAL,FROZEN V2.9 SCENARIO CAPACITY,BASE,FROZEN V2.9 ZONAL ALLOCATION,V2.7/V2.9,CONTROLLING V2.9 SCENARIO MATRIX,ACCEPTED SCENARIO INPUT,INSTALLED_CAPACITY_TABLE_READY
2050,Base,WIND_ONSHORE,NORD,633.431085044,36000,RENEWABLE,SCENARIO_TOTAL,FROZEN V2.9 SCENARIO CAPACITY,BASE,FROZEN V2.9 ZONAL ALLOCATION,V2.7/V2.9,CONTROLLING V2.9 SCENARIO MATRIX,ACCEPTED SCENARIO INPUT,INSTALLED_CAPACITY_TABLE_READY
2050,Base,WIND_ONSHORE,CNOR,422.287390029,36000,RENEWABLE,SCENARIO_TOTAL,FROZEN V2.9 SCENARIO CAPACITY,BASE,FROZEN V2.9 ZONAL ALLOCATION,V2.7/V2.9,CONTROLLING V2.9 SCENARIO MATRIX,ACCEPTED SCENARIO INPUT,INSTALLED_CAPACITY_TABLE_READY
2050,Base,WIND_ONSHORE,CSUD,7178.885630499,36000,RENEWABLE,SCENARIO_TOTAL,FROZEN V2.9 SCENARIO CAPACITY,BASE,FROZEN V2.9 ZONAL ALLOCATION,V2.7/V2.9,CONTROLLING V2.9 SCENARIO MATRIX,ACCEPTED SCENARIO INPUT,INSTALLED_CAPACITY_TABLE_READY
2050,Base,WIND_ONSHORE,SUD,13935.483870968,36000,RENEWABLE,SCENARIO_TOTAL,FROZEN V2.9 SCENARIO CAPACITY,BASE,FROZEN V2.9 ZONAL ALLOCATION,V2.7/V2.9,CONTROLLING V2.9 SCENARIO MATRIX,ACCEPTED SCENARIO INPUT,INSTALLED_CAPACITY_TABLE_READY
2050,Base,WIND_ONSHORE,CALA,3483.870967742,36000,RENEWABLE,SCENARIO_TOTAL,FROZEN V2.9 SCENARIO CAPACITY,BASE,FROZEN V2.9 ZONAL ALLOCATION,V2.7/V2.9,CONTROLLING V2.9 SCENARIO MATRIX,ACCEPTED SCENARIO INPUT,INSTALLED_CAPACITY_TABLE_READY
2050,Base,WIND_ONSHORE,SICI,6651.026392962,36000,RENEWABLE,SCENARIO_TOTAL,FROZEN V2.9 SCENARIO CAPACITY,BASE,FROZEN V2.9 ZONAL ALLOCATION,V2.7/V2.9,CONTROLLING V2.9 SCENARIO MATRIX,ACCEPTED SCENARIO INPUT,INSTALLED_CAPACITY_TABLE_READY
2050,Base,WIND_ONSHORE,SARD,3695.014662757,36000,RENEWABLE,SCENARIO_TOTAL,FROZEN V2.9 SCENARIO CAPACITY,BASE,FROZEN V2.9 ZONAL ALLOCATION,V2.7/V2.9,CONTROLLING V2.9 SCENARIO MATRIX,ACCEPTED SCENARIO INPUT,INSTALLED_CAPACITY_TABLE_READY
2050,Base,WIND_OFFSHORE,NORD,1480.263157895,15000,RENEWABLE,SCENARIO_TOTAL,FROZEN V2.9 SCENARIO CAPACITY,BASE,FROZEN V2.9 ZONAL ALLOCATION,V2.7/V2.9,CONTROLLING V2.9 SCENARIO MATRIX,ACCEPTED SCENARIO INPUT,INSTALLED_CAPACITY_TABLE_READY
2050,Base,WIND_OFFSHORE,CNOR,789.473684211,15000,RENEWABLE,SCENARIO_TOTAL,FROZEN V2.9 SCENARIO CAPACITY,BASE,FROZEN V2.9 ZONAL ALLOCATION,V2.7/V2.9,CONTROLLING V2.9 SCENARIO MATRIX,ACCEPTED SCENARIO INPUT,INSTALLED_CAPACITY_TABLE_READY
2050,Base,WIND_OFFSHORE,CSUD,1578.947368421,15000,RENEWABLE,SCENARIO_TOTAL,FROZEN V2.9 SCENARIO CAPACITY,BASE,FROZEN V2.9 ZONAL ALLOCATION,V2.7/V2.9,CONTROLLING V2.9 SCENARIO MATRIX,ACCEPTED SCENARIO INPUT,INSTALLED_CAPACITY_TABLE_READY
2050,Base,WIND_OFFSHORE,SUD,4638.157894737,15000,RENEWABLE,SCENARIO_TOTAL,FROZEN V2.9 SCENARIO CAPACITY,BASE,FROZEN V2.9 ZONAL ALLOCATION,V2.7/V2.9,CONTROLLING V2.9 SCENARIO MATRIX,ACCEPTED SCENARIO INPUT,INSTALLED_CAPACITY_TABLE_READY
2050,Base,WIND_OFFSHORE,CALA,592.105263158,15000,RENEWABLE,SCENARIO_TOTAL,FROZEN V2.9 SCENARIO CAPACITY,BASE,FROZEN V2.9 ZONAL ALLOCATION,V2.7/V2.9,CONTROLLING V2.9 SCENARIO MATRIX,ACCEPTED SCENARIO INPUT,INSTALLED_CAPACITY_TABLE_READY
2050,Base,WIND_OFFSHORE,SICI,2960.526315789,15000,RENEWABLE,SCENARIO_TOTAL,FROZEN V2.9 SCENARIO CAPACITY,BASE,FROZEN V2.9 ZONAL ALLOCATION,V2.7/V2.9,CONTROLLING V2.9 SCENARIO MATRIX,ACCEPTED SCENARIO INPUT,INSTALLED_CAPACITY_TABLE_READY
2050,Base,WIND_OFFSHORE,SARD,2960.526315789,15000,RENEWABLE,SCENARIO_TOTAL,FROZEN V2.9 SCENARIO CAPACITY,BASE,FROZEN V2.9 ZONAL ALLOCATION,V2.7/V2.9,CONTROLLING V2.9 SCENARIO MATRIX,ACCEPTED SCENARIO INPUT,INSTALLED_CAPACITY_TABLE_READY
2050,Base,BESS,NORD,3801.617944475,43653.06122449,STORAGE,SCENARIO_TOTAL_DISCHARGE_POWER,FROZEN V2.9 BESS POWER,BASE,FROZEN V2.9 ZONAL STORAGE ALLOCATION,V2.9,CONTROLLING V2.9 STORAGE MATRIX,ACCEPTED SCENARIO INPUT,P_NOM ONLY; E_NOM SEPARATE
2050,Base,BESS,CNOR,1310.902739474,43653.06122449,STORAGE,SCENARIO_TOTAL_DISCHARGE_POWER,FROZEN V2.9 BESS POWER,BASE,FROZEN V2.9 ZONAL STORAGE ALLOCATION,V2.9,CONTROLLING V2.9 STORAGE MATRIX,ACCEPTED SCENARIO INPUT,P_NOM ONLY; E_NOM SEPARATE
2050,Base,BESS,CSUD,6869.130354845,43653.06122449,STORAGE,SCENARIO_TOTAL_DISCHARGE_POWER,FROZEN V2.9 BESS POWER,BASE,FROZEN V2.9 ZONAL STORAGE ALLOCATION,V2.9,CONTROLLING V2.9 STORAGE MATRIX,ACCEPTED SCENARIO INPUT,P_NOM ONLY; E_NOM SEPARATE
2050,Base,BESS,SUD,12768.192682478,43653.06122449,STORAGE,SCENARIO_TOTAL_DISCHARGE_POWER,FROZEN V2.9 BESS POWER,BASE,FROZEN V2.9 ZONAL STORAGE ALLOCATION,V2.9,CONTROLLING V2.9 STORAGE MATRIX,ACCEPTED SCENARIO INPUT,P_NOM ONLY; E_NOM SEPARATE
2050,Base,BESS,CALA,2831.549917264,43653.06122449,STORAGE,SCENARIO_TOTAL_DISCHARGE_POWER,FROZEN V2.9 BESS POWER,BASE,FROZEN V2.9 ZONAL STORAGE ALLOCATION,V2.9,CONTROLLING V2.9 STORAGE MATRIX,ACCEPTED SCENARIO INPUT,P_NOM ONLY; E_NOM SEPARATE
2050,Base,BESS,SICI,9753.116381688,43653.06122449,STORAGE,SCENARIO_TOTAL_DISCHARGE_POWER,FROZEN V2.9 BESS POWER,BASE,FROZEN V2.9 ZONAL STORAGE ALLOCATION,V2.9,CONTROLLING V2.9 STORAGE MATRIX,ACCEPTED SCENARIO INPUT,P_NOM ONLY; E_NOM SEPARATE
2050,Base,BESS,SARD,6318.551204265,43653.06122449,STORAGE,SCENARIO_TOTAL_DISCHARGE_POWER,FROZEN V2.9 BESS POWER,BASE,FROZEN V2.9 ZONAL STORAGE ALLOCATION,V2.9,CONTROLLING V2.9 STORAGE MATRIX,ACCEPTED SCENARIO INPUT,P_NOM ONLY; E_NOM SEPARATE
2050,Base,HYDRO_RUN_OF_RIVER,NORD,5228.210866305,6239,HYDRO_FIXED_CURRENT,CURRENT_FLEET_COPIED_UNCHANGED,USER_CONFIRMED CURRENT HYDRO CAPACITY IN ALL FUTURE SCENARIOS,NOT APPLICABLE,NORD DIRECT CLASS VALUES SCALED 0.006% TO ZONAL NON-PUMPED CONTROL,2024,TERNA HYDRO CONTROLS + PROJECT CLASS ALLOCATION,DIRECT MACRO CONTROL + PROJECT RECONCILIATION,CAPACITY FROZEN; OPERATIONAL PARAMETERS PARTIAL
2050,Base,HYDRO_BASIN,NORD,3512.208833846,5019.900000002,HYDRO_FIXED_CURRENT,CURRENT_FLEET_COPIED_UNCHANGED,USER_CONFIRMED CURRENT HYDRO CAPACITY IN ALL FUTURE SCENARIOS,NOT APPLICABLE,NORD DIRECT CLASS VALUES SCALED 0.006% TO ZONAL NON-PUMPED CONTROL,2024,TERNA HYDRO CONTROLS + PROJECT CLASS ALLOCATION,DIRECT MACRO CONTROL + PROJECT RECONCILIATION,CAPACITY FROZEN; OPERATIONAL PARAMETERS PARTIAL
2050,Base,HYDRO_RESERVOIR,NORD,3669.318175474,4782.8,HYDRO_FIXED_CURRENT,CURRENT_FLEET_COPIED_UNCHANGED,USER_CONFIRMED CURRENT HYDRO CAPACITY IN ALL FUTURE SCENARIOS,NOT APPLICABLE,NORD DIRECT CLASS VALUES SCALED 0.006% TO ZONAL NON-PUMPED CONTROL,2024,TERNA HYDRO CONTROLS + PROJECT CLASS ALLOCATION,DIRECT MACRO CONTROL + PROJECT RECONCILIATION,CAPACITY FROZEN; OPERATIONAL PARAMETERS PARTIAL
2050,Base,PUMPED_HYDRO_PURE,NORD,2393.185354581,3969.57561,HYDRO_FIXED_CURRENT,CURRENT_FLEET_COPIED_UNCHANGED,USER_CONFIRMED CURRENT HYDRO CAPACITY IN ALL FUTURE SCENARIOS,NOT APPLICABLE,DIRECT PURE/MIXED PUMPING PERIMETER BRIDGE,2024,TERNA HYDRO CONTROLS + PROJECT CLASS ALLOCATION,DIRECT TERNA CONTROL / PERIMETER DERIVATION,CAPACITY FROZEN; OPERATIONAL PARAMETERS PARTIAL
2050,Base,PUMPED_HYDRO_MIXED,NORD,2305.444434376,3282.72439,HYDRO_FIXED_CURRENT,CURRENT_FLEET_COPIED_UNCHANGED,USER_CONFIRMED CURRENT HYDRO CAPACITY IN ALL FUTURE SCENARIOS,NOT APPLICABLE,DIRECT PURE/MIXED PUMPING PERIMETER BRIDGE,2024,TERNA HYDRO CONTROLS + PROJECT CLASS ALLOCATION,DIRECT TERNA CONTROL / PERIMETER DERIVATION,CAPACITY FROZEN; OPERATIONAL PARAMETERS PARTIAL
2050,Base,HYDRO_RUN_OF_RIVER,CNOR,209.314034422,6239,HYDRO_FIXED_CURRENT,CURRENT_FLEET_COPIED_UNCHANGED,USER_CONFIRMED CURRENT HYDRO CAPACITY IN ALL FUTURE SCENARIOS,NOT APPLICABLE,ROR residual allocated using open HDAM programmable-capacity floor; remaining programmable capacity split to basin/reservoir by residual national controls,2024,TERNA HYDRO CONTROLS + PROJECT CLASS ALLOCATION,PROJECT ALLOCATION PROVISIONAL,CAPACITY FROZEN; OPERATIONAL PARAMETERS PARTIAL
2050,Base,HYDRO_BASIN,CNOR,238.064607896,5019.900000002,HYDRO_FIXED_CURRENT,CURRENT_FLEET_COPIED_UNCHANGED,USER_CONFIRMED CURRENT HYDRO CAPACITY IN ALL FUTURE SCENARIOS,NOT APPLICABLE,ROR residual allocated using open HDAM programmable-capacity floor; remaining programmable capacity split to basin/reservoir by residual national controls,2024,TERNA HYDRO CONTROLS + PROJECT CLASS ALLOCATION,PROJECT ALLOCATION PROVISIONAL,CAPACITY FROZEN; OPERATIONAL PARAMETERS PARTIAL
2050,Base,HYDRO_RESERVOIR,CNOR,175.818907682,4782.8,HYDRO_FIXED_CURRENT,CURRENT_FLEET_COPIED_UNCHANGED,USER_CONFIRMED CURRENT HYDRO CAPACITY IN ALL FUTURE SCENARIOS,NOT APPLICABLE,ROR residual allocated using open HDAM programmable-capacity floor; remaining programmable capacity split to basin/reservoir by residual national controls,2024,TERNA HYDRO CONTROLS + PROJECT CLASS ALLOCATION,PROJECT ALLOCATION PROVISIONAL,CAPACITY FROZEN; OPERATIONAL PARAMETERS PARTIAL
2050,Base,PUMPED_HYDRO_PURE,CNOR,0,3969.57561,HYDRO_FIXED_CURRENT,CURRENT_FLEET_COPIED_UNCHANGED,USER_CONFIRMED CURRENT HYDRO CAPACITY IN ALL FUTURE SCENARIOS,NOT APPLICABLE,DIRECT PURE/MIXED PUMPING PERIMETER BRIDGE,2024,TERNA HYDRO CONTROLS + PROJECT CLASS ALLOCATION,DIRECT TERNA CONTROL / PERIMETER DERIVATION,CAPACITY FROZEN; OPERATIONAL PARAMETERS PARTIAL
2050,Base,PUMPED_HYDRO_MIXED,CNOR,0,3282.72439,HYDRO_FIXED_CURRENT,CURRENT_FLEET_COPIED_UNCHANGED,USER_CONFIRMED CURRENT HYDRO CAPACITY IN ALL FUTURE SCENARIOS,NOT APPLICABLE,DIRECT PURE/MIXED PUMPING PERIMETER BRIDGE,2024,TERNA HYDRO CONTROLS + PROJECT CLASS ALLOCATION,DIRECT TERNA CONTROL / PERIMETER DERIVATION,CAPACITY FROZEN; OPERATIONAL PARAMETERS PARTIAL
2050,Base,HYDRO_RUN_OF_RIVER,CSUD,579.820027388,6239,HYDRO_FIXED_CURRENT,CURRENT_FLEET_COPIED_UNCHANGED,USER_CONFIRMED CURRENT HYDRO CAPACITY IN ALL FUTURE SCENARIOS,NOT APPLICABLE,ROR residual allocated using open HDAM programmable-capacity floor; remaining programmable capacity split to basin/reservoir by residual national controls,2024,TERNA HYDRO CONTROLS + PROJECT CLASS ALLOCATION,PROJECT ALLOCATION PROVISIONAL,CAPACITY FROZEN; OPERATIONAL PARAMETERS PARTIAL
2050,Base,HYDRO_BASIN,CSUD,582.887284562,5019.900000002,HYDRO_FIXED_CURRENT,CURRENT_FLEET_COPIED_UNCHANGED,USER_CONFIRMED CURRENT HYDRO CAPACITY IN ALL FUTURE SCENARIOS,NOT APPLICABLE,ROR residual allocated using open HDAM programmable-capacity floor; remaining programmable capacity split to basin/reservoir by residual national controls,2024,TERNA HYDRO CONTROLS + PROJECT CLASS ALLOCATION,PROJECT ALLOCATION PROVISIONAL,CAPACITY FROZEN; OPERATIONAL PARAMETERS PARTIAL
2050,Base,HYDRO_RESERVOIR,CSUD,430.482324018,4782.8,HYDRO_FIXED_CURRENT,CURRENT_FLEET_COPIED_UNCHANGED,USER_CONFIRMED CURRENT HYDRO CAPACITY IN ALL FUTURE SCENARIOS,NOT APPLICABLE,ROR residual allocated using open HDAM programmable-capacity floor; remaining programmable capacity split to basin/reservoir by residual national controls,2024,TERNA HYDRO CONTROLS + PROJECT CLASS ALLOCATION,PROJECT ALLOCATION PROVISIONAL,CAPACITY FROZEN; OPERATIONAL PARAMETERS PARTIAL
2050,Base,PUMPED_HYDRO_PURE,CSUD,995.915669822,3969.57561,HYDRO_FIXED_CURRENT,CURRENT_FLEET_COPIED_UNCHANGED,USER_CONFIRMED CURRENT HYDRO CAPACITY IN ALL FUTURE SCENARIOS,NOT APPLICABLE,DIRECT PURE/MIXED PUMPING PERIMETER BRIDGE,2024,TERNA HYDRO CONTROLS + PROJECT CLASS ALLOCATION,DIRECT TERNA CONTROL / PERIMETER DERIVATION,CAPACITY FROZEN; OPERATIONAL PARAMETERS PARTIAL
2050,Base,PUMPED_HYDRO_MIXED,CSUD,736.949744032,3282.72439,HYDRO_FIXED_CURRENT,CURRENT_FLEET_COPIED_UNCHANGED,USER_CONFIRMED CURRENT HYDRO CAPACITY IN ALL FUTURE SCENARIOS,NOT APPLICABLE,DIRECT PURE/MIXED PUMPING PERIMETER BRIDGE,2024,TERNA HYDRO CONTROLS + PROJECT CLASS ALLOCATION,DIRECT TERNA CONTROL / PERIMETER DERIVATION,CAPACITY FROZEN; OPERATIONAL PARAMETERS PARTIAL
2050,Base,HYDRO_RUN_OF_RIVER,SUD,45.411334869,6239,HYDRO_FIXED_CURRENT,CURRENT_FLEET_COPIED_UNCHANGED,USER_CONFIRMED CURRENT HYDRO CAPACITY IN ALL FUTURE SCENARIOS,NOT APPLICABLE,ROR residual allocated using open HDAM programmable-capacity floor; remaining programmable capacity split to basin/reservoir by residual national controls,2024,TERNA HYDRO CONTROLS + PROJECT CLASS ALLOCATION,PROJECT ALLOCATION PROVISIONAL,CAPACITY FROZEN; OPERATIONAL PARAMETERS PARTIAL
2050,Base,HYDRO_BASIN,SUD,103.488209848,5019.900000002,HYDRO_FIXED_CURRENT,CURRENT_FLEET_COPIED_UNCHANGED,USER_CONFIRMED CURRENT HYDRO CAPACITY IN ALL FUTURE SCENARIOS,NOT APPLICABLE,ROR residual allocated using open HDAM programmable-capacity floor; remaining programmable capacity split to basin/reservoir by residual national controls,2024,TERNA HYDRO CONTROLS + PROJECT CLASS ALLOCATION,PROJECT ALLOCATION PROVISIONAL,CAPACITY FROZEN; OPERATIONAL PARAMETERS PARTIAL
2050,Base,HYDRO_RESERVOIR,SUD,76.429605283,4782.8,HYDRO_FIXED_CURRENT,CURRENT_FLEET_COPIED_UNCHANGED,USER_CONFIRMED CURRENT HYDRO CAPACITY IN ALL FUTURE SCENARIOS,NOT APPLICABLE,ROR residual allocated using open HDAM programmable-capacity floor; remaining programmable capacity split to basin/reservoir by residual national controls,2024,TERNA HYDRO CONTROLS + PROJECT CLASS ALLOCATION,PROJECT ALLOCATION PROVISIONAL,CAPACITY FROZEN; OPERATIONAL PARAMETERS PARTIAL
2050,Base,PUMPED_HYDRO_PURE,SUD,0,3969.57561,HYDRO_FIXED_CURRENT,CURRENT_FLEET_COPIED_UNCHANGED,USER_CONFIRMED CURRENT HYDRO CAPACITY IN ALL FUTURE SCENARIOS,NOT APPLICABLE,DIRECT PURE/MIXED PUMPING PERIMETER BRIDGE,2024,TERNA HYDRO CONTROLS + PROJECT CLASS ALLOCATION,DIRECT TERNA CONTROL / PERIMETER DERIVATION,CAPACITY FROZEN; OPERATIONAL PARAMETERS PARTIAL
2050,Base,PUMPED_HYDRO_MIXED,SUD,0,3282.72439,HYDRO_FIXED_CURRENT,CURRENT_FLEET_COPIED_UNCHANGED,USER_CONFIRMED CURRENT HYDRO CAPACITY IN ALL FUTURE SCENARIOS,NOT APPLICABLE,DIRECT PURE/MIXED PUMPING PERIMETER BRIDGE,2024,TERNA HYDRO CONTROLS + PROJECT CLASS ALLOCATION,DIRECT TERNA CONTROL / PERIMETER DERIVATION,CAPACITY FROZEN; OPERATIONAL PARAMETERS PARTIAL
2050,Base,HYDRO_RUN_OF_RIVER,CALA,106.743829899,6239,HYDRO_FIXED_CURRENT,CURRENT_FLEET_COPIED_UNCHANGED,USER_CONFIRMED CURRENT HYDRO CAPACITY IN ALL FUTURE SCENARIOS,NOT APPLICABLE,ROR residual allocated using open HDAM programmable-capacity floor; remaining programmable capacity split to basin/reservoir by residual national controls,2024,TERNA HYDRO CONTROLS + PROJECT CLASS ALLOCATION,PROJECT ALLOCATION PROVISIONAL,CAPACITY FROZEN; OPERATIONAL PARAMETERS PARTIAL
2050,Base,HYDRO_BASIN,CALA,417.949832196,5019.900000002,HYDRO_FIXED_CURRENT,CURRENT_FLEET_COPIED_UNCHANGED,USER_CONFIRMED CURRENT HYDRO CAPACITY IN ALL FUTURE SCENARIOS,NOT APPLICABLE,ROR residual allocated using open HDAM programmable-capacity floor; remaining programmable capacity split to basin/reservoir by residual national controls,2024,TERNA HYDRO CONTROLS + PROJECT CLASS ALLOCATION,PROJECT ALLOCATION PROVISIONAL,CAPACITY FROZEN; OPERATIONAL PARAMETERS PARTIAL
2050,Base,HYDRO_RESERVOIR,CALA,308.670337905,4782.8,HYDRO_FIXED_CURRENT,CURRENT_FLEET_COPIED_UNCHANGED,USER_CONFIRMED CURRENT HYDRO CAPACITY IN ALL FUTURE SCENARIOS,NOT APPLICABLE,ROR residual allocated using open HDAM programmable-capacity floor; remaining programmable capacity split to basin/reservoir by residual national controls,2024,TERNA HYDRO CONTROLS + PROJECT CLASS ALLOCATION,PROJECT ALLOCATION PROVISIONAL,CAPACITY FROZEN; OPERATIONAL PARAMETERS PARTIAL
2050,Base,PUMPED_HYDRO_PURE,CALA,0,3969.57561,HYDRO_FIXED_CURRENT,CURRENT_FLEET_COPIED_UNCHANGED,USER_CONFIRMED CURRENT HYDRO CAPACITY IN ALL FUTURE SCENARIOS,NOT APPLICABLE,DIRECT PURE/MIXED PUMPING PERIMETER BRIDGE,2024,TERNA HYDRO CONTROLS + PROJECT CLASS ALLOCATION,DIRECT TERNA CONTROL / PERIMETER DERIVATION,CAPACITY FROZEN; OPERATIONAL PARAMETERS PARTIAL
2050,Base,PUMPED_HYDRO_MIXED,CALA,0,3282.72439,HYDRO_FIXED_CURRENT,CURRENT_FLEET_COPIED_UNCHANGED,USER_CONFIRMED CURRENT HYDRO CAPACITY IN ALL FUTURE SCENARIOS,NOT APPLICABLE,DIRECT PURE/MIXED PUMPING PERIMETER BRIDGE,2024,TERNA HYDRO CONTROLS + PROJECT CLASS ALLOCATION,DIRECT TERNA CONTROL / PERIMETER DERIVATION,CAPACITY FROZEN; OPERATIONAL PARAMETERS PARTIAL
2050,Base,HYDRO_RUN_OF_RIVER,SICI,31.552391362,6239,HYDRO_FIXED_CURRENT,CURRENT_FLEET_COPIED_UNCHANGED,USER_CONFIRMED CURRENT HYDRO CAPACITY IN ALL FUTURE SCENARIOS,NOT APPLICABLE,ROR residual allocated using open HDAM programmable-capacity floor; remaining programmable capacity split to basin/reservoir by residual national controls,2024,TERNA HYDRO CONTROLS + PROJECT CLASS ALLOCATION,PROJECT ALLOCATION PROVISIONAL,CAPACITY FROZEN; OPERATIONAL PARAMETERS PARTIAL
2050,Base,HYDRO_BASIN,SICI,58.808504061,5019.900000002,HYDRO_FIXED_CURRENT,CURRENT_FLEET_COPIED_UNCHANGED,USER_CONFIRMED CURRENT HYDRO CAPACITY IN ALL FUTURE SCENARIOS,NOT APPLICABLE,ROR residual allocated using open HDAM programmable-capacity floor; remaining programmable capacity split to basin/reservoir by residual national controls,2024,TERNA HYDRO CONTROLS + PROJECT CLASS ALLOCATION,PROJECT ALLOCATION PROVISIONAL,CAPACITY FROZEN; OPERATIONAL PARAMETERS PARTIAL
2050,Base,HYDRO_RESERVOIR,SICI,43.432104578,4782.8,HYDRO_FIXED_CURRENT,CURRENT_FLEET_COPIED_UNCHANGED,USER_CONFIRMED CURRENT HYDRO CAPACITY IN ALL FUTURE SCENARIOS,NOT APPLICABLE,ROR residual allocated using open HDAM programmable-capacity floor; remaining programmable capacity split to basin/reservoir by residual national controls,2024,TERNA HYDRO CONTROLS + PROJECT CLASS ALLOCATION,PROJECT ALLOCATION PROVISIONAL,CAPACITY FROZEN; OPERATIONAL PARAMETERS PARTIAL
2050,Base,PUMPED_HYDRO_PURE,SICI,580.474585597,3969.57561,HYDRO_FIXED_CURRENT,CURRENT_FLEET_COPIED_UNCHANGED,USER_CONFIRMED CURRENT HYDRO CAPACITY IN ALL FUTURE SCENARIOS,NOT APPLICABLE,DIRECT PURE/MIXED PUMPING PERIMETER BRIDGE,2024,TERNA HYDRO CONTROLS + PROJECT CLASS ALLOCATION,DIRECT TERNA CONTROL / PERIMETER DERIVATION,CAPACITY FROZEN; OPERATIONAL PARAMETERS PARTIAL
2050,Base,PUMPED_HYDRO_MIXED,SICI,0,3282.72439,HYDRO_FIXED_CURRENT,CURRENT_FLEET_COPIED_UNCHANGED,USER_CONFIRMED CURRENT HYDRO CAPACITY IN ALL FUTURE SCENARIOS,NOT APPLICABLE,DIRECT PURE/MIXED PUMPING PERIMETER BRIDGE,2024,TERNA HYDRO CONTROLS + PROJECT CLASS ALLOCATION,DIRECT TERNA CONTROL / PERIMETER DERIVATION,CAPACITY FROZEN; OPERATIONAL PARAMETERS PARTIAL
2050,Base,HYDRO_RUN_OF_RIVER,SARD,37.947515755,6239,HYDRO_FIXED_CURRENT,CURRENT_FLEET_COPIED_UNCHANGED,USER_CONFIRMED CURRENT HYDRO CAPACITY IN ALL FUTURE SCENARIOS,NOT APPLICABLE,ROR residual allocated using open HDAM programmable-capacity floor; remaining programmable capacity split to basin/reservoir by residual national controls,2024,TERNA HYDRO CONTROLS + PROJECT CLASS ALLOCATION,PROJECT ALLOCATION PROVISIONAL,CAPACITY FROZEN; OPERATIONAL PARAMETERS PARTIAL
2050,Base,HYDRO_BASIN,SARD,106.492727593,5019.900000002,HYDRO_FIXED_CURRENT,CURRENT_FLEET_COPIED_UNCHANGED,USER_CONFIRMED CURRENT HYDRO CAPACITY IN ALL FUTURE SCENARIOS,NOT APPLICABLE,ROR residual allocated using open HDAM programmable-capacity floor; remaining programmable capacity split to basin/reservoir by residual national controls,2024,TERNA HYDRO CONTROLS + PROJECT CLASS ALLOCATION,PROJECT ALLOCATION PROVISIONAL,CAPACITY FROZEN; OPERATIONAL PARAMETERS PARTIAL
2050,Base,HYDRO_RESERVOIR,SARD,78.64854506,4782.8,HYDRO_FIXED_CURRENT,CURRENT_FLEET_COPIED_UNCHANGED,USER_CONFIRMED CURRENT HYDRO CAPACITY IN ALL FUTURE SCENARIOS,NOT APPLICABLE,ROR residual allocated using open HDAM programmable-capacity floor; remaining programmable capacity split to basin/reservoir by residual national controls,2024,TERNA HYDRO CONTROLS + PROJECT CLASS ALLOCATION,PROJECT ALLOCATION PROVISIONAL,CAPACITY FROZEN; OPERATIONAL PARAMETERS PARTIAL
2050,Base,PUMPED_HYDRO_PURE,SARD,0,3969.57561,HYDRO_FIXED_CURRENT,CURRENT_FLEET_COPIED_UNCHANGED,USER_CONFIRMED CURRENT HYDRO CAPACITY IN ALL FUTURE SCENARIOS,NOT APPLICABLE,DIRECT PURE/MIXED PUMPING PERIMETER BRIDGE,2024,TERNA HYDRO CONTROLS + PROJECT CLASS ALLOCATION,DIRECT TERNA CONTROL / PERIMETER DERIVATION,CAPACITY FROZEN; OPERATIONAL PARAMETERS PARTIAL
2050,Base,PUMPED_HYDRO_MIXED,SARD,240.330211592,3282.72439,HYDRO_FIXED_CURRENT,CURRENT_FLEET_COPIED_UNCHANGED,USER_CONFIRMED CURRENT HYDRO CAPACITY IN ALL FUTURE SCENARIOS,NOT APPLICABLE,DIRECT PURE/MIXED PUMPING PERIMETER BRIDGE,2024,TERNA HYDRO CONTROLS + PROJECT CLASS ALLOCATION,DIRECT TERNA CONTROL / PERIMETER DERIVATION,CAPACITY FROZEN; OPERATIONAL PARAMETERS PARTIAL
2050,Base,BIOENERGY,NORD,4542.288621371,7273.930046872,BASE_THERMAL,BASE_PORTFOLIO,PNIEC ENERGY/CF WEIGHTS NORMALIZED TO TERNA ENVELOPE,PNIEC ENERGY/CF-DERIVED RELATIVE WEIGHT,PROJECT_ALLOCATION_USING_CURRENT_BIOENERGY_GEOGRAPHY,2024,TERNA 2050 + PNIEC + PROJECT GEOGRAPHY,TERNA CONTROL + PROJECT DERIVATION,INSTALLED_CAPACITY_TABLE_READY; CF NOT A DISPATCH QUOTA
2050,Base,BIOENERGY,CNOR,343.258566564,7273.930046872,BASE_THERMAL,BASE_PORTFOLIO,PNIEC ENERGY/CF WEIGHTS NORMALIZED TO TERNA ENVELOPE,PNIEC ENERGY/CF-DERIVED RELATIVE WEIGHT,PROJECT_ALLOCATION_USING_CURRENT_BIOENERGY_GEOGRAPHY,2024,TERNA 2050 + PNIEC + PROJECT GEOGRAPHY,TERNA CONTROL + PROJECT DERIVATION,INSTALLED_CAPACITY_TABLE_READY; CF NOT A DISPATCH QUOTA
2050,Base,BIOENERGY,CSUD,853.41991232,7273.930046872,BASE_THERMAL,BASE_PORTFOLIO,PNIEC ENERGY/CF WEIGHTS NORMALIZED TO TERNA ENVELOPE,PNIEC ENERGY/CF-DERIVED RELATIVE WEIGHT,PROJECT_ALLOCATION_USING_CURRENT_BIOENERGY_GEOGRAPHY,2024,TERNA 2050 + PNIEC + PROJECT GEOGRAPHY,TERNA CONTROL + PROJECT DERIVATION,INSTALLED_CAPACITY_TABLE_READY; CF NOT A DISPATCH QUOTA
2050,Base,BIOENERGY,SUD,853.850595084,7273.930046872,BASE_THERMAL,BASE_PORTFOLIO,PNIEC ENERGY/CF WEIGHTS NORMALIZED TO TERNA ENVELOPE,PNIEC ENERGY/CF-DERIVED RELATIVE WEIGHT,PROJECT_ALLOCATION_USING_CURRENT_BIOENERGY_GEOGRAPHY,2024,TERNA 2050 + PNIEC + PROJECT GEOGRAPHY,TERNA CONTROL + PROJECT DERIVATION,INSTALLED_CAPACITY_TABLE_READY; CF NOT A DISPATCH QUOTA
2050,Base,BIOENERGY,CALA,335.831107297,7273.930046872,BASE_THERMAL,BASE_PORTFOLIO,PNIEC ENERGY/CF WEIGHTS NORMALIZED TO TERNA ENVELOPE,PNIEC ENERGY/CF-DERIVED RELATIVE WEIGHT,PROJECT_ALLOCATION_USING_CURRENT_BIOENERGY_GEOGRAPHY,2024,TERNA 2050 + PNIEC + PROJECT GEOGRAPHY,TERNA CONTROL + PROJECT DERIVATION,INSTALLED_CAPACITY_TABLE_READY; CF NOT A DISPATCH QUOTA
2050,Base,BIOENERGY,SICI,132.916357988,7273.930046872,BASE_THERMAL,BASE_PORTFOLIO,PNIEC ENERGY/CF WEIGHTS NORMALIZED TO TERNA ENVELOPE,PNIEC ENERGY/CF-DERIVED RELATIVE WEIGHT,PROJECT_ALLOCATION_USING_CURRENT_BIOENERGY_GEOGRAPHY,2024,TERNA 2050 + PNIEC + PROJECT GEOGRAPHY,TERNA CONTROL + PROJECT DERIVATION,INSTALLED_CAPACITY_TABLE_READY; CF NOT A DISPATCH QUOTA
2050,Base,BIOENERGY,SARD,212.364886255,7273.930046872,BASE_THERMAL,BASE_PORTFOLIO,PNIEC ENERGY/CF WEIGHTS NORMALIZED TO TERNA ENVELOPE,PNIEC ENERGY/CF-DERIVED RELATIVE WEIGHT,PROJECT_ALLOCATION_USING_CURRENT_BIOENERGY_GEOGRAPHY,2024,TERNA 2050 + PNIEC + PROJECT GEOGRAPHY,TERNA CONTROL + PROJECT DERIVATION,INSTALLED_CAPACITY_TABLE_READY; CF NOT A DISPATCH QUOTA
2050,Base,BIOENERGY_CCS,NORD,2571.106766814,4117.318894456,BASE_THERMAL,BASE_PORTFOLIO,PNIEC ENERGY/CF WEIGHTS NORMALIZED TO TERNA ENVELOPE,PNIEC ENERGY/CF-DERIVED RELATIVE WEIGHT,PROJECT_ALLOCATION_USING_CURRENT_BIOENERGY_GEOGRAPHY,2024,TERNA 2050 + PNIEC + PROJECT GEOGRAPHY,TERNA CONTROL + PROJECT DERIVATION,INSTALLED_CAPACITY_TABLE_READY; CF NOT A DISPATCH QUOTA
2050,Base,BIOENERGY_CCS,CNOR,194.297301828,4117.318894456,BASE_THERMAL,BASE_PORTFOLIO,PNIEC ENERGY/CF WEIGHTS NORMALIZED TO TERNA ENVELOPE,PNIEC ENERGY/CF-DERIVED RELATIVE WEIGHT,PROJECT_ALLOCATION_USING_CURRENT_BIOENERGY_GEOGRAPHY,2024,TERNA 2050 + PNIEC + PROJECT GEOGRAPHY,TERNA CONTROL + PROJECT DERIVATION,INSTALLED_CAPACITY_TABLE_READY; CF NOT A DISPATCH QUOTA
2050,Base,BIOENERGY_CCS,CSUD,483.067874898,4117.318894456,BASE_THERMAL,BASE_PORTFOLIO,PNIEC ENERGY/CF WEIGHTS NORMALIZED TO TERNA ENVELOPE,PNIEC ENERGY/CF-DERIVED RELATIVE WEIGHT,PROJECT_ALLOCATION_USING_CURRENT_BIOENERGY_GEOGRAPHY,2024,TERNA 2050 + PNIEC + PROJECT GEOGRAPHY,TERNA CONTROL + PROJECT DERIVATION,INSTALLED_CAPACITY_TABLE_READY; CF NOT A DISPATCH QUOTA
2050,Base,BIOENERGY_CCS,SUD,483.311657595,4117.318894456,BASE_THERMAL,BASE_PORTFOLIO,PNIEC ENERGY/CF WEIGHTS NORMALIZED TO TERNA ENVELOPE,PNIEC ENERGY/CF-DERIVED RELATIVE WEIGHT,PROJECT_ALLOCATION_USING_CURRENT_BIOENERGY_GEOGRAPHY,2024,TERNA 2050 + PNIEC + PROJECT GEOGRAPHY,TERNA CONTROL + PROJECT DERIVATION,INSTALLED_CAPACITY_TABLE_READY; CF NOT A DISPATCH QUOTA
2050,Base,BIOENERGY_CCS,CALA,190.093079602,4117.318894456,BASE_THERMAL,BASE_PORTFOLIO,PNIEC ENERGY/CF WEIGHTS NORMALIZED TO TERNA ENVELOPE,PNIEC ENERGY/CF-DERIVED RELATIVE WEIGHT,PROJECT_ALLOCATION_USING_CURRENT_BIOENERGY_GEOGRAPHY,2024,TERNA 2050 + PNIEC + PROJECT GEOGRAPHY,TERNA CONTROL + PROJECT DERIVATION,INSTALLED_CAPACITY_TABLE_READY; CF NOT A DISPATCH QUOTA
2050,Base,BIOENERGY_CCS,SICI,75.235674333,4117.318894456,BASE_THERMAL,BASE_PORTFOLIO,PNIEC ENERGY/CF WEIGHTS NORMALIZED TO TERNA ENVELOPE,PNIEC ENERGY/CF-DERIVED RELATIVE WEIGHT,PROJECT_ALLOCATION_USING_CURRENT_BIOENERGY_GEOGRAPHY,2024,TERNA 2050 + PNIEC + PROJECT GEOGRAPHY,TERNA CONTROL + PROJECT DERIVATION,INSTALLED_CAPACITY_TABLE_READY; CF NOT A DISPATCH QUOTA
2050,Base,BIOENERGY_CCS,SARD,120.20653939,4117.318894456,BASE_THERMAL,BASE_PORTFOLIO,PNIEC ENERGY/CF WEIGHTS NORMALIZED TO TERNA ENVELOPE,PNIEC ENERGY/CF-DERIVED RELATIVE WEIGHT,PROJECT_ALLOCATION_USING_CURRENT_BIOENERGY_GEOGRAPHY,2024,TERNA 2050 + PNIEC + PROJECT GEOGRAPHY,TERNA CONTROL + PROJECT DERIVATION,INSTALLED_CAPACITY_TABLE_READY; CF NOT A DISPATCH QUOTA
2050,Base,GAS_CCS,NORD,3516.377767001,6450.466267981,BASE_THERMAL,BASE_PORTFOLIO,PNIEC ENERGY/CF WEIGHTS NORMALIZED TO TERNA ENVELOPE,PNIEC ENERGY/CF-DERIVED RELATIVE WEIGHT,PROJECT_ALLOCATION_USING_CURRENT_TECHNOLOGY_GEOGRAPHY,2024,TERNA 2050 + PNIEC + PROJECT GEOGRAPHY,TERNA CONTROL + PROJECT DERIVATION,INSTALLED_CAPACITY_TABLE_READY; CF NOT A DISPATCH QUOTA
2050,Base,GAS_CCS,CNOR,243.560931279,6450.466267981,BASE_THERMAL,BASE_PORTFOLIO,PNIEC ENERGY/CF WEIGHTS NORMALIZED TO TERNA ENVELOPE,PNIEC ENERGY/CF-DERIVED RELATIVE WEIGHT,PROJECT_ALLOCATION_USING_CURRENT_TECHNOLOGY_GEOGRAPHY,2024,TERNA 2050 + PNIEC + PROJECT GEOGRAPHY,TERNA CONTROL + PROJECT DERIVATION,INSTALLED_CAPACITY_TABLE_READY; CF NOT A DISPATCH QUOTA
2050,Base,GAS_CCS,CSUD,964.647101768,6450.466267981,BASE_THERMAL,BASE_PORTFOLIO,PNIEC ENERGY/CF WEIGHTS NORMALIZED TO TERNA ENVELOPE,PNIEC ENERGY/CF-DERIVED RELATIVE WEIGHT,PROJECT_ALLOCATION_USING_CURRENT_TECHNOLOGY_GEOGRAPHY,2024,TERNA 2050 + PNIEC + PROJECT GEOGRAPHY,TERNA CONTROL + PROJECT DERIVATION,INSTALLED_CAPACITY_TABLE_READY; CF NOT A DISPATCH QUOTA
2050,Base,GAS_CCS,SUD,674.038035664,6450.466267981,BASE_THERMAL,BASE_PORTFOLIO,PNIEC ENERGY/CF WEIGHTS NORMALIZED TO TERNA ENVELOPE,PNIEC ENERGY/CF-DERIVED RELATIVE WEIGHT,PROJECT_ALLOCATION_USING_CURRENT_TECHNOLOGY_GEOGRAPHY,2024,TERNA 2050 + PNIEC + PROJECT GEOGRAPHY,TERNA CONTROL + PROJECT DERIVATION,INSTALLED_CAPACITY_TABLE_READY; CF NOT A DISPATCH QUOTA
2050,Base,GAS_CCS,CALA,492.887687322,6450.466267981,BASE_THERMAL,BASE_PORTFOLIO,PNIEC ENERGY/CF WEIGHTS NORMALIZED TO TERNA ENVELOPE,PNIEC ENERGY/CF-DERIVED RELATIVE WEIGHT,PROJECT_ALLOCATION_USING_CURRENT_TECHNOLOGY_GEOGRAPHY,2024,TERNA 2050 + PNIEC + PROJECT GEOGRAPHY,TERNA CONTROL + PROJECT DERIVATION,INSTALLED_CAPACITY_TABLE_READY; CF NOT A DISPATCH QUOTA
2050,Base,GAS_CCS,SICI,462.056620428,6450.466267981,BASE_THERMAL,BASE_PORTFOLIO,PNIEC ENERGY/CF WEIGHTS NORMALIZED TO TERNA ENVELOPE,PNIEC ENERGY/CF-DERIVED RELATIVE WEIGHT,PROJECT_ALLOCATION_USING_CURRENT_TECHNOLOGY_GEOGRAPHY,2024,TERNA 2050 + PNIEC + PROJECT GEOGRAPHY,TERNA CONTROL + PROJECT DERIVATION,INSTALLED_CAPACITY_TABLE_READY; CF NOT A DISPATCH QUOTA
2050,Base,GAS_CCS,SARD,96.898124513,6450.466267981,BASE_THERMAL,BASE_PORTFOLIO,PNIEC ENERGY/CF WEIGHTS NORMALIZED TO TERNA ENVELOPE,PNIEC ENERGY/CF-DERIVED RELATIVE WEIGHT,PROJECT_ALLOCATION_USING_CURRENT_TECHNOLOGY_GEOGRAPHY,2024,TERNA 2050 + PNIEC + PROJECT GEOGRAPHY,TERNA CONTROL + PROJECT DERIVATION,INSTALLED_CAPACITY_TABLE_READY; CF NOT A DISPATCH QUOTA
2050,Base,GAS_OTHER_FOSSIL,NORD,850.138477546,3386.49479069,BASE_THERMAL,BASE_PORTFOLIO,PNIEC ENERGY/CF WEIGHTS NORMALIZED TO TERNA ENVELOPE,PNIEC ENERGY/CF-DERIVED RELATIVE WEIGHT,PROJECT_ALLOCATION_USING_CURRENT_TECHNOLOGY_GEOGRAPHY,2024,TERNA 2050 + PNIEC + PROJECT GEOGRAPHY,TERNA CONTROL + PROJECT DERIVATION,INSTALLED_CAPACITY_TABLE_READY; CF NOT A DISPATCH QUOTA
2050,Base,GAS_OTHER_FOSSIL,CNOR,483.986138935,3386.49479069,BASE_THERMAL,BASE_PORTFOLIO,PNIEC ENERGY/CF WEIGHTS NORMALIZED TO TERNA ENVELOPE,PNIEC ENERGY/CF-DERIVED RELATIVE WEIGHT,PROJECT_ALLOCATION_USING_CURRENT_TECHNOLOGY_GEOGRAPHY,2024,TERNA 2050 + PNIEC + PROJECT GEOGRAPHY,TERNA CONTROL + PROJECT DERIVATION,INSTALLED_CAPACITY_TABLE_READY; CF NOT A DISPATCH QUOTA
2050,Base,GAS_OTHER_FOSSIL,CSUD,776.49858148,3386.49479069,BASE_THERMAL,BASE_PORTFOLIO,PNIEC ENERGY/CF WEIGHTS NORMALIZED TO TERNA ENVELOPE,PNIEC ENERGY/CF-DERIVED RELATIVE WEIGHT,PROJECT_ALLOCATION_USING_CURRENT_TECHNOLOGY_GEOGRAPHY,2024,TERNA 2050 + PNIEC + PROJECT GEOGRAPHY,TERNA CONTROL + PROJECT DERIVATION,INSTALLED_CAPACITY_TABLE_READY; CF NOT A DISPATCH QUOTA
2050,Base,GAS_OTHER_FOSSIL,SUD,258.533138507,3386.49479069,BASE_THERMAL,BASE_PORTFOLIO,PNIEC ENERGY/CF WEIGHTS NORMALIZED TO TERNA ENVELOPE,PNIEC ENERGY/CF-DERIVED RELATIVE WEIGHT,PROJECT_ALLOCATION_USING_CURRENT_TECHNOLOGY_GEOGRAPHY,2024,TERNA 2050 + PNIEC + PROJECT GEOGRAPHY,TERNA CONTROL + PROJECT DERIVATION,INSTALLED_CAPACITY_TABLE_READY; CF NOT A DISPATCH QUOTA
2050,Base,GAS_OTHER_FOSSIL,CALA,218.270900589,3386.49479069,BASE_THERMAL,BASE_PORTFOLIO,PNIEC ENERGY/CF WEIGHTS NORMALIZED TO TERNA ENVELOPE,PNIEC ENERGY/CF-DERIVED RELATIVE WEIGHT,PROJECT_ALLOCATION_USING_CURRENT_TECHNOLOGY_GEOGRAPHY,2024,TERNA 2050 + PNIEC + PROJECT GEOGRAPHY,TERNA CONTROL + PROJECT DERIVATION,INSTALLED_CAPACITY_TABLE_READY; CF NOT A DISPATCH QUOTA
2050,Base,GAS_OTHER_FOSSIL,SICI,658.71906795,3386.49479069,BASE_THERMAL,BASE_PORTFOLIO,PNIEC ENERGY/CF WEIGHTS NORMALIZED TO TERNA ENVELOPE,PNIEC ENERGY/CF-DERIVED RELATIVE WEIGHT,PROJECT_ALLOCATION_USING_CURRENT_TECHNOLOGY_GEOGRAPHY,2024,TERNA 2050 + PNIEC + PROJECT GEOGRAPHY,TERNA CONTROL + PROJECT DERIVATION,INSTALLED_CAPACITY_TABLE_READY; CF NOT A DISPATCH QUOTA
2050,Base,GAS_OTHER_FOSSIL,SARD,140.348485682,3386.49479069,BASE_THERMAL,BASE_PORTFOLIO,PNIEC ENERGY/CF WEIGHTS NORMALIZED TO TERNA ENVELOPE,PNIEC ENERGY/CF-DERIVED RELATIVE WEIGHT,PROJECT_ALLOCATION_USING_CURRENT_TECHNOLOGY_GEOGRAPHY,2024,TERNA 2050 + PNIEC + PROJECT GEOGRAPHY,TERNA CONTROL + PROJECT DERIVATION,INSTALLED_CAPACITY_TABLE_READY; CF NOT A DISPATCH QUOTA
2050,Base,GEOTHERMAL,NORD,0,771.79,BASE_THERMAL,BASE_PORTFOLIO,CURRENT CAPACITY RETAINED INSIDE 30-GW ENVELOPE,NOT APPLICABLE,PROJECT_ALLOCATION_USING_POST_COAL_OIL_CURRENT_TECHNOLOGY_GEOGRAPHY,2024,TERNA 2050 + PNIEC + PROJECT GEOGRAPHY,TERNA CONTROL + PROJECT DERIVATION,INSTALLED_CAPACITY_TABLE_READY; CF NOT A DISPATCH QUOTA
2050,Base,GEOTHERMAL,CNOR,771.79,771.79,BASE_THERMAL,BASE_PORTFOLIO,CURRENT CAPACITY RETAINED INSIDE 30-GW ENVELOPE,NOT APPLICABLE,PROJECT_ALLOCATION_USING_POST_COAL_OIL_CURRENT_TECHNOLOGY_GEOGRAPHY,2024,TERNA 2050 + PNIEC + PROJECT GEOGRAPHY,TERNA CONTROL + PROJECT DERIVATION,INSTALLED_CAPACITY_TABLE_READY; CF NOT A DISPATCH QUOTA
2050,Base,GEOTHERMAL,CSUD,0,771.79,BASE_THERMAL,BASE_PORTFOLIO,CURRENT CAPACITY RETAINED INSIDE 30-GW ENVELOPE,NOT APPLICABLE,PROJECT_ALLOCATION_USING_POST_COAL_OIL_CURRENT_TECHNOLOGY_GEOGRAPHY,2024,TERNA 2050 + PNIEC + PROJECT GEOGRAPHY,TERNA CONTROL + PROJECT DERIVATION,INSTALLED_CAPACITY_TABLE_READY; CF NOT A DISPATCH QUOTA
2050,Base,GEOTHERMAL,SUD,0,771.79,BASE_THERMAL,BASE_PORTFOLIO,CURRENT CAPACITY RETAINED INSIDE 30-GW ENVELOPE,NOT APPLICABLE,PROJECT_ALLOCATION_USING_POST_COAL_OIL_CURRENT_TECHNOLOGY_GEOGRAPHY,2024,TERNA 2050 + PNIEC + PROJECT GEOGRAPHY,TERNA CONTROL + PROJECT DERIVATION,INSTALLED_CAPACITY_TABLE_READY; CF NOT A DISPATCH QUOTA
2050,Base,GEOTHERMAL,CALA,0,771.79,BASE_THERMAL,BASE_PORTFOLIO,CURRENT CAPACITY RETAINED INSIDE 30-GW ENVELOPE,NOT APPLICABLE,PROJECT_ALLOCATION_USING_POST_COAL_OIL_CURRENT_TECHNOLOGY_GEOGRAPHY,2024,TERNA 2050 + PNIEC + PROJECT GEOGRAPHY,TERNA CONTROL + PROJECT DERIVATION,INSTALLED_CAPACITY_TABLE_READY; CF NOT A DISPATCH QUOTA
2050,Base,GEOTHERMAL,SICI,0,771.79,BASE_THERMAL,BASE_PORTFOLIO,CURRENT CAPACITY RETAINED INSIDE 30-GW ENVELOPE,NOT APPLICABLE,PROJECT_ALLOCATION_USING_POST_COAL_OIL_CURRENT_TECHNOLOGY_GEOGRAPHY,2024,TERNA 2050 + PNIEC + PROJECT GEOGRAPHY,TERNA CONTROL + PROJECT DERIVATION,INSTALLED_CAPACITY_TABLE_READY; CF NOT A DISPATCH QUOTA
2050,Base,GEOTHERMAL,SARD,0,771.79,BASE_THERMAL,BASE_PORTFOLIO,CURRENT CAPACITY RETAINED INSIDE 30-GW ENVELOPE,NOT APPLICABLE,PROJECT_ALLOCATION_USING_POST_COAL_OIL_CURRENT_TECHNOLOGY_GEOGRAPHY,2024,TERNA 2050 + PNIEC + PROJECT GEOGRAPHY,TERNA CONTROL + PROJECT DERIVATION,INSTALLED_CAPACITY_TABLE_READY; CF NOT A DISPATCH QUOTA
2050,Base,NUCLEAR,NORD,5000,8000,NUCLEAR_FIXED,BASE_PORTFOLIO,DIRECT 8-GW CAPACITY,NOT APPLICABLE,FIXED_NUCLEAR_SITING_NORD_5GW_CSUD_3GW,2024,TERNA 2050 + PNIEC + PROJECT GEOGRAPHY,DIRECT SOURCE CAPACITY + PROJECT SITING,INSTALLED_CAPACITY_TABLE_READY; CF NOT A DISPATCH QUOTA
2050,Base,NUCLEAR,CNOR,0,8000,NUCLEAR_FIXED,BASE_PORTFOLIO,DIRECT 8-GW CAPACITY,NOT APPLICABLE,FIXED_NUCLEAR_SITING_NORD_5GW_CSUD_3GW,2024,TERNA 2050 + PNIEC + PROJECT GEOGRAPHY,DIRECT SOURCE CAPACITY + PROJECT SITING,INSTALLED_CAPACITY_TABLE_READY; CF NOT A DISPATCH QUOTA
2050,Base,NUCLEAR,CSUD,3000,8000,NUCLEAR_FIXED,BASE_PORTFOLIO,DIRECT 8-GW CAPACITY,NOT APPLICABLE,FIXED_NUCLEAR_SITING_NORD_5GW_CSUD_3GW,2024,TERNA 2050 + PNIEC + PROJECT GEOGRAPHY,DIRECT SOURCE CAPACITY + PROJECT SITING,INSTALLED_CAPACITY_TABLE_READY; CF NOT A DISPATCH QUOTA
2050,Base,NUCLEAR,SUD,0,8000,NUCLEAR_FIXED,BASE_PORTFOLIO,DIRECT 8-GW CAPACITY,NOT APPLICABLE,FIXED_NUCLEAR_SITING_NORD_5GW_CSUD_3GW,2024,TERNA 2050 + PNIEC + PROJECT GEOGRAPHY,DIRECT SOURCE CAPACITY + PROJECT SITING,INSTALLED_CAPACITY_TABLE_READY; CF NOT A DISPATCH QUOTA
2050,Base,NUCLEAR,CALA,0,8000,NUCLEAR_FIXED,BASE_PORTFOLIO,DIRECT 8-GW CAPACITY,NOT APPLICABLE,FIXED_NUCLEAR_SITING_NORD_5GW_CSUD_3GW,2024,TERNA 2050 + PNIEC + PROJECT GEOGRAPHY,DIRECT SOURCE CAPACITY + PROJECT SITING,INSTALLED_CAPACITY_TABLE_READY; CF NOT A DISPATCH QUOTA
2050,Base,NUCLEAR,SICI,0,8000,NUCLEAR_FIXED,BASE_PORTFOLIO,DIRECT 8-GW CAPACITY,NOT APPLICABLE,FIXED_NUCLEAR_SITING_NORD_5GW_CSUD_3GW,2024,TERNA 2050 + PNIEC + PROJECT GEOGRAPHY,DIRECT SOURCE CAPACITY + PROJECT SITING,INSTALLED_CAPACITY_TABLE_READY; CF NOT A DISPATCH QUOTA
2050,Base,NUCLEAR,SARD,0,8000,NUCLEAR_FIXED,BASE_PORTFOLIO,DIRECT 8-GW CAPACITY,NOT APPLICABLE,FIXED_NUCLEAR_SITING_NORD_5GW_CSUD_3GW,2024,TERNA 2050 + PNIEC + PROJECT GEOGRAPHY,DIRECT SOURCE CAPACITY + PROJECT SITING,INSTALLED_CAPACITY_TABLE_READY; CF NOT A DISPATCH QUOTA
2050,High,SOLAR_PV_ROOFTOP,NORD,55950.785773366,92954.094292804,RENEWABLE,SCENARIO_TOTAL,FROZEN V2.9 SCENARIO CAPACITY,110% OF BASE,FROZEN V2.9 ZONAL ALLOCATION,V2.7/V2.9,CONTROLLING V2.9 SCENARIO MATRIX,ACCEPTED SCENARIO INPUT,INSTALLED_CAPACITY_TABLE_READY
2050,High,SOLAR_PV_ROOFTOP,CNOR,7356.079404467,92954.094292804,RENEWABLE,SCENARIO_TOTAL,FROZEN V2.9 SCENARIO CAPACITY,110% OF BASE,FROZEN V2.9 ZONAL ALLOCATION,V2.7/V2.9,CONTROLLING V2.9 SCENARIO MATRIX,ACCEPTED SCENARIO INPUT,INSTALLED_CAPACITY_TABLE_READY
2050,High,SOLAR_PV_ROOFTOP,CSUD,12260.132340778,92954.094292804,RENEWABLE,SCENARIO_TOTAL,FROZEN V2.9 SCENARIO CAPACITY,110% OF BASE,FROZEN V2.9 ZONAL ALLOCATION,V2.7/V2.9,CONTROLLING V2.9 SCENARIO MATRIX,ACCEPTED SCENARIO INPUT,INSTALLED_CAPACITY_TABLE_READY
2050,High,SOLAR_PV_ROOFTOP,SUD,3789.495450786,92954.094292804,RENEWABLE,SCENARIO_TOTAL,FROZEN V2.9 SCENARIO CAPACITY,110% OF BASE,FROZEN V2.9 ZONAL ALLOCATION,V2.7/V2.9,CONTROLLING V2.9 SCENARIO MATRIX,ACCEPTED SCENARIO INPUT,INSTALLED_CAPACITY_TABLE_READY
2050,High,SOLAR_PV_ROOFTOP,CALA,2452.026468156,92954.094292804,RENEWABLE,SCENARIO_TOTAL,FROZEN V2.9 SCENARIO CAPACITY,110% OF BASE,FROZEN V2.9 ZONAL ALLOCATION,V2.7/V2.9,CONTROLLING V2.9 SCENARIO MATRIX,ACCEPTED SCENARIO INPUT,INSTALLED_CAPACITY_TABLE_READY
2050,High,SOLAR_PV_ROOFTOP,SICI,7356.079404467,92954.094292804,RENEWABLE,SCENARIO_TOTAL,FROZEN V2.9 SCENARIO CAPACITY,110% OF BASE,FROZEN V2.9 ZONAL ALLOCATION,V2.7/V2.9,CONTROLLING V2.9 SCENARIO MATRIX,ACCEPTED SCENARIO INPUT,INSTALLED_CAPACITY_TABLE_READY
2050,High,SOLAR_PV_ROOFTOP,SARD,3789.495450786,92954.094292804,RENEWABLE,SCENARIO_TOTAL,FROZEN V2.9 SCENARIO CAPACITY,110% OF BASE,FROZEN V2.9 ZONAL ALLOCATION,V2.7/V2.9,CONTROLLING V2.9 SCENARIO MATRIX,ACCEPTED SCENARIO INPUT,INSTALLED_CAPACITY_TABLE_READY
2050,High,SOLAR_PV_UTILITY,NORD,38563.688999173,176545.905707196,RENEWABLE,SCENARIO_TOTAL,FROZEN V2.9 SCENARIO CAPACITY,110% OF BASE,FROZEN V2.9 ZONAL ALLOCATION,V2.7/V2.9,CONTROLLING V2.9 SCENARIO MATRIX,ACCEPTED SCENARIO INPUT,INSTALLED_CAPACITY_TABLE_READY
2050,High,SOLAR_PV_UTILITY,CNOR,14043.424317618,176545.905707196,RENEWABLE,SCENARIO_TOTAL,FROZEN V2.9 SCENARIO CAPACITY,110% OF BASE,FROZEN V2.9 ZONAL ALLOCATION,V2.7/V2.9,CONTROLLING V2.9 SCENARIO MATRIX,ACCEPTED SCENARIO INPUT,INSTALLED_CAPACITY_TABLE_READY
2050,High,SOLAR_PV_UTILITY,CSUD,32545.078577337,176545.905707196,RENEWABLE,SCENARIO_TOTAL,FROZEN V2.9 SCENARIO CAPACITY,110% OF BASE,FROZEN V2.9 ZONAL ALLOCATION,V2.7/V2.9,CONTROLLING V2.9 SCENARIO MATRIX,ACCEPTED SCENARIO INPUT,INSTALLED_CAPACITY_TABLE_READY
2050,High,SOLAR_PV_UTILITY,SUD,43021.918941274,176545.905707196,RENEWABLE,SCENARIO_TOTAL,FROZEN V2.9 SCENARIO CAPACITY,110% OF BASE,FROZEN V2.9 ZONAL ALLOCATION,V2.7/V2.9,CONTROLLING V2.9 SCENARIO MATRIX,ACCEPTED SCENARIO INPUT,INSTALLED_CAPACITY_TABLE_READY
2050,High,SOLAR_PV_UTILITY,CALA,5572.787427626,176545.905707196,RENEWABLE,SCENARIO_TOTAL,FROZEN V2.9 SCENARIO CAPACITY,110% OF BASE,FROZEN V2.9 ZONAL ALLOCATION,V2.7/V2.9,CONTROLLING V2.9 SCENARIO MATRIX,ACCEPTED SCENARIO INPUT,INSTALLED_CAPACITY_TABLE_READY
2050,High,SOLAR_PV_UTILITY,SICI,25634.82216708,176545.905707196,RENEWABLE,SCENARIO_TOTAL,FROZEN V2.9 SCENARIO CAPACITY,110% OF BASE,FROZEN V2.9 ZONAL ALLOCATION,V2.7/V2.9,CONTROLLING V2.9 SCENARIO MATRIX,ACCEPTED SCENARIO INPUT,INSTALLED_CAPACITY_TABLE_READY
2050,High,SOLAR_PV_UTILITY,SARD,17164.185277089,176545.905707196,RENEWABLE,SCENARIO_TOTAL,FROZEN V2.9 SCENARIO CAPACITY,110% OF BASE,FROZEN V2.9 ZONAL ALLOCATION,V2.7/V2.9,CONTROLLING V2.9 SCENARIO MATRIX,ACCEPTED SCENARIO INPUT,INSTALLED_CAPACITY_TABLE_READY
2050,High,WIND_ONSHORE,NORD,696.774193548,39600,RENEWABLE,SCENARIO_TOTAL,FROZEN V2.9 SCENARIO CAPACITY,110% OF BASE,FROZEN V2.9 ZONAL ALLOCATION,V2.7/V2.9,CONTROLLING V2.9 SCENARIO MATRIX,ACCEPTED SCENARIO INPUT,INSTALLED_CAPACITY_TABLE_READY
2050,High,WIND_ONSHORE,CNOR,464.516129032,39600,RENEWABLE,SCENARIO_TOTAL,FROZEN V2.9 SCENARIO CAPACITY,110% OF BASE,FROZEN V2.9 ZONAL ALLOCATION,V2.7/V2.9,CONTROLLING V2.9 SCENARIO MATRIX,ACCEPTED SCENARIO INPUT,INSTALLED_CAPACITY_TABLE_READY
2050,High,WIND_ONSHORE,CSUD,7896.774193548,39600,RENEWABLE,SCENARIO_TOTAL,FROZEN V2.9 SCENARIO CAPACITY,110% OF BASE,FROZEN V2.9 ZONAL ALLOCATION,V2.7/V2.9,CONTROLLING V2.9 SCENARIO MATRIX,ACCEPTED SCENARIO INPUT,INSTALLED_CAPACITY_TABLE_READY
2050,High,WIND_ONSHORE,SUD,15329.032258065,39600,RENEWABLE,SCENARIO_TOTAL,FROZEN V2.9 SCENARIO CAPACITY,110% OF BASE,FROZEN V2.9 ZONAL ALLOCATION,V2.7/V2.9,CONTROLLING V2.9 SCENARIO MATRIX,ACCEPTED SCENARIO INPUT,INSTALLED_CAPACITY_TABLE_READY
2050,High,WIND_ONSHORE,CALA,3832.258064516,39600,RENEWABLE,SCENARIO_TOTAL,FROZEN V2.9 SCENARIO CAPACITY,110% OF BASE,FROZEN V2.9 ZONAL ALLOCATION,V2.7/V2.9,CONTROLLING V2.9 SCENARIO MATRIX,ACCEPTED SCENARIO INPUT,INSTALLED_CAPACITY_TABLE_READY
2050,High,WIND_ONSHORE,SICI,7316.129032258,39600,RENEWABLE,SCENARIO_TOTAL,FROZEN V2.9 SCENARIO CAPACITY,110% OF BASE,FROZEN V2.9 ZONAL ALLOCATION,V2.7/V2.9,CONTROLLING V2.9 SCENARIO MATRIX,ACCEPTED SCENARIO INPUT,INSTALLED_CAPACITY_TABLE_READY
2050,High,WIND_ONSHORE,SARD,4064.516129032,39600,RENEWABLE,SCENARIO_TOTAL,FROZEN V2.9 SCENARIO CAPACITY,110% OF BASE,FROZEN V2.9 ZONAL ALLOCATION,V2.7/V2.9,CONTROLLING V2.9 SCENARIO MATRIX,ACCEPTED SCENARIO INPUT,INSTALLED_CAPACITY_TABLE_READY
2050,High,WIND_OFFSHORE,NORD,1628.289473684,16500,RENEWABLE,SCENARIO_TOTAL,FROZEN V2.9 SCENARIO CAPACITY,110% OF BASE,FROZEN V2.9 ZONAL ALLOCATION,V2.7/V2.9,CONTROLLING V2.9 SCENARIO MATRIX,ACCEPTED SCENARIO INPUT,INSTALLED_CAPACITY_TABLE_READY
2050,High,WIND_OFFSHORE,CNOR,868.421052632,16500,RENEWABLE,SCENARIO_TOTAL,FROZEN V2.9 SCENARIO CAPACITY,110% OF BASE,FROZEN V2.9 ZONAL ALLOCATION,V2.7/V2.9,CONTROLLING V2.9 SCENARIO MATRIX,ACCEPTED SCENARIO INPUT,INSTALLED_CAPACITY_TABLE_READY
2050,High,WIND_OFFSHORE,CSUD,1736.842105263,16500,RENEWABLE,SCENARIO_TOTAL,FROZEN V2.9 SCENARIO CAPACITY,110% OF BASE,FROZEN V2.9 ZONAL ALLOCATION,V2.7/V2.9,CONTROLLING V2.9 SCENARIO MATRIX,ACCEPTED SCENARIO INPUT,INSTALLED_CAPACITY_TABLE_READY
2050,High,WIND_OFFSHORE,SUD,5101.973684211,16500,RENEWABLE,SCENARIO_TOTAL,FROZEN V2.9 SCENARIO CAPACITY,110% OF BASE,FROZEN V2.9 ZONAL ALLOCATION,V2.7/V2.9,CONTROLLING V2.9 SCENARIO MATRIX,ACCEPTED SCENARIO INPUT,INSTALLED_CAPACITY_TABLE_READY
2050,High,WIND_OFFSHORE,CALA,651.315789474,16500,RENEWABLE,SCENARIO_TOTAL,FROZEN V2.9 SCENARIO CAPACITY,110% OF BASE,FROZEN V2.9 ZONAL ALLOCATION,V2.7/V2.9,CONTROLLING V2.9 SCENARIO MATRIX,ACCEPTED SCENARIO INPUT,INSTALLED_CAPACITY_TABLE_READY
2050,High,WIND_OFFSHORE,SICI,3256.578947368,16500,RENEWABLE,SCENARIO_TOTAL,FROZEN V2.9 SCENARIO CAPACITY,110% OF BASE,FROZEN V2.9 ZONAL ALLOCATION,V2.7/V2.9,CONTROLLING V2.9 SCENARIO MATRIX,ACCEPTED SCENARIO INPUT,INSTALLED_CAPACITY_TABLE_READY
2050,High,WIND_OFFSHORE,SARD,3256.578947368,16500,RENEWABLE,SCENARIO_TOTAL,FROZEN V2.9 SCENARIO CAPACITY,110% OF BASE,FROZEN V2.9 ZONAL ALLOCATION,V2.7/V2.9,CONTROLLING V2.9 SCENARIO MATRIX,ACCEPTED SCENARIO INPUT,INSTALLED_CAPACITY_TABLE_READY
2050,High,BESS,NORD,4181.779738923,48018.367346939,STORAGE,SCENARIO_TOTAL_DISCHARGE_POWER,FROZEN V2.9 BESS POWER,110% OF BASE,FROZEN V2.9 ZONAL STORAGE ALLOCATION,V2.9,CONTROLLING V2.9 STORAGE MATRIX,ACCEPTED SCENARIO INPUT,P_NOM ONLY; E_NOM SEPARATE
2050,High,BESS,CNOR,1441.993013422,48018.367346939,STORAGE,SCENARIO_TOTAL_DISCHARGE_POWER,FROZEN V2.9 BESS POWER,110% OF BASE,FROZEN V2.9 ZONAL STORAGE ALLOCATION,V2.9,CONTROLLING V2.9 STORAGE MATRIX,ACCEPTED SCENARIO INPUT,P_NOM ONLY; E_NOM SEPARATE
2050,High,BESS,CSUD,7556.043390329,48018.367346939,STORAGE,SCENARIO_TOTAL_DISCHARGE_POWER,FROZEN V2.9 BESS POWER,110% OF BASE,FROZEN V2.9 ZONAL STORAGE ALLOCATION,V2.9,CONTROLLING V2.9 STORAGE MATRIX,ACCEPTED SCENARIO INPUT,P_NOM ONLY; E_NOM SEPARATE
2050,High,BESS,SUD,14045.011950726,48018.367346939,STORAGE,SCENARIO_TOTAL_DISCHARGE_POWER,FROZEN V2.9 BESS POWER,110% OF BASE,FROZEN V2.9 ZONAL STORAGE ALLOCATION,V2.9,CONTROLLING V2.9 STORAGE MATRIX,ACCEPTED SCENARIO INPUT,P_NOM ONLY; E_NOM SEPARATE
2050,High,BESS,CALA,3114.704908991,48018.367346939,STORAGE,SCENARIO_TOTAL_DISCHARGE_POWER,FROZEN V2.9 BESS POWER,110% OF BASE,FROZEN V2.9 ZONAL STORAGE ALLOCATION,V2.9,CONTROLLING V2.9 STORAGE MATRIX,ACCEPTED SCENARIO INPUT,P_NOM ONLY; E_NOM SEPARATE
2050,High,BESS,SICI,10728.428019857,48018.367346939,STORAGE,SCENARIO_TOTAL_DISCHARGE_POWER,FROZEN V2.9 BESS POWER,110% OF BASE,FROZEN V2.9 ZONAL STORAGE ALLOCATION,V2.9,CONTROLLING V2.9 STORAGE MATRIX,ACCEPTED SCENARIO INPUT,P_NOM ONLY; E_NOM SEPARATE
2050,High,BESS,SARD,6950.406324692,48018.367346939,STORAGE,SCENARIO_TOTAL_DISCHARGE_POWER,FROZEN V2.9 BESS POWER,110% OF BASE,FROZEN V2.9 ZONAL STORAGE ALLOCATION,V2.9,CONTROLLING V2.9 STORAGE MATRIX,ACCEPTED SCENARIO INPUT,P_NOM ONLY; E_NOM SEPARATE
2050,High,HYDRO_RUN_OF_RIVER,NORD,5228.210866305,6239,HYDRO_FIXED_CURRENT,CURRENT_FLEET_COPIED_UNCHANGED,USER_CONFIRMED CURRENT HYDRO CAPACITY IN ALL FUTURE SCENARIOS,NOT APPLICABLE,NORD DIRECT CLASS VALUES SCALED 0.006% TO ZONAL NON-PUMPED CONTROL,2024,TERNA HYDRO CONTROLS + PROJECT CLASS ALLOCATION,DIRECT MACRO CONTROL + PROJECT RECONCILIATION,CAPACITY FROZEN; OPERATIONAL PARAMETERS PARTIAL
2050,High,HYDRO_BASIN,NORD,3512.208833846,5019.900000002,HYDRO_FIXED_CURRENT,CURRENT_FLEET_COPIED_UNCHANGED,USER_CONFIRMED CURRENT HYDRO CAPACITY IN ALL FUTURE SCENARIOS,NOT APPLICABLE,NORD DIRECT CLASS VALUES SCALED 0.006% TO ZONAL NON-PUMPED CONTROL,2024,TERNA HYDRO CONTROLS + PROJECT CLASS ALLOCATION,DIRECT MACRO CONTROL + PROJECT RECONCILIATION,CAPACITY FROZEN; OPERATIONAL PARAMETERS PARTIAL
2050,High,HYDRO_RESERVOIR,NORD,3669.318175474,4782.8,HYDRO_FIXED_CURRENT,CURRENT_FLEET_COPIED_UNCHANGED,USER_CONFIRMED CURRENT HYDRO CAPACITY IN ALL FUTURE SCENARIOS,NOT APPLICABLE,NORD DIRECT CLASS VALUES SCALED 0.006% TO ZONAL NON-PUMPED CONTROL,2024,TERNA HYDRO CONTROLS + PROJECT CLASS ALLOCATION,DIRECT MACRO CONTROL + PROJECT RECONCILIATION,CAPACITY FROZEN; OPERATIONAL PARAMETERS PARTIAL
2050,High,PUMPED_HYDRO_PURE,NORD,2393.185354581,3969.57561,HYDRO_FIXED_CURRENT,CURRENT_FLEET_COPIED_UNCHANGED,USER_CONFIRMED CURRENT HYDRO CAPACITY IN ALL FUTURE SCENARIOS,NOT APPLICABLE,DIRECT PURE/MIXED PUMPING PERIMETER BRIDGE,2024,TERNA HYDRO CONTROLS + PROJECT CLASS ALLOCATION,DIRECT TERNA CONTROL / PERIMETER DERIVATION,CAPACITY FROZEN; OPERATIONAL PARAMETERS PARTIAL
2050,High,PUMPED_HYDRO_MIXED,NORD,2305.444434376,3282.72439,HYDRO_FIXED_CURRENT,CURRENT_FLEET_COPIED_UNCHANGED,USER_CONFIRMED CURRENT HYDRO CAPACITY IN ALL FUTURE SCENARIOS,NOT APPLICABLE,DIRECT PURE/MIXED PUMPING PERIMETER BRIDGE,2024,TERNA HYDRO CONTROLS + PROJECT CLASS ALLOCATION,DIRECT TERNA CONTROL / PERIMETER DERIVATION,CAPACITY FROZEN; OPERATIONAL PARAMETERS PARTIAL
2050,High,HYDRO_RUN_OF_RIVER,CNOR,209.314034422,6239,HYDRO_FIXED_CURRENT,CURRENT_FLEET_COPIED_UNCHANGED,USER_CONFIRMED CURRENT HYDRO CAPACITY IN ALL FUTURE SCENARIOS,NOT APPLICABLE,ROR residual allocated using open HDAM programmable-capacity floor; remaining programmable capacity split to basin/reservoir by residual national controls,2024,TERNA HYDRO CONTROLS + PROJECT CLASS ALLOCATION,PROJECT ALLOCATION PROVISIONAL,CAPACITY FROZEN; OPERATIONAL PARAMETERS PARTIAL
2050,High,HYDRO_BASIN,CNOR,238.064607896,5019.900000002,HYDRO_FIXED_CURRENT,CURRENT_FLEET_COPIED_UNCHANGED,USER_CONFIRMED CURRENT HYDRO CAPACITY IN ALL FUTURE SCENARIOS,NOT APPLICABLE,ROR residual allocated using open HDAM programmable-capacity floor; remaining programmable capacity split to basin/reservoir by residual national controls,2024,TERNA HYDRO CONTROLS + PROJECT CLASS ALLOCATION,PROJECT ALLOCATION PROVISIONAL,CAPACITY FROZEN; OPERATIONAL PARAMETERS PARTIAL
2050,High,HYDRO_RESERVOIR,CNOR,175.818907682,4782.8,HYDRO_FIXED_CURRENT,CURRENT_FLEET_COPIED_UNCHANGED,USER_CONFIRMED CURRENT HYDRO CAPACITY IN ALL FUTURE SCENARIOS,NOT APPLICABLE,ROR residual allocated using open HDAM programmable-capacity floor; remaining programmable capacity split to basin/reservoir by residual national controls,2024,TERNA HYDRO CONTROLS + PROJECT CLASS ALLOCATION,PROJECT ALLOCATION PROVISIONAL,CAPACITY FROZEN; OPERATIONAL PARAMETERS PARTIAL
2050,High,PUMPED_HYDRO_PURE,CNOR,0,3969.57561,HYDRO_FIXED_CURRENT,CURRENT_FLEET_COPIED_UNCHANGED,USER_CONFIRMED CURRENT HYDRO CAPACITY IN ALL FUTURE SCENARIOS,NOT APPLICABLE,DIRECT PURE/MIXED PUMPING PERIMETER BRIDGE,2024,TERNA HYDRO CONTROLS + PROJECT CLASS ALLOCATION,DIRECT TERNA CONTROL / PERIMETER DERIVATION,CAPACITY FROZEN; OPERATIONAL PARAMETERS PARTIAL
2050,High,PUMPED_HYDRO_MIXED,CNOR,0,3282.72439,HYDRO_FIXED_CURRENT,CURRENT_FLEET_COPIED_UNCHANGED,USER_CONFIRMED CURRENT HYDRO CAPACITY IN ALL FUTURE SCENARIOS,NOT APPLICABLE,DIRECT PURE/MIXED PUMPING PERIMETER BRIDGE,2024,TERNA HYDRO CONTROLS + PROJECT CLASS ALLOCATION,DIRECT TERNA CONTROL / PERIMETER DERIVATION,CAPACITY FROZEN; OPERATIONAL PARAMETERS PARTIAL
2050,High,HYDRO_RUN_OF_RIVER,CSUD,579.820027388,6239,HYDRO_FIXED_CURRENT,CURRENT_FLEET_COPIED_UNCHANGED,USER_CONFIRMED CURRENT HYDRO CAPACITY IN ALL FUTURE SCENARIOS,NOT APPLICABLE,ROR residual allocated using open HDAM programmable-capacity floor; remaining programmable capacity split to basin/reservoir by residual national controls,2024,TERNA HYDRO CONTROLS + PROJECT CLASS ALLOCATION,PROJECT ALLOCATION PROVISIONAL,CAPACITY FROZEN; OPERATIONAL PARAMETERS PARTIAL
2050,High,HYDRO_BASIN,CSUD,582.887284562,5019.900000002,HYDRO_FIXED_CURRENT,CURRENT_FLEET_COPIED_UNCHANGED,USER_CONFIRMED CURRENT HYDRO CAPACITY IN ALL FUTURE SCENARIOS,NOT APPLICABLE,ROR residual allocated using open HDAM programmable-capacity floor; remaining programmable capacity split to basin/reservoir by residual national controls,2024,TERNA HYDRO CONTROLS + PROJECT CLASS ALLOCATION,PROJECT ALLOCATION PROVISIONAL,CAPACITY FROZEN; OPERATIONAL PARAMETERS PARTIAL
2050,High,HYDRO_RESERVOIR,CSUD,430.482324018,4782.8,HYDRO_FIXED_CURRENT,CURRENT_FLEET_COPIED_UNCHANGED,USER_CONFIRMED CURRENT HYDRO CAPACITY IN ALL FUTURE SCENARIOS,NOT APPLICABLE,ROR residual allocated using open HDAM programmable-capacity floor; remaining programmable capacity split to basin/reservoir by residual national controls,2024,TERNA HYDRO CONTROLS + PROJECT CLASS ALLOCATION,PROJECT ALLOCATION PROVISIONAL,CAPACITY FROZEN; OPERATIONAL PARAMETERS PARTIAL
2050,High,PUMPED_HYDRO_PURE,CSUD,995.915669822,3969.57561,HYDRO_FIXED_CURRENT,CURRENT_FLEET_COPIED_UNCHANGED,USER_CONFIRMED CURRENT HYDRO CAPACITY IN ALL FUTURE SCENARIOS,NOT APPLICABLE,DIRECT PURE/MIXED PUMPING PERIMETER BRIDGE,2024,TERNA HYDRO CONTROLS + PROJECT CLASS ALLOCATION,DIRECT TERNA CONTROL / PERIMETER DERIVATION,CAPACITY FROZEN; OPERATIONAL PARAMETERS PARTIAL
2050,High,PUMPED_HYDRO_MIXED,CSUD,736.949744032,3282.72439,HYDRO_FIXED_CURRENT,CURRENT_FLEET_COPIED_UNCHANGED,USER_CONFIRMED CURRENT HYDRO CAPACITY IN ALL FUTURE SCENARIOS,NOT APPLICABLE,DIRECT PURE/MIXED PUMPING PERIMETER BRIDGE,2024,TERNA HYDRO CONTROLS + PROJECT CLASS ALLOCATION,DIRECT TERNA CONTROL / PERIMETER DERIVATION,CAPACITY FROZEN; OPERATIONAL PARAMETERS PARTIAL
2050,High,HYDRO_RUN_OF_RIVER,SUD,45.411334869,6239,HYDRO_FIXED_CURRENT,CURRENT_FLEET_COPIED_UNCHANGED,USER_CONFIRMED CURRENT HYDRO CAPACITY IN ALL FUTURE SCENARIOS,NOT APPLICABLE,ROR residual allocated using open HDAM programmable-capacity floor; remaining programmable capacity split to basin/reservoir by residual national controls,2024,TERNA HYDRO CONTROLS + PROJECT CLASS ALLOCATION,PROJECT ALLOCATION PROVISIONAL,CAPACITY FROZEN; OPERATIONAL PARAMETERS PARTIAL
2050,High,HYDRO_BASIN,SUD,103.488209848,5019.900000002,HYDRO_FIXED_CURRENT,CURRENT_FLEET_COPIED_UNCHANGED,USER_CONFIRMED CURRENT HYDRO CAPACITY IN ALL FUTURE SCENARIOS,NOT APPLICABLE,ROR residual allocated using open HDAM programmable-capacity floor; remaining programmable capacity split to basin/reservoir by residual national controls,2024,TERNA HYDRO CONTROLS + PROJECT CLASS ALLOCATION,PROJECT ALLOCATION PROVISIONAL,CAPACITY FROZEN; OPERATIONAL PARAMETERS PARTIAL
2050,High,HYDRO_RESERVOIR,SUD,76.429605283,4782.8,HYDRO_FIXED_CURRENT,CURRENT_FLEET_COPIED_UNCHANGED,USER_CONFIRMED CURRENT HYDRO CAPACITY IN ALL FUTURE SCENARIOS,NOT APPLICABLE,ROR residual allocated using open HDAM programmable-capacity floor; remaining programmable capacity split to basin/reservoir by residual national controls,2024,TERNA HYDRO CONTROLS + PROJECT CLASS ALLOCATION,PROJECT ALLOCATION PROVISIONAL,CAPACITY FROZEN; OPERATIONAL PARAMETERS PARTIAL
2050,High,PUMPED_HYDRO_PURE,SUD,0,3969.57561,HYDRO_FIXED_CURRENT,CURRENT_FLEET_COPIED_UNCHANGED,USER_CONFIRMED CURRENT HYDRO CAPACITY IN ALL FUTURE SCENARIOS,NOT APPLICABLE,DIRECT PURE/MIXED PUMPING PERIMETER BRIDGE,2024,TERNA HYDRO CONTROLS + PROJECT CLASS ALLOCATION,DIRECT TERNA CONTROL / PERIMETER DERIVATION,CAPACITY FROZEN; OPERATIONAL PARAMETERS PARTIAL
2050,High,PUMPED_HYDRO_MIXED,SUD,0,3282.72439,HYDRO_FIXED_CURRENT,CURRENT_FLEET_COPIED_UNCHANGED,USER_CONFIRMED CURRENT HYDRO CAPACITY IN ALL FUTURE SCENARIOS,NOT APPLICABLE,DIRECT PURE/MIXED PUMPING PERIMETER BRIDGE,2024,TERNA HYDRO CONTROLS + PROJECT CLASS ALLOCATION,DIRECT TERNA CONTROL / PERIMETER DERIVATION,CAPACITY FROZEN; OPERATIONAL PARAMETERS PARTIAL
2050,High,HYDRO_RUN_OF_RIVER,CALA,106.743829899,6239,HYDRO_FIXED_CURRENT,CURRENT_FLEET_COPIED_UNCHANGED,USER_CONFIRMED CURRENT HYDRO CAPACITY IN ALL FUTURE SCENARIOS,NOT APPLICABLE,ROR residual allocated using open HDAM programmable-capacity floor; remaining programmable capacity split to basin/reservoir by residual national controls,2024,TERNA HYDRO CONTROLS + PROJECT CLASS ALLOCATION,PROJECT ALLOCATION PROVISIONAL,CAPACITY FROZEN; OPERATIONAL PARAMETERS PARTIAL
2050,High,HYDRO_BASIN,CALA,417.949832196,5019.900000002,HYDRO_FIXED_CURRENT,CURRENT_FLEET_COPIED_UNCHANGED,USER_CONFIRMED CURRENT HYDRO CAPACITY IN ALL FUTURE SCENARIOS,NOT APPLICABLE,ROR residual allocated using open HDAM programmable-capacity floor; remaining programmable capacity split to basin/reservoir by residual national controls,2024,TERNA HYDRO CONTROLS + PROJECT CLASS ALLOCATION,PROJECT ALLOCATION PROVISIONAL,CAPACITY FROZEN; OPERATIONAL PARAMETERS PARTIAL
2050,High,HYDRO_RESERVOIR,CALA,308.670337905,4782.8,HYDRO_FIXED_CURRENT,CURRENT_FLEET_COPIED_UNCHANGED,USER_CONFIRMED CURRENT HYDRO CAPACITY IN ALL FUTURE SCENARIOS,NOT APPLICABLE,ROR residual allocated using open HDAM programmable-capacity floor; remaining programmable capacity split to basin/reservoir by residual national controls,2024,TERNA HYDRO CONTROLS + PROJECT CLASS ALLOCATION,PROJECT ALLOCATION PROVISIONAL,CAPACITY FROZEN; OPERATIONAL PARAMETERS PARTIAL
2050,High,PUMPED_HYDRO_PURE,CALA,0,3969.57561,HYDRO_FIXED_CURRENT,CURRENT_FLEET_COPIED_UNCHANGED,USER_CONFIRMED CURRENT HYDRO CAPACITY IN ALL FUTURE SCENARIOS,NOT APPLICABLE,DIRECT PURE/MIXED PUMPING PERIMETER BRIDGE,2024,TERNA HYDRO CONTROLS + PROJECT CLASS ALLOCATION,DIRECT TERNA CONTROL / PERIMETER DERIVATION,CAPACITY FROZEN; OPERATIONAL PARAMETERS PARTIAL
2050,High,PUMPED_HYDRO_MIXED,CALA,0,3282.72439,HYDRO_FIXED_CURRENT,CURRENT_FLEET_COPIED_UNCHANGED,USER_CONFIRMED CURRENT HYDRO CAPACITY IN ALL FUTURE SCENARIOS,NOT APPLICABLE,DIRECT PURE/MIXED PUMPING PERIMETER BRIDGE,2024,TERNA HYDRO CONTROLS + PROJECT CLASS ALLOCATION,DIRECT TERNA CONTROL / PERIMETER DERIVATION,CAPACITY FROZEN; OPERATIONAL PARAMETERS PARTIAL
2050,High,HYDRO_RUN_OF_RIVER,SICI,31.552391362,6239,HYDRO_FIXED_CURRENT,CURRENT_FLEET_COPIED_UNCHANGED,USER_CONFIRMED CURRENT HYDRO CAPACITY IN ALL FUTURE SCENARIOS,NOT APPLICABLE,ROR residual allocated using open HDAM programmable-capacity floor; remaining programmable capacity split to basin/reservoir by residual national controls,2024,TERNA HYDRO CONTROLS + PROJECT CLASS ALLOCATION,PROJECT ALLOCATION PROVISIONAL,CAPACITY FROZEN; OPERATIONAL PARAMETERS PARTIAL
2050,High,HYDRO_BASIN,SICI,58.808504061,5019.900000002,HYDRO_FIXED_CURRENT,CURRENT_FLEET_COPIED_UNCHANGED,USER_CONFIRMED CURRENT HYDRO CAPACITY IN ALL FUTURE SCENARIOS,NOT APPLICABLE,ROR residual allocated using open HDAM programmable-capacity floor; remaining programmable capacity split to basin/reservoir by residual national controls,2024,TERNA HYDRO CONTROLS + PROJECT CLASS ALLOCATION,PROJECT ALLOCATION PROVISIONAL,CAPACITY FROZEN; OPERATIONAL PARAMETERS PARTIAL
2050,High,HYDRO_RESERVOIR,SICI,43.432104578,4782.8,HYDRO_FIXED_CURRENT,CURRENT_FLEET_COPIED_UNCHANGED,USER_CONFIRMED CURRENT HYDRO CAPACITY IN ALL FUTURE SCENARIOS,NOT APPLICABLE,ROR residual allocated using open HDAM programmable-capacity floor; remaining programmable capacity split to basin/reservoir by residual national controls,2024,TERNA HYDRO CONTROLS + PROJECT CLASS ALLOCATION,PROJECT ALLOCATION PROVISIONAL,CAPACITY FROZEN; OPERATIONAL PARAMETERS PARTIAL
2050,High,PUMPED_HYDRO_PURE,SICI,580.474585597,3969.57561,HYDRO_FIXED_CURRENT,CURRENT_FLEET_COPIED_UNCHANGED,USER_CONFIRMED CURRENT HYDRO CAPACITY IN ALL FUTURE SCENARIOS,NOT APPLICABLE,DIRECT PURE/MIXED PUMPING PERIMETER BRIDGE,2024,TERNA HYDRO CONTROLS + PROJECT CLASS ALLOCATION,DIRECT TERNA CONTROL / PERIMETER DERIVATION,CAPACITY FROZEN; OPERATIONAL PARAMETERS PARTIAL
2050,High,PUMPED_HYDRO_MIXED,SICI,0,3282.72439,HYDRO_FIXED_CURRENT,CURRENT_FLEET_COPIED_UNCHANGED,USER_CONFIRMED CURRENT HYDRO CAPACITY IN ALL FUTURE SCENARIOS,NOT APPLICABLE,DIRECT PURE/MIXED PUMPING PERIMETER BRIDGE,2024,TERNA HYDRO CONTROLS + PROJECT CLASS ALLOCATION,DIRECT TERNA CONTROL / PERIMETER DERIVATION,CAPACITY FROZEN; OPERATIONAL PARAMETERS PARTIAL
2050,High,HYDRO_RUN_OF_RIVER,SARD,37.947515755,6239,HYDRO_FIXED_CURRENT,CURRENT_FLEET_COPIED_UNCHANGED,USER_CONFIRMED CURRENT HYDRO CAPACITY IN ALL FUTURE SCENARIOS,NOT APPLICABLE,ROR residual allocated using open HDAM programmable-capacity floor; remaining programmable capacity split to basin/reservoir by residual national controls,2024,TERNA HYDRO CONTROLS + PROJECT CLASS ALLOCATION,PROJECT ALLOCATION PROVISIONAL,CAPACITY FROZEN; OPERATIONAL PARAMETERS PARTIAL
2050,High,HYDRO_BASIN,SARD,106.492727593,5019.900000002,HYDRO_FIXED_CURRENT,CURRENT_FLEET_COPIED_UNCHANGED,USER_CONFIRMED CURRENT HYDRO CAPACITY IN ALL FUTURE SCENARIOS,NOT APPLICABLE,ROR residual allocated using open HDAM programmable-capacity floor; remaining programmable capacity split to basin/reservoir by residual national controls,2024,TERNA HYDRO CONTROLS + PROJECT CLASS ALLOCATION,PROJECT ALLOCATION PROVISIONAL,CAPACITY FROZEN; OPERATIONAL PARAMETERS PARTIAL
2050,High,HYDRO_RESERVOIR,SARD,78.64854506,4782.8,HYDRO_FIXED_CURRENT,CURRENT_FLEET_COPIED_UNCHANGED,USER_CONFIRMED CURRENT HYDRO CAPACITY IN ALL FUTURE SCENARIOS,NOT APPLICABLE,ROR residual allocated using open HDAM programmable-capacity floor; remaining programmable capacity split to basin/reservoir by residual national controls,2024,TERNA HYDRO CONTROLS + PROJECT CLASS ALLOCATION,PROJECT ALLOCATION PROVISIONAL,CAPACITY FROZEN; OPERATIONAL PARAMETERS PARTIAL
2050,High,PUMPED_HYDRO_PURE,SARD,0,3969.57561,HYDRO_FIXED_CURRENT,CURRENT_FLEET_COPIED_UNCHANGED,USER_CONFIRMED CURRENT HYDRO CAPACITY IN ALL FUTURE SCENARIOS,NOT APPLICABLE,DIRECT PURE/MIXED PUMPING PERIMETER BRIDGE,2024,TERNA HYDRO CONTROLS + PROJECT CLASS ALLOCATION,DIRECT TERNA CONTROL / PERIMETER DERIVATION,CAPACITY FROZEN; OPERATIONAL PARAMETERS PARTIAL
2050,High,PUMPED_HYDRO_MIXED,SARD,240.330211592,3282.72439,HYDRO_FIXED_CURRENT,CURRENT_FLEET_COPIED_UNCHANGED,USER_CONFIRMED CURRENT HYDRO CAPACITY IN ALL FUTURE SCENARIOS,NOT APPLICABLE,DIRECT PURE/MIXED PUMPING PERIMETER BRIDGE,2024,TERNA HYDRO CONTROLS + PROJECT CLASS ALLOCATION,DIRECT TERNA CONTROL / PERIMETER DERIVATION,CAPACITY FROZEN; OPERATIONAL PARAMETERS PARTIAL
2050,High,BIOENERGY,NORD,4542.288621371,7273.930046872,BASE_THERMAL,BASE_PORTFOLIO,PNIEC ENERGY/CF WEIGHTS NORMALIZED TO TERNA ENVELOPE,PNIEC ENERGY/CF-DERIVED RELATIVE WEIGHT,PROJECT_ALLOCATION_USING_CURRENT_BIOENERGY_GEOGRAPHY,2024,TERNA 2050 + PNIEC + PROJECT GEOGRAPHY,TERNA CONTROL + PROJECT DERIVATION,INSTALLED_CAPACITY_TABLE_READY; CF NOT A DISPATCH QUOTA
2050,High,BIOENERGY,CNOR,343.258566564,7273.930046872,BASE_THERMAL,BASE_PORTFOLIO,PNIEC ENERGY/CF WEIGHTS NORMALIZED TO TERNA ENVELOPE,PNIEC ENERGY/CF-DERIVED RELATIVE WEIGHT,PROJECT_ALLOCATION_USING_CURRENT_BIOENERGY_GEOGRAPHY,2024,TERNA 2050 + PNIEC + PROJECT GEOGRAPHY,TERNA CONTROL + PROJECT DERIVATION,INSTALLED_CAPACITY_TABLE_READY; CF NOT A DISPATCH QUOTA
2050,High,BIOENERGY,CSUD,853.41991232,7273.930046872,BASE_THERMAL,BASE_PORTFOLIO,PNIEC ENERGY/CF WEIGHTS NORMALIZED TO TERNA ENVELOPE,PNIEC ENERGY/CF-DERIVED RELATIVE WEIGHT,PROJECT_ALLOCATION_USING_CURRENT_BIOENERGY_GEOGRAPHY,2024,TERNA 2050 + PNIEC + PROJECT GEOGRAPHY,TERNA CONTROL + PROJECT DERIVATION,INSTALLED_CAPACITY_TABLE_READY; CF NOT A DISPATCH QUOTA
2050,High,BIOENERGY,SUD,853.850595084,7273.930046872,BASE_THERMAL,BASE_PORTFOLIO,PNIEC ENERGY/CF WEIGHTS NORMALIZED TO TERNA ENVELOPE,PNIEC ENERGY/CF-DERIVED RELATIVE WEIGHT,PROJECT_ALLOCATION_USING_CURRENT_BIOENERGY_GEOGRAPHY,2024,TERNA 2050 + PNIEC + PROJECT GEOGRAPHY,TERNA CONTROL + PROJECT DERIVATION,INSTALLED_CAPACITY_TABLE_READY; CF NOT A DISPATCH QUOTA
2050,High,BIOENERGY,CALA,335.831107297,7273.930046872,BASE_THERMAL,BASE_PORTFOLIO,PNIEC ENERGY/CF WEIGHTS NORMALIZED TO TERNA ENVELOPE,PNIEC ENERGY/CF-DERIVED RELATIVE WEIGHT,PROJECT_ALLOCATION_USING_CURRENT_BIOENERGY_GEOGRAPHY,2024,TERNA 2050 + PNIEC + PROJECT GEOGRAPHY,TERNA CONTROL + PROJECT DERIVATION,INSTALLED_CAPACITY_TABLE_READY; CF NOT A DISPATCH QUOTA
2050,High,BIOENERGY,SICI,132.916357988,7273.930046872,BASE_THERMAL,BASE_PORTFOLIO,PNIEC ENERGY/CF WEIGHTS NORMALIZED TO TERNA ENVELOPE,PNIEC ENERGY/CF-DERIVED RELATIVE WEIGHT,PROJECT_ALLOCATION_USING_CURRENT_BIOENERGY_GEOGRAPHY,2024,TERNA 2050 + PNIEC + PROJECT GEOGRAPHY,TERNA CONTROL + PROJECT DERIVATION,INSTALLED_CAPACITY_TABLE_READY; CF NOT A DISPATCH QUOTA
2050,High,BIOENERGY,SARD,212.364886255,7273.930046872,BASE_THERMAL,BASE_PORTFOLIO,PNIEC ENERGY/CF WEIGHTS NORMALIZED TO TERNA ENVELOPE,PNIEC ENERGY/CF-DERIVED RELATIVE WEIGHT,PROJECT_ALLOCATION_USING_CURRENT_BIOENERGY_GEOGRAPHY,2024,TERNA 2050 + PNIEC + PROJECT GEOGRAPHY,TERNA CONTROL + PROJECT DERIVATION,INSTALLED_CAPACITY_TABLE_READY; CF NOT A DISPATCH QUOTA
2050,High,BIOENERGY_CCS,NORD,2571.106766814,4117.318894456,BASE_THERMAL,BASE_PORTFOLIO,PNIEC ENERGY/CF WEIGHTS NORMALIZED TO TERNA ENVELOPE,PNIEC ENERGY/CF-DERIVED RELATIVE WEIGHT,PROJECT_ALLOCATION_USING_CURRENT_BIOENERGY_GEOGRAPHY,2024,TERNA 2050 + PNIEC + PROJECT GEOGRAPHY,TERNA CONTROL + PROJECT DERIVATION,INSTALLED_CAPACITY_TABLE_READY; CF NOT A DISPATCH QUOTA
2050,High,BIOENERGY_CCS,CNOR,194.297301828,4117.318894456,BASE_THERMAL,BASE_PORTFOLIO,PNIEC ENERGY/CF WEIGHTS NORMALIZED TO TERNA ENVELOPE,PNIEC ENERGY/CF-DERIVED RELATIVE WEIGHT,PROJECT_ALLOCATION_USING_CURRENT_BIOENERGY_GEOGRAPHY,2024,TERNA 2050 + PNIEC + PROJECT GEOGRAPHY,TERNA CONTROL + PROJECT DERIVATION,INSTALLED_CAPACITY_TABLE_READY; CF NOT A DISPATCH QUOTA
2050,High,BIOENERGY_CCS,CSUD,483.067874898,4117.318894456,BASE_THERMAL,BASE_PORTFOLIO,PNIEC ENERGY/CF WEIGHTS NORMALIZED TO TERNA ENVELOPE,PNIEC ENERGY/CF-DERIVED RELATIVE WEIGHT,PROJECT_ALLOCATION_USING_CURRENT_BIOENERGY_GEOGRAPHY,2024,TERNA 2050 + PNIEC + PROJECT GEOGRAPHY,TERNA CONTROL + PROJECT DERIVATION,INSTALLED_CAPACITY_TABLE_READY; CF NOT A DISPATCH QUOTA
2050,High,BIOENERGY_CCS,SUD,483.311657595,4117.318894456,BASE_THERMAL,BASE_PORTFOLIO,PNIEC ENERGY/CF WEIGHTS NORMALIZED TO TERNA ENVELOPE,PNIEC ENERGY/CF-DERIVED RELATIVE WEIGHT,PROJECT_ALLOCATION_USING_CURRENT_BIOENERGY_GEOGRAPHY,2024,TERNA 2050 + PNIEC + PROJECT GEOGRAPHY,TERNA CONTROL + PROJECT DERIVATION,INSTALLED_CAPACITY_TABLE_READY; CF NOT A DISPATCH QUOTA
2050,High,BIOENERGY_CCS,CALA,190.093079602,4117.318894456,BASE_THERMAL,BASE_PORTFOLIO,PNIEC ENERGY/CF WEIGHTS NORMALIZED TO TERNA ENVELOPE,PNIEC ENERGY/CF-DERIVED RELATIVE WEIGHT,PROJECT_ALLOCATION_USING_CURRENT_BIOENERGY_GEOGRAPHY,2024,TERNA 2050 + PNIEC + PROJECT GEOGRAPHY,TERNA CONTROL + PROJECT DERIVATION,INSTALLED_CAPACITY_TABLE_READY; CF NOT A DISPATCH QUOTA
2050,High,BIOENERGY_CCS,SICI,75.235674333,4117.318894456,BASE_THERMAL,BASE_PORTFOLIO,PNIEC ENERGY/CF WEIGHTS NORMALIZED TO TERNA ENVELOPE,PNIEC ENERGY/CF-DERIVED RELATIVE WEIGHT,PROJECT_ALLOCATION_USING_CURRENT_BIOENERGY_GEOGRAPHY,2024,TERNA 2050 + PNIEC + PROJECT GEOGRAPHY,TERNA CONTROL + PROJECT DERIVATION,INSTALLED_CAPACITY_TABLE_READY; CF NOT A DISPATCH QUOTA
2050,High,BIOENERGY_CCS,SARD,120.20653939,4117.318894456,BASE_THERMAL,BASE_PORTFOLIO,PNIEC ENERGY/CF WEIGHTS NORMALIZED TO TERNA ENVELOPE,PNIEC ENERGY/CF-DERIVED RELATIVE WEIGHT,PROJECT_ALLOCATION_USING_CURRENT_BIOENERGY_GEOGRAPHY,2024,TERNA 2050 + PNIEC + PROJECT GEOGRAPHY,TERNA CONTROL + PROJECT DERIVATION,INSTALLED_CAPACITY_TABLE_READY; CF NOT A DISPATCH QUOTA
2050,High,GAS_CCS,NORD,3516.377767001,6450.466267981,BASE_THERMAL,BASE_PORTFOLIO,PNIEC ENERGY/CF WEIGHTS NORMALIZED TO TERNA ENVELOPE,PNIEC ENERGY/CF-DERIVED RELATIVE WEIGHT,PROJECT_ALLOCATION_USING_CURRENT_TECHNOLOGY_GEOGRAPHY,2024,TERNA 2050 + PNIEC + PROJECT GEOGRAPHY,TERNA CONTROL + PROJECT DERIVATION,INSTALLED_CAPACITY_TABLE_READY; CF NOT A DISPATCH QUOTA
2050,High,GAS_CCS,CNOR,243.560931279,6450.466267981,BASE_THERMAL,BASE_PORTFOLIO,PNIEC ENERGY/CF WEIGHTS NORMALIZED TO TERNA ENVELOPE,PNIEC ENERGY/CF-DERIVED RELATIVE WEIGHT,PROJECT_ALLOCATION_USING_CURRENT_TECHNOLOGY_GEOGRAPHY,2024,TERNA 2050 + PNIEC + PROJECT GEOGRAPHY,TERNA CONTROL + PROJECT DERIVATION,INSTALLED_CAPACITY_TABLE_READY; CF NOT A DISPATCH QUOTA
2050,High,GAS_CCS,CSUD,964.647101768,6450.466267981,BASE_THERMAL,BASE_PORTFOLIO,PNIEC ENERGY/CF WEIGHTS NORMALIZED TO TERNA ENVELOPE,PNIEC ENERGY/CF-DERIVED RELATIVE WEIGHT,PROJECT_ALLOCATION_USING_CURRENT_TECHNOLOGY_GEOGRAPHY,2024,TERNA 2050 + PNIEC + PROJECT GEOGRAPHY,TERNA CONTROL + PROJECT DERIVATION,INSTALLED_CAPACITY_TABLE_READY; CF NOT A DISPATCH QUOTA
2050,High,GAS_CCS,SUD,674.038035664,6450.466267981,BASE_THERMAL,BASE_PORTFOLIO,PNIEC ENERGY/CF WEIGHTS NORMALIZED TO TERNA ENVELOPE,PNIEC ENERGY/CF-DERIVED RELATIVE WEIGHT,PROJECT_ALLOCATION_USING_CURRENT_TECHNOLOGY_GEOGRAPHY,2024,TERNA 2050 + PNIEC + PROJECT GEOGRAPHY,TERNA CONTROL + PROJECT DERIVATION,INSTALLED_CAPACITY_TABLE_READY; CF NOT A DISPATCH QUOTA
2050,High,GAS_CCS,CALA,492.887687322,6450.466267981,BASE_THERMAL,BASE_PORTFOLIO,PNIEC ENERGY/CF WEIGHTS NORMALIZED TO TERNA ENVELOPE,PNIEC ENERGY/CF-DERIVED RELATIVE WEIGHT,PROJECT_ALLOCATION_USING_CURRENT_TECHNOLOGY_GEOGRAPHY,2024,TERNA 2050 + PNIEC + PROJECT GEOGRAPHY,TERNA CONTROL + PROJECT DERIVATION,INSTALLED_CAPACITY_TABLE_READY; CF NOT A DISPATCH QUOTA
2050,High,GAS_CCS,SICI,462.056620428,6450.466267981,BASE_THERMAL,BASE_PORTFOLIO,PNIEC ENERGY/CF WEIGHTS NORMALIZED TO TERNA ENVELOPE,PNIEC ENERGY/CF-DERIVED RELATIVE WEIGHT,PROJECT_ALLOCATION_USING_CURRENT_TECHNOLOGY_GEOGRAPHY,2024,TERNA 2050 + PNIEC + PROJECT GEOGRAPHY,TERNA CONTROL + PROJECT DERIVATION,INSTALLED_CAPACITY_TABLE_READY; CF NOT A DISPATCH QUOTA
2050,High,GAS_CCS,SARD,96.898124513,6450.466267981,BASE_THERMAL,BASE_PORTFOLIO,PNIEC ENERGY/CF WEIGHTS NORMALIZED TO TERNA ENVELOPE,PNIEC ENERGY/CF-DERIVED RELATIVE WEIGHT,PROJECT_ALLOCATION_USING_CURRENT_TECHNOLOGY_GEOGRAPHY,2024,TERNA 2050 + PNIEC + PROJECT GEOGRAPHY,TERNA CONTROL + PROJECT DERIVATION,INSTALLED_CAPACITY_TABLE_READY; CF NOT A DISPATCH QUOTA
2050,High,GAS_OTHER_FOSSIL,NORD,850.138477546,3386.49479069,BASE_THERMAL,BASE_PORTFOLIO,PNIEC ENERGY/CF WEIGHTS NORMALIZED TO TERNA ENVELOPE,PNIEC ENERGY/CF-DERIVED RELATIVE WEIGHT,PROJECT_ALLOCATION_USING_CURRENT_TECHNOLOGY_GEOGRAPHY,2024,TERNA 2050 + PNIEC + PROJECT GEOGRAPHY,TERNA CONTROL + PROJECT DERIVATION,INSTALLED_CAPACITY_TABLE_READY; CF NOT A DISPATCH QUOTA
2050,High,GAS_OTHER_FOSSIL,CNOR,483.986138935,3386.49479069,BASE_THERMAL,BASE_PORTFOLIO,PNIEC ENERGY/CF WEIGHTS NORMALIZED TO TERNA ENVELOPE,PNIEC ENERGY/CF-DERIVED RELATIVE WEIGHT,PROJECT_ALLOCATION_USING_CURRENT_TECHNOLOGY_GEOGRAPHY,2024,TERNA 2050 + PNIEC + PROJECT GEOGRAPHY,TERNA CONTROL + PROJECT DERIVATION,INSTALLED_CAPACITY_TABLE_READY; CF NOT A DISPATCH QUOTA
2050,High,GAS_OTHER_FOSSIL,CSUD,776.49858148,3386.49479069,BASE_THERMAL,BASE_PORTFOLIO,PNIEC ENERGY/CF WEIGHTS NORMALIZED TO TERNA ENVELOPE,PNIEC ENERGY/CF-DERIVED RELATIVE WEIGHT,PROJECT_ALLOCATION_USING_CURRENT_TECHNOLOGY_GEOGRAPHY,2024,TERNA 2050 + PNIEC + PROJECT GEOGRAPHY,TERNA CONTROL + PROJECT DERIVATION,INSTALLED_CAPACITY_TABLE_READY; CF NOT A DISPATCH QUOTA
2050,High,GAS_OTHER_FOSSIL,SUD,258.533138507,3386.49479069,BASE_THERMAL,BASE_PORTFOLIO,PNIEC ENERGY/CF WEIGHTS NORMALIZED TO TERNA ENVELOPE,PNIEC ENERGY/CF-DERIVED RELATIVE WEIGHT,PROJECT_ALLOCATION_USING_CURRENT_TECHNOLOGY_GEOGRAPHY,2024,TERNA 2050 + PNIEC + PROJECT GEOGRAPHY,TERNA CONTROL + PROJECT DERIVATION,INSTALLED_CAPACITY_TABLE_READY; CF NOT A DISPATCH QUOTA
2050,High,GAS_OTHER_FOSSIL,CALA,218.270900589,3386.49479069,BASE_THERMAL,BASE_PORTFOLIO,PNIEC ENERGY/CF WEIGHTS NORMALIZED TO TERNA ENVELOPE,PNIEC ENERGY/CF-DERIVED RELATIVE WEIGHT,PROJECT_ALLOCATION_USING_CURRENT_TECHNOLOGY_GEOGRAPHY,2024,TERNA 2050 + PNIEC + PROJECT GEOGRAPHY,TERNA CONTROL + PROJECT DERIVATION,INSTALLED_CAPACITY_TABLE_READY; CF NOT A DISPATCH QUOTA
2050,High,GAS_OTHER_FOSSIL,SICI,658.71906795,3386.49479069,BASE_THERMAL,BASE_PORTFOLIO,PNIEC ENERGY/CF WEIGHTS NORMALIZED TO TERNA ENVELOPE,PNIEC ENERGY/CF-DERIVED RELATIVE WEIGHT,PROJECT_ALLOCATION_USING_CURRENT_TECHNOLOGY_GEOGRAPHY,2024,TERNA 2050 + PNIEC + PROJECT GEOGRAPHY,TERNA CONTROL + PROJECT DERIVATION,INSTALLED_CAPACITY_TABLE_READY; CF NOT A DISPATCH QUOTA
2050,High,GAS_OTHER_FOSSIL,SARD,140.348485682,3386.49479069,BASE_THERMAL,BASE_PORTFOLIO,PNIEC ENERGY/CF WEIGHTS NORMALIZED TO TERNA ENVELOPE,PNIEC ENERGY/CF-DERIVED RELATIVE WEIGHT,PROJECT_ALLOCATION_USING_CURRENT_TECHNOLOGY_GEOGRAPHY,2024,TERNA 2050 + PNIEC + PROJECT GEOGRAPHY,TERNA CONTROL + PROJECT DERIVATION,INSTALLED_CAPACITY_TABLE_READY; CF NOT A DISPATCH QUOTA
2050,High,GEOTHERMAL,NORD,0,771.79,BASE_THERMAL,BASE_PORTFOLIO,CURRENT CAPACITY RETAINED INSIDE 30-GW ENVELOPE,NOT APPLICABLE,PROJECT_ALLOCATION_USING_POST_COAL_OIL_CURRENT_TECHNOLOGY_GEOGRAPHY,2024,TERNA 2050 + PNIEC + PROJECT GEOGRAPHY,TERNA CONTROL + PROJECT DERIVATION,INSTALLED_CAPACITY_TABLE_READY; CF NOT A DISPATCH QUOTA
2050,High,GEOTHERMAL,CNOR,771.79,771.79,BASE_THERMAL,BASE_PORTFOLIO,CURRENT CAPACITY RETAINED INSIDE 30-GW ENVELOPE,NOT APPLICABLE,PROJECT_ALLOCATION_USING_POST_COAL_OIL_CURRENT_TECHNOLOGY_GEOGRAPHY,2024,TERNA 2050 + PNIEC + PROJECT GEOGRAPHY,TERNA CONTROL + PROJECT DERIVATION,INSTALLED_CAPACITY_TABLE_READY; CF NOT A DISPATCH QUOTA
2050,High,GEOTHERMAL,CSUD,0,771.79,BASE_THERMAL,BASE_PORTFOLIO,CURRENT CAPACITY RETAINED INSIDE 30-GW ENVELOPE,NOT APPLICABLE,PROJECT_ALLOCATION_USING_POST_COAL_OIL_CURRENT_TECHNOLOGY_GEOGRAPHY,2024,TERNA 2050 + PNIEC + PROJECT GEOGRAPHY,TERNA CONTROL + PROJECT DERIVATION,INSTALLED_CAPACITY_TABLE_READY; CF NOT A DISPATCH QUOTA
2050,High,GEOTHERMAL,SUD,0,771.79,BASE_THERMAL,BASE_PORTFOLIO,CURRENT CAPACITY RETAINED INSIDE 30-GW ENVELOPE,NOT APPLICABLE,PROJECT_ALLOCATION_USING_POST_COAL_OIL_CURRENT_TECHNOLOGY_GEOGRAPHY,2024,TERNA 2050 + PNIEC + PROJECT GEOGRAPHY,TERNA CONTROL + PROJECT DERIVATION,INSTALLED_CAPACITY_TABLE_READY; CF NOT A DISPATCH QUOTA
2050,High,GEOTHERMAL,CALA,0,771.79,BASE_THERMAL,BASE_PORTFOLIO,CURRENT CAPACITY RETAINED INSIDE 30-GW ENVELOPE,NOT APPLICABLE,PROJECT_ALLOCATION_USING_POST_COAL_OIL_CURRENT_TECHNOLOGY_GEOGRAPHY,2024,TERNA 2050 + PNIEC + PROJECT GEOGRAPHY,TERNA CONTROL + PROJECT DERIVATION,INSTALLED_CAPACITY_TABLE_READY; CF NOT A DISPATCH QUOTA
2050,High,GEOTHERMAL,SICI,0,771.79,BASE_THERMAL,BASE_PORTFOLIO,CURRENT CAPACITY RETAINED INSIDE 30-GW ENVELOPE,NOT APPLICABLE,PROJECT_ALLOCATION_USING_POST_COAL_OIL_CURRENT_TECHNOLOGY_GEOGRAPHY,2024,TERNA 2050 + PNIEC + PROJECT GEOGRAPHY,TERNA CONTROL + PROJECT DERIVATION,INSTALLED_CAPACITY_TABLE_READY; CF NOT A DISPATCH QUOTA
2050,High,GEOTHERMAL,SARD,0,771.79,BASE_THERMAL,BASE_PORTFOLIO,CURRENT CAPACITY RETAINED INSIDE 30-GW ENVELOPE,NOT APPLICABLE,PROJECT_ALLOCATION_USING_POST_COAL_OIL_CURRENT_TECHNOLOGY_GEOGRAPHY,2024,TERNA 2050 + PNIEC + PROJECT GEOGRAPHY,TERNA CONTROL + PROJECT DERIVATION,INSTALLED_CAPACITY_TABLE_READY; CF NOT A DISPATCH QUOTA
2050,High,NUCLEAR,NORD,5000,8000,NUCLEAR_FIXED,BASE_PORTFOLIO,DIRECT 8-GW CAPACITY,NOT APPLICABLE,FIXED_NUCLEAR_SITING_NORD_5GW_CSUD_3GW,2024,TERNA 2050 + PNIEC + PROJECT GEOGRAPHY,DIRECT SOURCE CAPACITY + PROJECT SITING,INSTALLED_CAPACITY_TABLE_READY; CF NOT A DISPATCH QUOTA
2050,High,NUCLEAR,CNOR,0,8000,NUCLEAR_FIXED,BASE_PORTFOLIO,DIRECT 8-GW CAPACITY,NOT APPLICABLE,FIXED_NUCLEAR_SITING_NORD_5GW_CSUD_3GW,2024,TERNA 2050 + PNIEC + PROJECT GEOGRAPHY,DIRECT SOURCE CAPACITY + PROJECT SITING,INSTALLED_CAPACITY_TABLE_READY; CF NOT A DISPATCH QUOTA
2050,High,NUCLEAR,CSUD,3000,8000,NUCLEAR_FIXED,BASE_PORTFOLIO,DIRECT 8-GW CAPACITY,NOT APPLICABLE,FIXED_NUCLEAR_SITING_NORD_5GW_CSUD_3GW,2024,TERNA 2050 + PNIEC + PROJECT GEOGRAPHY,DIRECT SOURCE CAPACITY + PROJECT SITING,INSTALLED_CAPACITY_TABLE_READY; CF NOT A DISPATCH QUOTA
2050,High,NUCLEAR,SUD,0,8000,NUCLEAR_FIXED,BASE_PORTFOLIO,DIRECT 8-GW CAPACITY,NOT APPLICABLE,FIXED_NUCLEAR_SITING_NORD_5GW_CSUD_3GW,2024,TERNA 2050 + PNIEC + PROJECT GEOGRAPHY,DIRECT SOURCE CAPACITY + PROJECT SITING,INSTALLED_CAPACITY_TABLE_READY; CF NOT A DISPATCH QUOTA
2050,High,NUCLEAR,CALA,0,8000,NUCLEAR_FIXED,BASE_PORTFOLIO,DIRECT 8-GW CAPACITY,NOT APPLICABLE,FIXED_NUCLEAR_SITING_NORD_5GW_CSUD_3GW,2024,TERNA 2050 + PNIEC + PROJECT GEOGRAPHY,DIRECT SOURCE CAPACITY + PROJECT SITING,INSTALLED_CAPACITY_TABLE_READY; CF NOT A DISPATCH QUOTA
2050,High,NUCLEAR,SICI,0,8000,NUCLEAR_FIXED,BASE_PORTFOLIO,DIRECT 8-GW CAPACITY,NOT APPLICABLE,FIXED_NUCLEAR_SITING_NORD_5GW_CSUD_3GW,2024,TERNA 2050 + PNIEC + PROJECT GEOGRAPHY,DIRECT SOURCE CAPACITY + PROJECT SITING,INSTALLED_CAPACITY_TABLE_READY; CF NOT A DISPATCH QUOTA
2050,High,NUCLEAR,SARD,0,8000,NUCLEAR_FIXED,BASE_PORTFOLIO,DIRECT 8-GW CAPACITY,NOT APPLICABLE,FIXED_NUCLEAR_SITING_NORD_5GW_CSUD_3GW,2024,TERNA 2050 + PNIEC + PROJECT GEOGRAPHY,DIRECT SOURCE CAPACITY + PROJECT SITING,INSTALLED_CAPACITY_TABLE_READY; CF NOT A DISPATCH QUOTA
