year,source,region,province,source_row_count,numeric_row_count,blank_row_count,raw_blank_preserved,aggregation_value_for_each_blank_MW,reported_numeric_capacity_sum_MW,matching_net_generation_GWh,semantic_status,material_exception,evidence
2019,Geotermoelettrico,Abruzzo,Chieti,1,0,1,true,0,0,0,NO_REPORTED_CAPACITY,false,Reported-value sums retained; blanks never text-normalized or punctuation-stripped; material threshold 1 GWh/year for freeze review.
2019,Geotermoelettrico,Abruzzo,L'Aquila,1,0,1,true,0,0,0,NO_REPORTED_CAPACITY,false,Reported-value sums retained; blanks never text-normalized or punctuation-stripped; material threshold 1 GWh/year for freeze review.
2019,Geotermoelettrico,Abruzzo,Pescara,1,0,1,true,0,0,0,NO_REPORTED_CAPACITY,false,Reported-value sums retained; blanks never text-normalized or punctuation-stripped; material threshold 1 GWh/year for freeze review.
2019,Geotermoelettrico,Abruzzo,Teramo,1,0,1,true,0,0,0,NO_REPORTED_CAPACITY,false,Reported-value sums retained; blanks never text-normalized or punctuation-stripped; material threshold 1 GWh/year for freeze review.
2019,Geotermoelettrico,Basilicata,Matera,1,0,1,true,0,0,0,NO_REPORTED_CAPACITY,false,Reported-value sums retained; blanks never text-normalized or punctuation-stripped; material threshold 1 GWh/year for freeze review.
2019,Geotermoelettrico,Basilicata,Potenza,1,0,1,true,0,0,0,NO_REPORTED_CAPACITY,false,Reported-value sums retained; blanks never text-normalized or punctuation-stripped; material threshold 1 GWh/year for freeze review.
2019,Geotermoelettrico,Calabria,Catanzaro,1,0,1,true,0,0,0,NO_REPORTED_CAPACITY,false,Reported-value sums retained; blanks never text-normalized or punctuation-stripped; material threshold 1 GWh/year for freeze review.
2019,Geotermoelettrico,Calabria,Cosenza,1,0,1,true,0,0,0,NO_REPORTED_CAPACITY,false,Reported-value sums retained; blanks never text-normalized or punctuation-stripped; material threshold 1 GWh/year for freeze review.
2019,Geotermoelettrico,Calabria,Crotone,1,0,1,true,0,0,0,NO_REPORTED_CAPACITY,false,Reported-value sums retained; blanks never text-normalized or punctuation-stripped; material threshold 1 GWh/year for freeze review.
2019,Geotermoelettrico,Calabria,Reggio Di Calabria,1,0,1,true,0,0,0,NO_REPORTED_CAPACITY,false,Reported-value sums retained; blanks never text-normalized or punctuation-stripped; material threshold 1 GWh/year for freeze review.
2019,Geotermoelettrico,Calabria,Vibo Valentia,1,0,1,true,0,0,0,NO_REPORTED_CAPACITY,false,Reported-value sums retained; blanks never text-normalized or punctuation-stripped; material threshold 1 GWh/year for freeze review.
2019,Geotermoelettrico,Campania,Avellino,1,0,1,true,0,0,0,NO_REPORTED_CAPACITY,false,Reported-value sums retained; blanks never text-normalized or punctuation-stripped; material threshold 1 GWh/year for freeze review.
2019,Geotermoelettrico,Campania,Benevento,1,0,1,true,0,0,0,NO_REPORTED_CAPACITY,false,Reported-value sums retained; blanks never text-normalized or punctuation-stripped; material threshold 1 GWh/year for freeze review.
2019,Geotermoelettrico,Campania,Caserta,1,0,1,true,0,0,0,NO_REPORTED_CAPACITY,false,Reported-value sums retained; blanks never text-normalized or punctuation-stripped; material threshold 1 GWh/year for freeze review.
2019,Idrico,Campania,Napoli,1,0,1,true,0,0,0,NO_REPORTED_CAPACITY,false,Reported-value sums retained; blanks never text-normalized or punctuation-stripped; material threshold 1 GWh/year for freeze review.
2019,Geotermoelettrico,Campania,Napoli,1,0,1,true,0,0,0,NO_REPORTED_CAPACITY,false,Reported-value sums retained; blanks never text-normalized or punctuation-stripped; material threshold 1 GWh/year for freeze review.
2019,Geotermoelettrico,Campania,Salerno,1,0,1,true,0,0,0,NO_REPORTED_CAPACITY,false,Reported-value sums retained; blanks never text-normalized or punctuation-stripped; material threshold 1 GWh/year for freeze review.
2019,Geotermoelettrico,Emilia-Romagna,Bologna,1,0,1,true,0,0,0,NO_REPORTED_CAPACITY,false,Reported-value sums retained; blanks never text-normalized or punctuation-stripped; material threshold 1 GWh/year for freeze review.
2019,Geotermoelettrico,Emilia-Romagna,Ferrara,1,0,1,true,0,0,0,NO_REPORTED_CAPACITY,false,Reported-value sums retained; blanks never text-normalized or punctuation-stripped; material threshold 1 GWh/year for freeze review.
2019,Geotermoelettrico,Emilia-Romagna,Forlì-Cesena,1,0,1,true,0,0,0,NO_REPORTED_CAPACITY,false,Reported-value sums retained; blanks never text-normalized or punctuation-stripped; material threshold 1 GWh/year for freeze review.
2019,Geotermoelettrico,Emilia-Romagna,Modena,1,0,1,true,0,0,0,NO_REPORTED_CAPACITY,false,Reported-value sums retained; blanks never text-normalized or punctuation-stripped; material threshold 1 GWh/year for freeze review.
2019,Geotermoelettrico,Emilia-Romagna,Parma,1,0,1,true,0,0,0,NO_REPORTED_CAPACITY,false,Reported-value sums retained; blanks never text-normalized or punctuation-stripped; material threshold 1 GWh/year for freeze review.
2019,Geotermoelettrico,Emilia-Romagna,Piacenza,1,0,1,true,0,0,0,NO_REPORTED_CAPACITY,false,Reported-value sums retained; blanks never text-normalized or punctuation-stripped; material threshold 1 GWh/year for freeze review.
2019,Geotermoelettrico,Emilia-Romagna,Ravenna,1,0,1,true,0,0,0,NO_REPORTED_CAPACITY,false,Reported-value sums retained; blanks never text-normalized or punctuation-stripped; material threshold 1 GWh/year for freeze review.
2019,Geotermoelettrico,Emilia-Romagna,Reggio Nell'Emilia,1,0,1,true,0,0,0,NO_REPORTED_CAPACITY,false,Reported-value sums retained; blanks never text-normalized or punctuation-stripped; material threshold 1 GWh/year for freeze review.
2019,Geotermoelettrico,Emilia-Romagna,Rimini,1,0,1,true,0,0,0,NO_REPORTED_CAPACITY,false,Reported-value sums retained; blanks never text-normalized or punctuation-stripped; material threshold 1 GWh/year for freeze review.
2019,Geotermoelettrico,Friuli-Venezia Giulia,Gorizia,1,0,1,true,0,0,0,NO_REPORTED_CAPACITY,false,Reported-value sums retained; blanks never text-normalized or punctuation-stripped; material threshold 1 GWh/year for freeze review.
2019,Geotermoelettrico,Friuli-Venezia Giulia,Pordenone,1,0,1,true,0,0,0,NO_REPORTED_CAPACITY,false,Reported-value sums retained; blanks never text-normalized or punctuation-stripped; material threshold 1 GWh/year for freeze review.
2019,Idrico,Friuli-Venezia Giulia,Trieste,1,0,1,true,0,0,0,NO_REPORTED_CAPACITY,false,Reported-value sums retained; blanks never text-normalized or punctuation-stripped; material threshold 1 GWh/year for freeze review.
2019,Geotermoelettrico,Friuli-Venezia Giulia,Trieste,1,0,1,true,0,0,0,NO_REPORTED_CAPACITY,false,Reported-value sums retained; blanks never text-normalized or punctuation-stripped; material threshold 1 GWh/year for freeze review.
2019,Idrico,Friuli-Venezia Giulia,Udine,2,1,1,true,0,304.19077,955.48334,MIXED_VISIBLE_GRAIN: BLANK HIDDEN RECORDS = NO ADDITIONAL REPORTED CAPACITY,false,Reported-value sums retained; blanks never text-normalized or punctuation-stripped; material threshold 1 GWh/year for freeze review.
2019,Geotermoelettrico,Friuli-Venezia Giulia,Udine,2,0,2,true,0,0,0,NO_REPORTED_CAPACITY,false,Reported-value sums retained; blanks never text-normalized or punctuation-stripped; material threshold 1 GWh/year for freeze review.
2019,Fotovoltaico,Friuli-Venezia Giulia,Udine,2,1,1,true,0,309.928,323.04214,MIXED_VISIBLE_GRAIN: BLANK HIDDEN RECORDS = NO ADDITIONAL REPORTED CAPACITY,false,Reported-value sums retained; blanks never text-normalized or punctuation-stripped; material threshold 1 GWh/year for freeze review.
2019,Geotermoelettrico,Lazio,Frosinone,1,0,1,true,0,0,0,NO_REPORTED_CAPACITY,false,Reported-value sums retained; blanks never text-normalized or punctuation-stripped; material threshold 1 GWh/year for freeze review.
2019,Geotermoelettrico,Lazio,Latina,1,0,1,true,0,0,0,NO_REPORTED_CAPACITY,false,Reported-value sums retained; blanks never text-normalized or punctuation-stripped; material threshold 1 GWh/year for freeze review.
2019,Geotermoelettrico,Lazio,Rieti,1,0,1,true,0,0,0,NO_REPORTED_CAPACITY,false,Reported-value sums retained; blanks never text-normalized or punctuation-stripped; material threshold 1 GWh/year for freeze review.
2019,Geotermoelettrico,Lazio,Roma,1,0,1,true,0,0,0,NO_REPORTED_CAPACITY,false,Reported-value sums retained; blanks never text-normalized or punctuation-stripped; material threshold 1 GWh/year for freeze review.
2019,Geotermoelettrico,Lazio,Viterbo,1,0,1,true,0,0,0,NO_REPORTED_CAPACITY,false,Reported-value sums retained; blanks never text-normalized or punctuation-stripped; material threshold 1 GWh/year for freeze review.
2019,Geotermoelettrico,Liguria,Genova,1,0,1,true,0,0,0,NO_REPORTED_CAPACITY,false,Reported-value sums retained; blanks never text-normalized or punctuation-stripped; material threshold 1 GWh/year for freeze review.
2019,Geotermoelettrico,Liguria,Imperia,1,0,1,true,0,0,0,NO_REPORTED_CAPACITY,false,Reported-value sums retained; blanks never text-normalized or punctuation-stripped; material threshold 1 GWh/year for freeze review.
2019,Geotermoelettrico,Liguria,La Spezia,1,0,1,true,0,0,0,NO_REPORTED_CAPACITY,false,Reported-value sums retained; blanks never text-normalized or punctuation-stripped; material threshold 1 GWh/year for freeze review.
2019,Geotermoelettrico,Liguria,Savona,1,0,1,true,0,0,0,NO_REPORTED_CAPACITY,false,Reported-value sums retained; blanks never text-normalized or punctuation-stripped; material threshold 1 GWh/year for freeze review.
2019,Geotermoelettrico,Lombardia,Bergamo,1,0,1,true,0,0,0,NO_REPORTED_CAPACITY,false,Reported-value sums retained; blanks never text-normalized or punctuation-stripped; material threshold 1 GWh/year for freeze review.
2019,Fotovoltaico,Lombardia,Brescia,2,1,1,true,0,480.198,457.70718,MIXED_VISIBLE_GRAIN: BLANK HIDDEN RECORDS = NO ADDITIONAL REPORTED CAPACITY,false,Reported-value sums retained; blanks never text-normalized or punctuation-stripped; material threshold 1 GWh/year for freeze review.
2019,Idrico,Lombardia,Brescia,2,1,1,true,0,2199.595,2552.596,MIXED_VISIBLE_GRAIN: BLANK HIDDEN RECORDS = NO ADDITIONAL REPORTED CAPACITY,false,Reported-value sums retained; blanks never text-normalized or punctuation-stripped; material threshold 1 GWh/year for freeze review.
2019,Geotermoelettrico,Lombardia,Brescia,2,0,2,true,0,0,0,NO_REPORTED_CAPACITY,false,Reported-value sums retained; blanks never text-normalized or punctuation-stripped; material threshold 1 GWh/year for freeze review.
2019,Geotermoelettrico,Lombardia,Como,1,0,1,true,0,0,0,NO_REPORTED_CAPACITY,false,Reported-value sums retained; blanks never text-normalized or punctuation-stripped; material threshold 1 GWh/year for freeze review.
2019,Geotermoelettrico,Lombardia,Cremona,1,0,1,true,0,0,0,NO_REPORTED_CAPACITY,false,Reported-value sums retained; blanks never text-normalized or punctuation-stripped; material threshold 1 GWh/year for freeze review.
2019,Geotermoelettrico,Lombardia,Lecco,1,0,1,true,0,0,0,NO_REPORTED_CAPACITY,false,Reported-value sums retained; blanks never text-normalized or punctuation-stripped; material threshold 1 GWh/year for freeze review.
2019,Geotermoelettrico,Lombardia,Lodi,1,0,1,true,0,0,0,NO_REPORTED_CAPACITY,false,Reported-value sums retained; blanks never text-normalized or punctuation-stripped; material threshold 1 GWh/year for freeze review.
2019,Geotermoelettrico,Lombardia,Mantova,1,0,1,true,0,0,0,NO_REPORTED_CAPACITY,false,Reported-value sums retained; blanks never text-normalized or punctuation-stripped; material threshold 1 GWh/year for freeze review.
2019,Geotermoelettrico,Lombardia,Milano,3,0,3,true,0,0,0,NO_REPORTED_CAPACITY,false,Reported-value sums retained; blanks never text-normalized or punctuation-stripped; material threshold 1 GWh/year for freeze review.
2019,Fotovoltaico,Lombardia,Milano,3,1,2,true,0,345.74,329.2266,MIXED_VISIBLE_GRAIN: BLANK HIDDEN RECORDS = NO ADDITIONAL REPORTED CAPACITY,false,Reported-value sums retained; blanks never text-normalized or punctuation-stripped; material threshold 1 GWh/year for freeze review.
2019,Idrico,Lombardia,Milano,3,1,2,true,0,62.4312,302.36417,MIXED_VISIBLE_GRAIN: BLANK HIDDEN RECORDS = NO ADDITIONAL REPORTED CAPACITY,false,Reported-value sums retained; blanks never text-normalized or punctuation-stripped; material threshold 1 GWh/year for freeze review.
2019,Idrico,Lombardia,Monza e della Brianza,2,1,1,true,0,35.628,236.4113,MIXED_VISIBLE_GRAIN: BLANK HIDDEN RECORDS = NO ADDITIONAL REPORTED CAPACITY,false,Reported-value sums retained; blanks never text-normalized or punctuation-stripped; material threshold 1 GWh/year for freeze review.
2019,Geotermoelettrico,Lombardia,Monza e della Brianza,2,0,2,true,0,0,0,NO_REPORTED_CAPACITY,false,Reported-value sums retained; blanks never text-normalized or punctuation-stripped; material threshold 1 GWh/year for freeze review.
2019,Fotovoltaico,Lombardia,Monza e della Brianza,2,1,1,true,0,110.031,103.60028,MIXED_VISIBLE_GRAIN: BLANK HIDDEN RECORDS = NO ADDITIONAL REPORTED CAPACITY,false,Reported-value sums retained; blanks never text-normalized or punctuation-stripped; material threshold 1 GWh/year for freeze review.
2019,Geotermoelettrico,Lombardia,Pavia,1,0,1,true,0,0,0,NO_REPORTED_CAPACITY,false,Reported-value sums retained; blanks never text-normalized or punctuation-stripped; material threshold 1 GWh/year for freeze review.
2019,Geotermoelettrico,Lombardia,Sondrio,1,0,1,true,0,0,0,NO_REPORTED_CAPACITY,false,Reported-value sums retained; blanks never text-normalized or punctuation-stripped; material threshold 1 GWh/year for freeze review.
2019,Idrico,Lombardia,Varese,2,1,1,true,0,63.155,402.20312,MIXED_VISIBLE_GRAIN: BLANK HIDDEN RECORDS = NO ADDITIONAL REPORTED CAPACITY,false,Reported-value sums retained; blanks never text-normalized or punctuation-stripped; material threshold 1 GWh/year for freeze review.
2019,Geotermoelettrico,Lombardia,Varese,2,0,2,true,0,0,0,NO_REPORTED_CAPACITY,false,Reported-value sums retained; blanks never text-normalized or punctuation-stripped; material threshold 1 GWh/year for freeze review.
2019,Fotovoltaico,Lombardia,Varese,2,1,1,true,0,147.661,138.95734,MIXED_VISIBLE_GRAIN: BLANK HIDDEN RECORDS = NO ADDITIONAL REPORTED CAPACITY,false,Reported-value sums retained; blanks never text-normalized or punctuation-stripped; material threshold 1 GWh/year for freeze review.
2019,Idrico,Marche,Ancona,2,1,1,true,0,10.664,24.665737,MIXED_VISIBLE_GRAIN: BLANK HIDDEN RECORDS = NO ADDITIONAL REPORTED CAPACITY,false,Reported-value sums retained; blanks never text-normalized or punctuation-stripped; material threshold 1 GWh/year for freeze review.
2019,Fotovoltaico,Marche,Ancona,2,1,1,true,0,304.531,347.74387,MIXED_VISIBLE_GRAIN: BLANK HIDDEN RECORDS = NO ADDITIONAL REPORTED CAPACITY,false,Reported-value sums retained; blanks never text-normalized or punctuation-stripped; material threshold 1 GWh/year for freeze review.
2019,Geotermoelettrico,Marche,Ancona,2,0,2,true,0,0,0,NO_REPORTED_CAPACITY,false,Reported-value sums retained; blanks never text-normalized or punctuation-stripped; material threshold 1 GWh/year for freeze review.
2019,Geotermoelettrico,Marche,Ascoli Piceno,1,0,1,true,0,0,0,NO_REPORTED_CAPACITY,false,Reported-value sums retained; blanks never text-normalized or punctuation-stripped; material threshold 1 GWh/year for freeze review.
2019,Geotermoelettrico,Marche,Fermo,1,0,1,true,0,0,0,NO_REPORTED_CAPACITY,false,Reported-value sums retained; blanks never text-normalized or punctuation-stripped; material threshold 1 GWh/year for freeze review.
2019,Geotermoelettrico,Marche,Macerata,1,0,1,true,0,0,0,NO_REPORTED_CAPACITY,false,Reported-value sums retained; blanks never text-normalized or punctuation-stripped; material threshold 1 GWh/year for freeze review.
2019,Geotermoelettrico,Marche,Pesaro E Urbino,2,0,2,true,0,0,0,NO_REPORTED_CAPACITY,false,Reported-value sums retained; blanks never text-normalized or punctuation-stripped; material threshold 1 GWh/year for freeze review.
2019,Fotovoltaico,Marche,Pesaro E Urbino,2,1,1,true,0,253.59,293.0962,MIXED_VISIBLE_GRAIN: BLANK HIDDEN RECORDS = NO ADDITIONAL REPORTED CAPACITY,false,Reported-value sums retained; blanks never text-normalized or punctuation-stripped; material threshold 1 GWh/year for freeze review.
2019,Idrico,Marche,Pesaro E Urbino,2,1,1,true,0,32.761,56.874065,MIXED_VISIBLE_GRAIN: BLANK HIDDEN RECORDS = NO ADDITIONAL REPORTED CAPACITY,false,Reported-value sums retained; blanks never text-normalized or punctuation-stripped; material threshold 1 GWh/year for freeze review.
2019,Geotermoelettrico,Molise,Campobasso,1,0,1,true,0,0,0,NO_REPORTED_CAPACITY,false,Reported-value sums retained; blanks never text-normalized or punctuation-stripped; material threshold 1 GWh/year for freeze review.
2019,Geotermoelettrico,Molise,Isernia,1,0,1,true,0,0,0,NO_REPORTED_CAPACITY,false,Reported-value sums retained; blanks never text-normalized or punctuation-stripped; material threshold 1 GWh/year for freeze review.
2019,Geotermoelettrico,Piemonte,Alessandria,1,0,1,true,0,0,0,NO_REPORTED_CAPACITY,false,Reported-value sums retained; blanks never text-normalized or punctuation-stripped; material threshold 1 GWh/year for freeze review.
2019,Geotermoelettrico,Piemonte,Asti,1,0,1,true,0,0,0,NO_REPORTED_CAPACITY,false,Reported-value sums retained; blanks never text-normalized or punctuation-stripped; material threshold 1 GWh/year for freeze review.
2019,Geotermoelettrico,Piemonte,Biella,1,0,1,true,0,0,0,NO_REPORTED_CAPACITY,false,Reported-value sums retained; blanks never text-normalized or punctuation-stripped; material threshold 1 GWh/year for freeze review.
2019,Geotermoelettrico,Piemonte,Cuneo,2,0,2,true,0,0,0,NO_REPORTED_CAPACITY,false,Reported-value sums retained; blanks never text-normalized or punctuation-stripped; material threshold 1 GWh/year for freeze review.
2019,Fotovoltaico,Piemonte,Cuneo,2,1,1,true,0,565.707,622.64294,MIXED_VISIBLE_GRAIN: BLANK HIDDEN RECORDS = NO ADDITIONAL REPORTED CAPACITY,false,Reported-value sums retained; blanks never text-normalized or punctuation-stripped; material threshold 1 GWh/year for freeze review.
2019,Idrico,Piemonte,Cuneo,2,1,1,true,0,634.77527,1395.9805,MIXED_VISIBLE_GRAIN: BLANK HIDDEN RECORDS = NO ADDITIONAL REPORTED CAPACITY,false,Reported-value sums retained; blanks never text-normalized or punctuation-stripped; material threshold 1 GWh/year for freeze review.
2019,Geotermoelettrico,Piemonte,Novara,1,0,1,true,0,0,0,NO_REPORTED_CAPACITY,false,Reported-value sums retained; blanks never text-normalized or punctuation-stripped; material threshold 1 GWh/year for freeze review.
2019,Idrico,Piemonte,Torino,2,1,1,true,0,1088.1392,2597.8772,MIXED_VISIBLE_GRAIN: BLANK HIDDEN RECORDS = NO ADDITIONAL REPORTED CAPACITY,false,Reported-value sums retained; blanks never text-normalized or punctuation-stripped; material threshold 1 GWh/year for freeze review.
2019,Geotermoelettrico,Piemonte,Torino,2,0,2,true,0,0,0,NO_REPORTED_CAPACITY,false,Reported-value sums retained; blanks never text-normalized or punctuation-stripped; material threshold 1 GWh/year for freeze review.
2019,Fotovoltaico,Piemonte,Torino,2,1,1,true,0,423.922,438.04333,MIXED_VISIBLE_GRAIN: BLANK HIDDEN RECORDS = NO ADDITIONAL REPORTED CAPACITY,false,Reported-value sums retained; blanks never text-normalized or punctuation-stripped; material threshold 1 GWh/year for freeze review.
2019,Geotermoelettrico,Piemonte,Verbano-Cusio-Ossola,1,0,1,true,0,0,0,NO_REPORTED_CAPACITY,false,Reported-value sums retained; blanks never text-normalized or punctuation-stripped; material threshold 1 GWh/year for freeze review.
2019,Geotermoelettrico,Piemonte,Vercelli,1,0,1,true,0,0,0,NO_REPORTED_CAPACITY,false,Reported-value sums retained; blanks never text-normalized or punctuation-stripped; material threshold 1 GWh/year for freeze review.
2019,Geotermoelettrico,Puglia,Bari,1,0,1,true,0,0,0,NO_REPORTED_CAPACITY,false,Reported-value sums retained; blanks never text-normalized or punctuation-stripped; material threshold 1 GWh/year for freeze review.
2019,Geotermoelettrico,Puglia,Barletta-Andria-Trani,1,0,1,true,0,0,0,NO_REPORTED_CAPACITY,false,Reported-value sums retained; blanks never text-normalized or punctuation-stripped; material threshold 1 GWh/year for freeze review.
2019,Geotermoelettrico,Puglia,Brindisi,1,0,1,true,0,0,0,NO_REPORTED_CAPACITY,false,Reported-value sums retained; blanks never text-normalized or punctuation-stripped; material threshold 1 GWh/year for freeze review.
2019,Fotovoltaico,Puglia,Foggia,2,1,1,true,0,577.78,572.2411,MIXED_VISIBLE_GRAIN: BLANK HIDDEN RECORDS = NO ADDITIONAL REPORTED CAPACITY,false,Reported-value sums retained; blanks never text-normalized or punctuation-stripped; material threshold 1 GWh/year for freeze review.
2019,Idrico,Puglia,Foggia,2,0,2,true,0,0,0,NO_REPORTED_CAPACITY,false,Reported-value sums retained; blanks never text-normalized or punctuation-stripped; material threshold 1 GWh/year for freeze review.
2019,Geotermoelettrico,Puglia,Foggia,2,0,2,true,0,0,0,NO_REPORTED_CAPACITY,false,Reported-value sums retained; blanks never text-normalized or punctuation-stripped; material threshold 1 GWh/year for freeze review.
2019,Idrico,Puglia,Lecce,1,0,1,true,0,0,0,NO_REPORTED_CAPACITY,false,Reported-value sums retained; blanks never text-normalized or punctuation-stripped; material threshold 1 GWh/year for freeze review.
2019,Geotermoelettrico,Puglia,Lecce,1,0,1,true,0,0,0,NO_REPORTED_CAPACITY,false,Reported-value sums retained; blanks never text-normalized or punctuation-stripped; material threshold 1 GWh/year for freeze review.
2019,Idrico,Puglia,Taranto,2,1,1,true,0,0.898,2.947855,MIXED_VISIBLE_GRAIN: BLANK HIDDEN RECORDS = NO ADDITIONAL REPORTED CAPACITY,false,Reported-value sums retained; blanks never text-normalized or punctuation-stripped; material threshold 1 GWh/year for freeze review.
2019,Fotovoltaico,Puglia,Taranto,2,1,1,true,0,374.644,487.97275,MIXED_VISIBLE_GRAIN: BLANK HIDDEN RECORDS = NO ADDITIONAL REPORTED CAPACITY,false,Reported-value sums retained; blanks never text-normalized or punctuation-stripped; material threshold 1 GWh/year for freeze review.
2019,Geotermoelettrico,Puglia,Taranto,2,0,2,true,0,0,0,NO_REPORTED_CAPACITY,false,Reported-value sums retained; blanks never text-normalized or punctuation-stripped; material threshold 1 GWh/year for freeze review.
2019,Geotermoelettrico,Sardegna,Cagliari,1,0,1,true,0,0,0,NO_REPORTED_CAPACITY,false,Reported-value sums retained; blanks never text-normalized or punctuation-stripped; material threshold 1 GWh/year for freeze review.
2019,Geotermoelettrico,Sardegna,Nuoro,1,0,1,true,0,0,0,NO_REPORTED_CAPACITY,false,Reported-value sums retained; blanks never text-normalized or punctuation-stripped; material threshold 1 GWh/year for freeze review.
2019,Geotermoelettrico,Sardegna,Oristano,1,0,1,true,0,0,0,NO_REPORTED_CAPACITY,false,Reported-value sums retained; blanks never text-normalized or punctuation-stripped; material threshold 1 GWh/year for freeze review.
2019,Geotermoelettrico,Sardegna,Sassari,1,0,1,true,0,0,0,NO_REPORTED_CAPACITY,false,Reported-value sums retained; blanks never text-normalized or punctuation-stripped; material threshold 1 GWh/year for freeze review.
2019,Geotermoelettrico,Sardegna,Sud Sardegna,1,0,1,true,0,0,0,NO_REPORTED_CAPACITY,false,Reported-value sums retained; blanks never text-normalized or punctuation-stripped; material threshold 1 GWh/year for freeze review.
2019,Geotermoelettrico,Sicilia,Agrigento,1,0,1,true,0,0,0,NO_REPORTED_CAPACITY,false,Reported-value sums retained; blanks never text-normalized or punctuation-stripped; material threshold 1 GWh/year for freeze review.
2019,Geotermoelettrico,Sicilia,Caltanissetta,1,0,1,true,0,0,0,NO_REPORTED_CAPACITY,false,Reported-value sums retained; blanks never text-normalized or punctuation-stripped; material threshold 1 GWh/year for freeze review.
2019,Geotermoelettrico,Sicilia,Catania,1,0,1,true,0,0,0,NO_REPORTED_CAPACITY,false,Reported-value sums retained; blanks never text-normalized or punctuation-stripped; material threshold 1 GWh/year for freeze review.
2019,Geotermoelettrico,Sicilia,Enna,1,0,1,true,0,0,0,NO_REPORTED_CAPACITY,false,Reported-value sums retained; blanks never text-normalized or punctuation-stripped; material threshold 1 GWh/year for freeze review.
2019,Geotermoelettrico,Sicilia,Messina,1,0,1,true,0,0,0,NO_REPORTED_CAPACITY,false,Reported-value sums retained; blanks never text-normalized or punctuation-stripped; material threshold 1 GWh/year for freeze review.
2019,Geotermoelettrico,Sicilia,Palermo,1,0,1,true,0,0,0,NO_REPORTED_CAPACITY,false,Reported-value sums retained; blanks never text-normalized or punctuation-stripped; material threshold 1 GWh/year for freeze review.
2019,Idrico,Sicilia,Ragusa,1,0,1,true,0,0,0,NO_REPORTED_CAPACITY,false,Reported-value sums retained; blanks never text-normalized or punctuation-stripped; material threshold 1 GWh/year for freeze review.
2019,Geotermoelettrico,Sicilia,Ragusa,1,0,1,true,0,0,0,NO_REPORTED_CAPACITY,false,Reported-value sums retained; blanks never text-normalized or punctuation-stripped; material threshold 1 GWh/year for freeze review.
2019,Geotermoelettrico,Sicilia,Siracusa,1,0,1,true,0,0,0,NO_REPORTED_CAPACITY,false,Reported-value sums retained; blanks never text-normalized or punctuation-stripped; material threshold 1 GWh/year for freeze review.
2019,Geotermoelettrico,Sicilia,Trapani,1,0,1,true,0,0,0,NO_REPORTED_CAPACITY,false,Reported-value sums retained; blanks never text-normalized or punctuation-stripped; material threshold 1 GWh/year for freeze review.
2019,Idrico,Sicilia,Trapani,1,0,1,true,0,0,0,NO_REPORTED_CAPACITY,false,Reported-value sums retained; blanks never text-normalized or punctuation-stripped; material threshold 1 GWh/year for freeze review.
2019,Geotermoelettrico,Toscana,Arezzo,1,0,1,true,0,0,0,NO_REPORTED_CAPACITY,false,Reported-value sums retained; blanks never text-normalized or punctuation-stripped; material threshold 1 GWh/year for freeze review.
2019,Geotermoelettrico,Toscana,Firenze,1,0,1,true,0,0,0,NO_REPORTED_CAPACITY,false,Reported-value sums retained; blanks never text-normalized or punctuation-stripped; material threshold 1 GWh/year for freeze review.
2019,Idrico,Toscana,Livorno,1,0,1,true,0,0,0,NO_REPORTED_CAPACITY,false,Reported-value sums retained; blanks never text-normalized or punctuation-stripped; material threshold 1 GWh/year for freeze review.
2019,Geotermoelettrico,Toscana,Livorno,1,0,1,true,0,0,0,NO_REPORTED_CAPACITY,false,Reported-value sums retained; blanks never text-normalized or punctuation-stripped; material threshold 1 GWh/year for freeze review.
2019,Geotermoelettrico,Toscana,Lucca,1,0,1,true,0,0,0,NO_REPORTED_CAPACITY,false,Reported-value sums retained; blanks never text-normalized or punctuation-stripped; material threshold 1 GWh/year for freeze review.
2019,Geotermoelettrico,Toscana,Massa-Carrara,1,0,1,true,0,0,0,NO_REPORTED_CAPACITY,false,Reported-value sums retained; blanks never text-normalized or punctuation-stripped; material threshold 1 GWh/year for freeze review.
2019,Geotermoelettrico,Toscana,Pistoia,1,0,1,true,0,0,0,NO_REPORTED_CAPACITY,false,Reported-value sums retained; blanks never text-normalized or punctuation-stripped; material threshold 1 GWh/year for freeze review.
2019,Geotermoelettrico,Toscana,Prato,1,0,1,true,0,0,0,NO_REPORTED_CAPACITY,false,Reported-value sums retained; blanks never text-normalized or punctuation-stripped; material threshold 1 GWh/year for freeze review.
2019,Geotermoelettrico,Trentino-Alto Adige,Bolzano/Bozen,1,0,1,true,0,0,0,NO_REPORTED_CAPACITY,false,Reported-value sums retained; blanks never text-normalized or punctuation-stripped; material threshold 1 GWh/year for freeze review.
2019,Geotermoelettrico,Trentino-Alto Adige,Trento,3,0,3,true,0,0,0,NO_REPORTED_CAPACITY,false,Reported-value sums retained; blanks never text-normalized or punctuation-stripped; material threshold 1 GWh/year for freeze review.
2019,Idrico,Trentino-Alto Adige,Trento,3,1,2,true,0,1609.1044,3806.2468,MIXED_VISIBLE_GRAIN: BLANK HIDDEN RECORDS = NO ADDITIONAL REPORTED CAPACITY,false,Reported-value sums retained; blanks never text-normalized or punctuation-stripped; material threshold 1 GWh/year for freeze review.
2019,Fotovoltaico,Trentino-Alto Adige,Trento,3,1,2,true,0,192.258,185.25609,MIXED_VISIBLE_GRAIN: BLANK HIDDEN RECORDS = NO ADDITIONAL REPORTED CAPACITY,false,Reported-value sums retained; blanks never text-normalized or punctuation-stripped; material threshold 1 GWh/year for freeze review.
2019,Geotermoelettrico,Umbria,Perugia,1,0,1,true,0,0,0,NO_REPORTED_CAPACITY,false,Reported-value sums retained; blanks never text-normalized or punctuation-stripped; material threshold 1 GWh/year for freeze review.
2019,Geotermoelettrico,Umbria,Terni,1,0,1,true,0,0,0,NO_REPORTED_CAPACITY,false,Reported-value sums retained; blanks never text-normalized or punctuation-stripped; material threshold 1 GWh/year for freeze review.
2019,Geotermoelettrico,Valle D'Aosta,Aosta,1,0,1,true,0,0,0,NO_REPORTED_CAPACITY,false,Reported-value sums retained; blanks never text-normalized or punctuation-stripped; material threshold 1 GWh/year for freeze review.
2019,Geotermoelettrico,Veneto,Belluno,1,0,1,true,0,0,0,NO_REPORTED_CAPACITY,false,Reported-value sums retained; blanks never text-normalized or punctuation-stripped; material threshold 1 GWh/year for freeze review.
2019,Geotermoelettrico,Veneto,Padova,1,0,1,true,0,0,0,NO_REPORTED_CAPACITY,false,Reported-value sums retained; blanks never text-normalized or punctuation-stripped; material threshold 1 GWh/year for freeze review.
2019,Geotermoelettrico,Veneto,Rovigo,1,0,1,true,0,0,0,NO_REPORTED_CAPACITY,false,Reported-value sums retained; blanks never text-normalized or punctuation-stripped; material threshold 1 GWh/year for freeze review.
2019,Geotermoelettrico,Veneto,Treviso,1,0,1,true,0,0,0,NO_REPORTED_CAPACITY,false,Reported-value sums retained; blanks never text-normalized or punctuation-stripped; material threshold 1 GWh/year for freeze review.
2019,Geotermoelettrico,Veneto,Venezia,1,0,1,true,0,0,0,NO_REPORTED_CAPACITY,false,Reported-value sums retained; blanks never text-normalized or punctuation-stripped; material threshold 1 GWh/year for freeze review.
2019,Geotermoelettrico,Veneto,Verona,1,0,1,true,0,0,0,NO_REPORTED_CAPACITY,false,Reported-value sums retained; blanks never text-normalized or punctuation-stripped; material threshold 1 GWh/year for freeze review.
2019,Geotermoelettrico,Veneto,Vicenza,1,0,1,true,0,0,0,NO_REPORTED_CAPACITY,false,Reported-value sums retained; blanks never text-normalized or punctuation-stripped; material threshold 1 GWh/year for freeze review.
2020,Geotermoelettrico,Abruzzo,Chieti,1,0,1,true,0,0,0,NO_REPORTED_CAPACITY,false,Reported-value sums retained; blanks never text-normalized or punctuation-stripped; material threshold 1 GWh/year for freeze review.
2020,Geotermoelettrico,Abruzzo,L'Aquila,1,0,1,true,0,0,0,NO_REPORTED_CAPACITY,false,Reported-value sums retained; blanks never text-normalized or punctuation-stripped; material threshold 1 GWh/year for freeze review.
2020,Geotermoelettrico,Abruzzo,Pescara,1,0,1,true,0,0,0,NO_REPORTED_CAPACITY,false,Reported-value sums retained; blanks never text-normalized or punctuation-stripped; material threshold 1 GWh/year for freeze review.
2020,Geotermoelettrico,Abruzzo,Teramo,1,0,1,true,0,0,0,NO_REPORTED_CAPACITY,false,Reported-value sums retained; blanks never text-normalized or punctuation-stripped; material threshold 1 GWh/year for freeze review.
2020,Geotermoelettrico,Basilicata,Matera,1,0,1,true,0,0,0,NO_REPORTED_CAPACITY,false,Reported-value sums retained; blanks never text-normalized or punctuation-stripped; material threshold 1 GWh/year for freeze review.
2020,Geotermoelettrico,Basilicata,Potenza,1,0,1,true,0,0,0,NO_REPORTED_CAPACITY,false,Reported-value sums retained; blanks never text-normalized or punctuation-stripped; material threshold 1 GWh/year for freeze review.
2020,Geotermoelettrico,Calabria,Catanzaro,1,0,1,true,0,0,0,NO_REPORTED_CAPACITY,false,Reported-value sums retained; blanks never text-normalized or punctuation-stripped; material threshold 1 GWh/year for freeze review.
2020,Geotermoelettrico,Calabria,Cosenza,1,0,1,true,0,0,0,NO_REPORTED_CAPACITY,false,Reported-value sums retained; blanks never text-normalized or punctuation-stripped; material threshold 1 GWh/year for freeze review.
2020,Geotermoelettrico,Calabria,Crotone,1,0,1,true,0,0,0,NO_REPORTED_CAPACITY,false,Reported-value sums retained; blanks never text-normalized or punctuation-stripped; material threshold 1 GWh/year for freeze review.
2020,Geotermoelettrico,Calabria,Reggio Di Calabria,1,0,1,true,0,0,0,NO_REPORTED_CAPACITY,false,Reported-value sums retained; blanks never text-normalized or punctuation-stripped; material threshold 1 GWh/year for freeze review.
2020,Geotermoelettrico,Calabria,Vibo Valentia,1,0,1,true,0,0,0,NO_REPORTED_CAPACITY,false,Reported-value sums retained; blanks never text-normalized or punctuation-stripped; material threshold 1 GWh/year for freeze review.
2020,Geotermoelettrico,Campania,Avellino,1,0,1,true,0,0,0,NO_REPORTED_CAPACITY,false,Reported-value sums retained; blanks never text-normalized or punctuation-stripped; material threshold 1 GWh/year for freeze review.
2020,Geotermoelettrico,Campania,Benevento,1,0,1,true,0,0,0,NO_REPORTED_CAPACITY,false,Reported-value sums retained; blanks never text-normalized or punctuation-stripped; material threshold 1 GWh/year for freeze review.
2020,Geotermoelettrico,Campania,Caserta,1,0,1,true,0,0,0,NO_REPORTED_CAPACITY,false,Reported-value sums retained; blanks never text-normalized or punctuation-stripped; material threshold 1 GWh/year for freeze review.
2020,Idrico,Campania,Napoli,1,0,1,true,0,0,0,NO_REPORTED_CAPACITY,false,Reported-value sums retained; blanks never text-normalized or punctuation-stripped; material threshold 1 GWh/year for freeze review.
2020,Geotermoelettrico,Campania,Napoli,1,0,1,true,0,0,0,NO_REPORTED_CAPACITY,false,Reported-value sums retained; blanks never text-normalized or punctuation-stripped; material threshold 1 GWh/year for freeze review.
2020,Geotermoelettrico,Campania,Salerno,1,0,1,true,0,0,0,NO_REPORTED_CAPACITY,false,Reported-value sums retained; blanks never text-normalized or punctuation-stripped; material threshold 1 GWh/year for freeze review.
2020,Geotermoelettrico,Emilia-Romagna,Bologna,1,0,1,true,0,0,0,NO_REPORTED_CAPACITY,false,Reported-value sums retained; blanks never text-normalized or punctuation-stripped; material threshold 1 GWh/year for freeze review.
2020,Geotermoelettrico,Emilia-Romagna,Ferrara,1,0,1,true,0,0,0,NO_REPORTED_CAPACITY,false,Reported-value sums retained; blanks never text-normalized or punctuation-stripped; material threshold 1 GWh/year for freeze review.
2020,Geotermoelettrico,Emilia-Romagna,Forlì-Cesena,1,0,1,true,0,0,0,NO_REPORTED_CAPACITY,false,Reported-value sums retained; blanks never text-normalized or punctuation-stripped; material threshold 1 GWh/year for freeze review.
2020,Geotermoelettrico,Emilia-Romagna,Modena,1,0,1,true,0,0,0,NO_REPORTED_CAPACITY,false,Reported-value sums retained; blanks never text-normalized or punctuation-stripped; material threshold 1 GWh/year for freeze review.
2020,Geotermoelettrico,Emilia-Romagna,Parma,1,0,1,true,0,0,0,NO_REPORTED_CAPACITY,false,Reported-value sums retained; blanks never text-normalized or punctuation-stripped; material threshold 1 GWh/year for freeze review.
2020,Geotermoelettrico,Emilia-Romagna,Piacenza,1,0,1,true,0,0,0,NO_REPORTED_CAPACITY,false,Reported-value sums retained; blanks never text-normalized or punctuation-stripped; material threshold 1 GWh/year for freeze review.
2020,Geotermoelettrico,Emilia-Romagna,Ravenna,1,0,1,true,0,0,0,NO_REPORTED_CAPACITY,false,Reported-value sums retained; blanks never text-normalized or punctuation-stripped; material threshold 1 GWh/year for freeze review.
2020,Geotermoelettrico,Emilia-Romagna,Reggio Nell'Emilia,1,0,1,true,0,0,0,NO_REPORTED_CAPACITY,false,Reported-value sums retained; blanks never text-normalized or punctuation-stripped; material threshold 1 GWh/year for freeze review.
2020,Geotermoelettrico,Emilia-Romagna,Rimini,1,0,1,true,0,0,0,NO_REPORTED_CAPACITY,false,Reported-value sums retained; blanks never text-normalized or punctuation-stripped; material threshold 1 GWh/year for freeze review.
2020,Geotermoelettrico,Friuli-Venezia Giulia,Gorizia,1,0,1,true,0,0,0,NO_REPORTED_CAPACITY,false,Reported-value sums retained; blanks never text-normalized or punctuation-stripped; material threshold 1 GWh/year for freeze review.
2020,Geotermoelettrico,Friuli-Venezia Giulia,Pordenone,1,0,1,true,0,0,0,NO_REPORTED_CAPACITY,false,Reported-value sums retained; blanks never text-normalized or punctuation-stripped; material threshold 1 GWh/year for freeze review.
2020,Idrico,Friuli-Venezia Giulia,Trieste,1,0,1,true,0,0,0,NO_REPORTED_CAPACITY,false,Reported-value sums retained; blanks never text-normalized or punctuation-stripped; material threshold 1 GWh/year for freeze review.
2020,Geotermoelettrico,Friuli-Venezia Giulia,Trieste,1,0,1,true,0,0,0,NO_REPORTED_CAPACITY,false,Reported-value sums retained; blanks never text-normalized or punctuation-stripped; material threshold 1 GWh/year for freeze review.
2020,Idrico,Friuli-Venezia Giulia,Udine,2,1,1,true,0,315.84332,1006.1256,MIXED_VISIBLE_GRAIN: BLANK HIDDEN RECORDS = NO ADDITIONAL REPORTED CAPACITY,false,Reported-value sums retained; blanks never text-normalized or punctuation-stripped; material threshold 1 GWh/year for freeze review.
2020,Fotovoltaico,Friuli-Venezia Giulia,Udine,2,1,1,true,0,317.613,349.13687,MIXED_VISIBLE_GRAIN: BLANK HIDDEN RECORDS = NO ADDITIONAL REPORTED CAPACITY,false,Reported-value sums retained; blanks never text-normalized or punctuation-stripped; material threshold 1 GWh/year for freeze review.
2020,Geotermoelettrico,Friuli-Venezia Giulia,Udine,2,0,2,true,0,0,0,NO_REPORTED_CAPACITY,false,Reported-value sums retained; blanks never text-normalized or punctuation-stripped; material threshold 1 GWh/year for freeze review.
2020,Geotermoelettrico,Lazio,Frosinone,1,0,1,true,0,0,0,NO_REPORTED_CAPACITY,false,Reported-value sums retained; blanks never text-normalized or punctuation-stripped; material threshold 1 GWh/year for freeze review.
2020,Geotermoelettrico,Lazio,Latina,1,0,1,true,0,0,0,NO_REPORTED_CAPACITY,false,Reported-value sums retained; blanks never text-normalized or punctuation-stripped; material threshold 1 GWh/year for freeze review.
2020,Geotermoelettrico,Lazio,Rieti,1,0,1,true,0,0,0,NO_REPORTED_CAPACITY,false,Reported-value sums retained; blanks never text-normalized or punctuation-stripped; material threshold 1 GWh/year for freeze review.
2020,Geotermoelettrico,Lazio,Roma,1,0,1,true,0,0,0,NO_REPORTED_CAPACITY,false,Reported-value sums retained; blanks never text-normalized or punctuation-stripped; material threshold 1 GWh/year for freeze review.
2020,Geotermoelettrico,Lazio,Viterbo,1,0,1,true,0,0,0,NO_REPORTED_CAPACITY,false,Reported-value sums retained; blanks never text-normalized or punctuation-stripped; material threshold 1 GWh/year for freeze review.
2020,Geotermoelettrico,Liguria,Genova,1,0,1,true,0,0,0,NO_REPORTED_CAPACITY,false,Reported-value sums retained; blanks never text-normalized or punctuation-stripped; material threshold 1 GWh/year for freeze review.
2020,Geotermoelettrico,Liguria,Imperia,1,0,1,true,0,0,0,NO_REPORTED_CAPACITY,false,Reported-value sums retained; blanks never text-normalized or punctuation-stripped; material threshold 1 GWh/year for freeze review.
2020,Geotermoelettrico,Liguria,La Spezia,1,0,1,true,0,0,0,NO_REPORTED_CAPACITY,false,Reported-value sums retained; blanks never text-normalized or punctuation-stripped; material threshold 1 GWh/year for freeze review.
2020,Geotermoelettrico,Liguria,Savona,1,0,1,true,0,0,0,NO_REPORTED_CAPACITY,false,Reported-value sums retained; blanks never text-normalized or punctuation-stripped; material threshold 1 GWh/year for freeze review.
2020,Geotermoelettrico,Lombardia,Bergamo,1,0,1,true,0,0,0,NO_REPORTED_CAPACITY,false,Reported-value sums retained; blanks never text-normalized or punctuation-stripped; material threshold 1 GWh/year for freeze review.
2020,Fotovoltaico,Lombardia,Brescia,2,1,1,true,0,510.339,480.67993,MIXED_VISIBLE_GRAIN: BLANK HIDDEN RECORDS = NO ADDITIONAL REPORTED CAPACITY,false,Reported-value sums retained; blanks never text-normalized or punctuation-stripped; material threshold 1 GWh/year for freeze review.
2020,Geotermoelettrico,Lombardia,Brescia,2,0,2,true,0,0,0,NO_REPORTED_CAPACITY,false,Reported-value sums retained; blanks never text-normalized or punctuation-stripped; material threshold 1 GWh/year for freeze review.
2020,Idrico,Lombardia,Brescia,2,1,1,true,0,2211.724,2689.5876,MIXED_VISIBLE_GRAIN: BLANK HIDDEN RECORDS = NO ADDITIONAL REPORTED CAPACITY,false,Reported-value sums retained; blanks never text-normalized or punctuation-stripped; material threshold 1 GWh/year for freeze review.
2020,Geotermoelettrico,Lombardia,Como,1,0,1,true,0,0,0,NO_REPORTED_CAPACITY,false,Reported-value sums retained; blanks never text-normalized or punctuation-stripped; material threshold 1 GWh/year for freeze review.
2020,Geotermoelettrico,Lombardia,Cremona,1,0,1,true,0,0,0,NO_REPORTED_CAPACITY,false,Reported-value sums retained; blanks never text-normalized or punctuation-stripped; material threshold 1 GWh/year for freeze review.
2020,Geotermoelettrico,Lombardia,Lecco,1,0,1,true,0,0,0,NO_REPORTED_CAPACITY,false,Reported-value sums retained; blanks never text-normalized or punctuation-stripped; material threshold 1 GWh/year for freeze review.
2020,Geotermoelettrico,Lombardia,Lodi,1,0,1,true,0,0,0,NO_REPORTED_CAPACITY,false,Reported-value sums retained; blanks never text-normalized or punctuation-stripped; material threshold 1 GWh/year for freeze review.
2020,Geotermoelettrico,Lombardia,Mantova,1,0,1,true,0,0,0,NO_REPORTED_CAPACITY,false,Reported-value sums retained; blanks never text-normalized or punctuation-stripped; material threshold 1 GWh/year for freeze review.
2020,Geotermoelettrico,Lombardia,Milano,3,0,3,true,0,0,0,NO_REPORTED_CAPACITY,false,Reported-value sums retained; blanks never text-normalized or punctuation-stripped; material threshold 1 GWh/year for freeze review.
2020,Idrico,Lombardia,Milano,3,1,2,true,0,63.3822,254.42656,MIXED_VISIBLE_GRAIN: BLANK HIDDEN RECORDS = NO ADDITIONAL REPORTED CAPACITY,false,Reported-value sums retained; blanks never text-normalized or punctuation-stripped; material threshold 1 GWh/year for freeze review.
2020,Fotovoltaico,Lombardia,Milano,3,1,2,true,0,366.633,339.25333,MIXED_VISIBLE_GRAIN: BLANK HIDDEN RECORDS = NO ADDITIONAL REPORTED CAPACITY,false,Reported-value sums retained; blanks never text-normalized or punctuation-stripped; material threshold 1 GWh/year for freeze review.
2020,Idrico,Lombardia,Monza e della Brianza,2,1,1,true,0,45.028,259.31894,MIXED_VISIBLE_GRAIN: BLANK HIDDEN RECORDS = NO ADDITIONAL REPORTED CAPACITY,false,Reported-value sums retained; blanks never text-normalized or punctuation-stripped; material threshold 1 GWh/year for freeze review.
2020,Geotermoelettrico,Lombardia,Monza e della Brianza,2,0,2,true,0,0,0,NO_REPORTED_CAPACITY,false,Reported-value sums retained; blanks never text-normalized or punctuation-stripped; material threshold 1 GWh/year for freeze review.
2020,Fotovoltaico,Lombardia,Monza e della Brianza,2,1,1,true,0,117.845,107.17033,MIXED_VISIBLE_GRAIN: BLANK HIDDEN RECORDS = NO ADDITIONAL REPORTED CAPACITY,false,Reported-value sums retained; blanks never text-normalized or punctuation-stripped; material threshold 1 GWh/year for freeze review.
2020,Geotermoelettrico,Lombardia,Pavia,1,0,1,true,0,0,0,NO_REPORTED_CAPACITY,false,Reported-value sums retained; blanks never text-normalized or punctuation-stripped; material threshold 1 GWh/year for freeze review.
2020,Geotermoelettrico,Lombardia,Sondrio,1,0,1,true,0,0,0,NO_REPORTED_CAPACITY,false,Reported-value sums retained; blanks never text-normalized or punctuation-stripped; material threshold 1 GWh/year for freeze review.
2020,Idrico,Lombardia,Varese,2,1,1,true,0,63.155,386.045,MIXED_VISIBLE_GRAIN: BLANK HIDDEN RECORDS = NO ADDITIONAL REPORTED CAPACITY,false,Reported-value sums retained; blanks never text-normalized or punctuation-stripped; material threshold 1 GWh/year for freeze review.
2020,Fotovoltaico,Lombardia,Varese,2,1,1,true,0,156.534,145.50473,MIXED_VISIBLE_GRAIN: BLANK HIDDEN RECORDS = NO ADDITIONAL REPORTED CAPACITY,false,Reported-value sums retained; blanks never text-normalized or punctuation-stripped; material threshold 1 GWh/year for freeze review.
2020,Geotermoelettrico,Lombardia,Varese,2,0,2,true,0,0,0,NO_REPORTED_CAPACITY,false,Reported-value sums retained; blanks never text-normalized or punctuation-stripped; material threshold 1 GWh/year for freeze review.
2020,Geotermoelettrico,Marche,Ancona,3,0,3,true,0,0,0,NO_REPORTED_CAPACITY,false,Reported-value sums retained; blanks never text-normalized or punctuation-stripped; material threshold 1 GWh/year for freeze review.
2020,Idrico,Marche,Ancona,3,1,2,true,0,10.712,27.69111,MIXED_VISIBLE_GRAIN: BLANK HIDDEN RECORDS = NO ADDITIONAL REPORTED CAPACITY,false,Reported-value sums retained; blanks never text-normalized or punctuation-stripped; material threshold 1 GWh/year for freeze review.
2020,Fotovoltaico,Marche,Ancona,3,1,2,true,0,309.527,356.10828,MIXED_VISIBLE_GRAIN: BLANK HIDDEN RECORDS = NO ADDITIONAL REPORTED CAPACITY,false,Reported-value sums retained; blanks never text-normalized or punctuation-stripped; material threshold 1 GWh/year for freeze review.
2020,Geotermoelettrico,Marche,Ascoli Piceno,1,0,1,true,0,0,0,NO_REPORTED_CAPACITY,false,Reported-value sums retained; blanks never text-normalized or punctuation-stripped; material threshold 1 GWh/year for freeze review.
2020,Geotermoelettrico,Marche,Fermo,1,0,1,true,0,0,0,NO_REPORTED_CAPACITY,false,Reported-value sums retained; blanks never text-normalized or punctuation-stripped; material threshold 1 GWh/year for freeze review.
2020,Geotermoelettrico,Marche,Macerata,1,0,1,true,0,0,0,NO_REPORTED_CAPACITY,false,Reported-value sums retained; blanks never text-normalized or punctuation-stripped; material threshold 1 GWh/year for freeze review.
2020,Geotermoelettrico,Marche,Pesaro E Urbino,1,0,1,true,0,0,0,NO_REPORTED_CAPACITY,false,Reported-value sums retained; blanks never text-normalized or punctuation-stripped; material threshold 1 GWh/year for freeze review.
2020,Geotermoelettrico,Molise,Campobasso,1,0,1,true,0,0,0,NO_REPORTED_CAPACITY,false,Reported-value sums retained; blanks never text-normalized or punctuation-stripped; material threshold 1 GWh/year for freeze review.
2020,Geotermoelettrico,Molise,Isernia,1,0,1,true,0,0,0,NO_REPORTED_CAPACITY,false,Reported-value sums retained; blanks never text-normalized or punctuation-stripped; material threshold 1 GWh/year for freeze review.
2020,Geotermoelettrico,Piemonte,Alessandria,1,0,1,true,0,0,0,NO_REPORTED_CAPACITY,false,Reported-value sums retained; blanks never text-normalized or punctuation-stripped; material threshold 1 GWh/year for freeze review.
2020,Geotermoelettrico,Piemonte,Asti,1,0,1,true,0,0,0,NO_REPORTED_CAPACITY,false,Reported-value sums retained; blanks never text-normalized or punctuation-stripped; material threshold 1 GWh/year for freeze review.
2020,Geotermoelettrico,Piemonte,Biella,1,0,1,true,0,0,0,NO_REPORTED_CAPACITY,false,Reported-value sums retained; blanks never text-normalized or punctuation-stripped; material threshold 1 GWh/year for freeze review.
2020,Geotermoelettrico,Piemonte,Cuneo,2,0,2,true,0,0,0,NO_REPORTED_CAPACITY,false,Reported-value sums retained; blanks never text-normalized or punctuation-stripped; material threshold 1 GWh/year for freeze review.
2020,Fotovoltaico,Piemonte,Cuneo,2,1,1,true,0,579.754,630.7374,MIXED_VISIBLE_GRAIN: BLANK HIDDEN RECORDS = NO ADDITIONAL REPORTED CAPACITY,false,Reported-value sums retained; blanks never text-normalized or punctuation-stripped; material threshold 1 GWh/year for freeze review.
2020,Idrico,Piemonte,Cuneo,2,1,1,true,0,636.84625,1497.5748,MIXED_VISIBLE_GRAIN: BLANK HIDDEN RECORDS = NO ADDITIONAL REPORTED CAPACITY,false,Reported-value sums retained; blanks never text-normalized or punctuation-stripped; material threshold 1 GWh/year for freeze review.
2020,Geotermoelettrico,Piemonte,Novara,1,0,1,true,0,0,0,NO_REPORTED_CAPACITY,false,Reported-value sums retained; blanks never text-normalized or punctuation-stripped; material threshold 1 GWh/year for freeze review.
2020,Fotovoltaico,Piemonte,Torino,2,1,1,true,0,458.831,451.34152,MIXED_VISIBLE_GRAIN: BLANK HIDDEN RECORDS = NO ADDITIONAL REPORTED CAPACITY,false,Reported-value sums retained; blanks never text-normalized or punctuation-stripped; material threshold 1 GWh/year for freeze review.
2020,Idrico,Piemonte,Torino,2,1,1,true,0,1089.1031,2695.3748,MIXED_VISIBLE_GRAIN: BLANK HIDDEN RECORDS = NO ADDITIONAL REPORTED CAPACITY,false,Reported-value sums retained; blanks never text-normalized or punctuation-stripped; material threshold 1 GWh/year for freeze review.
2020,Geotermoelettrico,Piemonte,Torino,2,0,2,true,0,0,0,NO_REPORTED_CAPACITY,false,Reported-value sums retained; blanks never text-normalized or punctuation-stripped; material threshold 1 GWh/year for freeze review.
2020,Geotermoelettrico,Piemonte,Verbano-Cusio-Ossola,1,0,1,true,0,0,0,NO_REPORTED_CAPACITY,false,Reported-value sums retained; blanks never text-normalized or punctuation-stripped; material threshold 1 GWh/year for freeze review.
2020,Geotermoelettrico,Piemonte,Vercelli,1,0,1,true,0,0,0,NO_REPORTED_CAPACITY,false,Reported-value sums retained; blanks never text-normalized or punctuation-stripped; material threshold 1 GWh/year for freeze review.
2020,Geotermoelettrico,Puglia,Bari,1,0,1,true,0,0,0,NO_REPORTED_CAPACITY,false,Reported-value sums retained; blanks never text-normalized or punctuation-stripped; material threshold 1 GWh/year for freeze review.
2020,Geotermoelettrico,Puglia,Barletta-Andria-Trani,1,0,1,true,0,0,0,NO_REPORTED_CAPACITY,false,Reported-value sums retained; blanks never text-normalized or punctuation-stripped; material threshold 1 GWh/year for freeze review.
2020,Geotermoelettrico,Puglia,Brindisi,1,0,1,true,0,0,0,NO_REPORTED_CAPACITY,false,Reported-value sums retained; blanks never text-normalized or punctuation-stripped; material threshold 1 GWh/year for freeze review.
2020,Idrico,Puglia,Foggia,2,0,2,true,0,0,0,NO_REPORTED_CAPACITY,false,Reported-value sums retained; blanks never text-normalized or punctuation-stripped; material threshold 1 GWh/year for freeze review.
2020,Geotermoelettrico,Puglia,Foggia,2,0,2,true,0,0,0,NO_REPORTED_CAPACITY,false,Reported-value sums retained; blanks never text-normalized or punctuation-stripped; material threshold 1 GWh/year for freeze review.
2020,Fotovoltaico,Puglia,Foggia,2,1,1,true,0,622.969,770.7076,MIXED_VISIBLE_GRAIN: BLANK HIDDEN RECORDS = NO ADDITIONAL REPORTED CAPACITY,false,Reported-value sums retained; blanks never text-normalized or punctuation-stripped; material threshold 1 GWh/year for freeze review.
2020,Idrico,Puglia,Lecce,1,0,1,true,0,0,0,NO_REPORTED_CAPACITY,false,Reported-value sums retained; blanks never text-normalized or punctuation-stripped; material threshold 1 GWh/year for freeze review.
2020,Geotermoelettrico,Puglia,Lecce,1,0,1,true,0,0,0,NO_REPORTED_CAPACITY,false,Reported-value sums retained; blanks never text-normalized or punctuation-stripped; material threshold 1 GWh/year for freeze review.
2020,Idrico,Puglia,Taranto,2,1,1,true,0,0.898,2.983128,MIXED_VISIBLE_GRAIN: BLANK HIDDEN RECORDS = NO ADDITIONAL REPORTED CAPACITY,false,Reported-value sums retained; blanks never text-normalized or punctuation-stripped; material threshold 1 GWh/year for freeze review.
2020,Fotovoltaico,Puglia,Taranto,2,1,1,true,0,378.237,505.76233,MIXED_VISIBLE_GRAIN: BLANK HIDDEN RECORDS = NO ADDITIONAL REPORTED CAPACITY,false,Reported-value sums retained; blanks never text-normalized or punctuation-stripped; material threshold 1 GWh/year for freeze review.
2020,Geotermoelettrico,Puglia,Taranto,2,0,2,true,0,0,0,NO_REPORTED_CAPACITY,false,Reported-value sums retained; blanks never text-normalized or punctuation-stripped; material threshold 1 GWh/year for freeze review.
2020,Geotermoelettrico,Sardegna,Cagliari,1,0,1,true,0,0,0,NO_REPORTED_CAPACITY,false,Reported-value sums retained; blanks never text-normalized or punctuation-stripped; material threshold 1 GWh/year for freeze review.
2020,Geotermoelettrico,Sardegna,Nuoro,1,0,1,true,0,0,0,NO_REPORTED_CAPACITY,false,Reported-value sums retained; blanks never text-normalized or punctuation-stripped; material threshold 1 GWh/year for freeze review.
2020,Geotermoelettrico,Sardegna,Oristano,1,0,1,true,0,0,0,NO_REPORTED_CAPACITY,false,Reported-value sums retained; blanks never text-normalized or punctuation-stripped; material threshold 1 GWh/year for freeze review.
2020,Geotermoelettrico,Sardegna,Sassari,1,0,1,true,0,0,0,NO_REPORTED_CAPACITY,false,Reported-value sums retained; blanks never text-normalized or punctuation-stripped; material threshold 1 GWh/year for freeze review.
2020,Geotermoelettrico,Sardegna,Sud Sardegna,1,0,1,true,0,0,0,NO_REPORTED_CAPACITY,false,Reported-value sums retained; blanks never text-normalized or punctuation-stripped; material threshold 1 GWh/year for freeze review.
2020,Geotermoelettrico,Sicilia,Agrigento,1,0,1,true,0,0,0,NO_REPORTED_CAPACITY,false,Reported-value sums retained; blanks never text-normalized or punctuation-stripped; material threshold 1 GWh/year for freeze review.
2020,Geotermoelettrico,Sicilia,Caltanissetta,1,0,1,true,0,0,0,NO_REPORTED_CAPACITY,false,Reported-value sums retained; blanks never text-normalized or punctuation-stripped; material threshold 1 GWh/year for freeze review.
2020,Geotermoelettrico,Sicilia,Catania,1,0,1,true,0,0,0,NO_REPORTED_CAPACITY,false,Reported-value sums retained; blanks never text-normalized or punctuation-stripped; material threshold 1 GWh/year for freeze review.
2020,Geotermoelettrico,Sicilia,Enna,1,0,1,true,0,0,0,NO_REPORTED_CAPACITY,false,Reported-value sums retained; blanks never text-normalized or punctuation-stripped; material threshold 1 GWh/year for freeze review.
2020,Geotermoelettrico,Sicilia,Messina,1,0,1,true,0,0,0,NO_REPORTED_CAPACITY,false,Reported-value sums retained; blanks never text-normalized or punctuation-stripped; material threshold 1 GWh/year for freeze review.
2020,Geotermoelettrico,Sicilia,Palermo,1,0,1,true,0,0,0,NO_REPORTED_CAPACITY,false,Reported-value sums retained; blanks never text-normalized or punctuation-stripped; material threshold 1 GWh/year for freeze review.
2020,Geotermoelettrico,Sicilia,Ragusa,1,0,1,true,0,0,0,NO_REPORTED_CAPACITY,false,Reported-value sums retained; blanks never text-normalized or punctuation-stripped; material threshold 1 GWh/year for freeze review.
2020,Idrico,Sicilia,Ragusa,1,0,1,true,0,0,0,NO_REPORTED_CAPACITY,false,Reported-value sums retained; blanks never text-normalized or punctuation-stripped; material threshold 1 GWh/year for freeze review.
2020,Geotermoelettrico,Sicilia,Siracusa,1,0,1,true,0,0,0,NO_REPORTED_CAPACITY,false,Reported-value sums retained; blanks never text-normalized or punctuation-stripped; material threshold 1 GWh/year for freeze review.
2020,Geotermoelettrico,Sicilia,Trapani,1,0,1,true,0,0,0,NO_REPORTED_CAPACITY,false,Reported-value sums retained; blanks never text-normalized or punctuation-stripped; material threshold 1 GWh/year for freeze review.
2020,Geotermoelettrico,Toscana,Arezzo,1,0,1,true,0,0,0,NO_REPORTED_CAPACITY,false,Reported-value sums retained; blanks never text-normalized or punctuation-stripped; material threshold 1 GWh/year for freeze review.
2020,Geotermoelettrico,Toscana,Firenze,1,0,1,true,0,0,0,NO_REPORTED_CAPACITY,false,Reported-value sums retained; blanks never text-normalized or punctuation-stripped; material threshold 1 GWh/year for freeze review.
2020,Idrico,Toscana,Livorno,1,0,1,true,0,0,0,NO_REPORTED_CAPACITY,false,Reported-value sums retained; blanks never text-normalized or punctuation-stripped; material threshold 1 GWh/year for freeze review.
2020,Geotermoelettrico,Toscana,Livorno,1,0,1,true,0,0,0,NO_REPORTED_CAPACITY,false,Reported-value sums retained; blanks never text-normalized or punctuation-stripped; material threshold 1 GWh/year for freeze review.
2020,Geotermoelettrico,Toscana,Lucca,1,0,1,true,0,0,0,NO_REPORTED_CAPACITY,false,Reported-value sums retained; blanks never text-normalized or punctuation-stripped; material threshold 1 GWh/year for freeze review.
2020,Geotermoelettrico,Toscana,Massa-Carrara,1,0,1,true,0,0,0,NO_REPORTED_CAPACITY,false,Reported-value sums retained; blanks never text-normalized or punctuation-stripped; material threshold 1 GWh/year for freeze review.
2020,Geotermoelettrico,Toscana,Pistoia,1,0,1,true,0,0,0,NO_REPORTED_CAPACITY,false,Reported-value sums retained; blanks never text-normalized or punctuation-stripped; material threshold 1 GWh/year for freeze review.
2020,Geotermoelettrico,Toscana,Prato,1,0,1,true,0,0,0,NO_REPORTED_CAPACITY,false,Reported-value sums retained; blanks never text-normalized or punctuation-stripped; material threshold 1 GWh/year for freeze review.
2020,Geotermoelettrico,Trentino-Alto Adige,Bolzano/Bozen,1,0,1,true,0,0,0,NO_REPORTED_CAPACITY,false,Reported-value sums retained; blanks never text-normalized or punctuation-stripped; material threshold 1 GWh/year for freeze review.
2020,Fotovoltaico,Trentino-Alto Adige,Trento,3,1,2,true,0,196.874,200.96815,MIXED_VISIBLE_GRAIN: BLANK HIDDEN RECORDS = NO ADDITIONAL REPORTED CAPACITY,false,Reported-value sums retained; blanks never text-normalized or punctuation-stripped; material threshold 1 GWh/year for freeze review.
2020,Geotermoelettrico,Trentino-Alto Adige,Trento,3,0,3,true,0,0,0,NO_REPORTED_CAPACITY,false,Reported-value sums retained; blanks never text-normalized or punctuation-stripped; material threshold 1 GWh/year for freeze review.
2020,Idrico,Trentino-Alto Adige,Trento,3,1,2,true,0,1609.3204,4242.702,MIXED_VISIBLE_GRAIN: BLANK HIDDEN RECORDS = NO ADDITIONAL REPORTED CAPACITY,false,Reported-value sums retained; blanks never text-normalized or punctuation-stripped; material threshold 1 GWh/year for freeze review.
2020,Geotermoelettrico,Umbria,Perugia,1,0,1,true,0,0,0,NO_REPORTED_CAPACITY,false,Reported-value sums retained; blanks never text-normalized or punctuation-stripped; material threshold 1 GWh/year for freeze review.
2020,Geotermoelettrico,Umbria,Terni,1,0,1,true,0,0,0,NO_REPORTED_CAPACITY,false,Reported-value sums retained; blanks never text-normalized or punctuation-stripped; material threshold 1 GWh/year for freeze review.
2020,Geotermoelettrico,Valle D'Aosta,Aosta,1,0,1,true,0,0,0,NO_REPORTED_CAPACITY,false,Reported-value sums retained; blanks never text-normalized or punctuation-stripped; material threshold 1 GWh/year for freeze review.
2020,Geotermoelettrico,Veneto,Belluno,1,0,1,true,0,0,0,NO_REPORTED_CAPACITY,false,Reported-value sums retained; blanks never text-normalized or punctuation-stripped; material threshold 1 GWh/year for freeze review.
2020,Idrico,Veneto,Padova,2,1,1,true,0,5.9336,22.206669,MIXED_VISIBLE_GRAIN: BLANK HIDDEN RECORDS = NO ADDITIONAL REPORTED CAPACITY,false,Reported-value sums retained; blanks never text-normalized or punctuation-stripped; material threshold 1 GWh/year for freeze review.
2020,Fotovoltaico,Veneto,Padova,2,1,1,true,0,374.286,383.39627,MIXED_VISIBLE_GRAIN: BLANK HIDDEN RECORDS = NO ADDITIONAL REPORTED CAPACITY,false,Reported-value sums retained; blanks never text-normalized or punctuation-stripped; material threshold 1 GWh/year for freeze review.
2020,Geotermoelettrico,Veneto,Padova,2,0,2,true,0,0,0,NO_REPORTED_CAPACITY,false,Reported-value sums retained; blanks never text-normalized or punctuation-stripped; material threshold 1 GWh/year for freeze review.
2020,Geotermoelettrico,Veneto,Rovigo,1,0,1,true,0,0,0,NO_REPORTED_CAPACITY,false,Reported-value sums retained; blanks never text-normalized or punctuation-stripped; material threshold 1 GWh/year for freeze review.
2020,Geotermoelettrico,Veneto,Treviso,1,0,1,true,0,0,0,NO_REPORTED_CAPACITY,false,Reported-value sums retained; blanks never text-normalized or punctuation-stripped; material threshold 1 GWh/year for freeze review.
2020,Geotermoelettrico,Veneto,Venezia,1,0,1,true,0,0,0,NO_REPORTED_CAPACITY,false,Reported-value sums retained; blanks never text-normalized or punctuation-stripped; material threshold 1 GWh/year for freeze review.
2020,Geotermoelettrico,Veneto,Verona,1,0,1,true,0,0,0,NO_REPORTED_CAPACITY,false,Reported-value sums retained; blanks never text-normalized or punctuation-stripped; material threshold 1 GWh/year for freeze review.
2020,Geotermoelettrico,Veneto,Vicenza,1,0,1,true,0,0,0,NO_REPORTED_CAPACITY,false,Reported-value sums retained; blanks never text-normalized or punctuation-stripped; material threshold 1 GWh/year for freeze review.
2021,Geotermoelettrico,Friuli-Venezia Giulia,Udine,2,1,1,true,0,0,0,MIXED_VISIBLE_GRAIN: BLANK HIDDEN RECORDS = NO ADDITIONAL REPORTED CAPACITY,false,Reported-value sums retained; blanks never text-normalized or punctuation-stripped; material threshold 1 GWh/year for freeze review.
2021,Idrico,Friuli-Venezia Giulia,Udine,2,1,1,true,0,316.4143,1142.2517,MIXED_VISIBLE_GRAIN: BLANK HIDDEN RECORDS = NO ADDITIONAL REPORTED CAPACITY,false,Reported-value sums retained; blanks never text-normalized or punctuation-stripped; material threshold 1 GWh/year for freeze review.
2021,Fotovoltaico,Friuli-Venezia Giulia,Udine,2,1,1,true,0,330.639,348.96317,MIXED_VISIBLE_GRAIN: BLANK HIDDEN RECORDS = NO ADDITIONAL REPORTED CAPACITY,false,Reported-value sums retained; blanks never text-normalized or punctuation-stripped; material threshold 1 GWh/year for freeze review.
2021,Idrico,Lombardia,Brescia,2,1,1,true,0,2221.6982,2610.251,MIXED_VISIBLE_GRAIN: BLANK HIDDEN RECORDS = NO ADDITIONAL REPORTED CAPACITY,false,Reported-value sums retained; blanks never text-normalized or punctuation-stripped; material threshold 1 GWh/year for freeze review.
2021,Fotovoltaico,Lombardia,Brescia,2,1,1,true,0,557.255,515.3425,MIXED_VISIBLE_GRAIN: BLANK HIDDEN RECORDS = NO ADDITIONAL REPORTED CAPACITY,false,Reported-value sums retained; blanks never text-normalized or punctuation-stripped; material threshold 1 GWh/year for freeze review.
2021,Geotermoelettrico,Lombardia,Brescia,2,1,1,true,0,0,0,MIXED_VISIBLE_GRAIN: BLANK HIDDEN RECORDS = NO ADDITIONAL REPORTED CAPACITY,false,Reported-value sums retained; blanks never text-normalized or punctuation-stripped; material threshold 1 GWh/year for freeze review.
2021,Geotermoelettrico,Lombardia,Milano,3,1,2,true,0,0,0,MIXED_VISIBLE_GRAIN: BLANK HIDDEN RECORDS = NO ADDITIONAL REPORTED CAPACITY,false,Reported-value sums retained; blanks never text-normalized or punctuation-stripped; material threshold 1 GWh/year for freeze review.
2021,Fotovoltaico,Lombardia,Milano,3,1,2,true,0,392.569,350.62848,MIXED_VISIBLE_GRAIN: BLANK HIDDEN RECORDS = NO ADDITIONAL REPORTED CAPACITY,false,Reported-value sums retained; blanks never text-normalized or punctuation-stripped; material threshold 1 GWh/year for freeze review.
2021,Idrico,Lombardia,Milano,3,1,2,true,0,63.4572,280.3413,MIXED_VISIBLE_GRAIN: BLANK HIDDEN RECORDS = NO ADDITIONAL REPORTED CAPACITY,false,Reported-value sums retained; blanks never text-normalized or punctuation-stripped; material threshold 1 GWh/year for freeze review.
2021,Geotermoelettrico,Lombardia,Varese,2,1,1,true,0,0,0,MIXED_VISIBLE_GRAIN: BLANK HIDDEN RECORDS = NO ADDITIONAL REPORTED CAPACITY,false,Reported-value sums retained; blanks never text-normalized or punctuation-stripped; material threshold 1 GWh/year for freeze review.
2021,Idrico,Lombardia,Varese,2,1,1,true,0,69.575,393.3181,MIXED_VISIBLE_GRAIN: BLANK HIDDEN RECORDS = NO ADDITIONAL REPORTED CAPACITY,false,Reported-value sums retained; blanks never text-normalized or punctuation-stripped; material threshold 1 GWh/year for freeze review.
2021,Fotovoltaico,Lombardia,Varese,2,1,1,true,0,172.466,153.08682,MIXED_VISIBLE_GRAIN: BLANK HIDDEN RECORDS = NO ADDITIONAL REPORTED CAPACITY,false,Reported-value sums retained; blanks never text-normalized or punctuation-stripped; material threshold 1 GWh/year for freeze review.
2021,Geotermoelettrico,Marche,Ancona,3,1,2,true,0,0,0,MIXED_VISIBLE_GRAIN: BLANK HIDDEN RECORDS = NO ADDITIONAL REPORTED CAPACITY,false,Reported-value sums retained; blanks never text-normalized or punctuation-stripped; material threshold 1 GWh/year for freeze review.
2021,Idrico,Marche,Ancona,3,1,2,true,0,10.812,23.085337,MIXED_VISIBLE_GRAIN: BLANK HIDDEN RECORDS = NO ADDITIONAL REPORTED CAPACITY,false,Reported-value sums retained; blanks never text-normalized or punctuation-stripped; material threshold 1 GWh/year for freeze review.
2021,Fotovoltaico,Marche,Ancona,3,1,2,true,0,320.311,349.88828,MIXED_VISIBLE_GRAIN: BLANK HIDDEN RECORDS = NO ADDITIONAL REPORTED CAPACITY,false,Reported-value sums retained; blanks never text-normalized or punctuation-stripped; material threshold 1 GWh/year for freeze review.
2021,Idrico,Piemonte,Torino,2,1,1,true,0,1093.2491,2123.972,MIXED_VISIBLE_GRAIN: BLANK HIDDEN RECORDS = NO ADDITIONAL REPORTED CAPACITY,false,Reported-value sums retained; blanks never text-normalized or punctuation-stripped; material threshold 1 GWh/year for freeze review.
2021,Geotermoelettrico,Piemonte,Torino,2,0,2,true,0,0,0,NO_REPORTED_CAPACITY,false,Reported-value sums retained; blanks never text-normalized or punctuation-stripped; material threshold 1 GWh/year for freeze review.
2021,Fotovoltaico,Piemonte,Torino,2,1,1,true,0,483.917,481.01993,MIXED_VISIBLE_GRAIN: BLANK HIDDEN RECORDS = NO ADDITIONAL REPORTED CAPACITY,false,Reported-value sums retained; blanks never text-normalized or punctuation-stripped; material threshold 1 GWh/year for freeze review.
2021,Geotermoelettrico,Puglia,Foggia,2,1,1,true,0,0,0,MIXED_VISIBLE_GRAIN: BLANK HIDDEN RECORDS = NO ADDITIONAL REPORTED CAPACITY,false,Reported-value sums retained; blanks never text-normalized or punctuation-stripped; material threshold 1 GWh/year for freeze review.
2021,Fotovoltaico,Puglia,Foggia,2,1,1,true,0,628.086,811.6477,MIXED_VISIBLE_GRAIN: BLANK HIDDEN RECORDS = NO ADDITIONAL REPORTED CAPACITY,false,Reported-value sums retained; blanks never text-normalized or punctuation-stripped; material threshold 1 GWh/year for freeze review.
2021,Idrico,Puglia,Foggia,2,1,1,true,0,0,0,MIXED_VISIBLE_GRAIN: BLANK HIDDEN RECORDS = NO ADDITIONAL REPORTED CAPACITY,false,Reported-value sums retained; blanks never text-normalized or punctuation-stripped; material threshold 1 GWh/year for freeze review.
2021,Geotermoelettrico,Puglia,Taranto,3,1,2,true,0,0,0,MIXED_VISIBLE_GRAIN: BLANK HIDDEN RECORDS = NO ADDITIONAL REPORTED CAPACITY,false,Reported-value sums retained; blanks never text-normalized or punctuation-stripped; material threshold 1 GWh/year for freeze review.
2021,Fotovoltaico,Puglia,Taranto,3,1,2,true,0,383.57,483.6055,MIXED_VISIBLE_GRAIN: BLANK HIDDEN RECORDS = NO ADDITIONAL REPORTED CAPACITY,false,Reported-value sums retained; blanks never text-normalized or punctuation-stripped; material threshold 1 GWh/year for freeze review.
2021,Idrico,Puglia,Taranto,3,1,2,true,0,0.898,2.426979,MIXED_VISIBLE_GRAIN: BLANK HIDDEN RECORDS = NO ADDITIONAL REPORTED CAPACITY,false,Reported-value sums retained; blanks never text-normalized or punctuation-stripped; material threshold 1 GWh/year for freeze review.
2021,Geotermoelettrico,Trentino-Alto Adige,Trento,3,1,2,true,0,0,0,MIXED_VISIBLE_GRAIN: BLANK HIDDEN RECORDS = NO ADDITIONAL REPORTED CAPACITY,false,Reported-value sums retained; blanks never text-normalized or punctuation-stripped; material threshold 1 GWh/year for freeze review.
2021,Idrico,Trentino-Alto Adige,Trento,3,1,2,true,0,1618.6034,3693.7954,MIXED_VISIBLE_GRAIN: BLANK HIDDEN RECORDS = NO ADDITIONAL REPORTED CAPACITY,false,Reported-value sums retained; blanks never text-normalized or punctuation-stripped; material threshold 1 GWh/year for freeze review.
2021,Fotovoltaico,Trentino-Alto Adige,Trento,3,1,2,true,0,207.418,198.97775,MIXED_VISIBLE_GRAIN: BLANK HIDDEN RECORDS = NO ADDITIONAL REPORTED CAPACITY,false,Reported-value sums retained; blanks never text-normalized or punctuation-stripped; material threshold 1 GWh/year for freeze review.
2021,Idrico,Veneto,Padova,2,1,1,true,0,5.9336,24.524431,MIXED_VISIBLE_GRAIN: BLANK HIDDEN RECORDS = NO ADDITIONAL REPORTED CAPACITY,false,Reported-value sums retained; blanks never text-normalized or punctuation-stripped; material threshold 1 GWh/year for freeze review.
2021,Fotovoltaico,Veneto,Padova,2,1,1,true,0,399.204,397.66342,MIXED_VISIBLE_GRAIN: BLANK HIDDEN RECORDS = NO ADDITIONAL REPORTED CAPACITY,false,Reported-value sums retained; blanks never text-normalized or punctuation-stripped; material threshold 1 GWh/year for freeze review.
2021,Geotermoelettrico,Veneto,Padova,2,1,1,true,0,0,0,MIXED_VISIBLE_GRAIN: BLANK HIDDEN RECORDS = NO ADDITIONAL REPORTED CAPACITY,false,Reported-value sums retained; blanks never text-normalized or punctuation-stripped; material threshold 1 GWh/year for freeze review.
2021,Idrico,Veneto,Treviso,2,1,1,true,0,334.1702,825.9577,MIXED_VISIBLE_GRAIN: BLANK HIDDEN RECORDS = NO ADDITIONAL REPORTED CAPACITY,false,Reported-value sums retained; blanks never text-normalized or punctuation-stripped; material threshold 1 GWh/year for freeze review.
2021,Fotovoltaico,Veneto,Treviso,2,1,1,true,0,402.257,395.07153,MIXED_VISIBLE_GRAIN: BLANK HIDDEN RECORDS = NO ADDITIONAL REPORTED CAPACITY,false,Reported-value sums retained; blanks never text-normalized or punctuation-stripped; material threshold 1 GWh/year for freeze review.
2021,Geotermoelettrico,Veneto,Treviso,2,1,1,true,0,0,0,MIXED_VISIBLE_GRAIN: BLANK HIDDEN RECORDS = NO ADDITIONAL REPORTED CAPACITY,false,Reported-value sums retained; blanks never text-normalized or punctuation-stripped; material threshold 1 GWh/year for freeze review.
2022,Geotermoelettrico,Abruzzo,Chieti,1,0,1,true,0,0,0,NO_REPORTED_CAPACITY,false,Reported-value sums retained; blanks never text-normalized or punctuation-stripped; material threshold 1 GWh/year for freeze review.
2022,Geotermoelettrico,Abruzzo,L'Aquila,1,0,1,true,0,0,0,NO_REPORTED_CAPACITY,false,Reported-value sums retained; blanks never text-normalized or punctuation-stripped; material threshold 1 GWh/year for freeze review.
2022,Geotermoelettrico,Abruzzo,Pescara,1,0,1,true,0,0,0,NO_REPORTED_CAPACITY,false,Reported-value sums retained; blanks never text-normalized or punctuation-stripped; material threshold 1 GWh/year for freeze review.
2022,Geotermoelettrico,Abruzzo,Teramo,1,0,1,true,0,0,0,NO_REPORTED_CAPACITY,false,Reported-value sums retained; blanks never text-normalized or punctuation-stripped; material threshold 1 GWh/year for freeze review.
2022,Geotermoelettrico,Basilicata,Matera,1,0,1,true,0,0,0,NO_REPORTED_CAPACITY,false,Reported-value sums retained; blanks never text-normalized or punctuation-stripped; material threshold 1 GWh/year for freeze review.
2022,Geotermoelettrico,Basilicata,Potenza,1,0,1,true,0,0,0,NO_REPORTED_CAPACITY,false,Reported-value sums retained; blanks never text-normalized or punctuation-stripped; material threshold 1 GWh/year for freeze review.
2022,Geotermoelettrico,Calabria,Catanzaro,1,0,1,true,0,0,0,NO_REPORTED_CAPACITY,false,Reported-value sums retained; blanks never text-normalized or punctuation-stripped; material threshold 1 GWh/year for freeze review.
2022,Geotermoelettrico,Calabria,Cosenza,1,0,1,true,0,0,0,NO_REPORTED_CAPACITY,false,Reported-value sums retained; blanks never text-normalized or punctuation-stripped; material threshold 1 GWh/year for freeze review.
2022,Geotermoelettrico,Calabria,Crotone,1,0,1,true,0,0,0,NO_REPORTED_CAPACITY,false,Reported-value sums retained; blanks never text-normalized or punctuation-stripped; material threshold 1 GWh/year for freeze review.
2022,Geotermoelettrico,Calabria,Reggio Di Calabria,1,0,1,true,0,0,0,NO_REPORTED_CAPACITY,false,Reported-value sums retained; blanks never text-normalized or punctuation-stripped; material threshold 1 GWh/year for freeze review.
2022,Geotermoelettrico,Calabria,Vibo Valentia,1,0,1,true,0,0,0,NO_REPORTED_CAPACITY,false,Reported-value sums retained; blanks never text-normalized or punctuation-stripped; material threshold 1 GWh/year for freeze review.
2022,Geotermoelettrico,Campania,Avellino,1,0,1,true,0,0,0,NO_REPORTED_CAPACITY,false,Reported-value sums retained; blanks never text-normalized or punctuation-stripped; material threshold 1 GWh/year for freeze review.
2022,Geotermoelettrico,Campania,Benevento,1,0,1,true,0,0,0,NO_REPORTED_CAPACITY,false,Reported-value sums retained; blanks never text-normalized or punctuation-stripped; material threshold 1 GWh/year for freeze review.
2022,Geotermoelettrico,Campania,Caserta,1,0,1,true,0,0,0,NO_REPORTED_CAPACITY,false,Reported-value sums retained; blanks never text-normalized or punctuation-stripped; material threshold 1 GWh/year for freeze review.
2022,Idrico,Campania,Napoli,1,0,1,true,0,0,0,NO_REPORTED_CAPACITY,false,Reported-value sums retained; blanks never text-normalized or punctuation-stripped; material threshold 1 GWh/year for freeze review.
2022,Geotermoelettrico,Campania,Napoli,1,0,1,true,0,0,0,NO_REPORTED_CAPACITY,false,Reported-value sums retained; blanks never text-normalized or punctuation-stripped; material threshold 1 GWh/year for freeze review.
2022,Geotermoelettrico,Campania,Salerno,1,0,1,true,0,0,0,NO_REPORTED_CAPACITY,false,Reported-value sums retained; blanks never text-normalized or punctuation-stripped; material threshold 1 GWh/year for freeze review.
2022,Geotermoelettrico,Emilia-Romagna,Bologna,1,0,1,true,0,0,0,NO_REPORTED_CAPACITY,false,Reported-value sums retained; blanks never text-normalized or punctuation-stripped; material threshold 1 GWh/year for freeze review.
2022,Geotermoelettrico,Emilia-Romagna,Ferrara,1,0,1,true,0,0,0,NO_REPORTED_CAPACITY,false,Reported-value sums retained; blanks never text-normalized or punctuation-stripped; material threshold 1 GWh/year for freeze review.
2022,Eolico,Emilia-Romagna,Ferrara,1,0,1,true,0,0,0,NO_REPORTED_CAPACITY,false,Reported-value sums retained; blanks never text-normalized or punctuation-stripped; material threshold 1 GWh/year for freeze review.
2022,Geotermoelettrico,Emilia-Romagna,Forlì-Cesena,1,0,1,true,0,0,0,NO_REPORTED_CAPACITY,false,Reported-value sums retained; blanks never text-normalized or punctuation-stripped; material threshold 1 GWh/year for freeze review.
2022,Geotermoelettrico,Emilia-Romagna,Modena,1,0,1,true,0,0,0,NO_REPORTED_CAPACITY,false,Reported-value sums retained; blanks never text-normalized or punctuation-stripped; material threshold 1 GWh/year for freeze review.
2022,Geotermoelettrico,Emilia-Romagna,Parma,1,0,1,true,0,0,0,NO_REPORTED_CAPACITY,false,Reported-value sums retained; blanks never text-normalized or punctuation-stripped; material threshold 1 GWh/year for freeze review.
2022,Geotermoelettrico,Emilia-Romagna,Piacenza,1,0,1,true,0,0,0,NO_REPORTED_CAPACITY,false,Reported-value sums retained; blanks never text-normalized or punctuation-stripped; material threshold 1 GWh/year for freeze review.
2022,Geotermoelettrico,Emilia-Romagna,Ravenna,1,0,1,true,0,0,0,NO_REPORTED_CAPACITY,false,Reported-value sums retained; blanks never text-normalized or punctuation-stripped; material threshold 1 GWh/year for freeze review.
2022,Geotermoelettrico,Emilia-Romagna,Reggio Nell'Emilia,1,0,1,true,0,0,0,NO_REPORTED_CAPACITY,false,Reported-value sums retained; blanks never text-normalized or punctuation-stripped; material threshold 1 GWh/year for freeze review.
2022,Geotermoelettrico,Emilia-Romagna,Rimini,1,0,1,true,0,0,0,NO_REPORTED_CAPACITY,false,Reported-value sums retained; blanks never text-normalized or punctuation-stripped; material threshold 1 GWh/year for freeze review.
2022,Eolico,Friuli-Venezia Giulia,Gorizia,1,0,1,true,0,0,0,NO_REPORTED_CAPACITY,false,Reported-value sums retained; blanks never text-normalized or punctuation-stripped; material threshold 1 GWh/year for freeze review.
2022,Geotermoelettrico,Friuli-Venezia Giulia,Gorizia,1,0,1,true,0,0,0,NO_REPORTED_CAPACITY,false,Reported-value sums retained; blanks never text-normalized or punctuation-stripped; material threshold 1 GWh/year for freeze review.
2022,Geotermoelettrico,Friuli-Venezia Giulia,Pordenone,1,0,1,true,0,0,0,NO_REPORTED_CAPACITY,false,Reported-value sums retained; blanks never text-normalized or punctuation-stripped; material threshold 1 GWh/year for freeze review.
2022,Geotermoelettrico,Friuli-Venezia Giulia,Trieste,1,0,1,true,0,0,0,NO_REPORTED_CAPACITY,false,Reported-value sums retained; blanks never text-normalized or punctuation-stripped; material threshold 1 GWh/year for freeze review.
2022,Idrico,Friuli-Venezia Giulia,Trieste,1,0,1,true,0,0,0,NO_REPORTED_CAPACITY,false,Reported-value sums retained; blanks never text-normalized or punctuation-stripped; material threshold 1 GWh/year for freeze review.
2022,Fotovoltaico,Friuli-Venezia Giulia,Udine,2,1,1,true,0,362.75,387.5,MIXED_VISIBLE_GRAIN: BLANK HIDDEN RECORDS = NO ADDITIONAL REPORTED CAPACITY,false,Reported-value sums retained; blanks never text-normalized or punctuation-stripped; material threshold 1 GWh/year for freeze review.
2022,Idrico,Friuli-Venezia Giulia,Udine,2,1,1,true,0,321.20532,552.8,MIXED_VISIBLE_GRAIN: BLANK HIDDEN RECORDS = NO ADDITIONAL REPORTED CAPACITY,false,Reported-value sums retained; blanks never text-normalized or punctuation-stripped; material threshold 1 GWh/year for freeze review.
2022,Geotermoelettrico,Friuli-Venezia Giulia,Udine,2,0,2,true,0,0,0,NO_REPORTED_CAPACITY,false,Reported-value sums retained; blanks never text-normalized or punctuation-stripped; material threshold 1 GWh/year for freeze review.
2022,Geotermoelettrico,Lazio,Frosinone,1,0,1,true,0,0,0,NO_REPORTED_CAPACITY,false,Reported-value sums retained; blanks never text-normalized or punctuation-stripped; material threshold 1 GWh/year for freeze review.
2022,Geotermoelettrico,Lazio,Latina,1,0,1,true,0,0,0,NO_REPORTED_CAPACITY,false,Reported-value sums retained; blanks never text-normalized or punctuation-stripped; material threshold 1 GWh/year for freeze review.
2022,Eolico,Lazio,Rieti,1,0,1,true,0,0,0,NO_REPORTED_CAPACITY,false,Reported-value sums retained; blanks never text-normalized or punctuation-stripped; material threshold 1 GWh/year for freeze review.
2022,Geotermoelettrico,Lazio,Rieti,1,0,1,true,0,0,0,NO_REPORTED_CAPACITY,false,Reported-value sums retained; blanks never text-normalized or punctuation-stripped; material threshold 1 GWh/year for freeze review.
2022,Geotermoelettrico,Lazio,Roma,1,0,1,true,0,0,0,NO_REPORTED_CAPACITY,false,Reported-value sums retained; blanks never text-normalized or punctuation-stripped; material threshold 1 GWh/year for freeze review.
2022,Geotermoelettrico,Lazio,Viterbo,1,0,1,true,0,0,0,NO_REPORTED_CAPACITY,false,Reported-value sums retained; blanks never text-normalized or punctuation-stripped; material threshold 1 GWh/year for freeze review.
2022,Geotermoelettrico,Liguria,Genova,1,0,1,true,0,0,0,NO_REPORTED_CAPACITY,false,Reported-value sums retained; blanks never text-normalized or punctuation-stripped; material threshold 1 GWh/year for freeze review.
2022,Geotermoelettrico,Liguria,Imperia,1,0,1,true,0,0,0,NO_REPORTED_CAPACITY,false,Reported-value sums retained; blanks never text-normalized or punctuation-stripped; material threshold 1 GWh/year for freeze review.
2022,Geotermoelettrico,Liguria,La Spezia,1,0,1,true,0,0,0,NO_REPORTED_CAPACITY,false,Reported-value sums retained; blanks never text-normalized or punctuation-stripped; material threshold 1 GWh/year for freeze review.
2022,Geotermoelettrico,Liguria,Savona,1,0,1,true,0,0,0,NO_REPORTED_CAPACITY,false,Reported-value sums retained; blanks never text-normalized or punctuation-stripped; material threshold 1 GWh/year for freeze review.
2022,Geotermoelettrico,Lombardia,Bergamo,1,0,1,true,0,0,0,NO_REPORTED_CAPACITY,false,Reported-value sums retained; blanks never text-normalized or punctuation-stripped; material threshold 1 GWh/year for freeze review.
2022,Geotermoelettrico,Lombardia,Brescia,2,0,2,true,0,0,0,NO_REPORTED_CAPACITY,false,Reported-value sums retained; blanks never text-normalized or punctuation-stripped; material threshold 1 GWh/year for freeze review.
2022,Idrico,Lombardia,Brescia,2,1,1,true,0,2235.7412,1349.4,MIXED_VISIBLE_GRAIN: BLANK HIDDEN RECORDS = NO ADDITIONAL REPORTED CAPACITY,false,Reported-value sums retained; blanks never text-normalized or punctuation-stripped; material threshold 1 GWh/year for freeze review.
2022,Fotovoltaico,Lombardia,Brescia,2,1,1,true,0,659.358,610,MIXED_VISIBLE_GRAIN: BLANK HIDDEN RECORDS = NO ADDITIONAL REPORTED CAPACITY,false,Reported-value sums retained; blanks never text-normalized or punctuation-stripped; material threshold 1 GWh/year for freeze review.
2022,Geotermoelettrico,Lombardia,Como,1,0,1,true,0,0,0,NO_REPORTED_CAPACITY,false,Reported-value sums retained; blanks never text-normalized or punctuation-stripped; material threshold 1 GWh/year for freeze review.
2022,Geotermoelettrico,Lombardia,Cremona,1,0,1,true,0,0,0,NO_REPORTED_CAPACITY,false,Reported-value sums retained; blanks never text-normalized or punctuation-stripped; material threshold 1 GWh/year for freeze review.
2022,Eolico,Lombardia,Lecco,1,0,1,true,0,0,0,NO_REPORTED_CAPACITY,false,Reported-value sums retained; blanks never text-normalized or punctuation-stripped; material threshold 1 GWh/year for freeze review.
2022,Geotermoelettrico,Lombardia,Lecco,1,0,1,true,0,0,0,NO_REPORTED_CAPACITY,false,Reported-value sums retained; blanks never text-normalized or punctuation-stripped; material threshold 1 GWh/year for freeze review.
2022,Geotermoelettrico,Lombardia,Lodi,1,0,1,true,0,0,0,NO_REPORTED_CAPACITY,false,Reported-value sums retained; blanks never text-normalized or punctuation-stripped; material threshold 1 GWh/year for freeze review.
2022,Eolico,Lombardia,Lodi,1,0,1,true,0,0,0,NO_REPORTED_CAPACITY,false,Reported-value sums retained; blanks never text-normalized or punctuation-stripped; material threshold 1 GWh/year for freeze review.
2022,Geotermoelettrico,Lombardia,Mantova,1,0,1,true,0,0,0,NO_REPORTED_CAPACITY,false,Reported-value sums retained; blanks never text-normalized or punctuation-stripped; material threshold 1 GWh/year for freeze review.
2022,Geotermoelettrico,Lombardia,Milano,3,0,3,true,0,0,0,NO_REPORTED_CAPACITY,false,Reported-value sums retained; blanks never text-normalized or punctuation-stripped; material threshold 1 GWh/year for freeze review.
2022,Fotovoltaico,Lombardia,Milano,3,1,2,true,0,467.55,432.3,MIXED_VISIBLE_GRAIN: BLANK HIDDEN RECORDS = NO ADDITIONAL REPORTED CAPACITY,false,Reported-value sums retained; blanks never text-normalized or punctuation-stripped; material threshold 1 GWh/year for freeze review.
2022,Idrico,Lombardia,Milano,3,1,2,true,0,63.4932,151.8,MIXED_VISIBLE_GRAIN: BLANK HIDDEN RECORDS = NO ADDITIONAL REPORTED CAPACITY,false,Reported-value sums retained; blanks never text-normalized or punctuation-stripped; material threshold 1 GWh/year for freeze review.
2022,Geotermoelettrico,Lombardia,Monza e della Brianza,1,0,1,true,0,0,0,NO_REPORTED_CAPACITY,false,Reported-value sums retained; blanks never text-normalized or punctuation-stripped; material threshold 1 GWh/year for freeze review.
2022,Eolico,Lombardia,Monza e della Brianza,1,0,1,true,0,0,0,NO_REPORTED_CAPACITY,false,Reported-value sums retained; blanks never text-normalized or punctuation-stripped; material threshold 1 GWh/year for freeze review.
2022,Geotermoelettrico,Lombardia,Pavia,1,0,1,true,0,0,0,NO_REPORTED_CAPACITY,false,Reported-value sums retained; blanks never text-normalized or punctuation-stripped; material threshold 1 GWh/year for freeze review.
2022,Geotermoelettrico,Lombardia,Sondrio,1,0,1,true,0,0,0,NO_REPORTED_CAPACITY,false,Reported-value sums retained; blanks never text-normalized or punctuation-stripped; material threshold 1 GWh/year for freeze review.
2022,Eolico,Lombardia,Sondrio,1,0,1,true,0,0,0,NO_REPORTED_CAPACITY,false,Reported-value sums retained; blanks never text-normalized or punctuation-stripped; material threshold 1 GWh/year for freeze review.
2022,Idrico,Lombardia,Varese,2,1,1,true,0,69.575,206.2,MIXED_VISIBLE_GRAIN: BLANK HIDDEN RECORDS = NO ADDITIONAL REPORTED CAPACITY,false,Reported-value sums retained; blanks never text-normalized or punctuation-stripped; material threshold 1 GWh/year for freeze review.
2022,Geotermoelettrico,Lombardia,Varese,2,0,2,true,0,0,0,NO_REPORTED_CAPACITY,false,Reported-value sums retained; blanks never text-normalized or punctuation-stripped; material threshold 1 GWh/year for freeze review.
2022,Fotovoltaico,Lombardia,Varese,2,1,1,true,0,208.042,186.9,MIXED_VISIBLE_GRAIN: BLANK HIDDEN RECORDS = NO ADDITIONAL REPORTED CAPACITY,false,Reported-value sums retained; blanks never text-normalized or punctuation-stripped; material threshold 1 GWh/year for freeze review.
2022,Fotovoltaico,Marche,Ancona,3,1,2,true,0,339.659,383.4,MIXED_VISIBLE_GRAIN: BLANK HIDDEN RECORDS = NO ADDITIONAL REPORTED CAPACITY,false,Reported-value sums retained; blanks never text-normalized or punctuation-stripped; material threshold 1 GWh/year for freeze review.
2022,Idrico,Marche,Ancona,3,1,2,true,0,10.812,23.6,MIXED_VISIBLE_GRAIN: BLANK HIDDEN RECORDS = NO ADDITIONAL REPORTED CAPACITY,false,Reported-value sums retained; blanks never text-normalized or punctuation-stripped; material threshold 1 GWh/year for freeze review.
2022,Geotermoelettrico,Marche,Ancona,3,0,3,true,0,0,0,NO_REPORTED_CAPACITY,false,Reported-value sums retained; blanks never text-normalized or punctuation-stripped; material threshold 1 GWh/year for freeze review.
2022,Geotermoelettrico,Marche,Ascoli Piceno,1,0,1,true,0,0,0,NO_REPORTED_CAPACITY,false,Reported-value sums retained; blanks never text-normalized or punctuation-stripped; material threshold 1 GWh/year for freeze review.
2022,Geotermoelettrico,Marche,Fermo,1,0,1,true,0,0,0,NO_REPORTED_CAPACITY,false,Reported-value sums retained; blanks never text-normalized or punctuation-stripped; material threshold 1 GWh/year for freeze review.
2022,Geotermoelettrico,Marche,Macerata,1,0,1,true,0,0,0,NO_REPORTED_CAPACITY,false,Reported-value sums retained; blanks never text-normalized or punctuation-stripped; material threshold 1 GWh/year for freeze review.
2022,Geotermoelettrico,Marche,Pesaro E Urbino,1,0,1,true,0,0,0,NO_REPORTED_CAPACITY,false,Reported-value sums retained; blanks never text-normalized or punctuation-stripped; material threshold 1 GWh/year for freeze review.
2022,Geotermoelettrico,Molise,Campobasso,1,0,1,true,0,0,0,NO_REPORTED_CAPACITY,false,Reported-value sums retained; blanks never text-normalized or punctuation-stripped; material threshold 1 GWh/year for freeze review.
2022,Geotermoelettrico,Molise,Isernia,1,0,1,true,0,0,0,NO_REPORTED_CAPACITY,false,Reported-value sums retained; blanks never text-normalized or punctuation-stripped; material threshold 1 GWh/year for freeze review.
2022,Geotermoelettrico,Piemonte,Alessandria,1,0,1,true,0,0,0,NO_REPORTED_CAPACITY,false,Reported-value sums retained; blanks never text-normalized or punctuation-stripped; material threshold 1 GWh/year for freeze review.
2022,Geotermoelettrico,Piemonte,Asti,1,0,1,true,0,0,0,NO_REPORTED_CAPACITY,false,Reported-value sums retained; blanks never text-normalized or punctuation-stripped; material threshold 1 GWh/year for freeze review.
2022,Geotermoelettrico,Piemonte,Biella,1,0,1,true,0,0,0,NO_REPORTED_CAPACITY,false,Reported-value sums retained; blanks never text-normalized or punctuation-stripped; material threshold 1 GWh/year for freeze review.
2022,Geotermoelettrico,Piemonte,Cuneo,1,0,1,true,0,0,0,NO_REPORTED_CAPACITY,false,Reported-value sums retained; blanks never text-normalized or punctuation-stripped; material threshold 1 GWh/year for freeze review.
2022,Geotermoelettrico,Piemonte,Novara,1,0,1,true,0,0,0,NO_REPORTED_CAPACITY,false,Reported-value sums retained; blanks never text-normalized or punctuation-stripped; material threshold 1 GWh/year for freeze review.
2022,Eolico,Piemonte,Novara,1,0,1,true,0,0,0,NO_REPORTED_CAPACITY,false,Reported-value sums retained; blanks never text-normalized or punctuation-stripped; material threshold 1 GWh/year for freeze review.
2022,Geotermoelettrico,Piemonte,Torino,2,0,2,true,0,0,0,NO_REPORTED_CAPACITY,false,Reported-value sums retained; blanks never text-normalized or punctuation-stripped; material threshold 1 GWh/year for freeze review.
2022,Idrico,Piemonte,Torino,2,1,1,true,0,1104.2946,1512,MIXED_VISIBLE_GRAIN: BLANK HIDDEN RECORDS = NO ADDITIONAL REPORTED CAPACITY,false,Reported-value sums retained; blanks never text-normalized or punctuation-stripped; material threshold 1 GWh/year for freeze review.
2022,Fotovoltaico,Piemonte,Torino,2,1,1,true,0,555.086,548.8,MIXED_VISIBLE_GRAIN: BLANK HIDDEN RECORDS = NO ADDITIONAL REPORTED CAPACITY,false,Reported-value sums retained; blanks never text-normalized or punctuation-stripped; material threshold 1 GWh/year for freeze review.
2022,Geotermoelettrico,Piemonte,Verbano-Cusio-Ossola,1,0,1,true,0,0,0,NO_REPORTED_CAPACITY,false,Reported-value sums retained; blanks never text-normalized or punctuation-stripped; material threshold 1 GWh/year for freeze review.
2022,Eolico,Piemonte,Verbano-Cusio-Ossola,1,0,1,true,0,0,0,NO_REPORTED_CAPACITY,false,Reported-value sums retained; blanks never text-normalized or punctuation-stripped; material threshold 1 GWh/year for freeze review.
2022,Geotermoelettrico,Piemonte,Vercelli,1,0,1,true,0,0,0,NO_REPORTED_CAPACITY,false,Reported-value sums retained; blanks never text-normalized or punctuation-stripped; material threshold 1 GWh/year for freeze review.
2022,Eolico,Piemonte,Vercelli,1,0,1,true,0,0,0,NO_REPORTED_CAPACITY,false,Reported-value sums retained; blanks never text-normalized or punctuation-stripped; material threshold 1 GWh/year for freeze review.
2022,Geotermoelettrico,Puglia,Bari,1,0,1,true,0,0,0,NO_REPORTED_CAPACITY,false,Reported-value sums retained; blanks never text-normalized or punctuation-stripped; material threshold 1 GWh/year for freeze review.
2022,Geotermoelettrico,Puglia,Barletta-Andria-Trani,1,0,1,true,0,0,0,NO_REPORTED_CAPACITY,false,Reported-value sums retained; blanks never text-normalized or punctuation-stripped; material threshold 1 GWh/year for freeze review.
2022,Geotermoelettrico,Puglia,Brindisi,1,0,1,true,0,0,0,NO_REPORTED_CAPACITY,false,Reported-value sums retained; blanks never text-normalized or punctuation-stripped; material threshold 1 GWh/year for freeze review.
2022,Geotermoelettrico,Puglia,Foggia,1,0,1,true,0,0,0,NO_REPORTED_CAPACITY,false,Reported-value sums retained; blanks never text-normalized or punctuation-stripped; material threshold 1 GWh/year for freeze review.
2022,Idrico,Puglia,Foggia,1,0,1,true,0,0,0,NO_REPORTED_CAPACITY,false,Reported-value sums retained; blanks never text-normalized or punctuation-stripped; material threshold 1 GWh/year for freeze review.
2022,Idrico,Puglia,Lecce,1,0,1,true,0,0,0,NO_REPORTED_CAPACITY,false,Reported-value sums retained; blanks never text-normalized or punctuation-stripped; material threshold 1 GWh/year for freeze review.
2022,Geotermoelettrico,Puglia,Lecce,1,0,1,true,0,0,0,NO_REPORTED_CAPACITY,false,Reported-value sums retained; blanks never text-normalized or punctuation-stripped; material threshold 1 GWh/year for freeze review.
2022,Geotermoelettrico,Puglia,Taranto,3,0,3,true,0,0,0,NO_REPORTED_CAPACITY,false,Reported-value sums retained; blanks never text-normalized or punctuation-stripped; material threshold 1 GWh/year for freeze review.
2022,Fotovoltaico,Puglia,Taranto,3,1,2,true,0,394.903,525.3,MIXED_VISIBLE_GRAIN: BLANK HIDDEN RECORDS = NO ADDITIONAL REPORTED CAPACITY,false,Reported-value sums retained; blanks never text-normalized or punctuation-stripped; material threshold 1 GWh/year for freeze review.
2022,Idrico,Puglia,Taranto,3,1,2,true,0,0.898,2.2,MIXED_VISIBLE_GRAIN: BLANK HIDDEN RECORDS = NO ADDITIONAL REPORTED CAPACITY,false,Reported-value sums retained; blanks never text-normalized or punctuation-stripped; material threshold 1 GWh/year for freeze review.
2022,Geotermoelettrico,Sardegna,Cagliari,1,0,1,true,0,0,0,NO_REPORTED_CAPACITY,false,Reported-value sums retained; blanks never text-normalized or punctuation-stripped; material threshold 1 GWh/year for freeze review.
2022,Geotermoelettrico,Sardegna,Nuoro,1,0,1,true,0,0,0,NO_REPORTED_CAPACITY,false,Reported-value sums retained; blanks never text-normalized or punctuation-stripped; material threshold 1 GWh/year for freeze review.
2022,Geotermoelettrico,Sardegna,Oristano,1,0,1,true,0,0,0,NO_REPORTED_CAPACITY,false,Reported-value sums retained; blanks never text-normalized or punctuation-stripped; material threshold 1 GWh/year for freeze review.
2022,Geotermoelettrico,Sardegna,Sassari,1,0,1,true,0,0,0,NO_REPORTED_CAPACITY,false,Reported-value sums retained; blanks never text-normalized or punctuation-stripped; material threshold 1 GWh/year for freeze review.
2022,Geotermoelettrico,Sardegna,Sud Sardegna,1,0,1,true,0,0,0,NO_REPORTED_CAPACITY,false,Reported-value sums retained; blanks never text-normalized or punctuation-stripped; material threshold 1 GWh/year for freeze review.
2022,Geotermoelettrico,Sicilia,Agrigento,1,0,1,true,0,0,0,NO_REPORTED_CAPACITY,false,Reported-value sums retained; blanks never text-normalized or punctuation-stripped; material threshold 1 GWh/year for freeze review.
2022,Geotermoelettrico,Sicilia,Caltanissetta,1,0,1,true,0,0,0,NO_REPORTED_CAPACITY,false,Reported-value sums retained; blanks never text-normalized or punctuation-stripped; material threshold 1 GWh/year for freeze review.
2022,Geotermoelettrico,Sicilia,Catania,1,0,1,true,0,0,0,NO_REPORTED_CAPACITY,false,Reported-value sums retained; blanks never text-normalized or punctuation-stripped; material threshold 1 GWh/year for freeze review.
2022,Geotermoelettrico,Sicilia,Enna,1,0,1,true,0,0,0,NO_REPORTED_CAPACITY,false,Reported-value sums retained; blanks never text-normalized or punctuation-stripped; material threshold 1 GWh/year for freeze review.
2022,Geotermoelettrico,Sicilia,Messina,1,0,1,true,0,0,0,NO_REPORTED_CAPACITY,false,Reported-value sums retained; blanks never text-normalized or punctuation-stripped; material threshold 1 GWh/year for freeze review.
2022,Geotermoelettrico,Sicilia,Palermo,1,0,1,true,0,0,0,NO_REPORTED_CAPACITY,false,Reported-value sums retained; blanks never text-normalized or punctuation-stripped; material threshold 1 GWh/year for freeze review.
2022,Idrico,Sicilia,Ragusa,1,0,1,true,0,0,0,NO_REPORTED_CAPACITY,false,Reported-value sums retained; blanks never text-normalized or punctuation-stripped; material threshold 1 GWh/year for freeze review.
2022,Geotermoelettrico,Sicilia,Ragusa,1,0,1,true,0,0,0,NO_REPORTED_CAPACITY,false,Reported-value sums retained; blanks never text-normalized or punctuation-stripped; material threshold 1 GWh/year for freeze review.
2022,Geotermoelettrico,Sicilia,Siracusa,1,0,1,true,0,0,0,NO_REPORTED_CAPACITY,false,Reported-value sums retained; blanks never text-normalized or punctuation-stripped; material threshold 1 GWh/year for freeze review.
2022,Geotermoelettrico,Sicilia,Trapani,1,0,1,true,0,0,0,NO_REPORTED_CAPACITY,false,Reported-value sums retained; blanks never text-normalized or punctuation-stripped; material threshold 1 GWh/year for freeze review.
2022,Geotermoelettrico,Toscana,Arezzo,1,0,1,true,0,0,0,NO_REPORTED_CAPACITY,false,Reported-value sums retained; blanks never text-normalized or punctuation-stripped; material threshold 1 GWh/year for freeze review.
2022,Geotermoelettrico,Toscana,Firenze,1,0,1,true,0,0,0,NO_REPORTED_CAPACITY,false,Reported-value sums retained; blanks never text-normalized or punctuation-stripped; material threshold 1 GWh/year for freeze review.
2022,Idrico,Toscana,Livorno,1,0,1,true,0,0,0,NO_REPORTED_CAPACITY,false,Reported-value sums retained; blanks never text-normalized or punctuation-stripped; material threshold 1 GWh/year for freeze review.
2022,Geotermoelettrico,Toscana,Livorno,1,0,1,true,0,0,0,NO_REPORTED_CAPACITY,false,Reported-value sums retained; blanks never text-normalized or punctuation-stripped; material threshold 1 GWh/year for freeze review.
2022,Geotermoelettrico,Toscana,Lucca,1,0,1,true,0,0,0,NO_REPORTED_CAPACITY,false,Reported-value sums retained; blanks never text-normalized or punctuation-stripped; material threshold 1 GWh/year for freeze review.
2022,Geotermoelettrico,Toscana,Massa-Carrara,1,0,1,true,0,0,0,NO_REPORTED_CAPACITY,false,Reported-value sums retained; blanks never text-normalized or punctuation-stripped; material threshold 1 GWh/year for freeze review.
2022,Geotermoelettrico,Toscana,Pistoia,1,0,1,true,0,0,0,NO_REPORTED_CAPACITY,false,Reported-value sums retained; blanks never text-normalized or punctuation-stripped; material threshold 1 GWh/year for freeze review.
2022,Geotermoelettrico,Toscana,Prato,1,0,1,true,0,0,0,NO_REPORTED_CAPACITY,false,Reported-value sums retained; blanks never text-normalized or punctuation-stripped; material threshold 1 GWh/year for freeze review.
2022,Geotermoelettrico,Trentino-Alto Adige,Bolzano/Bozen,1,0,1,true,0,0,0,NO_REPORTED_CAPACITY,false,Reported-value sums retained; blanks never text-normalized or punctuation-stripped; material threshold 1 GWh/year for freeze review.
2022,Idrico,Trentino-Alto Adige,Trento,3,1,2,true,0,1618.6124,2025.9,MIXED_VISIBLE_GRAIN: BLANK HIDDEN RECORDS = NO ADDITIONAL REPORTED CAPACITY,false,Reported-value sums retained; blanks never text-normalized or punctuation-stripped; material threshold 1 GWh/year for freeze review.
2022,Fotovoltaico,Trentino-Alto Adige,Trento,3,1,2,true,0,237.491,227.8,MIXED_VISIBLE_GRAIN: BLANK HIDDEN RECORDS = NO ADDITIONAL REPORTED CAPACITY,false,Reported-value sums retained; blanks never text-normalized or punctuation-stripped; material threshold 1 GWh/year for freeze review.
2022,Geotermoelettrico,Trentino-Alto Adige,Trento,3,0,3,true,0,0,0,NO_REPORTED_CAPACITY,false,Reported-value sums retained; blanks never text-normalized or punctuation-stripped; material threshold 1 GWh/year for freeze review.
2022,Geotermoelettrico,Umbria,Perugia,1,0,1,true,0,0,0,NO_REPORTED_CAPACITY,false,Reported-value sums retained; blanks never text-normalized or punctuation-stripped; material threshold 1 GWh/year for freeze review.
2022,Geotermoelettrico,Umbria,Terni,1,0,1,true,0,0,0,NO_REPORTED_CAPACITY,false,Reported-value sums retained; blanks never text-normalized or punctuation-stripped; material threshold 1 GWh/year for freeze review.
2022,Geotermoelettrico,Valle D'Aosta,Aosta,1,0,1,true,0,0,0,NO_REPORTED_CAPACITY,false,Reported-value sums retained; blanks never text-normalized or punctuation-stripped; material threshold 1 GWh/year for freeze review.
2022,Eolico,Veneto,Belluno,1,0,1,true,0,0,0,NO_REPORTED_CAPACITY,false,Reported-value sums retained; blanks never text-normalized or punctuation-stripped; material threshold 1 GWh/year for freeze review.
2022,Geotermoelettrico,Veneto,Belluno,1,0,1,true,0,0,0,NO_REPORTED_CAPACITY,false,Reported-value sums retained; blanks never text-normalized or punctuation-stripped; material threshold 1 GWh/year for freeze review.
2022,Idrico,Veneto,Padova,2,1,1,true,0,5.9336,7.5,MIXED_VISIBLE_GRAIN: BLANK HIDDEN RECORDS = NO ADDITIONAL REPORTED CAPACITY,false,Reported-value sums retained; blanks never text-normalized or punctuation-stripped; material threshold 1 GWh/year for freeze review.
2022,Fotovoltaico,Veneto,Padova,2,1,1,true,0,460.901,448.6,MIXED_VISIBLE_GRAIN: BLANK HIDDEN RECORDS = NO ADDITIONAL REPORTED CAPACITY,false,Reported-value sums retained; blanks never text-normalized or punctuation-stripped; material threshold 1 GWh/year for freeze review.
2022,Geotermoelettrico,Veneto,Padova,2,0,2,true,0,0,0,NO_REPORTED_CAPACITY,false,Reported-value sums retained; blanks never text-normalized or punctuation-stripped; material threshold 1 GWh/year for freeze review.
2022,Eolico,Veneto,Rovigo,1,0,1,true,0,0,0,NO_REPORTED_CAPACITY,false,Reported-value sums retained; blanks never text-normalized or punctuation-stripped; material threshold 1 GWh/year for freeze review.
2022,Geotermoelettrico,Veneto,Rovigo,1,0,1,true,0,0,0,NO_REPORTED_CAPACITY,false,Reported-value sums retained; blanks never text-normalized or punctuation-stripped; material threshold 1 GWh/year for freeze review.
2022,Idrico,Veneto,Treviso,2,1,1,true,0,346.2602,508.8,MIXED_VISIBLE_GRAIN: BLANK HIDDEN RECORDS = NO ADDITIONAL REPORTED CAPACITY,false,Reported-value sums retained; blanks never text-normalized or punctuation-stripped; material threshold 1 GWh/year for freeze review.
2022,Geotermoelettrico,Veneto,Treviso,2,0,2,true,0,0,0,NO_REPORTED_CAPACITY,false,Reported-value sums retained; blanks never text-normalized or punctuation-stripped; material threshold 1 GWh/year for freeze review.
2022,Fotovoltaico,Veneto,Treviso,2,1,1,true,0,465.666,455.7,MIXED_VISIBLE_GRAIN: BLANK HIDDEN RECORDS = NO ADDITIONAL REPORTED CAPACITY,false,Reported-value sums retained; blanks never text-normalized or punctuation-stripped; material threshold 1 GWh/year for freeze review.
2022,Eolico,Veneto,Treviso,1,0,1,true,0,0,0,NO_REPORTED_CAPACITY,false,Reported-value sums retained; blanks never text-normalized or punctuation-stripped; material threshold 1 GWh/year for freeze review.
2022,Geotermoelettrico,Veneto,Venezia,1,0,1,true,0,0,0,NO_REPORTED_CAPACITY,false,Reported-value sums retained; blanks never text-normalized or punctuation-stripped; material threshold 1 GWh/year for freeze review.
2022,Geotermoelettrico,Veneto,Verona,1,0,1,true,0,0,0,NO_REPORTED_CAPACITY,false,Reported-value sums retained; blanks never text-normalized or punctuation-stripped; material threshold 1 GWh/year for freeze review.
2022,Geotermoelettrico,Veneto,Vicenza,1,0,1,true,0,0,0,NO_REPORTED_CAPACITY,false,Reported-value sums retained; blanks never text-normalized or punctuation-stripped; material threshold 1 GWh/year for freeze review.
2023,Geotermoelettrico,Abruzzo,Chieti,1,0,1,true,0,0,0,NO_REPORTED_CAPACITY,false,Reported-value sums retained; blanks never text-normalized or punctuation-stripped; material threshold 1 GWh/year for freeze review.
2023,Geotermoelettrico,Abruzzo,L'Aquila,1,0,1,true,0,0,0,NO_REPORTED_CAPACITY,false,Reported-value sums retained; blanks never text-normalized or punctuation-stripped; material threshold 1 GWh/year for freeze review.
2023,Geotermoelettrico,Abruzzo,Pescara,1,0,1,true,0,0,0,NO_REPORTED_CAPACITY,false,Reported-value sums retained; blanks never text-normalized or punctuation-stripped; material threshold 1 GWh/year for freeze review.
2023,Eolico,Abruzzo,Teramo,1,0,1,true,0,0,0,NO_REPORTED_CAPACITY,false,Reported-value sums retained; blanks never text-normalized or punctuation-stripped; material threshold 1 GWh/year for freeze review.
2023,Geotermoelettrico,Abruzzo,Teramo,1,0,1,true,0,0,0,NO_REPORTED_CAPACITY,false,Reported-value sums retained; blanks never text-normalized or punctuation-stripped; material threshold 1 GWh/year for freeze review.
2023,Geotermoelettrico,Basilicata,Matera,1,0,1,true,0,0,0,NO_REPORTED_CAPACITY,false,Reported-value sums retained; blanks never text-normalized or punctuation-stripped; material threshold 1 GWh/year for freeze review.
2023,Geotermoelettrico,Basilicata,Potenza,1,0,1,true,0,0,0,NO_REPORTED_CAPACITY,false,Reported-value sums retained; blanks never text-normalized or punctuation-stripped; material threshold 1 GWh/year for freeze review.
2023,Geotermoelettrico,Calabria,Catanzaro,1,0,1,true,0,0,0,NO_REPORTED_CAPACITY,false,Reported-value sums retained; blanks never text-normalized or punctuation-stripped; material threshold 1 GWh/year for freeze review.
2023,Geotermoelettrico,Calabria,Cosenza,1,0,1,true,0,0,0,NO_REPORTED_CAPACITY,false,Reported-value sums retained; blanks never text-normalized or punctuation-stripped; material threshold 1 GWh/year for freeze review.
2023,Geotermoelettrico,Calabria,Crotone,1,0,1,true,0,0,0,NO_REPORTED_CAPACITY,false,Reported-value sums retained; blanks never text-normalized or punctuation-stripped; material threshold 1 GWh/year for freeze review.
2023,Geotermoelettrico,Calabria,Reggio Di Calabria,1,0,1,true,0,0,0,NO_REPORTED_CAPACITY,false,Reported-value sums retained; blanks never text-normalized or punctuation-stripped; material threshold 1 GWh/year for freeze review.
2023,Geotermoelettrico,Calabria,Vibo Valentia,1,0,1,true,0,0,0,NO_REPORTED_CAPACITY,false,Reported-value sums retained; blanks never text-normalized or punctuation-stripped; material threshold 1 GWh/year for freeze review.
2023,Geotermoelettrico,Campania,Avellino,1,0,1,true,0,0,0,NO_REPORTED_CAPACITY,false,Reported-value sums retained; blanks never text-normalized or punctuation-stripped; material threshold 1 GWh/year for freeze review.
2023,Geotermoelettrico,Campania,Benevento,1,0,1,true,0,0,0,NO_REPORTED_CAPACITY,false,Reported-value sums retained; blanks never text-normalized or punctuation-stripped; material threshold 1 GWh/year for freeze review.
2023,Geotermoelettrico,Campania,Caserta,1,0,1,true,0,0,0,NO_REPORTED_CAPACITY,false,Reported-value sums retained; blanks never text-normalized or punctuation-stripped; material threshold 1 GWh/year for freeze review.
2023,Geotermoelettrico,Campania,Napoli,1,0,1,true,0,0,0,NO_REPORTED_CAPACITY,false,Reported-value sums retained; blanks never text-normalized or punctuation-stripped; material threshold 1 GWh/year for freeze review.
2023,Idrico,Campania,Napoli,1,0,1,true,0,0,0,NO_REPORTED_CAPACITY,false,Reported-value sums retained; blanks never text-normalized or punctuation-stripped; material threshold 1 GWh/year for freeze review.
2023,Eolico,Campania,Napoli,1,0,1,true,0,0,0,NO_REPORTED_CAPACITY,false,Reported-value sums retained; blanks never text-normalized or punctuation-stripped; material threshold 1 GWh/year for freeze review.
2023,Geotermoelettrico,Campania,Salerno,1,0,1,true,0,0,0,NO_REPORTED_CAPACITY,false,Reported-value sums retained; blanks never text-normalized or punctuation-stripped; material threshold 1 GWh/year for freeze review.
2023,Geotermoelettrico,Emilia-Romagna,Bologna,1,0,1,true,0,0,0,NO_REPORTED_CAPACITY,false,Reported-value sums retained; blanks never text-normalized or punctuation-stripped; material threshold 1 GWh/year for freeze review.
2023,Eolico,Emilia-Romagna,Ferrara,1,0,1,true,0,0,0,NO_REPORTED_CAPACITY,false,Reported-value sums retained; blanks never text-normalized or punctuation-stripped; material threshold 1 GWh/year for freeze review.
2023,Geotermoelettrico,Emilia-Romagna,Ferrara,1,0,1,true,0,0,0,NO_REPORTED_CAPACITY,false,Reported-value sums retained; blanks never text-normalized or punctuation-stripped; material threshold 1 GWh/year for freeze review.
2023,Geotermoelettrico,Emilia-Romagna,Forlì-Cesena,1,0,1,true,0,0,0,NO_REPORTED_CAPACITY,false,Reported-value sums retained; blanks never text-normalized or punctuation-stripped; material threshold 1 GWh/year for freeze review.
2023,Geotermoelettrico,Emilia-Romagna,Modena,2,0,2,true,0,0,0,NO_REPORTED_CAPACITY,false,Reported-value sums retained; blanks never text-normalized or punctuation-stripped; material threshold 1 GWh/year for freeze review.
2023,Fotovoltaico,Emilia-Romagna,Modena,2,1,1,true,0,430.806,386.0607,MIXED_VISIBLE_GRAIN: BLANK HIDDEN RECORDS = NO ADDITIONAL REPORTED CAPACITY,false,Reported-value sums retained; blanks never text-normalized or punctuation-stripped; material threshold 1 GWh/year for freeze review.
2023,Idrico,Emilia-Romagna,Modena,2,1,1,true,0,68.7928,135.11392,MIXED_VISIBLE_GRAIN: BLANK HIDDEN RECORDS = NO ADDITIONAL REPORTED CAPACITY,false,Reported-value sums retained; blanks never text-normalized or punctuation-stripped; material threshold 1 GWh/year for freeze review.
2023,Geotermoelettrico,Emilia-Romagna,Parma,1,0,1,true,0,0,0,NO_REPORTED_CAPACITY,false,Reported-value sums retained; blanks never text-normalized or punctuation-stripped; material threshold 1 GWh/year for freeze review.
2023,Geotermoelettrico,Emilia-Romagna,Piacenza,1,0,1,true,0,0,0,NO_REPORTED_CAPACITY,false,Reported-value sums retained; blanks never text-normalized or punctuation-stripped; material threshold 1 GWh/year for freeze review.
2023,Geotermoelettrico,Emilia-Romagna,Ravenna,1,0,1,true,0,0,0,NO_REPORTED_CAPACITY,false,Reported-value sums retained; blanks never text-normalized or punctuation-stripped; material threshold 1 GWh/year for freeze review.
2023,Geotermoelettrico,Emilia-Romagna,Reggio Nell'Emilia,1,0,1,true,0,0,0,NO_REPORTED_CAPACITY,false,Reported-value sums retained; blanks never text-normalized or punctuation-stripped; material threshold 1 GWh/year for freeze review.
2023,Geotermoelettrico,Emilia-Romagna,Rimini,1,0,1,true,0,0,0,NO_REPORTED_CAPACITY,false,Reported-value sums retained; blanks never text-normalized or punctuation-stripped; material threshold 1 GWh/year for freeze review.
2023,Eolico,Friuli-Venezia Giulia,Gorizia,1,0,1,true,0,0,0,NO_REPORTED_CAPACITY,false,Reported-value sums retained; blanks never text-normalized or punctuation-stripped; material threshold 1 GWh/year for freeze review.
2023,Geotermoelettrico,Friuli-Venezia Giulia,Gorizia,1,0,1,true,0,0,0,NO_REPORTED_CAPACITY,false,Reported-value sums retained; blanks never text-normalized or punctuation-stripped; material threshold 1 GWh/year for freeze review.
2023,Geotermoelettrico,Friuli-Venezia Giulia,Pordenone,1,0,1,true,0,0,0,NO_REPORTED_CAPACITY,false,Reported-value sums retained; blanks never text-normalized or punctuation-stripped; material threshold 1 GWh/year for freeze review.
2023,Eolico,Friuli-Venezia Giulia,Pordenone,1,0,1,true,0,0,0,NO_REPORTED_CAPACITY,false,Reported-value sums retained; blanks never text-normalized or punctuation-stripped; material threshold 1 GWh/year for freeze review.
2023,Eolico,Friuli-Venezia Giulia,Trieste,1,0,1,true,0,0,0,NO_REPORTED_CAPACITY,false,Reported-value sums retained; blanks never text-normalized or punctuation-stripped; material threshold 1 GWh/year for freeze review.
2023,Geotermoelettrico,Friuli-Venezia Giulia,Trieste,1,0,1,true,0,0,0,NO_REPORTED_CAPACITY,false,Reported-value sums retained; blanks never text-normalized or punctuation-stripped; material threshold 1 GWh/year for freeze review.
2023,Idrico,Friuli-Venezia Giulia,Trieste,1,0,1,true,0,0,0,NO_REPORTED_CAPACITY,false,Reported-value sums retained; blanks never text-normalized or punctuation-stripped; material threshold 1 GWh/year for freeze review.
2023,Idrico,Friuli-Venezia Giulia,Udine,2,1,1,true,0,322.0953,845.1558,MIXED_VISIBLE_GRAIN: BLANK HIDDEN RECORDS = NO ADDITIONAL REPORTED CAPACITY,false,Reported-value sums retained; blanks never text-normalized or punctuation-stripped; material threshold 1 GWh/year for freeze review.
2023,Geotermoelettrico,Friuli-Venezia Giulia,Udine,2,0,2,true,0,0,0,NO_REPORTED_CAPACITY,false,Reported-value sums retained; blanks never text-normalized or punctuation-stripped; material threshold 1 GWh/year for freeze review.
2023,Fotovoltaico,Friuli-Venezia Giulia,Udine,2,1,1,true,0,486.049,414.92258,MIXED_VISIBLE_GRAIN: BLANK HIDDEN RECORDS = NO ADDITIONAL REPORTED CAPACITY,false,Reported-value sums retained; blanks never text-normalized or punctuation-stripped; material threshold 1 GWh/year for freeze review.
2023,Eolico,Friuli-Venezia Giulia,Udine,1,0,1,true,0,0,0.002192,CONTROLLED RESIDUAL - NON-MATERIAL: ALL-BLANK CAPACITY WITH IMMATERIAL POSITIVE GENERATION,false,Reported-value sums retained; blanks never text-normalized or punctuation-stripped; material threshold 1 GWh/year for freeze review.
2023,Geotermoelettrico,Lazio,Frosinone,1,0,1,true,0,0,0,NO_REPORTED_CAPACITY,false,Reported-value sums retained; blanks never text-normalized or punctuation-stripped; material threshold 1 GWh/year for freeze review.
2023,Geotermoelettrico,Lazio,Latina,1,0,1,true,0,0,0,NO_REPORTED_CAPACITY,false,Reported-value sums retained; blanks never text-normalized or punctuation-stripped; material threshold 1 GWh/year for freeze review.
2023,Eolico,Lazio,Rieti,1,0,1,true,0,0,0,NO_REPORTED_CAPACITY,false,Reported-value sums retained; blanks never text-normalized or punctuation-stripped; material threshold 1 GWh/year for freeze review.
2023,Geotermoelettrico,Lazio,Rieti,1,0,1,true,0,0,0,NO_REPORTED_CAPACITY,false,Reported-value sums retained; blanks never text-normalized or punctuation-stripped; material threshold 1 GWh/year for freeze review.
2023,Eolico,Lazio,Roma,1,0,1,true,0,0,0.006441,CONTROLLED RESIDUAL - NON-MATERIAL: ALL-BLANK CAPACITY WITH IMMATERIAL POSITIVE GENERATION,false,Reported-value sums retained; blanks never text-normalized or punctuation-stripped; material threshold 1 GWh/year for freeze review.
2023,Geotermoelettrico,Lazio,Roma,1,0,1,true,0,0,0,NO_REPORTED_CAPACITY,false,Reported-value sums retained; blanks never text-normalized or punctuation-stripped; material threshold 1 GWh/year for freeze review.
2023,Geotermoelettrico,Lazio,Viterbo,1,0,1,true,0,0,0,NO_REPORTED_CAPACITY,false,Reported-value sums retained; blanks never text-normalized or punctuation-stripped; material threshold 1 GWh/year for freeze review.
2023,Geotermoelettrico,Liguria,Genova,1,0,1,true,0,0,0,NO_REPORTED_CAPACITY,false,Reported-value sums retained; blanks never text-normalized or punctuation-stripped; material threshold 1 GWh/year for freeze review.
2023,Geotermoelettrico,Liguria,Imperia,1,0,1,true,0,0,0,NO_REPORTED_CAPACITY,false,Reported-value sums retained; blanks never text-normalized or punctuation-stripped; material threshold 1 GWh/year for freeze review.
2023,Geotermoelettrico,Liguria,La Spezia,1,0,1,true,0,0,0,NO_REPORTED_CAPACITY,false,Reported-value sums retained; blanks never text-normalized or punctuation-stripped; material threshold 1 GWh/year for freeze review.
2023,Geotermoelettrico,Liguria,Savona,1,0,1,true,0,0,0,NO_REPORTED_CAPACITY,false,Reported-value sums retained; blanks never text-normalized or punctuation-stripped; material threshold 1 GWh/year for freeze review.
2023,Eolico,Lombardia,Bergamo,1,0,1,true,0,0,0.000678,CONTROLLED RESIDUAL - NON-MATERIAL: ALL-BLANK CAPACITY WITH IMMATERIAL POSITIVE GENERATION,false,Reported-value sums retained; blanks never text-normalized or punctuation-stripped; material threshold 1 GWh/year for freeze review.
2023,Geotermoelettrico,Lombardia,Bergamo,1,0,1,true,0,0,0,NO_REPORTED_CAPACITY,false,Reported-value sums retained; blanks never text-normalized or punctuation-stripped; material threshold 1 GWh/year for freeze review.
2023,Fotovoltaico,Lombardia,Brescia,2,1,1,true,0,882.759,728.4666,MIXED_VISIBLE_GRAIN: BLANK HIDDEN RECORDS = NO ADDITIONAL REPORTED CAPACITY,false,Reported-value sums retained; blanks never text-normalized or punctuation-stripped; material threshold 1 GWh/year for freeze review.
2023,Idrico,Lombardia,Brescia,2,1,1,true,0,2235.7412,2135.837,MIXED_VISIBLE_GRAIN: BLANK HIDDEN RECORDS = NO ADDITIONAL REPORTED CAPACITY,false,Reported-value sums retained; blanks never text-normalized or punctuation-stripped; material threshold 1 GWh/year for freeze review.
2023,Eolico,Lombardia,Brescia,1,0,1,true,0,0,0.000232,CONTROLLED RESIDUAL - NON-MATERIAL: ALL-BLANK CAPACITY WITH IMMATERIAL POSITIVE GENERATION,false,Reported-value sums retained; blanks never text-normalized or punctuation-stripped; material threshold 1 GWh/year for freeze review.
2023,Geotermoelettrico,Lombardia,Brescia,2,0,2,true,0,0,0,NO_REPORTED_CAPACITY,false,Reported-value sums retained; blanks never text-normalized or punctuation-stripped; material threshold 1 GWh/year for freeze review.
2023,Geotermoelettrico,Lombardia,Como,1,0,1,true,0,0,0,NO_REPORTED_CAPACITY,false,Reported-value sums retained; blanks never text-normalized or punctuation-stripped; material threshold 1 GWh/year for freeze review.
2023,Eolico,Lombardia,Como,1,0,1,true,0,0,0,NO_REPORTED_CAPACITY,false,Reported-value sums retained; blanks never text-normalized or punctuation-stripped; material threshold 1 GWh/year for freeze review.
2023,Eolico,Lombardia,Cremona,1,0,1,true,0,0,0,NO_REPORTED_CAPACITY,false,Reported-value sums retained; blanks never text-normalized or punctuation-stripped; material threshold 1 GWh/year for freeze review.
2023,Geotermoelettrico,Lombardia,Cremona,1,0,1,true,0,0,0,NO_REPORTED_CAPACITY,false,Reported-value sums retained; blanks never text-normalized or punctuation-stripped; material threshold 1 GWh/year for freeze review.
2023,Eolico,Lombardia,Lecco,1,0,1,true,0,0,0,NO_REPORTED_CAPACITY,false,Reported-value sums retained; blanks never text-normalized or punctuation-stripped; material threshold 1 GWh/year for freeze review.
2023,Geotermoelettrico,Lombardia,Lecco,1,0,1,true,0,0,0,NO_REPORTED_CAPACITY,false,Reported-value sums retained; blanks never text-normalized or punctuation-stripped; material threshold 1 GWh/year for freeze review.
2023,Geotermoelettrico,Lombardia,Lodi,1,0,1,true,0,0,0,NO_REPORTED_CAPACITY,false,Reported-value sums retained; blanks never text-normalized or punctuation-stripped; material threshold 1 GWh/year for freeze review.
2023,Eolico,Lombardia,Lodi,1,0,1,true,0,0,0,NO_REPORTED_CAPACITY,false,Reported-value sums retained; blanks never text-normalized or punctuation-stripped; material threshold 1 GWh/year for freeze review.
2023,Eolico,Lombardia,Mantova,1,0,1,true,0,0,0,NO_REPORTED_CAPACITY,false,Reported-value sums retained; blanks never text-normalized or punctuation-stripped; material threshold 1 GWh/year for freeze review.
2023,Geotermoelettrico,Lombardia,Mantova,1,0,1,true,0,0,0,NO_REPORTED_CAPACITY,false,Reported-value sums retained; blanks never text-normalized or punctuation-stripped; material threshold 1 GWh/year for freeze review.
2023,Geotermoelettrico,Lombardia,Milano,3,0,3,true,0,0,0,NO_REPORTED_CAPACITY,false,Reported-value sums retained; blanks never text-normalized or punctuation-stripped; material threshold 1 GWh/year for freeze review.
2023,Idrico,Lombardia,Milano,3,1,2,true,0,63.4932,213.71576,MIXED_VISIBLE_GRAIN: BLANK HIDDEN RECORDS = NO ADDITIONAL REPORTED CAPACITY,false,Reported-value sums retained; blanks never text-normalized or punctuation-stripped; material threshold 1 GWh/year for freeze review.
2023,Eolico,Lombardia,Milano,1,0,1,true,0,0,0,NO_REPORTED_CAPACITY,false,Reported-value sums retained; blanks never text-normalized or punctuation-stripped; material threshold 1 GWh/year for freeze review.
2023,Fotovoltaico,Lombardia,Milano,3,1,2,true,0,598.943,506.9576,MIXED_VISIBLE_GRAIN: BLANK HIDDEN RECORDS = NO ADDITIONAL REPORTED CAPACITY,false,Reported-value sums retained; blanks never text-normalized or punctuation-stripped; material threshold 1 GWh/year for freeze review.
2023,Geotermoelettrico,Lombardia,Monza e della Brianza,1,0,1,true,0,0,0,NO_REPORTED_CAPACITY,false,Reported-value sums retained; blanks never text-normalized or punctuation-stripped; material threshold 1 GWh/year for freeze review.
2023,Eolico,Lombardia,Monza e della Brianza,1,0,1,true,0,0,0,NO_REPORTED_CAPACITY,false,Reported-value sums retained; blanks never text-normalized or punctuation-stripped; material threshold 1 GWh/year for freeze review.
2023,Geotermoelettrico,Lombardia,Pavia,1,0,1,true,0,0,0,NO_REPORTED_CAPACITY,false,Reported-value sums retained; blanks never text-normalized or punctuation-stripped; material threshold 1 GWh/year for freeze review.
2023,Eolico,Lombardia,Pavia,1,0,1,true,0,0,0.000018,CONTROLLED RESIDUAL - NON-MATERIAL: ALL-BLANK CAPACITY WITH IMMATERIAL POSITIVE GENERATION,false,Reported-value sums retained; blanks never text-normalized or punctuation-stripped; material threshold 1 GWh/year for freeze review.
2023,Eolico,Lombardia,Sondrio,1,0,1,true,0,0,0,NO_REPORTED_CAPACITY,false,Reported-value sums retained; blanks never text-normalized or punctuation-stripped; material threshold 1 GWh/year for freeze review.
2023,Geotermoelettrico,Lombardia,Sondrio,1,0,1,true,0,0,0,NO_REPORTED_CAPACITY,false,Reported-value sums retained; blanks never text-normalized or punctuation-stripped; material threshold 1 GWh/year for freeze review.
2023,Geotermoelettrico,Lombardia,Varese,2,0,2,true,0,0,0,NO_REPORTED_CAPACITY,false,Reported-value sums retained; blanks never text-normalized or punctuation-stripped; material threshold 1 GWh/year for freeze review.
2023,Idrico,Lombardia,Varese,2,1,1,true,0,69.575,256.61432,MIXED_VISIBLE_GRAIN: BLANK HIDDEN RECORDS = NO ADDITIONAL REPORTED CAPACITY,false,Reported-value sums retained; blanks never text-normalized or punctuation-stripped; material threshold 1 GWh/year for freeze review.
2023,Fotovoltaico,Lombardia,Varese,2,1,1,true,0,279.029,233.32777,MIXED_VISIBLE_GRAIN: BLANK HIDDEN RECORDS = NO ADDITIONAL REPORTED CAPACITY,false,Reported-value sums retained; blanks never text-normalized or punctuation-stripped; material threshold 1 GWh/year for freeze review.
2023,Eolico,Lombardia,Varese,1,0,1,true,0,0,0.000941,CONTROLLED RESIDUAL - NON-MATERIAL: ALL-BLANK CAPACITY WITH IMMATERIAL POSITIVE GENERATION,false,Reported-value sums retained; blanks never text-normalized or punctuation-stripped; material threshold 1 GWh/year for freeze review.
2023,Geotermoelettrico,Marche,Ancona,3,0,3,true,0,0,0,NO_REPORTED_CAPACITY,false,Reported-value sums retained; blanks never text-normalized or punctuation-stripped; material threshold 1 GWh/year for freeze review.
2023,Idrico,Marche,Ancona,3,1,2,true,0,10.809,26.436798,MIXED_VISIBLE_GRAIN: BLANK HIDDEN RECORDS = NO ADDITIONAL REPORTED CAPACITY,false,Reported-value sums retained; blanks never text-normalized or punctuation-stripped; material threshold 1 GWh/year for freeze review.
2023,Fotovoltaico,Marche,Ancona,3,1,2,true,0,373.283,394.33246,MIXED_VISIBLE_GRAIN: BLANK HIDDEN RECORDS = NO ADDITIONAL REPORTED CAPACITY,false,Reported-value sums retained; blanks never text-normalized or punctuation-stripped; material threshold 1 GWh/year for freeze review.
2023,Geotermoelettrico,Marche,Ascoli Piceno,1,0,1,true,0,0,0,NO_REPORTED_CAPACITY,false,Reported-value sums retained; blanks never text-normalized or punctuation-stripped; material threshold 1 GWh/year for freeze review.
2023,Eolico,Marche,Ascoli Piceno,1,0,1,true,0,0,0,NO_REPORTED_CAPACITY,false,Reported-value sums retained; blanks never text-normalized or punctuation-stripped; material threshold 1 GWh/year for freeze review.
2023,Eolico,Marche,Fermo,1,0,1,true,0,0,0.001307,CONTROLLED RESIDUAL - NON-MATERIAL: ALL-BLANK CAPACITY WITH IMMATERIAL POSITIVE GENERATION,false,Reported-value sums retained; blanks never text-normalized or punctuation-stripped; material threshold 1 GWh/year for freeze review.
2023,Geotermoelettrico,Marche,Fermo,1,0,1,true,0,0,0,NO_REPORTED_CAPACITY,false,Reported-value sums retained; blanks never text-normalized or punctuation-stripped; material threshold 1 GWh/year for freeze review.
2023,Geotermoelettrico,Marche,Macerata,1,0,1,true,0,0,0,NO_REPORTED_CAPACITY,false,Reported-value sums retained; blanks never text-normalized or punctuation-stripped; material threshold 1 GWh/year for freeze review.
2023,Geotermoelettrico,Marche,Pesaro E Urbino,1,0,1,true,0,0,0,NO_REPORTED_CAPACITY,false,Reported-value sums retained; blanks never text-normalized or punctuation-stripped; material threshold 1 GWh/year for freeze review.
2023,Geotermoelettrico,Molise,Campobasso,1,0,1,true,0,0,0,NO_REPORTED_CAPACITY,false,Reported-value sums retained; blanks never text-normalized or punctuation-stripped; material threshold 1 GWh/year for freeze review.
2023,Geotermoelettrico,Molise,Isernia,1,0,1,true,0,0,0,NO_REPORTED_CAPACITY,false,Reported-value sums retained; blanks never text-normalized or punctuation-stripped; material threshold 1 GWh/year for freeze review.
2023,Eolico,Piemonte,Alessandria,1,0,1,true,0,0,0.009143,CONTROLLED RESIDUAL - NON-MATERIAL: ALL-BLANK CAPACITY WITH IMMATERIAL POSITIVE GENERATION,false,Reported-value sums retained; blanks never text-normalized or punctuation-stripped; material threshold 1 GWh/year for freeze review.
2023,Geotermoelettrico,Piemonte,Alessandria,1,0,1,true,0,0,0,NO_REPORTED_CAPACITY,false,Reported-value sums retained; blanks never text-normalized or punctuation-stripped; material threshold 1 GWh/year for freeze review.
2023,Eolico,Piemonte,Asti,1,0,1,true,0,0,0,NO_REPORTED_CAPACITY,false,Reported-value sums retained; blanks never text-normalized or punctuation-stripped; material threshold 1 GWh/year for freeze review.
2023,Geotermoelettrico,Piemonte,Asti,1,0,1,true,0,0,0,NO_REPORTED_CAPACITY,false,Reported-value sums retained; blanks never text-normalized or punctuation-stripped; material threshold 1 GWh/year for freeze review.
2023,Eolico,Piemonte,Biella,1,0,1,true,0,0,0.002837,CONTROLLED RESIDUAL - NON-MATERIAL: ALL-BLANK CAPACITY WITH IMMATERIAL POSITIVE GENERATION,false,Reported-value sums retained; blanks never text-normalized or punctuation-stripped; material threshold 1 GWh/year for freeze review.
2023,Geotermoelettrico,Piemonte,Biella,1,0,1,true,0,0,0,NO_REPORTED_CAPACITY,false,Reported-value sums retained; blanks never text-normalized or punctuation-stripped; material threshold 1 GWh/year for freeze review.
2023,Geotermoelettrico,Piemonte,Cuneo,1,0,1,true,0,0,0,NO_REPORTED_CAPACITY,false,Reported-value sums retained; blanks never text-normalized or punctuation-stripped; material threshold 1 GWh/year for freeze review.
2023,Geotermoelettrico,Piemonte,Novara,1,0,1,true,0,0,0,NO_REPORTED_CAPACITY,false,Reported-value sums retained; blanks never text-normalized or punctuation-stripped; material threshold 1 GWh/year for freeze review.
2023,Eolico,Piemonte,Novara,1,0,1,true,0,0,0,NO_REPORTED_CAPACITY,false,Reported-value sums retained; blanks never text-normalized or punctuation-stripped; material threshold 1 GWh/year for freeze review.
2023,Geotermoelettrico,Piemonte,Torino,2,0,2,true,0,0,0,NO_REPORTED_CAPACITY,false,Reported-value sums retained; blanks never text-normalized or punctuation-stripped; material threshold 1 GWh/year for freeze review.
2023,Fotovoltaico,Piemonte,Torino,2,1,1,true,0,708.291,642.26483,MIXED_VISIBLE_GRAIN: BLANK HIDDEN RECORDS = NO ADDITIONAL REPORTED CAPACITY,false,Reported-value sums retained; blanks never text-normalized or punctuation-stripped; material threshold 1 GWh/year for freeze review.
2023,Idrico,Piemonte,Torino,2,1,1,true,0,1112.5906,1901.3829,MIXED_VISIBLE_GRAIN: BLANK HIDDEN RECORDS = NO ADDITIONAL REPORTED CAPACITY,false,Reported-value sums retained; blanks never text-normalized or punctuation-stripped; material threshold 1 GWh/year for freeze review.
2023,Eolico,Piemonte,Verbano-Cusio-Ossola,1,0,1,true,0,0,0,NO_REPORTED_CAPACITY,false,Reported-value sums retained; blanks never text-normalized or punctuation-stripped; material threshold 1 GWh/year for freeze review.
2023,Geotermoelettrico,Piemonte,Verbano-Cusio-Ossola,1,0,1,true,0,0,0,NO_REPORTED_CAPACITY,false,Reported-value sums retained; blanks never text-normalized or punctuation-stripped; material threshold 1 GWh/year for freeze review.
2023,Geotermoelettrico,Piemonte,Vercelli,1,0,1,true,0,0,0,NO_REPORTED_CAPACITY,false,Reported-value sums retained; blanks never text-normalized or punctuation-stripped; material threshold 1 GWh/year for freeze review.
2023,Eolico,Piemonte,Vercelli,1,0,1,true,0,0,0,NO_REPORTED_CAPACITY,false,Reported-value sums retained; blanks never text-normalized or punctuation-stripped; material threshold 1 GWh/year for freeze review.
2023,Geotermoelettrico,Puglia,Bari,1,0,1,true,0,0,0,NO_REPORTED_CAPACITY,false,Reported-value sums retained; blanks never text-normalized or punctuation-stripped; material threshold 1 GWh/year for freeze review.
2023,Geotermoelettrico,Puglia,Barletta-Andria-Trani,1,0,1,true,0,0,0,NO_REPORTED_CAPACITY,false,Reported-value sums retained; blanks never text-normalized or punctuation-stripped; material threshold 1 GWh/year for freeze review.
2023,Geotermoelettrico,Puglia,Brindisi,1,0,1,true,0,0,0,NO_REPORTED_CAPACITY,false,Reported-value sums retained; blanks never text-normalized or punctuation-stripped; material threshold 1 GWh/year for freeze review.
2023,Idrico,Puglia,Foggia,1,0,1,true,0,0,0,NO_REPORTED_CAPACITY,false,Reported-value sums retained; blanks never text-normalized or punctuation-stripped; material threshold 1 GWh/year for freeze review.
2023,Geotermoelettrico,Puglia,Foggia,1,0,1,true,0,0,0,NO_REPORTED_CAPACITY,false,Reported-value sums retained; blanks never text-normalized or punctuation-stripped; material threshold 1 GWh/year for freeze review.
2023,Idrico,Puglia,Lecce,1,0,1,true,0,0,0,NO_REPORTED_CAPACITY,false,Reported-value sums retained; blanks never text-normalized or punctuation-stripped; material threshold 1 GWh/year for freeze review.
2023,Geotermoelettrico,Puglia,Lecce,1,0,1,true,0,0,0,NO_REPORTED_CAPACITY,false,Reported-value sums retained; blanks never text-normalized or punctuation-stripped; material threshold 1 GWh/year for freeze review.
2023,Geotermoelettrico,Puglia,Taranto,3,0,3,true,0,0,0,NO_REPORTED_CAPACITY,false,Reported-value sums retained; blanks never text-normalized or punctuation-stripped; material threshold 1 GWh/year for freeze review.
2023,Idrico,Puglia,Taranto,3,1,2,true,0,0.898,2.144778,MIXED_VISIBLE_GRAIN: BLANK HIDDEN RECORDS = NO ADDITIONAL REPORTED CAPACITY,false,Reported-value sums retained; blanks never text-normalized or punctuation-stripped; material threshold 1 GWh/year for freeze review.
2023,Fotovoltaico,Puglia,Taranto,3,1,2,true,0,429.098,521.1119,MIXED_VISIBLE_GRAIN: BLANK HIDDEN RECORDS = NO ADDITIONAL REPORTED CAPACITY,false,Reported-value sums retained; blanks never text-normalized or punctuation-stripped; material threshold 1 GWh/year for freeze review.
2023,Geotermoelettrico,Sardegna,Cagliari,1,0,1,true,0,0,0,NO_REPORTED_CAPACITY,false,Reported-value sums retained; blanks never text-normalized or punctuation-stripped; material threshold 1 GWh/year for freeze review.
2023,Geotermoelettrico,Sardegna,Nuoro,1,0,1,true,0,0,0,NO_REPORTED_CAPACITY,false,Reported-value sums retained; blanks never text-normalized or punctuation-stripped; material threshold 1 GWh/year for freeze review.
2023,Geotermoelettrico,Sardegna,Oristano,1,0,1,true,0,0,0,NO_REPORTED_CAPACITY,false,Reported-value sums retained; blanks never text-normalized or punctuation-stripped; material threshold 1 GWh/year for freeze review.
2023,Geotermoelettrico,Sardegna,Sassari,1,0,1,true,0,0,0,NO_REPORTED_CAPACITY,false,Reported-value sums retained; blanks never text-normalized or punctuation-stripped; material threshold 1 GWh/year for freeze review.
2023,Geotermoelettrico,Sardegna,Sud Sardegna,1,0,1,true,0,0,0,NO_REPORTED_CAPACITY,false,Reported-value sums retained; blanks never text-normalized or punctuation-stripped; material threshold 1 GWh/year for freeze review.
2023,Geotermoelettrico,Sicilia,Agrigento,1,0,1,true,0,0,0,NO_REPORTED_CAPACITY,false,Reported-value sums retained; blanks never text-normalized or punctuation-stripped; material threshold 1 GWh/year for freeze review.
2023,Geotermoelettrico,Sicilia,Caltanissetta,1,0,1,true,0,0,0,NO_REPORTED_CAPACITY,false,Reported-value sums retained; blanks never text-normalized or punctuation-stripped; material threshold 1 GWh/year for freeze review.
2023,Geotermoelettrico,Sicilia,Catania,1,0,1,true,0,0,0,NO_REPORTED_CAPACITY,false,Reported-value sums retained; blanks never text-normalized or punctuation-stripped; material threshold 1 GWh/year for freeze review.
2023,Geotermoelettrico,Sicilia,Enna,1,0,1,true,0,0,0,NO_REPORTED_CAPACITY,false,Reported-value sums retained; blanks never text-normalized or punctuation-stripped; material threshold 1 GWh/year for freeze review.
2023,Geotermoelettrico,Sicilia,Messina,1,0,1,true,0,0,0,NO_REPORTED_CAPACITY,false,Reported-value sums retained; blanks never text-normalized or punctuation-stripped; material threshold 1 GWh/year for freeze review.
2023,Geotermoelettrico,Sicilia,Palermo,1,0,1,true,0,0,0,NO_REPORTED_CAPACITY,false,Reported-value sums retained; blanks never text-normalized or punctuation-stripped; material threshold 1 GWh/year for freeze review.
2023,Geotermoelettrico,Sicilia,Ragusa,1,0,1,true,0,0,0,NO_REPORTED_CAPACITY,false,Reported-value sums retained; blanks never text-normalized or punctuation-stripped; material threshold 1 GWh/year for freeze review.
2023,Idrico,Sicilia,Ragusa,1,0,1,true,0,0,0,NO_REPORTED_CAPACITY,false,Reported-value sums retained; blanks never text-normalized or punctuation-stripped; material threshold 1 GWh/year for freeze review.
2023,Geotermoelettrico,Sicilia,Siracusa,1,0,1,true,0,0,0,NO_REPORTED_CAPACITY,false,Reported-value sums retained; blanks never text-normalized or punctuation-stripped; material threshold 1 GWh/year for freeze review.
2023,Geotermoelettrico,Sicilia,Trapani,1,0,1,true,0,0,0,NO_REPORTED_CAPACITY,false,Reported-value sums retained; blanks never text-normalized or punctuation-stripped; material threshold 1 GWh/year for freeze review.
2023,Bioenergie,Sicilia,Trapani,1,0,1,true,0,0,0,NO_REPORTED_CAPACITY,false,Reported-value sums retained; blanks never text-normalized or punctuation-stripped; material threshold 1 GWh/year for freeze review.
2023,Geotermoelettrico,Toscana,Arezzo,1,0,1,true,0,0,0,NO_REPORTED_CAPACITY,false,Reported-value sums retained; blanks never text-normalized or punctuation-stripped; material threshold 1 GWh/year for freeze review.
2023,Geotermoelettrico,Toscana,Firenze,1,0,1,true,0,0,0,NO_REPORTED_CAPACITY,false,Reported-value sums retained; blanks never text-normalized or punctuation-stripped; material threshold 1 GWh/year for freeze review.
2023,Geotermoelettrico,Toscana,Livorno,1,0,1,true,0,0,0,NO_REPORTED_CAPACITY,false,Reported-value sums retained; blanks never text-normalized or punctuation-stripped; material threshold 1 GWh/year for freeze review.
2023,Idrico,Toscana,Livorno,1,0,1,true,0,0,0,NO_REPORTED_CAPACITY,false,Reported-value sums retained; blanks never text-normalized or punctuation-stripped; material threshold 1 GWh/year for freeze review.
2023,Geotermoelettrico,Toscana,Lucca,1,0,1,true,0,0,0,NO_REPORTED_CAPACITY,false,Reported-value sums retained; blanks never text-normalized or punctuation-stripped; material threshold 1 GWh/year for freeze review.
2023,Eolico,Toscana,Lucca,1,0,1,true,0,0,0,NO_REPORTED_CAPACITY,false,Reported-value sums retained; blanks never text-normalized or punctuation-stripped; material threshold 1 GWh/year for freeze review.
2023,Geotermoelettrico,Toscana,Massa-Carrara,1,0,1,true,0,0,0,NO_REPORTED_CAPACITY,false,Reported-value sums retained; blanks never text-normalized or punctuation-stripped; material threshold 1 GWh/year for freeze review.
2023,Geotermoelettrico,Toscana,Pistoia,1,0,1,true,0,0,0,NO_REPORTED_CAPACITY,false,Reported-value sums retained; blanks never text-normalized or punctuation-stripped; material threshold 1 GWh/year for freeze review.
2023,Geotermoelettrico,Toscana,Prato,1,0,1,true,0,0,0,NO_REPORTED_CAPACITY,false,Reported-value sums retained; blanks never text-normalized or punctuation-stripped; material threshold 1 GWh/year for freeze review.
2023,Eolico,Toscana,Prato,1,0,1,true,0,0,0,NO_REPORTED_CAPACITY,false,Reported-value sums retained; blanks never text-normalized or punctuation-stripped; material threshold 1 GWh/year for freeze review.
2023,Eolico,Toscana,Siena,1,0,1,true,0,0,0.000004,CONTROLLED RESIDUAL - NON-MATERIAL: ALL-BLANK CAPACITY WITH IMMATERIAL POSITIVE GENERATION,false,Reported-value sums retained; blanks never text-normalized or punctuation-stripped; material threshold 1 GWh/year for freeze review.
2023,Geotermoelettrico,Trentino-Alto Adige,Bolzano/Bozen,1,0,1,true,0,0,0,NO_REPORTED_CAPACITY,false,Reported-value sums retained; blanks never text-normalized or punctuation-stripped; material threshold 1 GWh/year for freeze review.
2023,Idrico,Trentino-Alto Adige,Trento,3,1,2,true,0,1618.7954,3217.2417,MIXED_VISIBLE_GRAIN: BLANK HIDDEN RECORDS = NO ADDITIONAL REPORTED CAPACITY,false,Reported-value sums retained; blanks never text-normalized or punctuation-stripped; material threshold 1 GWh/year for freeze review.
2023,Geotermoelettrico,Trentino-Alto Adige,Trento,3,0,3,true,0,0,0,NO_REPORTED_CAPACITY,false,Reported-value sums retained; blanks never text-normalized or punctuation-stripped; material threshold 1 GWh/year for freeze review.
2023,Fotovoltaico,Trentino-Alto Adige,Trento,3,1,2,true,0,305.132,265.36694,MIXED_VISIBLE_GRAIN: BLANK HIDDEN RECORDS = NO ADDITIONAL REPORTED CAPACITY,false,Reported-value sums retained; blanks never text-normalized or punctuation-stripped; material threshold 1 GWh/year for freeze review.
2023,Geotermoelettrico,Umbria,Perugia,1,0,1,true,0,0,0,NO_REPORTED_CAPACITY,false,Reported-value sums retained; blanks never text-normalized or punctuation-stripped; material threshold 1 GWh/year for freeze review.
2023,Geotermoelettrico,Umbria,Terni,1,0,1,true,0,0,0,NO_REPORTED_CAPACITY,false,Reported-value sums retained; blanks never text-normalized or punctuation-stripped; material threshold 1 GWh/year for freeze review.
2023,Geotermoelettrico,Valle D'Aosta,Aosta,1,0,1,true,0,0,0,NO_REPORTED_CAPACITY,false,Reported-value sums retained; blanks never text-normalized or punctuation-stripped; material threshold 1 GWh/year for freeze review.
2023,Geotermoelettrico,Veneto,Belluno,1,0,1,true,0,0,0,NO_REPORTED_CAPACITY,false,Reported-value sums retained; blanks never text-normalized or punctuation-stripped; material threshold 1 GWh/year for freeze review.
2023,Eolico,Veneto,Belluno,1,0,1,true,0,0,0,NO_REPORTED_CAPACITY,false,Reported-value sums retained; blanks never text-normalized or punctuation-stripped; material threshold 1 GWh/year for freeze review.
2023,Idrico,Veneto,Padova,2,1,1,true,0,5.9336,16.095118,MIXED_VISIBLE_GRAIN: BLANK HIDDEN RECORDS = NO ADDITIONAL REPORTED CAPACITY,false,Reported-value sums retained; blanks never text-normalized or punctuation-stripped; material threshold 1 GWh/year for freeze review.
2023,Eolico,Veneto,Padova,1,0,1,true,0,0,0,NO_REPORTED_CAPACITY,false,Reported-value sums retained; blanks never text-normalized or punctuation-stripped; material threshold 1 GWh/year for freeze review.
2023,Geotermoelettrico,Veneto,Padova,2,0,2,true,0,0,0,NO_REPORTED_CAPACITY,false,Reported-value sums retained; blanks never text-normalized or punctuation-stripped; material threshold 1 GWh/year for freeze review.
2023,Fotovoltaico,Veneto,Padova,2,1,1,true,0,616.842,520.7947,MIXED_VISIBLE_GRAIN: BLANK HIDDEN RECORDS = NO ADDITIONAL REPORTED CAPACITY,false,Reported-value sums retained; blanks never text-normalized or punctuation-stripped; material threshold 1 GWh/year for freeze review.
2023,Eolico,Veneto,Rovigo,1,0,1,true,0,0,0,NO_REPORTED_CAPACITY,false,Reported-value sums retained; blanks never text-normalized or punctuation-stripped; material threshold 1 GWh/year for freeze review.
2023,Geotermoelettrico,Veneto,Rovigo,1,0,1,true,0,0,0,NO_REPORTED_CAPACITY,false,Reported-value sums retained; blanks never text-normalized or punctuation-stripped; material threshold 1 GWh/year for freeze review.
2023,Fotovoltaico,Veneto,Treviso,2,1,1,true,0,588.905,518.88446,MIXED_VISIBLE_GRAIN: BLANK HIDDEN RECORDS = NO ADDITIONAL REPORTED CAPACITY,false,Reported-value sums retained; blanks never text-normalized or punctuation-stripped; material threshold 1 GWh/year for freeze review.
2023,Geotermoelettrico,Veneto,Treviso,2,0,2,true,0,0,0,NO_REPORTED_CAPACITY,false,Reported-value sums retained; blanks never text-normalized or punctuation-stripped; material threshold 1 GWh/year for freeze review.
2023,Idrico,Veneto,Treviso,2,1,1,true,0,348.1792,699.8201,MIXED_VISIBLE_GRAIN: BLANK HIDDEN RECORDS = NO ADDITIONAL REPORTED CAPACITY,false,Reported-value sums retained; blanks never text-normalized or punctuation-stripped; material threshold 1 GWh/year for freeze review.
2023,Eolico,Veneto,Treviso,1,0,1,true,0,0,0,NO_REPORTED_CAPACITY,false,Reported-value sums retained; blanks never text-normalized or punctuation-stripped; material threshold 1 GWh/year for freeze review.
2023,Eolico,Veneto,Venezia,1,0,1,true,0,0,0,NO_REPORTED_CAPACITY,false,Reported-value sums retained; blanks never text-normalized or punctuation-stripped; material threshold 1 GWh/year for freeze review.
2023,Geotermoelettrico,Veneto,Venezia,1,0,1,true,0,0,0,NO_REPORTED_CAPACITY,false,Reported-value sums retained; blanks never text-normalized or punctuation-stripped; material threshold 1 GWh/year for freeze review.
2023,Geotermoelettrico,Veneto,Verona,1,0,1,true,0,0,0,NO_REPORTED_CAPACITY,false,Reported-value sums retained; blanks never text-normalized or punctuation-stripped; material threshold 1 GWh/year for freeze review.
2023,Eolico,Veneto,Vicenza,1,0,1,true,0,0,0.000002,CONTROLLED RESIDUAL - NON-MATERIAL: ALL-BLANK CAPACITY WITH IMMATERIAL POSITIVE GENERATION,false,Reported-value sums retained; blanks never text-normalized or punctuation-stripped; material threshold 1 GWh/year for freeze review.
2023,Geotermoelettrico,Veneto,Vicenza,1,0,1,true,0,0,0,NO_REPORTED_CAPACITY,false,Reported-value sums retained; blanks never text-normalized or punctuation-stripped; material threshold 1 GWh/year for freeze review.
2024,Eolico,Abruzzo,Teramo,1,0,1,true,0,0,0,NO_REPORTED_CAPACITY,false,Reported-value sums retained; blanks never text-normalized or punctuation-stripped; material threshold 1 GWh/year for freeze review.
2024,Eolico,Campania,Napoli,1,0,1,true,0,0,0,NO_REPORTED_CAPACITY,false,Reported-value sums retained; blanks never text-normalized or punctuation-stripped; material threshold 1 GWh/year for freeze review.
2024,Eolico,Emilia-Romagna,Ferrara,1,0,1,true,0,0,0,NO_REPORTED_CAPACITY,false,Reported-value sums retained; blanks never text-normalized or punctuation-stripped; material threshold 1 GWh/year for freeze review.
2024,Eolico,Friuli-Venezia Giulia,Gorizia,1,0,1,true,0,0,0,NO_REPORTED_CAPACITY,false,Reported-value sums retained; blanks never text-normalized or punctuation-stripped; material threshold 1 GWh/year for freeze review.
2024,Eolico,Friuli-Venezia Giulia,Pordenone,1,0,1,true,0,0,0,NO_REPORTED_CAPACITY,false,Reported-value sums retained; blanks never text-normalized or punctuation-stripped; material threshold 1 GWh/year for freeze review.
2024,Eolico,Friuli-Venezia Giulia,Trieste,1,0,1,true,0,0,0,NO_REPORTED_CAPACITY,false,Reported-value sums retained; blanks never text-normalized or punctuation-stripped; material threshold 1 GWh/year for freeze review.
2024,Eolico,Friuli-Venezia Giulia,Udine,1,0,1,true,0,0,0.001731,CONTROLLED RESIDUAL - NON-MATERIAL: ALL-BLANK CAPACITY WITH IMMATERIAL POSITIVE GENERATION,false,Reported-value sums retained; blanks never text-normalized or punctuation-stripped; material threshold 1 GWh/year for freeze review.
2024,Eolico,Lazio,Rieti,1,0,1,true,0,0,0,NO_REPORTED_CAPACITY,false,Reported-value sums retained; blanks never text-normalized or punctuation-stripped; material threshold 1 GWh/year for freeze review.
2024,Eolico,Lazio,Roma,1,0,1,true,0,0,0.012782,CONTROLLED RESIDUAL - NON-MATERIAL: ALL-BLANK CAPACITY WITH IMMATERIAL POSITIVE GENERATION,false,Reported-value sums retained; blanks never text-normalized or punctuation-stripped; material threshold 1 GWh/year for freeze review.
2024,Eolico,Lombardia,Bergamo,1,0,1,true,0,0,0.000012,CONTROLLED RESIDUAL - NON-MATERIAL: ALL-BLANK CAPACITY WITH IMMATERIAL POSITIVE GENERATION,false,Reported-value sums retained; blanks never text-normalized or punctuation-stripped; material threshold 1 GWh/year for freeze review.
2024,Eolico,Lombardia,Brescia,1,0,1,true,0,0,0.00092,CONTROLLED RESIDUAL - NON-MATERIAL: ALL-BLANK CAPACITY WITH IMMATERIAL POSITIVE GENERATION,false,Reported-value sums retained; blanks never text-normalized or punctuation-stripped; material threshold 1 GWh/year for freeze review.
2024,Eolico,Lombardia,Como,1,0,1,true,0,0,0,NO_REPORTED_CAPACITY,false,Reported-value sums retained; blanks never text-normalized or punctuation-stripped; material threshold 1 GWh/year for freeze review.
2024,Eolico,Lombardia,Cremona,1,0,1,true,0,0,0,NO_REPORTED_CAPACITY,false,Reported-value sums retained; blanks never text-normalized or punctuation-stripped; material threshold 1 GWh/year for freeze review.
2024,Eolico,Lombardia,Lecco,1,0,1,true,0,0,0,NO_REPORTED_CAPACITY,false,Reported-value sums retained; blanks never text-normalized or punctuation-stripped; material threshold 1 GWh/year for freeze review.
2024,Eolico,Lombardia,Lodi,1,0,1,true,0,0,0,NO_REPORTED_CAPACITY,false,Reported-value sums retained; blanks never text-normalized or punctuation-stripped; material threshold 1 GWh/year for freeze review.
2024,Eolico,Lombardia,Mantova,1,0,1,true,0,0,0,NO_REPORTED_CAPACITY,false,Reported-value sums retained; blanks never text-normalized or punctuation-stripped; material threshold 1 GWh/year for freeze review.
2024,Eolico,Lombardia,Milano,1,0,1,true,0,0,0,NO_REPORTED_CAPACITY,false,Reported-value sums retained; blanks never text-normalized or punctuation-stripped; material threshold 1 GWh/year for freeze review.
2024,Eolico,Lombardia,Monza e della Brianza,1,0,1,true,0,0,0,NO_REPORTED_CAPACITY,false,Reported-value sums retained; blanks never text-normalized or punctuation-stripped; material threshold 1 GWh/year for freeze review.
2024,Eolico,Lombardia,Pavia,1,0,1,true,0,0,0,NO_REPORTED_CAPACITY,false,Reported-value sums retained; blanks never text-normalized or punctuation-stripped; material threshold 1 GWh/year for freeze review.
2024,Eolico,Lombardia,Sondrio,1,0,1,true,0,0,0,NO_REPORTED_CAPACITY,false,Reported-value sums retained; blanks never text-normalized or punctuation-stripped; material threshold 1 GWh/year for freeze review.
2024,Eolico,Lombardia,Varese,1,0,1,true,0,0,0,NO_REPORTED_CAPACITY,false,Reported-value sums retained; blanks never text-normalized or punctuation-stripped; material threshold 1 GWh/year for freeze review.
2024,Eolico,Marche,Ascoli Piceno,1,0,1,true,0,0,0,NO_REPORTED_CAPACITY,false,Reported-value sums retained; blanks never text-normalized or punctuation-stripped; material threshold 1 GWh/year for freeze review.
2024,Eolico,Marche,Fermo,1,0,1,true,0,0,0.001544,CONTROLLED RESIDUAL - NON-MATERIAL: ALL-BLANK CAPACITY WITH IMMATERIAL POSITIVE GENERATION,false,Reported-value sums retained; blanks never text-normalized or punctuation-stripped; material threshold 1 GWh/year for freeze review.
2024,Eolico,Piemonte,Alessandria,1,0,1,true,0,0,0.000167,CONTROLLED RESIDUAL - NON-MATERIAL: ALL-BLANK CAPACITY WITH IMMATERIAL POSITIVE GENERATION,false,Reported-value sums retained; blanks never text-normalized or punctuation-stripped; material threshold 1 GWh/year for freeze review.
2024,Eolico,Piemonte,Asti,1,0,1,true,0,0,0,NO_REPORTED_CAPACITY,false,Reported-value sums retained; blanks never text-normalized or punctuation-stripped; material threshold 1 GWh/year for freeze review.
2024,Eolico,Piemonte,Biella,1,0,1,true,0,0,0.00264,CONTROLLED RESIDUAL - NON-MATERIAL: ALL-BLANK CAPACITY WITH IMMATERIAL POSITIVE GENERATION,false,Reported-value sums retained; blanks never text-normalized or punctuation-stripped; material threshold 1 GWh/year for freeze review.
2024,Eolico,Piemonte,Novara,1,0,1,true,0,0,0,NO_REPORTED_CAPACITY,false,Reported-value sums retained; blanks never text-normalized or punctuation-stripped; material threshold 1 GWh/year for freeze review.
2024,Eolico,Piemonte,Verbano-Cusio-Ossola,1,0,1,true,0,0,0,NO_REPORTED_CAPACITY,false,Reported-value sums retained; blanks never text-normalized or punctuation-stripped; material threshold 1 GWh/year for freeze review.
2024,Eolico,Piemonte,Vercelli,1,0,1,true,0,0,0,NO_REPORTED_CAPACITY,false,Reported-value sums retained; blanks never text-normalized or punctuation-stripped; material threshold 1 GWh/year for freeze review.
2024,Eolico,Toscana,Lucca,1,0,1,true,0,0,0,NO_REPORTED_CAPACITY,false,Reported-value sums retained; blanks never text-normalized or punctuation-stripped; material threshold 1 GWh/year for freeze review.
2024,Eolico,Toscana,Prato,1,0,1,true,0,0,0,NO_REPORTED_CAPACITY,false,Reported-value sums retained; blanks never text-normalized or punctuation-stripped; material threshold 1 GWh/year for freeze review.
2024,Eolico,Toscana,Siena,1,0,1,true,0,0,0.000037,CONTROLLED RESIDUAL - NON-MATERIAL: ALL-BLANK CAPACITY WITH IMMATERIAL POSITIVE GENERATION,false,Reported-value sums retained; blanks never text-normalized or punctuation-stripped; material threshold 1 GWh/year for freeze review.
2024,Eolico,Trentino-Alto Adige,Trento,1,0,1,true,0,0,0,NO_REPORTED_CAPACITY,false,Reported-value sums retained; blanks never text-normalized or punctuation-stripped; material threshold 1 GWh/year for freeze review.
2024,Eolico,Veneto,Belluno,1,0,1,true,0,0,0,NO_REPORTED_CAPACITY,false,Reported-value sums retained; blanks never text-normalized or punctuation-stripped; material threshold 1 GWh/year for freeze review.
2024,Eolico,Veneto,Padova,1,0,1,true,0,0,0,NO_REPORTED_CAPACITY,false,Reported-value sums retained; blanks never text-normalized or punctuation-stripped; material threshold 1 GWh/year for freeze review.
2024,Eolico,Veneto,Rovigo,1,0,1,true,0,0,0,NO_REPORTED_CAPACITY,false,Reported-value sums retained; blanks never text-normalized or punctuation-stripped; material threshold 1 GWh/year for freeze review.
2024,Eolico,Veneto,Treviso,1,0,1,true,0,0,0,NO_REPORTED_CAPACITY,false,Reported-value sums retained; blanks never text-normalized or punctuation-stripped; material threshold 1 GWh/year for freeze review.
2024,Eolico,Veneto,Venezia,1,0,1,true,0,0,0,NO_REPORTED_CAPACITY,false,Reported-value sums retained; blanks never text-normalized or punctuation-stripped; material threshold 1 GWh/year for freeze review.
2024,Eolico,Veneto,Vicenza,1,0,1,true,0,0,0.000038,CONTROLLED RESIDUAL - NON-MATERIAL: ALL-BLANK CAPACITY WITH IMMATERIAL POSITIVE GENERATION,false,Reported-value sums retained; blanks never text-normalized or punctuation-stripped; material threshold 1 GWh/year for freeze review.
