year,market_zone,technology,fuel_source,chp_flag,storage_flag,dispatchability_class,capacity_NET_MW,blank_source_observation_count,capacity_value_status,perimeter_layer,perimeter_role,additive_to_system_total,source_id,source_raw_sha256,source_observation_count,evidence_class,status
2019,NORD,BIOENERGY,BIOENERGY,MIXED_UNRESOLVED,false,PROGRAMMABLE_RENEWABLE,2393.04135,0,COMPLETE_NUMERIC_REPORTED_ROWS,RENEWABLE_SOURCE_CAPACITY,SOURCE_SUBSET_OF_THERMOELECTRIC,false,TERNA_API_RENEWABLE_SOURCE_CAPACITY_2019,38c59049569685628542691980cfdcc660c8c04351f28d3480d42d37765acf76,47,DIRECT SOURCE CAPACITY / TERNA API,ACQUIRED_NON_ADDITIVE_CROSS_CLASSIFICATION
2019,NORD,CCGT_CHP,UNRESOLVED,true,false,PROGRAMMABLE_THERMAL_PEAKER,10090.951,,,THERMOELECTRIC_CONVERSION_TECHNOLOGY,PRIMARY_ADDITIVE,true,TERNA_API_THERMOELECTRIC_CAPACITY_2019,14b77a38c428aa6f1bf88fcf4809b640fca6ee9fb65ea9895ba1a9b2300f5b10,35,DIRECT SOURCE CAPACITY / TERNA API,ACQUIRED_FUEL_UNRESOLVED
2019,NORD,CCGT_NON_CHP,UNRESOLVED,true,false,PROGRAMMABLE_THERMAL_PEAKER,10829.076,,,THERMOELECTRIC_CONVERSION_TECHNOLOGY,PRIMARY_ADDITIVE,true,TERNA_API_THERMOELECTRIC_CAPACITY_2019,14b77a38c428aa6f1bf88fcf4809b640fca6ee9fb65ea9895ba1a9b2300f5b10,12,DIRECT SOURCE CAPACITY / TERNA API,ACQUIRED_FUEL_UNRESOLVED
2019,NORD,FUEL_CELL_CHP,UNRESOLVED,true,false,PROGRAMMABLE_THERMAL_CHP,0.468,,,THERMOELECTRIC_CONVERSION_TECHNOLOGY,PRIMARY_ADDITIVE,true,TERNA_API_THERMOELECTRIC_CAPACITY_2019,14b77a38c428aa6f1bf88fcf4809b640fca6ee9fb65ea9895ba1a9b2300f5b10,10,DIRECT SOURCE CAPACITY / TERNA API,ACQUIRED_FUEL_UNRESOLVED
2019,NORD,FUEL_CELL_NON_CHP,UNRESOLVED,true,false,PROGRAMMABLE_THERMAL_CHP,0.112,,,THERMOELECTRIC_CONVERSION_TECHNOLOGY,PRIMARY_ADDITIVE,true,TERNA_API_THERMOELECTRIC_CAPACITY_2019,14b77a38c428aa6f1bf88fcf4809b640fca6ee9fb65ea9895ba1a9b2300f5b10,10,DIRECT SOURCE CAPACITY / TERNA API,ACQUIRED_FUEL_UNRESOLVED
2019,NORD,GEOTHERMAL,GEOTHERMAL_HEAT,false,false,PROGRAMMABLE_RENEWABLE,0,57,REPORTED_VALUE_SUM_WITH_BLANKS_RETAINED_NOT_ZERO,RENEWABLE_SOURCE_CAPACITY,SOURCE_CONTROL_OVERLAPS_EXPLICIT_THERMO_GEOTHERMAL_LABEL,false,TERNA_API_RENEWABLE_SOURCE_CAPACITY_2019,38c59049569685628542691980cfdcc660c8c04351f28d3480d42d37765acf76,57,DIRECT SOURCE CAPACITY / TERNA API,PARTIAL_REPORTED_SUM_BLANKS_NOT_ZERO
2019,NORD,GT_CHP,UNRESOLVED,true,false,PROGRAMMABLE_THERMAL_PEAKER,692.38838,,,THERMOELECTRIC_CONVERSION_TECHNOLOGY,PRIMARY_ADDITIVE,true,TERNA_API_THERMOELECTRIC_CAPACITY_2019,14b77a38c428aa6f1bf88fcf4809b640fca6ee9fb65ea9895ba1a9b2300f5b10,39,DIRECT SOURCE CAPACITY / TERNA API,ACQUIRED_FUEL_UNRESOLVED
2019,NORD,GT_NON_CHP,UNRESOLVED,true,false,PROGRAMMABLE_THERMAL_PEAKER,14.015,,,THERMOELECTRIC_CONVERSION_TECHNOLOGY,PRIMARY_ADDITIVE,true,TERNA_API_THERMOELECTRIC_CAPACITY_2019,14b77a38c428aa6f1bf88fcf4809b640fca6ee9fb65ea9895ba1a9b2300f5b10,14,DIRECT SOURCE CAPACITY / TERNA API,ACQUIRED_FUEL_UNRESOLVED
2019,NORD,HYDRO_TOTAL_CONTROL,WATER,false,MIXED_INCLUDES_PUMPED_HYDRO,MIXED_HYDRO_CONTROL,14128.16216,11,REPORTED_VALUE_SUM_WITH_BLANKS_RETAINED_NOT_ZERO,RENEWABLE_SOURCE_CAPACITY,PRIMARY_ADDITIVE,true,TERNA_API_RENEWABLE_SOURCE_CAPACITY_2019,38c59049569685628542691980cfdcc660c8c04351f28d3480d42d37765acf76,57,DIRECT SOURCE CAPACITY / TERNA API,PARTIAL_REPORTED_SUM_BLANKS_NOT_ZERO
2019,NORD,INTERNAL_COMBUSTION_CHP,UNRESOLVED,true,false,PROGRAMMABLE_THERMAL_CHP,2544.99749,,,THERMOELECTRIC_CONVERSION_TECHNOLOGY,PRIMARY_ADDITIVE,true,TERNA_API_THERMOELECTRIC_CAPACITY_2019,14b77a38c428aa6f1bf88fcf4809b640fca6ee9fb65ea9895ba1a9b2300f5b10,47,DIRECT SOURCE CAPACITY / TERNA API,ACQUIRED_FUEL_UNRESOLVED
2019,NORD,INTERNAL_COMBUSTION_NON_CHP,UNRESOLVED,true,false,PROGRAMMABLE_THERMAL_CHP,559.42585,,,THERMOELECTRIC_CONVERSION_TECHNOLOGY,PRIMARY_ADDITIVE,true,TERNA_API_THERMOELECTRIC_CAPACITY_2019,14b77a38c428aa6f1bf88fcf4809b640fca6ee9fb65ea9895ba1a9b2300f5b10,47,DIRECT SOURCE CAPACITY / TERNA API,ACQUIRED_FUEL_UNRESOLVED
2019,NORD,OTHER_THERMAL,UNRESOLVED,false,false,PROGRAMMABLE_THERMAL,14.236,,,THERMOELECTRIC_CONVERSION_TECHNOLOGY,PRIMARY_ADDITIVE,true,TERNA_API_THERMOELECTRIC_CAPACITY_2019,14b77a38c428aa6f1bf88fcf4809b640fca6ee9fb65ea9895ba1a9b2300f5b10,6,DIRECT SOURCE CAPACITY / TERNA API,ACQUIRED_FUEL_UNRESOLVED
2019,NORD,SOLAR_PV,SOLAR,false,false,VARIABLE_RENEWABLE,9262.514,10,REPORTED_VALUE_SUM_WITH_BLANKS_RETAINED_NOT_ZERO,RENEWABLE_SOURCE_CAPACITY,PRIMARY_ADDITIVE,true,TERNA_API_RENEWABLE_SOURCE_CAPACITY_2019,38c59049569685628542691980cfdcc660c8c04351f28d3480d42d37765acf76,57,DIRECT SOURCE CAPACITY / TERNA API,PARTIAL_REPORTED_SUM_BLANKS_NOT_ZERO
2019,NORD,STEAM_BACKPRESSURE_CHP,UNRESOLVED,true,false,PROGRAMMABLE_THERMAL_CHP,370.64,,,THERMOELECTRIC_CONVERSION_TECHNOLOGY,PRIMARY_ADDITIVE,true,TERNA_API_THERMOELECTRIC_CAPACITY_2019,14b77a38c428aa6f1bf88fcf4809b640fca6ee9fb65ea9895ba1a9b2300f5b10,24,DIRECT SOURCE CAPACITY / TERNA API,ACQUIRED_FUEL_UNRESOLVED
2019,NORD,STEAM_CONDENSING,UNRESOLVED,false,false,PROGRAMMABLE_THERMAL,2726.351,,,THERMOELECTRIC_CONVERSION_TECHNOLOGY,PRIMARY_ADDITIVE,true,TERNA_API_THERMOELECTRIC_CAPACITY_2019,14b77a38c428aa6f1bf88fcf4809b640fca6ee9fb65ea9895ba1a9b2300f5b10,25,DIRECT SOURCE CAPACITY / TERNA API,ACQUIRED_FUEL_UNRESOLVED
2019,NORD,STEAM_EXTRACTION_CHP,UNRESOLVED,true,false,PROGRAMMABLE_THERMAL_CHP,749.508,,,THERMOELECTRIC_CONVERSION_TECHNOLOGY,PRIMARY_ADDITIVE,true,TERNA_API_THERMOELECTRIC_CAPACITY_2019,14b77a38c428aa6f1bf88fcf4809b640fca6ee9fb65ea9895ba1a9b2300f5b10,25,DIRECT SOURCE CAPACITY / TERNA API,ACQUIRED_FUEL_UNRESOLVED
2019,NORD,TURBO_EXPANSION,UNRESOLVED,false,false,PROGRAMMABLE_THERMAL,34.95,,,THERMOELECTRIC_CONVERSION_TECHNOLOGY,PRIMARY_ADDITIVE,true,TERNA_API_THERMOELECTRIC_CAPACITY_2019,14b77a38c428aa6f1bf88fcf4809b640fca6ee9fb65ea9895ba1a9b2300f5b10,29,DIRECT SOURCE CAPACITY / TERNA API,ACQUIRED_FUEL_UNRESOLVED
2019,NORD,WIND_AGGREGATE_UNSPLIT,WIND,false,false,VARIABLE_RENEWABLE,135.615,0,COMPLETE_NUMERIC_REPORTED_ROWS,RENEWABLE_SOURCE_CAPACITY,PRIMARY_ADDITIVE,true,TERNA_API_RENEWABLE_SOURCE_CAPACITY_2019,38c59049569685628542691980cfdcc660c8c04351f28d3480d42d37765acf76,34,DIRECT SOURCE CAPACITY / TERNA API,ACQUIRED_WIND_ONSHORE_OFFSHORE_NOT_SEPARATED
2019,CNOR,BIOENERGY,BIOENERGY,MIXED_UNRESOLVED,false,PROGRAMMABLE_RENEWABLE,189.7733,0,COMPLETE_NUMERIC_REPORTED_ROWS,RENEWABLE_SOURCE_CAPACITY,SOURCE_SUBSET_OF_THERMOELECTRIC,false,TERNA_API_RENEWABLE_SOURCE_CAPACITY_2019,38c59049569685628542691980cfdcc660c8c04351f28d3480d42d37765acf76,15,DIRECT SOURCE CAPACITY / TERNA API,ACQUIRED_NON_ADDITIVE_CROSS_CLASSIFICATION
2019,CNOR,CCGT_CHP,UNRESOLVED,true,false,PROGRAMMABLE_THERMAL_PEAKER,1724.538,,,THERMOELECTRIC_CONVERSION_TECHNOLOGY,PRIMARY_ADDITIVE,true,TERNA_API_THERMOELECTRIC_CAPACITY_2019,14b77a38c428aa6f1bf88fcf4809b640fca6ee9fb65ea9895ba1a9b2300f5b10,4,DIRECT SOURCE CAPACITY / TERNA API,ACQUIRED_FUEL_UNRESOLVED
2019,CNOR,CCGT_NON_CHP,UNRESOLVED,true,false,PROGRAMMABLE_THERMAL_PEAKER,498.126,,,THERMOELECTRIC_CONVERSION_TECHNOLOGY,PRIMARY_ADDITIVE,true,TERNA_API_THERMOELECTRIC_CAPACITY_2019,14b77a38c428aa6f1bf88fcf4809b640fca6ee9fb65ea9895ba1a9b2300f5b10,2,DIRECT SOURCE CAPACITY / TERNA API,ACQUIRED_FUEL_UNRESOLVED
2019,CNOR,FUEL_CELL_CHP,UNRESOLVED,true,false,PROGRAMMABLE_THERMAL_CHP,0.004,,,THERMOELECTRIC_CONVERSION_TECHNOLOGY,PRIMARY_ADDITIVE,true,TERNA_API_THERMOELECTRIC_CAPACITY_2019,14b77a38c428aa6f1bf88fcf4809b640fca6ee9fb65ea9895ba1a9b2300f5b10,2,DIRECT SOURCE CAPACITY / TERNA API,ACQUIRED_FUEL_UNRESOLVED
2019,CNOR,FUEL_CELL_NON_CHP,UNRESOLVED,true,false,PROGRAMMABLE_THERMAL_CHP,0.008,,,THERMOELECTRIC_CONVERSION_TECHNOLOGY,PRIMARY_ADDITIVE,true,TERNA_API_THERMOELECTRIC_CAPACITY_2019,14b77a38c428aa6f1bf88fcf4809b640fca6ee9fb65ea9895ba1a9b2300f5b10,2,DIRECT SOURCE CAPACITY / TERNA API,ACQUIRED_FUEL_UNRESOLVED
2019,CNOR,GEOTHERMAL,GEOTHERMAL_HEAT,false,false,PROGRAMMABLE_RENEWABLE_BASELOAD,767.19,,,THERMOELECTRIC_CONVERSION_TECHNOLOGY,PRIMARY_ADDITIVE,true,TERNA_API_THERMOELECTRIC_CAPACITY_2019,14b77a38c428aa6f1bf88fcf4809b640fca6ee9fb65ea9895ba1a9b2300f5b10,3,DIRECT SOURCE CAPACITY / TERNA API,ACQUIRED_EXPLICIT_HISTORICAL_THERMO_LABEL
2019,CNOR,GEOTHERMAL,GEOTHERMAL_HEAT,false,false,PROGRAMMABLE_RENEWABLE,767.19,14,REPORTED_VALUE_SUM_WITH_BLANKS_RETAINED_NOT_ZERO,RENEWABLE_SOURCE_CAPACITY,SOURCE_CONTROL_OVERLAPS_EXPLICIT_THERMO_GEOTHERMAL_LABEL,false,TERNA_API_RENEWABLE_SOURCE_CAPACITY_2019,38c59049569685628542691980cfdcc660c8c04351f28d3480d42d37765acf76,17,DIRECT SOURCE CAPACITY / TERNA API,PARTIAL_REPORTED_SUM_BLANKS_NOT_ZERO
2019,CNOR,GT_CHP,UNRESOLVED,true,false,PROGRAMMABLE_THERMAL_PEAKER,87.116,,,THERMOELECTRIC_CONVERSION_TECHNOLOGY,PRIMARY_ADDITIVE,true,TERNA_API_THERMOELECTRIC_CAPACITY_2019,14b77a38c428aa6f1bf88fcf4809b640fca6ee9fb65ea9895ba1a9b2300f5b10,10,DIRECT SOURCE CAPACITY / TERNA API,ACQUIRED_FUEL_UNRESOLVED
2019,CNOR,GT_NON_CHP,UNRESOLVED,true,false,PROGRAMMABLE_THERMAL_PEAKER,74.345,,,THERMOELECTRIC_CONVERSION_TECHNOLOGY,PRIMARY_ADDITIVE,true,TERNA_API_THERMOELECTRIC_CAPACITY_2019,14b77a38c428aa6f1bf88fcf4809b640fca6ee9fb65ea9895ba1a9b2300f5b10,6,DIRECT SOURCE CAPACITY / TERNA API,ACQUIRED_FUEL_UNRESOLVED
2019,CNOR,HYDRO_TOTAL_CONTROL,WATER,false,MIXED_INCLUDES_PUMPED_HYDRO,MIXED_HYDRO_CONTROL,606.74555,3,REPORTED_VALUE_SUM_WITH_BLANKS_RETAINED_NOT_ZERO,RENEWABLE_SOURCE_CAPACITY,PRIMARY_ADDITIVE,true,TERNA_API_RENEWABLE_SOURCE_CAPACITY_2019,38c59049569685628542691980cfdcc660c8c04351f28d3480d42d37765acf76,17,DIRECT SOURCE CAPACITY / TERNA API,PARTIAL_REPORTED_SUM_BLANKS_NOT_ZERO
2019,CNOR,INTERNAL_COMBUSTION_CHP,UNRESOLVED,true,false,PROGRAMMABLE_THERMAL_CHP,279.11316,,,THERMOELECTRIC_CONVERSION_TECHNOLOGY,PRIMARY_ADDITIVE,true,TERNA_API_THERMOELECTRIC_CAPACITY_2019,14b77a38c428aa6f1bf88fcf4809b640fca6ee9fb65ea9895ba1a9b2300f5b10,15,DIRECT SOURCE CAPACITY / TERNA API,ACQUIRED_FUEL_UNRESOLVED
2019,CNOR,INTERNAL_COMBUSTION_NON_CHP,UNRESOLVED,true,false,PROGRAMMABLE_THERMAL_CHP,67.2173,,,THERMOELECTRIC_CONVERSION_TECHNOLOGY,PRIMARY_ADDITIVE,true,TERNA_API_THERMOELECTRIC_CAPACITY_2019,14b77a38c428aa6f1bf88fcf4809b640fca6ee9fb65ea9895ba1a9b2300f5b10,14,DIRECT SOURCE CAPACITY / TERNA API,ACQUIRED_FUEL_UNRESOLVED
2019,CNOR,SOLAR_PV,SOLAR,false,false,VARIABLE_RENEWABLE,1938.614,2,REPORTED_VALUE_SUM_WITH_BLANKS_RETAINED_NOT_ZERO,RENEWABLE_SOURCE_CAPACITY,PRIMARY_ADDITIVE,true,TERNA_API_RENEWABLE_SOURCE_CAPACITY_2019,38c59049569685628542691980cfdcc660c8c04351f28d3480d42d37765acf76,17,DIRECT SOURCE CAPACITY / TERNA API,PARTIAL_REPORTED_SUM_BLANKS_NOT_ZERO
2019,CNOR,STEAM_BACKPRESSURE_CHP,UNRESOLVED,true,false,PROGRAMMABLE_THERMAL_CHP,12.51,,,THERMOELECTRIC_CONVERSION_TECHNOLOGY,PRIMARY_ADDITIVE,true,TERNA_API_THERMOELECTRIC_CAPACITY_2019,14b77a38c428aa6f1bf88fcf4809b640fca6ee9fb65ea9895ba1a9b2300f5b10,3,DIRECT SOURCE CAPACITY / TERNA API,ACQUIRED_FUEL_UNRESOLVED
2019,CNOR,STEAM_CONDENSING,UNRESOLVED,false,false,PROGRAMMABLE_THERMAL,34.185,,,THERMOELECTRIC_CONVERSION_TECHNOLOGY,PRIMARY_ADDITIVE,true,TERNA_API_THERMOELECTRIC_CAPACITY_2019,14b77a38c428aa6f1bf88fcf4809b640fca6ee9fb65ea9895ba1a9b2300f5b10,6,DIRECT SOURCE CAPACITY / TERNA API,ACQUIRED_FUEL_UNRESOLVED
2019,CNOR,STEAM_EXTRACTION_CHP,UNRESOLVED,true,false,PROGRAMMABLE_THERMAL_CHP,69.399,,,THERMOELECTRIC_CONVERSION_TECHNOLOGY,PRIMARY_ADDITIVE,true,TERNA_API_THERMOELECTRIC_CAPACITY_2019,14b77a38c428aa6f1bf88fcf4809b640fca6ee9fb65ea9895ba1a9b2300f5b10,4,DIRECT SOURCE CAPACITY / TERNA API,ACQUIRED_FUEL_UNRESOLVED
2019,CNOR,TURBO_EXPANSION,UNRESOLVED,false,false,PROGRAMMABLE_THERMAL,33.847,,,THERMOELECTRIC_CONVERSION_TECHNOLOGY,PRIMARY_ADDITIVE,true,TERNA_API_THERMOELECTRIC_CAPACITY_2019,14b77a38c428aa6f1bf88fcf4809b640fca6ee9fb65ea9895ba1a9b2300f5b10,3,DIRECT SOURCE CAPACITY / TERNA API,ACQUIRED_FUEL_UNRESOLVED
2019,CNOR,WIND_AGGREGATE_UNSPLIT,WIND,false,false,VARIABLE_RENEWABLE,162.767,0,COMPLETE_NUMERIC_REPORTED_ROWS,RENEWABLE_SOURCE_CAPACITY,PRIMARY_ADDITIVE,true,TERNA_API_RENEWABLE_SOURCE_CAPACITY_2019,38c59049569685628542691980cfdcc660c8c04351f28d3480d42d37765acf76,15,DIRECT SOURCE CAPACITY / TERNA API,ACQUIRED_WIND_ONSHORE_OFFSHORE_NOT_SEPARATED
2019,CSUD,BIOENERGY,BIOENERGY,MIXED_UNRESOLVED,false,PROGRAMMABLE_RENEWABLE,456.115,0,COMPLETE_NUMERIC_REPORTED_ROWS,RENEWABLE_SOURCE_CAPACITY,SOURCE_SUBSET_OF_THERMOELECTRIC,false,TERNA_API_RENEWABLE_SOURCE_CAPACITY_2019,38c59049569685628542691980cfdcc660c8c04351f28d3480d42d37765acf76,16,DIRECT SOURCE CAPACITY / TERNA API,ACQUIRED_NON_ADDITIVE_CROSS_CLASSIFICATION
2019,CSUD,CCGT_CHP,UNRESOLVED,true,false,PROGRAMMABLE_THERMAL_PEAKER,633.26,,,THERMOELECTRIC_CONVERSION_TECHNOLOGY,PRIMARY_ADDITIVE,true,TERNA_API_THERMOELECTRIC_CAPACITY_2019,14b77a38c428aa6f1bf88fcf4809b640fca6ee9fb65ea9895ba1a9b2300f5b10,8,DIRECT SOURCE CAPACITY / TERNA API,ACQUIRED_FUEL_UNRESOLVED
2019,CSUD,CCGT_NON_CHP,UNRESOLVED,true,false,PROGRAMMABLE_THERMAL_PEAKER,4777.7,,,THERMOELECTRIC_CONVERSION_TECHNOLOGY,PRIMARY_ADDITIVE,true,TERNA_API_THERMOELECTRIC_CAPACITY_2019,14b77a38c428aa6f1bf88fcf4809b640fca6ee9fb65ea9895ba1a9b2300f5b10,6,DIRECT SOURCE CAPACITY / TERNA API,ACQUIRED_FUEL_UNRESOLVED
2019,CSUD,GEOTHERMAL,GEOTHERMAL_HEAT,false,false,PROGRAMMABLE_RENEWABLE,0,16,REPORTED_VALUE_SUM_WITH_BLANKS_RETAINED_NOT_ZERO,RENEWABLE_SOURCE_CAPACITY,SOURCE_CONTROL_OVERLAPS_EXPLICIT_THERMO_GEOTHERMAL_LABEL,false,TERNA_API_RENEWABLE_SOURCE_CAPACITY_2019,38c59049569685628542691980cfdcc660c8c04351f28d3480d42d37765acf76,16,DIRECT SOURCE CAPACITY / TERNA API,PARTIAL_REPORTED_SUM_BLANKS_NOT_ZERO
2019,CSUD,GT_CHP,UNRESOLVED,true,false,PROGRAMMABLE_THERMAL_PEAKER,118.266,,,THERMOELECTRIC_CONVERSION_TECHNOLOGY,PRIMARY_ADDITIVE,true,TERNA_API_THERMOELECTRIC_CAPACITY_2019,14b77a38c428aa6f1bf88fcf4809b640fca6ee9fb65ea9895ba1a9b2300f5b10,7,DIRECT SOURCE CAPACITY / TERNA API,ACQUIRED_FUEL_UNRESOLVED
2019,CSUD,GT_NON_CHP,UNRESOLVED,true,false,PROGRAMMABLE_THERMAL_PEAKER,1403.55,,,THERMOELECTRIC_CONVERSION_TECHNOLOGY,PRIMARY_ADDITIVE,true,TERNA_API_THERMOELECTRIC_CAPACITY_2019,14b77a38c428aa6f1bf88fcf4809b640fca6ee9fb65ea9895ba1a9b2300f5b10,5,DIRECT SOURCE CAPACITY / TERNA API,ACQUIRED_FUEL_UNRESOLVED
2019,CSUD,HYDRO_TOTAL_CONTROL,WATER,false,MIXED_INCLUDES_PUMPED_HYDRO,MIXED_HYDRO_CONTROL,2252.69303,1,REPORTED_VALUE_SUM_WITH_BLANKS_RETAINED_NOT_ZERO,RENEWABLE_SOURCE_CAPACITY,PRIMARY_ADDITIVE,true,TERNA_API_RENEWABLE_SOURCE_CAPACITY_2019,38c59049569685628542691980cfdcc660c8c04351f28d3480d42d37765acf76,16,DIRECT SOURCE CAPACITY / TERNA API,PARTIAL_REPORTED_SUM_BLANKS_NOT_ZERO
2019,CSUD,INTERNAL_COMBUSTION_CHP,UNRESOLVED,true,false,PROGRAMMABLE_THERMAL_CHP,501.555,,,THERMOELECTRIC_CONVERSION_TECHNOLOGY,PRIMARY_ADDITIVE,true,TERNA_API_THERMOELECTRIC_CAPACITY_2019,14b77a38c428aa6f1bf88fcf4809b640fca6ee9fb65ea9895ba1a9b2300f5b10,16,DIRECT SOURCE CAPACITY / TERNA API,ACQUIRED_FUEL_UNRESOLVED
2019,CSUD,INTERNAL_COMBUSTION_NON_CHP,UNRESOLVED,true,false,PROGRAMMABLE_THERMAL_CHP,192.943,,,THERMOELECTRIC_CONVERSION_TECHNOLOGY,PRIMARY_ADDITIVE,true,TERNA_API_THERMOELECTRIC_CAPACITY_2019,14b77a38c428aa6f1bf88fcf4809b640fca6ee9fb65ea9895ba1a9b2300f5b10,16,DIRECT SOURCE CAPACITY / TERNA API,ACQUIRED_FUEL_UNRESOLVED
2019,CSUD,OTHER_THERMAL,UNRESOLVED,false,false,PROGRAMMABLE_THERMAL,5.2,,,THERMOELECTRIC_CONVERSION_TECHNOLOGY,PRIMARY_ADDITIVE,true,TERNA_API_THERMOELECTRIC_CAPACITY_2019,14b77a38c428aa6f1bf88fcf4809b640fca6ee9fb65ea9895ba1a9b2300f5b10,1,DIRECT SOURCE CAPACITY / TERNA API,ACQUIRED_FUEL_UNRESOLVED
2019,CSUD,SOLAR_PV,SOLAR,false,false,VARIABLE_RENEWABLE,3449.245,0,COMPLETE_NUMERIC_REPORTED_ROWS,RENEWABLE_SOURCE_CAPACITY,PRIMARY_ADDITIVE,true,TERNA_API_RENEWABLE_SOURCE_CAPACITY_2019,38c59049569685628542691980cfdcc660c8c04351f28d3480d42d37765acf76,16,DIRECT SOURCE CAPACITY / TERNA API,ACQUIRED
2019,CSUD,STEAM_BACKPRESSURE_CHP,UNRESOLVED,true,false,PROGRAMMABLE_THERMAL_CHP,40.376,,,THERMOELECTRIC_CONVERSION_TECHNOLOGY,PRIMARY_ADDITIVE,true,TERNA_API_THERMOELECTRIC_CAPACITY_2019,14b77a38c428aa6f1bf88fcf4809b640fca6ee9fb65ea9895ba1a9b2300f5b10,2,DIRECT SOURCE CAPACITY / TERNA API,ACQUIRED_FUEL_UNRESOLVED
2019,CSUD,STEAM_CONDENSING,UNRESOLVED,false,false,PROGRAMMABLE_THERMAL,2437.649,,,THERMOELECTRIC_CONVERSION_TECHNOLOGY,PRIMARY_ADDITIVE,true,TERNA_API_THERMOELECTRIC_CAPACITY_2019,14b77a38c428aa6f1bf88fcf4809b640fca6ee9fb65ea9895ba1a9b2300f5b10,8,DIRECT SOURCE CAPACITY / TERNA API,ACQUIRED_FUEL_UNRESOLVED
2019,CSUD,STEAM_EXTRACTION_CHP,UNRESOLVED,true,false,PROGRAMMABLE_THERMAL_CHP,50.944,,,THERMOELECTRIC_CONVERSION_TECHNOLOGY,PRIMARY_ADDITIVE,true,TERNA_API_THERMOELECTRIC_CAPACITY_2019,14b77a38c428aa6f1bf88fcf4809b640fca6ee9fb65ea9895ba1a9b2300f5b10,5,DIRECT SOURCE CAPACITY / TERNA API,ACQUIRED_FUEL_UNRESOLVED
2019,CSUD,TURBO_EXPANSION,UNRESOLVED,false,false,PROGRAMMABLE_THERMAL,24.64,,,THERMOELECTRIC_CONVERSION_TECHNOLOGY,PRIMARY_ADDITIVE,true,TERNA_API_THERMOELECTRIC_CAPACITY_2019,14b77a38c428aa6f1bf88fcf4809b640fca6ee9fb65ea9895ba1a9b2300f5b10,3,DIRECT SOURCE CAPACITY / TERNA API,ACQUIRED_FUEL_UNRESOLVED
2019,CSUD,WIND_AGGREGATE_UNSPLIT,WIND,false,false,VARIABLE_RENEWABLE,2057.308,0,COMPLETE_NUMERIC_REPORTED_ROWS,RENEWABLE_SOURCE_CAPACITY,PRIMARY_ADDITIVE,true,TERNA_API_RENEWABLE_SOURCE_CAPACITY_2019,38c59049569685628542691980cfdcc660c8c04351f28d3480d42d37765acf76,15,DIRECT SOURCE CAPACITY / TERNA API,ACQUIRED_WIND_ONSHORE_OFFSHORE_NOT_SEPARATED
2019,SUD,BIOENERGY,BIOENERGY,MIXED_UNRESOLVED,false,PROGRAMMABLE_RENEWABLE,458.217,0,COMPLETE_NUMERIC_REPORTED_ROWS,RENEWABLE_SOURCE_CAPACITY,SOURCE_SUBSET_OF_THERMOELECTRIC,false,TERNA_API_RENEWABLE_SOURCE_CAPACITY_2019,38c59049569685628542691980cfdcc660c8c04351f28d3480d42d37765acf76,10,DIRECT SOURCE CAPACITY / TERNA API,ACQUIRED_NON_ADDITIVE_CROSS_CLASSIFICATION
2019,SUD,CCGT_CHP,UNRESOLVED,true,false,PROGRAMMABLE_THERMAL_PEAKER,2206.636,,,THERMOELECTRIC_CONVERSION_TECHNOLOGY,PRIMARY_ADDITIVE,true,TERNA_API_THERMOELECTRIC_CAPACITY_2019,14b77a38c428aa6f1bf88fcf4809b640fca6ee9fb65ea9895ba1a9b2300f5b10,4,DIRECT SOURCE CAPACITY / TERNA API,ACQUIRED_FUEL_UNRESOLVED
2019,SUD,CCGT_NON_CHP,UNRESOLVED,true,false,PROGRAMMABLE_THERMAL_PEAKER,2189.22,,,THERMOELECTRIC_CONVERSION_TECHNOLOGY,PRIMARY_ADDITIVE,true,TERNA_API_THERMOELECTRIC_CAPACITY_2019,14b77a38c428aa6f1bf88fcf4809b640fca6ee9fb65ea9895ba1a9b2300f5b10,5,DIRECT SOURCE CAPACITY / TERNA API,ACQUIRED_FUEL_UNRESOLVED
2019,SUD,FUEL_CELL_CHP,UNRESOLVED,true,false,PROGRAMMABLE_THERMAL_CHP,0.004,,,THERMOELECTRIC_CONVERSION_TECHNOLOGY,PRIMARY_ADDITIVE,true,TERNA_API_THERMOELECTRIC_CAPACITY_2019,14b77a38c428aa6f1bf88fcf4809b640fca6ee9fb65ea9895ba1a9b2300f5b10,2,DIRECT SOURCE CAPACITY / TERNA API,ACQUIRED_FUEL_UNRESOLVED
2019,SUD,FUEL_CELL_NON_CHP,UNRESOLVED,true,false,PROGRAMMABLE_THERMAL_CHP,0.2,,,THERMOELECTRIC_CONVERSION_TECHNOLOGY,PRIMARY_ADDITIVE,true,TERNA_API_THERMOELECTRIC_CAPACITY_2019,14b77a38c428aa6f1bf88fcf4809b640fca6ee9fb65ea9895ba1a9b2300f5b10,2,DIRECT SOURCE CAPACITY / TERNA API,ACQUIRED_FUEL_UNRESOLVED
2019,SUD,GEOTHERMAL,GEOTHERMAL_HEAT,false,false,PROGRAMMABLE_RENEWABLE,0,12,REPORTED_VALUE_SUM_WITH_BLANKS_RETAINED_NOT_ZERO,RENEWABLE_SOURCE_CAPACITY,SOURCE_CONTROL_OVERLAPS_EXPLICIT_THERMO_GEOTHERMAL_LABEL,false,TERNA_API_RENEWABLE_SOURCE_CAPACITY_2019,38c59049569685628542691980cfdcc660c8c04351f28d3480d42d37765acf76,12,DIRECT SOURCE CAPACITY / TERNA API,PARTIAL_REPORTED_SUM_BLANKS_NOT_ZERO
2019,SUD,GT_CHP,UNRESOLVED,true,false,PROGRAMMABLE_THERMAL_PEAKER,46.25,,,THERMOELECTRIC_CONVERSION_TECHNOLOGY,PRIMARY_ADDITIVE,true,TERNA_API_THERMOELECTRIC_CAPACITY_2019,14b77a38c428aa6f1bf88fcf4809b640fca6ee9fb65ea9895ba1a9b2300f5b10,4,DIRECT SOURCE CAPACITY / TERNA API,ACQUIRED_FUEL_UNRESOLVED
2019,SUD,GT_NON_CHP,UNRESOLVED,true,false,PROGRAMMABLE_THERMAL_PEAKER,251.585,,,THERMOELECTRIC_CONVERSION_TECHNOLOGY,PRIMARY_ADDITIVE,true,TERNA_API_THERMOELECTRIC_CAPACITY_2019,14b77a38c428aa6f1bf88fcf4809b640fca6ee9fb65ea9895ba1a9b2300f5b10,2,DIRECT SOURCE CAPACITY / TERNA API,ACQUIRED_FUEL_UNRESOLVED
2019,SUD,HYDRO_TOTAL_CONTROL,WATER,false,MIXED_INCLUDES_PUMPED_HYDRO,MIXED_HYDRO_CONTROL,222.54415,4,REPORTED_VALUE_SUM_WITH_BLANKS_RETAINED_NOT_ZERO,RENEWABLE_SOURCE_CAPACITY,PRIMARY_ADDITIVE,true,TERNA_API_RENEWABLE_SOURCE_CAPACITY_2019,38c59049569685628542691980cfdcc660c8c04351f28d3480d42d37765acf76,12,DIRECT SOURCE CAPACITY / TERNA API,PARTIAL_REPORTED_SUM_BLANKS_NOT_ZERO
2019,SUD,INTERNAL_COMBUSTION_CHP,UNRESOLVED,true,false,PROGRAMMABLE_THERMAL_CHP,97.268,,,THERMOELECTRIC_CONVERSION_TECHNOLOGY,PRIMARY_ADDITIVE,true,TERNA_API_THERMOELECTRIC_CAPACITY_2019,14b77a38c428aa6f1bf88fcf4809b640fca6ee9fb65ea9895ba1a9b2300f5b10,10,DIRECT SOURCE CAPACITY / TERNA API,ACQUIRED_FUEL_UNRESOLVED
2019,SUD,INTERNAL_COMBUSTION_NON_CHP,UNRESOLVED,true,false,PROGRAMMABLE_THERMAL_CHP,146.119,,,THERMOELECTRIC_CONVERSION_TECHNOLOGY,PRIMARY_ADDITIVE,true,TERNA_API_THERMOELECTRIC_CAPACITY_2019,14b77a38c428aa6f1bf88fcf4809b640fca6ee9fb65ea9895ba1a9b2300f5b10,10,DIRECT SOURCE CAPACITY / TERNA API,ACQUIRED_FUEL_UNRESOLVED
2019,SUD,OTHER_THERMAL,UNRESOLVED,false,false,PROGRAMMABLE_THERMAL,149.3,,,THERMOELECTRIC_CONVERSION_TECHNOLOGY,PRIMARY_ADDITIVE,true,TERNA_API_THERMOELECTRIC_CAPACITY_2019,14b77a38c428aa6f1bf88fcf4809b640fca6ee9fb65ea9895ba1a9b2300f5b10,1,DIRECT SOURCE CAPACITY / TERNA API,ACQUIRED_FUEL_UNRESOLVED
2019,SUD,SOLAR_PV,SOLAR,false,false,VARIABLE_RENEWABLE,3373.093,2,REPORTED_VALUE_SUM_WITH_BLANKS_RETAINED_NOT_ZERO,RENEWABLE_SOURCE_CAPACITY,PRIMARY_ADDITIVE,true,TERNA_API_RENEWABLE_SOURCE_CAPACITY_2019,38c59049569685628542691980cfdcc660c8c04351f28d3480d42d37765acf76,12,DIRECT SOURCE CAPACITY / TERNA API,PARTIAL_REPORTED_SUM_BLANKS_NOT_ZERO
2019,SUD,STEAM_BACKPRESSURE_CHP,UNRESOLVED,true,false,PROGRAMMABLE_THERMAL_CHP,7.951,,,THERMOELECTRIC_CONVERSION_TECHNOLOGY,PRIMARY_ADDITIVE,true,TERNA_API_THERMOELECTRIC_CAPACITY_2019,14b77a38c428aa6f1bf88fcf4809b640fca6ee9fb65ea9895ba1a9b2300f5b10,1,DIRECT SOURCE CAPACITY / TERNA API,ACQUIRED_FUEL_UNRESOLVED
2019,SUD,STEAM_CONDENSING,UNRESOLVED,false,false,PROGRAMMABLE_THERMAL,3087.19,,,THERMOELECTRIC_CONVERSION_TECHNOLOGY,PRIMARY_ADDITIVE,true,TERNA_API_THERMOELECTRIC_CAPACITY_2019,14b77a38c428aa6f1bf88fcf4809b640fca6ee9fb65ea9895ba1a9b2300f5b10,6,DIRECT SOURCE CAPACITY / TERNA API,ACQUIRED_FUEL_UNRESOLVED
2019,SUD,STEAM_EXTRACTION_CHP,UNRESOLVED,true,false,PROGRAMMABLE_THERMAL_CHP,533.49,,,THERMOELECTRIC_CONVERSION_TECHNOLOGY,PRIMARY_ADDITIVE,true,TERNA_API_THERMOELECTRIC_CAPACITY_2019,14b77a38c428aa6f1bf88fcf4809b640fca6ee9fb65ea9895ba1a9b2300f5b10,4,DIRECT SOURCE CAPACITY / TERNA API,ACQUIRED_FUEL_UNRESOLVED
2019,SUD,TURBO_EXPANSION,UNRESOLVED,false,false,PROGRAMMABLE_THERMAL,45.185,,,THERMOELECTRIC_CONVERSION_TECHNOLOGY,PRIMARY_ADDITIVE,true,TERNA_API_THERMOELECTRIC_CAPACITY_2019,14b77a38c428aa6f1bf88fcf4809b640fca6ee9fb65ea9895ba1a9b2300f5b10,3,DIRECT SOURCE CAPACITY / TERNA API,ACQUIRED_FUEL_UNRESOLVED
2019,SUD,WIND_AGGREGATE_UNSPLIT,WIND,false,false,VARIABLE_RENEWABLE,4221.032,0,COMPLETE_NUMERIC_REPORTED_ROWS,RENEWABLE_SOURCE_CAPACITY,PRIMARY_ADDITIVE,true,TERNA_API_RENEWABLE_SOURCE_CAPACITY_2019,38c59049569685628542691980cfdcc660c8c04351f28d3480d42d37765acf76,10,DIRECT SOURCE CAPACITY / TERNA API,ACQUIRED_WIND_ONSHORE_OFFSHORE_NOT_SEPARATED
2019,CALA,BIOENERGY,BIOENERGY,MIXED_UNRESOLVED,false,PROGRAMMABLE_RENEWABLE,178.271,0,COMPLETE_NUMERIC_REPORTED_ROWS,RENEWABLE_SOURCE_CAPACITY,SOURCE_SUBSET_OF_THERMOELECTRIC,false,TERNA_API_RENEWABLE_SOURCE_CAPACITY_2019,38c59049569685628542691980cfdcc660c8c04351f28d3480d42d37765acf76,5,DIRECT SOURCE CAPACITY / TERNA API,ACQUIRED_NON_ADDITIVE_CROSS_CLASSIFICATION
2019,CALA,CCGT_CHP,UNRESOLVED,true,false,PROGRAMMABLE_THERMAL_PEAKER,1587.536,,,THERMOELECTRIC_CONVERSION_TECHNOLOGY,PRIMARY_ADDITIVE,true,TERNA_API_THERMOELECTRIC_CAPACITY_2019,14b77a38c428aa6f1bf88fcf4809b640fca6ee9fb65ea9895ba1a9b2300f5b10,2,DIRECT SOURCE CAPACITY / TERNA API,ACQUIRED_FUEL_UNRESOLVED
2019,CALA,CCGT_NON_CHP,UNRESOLVED,true,false,PROGRAMMABLE_THERMAL_PEAKER,1560,,,THERMOELECTRIC_CONVERSION_TECHNOLOGY,PRIMARY_ADDITIVE,true,TERNA_API_THERMOELECTRIC_CAPACITY_2019,14b77a38c428aa6f1bf88fcf4809b640fca6ee9fb65ea9895ba1a9b2300f5b10,2,DIRECT SOURCE CAPACITY / TERNA API,ACQUIRED_FUEL_UNRESOLVED
2019,CALA,GEOTHERMAL,GEOTHERMAL_HEAT,false,false,PROGRAMMABLE_RENEWABLE,0,5,REPORTED_VALUE_SUM_WITH_BLANKS_RETAINED_NOT_ZERO,RENEWABLE_SOURCE_CAPACITY,SOURCE_CONTROL_OVERLAPS_EXPLICIT_THERMO_GEOTHERMAL_LABEL,false,TERNA_API_RENEWABLE_SOURCE_CAPACITY_2019,38c59049569685628542691980cfdcc660c8c04351f28d3480d42d37765acf76,5,DIRECT SOURCE CAPACITY / TERNA API,PARTIAL_REPORTED_SUM_BLANKS_NOT_ZERO
2019,CALA,GT_CHP,UNRESOLVED,true,false,PROGRAMMABLE_THERMAL_PEAKER,5.267,,,THERMOELECTRIC_CONVERSION_TECHNOLOGY,PRIMARY_ADDITIVE,true,TERNA_API_THERMOELECTRIC_CAPACITY_2019,14b77a38c428aa6f1bf88fcf4809b640fca6ee9fb65ea9895ba1a9b2300f5b10,3,DIRECT SOURCE CAPACITY / TERNA API,ACQUIRED_FUEL_UNRESOLVED
2019,CALA,GT_NON_CHP,UNRESOLVED,true,false,PROGRAMMABLE_THERMAL_PEAKER,228.014,,,THERMOELECTRIC_CONVERSION_TECHNOLOGY,PRIMARY_ADDITIVE,true,TERNA_API_THERMOELECTRIC_CAPACITY_2019,14b77a38c428aa6f1bf88fcf4809b640fca6ee9fb65ea9895ba1a9b2300f5b10,3,DIRECT SOURCE CAPACITY / TERNA API,ACQUIRED_FUEL_UNRESOLVED
2019,CALA,HYDRO_TOTAL_CONTROL,WATER,false,MIXED_INCLUDES_PUMPED_HYDRO,MIXED_HYDRO_CONTROL,759.74,0,COMPLETE_NUMERIC_REPORTED_ROWS,RENEWABLE_SOURCE_CAPACITY,PRIMARY_ADDITIVE,true,TERNA_API_RENEWABLE_SOURCE_CAPACITY_2019,38c59049569685628542691980cfdcc660c8c04351f28d3480d42d37765acf76,5,DIRECT SOURCE CAPACITY / TERNA API,ACQUIRED
2019,CALA,INTERNAL_COMBUSTION_CHP,UNRESOLVED,true,false,PROGRAMMABLE_THERMAL_CHP,33.122,,,THERMOELECTRIC_CONVERSION_TECHNOLOGY,PRIMARY_ADDITIVE,true,TERNA_API_THERMOELECTRIC_CAPACITY_2019,14b77a38c428aa6f1bf88fcf4809b640fca6ee9fb65ea9895ba1a9b2300f5b10,5,DIRECT SOURCE CAPACITY / TERNA API,ACQUIRED_FUEL_UNRESOLVED
2019,CALA,INTERNAL_COMBUSTION_NON_CHP,UNRESOLVED,true,false,PROGRAMMABLE_THERMAL_CHP,7.524,,,THERMOELECTRIC_CONVERSION_TECHNOLOGY,PRIMARY_ADDITIVE,true,TERNA_API_THERMOELECTRIC_CAPACITY_2019,14b77a38c428aa6f1bf88fcf4809b640fca6ee9fb65ea9895ba1a9b2300f5b10,5,DIRECT SOURCE CAPACITY / TERNA API,ACQUIRED_FUEL_UNRESOLVED
2019,CALA,SOLAR_PV,SOLAR,false,false,VARIABLE_RENEWABLE,536.394,0,COMPLETE_NUMERIC_REPORTED_ROWS,RENEWABLE_SOURCE_CAPACITY,PRIMARY_ADDITIVE,true,TERNA_API_RENEWABLE_SOURCE_CAPACITY_2019,38c59049569685628542691980cfdcc660c8c04351f28d3480d42d37765acf76,5,DIRECT SOURCE CAPACITY / TERNA API,ACQUIRED
2019,CALA,STEAM_CONDENSING,UNRESOLVED,false,false,PROGRAMMABLE_THERMAL,136.129,,,THERMOELECTRIC_CONVERSION_TECHNOLOGY,PRIMARY_ADDITIVE,true,TERNA_API_THERMOELECTRIC_CAPACITY_2019,14b77a38c428aa6f1bf88fcf4809b640fca6ee9fb65ea9895ba1a9b2300f5b10,3,DIRECT SOURCE CAPACITY / TERNA API,ACQUIRED_FUEL_UNRESOLVED
2019,CALA,STEAM_EXTRACTION_CHP,UNRESOLVED,true,false,PROGRAMMABLE_THERMAL_CHP,20,,,THERMOELECTRIC_CONVERSION_TECHNOLOGY,PRIMARY_ADDITIVE,true,TERNA_API_THERMOELECTRIC_CAPACITY_2019,14b77a38c428aa6f1bf88fcf4809b640fca6ee9fb65ea9895ba1a9b2300f5b10,2,DIRECT SOURCE CAPACITY / TERNA API,ACQUIRED_FUEL_UNRESOLVED
2019,CALA,WIND_AGGREGATE_UNSPLIT,WIND,false,false,VARIABLE_RENEWABLE,1162.964,0,COMPLETE_NUMERIC_REPORTED_ROWS,RENEWABLE_SOURCE_CAPACITY,PRIMARY_ADDITIVE,true,TERNA_API_RENEWABLE_SOURCE_CAPACITY_2019,38c59049569685628542691980cfdcc660c8c04351f28d3480d42d37765acf76,5,DIRECT SOURCE CAPACITY / TERNA API,ACQUIRED_WIND_ONSHORE_OFFSHORE_NOT_SEPARATED
2019,SICI,BIOENERGY,BIOENERGY,MIXED_UNRESOLVED,false,PROGRAMMABLE_RENEWABLE,68.728,0,COMPLETE_NUMERIC_REPORTED_ROWS,RENEWABLE_SOURCE_CAPACITY,SOURCE_SUBSET_OF_THERMOELECTRIC,false,TERNA_API_RENEWABLE_SOURCE_CAPACITY_2019,38c59049569685628542691980cfdcc660c8c04351f28d3480d42d37765acf76,9,DIRECT SOURCE CAPACITY / TERNA API,ACQUIRED_NON_ADDITIVE_CROSS_CLASSIFICATION
2019,SICI,CCGT_CHP,UNRESOLVED,true,false,PROGRAMMABLE_THERMAL_PEAKER,1430.426,,,THERMOELECTRIC_CONVERSION_TECHNOLOGY,PRIMARY_ADDITIVE,true,TERNA_API_THERMOELECTRIC_CAPACITY_2019,14b77a38c428aa6f1bf88fcf4809b640fca6ee9fb65ea9895ba1a9b2300f5b10,2,DIRECT SOURCE CAPACITY / TERNA API,ACQUIRED_FUEL_UNRESOLVED
2019,SICI,CCGT_NON_CHP,UNRESOLVED,true,false,PROGRAMMABLE_THERMAL_PEAKER,1523.89,,,THERMOELECTRIC_CONVERSION_TECHNOLOGY,PRIMARY_ADDITIVE,true,TERNA_API_THERMOELECTRIC_CAPACITY_2019,14b77a38c428aa6f1bf88fcf4809b640fca6ee9fb65ea9895ba1a9b2300f5b10,2,DIRECT SOURCE CAPACITY / TERNA API,ACQUIRED_FUEL_UNRESOLVED
2019,SICI,GEOTHERMAL,GEOTHERMAL_HEAT,false,false,PROGRAMMABLE_RENEWABLE,0,9,REPORTED_VALUE_SUM_WITH_BLANKS_RETAINED_NOT_ZERO,RENEWABLE_SOURCE_CAPACITY,SOURCE_CONTROL_OVERLAPS_EXPLICIT_THERMO_GEOTHERMAL_LABEL,false,TERNA_API_RENEWABLE_SOURCE_CAPACITY_2019,38c59049569685628542691980cfdcc660c8c04351f28d3480d42d37765acf76,9,DIRECT SOURCE CAPACITY / TERNA API,PARTIAL_REPORTED_SUM_BLANKS_NOT_ZERO
2019,SICI,GT_CHP,UNRESOLVED,true,false,PROGRAMMABLE_THERMAL_PEAKER,55.295,,,THERMOELECTRIC_CONVERSION_TECHNOLOGY,PRIMARY_ADDITIVE,true,TERNA_API_THERMOELECTRIC_CAPACITY_2019,14b77a38c428aa6f1bf88fcf4809b640fca6ee9fb65ea9895ba1a9b2300f5b10,2,DIRECT SOURCE CAPACITY / TERNA API,ACQUIRED_FUEL_UNRESOLVED
2019,SICI,GT_NON_CHP,UNRESOLVED,true,false,PROGRAMMABLE_THERMAL_PEAKER,531.42,,,THERMOELECTRIC_CONVERSION_TECHNOLOGY,PRIMARY_ADDITIVE,true,TERNA_API_THERMOELECTRIC_CAPACITY_2019,14b77a38c428aa6f1bf88fcf4809b640fca6ee9fb65ea9895ba1a9b2300f5b10,3,DIRECT SOURCE CAPACITY / TERNA API,ACQUIRED_FUEL_UNRESOLVED
2019,SICI,HYDRO_TOTAL_CONTROL,WATER,false,MIXED_INCLUDES_PUMPED_HYDRO,MIXED_HYDRO_CONTROL,135.174,2,REPORTED_VALUE_SUM_WITH_BLANKS_RETAINED_NOT_ZERO,RENEWABLE_SOURCE_CAPACITY,PRIMARY_ADDITIVE,true,TERNA_API_RENEWABLE_SOURCE_CAPACITY_2019,38c59049569685628542691980cfdcc660c8c04351f28d3480d42d37765acf76,9,DIRECT SOURCE CAPACITY / TERNA API,PARTIAL_REPORTED_SUM_BLANKS_NOT_ZERO
2019,SICI,INTERNAL_COMBUSTION_CHP,UNRESOLVED,true,false,PROGRAMMABLE_THERMAL_CHP,42.806,,,THERMOELECTRIC_CONVERSION_TECHNOLOGY,PRIMARY_ADDITIVE,true,TERNA_API_THERMOELECTRIC_CAPACITY_2019,14b77a38c428aa6f1bf88fcf4809b640fca6ee9fb65ea9895ba1a9b2300f5b10,8,DIRECT SOURCE CAPACITY / TERNA API,ACQUIRED_FUEL_UNRESOLVED
2019,SICI,INTERNAL_COMBUSTION_NON_CHP,UNRESOLVED,true,false,PROGRAMMABLE_THERMAL_CHP,174.102,,,THERMOELECTRIC_CONVERSION_TECHNOLOGY,PRIMARY_ADDITIVE,true,TERNA_API_THERMOELECTRIC_CAPACITY_2019,14b77a38c428aa6f1bf88fcf4809b640fca6ee9fb65ea9895ba1a9b2300f5b10,8,DIRECT SOURCE CAPACITY / TERNA API,ACQUIRED_FUEL_UNRESOLVED
2019,SICI,SOLAR_PV,SOLAR,false,false,VARIABLE_RENEWABLE,1432.801,0,COMPLETE_NUMERIC_REPORTED_ROWS,RENEWABLE_SOURCE_CAPACITY,PRIMARY_ADDITIVE,true,TERNA_API_RENEWABLE_SOURCE_CAPACITY_2019,38c59049569685628542691980cfdcc660c8c04351f28d3480d42d37765acf76,9,DIRECT SOURCE CAPACITY / TERNA API,ACQUIRED
2019,SICI,STEAM_BACKPRESSURE_CHP,UNRESOLVED,true,false,PROGRAMMABLE_THERMAL_CHP,134.496,,,THERMOELECTRIC_CONVERSION_TECHNOLOGY,PRIMARY_ADDITIVE,true,TERNA_API_THERMOELECTRIC_CAPACITY_2019,14b77a38c428aa6f1bf88fcf4809b640fca6ee9fb65ea9895ba1a9b2300f5b10,1,DIRECT SOURCE CAPACITY / TERNA API,ACQUIRED_FUEL_UNRESOLVED
2019,SICI,STEAM_CONDENSING,UNRESOLVED,false,false,PROGRAMMABLE_THERMAL,1201.929,,,THERMOELECTRIC_CONVERSION_TECHNOLOGY,PRIMARY_ADDITIVE,true,TERNA_API_THERMOELECTRIC_CAPACITY_2019,14b77a38c428aa6f1bf88fcf4809b640fca6ee9fb65ea9895ba1a9b2300f5b10,4,DIRECT SOURCE CAPACITY / TERNA API,ACQUIRED_FUEL_UNRESOLVED
2019,SICI,STEAM_EXTRACTION_CHP,UNRESOLVED,true,false,PROGRAMMABLE_THERMAL_CHP,265.4,,,THERMOELECTRIC_CONVERSION_TECHNOLOGY,PRIMARY_ADDITIVE,true,TERNA_API_THERMOELECTRIC_CAPACITY_2019,14b77a38c428aa6f1bf88fcf4809b640fca6ee9fb65ea9895ba1a9b2300f5b10,3,DIRECT SOURCE CAPACITY / TERNA API,ACQUIRED_FUEL_UNRESOLVED
2019,SICI,TURBO_EXPANSION,UNRESOLVED,false,false,PROGRAMMABLE_THERMAL,21.961,,,THERMOELECTRIC_CONVERSION_TECHNOLOGY,PRIMARY_ADDITIVE,true,TERNA_API_THERMOELECTRIC_CAPACITY_2019,14b77a38c428aa6f1bf88fcf4809b640fca6ee9fb65ea9895ba1a9b2300f5b10,3,DIRECT SOURCE CAPACITY / TERNA API,ACQUIRED_FUEL_UNRESOLVED
2019,SICI,WIND_AGGREGATE_UNSPLIT,WIND,false,false,VARIABLE_RENEWABLE,1889.852,0,COMPLETE_NUMERIC_REPORTED_ROWS,RENEWABLE_SOURCE_CAPACITY,PRIMARY_ADDITIVE,true,TERNA_API_RENEWABLE_SOURCE_CAPACITY_2019,38c59049569685628542691980cfdcc660c8c04351f28d3480d42d37765acf76,9,DIRECT SOURCE CAPACITY / TERNA API,ACQUIRED_WIND_ONSHORE_OFFSHORE_NOT_SEPARATED
2019,SARD,BIOENERGY,BIOENERGY,MIXED_UNRESOLVED,false,PROGRAMMABLE_RENEWABLE,105.811,0,COMPLETE_NUMERIC_REPORTED_ROWS,RENEWABLE_SOURCE_CAPACITY,SOURCE_SUBSET_OF_THERMOELECTRIC,false,TERNA_API_RENEWABLE_SOURCE_CAPACITY_2019,38c59049569685628542691980cfdcc660c8c04351f28d3480d42d37765acf76,5,DIRECT SOURCE CAPACITY / TERNA API,ACQUIRED_NON_ADDITIVE_CROSS_CLASSIFICATION
2019,SARD,CCGT_CHP,UNRESOLVED,true,false,PROGRAMMABLE_THERMAL_PEAKER,591,,,THERMOELECTRIC_CONVERSION_TECHNOLOGY,PRIMARY_ADDITIVE,true,TERNA_API_THERMOELECTRIC_CAPACITY_2019,14b77a38c428aa6f1bf88fcf4809b640fca6ee9fb65ea9895ba1a9b2300f5b10,1,DIRECT SOURCE CAPACITY / TERNA API,ACQUIRED_FUEL_UNRESOLVED
2019,SARD,GEOTHERMAL,GEOTHERMAL_HEAT,false,false,PROGRAMMABLE_RENEWABLE,0,5,REPORTED_VALUE_SUM_WITH_BLANKS_RETAINED_NOT_ZERO,RENEWABLE_SOURCE_CAPACITY,SOURCE_CONTROL_OVERLAPS_EXPLICIT_THERMO_GEOTHERMAL_LABEL,false,TERNA_API_RENEWABLE_SOURCE_CAPACITY_2019,38c59049569685628542691980cfdcc660c8c04351f28d3480d42d37765acf76,5,DIRECT SOURCE CAPACITY / TERNA API,PARTIAL_REPORTED_SUM_BLANKS_NOT_ZERO
2019,SARD,GT_NON_CHP,UNRESOLVED,true,false,PROGRAMMABLE_THERMAL_PEAKER,150,,,THERMOELECTRIC_CONVERSION_TECHNOLOGY,PRIMARY_ADDITIVE,true,TERNA_API_THERMOELECTRIC_CAPACITY_2019,14b77a38c428aa6f1bf88fcf4809b640fca6ee9fb65ea9895ba1a9b2300f5b10,1,DIRECT SOURCE CAPACITY / TERNA API,ACQUIRED_FUEL_UNRESOLVED
2019,SARD,HYDRO_TOTAL_CONTROL,WATER,false,MIXED_INCLUDES_PUMPED_HYDRO,MIXED_HYDRO_CONTROL,461.019,0,COMPLETE_NUMERIC_REPORTED_ROWS,RENEWABLE_SOURCE_CAPACITY,PRIMARY_ADDITIVE,true,TERNA_API_RENEWABLE_SOURCE_CAPACITY_2019,38c59049569685628542691980cfdcc660c8c04351f28d3480d42d37765acf76,5,DIRECT SOURCE CAPACITY / TERNA API,ACQUIRED
2019,SARD,INTERNAL_COMBUSTION_CHP,UNRESOLVED,true,false,PROGRAMMABLE_THERMAL_CHP,49.396,,,THERMOELECTRIC_CONVERSION_TECHNOLOGY,PRIMARY_ADDITIVE,true,TERNA_API_THERMOELECTRIC_CAPACITY_2019,14b77a38c428aa6f1bf88fcf4809b640fca6ee9fb65ea9895ba1a9b2300f5b10,5,DIRECT SOURCE CAPACITY / TERNA API,ACQUIRED_FUEL_UNRESOLVED
2019,SARD,INTERNAL_COMBUSTION_NON_CHP,UNRESOLVED,true,false,PROGRAMMABLE_THERMAL_CHP,10.05,,,THERMOELECTRIC_CONVERSION_TECHNOLOGY,PRIMARY_ADDITIVE,true,TERNA_API_THERMOELECTRIC_CAPACITY_2019,14b77a38c428aa6f1bf88fcf4809b640fca6ee9fb65ea9895ba1a9b2300f5b10,4,DIRECT SOURCE CAPACITY / TERNA API,ACQUIRED_FUEL_UNRESOLVED
2019,SARD,OTHER_THERMAL,UNRESOLVED,false,false,PROGRAMMABLE_THERMAL,11.847,,,THERMOELECTRIC_CONVERSION_TECHNOLOGY,PRIMARY_ADDITIVE,true,TERNA_API_THERMOELECTRIC_CAPACITY_2019,14b77a38c428aa6f1bf88fcf4809b640fca6ee9fb65ea9895ba1a9b2300f5b10,1,DIRECT SOURCE CAPACITY / TERNA API,ACQUIRED_FUEL_UNRESOLVED
2019,SARD,SOLAR_PV,SOLAR,false,false,VARIABLE_RENEWABLE,872.614,0,COMPLETE_NUMERIC_REPORTED_ROWS,RENEWABLE_SOURCE_CAPACITY,PRIMARY_ADDITIVE,true,TERNA_API_RENEWABLE_SOURCE_CAPACITY_2019,38c59049569685628542691980cfdcc660c8c04351f28d3480d42d37765acf76,5,DIRECT SOURCE CAPACITY / TERNA API,ACQUIRED
2019,SARD,STEAM_BACKPRESSURE_CHP,UNRESOLVED,true,false,PROGRAMMABLE_THERMAL_CHP,10.64,,,THERMOELECTRIC_CONVERSION_TECHNOLOGY,PRIMARY_ADDITIVE,true,TERNA_API_THERMOELECTRIC_CAPACITY_2019,14b77a38c428aa6f1bf88fcf4809b640fca6ee9fb65ea9895ba1a9b2300f5b10,1,DIRECT SOURCE CAPACITY / TERNA API,ACQUIRED_FUEL_UNRESOLVED
2019,SARD,STEAM_CONDENSING,UNRESOLVED,false,false,PROGRAMMABLE_THERMAL,1089.82,,,THERMOELECTRIC_CONVERSION_TECHNOLOGY,PRIMARY_ADDITIVE,true,TERNA_API_THERMOELECTRIC_CAPACITY_2019,14b77a38c428aa6f1bf88fcf4809b640fca6ee9fb65ea9895ba1a9b2300f5b10,3,DIRECT SOURCE CAPACITY / TERNA API,ACQUIRED_FUEL_UNRESOLVED
2019,SARD,STEAM_EXTRACTION_CHP,UNRESOLVED,true,false,PROGRAMMABLE_THERMAL_CHP,238.81,,,THERMOELECTRIC_CONVERSION_TECHNOLOGY,PRIMARY_ADDITIVE,true,TERNA_API_THERMOELECTRIC_CAPACITY_2019,14b77a38c428aa6f1bf88fcf4809b640fca6ee9fb65ea9895ba1a9b2300f5b10,2,DIRECT SOURCE CAPACITY / TERNA API,ACQUIRED_FUEL_UNRESOLVED
2019,SARD,TURBO_EXPANSION,UNRESOLVED,false,false,PROGRAMMABLE_THERMAL,17.263,,,THERMOELECTRIC_CONVERSION_TECHNOLOGY,PRIMARY_ADDITIVE,true,TERNA_API_THERMOELECTRIC_CAPACITY_2019,14b77a38c428aa6f1bf88fcf4809b640fca6ee9fb65ea9895ba1a9b2300f5b10,1,DIRECT SOURCE CAPACITY / TERNA API,ACQUIRED_FUEL_UNRESOLVED
2019,SARD,WIND_AGGREGATE_UNSPLIT,WIND,false,false,VARIABLE_RENEWABLE,1049.922,0,COMPLETE_NUMERIC_REPORTED_ROWS,RENEWABLE_SOURCE_CAPACITY,PRIMARY_ADDITIVE,true,TERNA_API_RENEWABLE_SOURCE_CAPACITY_2019,38c59049569685628542691980cfdcc660c8c04351f28d3480d42d37765acf76,5,DIRECT SOURCE CAPACITY / TERNA API,ACQUIRED_WIND_ONSHORE_OFFSHORE_NOT_SEPARATED
2020,NORD,BIOENERGY,BIOENERGY,MIXED_UNRESOLVED,false,PROGRAMMABLE_RENEWABLE,2405.26335,0,COMPLETE_NUMERIC_REPORTED_ROWS,RENEWABLE_SOURCE_CAPACITY,SOURCE_SUBSET_OF_THERMOELECTRIC,false,TERNA_API_RENEWABLE_SOURCE_CAPACITY_2020,fd523982d8f2c853f6bef60478e32db3b2281264fff6f5883ed6755d57e3c2ab,47,DIRECT SOURCE CAPACITY / TERNA API,ACQUIRED_NON_ADDITIVE_CROSS_CLASSIFICATION
2020,NORD,CCGT_CHP,UNRESOLVED,true,false,PROGRAMMABLE_THERMAL_PEAKER,10212.796,,,THERMOELECTRIC_CONVERSION_TECHNOLOGY,PRIMARY_ADDITIVE,true,TERNA_API_THERMOELECTRIC_CAPACITY_2020,c6e6c29676d12f0e2744f3182013e4a03f9d41828912e8b906f61cfb6c132b89,35,DIRECT SOURCE CAPACITY / TERNA API,ACQUIRED_FUEL_UNRESOLVED
2020,NORD,CCGT_NON_CHP,UNRESOLVED,true,false,PROGRAMMABLE_THERMAL_PEAKER,10914.456,,,THERMOELECTRIC_CONVERSION_TECHNOLOGY,PRIMARY_ADDITIVE,true,TERNA_API_THERMOELECTRIC_CAPACITY_2020,c6e6c29676d12f0e2744f3182013e4a03f9d41828912e8b906f61cfb6c132b89,12,DIRECT SOURCE CAPACITY / TERNA API,ACQUIRED_FUEL_UNRESOLVED
2020,NORD,FUEL_CELL_CHP,UNRESOLVED,true,false,PROGRAMMABLE_THERMAL_CHP,0.482,,,THERMOELECTRIC_CONVERSION_TECHNOLOGY,PRIMARY_ADDITIVE,true,TERNA_API_THERMOELECTRIC_CAPACITY_2020,c6e6c29676d12f0e2744f3182013e4a03f9d41828912e8b906f61cfb6c132b89,12,DIRECT SOURCE CAPACITY / TERNA API,ACQUIRED_FUEL_UNRESOLVED
2020,NORD,FUEL_CELL_NON_CHP,UNRESOLVED,true,false,PROGRAMMABLE_THERMAL_CHP,0.112,,,THERMOELECTRIC_CONVERSION_TECHNOLOGY,PRIMARY_ADDITIVE,true,TERNA_API_THERMOELECTRIC_CAPACITY_2020,c6e6c29676d12f0e2744f3182013e4a03f9d41828912e8b906f61cfb6c132b89,10,DIRECT SOURCE CAPACITY / TERNA API,ACQUIRED_FUEL_UNRESOLVED
2020,NORD,GEOTHERMAL,GEOTHERMAL_HEAT,false,false,PROGRAMMABLE_RENEWABLE,0,58,REPORTED_VALUE_SUM_WITH_BLANKS_RETAINED_NOT_ZERO,RENEWABLE_SOURCE_CAPACITY,SOURCE_CONTROL_OVERLAPS_EXPLICIT_THERMO_GEOTHERMAL_LABEL,false,TERNA_API_RENEWABLE_SOURCE_CAPACITY_2020,fd523982d8f2c853f6bef60478e32db3b2281264fff6f5883ed6755d57e3c2ab,58,DIRECT SOURCE CAPACITY / TERNA API,PARTIAL_REPORTED_SUM_BLANKS_NOT_ZERO
2020,NORD,GT_CHP,UNRESOLVED,true,false,PROGRAMMABLE_THERMAL_PEAKER,718.90638,,,THERMOELECTRIC_CONVERSION_TECHNOLOGY,PRIMARY_ADDITIVE,true,TERNA_API_THERMOELECTRIC_CAPACITY_2020,c6e6c29676d12f0e2744f3182013e4a03f9d41828912e8b906f61cfb6c132b89,39,DIRECT SOURCE CAPACITY / TERNA API,ACQUIRED_FUEL_UNRESOLVED
2020,NORD,GT_NON_CHP,UNRESOLVED,true,false,PROGRAMMABLE_THERMAL_PEAKER,14.015,,,THERMOELECTRIC_CONVERSION_TECHNOLOGY,PRIMARY_ADDITIVE,true,TERNA_API_THERMOELECTRIC_CAPACITY_2020,c6e6c29676d12f0e2744f3182013e4a03f9d41828912e8b906f61cfb6c132b89,14,DIRECT SOURCE CAPACITY / TERNA API,ACQUIRED_FUEL_UNRESOLVED
2020,NORD,HYDRO_TOTAL_CONTROL,WATER,false,MIXED_INCLUDES_PUMPED_HYDRO,MIXED_HYDRO_CONTROL,14256.08271,12,REPORTED_VALUE_SUM_WITH_BLANKS_RETAINED_NOT_ZERO,RENEWABLE_SOURCE_CAPACITY,PRIMARY_ADDITIVE,true,TERNA_API_RENEWABLE_SOURCE_CAPACITY_2020,fd523982d8f2c853f6bef60478e32db3b2281264fff6f5883ed6755d57e3c2ab,58,DIRECT SOURCE CAPACITY / TERNA API,PARTIAL_REPORTED_SUM_BLANKS_NOT_ZERO
2020,NORD,INTERNAL_COMBUSTION_CHP,UNRESOLVED,true,false,PROGRAMMABLE_THERMAL_CHP,2641.24549,,,THERMOELECTRIC_CONVERSION_TECHNOLOGY,PRIMARY_ADDITIVE,true,TERNA_API_THERMOELECTRIC_CAPACITY_2020,c6e6c29676d12f0e2744f3182013e4a03f9d41828912e8b906f61cfb6c132b89,47,DIRECT SOURCE CAPACITY / TERNA API,ACQUIRED_FUEL_UNRESOLVED
2020,NORD,INTERNAL_COMBUSTION_NON_CHP,UNRESOLVED,true,false,PROGRAMMABLE_THERMAL_CHP,552.24985,,,THERMOELECTRIC_CONVERSION_TECHNOLOGY,PRIMARY_ADDITIVE,true,TERNA_API_THERMOELECTRIC_CAPACITY_2020,c6e6c29676d12f0e2744f3182013e4a03f9d41828912e8b906f61cfb6c132b89,47,DIRECT SOURCE CAPACITY / TERNA API,ACQUIRED_FUEL_UNRESOLVED
2020,NORD,OTHER_THERMAL,UNRESOLVED,false,false,PROGRAMMABLE_THERMAL,14.236,,,THERMOELECTRIC_CONVERSION_TECHNOLOGY,PRIMARY_ADDITIVE,true,TERNA_API_THERMOELECTRIC_CAPACITY_2020,c6e6c29676d12f0e2744f3182013e4a03f9d41828912e8b906f61cfb6c132b89,6,DIRECT SOURCE CAPACITY / TERNA API,ACQUIRED_FUEL_UNRESOLVED
2020,NORD,SOLAR_PV,SOLAR,false,false,VARIABLE_RENEWABLE,9649.716,11,REPORTED_VALUE_SUM_WITH_BLANKS_RETAINED_NOT_ZERO,RENEWABLE_SOURCE_CAPACITY,PRIMARY_ADDITIVE,true,TERNA_API_RENEWABLE_SOURCE_CAPACITY_2020,fd523982d8f2c853f6bef60478e32db3b2281264fff6f5883ed6755d57e3c2ab,58,DIRECT SOURCE CAPACITY / TERNA API,PARTIAL_REPORTED_SUM_BLANKS_NOT_ZERO
2020,NORD,STEAM_BACKPRESSURE_CHP,UNRESOLVED,true,false,PROGRAMMABLE_THERMAL_CHP,330.99,,,THERMOELECTRIC_CONVERSION_TECHNOLOGY,PRIMARY_ADDITIVE,true,TERNA_API_THERMOELECTRIC_CAPACITY_2020,c6e6c29676d12f0e2744f3182013e4a03f9d41828912e8b906f61cfb6c132b89,23,DIRECT SOURCE CAPACITY / TERNA API,ACQUIRED_FUEL_UNRESOLVED
2020,NORD,STEAM_CONDENSING,UNRESOLVED,false,false,PROGRAMMABLE_THERMAL,2707.602,,,THERMOELECTRIC_CONVERSION_TECHNOLOGY,PRIMARY_ADDITIVE,true,TERNA_API_THERMOELECTRIC_CAPACITY_2020,c6e6c29676d12f0e2744f3182013e4a03f9d41828912e8b906f61cfb6c132b89,25,DIRECT SOURCE CAPACITY / TERNA API,ACQUIRED_FUEL_UNRESOLVED
2020,NORD,STEAM_EXTRACTION_CHP,UNRESOLVED,true,false,PROGRAMMABLE_THERMAL_CHP,746.228,,,THERMOELECTRIC_CONVERSION_TECHNOLOGY,PRIMARY_ADDITIVE,true,TERNA_API_THERMOELECTRIC_CAPACITY_2020,c6e6c29676d12f0e2744f3182013e4a03f9d41828912e8b906f61cfb6c132b89,25,DIRECT SOURCE CAPACITY / TERNA API,ACQUIRED_FUEL_UNRESOLVED
2020,NORD,TURBO_EXPANSION,UNRESOLVED,false,false,PROGRAMMABLE_THERMAL,35.103,,,THERMOELECTRIC_CONVERSION_TECHNOLOGY,PRIMARY_ADDITIVE,true,TERNA_API_THERMOELECTRIC_CAPACITY_2020,c6e6c29676d12f0e2744f3182013e4a03f9d41828912e8b906f61cfb6c132b89,28,DIRECT SOURCE CAPACITY / TERNA API,ACQUIRED_FUEL_UNRESOLVED
2020,NORD,WIND_AGGREGATE_UNSPLIT,WIND,false,false,VARIABLE_RENEWABLE,145.006,0,COMPLETE_NUMERIC_REPORTED_ROWS,RENEWABLE_SOURCE_CAPACITY,PRIMARY_ADDITIVE,true,TERNA_API_RENEWABLE_SOURCE_CAPACITY_2020,fd523982d8f2c853f6bef60478e32db3b2281264fff6f5883ed6755d57e3c2ab,35,DIRECT SOURCE CAPACITY / TERNA API,ACQUIRED_WIND_ONSHORE_OFFSHORE_NOT_SEPARATED
2020,CNOR,BIOENERGY,BIOENERGY,MIXED_UNRESOLVED,false,PROGRAMMABLE_RENEWABLE,185.8623,0,COMPLETE_NUMERIC_REPORTED_ROWS,RENEWABLE_SOURCE_CAPACITY,SOURCE_SUBSET_OF_THERMOELECTRIC,false,TERNA_API_RENEWABLE_SOURCE_CAPACITY_2020,fd523982d8f2c853f6bef60478e32db3b2281264fff6f5883ed6755d57e3c2ab,15,DIRECT SOURCE CAPACITY / TERNA API,ACQUIRED_NON_ADDITIVE_CROSS_CLASSIFICATION
2020,CNOR,CCGT_CHP,UNRESOLVED,true,false,PROGRAMMABLE_THERMAL_PEAKER,1675.616,,,THERMOELECTRIC_CONVERSION_TECHNOLOGY,PRIMARY_ADDITIVE,true,TERNA_API_THERMOELECTRIC_CAPACITY_2020,c6e6c29676d12f0e2744f3182013e4a03f9d41828912e8b906f61cfb6c132b89,4,DIRECT SOURCE CAPACITY / TERNA API,ACQUIRED_FUEL_UNRESOLVED
2020,CNOR,CCGT_NON_CHP,UNRESOLVED,true,false,PROGRAMMABLE_THERMAL_PEAKER,442.626,,,THERMOELECTRIC_CONVERSION_TECHNOLOGY,PRIMARY_ADDITIVE,true,TERNA_API_THERMOELECTRIC_CAPACITY_2020,c6e6c29676d12f0e2744f3182013e4a03f9d41828912e8b906f61cfb6c132b89,2,DIRECT SOURCE CAPACITY / TERNA API,ACQUIRED_FUEL_UNRESOLVED
2020,CNOR,FUEL_CELL_CHP,UNRESOLVED,true,false,PROGRAMMABLE_THERMAL_CHP,0.004,,,THERMOELECTRIC_CONVERSION_TECHNOLOGY,PRIMARY_ADDITIVE,true,TERNA_API_THERMOELECTRIC_CAPACITY_2020,c6e6c29676d12f0e2744f3182013e4a03f9d41828912e8b906f61cfb6c132b89,2,DIRECT SOURCE CAPACITY / TERNA API,ACQUIRED_FUEL_UNRESOLVED
2020,CNOR,FUEL_CELL_NON_CHP,UNRESOLVED,true,false,PROGRAMMABLE_THERMAL_CHP,0.018,,,THERMOELECTRIC_CONVERSION_TECHNOLOGY,PRIMARY_ADDITIVE,true,TERNA_API_THERMOELECTRIC_CAPACITY_2020,c6e6c29676d12f0e2744f3182013e4a03f9d41828912e8b906f61cfb6c132b89,2,DIRECT SOURCE CAPACITY / TERNA API,ACQUIRED_FUEL_UNRESOLVED
2020,CNOR,GEOTHERMAL,GEOTHERMAL_HEAT,false,false,PROGRAMMABLE_RENEWABLE_BASELOAD,771.79,,,THERMOELECTRIC_CONVERSION_TECHNOLOGY,PRIMARY_ADDITIVE,true,TERNA_API_THERMOELECTRIC_CAPACITY_2020,c6e6c29676d12f0e2744f3182013e4a03f9d41828912e8b906f61cfb6c132b89,3,DIRECT SOURCE CAPACITY / TERNA API,ACQUIRED_EXPLICIT_HISTORICAL_THERMO_LABEL
2020,CNOR,GEOTHERMAL,GEOTHERMAL_HEAT,false,false,PROGRAMMABLE_RENEWABLE,771.79,14,REPORTED_VALUE_SUM_WITH_BLANKS_RETAINED_NOT_ZERO,RENEWABLE_SOURCE_CAPACITY,SOURCE_CONTROL_OVERLAPS_EXPLICIT_THERMO_GEOTHERMAL_LABEL,false,TERNA_API_RENEWABLE_SOURCE_CAPACITY_2020,fd523982d8f2c853f6bef60478e32db3b2281264fff6f5883ed6755d57e3c2ab,17,DIRECT SOURCE CAPACITY / TERNA API,PARTIAL_REPORTED_SUM_BLANKS_NOT_ZERO
2020,CNOR,GT_CHP,UNRESOLVED,true,false,PROGRAMMABLE_THERMAL_PEAKER,111.205,,,THERMOELECTRIC_CONVERSION_TECHNOLOGY,PRIMARY_ADDITIVE,true,TERNA_API_THERMOELECTRIC_CAPACITY_2020,c6e6c29676d12f0e2744f3182013e4a03f9d41828912e8b906f61cfb6c132b89,10,DIRECT SOURCE CAPACITY / TERNA API,ACQUIRED_FUEL_UNRESOLVED
2020,CNOR,GT_NON_CHP,UNRESOLVED,true,false,PROGRAMMABLE_THERMAL_PEAKER,74.345,,,THERMOELECTRIC_CONVERSION_TECHNOLOGY,PRIMARY_ADDITIVE,true,TERNA_API_THERMOELECTRIC_CAPACITY_2020,c6e6c29676d12f0e2744f3182013e4a03f9d41828912e8b906f61cfb6c132b89,6,DIRECT SOURCE CAPACITY / TERNA API,ACQUIRED_FUEL_UNRESOLVED
2020,CNOR,HYDRO_TOTAL_CONTROL,WATER,false,MIXED_INCLUDES_PUMPED_HYDRO,MIXED_HYDRO_CONTROL,608.66355,3,REPORTED_VALUE_SUM_WITH_BLANKS_RETAINED_NOT_ZERO,RENEWABLE_SOURCE_CAPACITY,PRIMARY_ADDITIVE,true,TERNA_API_RENEWABLE_SOURCE_CAPACITY_2020,fd523982d8f2c853f6bef60478e32db3b2281264fff6f5883ed6755d57e3c2ab,17,DIRECT SOURCE CAPACITY / TERNA API,PARTIAL_REPORTED_SUM_BLANKS_NOT_ZERO
2020,CNOR,INTERNAL_COMBUSTION_CHP,UNRESOLVED,true,false,PROGRAMMABLE_THERMAL_CHP,279.97516,,,THERMOELECTRIC_CONVERSION_TECHNOLOGY,PRIMARY_ADDITIVE,true,TERNA_API_THERMOELECTRIC_CAPACITY_2020,c6e6c29676d12f0e2744f3182013e4a03f9d41828912e8b906f61cfb6c132b89,15,DIRECT SOURCE CAPACITY / TERNA API,ACQUIRED_FUEL_UNRESOLVED
2020,CNOR,INTERNAL_COMBUSTION_NON_CHP,UNRESOLVED,true,false,PROGRAMMABLE_THERMAL_CHP,66.3303,,,THERMOELECTRIC_CONVERSION_TECHNOLOGY,PRIMARY_ADDITIVE,true,TERNA_API_THERMOELECTRIC_CAPACITY_2020,c6e6c29676d12f0e2744f3182013e4a03f9d41828912e8b906f61cfb6c132b89,14,DIRECT SOURCE CAPACITY / TERNA API,ACQUIRED_FUEL_UNRESOLVED
2020,CNOR,SOLAR_PV,SOLAR,false,false,VARIABLE_RENEWABLE,1984.229,2,REPORTED_VALUE_SUM_WITH_BLANKS_RETAINED_NOT_ZERO,RENEWABLE_SOURCE_CAPACITY,PRIMARY_ADDITIVE,true,TERNA_API_RENEWABLE_SOURCE_CAPACITY_2020,fd523982d8f2c853f6bef60478e32db3b2281264fff6f5883ed6755d57e3c2ab,17,DIRECT SOURCE CAPACITY / TERNA API,PARTIAL_REPORTED_SUM_BLANKS_NOT_ZERO
2020,CNOR,STEAM_BACKPRESSURE_CHP,UNRESOLVED,true,false,PROGRAMMABLE_THERMAL_CHP,12.51,,,THERMOELECTRIC_CONVERSION_TECHNOLOGY,PRIMARY_ADDITIVE,true,TERNA_API_THERMOELECTRIC_CAPACITY_2020,c6e6c29676d12f0e2744f3182013e4a03f9d41828912e8b906f61cfb6c132b89,3,DIRECT SOURCE CAPACITY / TERNA API,ACQUIRED_FUEL_UNRESOLVED
2020,CNOR,STEAM_CONDENSING,UNRESOLVED,false,false,PROGRAMMABLE_THERMAL,34.185,,,THERMOELECTRIC_CONVERSION_TECHNOLOGY,PRIMARY_ADDITIVE,true,TERNA_API_THERMOELECTRIC_CAPACITY_2020,c6e6c29676d12f0e2744f3182013e4a03f9d41828912e8b906f61cfb6c132b89,6,DIRECT SOURCE CAPACITY / TERNA API,ACQUIRED_FUEL_UNRESOLVED
2020,CNOR,STEAM_EXTRACTION_CHP,UNRESOLVED,true,false,PROGRAMMABLE_THERMAL_CHP,69.399,,,THERMOELECTRIC_CONVERSION_TECHNOLOGY,PRIMARY_ADDITIVE,true,TERNA_API_THERMOELECTRIC_CAPACITY_2020,c6e6c29676d12f0e2744f3182013e4a03f9d41828912e8b906f61cfb6c132b89,4,DIRECT SOURCE CAPACITY / TERNA API,ACQUIRED_FUEL_UNRESOLVED
2020,CNOR,TURBO_EXPANSION,UNRESOLVED,false,false,PROGRAMMABLE_THERMAL,33.847,,,THERMOELECTRIC_CONVERSION_TECHNOLOGY,PRIMARY_ADDITIVE,true,TERNA_API_THERMOELECTRIC_CAPACITY_2020,c6e6c29676d12f0e2744f3182013e4a03f9d41828912e8b906f61cfb6c132b89,3,DIRECT SOURCE CAPACITY / TERNA API,ACQUIRED_FUEL_UNRESOLVED
2020,CNOR,WIND_AGGREGATE_UNSPLIT,WIND,false,false,VARIABLE_RENEWABLE,162.719,0,COMPLETE_NUMERIC_REPORTED_ROWS,RENEWABLE_SOURCE_CAPACITY,PRIMARY_ADDITIVE,true,TERNA_API_RENEWABLE_SOURCE_CAPACITY_2020,fd523982d8f2c853f6bef60478e32db3b2281264fff6f5883ed6755d57e3c2ab,15,DIRECT SOURCE CAPACITY / TERNA API,ACQUIRED_WIND_ONSHORE_OFFSHORE_NOT_SEPARATED
2020,CSUD,BIOENERGY,BIOENERGY,MIXED_UNRESOLVED,false,PROGRAMMABLE_RENEWABLE,453.697,0,COMPLETE_NUMERIC_REPORTED_ROWS,RENEWABLE_SOURCE_CAPACITY,SOURCE_SUBSET_OF_THERMOELECTRIC,false,TERNA_API_RENEWABLE_SOURCE_CAPACITY_2020,fd523982d8f2c853f6bef60478e32db3b2281264fff6f5883ed6755d57e3c2ab,16,DIRECT SOURCE CAPACITY / TERNA API,ACQUIRED_NON_ADDITIVE_CROSS_CLASSIFICATION
2020,CSUD,CCGT_CHP,UNRESOLVED,true,false,PROGRAMMABLE_THERMAL_PEAKER,682.056,,,THERMOELECTRIC_CONVERSION_TECHNOLOGY,PRIMARY_ADDITIVE,true,TERNA_API_THERMOELECTRIC_CAPACITY_2020,c6e6c29676d12f0e2744f3182013e4a03f9d41828912e8b906f61cfb6c132b89,8,DIRECT SOURCE CAPACITY / TERNA API,ACQUIRED_FUEL_UNRESOLVED
2020,CSUD,CCGT_NON_CHP,UNRESOLVED,true,false,PROGRAMMABLE_THERMAL_PEAKER,4733.3,,,THERMOELECTRIC_CONVERSION_TECHNOLOGY,PRIMARY_ADDITIVE,true,TERNA_API_THERMOELECTRIC_CAPACITY_2020,c6e6c29676d12f0e2744f3182013e4a03f9d41828912e8b906f61cfb6c132b89,6,DIRECT SOURCE CAPACITY / TERNA API,ACQUIRED_FUEL_UNRESOLVED
2020,CSUD,GEOTHERMAL,GEOTHERMAL_HEAT,false,false,PROGRAMMABLE_RENEWABLE,0,16,REPORTED_VALUE_SUM_WITH_BLANKS_RETAINED_NOT_ZERO,RENEWABLE_SOURCE_CAPACITY,SOURCE_CONTROL_OVERLAPS_EXPLICIT_THERMO_GEOTHERMAL_LABEL,false,TERNA_API_RENEWABLE_SOURCE_CAPACITY_2020,fd523982d8f2c853f6bef60478e32db3b2281264fff6f5883ed6755d57e3c2ab,16,DIRECT SOURCE CAPACITY / TERNA API,PARTIAL_REPORTED_SUM_BLANKS_NOT_ZERO
2020,CSUD,GT_CHP,UNRESOLVED,true,false,PROGRAMMABLE_THERMAL_PEAKER,88.866,,,THERMOELECTRIC_CONVERSION_TECHNOLOGY,PRIMARY_ADDITIVE,true,TERNA_API_THERMOELECTRIC_CAPACITY_2020,c6e6c29676d12f0e2744f3182013e4a03f9d41828912e8b906f61cfb6c132b89,6,DIRECT SOURCE CAPACITY / TERNA API,ACQUIRED_FUEL_UNRESOLVED
2020,CSUD,GT_NON_CHP,UNRESOLVED,true,false,PROGRAMMABLE_THERMAL_PEAKER,1053.55,,,THERMOELECTRIC_CONVERSION_TECHNOLOGY,PRIMARY_ADDITIVE,true,TERNA_API_THERMOELECTRIC_CAPACITY_2020,c6e6c29676d12f0e2744f3182013e4a03f9d41828912e8b906f61cfb6c132b89,4,DIRECT SOURCE CAPACITY / TERNA API,ACQUIRED_FUEL_UNRESOLVED
2020,CSUD,HYDRO_TOTAL_CONTROL,WATER,false,MIXED_INCLUDES_PUMPED_HYDRO,MIXED_HYDRO_CONTROL,2257.24963,1,REPORTED_VALUE_SUM_WITH_BLANKS_RETAINED_NOT_ZERO,RENEWABLE_SOURCE_CAPACITY,PRIMARY_ADDITIVE,true,TERNA_API_RENEWABLE_SOURCE_CAPACITY_2020,fd523982d8f2c853f6bef60478e32db3b2281264fff6f5883ed6755d57e3c2ab,16,DIRECT SOURCE CAPACITY / TERNA API,PARTIAL_REPORTED_SUM_BLANKS_NOT_ZERO
2020,CSUD,INTERNAL_COMBUSTION_CHP,UNRESOLVED,true,false,PROGRAMMABLE_THERMAL_CHP,507.128,,,THERMOELECTRIC_CONVERSION_TECHNOLOGY,PRIMARY_ADDITIVE,true,TERNA_API_THERMOELECTRIC_CAPACITY_2020,c6e6c29676d12f0e2744f3182013e4a03f9d41828912e8b906f61cfb6c132b89,16,DIRECT SOURCE CAPACITY / TERNA API,ACQUIRED_FUEL_UNRESOLVED
2020,CSUD,INTERNAL_COMBUSTION_NON_CHP,UNRESOLVED,true,false,PROGRAMMABLE_THERMAL_CHP,190.192,,,THERMOELECTRIC_CONVERSION_TECHNOLOGY,PRIMARY_ADDITIVE,true,TERNA_API_THERMOELECTRIC_CAPACITY_2020,c6e6c29676d12f0e2744f3182013e4a03f9d41828912e8b906f61cfb6c132b89,16,DIRECT SOURCE CAPACITY / TERNA API,ACQUIRED_FUEL_UNRESOLVED
2020,CSUD,OTHER_THERMAL,UNRESOLVED,false,false,PROGRAMMABLE_THERMAL,5.2,,,THERMOELECTRIC_CONVERSION_TECHNOLOGY,PRIMARY_ADDITIVE,true,TERNA_API_THERMOELECTRIC_CAPACITY_2020,c6e6c29676d12f0e2744f3182013e4a03f9d41828912e8b906f61cfb6c132b89,1,DIRECT SOURCE CAPACITY / TERNA API,ACQUIRED_FUEL_UNRESOLVED
2020,CSUD,SOLAR_PV,SOLAR,false,false,VARIABLE_RENEWABLE,3547.445,0,COMPLETE_NUMERIC_REPORTED_ROWS,RENEWABLE_SOURCE_CAPACITY,PRIMARY_ADDITIVE,true,TERNA_API_RENEWABLE_SOURCE_CAPACITY_2020,fd523982d8f2c853f6bef60478e32db3b2281264fff6f5883ed6755d57e3c2ab,16,DIRECT SOURCE CAPACITY / TERNA API,ACQUIRED
2020,CSUD,STEAM_BACKPRESSURE_CHP,UNRESOLVED,true,false,PROGRAMMABLE_THERMAL_CHP,32.03,,,THERMOELECTRIC_CONVERSION_TECHNOLOGY,PRIMARY_ADDITIVE,true,TERNA_API_THERMOELECTRIC_CAPACITY_2020,c6e6c29676d12f0e2744f3182013e4a03f9d41828912e8b906f61cfb6c132b89,1,DIRECT SOURCE CAPACITY / TERNA API,ACQUIRED_FUEL_UNRESOLVED
2020,CSUD,STEAM_CONDENSING,UNRESOLVED,false,false,PROGRAMMABLE_THERMAL,1995.649,,,THERMOELECTRIC_CONVERSION_TECHNOLOGY,PRIMARY_ADDITIVE,true,TERNA_API_THERMOELECTRIC_CAPACITY_2020,c6e6c29676d12f0e2744f3182013e4a03f9d41828912e8b906f61cfb6c132b89,7,DIRECT SOURCE CAPACITY / TERNA API,ACQUIRED_FUEL_UNRESOLVED
2020,CSUD,STEAM_EXTRACTION_CHP,UNRESOLVED,true,false,PROGRAMMABLE_THERMAL_CHP,43.384,,,THERMOELECTRIC_CONVERSION_TECHNOLOGY,PRIMARY_ADDITIVE,true,TERNA_API_THERMOELECTRIC_CAPACITY_2020,c6e6c29676d12f0e2744f3182013e4a03f9d41828912e8b906f61cfb6c132b89,5,DIRECT SOURCE CAPACITY / TERNA API,ACQUIRED_FUEL_UNRESOLVED
2020,CSUD,TURBO_EXPANSION,UNRESOLVED,false,false,PROGRAMMABLE_THERMAL,24.64,,,THERMOELECTRIC_CONVERSION_TECHNOLOGY,PRIMARY_ADDITIVE,true,TERNA_API_THERMOELECTRIC_CAPACITY_2020,c6e6c29676d12f0e2744f3182013e4a03f9d41828912e8b906f61cfb6c132b89,3,DIRECT SOURCE CAPACITY / TERNA API,ACQUIRED_FUEL_UNRESOLVED
2020,CSUD,WIND_AGGREGATE_UNSPLIT,WIND,false,false,VARIABLE_RENEWABLE,2079.818,0,COMPLETE_NUMERIC_REPORTED_ROWS,RENEWABLE_SOURCE_CAPACITY,PRIMARY_ADDITIVE,true,TERNA_API_RENEWABLE_SOURCE_CAPACITY_2020,fd523982d8f2c853f6bef60478e32db3b2281264fff6f5883ed6755d57e3c2ab,15,DIRECT SOURCE CAPACITY / TERNA API,ACQUIRED_WIND_ONSHORE_OFFSHORE_NOT_SEPARATED
2020,SUD,BIOENERGY,BIOENERGY,MIXED_UNRESOLVED,false,PROGRAMMABLE_RENEWABLE,443.166,0,COMPLETE_NUMERIC_REPORTED_ROWS,RENEWABLE_SOURCE_CAPACITY,SOURCE_SUBSET_OF_THERMOELECTRIC,false,TERNA_API_RENEWABLE_SOURCE_CAPACITY_2020,fd523982d8f2c853f6bef60478e32db3b2281264fff6f5883ed6755d57e3c2ab,10,DIRECT SOURCE CAPACITY / TERNA API,ACQUIRED_NON_ADDITIVE_CROSS_CLASSIFICATION
2020,SUD,CCGT_CHP,UNRESOLVED,true,false,PROGRAMMABLE_THERMAL_PEAKER,2186.536,,,THERMOELECTRIC_CONVERSION_TECHNOLOGY,PRIMARY_ADDITIVE,true,TERNA_API_THERMOELECTRIC_CAPACITY_2020,c6e6c29676d12f0e2744f3182013e4a03f9d41828912e8b906f61cfb6c132b89,4,DIRECT SOURCE CAPACITY / TERNA API,ACQUIRED_FUEL_UNRESOLVED
2020,SUD,CCGT_NON_CHP,UNRESOLVED,true,false,PROGRAMMABLE_THERMAL_PEAKER,2203.07,,,THERMOELECTRIC_CONVERSION_TECHNOLOGY,PRIMARY_ADDITIVE,true,TERNA_API_THERMOELECTRIC_CAPACITY_2020,c6e6c29676d12f0e2744f3182013e4a03f9d41828912e8b906f61cfb6c132b89,5,DIRECT SOURCE CAPACITY / TERNA API,ACQUIRED_FUEL_UNRESOLVED
2020,SUD,FUEL_CELL_CHP,UNRESOLVED,true,false,PROGRAMMABLE_THERMAL_CHP,0.004,,,THERMOELECTRIC_CONVERSION_TECHNOLOGY,PRIMARY_ADDITIVE,true,TERNA_API_THERMOELECTRIC_CAPACITY_2020,c6e6c29676d12f0e2744f3182013e4a03f9d41828912e8b906f61cfb6c132b89,2,DIRECT SOURCE CAPACITY / TERNA API,ACQUIRED_FUEL_UNRESOLVED
2020,SUD,FUEL_CELL_NON_CHP,UNRESOLVED,true,false,PROGRAMMABLE_THERMAL_CHP,0.2,,,THERMOELECTRIC_CONVERSION_TECHNOLOGY,PRIMARY_ADDITIVE,true,TERNA_API_THERMOELECTRIC_CAPACITY_2020,c6e6c29676d12f0e2744f3182013e4a03f9d41828912e8b906f61cfb6c132b89,2,DIRECT SOURCE CAPACITY / TERNA API,ACQUIRED_FUEL_UNRESOLVED
2020,SUD,GEOTHERMAL,GEOTHERMAL_HEAT,false,false,PROGRAMMABLE_RENEWABLE,0,12,REPORTED_VALUE_SUM_WITH_BLANKS_RETAINED_NOT_ZERO,RENEWABLE_SOURCE_CAPACITY,SOURCE_CONTROL_OVERLAPS_EXPLICIT_THERMO_GEOTHERMAL_LABEL,false,TERNA_API_RENEWABLE_SOURCE_CAPACITY_2020,fd523982d8f2c853f6bef60478e32db3b2281264fff6f5883ed6755d57e3c2ab,12,DIRECT SOURCE CAPACITY / TERNA API,PARTIAL_REPORTED_SUM_BLANKS_NOT_ZERO
2020,SUD,GT_CHP,UNRESOLVED,true,false,PROGRAMMABLE_THERMAL_PEAKER,46.25,,,THERMOELECTRIC_CONVERSION_TECHNOLOGY,PRIMARY_ADDITIVE,true,TERNA_API_THERMOELECTRIC_CAPACITY_2020,c6e6c29676d12f0e2744f3182013e4a03f9d41828912e8b906f61cfb6c132b89,4,DIRECT SOURCE CAPACITY / TERNA API,ACQUIRED_FUEL_UNRESOLVED
2020,SUD,GT_NON_CHP,UNRESOLVED,true,false,PROGRAMMABLE_THERMAL_PEAKER,251.585,,,THERMOELECTRIC_CONVERSION_TECHNOLOGY,PRIMARY_ADDITIVE,true,TERNA_API_THERMOELECTRIC_CAPACITY_2020,c6e6c29676d12f0e2744f3182013e4a03f9d41828912e8b906f61cfb6c132b89,2,DIRECT SOURCE CAPACITY / TERNA API,ACQUIRED_FUEL_UNRESOLVED
2020,SUD,HYDRO_TOTAL_CONTROL,WATER,false,MIXED_INCLUDES_PUMPED_HYDRO,MIXED_HYDRO_CONTROL,222.54415,4,REPORTED_VALUE_SUM_WITH_BLANKS_RETAINED_NOT_ZERO,RENEWABLE_SOURCE_CAPACITY,PRIMARY_ADDITIVE,true,TERNA_API_RENEWABLE_SOURCE_CAPACITY_2020,fd523982d8f2c853f6bef60478e32db3b2281264fff6f5883ed6755d57e3c2ab,12,DIRECT SOURCE CAPACITY / TERNA API,PARTIAL_REPORTED_SUM_BLANKS_NOT_ZERO
2020,SUD,INTERNAL_COMBUSTION_CHP,UNRESOLVED,true,false,PROGRAMMABLE_THERMAL_CHP,103.055,,,THERMOELECTRIC_CONVERSION_TECHNOLOGY,PRIMARY_ADDITIVE,true,TERNA_API_THERMOELECTRIC_CAPACITY_2020,c6e6c29676d12f0e2744f3182013e4a03f9d41828912e8b906f61cfb6c132b89,10,DIRECT SOURCE CAPACITY / TERNA API,ACQUIRED_FUEL_UNRESOLVED
2020,SUD,INTERNAL_COMBUSTION_NON_CHP,UNRESOLVED,true,false,PROGRAMMABLE_THERMAL_CHP,146.07,,,THERMOELECTRIC_CONVERSION_TECHNOLOGY,PRIMARY_ADDITIVE,true,TERNA_API_THERMOELECTRIC_CAPACITY_2020,c6e6c29676d12f0e2744f3182013e4a03f9d41828912e8b906f61cfb6c132b89,10,DIRECT SOURCE CAPACITY / TERNA API,ACQUIRED_FUEL_UNRESOLVED
2020,SUD,OTHER_THERMAL,UNRESOLVED,false,false,PROGRAMMABLE_THERMAL,80.8,,,THERMOELECTRIC_CONVERSION_TECHNOLOGY,PRIMARY_ADDITIVE,true,TERNA_API_THERMOELECTRIC_CAPACITY_2020,c6e6c29676d12f0e2744f3182013e4a03f9d41828912e8b906f61cfb6c132b89,1,DIRECT SOURCE CAPACITY / TERNA API,ACQUIRED_FUEL_UNRESOLVED
2020,SUD,SOLAR_PV,SOLAR,false,false,VARIABLE_RENEWABLE,3456.396,2,REPORTED_VALUE_SUM_WITH_BLANKS_RETAINED_NOT_ZERO,RENEWABLE_SOURCE_CAPACITY,PRIMARY_ADDITIVE,true,TERNA_API_RENEWABLE_SOURCE_CAPACITY_2020,fd523982d8f2c853f6bef60478e32db3b2281264fff6f5883ed6755d57e3c2ab,12,DIRECT SOURCE CAPACITY / TERNA API,PARTIAL_REPORTED_SUM_BLANKS_NOT_ZERO
2020,SUD,STEAM_BACKPRESSURE_CHP,UNRESOLVED,true,false,PROGRAMMABLE_THERMAL_CHP,7.951,,,THERMOELECTRIC_CONVERSION_TECHNOLOGY,PRIMARY_ADDITIVE,true,TERNA_API_THERMOELECTRIC_CAPACITY_2020,c6e6c29676d12f0e2744f3182013e4a03f9d41828912e8b906f61cfb6c132b89,1,DIRECT SOURCE CAPACITY / TERNA API,ACQUIRED_FUEL_UNRESOLVED
2020,SUD,STEAM_CONDENSING,UNRESOLVED,false,false,PROGRAMMABLE_THERMAL,2500.49,,,THERMOELECTRIC_CONVERSION_TECHNOLOGY,PRIMARY_ADDITIVE,true,TERNA_API_THERMOELECTRIC_CAPACITY_2020,c6e6c29676d12f0e2744f3182013e4a03f9d41828912e8b906f61cfb6c132b89,6,DIRECT SOURCE CAPACITY / TERNA API,ACQUIRED_FUEL_UNRESOLVED
2020,SUD,STEAM_EXTRACTION_CHP,UNRESOLVED,true,false,PROGRAMMABLE_THERMAL_CHP,533.49,,,THERMOELECTRIC_CONVERSION_TECHNOLOGY,PRIMARY_ADDITIVE,true,TERNA_API_THERMOELECTRIC_CAPACITY_2020,c6e6c29676d12f0e2744f3182013e4a03f9d41828912e8b906f61cfb6c132b89,4,DIRECT SOURCE CAPACITY / TERNA API,ACQUIRED_FUEL_UNRESOLVED
2020,SUD,TURBO_EXPANSION,UNRESOLVED,false,false,PROGRAMMABLE_THERMAL,45.185,,,THERMOELECTRIC_CONVERSION_TECHNOLOGY,PRIMARY_ADDITIVE,true,TERNA_API_THERMOELECTRIC_CAPACITY_2020,c6e6c29676d12f0e2744f3182013e4a03f9d41828912e8b906f61cfb6c132b89,3,DIRECT SOURCE CAPACITY / TERNA API,ACQUIRED_FUEL_UNRESOLVED
2020,SUD,WIND_AGGREGATE_UNSPLIT,WIND,false,false,VARIABLE_RENEWABLE,4292.316,0,COMPLETE_NUMERIC_REPORTED_ROWS,RENEWABLE_SOURCE_CAPACITY,PRIMARY_ADDITIVE,true,TERNA_API_RENEWABLE_SOURCE_CAPACITY_2020,fd523982d8f2c853f6bef60478e32db3b2281264fff6f5883ed6755d57e3c2ab,10,DIRECT SOURCE CAPACITY / TERNA API,ACQUIRED_WIND_ONSHORE_OFFSHORE_NOT_SEPARATED
2020,CALA,BIOENERGY,BIOENERGY,MIXED_UNRESOLVED,false,PROGRAMMABLE_RENEWABLE,179.435,0,COMPLETE_NUMERIC_REPORTED_ROWS,RENEWABLE_SOURCE_CAPACITY,SOURCE_SUBSET_OF_THERMOELECTRIC,false,TERNA_API_RENEWABLE_SOURCE_CAPACITY_2020,fd523982d8f2c853f6bef60478e32db3b2281264fff6f5883ed6755d57e3c2ab,5,DIRECT SOURCE CAPACITY / TERNA API,ACQUIRED_NON_ADDITIVE_CROSS_CLASSIFICATION
2020,CALA,CCGT_CHP,UNRESOLVED,true,false,PROGRAMMABLE_THERMAL_PEAKER,1651.835,,,THERMOELECTRIC_CONVERSION_TECHNOLOGY,PRIMARY_ADDITIVE,true,TERNA_API_THERMOELECTRIC_CAPACITY_2020,c6e6c29676d12f0e2744f3182013e4a03f9d41828912e8b906f61cfb6c132b89,2,DIRECT SOURCE CAPACITY / TERNA API,ACQUIRED_FUEL_UNRESOLVED
2020,CALA,CCGT_NON_CHP,UNRESOLVED,true,false,PROGRAMMABLE_THERMAL_PEAKER,1592,,,THERMOELECTRIC_CONVERSION_TECHNOLOGY,PRIMARY_ADDITIVE,true,TERNA_API_THERMOELECTRIC_CAPACITY_2020,c6e6c29676d12f0e2744f3182013e4a03f9d41828912e8b906f61cfb6c132b89,2,DIRECT SOURCE CAPACITY / TERNA API,ACQUIRED_FUEL_UNRESOLVED
2020,CALA,GEOTHERMAL,GEOTHERMAL_HEAT,false,false,PROGRAMMABLE_RENEWABLE,0,5,REPORTED_VALUE_SUM_WITH_BLANKS_RETAINED_NOT_ZERO,RENEWABLE_SOURCE_CAPACITY,SOURCE_CONTROL_OVERLAPS_EXPLICIT_THERMO_GEOTHERMAL_LABEL,false,TERNA_API_RENEWABLE_SOURCE_CAPACITY_2020,fd523982d8f2c853f6bef60478e32db3b2281264fff6f5883ed6755d57e3c2ab,5,DIRECT SOURCE CAPACITY / TERNA API,PARTIAL_REPORTED_SUM_BLANKS_NOT_ZERO
2020,CALA,GT_CHP,UNRESOLVED,true,false,PROGRAMMABLE_THERMAL_PEAKER,5.267,,,THERMOELECTRIC_CONVERSION_TECHNOLOGY,PRIMARY_ADDITIVE,true,TERNA_API_THERMOELECTRIC_CAPACITY_2020,c6e6c29676d12f0e2744f3182013e4a03f9d41828912e8b906f61cfb6c132b89,3,DIRECT SOURCE CAPACITY / TERNA API,ACQUIRED_FUEL_UNRESOLVED
2020,CALA,GT_NON_CHP,UNRESOLVED,true,false,PROGRAMMABLE_THERMAL_PEAKER,228.014,,,THERMOELECTRIC_CONVERSION_TECHNOLOGY,PRIMARY_ADDITIVE,true,TERNA_API_THERMOELECTRIC_CAPACITY_2020,c6e6c29676d12f0e2744f3182013e4a03f9d41828912e8b906f61cfb6c132b89,3,DIRECT SOURCE CAPACITY / TERNA API,ACQUIRED_FUEL_UNRESOLVED
2020,CALA,HYDRO_TOTAL_CONTROL,WATER,false,MIXED_INCLUDES_PUMPED_HYDRO,MIXED_HYDRO_CONTROL,778.375,0,COMPLETE_NUMERIC_REPORTED_ROWS,RENEWABLE_SOURCE_CAPACITY,PRIMARY_ADDITIVE,true,TERNA_API_RENEWABLE_SOURCE_CAPACITY_2020,fd523982d8f2c853f6bef60478e32db3b2281264fff6f5883ed6755d57e3c2ab,5,DIRECT SOURCE CAPACITY / TERNA API,ACQUIRED
2020,CALA,INTERNAL_COMBUSTION_CHP,UNRESOLVED,true,false,PROGRAMMABLE_THERMAL_CHP,34.286,,,THERMOELECTRIC_CONVERSION_TECHNOLOGY,PRIMARY_ADDITIVE,true,TERNA_API_THERMOELECTRIC_CAPACITY_2020,c6e6c29676d12f0e2744f3182013e4a03f9d41828912e8b906f61cfb6c132b89,5,DIRECT SOURCE CAPACITY / TERNA API,ACQUIRED_FUEL_UNRESOLVED
2020,CALA,INTERNAL_COMBUSTION_NON_CHP,UNRESOLVED,true,false,PROGRAMMABLE_THERMAL_CHP,7.524,,,THERMOELECTRIC_CONVERSION_TECHNOLOGY,PRIMARY_ADDITIVE,true,TERNA_API_THERMOELECTRIC_CAPACITY_2020,c6e6c29676d12f0e2744f3182013e4a03f9d41828912e8b906f61cfb6c132b89,5,DIRECT SOURCE CAPACITY / TERNA API,ACQUIRED_FUEL_UNRESOLVED
2020,CALA,SOLAR_PV,SOLAR,false,false,VARIABLE_RENEWABLE,551.897,0,COMPLETE_NUMERIC_REPORTED_ROWS,RENEWABLE_SOURCE_CAPACITY,PRIMARY_ADDITIVE,true,TERNA_API_RENEWABLE_SOURCE_CAPACITY_2020,fd523982d8f2c853f6bef60478e32db3b2281264fff6f5883ed6755d57e3c2ab,5,DIRECT SOURCE CAPACITY / TERNA API,ACQUIRED
2020,CALA,STEAM_CONDENSING,UNRESOLVED,false,false,PROGRAMMABLE_THERMAL,136.129,,,THERMOELECTRIC_CONVERSION_TECHNOLOGY,PRIMARY_ADDITIVE,true,TERNA_API_THERMOELECTRIC_CAPACITY_2020,c6e6c29676d12f0e2744f3182013e4a03f9d41828912e8b906f61cfb6c132b89,3,DIRECT SOURCE CAPACITY / TERNA API,ACQUIRED_FUEL_UNRESOLVED
2020,CALA,STEAM_EXTRACTION_CHP,UNRESOLVED,true,false,PROGRAMMABLE_THERMAL_CHP,20,,,THERMOELECTRIC_CONVERSION_TECHNOLOGY,PRIMARY_ADDITIVE,true,TERNA_API_THERMOELECTRIC_CAPACITY_2020,c6e6c29676d12f0e2744f3182013e4a03f9d41828912e8b906f61cfb6c132b89,2,DIRECT SOURCE CAPACITY / TERNA API,ACQUIRED_FUEL_UNRESOLVED
2020,CALA,WIND_AGGREGATE_UNSPLIT,WIND,false,false,VARIABLE_RENEWABLE,1186.714,0,COMPLETE_NUMERIC_REPORTED_ROWS,RENEWABLE_SOURCE_CAPACITY,PRIMARY_ADDITIVE,true,TERNA_API_RENEWABLE_SOURCE_CAPACITY_2020,fd523982d8f2c853f6bef60478e32db3b2281264fff6f5883ed6755d57e3c2ab,5,DIRECT SOURCE CAPACITY / TERNA API,ACQUIRED_WIND_ONSHORE_OFFSHORE_NOT_SEPARATED
2020,SICI,BIOENERGY,BIOENERGY,MIXED_UNRESOLVED,false,PROGRAMMABLE_RENEWABLE,68.044,0,COMPLETE_NUMERIC_REPORTED_ROWS,RENEWABLE_SOURCE_CAPACITY,SOURCE_SUBSET_OF_THERMOELECTRIC,false,TERNA_API_RENEWABLE_SOURCE_CAPACITY_2020,fd523982d8f2c853f6bef60478e32db3b2281264fff6f5883ed6755d57e3c2ab,9,DIRECT SOURCE CAPACITY / TERNA API,ACQUIRED_NON_ADDITIVE_CROSS_CLASSIFICATION
2020,SICI,CCGT_CHP,UNRESOLVED,true,false,PROGRAMMABLE_THERMAL_PEAKER,1452.426,,,THERMOELECTRIC_CONVERSION_TECHNOLOGY,PRIMARY_ADDITIVE,true,TERNA_API_THERMOELECTRIC_CAPACITY_2020,c6e6c29676d12f0e2744f3182013e4a03f9d41828912e8b906f61cfb6c132b89,2,DIRECT SOURCE CAPACITY / TERNA API,ACQUIRED_FUEL_UNRESOLVED
2020,SICI,CCGT_NON_CHP,UNRESOLVED,true,false,PROGRAMMABLE_THERMAL_PEAKER,1523.89,,,THERMOELECTRIC_CONVERSION_TECHNOLOGY,PRIMARY_ADDITIVE,true,TERNA_API_THERMOELECTRIC_CAPACITY_2020,c6e6c29676d12f0e2744f3182013e4a03f9d41828912e8b906f61cfb6c132b89,2,DIRECT SOURCE CAPACITY / TERNA API,ACQUIRED_FUEL_UNRESOLVED
2020,SICI,GEOTHERMAL,GEOTHERMAL_HEAT,false,false,PROGRAMMABLE_RENEWABLE,0,9,REPORTED_VALUE_SUM_WITH_BLANKS_RETAINED_NOT_ZERO,RENEWABLE_SOURCE_CAPACITY,SOURCE_CONTROL_OVERLAPS_EXPLICIT_THERMO_GEOTHERMAL_LABEL,false,TERNA_API_RENEWABLE_SOURCE_CAPACITY_2020,fd523982d8f2c853f6bef60478e32db3b2281264fff6f5883ed6755d57e3c2ab,9,DIRECT SOURCE CAPACITY / TERNA API,PARTIAL_REPORTED_SUM_BLANKS_NOT_ZERO
2020,SICI,GT_CHP,UNRESOLVED,true,false,PROGRAMMABLE_THERMAL_PEAKER,55.295,,,THERMOELECTRIC_CONVERSION_TECHNOLOGY,PRIMARY_ADDITIVE,true,TERNA_API_THERMOELECTRIC_CAPACITY_2020,c6e6c29676d12f0e2744f3182013e4a03f9d41828912e8b906f61cfb6c132b89,2,DIRECT SOURCE CAPACITY / TERNA API,ACQUIRED_FUEL_UNRESOLVED
2020,SICI,GT_NON_CHP,UNRESOLVED,true,false,PROGRAMMABLE_THERMAL_PEAKER,531.42,,,THERMOELECTRIC_CONVERSION_TECHNOLOGY,PRIMARY_ADDITIVE,true,TERNA_API_THERMOELECTRIC_CAPACITY_2020,c6e6c29676d12f0e2744f3182013e4a03f9d41828912e8b906f61cfb6c132b89,3,DIRECT SOURCE CAPACITY / TERNA API,ACQUIRED_FUEL_UNRESOLVED
2020,SICI,HYDRO_TOTAL_CONTROL,WATER,false,MIXED_INCLUDES_PUMPED_HYDRO,MIXED_HYDRO_CONTROL,136.051,1,REPORTED_VALUE_SUM_WITH_BLANKS_RETAINED_NOT_ZERO,RENEWABLE_SOURCE_CAPACITY,PRIMARY_ADDITIVE,true,TERNA_API_RENEWABLE_SOURCE_CAPACITY_2020,fd523982d8f2c853f6bef60478e32db3b2281264fff6f5883ed6755d57e3c2ab,9,DIRECT SOURCE CAPACITY / TERNA API,PARTIAL_REPORTED_SUM_BLANKS_NOT_ZERO
2020,SICI,INTERNAL_COMBUSTION_CHP,UNRESOLVED,true,false,PROGRAMMABLE_THERMAL_CHP,42.831,,,THERMOELECTRIC_CONVERSION_TECHNOLOGY,PRIMARY_ADDITIVE,true,TERNA_API_THERMOELECTRIC_CAPACITY_2020,c6e6c29676d12f0e2744f3182013e4a03f9d41828912e8b906f61cfb6c132b89,8,DIRECT SOURCE CAPACITY / TERNA API,ACQUIRED_FUEL_UNRESOLVED
2020,SICI,INTERNAL_COMBUSTION_NON_CHP,UNRESOLVED,true,false,PROGRAMMABLE_THERMAL_CHP,173.418,,,THERMOELECTRIC_CONVERSION_TECHNOLOGY,PRIMARY_ADDITIVE,true,TERNA_API_THERMOELECTRIC_CAPACITY_2020,c6e6c29676d12f0e2744f3182013e4a03f9d41828912e8b906f61cfb6c132b89,7,DIRECT SOURCE CAPACITY / TERNA API,ACQUIRED_FUEL_UNRESOLVED
2020,SICI,SOLAR_PV,SOLAR,false,false,VARIABLE_RENEWABLE,1486.579,0,COMPLETE_NUMERIC_REPORTED_ROWS,RENEWABLE_SOURCE_CAPACITY,PRIMARY_ADDITIVE,true,TERNA_API_RENEWABLE_SOURCE_CAPACITY_2020,fd523982d8f2c853f6bef60478e32db3b2281264fff6f5883ed6755d57e3c2ab,9,DIRECT SOURCE CAPACITY / TERNA API,ACQUIRED
2020,SICI,STEAM_BACKPRESSURE_CHP,UNRESOLVED,true,false,PROGRAMMABLE_THERMAL_CHP,134.496,,,THERMOELECTRIC_CONVERSION_TECHNOLOGY,PRIMARY_ADDITIVE,true,TERNA_API_THERMOELECTRIC_CAPACITY_2020,c6e6c29676d12f0e2744f3182013e4a03f9d41828912e8b906f61cfb6c132b89,1,DIRECT SOURCE CAPACITY / TERNA API,ACQUIRED_FUEL_UNRESOLVED
2020,SICI,STEAM_CONDENSING,UNRESOLVED,false,false,PROGRAMMABLE_THERMAL,1201.929,,,THERMOELECTRIC_CONVERSION_TECHNOLOGY,PRIMARY_ADDITIVE,true,TERNA_API_THERMOELECTRIC_CAPACITY_2020,c6e6c29676d12f0e2744f3182013e4a03f9d41828912e8b906f61cfb6c132b89,4,DIRECT SOURCE CAPACITY / TERNA API,ACQUIRED_FUEL_UNRESOLVED
2020,SICI,STEAM_EXTRACTION_CHP,UNRESOLVED,true,false,PROGRAMMABLE_THERMAL_CHP,265.4,,,THERMOELECTRIC_CONVERSION_TECHNOLOGY,PRIMARY_ADDITIVE,true,TERNA_API_THERMOELECTRIC_CAPACITY_2020,c6e6c29676d12f0e2744f3182013e4a03f9d41828912e8b906f61cfb6c132b89,3,DIRECT SOURCE CAPACITY / TERNA API,ACQUIRED_FUEL_UNRESOLVED
2020,SICI,TURBO_EXPANSION,UNRESOLVED,false,false,PROGRAMMABLE_THERMAL,21.961,,,THERMOELECTRIC_CONVERSION_TECHNOLOGY,PRIMARY_ADDITIVE,true,TERNA_API_THERMOELECTRIC_CAPACITY_2020,c6e6c29676d12f0e2744f3182013e4a03f9d41828912e8b906f61cfb6c132b89,3,DIRECT SOURCE CAPACITY / TERNA API,ACQUIRED_FUEL_UNRESOLVED
2020,SICI,WIND_AGGREGATE_UNSPLIT,WIND,false,false,VARIABLE_RENEWABLE,1921.553,0,COMPLETE_NUMERIC_REPORTED_ROWS,RENEWABLE_SOURCE_CAPACITY,PRIMARY_ADDITIVE,true,TERNA_API_RENEWABLE_SOURCE_CAPACITY_2020,fd523982d8f2c853f6bef60478e32db3b2281264fff6f5883ed6755d57e3c2ab,9,DIRECT SOURCE CAPACITY / TERNA API,ACQUIRED_WIND_ONSHORE_OFFSHORE_NOT_SEPARATED
2020,SARD,BIOENERGY,BIOENERGY,MIXED_UNRESOLVED,false,PROGRAMMABLE_RENEWABLE,105.811,0,COMPLETE_NUMERIC_REPORTED_ROWS,RENEWABLE_SOURCE_CAPACITY,SOURCE_SUBSET_OF_THERMOELECTRIC,false,TERNA_API_RENEWABLE_SOURCE_CAPACITY_2020,fd523982d8f2c853f6bef60478e32db3b2281264fff6f5883ed6755d57e3c2ab,5,DIRECT SOURCE CAPACITY / TERNA API,ACQUIRED_NON_ADDITIVE_CROSS_CLASSIFICATION
2020,SARD,CCGT_CHP,UNRESOLVED,true,false,PROGRAMMABLE_THERMAL_PEAKER,591,,,THERMOELECTRIC_CONVERSION_TECHNOLOGY,PRIMARY_ADDITIVE,true,TERNA_API_THERMOELECTRIC_CAPACITY_2020,c6e6c29676d12f0e2744f3182013e4a03f9d41828912e8b906f61cfb6c132b89,1,DIRECT SOURCE CAPACITY / TERNA API,ACQUIRED_FUEL_UNRESOLVED
2020,SARD,GEOTHERMAL,GEOTHERMAL_HEAT,false,false,PROGRAMMABLE_RENEWABLE,0,5,REPORTED_VALUE_SUM_WITH_BLANKS_RETAINED_NOT_ZERO,RENEWABLE_SOURCE_CAPACITY,SOURCE_CONTROL_OVERLAPS_EXPLICIT_THERMO_GEOTHERMAL_LABEL,false,TERNA_API_RENEWABLE_SOURCE_CAPACITY_2020,fd523982d8f2c853f6bef60478e32db3b2281264fff6f5883ed6755d57e3c2ab,5,DIRECT SOURCE CAPACITY / TERNA API,PARTIAL_REPORTED_SUM_BLANKS_NOT_ZERO
2020,SARD,GT_NON_CHP,UNRESOLVED,true,false,PROGRAMMABLE_THERMAL_PEAKER,150,,,THERMOELECTRIC_CONVERSION_TECHNOLOGY,PRIMARY_ADDITIVE,true,TERNA_API_THERMOELECTRIC_CAPACITY_2020,c6e6c29676d12f0e2744f3182013e4a03f9d41828912e8b906f61cfb6c132b89,1,DIRECT SOURCE CAPACITY / TERNA API,ACQUIRED_FUEL_UNRESOLVED
2020,SARD,HYDRO_TOTAL_CONTROL,WATER,false,MIXED_INCLUDES_PUMPED_HYDRO,MIXED_HYDRO_CONTROL,461.019,0,COMPLETE_NUMERIC_REPORTED_ROWS,RENEWABLE_SOURCE_CAPACITY,PRIMARY_ADDITIVE,true,TERNA_API_RENEWABLE_SOURCE_CAPACITY_2020,fd523982d8f2c853f6bef60478e32db3b2281264fff6f5883ed6755d57e3c2ab,5,DIRECT SOURCE CAPACITY / TERNA API,ACQUIRED
2020,SARD,INTERNAL_COMBUSTION_CHP,UNRESOLVED,true,false,PROGRAMMABLE_THERMAL_CHP,49.396,,,THERMOELECTRIC_CONVERSION_TECHNOLOGY,PRIMARY_ADDITIVE,true,TERNA_API_THERMOELECTRIC_CAPACITY_2020,c6e6c29676d12f0e2744f3182013e4a03f9d41828912e8b906f61cfb6c132b89,5,DIRECT SOURCE CAPACITY / TERNA API,ACQUIRED_FUEL_UNRESOLVED
2020,SARD,INTERNAL_COMBUSTION_NON_CHP,UNRESOLVED,true,false,PROGRAMMABLE_THERMAL_CHP,10.05,,,THERMOELECTRIC_CONVERSION_TECHNOLOGY,PRIMARY_ADDITIVE,true,TERNA_API_THERMOELECTRIC_CAPACITY_2020,c6e6c29676d12f0e2744f3182013e4a03f9d41828912e8b906f61cfb6c132b89,4,DIRECT SOURCE CAPACITY / TERNA API,ACQUIRED_FUEL_UNRESOLVED
2020,SARD,OTHER_THERMAL,UNRESOLVED,false,false,PROGRAMMABLE_THERMAL,11.847,,,THERMOELECTRIC_CONVERSION_TECHNOLOGY,PRIMARY_ADDITIVE,true,TERNA_API_THERMOELECTRIC_CAPACITY_2020,c6e6c29676d12f0e2744f3182013e4a03f9d41828912e8b906f61cfb6c132b89,1,DIRECT SOURCE CAPACITY / TERNA API,ACQUIRED_FUEL_UNRESOLVED
2020,SARD,SOLAR_PV,SOLAR,false,false,VARIABLE_RENEWABLE,973.773,0,COMPLETE_NUMERIC_REPORTED_ROWS,RENEWABLE_SOURCE_CAPACITY,PRIMARY_ADDITIVE,true,TERNA_API_RENEWABLE_SOURCE_CAPACITY_2020,fd523982d8f2c853f6bef60478e32db3b2281264fff6f5883ed6755d57e3c2ab,5,DIRECT SOURCE CAPACITY / TERNA API,ACQUIRED
2020,SARD,STEAM_BACKPRESSURE_CHP,UNRESOLVED,true,false,PROGRAMMABLE_THERMAL_CHP,10.64,,,THERMOELECTRIC_CONVERSION_TECHNOLOGY,PRIMARY_ADDITIVE,true,TERNA_API_THERMOELECTRIC_CAPACITY_2020,c6e6c29676d12f0e2744f3182013e4a03f9d41828912e8b906f61cfb6c132b89,1,DIRECT SOURCE CAPACITY / TERNA API,ACQUIRED_FUEL_UNRESOLVED
2020,SARD,STEAM_CONDENSING,UNRESOLVED,false,false,PROGRAMMABLE_THERMAL,1089.82,,,THERMOELECTRIC_CONVERSION_TECHNOLOGY,PRIMARY_ADDITIVE,true,TERNA_API_THERMOELECTRIC_CAPACITY_2020,c6e6c29676d12f0e2744f3182013e4a03f9d41828912e8b906f61cfb6c132b89,3,DIRECT SOURCE CAPACITY / TERNA API,ACQUIRED_FUEL_UNRESOLVED
2020,SARD,STEAM_EXTRACTION_CHP,UNRESOLVED,true,false,PROGRAMMABLE_THERMAL_CHP,238.81,,,THERMOELECTRIC_CONVERSION_TECHNOLOGY,PRIMARY_ADDITIVE,true,TERNA_API_THERMOELECTRIC_CAPACITY_2020,c6e6c29676d12f0e2744f3182013e4a03f9d41828912e8b906f61cfb6c132b89,2,DIRECT SOURCE CAPACITY / TERNA API,ACQUIRED_FUEL_UNRESOLVED
2020,SARD,TURBO_EXPANSION,UNRESOLVED,false,false,PROGRAMMABLE_THERMAL,17.263,,,THERMOELECTRIC_CONVERSION_TECHNOLOGY,PRIMARY_ADDITIVE,true,TERNA_API_THERMOELECTRIC_CAPACITY_2020,c6e6c29676d12f0e2744f3182013e4a03f9d41828912e8b906f61cfb6c132b89,1,DIRECT SOURCE CAPACITY / TERNA API,ACQUIRED_FUEL_UNRESOLVED
2020,SARD,WIND_AGGREGATE_UNSPLIT,WIND,false,false,VARIABLE_RENEWABLE,1082.496,0,COMPLETE_NUMERIC_REPORTED_ROWS,RENEWABLE_SOURCE_CAPACITY,PRIMARY_ADDITIVE,true,TERNA_API_RENEWABLE_SOURCE_CAPACITY_2020,fd523982d8f2c853f6bef60478e32db3b2281264fff6f5883ed6755d57e3c2ab,5,DIRECT SOURCE CAPACITY / TERNA API,ACQUIRED_WIND_ONSHORE_OFFSHORE_NOT_SEPARATED
2021,NORD,BIOENERGY,BIOENERGY,MIXED_UNRESOLVED,false,PROGRAMMABLE_RENEWABLE,2405.35435,0,COMPLETE_NUMERIC_REPORTED_ROWS,RENEWABLE_SOURCE_CAPACITY,SOURCE_SUBSET_OF_THERMOELECTRIC,false,TERNA_API_RENEWABLE_SOURCE_CAPACITY_2021,7f3346cf7e6f541f5a810743fcce56e3d2031207e896ce56fdf3784714eb6d91,47,DIRECT SOURCE CAPACITY / TERNA API,ACQUIRED_NON_ADDITIVE_CROSS_CLASSIFICATION
2021,NORD,CCGT_CHP,UNRESOLVED,true,false,PROGRAMMABLE_THERMAL_PEAKER,9964.848,,,THERMOELECTRIC_CONVERSION_TECHNOLOGY,PRIMARY_ADDITIVE,true,TERNA_API_THERMOELECTRIC_CAPACITY_2021,cb72d4034a7c37a8ad8d1c24f1ea2ef4086042d85aa117bcaa23f54128a92226,35,DIRECT SOURCE CAPACITY / TERNA API,ACQUIRED_FUEL_UNRESOLVED
2021,NORD,CCGT_NON_CHP,UNRESOLVED,true,false,PROGRAMMABLE_THERMAL_PEAKER,10988.938,,,THERMOELECTRIC_CONVERSION_TECHNOLOGY,PRIMARY_ADDITIVE,true,TERNA_API_THERMOELECTRIC_CAPACITY_2021,cb72d4034a7c37a8ad8d1c24f1ea2ef4086042d85aa117bcaa23f54128a92226,11,DIRECT SOURCE CAPACITY / TERNA API,ACQUIRED_FUEL_UNRESOLVED
2021,NORD,FUEL_CELL_CHP,UNRESOLVED,true,false,PROGRAMMABLE_THERMAL_CHP,0.466,,,THERMOELECTRIC_CONVERSION_TECHNOLOGY,PRIMARY_ADDITIVE,true,TERNA_API_THERMOELECTRIC_CAPACITY_2021,cb72d4034a7c37a8ad8d1c24f1ea2ef4086042d85aa117bcaa23f54128a92226,14,DIRECT SOURCE CAPACITY / TERNA API,ACQUIRED_FUEL_UNRESOLVED
2021,NORD,FUEL_CELL_NON_CHP,UNRESOLVED,true,false,PROGRAMMABLE_THERMAL_CHP,0.088,,,THERMOELECTRIC_CONVERSION_TECHNOLOGY,PRIMARY_ADDITIVE,true,TERNA_API_THERMOELECTRIC_CAPACITY_2021,cb72d4034a7c37a8ad8d1c24f1ea2ef4086042d85aa117bcaa23f54128a92226,6,DIRECT SOURCE CAPACITY / TERNA API,ACQUIRED_FUEL_UNRESOLVED
2021,NORD,GEOTHERMAL,GEOTHERMAL_HEAT,false,false,PROGRAMMABLE_RENEWABLE,0,11,REPORTED_VALUE_SUM_WITH_BLANKS_RETAINED_NOT_ZERO,RENEWABLE_SOURCE_CAPACITY,SOURCE_CONTROL_OVERLAPS_EXPLICIT_THERMO_GEOTHERMAL_LABEL,false,TERNA_API_RENEWABLE_SOURCE_CAPACITY_2021,7f3346cf7e6f541f5a810743fcce56e3d2031207e896ce56fdf3784714eb6d91,57,DIRECT SOURCE CAPACITY / TERNA API,PARTIAL_REPORTED_SUM_BLANKS_NOT_ZERO
2021,NORD,GT_CHP,UNRESOLVED,true,false,PROGRAMMABLE_THERMAL_PEAKER,988.26538,,,THERMOELECTRIC_CONVERSION_TECHNOLOGY,PRIMARY_ADDITIVE,true,TERNA_API_THERMOELECTRIC_CAPACITY_2021,cb72d4034a7c37a8ad8d1c24f1ea2ef4086042d85aa117bcaa23f54128a92226,39,DIRECT SOURCE CAPACITY / TERNA API,ACQUIRED_FUEL_UNRESOLVED
2021,NORD,GT_NON_CHP,UNRESOLVED,true,false,PROGRAMMABLE_THERMAL_PEAKER,14.015,,,THERMOELECTRIC_CONVERSION_TECHNOLOGY,PRIMARY_ADDITIVE,true,TERNA_API_THERMOELECTRIC_CAPACITY_2021,cb72d4034a7c37a8ad8d1c24f1ea2ef4086042d85aa117bcaa23f54128a92226,14,DIRECT SOURCE CAPACITY / TERNA API,ACQUIRED_FUEL_UNRESOLVED
2021,NORD,HYDRO_TOTAL_CONTROL,WATER,false,MIXED_INCLUDES_PUMPED_HYDRO,MIXED_HYDRO_CONTROL,14324.59535,10,REPORTED_VALUE_SUM_WITH_BLANKS_RETAINED_NOT_ZERO,RENEWABLE_SOURCE_CAPACITY,PRIMARY_ADDITIVE,true,TERNA_API_RENEWABLE_SOURCE_CAPACITY_2021,7f3346cf7e6f541f5a810743fcce56e3d2031207e896ce56fdf3784714eb6d91,57,DIRECT SOURCE CAPACITY / TERNA API,PARTIAL_REPORTED_SUM_BLANKS_NOT_ZERO
2021,NORD,INTERNAL_COMBUSTION_CHP,UNRESOLVED,true,false,PROGRAMMABLE_THERMAL_CHP,2747.03311,,,THERMOELECTRIC_CONVERSION_TECHNOLOGY,PRIMARY_ADDITIVE,true,TERNA_API_THERMOELECTRIC_CAPACITY_2021,cb72d4034a7c37a8ad8d1c24f1ea2ef4086042d85aa117bcaa23f54128a92226,47,DIRECT SOURCE CAPACITY / TERNA API,ACQUIRED_FUEL_UNRESOLVED
2021,NORD,INTERNAL_COMBUSTION_NON_CHP,UNRESOLVED,true,false,PROGRAMMABLE_THERMAL_CHP,507.17285,,,THERMOELECTRIC_CONVERSION_TECHNOLOGY,PRIMARY_ADDITIVE,true,TERNA_API_THERMOELECTRIC_CAPACITY_2021,cb72d4034a7c37a8ad8d1c24f1ea2ef4086042d85aa117bcaa23f54128a92226,47,DIRECT SOURCE CAPACITY / TERNA API,ACQUIRED_FUEL_UNRESOLVED
2021,NORD,OTHER_THERMAL,UNRESOLVED,false,false,PROGRAMMABLE_THERMAL,14.236,,,THERMOELECTRIC_CONVERSION_TECHNOLOGY,PRIMARY_ADDITIVE,true,TERNA_API_THERMOELECTRIC_CAPACITY_2021,cb72d4034a7c37a8ad8d1c24f1ea2ef4086042d85aa117bcaa23f54128a92226,6,DIRECT SOURCE CAPACITY / TERNA API,ACQUIRED_FUEL_UNRESOLVED
2021,NORD,SOLAR_PV,SOLAR,false,false,VARIABLE_RENEWABLE,10196.327,10,REPORTED_VALUE_SUM_WITH_BLANKS_RETAINED_NOT_ZERO,RENEWABLE_SOURCE_CAPACITY,PRIMARY_ADDITIVE,true,TERNA_API_RENEWABLE_SOURCE_CAPACITY_2021,7f3346cf7e6f541f5a810743fcce56e3d2031207e896ce56fdf3784714eb6d91,57,DIRECT SOURCE CAPACITY / TERNA API,PARTIAL_REPORTED_SUM_BLANKS_NOT_ZERO
2021,NORD,STEAM_BACKPRESSURE_CHP,UNRESOLVED,true,false,PROGRAMMABLE_THERMAL_CHP,340.99,,,THERMOELECTRIC_CONVERSION_TECHNOLOGY,PRIMARY_ADDITIVE,true,TERNA_API_THERMOELECTRIC_CAPACITY_2021,cb72d4034a7c37a8ad8d1c24f1ea2ef4086042d85aa117bcaa23f54128a92226,23,DIRECT SOURCE CAPACITY / TERNA API,ACQUIRED_FUEL_UNRESOLVED
2021,NORD,STEAM_CONDENSING,UNRESOLVED,false,false,PROGRAMMABLE_THERMAL,2706.952,,,THERMOELECTRIC_CONVERSION_TECHNOLOGY,PRIMARY_ADDITIVE,true,TERNA_API_THERMOELECTRIC_CAPACITY_2021,cb72d4034a7c37a8ad8d1c24f1ea2ef4086042d85aa117bcaa23f54128a92226,26,DIRECT SOURCE CAPACITY / TERNA API,ACQUIRED_FUEL_UNRESOLVED
2021,NORD,STEAM_EXTRACTION_CHP,UNRESOLVED,true,false,PROGRAMMABLE_THERMAL_CHP,711.989,,,THERMOELECTRIC_CONVERSION_TECHNOLOGY,PRIMARY_ADDITIVE,true,TERNA_API_THERMOELECTRIC_CAPACITY_2021,cb72d4034a7c37a8ad8d1c24f1ea2ef4086042d85aa117bcaa23f54128a92226,25,DIRECT SOURCE CAPACITY / TERNA API,ACQUIRED_FUEL_UNRESOLVED
2021,NORD,TURBO_EXPANSION,UNRESOLVED,false,false,PROGRAMMABLE_THERMAL,38.891,,,THERMOELECTRIC_CONVERSION_TECHNOLOGY,PRIMARY_ADDITIVE,true,TERNA_API_THERMOELECTRIC_CAPACITY_2021,cb72d4034a7c37a8ad8d1c24f1ea2ef4086042d85aa117bcaa23f54128a92226,28,DIRECT SOURCE CAPACITY / TERNA API,ACQUIRED_FUEL_UNRESOLVED
2021,NORD,WIND_AGGREGATE_UNSPLIT,WIND,false,false,VARIABLE_RENEWABLE,165.809,0,COMPLETE_NUMERIC_REPORTED_ROWS,RENEWABLE_SOURCE_CAPACITY,PRIMARY_ADDITIVE,true,TERNA_API_RENEWABLE_SOURCE_CAPACITY_2021,7f3346cf7e6f541f5a810743fcce56e3d2031207e896ce56fdf3784714eb6d91,35,DIRECT SOURCE CAPACITY / TERNA API,ACQUIRED_WIND_ONSHORE_OFFSHORE_NOT_SEPARATED
2021,CNOR,BIOENERGY,BIOENERGY,MIXED_UNRESOLVED,false,PROGRAMMABLE_RENEWABLE,184.1903,0,COMPLETE_NUMERIC_REPORTED_ROWS,RENEWABLE_SOURCE_CAPACITY,SOURCE_SUBSET_OF_THERMOELECTRIC,false,TERNA_API_RENEWABLE_SOURCE_CAPACITY_2021,7f3346cf7e6f541f5a810743fcce56e3d2031207e896ce56fdf3784714eb6d91,15,DIRECT SOURCE CAPACITY / TERNA API,ACQUIRED_NON_ADDITIVE_CROSS_CLASSIFICATION
2021,CNOR,CCGT_CHP,UNRESOLVED,true,false,PROGRAMMABLE_THERMAL_PEAKER,1129.616,,,THERMOELECTRIC_CONVERSION_TECHNOLOGY,PRIMARY_ADDITIVE,true,TERNA_API_THERMOELECTRIC_CAPACITY_2021,cb72d4034a7c37a8ad8d1c24f1ea2ef4086042d85aa117bcaa23f54128a92226,4,DIRECT SOURCE CAPACITY / TERNA API,ACQUIRED_FUEL_UNRESOLVED
2021,CNOR,CCGT_NON_CHP,UNRESOLVED,true,false,PROGRAMMABLE_THERMAL_PEAKER,442.626,,,THERMOELECTRIC_CONVERSION_TECHNOLOGY,PRIMARY_ADDITIVE,true,TERNA_API_THERMOELECTRIC_CAPACITY_2021,cb72d4034a7c37a8ad8d1c24f1ea2ef4086042d85aa117bcaa23f54128a92226,2,DIRECT SOURCE CAPACITY / TERNA API,ACQUIRED_FUEL_UNRESOLVED
2021,CNOR,FUEL_CELL_CHP,UNRESOLVED,true,false,PROGRAMMABLE_THERMAL_CHP,0.004,,,THERMOELECTRIC_CONVERSION_TECHNOLOGY,PRIMARY_ADDITIVE,true,TERNA_API_THERMOELECTRIC_CAPACITY_2021,cb72d4034a7c37a8ad8d1c24f1ea2ef4086042d85aa117bcaa23f54128a92226,2,DIRECT SOURCE CAPACITY / TERNA API,ACQUIRED_FUEL_UNRESOLVED
2021,CNOR,FUEL_CELL_NON_CHP,UNRESOLVED,true,false,PROGRAMMABLE_THERMAL_CHP,0.018,,,THERMOELECTRIC_CONVERSION_TECHNOLOGY,PRIMARY_ADDITIVE,true,TERNA_API_THERMOELECTRIC_CAPACITY_2021,cb72d4034a7c37a8ad8d1c24f1ea2ef4086042d85aa117bcaa23f54128a92226,2,DIRECT SOURCE CAPACITY / TERNA API,ACQUIRED_FUEL_UNRESOLVED
2021,CNOR,GEOTHERMAL,GEOTHERMAL_HEAT,false,false,PROGRAMMABLE_RENEWABLE_BASELOAD,771.79,,,THERMOELECTRIC_CONVERSION_TECHNOLOGY,PRIMARY_ADDITIVE,true,TERNA_API_THERMOELECTRIC_CAPACITY_2021,cb72d4034a7c37a8ad8d1c24f1ea2ef4086042d85aa117bcaa23f54128a92226,3,DIRECT SOURCE CAPACITY / TERNA API,ACQUIRED_EXPLICIT_HISTORICAL_THERMO_LABEL
2021,CNOR,GEOTHERMAL,GEOTHERMAL_HEAT,false,false,PROGRAMMABLE_RENEWABLE,771.79,2,REPORTED_VALUE_SUM_WITH_BLANKS_RETAINED_NOT_ZERO,RENEWABLE_SOURCE_CAPACITY,SOURCE_CONTROL_OVERLAPS_EXPLICIT_THERMO_GEOTHERMAL_LABEL,false,TERNA_API_RENEWABLE_SOURCE_CAPACITY_2021,7f3346cf7e6f541f5a810743fcce56e3d2031207e896ce56fdf3784714eb6d91,17,DIRECT SOURCE CAPACITY / TERNA API,PARTIAL_REPORTED_SUM_BLANKS_NOT_ZERO
2021,CNOR,GT_CHP,UNRESOLVED,true,false,PROGRAMMABLE_THERMAL_PEAKER,443.105,,,THERMOELECTRIC_CONVERSION_TECHNOLOGY,PRIMARY_ADDITIVE,true,TERNA_API_THERMOELECTRIC_CAPACITY_2021,cb72d4034a7c37a8ad8d1c24f1ea2ef4086042d85aa117bcaa23f54128a92226,10,DIRECT SOURCE CAPACITY / TERNA API,ACQUIRED_FUEL_UNRESOLVED
2021,CNOR,GT_NON_CHP,UNRESOLVED,true,false,PROGRAMMABLE_THERMAL_PEAKER,74.345,,,THERMOELECTRIC_CONVERSION_TECHNOLOGY,PRIMARY_ADDITIVE,true,TERNA_API_THERMOELECTRIC_CAPACITY_2021,cb72d4034a7c37a8ad8d1c24f1ea2ef4086042d85aa117bcaa23f54128a92226,6,DIRECT SOURCE CAPACITY / TERNA API,ACQUIRED_FUEL_UNRESOLVED
2021,CNOR,HYDRO_TOTAL_CONTROL,WATER,false,MIXED_INCLUDES_PUMPED_HYDRO,MIXED_HYDRO_CONTROL,609.66355,2,REPORTED_VALUE_SUM_WITH_BLANKS_RETAINED_NOT_ZERO,RENEWABLE_SOURCE_CAPACITY,PRIMARY_ADDITIVE,true,TERNA_API_RENEWABLE_SOURCE_CAPACITY_2021,7f3346cf7e6f541f5a810743fcce56e3d2031207e896ce56fdf3784714eb6d91,17,DIRECT SOURCE CAPACITY / TERNA API,PARTIAL_REPORTED_SUM_BLANKS_NOT_ZERO
2021,CNOR,INTERNAL_COMBUSTION_CHP,UNRESOLVED,true,false,PROGRAMMABLE_THERMAL_CHP,284.51376,,,THERMOELECTRIC_CONVERSION_TECHNOLOGY,PRIMARY_ADDITIVE,true,TERNA_API_THERMOELECTRIC_CAPACITY_2021,cb72d4034a7c37a8ad8d1c24f1ea2ef4086042d85aa117bcaa23f54128a92226,15,DIRECT SOURCE CAPACITY / TERNA API,ACQUIRED_FUEL_UNRESOLVED
2021,CNOR,INTERNAL_COMBUSTION_NON_CHP,UNRESOLVED,true,false,PROGRAMMABLE_THERMAL_CHP,63.2203,,,THERMOELECTRIC_CONVERSION_TECHNOLOGY,PRIMARY_ADDITIVE,true,TERNA_API_THERMOELECTRIC_CAPACITY_2021,cb72d4034a7c37a8ad8d1c24f1ea2ef4086042d85aa117bcaa23f54128a92226,14,DIRECT SOURCE CAPACITY / TERNA API,ACQUIRED_FUEL_UNRESOLVED
2021,CNOR,SOLAR_PV,SOLAR,false,false,VARIABLE_RENEWABLE,2058.147,2,REPORTED_VALUE_SUM_WITH_BLANKS_RETAINED_NOT_ZERO,RENEWABLE_SOURCE_CAPACITY,PRIMARY_ADDITIVE,true,TERNA_API_RENEWABLE_SOURCE_CAPACITY_2021,7f3346cf7e6f541f5a810743fcce56e3d2031207e896ce56fdf3784714eb6d91,17,DIRECT SOURCE CAPACITY / TERNA API,PARTIAL_REPORTED_SUM_BLANKS_NOT_ZERO
2021,CNOR,STEAM_BACKPRESSURE_CHP,UNRESOLVED,true,false,PROGRAMMABLE_THERMAL_CHP,12.51,,,THERMOELECTRIC_CONVERSION_TECHNOLOGY,PRIMARY_ADDITIVE,true,TERNA_API_THERMOELECTRIC_CAPACITY_2021,cb72d4034a7c37a8ad8d1c24f1ea2ef4086042d85aa117bcaa23f54128a92226,3,DIRECT SOURCE CAPACITY / TERNA API,ACQUIRED_FUEL_UNRESOLVED
2021,CNOR,STEAM_CONDENSING,UNRESOLVED,false,false,PROGRAMMABLE_THERMAL,34.182,,,THERMOELECTRIC_CONVERSION_TECHNOLOGY,PRIMARY_ADDITIVE,true,TERNA_API_THERMOELECTRIC_CAPACITY_2021,cb72d4034a7c37a8ad8d1c24f1ea2ef4086042d85aa117bcaa23f54128a92226,5,DIRECT SOURCE CAPACITY / TERNA API,ACQUIRED_FUEL_UNRESOLVED
2021,CNOR,STEAM_EXTRACTION_CHP,UNRESOLVED,true,false,PROGRAMMABLE_THERMAL_CHP,69.399,,,THERMOELECTRIC_CONVERSION_TECHNOLOGY,PRIMARY_ADDITIVE,true,TERNA_API_THERMOELECTRIC_CAPACITY_2021,cb72d4034a7c37a8ad8d1c24f1ea2ef4086042d85aa117bcaa23f54128a92226,4,DIRECT SOURCE CAPACITY / TERNA API,ACQUIRED_FUEL_UNRESOLVED
2021,CNOR,TURBO_EXPANSION,UNRESOLVED,false,false,PROGRAMMABLE_THERMAL,33.847,,,THERMOELECTRIC_CONVERSION_TECHNOLOGY,PRIMARY_ADDITIVE,true,TERNA_API_THERMOELECTRIC_CAPACITY_2021,cb72d4034a7c37a8ad8d1c24f1ea2ef4086042d85aa117bcaa23f54128a92226,3,DIRECT SOURCE CAPACITY / TERNA API,ACQUIRED_FUEL_UNRESOLVED
2021,CNOR,WIND_AGGREGATE_UNSPLIT,WIND,false,false,VARIABLE_RENEWABLE,162.71,0,COMPLETE_NUMERIC_REPORTED_ROWS,RENEWABLE_SOURCE_CAPACITY,PRIMARY_ADDITIVE,true,TERNA_API_RENEWABLE_SOURCE_CAPACITY_2021,7f3346cf7e6f541f5a810743fcce56e3d2031207e896ce56fdf3784714eb6d91,15,DIRECT SOURCE CAPACITY / TERNA API,ACQUIRED_WIND_ONSHORE_OFFSHORE_NOT_SEPARATED
2021,CSUD,BIOENERGY,BIOENERGY,MIXED_UNRESOLVED,false,PROGRAMMABLE_RENEWABLE,453.273,0,COMPLETE_NUMERIC_REPORTED_ROWS,RENEWABLE_SOURCE_CAPACITY,SOURCE_SUBSET_OF_THERMOELECTRIC,false,TERNA_API_RENEWABLE_SOURCE_CAPACITY_2021,7f3346cf7e6f541f5a810743fcce56e3d2031207e896ce56fdf3784714eb6d91,16,DIRECT SOURCE CAPACITY / TERNA API,ACQUIRED_NON_ADDITIVE_CROSS_CLASSIFICATION
2021,CSUD,CCGT_CHP,UNRESOLVED,true,false,PROGRAMMABLE_THERMAL_PEAKER,670.765,,,THERMOELECTRIC_CONVERSION_TECHNOLOGY,PRIMARY_ADDITIVE,true,TERNA_API_THERMOELECTRIC_CAPACITY_2021,cb72d4034a7c37a8ad8d1c24f1ea2ef4086042d85aa117bcaa23f54128a92226,8,DIRECT SOURCE CAPACITY / TERNA API,ACQUIRED_FUEL_UNRESOLVED
2021,CSUD,CCGT_NON_CHP,UNRESOLVED,true,false,PROGRAMMABLE_THERMAL_PEAKER,4826.9,,,THERMOELECTRIC_CONVERSION_TECHNOLOGY,PRIMARY_ADDITIVE,true,TERNA_API_THERMOELECTRIC_CAPACITY_2021,cb72d4034a7c37a8ad8d1c24f1ea2ef4086042d85aa117bcaa23f54128a92226,6,DIRECT SOURCE CAPACITY / TERNA API,ACQUIRED_FUEL_UNRESOLVED
2021,CSUD,GEOTHERMAL,GEOTHERMAL_HEAT,false,false,PROGRAMMABLE_RENEWABLE,0,0,COMPLETE_NUMERIC_REPORTED_ROWS,RENEWABLE_SOURCE_CAPACITY,SOURCE_CONTROL_OVERLAPS_EXPLICIT_THERMO_GEOTHERMAL_LABEL,false,TERNA_API_RENEWABLE_SOURCE_CAPACITY_2021,7f3346cf7e6f541f5a810743fcce56e3d2031207e896ce56fdf3784714eb6d91,16,DIRECT SOURCE CAPACITY / TERNA API,ACQUIRED_NON_ADDITIVE_CROSS_CLASSIFICATION
2021,CSUD,GT_CHP,UNRESOLVED,true,false,PROGRAMMABLE_THERMAL_PEAKER,96.06,,,THERMOELECTRIC_CONVERSION_TECHNOLOGY,PRIMARY_ADDITIVE,true,TERNA_API_THERMOELECTRIC_CAPACITY_2021,cb72d4034a7c37a8ad8d1c24f1ea2ef4086042d85aa117bcaa23f54128a92226,6,DIRECT SOURCE CAPACITY / TERNA API,ACQUIRED_FUEL_UNRESOLVED
2021,CSUD,GT_NON_CHP,UNRESOLVED,true,false,PROGRAMMABLE_THERMAL_PEAKER,1053.55,,,THERMOELECTRIC_CONVERSION_TECHNOLOGY,PRIMARY_ADDITIVE,true,TERNA_API_THERMOELECTRIC_CAPACITY_2021,cb72d4034a7c37a8ad8d1c24f1ea2ef4086042d85aa117bcaa23f54128a92226,4,DIRECT SOURCE CAPACITY / TERNA API,ACQUIRED_FUEL_UNRESOLVED
2021,CSUD,HYDRO_TOTAL_CONTROL,WATER,false,MIXED_INCLUDES_PUMPED_HYDRO,MIXED_HYDRO_CONTROL,2269.69287,0,COMPLETE_NUMERIC_REPORTED_ROWS,RENEWABLE_SOURCE_CAPACITY,PRIMARY_ADDITIVE,true,TERNA_API_RENEWABLE_SOURCE_CAPACITY_2021,7f3346cf7e6f541f5a810743fcce56e3d2031207e896ce56fdf3784714eb6d91,16,DIRECT SOURCE CAPACITY / TERNA API,ACQUIRED
2021,CSUD,INTERNAL_COMBUSTION_CHP,UNRESOLVED,true,false,PROGRAMMABLE_THERMAL_CHP,524.709,,,THERMOELECTRIC_CONVERSION_TECHNOLOGY,PRIMARY_ADDITIVE,true,TERNA_API_THERMOELECTRIC_CAPACITY_2021,cb72d4034a7c37a8ad8d1c24f1ea2ef4086042d85aa117bcaa23f54128a92226,16,DIRECT SOURCE CAPACITY / TERNA API,ACQUIRED_FUEL_UNRESOLVED
2021,CSUD,INTERNAL_COMBUSTION_NON_CHP,UNRESOLVED,true,false,PROGRAMMABLE_THERMAL_CHP,192.53,,,THERMOELECTRIC_CONVERSION_TECHNOLOGY,PRIMARY_ADDITIVE,true,TERNA_API_THERMOELECTRIC_CAPACITY_2021,cb72d4034a7c37a8ad8d1c24f1ea2ef4086042d85aa117bcaa23f54128a92226,16,DIRECT SOURCE CAPACITY / TERNA API,ACQUIRED_FUEL_UNRESOLVED
2021,CSUD,OTHER_THERMAL,UNRESOLVED,false,false,PROGRAMMABLE_THERMAL,5.2,,,THERMOELECTRIC_CONVERSION_TECHNOLOGY,PRIMARY_ADDITIVE,true,TERNA_API_THERMOELECTRIC_CAPACITY_2021,cb72d4034a7c37a8ad8d1c24f1ea2ef4086042d85aa117bcaa23f54128a92226,1,DIRECT SOURCE CAPACITY / TERNA API,ACQUIRED_FUEL_UNRESOLVED
2021,CSUD,SOLAR_PV,SOLAR,false,false,VARIABLE_RENEWABLE,3706.862,0,COMPLETE_NUMERIC_REPORTED_ROWS,RENEWABLE_SOURCE_CAPACITY,PRIMARY_ADDITIVE,true,TERNA_API_RENEWABLE_SOURCE_CAPACITY_2021,7f3346cf7e6f541f5a810743fcce56e3d2031207e896ce56fdf3784714eb6d91,16,DIRECT SOURCE CAPACITY / TERNA API,ACQUIRED
2021,CSUD,STEAM_BACKPRESSURE_CHP,UNRESOLVED,true,false,PROGRAMMABLE_THERMAL_CHP,32.03,,,THERMOELECTRIC_CONVERSION_TECHNOLOGY,PRIMARY_ADDITIVE,true,TERNA_API_THERMOELECTRIC_CAPACITY_2021,cb72d4034a7c37a8ad8d1c24f1ea2ef4086042d85aa117bcaa23f54128a92226,1,DIRECT SOURCE CAPACITY / TERNA API,ACQUIRED_FUEL_UNRESOLVED
2021,CSUD,STEAM_CONDENSING,UNRESOLVED,false,false,PROGRAMMABLE_THERMAL,1995.649,,,THERMOELECTRIC_CONVERSION_TECHNOLOGY,PRIMARY_ADDITIVE,true,TERNA_API_THERMOELECTRIC_CAPACITY_2021,cb72d4034a7c37a8ad8d1c24f1ea2ef4086042d85aa117bcaa23f54128a92226,7,DIRECT SOURCE CAPACITY / TERNA API,ACQUIRED_FUEL_UNRESOLVED
2021,CSUD,STEAM_EXTRACTION_CHP,UNRESOLVED,true,false,PROGRAMMABLE_THERMAL_CHP,43.384,,,THERMOELECTRIC_CONVERSION_TECHNOLOGY,PRIMARY_ADDITIVE,true,TERNA_API_THERMOELECTRIC_CAPACITY_2021,cb72d4034a7c37a8ad8d1c24f1ea2ef4086042d85aa117bcaa23f54128a92226,5,DIRECT SOURCE CAPACITY / TERNA API,ACQUIRED_FUEL_UNRESOLVED
2021,CSUD,TURBO_EXPANSION,UNRESOLVED,false,false,PROGRAMMABLE_THERMAL,24.64,,,THERMOELECTRIC_CONVERSION_TECHNOLOGY,PRIMARY_ADDITIVE,true,TERNA_API_THERMOELECTRIC_CAPACITY_2021,cb72d4034a7c37a8ad8d1c24f1ea2ef4086042d85aa117bcaa23f54128a92226,3,DIRECT SOURCE CAPACITY / TERNA API,ACQUIRED_FUEL_UNRESOLVED
2021,CSUD,WIND_AGGREGATE_UNSPLIT,WIND,false,false,VARIABLE_RENEWABLE,2109.642,0,COMPLETE_NUMERIC_REPORTED_ROWS,RENEWABLE_SOURCE_CAPACITY,PRIMARY_ADDITIVE,true,TERNA_API_RENEWABLE_SOURCE_CAPACITY_2021,7f3346cf7e6f541f5a810743fcce56e3d2031207e896ce56fdf3784714eb6d91,15,DIRECT SOURCE CAPACITY / TERNA API,ACQUIRED_WIND_ONSHORE_OFFSHORE_NOT_SEPARATED
2021,SUD,BIOENERGY,BIOENERGY,MIXED_UNRESOLVED,false,PROGRAMMABLE_RENEWABLE,442.741,0,COMPLETE_NUMERIC_REPORTED_ROWS,RENEWABLE_SOURCE_CAPACITY,SOURCE_SUBSET_OF_THERMOELECTRIC,false,TERNA_API_RENEWABLE_SOURCE_CAPACITY_2021,7f3346cf7e6f541f5a810743fcce56e3d2031207e896ce56fdf3784714eb6d91,10,DIRECT SOURCE CAPACITY / TERNA API,ACQUIRED_NON_ADDITIVE_CROSS_CLASSIFICATION
2021,SUD,CCGT_CHP,UNRESOLVED,true,false,PROGRAMMABLE_THERMAL_PEAKER,2203.814,,,THERMOELECTRIC_CONVERSION_TECHNOLOGY,PRIMARY_ADDITIVE,true,TERNA_API_THERMOELECTRIC_CAPACITY_2021,cb72d4034a7c37a8ad8d1c24f1ea2ef4086042d85aa117bcaa23f54128a92226,4,DIRECT SOURCE CAPACITY / TERNA API,ACQUIRED_FUEL_UNRESOLVED
2021,SUD,CCGT_NON_CHP,UNRESOLVED,true,false,PROGRAMMABLE_THERMAL_PEAKER,2213.7,,,THERMOELECTRIC_CONVERSION_TECHNOLOGY,PRIMARY_ADDITIVE,true,TERNA_API_THERMOELECTRIC_CAPACITY_2021,cb72d4034a7c37a8ad8d1c24f1ea2ef4086042d85aa117bcaa23f54128a92226,5,DIRECT SOURCE CAPACITY / TERNA API,ACQUIRED_FUEL_UNRESOLVED
2021,SUD,FUEL_CELL_CHP,UNRESOLVED,true,false,PROGRAMMABLE_THERMAL_CHP,0.004,,,THERMOELECTRIC_CONVERSION_TECHNOLOGY,PRIMARY_ADDITIVE,true,TERNA_API_THERMOELECTRIC_CAPACITY_2021,cb72d4034a7c37a8ad8d1c24f1ea2ef4086042d85aa117bcaa23f54128a92226,2,DIRECT SOURCE CAPACITY / TERNA API,ACQUIRED_FUEL_UNRESOLVED
2021,SUD,FUEL_CELL_NON_CHP,UNRESOLVED,true,false,PROGRAMMABLE_THERMAL_CHP,0.204,,,THERMOELECTRIC_CONVERSION_TECHNOLOGY,PRIMARY_ADDITIVE,true,TERNA_API_THERMOELECTRIC_CAPACITY_2021,cb72d4034a7c37a8ad8d1c24f1ea2ef4086042d85aa117bcaa23f54128a92226,4,DIRECT SOURCE CAPACITY / TERNA API,ACQUIRED_FUEL_UNRESOLVED
2021,SUD,GEOTHERMAL,GEOTHERMAL_HEAT,false,false,PROGRAMMABLE_RENEWABLE,0,3,REPORTED_VALUE_SUM_WITH_BLANKS_RETAINED_NOT_ZERO,RENEWABLE_SOURCE_CAPACITY,SOURCE_CONTROL_OVERLAPS_EXPLICIT_THERMO_GEOTHERMAL_LABEL,false,TERNA_API_RENEWABLE_SOURCE_CAPACITY_2021,7f3346cf7e6f541f5a810743fcce56e3d2031207e896ce56fdf3784714eb6d91,13,DIRECT SOURCE CAPACITY / TERNA API,PARTIAL_REPORTED_SUM_BLANKS_NOT_ZERO
2021,SUD,GT_CHP,UNRESOLVED,true,false,PROGRAMMABLE_THERMAL_PEAKER,46.25,,,THERMOELECTRIC_CONVERSION_TECHNOLOGY,PRIMARY_ADDITIVE,true,TERNA_API_THERMOELECTRIC_CAPACITY_2021,cb72d4034a7c37a8ad8d1c24f1ea2ef4086042d85aa117bcaa23f54128a92226,4,DIRECT SOURCE CAPACITY / TERNA API,ACQUIRED_FUEL_UNRESOLVED
2021,SUD,GT_NON_CHP,UNRESOLVED,true,false,PROGRAMMABLE_THERMAL_PEAKER,251.585,,,THERMOELECTRIC_CONVERSION_TECHNOLOGY,PRIMARY_ADDITIVE,true,TERNA_API_THERMOELECTRIC_CAPACITY_2021,cb72d4034a7c37a8ad8d1c24f1ea2ef4086042d85aa117bcaa23f54128a92226,2,DIRECT SOURCE CAPACITY / TERNA API,ACQUIRED_FUEL_UNRESOLVED
2021,SUD,HYDRO_TOTAL_CONTROL,WATER,false,MIXED_INCLUDES_PUMPED_HYDRO,MIXED_HYDRO_CONTROL,223.66614,3,REPORTED_VALUE_SUM_WITH_BLANKS_RETAINED_NOT_ZERO,RENEWABLE_SOURCE_CAPACITY,PRIMARY_ADDITIVE,true,TERNA_API_RENEWABLE_SOURCE_CAPACITY_2021,7f3346cf7e6f541f5a810743fcce56e3d2031207e896ce56fdf3784714eb6d91,13,DIRECT SOURCE CAPACITY / TERNA API,PARTIAL_REPORTED_SUM_BLANKS_NOT_ZERO
2021,SUD,INTERNAL_COMBUSTION_CHP,UNRESOLVED,true,false,PROGRAMMABLE_THERMAL_CHP,115.473,,,THERMOELECTRIC_CONVERSION_TECHNOLOGY,PRIMARY_ADDITIVE,true,TERNA_API_THERMOELECTRIC_CAPACITY_2021,cb72d4034a7c37a8ad8d1c24f1ea2ef4086042d85aa117bcaa23f54128a92226,10,DIRECT SOURCE CAPACITY / TERNA API,ACQUIRED_FUEL_UNRESOLVED
2021,SUD,INTERNAL_COMBUSTION_NON_CHP,UNRESOLVED,true,false,PROGRAMMABLE_THERMAL_CHP,144.196,,,THERMOELECTRIC_CONVERSION_TECHNOLOGY,PRIMARY_ADDITIVE,true,TERNA_API_THERMOELECTRIC_CAPACITY_2021,cb72d4034a7c37a8ad8d1c24f1ea2ef4086042d85aa117bcaa23f54128a92226,10,DIRECT SOURCE CAPACITY / TERNA API,ACQUIRED_FUEL_UNRESOLVED
2021,SUD,OTHER_THERMAL,UNRESOLVED,false,false,PROGRAMMABLE_THERMAL,80.8,,,THERMOELECTRIC_CONVERSION_TECHNOLOGY,PRIMARY_ADDITIVE,true,TERNA_API_THERMOELECTRIC_CAPACITY_2021,cb72d4034a7c37a8ad8d1c24f1ea2ef4086042d85aa117bcaa23f54128a92226,1,DIRECT SOURCE CAPACITY / TERNA API,ACQUIRED_FUEL_UNRESOLVED
2021,SUD,SOLAR_PV,SOLAR,false,false,VARIABLE_RENEWABLE,3517.255,3,REPORTED_VALUE_SUM_WITH_BLANKS_RETAINED_NOT_ZERO,RENEWABLE_SOURCE_CAPACITY,PRIMARY_ADDITIVE,true,TERNA_API_RENEWABLE_SOURCE_CAPACITY_2021,7f3346cf7e6f541f5a810743fcce56e3d2031207e896ce56fdf3784714eb6d91,13,DIRECT SOURCE CAPACITY / TERNA API,PARTIAL_REPORTED_SUM_BLANKS_NOT_ZERO
2021,SUD,STEAM_BACKPRESSURE_CHP,UNRESOLVED,true,false,PROGRAMMABLE_THERMAL_CHP,7.951,,,THERMOELECTRIC_CONVERSION_TECHNOLOGY,PRIMARY_ADDITIVE,true,TERNA_API_THERMOELECTRIC_CAPACITY_2021,cb72d4034a7c37a8ad8d1c24f1ea2ef4086042d85aa117bcaa23f54128a92226,1,DIRECT SOURCE CAPACITY / TERNA API,ACQUIRED_FUEL_UNRESOLVED
2021,SUD,STEAM_CONDENSING,UNRESOLVED,false,false,PROGRAMMABLE_THERMAL,1888.79,,,THERMOELECTRIC_CONVERSION_TECHNOLOGY,PRIMARY_ADDITIVE,true,TERNA_API_THERMOELECTRIC_CAPACITY_2021,cb72d4034a7c37a8ad8d1c24f1ea2ef4086042d85aa117bcaa23f54128a92226,6,DIRECT SOURCE CAPACITY / TERNA API,ACQUIRED_FUEL_UNRESOLVED
2021,SUD,STEAM_EXTRACTION_CHP,UNRESOLVED,true,false,PROGRAMMABLE_THERMAL_CHP,523.89,,,THERMOELECTRIC_CONVERSION_TECHNOLOGY,PRIMARY_ADDITIVE,true,TERNA_API_THERMOELECTRIC_CAPACITY_2021,cb72d4034a7c37a8ad8d1c24f1ea2ef4086042d85aa117bcaa23f54128a92226,4,DIRECT SOURCE CAPACITY / TERNA API,ACQUIRED_FUEL_UNRESOLVED
2021,SUD,TURBO_EXPANSION,UNRESOLVED,false,false,PROGRAMMABLE_THERMAL,45.1,,,THERMOELECTRIC_CONVERSION_TECHNOLOGY,PRIMARY_ADDITIVE,true,TERNA_API_THERMOELECTRIC_CAPACITY_2021,cb72d4034a7c37a8ad8d1c24f1ea2ef4086042d85aa117bcaa23f54128a92226,3,DIRECT SOURCE CAPACITY / TERNA API,ACQUIRED_FUEL_UNRESOLVED
2021,SUD,WIND_AGGREGATE_UNSPLIT,WIND,false,false,VARIABLE_RENEWABLE,4542.328,0,COMPLETE_NUMERIC_REPORTED_ROWS,RENEWABLE_SOURCE_CAPACITY,PRIMARY_ADDITIVE,true,TERNA_API_RENEWABLE_SOURCE_CAPACITY_2021,7f3346cf7e6f541f5a810743fcce56e3d2031207e896ce56fdf3784714eb6d91,10,DIRECT SOURCE CAPACITY / TERNA API,ACQUIRED_WIND_ONSHORE_OFFSHORE_NOT_SEPARATED
2021,CALA,BIOENERGY,BIOENERGY,MIXED_UNRESOLVED,false,PROGRAMMABLE_RENEWABLE,178.435,0,COMPLETE_NUMERIC_REPORTED_ROWS,RENEWABLE_SOURCE_CAPACITY,SOURCE_SUBSET_OF_THERMOELECTRIC,false,TERNA_API_RENEWABLE_SOURCE_CAPACITY_2021,7f3346cf7e6f541f5a810743fcce56e3d2031207e896ce56fdf3784714eb6d91,5,DIRECT SOURCE CAPACITY / TERNA API,ACQUIRED_NON_ADDITIVE_CROSS_CLASSIFICATION
2021,CALA,CCGT_CHP,UNRESOLVED,true,false,PROGRAMMABLE_THERMAL_PEAKER,1607.335,,,THERMOELECTRIC_CONVERSION_TECHNOLOGY,PRIMARY_ADDITIVE,true,TERNA_API_THERMOELECTRIC_CAPACITY_2021,cb72d4034a7c37a8ad8d1c24f1ea2ef4086042d85aa117bcaa23f54128a92226,2,DIRECT SOURCE CAPACITY / TERNA API,ACQUIRED_FUEL_UNRESOLVED
2021,CALA,CCGT_NON_CHP,UNRESOLVED,true,false,PROGRAMMABLE_THERMAL_PEAKER,1592,,,THERMOELECTRIC_CONVERSION_TECHNOLOGY,PRIMARY_ADDITIVE,true,TERNA_API_THERMOELECTRIC_CAPACITY_2021,cb72d4034a7c37a8ad8d1c24f1ea2ef4086042d85aa117bcaa23f54128a92226,2,DIRECT SOURCE CAPACITY / TERNA API,ACQUIRED_FUEL_UNRESOLVED
2021,CALA,GEOTHERMAL,GEOTHERMAL_HEAT,false,false,PROGRAMMABLE_RENEWABLE,0,0,COMPLETE_NUMERIC_REPORTED_ROWS,RENEWABLE_SOURCE_CAPACITY,SOURCE_CONTROL_OVERLAPS_EXPLICIT_THERMO_GEOTHERMAL_LABEL,false,TERNA_API_RENEWABLE_SOURCE_CAPACITY_2021,7f3346cf7e6f541f5a810743fcce56e3d2031207e896ce56fdf3784714eb6d91,5,DIRECT SOURCE CAPACITY / TERNA API,ACQUIRED_NON_ADDITIVE_CROSS_CLASSIFICATION
2021,CALA,GT_CHP,UNRESOLVED,true,false,PROGRAMMABLE_THERMAL_PEAKER,5.267,,,THERMOELECTRIC_CONVERSION_TECHNOLOGY,PRIMARY_ADDITIVE,true,TERNA_API_THERMOELECTRIC_CAPACITY_2021,cb72d4034a7c37a8ad8d1c24f1ea2ef4086042d85aa117bcaa23f54128a92226,3,DIRECT SOURCE CAPACITY / TERNA API,ACQUIRED_FUEL_UNRESOLVED
2021,CALA,GT_NON_CHP,UNRESOLVED,true,false,PROGRAMMABLE_THERMAL_PEAKER,228.014,,,THERMOELECTRIC_CONVERSION_TECHNOLOGY,PRIMARY_ADDITIVE,true,TERNA_API_THERMOELECTRIC_CAPACITY_2021,cb72d4034a7c37a8ad8d1c24f1ea2ef4086042d85aa117bcaa23f54128a92226,3,DIRECT SOURCE CAPACITY / TERNA API,ACQUIRED_FUEL_UNRESOLVED
2021,CALA,HYDRO_TOTAL_CONTROL,WATER,false,MIXED_INCLUDES_PUMPED_HYDRO,MIXED_HYDRO_CONTROL,778.972,0,COMPLETE_NUMERIC_REPORTED_ROWS,RENEWABLE_SOURCE_CAPACITY,PRIMARY_ADDITIVE,true,TERNA_API_RENEWABLE_SOURCE_CAPACITY_2021,7f3346cf7e6f541f5a810743fcce56e3d2031207e896ce56fdf3784714eb6d91,5,DIRECT SOURCE CAPACITY / TERNA API,ACQUIRED
2021,CALA,INTERNAL_COMBUSTION_CHP,UNRESOLVED,true,false,PROGRAMMABLE_THERMAL_CHP,36.28,,,THERMOELECTRIC_CONVERSION_TECHNOLOGY,PRIMARY_ADDITIVE,true,TERNA_API_THERMOELECTRIC_CAPACITY_2021,cb72d4034a7c37a8ad8d1c24f1ea2ef4086042d85aa117bcaa23f54128a92226,5,DIRECT SOURCE CAPACITY / TERNA API,ACQUIRED_FUEL_UNRESOLVED
2021,CALA,INTERNAL_COMBUSTION_NON_CHP,UNRESOLVED,true,false,PROGRAMMABLE_THERMAL_CHP,4.603,,,THERMOELECTRIC_CONVERSION_TECHNOLOGY,PRIMARY_ADDITIVE,true,TERNA_API_THERMOELECTRIC_CAPACITY_2021,cb72d4034a7c37a8ad8d1c24f1ea2ef4086042d85aa117bcaa23f54128a92226,5,DIRECT SOURCE CAPACITY / TERNA API,ACQUIRED_FUEL_UNRESOLVED
2021,CALA,SOLAR_PV,SOLAR,false,false,VARIABLE_RENEWABLE,572.968,0,COMPLETE_NUMERIC_REPORTED_ROWS,RENEWABLE_SOURCE_CAPACITY,PRIMARY_ADDITIVE,true,TERNA_API_RENEWABLE_SOURCE_CAPACITY_2021,7f3346cf7e6f541f5a810743fcce56e3d2031207e896ce56fdf3784714eb6d91,5,DIRECT SOURCE CAPACITY / TERNA API,ACQUIRED
2021,CALA,STEAM_CONDENSING,UNRESOLVED,false,false,PROGRAMMABLE_THERMAL,139.129,,,THERMOELECTRIC_CONVERSION_TECHNOLOGY,PRIMARY_ADDITIVE,true,TERNA_API_THERMOELECTRIC_CAPACITY_2021,cb72d4034a7c37a8ad8d1c24f1ea2ef4086042d85aa117bcaa23f54128a92226,3,DIRECT SOURCE CAPACITY / TERNA API,ACQUIRED_FUEL_UNRESOLVED
2021,CALA,STEAM_EXTRACTION_CHP,UNRESOLVED,true,false,PROGRAMMABLE_THERMAL_CHP,17,,,THERMOELECTRIC_CONVERSION_TECHNOLOGY,PRIMARY_ADDITIVE,true,TERNA_API_THERMOELECTRIC_CAPACITY_2021,cb72d4034a7c37a8ad8d1c24f1ea2ef4086042d85aa117bcaa23f54128a92226,1,DIRECT SOURCE CAPACITY / TERNA API,ACQUIRED_FUEL_UNRESOLVED
2021,CALA,WIND_AGGREGATE_UNSPLIT,WIND,false,false,VARIABLE_RENEWABLE,1174.434,0,COMPLETE_NUMERIC_REPORTED_ROWS,RENEWABLE_SOURCE_CAPACITY,PRIMARY_ADDITIVE,true,TERNA_API_RENEWABLE_SOURCE_CAPACITY_2021,7f3346cf7e6f541f5a810743fcce56e3d2031207e896ce56fdf3784714eb6d91,5,DIRECT SOURCE CAPACITY / TERNA API,ACQUIRED_WIND_ONSHORE_OFFSHORE_NOT_SEPARATED
2021,SICI,BIOENERGY,BIOENERGY,MIXED_UNRESOLVED,false,PROGRAMMABLE_RENEWABLE,69.374,0,COMPLETE_NUMERIC_REPORTED_ROWS,RENEWABLE_SOURCE_CAPACITY,SOURCE_SUBSET_OF_THERMOELECTRIC,false,TERNA_API_RENEWABLE_SOURCE_CAPACITY_2021,7f3346cf7e6f541f5a810743fcce56e3d2031207e896ce56fdf3784714eb6d91,9,DIRECT SOURCE CAPACITY / TERNA API,ACQUIRED_NON_ADDITIVE_CROSS_CLASSIFICATION
2021,SICI,CCGT_CHP,UNRESOLVED,true,false,PROGRAMMABLE_THERMAL_PEAKER,1441.836,,,THERMOELECTRIC_CONVERSION_TECHNOLOGY,PRIMARY_ADDITIVE,true,TERNA_API_THERMOELECTRIC_CAPACITY_2021,cb72d4034a7c37a8ad8d1c24f1ea2ef4086042d85aa117bcaa23f54128a92226,2,DIRECT SOURCE CAPACITY / TERNA API,ACQUIRED_FUEL_UNRESOLVED
2021,SICI,CCGT_NON_CHP,UNRESOLVED,true,false,PROGRAMMABLE_THERMAL_PEAKER,1523.89,,,THERMOELECTRIC_CONVERSION_TECHNOLOGY,PRIMARY_ADDITIVE,true,TERNA_API_THERMOELECTRIC_CAPACITY_2021,cb72d4034a7c37a8ad8d1c24f1ea2ef4086042d85aa117bcaa23f54128a92226,2,DIRECT SOURCE CAPACITY / TERNA API,ACQUIRED_FUEL_UNRESOLVED
2021,SICI,GEOTHERMAL,GEOTHERMAL_HEAT,false,false,PROGRAMMABLE_RENEWABLE,0,0,COMPLETE_NUMERIC_REPORTED_ROWS,RENEWABLE_SOURCE_CAPACITY,SOURCE_CONTROL_OVERLAPS_EXPLICIT_THERMO_GEOTHERMAL_LABEL,false,TERNA_API_RENEWABLE_SOURCE_CAPACITY_2021,7f3346cf7e6f541f5a810743fcce56e3d2031207e896ce56fdf3784714eb6d91,9,DIRECT SOURCE CAPACITY / TERNA API,ACQUIRED_NON_ADDITIVE_CROSS_CLASSIFICATION
2021,SICI,GT_CHP,UNRESOLVED,true,false,PROGRAMMABLE_THERMAL_PEAKER,55.36,,,THERMOELECTRIC_CONVERSION_TECHNOLOGY,PRIMARY_ADDITIVE,true,TERNA_API_THERMOELECTRIC_CAPACITY_2021,cb72d4034a7c37a8ad8d1c24f1ea2ef4086042d85aa117bcaa23f54128a92226,3,DIRECT SOURCE CAPACITY / TERNA API,ACQUIRED_FUEL_UNRESOLVED
2021,SICI,GT_NON_CHP,UNRESOLVED,true,false,PROGRAMMABLE_THERMAL_PEAKER,531.42,,,THERMOELECTRIC_CONVERSION_TECHNOLOGY,PRIMARY_ADDITIVE,true,TERNA_API_THERMOELECTRIC_CAPACITY_2021,cb72d4034a7c37a8ad8d1c24f1ea2ef4086042d85aa117bcaa23f54128a92226,3,DIRECT SOURCE CAPACITY / TERNA API,ACQUIRED_FUEL_UNRESOLVED
2021,SICI,HYDRO_TOTAL_CONTROL,WATER,false,MIXED_INCLUDES_PUMPED_HYDRO,MIXED_HYDRO_CONTROL,141.671,0,COMPLETE_NUMERIC_REPORTED_ROWS,RENEWABLE_SOURCE_CAPACITY,PRIMARY_ADDITIVE,true,TERNA_API_RENEWABLE_SOURCE_CAPACITY_2021,7f3346cf7e6f541f5a810743fcce56e3d2031207e896ce56fdf3784714eb6d91,9,DIRECT SOURCE CAPACITY / TERNA API,ACQUIRED
2021,SICI,INTERNAL_COMBUSTION_CHP,UNRESOLVED,true,false,PROGRAMMABLE_THERMAL_CHP,43.573,,,THERMOELECTRIC_CONVERSION_TECHNOLOGY,PRIMARY_ADDITIVE,true,TERNA_API_THERMOELECTRIC_CAPACITY_2021,cb72d4034a7c37a8ad8d1c24f1ea2ef4086042d85aa117bcaa23f54128a92226,9,DIRECT SOURCE CAPACITY / TERNA API,ACQUIRED_FUEL_UNRESOLVED
2021,SICI,INTERNAL_COMBUSTION_NON_CHP,UNRESOLVED,true,false,PROGRAMMABLE_THERMAL_CHP,174.203,,,THERMOELECTRIC_CONVERSION_TECHNOLOGY,PRIMARY_ADDITIVE,true,TERNA_API_THERMOELECTRIC_CAPACITY_2021,cb72d4034a7c37a8ad8d1c24f1ea2ef4086042d85aa117bcaa23f54128a92226,7,DIRECT SOURCE CAPACITY / TERNA API,ACQUIRED_FUEL_UNRESOLVED
2021,SICI,SOLAR_PV,SOLAR,false,false,VARIABLE_RENEWABLE,1541.658,0,COMPLETE_NUMERIC_REPORTED_ROWS,RENEWABLE_SOURCE_CAPACITY,PRIMARY_ADDITIVE,true,TERNA_API_RENEWABLE_SOURCE_CAPACITY_2021,7f3346cf7e6f541f5a810743fcce56e3d2031207e896ce56fdf3784714eb6d91,9,DIRECT SOURCE CAPACITY / TERNA API,ACQUIRED
2021,SICI,STEAM_BACKPRESSURE_CHP,UNRESOLVED,true,false,PROGRAMMABLE_THERMAL_CHP,134.496,,,THERMOELECTRIC_CONVERSION_TECHNOLOGY,PRIMARY_ADDITIVE,true,TERNA_API_THERMOELECTRIC_CAPACITY_2021,cb72d4034a7c37a8ad8d1c24f1ea2ef4086042d85aa117bcaa23f54128a92226,1,DIRECT SOURCE CAPACITY / TERNA API,ACQUIRED_FUEL_UNRESOLVED
2021,SICI,STEAM_CONDENSING,UNRESOLVED,false,false,PROGRAMMABLE_THERMAL,1201.929,,,THERMOELECTRIC_CONVERSION_TECHNOLOGY,PRIMARY_ADDITIVE,true,TERNA_API_THERMOELECTRIC_CAPACITY_2021,cb72d4034a7c37a8ad8d1c24f1ea2ef4086042d85aa117bcaa23f54128a92226,4,DIRECT SOURCE CAPACITY / TERNA API,ACQUIRED_FUEL_UNRESOLVED
2021,SICI,STEAM_EXTRACTION_CHP,UNRESOLVED,true,false,PROGRAMMABLE_THERMAL_CHP,265.4,,,THERMOELECTRIC_CONVERSION_TECHNOLOGY,PRIMARY_ADDITIVE,true,TERNA_API_THERMOELECTRIC_CAPACITY_2021,cb72d4034a7c37a8ad8d1c24f1ea2ef4086042d85aa117bcaa23f54128a92226,3,DIRECT SOURCE CAPACITY / TERNA API,ACQUIRED_FUEL_UNRESOLVED
2021,SICI,TURBO_EXPANSION,UNRESOLVED,false,false,PROGRAMMABLE_THERMAL,21.961,,,THERMOELECTRIC_CONVERSION_TECHNOLOGY,PRIMARY_ADDITIVE,true,TERNA_API_THERMOELECTRIC_CAPACITY_2021,cb72d4034a7c37a8ad8d1c24f1ea2ef4086042d85aa117bcaa23f54128a92226,3,DIRECT SOURCE CAPACITY / TERNA API,ACQUIRED_FUEL_UNRESOLVED
2021,SICI,WIND_AGGREGATE_UNSPLIT,WIND,false,false,VARIABLE_RENEWABLE,2010,0,COMPLETE_NUMERIC_REPORTED_ROWS,RENEWABLE_SOURCE_CAPACITY,PRIMARY_ADDITIVE,true,TERNA_API_RENEWABLE_SOURCE_CAPACITY_2021,7f3346cf7e6f541f5a810743fcce56e3d2031207e896ce56fdf3784714eb6d91,9,DIRECT SOURCE CAPACITY / TERNA API,ACQUIRED_WIND_ONSHORE_OFFSHORE_NOT_SEPARATED
2021,SARD,BIOENERGY,BIOENERGY,MIXED_UNRESOLVED,false,PROGRAMMABLE_RENEWABLE,104.455,0,COMPLETE_NUMERIC_REPORTED_ROWS,RENEWABLE_SOURCE_CAPACITY,SOURCE_SUBSET_OF_THERMOELECTRIC,false,TERNA_API_RENEWABLE_SOURCE_CAPACITY_2021,7f3346cf7e6f541f5a810743fcce56e3d2031207e896ce56fdf3784714eb6d91,5,DIRECT SOURCE CAPACITY / TERNA API,ACQUIRED_NON_ADDITIVE_CROSS_CLASSIFICATION
2021,SARD,CCGT_CHP,UNRESOLVED,true,false,PROGRAMMABLE_THERMAL_PEAKER,591,,,THERMOELECTRIC_CONVERSION_TECHNOLOGY,PRIMARY_ADDITIVE,true,TERNA_API_THERMOELECTRIC_CAPACITY_2021,cb72d4034a7c37a8ad8d1c24f1ea2ef4086042d85aa117bcaa23f54128a92226,1,DIRECT SOURCE CAPACITY / TERNA API,ACQUIRED_FUEL_UNRESOLVED
2021,SARD,CCGT_NON_CHP,UNRESOLVED,true,false,PROGRAMMABLE_THERMAL_PEAKER,36,,,THERMOELECTRIC_CONVERSION_TECHNOLOGY,PRIMARY_ADDITIVE,true,TERNA_API_THERMOELECTRIC_CAPACITY_2021,cb72d4034a7c37a8ad8d1c24f1ea2ef4086042d85aa117bcaa23f54128a92226,1,DIRECT SOURCE CAPACITY / TERNA API,ACQUIRED_FUEL_UNRESOLVED
2021,SARD,GEOTHERMAL,GEOTHERMAL_HEAT,false,false,PROGRAMMABLE_RENEWABLE,0,0,COMPLETE_NUMERIC_REPORTED_ROWS,RENEWABLE_SOURCE_CAPACITY,SOURCE_CONTROL_OVERLAPS_EXPLICIT_THERMO_GEOTHERMAL_LABEL,false,TERNA_API_RENEWABLE_SOURCE_CAPACITY_2021,7f3346cf7e6f541f5a810743fcce56e3d2031207e896ce56fdf3784714eb6d91,5,DIRECT SOURCE CAPACITY / TERNA API,ACQUIRED_NON_ADDITIVE_CROSS_CLASSIFICATION
2021,SARD,GT_NON_CHP,UNRESOLVED,true,false,PROGRAMMABLE_THERMAL_PEAKER,150,,,THERMOELECTRIC_CONVERSION_TECHNOLOGY,PRIMARY_ADDITIVE,true,TERNA_API_THERMOELECTRIC_CAPACITY_2021,cb72d4034a7c37a8ad8d1c24f1ea2ef4086042d85aa117bcaa23f54128a92226,1,DIRECT SOURCE CAPACITY / TERNA API,ACQUIRED_FUEL_UNRESOLVED
2021,SARD,HYDRO_TOTAL_CONTROL,WATER,false,MIXED_INCLUDES_PUMPED_HYDRO,MIXED_HYDRO_CONTROL,461.019,0,COMPLETE_NUMERIC_REPORTED_ROWS,RENEWABLE_SOURCE_CAPACITY,PRIMARY_ADDITIVE,true,TERNA_API_RENEWABLE_SOURCE_CAPACITY_2021,7f3346cf7e6f541f5a810743fcce56e3d2031207e896ce56fdf3784714eb6d91,5,DIRECT SOURCE CAPACITY / TERNA API,ACQUIRED
2021,SARD,INTERNAL_COMBUSTION_CHP,UNRESOLVED,true,false,PROGRAMMABLE_THERMAL_CHP,11.463,,,THERMOELECTRIC_CONVERSION_TECHNOLOGY,PRIMARY_ADDITIVE,true,TERNA_API_THERMOELECTRIC_CAPACITY_2021,cb72d4034a7c37a8ad8d1c24f1ea2ef4086042d85aa117bcaa23f54128a92226,5,DIRECT SOURCE CAPACITY / TERNA API,ACQUIRED_FUEL_UNRESOLVED
2021,SARD,INTERNAL_COMBUSTION_NON_CHP,UNRESOLVED,true,false,PROGRAMMABLE_THERMAL_CHP,12.987,,,THERMOELECTRIC_CONVERSION_TECHNOLOGY,PRIMARY_ADDITIVE,true,TERNA_API_THERMOELECTRIC_CAPACITY_2021,cb72d4034a7c37a8ad8d1c24f1ea2ef4086042d85aa117bcaa23f54128a92226,4,DIRECT SOURCE CAPACITY / TERNA API,ACQUIRED_FUEL_UNRESOLVED
2021,SARD,OTHER_THERMAL,UNRESOLVED,false,false,PROGRAMMABLE_THERMAL,11.847,,,THERMOELECTRIC_CONVERSION_TECHNOLOGY,PRIMARY_ADDITIVE,true,TERNA_API_THERMOELECTRIC_CAPACITY_2021,cb72d4034a7c37a8ad8d1c24f1ea2ef4086042d85aa117bcaa23f54128a92226,1,DIRECT SOURCE CAPACITY / TERNA API,ACQUIRED_FUEL_UNRESOLVED
2021,SARD,SOLAR_PV,SOLAR,false,false,VARIABLE_RENEWABLE,1001.042,0,COMPLETE_NUMERIC_REPORTED_ROWS,RENEWABLE_SOURCE_CAPACITY,PRIMARY_ADDITIVE,true,TERNA_API_RENEWABLE_SOURCE_CAPACITY_2021,7f3346cf7e6f541f5a810743fcce56e3d2031207e896ce56fdf3784714eb6d91,5,DIRECT SOURCE CAPACITY / TERNA API,ACQUIRED
2021,SARD,STEAM_BACKPRESSURE_CHP,UNRESOLVED,true,false,PROGRAMMABLE_THERMAL_CHP,10.64,,,THERMOELECTRIC_CONVERSION_TECHNOLOGY,PRIMARY_ADDITIVE,true,TERNA_API_THERMOELECTRIC_CAPACITY_2021,cb72d4034a7c37a8ad8d1c24f1ea2ef4086042d85aa117bcaa23f54128a92226,1,DIRECT SOURCE CAPACITY / TERNA API,ACQUIRED_FUEL_UNRESOLVED
2021,SARD,STEAM_CONDENSING,UNRESOLVED,false,false,PROGRAMMABLE_THERMAL,1110.085,,,THERMOELECTRIC_CONVERSION_TECHNOLOGY,PRIMARY_ADDITIVE,true,TERNA_API_THERMOELECTRIC_CAPACITY_2021,cb72d4034a7c37a8ad8d1c24f1ea2ef4086042d85aa117bcaa23f54128a92226,4,DIRECT SOURCE CAPACITY / TERNA API,ACQUIRED_FUEL_UNRESOLVED
2021,SARD,STEAM_EXTRACTION_CHP,UNRESOLVED,true,false,PROGRAMMABLE_THERMAL_CHP,217.145,,,THERMOELECTRIC_CONVERSION_TECHNOLOGY,PRIMARY_ADDITIVE,true,TERNA_API_THERMOELECTRIC_CAPACITY_2021,cb72d4034a7c37a8ad8d1c24f1ea2ef4086042d85aa117bcaa23f54128a92226,2,DIRECT SOURCE CAPACITY / TERNA API,ACQUIRED_FUEL_UNRESOLVED
2021,SARD,TURBO_EXPANSION,UNRESOLVED,false,false,PROGRAMMABLE_THERMAL,17.263,,,THERMOELECTRIC_CONVERSION_TECHNOLOGY,PRIMARY_ADDITIVE,true,TERNA_API_THERMOELECTRIC_CAPACITY_2021,cb72d4034a7c37a8ad8d1c24f1ea2ef4086042d85aa117bcaa23f54128a92226,1,DIRECT SOURCE CAPACITY / TERNA API,ACQUIRED_FUEL_UNRESOLVED
2021,SARD,WIND_AGGREGATE_UNSPLIT,WIND,false,false,VARIABLE_RENEWABLE,1088.81,0,COMPLETE_NUMERIC_REPORTED_ROWS,RENEWABLE_SOURCE_CAPACITY,PRIMARY_ADDITIVE,true,TERNA_API_RENEWABLE_SOURCE_CAPACITY_2021,7f3346cf7e6f541f5a810743fcce56e3d2031207e896ce56fdf3784714eb6d91,5,DIRECT SOURCE CAPACITY / TERNA API,ACQUIRED_WIND_ONSHORE_OFFSHORE_NOT_SEPARATED
2022,NORD,BIOENERGY,BIOENERGY,MIXED_UNRESOLVED,false,PROGRAMMABLE_RENEWABLE,2357.29,0,COMPLETE_NUMERIC_REPORTED_ROWS,RENEWABLE_SOURCE_CAPACITY,SOURCE_SUBSET_OF_THERMOELECTRIC,false,TERNA_API_RENEWABLE_SOURCE_CAPACITY_2022,a7d91095b8b6c9d18cb89f17d4d766aef143d8ea3904924bd52830b888960f4e,47,DIRECT SOURCE CAPACITY / TERNA API,ACQUIRED_NON_ADDITIVE_CROSS_CLASSIFICATION
2022,NORD,CCGT_CHP,UNRESOLVED,true,false,PROGRAMMABLE_THERMAL_PEAKER,10719.51,,,THERMOELECTRIC_CONVERSION_TECHNOLOGY,PRIMARY_ADDITIVE,true,TERNA_API_THERMOELECTRIC_CAPACITY_2022,e0856c1efb7945043e00f70ae8db5b92b68109dc1b4fcb9cda5a93f22152e979,35,DIRECT SOURCE CAPACITY / TERNA API,ACQUIRED_FUEL_UNRESOLVED
2022,NORD,CCGT_NON_CHP,UNRESOLVED,true,false,PROGRAMMABLE_THERMAL_PEAKER,10995.938,,,THERMOELECTRIC_CONVERSION_TECHNOLOGY,PRIMARY_ADDITIVE,true,TERNA_API_THERMOELECTRIC_CAPACITY_2022,e0856c1efb7945043e00f70ae8db5b92b68109dc1b4fcb9cda5a93f22152e979,11,DIRECT SOURCE CAPACITY / TERNA API,ACQUIRED_FUEL_UNRESOLVED
2022,NORD,FUEL_CELL_CHP,UNRESOLVED,true,false,PROGRAMMABLE_THERMAL_CHP,0.319,,,THERMOELECTRIC_CONVERSION_TECHNOLOGY,PRIMARY_ADDITIVE,true,TERNA_API_THERMOELECTRIC_CAPACITY_2022,e0856c1efb7945043e00f70ae8db5b92b68109dc1b4fcb9cda5a93f22152e979,14,DIRECT SOURCE CAPACITY / TERNA API,ACQUIRED_FUEL_UNRESOLVED
2022,NORD,FUEL_CELL_NON_CHP,UNRESOLVED,true,false,PROGRAMMABLE_THERMAL_CHP,0.088,,,THERMOELECTRIC_CONVERSION_TECHNOLOGY,PRIMARY_ADDITIVE,true,TERNA_API_THERMOELECTRIC_CAPACITY_2022,e0856c1efb7945043e00f70ae8db5b92b68109dc1b4fcb9cda5a93f22152e979,6,DIRECT SOURCE CAPACITY / TERNA API,ACQUIRED_FUEL_UNRESOLVED
2022,NORD,GEOTHERMAL,GEOTHERMAL_HEAT,false,false,PROGRAMMABLE_RENEWABLE,0,57,REPORTED_VALUE_SUM_WITH_BLANKS_RETAINED_NOT_ZERO,RENEWABLE_SOURCE_CAPACITY,SOURCE_CONTROL_OVERLAPS_EXPLICIT_THERMO_GEOTHERMAL_LABEL,false,TERNA_API_RENEWABLE_SOURCE_CAPACITY_2022,a7d91095b8b6c9d18cb89f17d4d766aef143d8ea3904924bd52830b888960f4e,57,DIRECT SOURCE CAPACITY / TERNA API,PARTIAL_REPORTED_SUM_BLANKS_NOT_ZERO
2022,NORD,GT_CHP,UNRESOLVED,true,false,PROGRAMMABLE_THERMAL_PEAKER,736.08438,,,THERMOELECTRIC_CONVERSION_TECHNOLOGY,PRIMARY_ADDITIVE,true,TERNA_API_THERMOELECTRIC_CAPACITY_2022,e0856c1efb7945043e00f70ae8db5b92b68109dc1b4fcb9cda5a93f22152e979,38,DIRECT SOURCE CAPACITY / TERNA API,ACQUIRED_FUEL_UNRESOLVED
2022,NORD,GT_NON_CHP,UNRESOLVED,true,false,PROGRAMMABLE_THERMAL_PEAKER,14.015,,,THERMOELECTRIC_CONVERSION_TECHNOLOGY,PRIMARY_ADDITIVE,true,TERNA_API_THERMOELECTRIC_CAPACITY_2022,e0856c1efb7945043e00f70ae8db5b92b68109dc1b4fcb9cda5a93f22152e979,14,DIRECT SOURCE CAPACITY / TERNA API,ACQUIRED_FUEL_UNRESOLVED
2022,NORD,HYDRO_TOTAL_CONTROL,WATER,false,MIXED_INCLUDES_PUMPED_HYDRO,MIXED_HYDRO_CONTROL,14400.11888,11,REPORTED_VALUE_SUM_WITH_BLANKS_RETAINED_NOT_ZERO,RENEWABLE_SOURCE_CAPACITY,PRIMARY_ADDITIVE,true,TERNA_API_RENEWABLE_SOURCE_CAPACITY_2022,a7d91095b8b6c9d18cb89f17d4d766aef143d8ea3904924bd52830b888960f4e,57,DIRECT SOURCE CAPACITY / TERNA API,PARTIAL_REPORTED_SUM_BLANKS_NOT_ZERO
2022,NORD,INTERNAL_COMBUSTION_CHP,UNRESOLVED,true,false,PROGRAMMABLE_THERMAL_CHP,2891.57911,,,THERMOELECTRIC_CONVERSION_TECHNOLOGY,PRIMARY_ADDITIVE,true,TERNA_API_THERMOELECTRIC_CAPACITY_2022,e0856c1efb7945043e00f70ae8db5b92b68109dc1b4fcb9cda5a93f22152e979,47,DIRECT SOURCE CAPACITY / TERNA API,ACQUIRED_FUEL_UNRESOLVED
2022,NORD,INTERNAL_COMBUSTION_NON_CHP,UNRESOLVED,true,false,PROGRAMMABLE_THERMAL_CHP,560.0925,,,THERMOELECTRIC_CONVERSION_TECHNOLOGY,PRIMARY_ADDITIVE,true,TERNA_API_THERMOELECTRIC_CAPACITY_2022,e0856c1efb7945043e00f70ae8db5b92b68109dc1b4fcb9cda5a93f22152e979,47,DIRECT SOURCE CAPACITY / TERNA API,ACQUIRED_FUEL_UNRESOLVED
2022,NORD,OTHER_THERMAL,UNRESOLVED,false,false,PROGRAMMABLE_THERMAL,14.236,,,THERMOELECTRIC_CONVERSION_TECHNOLOGY,PRIMARY_ADDITIVE,true,TERNA_API_THERMOELECTRIC_CAPACITY_2022,e0856c1efb7945043e00f70ae8db5b92b68109dc1b4fcb9cda5a93f22152e979,6,DIRECT SOURCE CAPACITY / TERNA API,ACQUIRED_FUEL_UNRESOLVED
2022,NORD,SOLAR_PV,SOLAR,false,false,VARIABLE_RENEWABLE,11523.102,10,REPORTED_VALUE_SUM_WITH_BLANKS_RETAINED_NOT_ZERO,RENEWABLE_SOURCE_CAPACITY,PRIMARY_ADDITIVE,true,TERNA_API_RENEWABLE_SOURCE_CAPACITY_2022,a7d91095b8b6c9d18cb89f17d4d766aef143d8ea3904924bd52830b888960f4e,57,DIRECT SOURCE CAPACITY / TERNA API,PARTIAL_REPORTED_SUM_BLANKS_NOT_ZERO
2022,NORD,STEAM_BACKPRESSURE_CHP,UNRESOLVED,true,false,PROGRAMMABLE_THERMAL_CHP,337.62,,,THERMOELECTRIC_CONVERSION_TECHNOLOGY,PRIMARY_ADDITIVE,true,TERNA_API_THERMOELECTRIC_CAPACITY_2022,e0856c1efb7945043e00f70ae8db5b92b68109dc1b4fcb9cda5a93f22152e979,23,DIRECT SOURCE CAPACITY / TERNA API,ACQUIRED_FUEL_UNRESOLVED
2022,NORD,STEAM_CONDENSING,UNRESOLVED,false,false,PROGRAMMABLE_THERMAL,2015.656,,,THERMOELECTRIC_CONVERSION_TECHNOLOGY,PRIMARY_ADDITIVE,true,TERNA_API_THERMOELECTRIC_CAPACITY_2022,e0856c1efb7945043e00f70ae8db5b92b68109dc1b4fcb9cda5a93f22152e979,24,DIRECT SOURCE CAPACITY / TERNA API,ACQUIRED_FUEL_UNRESOLVED
2022,NORD,STEAM_EXTRACTION_CHP,UNRESOLVED,true,false,PROGRAMMABLE_THERMAL_CHP,717.639,,,THERMOELECTRIC_CONVERSION_TECHNOLOGY,PRIMARY_ADDITIVE,true,TERNA_API_THERMOELECTRIC_CAPACITY_2022,e0856c1efb7945043e00f70ae8db5b92b68109dc1b4fcb9cda5a93f22152e979,26,DIRECT SOURCE CAPACITY / TERNA API,ACQUIRED_FUEL_UNRESOLVED
2022,NORD,TURBO_EXPANSION,UNRESOLVED,false,false,PROGRAMMABLE_THERMAL,39.246,,,THERMOELECTRIC_CONVERSION_TECHNOLOGY,PRIMARY_ADDITIVE,true,TERNA_API_THERMOELECTRIC_CAPACITY_2022,e0856c1efb7945043e00f70ae8db5b92b68109dc1b4fcb9cda5a93f22152e979,27,DIRECT SOURCE CAPACITY / TERNA API,ACQUIRED_FUEL_UNRESOLVED
2022,NORD,WIND_AGGREGATE_UNSPLIT,WIND,false,false,VARIABLE_RENEWABLE,197.867,12,REPORTED_VALUE_SUM_WITH_BLANKS_RETAINED_NOT_ZERO,RENEWABLE_SOURCE_CAPACITY,PRIMARY_ADDITIVE,true,TERNA_API_RENEWABLE_SOURCE_CAPACITY_2022,a7d91095b8b6c9d18cb89f17d4d766aef143d8ea3904924bd52830b888960f4e,47,DIRECT SOURCE CAPACITY / TERNA API,PARTIAL_REPORTED_SUM_BLANKS_NOT_ZERO
2022,CNOR,BIOENERGY,BIOENERGY,MIXED_UNRESOLVED,false,PROGRAMMABLE_RENEWABLE,185.6003,0,COMPLETE_NUMERIC_REPORTED_ROWS,RENEWABLE_SOURCE_CAPACITY,SOURCE_SUBSET_OF_THERMOELECTRIC,false,TERNA_API_RENEWABLE_SOURCE_CAPACITY_2022,a7d91095b8b6c9d18cb89f17d4d766aef143d8ea3904924bd52830b888960f4e,15,DIRECT SOURCE CAPACITY / TERNA API,ACQUIRED_NON_ADDITIVE_CROSS_CLASSIFICATION
2022,CNOR,CCGT_CHP,UNRESOLVED,true,false,PROGRAMMABLE_THERMAL_PEAKER,1125.673,,,THERMOELECTRIC_CONVERSION_TECHNOLOGY,PRIMARY_ADDITIVE,true,TERNA_API_THERMOELECTRIC_CAPACITY_2022,e0856c1efb7945043e00f70ae8db5b92b68109dc1b4fcb9cda5a93f22152e979,4,DIRECT SOURCE CAPACITY / TERNA API,ACQUIRED_FUEL_UNRESOLVED
2022,CNOR,CCGT_NON_CHP,UNRESOLVED,true,false,PROGRAMMABLE_THERMAL_PEAKER,442.626,,,THERMOELECTRIC_CONVERSION_TECHNOLOGY,PRIMARY_ADDITIVE,true,TERNA_API_THERMOELECTRIC_CAPACITY_2022,e0856c1efb7945043e00f70ae8db5b92b68109dc1b4fcb9cda5a93f22152e979,2,DIRECT SOURCE CAPACITY / TERNA API,ACQUIRED_FUEL_UNRESOLVED
2022,CNOR,FUEL_CELL_CHP,UNRESOLVED,true,false,PROGRAMMABLE_THERMAL_CHP,0.004,,,THERMOELECTRIC_CONVERSION_TECHNOLOGY,PRIMARY_ADDITIVE,true,TERNA_API_THERMOELECTRIC_CAPACITY_2022,e0856c1efb7945043e00f70ae8db5b92b68109dc1b4fcb9cda5a93f22152e979,2,DIRECT SOURCE CAPACITY / TERNA API,ACQUIRED_FUEL_UNRESOLVED
2022,CNOR,FUEL_CELL_NON_CHP,UNRESOLVED,true,false,PROGRAMMABLE_THERMAL_CHP,0.018,,,THERMOELECTRIC_CONVERSION_TECHNOLOGY,PRIMARY_ADDITIVE,true,TERNA_API_THERMOELECTRIC_CAPACITY_2022,e0856c1efb7945043e00f70ae8db5b92b68109dc1b4fcb9cda5a93f22152e979,2,DIRECT SOURCE CAPACITY / TERNA API,ACQUIRED_FUEL_UNRESOLVED
2022,CNOR,GEOTHERMAL,GEOTHERMAL_HEAT,false,false,PROGRAMMABLE_RENEWABLE_BASELOAD,771.79,,,THERMOELECTRIC_CONVERSION_TECHNOLOGY,PRIMARY_ADDITIVE,true,TERNA_API_THERMOELECTRIC_CAPACITY_2022,e0856c1efb7945043e00f70ae8db5b92b68109dc1b4fcb9cda5a93f22152e979,3,DIRECT SOURCE CAPACITY / TERNA API,ACQUIRED_EXPLICIT_HISTORICAL_THERMO_LABEL
2022,CNOR,GEOTHERMAL,GEOTHERMAL_HEAT,false,false,PROGRAMMABLE_RENEWABLE,771.79,14,REPORTED_VALUE_SUM_WITH_BLANKS_RETAINED_NOT_ZERO,RENEWABLE_SOURCE_CAPACITY,SOURCE_CONTROL_OVERLAPS_EXPLICIT_THERMO_GEOTHERMAL_LABEL,false,TERNA_API_RENEWABLE_SOURCE_CAPACITY_2022,a7d91095b8b6c9d18cb89f17d4d766aef143d8ea3904924bd52830b888960f4e,17,DIRECT SOURCE CAPACITY / TERNA API,PARTIAL_REPORTED_SUM_BLANKS_NOT_ZERO
2022,CNOR,GT_CHP,UNRESOLVED,true,false,PROGRAMMABLE_THERMAL_PEAKER,460.973,,,THERMOELECTRIC_CONVERSION_TECHNOLOGY,PRIMARY_ADDITIVE,true,TERNA_API_THERMOELECTRIC_CAPACITY_2022,e0856c1efb7945043e00f70ae8db5b92b68109dc1b4fcb9cda5a93f22152e979,10,DIRECT SOURCE CAPACITY / TERNA API,ACQUIRED_FUEL_UNRESOLVED
2022,CNOR,GT_NON_CHP,UNRESOLVED,true,false,PROGRAMMABLE_THERMAL_PEAKER,74.77,,,THERMOELECTRIC_CONVERSION_TECHNOLOGY,PRIMARY_ADDITIVE,true,TERNA_API_THERMOELECTRIC_CAPACITY_2022,e0856c1efb7945043e00f70ae8db5b92b68109dc1b4fcb9cda5a93f22152e979,5,DIRECT SOURCE CAPACITY / TERNA API,ACQUIRED_FUEL_UNRESOLVED
2022,CNOR,HYDRO_TOTAL_CONTROL,WATER,false,MIXED_INCLUDES_PUMPED_HYDRO,MIXED_HYDRO_CONTROL,610.81655,3,REPORTED_VALUE_SUM_WITH_BLANKS_RETAINED_NOT_ZERO,RENEWABLE_SOURCE_CAPACITY,PRIMARY_ADDITIVE,true,TERNA_API_RENEWABLE_SOURCE_CAPACITY_2022,a7d91095b8b6c9d18cb89f17d4d766aef143d8ea3904924bd52830b888960f4e,17,DIRECT SOURCE CAPACITY / TERNA API,PARTIAL_REPORTED_SUM_BLANKS_NOT_ZERO
2022,CNOR,INTERNAL_COMBUSTION_CHP,UNRESOLVED,true,false,PROGRAMMABLE_THERMAL_CHP,292.15676,,,THERMOELECTRIC_CONVERSION_TECHNOLOGY,PRIMARY_ADDITIVE,true,TERNA_API_THERMOELECTRIC_CAPACITY_2022,e0856c1efb7945043e00f70ae8db5b92b68109dc1b4fcb9cda5a93f22152e979,15,DIRECT SOURCE CAPACITY / TERNA API,ACQUIRED_FUEL_UNRESOLVED
2022,CNOR,INTERNAL_COMBUSTION_NON_CHP,UNRESOLVED,true,false,PROGRAMMABLE_THERMAL_CHP,116.9373,,,THERMOELECTRIC_CONVERSION_TECHNOLOGY,PRIMARY_ADDITIVE,true,TERNA_API_THERMOELECTRIC_CAPACITY_2022,e0856c1efb7945043e00f70ae8db5b92b68109dc1b4fcb9cda5a93f22152e979,14,DIRECT SOURCE CAPACITY / TERNA API,ACQUIRED_FUEL_UNRESOLVED
2022,CNOR,SOLAR_PV,SOLAR,false,false,VARIABLE_RENEWABLE,2243.434,2,REPORTED_VALUE_SUM_WITH_BLANKS_RETAINED_NOT_ZERO,RENEWABLE_SOURCE_CAPACITY,PRIMARY_ADDITIVE,true,TERNA_API_RENEWABLE_SOURCE_CAPACITY_2022,a7d91095b8b6c9d18cb89f17d4d766aef143d8ea3904924bd52830b888960f4e,17,DIRECT SOURCE CAPACITY / TERNA API,PARTIAL_REPORTED_SUM_BLANKS_NOT_ZERO
2022,CNOR,STEAM_BACKPRESSURE_CHP,UNRESOLVED,true,false,PROGRAMMABLE_THERMAL_CHP,12.51,,,THERMOELECTRIC_CONVERSION_TECHNOLOGY,PRIMARY_ADDITIVE,true,TERNA_API_THERMOELECTRIC_CAPACITY_2022,e0856c1efb7945043e00f70ae8db5b92b68109dc1b4fcb9cda5a93f22152e979,3,DIRECT SOURCE CAPACITY / TERNA API,ACQUIRED_FUEL_UNRESOLVED
2022,CNOR,STEAM_CONDENSING,UNRESOLVED,false,false,PROGRAMMABLE_THERMAL,34.182,,,THERMOELECTRIC_CONVERSION_TECHNOLOGY,PRIMARY_ADDITIVE,true,TERNA_API_THERMOELECTRIC_CAPACITY_2022,e0856c1efb7945043e00f70ae8db5b92b68109dc1b4fcb9cda5a93f22152e979,5,DIRECT SOURCE CAPACITY / TERNA API,ACQUIRED_FUEL_UNRESOLVED
2022,CNOR,STEAM_EXTRACTION_CHP,UNRESOLVED,true,false,PROGRAMMABLE_THERMAL_CHP,69.399,,,THERMOELECTRIC_CONVERSION_TECHNOLOGY,PRIMARY_ADDITIVE,true,TERNA_API_THERMOELECTRIC_CAPACITY_2022,e0856c1efb7945043e00f70ae8db5b92b68109dc1b4fcb9cda5a93f22152e979,4,DIRECT SOURCE CAPACITY / TERNA API,ACQUIRED_FUEL_UNRESOLVED
2022,CNOR,TURBO_EXPANSION,UNRESOLVED,false,false,PROGRAMMABLE_THERMAL,33.847,,,THERMOELECTRIC_CONVERSION_TECHNOLOGY,PRIMARY_ADDITIVE,true,TERNA_API_THERMOELECTRIC_CAPACITY_2022,e0856c1efb7945043e00f70ae8db5b92b68109dc1b4fcb9cda5a93f22152e979,3,DIRECT SOURCE CAPACITY / TERNA API,ACQUIRED_FUEL_UNRESOLVED
2022,CNOR,WIND_AGGREGATE_UNSPLIT,WIND,false,false,VARIABLE_RENEWABLE,162.59,0,COMPLETE_NUMERIC_REPORTED_ROWS,RENEWABLE_SOURCE_CAPACITY,PRIMARY_ADDITIVE,true,TERNA_API_RENEWABLE_SOURCE_CAPACITY_2022,a7d91095b8b6c9d18cb89f17d4d766aef143d8ea3904924bd52830b888960f4e,15,DIRECT SOURCE CAPACITY / TERNA API,ACQUIRED_WIND_ONSHORE_OFFSHORE_NOT_SEPARATED
2022,CSUD,BIOENERGY,BIOENERGY,MIXED_UNRESOLVED,false,PROGRAMMABLE_RENEWABLE,452.193,0,COMPLETE_NUMERIC_REPORTED_ROWS,RENEWABLE_SOURCE_CAPACITY,SOURCE_SUBSET_OF_THERMOELECTRIC,false,TERNA_API_RENEWABLE_SOURCE_CAPACITY_2022,a7d91095b8b6c9d18cb89f17d4d766aef143d8ea3904924bd52830b888960f4e,16,DIRECT SOURCE CAPACITY / TERNA API,ACQUIRED_NON_ADDITIVE_CROSS_CLASSIFICATION
2022,CSUD,CCGT_CHP,UNRESOLVED,true,false,PROGRAMMABLE_THERMAL_PEAKER,670.765,,,THERMOELECTRIC_CONVERSION_TECHNOLOGY,PRIMARY_ADDITIVE,true,TERNA_API_THERMOELECTRIC_CAPACITY_2022,e0856c1efb7945043e00f70ae8db5b92b68109dc1b4fcb9cda5a93f22152e979,8,DIRECT SOURCE CAPACITY / TERNA API,ACQUIRED_FUEL_UNRESOLVED
2022,CSUD,CCGT_NON_CHP,UNRESOLVED,true,false,PROGRAMMABLE_THERMAL_PEAKER,5571.19,,,THERMOELECTRIC_CONVERSION_TECHNOLOGY,PRIMARY_ADDITIVE,true,TERNA_API_THERMOELECTRIC_CAPACITY_2022,e0856c1efb7945043e00f70ae8db5b92b68109dc1b4fcb9cda5a93f22152e979,6,DIRECT SOURCE CAPACITY / TERNA API,ACQUIRED_FUEL_UNRESOLVED
2022,CSUD,GEOTHERMAL,GEOTHERMAL_HEAT,false,false,PROGRAMMABLE_RENEWABLE,0,16,REPORTED_VALUE_SUM_WITH_BLANKS_RETAINED_NOT_ZERO,RENEWABLE_SOURCE_CAPACITY,SOURCE_CONTROL_OVERLAPS_EXPLICIT_THERMO_GEOTHERMAL_LABEL,false,TERNA_API_RENEWABLE_SOURCE_CAPACITY_2022,a7d91095b8b6c9d18cb89f17d4d766aef143d8ea3904924bd52830b888960f4e,16,DIRECT SOURCE CAPACITY / TERNA API,PARTIAL_REPORTED_SUM_BLANKS_NOT_ZERO
2022,CSUD,GT_CHP,UNRESOLVED,true,false,PROGRAMMABLE_THERMAL_PEAKER,97.292,,,THERMOELECTRIC_CONVERSION_TECHNOLOGY,PRIMARY_ADDITIVE,true,TERNA_API_THERMOELECTRIC_CAPACITY_2022,e0856c1efb7945043e00f70ae8db5b92b68109dc1b4fcb9cda5a93f22152e979,7,DIRECT SOURCE CAPACITY / TERNA API,ACQUIRED_FUEL_UNRESOLVED
2022,CSUD,GT_NON_CHP,UNRESOLVED,true,false,PROGRAMMABLE_THERMAL_PEAKER,1055.216,,,THERMOELECTRIC_CONVERSION_TECHNOLOGY,PRIMARY_ADDITIVE,true,TERNA_API_THERMOELECTRIC_CAPACITY_2022,e0856c1efb7945043e00f70ae8db5b92b68109dc1b4fcb9cda5a93f22152e979,4,DIRECT SOURCE CAPACITY / TERNA API,ACQUIRED_FUEL_UNRESOLVED
2022,CSUD,HYDRO_TOTAL_CONTROL,WATER,false,MIXED_INCLUDES_PUMPED_HYDRO,MIXED_HYDRO_CONTROL,2310.41187,1,REPORTED_VALUE_SUM_WITH_BLANKS_RETAINED_NOT_ZERO,RENEWABLE_SOURCE_CAPACITY,PRIMARY_ADDITIVE,true,TERNA_API_RENEWABLE_SOURCE_CAPACITY_2022,a7d91095b8b6c9d18cb89f17d4d766aef143d8ea3904924bd52830b888960f4e,16,DIRECT SOURCE CAPACITY / TERNA API,PARTIAL_REPORTED_SUM_BLANKS_NOT_ZERO
2022,CSUD,INTERNAL_COMBUSTION_CHP,UNRESOLVED,true,false,PROGRAMMABLE_THERMAL_CHP,540.13,,,THERMOELECTRIC_CONVERSION_TECHNOLOGY,PRIMARY_ADDITIVE,true,TERNA_API_THERMOELECTRIC_CAPACITY_2022,e0856c1efb7945043e00f70ae8db5b92b68109dc1b4fcb9cda5a93f22152e979,16,DIRECT SOURCE CAPACITY / TERNA API,ACQUIRED_FUEL_UNRESOLVED
2022,CSUD,INTERNAL_COMBUSTION_NON_CHP,UNRESOLVED,true,false,PROGRAMMABLE_THERMAL_CHP,225.007,,,THERMOELECTRIC_CONVERSION_TECHNOLOGY,PRIMARY_ADDITIVE,true,TERNA_API_THERMOELECTRIC_CAPACITY_2022,e0856c1efb7945043e00f70ae8db5b92b68109dc1b4fcb9cda5a93f22152e979,15,DIRECT SOURCE CAPACITY / TERNA API,ACQUIRED_FUEL_UNRESOLVED
2022,CSUD,OTHER_THERMAL,UNRESOLVED,false,false,PROGRAMMABLE_THERMAL,5.2,,,THERMOELECTRIC_CONVERSION_TECHNOLOGY,PRIMARY_ADDITIVE,true,TERNA_API_THERMOELECTRIC_CAPACITY_2022,e0856c1efb7945043e00f70ae8db5b92b68109dc1b4fcb9cda5a93f22152e979,1,DIRECT SOURCE CAPACITY / TERNA API,ACQUIRED_FUEL_UNRESOLVED
2022,CSUD,SOLAR_PV,SOLAR,false,false,VARIABLE_RENEWABLE,4131.442,0,COMPLETE_NUMERIC_REPORTED_ROWS,RENEWABLE_SOURCE_CAPACITY,PRIMARY_ADDITIVE,true,TERNA_API_RENEWABLE_SOURCE_CAPACITY_2022,a7d91095b8b6c9d18cb89f17d4d766aef143d8ea3904924bd52830b888960f4e,16,DIRECT SOURCE CAPACITY / TERNA API,ACQUIRED
2022,CSUD,STEAM_BACKPRESSURE_CHP,UNRESOLVED,true,false,PROGRAMMABLE_THERMAL_CHP,32.03,,,THERMOELECTRIC_CONVERSION_TECHNOLOGY,PRIMARY_ADDITIVE,true,TERNA_API_THERMOELECTRIC_CAPACITY_2022,e0856c1efb7945043e00f70ae8db5b92b68109dc1b4fcb9cda5a93f22152e979,1,DIRECT SOURCE CAPACITY / TERNA API,ACQUIRED_FUEL_UNRESOLVED
2022,CSUD,STEAM_CONDENSING,UNRESOLVED,false,false,PROGRAMMABLE_THERMAL,1995.649,,,THERMOELECTRIC_CONVERSION_TECHNOLOGY,PRIMARY_ADDITIVE,true,TERNA_API_THERMOELECTRIC_CAPACITY_2022,e0856c1efb7945043e00f70ae8db5b92b68109dc1b4fcb9cda5a93f22152e979,7,DIRECT SOURCE CAPACITY / TERNA API,ACQUIRED_FUEL_UNRESOLVED
2022,CSUD,STEAM_EXTRACTION_CHP,UNRESOLVED,true,false,PROGRAMMABLE_THERMAL_CHP,43.384,,,THERMOELECTRIC_CONVERSION_TECHNOLOGY,PRIMARY_ADDITIVE,true,TERNA_API_THERMOELECTRIC_CAPACITY_2022,e0856c1efb7945043e00f70ae8db5b92b68109dc1b4fcb9cda5a93f22152e979,5,DIRECT SOURCE CAPACITY / TERNA API,ACQUIRED_FUEL_UNRESOLVED
2022,CSUD,TURBO_EXPANSION,UNRESOLVED,false,false,PROGRAMMABLE_THERMAL,25.868,,,THERMOELECTRIC_CONVERSION_TECHNOLOGY,PRIMARY_ADDITIVE,true,TERNA_API_THERMOELECTRIC_CAPACITY_2022,e0856c1efb7945043e00f70ae8db5b92b68109dc1b4fcb9cda5a93f22152e979,3,DIRECT SOURCE CAPACITY / TERNA API,ACQUIRED_FUEL_UNRESOLVED
2022,CSUD,WIND_AGGREGATE_UNSPLIT,WIND,false,false,VARIABLE_RENEWABLE,2213.519,1,REPORTED_VALUE_SUM_WITH_BLANKS_RETAINED_NOT_ZERO,RENEWABLE_SOURCE_CAPACITY,PRIMARY_ADDITIVE,true,TERNA_API_RENEWABLE_SOURCE_CAPACITY_2022,a7d91095b8b6c9d18cb89f17d4d766aef143d8ea3904924bd52830b888960f4e,16,DIRECT SOURCE CAPACITY / TERNA API,PARTIAL_REPORTED_SUM_BLANKS_NOT_ZERO
2022,SUD,BIOENERGY,BIOENERGY,MIXED_UNRESOLVED,false,PROGRAMMABLE_RENEWABLE,443.594,0,COMPLETE_NUMERIC_REPORTED_ROWS,RENEWABLE_SOURCE_CAPACITY,SOURCE_SUBSET_OF_THERMOELECTRIC,false,TERNA_API_RENEWABLE_SOURCE_CAPACITY_2022,a7d91095b8b6c9d18cb89f17d4d766aef143d8ea3904924bd52830b888960f4e,10,DIRECT SOURCE CAPACITY / TERNA API,ACQUIRED_NON_ADDITIVE_CROSS_CLASSIFICATION
2022,SUD,CCGT_CHP,UNRESOLVED,true,false,PROGRAMMABLE_THERMAL_PEAKER,2204.229,,,THERMOELECTRIC_CONVERSION_TECHNOLOGY,PRIMARY_ADDITIVE,true,TERNA_API_THERMOELECTRIC_CAPACITY_2022,e0856c1efb7945043e00f70ae8db5b92b68109dc1b4fcb9cda5a93f22152e979,5,DIRECT SOURCE CAPACITY / TERNA API,ACQUIRED_FUEL_UNRESOLVED
2022,SUD,CCGT_NON_CHP,UNRESOLVED,true,false,PROGRAMMABLE_THERMAL_PEAKER,2196.75,,,THERMOELECTRIC_CONVERSION_TECHNOLOGY,PRIMARY_ADDITIVE,true,TERNA_API_THERMOELECTRIC_CAPACITY_2022,e0856c1efb7945043e00f70ae8db5b92b68109dc1b4fcb9cda5a93f22152e979,4,DIRECT SOURCE CAPACITY / TERNA API,ACQUIRED_FUEL_UNRESOLVED
2022,SUD,FUEL_CELL_CHP,UNRESOLVED,true,false,PROGRAMMABLE_THERMAL_CHP,0.004,,,THERMOELECTRIC_CONVERSION_TECHNOLOGY,PRIMARY_ADDITIVE,true,TERNA_API_THERMOELECTRIC_CAPACITY_2022,e0856c1efb7945043e00f70ae8db5b92b68109dc1b4fcb9cda5a93f22152e979,2,DIRECT SOURCE CAPACITY / TERNA API,ACQUIRED_FUEL_UNRESOLVED
2022,SUD,FUEL_CELL_NON_CHP,UNRESOLVED,true,false,PROGRAMMABLE_THERMAL_CHP,0.104,,,THERMOELECTRIC_CONVERSION_TECHNOLOGY,PRIMARY_ADDITIVE,true,TERNA_API_THERMOELECTRIC_CAPACITY_2022,e0856c1efb7945043e00f70ae8db5b92b68109dc1b4fcb9cda5a93f22152e979,3,DIRECT SOURCE CAPACITY / TERNA API,ACQUIRED_FUEL_UNRESOLVED
2022,SUD,GEOTHERMAL,GEOTHERMAL_HEAT,false,false,PROGRAMMABLE_RENEWABLE,0,12,REPORTED_VALUE_SUM_WITH_BLANKS_RETAINED_NOT_ZERO,RENEWABLE_SOURCE_CAPACITY,SOURCE_CONTROL_OVERLAPS_EXPLICIT_THERMO_GEOTHERMAL_LABEL,false,TERNA_API_RENEWABLE_SOURCE_CAPACITY_2022,a7d91095b8b6c9d18cb89f17d4d766aef143d8ea3904924bd52830b888960f4e,12,DIRECT SOURCE CAPACITY / TERNA API,PARTIAL_REPORTED_SUM_BLANKS_NOT_ZERO
2022,SUD,GT_CHP,UNRESOLVED,true,false,PROGRAMMABLE_THERMAL_PEAKER,52.727,,,THERMOELECTRIC_CONVERSION_TECHNOLOGY,PRIMARY_ADDITIVE,true,TERNA_API_THERMOELECTRIC_CAPACITY_2022,e0856c1efb7945043e00f70ae8db5b92b68109dc1b4fcb9cda5a93f22152e979,5,DIRECT SOURCE CAPACITY / TERNA API,ACQUIRED_FUEL_UNRESOLVED
2022,SUD,GT_NON_CHP,UNRESOLVED,true,false,PROGRAMMABLE_THERMAL_PEAKER,251.585,,,THERMOELECTRIC_CONVERSION_TECHNOLOGY,PRIMARY_ADDITIVE,true,TERNA_API_THERMOELECTRIC_CAPACITY_2022,e0856c1efb7945043e00f70ae8db5b92b68109dc1b4fcb9cda5a93f22152e979,2,DIRECT SOURCE CAPACITY / TERNA API,ACQUIRED_FUEL_UNRESOLVED
2022,SUD,HYDRO_TOTAL_CONTROL,WATER,false,MIXED_INCLUDES_PUMPED_HYDRO,MIXED_HYDRO_CONTROL,224.21015,4,REPORTED_VALUE_SUM_WITH_BLANKS_RETAINED_NOT_ZERO,RENEWABLE_SOURCE_CAPACITY,PRIMARY_ADDITIVE,true,TERNA_API_RENEWABLE_SOURCE_CAPACITY_2022,a7d91095b8b6c9d18cb89f17d4d766aef143d8ea3904924bd52830b888960f4e,12,DIRECT SOURCE CAPACITY / TERNA API,PARTIAL_REPORTED_SUM_BLANKS_NOT_ZERO
2022,SUD,INTERNAL_COMBUSTION_CHP,UNRESOLVED,true,false,PROGRAMMABLE_THERMAL_CHP,119.437,,,THERMOELECTRIC_CONVERSION_TECHNOLOGY,PRIMARY_ADDITIVE,true,TERNA_API_THERMOELECTRIC_CAPACITY_2022,e0856c1efb7945043e00f70ae8db5b92b68109dc1b4fcb9cda5a93f22152e979,10,DIRECT SOURCE CAPACITY / TERNA API,ACQUIRED_FUEL_UNRESOLVED
2022,SUD,INTERNAL_COMBUSTION_NON_CHP,UNRESOLVED,true,false,PROGRAMMABLE_THERMAL_CHP,145.235,,,THERMOELECTRIC_CONVERSION_TECHNOLOGY,PRIMARY_ADDITIVE,true,TERNA_API_THERMOELECTRIC_CAPACITY_2022,e0856c1efb7945043e00f70ae8db5b92b68109dc1b4fcb9cda5a93f22152e979,10,DIRECT SOURCE CAPACITY / TERNA API,ACQUIRED_FUEL_UNRESOLVED
2022,SUD,OTHER_THERMAL,UNRESOLVED,false,false,PROGRAMMABLE_THERMAL,80.8,,,THERMOELECTRIC_CONVERSION_TECHNOLOGY,PRIMARY_ADDITIVE,true,TERNA_API_THERMOELECTRIC_CAPACITY_2022,e0856c1efb7945043e00f70ae8db5b92b68109dc1b4fcb9cda5a93f22152e979,1,DIRECT SOURCE CAPACITY / TERNA API,ACQUIRED_FUEL_UNRESOLVED
2022,SUD,SOLAR_PV,SOLAR,false,false,VARIABLE_RENEWABLE,3648.747,2,REPORTED_VALUE_SUM_WITH_BLANKS_RETAINED_NOT_ZERO,RENEWABLE_SOURCE_CAPACITY,PRIMARY_ADDITIVE,true,TERNA_API_RENEWABLE_SOURCE_CAPACITY_2022,a7d91095b8b6c9d18cb89f17d4d766aef143d8ea3904924bd52830b888960f4e,12,DIRECT SOURCE CAPACITY / TERNA API,PARTIAL_REPORTED_SUM_BLANKS_NOT_ZERO
2022,SUD,STEAM_BACKPRESSURE_CHP,UNRESOLVED,true,false,PROGRAMMABLE_THERMAL_CHP,7.951,,,THERMOELECTRIC_CONVERSION_TECHNOLOGY,PRIMARY_ADDITIVE,true,TERNA_API_THERMOELECTRIC_CAPACITY_2022,e0856c1efb7945043e00f70ae8db5b92b68109dc1b4fcb9cda5a93f22152e979,1,DIRECT SOURCE CAPACITY / TERNA API,ACQUIRED_FUEL_UNRESOLVED
2022,SUD,STEAM_CONDENSING,UNRESOLVED,false,false,PROGRAMMABLE_THERMAL,1888.79,,,THERMOELECTRIC_CONVERSION_TECHNOLOGY,PRIMARY_ADDITIVE,true,TERNA_API_THERMOELECTRIC_CAPACITY_2022,e0856c1efb7945043e00f70ae8db5b92b68109dc1b4fcb9cda5a93f22152e979,6,DIRECT SOURCE CAPACITY / TERNA API,ACQUIRED_FUEL_UNRESOLVED
2022,SUD,STEAM_EXTRACTION_CHP,UNRESOLVED,true,false,PROGRAMMABLE_THERMAL_CHP,523.89,,,THERMOELECTRIC_CONVERSION_TECHNOLOGY,PRIMARY_ADDITIVE,true,TERNA_API_THERMOELECTRIC_CAPACITY_2022,e0856c1efb7945043e00f70ae8db5b92b68109dc1b4fcb9cda5a93f22152e979,4,DIRECT SOURCE CAPACITY / TERNA API,ACQUIRED_FUEL_UNRESOLVED
2022,SUD,TURBO_EXPANSION,UNRESOLVED,false,false,PROGRAMMABLE_THERMAL,44.685,,,THERMOELECTRIC_CONVERSION_TECHNOLOGY,PRIMARY_ADDITIVE,true,TERNA_API_THERMOELECTRIC_CAPACITY_2022,e0856c1efb7945043e00f70ae8db5b92b68109dc1b4fcb9cda5a93f22152e979,3,DIRECT SOURCE CAPACITY / TERNA API,ACQUIRED_FUEL_UNRESOLVED
2022,SUD,WIND_AGGREGATE_UNSPLIT,WIND,false,false,VARIABLE_RENEWABLE,4852.042,0,COMPLETE_NUMERIC_REPORTED_ROWS,RENEWABLE_SOURCE_CAPACITY,PRIMARY_ADDITIVE,true,TERNA_API_RENEWABLE_SOURCE_CAPACITY_2022,a7d91095b8b6c9d18cb89f17d4d766aef143d8ea3904924bd52830b888960f4e,10,DIRECT SOURCE CAPACITY / TERNA API,ACQUIRED_WIND_ONSHORE_OFFSHORE_NOT_SEPARATED
2022,CALA,BIOENERGY,BIOENERGY,MIXED_UNRESOLVED,false,PROGRAMMABLE_RENEWABLE,174.883,0,COMPLETE_NUMERIC_REPORTED_ROWS,RENEWABLE_SOURCE_CAPACITY,SOURCE_SUBSET_OF_THERMOELECTRIC,false,TERNA_API_RENEWABLE_SOURCE_CAPACITY_2022,a7d91095b8b6c9d18cb89f17d4d766aef143d8ea3904924bd52830b888960f4e,5,DIRECT SOURCE CAPACITY / TERNA API,ACQUIRED_NON_ADDITIVE_CROSS_CLASSIFICATION
2022,CALA,CCGT_CHP,UNRESOLVED,true,false,PROGRAMMABLE_THERMAL_PEAKER,1607.335,,,THERMOELECTRIC_CONVERSION_TECHNOLOGY,PRIMARY_ADDITIVE,true,TERNA_API_THERMOELECTRIC_CAPACITY_2022,e0856c1efb7945043e00f70ae8db5b92b68109dc1b4fcb9cda5a93f22152e979,2,DIRECT SOURCE CAPACITY / TERNA API,ACQUIRED_FUEL_UNRESOLVED
2022,CALA,CCGT_NON_CHP,UNRESOLVED,true,false,PROGRAMMABLE_THERMAL_PEAKER,1592,,,THERMOELECTRIC_CONVERSION_TECHNOLOGY,PRIMARY_ADDITIVE,true,TERNA_API_THERMOELECTRIC_CAPACITY_2022,e0856c1efb7945043e00f70ae8db5b92b68109dc1b4fcb9cda5a93f22152e979,2,DIRECT SOURCE CAPACITY / TERNA API,ACQUIRED_FUEL_UNRESOLVED
2022,CALA,GEOTHERMAL,GEOTHERMAL_HEAT,false,false,PROGRAMMABLE_RENEWABLE,0,5,REPORTED_VALUE_SUM_WITH_BLANKS_RETAINED_NOT_ZERO,RENEWABLE_SOURCE_CAPACITY,SOURCE_CONTROL_OVERLAPS_EXPLICIT_THERMO_GEOTHERMAL_LABEL,false,TERNA_API_RENEWABLE_SOURCE_CAPACITY_2022,a7d91095b8b6c9d18cb89f17d4d766aef143d8ea3904924bd52830b888960f4e,5,DIRECT SOURCE CAPACITY / TERNA API,PARTIAL_REPORTED_SUM_BLANKS_NOT_ZERO
2022,CALA,GT_CHP,UNRESOLVED,true,false,PROGRAMMABLE_THERMAL_PEAKER,5.267,,,THERMOELECTRIC_CONVERSION_TECHNOLOGY,PRIMARY_ADDITIVE,true,TERNA_API_THERMOELECTRIC_CAPACITY_2022,e0856c1efb7945043e00f70ae8db5b92b68109dc1b4fcb9cda5a93f22152e979,3,DIRECT SOURCE CAPACITY / TERNA API,ACQUIRED_FUEL_UNRESOLVED
2022,CALA,GT_NON_CHP,UNRESOLVED,true,false,PROGRAMMABLE_THERMAL_PEAKER,228.014,,,THERMOELECTRIC_CONVERSION_TECHNOLOGY,PRIMARY_ADDITIVE,true,TERNA_API_THERMOELECTRIC_CAPACITY_2022,e0856c1efb7945043e00f70ae8db5b92b68109dc1b4fcb9cda5a93f22152e979,3,DIRECT SOURCE CAPACITY / TERNA API,ACQUIRED_FUEL_UNRESOLVED
2022,CALA,HYDRO_TOTAL_CONTROL,WATER,false,MIXED_INCLUDES_PUMPED_HYDRO,MIXED_HYDRO_CONTROL,782.009,0,COMPLETE_NUMERIC_REPORTED_ROWS,RENEWABLE_SOURCE_CAPACITY,PRIMARY_ADDITIVE,true,TERNA_API_RENEWABLE_SOURCE_CAPACITY_2022,a7d91095b8b6c9d18cb89f17d4d766aef143d8ea3904924bd52830b888960f4e,5,DIRECT SOURCE CAPACITY / TERNA API,ACQUIRED
2022,CALA,INTERNAL_COMBUSTION_CHP,UNRESOLVED,true,false,PROGRAMMABLE_THERMAL_CHP,35.73,,,THERMOELECTRIC_CONVERSION_TECHNOLOGY,PRIMARY_ADDITIVE,true,TERNA_API_THERMOELECTRIC_CAPACITY_2022,e0856c1efb7945043e00f70ae8db5b92b68109dc1b4fcb9cda5a93f22152e979,5,DIRECT SOURCE CAPACITY / TERNA API,ACQUIRED_FUEL_UNRESOLVED
2022,CALA,INTERNAL_COMBUSTION_NON_CHP,UNRESOLVED,true,false,PROGRAMMABLE_THERMAL_CHP,4.603,,,THERMOELECTRIC_CONVERSION_TECHNOLOGY,PRIMARY_ADDITIVE,true,TERNA_API_THERMOELECTRIC_CAPACITY_2022,e0856c1efb7945043e00f70ae8db5b92b68109dc1b4fcb9cda5a93f22152e979,5,DIRECT SOURCE CAPACITY / TERNA API,ACQUIRED_FUEL_UNRESOLVED
2022,CALA,SOLAR_PV,SOLAR,false,false,VARIABLE_RENEWABLE,618.319,0,COMPLETE_NUMERIC_REPORTED_ROWS,RENEWABLE_SOURCE_CAPACITY,PRIMARY_ADDITIVE,true,TERNA_API_RENEWABLE_SOURCE_CAPACITY_2022,a7d91095b8b6c9d18cb89f17d4d766aef143d8ea3904924bd52830b888960f4e,5,DIRECT SOURCE CAPACITY / TERNA API,ACQUIRED
2022,CALA,STEAM_CONDENSING,UNRESOLVED,false,false,PROGRAMMABLE_THERMAL,139.129,,,THERMOELECTRIC_CONVERSION_TECHNOLOGY,PRIMARY_ADDITIVE,true,TERNA_API_THERMOELECTRIC_CAPACITY_2022,e0856c1efb7945043e00f70ae8db5b92b68109dc1b4fcb9cda5a93f22152e979,3,DIRECT SOURCE CAPACITY / TERNA API,ACQUIRED_FUEL_UNRESOLVED
2022,CALA,STEAM_EXTRACTION_CHP,UNRESOLVED,true,false,PROGRAMMABLE_THERMAL_CHP,17,,,THERMOELECTRIC_CONVERSION_TECHNOLOGY,PRIMARY_ADDITIVE,true,TERNA_API_THERMOELECTRIC_CAPACITY_2022,e0856c1efb7945043e00f70ae8db5b92b68109dc1b4fcb9cda5a93f22152e979,1,DIRECT SOURCE CAPACITY / TERNA API,ACQUIRED_FUEL_UNRESOLVED
2022,CALA,WIND_AGGREGATE_UNSPLIT,WIND,false,false,VARIABLE_RENEWABLE,1180.532,0,COMPLETE_NUMERIC_REPORTED_ROWS,RENEWABLE_SOURCE_CAPACITY,PRIMARY_ADDITIVE,true,TERNA_API_RENEWABLE_SOURCE_CAPACITY_2022,a7d91095b8b6c9d18cb89f17d4d766aef143d8ea3904924bd52830b888960f4e,5,DIRECT SOURCE CAPACITY / TERNA API,ACQUIRED_WIND_ONSHORE_OFFSHORE_NOT_SEPARATED
2022,SICI,BIOENERGY,BIOENERGY,MIXED_UNRESOLVED,false,PROGRAMMABLE_RENEWABLE,69.471,0,COMPLETE_NUMERIC_REPORTED_ROWS,RENEWABLE_SOURCE_CAPACITY,SOURCE_SUBSET_OF_THERMOELECTRIC,false,TERNA_API_RENEWABLE_SOURCE_CAPACITY_2022,a7d91095b8b6c9d18cb89f17d4d766aef143d8ea3904924bd52830b888960f4e,9,DIRECT SOURCE CAPACITY / TERNA API,ACQUIRED_NON_ADDITIVE_CROSS_CLASSIFICATION
2022,SICI,CCGT_CHP,UNRESOLVED,true,false,PROGRAMMABLE_THERMAL_PEAKER,1441.836,,,THERMOELECTRIC_CONVERSION_TECHNOLOGY,PRIMARY_ADDITIVE,true,TERNA_API_THERMOELECTRIC_CAPACITY_2022,e0856c1efb7945043e00f70ae8db5b92b68109dc1b4fcb9cda5a93f22152e979,2,DIRECT SOURCE CAPACITY / TERNA API,ACQUIRED_FUEL_UNRESOLVED
2022,SICI,CCGT_NON_CHP,UNRESOLVED,true,false,PROGRAMMABLE_THERMAL_PEAKER,1523.89,,,THERMOELECTRIC_CONVERSION_TECHNOLOGY,PRIMARY_ADDITIVE,true,TERNA_API_THERMOELECTRIC_CAPACITY_2022,e0856c1efb7945043e00f70ae8db5b92b68109dc1b4fcb9cda5a93f22152e979,2,DIRECT SOURCE CAPACITY / TERNA API,ACQUIRED_FUEL_UNRESOLVED
2022,SICI,GEOTHERMAL,GEOTHERMAL_HEAT,false,false,PROGRAMMABLE_RENEWABLE,0,9,REPORTED_VALUE_SUM_WITH_BLANKS_RETAINED_NOT_ZERO,RENEWABLE_SOURCE_CAPACITY,SOURCE_CONTROL_OVERLAPS_EXPLICIT_THERMO_GEOTHERMAL_LABEL,false,TERNA_API_RENEWABLE_SOURCE_CAPACITY_2022,a7d91095b8b6c9d18cb89f17d4d766aef143d8ea3904924bd52830b888960f4e,9,DIRECT SOURCE CAPACITY / TERNA API,PARTIAL_REPORTED_SUM_BLANKS_NOT_ZERO
2022,SICI,GT_CHP,UNRESOLVED,true,false,PROGRAMMABLE_THERMAL_PEAKER,55.428,,,THERMOELECTRIC_CONVERSION_TECHNOLOGY,PRIMARY_ADDITIVE,true,TERNA_API_THERMOELECTRIC_CAPACITY_2022,e0856c1efb7945043e00f70ae8db5b92b68109dc1b4fcb9cda5a93f22152e979,4,DIRECT SOURCE CAPACITY / TERNA API,ACQUIRED_FUEL_UNRESOLVED
2022,SICI,GT_NON_CHP,UNRESOLVED,true,false,PROGRAMMABLE_THERMAL_PEAKER,532.39,,,THERMOELECTRIC_CONVERSION_TECHNOLOGY,PRIMARY_ADDITIVE,true,TERNA_API_THERMOELECTRIC_CAPACITY_2022,e0856c1efb7945043e00f70ae8db5b92b68109dc1b4fcb9cda5a93f22152e979,4,DIRECT SOURCE CAPACITY / TERNA API,ACQUIRED_FUEL_UNRESOLVED
2022,SICI,HYDRO_TOTAL_CONTROL,WATER,false,MIXED_INCLUDES_PUMPED_HYDRO,MIXED_HYDRO_CONTROL,141.804,1,REPORTED_VALUE_SUM_WITH_BLANKS_RETAINED_NOT_ZERO,RENEWABLE_SOURCE_CAPACITY,PRIMARY_ADDITIVE,true,TERNA_API_RENEWABLE_SOURCE_CAPACITY_2022,a7d91095b8b6c9d18cb89f17d4d766aef143d8ea3904924bd52830b888960f4e,9,DIRECT SOURCE CAPACITY / TERNA API,PARTIAL_REPORTED_SUM_BLANKS_NOT_ZERO
2022,SICI,INTERNAL_COMBUSTION_CHP,UNRESOLVED,true,false,PROGRAMMABLE_THERMAL_CHP,44.182,,,THERMOELECTRIC_CONVERSION_TECHNOLOGY,PRIMARY_ADDITIVE,true,TERNA_API_THERMOELECTRIC_CAPACITY_2022,e0856c1efb7945043e00f70ae8db5b92b68109dc1b4fcb9cda5a93f22152e979,9,DIRECT SOURCE CAPACITY / TERNA API,ACQUIRED_FUEL_UNRESOLVED
2022,SICI,INTERNAL_COMBUSTION_NON_CHP,UNRESOLVED,true,false,PROGRAMMABLE_THERMAL_CHP,174.785,,,THERMOELECTRIC_CONVERSION_TECHNOLOGY,PRIMARY_ADDITIVE,true,TERNA_API_THERMOELECTRIC_CAPACITY_2022,e0856c1efb7945043e00f70ae8db5b92b68109dc1b4fcb9cda5a93f22152e979,7,DIRECT SOURCE CAPACITY / TERNA API,ACQUIRED_FUEL_UNRESOLVED
2022,SICI,SOLAR_PV,SOLAR,false,false,VARIABLE_RENEWABLE,1757.839,0,COMPLETE_NUMERIC_REPORTED_ROWS,RENEWABLE_SOURCE_CAPACITY,PRIMARY_ADDITIVE,true,TERNA_API_RENEWABLE_SOURCE_CAPACITY_2022,a7d91095b8b6c9d18cb89f17d4d766aef143d8ea3904924bd52830b888960f4e,9,DIRECT SOURCE CAPACITY / TERNA API,ACQUIRED
2022,SICI,STEAM_BACKPRESSURE_CHP,UNRESOLVED,true,false,PROGRAMMABLE_THERMAL_CHP,134.496,,,THERMOELECTRIC_CONVERSION_TECHNOLOGY,PRIMARY_ADDITIVE,true,TERNA_API_THERMOELECTRIC_CAPACITY_2022,e0856c1efb7945043e00f70ae8db5b92b68109dc1b4fcb9cda5a93f22152e979,1,DIRECT SOURCE CAPACITY / TERNA API,ACQUIRED_FUEL_UNRESOLVED
2022,SICI,STEAM_CONDENSING,UNRESOLVED,false,false,PROGRAMMABLE_THERMAL,1201.929,,,THERMOELECTRIC_CONVERSION_TECHNOLOGY,PRIMARY_ADDITIVE,true,TERNA_API_THERMOELECTRIC_CAPACITY_2022,e0856c1efb7945043e00f70ae8db5b92b68109dc1b4fcb9cda5a93f22152e979,4,DIRECT SOURCE CAPACITY / TERNA API,ACQUIRED_FUEL_UNRESOLVED
2022,SICI,STEAM_EXTRACTION_CHP,UNRESOLVED,true,false,PROGRAMMABLE_THERMAL_CHP,18.4,,,THERMOELECTRIC_CONVERSION_TECHNOLOGY,PRIMARY_ADDITIVE,true,TERNA_API_THERMOELECTRIC_CAPACITY_2022,e0856c1efb7945043e00f70ae8db5b92b68109dc1b4fcb9cda5a93f22152e979,2,DIRECT SOURCE CAPACITY / TERNA API,ACQUIRED_FUEL_UNRESOLVED
2022,SICI,TURBO_EXPANSION,UNRESOLVED,false,false,PROGRAMMABLE_THERMAL,21.961,,,THERMOELECTRIC_CONVERSION_TECHNOLOGY,PRIMARY_ADDITIVE,true,TERNA_API_THERMOELECTRIC_CAPACITY_2022,e0856c1efb7945043e00f70ae8db5b92b68109dc1b4fcb9cda5a93f22152e979,3,DIRECT SOURCE CAPACITY / TERNA API,ACQUIRED_FUEL_UNRESOLVED
2022,SICI,WIND_AGGREGATE_UNSPLIT,WIND,false,false,VARIABLE_RENEWABLE,2122.939,0,COMPLETE_NUMERIC_REPORTED_ROWS,RENEWABLE_SOURCE_CAPACITY,PRIMARY_ADDITIVE,true,TERNA_API_RENEWABLE_SOURCE_CAPACITY_2022,a7d91095b8b6c9d18cb89f17d4d766aef143d8ea3904924bd52830b888960f4e,9,DIRECT SOURCE CAPACITY / TERNA API,ACQUIRED_WIND_ONSHORE_OFFSHORE_NOT_SEPARATED
2022,SARD,BIOENERGY,BIOENERGY,MIXED_UNRESOLVED,false,PROGRAMMABLE_RENEWABLE,104.649,0,COMPLETE_NUMERIC_REPORTED_ROWS,RENEWABLE_SOURCE_CAPACITY,SOURCE_SUBSET_OF_THERMOELECTRIC,false,TERNA_API_RENEWABLE_SOURCE_CAPACITY_2022,a7d91095b8b6c9d18cb89f17d4d766aef143d8ea3904924bd52830b888960f4e,5,DIRECT SOURCE CAPACITY / TERNA API,ACQUIRED_NON_ADDITIVE_CROSS_CLASSIFICATION
2022,SARD,CCGT_CHP,UNRESOLVED,true,false,PROGRAMMABLE_THERMAL_PEAKER,591,,,THERMOELECTRIC_CONVERSION_TECHNOLOGY,PRIMARY_ADDITIVE,true,TERNA_API_THERMOELECTRIC_CAPACITY_2022,e0856c1efb7945043e00f70ae8db5b92b68109dc1b4fcb9cda5a93f22152e979,1,DIRECT SOURCE CAPACITY / TERNA API,ACQUIRED_FUEL_UNRESOLVED
2022,SARD,CCGT_NON_CHP,UNRESOLVED,true,false,PROGRAMMABLE_THERMAL_PEAKER,36,,,THERMOELECTRIC_CONVERSION_TECHNOLOGY,PRIMARY_ADDITIVE,true,TERNA_API_THERMOELECTRIC_CAPACITY_2022,e0856c1efb7945043e00f70ae8db5b92b68109dc1b4fcb9cda5a93f22152e979,1,DIRECT SOURCE CAPACITY / TERNA API,ACQUIRED_FUEL_UNRESOLVED
2022,SARD,GEOTHERMAL,GEOTHERMAL_HEAT,false,false,PROGRAMMABLE_RENEWABLE,0,5,REPORTED_VALUE_SUM_WITH_BLANKS_RETAINED_NOT_ZERO,RENEWABLE_SOURCE_CAPACITY,SOURCE_CONTROL_OVERLAPS_EXPLICIT_THERMO_GEOTHERMAL_LABEL,false,TERNA_API_RENEWABLE_SOURCE_CAPACITY_2022,a7d91095b8b6c9d18cb89f17d4d766aef143d8ea3904924bd52830b888960f4e,5,DIRECT SOURCE CAPACITY / TERNA API,PARTIAL_REPORTED_SUM_BLANKS_NOT_ZERO
2022,SARD,GT_NON_CHP,UNRESOLVED,true,false,PROGRAMMABLE_THERMAL_PEAKER,150,,,THERMOELECTRIC_CONVERSION_TECHNOLOGY,PRIMARY_ADDITIVE,true,TERNA_API_THERMOELECTRIC_CAPACITY_2022,e0856c1efb7945043e00f70ae8db5b92b68109dc1b4fcb9cda5a93f22152e979,1,DIRECT SOURCE CAPACITY / TERNA API,ACQUIRED_FUEL_UNRESOLVED
2022,SARD,HYDRO_TOTAL_CONTROL,WATER,false,MIXED_INCLUDES_PUMPED_HYDRO,MIXED_HYDRO_CONTROL,463.419,0,COMPLETE_NUMERIC_REPORTED_ROWS,RENEWABLE_SOURCE_CAPACITY,PRIMARY_ADDITIVE,true,TERNA_API_RENEWABLE_SOURCE_CAPACITY_2022,a7d91095b8b6c9d18cb89f17d4d766aef143d8ea3904924bd52830b888960f4e,5,DIRECT SOURCE CAPACITY / TERNA API,ACQUIRED
2022,SARD,INTERNAL_COMBUSTION_CHP,UNRESOLVED,true,false,PROGRAMMABLE_THERMAL_CHP,11.657,,,THERMOELECTRIC_CONVERSION_TECHNOLOGY,PRIMARY_ADDITIVE,true,TERNA_API_THERMOELECTRIC_CAPACITY_2022,e0856c1efb7945043e00f70ae8db5b92b68109dc1b4fcb9cda5a93f22152e979,5,DIRECT SOURCE CAPACITY / TERNA API,ACQUIRED_FUEL_UNRESOLVED
2022,SARD,INTERNAL_COMBUSTION_NON_CHP,UNRESOLVED,true,false,PROGRAMMABLE_THERMAL_CHP,12.987,,,THERMOELECTRIC_CONVERSION_TECHNOLOGY,PRIMARY_ADDITIVE,true,TERNA_API_THERMOELECTRIC_CAPACITY_2022,e0856c1efb7945043e00f70ae8db5b92b68109dc1b4fcb9cda5a93f22152e979,4,DIRECT SOURCE CAPACITY / TERNA API,ACQUIRED_FUEL_UNRESOLVED
2022,SARD,OTHER_THERMAL,UNRESOLVED,false,false,PROGRAMMABLE_THERMAL,11.847,,,THERMOELECTRIC_CONVERSION_TECHNOLOGY,PRIMARY_ADDITIVE,true,TERNA_API_THERMOELECTRIC_CAPACITY_2022,e0856c1efb7945043e00f70ae8db5b92b68109dc1b4fcb9cda5a93f22152e979,1,DIRECT SOURCE CAPACITY / TERNA API,ACQUIRED_FUEL_UNRESOLVED
2022,SARD,SOLAR_PV,SOLAR,false,false,VARIABLE_RENEWABLE,1141.036,0,COMPLETE_NUMERIC_REPORTED_ROWS,RENEWABLE_SOURCE_CAPACITY,PRIMARY_ADDITIVE,true,TERNA_API_RENEWABLE_SOURCE_CAPACITY_2022,a7d91095b8b6c9d18cb89f17d4d766aef143d8ea3904924bd52830b888960f4e,5,DIRECT SOURCE CAPACITY / TERNA API,ACQUIRED
2022,SARD,STEAM_BACKPRESSURE_CHP,UNRESOLVED,true,false,PROGRAMMABLE_THERMAL_CHP,10.64,,,THERMOELECTRIC_CONVERSION_TECHNOLOGY,PRIMARY_ADDITIVE,true,TERNA_API_THERMOELECTRIC_CAPACITY_2022,e0856c1efb7945043e00f70ae8db5b92b68109dc1b4fcb9cda5a93f22152e979,1,DIRECT SOURCE CAPACITY / TERNA API,ACQUIRED_FUEL_UNRESOLVED
2022,SARD,STEAM_CONDENSING,UNRESOLVED,false,false,PROGRAMMABLE_THERMAL,1110.085,,,THERMOELECTRIC_CONVERSION_TECHNOLOGY,PRIMARY_ADDITIVE,true,TERNA_API_THERMOELECTRIC_CAPACITY_2022,e0856c1efb7945043e00f70ae8db5b92b68109dc1b4fcb9cda5a93f22152e979,4,DIRECT SOURCE CAPACITY / TERNA API,ACQUIRED_FUEL_UNRESOLVED
2022,SARD,STEAM_EXTRACTION_CHP,UNRESOLVED,true,false,PROGRAMMABLE_THERMAL_CHP,217.145,,,THERMOELECTRIC_CONVERSION_TECHNOLOGY,PRIMARY_ADDITIVE,true,TERNA_API_THERMOELECTRIC_CAPACITY_2022,e0856c1efb7945043e00f70ae8db5b92b68109dc1b4fcb9cda5a93f22152e979,2,DIRECT SOURCE CAPACITY / TERNA API,ACQUIRED_FUEL_UNRESOLVED
2022,SARD,TURBO_EXPANSION,UNRESOLVED,false,false,PROGRAMMABLE_THERMAL,17.263,,,THERMOELECTRIC_CONVERSION_TECHNOLOGY,PRIMARY_ADDITIVE,true,TERNA_API_THERMOELECTRIC_CAPACITY_2022,e0856c1efb7945043e00f70ae8db5b92b68109dc1b4fcb9cda5a93f22152e979,1,DIRECT SOURCE CAPACITY / TERNA API,ACQUIRED_FUEL_UNRESOLVED
2022,SARD,WIND_AGGREGATE_UNSPLIT,WIND,false,false,VARIABLE_RENEWABLE,1090.698,0,COMPLETE_NUMERIC_REPORTED_ROWS,RENEWABLE_SOURCE_CAPACITY,PRIMARY_ADDITIVE,true,TERNA_API_RENEWABLE_SOURCE_CAPACITY_2022,a7d91095b8b6c9d18cb89f17d4d766aef143d8ea3904924bd52830b888960f4e,5,DIRECT SOURCE CAPACITY / TERNA API,ACQUIRED_WIND_ONSHORE_OFFSHORE_NOT_SEPARATED
2023,NORD,BIOENERGY,BIOENERGY,MIXED_UNRESOLVED,false,PROGRAMMABLE_RENEWABLE,2385.697,0,COMPLETE_NUMERIC_REPORTED_ROWS,RENEWABLE_SOURCE_CAPACITY,SOURCE_SUBSET_OF_THERMOELECTRIC,false,TERNA_API_RENEWABLE_SOURCE_CAPACITY_2023,41f376ca963cb0ac004c9af188d32633c839ce95d3c7e0f0211907e713eabc1f,47,DIRECT SOURCE CAPACITY / TERNA API,ACQUIRED_NON_ADDITIVE_CROSS_CLASSIFICATION
2023,NORD,CCGT_CHP,UNRESOLVED,true,false,PROGRAMMABLE_THERMAL_PEAKER,10904.133,,,THERMOELECTRIC_CONVERSION_TECHNOLOGY,PRIMARY_ADDITIVE,true,TERNA_API_THERMOELECTRIC_CAPACITY_2023,cf25319f62d4e93e033e774c6a2afc573919d0ad25c739da034742463aabd944,35,DIRECT SOURCE CAPACITY / TERNA API,ACQUIRED_FUEL_UNRESOLVED
2023,NORD,CCGT_NON_CHP,UNRESOLVED,true,false,PROGRAMMABLE_THERMAL_PEAKER,11128.738,,,THERMOELECTRIC_CONVERSION_TECHNOLOGY,PRIMARY_ADDITIVE,true,TERNA_API_THERMOELECTRIC_CAPACITY_2023,cf25319f62d4e93e033e774c6a2afc573919d0ad25c739da034742463aabd944,11,DIRECT SOURCE CAPACITY / TERNA API,ACQUIRED_FUEL_UNRESOLVED
2023,NORD,FUEL_CELL_CHP,UNRESOLVED,true,false,PROGRAMMABLE_THERMAL_CHP,0.142,,,THERMOELECTRIC_CONVERSION_TECHNOLOGY,PRIMARY_ADDITIVE,true,TERNA_API_THERMOELECTRIC_CAPACITY_2023,cf25319f62d4e93e033e774c6a2afc573919d0ad25c739da034742463aabd944,14,DIRECT SOURCE CAPACITY / TERNA API,ACQUIRED_FUEL_UNRESOLVED
2023,NORD,FUEL_CELL_NON_CHP,UNRESOLVED,true,false,PROGRAMMABLE_THERMAL_CHP,2.088,,,THERMOELECTRIC_CONVERSION_TECHNOLOGY,PRIMARY_ADDITIVE,true,TERNA_API_THERMOELECTRIC_CAPACITY_2023,cf25319f62d4e93e033e774c6a2afc573919d0ad25c739da034742463aabd944,8,DIRECT SOURCE CAPACITY / TERNA API,ACQUIRED_FUEL_UNRESOLVED
2023,NORD,GEOTHERMAL,GEOTHERMAL_HEAT,false,false,PROGRAMMABLE_RENEWABLE,0,58,REPORTED_VALUE_SUM_WITH_BLANKS_RETAINED_NOT_ZERO,RENEWABLE_SOURCE_CAPACITY,PRIMARY_ADDITIVE,true,TERNA_API_RENEWABLE_SOURCE_CAPACITY_2023,41f376ca963cb0ac004c9af188d32633c839ce95d3c7e0f0211907e713eabc1f,58,DIRECT SOURCE CAPACITY / TERNA API,PARTIAL_REPORTED_SUM_BLANKS_NOT_ZERO
2023,NORD,GT_CHP,UNRESOLVED,true,false,PROGRAMMABLE_THERMAL_PEAKER,738.57538,,,THERMOELECTRIC_CONVERSION_TECHNOLOGY,PRIMARY_ADDITIVE,true,TERNA_API_THERMOELECTRIC_CAPACITY_2023,cf25319f62d4e93e033e774c6a2afc573919d0ad25c739da034742463aabd944,37,DIRECT SOURCE CAPACITY / TERNA API,ACQUIRED_FUEL_UNRESOLVED
2023,NORD,GT_NON_CHP,UNRESOLVED,true,false,PROGRAMMABLE_THERMAL_PEAKER,69.915,,,THERMOELECTRIC_CONVERSION_TECHNOLOGY,PRIMARY_ADDITIVE,true,TERNA_API_THERMOELECTRIC_CAPACITY_2023,cf25319f62d4e93e033e774c6a2afc573919d0ad25c739da034742463aabd944,15,DIRECT SOURCE CAPACITY / TERNA API,ACQUIRED_FUEL_UNRESOLVED
2023,NORD,HYDRO_TOTAL_CONTROL,WATER,false,MIXED_INCLUDES_PUMPED_HYDRO,MIXED_HYDRO_CONTROL,14399.76831,12,REPORTED_VALUE_SUM_WITH_BLANKS_RETAINED_NOT_ZERO,RENEWABLE_SOURCE_CAPACITY,PRIMARY_ADDITIVE,true,TERNA_API_RENEWABLE_SOURCE_CAPACITY_2023,41f376ca963cb0ac004c9af188d32633c839ce95d3c7e0f0211907e713eabc1f,58,DIRECT SOURCE CAPACITY / TERNA API,PARTIAL_REPORTED_SUM_BLANKS_NOT_ZERO
2023,NORD,INTERNAL_COMBUSTION_CHP,UNRESOLVED,true,false,PROGRAMMABLE_THERMAL_CHP,2981.80883,,,THERMOELECTRIC_CONVERSION_TECHNOLOGY,PRIMARY_ADDITIVE,true,TERNA_API_THERMOELECTRIC_CAPACITY_2023,cf25319f62d4e93e033e774c6a2afc573919d0ad25c739da034742463aabd944,47,DIRECT SOURCE CAPACITY / TERNA API,ACQUIRED_FUEL_UNRESOLVED
2023,NORD,INTERNAL_COMBUSTION_NON_CHP,UNRESOLVED,true,false,PROGRAMMABLE_THERMAL_CHP,598.8795,,,THERMOELECTRIC_CONVERSION_TECHNOLOGY,PRIMARY_ADDITIVE,true,TERNA_API_THERMOELECTRIC_CAPACITY_2023,cf25319f62d4e93e033e774c6a2afc573919d0ad25c739da034742463aabd944,46,DIRECT SOURCE CAPACITY / TERNA API,ACQUIRED_FUEL_UNRESOLVED
2023,NORD,OTHER_THERMAL,UNRESOLVED,false,false,PROGRAMMABLE_THERMAL,13.129,,,THERMOELECTRIC_CONVERSION_TECHNOLOGY,PRIMARY_ADDITIVE,true,TERNA_API_THERMOELECTRIC_CAPACITY_2023,cf25319f62d4e93e033e774c6a2afc573919d0ad25c739da034742463aabd944,5,DIRECT SOURCE CAPACITY / TERNA API,ACQUIRED_FUEL_UNRESOLVED
2023,NORD,SOLAR_PV,SOLAR,false,false,VARIABLE_RENEWABLE,14598.063,11,REPORTED_VALUE_SUM_WITH_BLANKS_RETAINED_NOT_ZERO,RENEWABLE_SOURCE_CAPACITY,PRIMARY_ADDITIVE,true,TERNA_API_RENEWABLE_SOURCE_CAPACITY_2023,41f376ca963cb0ac004c9af188d32633c839ce95d3c7e0f0211907e713eabc1f,58,DIRECT SOURCE CAPACITY / TERNA API,PARTIAL_REPORTED_SUM_BLANKS_NOT_ZERO
2023,NORD,STEAM_BACKPRESSURE_CHP,UNRESOLVED,true,false,PROGRAMMABLE_THERMAL_CHP,340.66,,,THERMOELECTRIC_CONVERSION_TECHNOLOGY,PRIMARY_ADDITIVE,true,TERNA_API_THERMOELECTRIC_CAPACITY_2023,cf25319f62d4e93e033e774c6a2afc573919d0ad25c739da034742463aabd944,23,DIRECT SOURCE CAPACITY / TERNA API,ACQUIRED_FUEL_UNRESOLVED
2023,NORD,STEAM_CONDENSING,UNRESOLVED,false,false,PROGRAMMABLE_THERMAL,2050.626,,,THERMOELECTRIC_CONVERSION_TECHNOLOGY,PRIMARY_ADDITIVE,true,TERNA_API_THERMOELECTRIC_CAPACITY_2023,cf25319f62d4e93e033e774c6a2afc573919d0ad25c739da034742463aabd944,23,DIRECT SOURCE CAPACITY / TERNA API,ACQUIRED_FUEL_UNRESOLVED
2023,NORD,STEAM_EXTRACTION_CHP,UNRESOLVED,true,false,PROGRAMMABLE_THERMAL_CHP,700.017,,,THERMOELECTRIC_CONVERSION_TECHNOLOGY,PRIMARY_ADDITIVE,true,TERNA_API_THERMOELECTRIC_CAPACITY_2023,cf25319f62d4e93e033e774c6a2afc573919d0ad25c739da034742463aabd944,25,DIRECT SOURCE CAPACITY / TERNA API,ACQUIRED_FUEL_UNRESOLVED
2023,NORD,TURBO_EXPANSION,UNRESOLVED,false,false,PROGRAMMABLE_THERMAL,38.333,,,THERMOELECTRIC_CONVERSION_TECHNOLOGY,PRIMARY_ADDITIVE,true,TERNA_API_THERMOELECTRIC_CAPACITY_2023,cf25319f62d4e93e033e774c6a2afc573919d0ad25c739da034742463aabd944,28,DIRECT SOURCE CAPACITY / TERNA API,ACQUIRED_FUEL_UNRESOLVED
2023,NORD,WIND_AGGREGATE_UNSPLIT,WIND,false,false,VARIABLE_RENEWABLE,200.277,29,REPORTED_VALUE_SUM_WITH_BLANKS_RETAINED_NOT_ZERO,RENEWABLE_SOURCE_CAPACITY,PRIMARY_ADDITIVE,true,TERNA_API_RENEWABLE_SOURCE_CAPACITY_2023,41f376ca963cb0ac004c9af188d32633c839ce95d3c7e0f0211907e713eabc1f,47,DIRECT SOURCE CAPACITY / TERNA API,PARTIAL_REPORTED_SUM_BLANKS_NOT_ZERO
2023,CNOR,BIOENERGY,BIOENERGY,MIXED_UNRESOLVED,false,PROGRAMMABLE_RENEWABLE,181.5723,0,COMPLETE_NUMERIC_REPORTED_ROWS,RENEWABLE_SOURCE_CAPACITY,SOURCE_SUBSET_OF_THERMOELECTRIC,false,TERNA_API_RENEWABLE_SOURCE_CAPACITY_2023,41f376ca963cb0ac004c9af188d32633c839ce95d3c7e0f0211907e713eabc1f,15,DIRECT SOURCE CAPACITY / TERNA API,ACQUIRED_NON_ADDITIVE_CROSS_CLASSIFICATION
2023,CNOR,CCGT_CHP,UNRESOLVED,true,false,PROGRAMMABLE_THERMAL_PEAKER,1125.673,,,THERMOELECTRIC_CONVERSION_TECHNOLOGY,PRIMARY_ADDITIVE,true,TERNA_API_THERMOELECTRIC_CAPACITY_2023,cf25319f62d4e93e033e774c6a2afc573919d0ad25c739da034742463aabd944,4,DIRECT SOURCE CAPACITY / TERNA API,ACQUIRED_FUEL_UNRESOLVED
2023,CNOR,CCGT_NON_CHP,UNRESOLVED,true,false,PROGRAMMABLE_THERMAL_PEAKER,442.626,,,THERMOELECTRIC_CONVERSION_TECHNOLOGY,PRIMARY_ADDITIVE,true,TERNA_API_THERMOELECTRIC_CAPACITY_2023,cf25319f62d4e93e033e774c6a2afc573919d0ad25c739da034742463aabd944,2,DIRECT SOURCE CAPACITY / TERNA API,ACQUIRED_FUEL_UNRESOLVED
2023,CNOR,FUEL_CELL_CHP,UNRESOLVED,true,false,PROGRAMMABLE_THERMAL_CHP,0.004,,,THERMOELECTRIC_CONVERSION_TECHNOLOGY,PRIMARY_ADDITIVE,true,TERNA_API_THERMOELECTRIC_CAPACITY_2023,cf25319f62d4e93e033e774c6a2afc573919d0ad25c739da034742463aabd944,2,DIRECT SOURCE CAPACITY / TERNA API,ACQUIRED_FUEL_UNRESOLVED
2023,CNOR,FUEL_CELL_NON_CHP,UNRESOLVED,true,false,PROGRAMMABLE_THERMAL_CHP,0.018,,,THERMOELECTRIC_CONVERSION_TECHNOLOGY,PRIMARY_ADDITIVE,true,TERNA_API_THERMOELECTRIC_CAPACITY_2023,cf25319f62d4e93e033e774c6a2afc573919d0ad25c739da034742463aabd944,2,DIRECT SOURCE CAPACITY / TERNA API,ACQUIRED_FUEL_UNRESOLVED
2023,CNOR,GEOTHERMAL,GEOTHERMAL_HEAT,false,false,PROGRAMMABLE_RENEWABLE,771.79,14,REPORTED_VALUE_SUM_WITH_BLANKS_RETAINED_NOT_ZERO,RENEWABLE_SOURCE_CAPACITY,PRIMARY_ADDITIVE,true,TERNA_API_RENEWABLE_SOURCE_CAPACITY_2023,41f376ca963cb0ac004c9af188d32633c839ce95d3c7e0f0211907e713eabc1f,17,DIRECT SOURCE CAPACITY / TERNA API,PARTIAL_REPORTED_SUM_BLANKS_NOT_ZERO
2023,CNOR,GT_CHP,UNRESOLVED,true,false,PROGRAMMABLE_THERMAL_PEAKER,460.878,,,THERMOELECTRIC_CONVERSION_TECHNOLOGY,PRIMARY_ADDITIVE,true,TERNA_API_THERMOELECTRIC_CAPACITY_2023,cf25319f62d4e93e033e774c6a2afc573919d0ad25c739da034742463aabd944,9,DIRECT SOURCE CAPACITY / TERNA API,ACQUIRED_FUEL_UNRESOLVED
2023,CNOR,GT_NON_CHP,UNRESOLVED,true,false,PROGRAMMABLE_THERMAL_PEAKER,74.77,,,THERMOELECTRIC_CONVERSION_TECHNOLOGY,PRIMARY_ADDITIVE,true,TERNA_API_THERMOELECTRIC_CAPACITY_2023,cf25319f62d4e93e033e774c6a2afc573919d0ad25c739da034742463aabd944,5,DIRECT SOURCE CAPACITY / TERNA API,ACQUIRED_FUEL_UNRESOLVED
2023,CNOR,HYDRO_TOTAL_CONTROL,WATER,false,MIXED_INCLUDES_PUMPED_HYDRO,MIXED_HYDRO_CONTROL,617.08355,3,REPORTED_VALUE_SUM_WITH_BLANKS_RETAINED_NOT_ZERO,RENEWABLE_SOURCE_CAPACITY,PRIMARY_ADDITIVE,true,TERNA_API_RENEWABLE_SOURCE_CAPACITY_2023,41f376ca963cb0ac004c9af188d32633c839ce95d3c7e0f0211907e713eabc1f,17,DIRECT SOURCE CAPACITY / TERNA API,PARTIAL_REPORTED_SUM_BLANKS_NOT_ZERO
2023,CNOR,INTERNAL_COMBUSTION_CHP,UNRESOLVED,true,false,PROGRAMMABLE_THERMAL_CHP,278.51176,,,THERMOELECTRIC_CONVERSION_TECHNOLOGY,PRIMARY_ADDITIVE,true,TERNA_API_THERMOELECTRIC_CAPACITY_2023,cf25319f62d4e93e033e774c6a2afc573919d0ad25c739da034742463aabd944,15,DIRECT SOURCE CAPACITY / TERNA API,ACQUIRED_FUEL_UNRESOLVED
2023,CNOR,INTERNAL_COMBUSTION_NON_CHP,UNRESOLVED,true,false,PROGRAMMABLE_THERMAL_CHP,114.4983,,,THERMOELECTRIC_CONVERSION_TECHNOLOGY,PRIMARY_ADDITIVE,true,TERNA_API_THERMOELECTRIC_CAPACITY_2023,cf25319f62d4e93e033e774c6a2afc573919d0ad25c739da034742463aabd944,14,DIRECT SOURCE CAPACITY / TERNA API,ACQUIRED_FUEL_UNRESOLVED
2023,CNOR,SOLAR_PV,SOLAR,false,false,VARIABLE_RENEWABLE,2584.832,2,REPORTED_VALUE_SUM_WITH_BLANKS_RETAINED_NOT_ZERO,RENEWABLE_SOURCE_CAPACITY,PRIMARY_ADDITIVE,true,TERNA_API_RENEWABLE_SOURCE_CAPACITY_2023,41f376ca963cb0ac004c9af188d32633c839ce95d3c7e0f0211907e713eabc1f,17,DIRECT SOURCE CAPACITY / TERNA API,PARTIAL_REPORTED_SUM_BLANKS_NOT_ZERO
2023,CNOR,STEAM_BACKPRESSURE_CHP,UNRESOLVED,true,false,PROGRAMMABLE_THERMAL_CHP,12.51,,,THERMOELECTRIC_CONVERSION_TECHNOLOGY,PRIMARY_ADDITIVE,true,TERNA_API_THERMOELECTRIC_CAPACITY_2023,cf25319f62d4e93e033e774c6a2afc573919d0ad25c739da034742463aabd944,3,DIRECT SOURCE CAPACITY / TERNA API,ACQUIRED_FUEL_UNRESOLVED
2023,CNOR,STEAM_CONDENSING,UNRESOLVED,false,false,PROGRAMMABLE_THERMAL,34.182,,,THERMOELECTRIC_CONVERSION_TECHNOLOGY,PRIMARY_ADDITIVE,true,TERNA_API_THERMOELECTRIC_CAPACITY_2023,cf25319f62d4e93e033e774c6a2afc573919d0ad25c739da034742463aabd944,5,DIRECT SOURCE CAPACITY / TERNA API,ACQUIRED_FUEL_UNRESOLVED
2023,CNOR,STEAM_EXTRACTION_CHP,UNRESOLVED,true,false,PROGRAMMABLE_THERMAL_CHP,12.399,,,THERMOELECTRIC_CONVERSION_TECHNOLOGY,PRIMARY_ADDITIVE,true,TERNA_API_THERMOELECTRIC_CAPACITY_2023,cf25319f62d4e93e033e774c6a2afc573919d0ad25c739da034742463aabd944,3,DIRECT SOURCE CAPACITY / TERNA API,ACQUIRED_FUEL_UNRESOLVED
2023,CNOR,TURBO_EXPANSION,UNRESOLVED,false,false,PROGRAMMABLE_THERMAL,33.847,,,THERMOELECTRIC_CONVERSION_TECHNOLOGY,PRIMARY_ADDITIVE,true,TERNA_API_THERMOELECTRIC_CAPACITY_2023,cf25319f62d4e93e033e774c6a2afc573919d0ad25c739da034742463aabd944,3,DIRECT SOURCE CAPACITY / TERNA API,ACQUIRED_FUEL_UNRESOLVED
2023,CNOR,WIND_AGGREGATE_UNSPLIT,WIND,false,false,VARIABLE_RENEWABLE,162.624,5,REPORTED_VALUE_SUM_WITH_BLANKS_RETAINED_NOT_ZERO,RENEWABLE_SOURCE_CAPACITY,PRIMARY_ADDITIVE,true,TERNA_API_RENEWABLE_SOURCE_CAPACITY_2023,41f376ca963cb0ac004c9af188d32633c839ce95d3c7e0f0211907e713eabc1f,15,DIRECT SOURCE CAPACITY / TERNA API,PARTIAL_REPORTED_SUM_BLANKS_NOT_ZERO
2023,CSUD,BIOENERGY,BIOENERGY,MIXED_UNRESOLVED,false,PROGRAMMABLE_RENEWABLE,449.179,0,COMPLETE_NUMERIC_REPORTED_ROWS,RENEWABLE_SOURCE_CAPACITY,SOURCE_SUBSET_OF_THERMOELECTRIC,false,TERNA_API_RENEWABLE_SOURCE_CAPACITY_2023,41f376ca963cb0ac004c9af188d32633c839ce95d3c7e0f0211907e713eabc1f,16,DIRECT SOURCE CAPACITY / TERNA API,ACQUIRED_NON_ADDITIVE_CROSS_CLASSIFICATION
2023,CSUD,CCGT_CHP,UNRESOLVED,true,false,PROGRAMMABLE_THERMAL_PEAKER,670.765,,,THERMOELECTRIC_CONVERSION_TECHNOLOGY,PRIMARY_ADDITIVE,true,TERNA_API_THERMOELECTRIC_CAPACITY_2023,cf25319f62d4e93e033e774c6a2afc573919d0ad25c739da034742463aabd944,8,DIRECT SOURCE CAPACITY / TERNA API,ACQUIRED_FUEL_UNRESOLVED
2023,CSUD,CCGT_NON_CHP,UNRESOLVED,true,false,PROGRAMMABLE_THERMAL_PEAKER,5571.19,,,THERMOELECTRIC_CONVERSION_TECHNOLOGY,PRIMARY_ADDITIVE,true,TERNA_API_THERMOELECTRIC_CAPACITY_2023,cf25319f62d4e93e033e774c6a2afc573919d0ad25c739da034742463aabd944,6,DIRECT SOURCE CAPACITY / TERNA API,ACQUIRED_FUEL_UNRESOLVED
2023,CSUD,GEOTHERMAL,GEOTHERMAL_HEAT,false,false,PROGRAMMABLE_RENEWABLE,0,16,REPORTED_VALUE_SUM_WITH_BLANKS_RETAINED_NOT_ZERO,RENEWABLE_SOURCE_CAPACITY,PRIMARY_ADDITIVE,true,TERNA_API_RENEWABLE_SOURCE_CAPACITY_2023,41f376ca963cb0ac004c9af188d32633c839ce95d3c7e0f0211907e713eabc1f,16,DIRECT SOURCE CAPACITY / TERNA API,PARTIAL_REPORTED_SUM_BLANKS_NOT_ZERO
2023,CSUD,GT_CHP,UNRESOLVED,true,false,PROGRAMMABLE_THERMAL_PEAKER,97.875,,,THERMOELECTRIC_CONVERSION_TECHNOLOGY,PRIMARY_ADDITIVE,true,TERNA_API_THERMOELECTRIC_CAPACITY_2023,cf25319f62d4e93e033e774c6a2afc573919d0ad25c739da034742463aabd944,7,DIRECT SOURCE CAPACITY / TERNA API,ACQUIRED_FUEL_UNRESOLVED
2023,CSUD,GT_NON_CHP,UNRESOLVED,true,false,PROGRAMMABLE_THERMAL_PEAKER,1127.216,,,THERMOELECTRIC_CONVERSION_TECHNOLOGY,PRIMARY_ADDITIVE,true,TERNA_API_THERMOELECTRIC_CAPACITY_2023,cf25319f62d4e93e033e774c6a2afc573919d0ad25c739da034742463aabd944,4,DIRECT SOURCE CAPACITY / TERNA API,ACQUIRED_FUEL_UNRESOLVED
2023,CSUD,HYDRO_TOTAL_CONTROL,WATER,false,MIXED_INCLUDES_PUMPED_HYDRO,MIXED_HYDRO_CONTROL,2310.34638,1,REPORTED_VALUE_SUM_WITH_BLANKS_RETAINED_NOT_ZERO,RENEWABLE_SOURCE_CAPACITY,PRIMARY_ADDITIVE,true,TERNA_API_RENEWABLE_SOURCE_CAPACITY_2023,41f376ca963cb0ac004c9af188d32633c839ce95d3c7e0f0211907e713eabc1f,16,DIRECT SOURCE CAPACITY / TERNA API,PARTIAL_REPORTED_SUM_BLANKS_NOT_ZERO
2023,CSUD,INTERNAL_COMBUSTION_CHP,UNRESOLVED,true,false,PROGRAMMABLE_THERMAL_CHP,561.13,,,THERMOELECTRIC_CONVERSION_TECHNOLOGY,PRIMARY_ADDITIVE,true,TERNA_API_THERMOELECTRIC_CAPACITY_2023,cf25319f62d4e93e033e774c6a2afc573919d0ad25c739da034742463aabd944,16,DIRECT SOURCE CAPACITY / TERNA API,ACQUIRED_FUEL_UNRESOLVED
2023,CSUD,INTERNAL_COMBUSTION_NON_CHP,UNRESOLVED,true,false,PROGRAMMABLE_THERMAL_CHP,266.221,,,THERMOELECTRIC_CONVERSION_TECHNOLOGY,PRIMARY_ADDITIVE,true,TERNA_API_THERMOELECTRIC_CAPACITY_2023,cf25319f62d4e93e033e774c6a2afc573919d0ad25c739da034742463aabd944,15,DIRECT SOURCE CAPACITY / TERNA API,ACQUIRED_FUEL_UNRESOLVED
2023,CSUD,OTHER_THERMAL,UNRESOLVED,false,false,PROGRAMMABLE_THERMAL,5.2,,,THERMOELECTRIC_CONVERSION_TECHNOLOGY,PRIMARY_ADDITIVE,true,TERNA_API_THERMOELECTRIC_CAPACITY_2023,cf25319f62d4e93e033e774c6a2afc573919d0ad25c739da034742463aabd944,1,DIRECT SOURCE CAPACITY / TERNA API,ACQUIRED_FUEL_UNRESOLVED
2023,CSUD,SOLAR_PV,SOLAR,false,false,VARIABLE_RENEWABLE,4860.526,0,COMPLETE_NUMERIC_REPORTED_ROWS,RENEWABLE_SOURCE_CAPACITY,PRIMARY_ADDITIVE,true,TERNA_API_RENEWABLE_SOURCE_CAPACITY_2023,41f376ca963cb0ac004c9af188d32633c839ce95d3c7e0f0211907e713eabc1f,16,DIRECT SOURCE CAPACITY / TERNA API,ACQUIRED
2023,CSUD,STEAM_BACKPRESSURE_CHP,UNRESOLVED,true,false,PROGRAMMABLE_THERMAL_CHP,32.03,,,THERMOELECTRIC_CONVERSION_TECHNOLOGY,PRIMARY_ADDITIVE,true,TERNA_API_THERMOELECTRIC_CAPACITY_2023,cf25319f62d4e93e033e774c6a2afc573919d0ad25c739da034742463aabd944,1,DIRECT SOURCE CAPACITY / TERNA API,ACQUIRED_FUEL_UNRESOLVED
2023,CSUD,STEAM_CONDENSING,UNRESOLVED,false,false,PROGRAMMABLE_THERMAL,1994.72,,,THERMOELECTRIC_CONVERSION_TECHNOLOGY,PRIMARY_ADDITIVE,true,TERNA_API_THERMOELECTRIC_CAPACITY_2023,cf25319f62d4e93e033e774c6a2afc573919d0ad25c739da034742463aabd944,6,DIRECT SOURCE CAPACITY / TERNA API,ACQUIRED_FUEL_UNRESOLVED
2023,CSUD,STEAM_EXTRACTION_CHP,UNRESOLVED,true,false,PROGRAMMABLE_THERMAL_CHP,43.384,,,THERMOELECTRIC_CONVERSION_TECHNOLOGY,PRIMARY_ADDITIVE,true,TERNA_API_THERMOELECTRIC_CAPACITY_2023,cf25319f62d4e93e033e774c6a2afc573919d0ad25c739da034742463aabd944,5,DIRECT SOURCE CAPACITY / TERNA API,ACQUIRED_FUEL_UNRESOLVED
2023,CSUD,TURBO_EXPANSION,UNRESOLVED,false,false,PROGRAMMABLE_THERMAL,25.868,,,THERMOELECTRIC_CONVERSION_TECHNOLOGY,PRIMARY_ADDITIVE,true,TERNA_API_THERMOELECTRIC_CAPACITY_2023,cf25319f62d4e93e033e774c6a2afc573919d0ad25c739da034742463aabd944,3,DIRECT SOURCE CAPACITY / TERNA API,ACQUIRED_FUEL_UNRESOLVED
2023,CSUD,WIND_AGGREGATE_UNSPLIT,WIND,false,false,VARIABLE_RENEWABLE,2305.45,4,REPORTED_VALUE_SUM_WITH_BLANKS_RETAINED_NOT_ZERO,RENEWABLE_SOURCE_CAPACITY,PRIMARY_ADDITIVE,true,TERNA_API_RENEWABLE_SOURCE_CAPACITY_2023,41f376ca963cb0ac004c9af188d32633c839ce95d3c7e0f0211907e713eabc1f,16,DIRECT SOURCE CAPACITY / TERNA API,PARTIAL_REPORTED_SUM_BLANKS_NOT_ZERO
2023,SUD,BIOENERGY,BIOENERGY,MIXED_UNRESOLVED,false,PROGRAMMABLE_RENEWABLE,444.082,0,COMPLETE_NUMERIC_REPORTED_ROWS,RENEWABLE_SOURCE_CAPACITY,SOURCE_SUBSET_OF_THERMOELECTRIC,false,TERNA_API_RENEWABLE_SOURCE_CAPACITY_2023,41f376ca963cb0ac004c9af188d32633c839ce95d3c7e0f0211907e713eabc1f,10,DIRECT SOURCE CAPACITY / TERNA API,ACQUIRED_NON_ADDITIVE_CROSS_CLASSIFICATION
2023,SUD,CCGT_CHP,UNRESOLVED,true,false,PROGRAMMABLE_THERMAL_PEAKER,2204.229,,,THERMOELECTRIC_CONVERSION_TECHNOLOGY,PRIMARY_ADDITIVE,true,TERNA_API_THERMOELECTRIC_CAPACITY_2023,cf25319f62d4e93e033e774c6a2afc573919d0ad25c739da034742463aabd944,5,DIRECT SOURCE CAPACITY / TERNA API,ACQUIRED_FUEL_UNRESOLVED
2023,SUD,CCGT_NON_CHP,UNRESOLVED,true,false,PROGRAMMABLE_THERMAL_PEAKER,2196.75,,,THERMOELECTRIC_CONVERSION_TECHNOLOGY,PRIMARY_ADDITIVE,true,TERNA_API_THERMOELECTRIC_CAPACITY_2023,cf25319f62d4e93e033e774c6a2afc573919d0ad25c739da034742463aabd944,4,DIRECT SOURCE CAPACITY / TERNA API,ACQUIRED_FUEL_UNRESOLVED
2023,SUD,FUEL_CELL_CHP,UNRESOLVED,true,false,PROGRAMMABLE_THERMAL_CHP,0.004,,,THERMOELECTRIC_CONVERSION_TECHNOLOGY,PRIMARY_ADDITIVE,true,TERNA_API_THERMOELECTRIC_CAPACITY_2023,cf25319f62d4e93e033e774c6a2afc573919d0ad25c739da034742463aabd944,2,DIRECT SOURCE CAPACITY / TERNA API,ACQUIRED_FUEL_UNRESOLVED
2023,SUD,FUEL_CELL_NON_CHP,UNRESOLVED,true,false,PROGRAMMABLE_THERMAL_CHP,0.004,,,THERMOELECTRIC_CONVERSION_TECHNOLOGY,PRIMARY_ADDITIVE,true,TERNA_API_THERMOELECTRIC_CAPACITY_2023,cf25319f62d4e93e033e774c6a2afc573919d0ad25c739da034742463aabd944,2,DIRECT SOURCE CAPACITY / TERNA API,ACQUIRED_FUEL_UNRESOLVED
2023,SUD,GEOTHERMAL,GEOTHERMAL_HEAT,false,false,PROGRAMMABLE_RENEWABLE,0,12,REPORTED_VALUE_SUM_WITH_BLANKS_RETAINED_NOT_ZERO,RENEWABLE_SOURCE_CAPACITY,PRIMARY_ADDITIVE,true,TERNA_API_RENEWABLE_SOURCE_CAPACITY_2023,41f376ca963cb0ac004c9af188d32633c839ce95d3c7e0f0211907e713eabc1f,12,DIRECT SOURCE CAPACITY / TERNA API,PARTIAL_REPORTED_SUM_BLANKS_NOT_ZERO
2023,SUD,GT_CHP,UNRESOLVED,true,false,PROGRAMMABLE_THERMAL_PEAKER,52.727,,,THERMOELECTRIC_CONVERSION_TECHNOLOGY,PRIMARY_ADDITIVE,true,TERNA_API_THERMOELECTRIC_CAPACITY_2023,cf25319f62d4e93e033e774c6a2afc573919d0ad25c739da034742463aabd944,5,DIRECT SOURCE CAPACITY / TERNA API,ACQUIRED_FUEL_UNRESOLVED
2023,SUD,GT_NON_CHP,UNRESOLVED,true,false,PROGRAMMABLE_THERMAL_PEAKER,251.585,,,THERMOELECTRIC_CONVERSION_TECHNOLOGY,PRIMARY_ADDITIVE,true,TERNA_API_THERMOELECTRIC_CAPACITY_2023,cf25319f62d4e93e033e774c6a2afc573919d0ad25c739da034742463aabd944,2,DIRECT SOURCE CAPACITY / TERNA API,ACQUIRED_FUEL_UNRESOLVED
2023,SUD,HYDRO_TOTAL_CONTROL,WATER,false,MIXED_INCLUDES_PUMPED_HYDRO,MIXED_HYDRO_CONTROL,224.74314,4,REPORTED_VALUE_SUM_WITH_BLANKS_RETAINED_NOT_ZERO,RENEWABLE_SOURCE_CAPACITY,PRIMARY_ADDITIVE,true,TERNA_API_RENEWABLE_SOURCE_CAPACITY_2023,41f376ca963cb0ac004c9af188d32633c839ce95d3c7e0f0211907e713eabc1f,12,DIRECT SOURCE CAPACITY / TERNA API,PARTIAL_REPORTED_SUM_BLANKS_NOT_ZERO
2023,SUD,INTERNAL_COMBUSTION_CHP,UNRESOLVED,true,false,PROGRAMMABLE_THERMAL_CHP,145.632,,,THERMOELECTRIC_CONVERSION_TECHNOLOGY,PRIMARY_ADDITIVE,true,TERNA_API_THERMOELECTRIC_CAPACITY_2023,cf25319f62d4e93e033e774c6a2afc573919d0ad25c739da034742463aabd944,10,DIRECT SOURCE CAPACITY / TERNA API,ACQUIRED_FUEL_UNRESOLVED
2023,SUD,INTERNAL_COMBUSTION_NON_CHP,UNRESOLVED,true,false,PROGRAMMABLE_THERMAL_CHP,284.95,,,THERMOELECTRIC_CONVERSION_TECHNOLOGY,PRIMARY_ADDITIVE,true,TERNA_API_THERMOELECTRIC_CAPACITY_2023,cf25319f62d4e93e033e774c6a2afc573919d0ad25c739da034742463aabd944,10,DIRECT SOURCE CAPACITY / TERNA API,ACQUIRED_FUEL_UNRESOLVED
2023,SUD,OTHER_THERMAL,UNRESOLVED,false,false,PROGRAMMABLE_THERMAL,80.8,,,THERMOELECTRIC_CONVERSION_TECHNOLOGY,PRIMARY_ADDITIVE,true,TERNA_API_THERMOELECTRIC_CAPACITY_2023,cf25319f62d4e93e033e774c6a2afc573919d0ad25c739da034742463aabd944,1,DIRECT SOURCE CAPACITY / TERNA API,ACQUIRED_FUEL_UNRESOLVED
2023,SUD,SOLAR_PV,SOLAR,false,false,VARIABLE_RENEWABLE,4022.334,2,REPORTED_VALUE_SUM_WITH_BLANKS_RETAINED_NOT_ZERO,RENEWABLE_SOURCE_CAPACITY,PRIMARY_ADDITIVE,true,TERNA_API_RENEWABLE_SOURCE_CAPACITY_2023,41f376ca963cb0ac004c9af188d32633c839ce95d3c7e0f0211907e713eabc1f,12,DIRECT SOURCE CAPACITY / TERNA API,PARTIAL_REPORTED_SUM_BLANKS_NOT_ZERO
2023,SUD,STEAM_BACKPRESSURE_CHP,UNRESOLVED,true,false,PROGRAMMABLE_THERMAL_CHP,7.951,,,THERMOELECTRIC_CONVERSION_TECHNOLOGY,PRIMARY_ADDITIVE,true,TERNA_API_THERMOELECTRIC_CAPACITY_2023,cf25319f62d4e93e033e774c6a2afc573919d0ad25c739da034742463aabd944,1,DIRECT SOURCE CAPACITY / TERNA API,ACQUIRED_FUEL_UNRESOLVED
2023,SUD,STEAM_CONDENSING,UNRESOLVED,false,false,PROGRAMMABLE_THERMAL,1888.79,,,THERMOELECTRIC_CONVERSION_TECHNOLOGY,PRIMARY_ADDITIVE,true,TERNA_API_THERMOELECTRIC_CAPACITY_2023,cf25319f62d4e93e033e774c6a2afc573919d0ad25c739da034742463aabd944,6,DIRECT SOURCE CAPACITY / TERNA API,ACQUIRED_FUEL_UNRESOLVED
2023,SUD,STEAM_EXTRACTION_CHP,UNRESOLVED,true,false,PROGRAMMABLE_THERMAL_CHP,523.89,,,THERMOELECTRIC_CONVERSION_TECHNOLOGY,PRIMARY_ADDITIVE,true,TERNA_API_THERMOELECTRIC_CAPACITY_2023,cf25319f62d4e93e033e774c6a2afc573919d0ad25c739da034742463aabd944,4,DIRECT SOURCE CAPACITY / TERNA API,ACQUIRED_FUEL_UNRESOLVED
2023,SUD,TURBO_EXPANSION,UNRESOLVED,false,false,PROGRAMMABLE_THERMAL,44.685,,,THERMOELECTRIC_CONVERSION_TECHNOLOGY,PRIMARY_ADDITIVE,true,TERNA_API_THERMOELECTRIC_CAPACITY_2023,cf25319f62d4e93e033e774c6a2afc573919d0ad25c739da034742463aabd944,3,DIRECT SOURCE CAPACITY / TERNA API,ACQUIRED_FUEL_UNRESOLVED
2023,SUD,WIND_AGGREGATE_UNSPLIT,WIND,false,false,VARIABLE_RENEWABLE,4992.21,0,COMPLETE_NUMERIC_REPORTED_ROWS,RENEWABLE_SOURCE_CAPACITY,PRIMARY_ADDITIVE,true,TERNA_API_RENEWABLE_SOURCE_CAPACITY_2023,41f376ca963cb0ac004c9af188d32633c839ce95d3c7e0f0211907e713eabc1f,10,DIRECT SOURCE CAPACITY / TERNA API,ACQUIRED_WIND_ONSHORE_OFFSHORE_NOT_SEPARATED
2023,CALA,BIOENERGY,BIOENERGY,MIXED_UNRESOLVED,false,PROGRAMMABLE_RENEWABLE,175.347,0,COMPLETE_NUMERIC_REPORTED_ROWS,RENEWABLE_SOURCE_CAPACITY,SOURCE_SUBSET_OF_THERMOELECTRIC,false,TERNA_API_RENEWABLE_SOURCE_CAPACITY_2023,41f376ca963cb0ac004c9af188d32633c839ce95d3c7e0f0211907e713eabc1f,5,DIRECT SOURCE CAPACITY / TERNA API,ACQUIRED_NON_ADDITIVE_CROSS_CLASSIFICATION
2023,CALA,CCGT_CHP,UNRESOLVED,true,false,PROGRAMMABLE_THERMAL_PEAKER,1607.335,,,THERMOELECTRIC_CONVERSION_TECHNOLOGY,PRIMARY_ADDITIVE,true,TERNA_API_THERMOELECTRIC_CAPACITY_2023,cf25319f62d4e93e033e774c6a2afc573919d0ad25c739da034742463aabd944,2,DIRECT SOURCE CAPACITY / TERNA API,ACQUIRED_FUEL_UNRESOLVED
2023,CALA,CCGT_NON_CHP,UNRESOLVED,true,false,PROGRAMMABLE_THERMAL_PEAKER,1582,,,THERMOELECTRIC_CONVERSION_TECHNOLOGY,PRIMARY_ADDITIVE,true,TERNA_API_THERMOELECTRIC_CAPACITY_2023,cf25319f62d4e93e033e774c6a2afc573919d0ad25c739da034742463aabd944,2,DIRECT SOURCE CAPACITY / TERNA API,ACQUIRED_FUEL_UNRESOLVED
2023,CALA,GEOTHERMAL,GEOTHERMAL_HEAT,false,false,PROGRAMMABLE_RENEWABLE,0,5,REPORTED_VALUE_SUM_WITH_BLANKS_RETAINED_NOT_ZERO,RENEWABLE_SOURCE_CAPACITY,PRIMARY_ADDITIVE,true,TERNA_API_RENEWABLE_SOURCE_CAPACITY_2023,41f376ca963cb0ac004c9af188d32633c839ce95d3c7e0f0211907e713eabc1f,5,DIRECT SOURCE CAPACITY / TERNA API,PARTIAL_REPORTED_SUM_BLANKS_NOT_ZERO
2023,CALA,GT_CHP,UNRESOLVED,true,false,PROGRAMMABLE_THERMAL_PEAKER,6.241,,,THERMOELECTRIC_CONVERSION_TECHNOLOGY,PRIMARY_ADDITIVE,true,TERNA_API_THERMOELECTRIC_CAPACITY_2023,cf25319f62d4e93e033e774c6a2afc573919d0ad25c739da034742463aabd944,4,DIRECT SOURCE CAPACITY / TERNA API,ACQUIRED_FUEL_UNRESOLVED
2023,CALA,GT_NON_CHP,UNRESOLVED,true,false,PROGRAMMABLE_THERMAL_PEAKER,227.04,,,THERMOELECTRIC_CONVERSION_TECHNOLOGY,PRIMARY_ADDITIVE,true,TERNA_API_THERMOELECTRIC_CAPACITY_2023,cf25319f62d4e93e033e774c6a2afc573919d0ad25c739da034742463aabd944,2,DIRECT SOURCE CAPACITY / TERNA API,ACQUIRED_FUEL_UNRESOLVED
2023,CALA,HYDRO_TOTAL_CONTROL,WATER,false,MIXED_INCLUDES_PUMPED_HYDRO,MIXED_HYDRO_CONTROL,785.065,0,COMPLETE_NUMERIC_REPORTED_ROWS,RENEWABLE_SOURCE_CAPACITY,PRIMARY_ADDITIVE,true,TERNA_API_RENEWABLE_SOURCE_CAPACITY_2023,41f376ca963cb0ac004c9af188d32633c839ce95d3c7e0f0211907e713eabc1f,5,DIRECT SOURCE CAPACITY / TERNA API,ACQUIRED
2023,CALA,INTERNAL_COMBUSTION_CHP,UNRESOLVED,true,false,PROGRAMMABLE_THERMAL_CHP,36.255,,,THERMOELECTRIC_CONVERSION_TECHNOLOGY,PRIMARY_ADDITIVE,true,TERNA_API_THERMOELECTRIC_CAPACITY_2023,cf25319f62d4e93e033e774c6a2afc573919d0ad25c739da034742463aabd944,5,DIRECT SOURCE CAPACITY / TERNA API,ACQUIRED_FUEL_UNRESOLVED
2023,CALA,INTERNAL_COMBUSTION_NON_CHP,UNRESOLVED,true,false,PROGRAMMABLE_THERMAL_CHP,4.603,,,THERMOELECTRIC_CONVERSION_TECHNOLOGY,PRIMARY_ADDITIVE,true,TERNA_API_THERMOELECTRIC_CAPACITY_2023,cf25319f62d4e93e033e774c6a2afc573919d0ad25c739da034742463aabd944,5,DIRECT SOURCE CAPACITY / TERNA API,ACQUIRED_FUEL_UNRESOLVED
2023,CALA,SOLAR_PV,SOLAR,false,false,VARIABLE_RENEWABLE,729.073,0,COMPLETE_NUMERIC_REPORTED_ROWS,RENEWABLE_SOURCE_CAPACITY,PRIMARY_ADDITIVE,true,TERNA_API_RENEWABLE_SOURCE_CAPACITY_2023,41f376ca963cb0ac004c9af188d32633c839ce95d3c7e0f0211907e713eabc1f,5,DIRECT SOURCE CAPACITY / TERNA API,ACQUIRED
2023,CALA,STEAM_CONDENSING,UNRESOLVED,false,false,PROGRAMMABLE_THERMAL,139.129,,,THERMOELECTRIC_CONVERSION_TECHNOLOGY,PRIMARY_ADDITIVE,true,TERNA_API_THERMOELECTRIC_CAPACITY_2023,cf25319f62d4e93e033e774c6a2afc573919d0ad25c739da034742463aabd944,3,DIRECT SOURCE CAPACITY / TERNA API,ACQUIRED_FUEL_UNRESOLVED
2023,CALA,STEAM_EXTRACTION_CHP,UNRESOLVED,true,false,PROGRAMMABLE_THERMAL_CHP,17,,,THERMOELECTRIC_CONVERSION_TECHNOLOGY,PRIMARY_ADDITIVE,true,TERNA_API_THERMOELECTRIC_CAPACITY_2023,cf25319f62d4e93e033e774c6a2afc573919d0ad25c739da034742463aabd944,1,DIRECT SOURCE CAPACITY / TERNA API,ACQUIRED_FUEL_UNRESOLVED
2023,CALA,WIND_AGGREGATE_UNSPLIT,WIND,false,false,VARIABLE_RENEWABLE,1205.641,0,COMPLETE_NUMERIC_REPORTED_ROWS,RENEWABLE_SOURCE_CAPACITY,PRIMARY_ADDITIVE,true,TERNA_API_RENEWABLE_SOURCE_CAPACITY_2023,41f376ca963cb0ac004c9af188d32633c839ce95d3c7e0f0211907e713eabc1f,5,DIRECT SOURCE CAPACITY / TERNA API,ACQUIRED_WIND_ONSHORE_OFFSHORE_NOT_SEPARATED
2023,SICI,BIOENERGY,BIOENERGY,MIXED_UNRESOLVED,false,PROGRAMMABLE_RENEWABLE,69.261,1,REPORTED_VALUE_SUM_WITH_BLANKS_RETAINED_NOT_ZERO,RENEWABLE_SOURCE_CAPACITY,SOURCE_SUBSET_OF_THERMOELECTRIC,false,TERNA_API_RENEWABLE_SOURCE_CAPACITY_2023,41f376ca963cb0ac004c9af188d32633c839ce95d3c7e0f0211907e713eabc1f,9,DIRECT SOURCE CAPACITY / TERNA API,PARTIAL_REPORTED_SUM_BLANKS_NOT_ZERO
2023,SICI,CCGT_CHP,UNRESOLVED,true,false,PROGRAMMABLE_THERMAL_PEAKER,1441.836,,,THERMOELECTRIC_CONVERSION_TECHNOLOGY,PRIMARY_ADDITIVE,true,TERNA_API_THERMOELECTRIC_CAPACITY_2023,cf25319f62d4e93e033e774c6a2afc573919d0ad25c739da034742463aabd944,2,DIRECT SOURCE CAPACITY / TERNA API,ACQUIRED_FUEL_UNRESOLVED
2023,SICI,CCGT_NON_CHP,UNRESOLVED,true,false,PROGRAMMABLE_THERMAL_PEAKER,1537,,,THERMOELECTRIC_CONVERSION_TECHNOLOGY,PRIMARY_ADDITIVE,true,TERNA_API_THERMOELECTRIC_CAPACITY_2023,cf25319f62d4e93e033e774c6a2afc573919d0ad25c739da034742463aabd944,2,DIRECT SOURCE CAPACITY / TERNA API,ACQUIRED_FUEL_UNRESOLVED
2023,SICI,GEOTHERMAL,GEOTHERMAL_HEAT,false,false,PROGRAMMABLE_RENEWABLE,0,9,REPORTED_VALUE_SUM_WITH_BLANKS_RETAINED_NOT_ZERO,RENEWABLE_SOURCE_CAPACITY,PRIMARY_ADDITIVE,true,TERNA_API_RENEWABLE_SOURCE_CAPACITY_2023,41f376ca963cb0ac004c9af188d32633c839ce95d3c7e0f0211907e713eabc1f,9,DIRECT SOURCE CAPACITY / TERNA API,PARTIAL_REPORTED_SUM_BLANKS_NOT_ZERO
2023,SICI,GT_CHP,UNRESOLVED,true,false,PROGRAMMABLE_THERMAL_PEAKER,56.398,,,THERMOELECTRIC_CONVERSION_TECHNOLOGY,PRIMARY_ADDITIVE,true,TERNA_API_THERMOELECTRIC_CAPACITY_2023,cf25319f62d4e93e033e774c6a2afc573919d0ad25c739da034742463aabd944,5,DIRECT SOURCE CAPACITY / TERNA API,ACQUIRED_FUEL_UNRESOLVED
2023,SICI,GT_NON_CHP,UNRESOLVED,true,false,PROGRAMMABLE_THERMAL_PEAKER,647.62,,,THERMOELECTRIC_CONVERSION_TECHNOLOGY,PRIMARY_ADDITIVE,true,TERNA_API_THERMOELECTRIC_CAPACITY_2023,cf25319f62d4e93e033e774c6a2afc573919d0ad25c739da034742463aabd944,4,DIRECT SOURCE CAPACITY / TERNA API,ACQUIRED_FUEL_UNRESOLVED
2023,SICI,HYDRO_TOTAL_CONTROL,WATER,false,MIXED_INCLUDES_PUMPED_HYDRO,MIXED_HYDRO_CONTROL,142.001,1,REPORTED_VALUE_SUM_WITH_BLANKS_RETAINED_NOT_ZERO,RENEWABLE_SOURCE_CAPACITY,PRIMARY_ADDITIVE,true,TERNA_API_RENEWABLE_SOURCE_CAPACITY_2023,41f376ca963cb0ac004c9af188d32633c839ce95d3c7e0f0211907e713eabc1f,9,DIRECT SOURCE CAPACITY / TERNA API,PARTIAL_REPORTED_SUM_BLANKS_NOT_ZERO
2023,SICI,INTERNAL_COMBUSTION_CHP,UNRESOLVED,true,false,PROGRAMMABLE_THERMAL_CHP,45.801,,,THERMOELECTRIC_CONVERSION_TECHNOLOGY,PRIMARY_ADDITIVE,true,TERNA_API_THERMOELECTRIC_CAPACITY_2023,cf25319f62d4e93e033e774c6a2afc573919d0ad25c739da034742463aabd944,9,DIRECT SOURCE CAPACITY / TERNA API,ACQUIRED_FUEL_UNRESOLVED
2023,SICI,INTERNAL_COMBUSTION_NON_CHP,UNRESOLVED,true,false,PROGRAMMABLE_THERMAL_CHP,175.563,,,THERMOELECTRIC_CONVERSION_TECHNOLOGY,PRIMARY_ADDITIVE,true,TERNA_API_THERMOELECTRIC_CAPACITY_2023,cf25319f62d4e93e033e774c6a2afc573919d0ad25c739da034742463aabd944,7,DIRECT SOURCE CAPACITY / TERNA API,ACQUIRED_FUEL_UNRESOLVED
2023,SICI,SOLAR_PV,SOLAR,false,false,VARIABLE_RENEWABLE,2164.447,0,COMPLETE_NUMERIC_REPORTED_ROWS,RENEWABLE_SOURCE_CAPACITY,PRIMARY_ADDITIVE,true,TERNA_API_RENEWABLE_SOURCE_CAPACITY_2023,41f376ca963cb0ac004c9af188d32633c839ce95d3c7e0f0211907e713eabc1f,9,DIRECT SOURCE CAPACITY / TERNA API,ACQUIRED
2023,SICI,STEAM_BACKPRESSURE_CHP,UNRESOLVED,true,false,PROGRAMMABLE_THERMAL_CHP,134.496,,,THERMOELECTRIC_CONVERSION_TECHNOLOGY,PRIMARY_ADDITIVE,true,TERNA_API_THERMOELECTRIC_CAPACITY_2023,cf25319f62d4e93e033e774c6a2afc573919d0ad25c739da034742463aabd944,1,DIRECT SOURCE CAPACITY / TERNA API,ACQUIRED_FUEL_UNRESOLVED
2023,SICI,STEAM_CONDENSING,UNRESOLVED,false,false,PROGRAMMABLE_THERMAL,1201.929,,,THERMOELECTRIC_CONVERSION_TECHNOLOGY,PRIMARY_ADDITIVE,true,TERNA_API_THERMOELECTRIC_CAPACITY_2023,cf25319f62d4e93e033e774c6a2afc573919d0ad25c739da034742463aabd944,4,DIRECT SOURCE CAPACITY / TERNA API,ACQUIRED_FUEL_UNRESOLVED
2023,SICI,STEAM_EXTRACTION_CHP,UNRESOLVED,true,false,PROGRAMMABLE_THERMAL_CHP,18.4,,,THERMOELECTRIC_CONVERSION_TECHNOLOGY,PRIMARY_ADDITIVE,true,TERNA_API_THERMOELECTRIC_CAPACITY_2023,cf25319f62d4e93e033e774c6a2afc573919d0ad25c739da034742463aabd944,2,DIRECT SOURCE CAPACITY / TERNA API,ACQUIRED_FUEL_UNRESOLVED
2023,SICI,TURBO_EXPANSION,UNRESOLVED,false,false,PROGRAMMABLE_THERMAL,21.961,,,THERMOELECTRIC_CONVERSION_TECHNOLOGY,PRIMARY_ADDITIVE,true,TERNA_API_THERMOELECTRIC_CAPACITY_2023,cf25319f62d4e93e033e774c6a2afc573919d0ad25c739da034742463aabd944,3,DIRECT SOURCE CAPACITY / TERNA API,ACQUIRED_FUEL_UNRESOLVED
2023,SICI,WIND_AGGREGATE_UNSPLIT,WIND,false,false,VARIABLE_RENEWABLE,2272.182,0,COMPLETE_NUMERIC_REPORTED_ROWS,RENEWABLE_SOURCE_CAPACITY,PRIMARY_ADDITIVE,true,TERNA_API_RENEWABLE_SOURCE_CAPACITY_2023,41f376ca963cb0ac004c9af188d32633c839ce95d3c7e0f0211907e713eabc1f,9,DIRECT SOURCE CAPACITY / TERNA API,ACQUIRED_WIND_ONSHORE_OFFSHORE_NOT_SEPARATED
2023,SARD,BIOENERGY,BIOENERGY,MIXED_UNRESOLVED,false,PROGRAMMABLE_RENEWABLE,110.53,0,COMPLETE_NUMERIC_REPORTED_ROWS,RENEWABLE_SOURCE_CAPACITY,SOURCE_SUBSET_OF_THERMOELECTRIC,false,TERNA_API_RENEWABLE_SOURCE_CAPACITY_2023,41f376ca963cb0ac004c9af188d32633c839ce95d3c7e0f0211907e713eabc1f,5,DIRECT SOURCE CAPACITY / TERNA API,ACQUIRED_NON_ADDITIVE_CROSS_CLASSIFICATION
2023,SARD,CCGT_CHP,UNRESOLVED,true,false,PROGRAMMABLE_THERMAL_PEAKER,591,,,THERMOELECTRIC_CONVERSION_TECHNOLOGY,PRIMARY_ADDITIVE,true,TERNA_API_THERMOELECTRIC_CAPACITY_2023,cf25319f62d4e93e033e774c6a2afc573919d0ad25c739da034742463aabd944,1,DIRECT SOURCE CAPACITY / TERNA API,ACQUIRED_FUEL_UNRESOLVED
2023,SARD,CCGT_NON_CHP,UNRESOLVED,true,false,PROGRAMMABLE_THERMAL_PEAKER,36,,,THERMOELECTRIC_CONVERSION_TECHNOLOGY,PRIMARY_ADDITIVE,true,TERNA_API_THERMOELECTRIC_CAPACITY_2023,cf25319f62d4e93e033e774c6a2afc573919d0ad25c739da034742463aabd944,1,DIRECT SOURCE CAPACITY / TERNA API,ACQUIRED_FUEL_UNRESOLVED
2023,SARD,GEOTHERMAL,GEOTHERMAL_HEAT,false,false,PROGRAMMABLE_RENEWABLE,0,5,REPORTED_VALUE_SUM_WITH_BLANKS_RETAINED_NOT_ZERO,RENEWABLE_SOURCE_CAPACITY,PRIMARY_ADDITIVE,true,TERNA_API_RENEWABLE_SOURCE_CAPACITY_2023,41f376ca963cb0ac004c9af188d32633c839ce95d3c7e0f0211907e713eabc1f,5,DIRECT SOURCE CAPACITY / TERNA API,PARTIAL_REPORTED_SUM_BLANKS_NOT_ZERO
2023,SARD,GT_NON_CHP,UNRESOLVED,true,false,PROGRAMMABLE_THERMAL_PEAKER,150,,,THERMOELECTRIC_CONVERSION_TECHNOLOGY,PRIMARY_ADDITIVE,true,TERNA_API_THERMOELECTRIC_CAPACITY_2023,cf25319f62d4e93e033e774c6a2afc573919d0ad25c739da034742463aabd944,1,DIRECT SOURCE CAPACITY / TERNA API,ACQUIRED_FUEL_UNRESOLVED
2023,SARD,HYDRO_TOTAL_CONTROL,WATER,false,MIXED_INCLUDES_PUMPED_HYDRO,MIXED_HYDRO_CONTROL,463.419,0,COMPLETE_NUMERIC_REPORTED_ROWS,RENEWABLE_SOURCE_CAPACITY,PRIMARY_ADDITIVE,true,TERNA_API_RENEWABLE_SOURCE_CAPACITY_2023,41f376ca963cb0ac004c9af188d32633c839ce95d3c7e0f0211907e713eabc1f,5,DIRECT SOURCE CAPACITY / TERNA API,ACQUIRED
2023,SARD,INTERNAL_COMBUSTION_CHP,UNRESOLVED,true,false,PROGRAMMABLE_THERMAL_CHP,13.575,,,THERMOELECTRIC_CONVERSION_TECHNOLOGY,PRIMARY_ADDITIVE,true,TERNA_API_THERMOELECTRIC_CAPACITY_2023,cf25319f62d4e93e033e774c6a2afc573919d0ad25c739da034742463aabd944,5,DIRECT SOURCE CAPACITY / TERNA API,ACQUIRED_FUEL_UNRESOLVED
2023,SARD,INTERNAL_COMBUSTION_NON_CHP,UNRESOLVED,true,false,PROGRAMMABLE_THERMAL_CHP,10.11,,,THERMOELECTRIC_CONVERSION_TECHNOLOGY,PRIMARY_ADDITIVE,true,TERNA_API_THERMOELECTRIC_CAPACITY_2023,cf25319f62d4e93e033e774c6a2afc573919d0ad25c739da034742463aabd944,4,DIRECT SOURCE CAPACITY / TERNA API,ACQUIRED_FUEL_UNRESOLVED
2023,SARD,OTHER_THERMAL,UNRESOLVED,false,false,PROGRAMMABLE_THERMAL,11.847,,,THERMOELECTRIC_CONVERSION_TECHNOLOGY,PRIMARY_ADDITIVE,true,TERNA_API_THERMOELECTRIC_CAPACITY_2023,cf25319f62d4e93e033e774c6a2afc573919d0ad25c739da034742463aabd944,1,DIRECT SOURCE CAPACITY / TERNA API,ACQUIRED_FUEL_UNRESOLVED
2023,SARD,SOLAR_PV,SOLAR,false,false,VARIABLE_RENEWABLE,1360.142,0,COMPLETE_NUMERIC_REPORTED_ROWS,RENEWABLE_SOURCE_CAPACITY,PRIMARY_ADDITIVE,true,TERNA_API_RENEWABLE_SOURCE_CAPACITY_2023,41f376ca963cb0ac004c9af188d32633c839ce95d3c7e0f0211907e713eabc1f,5,DIRECT SOURCE CAPACITY / TERNA API,ACQUIRED
2023,SARD,STEAM_BACKPRESSURE_CHP,UNRESOLVED,true,false,PROGRAMMABLE_THERMAL_CHP,10.64,,,THERMOELECTRIC_CONVERSION_TECHNOLOGY,PRIMARY_ADDITIVE,true,TERNA_API_THERMOELECTRIC_CAPACITY_2023,cf25319f62d4e93e033e774c6a2afc573919d0ad25c739da034742463aabd944,1,DIRECT SOURCE CAPACITY / TERNA API,ACQUIRED_FUEL_UNRESOLVED
2023,SARD,STEAM_CONDENSING,UNRESOLVED,false,false,PROGRAMMABLE_THERMAL,1116.925,,,THERMOELECTRIC_CONVERSION_TECHNOLOGY,PRIMARY_ADDITIVE,true,TERNA_API_THERMOELECTRIC_CAPACITY_2023,cf25319f62d4e93e033e774c6a2afc573919d0ad25c739da034742463aabd944,5,DIRECT SOURCE CAPACITY / TERNA API,ACQUIRED_FUEL_UNRESOLVED
2023,SARD,STEAM_EXTRACTION_CHP,UNRESOLVED,true,false,PROGRAMMABLE_THERMAL_CHP,217.145,,,THERMOELECTRIC_CONVERSION_TECHNOLOGY,PRIMARY_ADDITIVE,true,TERNA_API_THERMOELECTRIC_CAPACITY_2023,cf25319f62d4e93e033e774c6a2afc573919d0ad25c739da034742463aabd944,2,DIRECT SOURCE CAPACITY / TERNA API,ACQUIRED_FUEL_UNRESOLVED
2023,SARD,TURBO_EXPANSION,UNRESOLVED,false,false,PROGRAMMABLE_THERMAL,17.263,,,THERMOELECTRIC_CONVERSION_TECHNOLOGY,PRIMARY_ADDITIVE,true,TERNA_API_THERMOELECTRIC_CAPACITY_2023,cf25319f62d4e93e033e774c6a2afc573919d0ad25c739da034742463aabd944,1,DIRECT SOURCE CAPACITY / TERNA API,ACQUIRED_FUEL_UNRESOLVED
2023,SARD,WIND_AGGREGATE_UNSPLIT,WIND,false,false,VARIABLE_RENEWABLE,1168.591,0,COMPLETE_NUMERIC_REPORTED_ROWS,RENEWABLE_SOURCE_CAPACITY,PRIMARY_ADDITIVE,true,TERNA_API_RENEWABLE_SOURCE_CAPACITY_2023,41f376ca963cb0ac004c9af188d32633c839ce95d3c7e0f0211907e713eabc1f,5,DIRECT SOURCE CAPACITY / TERNA API,ACQUIRED_WIND_ONSHORE_OFFSHORE_NOT_SEPARATED
2024,NORD,BIOENERGY,BIOENERGY,MIXED_UNRESOLVED,false,PROGRAMMABLE_RENEWABLE,2373.011,0,COMPLETE_NUMERIC_REPORTED_ROWS,RENEWABLE_SOURCE_CAPACITY,SOURCE_SUBSET_OF_THERMOELECTRIC,false,TERNA_API_RENEWABLE_SOURCE_CAPACITY_2024,9683984158ddfab3256554a9f400a13fa69287efab44995fb689994b8315b08f,47,DIRECT SOURCE CAPACITY / TERNA DOWNLOAD CENTER CONTROLLING; API CROSS-CHECK,ACQUIRED_NON_ADDITIVE_CROSS_CLASSIFICATION
2024,NORD,CCGT_CHP,UNRESOLVED,true,false,PROGRAMMABLE_THERMAL_PEAKER,10726.618,,,THERMOELECTRIC_CONVERSION_TECHNOLOGY,PRIMARY_ADDITIVE,true,TERNA_API_THERMOELECTRIC_CAPACITY_2024,ded92b92268d18b550e25306e3ae64fd49419980fd9b8d7c0f3ed8fdc47cc3ac,34,DIRECT SOURCE CAPACITY / TERNA DOWNLOAD CENTER CONTROLLING; API CROSS-CHECK,ACQUIRED_FUEL_UNRESOLVED
2024,NORD,CCGT_NON_CHP,UNRESOLVED,true,false,PROGRAMMABLE_THERMAL_PEAKER,12026.855,,,THERMOELECTRIC_CONVERSION_TECHNOLOGY,PRIMARY_ADDITIVE,true,TERNA_API_THERMOELECTRIC_CAPACITY_2024,ded92b92268d18b550e25306e3ae64fd49419980fd9b8d7c0f3ed8fdc47cc3ac,11,DIRECT SOURCE CAPACITY / TERNA DOWNLOAD CENTER CONTROLLING; API CROSS-CHECK,ACQUIRED_FUEL_UNRESOLVED
2024,NORD,EXTERNAL_COMBUSTION,UNRESOLVED,false,false,PROGRAMMABLE_THERMAL,0.6,,,THERMOELECTRIC_CONVERSION_TECHNOLOGY,PRIMARY_ADDITIVE,true,TERNA_API_THERMOELECTRIC_CAPACITY_2024,ded92b92268d18b550e25306e3ae64fd49419980fd9b8d7c0f3ed8fdc47cc3ac,1,DIRECT SOURCE CAPACITY / TERNA DOWNLOAD CENTER CONTROLLING; API CROSS-CHECK,ACQUIRED_FUEL_UNRESOLVED
2024,NORD,FUEL_CELL_CHP,UNRESOLVED,true,false,PROGRAMMABLE_THERMAL_CHP,0.794,,,THERMOELECTRIC_CONVERSION_TECHNOLOGY,PRIMARY_ADDITIVE,true,TERNA_API_THERMOELECTRIC_CAPACITY_2024,ded92b92268d18b550e25306e3ae64fd49419980fd9b8d7c0f3ed8fdc47cc3ac,22,DIRECT SOURCE CAPACITY / TERNA DOWNLOAD CENTER CONTROLLING; API CROSS-CHECK,ACQUIRED_FUEL_UNRESOLVED
2024,NORD,FUEL_CELL_NON_CHP,UNRESOLVED,true,false,PROGRAMMABLE_THERMAL_CHP,2.088,,,THERMOELECTRIC_CONVERSION_TECHNOLOGY,PRIMARY_ADDITIVE,true,TERNA_API_THERMOELECTRIC_CAPACITY_2024,ded92b92268d18b550e25306e3ae64fd49419980fd9b8d7c0f3ed8fdc47cc3ac,8,DIRECT SOURCE CAPACITY / TERNA DOWNLOAD CENTER CONTROLLING; API CROSS-CHECK,ACQUIRED_FUEL_UNRESOLVED
2024,NORD,GEOTHERMAL,GEOTHERMAL_HEAT,false,false,PROGRAMMABLE_RENEWABLE,0,0,COMPLETE_NUMERIC_REPORTED_ROWS,RENEWABLE_SOURCE_CAPACITY,PRIMARY_ADDITIVE,true,TERNA_API_RENEWABLE_SOURCE_CAPACITY_2024,9683984158ddfab3256554a9f400a13fa69287efab44995fb689994b8315b08f,47,DIRECT SOURCE CAPACITY / TERNA DOWNLOAD CENTER CONTROLLING; API CROSS-CHECK,ACQUIRED
2024,NORD,GT_CHP,UNRESOLVED,true,false,PROGRAMMABLE_THERMAL_PEAKER,740.92438,,,THERMOELECTRIC_CONVERSION_TECHNOLOGY,PRIMARY_ADDITIVE,true,TERNA_API_THERMOELECTRIC_CAPACITY_2024,ded92b92268d18b550e25306e3ae64fd49419980fd9b8d7c0f3ed8fdc47cc3ac,37,DIRECT SOURCE CAPACITY / TERNA DOWNLOAD CENTER CONTROLLING; API CROSS-CHECK,ACQUIRED_FUEL_UNRESOLVED
2024,NORD,GT_NON_CHP,UNRESOLVED,true,false,PROGRAMMABLE_THERMAL_PEAKER,167.6766,,,THERMOELECTRIC_CONVERSION_TECHNOLOGY,PRIMARY_ADDITIVE,true,TERNA_API_THERMOELECTRIC_CAPACITY_2024,ded92b92268d18b550e25306e3ae64fd49419980fd9b8d7c0f3ed8fdc47cc3ac,16,DIRECT SOURCE CAPACITY / TERNA DOWNLOAD CENTER CONTROLLING; API CROSS-CHECK,ACQUIRED_FUEL_UNRESOLVED
2024,NORD,HYDRO_TOTAL_CONTROL,WATER,false,MIXED_INCLUDES_PUMPED_HYDRO,MIXED_HYDRO_CONTROL,14715.18231,0,COMPLETE_NUMERIC_REPORTED_ROWS,RENEWABLE_SOURCE_CAPACITY,PRIMARY_ADDITIVE,true,TERNA_API_RENEWABLE_SOURCE_CAPACITY_2024,9683984158ddfab3256554a9f400a13fa69287efab44995fb689994b8315b08f,47,DIRECT SOURCE CAPACITY / TERNA DOWNLOAD CENTER CONTROLLING; API CROSS-CHECK,ACQUIRED
2024,NORD,INTERNAL_COMBUSTION_CHP,UNRESOLVED,true,false,PROGRAMMABLE_THERMAL_CHP,3046.94443,,,THERMOELECTRIC_CONVERSION_TECHNOLOGY,PRIMARY_ADDITIVE,true,TERNA_API_THERMOELECTRIC_CAPACITY_2024,ded92b92268d18b550e25306e3ae64fd49419980fd9b8d7c0f3ed8fdc47cc3ac,47,DIRECT SOURCE CAPACITY / TERNA DOWNLOAD CENTER CONTROLLING; API CROSS-CHECK,ACQUIRED_FUEL_UNRESOLVED
2024,NORD,INTERNAL_COMBUSTION_NON_CHP,UNRESOLVED,true,false,PROGRAMMABLE_THERMAL_CHP,682.2655,,,THERMOELECTRIC_CONVERSION_TECHNOLOGY,PRIMARY_ADDITIVE,true,TERNA_API_THERMOELECTRIC_CAPACITY_2024,ded92b92268d18b550e25306e3ae64fd49419980fd9b8d7c0f3ed8fdc47cc3ac,46,DIRECT SOURCE CAPACITY / TERNA DOWNLOAD CENTER CONTROLLING; API CROSS-CHECK,ACQUIRED_FUEL_UNRESOLVED
2024,NORD,OTHER_THERMAL,UNRESOLVED,false,false,PROGRAMMABLE_THERMAL,13.129,,,THERMOELECTRIC_CONVERSION_TECHNOLOGY,PRIMARY_ADDITIVE,true,TERNA_API_THERMOELECTRIC_CAPACITY_2024,ded92b92268d18b550e25306e3ae64fd49419980fd9b8d7c0f3ed8fdc47cc3ac,5,DIRECT SOURCE CAPACITY / TERNA DOWNLOAD CENTER CONTROLLING; API CROSS-CHECK,ACQUIRED_FUEL_UNRESOLVED
2024,NORD,SOLAR_PV,SOLAR,false,false,VARIABLE_RENEWABLE,17656.051,0,COMPLETE_NUMERIC_REPORTED_ROWS,RENEWABLE_SOURCE_CAPACITY,PRIMARY_ADDITIVE,true,TERNA_API_RENEWABLE_SOURCE_CAPACITY_2024,9683984158ddfab3256554a9f400a13fa69287efab44995fb689994b8315b08f,47,DIRECT SOURCE CAPACITY / TERNA API,ACQUIRED
2024,NORD,STEAM_BACKPRESSURE_CHP,UNRESOLVED,true,false,PROGRAMMABLE_THERMAL_CHP,342.483,,,THERMOELECTRIC_CONVERSION_TECHNOLOGY,PRIMARY_ADDITIVE,true,TERNA_API_THERMOELECTRIC_CAPACITY_2024,ded92b92268d18b550e25306e3ae64fd49419980fd9b8d7c0f3ed8fdc47cc3ac,23,DIRECT SOURCE CAPACITY / TERNA DOWNLOAD CENTER CONTROLLING; API CROSS-CHECK,ACQUIRED_FUEL_UNRESOLVED
2024,NORD,STEAM_CONDENSING,UNRESOLVED,false,false,PROGRAMMABLE_THERMAL,836.666,,,THERMOELECTRIC_CONVERSION_TECHNOLOGY,PRIMARY_ADDITIVE,true,TERNA_API_THERMOELECTRIC_CAPACITY_2024,ded92b92268d18b550e25306e3ae64fd49419980fd9b8d7c0f3ed8fdc47cc3ac,22,DIRECT SOURCE CAPACITY / TERNA DOWNLOAD CENTER CONTROLLING; API CROSS-CHECK,ACQUIRED_FUEL_UNRESOLVED
2024,NORD,STEAM_EXTRACTION_CHP,UNRESOLVED,true,false,PROGRAMMABLE_THERMAL_CHP,693.127,,,THERMOELECTRIC_CONVERSION_TECHNOLOGY,PRIMARY_ADDITIVE,true,TERNA_API_THERMOELECTRIC_CAPACITY_2024,ded92b92268d18b550e25306e3ae64fd49419980fd9b8d7c0f3ed8fdc47cc3ac,25,DIRECT SOURCE CAPACITY / TERNA DOWNLOAD CENTER CONTROLLING; API CROSS-CHECK,ACQUIRED_FUEL_UNRESOLVED
2024,NORD,TURBO_EXPANSION,UNRESOLVED,false,false,PROGRAMMABLE_THERMAL,38.352,,,THERMOELECTRIC_CONVERSION_TECHNOLOGY,PRIMARY_ADDITIVE,true,TERNA_API_THERMOELECTRIC_CAPACITY_2024,ded92b92268d18b550e25306e3ae64fd49419980fd9b8d7c0f3ed8fdc47cc3ac,28,DIRECT SOURCE CAPACITY / TERNA DOWNLOAD CENTER CONTROLLING; API CROSS-CHECK,ACQUIRED_FUEL_UNRESOLVED
2024,NORD,WIND_AGGREGATE_UNSPLIT,WIND,false,false,VARIABLE_RENEWABLE,212.803,30,REPORTED_VALUE_SUM_WITH_BLANKS_RETAINED_NOT_ZERO,RENEWABLE_SOURCE_CAPACITY,PRIMARY_ADDITIVE,true,TERNA_API_RENEWABLE_SOURCE_CAPACITY_2024,9683984158ddfab3256554a9f400a13fa69287efab44995fb689994b8315b08f,47,DIRECT SOURCE CAPACITY / TERNA API,PARTIAL_REPORTED_SUM_BLANKS_NOT_ZERO
2024,CNOR,BIOENERGY,BIOENERGY,MIXED_UNRESOLVED,false,PROGRAMMABLE_RENEWABLE,179.3273,0,COMPLETE_NUMERIC_REPORTED_ROWS,RENEWABLE_SOURCE_CAPACITY,SOURCE_SUBSET_OF_THERMOELECTRIC,false,TERNA_API_RENEWABLE_SOURCE_CAPACITY_2024,9683984158ddfab3256554a9f400a13fa69287efab44995fb689994b8315b08f,15,DIRECT SOURCE CAPACITY / TERNA DOWNLOAD CENTER CONTROLLING; API CROSS-CHECK,ACQUIRED_NON_ADDITIVE_CROSS_CLASSIFICATION
2024,CNOR,CCGT_CHP,UNRESOLVED,true,false,PROGRAMMABLE_THERMAL_PEAKER,1123.387,,,THERMOELECTRIC_CONVERSION_TECHNOLOGY,PRIMARY_ADDITIVE,true,TERNA_API_THERMOELECTRIC_CAPACITY_2024,ded92b92268d18b550e25306e3ae64fd49419980fd9b8d7c0f3ed8fdc47cc3ac,4,DIRECT SOURCE CAPACITY / TERNA DOWNLOAD CENTER CONTROLLING; API CROSS-CHECK,ACQUIRED_FUEL_UNRESOLVED
2024,CNOR,CCGT_NON_CHP,UNRESOLVED,true,false,PROGRAMMABLE_THERMAL_PEAKER,452.626,,,THERMOELECTRIC_CONVERSION_TECHNOLOGY,PRIMARY_ADDITIVE,true,TERNA_API_THERMOELECTRIC_CAPACITY_2024,ded92b92268d18b550e25306e3ae64fd49419980fd9b8d7c0f3ed8fdc47cc3ac,2,DIRECT SOURCE CAPACITY / TERNA DOWNLOAD CENTER CONTROLLING; API CROSS-CHECK,ACQUIRED_FUEL_UNRESOLVED
2024,CNOR,FUEL_CELL_CHP,UNRESOLVED,true,false,PROGRAMMABLE_THERMAL_CHP,0.002,,,THERMOELECTRIC_CONVERSION_TECHNOLOGY,PRIMARY_ADDITIVE,true,TERNA_API_THERMOELECTRIC_CAPACITY_2024,ded92b92268d18b550e25306e3ae64fd49419980fd9b8d7c0f3ed8fdc47cc3ac,2,DIRECT SOURCE CAPACITY / TERNA DOWNLOAD CENTER CONTROLLING; API CROSS-CHECK,ACQUIRED_FUEL_UNRESOLVED
2024,CNOR,FUEL_CELL_NON_CHP,UNRESOLVED,true,false,PROGRAMMABLE_THERMAL_CHP,0.018,,,THERMOELECTRIC_CONVERSION_TECHNOLOGY,PRIMARY_ADDITIVE,true,TERNA_API_THERMOELECTRIC_CAPACITY_2024,ded92b92268d18b550e25306e3ae64fd49419980fd9b8d7c0f3ed8fdc47cc3ac,2,DIRECT SOURCE CAPACITY / TERNA DOWNLOAD CENTER CONTROLLING; API CROSS-CHECK,ACQUIRED_FUEL_UNRESOLVED
2024,CNOR,GEOTHERMAL,GEOTHERMAL_HEAT,false,false,PROGRAMMABLE_RENEWABLE,771.79,0,COMPLETE_NUMERIC_REPORTED_ROWS,RENEWABLE_SOURCE_CAPACITY,PRIMARY_ADDITIVE,true,TERNA_API_RENEWABLE_SOURCE_CAPACITY_2024,9683984158ddfab3256554a9f400a13fa69287efab44995fb689994b8315b08f,15,DIRECT SOURCE CAPACITY / TERNA DOWNLOAD CENTER CONTROLLING; API CROSS-CHECK,ACQUIRED
2024,CNOR,GT_CHP,UNRESOLVED,true,false,PROGRAMMABLE_THERMAL_PEAKER,459.399,,,THERMOELECTRIC_CONVERSION_TECHNOLOGY,PRIMARY_ADDITIVE,true,TERNA_API_THERMOELECTRIC_CAPACITY_2024,ded92b92268d18b550e25306e3ae64fd49419980fd9b8d7c0f3ed8fdc47cc3ac,9,DIRECT SOURCE CAPACITY / TERNA DOWNLOAD CENTER CONTROLLING; API CROSS-CHECK,ACQUIRED_FUEL_UNRESOLVED
2024,CNOR,GT_NON_CHP,UNRESOLVED,true,false,PROGRAMMABLE_THERMAL_PEAKER,57.87,,,THERMOELECTRIC_CONVERSION_TECHNOLOGY,PRIMARY_ADDITIVE,true,TERNA_API_THERMOELECTRIC_CAPACITY_2024,ded92b92268d18b550e25306e3ae64fd49419980fd9b8d7c0f3ed8fdc47cc3ac,4,DIRECT SOURCE CAPACITY / TERNA DOWNLOAD CENTER CONTROLLING; API CROSS-CHECK,ACQUIRED_FUEL_UNRESOLVED
2024,CNOR,HYDRO_TOTAL_CONTROL,WATER,false,MIXED_INCLUDES_PUMPED_HYDRO,MIXED_HYDRO_CONTROL,623.19755,0,COMPLETE_NUMERIC_REPORTED_ROWS,RENEWABLE_SOURCE_CAPACITY,PRIMARY_ADDITIVE,true,TERNA_API_RENEWABLE_SOURCE_CAPACITY_2024,9683984158ddfab3256554a9f400a13fa69287efab44995fb689994b8315b08f,15,DIRECT SOURCE CAPACITY / TERNA DOWNLOAD CENTER CONTROLLING; API CROSS-CHECK,ACQUIRED
2024,CNOR,INTERNAL_COMBUSTION_CHP,UNRESOLVED,true,false,PROGRAMMABLE_THERMAL_CHP,287.26276,,,THERMOELECTRIC_CONVERSION_TECHNOLOGY,PRIMARY_ADDITIVE,true,TERNA_API_THERMOELECTRIC_CAPACITY_2024,ded92b92268d18b550e25306e3ae64fd49419980fd9b8d7c0f3ed8fdc47cc3ac,15,DIRECT SOURCE CAPACITY / TERNA DOWNLOAD CENTER CONTROLLING; API CROSS-CHECK,ACQUIRED_FUEL_UNRESOLVED
2024,CNOR,INTERNAL_COMBUSTION_NON_CHP,UNRESOLVED,true,false,PROGRAMMABLE_THERMAL_CHP,131.4173,,,THERMOELECTRIC_CONVERSION_TECHNOLOGY,PRIMARY_ADDITIVE,true,TERNA_API_THERMOELECTRIC_CAPACITY_2024,ded92b92268d18b550e25306e3ae64fd49419980fd9b8d7c0f3ed8fdc47cc3ac,14,DIRECT SOURCE CAPACITY / TERNA DOWNLOAD CENTER CONTROLLING; API CROSS-CHECK,ACQUIRED_FUEL_UNRESOLVED
2024,CNOR,SOLAR_PV,SOLAR,false,false,VARIABLE_RENEWABLE,2982.386,0,COMPLETE_NUMERIC_REPORTED_ROWS,RENEWABLE_SOURCE_CAPACITY,PRIMARY_ADDITIVE,true,TERNA_API_RENEWABLE_SOURCE_CAPACITY_2024,9683984158ddfab3256554a9f400a13fa69287efab44995fb689994b8315b08f,15,DIRECT SOURCE CAPACITY / TERNA API,ACQUIRED
2024,CNOR,STEAM_BACKPRESSURE_CHP,UNRESOLVED,true,false,PROGRAMMABLE_THERMAL_CHP,12.51,,,THERMOELECTRIC_CONVERSION_TECHNOLOGY,PRIMARY_ADDITIVE,true,TERNA_API_THERMOELECTRIC_CAPACITY_2024,ded92b92268d18b550e25306e3ae64fd49419980fd9b8d7c0f3ed8fdc47cc3ac,3,DIRECT SOURCE CAPACITY / TERNA DOWNLOAD CENTER CONTROLLING; API CROSS-CHECK,ACQUIRED_FUEL_UNRESOLVED
2024,CNOR,STEAM_CONDENSING,UNRESOLVED,false,false,PROGRAMMABLE_THERMAL,34.182,,,THERMOELECTRIC_CONVERSION_TECHNOLOGY,PRIMARY_ADDITIVE,true,TERNA_API_THERMOELECTRIC_CAPACITY_2024,ded92b92268d18b550e25306e3ae64fd49419980fd9b8d7c0f3ed8fdc47cc3ac,5,DIRECT SOURCE CAPACITY / TERNA DOWNLOAD CENTER CONTROLLING; API CROSS-CHECK,ACQUIRED_FUEL_UNRESOLVED
2024,CNOR,STEAM_EXTRACTION_CHP,UNRESOLVED,true,false,PROGRAMMABLE_THERMAL_CHP,7.999,,,THERMOELECTRIC_CONVERSION_TECHNOLOGY,PRIMARY_ADDITIVE,true,TERNA_API_THERMOELECTRIC_CAPACITY_2024,ded92b92268d18b550e25306e3ae64fd49419980fd9b8d7c0f3ed8fdc47cc3ac,2,DIRECT SOURCE CAPACITY / TERNA DOWNLOAD CENTER CONTROLLING; API CROSS-CHECK,ACQUIRED_FUEL_UNRESOLVED
2024,CNOR,TURBO_EXPANSION,UNRESOLVED,false,false,PROGRAMMABLE_THERMAL,33.847,,,THERMOELECTRIC_CONVERSION_TECHNOLOGY,PRIMARY_ADDITIVE,true,TERNA_API_THERMOELECTRIC_CAPACITY_2024,ded92b92268d18b550e25306e3ae64fd49419980fd9b8d7c0f3ed8fdc47cc3ac,3,DIRECT SOURCE CAPACITY / TERNA DOWNLOAD CENTER CONTROLLING; API CROSS-CHECK,ACQUIRED_FUEL_UNRESOLVED
2024,CNOR,WIND_AGGREGATE_UNSPLIT,WIND,false,false,VARIABLE_RENEWABLE,163.988,5,REPORTED_VALUE_SUM_WITH_BLANKS_RETAINED_NOT_ZERO,RENEWABLE_SOURCE_CAPACITY,PRIMARY_ADDITIVE,true,TERNA_API_RENEWABLE_SOURCE_CAPACITY_2024,9683984158ddfab3256554a9f400a13fa69287efab44995fb689994b8315b08f,15,DIRECT SOURCE CAPACITY / TERNA API,PARTIAL_REPORTED_SUM_BLANKS_NOT_ZERO
2024,CSUD,BIOENERGY,BIOENERGY,MIXED_UNRESOLVED,false,PROGRAMMABLE_RENEWABLE,445.849,0,COMPLETE_NUMERIC_REPORTED_ROWS,RENEWABLE_SOURCE_CAPACITY,SOURCE_SUBSET_OF_THERMOELECTRIC,false,TERNA_API_RENEWABLE_SOURCE_CAPACITY_2024,9683984158ddfab3256554a9f400a13fa69287efab44995fb689994b8315b08f,16,DIRECT SOURCE CAPACITY / TERNA DOWNLOAD CENTER CONTROLLING; API CROSS-CHECK,ACQUIRED_NON_ADDITIVE_CROSS_CLASSIFICATION
2024,CSUD,CCGT_CHP,UNRESOLVED,true,false,PROGRAMMABLE_THERMAL_PEAKER,670.765,,,THERMOELECTRIC_CONVERSION_TECHNOLOGY,PRIMARY_ADDITIVE,true,TERNA_API_THERMOELECTRIC_CAPACITY_2024,ded92b92268d18b550e25306e3ae64fd49419980fd9b8d7c0f3ed8fdc47cc3ac,8,DIRECT SOURCE CAPACITY / TERNA DOWNLOAD CENTER CONTROLLING; API CROSS-CHECK,ACQUIRED_FUEL_UNRESOLVED
2024,CSUD,CCGT_NON_CHP,UNRESOLVED,true,false,PROGRAMMABLE_THERMAL_PEAKER,5571.19,,,THERMOELECTRIC_CONVERSION_TECHNOLOGY,PRIMARY_ADDITIVE,true,TERNA_API_THERMOELECTRIC_CAPACITY_2024,ded92b92268d18b550e25306e3ae64fd49419980fd9b8d7c0f3ed8fdc47cc3ac,6,DIRECT SOURCE CAPACITY / TERNA DOWNLOAD CENTER CONTROLLING; API CROSS-CHECK,ACQUIRED_FUEL_UNRESOLVED
2024,CSUD,GEOTHERMAL,GEOTHERMAL_HEAT,false,false,PROGRAMMABLE_RENEWABLE,0,0,COMPLETE_NUMERIC_REPORTED_ROWS,RENEWABLE_SOURCE_CAPACITY,PRIMARY_ADDITIVE,true,TERNA_API_RENEWABLE_SOURCE_CAPACITY_2024,9683984158ddfab3256554a9f400a13fa69287efab44995fb689994b8315b08f,16,DIRECT SOURCE CAPACITY / TERNA DOWNLOAD CENTER CONTROLLING; API CROSS-CHECK,ACQUIRED
2024,CSUD,GT_CHP,UNRESOLVED,true,false,PROGRAMMABLE_THERMAL_PEAKER,104.681,,,THERMOELECTRIC_CONVERSION_TECHNOLOGY,PRIMARY_ADDITIVE,true,TERNA_API_THERMOELECTRIC_CAPACITY_2024,ded92b92268d18b550e25306e3ae64fd49419980fd9b8d7c0f3ed8fdc47cc3ac,7,DIRECT SOURCE CAPACITY / TERNA DOWNLOAD CENTER CONTROLLING; API CROSS-CHECK,ACQUIRED_FUEL_UNRESOLVED
2024,CSUD,GT_NON_CHP,UNRESOLVED,true,false,PROGRAMMABLE_THERMAL_PEAKER,725.216,,,THERMOELECTRIC_CONVERSION_TECHNOLOGY,PRIMARY_ADDITIVE,true,TERNA_API_THERMOELECTRIC_CAPACITY_2024,ded92b92268d18b550e25306e3ae64fd49419980fd9b8d7c0f3ed8fdc47cc3ac,4,DIRECT SOURCE CAPACITY / TERNA DOWNLOAD CENTER CONTROLLING; API CROSS-CHECK,ACQUIRED_FUEL_UNRESOLVED
2024,CSUD,HYDRO_TOTAL_CONTROL,WATER,false,MIXED_INCLUDES_PUMPED_HYDRO,MIXED_HYDRO_CONTROL,2330.13938,0,COMPLETE_NUMERIC_REPORTED_ROWS,RENEWABLE_SOURCE_CAPACITY,PRIMARY_ADDITIVE,true,TERNA_API_RENEWABLE_SOURCE_CAPACITY_2024,9683984158ddfab3256554a9f400a13fa69287efab44995fb689994b8315b08f,16,DIRECT SOURCE CAPACITY / TERNA DOWNLOAD CENTER CONTROLLING; API CROSS-CHECK,ACQUIRED
2024,CSUD,INTERNAL_COMBUSTION_CHP,UNRESOLVED,true,false,PROGRAMMABLE_THERMAL_CHP,574.638,,,THERMOELECTRIC_CONVERSION_TECHNOLOGY,PRIMARY_ADDITIVE,true,TERNA_API_THERMOELECTRIC_CAPACITY_2024,ded92b92268d18b550e25306e3ae64fd49419980fd9b8d7c0f3ed8fdc47cc3ac,16,DIRECT SOURCE CAPACITY / TERNA DOWNLOAD CENTER CONTROLLING; API CROSS-CHECK,ACQUIRED_FUEL_UNRESOLVED
2024,CSUD,INTERNAL_COMBUSTION_NON_CHP,UNRESOLVED,true,false,PROGRAMMABLE_THERMAL_CHP,267.35,,,THERMOELECTRIC_CONVERSION_TECHNOLOGY,PRIMARY_ADDITIVE,true,TERNA_API_THERMOELECTRIC_CAPACITY_2024,ded92b92268d18b550e25306e3ae64fd49419980fd9b8d7c0f3ed8fdc47cc3ac,15,DIRECT SOURCE CAPACITY / TERNA DOWNLOAD CENTER CONTROLLING; API CROSS-CHECK,ACQUIRED_FUEL_UNRESOLVED
2024,CSUD,OTHER_THERMAL,UNRESOLVED,false,false,PROGRAMMABLE_THERMAL,5.2,,,THERMOELECTRIC_CONVERSION_TECHNOLOGY,PRIMARY_ADDITIVE,true,TERNA_API_THERMOELECTRIC_CAPACITY_2024,ded92b92268d18b550e25306e3ae64fd49419980fd9b8d7c0f3ed8fdc47cc3ac,1,DIRECT SOURCE CAPACITY / TERNA DOWNLOAD CENTER CONTROLLING; API CROSS-CHECK,ACQUIRED_FUEL_UNRESOLVED
2024,CSUD,SOLAR_PV,SOLAR,false,false,VARIABLE_RENEWABLE,6667.173,0,COMPLETE_NUMERIC_REPORTED_ROWS,RENEWABLE_SOURCE_CAPACITY,PRIMARY_ADDITIVE,true,TERNA_API_RENEWABLE_SOURCE_CAPACITY_2024,9683984158ddfab3256554a9f400a13fa69287efab44995fb689994b8315b08f,16,DIRECT SOURCE CAPACITY / TERNA API,ACQUIRED
2024,CSUD,STEAM_CONDENSING,UNRESOLVED,false,false,PROGRAMMABLE_THERMAL,1994.72,,,THERMOELECTRIC_CONVERSION_TECHNOLOGY,PRIMARY_ADDITIVE,true,TERNA_API_THERMOELECTRIC_CAPACITY_2024,ded92b92268d18b550e25306e3ae64fd49419980fd9b8d7c0f3ed8fdc47cc3ac,6,DIRECT SOURCE CAPACITY / TERNA DOWNLOAD CENTER CONTROLLING; API CROSS-CHECK,ACQUIRED_FUEL_UNRESOLVED
2024,CSUD,STEAM_EXTRACTION_CHP,UNRESOLVED,true,false,PROGRAMMABLE_THERMAL_CHP,43.384,,,THERMOELECTRIC_CONVERSION_TECHNOLOGY,PRIMARY_ADDITIVE,true,TERNA_API_THERMOELECTRIC_CAPACITY_2024,ded92b92268d18b550e25306e3ae64fd49419980fd9b8d7c0f3ed8fdc47cc3ac,5,DIRECT SOURCE CAPACITY / TERNA DOWNLOAD CENTER CONTROLLING; API CROSS-CHECK,ACQUIRED_FUEL_UNRESOLVED
2024,CSUD,TURBO_EXPANSION,UNRESOLVED,false,false,PROGRAMMABLE_THERMAL,25.868,,,THERMOELECTRIC_CONVERSION_TECHNOLOGY,PRIMARY_ADDITIVE,true,TERNA_API_THERMOELECTRIC_CAPACITY_2024,ded92b92268d18b550e25306e3ae64fd49419980fd9b8d7c0f3ed8fdc47cc3ac,3,DIRECT SOURCE CAPACITY / TERNA DOWNLOAD CENTER CONTROLLING; API CROSS-CHECK,ACQUIRED_FUEL_UNRESOLVED
2024,CSUD,WIND_AGGREGATE_UNSPLIT,WIND,false,false,VARIABLE_RENEWABLE,2528.789,4,REPORTED_VALUE_SUM_WITH_BLANKS_RETAINED_NOT_ZERO,RENEWABLE_SOURCE_CAPACITY,PRIMARY_ADDITIVE,true,TERNA_API_RENEWABLE_SOURCE_CAPACITY_2024,9683984158ddfab3256554a9f400a13fa69287efab44995fb689994b8315b08f,16,DIRECT SOURCE CAPACITY / TERNA API,PARTIAL_REPORTED_SUM_BLANKS_NOT_ZERO
2024,SUD,BIOENERGY,BIOENERGY,MIXED_UNRESOLVED,false,PROGRAMMABLE_RENEWABLE,446.074,0,COMPLETE_NUMERIC_REPORTED_ROWS,RENEWABLE_SOURCE_CAPACITY,SOURCE_SUBSET_OF_THERMOELECTRIC,false,TERNA_API_RENEWABLE_SOURCE_CAPACITY_2024,9683984158ddfab3256554a9f400a13fa69287efab44995fb689994b8315b08f,10,DIRECT SOURCE CAPACITY / TERNA DOWNLOAD CENTER CONTROLLING; API CROSS-CHECK,ACQUIRED_NON_ADDITIVE_CROSS_CLASSIFICATION
2024,SUD,CCGT_CHP,UNRESOLVED,true,false,PROGRAMMABLE_THERMAL_PEAKER,2204.229,,,THERMOELECTRIC_CONVERSION_TECHNOLOGY,PRIMARY_ADDITIVE,true,TERNA_API_THERMOELECTRIC_CAPACITY_2024,ded92b92268d18b550e25306e3ae64fd49419980fd9b8d7c0f3ed8fdc47cc3ac,5,DIRECT SOURCE CAPACITY / TERNA DOWNLOAD CENTER CONTROLLING; API CROSS-CHECK,ACQUIRED_FUEL_UNRESOLVED
2024,SUD,CCGT_NON_CHP,UNRESOLVED,true,false,PROGRAMMABLE_THERMAL_PEAKER,2157.278,,,THERMOELECTRIC_CONVERSION_TECHNOLOGY,PRIMARY_ADDITIVE,true,TERNA_API_THERMOELECTRIC_CAPACITY_2024,ded92b92268d18b550e25306e3ae64fd49419980fd9b8d7c0f3ed8fdc47cc3ac,3,DIRECT SOURCE CAPACITY / TERNA DOWNLOAD CENTER CONTROLLING; API CROSS-CHECK,ACQUIRED_FUEL_UNRESOLVED
2024,SUD,FUEL_CELL_CHP,UNRESOLVED,true,false,PROGRAMMABLE_THERMAL_CHP,0.004,,,THERMOELECTRIC_CONVERSION_TECHNOLOGY,PRIMARY_ADDITIVE,true,TERNA_API_THERMOELECTRIC_CAPACITY_2024,ded92b92268d18b550e25306e3ae64fd49419980fd9b8d7c0f3ed8fdc47cc3ac,2,DIRECT SOURCE CAPACITY / TERNA DOWNLOAD CENTER CONTROLLING; API CROSS-CHECK,ACQUIRED_FUEL_UNRESOLVED
2024,SUD,FUEL_CELL_NON_CHP,UNRESOLVED,true,false,PROGRAMMABLE_THERMAL_CHP,0.004,,,THERMOELECTRIC_CONVERSION_TECHNOLOGY,PRIMARY_ADDITIVE,true,TERNA_API_THERMOELECTRIC_CAPACITY_2024,ded92b92268d18b550e25306e3ae64fd49419980fd9b8d7c0f3ed8fdc47cc3ac,2,DIRECT SOURCE CAPACITY / TERNA DOWNLOAD CENTER CONTROLLING; API CROSS-CHECK,ACQUIRED_FUEL_UNRESOLVED
2024,SUD,GEOTHERMAL,GEOTHERMAL_HEAT,false,false,PROGRAMMABLE_RENEWABLE,0,0,COMPLETE_NUMERIC_REPORTED_ROWS,RENEWABLE_SOURCE_CAPACITY,PRIMARY_ADDITIVE,true,TERNA_API_RENEWABLE_SOURCE_CAPACITY_2024,9683984158ddfab3256554a9f400a13fa69287efab44995fb689994b8315b08f,10,DIRECT SOURCE CAPACITY / TERNA DOWNLOAD CENTER CONTROLLING; API CROSS-CHECK,ACQUIRED
2024,SUD,GT_CHP,UNRESOLVED,true,false,PROGRAMMABLE_THERMAL_PEAKER,24.727,,,THERMOELECTRIC_CONVERSION_TECHNOLOGY,PRIMARY_ADDITIVE,true,TERNA_API_THERMOELECTRIC_CAPACITY_2024,ded92b92268d18b550e25306e3ae64fd49419980fd9b8d7c0f3ed8fdc47cc3ac,4,DIRECT SOURCE CAPACITY / TERNA DOWNLOAD CENTER CONTROLLING; API CROSS-CHECK,ACQUIRED_FUEL_UNRESOLVED
2024,SUD,GT_NON_CHP,UNRESOLVED,true,false,PROGRAMMABLE_THERMAL_PEAKER,251.585,,,THERMOELECTRIC_CONVERSION_TECHNOLOGY,PRIMARY_ADDITIVE,true,TERNA_API_THERMOELECTRIC_CAPACITY_2024,ded92b92268d18b550e25306e3ae64fd49419980fd9b8d7c0f3ed8fdc47cc3ac,2,DIRECT SOURCE CAPACITY / TERNA DOWNLOAD CENTER CONTROLLING; API CROSS-CHECK,ACQUIRED_FUEL_UNRESOLVED
2024,SUD,HYDRO_TOTAL_CONTROL,WATER,false,MIXED_INCLUDES_PUMPED_HYDRO,MIXED_HYDRO_CONTROL,225.32915,0,COMPLETE_NUMERIC_REPORTED_ROWS,RENEWABLE_SOURCE_CAPACITY,PRIMARY_ADDITIVE,true,TERNA_API_RENEWABLE_SOURCE_CAPACITY_2024,9683984158ddfab3256554a9f400a13fa69287efab44995fb689994b8315b08f,10,DIRECT SOURCE CAPACITY / TERNA DOWNLOAD CENTER CONTROLLING; API CROSS-CHECK,ACQUIRED
2024,SUD,INTERNAL_COMBUSTION_CHP,UNRESOLVED,true,false,PROGRAMMABLE_THERMAL_CHP,187.371,,,THERMOELECTRIC_CONVERSION_TECHNOLOGY,PRIMARY_ADDITIVE,true,TERNA_API_THERMOELECTRIC_CAPACITY_2024,ded92b92268d18b550e25306e3ae64fd49419980fd9b8d7c0f3ed8fdc47cc3ac,10,DIRECT SOURCE CAPACITY / TERNA DOWNLOAD CENTER CONTROLLING; API CROSS-CHECK,ACQUIRED_FUEL_UNRESOLVED
2024,SUD,INTERNAL_COMBUSTION_NON_CHP,UNRESOLVED,true,false,PROGRAMMABLE_THERMAL_CHP,285.013,,,THERMOELECTRIC_CONVERSION_TECHNOLOGY,PRIMARY_ADDITIVE,true,TERNA_API_THERMOELECTRIC_CAPACITY_2024,ded92b92268d18b550e25306e3ae64fd49419980fd9b8d7c0f3ed8fdc47cc3ac,10,DIRECT SOURCE CAPACITY / TERNA DOWNLOAD CENTER CONTROLLING; API CROSS-CHECK,ACQUIRED_FUEL_UNRESOLVED
2024,SUD,OTHER_THERMAL,UNRESOLVED,false,false,PROGRAMMABLE_THERMAL,80.8,,,THERMOELECTRIC_CONVERSION_TECHNOLOGY,PRIMARY_ADDITIVE,true,TERNA_API_THERMOELECTRIC_CAPACITY_2024,ded92b92268d18b550e25306e3ae64fd49419980fd9b8d7c0f3ed8fdc47cc3ac,1,DIRECT SOURCE CAPACITY / TERNA DOWNLOAD CENTER CONTROLLING; API CROSS-CHECK,ACQUIRED_FUEL_UNRESOLVED
2024,SUD,SOLAR_PV,SOLAR,false,false,VARIABLE_RENEWABLE,4467.376,0,COMPLETE_NUMERIC_REPORTED_ROWS,RENEWABLE_SOURCE_CAPACITY,PRIMARY_ADDITIVE,true,TERNA_API_RENEWABLE_SOURCE_CAPACITY_2024,9683984158ddfab3256554a9f400a13fa69287efab44995fb689994b8315b08f,10,DIRECT SOURCE CAPACITY / TERNA API,ACQUIRED
2024,SUD,STEAM_BACKPRESSURE_CHP,UNRESOLVED,true,false,PROGRAMMABLE_THERMAL_CHP,7.951,,,THERMOELECTRIC_CONVERSION_TECHNOLOGY,PRIMARY_ADDITIVE,true,TERNA_API_THERMOELECTRIC_CAPACITY_2024,ded92b92268d18b550e25306e3ae64fd49419980fd9b8d7c0f3ed8fdc47cc3ac,1,DIRECT SOURCE CAPACITY / TERNA DOWNLOAD CENTER CONTROLLING; API CROSS-CHECK,ACQUIRED_FUEL_UNRESOLVED
2024,SUD,STEAM_CONDENSING,UNRESOLVED,false,false,PROGRAMMABLE_THERMAL,1888.79,,,THERMOELECTRIC_CONVERSION_TECHNOLOGY,PRIMARY_ADDITIVE,true,TERNA_API_THERMOELECTRIC_CAPACITY_2024,ded92b92268d18b550e25306e3ae64fd49419980fd9b8d7c0f3ed8fdc47cc3ac,6,DIRECT SOURCE CAPACITY / TERNA DOWNLOAD CENTER CONTROLLING; API CROSS-CHECK,ACQUIRED_FUEL_UNRESOLVED
2024,SUD,STEAM_EXTRACTION_CHP,UNRESOLVED,true,false,PROGRAMMABLE_THERMAL_CHP,523.89,,,THERMOELECTRIC_CONVERSION_TECHNOLOGY,PRIMARY_ADDITIVE,true,TERNA_API_THERMOELECTRIC_CAPACITY_2024,ded92b92268d18b550e25306e3ae64fd49419980fd9b8d7c0f3ed8fdc47cc3ac,4,DIRECT SOURCE CAPACITY / TERNA DOWNLOAD CENTER CONTROLLING; API CROSS-CHECK,ACQUIRED_FUEL_UNRESOLVED
2024,SUD,TURBO_EXPANSION,UNRESOLVED,false,false,PROGRAMMABLE_THERMAL,44.685,,,THERMOELECTRIC_CONVERSION_TECHNOLOGY,PRIMARY_ADDITIVE,true,TERNA_API_THERMOELECTRIC_CAPACITY_2024,ded92b92268d18b550e25306e3ae64fd49419980fd9b8d7c0f3ed8fdc47cc3ac,3,DIRECT SOURCE CAPACITY / TERNA DOWNLOAD CENTER CONTROLLING; API CROSS-CHECK,ACQUIRED_FUEL_UNRESOLVED
2024,SUD,WIND_AGGREGATE_UNSPLIT,WIND,false,false,VARIABLE_RENEWABLE,5130.984,0,COMPLETE_NUMERIC_REPORTED_ROWS,RENEWABLE_SOURCE_CAPACITY,PRIMARY_ADDITIVE,true,TERNA_API_RENEWABLE_SOURCE_CAPACITY_2024,9683984158ddfab3256554a9f400a13fa69287efab44995fb689994b8315b08f,10,DIRECT SOURCE CAPACITY / TERNA API,ACQUIRED_WIND_ONSHORE_OFFSHORE_NOT_SEPARATED
2024,CALA,BIOENERGY,BIOENERGY,MIXED_UNRESOLVED,false,PROGRAMMABLE_RENEWABLE,175.447,0,COMPLETE_NUMERIC_REPORTED_ROWS,RENEWABLE_SOURCE_CAPACITY,SOURCE_SUBSET_OF_THERMOELECTRIC,false,TERNA_API_RENEWABLE_SOURCE_CAPACITY_2024,9683984158ddfab3256554a9f400a13fa69287efab44995fb689994b8315b08f,5,DIRECT SOURCE CAPACITY / TERNA DOWNLOAD CENTER CONTROLLING; API CROSS-CHECK,ACQUIRED_NON_ADDITIVE_CROSS_CLASSIFICATION
2024,CALA,CCGT_CHP,UNRESOLVED,true,false,PROGRAMMABLE_THERMAL_PEAKER,1607.335,,,THERMOELECTRIC_CONVERSION_TECHNOLOGY,PRIMARY_ADDITIVE,true,TERNA_API_THERMOELECTRIC_CAPACITY_2024,ded92b92268d18b550e25306e3ae64fd49419980fd9b8d7c0f3ed8fdc47cc3ac,2,DIRECT SOURCE CAPACITY / TERNA DOWNLOAD CENTER CONTROLLING; API CROSS-CHECK,ACQUIRED_FUEL_UNRESOLVED
2024,CALA,CCGT_NON_CHP,UNRESOLVED,true,false,PROGRAMMABLE_THERMAL_PEAKER,1582,,,THERMOELECTRIC_CONVERSION_TECHNOLOGY,PRIMARY_ADDITIVE,true,TERNA_API_THERMOELECTRIC_CAPACITY_2024,ded92b92268d18b550e25306e3ae64fd49419980fd9b8d7c0f3ed8fdc47cc3ac,2,DIRECT SOURCE CAPACITY / TERNA DOWNLOAD CENTER CONTROLLING; API CROSS-CHECK,ACQUIRED_FUEL_UNRESOLVED
2024,CALA,GEOTHERMAL,GEOTHERMAL_HEAT,false,false,PROGRAMMABLE_RENEWABLE,0,0,COMPLETE_NUMERIC_REPORTED_ROWS,RENEWABLE_SOURCE_CAPACITY,PRIMARY_ADDITIVE,true,TERNA_API_RENEWABLE_SOURCE_CAPACITY_2024,9683984158ddfab3256554a9f400a13fa69287efab44995fb689994b8315b08f,5,DIRECT SOURCE CAPACITY / TERNA DOWNLOAD CENTER CONTROLLING; API CROSS-CHECK,ACQUIRED
2024,CALA,GT_CHP,UNRESOLVED,true,false,PROGRAMMABLE_THERMAL_PEAKER,6.241,,,THERMOELECTRIC_CONVERSION_TECHNOLOGY,PRIMARY_ADDITIVE,true,TERNA_API_THERMOELECTRIC_CAPACITY_2024,ded92b92268d18b550e25306e3ae64fd49419980fd9b8d7c0f3ed8fdc47cc3ac,4,DIRECT SOURCE CAPACITY / TERNA DOWNLOAD CENTER CONTROLLING; API CROSS-CHECK,ACQUIRED_FUEL_UNRESOLVED
2024,CALA,GT_NON_CHP,UNRESOLVED,true,false,PROGRAMMABLE_THERMAL_PEAKER,227.04,,,THERMOELECTRIC_CONVERSION_TECHNOLOGY,PRIMARY_ADDITIVE,true,TERNA_API_THERMOELECTRIC_CAPACITY_2024,ded92b92268d18b550e25306e3ae64fd49419980fd9b8d7c0f3ed8fdc47cc3ac,2,DIRECT SOURCE CAPACITY / TERNA DOWNLOAD CENTER CONTROLLING; API CROSS-CHECK,ACQUIRED_FUEL_UNRESOLVED
2024,CALA,HYDRO_TOTAL_CONTROL,WATER,false,MIXED_INCLUDES_PUMPED_HYDRO,MIXED_HYDRO_CONTROL,833.364,0,COMPLETE_NUMERIC_REPORTED_ROWS,RENEWABLE_SOURCE_CAPACITY,PRIMARY_ADDITIVE,true,TERNA_API_RENEWABLE_SOURCE_CAPACITY_2024,9683984158ddfab3256554a9f400a13fa69287efab44995fb689994b8315b08f,5,DIRECT SOURCE CAPACITY / TERNA DOWNLOAD CENTER CONTROLLING; API CROSS-CHECK,ACQUIRED
2024,CALA,INTERNAL_COMBUSTION_CHP,UNRESOLVED,true,false,PROGRAMMABLE_THERMAL_CHP,36.619,,,THERMOELECTRIC_CONVERSION_TECHNOLOGY,PRIMARY_ADDITIVE,true,TERNA_API_THERMOELECTRIC_CAPACITY_2024,ded92b92268d18b550e25306e3ae64fd49419980fd9b8d7c0f3ed8fdc47cc3ac,5,DIRECT SOURCE CAPACITY / TERNA DOWNLOAD CENTER CONTROLLING; API CROSS-CHECK,ACQUIRED_FUEL_UNRESOLVED
2024,CALA,INTERNAL_COMBUSTION_NON_CHP,UNRESOLVED,true,false,PROGRAMMABLE_THERMAL_CHP,4.603,,,THERMOELECTRIC_CONVERSION_TECHNOLOGY,PRIMARY_ADDITIVE,true,TERNA_API_THERMOELECTRIC_CAPACITY_2024,ded92b92268d18b550e25306e3ae64fd49419980fd9b8d7c0f3ed8fdc47cc3ac,5,DIRECT SOURCE CAPACITY / TERNA DOWNLOAD CENTER CONTROLLING; API CROSS-CHECK,ACQUIRED_FUEL_UNRESOLVED
2024,CALA,SOLAR_PV,SOLAR,false,false,VARIABLE_RENEWABLE,833.09,0,COMPLETE_NUMERIC_REPORTED_ROWS,RENEWABLE_SOURCE_CAPACITY,PRIMARY_ADDITIVE,true,TERNA_API_RENEWABLE_SOURCE_CAPACITY_2024,9683984158ddfab3256554a9f400a13fa69287efab44995fb689994b8315b08f,5,DIRECT SOURCE CAPACITY / TERNA API,ACQUIRED
2024,CALA,STEAM_CONDENSING,UNRESOLVED,false,false,PROGRAMMABLE_THERMAL,139.129,,,THERMOELECTRIC_CONVERSION_TECHNOLOGY,PRIMARY_ADDITIVE,true,TERNA_API_THERMOELECTRIC_CAPACITY_2024,ded92b92268d18b550e25306e3ae64fd49419980fd9b8d7c0f3ed8fdc47cc3ac,3,DIRECT SOURCE CAPACITY / TERNA DOWNLOAD CENTER CONTROLLING; API CROSS-CHECK,ACQUIRED_FUEL_UNRESOLVED
2024,CALA,STEAM_EXTRACTION_CHP,UNRESOLVED,true,false,PROGRAMMABLE_THERMAL_CHP,17,,,THERMOELECTRIC_CONVERSION_TECHNOLOGY,PRIMARY_ADDITIVE,true,TERNA_API_THERMOELECTRIC_CAPACITY_2024,ded92b92268d18b550e25306e3ae64fd49419980fd9b8d7c0f3ed8fdc47cc3ac,1,DIRECT SOURCE CAPACITY / TERNA DOWNLOAD CENTER CONTROLLING; API CROSS-CHECK,ACQUIRED_FUEL_UNRESOLVED
2024,CALA,WIND_AGGREGATE_UNSPLIT,WIND,false,false,VARIABLE_RENEWABLE,1248.356,0,COMPLETE_NUMERIC_REPORTED_ROWS,RENEWABLE_SOURCE_CAPACITY,PRIMARY_ADDITIVE,true,TERNA_API_RENEWABLE_SOURCE_CAPACITY_2024,9683984158ddfab3256554a9f400a13fa69287efab44995fb689994b8315b08f,5,DIRECT SOURCE CAPACITY / TERNA API,ACQUIRED_WIND_ONSHORE_OFFSHORE_NOT_SEPARATED
2024,SICI,BIOENERGY,BIOENERGY,MIXED_UNRESOLVED,false,PROGRAMMABLE_RENEWABLE,69.439,0,COMPLETE_NUMERIC_REPORTED_ROWS,RENEWABLE_SOURCE_CAPACITY,SOURCE_SUBSET_OF_THERMOELECTRIC,false,TERNA_API_RENEWABLE_SOURCE_CAPACITY_2024,9683984158ddfab3256554a9f400a13fa69287efab44995fb689994b8315b08f,9,DIRECT SOURCE CAPACITY / TERNA DOWNLOAD CENTER CONTROLLING; API CROSS-CHECK,ACQUIRED_NON_ADDITIVE_CROSS_CLASSIFICATION
2024,SICI,CCGT_CHP,UNRESOLVED,true,false,PROGRAMMABLE_THERMAL_PEAKER,1441.836,,,THERMOELECTRIC_CONVERSION_TECHNOLOGY,PRIMARY_ADDITIVE,true,TERNA_API_THERMOELECTRIC_CAPACITY_2024,ded92b92268d18b550e25306e3ae64fd49419980fd9b8d7c0f3ed8fdc47cc3ac,2,DIRECT SOURCE CAPACITY / TERNA DOWNLOAD CENTER CONTROLLING; API CROSS-CHECK,ACQUIRED_FUEL_UNRESOLVED
2024,SICI,CCGT_NON_CHP,UNRESOLVED,true,false,PROGRAMMABLE_THERMAL_PEAKER,1548,,,THERMOELECTRIC_CONVERSION_TECHNOLOGY,PRIMARY_ADDITIVE,true,TERNA_API_THERMOELECTRIC_CAPACITY_2024,ded92b92268d18b550e25306e3ae64fd49419980fd9b8d7c0f3ed8fdc47cc3ac,2,DIRECT SOURCE CAPACITY / TERNA DOWNLOAD CENTER CONTROLLING; API CROSS-CHECK,ACQUIRED_FUEL_UNRESOLVED
2024,SICI,GEOTHERMAL,GEOTHERMAL_HEAT,false,false,PROGRAMMABLE_RENEWABLE,0,0,COMPLETE_NUMERIC_REPORTED_ROWS,RENEWABLE_SOURCE_CAPACITY,PRIMARY_ADDITIVE,true,TERNA_API_RENEWABLE_SOURCE_CAPACITY_2024,9683984158ddfab3256554a9f400a13fa69287efab44995fb689994b8315b08f,9,DIRECT SOURCE CAPACITY / TERNA DOWNLOAD CENTER CONTROLLING; API CROSS-CHECK,ACQUIRED
2024,SICI,GT_CHP,UNRESOLVED,true,false,PROGRAMMABLE_THERMAL_PEAKER,56.398,,,THERMOELECTRIC_CONVERSION_TECHNOLOGY,PRIMARY_ADDITIVE,true,TERNA_API_THERMOELECTRIC_CAPACITY_2024,ded92b92268d18b550e25306e3ae64fd49419980fd9b8d7c0f3ed8fdc47cc3ac,5,DIRECT SOURCE CAPACITY / TERNA DOWNLOAD CENTER CONTROLLING; API CROSS-CHECK,ACQUIRED_FUEL_UNRESOLVED
2024,SICI,GT_NON_CHP,UNRESOLVED,true,false,PROGRAMMABLE_THERMAL_PEAKER,647.62,,,THERMOELECTRIC_CONVERSION_TECHNOLOGY,PRIMARY_ADDITIVE,true,TERNA_API_THERMOELECTRIC_CAPACITY_2024,ded92b92268d18b550e25306e3ae64fd49419980fd9b8d7c0f3ed8fdc47cc3ac,4,DIRECT SOURCE CAPACITY / TERNA DOWNLOAD CENTER CONTROLLING; API CROSS-CHECK,ACQUIRED_FUEL_UNRESOLVED
2024,SICI,HYDRO_TOTAL_CONTROL,WATER,false,MIXED_INCLUDES_PUMPED_HYDRO,MIXED_HYDRO_CONTROL,133.793,0,COMPLETE_NUMERIC_REPORTED_ROWS,RENEWABLE_SOURCE_CAPACITY,PRIMARY_ADDITIVE,true,TERNA_API_RENEWABLE_SOURCE_CAPACITY_2024,9683984158ddfab3256554a9f400a13fa69287efab44995fb689994b8315b08f,9,DIRECT SOURCE CAPACITY / TERNA DOWNLOAD CENTER CONTROLLING; API CROSS-CHECK,ACQUIRED
2024,SICI,INTERNAL_COMBUSTION_CHP,UNRESOLVED,true,false,PROGRAMMABLE_THERMAL_CHP,47.3573,,,THERMOELECTRIC_CONVERSION_TECHNOLOGY,PRIMARY_ADDITIVE,true,TERNA_API_THERMOELECTRIC_CAPACITY_2024,ded92b92268d18b550e25306e3ae64fd49419980fd9b8d7c0f3ed8fdc47cc3ac,9,DIRECT SOURCE CAPACITY / TERNA DOWNLOAD CENTER CONTROLLING; API CROSS-CHECK,ACQUIRED_FUEL_UNRESOLVED
2024,SICI,INTERNAL_COMBUSTION_NON_CHP,UNRESOLVED,true,false,PROGRAMMABLE_THERMAL_CHP,175.563,,,THERMOELECTRIC_CONVERSION_TECHNOLOGY,PRIMARY_ADDITIVE,true,TERNA_API_THERMOELECTRIC_CAPACITY_2024,ded92b92268d18b550e25306e3ae64fd49419980fd9b8d7c0f3ed8fdc47cc3ac,7,DIRECT SOURCE CAPACITY / TERNA DOWNLOAD CENTER CONTROLLING; API CROSS-CHECK,ACQUIRED_FUEL_UNRESOLVED
2024,SICI,SOLAR_PV,SOLAR,false,false,VARIABLE_RENEWABLE,2673.971,0,COMPLETE_NUMERIC_REPORTED_ROWS,RENEWABLE_SOURCE_CAPACITY,PRIMARY_ADDITIVE,true,TERNA_API_RENEWABLE_SOURCE_CAPACITY_2024,9683984158ddfab3256554a9f400a13fa69287efab44995fb689994b8315b08f,9,DIRECT SOURCE CAPACITY / TERNA API,ACQUIRED
2024,SICI,STEAM_BACKPRESSURE_CHP,UNRESOLVED,true,false,PROGRAMMABLE_THERMAL_CHP,134.496,,,THERMOELECTRIC_CONVERSION_TECHNOLOGY,PRIMARY_ADDITIVE,true,TERNA_API_THERMOELECTRIC_CAPACITY_2024,ded92b92268d18b550e25306e3ae64fd49419980fd9b8d7c0f3ed8fdc47cc3ac,1,DIRECT SOURCE CAPACITY / TERNA DOWNLOAD CENTER CONTROLLING; API CROSS-CHECK,ACQUIRED_FUEL_UNRESOLVED
2024,SICI,STEAM_CONDENSING,UNRESOLVED,false,false,PROGRAMMABLE_THERMAL,886.929,,,THERMOELECTRIC_CONVERSION_TECHNOLOGY,PRIMARY_ADDITIVE,true,TERNA_API_THERMOELECTRIC_CAPACITY_2024,ded92b92268d18b550e25306e3ae64fd49419980fd9b8d7c0f3ed8fdc47cc3ac,2,DIRECT SOURCE CAPACITY / TERNA DOWNLOAD CENTER CONTROLLING; API CROSS-CHECK,ACQUIRED_FUEL_UNRESOLVED
2024,SICI,STEAM_EXTRACTION_CHP,UNRESOLVED,true,false,PROGRAMMABLE_THERMAL_CHP,18.4,,,THERMOELECTRIC_CONVERSION_TECHNOLOGY,PRIMARY_ADDITIVE,true,TERNA_API_THERMOELECTRIC_CAPACITY_2024,ded92b92268d18b550e25306e3ae64fd49419980fd9b8d7c0f3ed8fdc47cc3ac,2,DIRECT SOURCE CAPACITY / TERNA DOWNLOAD CENTER CONTROLLING; API CROSS-CHECK,ACQUIRED_FUEL_UNRESOLVED
2024,SICI,TURBO_EXPANSION,UNRESOLVED,false,false,PROGRAMMABLE_THERMAL,21.961,,,THERMOELECTRIC_CONVERSION_TECHNOLOGY,PRIMARY_ADDITIVE,true,TERNA_API_THERMOELECTRIC_CAPACITY_2024,ded92b92268d18b550e25306e3ae64fd49419980fd9b8d7c0f3ed8fdc47cc3ac,3,DIRECT SOURCE CAPACITY / TERNA DOWNLOAD CENTER CONTROLLING; API CROSS-CHECK,ACQUIRED_FUEL_UNRESOLVED
2024,SICI,WIND_AGGREGATE_UNSPLIT,WIND,false,false,VARIABLE_RENEWABLE,2481.688,0,COMPLETE_NUMERIC_REPORTED_ROWS,RENEWABLE_SOURCE_CAPACITY,PRIMARY_ADDITIVE,true,TERNA_API_RENEWABLE_SOURCE_CAPACITY_2024,9683984158ddfab3256554a9f400a13fa69287efab44995fb689994b8315b08f,9,DIRECT SOURCE CAPACITY / TERNA API,ACQUIRED_WIND_ONSHORE_OFFSHORE_NOT_SEPARATED
2024,SARD,BIOENERGY,BIOENERGY,MIXED_UNRESOLVED,false,PROGRAMMABLE_RENEWABLE,110.945,0,COMPLETE_NUMERIC_REPORTED_ROWS,RENEWABLE_SOURCE_CAPACITY,SOURCE_SUBSET_OF_THERMOELECTRIC,false,TERNA_API_RENEWABLE_SOURCE_CAPACITY_2024,9683984158ddfab3256554a9f400a13fa69287efab44995fb689994b8315b08f,5,DIRECT SOURCE CAPACITY / TERNA DOWNLOAD CENTER CONTROLLING; API CROSS-CHECK,ACQUIRED_NON_ADDITIVE_CROSS_CLASSIFICATION
2024,SARD,CCGT_CHP,UNRESOLVED,true,false,PROGRAMMABLE_THERMAL_PEAKER,591,,,THERMOELECTRIC_CONVERSION_TECHNOLOGY,PRIMARY_ADDITIVE,true,TERNA_API_THERMOELECTRIC_CAPACITY_2024,ded92b92268d18b550e25306e3ae64fd49419980fd9b8d7c0f3ed8fdc47cc3ac,1,DIRECT SOURCE CAPACITY / TERNA DOWNLOAD CENTER CONTROLLING; API CROSS-CHECK,ACQUIRED_FUEL_UNRESOLVED
2024,SARD,CCGT_NON_CHP,UNRESOLVED,true,false,PROGRAMMABLE_THERMAL_PEAKER,36,,,THERMOELECTRIC_CONVERSION_TECHNOLOGY,PRIMARY_ADDITIVE,true,TERNA_API_THERMOELECTRIC_CAPACITY_2024,ded92b92268d18b550e25306e3ae64fd49419980fd9b8d7c0f3ed8fdc47cc3ac,1,DIRECT SOURCE CAPACITY / TERNA DOWNLOAD CENTER CONTROLLING; API CROSS-CHECK,ACQUIRED_FUEL_UNRESOLVED
2024,SARD,GEOTHERMAL,GEOTHERMAL_HEAT,false,false,PROGRAMMABLE_RENEWABLE,0,0,COMPLETE_NUMERIC_REPORTED_ROWS,RENEWABLE_SOURCE_CAPACITY,PRIMARY_ADDITIVE,true,TERNA_API_RENEWABLE_SOURCE_CAPACITY_2024,9683984158ddfab3256554a9f400a13fa69287efab44995fb689994b8315b08f,5,DIRECT SOURCE CAPACITY / TERNA DOWNLOAD CENTER CONTROLLING; API CROSS-CHECK,ACQUIRED
2024,SARD,GT_NON_CHP,UNRESOLVED,true,false,PROGRAMMABLE_THERMAL_PEAKER,150,,,THERMOELECTRIC_CONVERSION_TECHNOLOGY,PRIMARY_ADDITIVE,true,TERNA_API_THERMOELECTRIC_CAPACITY_2024,ded92b92268d18b550e25306e3ae64fd49419980fd9b8d7c0f3ed8fdc47cc3ac,1,DIRECT SOURCE CAPACITY / TERNA DOWNLOAD CENTER CONTROLLING; API CROSS-CHECK,ACQUIRED_FUEL_UNRESOLVED
2024,SARD,HYDRO_TOTAL_CONTROL,WATER,false,MIXED_INCLUDES_PUMPED_HYDRO,MIXED_HYDRO_CONTROL,463.419,0,COMPLETE_NUMERIC_REPORTED_ROWS,RENEWABLE_SOURCE_CAPACITY,PRIMARY_ADDITIVE,true,TERNA_API_RENEWABLE_SOURCE_CAPACITY_2024,9683984158ddfab3256554a9f400a13fa69287efab44995fb689994b8315b08f,5,DIRECT SOURCE CAPACITY / TERNA DOWNLOAD CENTER CONTROLLING; API CROSS-CHECK,ACQUIRED
2024,SARD,INTERNAL_COMBUSTION_CHP,UNRESOLVED,true,false,PROGRAMMABLE_THERMAL_CHP,13.99,,,THERMOELECTRIC_CONVERSION_TECHNOLOGY,PRIMARY_ADDITIVE,true,TERNA_API_THERMOELECTRIC_CAPACITY_2024,ded92b92268d18b550e25306e3ae64fd49419980fd9b8d7c0f3ed8fdc47cc3ac,5,DIRECT SOURCE CAPACITY / TERNA DOWNLOAD CENTER CONTROLLING; API CROSS-CHECK,ACQUIRED_FUEL_UNRESOLVED
2024,SARD,INTERNAL_COMBUSTION_NON_CHP,UNRESOLVED,true,false,PROGRAMMABLE_THERMAL_CHP,10.11,,,THERMOELECTRIC_CONVERSION_TECHNOLOGY,PRIMARY_ADDITIVE,true,TERNA_API_THERMOELECTRIC_CAPACITY_2024,ded92b92268d18b550e25306e3ae64fd49419980fd9b8d7c0f3ed8fdc47cc3ac,4,DIRECT SOURCE CAPACITY / TERNA DOWNLOAD CENTER CONTROLLING; API CROSS-CHECK,ACQUIRED_FUEL_UNRESOLVED
2024,SARD,OTHER_THERMAL,UNRESOLVED,false,false,PROGRAMMABLE_THERMAL,11.847,,,THERMOELECTRIC_CONVERSION_TECHNOLOGY,PRIMARY_ADDITIVE,true,TERNA_API_THERMOELECTRIC_CAPACITY_2024,ded92b92268d18b550e25306e3ae64fd49419980fd9b8d7c0f3ed8fdc47cc3ac,1,DIRECT SOURCE CAPACITY / TERNA DOWNLOAD CENTER CONTROLLING; API CROSS-CHECK,ACQUIRED_FUEL_UNRESOLVED
2024,SARD,SOLAR_PV,SOLAR,false,false,VARIABLE_RENEWABLE,1722.093,0,COMPLETE_NUMERIC_REPORTED_ROWS,RENEWABLE_SOURCE_CAPACITY,PRIMARY_ADDITIVE,true,TERNA_API_RENEWABLE_SOURCE_CAPACITY_2024,9683984158ddfab3256554a9f400a13fa69287efab44995fb689994b8315b08f,5,DIRECT SOURCE CAPACITY / TERNA API,ACQUIRED
2024,SARD,STEAM_BACKPRESSURE_CHP,UNRESOLVED,true,false,PROGRAMMABLE_THERMAL_CHP,10.64,,,THERMOELECTRIC_CONVERSION_TECHNOLOGY,PRIMARY_ADDITIVE,true,TERNA_API_THERMOELECTRIC_CAPACITY_2024,ded92b92268d18b550e25306e3ae64fd49419980fd9b8d7c0f3ed8fdc47cc3ac,1,DIRECT SOURCE CAPACITY / TERNA DOWNLOAD CENTER CONTROLLING; API CROSS-CHECK,ACQUIRED_FUEL_UNRESOLVED
2024,SARD,STEAM_CONDENSING,UNRESOLVED,false,false,PROGRAMMABLE_THERMAL,1116.925,,,THERMOELECTRIC_CONVERSION_TECHNOLOGY,PRIMARY_ADDITIVE,true,TERNA_API_THERMOELECTRIC_CAPACITY_2024,ded92b92268d18b550e25306e3ae64fd49419980fd9b8d7c0f3ed8fdc47cc3ac,5,DIRECT SOURCE CAPACITY / TERNA DOWNLOAD CENTER CONTROLLING; API CROSS-CHECK,ACQUIRED_FUEL_UNRESOLVED
2024,SARD,STEAM_EXTRACTION_CHP,UNRESOLVED,true,false,PROGRAMMABLE_THERMAL_CHP,217.145,,,THERMOELECTRIC_CONVERSION_TECHNOLOGY,PRIMARY_ADDITIVE,true,TERNA_API_THERMOELECTRIC_CAPACITY_2024,ded92b92268d18b550e25306e3ae64fd49419980fd9b8d7c0f3ed8fdc47cc3ac,2,DIRECT SOURCE CAPACITY / TERNA DOWNLOAD CENTER CONTROLLING; API CROSS-CHECK,ACQUIRED_FUEL_UNRESOLVED
2024,SARD,TURBO_EXPANSION,UNRESOLVED,false,false,PROGRAMMABLE_THERMAL,17.263,,,THERMOELECTRIC_CONVERSION_TECHNOLOGY,PRIMARY_ADDITIVE,true,TERNA_API_THERMOELECTRIC_CAPACITY_2024,ded92b92268d18b550e25306e3ae64fd49419980fd9b8d7c0f3ed8fdc47cc3ac,1,DIRECT SOURCE CAPACITY / TERNA DOWNLOAD CENTER CONTROLLING; API CROSS-CHECK,ACQUIRED_FUEL_UNRESOLVED
2024,SARD,WIND_AGGREGATE_UNSPLIT,WIND,false,false,VARIABLE_RENEWABLE,1193.203,0,COMPLETE_NUMERIC_REPORTED_ROWS,RENEWABLE_SOURCE_CAPACITY,PRIMARY_ADDITIVE,true,TERNA_API_RENEWABLE_SOURCE_CAPACITY_2024,9683984158ddfab3256554a9f400a13fa69287efab44995fb689994b8315b08f,5,DIRECT SOURCE CAPACITY / TERNA API,ACQUIRED_WIND_ONSHORE_OFFSHORE_NOT_SEPARATED
