source_row,type_original,hydro_class,plant_id,plant_name,region_code,region_name,market_zone,installed_capacity_MW,charge_power_MW,physical_inventory_energy_GWh,physical_inventory_energy_MWh,latitude,longitude,head_m_raw,volume_Mm3_raw,pypsa_id,capacity_source,head_source,volume_source,change_hydro_category,capacity_basis,energy_definition,source_id,raw_source_file,raw_source_sha256,lineage_status,energy_method_class,formula_energy_MWh_candidate,reported_to_formula_ratio,jrc_reported_energy_MWh,hydro_model_class_candidate,pure_mixed_classification_basis,classification_confidence,natural_inflow,grid_charging_allowed,candidate_pypsa_role,physical_energy_operational_usable_status,theoretical_physical_status,solver_parameter_status,accounting_role,source_type,energy_source_type,plant_classification_source_type,numerical_authority,Terna_control_available,Terna_control_value_at_same_grain,recommended_MEM_use,parameter_promotion_status,canonical_MEM_value,promotion_condition,phase3_1_review_status,canonical_solver_input
2,HPHS,HPHS,H10,Chiotas entracque,1,Piemonte,NORD,1064,1184,16.86,16860,44.1775758,7.4165053,1022,30.18,831,,wikipedia,MIT,,PHYSICAL INVENTORY INSTALLED CAPACITY; GROSS/NET BASIS NOT SPECIFIED,ELECTRICAL-EQUIVALENT RESERVOIR POTENTIAL ENERGY: REPORTED OR RECONSTRUCTED FROM BASIN VOLUME x WATER DENSITY x GRAVITY x AVERAGE HEAD x 87% TURBINE EFFICIENCY; ACTIVE/USABLE OPERATING RANGE NOT ESTABLISHED,ZENODO_14006948,raw/hydro_physical/Italian_Hydropower_Programmable_Plants_Database_v2_RAW.xlsx,9ba9b40399471e162d041b4a27b2da602c95bd38a5cfb07d2c4769205144f864,RAW_ROW_PRESERVED; OPEN-DATA VALUES NOT PROMOTED TO CANONICAL MEM INPUTS,JRC_REPORTED_OR_INHERITED,73123.31817,0.230569406,16860,PUMPED_HYDRO_PURE_OR_MIXED_UNRESOLVED,NORD AGGREGATE PURE/MIXED TERNA CONTROLS DO NOT UNIQUELY IDENTIFY EACH HPHS PLANT,UNRESOLVED_AT_PLANT_LEVEL,POSSIBLE; REQUIRES PURE/MIXED PLANT IDENTIFICATION,YES,SHARED STORE PLUS FIXED PUMP/TURBINE LINKS; INFLOW DEPENDS ON PURE/MIXED RESOLUTION,NOT_ESTABLISHED,PHYSICS-BASED ELECTRICAL-EQUIVALENT BASIN ENERGY; NOT A CONFIRMED ACTIVE OPERATING RANGE,PHYSICAL_RESERVOIR_EVIDENCE_ONLY; USE TERNA 53 GWH AS NATIONAL OPERATIONAL E_NOM CANDIDATE UNTIL ALLOCATION IS APPROVED,PHYSICAL_RESERVOIR_ENERGY_VIEW; SUBSET_NON_ADDITIVE,OPEN_PHYSICAL_DATABASE,OPEN_PHYSICAL_DATABASE_REPORTED_OR_INHERITED,OPEN_PHYSICAL_DATABASE_WITH_UNRESOLVED_PROJECT_MAPPING,SECONDARY_NON_CANONICAL,YES_AT_AGGREGATE_OR_DIFFERENT_GRAIN_ONLY,,PHYSICAL_ALLOCATION_EVIDENCE; GEOGRAPHY; CLASSIFICATION; PLAUSIBILITY CHECK; SENSITIVITY RESEARCH,PHYSICAL_EVIDENCE_ONLY,false,REQUIRES RECONCILIATION TO A DIRECT TERNA CONTROL AT THE SAME METRIC/GRAIN OR OTHER STRONG PRIMARY OPERATING EVIDENCE,UNCHANGED_SECONDARY_PHYSICAL_EVIDENCE,false
3,HPHS,HPHS,H100,S.massenza - Vezzano molveno UP_S MASS CL_1,4,Trentino Alto Adige,NORD,377,55,44.8,44800,46.067653,10.983605,580.9,32.7,251,,wikipedia,,,PHYSICAL INVENTORY INSTALLED CAPACITY; GROSS/NET BASIS NOT SPECIFIED,ELECTRICAL-EQUIVALENT RESERVOIR POTENTIAL ENERGY: REPORTED OR RECONSTRUCTED FROM BASIN VOLUME x WATER DENSITY x GRAVITY x AVERAGE HEAD x 87% TURBINE EFFICIENCY; ACTIVE/USABLE OPERATING RANGE NOT ESTABLISHED,ZENODO_14006948,raw/hydro_physical/Italian_Hydropower_Programmable_Plants_Database_v2_RAW.xlsx,9ba9b40399471e162d041b4a27b2da602c95bd38a5cfb07d2c4769205144f864,RAW_ROW_PRESERVED; OPEN-DATA VALUES NOT PROMOTED TO CANONICAL MEM INPUTS,JRC_REPORTED_OR_INHERITED,45033.415673,0.994816834,44800,PUMPED_HYDRO_PURE_OR_MIXED_UNRESOLVED,NORD AGGREGATE PURE/MIXED TERNA CONTROLS DO NOT UNIQUELY IDENTIFY EACH HPHS PLANT,UNRESOLVED_AT_PLANT_LEVEL,POSSIBLE; REQUIRES PURE/MIXED PLANT IDENTIFICATION,YES,SHARED STORE PLUS FIXED PUMP/TURBINE LINKS; INFLOW DEPENDS ON PURE/MIXED RESOLUTION,NOT_ESTABLISHED,PHYSICS-BASED ELECTRICAL-EQUIVALENT BASIN ENERGY; NOT A CONFIRMED ACTIVE OPERATING RANGE,PHYSICAL_RESERVOIR_EVIDENCE_ONLY; USE TERNA 53 GWH AS NATIONAL OPERATIONAL E_NOM CANDIDATE UNTIL ALLOCATION IS APPROVED,PHYSICAL_RESERVOIR_ENERGY_VIEW; SUBSET_NON_ADDITIVE,OPEN_PHYSICAL_DATABASE,OPEN_PHYSICAL_DATABASE_REPORTED_OR_INHERITED,OPEN_PHYSICAL_DATABASE_WITH_UNRESOLVED_PROJECT_MAPPING,SECONDARY_NON_CANONICAL,YES_AT_AGGREGATE_OR_DIFFERENT_GRAIN_ONLY,,PHYSICAL_ALLOCATION_EVIDENCE; GEOGRAPHY; CLASSIFICATION; PLAUSIBILITY CHECK; SENSITIVITY RESEARCH,PHYSICAL_EVIDENCE_ONLY,false,REQUIRES RECONCILIATION TO A DIRECT TERNA CONTROL AT THE SAME METRIC/GRAIN OR OTHER STRONG PRIMARY OPERATING EVIDENCE,UNCHANGED_SECONDARY_PHYSICAL_EVIDENCE,false
4,HPHS,HPHS,H1001,Pracomune,4,Trentino Alto Adige,NORD,42,35.6,10.85158656,10851.58656,46.5478079,11.0070771,357.6,12.8,3234,,alperia,MIT,,PHYSICAL INVENTORY INSTALLED CAPACITY; GROSS/NET BASIS NOT SPECIFIED,ELECTRICAL-EQUIVALENT RESERVOIR POTENTIAL ENERGY: REPORTED OR RECONSTRUCTED FROM BASIN VOLUME x WATER DENSITY x GRAVITY x AVERAGE HEAD x 87% TURBINE EFFICIENCY; ACTIVE/USABLE OPERATING RANGE NOT ESTABLISHED,ZENODO_14006948,raw/hydro_physical/Italian_Hydropower_Programmable_Plants_Database_v2_RAW.xlsx,9ba9b40399471e162d041b4a27b2da602c95bd38a5cfb07d2c4769205144f864,RAW_ROW_PRESERVED; OPEN-DATA VALUES NOT PROMOTED TO CANONICAL MEM INPUTS,FORMULA_RECONSTRUCTED_EXACT,10851.58656,1,,PUMPED_HYDRO_PURE_OR_MIXED_UNRESOLVED,NORD AGGREGATE PURE/MIXED TERNA CONTROLS DO NOT UNIQUELY IDENTIFY EACH HPHS PLANT,UNRESOLVED_AT_PLANT_LEVEL,POSSIBLE; REQUIRES PURE/MIXED PLANT IDENTIFICATION,YES,SHARED STORE PLUS FIXED PUMP/TURBINE LINKS; INFLOW DEPENDS ON PURE/MIXED RESOLUTION,NOT_ESTABLISHED,PHYSICS-BASED ELECTRICAL-EQUIVALENT BASIN ENERGY; NOT A CONFIRMED ACTIVE OPERATING RANGE,PHYSICAL_RESERVOIR_EVIDENCE_ONLY; USE TERNA 53 GWH AS NATIONAL OPERATIONAL E_NOM CANDIDATE UNTIL ALLOCATION IS APPROVED,PHYSICAL_RESERVOIR_ENERGY_VIEW; SUBSET_NON_ADDITIVE,OPEN_PHYSICAL_DATABASE,DERIVED_PHYSICAL_RESERVOIR_ENERGY,OPEN_PHYSICAL_DATABASE_WITH_UNRESOLVED_PROJECT_MAPPING,SECONDARY_NON_CANONICAL,YES_AT_AGGREGATE_OR_DIFFERENT_GRAIN_ONLY,,PHYSICAL_ALLOCATION_EVIDENCE; GEOGRAPHY; CLASSIFICATION; PLAUSIBILITY CHECK; SENSITIVITY RESEARCH,PHYSICAL_EVIDENCE_ONLY,false,REQUIRES RECONCILIATION TO A DIRECT TERNA CONTROL AT THE SAME METRIC/GRAIN OR OTHER STRONG PRIMARY OPERATING EVIDENCE,UNCHANGED_SECONDARY_PHYSICAL_EVIDENCE,false
5,HPHS,HPHS,H1045,Campo moro,3,Lombardia,NORD,37,37,21.441063,21441.063,46.2695803,9.8720987,133,68,3232,,Altro - http://www.malenco.com/dighe/,MIT,,PHYSICAL INVENTORY INSTALLED CAPACITY; GROSS/NET BASIS NOT SPECIFIED,ELECTRICAL-EQUIVALENT RESERVOIR POTENTIAL ENERGY: REPORTED OR RECONSTRUCTED FROM BASIN VOLUME x WATER DENSITY x GRAVITY x AVERAGE HEAD x 87% TURBINE EFFICIENCY; ACTIVE/USABLE OPERATING RANGE NOT ESTABLISHED,ZENODO_14006948,raw/hydro_physical/Italian_Hydropower_Programmable_Plants_Database_v2_RAW.xlsx,9ba9b40399471e162d041b4a27b2da602c95bd38a5cfb07d2c4769205144f864,RAW_ROW_PRESERVED; OPEN-DATA VALUES NOT PROMOTED TO CANONICAL MEM INPUTS,FORMULA_RECONSTRUCTED_EXACT,21441.063,1,21441,PUMPED_HYDRO_PURE_OR_MIXED_UNRESOLVED,NORD AGGREGATE PURE/MIXED TERNA CONTROLS DO NOT UNIQUELY IDENTIFY EACH HPHS PLANT,UNRESOLVED_AT_PLANT_LEVEL,POSSIBLE; REQUIRES PURE/MIXED PLANT IDENTIFICATION,YES,SHARED STORE PLUS FIXED PUMP/TURBINE LINKS; INFLOW DEPENDS ON PURE/MIXED RESOLUTION,NOT_ESTABLISHED,PHYSICS-BASED ELECTRICAL-EQUIVALENT BASIN ENERGY; NOT A CONFIRMED ACTIVE OPERATING RANGE,PHYSICAL_RESERVOIR_EVIDENCE_ONLY; USE TERNA 53 GWH AS NATIONAL OPERATIONAL E_NOM CANDIDATE UNTIL ALLOCATION IS APPROVED,PHYSICAL_RESERVOIR_ENERGY_VIEW; SUBSET_NON_ADDITIVE,OPEN_PHYSICAL_DATABASE,DERIVED_PHYSICAL_RESERVOIR_ENERGY,OPEN_PHYSICAL_DATABASE_WITH_UNRESOLVED_PROJECT_MAPPING,SECONDARY_NON_CANONICAL,YES_AT_AGGREGATE_OR_DIFFERENT_GRAIN_ONLY,,PHYSICAL_ALLOCATION_EVIDENCE; GEOGRAPHY; CLASSIFICATION; PLAUSIBILITY CHECK; SENSITIVITY RESEARCH,PHYSICAL_EVIDENCE_ONLY,false,REQUIRES RECONCILIATION TO A DIRECT TERNA CONTROL AT THE SAME METRIC/GRAIN OR OTHER STRONG PRIMARY OPERATING EVIDENCE,UNCHANGED_SECONDARY_PHYSICAL_EVIDENCE,false
6,HPHS,HPHS,H14,Presenzano UP_PRESENZAN_1 - Presenzano (Domenico Cimarosa) Pumped Storage Power Plant Italy,15,Campania,CSUD,1005,1029,15.075,15075,41.380906,14.09146,495,6.23,18,,Enel ,MIT,,PHYSICAL INVENTORY INSTALLED CAPACITY; GROSS/NET BASIS NOT SPECIFIED,ELECTRICAL-EQUIVALENT RESERVOIR POTENTIAL ENERGY: REPORTED OR RECONSTRUCTED FROM BASIN VOLUME x WATER DENSITY x GRAVITY x AVERAGE HEAD x 87% TURBINE EFFICIENCY; ACTIVE/USABLE OPERATING RANGE NOT ESTABLISHED,ZENODO_14006948,raw/hydro_physical/Italian_Hydropower_Programmable_Plants_Database_v2_RAW.xlsx,9ba9b40399471e162d041b4a27b2da602c95bd38a5cfb07d2c4769205144f864,RAW_ROW_PRESERVED; OPEN-DATA VALUES NOT PROMOTED TO CANONICAL MEM INPUTS,JRC_REPORTED_OR_INHERITED,7311.037388,2.061950883,15075,PUMPED_HYDRO_PURE,PRESENZANO INVENTORY POWER CLOSELY RECONCILES TO THE CSUD PURE-PUMPING NET CONTROL; BASIS DIFFERENCE DISCLOSED,PROVISIONAL_CROSS_SOURCE,ZERO_OR_IMMATERIAL_PENDING_PLANT_CONFIRMATION,YES,ELECTRICALLY_CHARGED_STORE_PLUS_FIXED_PUMP_AND_TURBINE_LINKS,NOT_ESTABLISHED,PHYSICS-BASED ELECTRICAL-EQUIVALENT BASIN ENERGY; NOT A CONFIRMED ACTIVE OPERATING RANGE,PHYSICAL_RESERVOIR_EVIDENCE_ONLY; USE TERNA 53 GWH AS NATIONAL OPERATIONAL E_NOM CANDIDATE UNTIL ALLOCATION IS APPROVED,PHYSICAL_RESERVOIR_ENERGY_VIEW; SUBSET_NON_ADDITIVE,OPEN_PHYSICAL_DATABASE,OPEN_PHYSICAL_DATABASE_REPORTED_OR_INHERITED,PROJECT_ALLOCATION_PROVISIONAL_USING_TERNA_PERIMETER_AND_OPEN_PLANT_GEOGRAPHY,SECONDARY_NON_CANONICAL,YES_AT_AGGREGATE_OR_DIFFERENT_GRAIN_ONLY,,PHYSICAL_ALLOCATION_EVIDENCE; GEOGRAPHY; CLASSIFICATION; PLAUSIBILITY CHECK; SENSITIVITY RESEARCH,PHYSICAL_EVIDENCE_ONLY,false,REQUIRES RECONCILIATION TO A DIRECT TERNA CONTROL AT THE SAME METRIC/GRAIN OR OTHER STRONG PRIMARY OPERATING EVIDENCE,UNCHANGED_SECONDARY_PHYSICAL_EVIDENCE,false
7,HPHS,HPHS,H15,Roncovalgrande UP_RONCOVALG_1PS - Roncovalgrande Pumped Storage Power Plant Italy,3,Lombardia,NORD,1016,784,17.7,17700,46.067588,8.731877,736.25,10,19,,Wikipedia,Wikipedia,,PHYSICAL INVENTORY INSTALLED CAPACITY; GROSS/NET BASIS NOT SPECIFIED,ELECTRICAL-EQUIVALENT RESERVOIR POTENTIAL ENERGY: REPORTED OR RECONSTRUCTED FROM BASIN VOLUME x WATER DENSITY x GRAVITY x AVERAGE HEAD x 87% TURBINE EFFICIENCY; ACTIVE/USABLE OPERATING RANGE NOT ESTABLISHED,ZENODO_14006948,raw/hydro_physical/Italian_Hydropower_Programmable_Plants_Database_v2_RAW.xlsx,9ba9b40399471e162d041b4a27b2da602c95bd38a5cfb07d2c4769205144f864,RAW_ROW_PRESERVED; OPEN-DATA VALUES NOT PROMOTED TO CANONICAL MEM INPUTS,JRC_REPORTED_OR_INHERITED,17454.646875,1.014056608,17700,PUMPED_HYDRO_PURE_OR_MIXED_UNRESOLVED,NORD AGGREGATE PURE/MIXED TERNA CONTROLS DO NOT UNIQUELY IDENTIFY EACH HPHS PLANT,UNRESOLVED_AT_PLANT_LEVEL,POSSIBLE; REQUIRES PURE/MIXED PLANT IDENTIFICATION,YES,SHARED STORE PLUS FIXED PUMP/TURBINE LINKS; INFLOW DEPENDS ON PURE/MIXED RESOLUTION,NOT_ESTABLISHED,PHYSICS-BASED ELECTRICAL-EQUIVALENT BASIN ENERGY; NOT A CONFIRMED ACTIVE OPERATING RANGE,PHYSICAL_RESERVOIR_EVIDENCE_ONLY; USE TERNA 53 GWH AS NATIONAL OPERATIONAL E_NOM CANDIDATE UNTIL ALLOCATION IS APPROVED,PHYSICAL_RESERVOIR_ENERGY_VIEW; SUBSET_NON_ADDITIVE,OPEN_PHYSICAL_DATABASE,OPEN_PHYSICAL_DATABASE_REPORTED_OR_INHERITED,OPEN_PHYSICAL_DATABASE_WITH_UNRESOLVED_PROJECT_MAPPING,SECONDARY_NON_CANONICAL,YES_AT_AGGREGATE_OR_DIFFERENT_GRAIN_ONLY,,PHYSICAL_ALLOCATION_EVIDENCE; GEOGRAPHY; CLASSIFICATION; PLAUSIBILITY CHECK; SENSITIVITY RESEARCH,PHYSICAL_EVIDENCE_ONLY,false,REQUIRES RECONCILIATION TO A DIRECT TERNA CONTROL AT THE SAME METRIC/GRAIN OR OTHER STRONG PRIMARY OPERATING EVIDENCE,UNCHANGED_SECONDARY_PHYSICAL_EVIDENCE,false
8,HPHS,HPHS,H159,Bargi UP_BARGI_CEN_1,8,Emilia Romagna,NORD,330,330,2.64,2640,44.117039,11.04338,375,6.28,206,,Progetto dighe,MIT,,PHYSICAL INVENTORY INSTALLED CAPACITY; GROSS/NET BASIS NOT SPECIFIED,ELECTRICAL-EQUIVALENT RESERVOIR POTENTIAL ENERGY: REPORTED OR RECONSTRUCTED FROM BASIN VOLUME x WATER DENSITY x GRAVITY x AVERAGE HEAD x 87% TURBINE EFFICIENCY; ACTIVE/USABLE OPERATING RANGE NOT ESTABLISHED,ZENODO_14006948,raw/hydro_physical/Italian_Hydropower_Programmable_Plants_Database_v2_RAW.xlsx,9ba9b40399471e162d041b4a27b2da602c95bd38a5cfb07d2c4769205144f864,RAW_ROW_PRESERVED; OPEN-DATA VALUES NOT PROMOTED TO CANONICAL MEM INPUTS,JRC_REPORTED_OR_INHERITED,5583.11625,0.472854206,2640,PUMPED_HYDRO_PURE_OR_MIXED_UNRESOLVED,NORD AGGREGATE PURE/MIXED TERNA CONTROLS DO NOT UNIQUELY IDENTIFY EACH HPHS PLANT,UNRESOLVED_AT_PLANT_LEVEL,POSSIBLE; REQUIRES PURE/MIXED PLANT IDENTIFICATION,YES,SHARED STORE PLUS FIXED PUMP/TURBINE LINKS; INFLOW DEPENDS ON PURE/MIXED RESOLUTION,NOT_ESTABLISHED,PHYSICS-BASED ELECTRICAL-EQUIVALENT BASIN ENERGY; NOT A CONFIRMED ACTIVE OPERATING RANGE,PHYSICAL_RESERVOIR_EVIDENCE_ONLY; USE TERNA 53 GWH AS NATIONAL OPERATIONAL E_NOM CANDIDATE UNTIL ALLOCATION IS APPROVED,PHYSICAL_RESERVOIR_ENERGY_VIEW; SUBSET_NON_ADDITIVE,OPEN_PHYSICAL_DATABASE,OPEN_PHYSICAL_DATABASE_REPORTED_OR_INHERITED,OPEN_PHYSICAL_DATABASE_WITH_UNRESOLVED_PROJECT_MAPPING,SECONDARY_NON_CANONICAL,YES_AT_AGGREGATE_OR_DIFFERENT_GRAIN_ONLY,,PHYSICAL_ALLOCATION_EVIDENCE; GEOGRAPHY; CLASSIFICATION; PLAUSIBILITY CHECK; SENSITIVITY RESEARCH,PHYSICAL_EVIDENCE_ONLY,false,REQUIRES RECONCILIATION TO A DIRECT TERNA CONTROL AT THE SAME METRIC/GRAIN OR OTHER STRONG PRIMARY OPERATING EVIDENCE,UNCHANGED_SECONDARY_PHYSICAL_EVIDENCE,false
9,HPHS,HPHS,H17,Edolo UP_EDOLO_1 - Edolo Pumped Storage Hydroelectric Power Plant Italy,3,Lombardia,NORD,978,1120,4.9,4900,46.172153,10.344367,1265,17.04,14,,Altro - http://francorino.altervista.org/1cedolo.htm,Altro - http://francorino.altervista.org/1cedolo.htm,,PHYSICAL INVENTORY INSTALLED CAPACITY; GROSS/NET BASIS NOT SPECIFIED,ELECTRICAL-EQUIVALENT RESERVOIR POTENTIAL ENERGY: REPORTED OR RECONSTRUCTED FROM BASIN VOLUME x WATER DENSITY x GRAVITY x AVERAGE HEAD x 87% TURBINE EFFICIENCY; ACTIVE/USABLE OPERATING RANGE NOT ESTABLISHED,ZENODO_14006948,raw/hydro_physical/Italian_Hydropower_Programmable_Plants_Database_v2_RAW.xlsx,9ba9b40399471e162d041b4a27b2da602c95bd38a5cfb07d2c4769205144f864,RAW_ROW_PRESERVED; OPEN-DATA VALUES NOT PROMOTED TO CANONICAL MEM INPUTS,JRC_REPORTED_OR_INHERITED,51102.9387,0.095884897,4900,PUMPED_HYDRO_PURE_OR_MIXED_UNRESOLVED,NORD AGGREGATE PURE/MIXED TERNA CONTROLS DO NOT UNIQUELY IDENTIFY EACH HPHS PLANT,UNRESOLVED_AT_PLANT_LEVEL,POSSIBLE; REQUIRES PURE/MIXED PLANT IDENTIFICATION,YES,SHARED STORE PLUS FIXED PUMP/TURBINE LINKS; INFLOW DEPENDS ON PURE/MIXED RESOLUTION,NOT_ESTABLISHED,PHYSICS-BASED ELECTRICAL-EQUIVALENT BASIN ENERGY; NOT A CONFIRMED ACTIVE OPERATING RANGE,PHYSICAL_RESERVOIR_EVIDENCE_ONLY; USE TERNA 53 GWH AS NATIONAL OPERATIONAL E_NOM CANDIDATE UNTIL ALLOCATION IS APPROVED,PHYSICAL_RESERVOIR_ENERGY_VIEW; SUBSET_NON_ADDITIVE,OPEN_PHYSICAL_DATABASE,OPEN_PHYSICAL_DATABASE_REPORTED_OR_INHERITED,OPEN_PHYSICAL_DATABASE_WITH_UNRESOLVED_PROJECT_MAPPING,SECONDARY_NON_CANONICAL,YES_AT_AGGREGATE_OR_DIFFERENT_GRAIN_ONLY,,PHYSICAL_ALLOCATION_EVIDENCE; GEOGRAPHY; CLASSIFICATION; PLAUSIBILITY CHECK; SENSITIVITY RESEARCH,PHYSICAL_EVIDENCE_ONLY,false,REQUIRES RECONCILIATION TO A DIRECT TERNA CONTROL AT THE SAME METRIC/GRAIN OR OTHER STRONG PRIMARY OPERATING EVIDENCE,UNCHANGED_SECONDARY_PHYSICAL_EVIDENCE,false
10,HPHS,HPHS,H183,Taloro (Gusana - Cucchinadorza - Benzone) UP_TALORO1_1 - Tumuele Baddu Ozzana,20,Sardegna,SARD,281.6,240,42.240245438,42240.245438,40.127148,9.140644,294.5,60.5,217,Altro - https://www.ingdemurtas.it/energia/taloro/,Altro - https://www.ingdemurtas.it/energia/taloro/,MIT,,PHYSICAL INVENTORY INSTALLED CAPACITY; GROSS/NET BASIS NOT SPECIFIED,ELECTRICAL-EQUIVALENT RESERVOIR POTENTIAL ENERGY: REPORTED OR RECONSTRUCTED FROM BASIN VOLUME x WATER DENSITY x GRAVITY x AVERAGE HEAD x 87% TURBINE EFFICIENCY; ACTIVE/USABLE OPERATING RANGE NOT ESTABLISHED,ZENODO_14006948,raw/hydro_physical/Italian_Hydropower_Programmable_Plants_Database_v2_RAW.xlsx,9ba9b40399471e162d041b4a27b2da602c95bd38a5cfb07d2c4769205144f864,RAW_ROW_PRESERVED; OPEN-DATA VALUES NOT PROMOTED TO CANONICAL MEM INPUTS,FORMULA_RECONSTRUCTED_EXACT,42240.245438,1,42240,PUMPED_HYDRO_MIXED,SARD HAS ONE INVENTORY HPHS PLANT AND TERNA ZONAL CONTROL IS MIXED-PUMPING ONLY,HIGH_CROSS_SOURCE,YES,YES,ONE_SHARED_STORE_WITH_NATURAL_INFLOW_PLUS_FIXED_PUMP_AND_TURBINE_LINKS,NOT_ESTABLISHED,PHYSICS-BASED ELECTRICAL-EQUIVALENT BASIN ENERGY; NOT A CONFIRMED ACTIVE OPERATING RANGE,PHYSICAL_RESERVOIR_EVIDENCE_ONLY; USE TERNA 53 GWH AS NATIONAL OPERATIONAL E_NOM CANDIDATE UNTIL ALLOCATION IS APPROVED,PHYSICAL_RESERVOIR_ENERGY_VIEW; SUBSET_NON_ADDITIVE,OPEN_PHYSICAL_DATABASE,DERIVED_PHYSICAL_RESERVOIR_ENERGY,PROJECT_ALLOCATION_PROVISIONAL_USING_TERNA_PERIMETER_AND_OPEN_PLANT_GEOGRAPHY,SECONDARY_NON_CANONICAL,YES_AT_AGGREGATE_OR_DIFFERENT_GRAIN_ONLY,,PHYSICAL_ALLOCATION_EVIDENCE; GEOGRAPHY; CLASSIFICATION; PLAUSIBILITY CHECK; SENSITIVITY RESEARCH,PHYSICAL_EVIDENCE_ONLY,false,REQUIRES RECONCILIATION TO A DIRECT TERNA CONTROL AT THE SAME METRIC/GRAIN OR OTHER STRONG PRIMARY OPERATING EVIDENCE,UNCHANGED_SECONDARY_PHYSICAL_EVIDENCE,false
11,HPHS,HPHS,H226,Fadalto UP_FADALTO_1,5,Veneto,NORD,240,210,9.10368,9103.68,46.028439,12.300677,96,40,211,,Progetto dighe,MIT,,PHYSICAL INVENTORY INSTALLED CAPACITY; GROSS/NET BASIS NOT SPECIFIED,ELECTRICAL-EQUIVALENT RESERVOIR POTENTIAL ENERGY: REPORTED OR RECONSTRUCTED FROM BASIN VOLUME x WATER DENSITY x GRAVITY x AVERAGE HEAD x 87% TURBINE EFFICIENCY; ACTIVE/USABLE OPERATING RANGE NOT ESTABLISHED,ZENODO_14006948,raw/hydro_physical/Italian_Hydropower_Programmable_Plants_Database_v2_RAW.xlsx,9ba9b40399471e162d041b4a27b2da602c95bd38a5cfb07d2c4769205144f864,RAW_ROW_PRESERVED; OPEN-DATA VALUES NOT PROMOTED TO CANONICAL MEM INPUTS,FORMULA_RECONSTRUCTED_EXACT,9103.68,1,,PUMPED_HYDRO_PURE_OR_MIXED_UNRESOLVED,NORD AGGREGATE PURE/MIXED TERNA CONTROLS DO NOT UNIQUELY IDENTIFY EACH HPHS PLANT,UNRESOLVED_AT_PLANT_LEVEL,POSSIBLE; REQUIRES PURE/MIXED PLANT IDENTIFICATION,YES,SHARED STORE PLUS FIXED PUMP/TURBINE LINKS; INFLOW DEPENDS ON PURE/MIXED RESOLUTION,NOT_ESTABLISHED,PHYSICS-BASED ELECTRICAL-EQUIVALENT BASIN ENERGY; NOT A CONFIRMED ACTIVE OPERATING RANGE,PHYSICAL_RESERVOIR_EVIDENCE_ONLY; USE TERNA 53 GWH AS NATIONAL OPERATIONAL E_NOM CANDIDATE UNTIL ALLOCATION IS APPROVED,PHYSICAL_RESERVOIR_ENERGY_VIEW; SUBSET_NON_ADDITIVE,OPEN_PHYSICAL_DATABASE,DERIVED_PHYSICAL_RESERVOIR_ENERGY,OPEN_PHYSICAL_DATABASE_WITH_UNRESOLVED_PROJECT_MAPPING,SECONDARY_NON_CANONICAL,YES_AT_AGGREGATE_OR_DIFFERENT_GRAIN_ONLY,,PHYSICAL_ALLOCATION_EVIDENCE; GEOGRAPHY; CLASSIFICATION; PLAUSIBILITY CHECK; SENSITIVITY RESEARCH,PHYSICAL_EVIDENCE_ONLY,false,REQUIRES RECONCILIATION TO A DIRECT TERNA CONTROL AT THE SAME METRIC/GRAIN OR OTHER STRONG PRIMARY OPERATING EVIDENCE,UNCHANGED_SECONDARY_PHYSICAL_EVIDENCE,false
12,HPHS,HPHS,H3312, Valsoera - Telessio,1,Piemonte,NORD,34.4,33,10.131400125,10131.400125,45.487814,7.395236,555,7.7,n/a,Wikipedia,Iren - https://www.gruppoiren.it/it/i-nostri-servizi/produzione-energia/impianti-idroelettrici.html,MIT,,PHYSICAL INVENTORY INSTALLED CAPACITY; GROSS/NET BASIS NOT SPECIFIED,ELECTRICAL-EQUIVALENT RESERVOIR POTENTIAL ENERGY: REPORTED OR RECONSTRUCTED FROM BASIN VOLUME x WATER DENSITY x GRAVITY x AVERAGE HEAD x 87% TURBINE EFFICIENCY; ACTIVE/USABLE OPERATING RANGE NOT ESTABLISHED,ZENODO_14006948,raw/hydro_physical/Italian_Hydropower_Programmable_Plants_Database_v2_RAW.xlsx,9ba9b40399471e162d041b4a27b2da602c95bd38a5cfb07d2c4769205144f864,RAW_ROW_PRESERVED; OPEN-DATA VALUES NOT PROMOTED TO CANONICAL MEM INPUTS,FORMULA_RECONSTRUCTED_EXACT,10131.400125,1,,PUMPED_HYDRO_PURE_OR_MIXED_UNRESOLVED,NORD AGGREGATE PURE/MIXED TERNA CONTROLS DO NOT UNIQUELY IDENTIFY EACH HPHS PLANT,UNRESOLVED_AT_PLANT_LEVEL,POSSIBLE; REQUIRES PURE/MIXED PLANT IDENTIFICATION,YES,SHARED STORE PLUS FIXED PUMP/TURBINE LINKS; INFLOW DEPENDS ON PURE/MIXED RESOLUTION,NOT_ESTABLISHED,PHYSICS-BASED ELECTRICAL-EQUIVALENT BASIN ENERGY; NOT A CONFIRMED ACTIVE OPERATING RANGE,PHYSICAL_RESERVOIR_EVIDENCE_ONLY; USE TERNA 53 GWH AS NATIONAL OPERATIONAL E_NOM CANDIDATE UNTIL ALLOCATION IS APPROVED,PHYSICAL_RESERVOIR_ENERGY_VIEW; SUBSET_NON_ADDITIVE,OPEN_PHYSICAL_DATABASE,DERIVED_PHYSICAL_RESERVOIR_ENERGY,OPEN_PHYSICAL_DATABASE_WITH_UNRESOLVED_PROJECT_MAPPING,SECONDARY_NON_CANONICAL,YES_AT_AGGREGATE_OR_DIFFERENT_GRAIN_ONLY,,PHYSICAL_ALLOCATION_EVIDENCE; GEOGRAPHY; CLASSIFICATION; PLAUSIBILITY CHECK; SENSITIVITY RESEARCH,PHYSICAL_EVIDENCE_ONLY,false,REQUIRES RECONCILIATION TO A DIRECT TERNA CONTROL AT THE SAME METRIC/GRAIN OR OTHER STRONG PRIMARY OPERATING EVIDENCE,UNCHANGED_SECONDARY_PHYSICAL_EVIDENCE,false
13,HPHS,HPHS,H333,Pont ventoux,1,Piemonte,NORD,150,75,0.54,540,45.141299,6.962786,520,0.561,208,,Other - https://tunnelbuilder.it/uploads/news/archive/headline_3307_3.htm,Wikipedia,,PHYSICAL INVENTORY INSTALLED CAPACITY; GROSS/NET BASIS NOT SPECIFIED,ELECTRICAL-EQUIVALENT RESERVOIR POTENTIAL ENERGY: REPORTED OR RECONSTRUCTED FROM BASIN VOLUME x WATER DENSITY x GRAVITY x AVERAGE HEAD x 87% TURBINE EFFICIENCY; ACTIVE/USABLE OPERATING RANGE NOT ESTABLISHED,ZENODO_14006948,raw/hydro_physical/Italian_Hydropower_Programmable_Plants_Database_v2_RAW.xlsx,9ba9b40399471e162d041b4a27b2da602c95bd38a5cfb07d2c4769205144f864,RAW_ROW_PRESERVED; OPEN-DATA VALUES NOT PROMOTED TO CANONICAL MEM INPUTS,JRC_REPORTED_OR_INHERITED,691.59519,0.78080358,540,PUMPED_HYDRO_PURE_OR_MIXED_UNRESOLVED,NORD AGGREGATE PURE/MIXED TERNA CONTROLS DO NOT UNIQUELY IDENTIFY EACH HPHS PLANT,UNRESOLVED_AT_PLANT_LEVEL,POSSIBLE; REQUIRES PURE/MIXED PLANT IDENTIFICATION,YES,SHARED STORE PLUS FIXED PUMP/TURBINE LINKS; INFLOW DEPENDS ON PURE/MIXED RESOLUTION,NOT_ESTABLISHED,PHYSICS-BASED ELECTRICAL-EQUIVALENT BASIN ENERGY; NOT A CONFIRMED ACTIVE OPERATING RANGE,PHYSICAL_RESERVOIR_EVIDENCE_ONLY; USE TERNA 53 GWH AS NATIONAL OPERATIONAL E_NOM CANDIDATE UNTIL ALLOCATION IS APPROVED,PHYSICAL_RESERVOIR_ENERGY_VIEW; SUBSET_NON_ADDITIVE,OPEN_PHYSICAL_DATABASE,OPEN_PHYSICAL_DATABASE_REPORTED_OR_INHERITED,OPEN_PHYSICAL_DATABASE_WITH_UNRESOLVED_PROJECT_MAPPING,SECONDARY_NON_CANONICAL,YES_AT_AGGREGATE_OR_DIFFERENT_GRAIN_ONLY,,PHYSICAL_ALLOCATION_EVIDENCE; GEOGRAPHY; CLASSIFICATION; PLAUSIBILITY CHECK; SENSITIVITY RESEARCH,PHYSICAL_EVIDENCE_ONLY,false,REQUIRES RECONCILIATION TO A DIRECT TERNA CONTROL AT THE SAME METRIC/GRAIN OR OTHER STRONG PRIMARY OPERATING EVIDENCE,UNCHANGED_SECONDARY_PHYSICAL_EVIDENCE,false
14,HPHS,HPHS,H3424,Edison ZAPPELLO (UP_ALTOADDA_1),3,Lombardia,NORD,12.9,12.4,8.657979,8657.979,46.159346,9.930337,332,11,n/a,,Progetto dighe,MIT,,PHYSICAL INVENTORY INSTALLED CAPACITY; GROSS/NET BASIS NOT SPECIFIED,ELECTRICAL-EQUIVALENT RESERVOIR POTENTIAL ENERGY: REPORTED OR RECONSTRUCTED FROM BASIN VOLUME x WATER DENSITY x GRAVITY x AVERAGE HEAD x 87% TURBINE EFFICIENCY; ACTIVE/USABLE OPERATING RANGE NOT ESTABLISHED,ZENODO_14006948,raw/hydro_physical/Italian_Hydropower_Programmable_Plants_Database_v2_RAW.xlsx,9ba9b40399471e162d041b4a27b2da602c95bd38a5cfb07d2c4769205144f864,RAW_ROW_PRESERVED; OPEN-DATA VALUES NOT PROMOTED TO CANONICAL MEM INPUTS,FORMULA_RECONSTRUCTED_EXACT,8657.979,1,,PUMPED_HYDRO_PURE_OR_MIXED_UNRESOLVED,NORD AGGREGATE PURE/MIXED TERNA CONTROLS DO NOT UNIQUELY IDENTIFY EACH HPHS PLANT,UNRESOLVED_AT_PLANT_LEVEL,POSSIBLE; REQUIRES PURE/MIXED PLANT IDENTIFICATION,YES,SHARED STORE PLUS FIXED PUMP/TURBINE LINKS; INFLOW DEPENDS ON PURE/MIXED RESOLUTION,NOT_ESTABLISHED,PHYSICS-BASED ELECTRICAL-EQUIVALENT BASIN ENERGY; NOT A CONFIRMED ACTIVE OPERATING RANGE,PHYSICAL_RESERVOIR_EVIDENCE_ONLY; USE TERNA 53 GWH AS NATIONAL OPERATIONAL E_NOM CANDIDATE UNTIL ALLOCATION IS APPROVED,PHYSICAL_RESERVOIR_ENERGY_VIEW; SUBSET_NON_ADDITIVE,OPEN_PHYSICAL_DATABASE,DERIVED_PHYSICAL_RESERVOIR_ENERGY,OPEN_PHYSICAL_DATABASE_WITH_UNRESOLVED_PROJECT_MAPPING,SECONDARY_NON_CANONICAL,YES_AT_AGGREGATE_OR_DIFFERENT_GRAIN_ONLY,,PHYSICAL_ALLOCATION_EVIDENCE; GEOGRAPHY; CLASSIFICATION; PLAUSIBILITY CHECK; SENSITIVITY RESEARCH,PHYSICAL_EVIDENCE_ONLY,false,REQUIRES RECONCILIATION TO A DIRECT TERNA CONTROL AT THE SAME METRIC/GRAIN OR OTHER STRONG PRIMARY OPERATING EVIDENCE,UNCHANGED_SECONDARY_PHYSICAL_EVIDENCE,false
15,HPHS,HPHS,H371,Provvidenza UP_PROVVIDEN_1,13,Abruzzo,CSUD,139,141,147.2,147200,42.511133,13.410606,250,217,214,,wikipedia,MIT,,PHYSICAL INVENTORY INSTALLED CAPACITY; GROSS/NET BASIS NOT SPECIFIED,ELECTRICAL-EQUIVALENT RESERVOIR POTENTIAL ENERGY: REPORTED OR RECONSTRUCTED FROM BASIN VOLUME x WATER DENSITY x GRAVITY x AVERAGE HEAD x 87% TURBINE EFFICIENCY; ACTIVE/USABLE OPERATING RANGE NOT ESTABLISHED,ZENODO_14006948,raw/hydro_physical/Italian_Hydropower_Programmable_Plants_Database_v2_RAW.xlsx,9ba9b40399471e162d041b4a27b2da602c95bd38a5cfb07d2c4769205144f864,RAW_ROW_PRESERVED; OPEN-DATA VALUES NOT PROMOTED TO CANONICAL MEM INPUTS,JRC_REPORTED_OR_INHERITED,128613.1875,1.144517159,147200,PUMPED_HYDRO_MIXED,REMAINING CSUD HPHS INVENTORY FORMS THE MIXED-PUMPING ALLOCATION BAND AFTER PRESENZANO; BASIS DIFFERENCE DISCLOSED,PROVISIONAL_CROSS_SOURCE,YES_OR_POSSIBLE_PENDING_PLANT_CONFIRMATION,YES,ONE_SHARED_STORE_WITH_NATURAL_INFLOW_PLUS_FIXED_PUMP_AND_TURBINE_LINKS,NOT_ESTABLISHED,PHYSICS-BASED ELECTRICAL-EQUIVALENT BASIN ENERGY; NOT A CONFIRMED ACTIVE OPERATING RANGE,PHYSICAL_RESERVOIR_EVIDENCE_ONLY; USE TERNA 53 GWH AS NATIONAL OPERATIONAL E_NOM CANDIDATE UNTIL ALLOCATION IS APPROVED,PHYSICAL_RESERVOIR_ENERGY_VIEW; SUBSET_NON_ADDITIVE,OPEN_PHYSICAL_DATABASE,OPEN_PHYSICAL_DATABASE_REPORTED_OR_INHERITED,PROJECT_ALLOCATION_PROVISIONAL_USING_TERNA_PERIMETER_AND_OPEN_PLANT_GEOGRAPHY,SECONDARY_NON_CANONICAL,YES_AT_AGGREGATE_OR_DIFFERENT_GRAIN_ONLY,,PHYSICAL_ALLOCATION_EVIDENCE; GEOGRAPHY; CLASSIFICATION; PLAUSIBILITY CHECK; SENSITIVITY RESEARCH,PHYSICAL_EVIDENCE_ONLY,false,REQUIRES RECONCILIATION TO A DIRECT TERNA CONTROL AT THE SAME METRIC/GRAIN OR OTHER STRONG PRIMARY OPERATING EVIDENCE,UNCHANGED_SECONDARY_PHYSICAL_EVIDENCE,false
16,HPHS,HPHS,H375,Gargnano UP_GARGNANO_1,3,Lombardia,NORD,140,137,53.133249,53133.249,45.703881,10.686097,431,52,219,,,Altro -  https://www.ilsole24ore.com/art/un-gigante-vista-garda-AEPpCE9E,,PHYSICAL INVENTORY INSTALLED CAPACITY; GROSS/NET BASIS NOT SPECIFIED,ELECTRICAL-EQUIVALENT RESERVOIR POTENTIAL ENERGY: REPORTED OR RECONSTRUCTED FROM BASIN VOLUME x WATER DENSITY x GRAVITY x AVERAGE HEAD x 87% TURBINE EFFICIENCY; ACTIVE/USABLE OPERATING RANGE NOT ESTABLISHED,ZENODO_14006948,raw/hydro_physical/Italian_Hydropower_Programmable_Plants_Database_v2_RAW.xlsx,9ba9b40399471e162d041b4a27b2da602c95bd38a5cfb07d2c4769205144f864,RAW_ROW_PRESERVED; OPEN-DATA VALUES NOT PROMOTED TO CANONICAL MEM INPUTS,FORMULA_RECONSTRUCTED_EXACT,53133.249,1,,PUMPED_HYDRO_PURE_OR_MIXED_UNRESOLVED,NORD AGGREGATE PURE/MIXED TERNA CONTROLS DO NOT UNIQUELY IDENTIFY EACH HPHS PLANT,UNRESOLVED_AT_PLANT_LEVEL,POSSIBLE; REQUIRES PURE/MIXED PLANT IDENTIFICATION,YES,SHARED STORE PLUS FIXED PUMP/TURBINE LINKS; INFLOW DEPENDS ON PURE/MIXED RESOLUTION,NOT_ESTABLISHED,PHYSICS-BASED ELECTRICAL-EQUIVALENT BASIN ENERGY; NOT A CONFIRMED ACTIVE OPERATING RANGE,PHYSICAL_RESERVOIR_EVIDENCE_ONLY; USE TERNA 53 GWH AS NATIONAL OPERATIONAL E_NOM CANDIDATE UNTIL ALLOCATION IS APPROVED,PHYSICAL_RESERVOIR_ENERGY_VIEW; SUBSET_NON_ADDITIVE,OPEN_PHYSICAL_DATABASE,DERIVED_PHYSICAL_RESERVOIR_ENERGY,OPEN_PHYSICAL_DATABASE_WITH_UNRESOLVED_PROJECT_MAPPING,SECONDARY_NON_CANONICAL,YES_AT_AGGREGATE_OR_DIFFERENT_GRAIN_ONLY,,PHYSICAL_ALLOCATION_EVIDENCE; GEOGRAPHY; CLASSIFICATION; PLAUSIBILITY CHECK; SENSITIVITY RESEARCH,PHYSICAL_EVIDENCE_ONLY,false,REQUIRES RECONCILIATION TO A DIRECT TERNA CONTROL AT THE SAME METRIC/GRAIN OR OTHER STRONG PRIMARY OPERATING EVIDENCE,UNCHANGED_SECONDARY_PHYSICAL_EVIDENCE,false
17,HPHS,HPHS,H408,Entracque rovina UP_ETQ_ROVINA_1 - Entracque Chiotas-Piastra Pumped Storage Power Plant Italy,1,Piemonte,NORD,134,134,2,2000,44.22573,7.39012,598,1.2,15,,Progetto dighe,Progetto dighe,,PHYSICAL INVENTORY INSTALLED CAPACITY; GROSS/NET BASIS NOT SPECIFIED,ELECTRICAL-EQUIVALENT RESERVOIR POTENTIAL ENERGY: REPORTED OR RECONSTRUCTED FROM BASIN VOLUME x WATER DENSITY x GRAVITY x AVERAGE HEAD x 87% TURBINE EFFICIENCY; ACTIVE/USABLE OPERATING RANGE NOT ESTABLISHED,ZENODO_14006948,raw/hydro_physical/Italian_Hydropower_Programmable_Plants_Database_v2_RAW.xlsx,9ba9b40399471e162d041b4a27b2da602c95bd38a5cfb07d2c4769205144f864,RAW_ROW_PRESERVED; OPEN-DATA VALUES NOT PROMOTED TO CANONICAL MEM INPUTS,JRC_REPORTED_OR_INHERITED,1701.2502,1.175606034,2000,PUMPED_HYDRO_PURE_OR_MIXED_UNRESOLVED,NORD AGGREGATE PURE/MIXED TERNA CONTROLS DO NOT UNIQUELY IDENTIFY EACH HPHS PLANT,UNRESOLVED_AT_PLANT_LEVEL,POSSIBLE; REQUIRES PURE/MIXED PLANT IDENTIFICATION,YES,SHARED STORE PLUS FIXED PUMP/TURBINE LINKS; INFLOW DEPENDS ON PURE/MIXED RESOLUTION,NOT_ESTABLISHED,PHYSICS-BASED ELECTRICAL-EQUIVALENT BASIN ENERGY; NOT A CONFIRMED ACTIVE OPERATING RANGE,PHYSICAL_RESERVOIR_EVIDENCE_ONLY; USE TERNA 53 GWH AS NATIONAL OPERATIONAL E_NOM CANDIDATE UNTIL ALLOCATION IS APPROVED,PHYSICAL_RESERVOIR_ENERGY_VIEW; SUBSET_NON_ADDITIVE,OPEN_PHYSICAL_DATABASE,OPEN_PHYSICAL_DATABASE_REPORTED_OR_INHERITED,OPEN_PHYSICAL_DATABASE_WITH_UNRESOLVED_PROJECT_MAPPING,SECONDARY_NON_CANONICAL,YES_AT_AGGREGATE_OR_DIFFERENT_GRAIN_ONLY,,PHYSICAL_ALLOCATION_EVIDENCE; GEOGRAPHY; CLASSIFICATION; PLAUSIBILITY CHECK; SENSITIVITY RESEARCH,PHYSICAL_EVIDENCE_ONLY,false,REQUIRES RECONCILIATION TO A DIRECT TERNA CONTROL AT THE SAME METRIC/GRAIN OR OTHER STRONG PRIMARY OPERATING EVIDENCE,UNCHANGED_SECONDARY_PHYSICAL_EVIDENCE,false
18,HPHS,HPHS,H436,Riva garda nuovo,4,Trentino Alto Adige,NORD,117,117,52,52000,45.883103,10.837735,590,37,215,,wikipedia,Calcolato,,PHYSICAL INVENTORY INSTALLED CAPACITY; GROSS/NET BASIS NOT SPECIFIED,ELECTRICAL-EQUIVALENT RESERVOIR POTENTIAL ENERGY: REPORTED OR RECONSTRUCTED FROM BASIN VOLUME x WATER DENSITY x GRAVITY x AVERAGE HEAD x 87% TURBINE EFFICIENCY; ACTIVE/USABLE OPERATING RANGE NOT ESTABLISHED,ZENODO_14006948,raw/hydro_physical/Italian_Hydropower_Programmable_Plants_Database_v2_RAW.xlsx,9ba9b40399471e162d041b4a27b2da602c95bd38a5cfb07d2c4769205144f864,RAW_ROW_PRESERVED; OPEN-DATA VALUES NOT PROMOTED TO CANONICAL MEM INPUTS,FORMULA_RECONSTRUCTED_ROUNDED,51753.4725,1.004763497,,PUMPED_HYDRO_PURE_OR_MIXED_UNRESOLVED,NORD AGGREGATE PURE/MIXED TERNA CONTROLS DO NOT UNIQUELY IDENTIFY EACH HPHS PLANT,UNRESOLVED_AT_PLANT_LEVEL,POSSIBLE; REQUIRES PURE/MIXED PLANT IDENTIFICATION,YES,SHARED STORE PLUS FIXED PUMP/TURBINE LINKS; INFLOW DEPENDS ON PURE/MIXED RESOLUTION,NOT_ESTABLISHED,PHYSICS-BASED ELECTRICAL-EQUIVALENT BASIN ENERGY; NOT A CONFIRMED ACTIVE OPERATING RANGE,PHYSICAL_RESERVOIR_EVIDENCE_ONLY; USE TERNA 53 GWH AS NATIONAL OPERATIONAL E_NOM CANDIDATE UNTIL ALLOCATION IS APPROVED,PHYSICAL_RESERVOIR_ENERGY_VIEW; SUBSET_NON_ADDITIVE,OPEN_PHYSICAL_DATABASE,DERIVED_PHYSICAL_RESERVOIR_ENERGY,OPEN_PHYSICAL_DATABASE_WITH_UNRESOLVED_PROJECT_MAPPING,SECONDARY_NON_CANONICAL,YES_AT_AGGREGATE_OR_DIFFERENT_GRAIN_ONLY,,PHYSICAL_ALLOCATION_EVIDENCE; GEOGRAPHY; CLASSIFICATION; PLAUSIBILITY CHECK; SENSITIVITY RESEARCH,PHYSICAL_EVIDENCE_ONLY,false,REQUIRES RECONCILIATION TO A DIRECT TERNA CONTROL AT THE SAME METRIC/GRAIN OR OTHER STRONG PRIMARY OPERATING EVIDENCE,UNCHANGED_SECONDARY_PHYSICAL_EVIDENCE,false
19,HPHS,HPHS,H455,Capriati UP_CAPRIATI_1,15,Campania,CSUD,120,113,13.256522775,13256.522775,41.476824,14.128279,654,8.55,207,,Google earth,MIT,,PHYSICAL INVENTORY INSTALLED CAPACITY; GROSS/NET BASIS NOT SPECIFIED,ELECTRICAL-EQUIVALENT RESERVOIR POTENTIAL ENERGY: REPORTED OR RECONSTRUCTED FROM BASIN VOLUME x WATER DENSITY x GRAVITY x AVERAGE HEAD x 87% TURBINE EFFICIENCY; ACTIVE/USABLE OPERATING RANGE NOT ESTABLISHED,ZENODO_14006948,raw/hydro_physical/Italian_Hydropower_Programmable_Plants_Database_v2_RAW.xlsx,9ba9b40399471e162d041b4a27b2da602c95bd38a5cfb07d2c4769205144f864,RAW_ROW_PRESERVED; OPEN-DATA VALUES NOT PROMOTED TO CANONICAL MEM INPUTS,FORMULA_RECONSTRUCTED_EXACT,13256.522775,1,,PUMPED_HYDRO_MIXED,REMAINING CSUD HPHS INVENTORY FORMS THE MIXED-PUMPING ALLOCATION BAND AFTER PRESENZANO; BASIS DIFFERENCE DISCLOSED,PROVISIONAL_CROSS_SOURCE,YES_OR_POSSIBLE_PENDING_PLANT_CONFIRMATION,YES,ONE_SHARED_STORE_WITH_NATURAL_INFLOW_PLUS_FIXED_PUMP_AND_TURBINE_LINKS,NOT_ESTABLISHED,PHYSICS-BASED ELECTRICAL-EQUIVALENT BASIN ENERGY; NOT A CONFIRMED ACTIVE OPERATING RANGE,PHYSICAL_RESERVOIR_EVIDENCE_ONLY; USE TERNA 53 GWH AS NATIONAL OPERATIONAL E_NOM CANDIDATE UNTIL ALLOCATION IS APPROVED,PHYSICAL_RESERVOIR_ENERGY_VIEW; SUBSET_NON_ADDITIVE,OPEN_PHYSICAL_DATABASE,DERIVED_PHYSICAL_RESERVOIR_ENERGY,PROJECT_ALLOCATION_PROVISIONAL_USING_TERNA_PERIMETER_AND_OPEN_PLANT_GEOGRAPHY,SECONDARY_NON_CANONICAL,YES_AT_AGGREGATE_OR_DIFFERENT_GRAIN_ONLY,,PHYSICAL_ALLOCATION_EVIDENCE; GEOGRAPHY; CLASSIFICATION; PLAUSIBILITY CHECK; SENSITIVITY RESEARCH,PHYSICAL_EVIDENCE_ONLY,false,REQUIRES RECONCILIATION TO A DIRECT TERNA CONTROL AT THE SAME METRIC/GRAIN OR OTHER STRONG PRIMARY OPERATING EVIDENCE,UNCHANGED_SECONDARY_PHYSICAL_EVIDENCE,false
20,HPHS,HPHS,H49,S.fiorano,3,Lombardia,NORD,568,210,130.4,130400,46.049856,10.351457,1403,38.8,16,,wikipedia,MIT,,PHYSICAL INVENTORY INSTALLED CAPACITY; GROSS/NET BASIS NOT SPECIFIED,ELECTRICAL-EQUIVALENT RESERVOIR POTENTIAL ENERGY: REPORTED OR RECONSTRUCTED FROM BASIN VOLUME x WATER DENSITY x GRAVITY x AVERAGE HEAD x 87% TURBINE EFFICIENCY; ACTIVE/USABLE OPERATING RANGE NOT ESTABLISHED,ZENODO_14006948,raw/hydro_physical/Italian_Hydropower_Programmable_Plants_Database_v2_RAW.xlsx,9ba9b40399471e162d041b4a27b2da602c95bd38a5cfb07d2c4769205144f864,RAW_ROW_PRESERVED; OPEN-DATA VALUES NOT PROMOTED TO CANONICAL MEM INPUTS,JRC_REPORTED_OR_INHERITED,129055.0953,1.010421167,130400,PUMPED_HYDRO_PURE_OR_MIXED_UNRESOLVED,NORD AGGREGATE PURE/MIXED TERNA CONTROLS DO NOT UNIQUELY IDENTIFY EACH HPHS PLANT,UNRESOLVED_AT_PLANT_LEVEL,POSSIBLE; REQUIRES PURE/MIXED PLANT IDENTIFICATION,YES,SHARED STORE PLUS FIXED PUMP/TURBINE LINKS; INFLOW DEPENDS ON PURE/MIXED RESOLUTION,NOT_ESTABLISHED,PHYSICS-BASED ELECTRICAL-EQUIVALENT BASIN ENERGY; NOT A CONFIRMED ACTIVE OPERATING RANGE,PHYSICAL_RESERVOIR_EVIDENCE_ONLY; USE TERNA 53 GWH AS NATIONAL OPERATIONAL E_NOM CANDIDATE UNTIL ALLOCATION IS APPROVED,PHYSICAL_RESERVOIR_ENERGY_VIEW; SUBSET_NON_ADDITIVE,OPEN_PHYSICAL_DATABASE,OPEN_PHYSICAL_DATABASE_REPORTED_OR_INHERITED,OPEN_PHYSICAL_DATABASE_WITH_UNRESOLVED_PROJECT_MAPPING,SECONDARY_NON_CANONICAL,YES_AT_AGGREGATE_OR_DIFFERENT_GRAIN_ONLY,,PHYSICAL_ALLOCATION_EVIDENCE; GEOGRAPHY; CLASSIFICATION; PLAUSIBILITY CHECK; SENSITIVITY RESEARCH,PHYSICAL_EVIDENCE_ONLY,false,REQUIRES RECONCILIATION TO A DIRECT TERNA CONTROL AT THE SAME METRIC/GRAIN OR OTHER STRONG PRIMARY OPERATING EVIDENCE,UNCHANGED_SECONDARY_PHYSICAL_EVIDENCE,false
21,HPHS,HPHS,H55,Anapo c.le UP_ANAPO_C.L_1 - Anapo Pumped Storage Power Plant Italy,19,Sicilia,SICI,500,500,4,4000,37.115761,15.137157,300,5.6,13,,Google earth,MIT,,PHYSICAL INVENTORY INSTALLED CAPACITY; GROSS/NET BASIS NOT SPECIFIED,ELECTRICAL-EQUIVALENT RESERVOIR POTENTIAL ENERGY: REPORTED OR RECONSTRUCTED FROM BASIN VOLUME x WATER DENSITY x GRAVITY x AVERAGE HEAD x 87% TURBINE EFFICIENCY; ACTIVE/USABLE OPERATING RANGE NOT ESTABLISHED,ZENODO_14006948,raw/hydro_physical/Italian_Hydropower_Programmable_Plants_Database_v2_RAW.xlsx,9ba9b40399471e162d041b4a27b2da602c95bd38a5cfb07d2c4769205144f864,RAW_ROW_PRESERVED; OPEN-DATA VALUES NOT PROMOTED TO CANONICAL MEM INPUTS,JRC_REPORTED_OR_INHERITED,3982.86,1.00430344,4000,PUMPED_HYDRO_PURE,SICI INVENTORY HPHS PLANTS RECONCILE TO A TERNA ZONAL PURE-PUMPING CONTROL WITH ZERO MIXED-PUMPING CONTROL,HIGH_CROSS_SOURCE,ZERO_OR_IMMATERIAL_PENDING_PLANT_CONFIRMATION,YES,ELECTRICALLY_CHARGED_STORE_PLUS_FIXED_PUMP_AND_TURBINE_LINKS,NOT_ESTABLISHED,PHYSICS-BASED ELECTRICAL-EQUIVALENT BASIN ENERGY; NOT A CONFIRMED ACTIVE OPERATING RANGE,PHYSICAL_RESERVOIR_EVIDENCE_ONLY; USE TERNA 53 GWH AS NATIONAL OPERATIONAL E_NOM CANDIDATE UNTIL ALLOCATION IS APPROVED,PHYSICAL_RESERVOIR_ENERGY_VIEW; SUBSET_NON_ADDITIVE,OPEN_PHYSICAL_DATABASE,OPEN_PHYSICAL_DATABASE_REPORTED_OR_INHERITED,PROJECT_ALLOCATION_PROVISIONAL_USING_TERNA_PERIMETER_AND_OPEN_PLANT_GEOGRAPHY,SECONDARY_NON_CANONICAL,YES_AT_AGGREGATE_OR_DIFFERENT_GRAIN_ONLY,,PHYSICAL_ALLOCATION_EVIDENCE; GEOGRAPHY; CLASSIFICATION; PLAUSIBILITY CHECK; SENSITIVITY RESEARCH,PHYSICAL_EVIDENCE_ONLY,false,REQUIRES RECONCILIATION TO A DIRECT TERNA CONTROL AT THE SAME METRIC/GRAIN OR OTHER STRONG PRIMARY OPERATING EVIDENCE,UNCHANGED_SECONDARY_PHYSICAL_EVIDENCE,false
22,HPHS,HPHS,H61,UP_SGIACOMO_3,13,Abruzzo,CSUD,559,248,2.6,2600,42.553001,13.556,656.6,1.69,n/a,,wikipedia,MIT,,PHYSICAL INVENTORY INSTALLED CAPACITY; GROSS/NET BASIS NOT SPECIFIED,ELECTRICAL-EQUIVALENT RESERVOIR POTENTIAL ENERGY: REPORTED OR RECONSTRUCTED FROM BASIN VOLUME x WATER DENSITY x GRAVITY x AVERAGE HEAD x 87% TURBINE EFFICIENCY; ACTIVE/USABLE OPERATING RANGE NOT ESTABLISHED,ZENODO_14006948,raw/hydro_physical/Italian_Hydropower_Programmable_Plants_Database_v2_RAW.xlsx,9ba9b40399471e162d041b4a27b2da602c95bd38a5cfb07d2c4769205144f864,RAW_ROW_PRESERVED; OPEN-DATA VALUES NOT PROMOTED TO CANONICAL MEM INPUTS,JRC_REPORTED_OR_INHERITED,2630.712221,0.988325511,2600,PUMPED_HYDRO_MIXED,REMAINING CSUD HPHS INVENTORY FORMS THE MIXED-PUMPING ALLOCATION BAND AFTER PRESENZANO; BASIS DIFFERENCE DISCLOSED,PROVISIONAL_CROSS_SOURCE,YES_OR_POSSIBLE_PENDING_PLANT_CONFIRMATION,YES,ONE_SHARED_STORE_WITH_NATURAL_INFLOW_PLUS_FIXED_PUMP_AND_TURBINE_LINKS,NOT_ESTABLISHED,PHYSICS-BASED ELECTRICAL-EQUIVALENT BASIN ENERGY; NOT A CONFIRMED ACTIVE OPERATING RANGE,PHYSICAL_RESERVOIR_EVIDENCE_ONLY; USE TERNA 53 GWH AS NATIONAL OPERATIONAL E_NOM CANDIDATE UNTIL ALLOCATION IS APPROVED,PHYSICAL_RESERVOIR_ENERGY_VIEW; SUBSET_NON_ADDITIVE,OPEN_PHYSICAL_DATABASE,OPEN_PHYSICAL_DATABASE_REPORTED_OR_INHERITED,PROJECT_ALLOCATION_PROVISIONAL_USING_TERNA_PERIMETER_AND_OPEN_PLANT_GEOGRAPHY,SECONDARY_NON_CANONICAL,YES_AT_AGGREGATE_OR_DIFFERENT_GRAIN_ONLY,,PHYSICAL_ALLOCATION_EVIDENCE; GEOGRAPHY; CLASSIFICATION; PLAUSIBILITY CHECK; SENSITIVITY RESEARCH,PHYSICAL_EVIDENCE_ONLY,false,REQUIRES RECONCILIATION TO A DIRECT TERNA CONTROL AT THE SAME METRIC/GRAIN OR OTHER STRONG PRIMARY OPERATING EVIDENCE,UNCHANGED_SECONDARY_PHYSICAL_EVIDENCE,false
23,HPHS,HPHS,H618,Gaudalami - Piana degli Albanesi,19,Sicilia,SICI,80,60,9.620266425,9620.266425,37.9937488,13.2882915,170.5,23.8,3233,,Other - https://www.regione.sicilia.it/sites/default/files/2021-10/Allegato_05-e.pdf,MIT,,PHYSICAL INVENTORY INSTALLED CAPACITY; GROSS/NET BASIS NOT SPECIFIED,ELECTRICAL-EQUIVALENT RESERVOIR POTENTIAL ENERGY: REPORTED OR RECONSTRUCTED FROM BASIN VOLUME x WATER DENSITY x GRAVITY x AVERAGE HEAD x 87% TURBINE EFFICIENCY; ACTIVE/USABLE OPERATING RANGE NOT ESTABLISHED,ZENODO_14006948,raw/hydro_physical/Italian_Hydropower_Programmable_Plants_Database_v2_RAW.xlsx,9ba9b40399471e162d041b4a27b2da602c95bd38a5cfb07d2c4769205144f864,RAW_ROW_PRESERVED; OPEN-DATA VALUES NOT PROMOTED TO CANONICAL MEM INPUTS,FORMULA_RECONSTRUCTED_EXACT,9620.266425,1,9620,PUMPED_HYDRO_PURE,SICI INVENTORY HPHS PLANTS RECONCILE TO A TERNA ZONAL PURE-PUMPING CONTROL WITH ZERO MIXED-PUMPING CONTROL,HIGH_CROSS_SOURCE,ZERO_OR_IMMATERIAL_PENDING_PLANT_CONFIRMATION,YES,ELECTRICALLY_CHARGED_STORE_PLUS_FIXED_PUMP_AND_TURBINE_LINKS,NOT_ESTABLISHED,PHYSICS-BASED ELECTRICAL-EQUIVALENT BASIN ENERGY; NOT A CONFIRMED ACTIVE OPERATING RANGE,PHYSICAL_RESERVOIR_EVIDENCE_ONLY; USE TERNA 53 GWH AS NATIONAL OPERATIONAL E_NOM CANDIDATE UNTIL ALLOCATION IS APPROVED,PHYSICAL_RESERVOIR_ENERGY_VIEW; SUBSET_NON_ADDITIVE,OPEN_PHYSICAL_DATABASE,DERIVED_PHYSICAL_RESERVOIR_ENERGY,PROJECT_ALLOCATION_PROVISIONAL_USING_TERNA_PERIMETER_AND_OPEN_PLANT_GEOGRAPHY,SECONDARY_NON_CANONICAL,YES_AT_AGGREGATE_OR_DIFFERENT_GRAIN_ONLY,,PHYSICAL_ALLOCATION_EVIDENCE; GEOGRAPHY; CLASSIFICATION; PLAUSIBILITY CHECK; SENSITIVITY RESEARCH,PHYSICAL_EVIDENCE_ONLY,false,REQUIRES RECONCILIATION TO A DIRECT TERNA CONTROL AT THE SAME METRIC/GRAIN OR OTHER STRONG PRIMARY OPERATING EVIDENCE,UNCHANGED_SECONDARY_PHYSICAL_EVIDENCE,false
24,HPHS,HPHS,HNEW27,Centrale dietro la Torre - Lago della Rossa,1,Piemonte,NORD,4.3,4.3,7.111064625,7111.064625,45.2609262848742,7.16413195997028,350,8.57,n/a,,Enel - http://www.crestsnc.it/natura/media/ENEL_dietrolatorre.pdf,MIT,,PHYSICAL INVENTORY INSTALLED CAPACITY; GROSS/NET BASIS NOT SPECIFIED,ELECTRICAL-EQUIVALENT RESERVOIR POTENTIAL ENERGY: REPORTED OR RECONSTRUCTED FROM BASIN VOLUME x WATER DENSITY x GRAVITY x AVERAGE HEAD x 87% TURBINE EFFICIENCY; ACTIVE/USABLE OPERATING RANGE NOT ESTABLISHED,ZENODO_14006948,raw/hydro_physical/Italian_Hydropower_Programmable_Plants_Database_v2_RAW.xlsx,9ba9b40399471e162d041b4a27b2da602c95bd38a5cfb07d2c4769205144f864,RAW_ROW_PRESERVED; OPEN-DATA VALUES NOT PROMOTED TO CANONICAL MEM INPUTS,FORMULA_RECONSTRUCTED_EXACT,7111.064625,1,,PUMPED_HYDRO_PURE_OR_MIXED_UNRESOLVED,NORD AGGREGATE PURE/MIXED TERNA CONTROLS DO NOT UNIQUELY IDENTIFY EACH HPHS PLANT,UNRESOLVED_AT_PLANT_LEVEL,POSSIBLE; REQUIRES PURE/MIXED PLANT IDENTIFICATION,YES,SHARED STORE PLUS FIXED PUMP/TURBINE LINKS; INFLOW DEPENDS ON PURE/MIXED RESOLUTION,NOT_ESTABLISHED,PHYSICS-BASED ELECTRICAL-EQUIVALENT BASIN ENERGY; NOT A CONFIRMED ACTIVE OPERATING RANGE,PHYSICAL_RESERVOIR_EVIDENCE_ONLY; USE TERNA 53 GWH AS NATIONAL OPERATIONAL E_NOM CANDIDATE UNTIL ALLOCATION IS APPROVED,PHYSICAL_RESERVOIR_ENERGY_VIEW; SUBSET_NON_ADDITIVE,OPEN_PHYSICAL_DATABASE,DERIVED_PHYSICAL_RESERVOIR_ENERGY,OPEN_PHYSICAL_DATABASE_WITH_UNRESOLVED_PROJECT_MAPPING,SECONDARY_NON_CANONICAL,YES_AT_AGGREGATE_OR_DIFFERENT_GRAIN_ONLY,,PHYSICAL_ALLOCATION_EVIDENCE; GEOGRAPHY; CLASSIFICATION; PLAUSIBILITY CHECK; SENSITIVITY RESEARCH,PHYSICAL_EVIDENCE_ONLY,false,REQUIRES RECONCILIATION TO A DIRECT TERNA CONTROL AT THE SAME METRIC/GRAIN OR OTHER STRONG PRIMARY OPERATING EVIDENCE,UNCHANGED_SECONDARY_PHYSICAL_EVIDENCE,false
25,HDAM,HDAM,H1077,Arsie',5,Veneto,NORD,34,0,2.323216463,2323.216463,45.983007,11.758295,141,6.95,3264,,Progetto dighe,MIT,Progetto dighe,PHYSICAL INVENTORY INSTALLED CAPACITY; GROSS/NET BASIS NOT SPECIFIED,ELECTRICAL-EQUIVALENT RESERVOIR POTENTIAL ENERGY: REPORTED OR RECONSTRUCTED FROM BASIN VOLUME x WATER DENSITY x GRAVITY x AVERAGE HEAD x 87% TURBINE EFFICIENCY; ACTIVE/USABLE OPERATING RANGE NOT ESTABLISHED,ZENODO_14006948,raw/hydro_physical/Italian_Hydropower_Programmable_Plants_Database_v2_RAW.xlsx,9ba9b40399471e162d041b4a27b2da602c95bd38a5cfb07d2c4769205144f864,RAW_ROW_PRESERVED; OPEN-DATA VALUES NOT PROMOTED TO CANONICAL MEM INPUTS,FORMULA_RECONSTRUCTED_EXACT,2323.216463,1,,HYDRO_RESERVOIR_OR_BASIN_PROGRAMMABLE,OPEN DATABASE HWR/HDAM CLASS; TERNA BASIN-VS-RESERVOIR THRESHOLD NOT AVAILABLE AT PLANT LEVEL,MEDIUM_FOR_PROGRAMMABLE_RESERVOIR; UNRESOLVED_BASIN_VS_RESERVOIR,YES,NO,NATURALLY_CHARGED_STORE_PLUS_FIXED_TURBINE_LINK; FINAL E_NOM NOT YET APPROVED,NOT_ESTABLISHED,PHYSICS-BASED ELECTRICAL-EQUIVALENT BASIN ENERGY; NOT A CONFIRMED ACTIVE OPERATING RANGE,PHYSICAL_RESERVOIR_EVIDENCE_ONLY; ACTIVE VOLUME/LEVEL AND INFLOW CALIBRATION REQUIRED BEFORE E_NOM,PHYSICAL_RESERVOIR_ENERGY_VIEW; SUBSET_NON_ADDITIVE,OPEN_PHYSICAL_DATABASE,DERIVED_PHYSICAL_RESERVOIR_ENERGY,OPEN_PHYSICAL_DATABASE,SECONDARY_NON_CANONICAL,YES_AT_AGGREGATE_OR_DIFFERENT_GRAIN_ONLY,,PHYSICAL_ALLOCATION_EVIDENCE; GEOGRAPHY; CLASSIFICATION; PLAUSIBILITY CHECK; SENSITIVITY RESEARCH,PHYSICAL_EVIDENCE_ONLY,false,REQUIRES RECONCILIATION TO A DIRECT TERNA CONTROL AT THE SAME METRIC/GRAIN OR OTHER STRONG PRIMARY OPERATING EVIDENCE,UNCHANGED_SECONDARY_PHYSICAL_EVIDENCE,false
26,HDAM,HDAM,H1107,Teglia I Salto,9,Toscana,CNOR,24,0,0.044599734,44.599734,44.375151,9.878882,150.5,0.125,3816,Progetto dighe,Progetto dighe,MIT,Progetto dighe - Edison https://www.edison.it/it/la-centrale-idroelettrica-teglia-ms,PHYSICAL INVENTORY INSTALLED CAPACITY; GROSS/NET BASIS NOT SPECIFIED,ELECTRICAL-EQUIVALENT RESERVOIR POTENTIAL ENERGY: REPORTED OR RECONSTRUCTED FROM BASIN VOLUME x WATER DENSITY x GRAVITY x AVERAGE HEAD x 87% TURBINE EFFICIENCY; ACTIVE/USABLE OPERATING RANGE NOT ESTABLISHED,ZENODO_14006948,raw/hydro_physical/Italian_Hydropower_Programmable_Plants_Database_v2_RAW.xlsx,9ba9b40399471e162d041b4a27b2da602c95bd38a5cfb07d2c4769205144f864,RAW_ROW_PRESERVED; OPEN-DATA VALUES NOT PROMOTED TO CANONICAL MEM INPUTS,FORMULA_RECONSTRUCTED_EXACT,44.599734,0.999999992,44,HYDRO_RESERVOIR_OR_BASIN_PROGRAMMABLE,OPEN DATABASE HWR/HDAM CLASS; TERNA BASIN-VS-RESERVOIR THRESHOLD NOT AVAILABLE AT PLANT LEVEL,MEDIUM_FOR_PROGRAMMABLE_RESERVOIR; UNRESOLVED_BASIN_VS_RESERVOIR,YES,NO,NATURALLY_CHARGED_STORE_PLUS_FIXED_TURBINE_LINK; FINAL E_NOM NOT YET APPROVED,NOT_ESTABLISHED,PHYSICS-BASED ELECTRICAL-EQUIVALENT BASIN ENERGY; NOT A CONFIRMED ACTIVE OPERATING RANGE,PHYSICAL_RESERVOIR_EVIDENCE_ONLY; ACTIVE VOLUME/LEVEL AND INFLOW CALIBRATION REQUIRED BEFORE E_NOM,PHYSICAL_RESERVOIR_ENERGY_VIEW; SUBSET_NON_ADDITIVE,OPEN_PHYSICAL_DATABASE,DERIVED_PHYSICAL_RESERVOIR_ENERGY,OPEN_PHYSICAL_DATABASE,SECONDARY_NON_CANONICAL,YES_AT_AGGREGATE_OR_DIFFERENT_GRAIN_ONLY,,PHYSICAL_ALLOCATION_EVIDENCE; GEOGRAPHY; CLASSIFICATION; PLAUSIBILITY CHECK; SENSITIVITY RESEARCH,PHYSICAL_EVIDENCE_ONLY,false,REQUIRES RECONCILIATION TO A DIRECT TERNA CONTROL AT THE SAME METRIC/GRAIN OR OTHER STRONG PRIMARY OPERATING EVIDENCE,UNCHANGED_SECONDARY_PHYSICAL_EVIDENCE,false
27,HDAM,HDAM,H1176,Casteldelf,1,Piemonte,NORD,28,0,8.203411395,8203.411395,44.58963,7.069818,303,11.42,3342,,wikipedia,MIT,,PHYSICAL INVENTORY INSTALLED CAPACITY; GROSS/NET BASIS NOT SPECIFIED,ELECTRICAL-EQUIVALENT RESERVOIR POTENTIAL ENERGY: REPORTED OR RECONSTRUCTED FROM BASIN VOLUME x WATER DENSITY x GRAVITY x AVERAGE HEAD x 87% TURBINE EFFICIENCY; ACTIVE/USABLE OPERATING RANGE NOT ESTABLISHED,ZENODO_14006948,raw/hydro_physical/Italian_Hydropower_Programmable_Plants_Database_v2_RAW.xlsx,9ba9b40399471e162d041b4a27b2da602c95bd38a5cfb07d2c4769205144f864,RAW_ROW_PRESERVED; OPEN-DATA VALUES NOT PROMOTED TO CANONICAL MEM INPUTS,FORMULA_RECONSTRUCTED_EXACT,8203.411395,1,,HYDRO_RESERVOIR_OR_BASIN_PROGRAMMABLE,OPEN DATABASE HWR/HDAM CLASS; TERNA BASIN-VS-RESERVOIR THRESHOLD NOT AVAILABLE AT PLANT LEVEL,MEDIUM_FOR_PROGRAMMABLE_RESERVOIR; UNRESOLVED_BASIN_VS_RESERVOIR,YES,NO,NATURALLY_CHARGED_STORE_PLUS_FIXED_TURBINE_LINK; FINAL E_NOM NOT YET APPROVED,NOT_ESTABLISHED,PHYSICS-BASED ELECTRICAL-EQUIVALENT BASIN ENERGY; NOT A CONFIRMED ACTIVE OPERATING RANGE,PHYSICAL_RESERVOIR_EVIDENCE_ONLY; ACTIVE VOLUME/LEVEL AND INFLOW CALIBRATION REQUIRED BEFORE E_NOM,PHYSICAL_RESERVOIR_ENERGY_VIEW; SUBSET_NON_ADDITIVE,OPEN_PHYSICAL_DATABASE,DERIVED_PHYSICAL_RESERVOIR_ENERGY,OPEN_PHYSICAL_DATABASE,SECONDARY_NON_CANONICAL,YES_AT_AGGREGATE_OR_DIFFERENT_GRAIN_ONLY,,PHYSICAL_ALLOCATION_EVIDENCE; GEOGRAPHY; CLASSIFICATION; PLAUSIBILITY CHECK; SENSITIVITY RESEARCH,PHYSICAL_EVIDENCE_ONLY,false,REQUIRES RECONCILIATION TO A DIRECT TERNA CONTROL AT THE SAME METRIC/GRAIN OR OTHER STRONG PRIMARY OPERATING EVIDENCE,UNCHANGED_SECONDARY_PHYSICAL_EVIDENCE,false
28,HDAM,HDAM,H1177,Vobarno,3,Lombardia,NORD,28,0,6.22321875,6223.21875,45.640087,10.503473,125,21,3882,,Google Earth,MIT,,PHYSICAL INVENTORY INSTALLED CAPACITY; GROSS/NET BASIS NOT SPECIFIED,ELECTRICAL-EQUIVALENT RESERVOIR POTENTIAL ENERGY: REPORTED OR RECONSTRUCTED FROM BASIN VOLUME x WATER DENSITY x GRAVITY x AVERAGE HEAD x 87% TURBINE EFFICIENCY; ACTIVE/USABLE OPERATING RANGE NOT ESTABLISHED,ZENODO_14006948,raw/hydro_physical/Italian_Hydropower_Programmable_Plants_Database_v2_RAW.xlsx,9ba9b40399471e162d041b4a27b2da602c95bd38a5cfb07d2c4769205144f864,RAW_ROW_PRESERVED; OPEN-DATA VALUES NOT PROMOTED TO CANONICAL MEM INPUTS,FORMULA_RECONSTRUCTED_EXACT,6223.21875,1,,HYDRO_RESERVOIR_OR_BASIN_PROGRAMMABLE,OPEN DATABASE HWR/HDAM CLASS; TERNA BASIN-VS-RESERVOIR THRESHOLD NOT AVAILABLE AT PLANT LEVEL,MEDIUM_FOR_PROGRAMMABLE_RESERVOIR; UNRESOLVED_BASIN_VS_RESERVOIR,YES,NO,NATURALLY_CHARGED_STORE_PLUS_FIXED_TURBINE_LINK; FINAL E_NOM NOT YET APPROVED,NOT_ESTABLISHED,PHYSICS-BASED ELECTRICAL-EQUIVALENT BASIN ENERGY; NOT A CONFIRMED ACTIVE OPERATING RANGE,PHYSICAL_RESERVOIR_EVIDENCE_ONLY; ACTIVE VOLUME/LEVEL AND INFLOW CALIBRATION REQUIRED BEFORE E_NOM,PHYSICAL_RESERVOIR_ENERGY_VIEW; SUBSET_NON_ADDITIVE,OPEN_PHYSICAL_DATABASE,DERIVED_PHYSICAL_RESERVOIR_ENERGY,OPEN_PHYSICAL_DATABASE,SECONDARY_NON_CANONICAL,YES_AT_AGGREGATE_OR_DIFFERENT_GRAIN_ONLY,,PHYSICAL_ALLOCATION_EVIDENCE; GEOGRAPHY; CLASSIFICATION; PLAUSIBILITY CHECK; SENSITIVITY RESEARCH,PHYSICAL_EVIDENCE_ONLY,false,REQUIRES RECONCILIATION TO A DIRECT TERNA CONTROL AT THE SAME METRIC/GRAIN OR OTHER STRONG PRIMARY OPERATING EVIDENCE,UNCHANGED_SECONDARY_PHYSICAL_EVIDENCE,false
29,HDAM,HDAM,H1202,Suviana,8,Emilia Romagna,NORD,27,0,10.083866588,10083.866588,44.170457,11.088812,97,43.85,3803,,Altro - https://www.10righe.org/images/com_segnalarivista/26-017.pdf,MIT,,PHYSICAL INVENTORY INSTALLED CAPACITY; GROSS/NET BASIS NOT SPECIFIED,ELECTRICAL-EQUIVALENT RESERVOIR POTENTIAL ENERGY: REPORTED OR RECONSTRUCTED FROM BASIN VOLUME x WATER DENSITY x GRAVITY x AVERAGE HEAD x 87% TURBINE EFFICIENCY; ACTIVE/USABLE OPERATING RANGE NOT ESTABLISHED,ZENODO_14006948,raw/hydro_physical/Italian_Hydropower_Programmable_Plants_Database_v2_RAW.xlsx,9ba9b40399471e162d041b4a27b2da602c95bd38a5cfb07d2c4769205144f864,RAW_ROW_PRESERVED; OPEN-DATA VALUES NOT PROMOTED TO CANONICAL MEM INPUTS,FORMULA_RECONSTRUCTED_EXACT,10083.866588,1,,HYDRO_RESERVOIR_OR_BASIN_PROGRAMMABLE,OPEN DATABASE HWR/HDAM CLASS; TERNA BASIN-VS-RESERVOIR THRESHOLD NOT AVAILABLE AT PLANT LEVEL,MEDIUM_FOR_PROGRAMMABLE_RESERVOIR; UNRESOLVED_BASIN_VS_RESERVOIR,YES,NO,NATURALLY_CHARGED_STORE_PLUS_FIXED_TURBINE_LINK; FINAL E_NOM NOT YET APPROVED,NOT_ESTABLISHED,PHYSICS-BASED ELECTRICAL-EQUIVALENT BASIN ENERGY; NOT A CONFIRMED ACTIVE OPERATING RANGE,PHYSICAL_RESERVOIR_EVIDENCE_ONLY; ACTIVE VOLUME/LEVEL AND INFLOW CALIBRATION REQUIRED BEFORE E_NOM,PHYSICAL_RESERVOIR_ENERGY_VIEW; SUBSET_NON_ADDITIVE,OPEN_PHYSICAL_DATABASE,DERIVED_PHYSICAL_RESERVOIR_ENERGY,OPEN_PHYSICAL_DATABASE,SECONDARY_NON_CANONICAL,YES_AT_AGGREGATE_OR_DIFFERENT_GRAIN_ONLY,,PHYSICAL_ALLOCATION_EVIDENCE; GEOGRAPHY; CLASSIFICATION; PLAUSIBILITY CHECK; SENSITIVITY RESEARCH,PHYSICAL_EVIDENCE_ONLY,false,REQUIRES RECONCILIATION TO A DIRECT TERNA CONTROL AT THE SAME METRIC/GRAIN OR OTHER STRONG PRIMARY OPERATING EVIDENCE,UNCHANGED_SECONDARY_PHYSICAL_EVIDENCE,false
30,HDAM,HDAM,H1259,Lappago,4,Trentino Alto Adige,NORD,29.84,0,20.260097595,20260.097595,46.890931,11.860181,591,14.46,3529,Alperia,Alperia,MIT,,PHYSICAL INVENTORY INSTALLED CAPACITY; GROSS/NET BASIS NOT SPECIFIED,ELECTRICAL-EQUIVALENT RESERVOIR POTENTIAL ENERGY: REPORTED OR RECONSTRUCTED FROM BASIN VOLUME x WATER DENSITY x GRAVITY x AVERAGE HEAD x 87% TURBINE EFFICIENCY; ACTIVE/USABLE OPERATING RANGE NOT ESTABLISHED,ZENODO_14006948,raw/hydro_physical/Italian_Hydropower_Programmable_Plants_Database_v2_RAW.xlsx,9ba9b40399471e162d041b4a27b2da602c95bd38a5cfb07d2c4769205144f864,RAW_ROW_PRESERVED; OPEN-DATA VALUES NOT PROMOTED TO CANONICAL MEM INPUTS,FORMULA_RECONSTRUCTED_EXACT,20260.097595,1,20260,HYDRO_RESERVOIR_OR_BASIN_PROGRAMMABLE,OPEN DATABASE HWR/HDAM CLASS; TERNA BASIN-VS-RESERVOIR THRESHOLD NOT AVAILABLE AT PLANT LEVEL,MEDIUM_FOR_PROGRAMMABLE_RESERVOIR; UNRESOLVED_BASIN_VS_RESERVOIR,YES,NO,NATURALLY_CHARGED_STORE_PLUS_FIXED_TURBINE_LINK; FINAL E_NOM NOT YET APPROVED,NOT_ESTABLISHED,PHYSICS-BASED ELECTRICAL-EQUIVALENT BASIN ENERGY; NOT A CONFIRMED ACTIVE OPERATING RANGE,PHYSICAL_RESERVOIR_EVIDENCE_ONLY; ACTIVE VOLUME/LEVEL AND INFLOW CALIBRATION REQUIRED BEFORE E_NOM,PHYSICAL_RESERVOIR_ENERGY_VIEW; SUBSET_NON_ADDITIVE,OPEN_PHYSICAL_DATABASE,DERIVED_PHYSICAL_RESERVOIR_ENERGY,OPEN_PHYSICAL_DATABASE,SECONDARY_NON_CANONICAL,YES_AT_AGGREGATE_OR_DIFFERENT_GRAIN_ONLY,,PHYSICAL_ALLOCATION_EVIDENCE; GEOGRAPHY; CLASSIFICATION; PLAUSIBILITY CHECK; SENSITIVITY RESEARCH,PHYSICAL_EVIDENCE_ONLY,false,REQUIRES RECONCILIATION TO A DIRECT TERNA CONTROL AT THE SAME METRIC/GRAIN OR OTHER STRONG PRIMARY OPERATING EVIDENCE,UNCHANGED_SECONDARY_PHYSICAL_EVIDENCE,false
31,HDAM,HDAM,H1289,Cavilla,5,Veneto,NORD,24,0,12.30969264,12309.69264,45.919705,11.730896,106.4,48.8,3348,,Altro - https://www.ivanteam.com/centrale-idroelettrica-cavilla-cismon-del-grappa/,MIT,,PHYSICAL INVENTORY INSTALLED CAPACITY; GROSS/NET BASIS NOT SPECIFIED,ELECTRICAL-EQUIVALENT RESERVOIR POTENTIAL ENERGY: REPORTED OR RECONSTRUCTED FROM BASIN VOLUME x WATER DENSITY x GRAVITY x AVERAGE HEAD x 87% TURBINE EFFICIENCY; ACTIVE/USABLE OPERATING RANGE NOT ESTABLISHED,ZENODO_14006948,raw/hydro_physical/Italian_Hydropower_Programmable_Plants_Database_v2_RAW.xlsx,9ba9b40399471e162d041b4a27b2da602c95bd38a5cfb07d2c4769205144f864,RAW_ROW_PRESERVED; OPEN-DATA VALUES NOT PROMOTED TO CANONICAL MEM INPUTS,FORMULA_RECONSTRUCTED_EXACT,12309.69264,1,,HYDRO_RESERVOIR_OR_BASIN_PROGRAMMABLE,OPEN DATABASE HWR/HDAM CLASS; TERNA BASIN-VS-RESERVOIR THRESHOLD NOT AVAILABLE AT PLANT LEVEL,MEDIUM_FOR_PROGRAMMABLE_RESERVOIR; UNRESOLVED_BASIN_VS_RESERVOIR,YES,NO,NATURALLY_CHARGED_STORE_PLUS_FIXED_TURBINE_LINK; FINAL E_NOM NOT YET APPROVED,NOT_ESTABLISHED,PHYSICS-BASED ELECTRICAL-EQUIVALENT BASIN ENERGY; NOT A CONFIRMED ACTIVE OPERATING RANGE,PHYSICAL_RESERVOIR_EVIDENCE_ONLY; ACTIVE VOLUME/LEVEL AND INFLOW CALIBRATION REQUIRED BEFORE E_NOM,PHYSICAL_RESERVOIR_ENERGY_VIEW; SUBSET_NON_ADDITIVE,OPEN_PHYSICAL_DATABASE,DERIVED_PHYSICAL_RESERVOIR_ENERGY,OPEN_PHYSICAL_DATABASE,SECONDARY_NON_CANONICAL,YES_AT_AGGREGATE_OR_DIFFERENT_GRAIN_ONLY,,PHYSICAL_ALLOCATION_EVIDENCE; GEOGRAPHY; CLASSIFICATION; PLAUSIBILITY CHECK; SENSITIVITY RESEARCH,PHYSICAL_EVIDENCE_ONLY,false,REQUIRES RECONCILIATION TO A DIRECT TERNA CONTROL AT THE SAME METRIC/GRAIN OR OTHER STRONG PRIMARY OPERATING EVIDENCE,UNCHANGED_SECONDARY_PHYSICAL_EVIDENCE,false
32,HDAM,HDAM,H130,Edison VENINA (UP_ALTOADDA_1),3,Lombardia,NORD,146,0,0.187502618,187.502618,46.160365,9.936609,719,0.11,271,,Progetto dighe,MIT,,PHYSICAL INVENTORY INSTALLED CAPACITY; GROSS/NET BASIS NOT SPECIFIED,ELECTRICAL-EQUIVALENT RESERVOIR POTENTIAL ENERGY: REPORTED OR RECONSTRUCTED FROM BASIN VOLUME x WATER DENSITY x GRAVITY x AVERAGE HEAD x 87% TURBINE EFFICIENCY; ACTIVE/USABLE OPERATING RANGE NOT ESTABLISHED,ZENODO_14006948,raw/hydro_physical/Italian_Hydropower_Programmable_Plants_Database_v2_RAW.xlsx,9ba9b40399471e162d041b4a27b2da602c95bd38a5cfb07d2c4769205144f864,RAW_ROW_PRESERVED; OPEN-DATA VALUES NOT PROMOTED TO CANONICAL MEM INPUTS,FORMULA_RECONSTRUCTED_EXACT,187.502618,1.000000003,187,HYDRO_RESERVOIR_OR_BASIN_PROGRAMMABLE,OPEN DATABASE HWR/HDAM CLASS; TERNA BASIN-VS-RESERVOIR THRESHOLD NOT AVAILABLE AT PLANT LEVEL,MEDIUM_FOR_PROGRAMMABLE_RESERVOIR; UNRESOLVED_BASIN_VS_RESERVOIR,YES,NO,NATURALLY_CHARGED_STORE_PLUS_FIXED_TURBINE_LINK; FINAL E_NOM NOT YET APPROVED,NOT_ESTABLISHED,PHYSICS-BASED ELECTRICAL-EQUIVALENT BASIN ENERGY; NOT A CONFIRMED ACTIVE OPERATING RANGE,PHYSICAL_RESERVOIR_EVIDENCE_ONLY; ACTIVE VOLUME/LEVEL AND INFLOW CALIBRATION REQUIRED BEFORE E_NOM,PHYSICAL_RESERVOIR_ENERGY_VIEW; SUBSET_NON_ADDITIVE,OPEN_PHYSICAL_DATABASE,DERIVED_PHYSICAL_RESERVOIR_ENERGY,OPEN_PHYSICAL_DATABASE,SECONDARY_NON_CANONICAL,YES_AT_AGGREGATE_OR_DIFFERENT_GRAIN_ONLY,,PHYSICAL_ALLOCATION_EVIDENCE; GEOGRAPHY; CLASSIFICATION; PLAUSIBILITY CHECK; SENSITIVITY RESEARCH,PHYSICAL_EVIDENCE_ONLY,false,REQUIRES RECONCILIATION TO A DIRECT TERNA CONTROL AT THE SAME METRIC/GRAIN OR OTHER STRONG PRIMARY OPERATING EVIDENCE,UNCHANGED_SECONDARY_PHYSICAL_EVIDENCE,false
33,HDAM,HDAM,H1313,Bardonecchia,1,Piemonte,NORD,23,0,5.06155125,5061.55125,45.078338,6.70320099999999,610,3.5,3282,,Google Earth,MIT,,PHYSICAL INVENTORY INSTALLED CAPACITY; GROSS/NET BASIS NOT SPECIFIED,ELECTRICAL-EQUIVALENT RESERVOIR POTENTIAL ENERGY: REPORTED OR RECONSTRUCTED FROM BASIN VOLUME x WATER DENSITY x GRAVITY x AVERAGE HEAD x 87% TURBINE EFFICIENCY; ACTIVE/USABLE OPERATING RANGE NOT ESTABLISHED,ZENODO_14006948,raw/hydro_physical/Italian_Hydropower_Programmable_Plants_Database_v2_RAW.xlsx,9ba9b40399471e162d041b4a27b2da602c95bd38a5cfb07d2c4769205144f864,RAW_ROW_PRESERVED; OPEN-DATA VALUES NOT PROMOTED TO CANONICAL MEM INPUTS,FORMULA_RECONSTRUCTED_EXACT,5061.55125,1,,HYDRO_RESERVOIR_OR_BASIN_PROGRAMMABLE,OPEN DATABASE HWR/HDAM CLASS; TERNA BASIN-VS-RESERVOIR THRESHOLD NOT AVAILABLE AT PLANT LEVEL,MEDIUM_FOR_PROGRAMMABLE_RESERVOIR; UNRESOLVED_BASIN_VS_RESERVOIR,YES,NO,NATURALLY_CHARGED_STORE_PLUS_FIXED_TURBINE_LINK; FINAL E_NOM NOT YET APPROVED,NOT_ESTABLISHED,PHYSICS-BASED ELECTRICAL-EQUIVALENT BASIN ENERGY; NOT A CONFIRMED ACTIVE OPERATING RANGE,PHYSICAL_RESERVOIR_EVIDENCE_ONLY; ACTIVE VOLUME/LEVEL AND INFLOW CALIBRATION REQUIRED BEFORE E_NOM,PHYSICAL_RESERVOIR_ENERGY_VIEW; SUBSET_NON_ADDITIVE,OPEN_PHYSICAL_DATABASE,DERIVED_PHYSICAL_RESERVOIR_ENERGY,OPEN_PHYSICAL_DATABASE,SECONDARY_NON_CANONICAL,YES_AT_AGGREGATE_OR_DIFFERENT_GRAIN_ONLY,,PHYSICAL_ALLOCATION_EVIDENCE; GEOGRAPHY; CLASSIFICATION; PLAUSIBILITY CHECK; SENSITIVITY RESEARCH,PHYSICAL_EVIDENCE_ONLY,false,REQUIRES RECONCILIATION TO A DIRECT TERNA CONTROL AT THE SAME METRIC/GRAIN OR OTHER STRONG PRIMARY OPERATING EVIDENCE,UNCHANGED_SECONDARY_PHYSICAL_EVIDENCE,false
34,HDAM,HDAM,H1318,Zuino,2,Valle d'Aosta,NORD,23,0,0.080247517,80.247517,45.712165,7.882814,376.1,0.09,3891,,Wikipedia,Wikipedia,,PHYSICAL INVENTORY INSTALLED CAPACITY; GROSS/NET BASIS NOT SPECIFIED,ELECTRICAL-EQUIVALENT RESERVOIR POTENTIAL ENERGY: REPORTED OR RECONSTRUCTED FROM BASIN VOLUME x WATER DENSITY x GRAVITY x AVERAGE HEAD x 87% TURBINE EFFICIENCY; ACTIVE/USABLE OPERATING RANGE NOT ESTABLISHED,ZENODO_14006948,raw/hydro_physical/Italian_Hydropower_Programmable_Plants_Database_v2_RAW.xlsx,9ba9b40399471e162d041b4a27b2da602c95bd38a5cfb07d2c4769205144f864,RAW_ROW_PRESERVED; OPEN-DATA VALUES NOT PROMOTED TO CANONICAL MEM INPUTS,FORMULA_RECONSTRUCTED_EXACT,80.247517,1.000000003,,HYDRO_RESERVOIR_OR_BASIN_PROGRAMMABLE,OPEN DATABASE HWR/HDAM CLASS; TERNA BASIN-VS-RESERVOIR THRESHOLD NOT AVAILABLE AT PLANT LEVEL,MEDIUM_FOR_PROGRAMMABLE_RESERVOIR; UNRESOLVED_BASIN_VS_RESERVOIR,YES,NO,NATURALLY_CHARGED_STORE_PLUS_FIXED_TURBINE_LINK; FINAL E_NOM NOT YET APPROVED,NOT_ESTABLISHED,PHYSICS-BASED ELECTRICAL-EQUIVALENT BASIN ENERGY; NOT A CONFIRMED ACTIVE OPERATING RANGE,PHYSICAL_RESERVOIR_EVIDENCE_ONLY; ACTIVE VOLUME/LEVEL AND INFLOW CALIBRATION REQUIRED BEFORE E_NOM,PHYSICAL_RESERVOIR_ENERGY_VIEW; SUBSET_NON_ADDITIVE,OPEN_PHYSICAL_DATABASE,DERIVED_PHYSICAL_RESERVOIR_ENERGY,OPEN_PHYSICAL_DATABASE,SECONDARY_NON_CANONICAL,YES_AT_AGGREGATE_OR_DIFFERENT_GRAIN_ONLY,,PHYSICAL_ALLOCATION_EVIDENCE; GEOGRAPHY; CLASSIFICATION; PLAUSIBILITY CHECK; SENSITIVITY RESEARCH,PHYSICAL_EVIDENCE_ONLY,false,REQUIRES RECONCILIATION TO A DIRECT TERNA CONTROL AT THE SAME METRIC/GRAIN OR OTHER STRONG PRIMARY OPERATING EVIDENCE,UNCHANGED_SECONDARY_PHYSICAL_EVIDENCE,false
35,HDAM,HDAM,H1340,Muzzone Coghinas ,20,Sardegna,SARD,22,0,26.54054625,26540.54625,40.719766,9.101024,50,223.9,3365,,Other - https://www.regione.sardegna.it/documenti/20_959_20210218122908.pdf,Other - https://www.regione.sardegna.it/documenti/20_959_20210218122908.pdf,,PHYSICAL INVENTORY INSTALLED CAPACITY; GROSS/NET BASIS NOT SPECIFIED,ELECTRICAL-EQUIVALENT RESERVOIR POTENTIAL ENERGY: REPORTED OR RECONSTRUCTED FROM BASIN VOLUME x WATER DENSITY x GRAVITY x AVERAGE HEAD x 87% TURBINE EFFICIENCY; ACTIVE/USABLE OPERATING RANGE NOT ESTABLISHED,ZENODO_14006948,raw/hydro_physical/Italian_Hydropower_Programmable_Plants_Database_v2_RAW.xlsx,9ba9b40399471e162d041b4a27b2da602c95bd38a5cfb07d2c4769205144f864,RAW_ROW_PRESERVED; OPEN-DATA VALUES NOT PROMOTED TO CANONICAL MEM INPUTS,FORMULA_RECONSTRUCTED_EXACT,26540.54625,1,,HYDRO_RESERVOIR_OR_BASIN_PROGRAMMABLE,OPEN DATABASE HWR/HDAM CLASS; TERNA BASIN-VS-RESERVOIR THRESHOLD NOT AVAILABLE AT PLANT LEVEL,MEDIUM_FOR_PROGRAMMABLE_RESERVOIR; UNRESOLVED_BASIN_VS_RESERVOIR,YES,NO,NATURALLY_CHARGED_STORE_PLUS_FIXED_TURBINE_LINK; FINAL E_NOM NOT YET APPROVED,NOT_ESTABLISHED,PHYSICS-BASED ELECTRICAL-EQUIVALENT BASIN ENERGY; NOT A CONFIRMED ACTIVE OPERATING RANGE,PHYSICAL_RESERVOIR_EVIDENCE_ONLY; ACTIVE VOLUME/LEVEL AND INFLOW CALIBRATION REQUIRED BEFORE E_NOM,PHYSICAL_RESERVOIR_ENERGY_VIEW; SUBSET_NON_ADDITIVE,OPEN_PHYSICAL_DATABASE,DERIVED_PHYSICAL_RESERVOIR_ENERGY,OPEN_PHYSICAL_DATABASE,SECONDARY_NON_CANONICAL,YES_AT_AGGREGATE_OR_DIFFERENT_GRAIN_ONLY,,PHYSICAL_ALLOCATION_EVIDENCE; GEOGRAPHY; CLASSIFICATION; PLAUSIBILITY CHECK; SENSITIVITY RESEARCH,PHYSICAL_EVIDENCE_ONLY,false,REQUIRES RECONCILIATION TO A DIRECT TERNA CONTROL AT THE SAME METRIC/GRAIN OR OTHER STRONG PRIMARY OPERATING EVIDENCE,UNCHANGED_SECONDARY_PHYSICAL_EVIDENCE,false
36,HDAM,HDAM,H1391,Chievolis,6,Friuli Venezia Giulia,NORD,20,0,13.058091,13058.091,46.3111111,12.7891667,153,36,3358,,Google Earth,Altro - https://moodle2.units.it/pluginfile.php/250778/mod_resource/content/1/Lezioni_IDRO_TS_Pinamonti_2019_R.pdf, ,PHYSICAL INVENTORY INSTALLED CAPACITY; GROSS/NET BASIS NOT SPECIFIED,ELECTRICAL-EQUIVALENT RESERVOIR POTENTIAL ENERGY: REPORTED OR RECONSTRUCTED FROM BASIN VOLUME x WATER DENSITY x GRAVITY x AVERAGE HEAD x 87% TURBINE EFFICIENCY; ACTIVE/USABLE OPERATING RANGE NOT ESTABLISHED,ZENODO_14006948,raw/hydro_physical/Italian_Hydropower_Programmable_Plants_Database_v2_RAW.xlsx,9ba9b40399471e162d041b4a27b2da602c95bd38a5cfb07d2c4769205144f864,RAW_ROW_PRESERVED; OPEN-DATA VALUES NOT PROMOTED TO CANONICAL MEM INPUTS,FORMULA_RECONSTRUCTED_EXACT,13058.091,1,,HYDRO_RESERVOIR_OR_BASIN_PROGRAMMABLE,OPEN DATABASE HWR/HDAM CLASS; TERNA BASIN-VS-RESERVOIR THRESHOLD NOT AVAILABLE AT PLANT LEVEL,MEDIUM_FOR_PROGRAMMABLE_RESERVOIR; UNRESOLVED_BASIN_VS_RESERVOIR,YES,NO,NATURALLY_CHARGED_STORE_PLUS_FIXED_TURBINE_LINK; FINAL E_NOM NOT YET APPROVED,NOT_ESTABLISHED,PHYSICS-BASED ELECTRICAL-EQUIVALENT BASIN ENERGY; NOT A CONFIRMED ACTIVE OPERATING RANGE,PHYSICAL_RESERVOIR_EVIDENCE_ONLY; ACTIVE VOLUME/LEVEL AND INFLOW CALIBRATION REQUIRED BEFORE E_NOM,PHYSICAL_RESERVOIR_ENERGY_VIEW; SUBSET_NON_ADDITIVE,OPEN_PHYSICAL_DATABASE,DERIVED_PHYSICAL_RESERVOIR_ENERGY,OPEN_PHYSICAL_DATABASE,SECONDARY_NON_CANONICAL,YES_AT_AGGREGATE_OR_DIFFERENT_GRAIN_ONLY,,PHYSICAL_ALLOCATION_EVIDENCE; GEOGRAPHY; CLASSIFICATION; PLAUSIBILITY CHECK; SENSITIVITY RESEARCH,PHYSICAL_EVIDENCE_ONLY,false,REQUIRES RECONCILIATION TO A DIRECT TERNA CONTROL AT THE SAME METRIC/GRAIN OR OTHER STRONG PRIMARY OPERATING EVIDENCE,UNCHANGED_SECONDARY_PHYSICAL_EVIDENCE,false
37,HDAM,HDAM,H1394,Malga ciapela,5,Veneto,NORD,20,0,22.606760775,22606.760775,46.43392,11.976792,571,16.7,3562,,"Altro - https://www.bimtrento.it/ita/Il-Territorio/Centrali/La-centrale-di-Malga-Ciapela#:~:text=L'impianto%20ha%20un%20riferimento,%C3%A8%20di%202.164%2C35%20kW.",MIT,,PHYSICAL INVENTORY INSTALLED CAPACITY; GROSS/NET BASIS NOT SPECIFIED,ELECTRICAL-EQUIVALENT RESERVOIR POTENTIAL ENERGY: REPORTED OR RECONSTRUCTED FROM BASIN VOLUME x WATER DENSITY x GRAVITY x AVERAGE HEAD x 87% TURBINE EFFICIENCY; ACTIVE/USABLE OPERATING RANGE NOT ESTABLISHED,ZENODO_14006948,raw/hydro_physical/Italian_Hydropower_Programmable_Plants_Database_v2_RAW.xlsx,9ba9b40399471e162d041b4a27b2da602c95bd38a5cfb07d2c4769205144f864,RAW_ROW_PRESERVED; OPEN-DATA VALUES NOT PROMOTED TO CANONICAL MEM INPUTS,FORMULA_RECONSTRUCTED_EXACT,22606.760775,1,,HYDRO_RESERVOIR_OR_BASIN_PROGRAMMABLE,OPEN DATABASE HWR/HDAM CLASS; TERNA BASIN-VS-RESERVOIR THRESHOLD NOT AVAILABLE AT PLANT LEVEL,MEDIUM_FOR_PROGRAMMABLE_RESERVOIR; UNRESOLVED_BASIN_VS_RESERVOIR,YES,NO,NATURALLY_CHARGED_STORE_PLUS_FIXED_TURBINE_LINK; FINAL E_NOM NOT YET APPROVED,NOT_ESTABLISHED,PHYSICS-BASED ELECTRICAL-EQUIVALENT BASIN ENERGY; NOT A CONFIRMED ACTIVE OPERATING RANGE,PHYSICAL_RESERVOIR_EVIDENCE_ONLY; ACTIVE VOLUME/LEVEL AND INFLOW CALIBRATION REQUIRED BEFORE E_NOM,PHYSICAL_RESERVOIR_ENERGY_VIEW; SUBSET_NON_ADDITIVE,OPEN_PHYSICAL_DATABASE,DERIVED_PHYSICAL_RESERVOIR_ENERGY,OPEN_PHYSICAL_DATABASE,SECONDARY_NON_CANONICAL,YES_AT_AGGREGATE_OR_DIFFERENT_GRAIN_ONLY,,PHYSICAL_ALLOCATION_EVIDENCE; GEOGRAPHY; CLASSIFICATION; PLAUSIBILITY CHECK; SENSITIVITY RESEARCH,PHYSICAL_EVIDENCE_ONLY,false,REQUIRES RECONCILIATION TO A DIRECT TERNA CONTROL AT THE SAME METRIC/GRAIN OR OTHER STRONG PRIMARY OPERATING EVIDENCE,UNCHANGED_SECONDARY_PHYSICAL_EVIDENCE,false
38,HDAM,HDAM,H1425,Moline,5,Veneto,NORD,19,0,2.867540663,2867.540663,46.058609,11.786595,142.3,8.5,3594,,Altro - https://www.primieroenergia.com/attivita/centrale-di-moline-p890,MIT,,PHYSICAL INVENTORY INSTALLED CAPACITY; GROSS/NET BASIS NOT SPECIFIED,ELECTRICAL-EQUIVALENT RESERVOIR POTENTIAL ENERGY: REPORTED OR RECONSTRUCTED FROM BASIN VOLUME x WATER DENSITY x GRAVITY x AVERAGE HEAD x 87% TURBINE EFFICIENCY; ACTIVE/USABLE OPERATING RANGE NOT ESTABLISHED,ZENODO_14006948,raw/hydro_physical/Italian_Hydropower_Programmable_Plants_Database_v2_RAW.xlsx,9ba9b40399471e162d041b4a27b2da602c95bd38a5cfb07d2c4769205144f864,RAW_ROW_PRESERVED; OPEN-DATA VALUES NOT PROMOTED TO CANONICAL MEM INPUTS,FORMULA_RECONSTRUCTED_EXACT,2867.540663,1,,HYDRO_RESERVOIR_OR_BASIN_PROGRAMMABLE,OPEN DATABASE HWR/HDAM CLASS; TERNA BASIN-VS-RESERVOIR THRESHOLD NOT AVAILABLE AT PLANT LEVEL,MEDIUM_FOR_PROGRAMMABLE_RESERVOIR; UNRESOLVED_BASIN_VS_RESERVOIR,YES,NO,NATURALLY_CHARGED_STORE_PLUS_FIXED_TURBINE_LINK; FINAL E_NOM NOT YET APPROVED,NOT_ESTABLISHED,PHYSICS-BASED ELECTRICAL-EQUIVALENT BASIN ENERGY; NOT A CONFIRMED ACTIVE OPERATING RANGE,PHYSICAL_RESERVOIR_EVIDENCE_ONLY; ACTIVE VOLUME/LEVEL AND INFLOW CALIBRATION REQUIRED BEFORE E_NOM,PHYSICAL_RESERVOIR_ENERGY_VIEW; SUBSET_NON_ADDITIVE,OPEN_PHYSICAL_DATABASE,DERIVED_PHYSICAL_RESERVOIR_ENERGY,OPEN_PHYSICAL_DATABASE,SECONDARY_NON_CANONICAL,YES_AT_AGGREGATE_OR_DIFFERENT_GRAIN_ONLY,,PHYSICAL_ALLOCATION_EVIDENCE; GEOGRAPHY; CLASSIFICATION; PLAUSIBILITY CHECK; SENSITIVITY RESEARCH,PHYSICAL_EVIDENCE_ONLY,false,REQUIRES RECONCILIATION TO A DIRECT TERNA CONTROL AT THE SAME METRIC/GRAIN OR OTHER STRONG PRIMARY OPERATING EVIDENCE,UNCHANGED_SECONDARY_PHYSICAL_EVIDENCE,false
39,HDAM,HDAM,H1426,Pizzone,14,Molise,SUD,19,0,6.372220388,6372.220388,41.672525,14.036415,297,9.05,3689,,Google Earth,MIT,,PHYSICAL INVENTORY INSTALLED CAPACITY; GROSS/NET BASIS NOT SPECIFIED,ELECTRICAL-EQUIVALENT RESERVOIR POTENTIAL ENERGY: REPORTED OR RECONSTRUCTED FROM BASIN VOLUME x WATER DENSITY x GRAVITY x AVERAGE HEAD x 87% TURBINE EFFICIENCY; ACTIVE/USABLE OPERATING RANGE NOT ESTABLISHED,ZENODO_14006948,raw/hydro_physical/Italian_Hydropower_Programmable_Plants_Database_v2_RAW.xlsx,9ba9b40399471e162d041b4a27b2da602c95bd38a5cfb07d2c4769205144f864,RAW_ROW_PRESERVED; OPEN-DATA VALUES NOT PROMOTED TO CANONICAL MEM INPUTS,FORMULA_RECONSTRUCTED_EXACT,6372.220388,1,,HYDRO_RESERVOIR_OR_BASIN_PROGRAMMABLE,OPEN DATABASE HWR/HDAM CLASS; TERNA BASIN-VS-RESERVOIR THRESHOLD NOT AVAILABLE AT PLANT LEVEL,MEDIUM_FOR_PROGRAMMABLE_RESERVOIR; UNRESOLVED_BASIN_VS_RESERVOIR,YES,NO,NATURALLY_CHARGED_STORE_PLUS_FIXED_TURBINE_LINK; FINAL E_NOM NOT YET APPROVED,NOT_ESTABLISHED,PHYSICS-BASED ELECTRICAL-EQUIVALENT BASIN ENERGY; NOT A CONFIRMED ACTIVE OPERATING RANGE,PHYSICAL_RESERVOIR_EVIDENCE_ONLY; ACTIVE VOLUME/LEVEL AND INFLOW CALIBRATION REQUIRED BEFORE E_NOM,PHYSICAL_RESERVOIR_ENERGY_VIEW; SUBSET_NON_ADDITIVE,OPEN_PHYSICAL_DATABASE,DERIVED_PHYSICAL_RESERVOIR_ENERGY,OPEN_PHYSICAL_DATABASE,SECONDARY_NON_CANONICAL,YES_AT_AGGREGATE_OR_DIFFERENT_GRAIN_ONLY,,PHYSICAL_ALLOCATION_EVIDENCE; GEOGRAPHY; CLASSIFICATION; PLAUSIBILITY CHECK; SENSITIVITY RESEARCH,PHYSICAL_EVIDENCE_ONLY,false,REQUIRES RECONCILIATION TO A DIRECT TERNA CONTROL AT THE SAME METRIC/GRAIN OR OTHER STRONG PRIMARY OPERATING EVIDENCE,UNCHANGED_SECONDARY_PHYSICAL_EVIDENCE,false
40,HDAM,HDAM,H1451,Perreres,2,Valle d'Aosta,NORD,18,0,17.3681145,17368.1145,45.876066,7.624305,666,11,3675,,Other - https://www.cvaspa.it/centrale-di-perreres,MIT,,PHYSICAL INVENTORY INSTALLED CAPACITY; GROSS/NET BASIS NOT SPECIFIED,ELECTRICAL-EQUIVALENT RESERVOIR POTENTIAL ENERGY: REPORTED OR RECONSTRUCTED FROM BASIN VOLUME x WATER DENSITY x GRAVITY x AVERAGE HEAD x 87% TURBINE EFFICIENCY; ACTIVE/USABLE OPERATING RANGE NOT ESTABLISHED,ZENODO_14006948,raw/hydro_physical/Italian_Hydropower_Programmable_Plants_Database_v2_RAW.xlsx,9ba9b40399471e162d041b4a27b2da602c95bd38a5cfb07d2c4769205144f864,RAW_ROW_PRESERVED; OPEN-DATA VALUES NOT PROMOTED TO CANONICAL MEM INPUTS,FORMULA_RECONSTRUCTED_EXACT,17368.1145,1,,HYDRO_RESERVOIR_OR_BASIN_PROGRAMMABLE,OPEN DATABASE HWR/HDAM CLASS; TERNA BASIN-VS-RESERVOIR THRESHOLD NOT AVAILABLE AT PLANT LEVEL,MEDIUM_FOR_PROGRAMMABLE_RESERVOIR; UNRESOLVED_BASIN_VS_RESERVOIR,YES,NO,NATURALLY_CHARGED_STORE_PLUS_FIXED_TURBINE_LINK; FINAL E_NOM NOT YET APPROVED,NOT_ESTABLISHED,PHYSICS-BASED ELECTRICAL-EQUIVALENT BASIN ENERGY; NOT A CONFIRMED ACTIVE OPERATING RANGE,PHYSICAL_RESERVOIR_EVIDENCE_ONLY; ACTIVE VOLUME/LEVEL AND INFLOW CALIBRATION REQUIRED BEFORE E_NOM,PHYSICAL_RESERVOIR_ENERGY_VIEW; SUBSET_NON_ADDITIVE,OPEN_PHYSICAL_DATABASE,DERIVED_PHYSICAL_RESERVOIR_ENERGY,OPEN_PHYSICAL_DATABASE,SECONDARY_NON_CANONICAL,YES_AT_AGGREGATE_OR_DIFFERENT_GRAIN_ONLY,,PHYSICAL_ALLOCATION_EVIDENCE; GEOGRAPHY; CLASSIFICATION; PLAUSIBILITY CHECK; SENSITIVITY RESEARCH,PHYSICAL_EVIDENCE_ONLY,false,REQUIRES RECONCILIATION TO A DIRECT TERNA CONTROL AT THE SAME METRIC/GRAIN OR OTHER STRONG PRIMARY OPERATING EVIDENCE,UNCHANGED_SECONDARY_PHYSICAL_EVIDENCE,false
41,HDAM,HDAM,H1622,Furlo,11,Marche,CNOR,13,0,0.23299731,232.99731,43.683959,12.644054,58.5,1.68,3433,,Progetto dighe,MIT,,PHYSICAL INVENTORY INSTALLED CAPACITY; GROSS/NET BASIS NOT SPECIFIED,ELECTRICAL-EQUIVALENT RESERVOIR POTENTIAL ENERGY: REPORTED OR RECONSTRUCTED FROM BASIN VOLUME x WATER DENSITY x GRAVITY x AVERAGE HEAD x 87% TURBINE EFFICIENCY; ACTIVE/USABLE OPERATING RANGE NOT ESTABLISHED,ZENODO_14006948,raw/hydro_physical/Italian_Hydropower_Programmable_Plants_Database_v2_RAW.xlsx,9ba9b40399471e162d041b4a27b2da602c95bd38a5cfb07d2c4769205144f864,RAW_ROW_PRESERVED; OPEN-DATA VALUES NOT PROMOTED TO CANONICAL MEM INPUTS,FORMULA_RECONSTRUCTED_EXACT,232.99731,1,,HYDRO_RESERVOIR_OR_BASIN_PROGRAMMABLE,OPEN DATABASE HWR/HDAM CLASS; TERNA BASIN-VS-RESERVOIR THRESHOLD NOT AVAILABLE AT PLANT LEVEL,MEDIUM_FOR_PROGRAMMABLE_RESERVOIR; UNRESOLVED_BASIN_VS_RESERVOIR,YES,NO,NATURALLY_CHARGED_STORE_PLUS_FIXED_TURBINE_LINK; FINAL E_NOM NOT YET APPROVED,NOT_ESTABLISHED,PHYSICS-BASED ELECTRICAL-EQUIVALENT BASIN ENERGY; NOT A CONFIRMED ACTIVE OPERATING RANGE,PHYSICAL_RESERVOIR_EVIDENCE_ONLY; ACTIVE VOLUME/LEVEL AND INFLOW CALIBRATION REQUIRED BEFORE E_NOM,PHYSICAL_RESERVOIR_ENERGY_VIEW; SUBSET_NON_ADDITIVE,OPEN_PHYSICAL_DATABASE,DERIVED_PHYSICAL_RESERVOIR_ENERGY,OPEN_PHYSICAL_DATABASE,SECONDARY_NON_CANONICAL,YES_AT_AGGREGATE_OR_DIFFERENT_GRAIN_ONLY,,PHYSICAL_ALLOCATION_EVIDENCE; GEOGRAPHY; CLASSIFICATION; PLAUSIBILITY CHECK; SENSITIVITY RESEARCH,PHYSICAL_EVIDENCE_ONLY,false,REQUIRES RECONCILIATION TO A DIRECT TERNA CONTROL AT THE SAME METRIC/GRAIN OR OTHER STRONG PRIMARY OPERATING EVIDENCE,UNCHANGED_SECONDARY_PHYSICAL_EVIDENCE,false
42,HDAM,HDAM,H1623,Pantano d'avio,3,Lombardia,NORD,13,0,16.201183935,16201.183935,46.178199,10.329159,449,15.219999999999999,3667,,"Altro - http://francorino.altervista.org/cpantano.htm#:~:text=L'impianto%20idroelettrico%20del%20Pantano,utilizzazione%20della%20Val%20d'Avio.",MIT,,PHYSICAL INVENTORY INSTALLED CAPACITY; GROSS/NET BASIS NOT SPECIFIED,ELECTRICAL-EQUIVALENT RESERVOIR POTENTIAL ENERGY: REPORTED OR RECONSTRUCTED FROM BASIN VOLUME x WATER DENSITY x GRAVITY x AVERAGE HEAD x 87% TURBINE EFFICIENCY; ACTIVE/USABLE OPERATING RANGE NOT ESTABLISHED,ZENODO_14006948,raw/hydro_physical/Italian_Hydropower_Programmable_Plants_Database_v2_RAW.xlsx,9ba9b40399471e162d041b4a27b2da602c95bd38a5cfb07d2c4769205144f864,RAW_ROW_PRESERVED; OPEN-DATA VALUES NOT PROMOTED TO CANONICAL MEM INPUTS,FORMULA_RECONSTRUCTED_EXACT,16201.183935,1,,HYDRO_RESERVOIR_OR_BASIN_PROGRAMMABLE,OPEN DATABASE HWR/HDAM CLASS; TERNA BASIN-VS-RESERVOIR THRESHOLD NOT AVAILABLE AT PLANT LEVEL,MEDIUM_FOR_PROGRAMMABLE_RESERVOIR; UNRESOLVED_BASIN_VS_RESERVOIR,YES,NO,NATURALLY_CHARGED_STORE_PLUS_FIXED_TURBINE_LINK; FINAL E_NOM NOT YET APPROVED,NOT_ESTABLISHED,PHYSICS-BASED ELECTRICAL-EQUIVALENT BASIN ENERGY; NOT A CONFIRMED ACTIVE OPERATING RANGE,PHYSICAL_RESERVOIR_EVIDENCE_ONLY; ACTIVE VOLUME/LEVEL AND INFLOW CALIBRATION REQUIRED BEFORE E_NOM,PHYSICAL_RESERVOIR_ENERGY_VIEW; SUBSET_NON_ADDITIVE,OPEN_PHYSICAL_DATABASE,DERIVED_PHYSICAL_RESERVOIR_ENERGY,OPEN_PHYSICAL_DATABASE,SECONDARY_NON_CANONICAL,YES_AT_AGGREGATE_OR_DIFFERENT_GRAIN_ONLY,,PHYSICAL_ALLOCATION_EVIDENCE; GEOGRAPHY; CLASSIFICATION; PLAUSIBILITY CHECK; SENSITIVITY RESEARCH,PHYSICAL_EVIDENCE_ONLY,false,REQUIRES RECONCILIATION TO A DIRECT TERNA CONTROL AT THE SAME METRIC/GRAIN OR OTHER STRONG PRIMARY OPERATING EVIDENCE,UNCHANGED_SECONDARY_PHYSICAL_EVIDENCE,false
43,HDAM,HDAM,H1671,Gressoney,2,Valle d'Aosta,NORD,12,0,7.235097524,7235.097524,45.829667,7.82321,731.5,4.172,3459,,Wikipedia,MIT,,PHYSICAL INVENTORY INSTALLED CAPACITY; GROSS/NET BASIS NOT SPECIFIED,ELECTRICAL-EQUIVALENT RESERVOIR POTENTIAL ENERGY: REPORTED OR RECONSTRUCTED FROM BASIN VOLUME x WATER DENSITY x GRAVITY x AVERAGE HEAD x 87% TURBINE EFFICIENCY; ACTIVE/USABLE OPERATING RANGE NOT ESTABLISHED,ZENODO_14006948,raw/hydro_physical/Italian_Hydropower_Programmable_Plants_Database_v2_RAW.xlsx,9ba9b40399471e162d041b4a27b2da602c95bd38a5cfb07d2c4769205144f864,RAW_ROW_PRESERVED; OPEN-DATA VALUES NOT PROMOTED TO CANONICAL MEM INPUTS,FORMULA_RECONSTRUCTED_EXACT,7235.097523,1,7235,HYDRO_RESERVOIR_OR_BASIN_PROGRAMMABLE,OPEN DATABASE HWR/HDAM CLASS; TERNA BASIN-VS-RESERVOIR THRESHOLD NOT AVAILABLE AT PLANT LEVEL,MEDIUM_FOR_PROGRAMMABLE_RESERVOIR; UNRESOLVED_BASIN_VS_RESERVOIR,YES,NO,NATURALLY_CHARGED_STORE_PLUS_FIXED_TURBINE_LINK; FINAL E_NOM NOT YET APPROVED,NOT_ESTABLISHED,PHYSICS-BASED ELECTRICAL-EQUIVALENT BASIN ENERGY; NOT A CONFIRMED ACTIVE OPERATING RANGE,PHYSICAL_RESERVOIR_EVIDENCE_ONLY; ACTIVE VOLUME/LEVEL AND INFLOW CALIBRATION REQUIRED BEFORE E_NOM,PHYSICAL_RESERVOIR_ENERGY_VIEW; SUBSET_NON_ADDITIVE,OPEN_PHYSICAL_DATABASE,DERIVED_PHYSICAL_RESERVOIR_ENERGY,OPEN_PHYSICAL_DATABASE,SECONDARY_NON_CANONICAL,YES_AT_AGGREGATE_OR_DIFFERENT_GRAIN_ONLY,,PHYSICAL_ALLOCATION_EVIDENCE; GEOGRAPHY; CLASSIFICATION; PLAUSIBILITY CHECK; SENSITIVITY RESEARCH,PHYSICAL_EVIDENCE_ONLY,false,REQUIRES RECONCILIATION TO A DIRECT TERNA CONTROL AT THE SAME METRIC/GRAIN OR OTHER STRONG PRIMARY OPERATING EVIDENCE,UNCHANGED_SECONDARY_PHYSICAL_EVIDENCE,false
44,HDAM,HDAM,H1672,Isola palanzano,8,Emilia Romagna,NORD,12,0,0.031917455,31.917455,44.437255,10.194488,354.29,0.038,3500,Enel - https://www.provincia.pc.it/Allegati/SottoLivelli/20120628%20DA_Emilia-Toscana_20121421229521.pdf,Enel - https://www.provincia.pc.it/Allegati/SottoLivelli/20120628%20DA_Emilia-Toscana_20121421229521.pdf,Enel - https://www.provincia.pc.it/Allegati/SottoLivelli/20120628%20DA_Emilia-Toscana_20121421229521.pdf,,PHYSICAL INVENTORY INSTALLED CAPACITY; GROSS/NET BASIS NOT SPECIFIED,ELECTRICAL-EQUIVALENT RESERVOIR POTENTIAL ENERGY: REPORTED OR RECONSTRUCTED FROM BASIN VOLUME x WATER DENSITY x GRAVITY x AVERAGE HEAD x 87% TURBINE EFFICIENCY; ACTIVE/USABLE OPERATING RANGE NOT ESTABLISHED,ZENODO_14006948,raw/hydro_physical/Italian_Hydropower_Programmable_Plants_Database_v2_RAW.xlsx,9ba9b40399471e162d041b4a27b2da602c95bd38a5cfb07d2c4769205144f864,RAW_ROW_PRESERVED; OPEN-DATA VALUES NOT PROMOTED TO CANONICAL MEM INPUTS,FORMULA_RECONSTRUCTED_EXACT,31.917455,1.00000001,,HYDRO_RESERVOIR_OR_BASIN_PROGRAMMABLE,OPEN DATABASE HWR/HDAM CLASS; TERNA BASIN-VS-RESERVOIR THRESHOLD NOT AVAILABLE AT PLANT LEVEL,MEDIUM_FOR_PROGRAMMABLE_RESERVOIR; UNRESOLVED_BASIN_VS_RESERVOIR,YES,NO,NATURALLY_CHARGED_STORE_PLUS_FIXED_TURBINE_LINK; FINAL E_NOM NOT YET APPROVED,NOT_ESTABLISHED,PHYSICS-BASED ELECTRICAL-EQUIVALENT BASIN ENERGY; NOT A CONFIRMED ACTIVE OPERATING RANGE,PHYSICAL_RESERVOIR_EVIDENCE_ONLY; ACTIVE VOLUME/LEVEL AND INFLOW CALIBRATION REQUIRED BEFORE E_NOM,PHYSICAL_RESERVOIR_ENERGY_VIEW; SUBSET_NON_ADDITIVE,OPEN_PHYSICAL_DATABASE,DERIVED_PHYSICAL_RESERVOIR_ENERGY,OPEN_PHYSICAL_DATABASE,SECONDARY_NON_CANONICAL,YES_AT_AGGREGATE_OR_DIFFERENT_GRAIN_ONLY,,PHYSICAL_ALLOCATION_EVIDENCE; GEOGRAPHY; CLASSIFICATION; PLAUSIBILITY CHECK; SENSITIVITY RESEARCH,PHYSICAL_EVIDENCE_ONLY,false,REQUIRES RECONCILIATION TO A DIRECT TERNA CONTROL AT THE SAME METRIC/GRAIN OR OTHER STRONG PRIMARY OPERATING EVIDENCE,UNCHANGED_SECONDARY_PHYSICAL_EVIDENCE,false
45,HDAM,HDAM,H1708,Canterno,12,Lazio,CSUD,11,0,5.86760625,5867.60625,43.475754,12.628657,300,8.25,3330,,Progetto dighe,Calculated,,PHYSICAL INVENTORY INSTALLED CAPACITY; GROSS/NET BASIS NOT SPECIFIED,ELECTRICAL-EQUIVALENT RESERVOIR POTENTIAL ENERGY: REPORTED OR RECONSTRUCTED FROM BASIN VOLUME x WATER DENSITY x GRAVITY x AVERAGE HEAD x 87% TURBINE EFFICIENCY; ACTIVE/USABLE OPERATING RANGE NOT ESTABLISHED,ZENODO_14006948,raw/hydro_physical/Italian_Hydropower_Programmable_Plants_Database_v2_RAW.xlsx,9ba9b40399471e162d041b4a27b2da602c95bd38a5cfb07d2c4769205144f864,RAW_ROW_PRESERVED; OPEN-DATA VALUES NOT PROMOTED TO CANONICAL MEM INPUTS,FORMULA_RECONSTRUCTED_EXACT,5867.60625,1,,HYDRO_RESERVOIR_OR_BASIN_PROGRAMMABLE,OPEN DATABASE HWR/HDAM CLASS; TERNA BASIN-VS-RESERVOIR THRESHOLD NOT AVAILABLE AT PLANT LEVEL,MEDIUM_FOR_PROGRAMMABLE_RESERVOIR; UNRESOLVED_BASIN_VS_RESERVOIR,YES,NO,NATURALLY_CHARGED_STORE_PLUS_FIXED_TURBINE_LINK; FINAL E_NOM NOT YET APPROVED,NOT_ESTABLISHED,PHYSICS-BASED ELECTRICAL-EQUIVALENT BASIN ENERGY; NOT A CONFIRMED ACTIVE OPERATING RANGE,PHYSICAL_RESERVOIR_EVIDENCE_ONLY; ACTIVE VOLUME/LEVEL AND INFLOW CALIBRATION REQUIRED BEFORE E_NOM,PHYSICAL_RESERVOIR_ENERGY_VIEW; SUBSET_NON_ADDITIVE,OPEN_PHYSICAL_DATABASE,DERIVED_PHYSICAL_RESERVOIR_ENERGY,OPEN_PHYSICAL_DATABASE,SECONDARY_NON_CANONICAL,YES_AT_AGGREGATE_OR_DIFFERENT_GRAIN_ONLY,,PHYSICAL_ALLOCATION_EVIDENCE; GEOGRAPHY; CLASSIFICATION; PLAUSIBILITY CHECK; SENSITIVITY RESEARCH,PHYSICAL_EVIDENCE_ONLY,false,REQUIRES RECONCILIATION TO A DIRECT TERNA CONTROL AT THE SAME METRIC/GRAIN OR OTHER STRONG PRIMARY OPERATING EVIDENCE,UNCHANGED_SECONDARY_PHYSICAL_EVIDENCE,false
46,HDAM,HDAM,H1750,Giacomo,1,Piemonte,NORD,10,0,0.151728,151.728,44.315526,7.298728,160,0.4,3443,,Google Earth,Calculated,,PHYSICAL INVENTORY INSTALLED CAPACITY; GROSS/NET BASIS NOT SPECIFIED,ELECTRICAL-EQUIVALENT RESERVOIR POTENTIAL ENERGY: REPORTED OR RECONSTRUCTED FROM BASIN VOLUME x WATER DENSITY x GRAVITY x AVERAGE HEAD x 87% TURBINE EFFICIENCY; ACTIVE/USABLE OPERATING RANGE NOT ESTABLISHED,ZENODO_14006948,raw/hydro_physical/Italian_Hydropower_Programmable_Plants_Database_v2_RAW.xlsx,9ba9b40399471e162d041b4a27b2da602c95bd38a5cfb07d2c4769205144f864,RAW_ROW_PRESERVED; OPEN-DATA VALUES NOT PROMOTED TO CANONICAL MEM INPUTS,FORMULA_RECONSTRUCTED_EXACT,151.728,1,,HYDRO_RESERVOIR_OR_BASIN_PROGRAMMABLE,OPEN DATABASE HWR/HDAM CLASS; TERNA BASIN-VS-RESERVOIR THRESHOLD NOT AVAILABLE AT PLANT LEVEL,MEDIUM_FOR_PROGRAMMABLE_RESERVOIR; UNRESOLVED_BASIN_VS_RESERVOIR,YES,NO,NATURALLY_CHARGED_STORE_PLUS_FIXED_TURBINE_LINK; FINAL E_NOM NOT YET APPROVED,NOT_ESTABLISHED,PHYSICS-BASED ELECTRICAL-EQUIVALENT BASIN ENERGY; NOT A CONFIRMED ACTIVE OPERATING RANGE,PHYSICAL_RESERVOIR_EVIDENCE_ONLY; ACTIVE VOLUME/LEVEL AND INFLOW CALIBRATION REQUIRED BEFORE E_NOM,PHYSICAL_RESERVOIR_ENERGY_VIEW; SUBSET_NON_ADDITIVE,OPEN_PHYSICAL_DATABASE,DERIVED_PHYSICAL_RESERVOIR_ENERGY,OPEN_PHYSICAL_DATABASE,SECONDARY_NON_CANONICAL,YES_AT_AGGREGATE_OR_DIFFERENT_GRAIN_ONLY,,PHYSICAL_ALLOCATION_EVIDENCE; GEOGRAPHY; CLASSIFICATION; PLAUSIBILITY CHECK; SENSITIVITY RESEARCH,PHYSICAL_EVIDENCE_ONLY,false,REQUIRES RECONCILIATION TO A DIRECT TERNA CONTROL AT THE SAME METRIC/GRAIN OR OTHER STRONG PRIMARY OPERATING EVIDENCE,UNCHANGED_SECONDARY_PHYSICAL_EVIDENCE,false
47,HDAM,HDAM,H1753,Meduno,6,Friuli Venezia Giulia,NORD,10,0,4.4333025,4433.3025,46.2180556,12.7980556,68,27.5,3585,,Altro - https://moodle2.units.it/pluginfile.php/250778/mod_resource/content/1/Lezioni_IDRO_TS_Pinamonti_2019_R.pdf ,Altro - https://moodle2.units.it/pluginfile.php/250778/mod_resource/content/1/Lezioni_IDRO_TS_Pinamonti_2019_R.pdf , ,PHYSICAL INVENTORY INSTALLED CAPACITY; GROSS/NET BASIS NOT SPECIFIED,ELECTRICAL-EQUIVALENT RESERVOIR POTENTIAL ENERGY: REPORTED OR RECONSTRUCTED FROM BASIN VOLUME x WATER DENSITY x GRAVITY x AVERAGE HEAD x 87% TURBINE EFFICIENCY; ACTIVE/USABLE OPERATING RANGE NOT ESTABLISHED,ZENODO_14006948,raw/hydro_physical/Italian_Hydropower_Programmable_Plants_Database_v2_RAW.xlsx,9ba9b40399471e162d041b4a27b2da602c95bd38a5cfb07d2c4769205144f864,RAW_ROW_PRESERVED; OPEN-DATA VALUES NOT PROMOTED TO CANONICAL MEM INPUTS,FORMULA_RECONSTRUCTED_EXACT,4433.3025,1,,HYDRO_RESERVOIR_OR_BASIN_PROGRAMMABLE,OPEN DATABASE HWR/HDAM CLASS; TERNA BASIN-VS-RESERVOIR THRESHOLD NOT AVAILABLE AT PLANT LEVEL,MEDIUM_FOR_PROGRAMMABLE_RESERVOIR; UNRESOLVED_BASIN_VS_RESERVOIR,YES,NO,NATURALLY_CHARGED_STORE_PLUS_FIXED_TURBINE_LINK; FINAL E_NOM NOT YET APPROVED,NOT_ESTABLISHED,PHYSICS-BASED ELECTRICAL-EQUIVALENT BASIN ENERGY; NOT A CONFIRMED ACTIVE OPERATING RANGE,PHYSICAL_RESERVOIR_EVIDENCE_ONLY; ACTIVE VOLUME/LEVEL AND INFLOW CALIBRATION REQUIRED BEFORE E_NOM,PHYSICAL_RESERVOIR_ENERGY_VIEW; SUBSET_NON_ADDITIVE,OPEN_PHYSICAL_DATABASE,DERIVED_PHYSICAL_RESERVOIR_ENERGY,OPEN_PHYSICAL_DATABASE,SECONDARY_NON_CANONICAL,YES_AT_AGGREGATE_OR_DIFFERENT_GRAIN_ONLY,,PHYSICAL_ALLOCATION_EVIDENCE; GEOGRAPHY; CLASSIFICATION; PLAUSIBILITY CHECK; SENSITIVITY RESEARCH,PHYSICAL_EVIDENCE_ONLY,false,REQUIRES RECONCILIATION TO A DIRECT TERNA CONTROL AT THE SAME METRIC/GRAIN OR OTHER STRONG PRIMARY OPERATING EVIDENCE,UNCHANGED_SECONDARY_PHYSICAL_EVIDENCE,false
48,HDAM,HDAM,H1844,Campliccioli,1,Piemonte,NORD,8,0,21.747,21747,46.060376,8.114612,897 - 971,"4,11 - 5,65",3326,,Altro - https://www.ilpiedeverde.it/luoghi/diga-di-campliccioli,MIT, ,PHYSICAL INVENTORY INSTALLED CAPACITY; GROSS/NET BASIS NOT SPECIFIED,ELECTRICAL-EQUIVALENT RESERVOIR POTENTIAL ENERGY: REPORTED OR RECONSTRUCTED FROM BASIN VOLUME x WATER DENSITY x GRAVITY x AVERAGE HEAD x 87% TURBINE EFFICIENCY; ACTIVE/USABLE OPERATING RANGE NOT ESTABLISHED,ZENODO_14006948,raw/hydro_physical/Italian_Hydropower_Programmable_Plants_Database_v2_RAW.xlsx,9ba9b40399471e162d041b4a27b2da602c95bd38a5cfb07d2c4769205144f864,RAW_ROW_PRESERVED; OPEN-DATA VALUES NOT PROMOTED TO CANONICAL MEM INPUTS,OTHER_REPORTED_OR_INPUT_INCOMPLETE,,,,HYDRO_RESERVOIR_OR_BASIN_PROGRAMMABLE,OPEN DATABASE HWR/HDAM CLASS; TERNA BASIN-VS-RESERVOIR THRESHOLD NOT AVAILABLE AT PLANT LEVEL,MEDIUM_FOR_PROGRAMMABLE_RESERVOIR; UNRESOLVED_BASIN_VS_RESERVOIR,YES,NO,NATURALLY_CHARGED_STORE_PLUS_FIXED_TURBINE_LINK; FINAL E_NOM NOT YET APPROVED,NOT_ESTABLISHED,PHYSICS-BASED ELECTRICAL-EQUIVALENT BASIN ENERGY; NOT A CONFIRMED ACTIVE OPERATING RANGE,PHYSICAL_RESERVOIR_EVIDENCE_ONLY; ACTIVE VOLUME/LEVEL AND INFLOW CALIBRATION REQUIRED BEFORE E_NOM,PHYSICAL_RESERVOIR_ENERGY_VIEW; SUBSET_NON_ADDITIVE,OPEN_PHYSICAL_DATABASE,OPEN_PHYSICAL_DATABASE_REPORTED_OR_INHERITED,OPEN_PHYSICAL_DATABASE,SECONDARY_NON_CANONICAL,YES_AT_AGGREGATE_OR_DIFFERENT_GRAIN_ONLY,,PHYSICAL_ALLOCATION_EVIDENCE; GEOGRAPHY; CLASSIFICATION; PLAUSIBILITY CHECK; SENSITIVITY RESEARCH,PHYSICAL_EVIDENCE_ONLY,false,REQUIRES RECONCILIATION TO A DIRECT TERNA CONTROL AT THE SAME METRIC/GRAIN OR OTHER STRONG PRIMARY OPERATING EVIDENCE,UNCHANGED_SECONDARY_PHYSICAL_EVIDENCE,false
49,HDAM,HDAM,H196,Venaus UP_VENAUS_1 (Venasco),1,Piemonte,NORD,244.2,0,514.727757,514727.757,45.161887,7.008396,1304,166.5,270,,Other - https://www.comune.venaus.to.it/it-it/vivere-il-comune/cosa-vedere/centrale-idroelettrica-enel-21810-1-2ac0874b000808702a7b1b9309b8cff9,Altro - http://www.regione.piemonte.it/governo/bollettino/abbonati/2021/16/attach/dgr_03021_1050_26032021.pdf , ,PHYSICAL INVENTORY INSTALLED CAPACITY; GROSS/NET BASIS NOT SPECIFIED,ELECTRICAL-EQUIVALENT RESERVOIR POTENTIAL ENERGY: REPORTED OR RECONSTRUCTED FROM BASIN VOLUME x WATER DENSITY x GRAVITY x AVERAGE HEAD x 87% TURBINE EFFICIENCY; ACTIVE/USABLE OPERATING RANGE NOT ESTABLISHED,ZENODO_14006948,raw/hydro_physical/Italian_Hydropower_Programmable_Plants_Database_v2_RAW.xlsx,9ba9b40399471e162d041b4a27b2da602c95bd38a5cfb07d2c4769205144f864,RAW_ROW_PRESERVED; OPEN-DATA VALUES NOT PROMOTED TO CANONICAL MEM INPUTS,FORMULA_RECONSTRUCTED_EXACT,514727.757,1,,HYDRO_RESERVOIR_OR_BASIN_PROGRAMMABLE,OPEN DATABASE HWR/HDAM CLASS; TERNA BASIN-VS-RESERVOIR THRESHOLD NOT AVAILABLE AT PLANT LEVEL,MEDIUM_FOR_PROGRAMMABLE_RESERVOIR; UNRESOLVED_BASIN_VS_RESERVOIR,YES,NO,NATURALLY_CHARGED_STORE_PLUS_FIXED_TURBINE_LINK; FINAL E_NOM NOT YET APPROVED,NOT_ESTABLISHED,PHYSICS-BASED ELECTRICAL-EQUIVALENT BASIN ENERGY; NOT A CONFIRMED ACTIVE OPERATING RANGE,PHYSICAL_RESERVOIR_EVIDENCE_ONLY; ACTIVE VOLUME/LEVEL AND INFLOW CALIBRATION REQUIRED BEFORE E_NOM,PHYSICAL_RESERVOIR_ENERGY_VIEW; SUBSET_NON_ADDITIVE,OPEN_PHYSICAL_DATABASE,DERIVED_PHYSICAL_RESERVOIR_ENERGY,OPEN_PHYSICAL_DATABASE,SECONDARY_NON_CANONICAL,YES_AT_AGGREGATE_OR_DIFFERENT_GRAIN_ONLY,,PHYSICAL_ALLOCATION_EVIDENCE; GEOGRAPHY; CLASSIFICATION; PLAUSIBILITY CHECK; SENSITIVITY RESEARCH,PHYSICAL_EVIDENCE_ONLY,false,REQUIRES RECONCILIATION TO A DIRECT TERNA CONTROL AT THE SAME METRIC/GRAIN OR OTHER STRONG PRIMARY OPERATING EVIDENCE,UNCHANGED_SECONDARY_PHYSICAL_EVIDENCE,false
50,HDAM,HDAM,H198,Cimego UP_CIMEGO_1,4,Trentino Alto Adige,NORD,229.9,0,21.45026151,21450.26151,45.923109,10.628414,738,12.26,235,Progetto dighe,Progetto dighe,MIT,,PHYSICAL INVENTORY INSTALLED CAPACITY; GROSS/NET BASIS NOT SPECIFIED,ELECTRICAL-EQUIVALENT RESERVOIR POTENTIAL ENERGY: REPORTED OR RECONSTRUCTED FROM BASIN VOLUME x WATER DENSITY x GRAVITY x AVERAGE HEAD x 87% TURBINE EFFICIENCY; ACTIVE/USABLE OPERATING RANGE NOT ESTABLISHED,ZENODO_14006948,raw/hydro_physical/Italian_Hydropower_Programmable_Plants_Database_v2_RAW.xlsx,9ba9b40399471e162d041b4a27b2da602c95bd38a5cfb07d2c4769205144f864,RAW_ROW_PRESERVED; OPEN-DATA VALUES NOT PROMOTED TO CANONICAL MEM INPUTS,FORMULA_RECONSTRUCTED_EXACT,21450.26151,1,,HYDRO_RESERVOIR_OR_BASIN_PROGRAMMABLE,OPEN DATABASE HWR/HDAM CLASS; TERNA BASIN-VS-RESERVOIR THRESHOLD NOT AVAILABLE AT PLANT LEVEL,MEDIUM_FOR_PROGRAMMABLE_RESERVOIR; UNRESOLVED_BASIN_VS_RESERVOIR,YES,NO,NATURALLY_CHARGED_STORE_PLUS_FIXED_TURBINE_LINK; FINAL E_NOM NOT YET APPROVED,NOT_ESTABLISHED,PHYSICS-BASED ELECTRICAL-EQUIVALENT BASIN ENERGY; NOT A CONFIRMED ACTIVE OPERATING RANGE,PHYSICAL_RESERVOIR_EVIDENCE_ONLY; ACTIVE VOLUME/LEVEL AND INFLOW CALIBRATION REQUIRED BEFORE E_NOM,PHYSICAL_RESERVOIR_ENERGY_VIEW; SUBSET_NON_ADDITIVE,OPEN_PHYSICAL_DATABASE,DERIVED_PHYSICAL_RESERVOIR_ENERGY,OPEN_PHYSICAL_DATABASE,SECONDARY_NON_CANONICAL,YES_AT_AGGREGATE_OR_DIFFERENT_GRAIN_ONLY,,PHYSICAL_ALLOCATION_EVIDENCE; GEOGRAPHY; CLASSIFICATION; PLAUSIBILITY CHECK; SENSITIVITY RESEARCH,PHYSICAL_EVIDENCE_ONLY,false,REQUIRES RECONCILIATION TO A DIRECT TERNA CONTROL AT THE SAME METRIC/GRAIN OR OTHER STRONG PRIMARY OPERATING EVIDENCE,UNCHANGED_SECONDARY_PHYSICAL_EVIDENCE,false
51,HDAM,HDAM,H2003,Ozieri Monte Lerno,20,Sardegna,SARD,5,0,45.1258038,45125.8038,40.585962,9.001224,264,72.1,3660,,Google Earth,,,PHYSICAL INVENTORY INSTALLED CAPACITY; GROSS/NET BASIS NOT SPECIFIED,ELECTRICAL-EQUIVALENT RESERVOIR POTENTIAL ENERGY: REPORTED OR RECONSTRUCTED FROM BASIN VOLUME x WATER DENSITY x GRAVITY x AVERAGE HEAD x 87% TURBINE EFFICIENCY; ACTIVE/USABLE OPERATING RANGE NOT ESTABLISHED,ZENODO_14006948,raw/hydro_physical/Italian_Hydropower_Programmable_Plants_Database_v2_RAW.xlsx,9ba9b40399471e162d041b4a27b2da602c95bd38a5cfb07d2c4769205144f864,RAW_ROW_PRESERVED; OPEN-DATA VALUES NOT PROMOTED TO CANONICAL MEM INPUTS,FORMULA_RECONSTRUCTED_EXACT,45125.8038,1,45125,HYDRO_RESERVOIR_OR_BASIN_PROGRAMMABLE,OPEN DATABASE HWR/HDAM CLASS; TERNA BASIN-VS-RESERVOIR THRESHOLD NOT AVAILABLE AT PLANT LEVEL,MEDIUM_FOR_PROGRAMMABLE_RESERVOIR; UNRESOLVED_BASIN_VS_RESERVOIR,YES,NO,NATURALLY_CHARGED_STORE_PLUS_FIXED_TURBINE_LINK; FINAL E_NOM NOT YET APPROVED,NOT_ESTABLISHED,PHYSICS-BASED ELECTRICAL-EQUIVALENT BASIN ENERGY; NOT A CONFIRMED ACTIVE OPERATING RANGE,PHYSICAL_RESERVOIR_EVIDENCE_ONLY; ACTIVE VOLUME/LEVEL AND INFLOW CALIBRATION REQUIRED BEFORE E_NOM,PHYSICAL_RESERVOIR_ENERGY_VIEW; SUBSET_NON_ADDITIVE,OPEN_PHYSICAL_DATABASE,DERIVED_PHYSICAL_RESERVOIR_ENERGY,OPEN_PHYSICAL_DATABASE,SECONDARY_NON_CANONICAL,YES_AT_AGGREGATE_OR_DIFFERENT_GRAIN_ONLY,,PHYSICAL_ALLOCATION_EVIDENCE; GEOGRAPHY; CLASSIFICATION; PLAUSIBILITY CHECK; SENSITIVITY RESEARCH,PHYSICAL_EVIDENCE_ONLY,false,REQUIRES RECONCILIATION TO A DIRECT TERNA CONTROL AT THE SAME METRIC/GRAIN OR OTHER STRONG PRIMARY OPERATING EVIDENCE,UNCHANGED_SECONDARY_PHYSICAL_EVIDENCE,false
52,HDAM,HDAM,H210,Somplago UP_TAGLIAMENTO_1,6,Friuli Venezia Giulia,NORD,172.8,0,2.256954,2256.954,46.343237,13.067161,280,3.4,260,a2a,a2a,MIT,,PHYSICAL INVENTORY INSTALLED CAPACITY; GROSS/NET BASIS NOT SPECIFIED,ELECTRICAL-EQUIVALENT RESERVOIR POTENTIAL ENERGY: REPORTED OR RECONSTRUCTED FROM BASIN VOLUME x WATER DENSITY x GRAVITY x AVERAGE HEAD x 87% TURBINE EFFICIENCY; ACTIVE/USABLE OPERATING RANGE NOT ESTABLISHED,ZENODO_14006948,raw/hydro_physical/Italian_Hydropower_Programmable_Plants_Database_v2_RAW.xlsx,9ba9b40399471e162d041b4a27b2da602c95bd38a5cfb07d2c4769205144f864,RAW_ROW_PRESERVED; OPEN-DATA VALUES NOT PROMOTED TO CANONICAL MEM INPUTS,FORMULA_RECONSTRUCTED_EXACT,2256.954,1,,HYDRO_RESERVOIR_OR_BASIN_PROGRAMMABLE,OPEN DATABASE HWR/HDAM CLASS; TERNA BASIN-VS-RESERVOIR THRESHOLD NOT AVAILABLE AT PLANT LEVEL,MEDIUM_FOR_PROGRAMMABLE_RESERVOIR; UNRESOLVED_BASIN_VS_RESERVOIR,YES,NO,NATURALLY_CHARGED_STORE_PLUS_FIXED_TURBINE_LINK; FINAL E_NOM NOT YET APPROVED,NOT_ESTABLISHED,PHYSICS-BASED ELECTRICAL-EQUIVALENT BASIN ENERGY; NOT A CONFIRMED ACTIVE OPERATING RANGE,PHYSICAL_RESERVOIR_EVIDENCE_ONLY; ACTIVE VOLUME/LEVEL AND INFLOW CALIBRATION REQUIRED BEFORE E_NOM,PHYSICAL_RESERVOIR_ENERGY_VIEW; SUBSET_NON_ADDITIVE,OPEN_PHYSICAL_DATABASE,DERIVED_PHYSICAL_RESERVOIR_ENERGY,OPEN_PHYSICAL_DATABASE,SECONDARY_NON_CANONICAL,YES_AT_AGGREGATE_OR_DIFFERENT_GRAIN_ONLY,,PHYSICAL_ALLOCATION_EVIDENCE; GEOGRAPHY; CLASSIFICATION; PLAUSIBILITY CHECK; SENSITIVITY RESEARCH,PHYSICAL_EVIDENCE_ONLY,false,REQUIRES RECONCILIATION TO A DIRECT TERNA CONTROL AT THE SAME METRIC/GRAIN OR OTHER STRONG PRIMARY OPERATING EVIDENCE,UNCHANGED_SECONDARY_PHYSICAL_EVIDENCE,false
53,HDAM,HDAM,H224,Soverzene UP_SOVERZENE_1,4,Trentino Alto Adige,NORD,213.5,0,52.7188419,52718.8419,46.201029,12.302334,284,78.30000000000001,262,,Wikipedia,MIT,,PHYSICAL INVENTORY INSTALLED CAPACITY; GROSS/NET BASIS NOT SPECIFIED,ELECTRICAL-EQUIVALENT RESERVOIR POTENTIAL ENERGY: REPORTED OR RECONSTRUCTED FROM BASIN VOLUME x WATER DENSITY x GRAVITY x AVERAGE HEAD x 87% TURBINE EFFICIENCY; ACTIVE/USABLE OPERATING RANGE NOT ESTABLISHED,ZENODO_14006948,raw/hydro_physical/Italian_Hydropower_Programmable_Plants_Database_v2_RAW.xlsx,9ba9b40399471e162d041b4a27b2da602c95bd38a5cfb07d2c4769205144f864,RAW_ROW_PRESERVED; OPEN-DATA VALUES NOT PROMOTED TO CANONICAL MEM INPUTS,FORMULA_RECONSTRUCTED_EXACT,52718.8419,1,52718,HYDRO_RESERVOIR_OR_BASIN_PROGRAMMABLE,OPEN DATABASE HWR/HDAM CLASS; TERNA BASIN-VS-RESERVOIR THRESHOLD NOT AVAILABLE AT PLANT LEVEL,MEDIUM_FOR_PROGRAMMABLE_RESERVOIR; UNRESOLVED_BASIN_VS_RESERVOIR,YES,NO,NATURALLY_CHARGED_STORE_PLUS_FIXED_TURBINE_LINK; FINAL E_NOM NOT YET APPROVED,NOT_ESTABLISHED,PHYSICS-BASED ELECTRICAL-EQUIVALENT BASIN ENERGY; NOT A CONFIRMED ACTIVE OPERATING RANGE,PHYSICAL_RESERVOIR_EVIDENCE_ONLY; ACTIVE VOLUME/LEVEL AND INFLOW CALIBRATION REQUIRED BEFORE E_NOM,PHYSICAL_RESERVOIR_ENERGY_VIEW; SUBSET_NON_ADDITIVE,OPEN_PHYSICAL_DATABASE,DERIVED_PHYSICAL_RESERVOIR_ENERGY,OPEN_PHYSICAL_DATABASE,SECONDARY_NON_CANONICAL,YES_AT_AGGREGATE_OR_DIFFERENT_GRAIN_ONLY,,PHYSICAL_ALLOCATION_EVIDENCE; GEOGRAPHY; CLASSIFICATION; PLAUSIBILITY CHECK; SENSITIVITY RESEARCH,PHYSICAL_EVIDENCE_ONLY,false,REQUIRES RECONCILIATION TO A DIRECT TERNA CONTROL AT THE SAME METRIC/GRAIN OR OTHER STRONG PRIMARY OPERATING EVIDENCE,UNCHANGED_SECONDARY_PHYSICAL_EVIDENCE,false
54,HDAM,HDAM,H2482,Centrale di Covalou,2,Valle d'Aosta,NORD,41,0,0.236560547,236.560547,45.7743331,7.5951308,554.35,0.18,n/a,,Wikipedia,Wikipedia,Wikipedia,PHYSICAL INVENTORY INSTALLED CAPACITY; GROSS/NET BASIS NOT SPECIFIED,ELECTRICAL-EQUIVALENT RESERVOIR POTENTIAL ENERGY: REPORTED OR RECONSTRUCTED FROM BASIN VOLUME x WATER DENSITY x GRAVITY x AVERAGE HEAD x 87% TURBINE EFFICIENCY; ACTIVE/USABLE OPERATING RANGE NOT ESTABLISHED,ZENODO_14006948,raw/hydro_physical/Italian_Hydropower_Programmable_Plants_Database_v2_RAW.xlsx,9ba9b40399471e162d041b4a27b2da602c95bd38a5cfb07d2c4769205144f864,RAW_ROW_PRESERVED; OPEN-DATA VALUES NOT PROMOTED TO CANONICAL MEM INPUTS,FORMULA_RECONSTRUCTED_EXACT,236.560547,0.999999999,,HYDRO_RESERVOIR_OR_BASIN_PROGRAMMABLE,OPEN DATABASE HWR/HDAM CLASS; TERNA BASIN-VS-RESERVOIR THRESHOLD NOT AVAILABLE AT PLANT LEVEL,MEDIUM_FOR_PROGRAMMABLE_RESERVOIR; UNRESOLVED_BASIN_VS_RESERVOIR,YES,NO,NATURALLY_CHARGED_STORE_PLUS_FIXED_TURBINE_LINK; FINAL E_NOM NOT YET APPROVED,NOT_ESTABLISHED,PHYSICS-BASED ELECTRICAL-EQUIVALENT BASIN ENERGY; NOT A CONFIRMED ACTIVE OPERATING RANGE,PHYSICAL_RESERVOIR_EVIDENCE_ONLY; ACTIVE VOLUME/LEVEL AND INFLOW CALIBRATION REQUIRED BEFORE E_NOM,PHYSICAL_RESERVOIR_ENERGY_VIEW; SUBSET_NON_ADDITIVE,OPEN_PHYSICAL_DATABASE,DERIVED_PHYSICAL_RESERVOIR_ENERGY,OPEN_PHYSICAL_DATABASE,SECONDARY_NON_CANONICAL,YES_AT_AGGREGATE_OR_DIFFERENT_GRAIN_ONLY,,PHYSICAL_ALLOCATION_EVIDENCE; GEOGRAPHY; CLASSIFICATION; PLAUSIBILITY CHECK; SENSITIVITY RESEARCH,PHYSICAL_EVIDENCE_ONLY,false,REQUIRES RECONCILIATION TO A DIRECT TERNA CONTROL AT THE SAME METRIC/GRAIN OR OTHER STRONG PRIMARY OPERATING EVIDENCE,UNCHANGED_SECONDARY_PHYSICAL_EVIDENCE,false
55,HDAM,HDAM,H2483,Centrale di Isollaz,2,Valle d'Aosta,NORD,32,0,0.341907716,341.907716,45.6892627999999,7.71111,598.42,0.241,n/a,,Wikipedia,Wikipedia,Wikipedia,PHYSICAL INVENTORY INSTALLED CAPACITY; GROSS/NET BASIS NOT SPECIFIED,ELECTRICAL-EQUIVALENT RESERVOIR POTENTIAL ENERGY: REPORTED OR RECONSTRUCTED FROM BASIN VOLUME x WATER DENSITY x GRAVITY x AVERAGE HEAD x 87% TURBINE EFFICIENCY; ACTIVE/USABLE OPERATING RANGE NOT ESTABLISHED,ZENODO_14006948,raw/hydro_physical/Italian_Hydropower_Programmable_Plants_Database_v2_RAW.xlsx,9ba9b40399471e162d041b4a27b2da602c95bd38a5cfb07d2c4769205144f864,RAW_ROW_PRESERVED; OPEN-DATA VALUES NOT PROMOTED TO CANONICAL MEM INPUTS,FORMULA_RECONSTRUCTED_EXACT,341.907716,1.000000001,,HYDRO_RESERVOIR_OR_BASIN_PROGRAMMABLE,OPEN DATABASE HWR/HDAM CLASS; TERNA BASIN-VS-RESERVOIR THRESHOLD NOT AVAILABLE AT PLANT LEVEL,MEDIUM_FOR_PROGRAMMABLE_RESERVOIR; UNRESOLVED_BASIN_VS_RESERVOIR,YES,NO,NATURALLY_CHARGED_STORE_PLUS_FIXED_TURBINE_LINK; FINAL E_NOM NOT YET APPROVED,NOT_ESTABLISHED,PHYSICS-BASED ELECTRICAL-EQUIVALENT BASIN ENERGY; NOT A CONFIRMED ACTIVE OPERATING RANGE,PHYSICAL_RESERVOIR_EVIDENCE_ONLY; ACTIVE VOLUME/LEVEL AND INFLOW CALIBRATION REQUIRED BEFORE E_NOM,PHYSICAL_RESERVOIR_ENERGY_VIEW; SUBSET_NON_ADDITIVE,OPEN_PHYSICAL_DATABASE,DERIVED_PHYSICAL_RESERVOIR_ENERGY,OPEN_PHYSICAL_DATABASE,SECONDARY_NON_CANONICAL,YES_AT_AGGREGATE_OR_DIFFERENT_GRAIN_ONLY,,PHYSICAL_ALLOCATION_EVIDENCE; GEOGRAPHY; CLASSIFICATION; PLAUSIBILITY CHECK; SENSITIVITY RESEARCH,PHYSICAL_EVIDENCE_ONLY,false,REQUIRES RECONCILIATION TO A DIRECT TERNA CONTROL AT THE SAME METRIC/GRAIN OR OTHER STRONG PRIMARY OPERATING EVIDENCE,UNCHANGED_SECONDARY_PHYSICAL_EVIDENCE,false
56,HDAM,HDAM,H2484,Maën Cignana,2,Valle d'Aosta,NORD,22,0,31.407696,31407.696,45.868104,7.61472419999999,811,16,n/a,,Other- https://cvaspa.it/centrale-di-maen-cignana,,,PHYSICAL INVENTORY INSTALLED CAPACITY; GROSS/NET BASIS NOT SPECIFIED,ELECTRICAL-EQUIVALENT RESERVOIR POTENTIAL ENERGY: REPORTED OR RECONSTRUCTED FROM BASIN VOLUME x WATER DENSITY x GRAVITY x AVERAGE HEAD x 87% TURBINE EFFICIENCY; ACTIVE/USABLE OPERATING RANGE NOT ESTABLISHED,ZENODO_14006948,raw/hydro_physical/Italian_Hydropower_Programmable_Plants_Database_v2_RAW.xlsx,9ba9b40399471e162d041b4a27b2da602c95bd38a5cfb07d2c4769205144f864,RAW_ROW_PRESERVED; OPEN-DATA VALUES NOT PROMOTED TO CANONICAL MEM INPUTS,OTHER_REPORTED_OR_INPUT_INCOMPLETE,30762.852,1.020961776,,HYDRO_RESERVOIR_OR_BASIN_PROGRAMMABLE,OPEN DATABASE HWR/HDAM CLASS; TERNA BASIN-VS-RESERVOIR THRESHOLD NOT AVAILABLE AT PLANT LEVEL,MEDIUM_FOR_PROGRAMMABLE_RESERVOIR; UNRESOLVED_BASIN_VS_RESERVOIR,YES,NO,NATURALLY_CHARGED_STORE_PLUS_FIXED_TURBINE_LINK; FINAL E_NOM NOT YET APPROVED,NOT_ESTABLISHED,PHYSICS-BASED ELECTRICAL-EQUIVALENT BASIN ENERGY; NOT A CONFIRMED ACTIVE OPERATING RANGE,PHYSICAL_RESERVOIR_EVIDENCE_ONLY; ACTIVE VOLUME/LEVEL AND INFLOW CALIBRATION REQUIRED BEFORE E_NOM,PHYSICAL_RESERVOIR_ENERGY_VIEW; SUBSET_NON_ADDITIVE,OPEN_PHYSICAL_DATABASE,OPEN_PHYSICAL_DATABASE_REPORTED_OR_INHERITED,OPEN_PHYSICAL_DATABASE,SECONDARY_NON_CANONICAL,YES_AT_AGGREGATE_OR_DIFFERENT_GRAIN_ONLY,,PHYSICAL_ALLOCATION_EVIDENCE; GEOGRAPHY; CLASSIFICATION; PLAUSIBILITY CHECK; SENSITIVITY RESEARCH,PHYSICAL_EVIDENCE_ONLY,false,REQUIRES RECONCILIATION TO A DIRECT TERNA CONTROL AT THE SAME METRIC/GRAIN OR OTHER STRONG PRIMARY OPERATING EVIDENCE,UNCHANGED_SECONDARY_PHYSICAL_EVIDENCE,false
57,HDAM,HDAM,H2486,Maën Perreres,2,Valle d'Aosta,NORD,25,0,0.080155058,80.155057,45.8717692,7.6067958,483,0.07,n/a,Other - http://appweb.regione.vda.it/dbweb/territorio/avvisidemanioidrico.nsf/(DocumentiADMIN)/94E66870DD50A674C1257F9500361EC7/$FILE/Relazione-%20PERRERES%20-%20MAEN.pdf?openelement,Other - http://appweb.regione.vda.it/dbweb/territorio/avvisidemanioidrico.nsf/(DocumentiADMIN)/94E66870DD50A674C1257F9500361EC7/$FILE/Relazione-%20PERRERES%20-%20MAEN.pdf?openelement,MIT,,PHYSICAL INVENTORY INSTALLED CAPACITY; GROSS/NET BASIS NOT SPECIFIED,ELECTRICAL-EQUIVALENT RESERVOIR POTENTIAL ENERGY: REPORTED OR RECONSTRUCTED FROM BASIN VOLUME x WATER DENSITY x GRAVITY x AVERAGE HEAD x 87% TURBINE EFFICIENCY; ACTIVE/USABLE OPERATING RANGE NOT ESTABLISHED,ZENODO_14006948,raw/hydro_physical/Italian_Hydropower_Programmable_Plants_Database_v2_RAW.xlsx,9ba9b40399471e162d041b4a27b2da602c95bd38a5cfb07d2c4769205144f864,RAW_ROW_PRESERVED; OPEN-DATA VALUES NOT PROMOTED TO CANONICAL MEM INPUTS,FORMULA_RECONSTRUCTED_EXACT,80.155058,0.999999994,80.1,HYDRO_RESERVOIR_OR_BASIN_PROGRAMMABLE,OPEN DATABASE HWR/HDAM CLASS; TERNA BASIN-VS-RESERVOIR THRESHOLD NOT AVAILABLE AT PLANT LEVEL,MEDIUM_FOR_PROGRAMMABLE_RESERVOIR; UNRESOLVED_BASIN_VS_RESERVOIR,YES,NO,NATURALLY_CHARGED_STORE_PLUS_FIXED_TURBINE_LINK; FINAL E_NOM NOT YET APPROVED,NOT_ESTABLISHED,PHYSICS-BASED ELECTRICAL-EQUIVALENT BASIN ENERGY; NOT A CONFIRMED ACTIVE OPERATING RANGE,PHYSICAL_RESERVOIR_EVIDENCE_ONLY; ACTIVE VOLUME/LEVEL AND INFLOW CALIBRATION REQUIRED BEFORE E_NOM,PHYSICAL_RESERVOIR_ENERGY_VIEW; SUBSET_NON_ADDITIVE,OPEN_PHYSICAL_DATABASE,DERIVED_PHYSICAL_RESERVOIR_ENERGY,OPEN_PHYSICAL_DATABASE,SECONDARY_NON_CANONICAL,YES_AT_AGGREGATE_OR_DIFFERENT_GRAIN_ONLY,,PHYSICAL_ALLOCATION_EVIDENCE; GEOGRAPHY; CLASSIFICATION; PLAUSIBILITY CHECK; SENSITIVITY RESEARCH,PHYSICAL_EVIDENCE_ONLY,false,REQUIRES RECONCILIATION TO A DIRECT TERNA CONTROL AT THE SAME METRIC/GRAIN OR OTHER STRONG PRIMARY OPERATING EVIDENCE,UNCHANGED_SECONDARY_PHYSICAL_EVIDENCE,false
58,HDAM,HDAM,H258,Lanzada UP_LANZADA_1,3,Lombardia,NORD,212,0,25.7131545,25713.1545,46.268585,9.877013,986,11,247,,Google Earth,,,PHYSICAL INVENTORY INSTALLED CAPACITY; GROSS/NET BASIS NOT SPECIFIED,ELECTRICAL-EQUIVALENT RESERVOIR POTENTIAL ENERGY: REPORTED OR RECONSTRUCTED FROM BASIN VOLUME x WATER DENSITY x GRAVITY x AVERAGE HEAD x 87% TURBINE EFFICIENCY; ACTIVE/USABLE OPERATING RANGE NOT ESTABLISHED,ZENODO_14006948,raw/hydro_physical/Italian_Hydropower_Programmable_Plants_Database_v2_RAW.xlsx,9ba9b40399471e162d041b4a27b2da602c95bd38a5cfb07d2c4769205144f864,RAW_ROW_PRESERVED; OPEN-DATA VALUES NOT PROMOTED TO CANONICAL MEM INPUTS,FORMULA_RECONSTRUCTED_EXACT,25713.1545,1,25713,HYDRO_RESERVOIR_OR_BASIN_PROGRAMMABLE,OPEN DATABASE HWR/HDAM CLASS; TERNA BASIN-VS-RESERVOIR THRESHOLD NOT AVAILABLE AT PLANT LEVEL,MEDIUM_FOR_PROGRAMMABLE_RESERVOIR; UNRESOLVED_BASIN_VS_RESERVOIR,YES,NO,NATURALLY_CHARGED_STORE_PLUS_FIXED_TURBINE_LINK; FINAL E_NOM NOT YET APPROVED,NOT_ESTABLISHED,PHYSICS-BASED ELECTRICAL-EQUIVALENT BASIN ENERGY; NOT A CONFIRMED ACTIVE OPERATING RANGE,PHYSICAL_RESERVOIR_EVIDENCE_ONLY; ACTIVE VOLUME/LEVEL AND INFLOW CALIBRATION REQUIRED BEFORE E_NOM,PHYSICAL_RESERVOIR_ENERGY_VIEW; SUBSET_NON_ADDITIVE,OPEN_PHYSICAL_DATABASE,DERIVED_PHYSICAL_RESERVOIR_ENERGY,OPEN_PHYSICAL_DATABASE,SECONDARY_NON_CANONICAL,YES_AT_AGGREGATE_OR_DIFFERENT_GRAIN_ONLY,,PHYSICAL_ALLOCATION_EVIDENCE; GEOGRAPHY; CLASSIFICATION; PLAUSIBILITY CHECK; SENSITIVITY RESEARCH,PHYSICAL_EVIDENCE_ONLY,false,REQUIRES RECONCILIATION TO A DIRECT TERNA CONTROL AT THE SAME METRIC/GRAIN OR OTHER STRONG PRIMARY OPERATING EVIDENCE,UNCHANGED_SECONDARY_PHYSICAL_EVIDENCE,false
59,HDAM,HDAM,H282,Naturno UP_CNTRLNTRNO_11,4,Trentino Alto Adige,NORD,230,0,113.0136525,113013.6525,46.651148,10.993403,1135,42,256,,Alperia,Alperia,,PHYSICAL INVENTORY INSTALLED CAPACITY; GROSS/NET BASIS NOT SPECIFIED,ELECTRICAL-EQUIVALENT RESERVOIR POTENTIAL ENERGY: REPORTED OR RECONSTRUCTED FROM BASIN VOLUME x WATER DENSITY x GRAVITY x AVERAGE HEAD x 87% TURBINE EFFICIENCY; ACTIVE/USABLE OPERATING RANGE NOT ESTABLISHED,ZENODO_14006948,raw/hydro_physical/Italian_Hydropower_Programmable_Plants_Database_v2_RAW.xlsx,9ba9b40399471e162d041b4a27b2da602c95bd38a5cfb07d2c4769205144f864,RAW_ROW_PRESERVED; OPEN-DATA VALUES NOT PROMOTED TO CANONICAL MEM INPUTS,FORMULA_RECONSTRUCTED_EXACT,113013.6525,1,,HYDRO_RESERVOIR_OR_BASIN_PROGRAMMABLE,OPEN DATABASE HWR/HDAM CLASS; TERNA BASIN-VS-RESERVOIR THRESHOLD NOT AVAILABLE AT PLANT LEVEL,MEDIUM_FOR_PROGRAMMABLE_RESERVOIR; UNRESOLVED_BASIN_VS_RESERVOIR,YES,NO,NATURALLY_CHARGED_STORE_PLUS_FIXED_TURBINE_LINK; FINAL E_NOM NOT YET APPROVED,NOT_ESTABLISHED,PHYSICS-BASED ELECTRICAL-EQUIVALENT BASIN ENERGY; NOT A CONFIRMED ACTIVE OPERATING RANGE,PHYSICAL_RESERVOIR_EVIDENCE_ONLY; ACTIVE VOLUME/LEVEL AND INFLOW CALIBRATION REQUIRED BEFORE E_NOM,PHYSICAL_RESERVOIR_ENERGY_VIEW; SUBSET_NON_ADDITIVE,OPEN_PHYSICAL_DATABASE,DERIVED_PHYSICAL_RESERVOIR_ENERGY,OPEN_PHYSICAL_DATABASE,SECONDARY_NON_CANONICAL,YES_AT_AGGREGATE_OR_DIFFERENT_GRAIN_ONLY,,PHYSICAL_ALLOCATION_EVIDENCE; GEOGRAPHY; CLASSIFICATION; PLAUSIBILITY CHECK; SENSITIVITY RESEARCH,PHYSICAL_EVIDENCE_ONLY,false,REQUIRES RECONCILIATION TO A DIRECT TERNA CONTROL AT THE SAME METRIC/GRAIN OR OTHER STRONG PRIMARY OPERATING EVIDENCE,UNCHANGED_SECONDARY_PHYSICAL_EVIDENCE,false
60,HDAM,HDAM,H304,Taio S.Giustina Mezzocorona UP_NOCE_1,4,Trentino Alto Adige,NORD,161,0,85.780728713,85780.728713,46.326132,11.063244,209.15,173,263,,Edison - https://www.edison.it/sites/default/files/documents/noce-dolomiti-edison-energy-1semestre2012.pdf,Edison,,PHYSICAL INVENTORY INSTALLED CAPACITY; GROSS/NET BASIS NOT SPECIFIED,ELECTRICAL-EQUIVALENT RESERVOIR POTENTIAL ENERGY: REPORTED OR RECONSTRUCTED FROM BASIN VOLUME x WATER DENSITY x GRAVITY x AVERAGE HEAD x 87% TURBINE EFFICIENCY; ACTIVE/USABLE OPERATING RANGE NOT ESTABLISHED,ZENODO_14006948,raw/hydro_physical/Italian_Hydropower_Programmable_Plants_Database_v2_RAW.xlsx,9ba9b40399471e162d041b4a27b2da602c95bd38a5cfb07d2c4769205144f864,RAW_ROW_PRESERVED; OPEN-DATA VALUES NOT PROMOTED TO CANONICAL MEM INPUTS,FORMULA_RECONSTRUCTED_EXACT,85780.728713,1,,HYDRO_RESERVOIR_OR_BASIN_PROGRAMMABLE,OPEN DATABASE HWR/HDAM CLASS; TERNA BASIN-VS-RESERVOIR THRESHOLD NOT AVAILABLE AT PLANT LEVEL,MEDIUM_FOR_PROGRAMMABLE_RESERVOIR; UNRESOLVED_BASIN_VS_RESERVOIR,YES,NO,NATURALLY_CHARGED_STORE_PLUS_FIXED_TURBINE_LINK; FINAL E_NOM NOT YET APPROVED,NOT_ESTABLISHED,PHYSICS-BASED ELECTRICAL-EQUIVALENT BASIN ENERGY; NOT A CONFIRMED ACTIVE OPERATING RANGE,PHYSICAL_RESERVOIR_EVIDENCE_ONLY; ACTIVE VOLUME/LEVEL AND INFLOW CALIBRATION REQUIRED BEFORE E_NOM,PHYSICAL_RESERVOIR_ENERGY_VIEW; SUBSET_NON_ADDITIVE,OPEN_PHYSICAL_DATABASE,DERIVED_PHYSICAL_RESERVOIR_ENERGY,OPEN_PHYSICAL_DATABASE,SECONDARY_NON_CANONICAL,YES_AT_AGGREGATE_OR_DIFFERENT_GRAIN_ONLY,,PHYSICAL_ALLOCATION_EVIDENCE; GEOGRAPHY; CLASSIFICATION; PLAUSIBILITY CHECK; SENSITIVITY RESEARCH,PHYSICAL_EVIDENCE_ONLY,false,REQUIRES RECONCILIATION TO A DIRECT TERNA CONTROL AT THE SAME METRIC/GRAIN OR OTHER STRONG PRIMARY OPERATING EVIDENCE,UNCHANGED_SECONDARY_PHYSICAL_EVIDENCE,false
61,HDAM,HDAM,H3301,Centrale Uvini Monte Su Rei,20,Sardegna,SARD,14.42,0,55.28589,55285.89,39.599699,9.257067,40,583,n/a,,Other - https://dgdighe.mit.gov.it/categoria/articolo/_dighe_di_rilievo/diga_di_nuraghe_arrubiu,https://dgdighe.mit.gov.it/categoria/articolo/_dighe_di_rilievo/diga_di_nuraghe_arrubiu, ,PHYSICAL INVENTORY INSTALLED CAPACITY; GROSS/NET BASIS NOT SPECIFIED,ELECTRICAL-EQUIVALENT RESERVOIR POTENTIAL ENERGY: REPORTED OR RECONSTRUCTED FROM BASIN VOLUME x WATER DENSITY x GRAVITY x AVERAGE HEAD x 87% TURBINE EFFICIENCY; ACTIVE/USABLE OPERATING RANGE NOT ESTABLISHED,ZENODO_14006948,raw/hydro_physical/Italian_Hydropower_Programmable_Plants_Database_v2_RAW.xlsx,9ba9b40399471e162d041b4a27b2da602c95bd38a5cfb07d2c4769205144f864,RAW_ROW_PRESERVED; OPEN-DATA VALUES NOT PROMOTED TO CANONICAL MEM INPUTS,FORMULA_RECONSTRUCTED_EXACT,55285.89,1,55285,HYDRO_RESERVOIR_OR_BASIN_PROGRAMMABLE,OPEN DATABASE HWR/HDAM CLASS; TERNA BASIN-VS-RESERVOIR THRESHOLD NOT AVAILABLE AT PLANT LEVEL,MEDIUM_FOR_PROGRAMMABLE_RESERVOIR; UNRESOLVED_BASIN_VS_RESERVOIR,YES,NO,NATURALLY_CHARGED_STORE_PLUS_FIXED_TURBINE_LINK; FINAL E_NOM NOT YET APPROVED,NOT_ESTABLISHED,PHYSICS-BASED ELECTRICAL-EQUIVALENT BASIN ENERGY; NOT A CONFIRMED ACTIVE OPERATING RANGE,PHYSICAL_RESERVOIR_EVIDENCE_ONLY; ACTIVE VOLUME/LEVEL AND INFLOW CALIBRATION REQUIRED BEFORE E_NOM,PHYSICAL_RESERVOIR_ENERGY_VIEW; SUBSET_NON_ADDITIVE,OPEN_PHYSICAL_DATABASE,DERIVED_PHYSICAL_RESERVOIR_ENERGY,OPEN_PHYSICAL_DATABASE,SECONDARY_NON_CANONICAL,YES_AT_AGGREGATE_OR_DIFFERENT_GRAIN_ONLY,,PHYSICAL_ALLOCATION_EVIDENCE; GEOGRAPHY; CLASSIFICATION; PLAUSIBILITY CHECK; SENSITIVITY RESEARCH,PHYSICAL_EVIDENCE_ONLY,false,REQUIRES RECONCILIATION TO A DIRECT TERNA CONTROL AT THE SAME METRIC/GRAIN OR OTHER STRONG PRIMARY OPERATING EVIDENCE,UNCHANGED_SECONDARY_PHYSICAL_EVIDENCE,false
62,HDAM,HDAM,H3302,Caroso Borzonasca,7,Liguria,NORD,9,0,0.204349167,204.349167,44.42463,9.395171,391.8,0.22,n/a,,Tirreno Power,MIT,,PHYSICAL INVENTORY INSTALLED CAPACITY; GROSS/NET BASIS NOT SPECIFIED,ELECTRICAL-EQUIVALENT RESERVOIR POTENTIAL ENERGY: REPORTED OR RECONSTRUCTED FROM BASIN VOLUME x WATER DENSITY x GRAVITY x AVERAGE HEAD x 87% TURBINE EFFICIENCY; ACTIVE/USABLE OPERATING RANGE NOT ESTABLISHED,ZENODO_14006948,raw/hydro_physical/Italian_Hydropower_Programmable_Plants_Database_v2_RAW.xlsx,9ba9b40399471e162d041b4a27b2da602c95bd38a5cfb07d2c4769205144f864,RAW_ROW_PRESERVED; OPEN-DATA VALUES NOT PROMOTED TO CANONICAL MEM INPUTS,FORMULA_RECONSTRUCTED_EXACT,204.349167,1,20434,HYDRO_RESERVOIR_OR_BASIN_PROGRAMMABLE,OPEN DATABASE HWR/HDAM CLASS; TERNA BASIN-VS-RESERVOIR THRESHOLD NOT AVAILABLE AT PLANT LEVEL,MEDIUM_FOR_PROGRAMMABLE_RESERVOIR; UNRESOLVED_BASIN_VS_RESERVOIR,YES,NO,NATURALLY_CHARGED_STORE_PLUS_FIXED_TURBINE_LINK; FINAL E_NOM NOT YET APPROVED,NOT_ESTABLISHED,PHYSICS-BASED ELECTRICAL-EQUIVALENT BASIN ENERGY; NOT A CONFIRMED ACTIVE OPERATING RANGE,PHYSICAL_RESERVOIR_EVIDENCE_ONLY; ACTIVE VOLUME/LEVEL AND INFLOW CALIBRATION REQUIRED BEFORE E_NOM,PHYSICAL_RESERVOIR_ENERGY_VIEW; SUBSET_NON_ADDITIVE,OPEN_PHYSICAL_DATABASE,DERIVED_PHYSICAL_RESERVOIR_ENERGY,OPEN_PHYSICAL_DATABASE,SECONDARY_NON_CANONICAL,YES_AT_AGGREGATE_OR_DIFFERENT_GRAIN_ONLY,,PHYSICAL_ALLOCATION_EVIDENCE; GEOGRAPHY; CLASSIFICATION; PLAUSIBILITY CHECK; SENSITIVITY RESEARCH,PHYSICAL_EVIDENCE_ONLY,false,REQUIRES RECONCILIATION TO A DIRECT TERNA CONTROL AT THE SAME METRIC/GRAIN OR OTHER STRONG PRIMARY OPERATING EVIDENCE,UNCHANGED_SECONDARY_PHYSICAL_EVIDENCE,false
63,HDAM,HDAM,H3303,San Michele Caroso Borzonasca,7,Liguria,NORD,9,0,4.490622493,4490.622493,44.42463,9.395171,393.8,4.81,n/a,,Tirreno Power,MIT,,PHYSICAL INVENTORY INSTALLED CAPACITY; GROSS/NET BASIS NOT SPECIFIED,ELECTRICAL-EQUIVALENT RESERVOIR POTENTIAL ENERGY: REPORTED OR RECONSTRUCTED FROM BASIN VOLUME x WATER DENSITY x GRAVITY x AVERAGE HEAD x 87% TURBINE EFFICIENCY; ACTIVE/USABLE OPERATING RANGE NOT ESTABLISHED,ZENODO_14006948,raw/hydro_physical/Italian_Hydropower_Programmable_Plants_Database_v2_RAW.xlsx,9ba9b40399471e162d041b4a27b2da602c95bd38a5cfb07d2c4769205144f864,RAW_ROW_PRESERVED; OPEN-DATA VALUES NOT PROMOTED TO CANONICAL MEM INPUTS,FORMULA_RECONSTRUCTED_EXACT,4490.622494,1,4490,HYDRO_RESERVOIR_OR_BASIN_PROGRAMMABLE,OPEN DATABASE HWR/HDAM CLASS; TERNA BASIN-VS-RESERVOIR THRESHOLD NOT AVAILABLE AT PLANT LEVEL,MEDIUM_FOR_PROGRAMMABLE_RESERVOIR; UNRESOLVED_BASIN_VS_RESERVOIR,YES,NO,NATURALLY_CHARGED_STORE_PLUS_FIXED_TURBINE_LINK; FINAL E_NOM NOT YET APPROVED,NOT_ESTABLISHED,PHYSICS-BASED ELECTRICAL-EQUIVALENT BASIN ENERGY; NOT A CONFIRMED ACTIVE OPERATING RANGE,PHYSICAL_RESERVOIR_EVIDENCE_ONLY; ACTIVE VOLUME/LEVEL AND INFLOW CALIBRATION REQUIRED BEFORE E_NOM,PHYSICAL_RESERVOIR_ENERGY_VIEW; SUBSET_NON_ADDITIVE,OPEN_PHYSICAL_DATABASE,DERIVED_PHYSICAL_RESERVOIR_ENERGY,OPEN_PHYSICAL_DATABASE,SECONDARY_NON_CANONICAL,YES_AT_AGGREGATE_OR_DIFFERENT_GRAIN_ONLY,,PHYSICAL_ALLOCATION_EVIDENCE; GEOGRAPHY; CLASSIFICATION; PLAUSIBILITY CHECK; SENSITIVITY RESEARCH,PHYSICAL_EVIDENCE_ONLY,false,REQUIRES RECONCILIATION TO A DIRECT TERNA CONTROL AT THE SAME METRIC/GRAIN OR OTHER STRONG PRIMARY OPERATING EVIDENCE,UNCHANGED_SECONDARY_PHYSICAL_EVIDENCE,false
64,HDAM,HDAM,H3306,Cairo Montenotte,7,Liguria,NORD,7,0,2.82071835,2820.71835,44.3938,8.2787,90,13.22,n/a,,Tirreno Power,MIT,,PHYSICAL INVENTORY INSTALLED CAPACITY; GROSS/NET BASIS NOT SPECIFIED,ELECTRICAL-EQUIVALENT RESERVOIR POTENTIAL ENERGY: REPORTED OR RECONSTRUCTED FROM BASIN VOLUME x WATER DENSITY x GRAVITY x AVERAGE HEAD x 87% TURBINE EFFICIENCY; ACTIVE/USABLE OPERATING RANGE NOT ESTABLISHED,ZENODO_14006948,raw/hydro_physical/Italian_Hydropower_Programmable_Plants_Database_v2_RAW.xlsx,9ba9b40399471e162d041b4a27b2da602c95bd38a5cfb07d2c4769205144f864,RAW_ROW_PRESERVED; OPEN-DATA VALUES NOT PROMOTED TO CANONICAL MEM INPUTS,FORMULA_RECONSTRUCTED_EXACT,2820.71835,1,,HYDRO_RESERVOIR_OR_BASIN_PROGRAMMABLE,OPEN DATABASE HWR/HDAM CLASS; TERNA BASIN-VS-RESERVOIR THRESHOLD NOT AVAILABLE AT PLANT LEVEL,MEDIUM_FOR_PROGRAMMABLE_RESERVOIR; UNRESOLVED_BASIN_VS_RESERVOIR,YES,NO,NATURALLY_CHARGED_STORE_PLUS_FIXED_TURBINE_LINK; FINAL E_NOM NOT YET APPROVED,NOT_ESTABLISHED,PHYSICS-BASED ELECTRICAL-EQUIVALENT BASIN ENERGY; NOT A CONFIRMED ACTIVE OPERATING RANGE,PHYSICAL_RESERVOIR_EVIDENCE_ONLY; ACTIVE VOLUME/LEVEL AND INFLOW CALIBRATION REQUIRED BEFORE E_NOM,PHYSICAL_RESERVOIR_ENERGY_VIEW; SUBSET_NON_ADDITIVE,OPEN_PHYSICAL_DATABASE,DERIVED_PHYSICAL_RESERVOIR_ENERGY,OPEN_PHYSICAL_DATABASE,SECONDARY_NON_CANONICAL,YES_AT_AGGREGATE_OR_DIFFERENT_GRAIN_ONLY,,PHYSICAL_ALLOCATION_EVIDENCE; GEOGRAPHY; CLASSIFICATION; PLAUSIBILITY CHECK; SENSITIVITY RESEARCH,PHYSICAL_EVIDENCE_ONLY,false,REQUIRES RECONCILIATION TO A DIRECT TERNA CONTROL AT THE SAME METRIC/GRAIN OR OTHER STRONG PRIMARY OPERATING EVIDENCE,UNCHANGED_SECONDARY_PHYSICAL_EVIDENCE,false
65,HDAM,HDAM,H3307,Spigno Monferrato,1,Piemonte,NORD,12.8,0,0.365332575,365.332575,44.539551,8.338876,67,2.3,n/a,,Tirreno Power,MIT,,PHYSICAL INVENTORY INSTALLED CAPACITY; GROSS/NET BASIS NOT SPECIFIED,ELECTRICAL-EQUIVALENT RESERVOIR POTENTIAL ENERGY: REPORTED OR RECONSTRUCTED FROM BASIN VOLUME x WATER DENSITY x GRAVITY x AVERAGE HEAD x 87% TURBINE EFFICIENCY; ACTIVE/USABLE OPERATING RANGE NOT ESTABLISHED,ZENODO_14006948,raw/hydro_physical/Italian_Hydropower_Programmable_Plants_Database_v2_RAW.xlsx,9ba9b40399471e162d041b4a27b2da602c95bd38a5cfb07d2c4769205144f864,RAW_ROW_PRESERVED; OPEN-DATA VALUES NOT PROMOTED TO CANONICAL MEM INPUTS,FORMULA_RECONSTRUCTED_EXACT,365.332575,1,365,HYDRO_RESERVOIR_OR_BASIN_PROGRAMMABLE,OPEN DATABASE HWR/HDAM CLASS; TERNA BASIN-VS-RESERVOIR THRESHOLD NOT AVAILABLE AT PLANT LEVEL,MEDIUM_FOR_PROGRAMMABLE_RESERVOIR; UNRESOLVED_BASIN_VS_RESERVOIR,YES,NO,NATURALLY_CHARGED_STORE_PLUS_FIXED_TURBINE_LINK; FINAL E_NOM NOT YET APPROVED,NOT_ESTABLISHED,PHYSICS-BASED ELECTRICAL-EQUIVALENT BASIN ENERGY; NOT A CONFIRMED ACTIVE OPERATING RANGE,PHYSICAL_RESERVOIR_EVIDENCE_ONLY; ACTIVE VOLUME/LEVEL AND INFLOW CALIBRATION REQUIRED BEFORE E_NOM,PHYSICAL_RESERVOIR_ENERGY_VIEW; SUBSET_NON_ADDITIVE,OPEN_PHYSICAL_DATABASE,DERIVED_PHYSICAL_RESERVOIR_ENERGY,OPEN_PHYSICAL_DATABASE,SECONDARY_NON_CANONICAL,YES_AT_AGGREGATE_OR_DIFFERENT_GRAIN_ONLY,,PHYSICAL_ALLOCATION_EVIDENCE; GEOGRAPHY; CLASSIFICATION; PLAUSIBILITY CHECK; SENSITIVITY RESEARCH,PHYSICAL_EVIDENCE_ONLY,false,REQUIRES RECONCILIATION TO A DIRECT TERNA CONTROL AT THE SAME METRIC/GRAIN OR OTHER STRONG PRIMARY OPERATING EVIDENCE,UNCHANGED_SECONDARY_PHYSICAL_EVIDENCE,false
66,HDAM,HDAM,H3308,Molare,1,Piemonte,NORD,6,0,0.210759675,210.759675,44.613917,8.606257,88.9,1,n/a,,Tirreno Power,MIT,,PHYSICAL INVENTORY INSTALLED CAPACITY; GROSS/NET BASIS NOT SPECIFIED,ELECTRICAL-EQUIVALENT RESERVOIR POTENTIAL ENERGY: REPORTED OR RECONSTRUCTED FROM BASIN VOLUME x WATER DENSITY x GRAVITY x AVERAGE HEAD x 87% TURBINE EFFICIENCY; ACTIVE/USABLE OPERATING RANGE NOT ESTABLISHED,ZENODO_14006948,raw/hydro_physical/Italian_Hydropower_Programmable_Plants_Database_v2_RAW.xlsx,9ba9b40399471e162d041b4a27b2da602c95bd38a5cfb07d2c4769205144f864,RAW_ROW_PRESERVED; OPEN-DATA VALUES NOT PROMOTED TO CANONICAL MEM INPUTS,FORMULA_RECONSTRUCTED_EXACT,210.759675,1,,HYDRO_RESERVOIR_OR_BASIN_PROGRAMMABLE,OPEN DATABASE HWR/HDAM CLASS; TERNA BASIN-VS-RESERVOIR THRESHOLD NOT AVAILABLE AT PLANT LEVEL,MEDIUM_FOR_PROGRAMMABLE_RESERVOIR; UNRESOLVED_BASIN_VS_RESERVOIR,YES,NO,NATURALLY_CHARGED_STORE_PLUS_FIXED_TURBINE_LINK; FINAL E_NOM NOT YET APPROVED,NOT_ESTABLISHED,PHYSICS-BASED ELECTRICAL-EQUIVALENT BASIN ENERGY; NOT A CONFIRMED ACTIVE OPERATING RANGE,PHYSICAL_RESERVOIR_EVIDENCE_ONLY; ACTIVE VOLUME/LEVEL AND INFLOW CALIBRATION REQUIRED BEFORE E_NOM,PHYSICAL_RESERVOIR_ENERGY_VIEW; SUBSET_NON_ADDITIVE,OPEN_PHYSICAL_DATABASE,DERIVED_PHYSICAL_RESERVOIR_ENERGY,OPEN_PHYSICAL_DATABASE,SECONDARY_NON_CANONICAL,YES_AT_AGGREGATE_OR_DIFFERENT_GRAIN_ONLY,,PHYSICAL_ALLOCATION_EVIDENCE; GEOGRAPHY; CLASSIFICATION; PLAUSIBILITY CHECK; SENSITIVITY RESEARCH,PHYSICAL_EVIDENCE_ONLY,false,REQUIRES RECONCILIATION TO A DIRECT TERNA CONTROL AT THE SAME METRIC/GRAIN OR OTHER STRONG PRIMARY OPERATING EVIDENCE,UNCHANGED_SECONDARY_PHYSICAL_EVIDENCE,false
67,HDAM,HDAM,H3309,Ponte Vizzà,7,Liguria,NORD,5.8,0,0.03081975,30.81975,44.250215,9.679784,50,0.26,n/a,,Tirreno Power,MIT,,PHYSICAL INVENTORY INSTALLED CAPACITY; GROSS/NET BASIS NOT SPECIFIED,ELECTRICAL-EQUIVALENT RESERVOIR POTENTIAL ENERGY: REPORTED OR RECONSTRUCTED FROM BASIN VOLUME x WATER DENSITY x GRAVITY x AVERAGE HEAD x 87% TURBINE EFFICIENCY; ACTIVE/USABLE OPERATING RANGE NOT ESTABLISHED,ZENODO_14006948,raw/hydro_physical/Italian_Hydropower_Programmable_Plants_Database_v2_RAW.xlsx,9ba9b40399471e162d041b4a27b2da602c95bd38a5cfb07d2c4769205144f864,RAW_ROW_PRESERVED; OPEN-DATA VALUES NOT PROMOTED TO CANONICAL MEM INPUTS,FORMULA_RECONSTRUCTED_EXACT,30.81975,1,,HYDRO_RESERVOIR_OR_BASIN_PROGRAMMABLE,OPEN DATABASE HWR/HDAM CLASS; TERNA BASIN-VS-RESERVOIR THRESHOLD NOT AVAILABLE AT PLANT LEVEL,MEDIUM_FOR_PROGRAMMABLE_RESERVOIR; UNRESOLVED_BASIN_VS_RESERVOIR,YES,NO,NATURALLY_CHARGED_STORE_PLUS_FIXED_TURBINE_LINK; FINAL E_NOM NOT YET APPROVED,NOT_ESTABLISHED,PHYSICS-BASED ELECTRICAL-EQUIVALENT BASIN ENERGY; NOT A CONFIRMED ACTIVE OPERATING RANGE,PHYSICAL_RESERVOIR_EVIDENCE_ONLY; ACTIVE VOLUME/LEVEL AND INFLOW CALIBRATION REQUIRED BEFORE E_NOM,PHYSICAL_RESERVOIR_ENERGY_VIEW; SUBSET_NON_ADDITIVE,OPEN_PHYSICAL_DATABASE,DERIVED_PHYSICAL_RESERVOIR_ENERGY,OPEN_PHYSICAL_DATABASE,SECONDARY_NON_CANONICAL,YES_AT_AGGREGATE_OR_DIFFERENT_GRAIN_ONLY,,PHYSICAL_ALLOCATION_EVIDENCE; GEOGRAPHY; CLASSIFICATION; PLAUSIBILITY CHECK; SENSITIVITY RESEARCH,PHYSICAL_EVIDENCE_ONLY,false,REQUIRES RECONCILIATION TO A DIRECT TERNA CONTROL AT THE SAME METRIC/GRAIN OR OTHER STRONG PRIMARY OPERATING EVIDENCE,UNCHANGED_SECONDARY_PHYSICAL_EVIDENCE,false
68,HDAM,HDAM,H3310,Radicone Troina,19,Sicilia,SICI,29.8,0,48.06695625,48066.95625,37.829642,14.576644,405.5,50,n/a,,Other - https://www.regione.sicilia.it/sites/default/files/2021-10/Allegato_05-e.pdf,MIT,,PHYSICAL INVENTORY INSTALLED CAPACITY; GROSS/NET BASIS NOT SPECIFIED,ELECTRICAL-EQUIVALENT RESERVOIR POTENTIAL ENERGY: REPORTED OR RECONSTRUCTED FROM BASIN VOLUME x WATER DENSITY x GRAVITY x AVERAGE HEAD x 87% TURBINE EFFICIENCY; ACTIVE/USABLE OPERATING RANGE NOT ESTABLISHED,ZENODO_14006948,raw/hydro_physical/Italian_Hydropower_Programmable_Plants_Database_v2_RAW.xlsx,9ba9b40399471e162d041b4a27b2da602c95bd38a5cfb07d2c4769205144f864,RAW_ROW_PRESERVED; OPEN-DATA VALUES NOT PROMOTED TO CANONICAL MEM INPUTS,FORMULA_RECONSTRUCTED_EXACT,48066.95625,1,,HYDRO_RESERVOIR_OR_BASIN_PROGRAMMABLE,OPEN DATABASE HWR/HDAM CLASS; TERNA BASIN-VS-RESERVOIR THRESHOLD NOT AVAILABLE AT PLANT LEVEL,MEDIUM_FOR_PROGRAMMABLE_RESERVOIR; UNRESOLVED_BASIN_VS_RESERVOIR,YES,NO,NATURALLY_CHARGED_STORE_PLUS_FIXED_TURBINE_LINK; FINAL E_NOM NOT YET APPROVED,NOT_ESTABLISHED,PHYSICS-BASED ELECTRICAL-EQUIVALENT BASIN ENERGY; NOT A CONFIRMED ACTIVE OPERATING RANGE,PHYSICAL_RESERVOIR_EVIDENCE_ONLY; ACTIVE VOLUME/LEVEL AND INFLOW CALIBRATION REQUIRED BEFORE E_NOM,PHYSICAL_RESERVOIR_ENERGY_VIEW; SUBSET_NON_ADDITIVE,OPEN_PHYSICAL_DATABASE,DERIVED_PHYSICAL_RESERVOIR_ENERGY,OPEN_PHYSICAL_DATABASE,SECONDARY_NON_CANONICAL,YES_AT_AGGREGATE_OR_DIFFERENT_GRAIN_ONLY,,PHYSICAL_ALLOCATION_EVIDENCE; GEOGRAPHY; CLASSIFICATION; PLAUSIBILITY CHECK; SENSITIVITY RESEARCH,PHYSICAL_EVIDENCE_ONLY,false,REQUIRES RECONCILIATION TO A DIRECT TERNA CONTROL AT THE SAME METRIC/GRAIN OR OTHER STRONG PRIMARY OPERATING EVIDENCE,UNCHANGED_SECONDARY_PHYSICAL_EVIDENCE,false
69,HDAM,HDAM,H3311,Centrale di Contrasto Adrano,19,Sicilia,SICI,35,0,0.534189699,534.189699,37.65189,14.805299,121.9,1.8484429202430548,n/a,,Other - https://www.regione.sicilia.it/sites/default/files/2021-10/Allegato_05-e.pdf,Calculated,,PHYSICAL INVENTORY INSTALLED CAPACITY; GROSS/NET BASIS NOT SPECIFIED,ELECTRICAL-EQUIVALENT RESERVOIR POTENTIAL ENERGY: REPORTED OR RECONSTRUCTED FROM BASIN VOLUME x WATER DENSITY x GRAVITY x AVERAGE HEAD x 87% TURBINE EFFICIENCY; ACTIVE/USABLE OPERATING RANGE NOT ESTABLISHED,ZENODO_14006948,raw/hydro_physical/Italian_Hydropower_Programmable_Plants_Database_v2_RAW.xlsx,9ba9b40399471e162d041b4a27b2da602c95bd38a5cfb07d2c4769205144f864,RAW_ROW_PRESERVED; OPEN-DATA VALUES NOT PROMOTED TO CANONICAL MEM INPUTS,FORMULA_RECONSTRUCTED_EXACT,534.189699,1,,HYDRO_RESERVOIR_OR_BASIN_PROGRAMMABLE,OPEN DATABASE HWR/HDAM CLASS; TERNA BASIN-VS-RESERVOIR THRESHOLD NOT AVAILABLE AT PLANT LEVEL,MEDIUM_FOR_PROGRAMMABLE_RESERVOIR; UNRESOLVED_BASIN_VS_RESERVOIR,YES,NO,NATURALLY_CHARGED_STORE_PLUS_FIXED_TURBINE_LINK; FINAL E_NOM NOT YET APPROVED,NOT_ESTABLISHED,PHYSICS-BASED ELECTRICAL-EQUIVALENT BASIN ENERGY; NOT A CONFIRMED ACTIVE OPERATING RANGE,PHYSICAL_RESERVOIR_EVIDENCE_ONLY; ACTIVE VOLUME/LEVEL AND INFLOW CALIBRATION REQUIRED BEFORE E_NOM,PHYSICAL_RESERVOIR_ENERGY_VIEW; SUBSET_NON_ADDITIVE,OPEN_PHYSICAL_DATABASE,DERIVED_PHYSICAL_RESERVOIR_ENERGY,OPEN_PHYSICAL_DATABASE,SECONDARY_NON_CANONICAL,YES_AT_AGGREGATE_OR_DIFFERENT_GRAIN_ONLY,,PHYSICAL_ALLOCATION_EVIDENCE; GEOGRAPHY; CLASSIFICATION; PLAUSIBILITY CHECK; SENSITIVITY RESEARCH,PHYSICAL_EVIDENCE_ONLY,false,REQUIRES RECONCILIATION TO A DIRECT TERNA CONTROL AT THE SAME METRIC/GRAIN OR OTHER STRONG PRIMARY OPERATING EVIDENCE,UNCHANGED_SECONDARY_PHYSICAL_EVIDENCE,false
70,HDAM,HDAM,H3314,Telessio - Eugio - Rosone,1,Piemonte,NORD,82.4,0,80.641416863,80641.416863,45.433313,7.417422,1217,27.95,n/a,Iren - https://www.gruppoiren.it/it/i-nostri-servizi/produzione-energia/impianti-idroelettrici.html,Iren - https://www.gruppoiren.it/it/i-nostri-servizi/produzione-energia/impianti-idroelettrici.html,MIT,,PHYSICAL INVENTORY INSTALLED CAPACITY; GROSS/NET BASIS NOT SPECIFIED,ELECTRICAL-EQUIVALENT RESERVOIR POTENTIAL ENERGY: REPORTED OR RECONSTRUCTED FROM BASIN VOLUME x WATER DENSITY x GRAVITY x AVERAGE HEAD x 87% TURBINE EFFICIENCY; ACTIVE/USABLE OPERATING RANGE NOT ESTABLISHED,ZENODO_14006948,raw/hydro_physical/Italian_Hydropower_Programmable_Plants_Database_v2_RAW.xlsx,9ba9b40399471e162d041b4a27b2da602c95bd38a5cfb07d2c4769205144f864,RAW_ROW_PRESERVED; OPEN-DATA VALUES NOT PROMOTED TO CANONICAL MEM INPUTS,FORMULA_RECONSTRUCTED_EXACT,80641.416863,1,,HYDRO_RESERVOIR_OR_BASIN_PROGRAMMABLE,OPEN DATABASE HWR/HDAM CLASS; TERNA BASIN-VS-RESERVOIR THRESHOLD NOT AVAILABLE AT PLANT LEVEL,MEDIUM_FOR_PROGRAMMABLE_RESERVOIR; UNRESOLVED_BASIN_VS_RESERVOIR,YES,NO,NATURALLY_CHARGED_STORE_PLUS_FIXED_TURBINE_LINK; FINAL E_NOM NOT YET APPROVED,NOT_ESTABLISHED,PHYSICS-BASED ELECTRICAL-EQUIVALENT BASIN ENERGY; NOT A CONFIRMED ACTIVE OPERATING RANGE,PHYSICAL_RESERVOIR_EVIDENCE_ONLY; ACTIVE VOLUME/LEVEL AND INFLOW CALIBRATION REQUIRED BEFORE E_NOM,PHYSICAL_RESERVOIR_ENERGY_VIEW; SUBSET_NON_ADDITIVE,OPEN_PHYSICAL_DATABASE,DERIVED_PHYSICAL_RESERVOIR_ENERGY,OPEN_PHYSICAL_DATABASE,SECONDARY_NON_CANONICAL,YES_AT_AGGREGATE_OR_DIFFERENT_GRAIN_ONLY,,PHYSICAL_ALLOCATION_EVIDENCE; GEOGRAPHY; CLASSIFICATION; PLAUSIBILITY CHECK; SENSITIVITY RESEARCH,PHYSICAL_EVIDENCE_ONLY,false,REQUIRES RECONCILIATION TO A DIRECT TERNA CONTROL AT THE SAME METRIC/GRAIN OR OTHER STRONG PRIMARY OPERATING EVIDENCE,UNCHANGED_SECONDARY_PHYSICAL_EVIDENCE,false
71,HDAM,HDAM,H3315,San Lorenzo - Rosone,1,Piemonte,NORD,4.3,0,0,0,45.433313,7.417422,254,0,n/a,Iren - https://www.gruppoiren.it/it/i-nostri-servizi/produzione-energia/impianti-idroelettrici.html,Progetto dighe,,,PHYSICAL INVENTORY INSTALLED CAPACITY; GROSS/NET BASIS NOT SPECIFIED,ELECTRICAL-EQUIVALENT RESERVOIR POTENTIAL ENERGY: REPORTED OR RECONSTRUCTED FROM BASIN VOLUME x WATER DENSITY x GRAVITY x AVERAGE HEAD x 87% TURBINE EFFICIENCY; ACTIVE/USABLE OPERATING RANGE NOT ESTABLISHED,ZENODO_14006948,raw/hydro_physical/Italian_Hydropower_Programmable_Plants_Database_v2_RAW.xlsx,9ba9b40399471e162d041b4a27b2da602c95bd38a5cfb07d2c4769205144f864,RAW_ROW_PRESERVED; OPEN-DATA VALUES NOT PROMOTED TO CANONICAL MEM INPUTS,FORMULA_RECONSTRUCTED_EXACT,0,,,HYDRO_RESERVOIR_OR_BASIN_PROGRAMMABLE,OPEN DATABASE HWR/HDAM CLASS; TERNA BASIN-VS-RESERVOIR THRESHOLD NOT AVAILABLE AT PLANT LEVEL,MEDIUM_FOR_PROGRAMMABLE_RESERVOIR; UNRESOLVED_BASIN_VS_RESERVOIR,YES,NO,NATURALLY_CHARGED_STORE_PLUS_FIXED_TURBINE_LINK; FINAL E_NOM NOT YET APPROVED,NOT_ESTABLISHED,PHYSICS-BASED ELECTRICAL-EQUIVALENT BASIN ENERGY; NOT A CONFIRMED ACTIVE OPERATING RANGE,PHYSICAL_RESERVOIR_EVIDENCE_ONLY; ACTIVE VOLUME/LEVEL AND INFLOW CALIBRATION REQUIRED BEFORE E_NOM,PHYSICAL_RESERVOIR_ENERGY_VIEW; SUBSET_NON_ADDITIVE,OPEN_PHYSICAL_DATABASE,DERIVED_PHYSICAL_RESERVOIR_ENERGY,OPEN_PHYSICAL_DATABASE,SECONDARY_NON_CANONICAL,YES_AT_AGGREGATE_OR_DIFFERENT_GRAIN_ONLY,,PHYSICAL_ALLOCATION_EVIDENCE; GEOGRAPHY; CLASSIFICATION; PLAUSIBILITY CHECK; SENSITIVITY RESEARCH,PHYSICAL_EVIDENCE_ONLY,false,REQUIRES RECONCILIATION TO A DIRECT TERNA CONTROL AT THE SAME METRIC/GRAIN OR OTHER STRONG PRIMARY OPERATING EVIDENCE,UNCHANGED_SECONDARY_PHYSICAL_EVIDENCE,false
72,HDAM,HDAM,H3327,Centrale di Canistro,13,Abruzzo,CSUD,7.96,0,0.04039758,40.39758,41.9407659,13.4028744,106.5,0.16,n/a,,,,,PHYSICAL INVENTORY INSTALLED CAPACITY; GROSS/NET BASIS NOT SPECIFIED,ELECTRICAL-EQUIVALENT RESERVOIR POTENTIAL ENERGY: REPORTED OR RECONSTRUCTED FROM BASIN VOLUME x WATER DENSITY x GRAVITY x AVERAGE HEAD x 87% TURBINE EFFICIENCY; ACTIVE/USABLE OPERATING RANGE NOT ESTABLISHED,ZENODO_14006948,raw/hydro_physical/Italian_Hydropower_Programmable_Plants_Database_v2_RAW.xlsx,9ba9b40399471e162d041b4a27b2da602c95bd38a5cfb07d2c4769205144f864,RAW_ROW_PRESERVED; OPEN-DATA VALUES NOT PROMOTED TO CANONICAL MEM INPUTS,FORMULA_RECONSTRUCTED_EXACT,40.39758,1,,HYDRO_RESERVOIR_OR_BASIN_PROGRAMMABLE,OPEN DATABASE HWR/HDAM CLASS; TERNA BASIN-VS-RESERVOIR THRESHOLD NOT AVAILABLE AT PLANT LEVEL,MEDIUM_FOR_PROGRAMMABLE_RESERVOIR; UNRESOLVED_BASIN_VS_RESERVOIR,YES,NO,NATURALLY_CHARGED_STORE_PLUS_FIXED_TURBINE_LINK; FINAL E_NOM NOT YET APPROVED,NOT_ESTABLISHED,PHYSICS-BASED ELECTRICAL-EQUIVALENT BASIN ENERGY; NOT A CONFIRMED ACTIVE OPERATING RANGE,PHYSICAL_RESERVOIR_EVIDENCE_ONLY; ACTIVE VOLUME/LEVEL AND INFLOW CALIBRATION REQUIRED BEFORE E_NOM,PHYSICAL_RESERVOIR_ENERGY_VIEW; SUBSET_NON_ADDITIVE,OPEN_PHYSICAL_DATABASE,DERIVED_PHYSICAL_RESERVOIR_ENERGY,OPEN_PHYSICAL_DATABASE,SECONDARY_NON_CANONICAL,YES_AT_AGGREGATE_OR_DIFFERENT_GRAIN_ONLY,,PHYSICAL_ALLOCATION_EVIDENCE; GEOGRAPHY; CLASSIFICATION; PLAUSIBILITY CHECK; SENSITIVITY RESEARCH,PHYSICAL_EVIDENCE_ONLY,false,REQUIRES RECONCILIATION TO A DIRECT TERNA CONTROL AT THE SAME METRIC/GRAIN OR OTHER STRONG PRIMARY OPERATING EVIDENCE,UNCHANGED_SECONDARY_PHYSICAL_EVIDENCE,false
73,HDAM,HDAM,H3331,Centrale Santu Miali,20,Sardegna,SARD,27.5,0,0.38169075,381.69075,39.5366292,8.9544651,115,1.4,n/a,,,,,PHYSICAL INVENTORY INSTALLED CAPACITY; GROSS/NET BASIS NOT SPECIFIED,ELECTRICAL-EQUIVALENT RESERVOIR POTENTIAL ENERGY: REPORTED OR RECONSTRUCTED FROM BASIN VOLUME x WATER DENSITY x GRAVITY x AVERAGE HEAD x 87% TURBINE EFFICIENCY; ACTIVE/USABLE OPERATING RANGE NOT ESTABLISHED,ZENODO_14006948,raw/hydro_physical/Italian_Hydropower_Programmable_Plants_Database_v2_RAW.xlsx,9ba9b40399471e162d041b4a27b2da602c95bd38a5cfb07d2c4769205144f864,RAW_ROW_PRESERVED; OPEN-DATA VALUES NOT PROMOTED TO CANONICAL MEM INPUTS,FORMULA_RECONSTRUCTED_EXACT,381.69075,1,,HYDRO_RESERVOIR_OR_BASIN_PROGRAMMABLE,OPEN DATABASE HWR/HDAM CLASS; TERNA BASIN-VS-RESERVOIR THRESHOLD NOT AVAILABLE AT PLANT LEVEL,MEDIUM_FOR_PROGRAMMABLE_RESERVOIR; UNRESOLVED_BASIN_VS_RESERVOIR,YES,NO,NATURALLY_CHARGED_STORE_PLUS_FIXED_TURBINE_LINK; FINAL E_NOM NOT YET APPROVED,NOT_ESTABLISHED,PHYSICS-BASED ELECTRICAL-EQUIVALENT BASIN ENERGY; NOT A CONFIRMED ACTIVE OPERATING RANGE,PHYSICAL_RESERVOIR_EVIDENCE_ONLY; ACTIVE VOLUME/LEVEL AND INFLOW CALIBRATION REQUIRED BEFORE E_NOM,PHYSICAL_RESERVOIR_ENERGY_VIEW; SUBSET_NON_ADDITIVE,OPEN_PHYSICAL_DATABASE,DERIVED_PHYSICAL_RESERVOIR_ENERGY,OPEN_PHYSICAL_DATABASE,SECONDARY_NON_CANONICAL,YES_AT_AGGREGATE_OR_DIFFERENT_GRAIN_ONLY,,PHYSICAL_ALLOCATION_EVIDENCE; GEOGRAPHY; CLASSIFICATION; PLAUSIBILITY CHECK; SENSITIVITY RESEARCH,PHYSICAL_EVIDENCE_ONLY,false,REQUIRES RECONCILIATION TO A DIRECT TERNA CONTROL AT THE SAME METRIC/GRAIN OR OTHER STRONG PRIMARY OPERATING EVIDENCE,UNCHANGED_SECONDARY_PHYSICAL_EVIDENCE,false
74,HDAM,HDAM,H3332,Centrale di Casteldoria,20,Sardegna,SARD,5,0,0.218820225,218.820225,40.889793,8.893944,26,3.55,n/a,,Other - https://www.regione.sardegna.it/documenti/20_959_20210218122548.pdf,Other - https://www.regione.sardegna.it/documenti/20_959_20210218122548.pdf,,PHYSICAL INVENTORY INSTALLED CAPACITY; GROSS/NET BASIS NOT SPECIFIED,ELECTRICAL-EQUIVALENT RESERVOIR POTENTIAL ENERGY: REPORTED OR RECONSTRUCTED FROM BASIN VOLUME x WATER DENSITY x GRAVITY x AVERAGE HEAD x 87% TURBINE EFFICIENCY; ACTIVE/USABLE OPERATING RANGE NOT ESTABLISHED,ZENODO_14006948,raw/hydro_physical/Italian_Hydropower_Programmable_Plants_Database_v2_RAW.xlsx,9ba9b40399471e162d041b4a27b2da602c95bd38a5cfb07d2c4769205144f864,RAW_ROW_PRESERVED; OPEN-DATA VALUES NOT PROMOTED TO CANONICAL MEM INPUTS,FORMULA_RECONSTRUCTED_EXACT,218.820225,1,,HYDRO_RESERVOIR_OR_BASIN_PROGRAMMABLE,OPEN DATABASE HWR/HDAM CLASS; TERNA BASIN-VS-RESERVOIR THRESHOLD NOT AVAILABLE AT PLANT LEVEL,MEDIUM_FOR_PROGRAMMABLE_RESERVOIR; UNRESOLVED_BASIN_VS_RESERVOIR,YES,NO,NATURALLY_CHARGED_STORE_PLUS_FIXED_TURBINE_LINK; FINAL E_NOM NOT YET APPROVED,NOT_ESTABLISHED,PHYSICS-BASED ELECTRICAL-EQUIVALENT BASIN ENERGY; NOT A CONFIRMED ACTIVE OPERATING RANGE,PHYSICAL_RESERVOIR_EVIDENCE_ONLY; ACTIVE VOLUME/LEVEL AND INFLOW CALIBRATION REQUIRED BEFORE E_NOM,PHYSICAL_RESERVOIR_ENERGY_VIEW; SUBSET_NON_ADDITIVE,OPEN_PHYSICAL_DATABASE,DERIVED_PHYSICAL_RESERVOIR_ENERGY,OPEN_PHYSICAL_DATABASE,SECONDARY_NON_CANONICAL,YES_AT_AGGREGATE_OR_DIFFERENT_GRAIN_ONLY,,PHYSICAL_ALLOCATION_EVIDENCE; GEOGRAPHY; CLASSIFICATION; PLAUSIBILITY CHECK; SENSITIVITY RESEARCH,PHYSICAL_EVIDENCE_ONLY,false,REQUIRES RECONCILIATION TO A DIRECT TERNA CONTROL AT THE SAME METRIC/GRAIN OR OTHER STRONG PRIMARY OPERATING EVIDENCE,UNCHANGED_SECONDARY_PHYSICAL_EVIDENCE,false
75,HDAM,HDAM,H3411,Centrale di Premadio - S. Giacomo,3,Lombardia,NORD,254.5,0,288.388153103,288388.153103,46.4862865,10.3492706,646.7,188.1,n/a,,Wikipedia,MIT,,PHYSICAL INVENTORY INSTALLED CAPACITY; GROSS/NET BASIS NOT SPECIFIED,ELECTRICAL-EQUIVALENT RESERVOIR POTENTIAL ENERGY: REPORTED OR RECONSTRUCTED FROM BASIN VOLUME x WATER DENSITY x GRAVITY x AVERAGE HEAD x 87% TURBINE EFFICIENCY; ACTIVE/USABLE OPERATING RANGE NOT ESTABLISHED,ZENODO_14006948,raw/hydro_physical/Italian_Hydropower_Programmable_Plants_Database_v2_RAW.xlsx,9ba9b40399471e162d041b4a27b2da602c95bd38a5cfb07d2c4769205144f864,RAW_ROW_PRESERVED; OPEN-DATA VALUES NOT PROMOTED TO CANONICAL MEM INPUTS,JRC_REPORTED_OR_INHERITED,288388.153103,1,288388,HYDRO_RESERVOIR_OR_BASIN_PROGRAMMABLE,OPEN DATABASE HWR/HDAM CLASS; TERNA BASIN-VS-RESERVOIR THRESHOLD NOT AVAILABLE AT PLANT LEVEL,MEDIUM_FOR_PROGRAMMABLE_RESERVOIR; UNRESOLVED_BASIN_VS_RESERVOIR,YES,NO,NATURALLY_CHARGED_STORE_PLUS_FIXED_TURBINE_LINK; FINAL E_NOM NOT YET APPROVED,NOT_ESTABLISHED,PHYSICS-BASED ELECTRICAL-EQUIVALENT BASIN ENERGY; NOT A CONFIRMED ACTIVE OPERATING RANGE,PHYSICAL_RESERVOIR_EVIDENCE_ONLY; ACTIVE VOLUME/LEVEL AND INFLOW CALIBRATION REQUIRED BEFORE E_NOM,PHYSICAL_RESERVOIR_ENERGY_VIEW; SUBSET_NON_ADDITIVE,OPEN_PHYSICAL_DATABASE,OPEN_PHYSICAL_DATABASE_REPORTED_OR_INHERITED,OPEN_PHYSICAL_DATABASE,SECONDARY_NON_CANONICAL,YES_AT_AGGREGATE_OR_DIFFERENT_GRAIN_ONLY,,PHYSICAL_ALLOCATION_EVIDENCE; GEOGRAPHY; CLASSIFICATION; PLAUSIBILITY CHECK; SENSITIVITY RESEARCH,PHYSICAL_EVIDENCE_ONLY,false,REQUIRES RECONCILIATION TO A DIRECT TERNA CONTROL AT THE SAME METRIC/GRAIN OR OTHER STRONG PRIMARY OPERATING EVIDENCE,UNCHANGED_SECONDARY_PHYSICAL_EVIDENCE,false
76,HDAM,HDAM,H3412,Centrale di Ampezzo,6,Friuli Venezia Giulia,NORD,62.1,0,79.6572,79657.2,46.4277312,12.7834987,480,70,n/a,,a2a,MIT,,PHYSICAL INVENTORY INSTALLED CAPACITY; GROSS/NET BASIS NOT SPECIFIED,ELECTRICAL-EQUIVALENT RESERVOIR POTENTIAL ENERGY: REPORTED OR RECONSTRUCTED FROM BASIN VOLUME x WATER DENSITY x GRAVITY x AVERAGE HEAD x 87% TURBINE EFFICIENCY; ACTIVE/USABLE OPERATING RANGE NOT ESTABLISHED,ZENODO_14006948,raw/hydro_physical/Italian_Hydropower_Programmable_Plants_Database_v2_RAW.xlsx,9ba9b40399471e162d041b4a27b2da602c95bd38a5cfb07d2c4769205144f864,RAW_ROW_PRESERVED; OPEN-DATA VALUES NOT PROMOTED TO CANONICAL MEM INPUTS,FORMULA_RECONSTRUCTED_EXACT,79657.2,1,79657,HYDRO_RESERVOIR_OR_BASIN_PROGRAMMABLE,OPEN DATABASE HWR/HDAM CLASS; TERNA BASIN-VS-RESERVOIR THRESHOLD NOT AVAILABLE AT PLANT LEVEL,MEDIUM_FOR_PROGRAMMABLE_RESERVOIR; UNRESOLVED_BASIN_VS_RESERVOIR,YES,NO,NATURALLY_CHARGED_STORE_PLUS_FIXED_TURBINE_LINK; FINAL E_NOM NOT YET APPROVED,NOT_ESTABLISHED,PHYSICS-BASED ELECTRICAL-EQUIVALENT BASIN ENERGY; NOT A CONFIRMED ACTIVE OPERATING RANGE,PHYSICAL_RESERVOIR_EVIDENCE_ONLY; ACTIVE VOLUME/LEVEL AND INFLOW CALIBRATION REQUIRED BEFORE E_NOM,PHYSICAL_RESERVOIR_ENERGY_VIEW; SUBSET_NON_ADDITIVE,OPEN_PHYSICAL_DATABASE,DERIVED_PHYSICAL_RESERVOIR_ENERGY,OPEN_PHYSICAL_DATABASE,SECONDARY_NON_CANONICAL,YES_AT_AGGREGATE_OR_DIFFERENT_GRAIN_ONLY,,PHYSICAL_ALLOCATION_EVIDENCE; GEOGRAPHY; CLASSIFICATION; PLAUSIBILITY CHECK; SENSITIVITY RESEARCH,PHYSICAL_EVIDENCE_ONLY,false,REQUIRES RECONCILIATION TO A DIRECT TERNA CONTROL AT THE SAME METRIC/GRAIN OR OTHER STRONG PRIMARY OPERATING EVIDENCE,UNCHANGED_SECONDARY_PHYSICAL_EVIDENCE,false
77,HDAM,HDAM,H3413,Centrale di San Bernardo,3,Lombardia,NORD,34.2,0,48.07881,48078.81,46.3420087,9.3687663,1014,20,n/a,,a2a,a2a,,PHYSICAL INVENTORY INSTALLED CAPACITY; GROSS/NET BASIS NOT SPECIFIED,ELECTRICAL-EQUIVALENT RESERVOIR POTENTIAL ENERGY: REPORTED OR RECONSTRUCTED FROM BASIN VOLUME x WATER DENSITY x GRAVITY x AVERAGE HEAD x 87% TURBINE EFFICIENCY; ACTIVE/USABLE OPERATING RANGE NOT ESTABLISHED,ZENODO_14006948,raw/hydro_physical/Italian_Hydropower_Programmable_Plants_Database_v2_RAW.xlsx,9ba9b40399471e162d041b4a27b2da602c95bd38a5cfb07d2c4769205144f864,RAW_ROW_PRESERVED; OPEN-DATA VALUES NOT PROMOTED TO CANONICAL MEM INPUTS,FORMULA_RECONSTRUCTED_EXACT,48078.81,1,,HYDRO_RESERVOIR_OR_BASIN_PROGRAMMABLE,OPEN DATABASE HWR/HDAM CLASS; TERNA BASIN-VS-RESERVOIR THRESHOLD NOT AVAILABLE AT PLANT LEVEL,MEDIUM_FOR_PROGRAMMABLE_RESERVOIR; UNRESOLVED_BASIN_VS_RESERVOIR,YES,NO,NATURALLY_CHARGED_STORE_PLUS_FIXED_TURBINE_LINK; FINAL E_NOM NOT YET APPROVED,NOT_ESTABLISHED,PHYSICS-BASED ELECTRICAL-EQUIVALENT BASIN ENERGY; NOT A CONFIRMED ACTIVE OPERATING RANGE,PHYSICAL_RESERVOIR_EVIDENCE_ONLY; ACTIVE VOLUME/LEVEL AND INFLOW CALIBRATION REQUIRED BEFORE E_NOM,PHYSICAL_RESERVOIR_ENERGY_VIEW; SUBSET_NON_ADDITIVE,OPEN_PHYSICAL_DATABASE,DERIVED_PHYSICAL_RESERVOIR_ENERGY,OPEN_PHYSICAL_DATABASE,SECONDARY_NON_CANONICAL,YES_AT_AGGREGATE_OR_DIFFERENT_GRAIN_ONLY,,PHYSICAL_ALLOCATION_EVIDENCE; GEOGRAPHY; CLASSIFICATION; PLAUSIBILITY CHECK; SENSITIVITY RESEARCH,PHYSICAL_EVIDENCE_ONLY,false,REQUIRES RECONCILIATION TO A DIRECT TERNA CONTROL AT THE SAME METRIC/GRAIN OR OTHER STRONG PRIMARY OPERATING EVIDENCE,UNCHANGED_SECONDARY_PHYSICAL_EVIDENCE,false
78,HDAM,HDAM,H3414,Centrale di Prestone,3,Lombardia,NORD,23.5,0,0.070147648,70.147648,46.392704,9.353384,184.93,0.16,n/a,,Wikipedia,MIT,,PHYSICAL INVENTORY INSTALLED CAPACITY; GROSS/NET BASIS NOT SPECIFIED,ELECTRICAL-EQUIVALENT RESERVOIR POTENTIAL ENERGY: REPORTED OR RECONSTRUCTED FROM BASIN VOLUME x WATER DENSITY x GRAVITY x AVERAGE HEAD x 87% TURBINE EFFICIENCY; ACTIVE/USABLE OPERATING RANGE NOT ESTABLISHED,ZENODO_14006948,raw/hydro_physical/Italian_Hydropower_Programmable_Plants_Database_v2_RAW.xlsx,9ba9b40399471e162d041b4a27b2da602c95bd38a5cfb07d2c4769205144f864,RAW_ROW_PRESERVED; OPEN-DATA VALUES NOT PROMOTED TO CANONICAL MEM INPUTS,FORMULA_RECONSTRUCTED_EXACT,70.147648,1.000000006,70,HYDRO_RESERVOIR_OR_BASIN_PROGRAMMABLE,OPEN DATABASE HWR/HDAM CLASS; TERNA BASIN-VS-RESERVOIR THRESHOLD NOT AVAILABLE AT PLANT LEVEL,MEDIUM_FOR_PROGRAMMABLE_RESERVOIR; UNRESOLVED_BASIN_VS_RESERVOIR,YES,NO,NATURALLY_CHARGED_STORE_PLUS_FIXED_TURBINE_LINK; FINAL E_NOM NOT YET APPROVED,NOT_ESTABLISHED,PHYSICS-BASED ELECTRICAL-EQUIVALENT BASIN ENERGY; NOT A CONFIRMED ACTIVE OPERATING RANGE,PHYSICAL_RESERVOIR_EVIDENCE_ONLY; ACTIVE VOLUME/LEVEL AND INFLOW CALIBRATION REQUIRED BEFORE E_NOM,PHYSICAL_RESERVOIR_ENERGY_VIEW; SUBSET_NON_ADDITIVE,OPEN_PHYSICAL_DATABASE,DERIVED_PHYSICAL_RESERVOIR_ENERGY,OPEN_PHYSICAL_DATABASE,SECONDARY_NON_CANONICAL,YES_AT_AGGREGATE_OR_DIFFERENT_GRAIN_ONLY,,PHYSICAL_ALLOCATION_EVIDENCE; GEOGRAPHY; CLASSIFICATION; PLAUSIBILITY CHECK; SENSITIVITY RESEARCH,PHYSICAL_EVIDENCE_ONLY,false,REQUIRES RECONCILIATION TO A DIRECT TERNA CONTROL AT THE SAME METRIC/GRAIN OR OTHER STRONG PRIMARY OPERATING EVIDENCE,UNCHANGED_SECONDARY_PHYSICAL_EVIDENCE,false
79,HDAM,HDAM,H3415,Isolato Madesimo,3,Lombardia,NORD,16.2,0,1.150781016,1150.781016,46.443199,9.335009,275.8,1.76,n/a,,a2a,MIT,,PHYSICAL INVENTORY INSTALLED CAPACITY; GROSS/NET BASIS NOT SPECIFIED,ELECTRICAL-EQUIVALENT RESERVOIR POTENTIAL ENERGY: REPORTED OR RECONSTRUCTED FROM BASIN VOLUME x WATER DENSITY x GRAVITY x AVERAGE HEAD x 87% TURBINE EFFICIENCY; ACTIVE/USABLE OPERATING RANGE NOT ESTABLISHED,ZENODO_14006948,raw/hydro_physical/Italian_Hydropower_Programmable_Plants_Database_v2_RAW.xlsx,9ba9b40399471e162d041b4a27b2da602c95bd38a5cfb07d2c4769205144f864,RAW_ROW_PRESERVED; OPEN-DATA VALUES NOT PROMOTED TO CANONICAL MEM INPUTS,FORMULA_RECONSTRUCTED_EXACT,1150.781016,1,1150,HYDRO_RESERVOIR_OR_BASIN_PROGRAMMABLE,OPEN DATABASE HWR/HDAM CLASS; TERNA BASIN-VS-RESERVOIR THRESHOLD NOT AVAILABLE AT PLANT LEVEL,MEDIUM_FOR_PROGRAMMABLE_RESERVOIR; UNRESOLVED_BASIN_VS_RESERVOIR,YES,NO,NATURALLY_CHARGED_STORE_PLUS_FIXED_TURBINE_LINK; FINAL E_NOM NOT YET APPROVED,NOT_ESTABLISHED,PHYSICS-BASED ELECTRICAL-EQUIVALENT BASIN ENERGY; NOT A CONFIRMED ACTIVE OPERATING RANGE,PHYSICAL_RESERVOIR_EVIDENCE_ONLY; ACTIVE VOLUME/LEVEL AND INFLOW CALIBRATION REQUIRED BEFORE E_NOM,PHYSICAL_RESERVOIR_ENERGY_VIEW; SUBSET_NON_ADDITIVE,OPEN_PHYSICAL_DATABASE,DERIVED_PHYSICAL_RESERVOIR_ENERGY,OPEN_PHYSICAL_DATABASE,SECONDARY_NON_CANONICAL,YES_AT_AGGREGATE_OR_DIFFERENT_GRAIN_ONLY,,PHYSICAL_ALLOCATION_EVIDENCE; GEOGRAPHY; CLASSIFICATION; PLAUSIBILITY CHECK; SENSITIVITY RESEARCH,PHYSICAL_EVIDENCE_ONLY,false,REQUIRES RECONCILIATION TO A DIRECT TERNA CONTROL AT THE SAME METRIC/GRAIN OR OTHER STRONG PRIMARY OPERATING EVIDENCE,UNCHANGED_SECONDARY_PHYSICAL_EVIDENCE,false
80,HDAM,HDAM,H3422,Edison ARMISA (UP_ALTOADDA_1),3,Lombardia,NORD,14.58,0,1.462714818,1462.714818,46.176359,9.982129,232- 804,0.49-0.626,n/a,,Progetto Dighe,Progetto Dighe,,PHYSICAL INVENTORY INSTALLED CAPACITY; GROSS/NET BASIS NOT SPECIFIED,ELECTRICAL-EQUIVALENT RESERVOIR POTENTIAL ENERGY: REPORTED OR RECONSTRUCTED FROM BASIN VOLUME x WATER DENSITY x GRAVITY x AVERAGE HEAD x 87% TURBINE EFFICIENCY; ACTIVE/USABLE OPERATING RANGE NOT ESTABLISHED,ZENODO_14006948,raw/hydro_physical/Italian_Hydropower_Programmable_Plants_Database_v2_RAW.xlsx,9ba9b40399471e162d041b4a27b2da602c95bd38a5cfb07d2c4769205144f864,RAW_ROW_PRESERVED; OPEN-DATA VALUES NOT PROMOTED TO CANONICAL MEM INPUTS,OTHER_REPORTED_OR_INPUT_INCOMPLETE,,,1462,HYDRO_RESERVOIR_OR_BASIN_PROGRAMMABLE,OPEN DATABASE HWR/HDAM CLASS; TERNA BASIN-VS-RESERVOIR THRESHOLD NOT AVAILABLE AT PLANT LEVEL,MEDIUM_FOR_PROGRAMMABLE_RESERVOIR; UNRESOLVED_BASIN_VS_RESERVOIR,YES,NO,NATURALLY_CHARGED_STORE_PLUS_FIXED_TURBINE_LINK; FINAL E_NOM NOT YET APPROVED,NOT_ESTABLISHED,PHYSICS-BASED ELECTRICAL-EQUIVALENT BASIN ENERGY; NOT A CONFIRMED ACTIVE OPERATING RANGE,PHYSICAL_RESERVOIR_EVIDENCE_ONLY; ACTIVE VOLUME/LEVEL AND INFLOW CALIBRATION REQUIRED BEFORE E_NOM,PHYSICAL_RESERVOIR_ENERGY_VIEW; SUBSET_NON_ADDITIVE,OPEN_PHYSICAL_DATABASE,OPEN_PHYSICAL_DATABASE_REPORTED_OR_INHERITED,OPEN_PHYSICAL_DATABASE,SECONDARY_NON_CANONICAL,YES_AT_AGGREGATE_OR_DIFFERENT_GRAIN_ONLY,,PHYSICAL_ALLOCATION_EVIDENCE; GEOGRAPHY; CLASSIFICATION; PLAUSIBILITY CHECK; SENSITIVITY RESEARCH,PHYSICAL_EVIDENCE_ONLY,false,REQUIRES RECONCILIATION TO A DIRECT TERNA CONTROL AT THE SAME METRIC/GRAIN OR OTHER STRONG PRIMARY OPERATING EVIDENCE,UNCHANGED_SECONDARY_PHYSICAL_EVIDENCE,false
81,HDAM,HDAM,H3423,Edison Publino (UP_ALTOADDA_1),3,Lombardia,NORD,2.11,0,4.0539825,4053.9825,46.150244,9.818459,342,5,n/a,,Progetto Dighe,Progetto Dighe,,PHYSICAL INVENTORY INSTALLED CAPACITY; GROSS/NET BASIS NOT SPECIFIED,ELECTRICAL-EQUIVALENT RESERVOIR POTENTIAL ENERGY: REPORTED OR RECONSTRUCTED FROM BASIN VOLUME x WATER DENSITY x GRAVITY x AVERAGE HEAD x 87% TURBINE EFFICIENCY; ACTIVE/USABLE OPERATING RANGE NOT ESTABLISHED,ZENODO_14006948,raw/hydro_physical/Italian_Hydropower_Programmable_Plants_Database_v2_RAW.xlsx,9ba9b40399471e162d041b4a27b2da602c95bd38a5cfb07d2c4769205144f864,RAW_ROW_PRESERVED; OPEN-DATA VALUES NOT PROMOTED TO CANONICAL MEM INPUTS,FORMULA_RECONSTRUCTED_EXACT,4053.9825,1,4053,HYDRO_RESERVOIR_OR_BASIN_PROGRAMMABLE,OPEN DATABASE HWR/HDAM CLASS; TERNA BASIN-VS-RESERVOIR THRESHOLD NOT AVAILABLE AT PLANT LEVEL,MEDIUM_FOR_PROGRAMMABLE_RESERVOIR; UNRESOLVED_BASIN_VS_RESERVOIR,YES,NO,NATURALLY_CHARGED_STORE_PLUS_FIXED_TURBINE_LINK; FINAL E_NOM NOT YET APPROVED,NOT_ESTABLISHED,PHYSICS-BASED ELECTRICAL-EQUIVALENT BASIN ENERGY; NOT A CONFIRMED ACTIVE OPERATING RANGE,PHYSICAL_RESERVOIR_EVIDENCE_ONLY; ACTIVE VOLUME/LEVEL AND INFLOW CALIBRATION REQUIRED BEFORE E_NOM,PHYSICAL_RESERVOIR_ENERGY_VIEW; SUBSET_NON_ADDITIVE,OPEN_PHYSICAL_DATABASE,DERIVED_PHYSICAL_RESERVOIR_ENERGY,OPEN_PHYSICAL_DATABASE,SECONDARY_NON_CANONICAL,YES_AT_AGGREGATE_OR_DIFFERENT_GRAIN_ONLY,,PHYSICAL_ALLOCATION_EVIDENCE; GEOGRAPHY; CLASSIFICATION; PLAUSIBILITY CHECK; SENSITIVITY RESEARCH,PHYSICAL_EVIDENCE_ONLY,false,REQUIRES RECONCILIATION TO A DIRECT TERNA CONTROL AT THE SAME METRIC/GRAIN OR OTHER STRONG PRIMARY OPERATING EVIDENCE,UNCHANGED_SECONDARY_PHYSICAL_EVIDENCE,false
82,HDAM,HDAM,H3425,Edison VEDELLO (UP_ALTOADDA_1),3,Lombardia,NORD,37.32,0,9.597459336,9597.459336,46.15944,9.929995,446.83,9.06,n/a,,Progetto Dighe,MIT,,PHYSICAL INVENTORY INSTALLED CAPACITY; GROSS/NET BASIS NOT SPECIFIED,ELECTRICAL-EQUIVALENT RESERVOIR POTENTIAL ENERGY: REPORTED OR RECONSTRUCTED FROM BASIN VOLUME x WATER DENSITY x GRAVITY x AVERAGE HEAD x 87% TURBINE EFFICIENCY; ACTIVE/USABLE OPERATING RANGE NOT ESTABLISHED,ZENODO_14006948,raw/hydro_physical/Italian_Hydropower_Programmable_Plants_Database_v2_RAW.xlsx,9ba9b40399471e162d041b4a27b2da602c95bd38a5cfb07d2c4769205144f864,RAW_ROW_PRESERVED; OPEN-DATA VALUES NOT PROMOTED TO CANONICAL MEM INPUTS,FORMULA_RECONSTRUCTED_EXACT,9597.459336,1,,HYDRO_RESERVOIR_OR_BASIN_PROGRAMMABLE,OPEN DATABASE HWR/HDAM CLASS; TERNA BASIN-VS-RESERVOIR THRESHOLD NOT AVAILABLE AT PLANT LEVEL,MEDIUM_FOR_PROGRAMMABLE_RESERVOIR; UNRESOLVED_BASIN_VS_RESERVOIR,YES,NO,NATURALLY_CHARGED_STORE_PLUS_FIXED_TURBINE_LINK; FINAL E_NOM NOT YET APPROVED,NOT_ESTABLISHED,PHYSICS-BASED ELECTRICAL-EQUIVALENT BASIN ENERGY; NOT A CONFIRMED ACTIVE OPERATING RANGE,PHYSICAL_RESERVOIR_EVIDENCE_ONLY; ACTIVE VOLUME/LEVEL AND INFLOW CALIBRATION REQUIRED BEFORE E_NOM,PHYSICAL_RESERVOIR_ENERGY_VIEW; SUBSET_NON_ADDITIVE,OPEN_PHYSICAL_DATABASE,DERIVED_PHYSICAL_RESERVOIR_ENERGY,OPEN_PHYSICAL_DATABASE,SECONDARY_NON_CANONICAL,YES_AT_AGGREGATE_OR_DIFFERENT_GRAIN_ONLY,,PHYSICAL_ALLOCATION_EVIDENCE; GEOGRAPHY; CLASSIFICATION; PLAUSIBILITY CHECK; SENSITIVITY RESEARCH,PHYSICAL_EVIDENCE_ONLY,false,REQUIRES RECONCILIATION TO A DIRECT TERNA CONTROL AT THE SAME METRIC/GRAIN OR OTHER STRONG PRIMARY OPERATING EVIDENCE,UNCHANGED_SECONDARY_PHYSICAL_EVIDENCE,false
83,HDAM,HDAM,H3426,Edison Belviso,3,Lombardia,NORD,62,0,66.9736875,66973.6875,46.160817,10.086202,565,50,n/a,,Progetto Dighe,MIT,,PHYSICAL INVENTORY INSTALLED CAPACITY; GROSS/NET BASIS NOT SPECIFIED,ELECTRICAL-EQUIVALENT RESERVOIR POTENTIAL ENERGY: REPORTED OR RECONSTRUCTED FROM BASIN VOLUME x WATER DENSITY x GRAVITY x AVERAGE HEAD x 87% TURBINE EFFICIENCY; ACTIVE/USABLE OPERATING RANGE NOT ESTABLISHED,ZENODO_14006948,raw/hydro_physical/Italian_Hydropower_Programmable_Plants_Database_v2_RAW.xlsx,9ba9b40399471e162d041b4a27b2da602c95bd38a5cfb07d2c4769205144f864,RAW_ROW_PRESERVED; OPEN-DATA VALUES NOT PROMOTED TO CANONICAL MEM INPUTS,FORMULA_RECONSTRUCTED_EXACT,66973.6875,1,,HYDRO_RESERVOIR_OR_BASIN_PROGRAMMABLE,OPEN DATABASE HWR/HDAM CLASS; TERNA BASIN-VS-RESERVOIR THRESHOLD NOT AVAILABLE AT PLANT LEVEL,MEDIUM_FOR_PROGRAMMABLE_RESERVOIR; UNRESOLVED_BASIN_VS_RESERVOIR,YES,NO,NATURALLY_CHARGED_STORE_PLUS_FIXED_TURBINE_LINK; FINAL E_NOM NOT YET APPROVED,NOT_ESTABLISHED,PHYSICS-BASED ELECTRICAL-EQUIVALENT BASIN ENERGY; NOT A CONFIRMED ACTIVE OPERATING RANGE,PHYSICAL_RESERVOIR_EVIDENCE_ONLY; ACTIVE VOLUME/LEVEL AND INFLOW CALIBRATION REQUIRED BEFORE E_NOM,PHYSICAL_RESERVOIR_ENERGY_VIEW; SUBSET_NON_ADDITIVE,OPEN_PHYSICAL_DATABASE,DERIVED_PHYSICAL_RESERVOIR_ENERGY,OPEN_PHYSICAL_DATABASE,SECONDARY_NON_CANONICAL,YES_AT_AGGREGATE_OR_DIFFERENT_GRAIN_ONLY,,PHYSICAL_ALLOCATION_EVIDENCE; GEOGRAPHY; CLASSIFICATION; PLAUSIBILITY CHECK; SENSITIVITY RESEARCH,PHYSICAL_EVIDENCE_ONLY,false,REQUIRES RECONCILIATION TO A DIRECT TERNA CONTROL AT THE SAME METRIC/GRAIN OR OTHER STRONG PRIMARY OPERATING EVIDENCE,UNCHANGED_SECONDARY_PHYSICAL_EVIDENCE,false
84,HDAM,HDAM,H3427,Edison Ganda,3,Lombardia,NORD,60,0,63.4175625,63417.5625,46.171156,10.06145,535,50,n/a,,Progetto Dighe,MIT,,PHYSICAL INVENTORY INSTALLED CAPACITY; GROSS/NET BASIS NOT SPECIFIED,ELECTRICAL-EQUIVALENT RESERVOIR POTENTIAL ENERGY: REPORTED OR RECONSTRUCTED FROM BASIN VOLUME x WATER DENSITY x GRAVITY x AVERAGE HEAD x 87% TURBINE EFFICIENCY; ACTIVE/USABLE OPERATING RANGE NOT ESTABLISHED,ZENODO_14006948,raw/hydro_physical/Italian_Hydropower_Programmable_Plants_Database_v2_RAW.xlsx,9ba9b40399471e162d041b4a27b2da602c95bd38a5cfb07d2c4769205144f864,RAW_ROW_PRESERVED; OPEN-DATA VALUES NOT PROMOTED TO CANONICAL MEM INPUTS,FORMULA_RECONSTRUCTED_EXACT,63417.5625,1,,HYDRO_RESERVOIR_OR_BASIN_PROGRAMMABLE,OPEN DATABASE HWR/HDAM CLASS; TERNA BASIN-VS-RESERVOIR THRESHOLD NOT AVAILABLE AT PLANT LEVEL,MEDIUM_FOR_PROGRAMMABLE_RESERVOIR; UNRESOLVED_BASIN_VS_RESERVOIR,YES,NO,NATURALLY_CHARGED_STORE_PLUS_FIXED_TURBINE_LINK; FINAL E_NOM NOT YET APPROVED,NOT_ESTABLISHED,PHYSICS-BASED ELECTRICAL-EQUIVALENT BASIN ENERGY; NOT A CONFIRMED ACTIVE OPERATING RANGE,PHYSICAL_RESERVOIR_EVIDENCE_ONLY; ACTIVE VOLUME/LEVEL AND INFLOW CALIBRATION REQUIRED BEFORE E_NOM,PHYSICAL_RESERVOIR_ENERGY_VIEW; SUBSET_NON_ADDITIVE,OPEN_PHYSICAL_DATABASE,DERIVED_PHYSICAL_RESERVOIR_ENERGY,OPEN_PHYSICAL_DATABASE,SECONDARY_NON_CANONICAL,YES_AT_AGGREGATE_OR_DIFFERENT_GRAIN_ONLY,,PHYSICAL_ALLOCATION_EVIDENCE; GEOGRAPHY; CLASSIFICATION; PLAUSIBILITY CHECK; SENSITIVITY RESEARCH,PHYSICAL_EVIDENCE_ONLY,false,REQUIRES RECONCILIATION TO A DIRECT TERNA CONTROL AT THE SAME METRIC/GRAIN OR OTHER STRONG PRIMARY OPERATING EVIDENCE,UNCHANGED_SECONDARY_PHYSICAL_EVIDENCE,false
85,HDAM,HDAM,H343,Sondrio UP_SONDRIO_1,3,Lombardia,NORD,144,0,0,0,46.286138,10.265884,686,0,261,,Other - http://www.malenco.com/dighe/,MIT,,PHYSICAL INVENTORY INSTALLED CAPACITY; GROSS/NET BASIS NOT SPECIFIED,ELECTRICAL-EQUIVALENT RESERVOIR POTENTIAL ENERGY: REPORTED OR RECONSTRUCTED FROM BASIN VOLUME x WATER DENSITY x GRAVITY x AVERAGE HEAD x 87% TURBINE EFFICIENCY; ACTIVE/USABLE OPERATING RANGE NOT ESTABLISHED,ZENODO_14006948,raw/hydro_physical/Italian_Hydropower_Programmable_Plants_Database_v2_RAW.xlsx,9ba9b40399471e162d041b4a27b2da602c95bd38a5cfb07d2c4769205144f864,RAW_ROW_PRESERVED; OPEN-DATA VALUES NOT PROMOTED TO CANONICAL MEM INPUTS,FORMULA_RECONSTRUCTED_EXACT,0,,,HYDRO_RESERVOIR_OR_BASIN_PROGRAMMABLE,OPEN DATABASE HWR/HDAM CLASS; TERNA BASIN-VS-RESERVOIR THRESHOLD NOT AVAILABLE AT PLANT LEVEL,MEDIUM_FOR_PROGRAMMABLE_RESERVOIR; UNRESOLVED_BASIN_VS_RESERVOIR,YES,NO,NATURALLY_CHARGED_STORE_PLUS_FIXED_TURBINE_LINK; FINAL E_NOM NOT YET APPROVED,NOT_ESTABLISHED,PHYSICS-BASED ELECTRICAL-EQUIVALENT BASIN ENERGY; NOT A CONFIRMED ACTIVE OPERATING RANGE,PHYSICAL_RESERVOIR_EVIDENCE_ONLY; ACTIVE VOLUME/LEVEL AND INFLOW CALIBRATION REQUIRED BEFORE E_NOM,PHYSICAL_RESERVOIR_ENERGY_VIEW; SUBSET_NON_ADDITIVE,OPEN_PHYSICAL_DATABASE,DERIVED_PHYSICAL_RESERVOIR_ENERGY,OPEN_PHYSICAL_DATABASE,SECONDARY_NON_CANONICAL,YES_AT_AGGREGATE_OR_DIFFERENT_GRAIN_ONLY,,PHYSICAL_ALLOCATION_EVIDENCE; GEOGRAPHY; CLASSIFICATION; PLAUSIBILITY CHECK; SENSITIVITY RESEARCH,PHYSICAL_EVIDENCE_ONLY,false,REQUIRES RECONCILIATION TO A DIRECT TERNA CONTROL AT THE SAME METRIC/GRAIN OR OTHER STRONG PRIMARY OPERATING EVIDENCE,UNCHANGED_SECONDARY_PHYSICAL_EVIDENCE,false
86,HDAM,HDAM,H377,Ceresole - Rosone (Locana),1,Piemonte,NORD,98.6,0,65.5322715,65532.2715,45.435348,7.418466,813,34,258,Iren - https://www.gruppoiren.it/it/i-nostri-servizi/produzione-energia/impianti-idroelettrici.html,Iren - https://www.gruppoiren.it/it/i-nostri-servizi/produzione-energia/impianti-idroelettrici.html,Iren - https://www.gruppoiren.it/it/i-nostri-servizi/produzione-energia/impianti-idroelettrici.html,,PHYSICAL INVENTORY INSTALLED CAPACITY; GROSS/NET BASIS NOT SPECIFIED,ELECTRICAL-EQUIVALENT RESERVOIR POTENTIAL ENERGY: REPORTED OR RECONSTRUCTED FROM BASIN VOLUME x WATER DENSITY x GRAVITY x AVERAGE HEAD x 87% TURBINE EFFICIENCY; ACTIVE/USABLE OPERATING RANGE NOT ESTABLISHED,ZENODO_14006948,raw/hydro_physical/Italian_Hydropower_Programmable_Plants_Database_v2_RAW.xlsx,9ba9b40399471e162d041b4a27b2da602c95bd38a5cfb07d2c4769205144f864,RAW_ROW_PRESERVED; OPEN-DATA VALUES NOT PROMOTED TO CANONICAL MEM INPUTS,FORMULA_RECONSTRUCTED_EXACT,65532.2715,1,,HYDRO_RESERVOIR_OR_BASIN_PROGRAMMABLE,OPEN DATABASE HWR/HDAM CLASS; TERNA BASIN-VS-RESERVOIR THRESHOLD NOT AVAILABLE AT PLANT LEVEL,MEDIUM_FOR_PROGRAMMABLE_RESERVOIR; UNRESOLVED_BASIN_VS_RESERVOIR,YES,NO,NATURALLY_CHARGED_STORE_PLUS_FIXED_TURBINE_LINK; FINAL E_NOM NOT YET APPROVED,NOT_ESTABLISHED,PHYSICS-BASED ELECTRICAL-EQUIVALENT BASIN ENERGY; NOT A CONFIRMED ACTIVE OPERATING RANGE,PHYSICAL_RESERVOIR_EVIDENCE_ONLY; ACTIVE VOLUME/LEVEL AND INFLOW CALIBRATION REQUIRED BEFORE E_NOM,PHYSICAL_RESERVOIR_ENERGY_VIEW; SUBSET_NON_ADDITIVE,OPEN_PHYSICAL_DATABASE,DERIVED_PHYSICAL_RESERVOIR_ENERGY,OPEN_PHYSICAL_DATABASE,SECONDARY_NON_CANONICAL,YES_AT_AGGREGATE_OR_DIFFERENT_GRAIN_ONLY,,PHYSICAL_ALLOCATION_EVIDENCE; GEOGRAPHY; CLASSIFICATION; PLAUSIBILITY CHECK; SENSITIVITY RESEARCH,PHYSICAL_EVIDENCE_ONLY,false,REQUIRES RECONCILIATION TO A DIRECT TERNA CONTROL AT THE SAME METRIC/GRAIN OR OTHER STRONG PRIMARY OPERATING EVIDENCE,UNCHANGED_SECONDARY_PHYSICAL_EVIDENCE,false
87,HDAM,HDAM,H380,Morasco,1,Piemonte,NORD,45.6,0,66.890094855,66890.094855,46.376886,8.425713,639.5,44.12,3608,Wikipedia,Wikipedia,MIT,,PHYSICAL INVENTORY INSTALLED CAPACITY; GROSS/NET BASIS NOT SPECIFIED,ELECTRICAL-EQUIVALENT RESERVOIR POTENTIAL ENERGY: REPORTED OR RECONSTRUCTED FROM BASIN VOLUME x WATER DENSITY x GRAVITY x AVERAGE HEAD x 87% TURBINE EFFICIENCY; ACTIVE/USABLE OPERATING RANGE NOT ESTABLISHED,ZENODO_14006948,raw/hydro_physical/Italian_Hydropower_Programmable_Plants_Database_v2_RAW.xlsx,9ba9b40399471e162d041b4a27b2da602c95bd38a5cfb07d2c4769205144f864,RAW_ROW_PRESERVED; OPEN-DATA VALUES NOT PROMOTED TO CANONICAL MEM INPUTS,FORMULA_RECONSTRUCTED_EXACT,66890.094855,1,66890,HYDRO_RESERVOIR_OR_BASIN_PROGRAMMABLE,OPEN DATABASE HWR/HDAM CLASS; TERNA BASIN-VS-RESERVOIR THRESHOLD NOT AVAILABLE AT PLANT LEVEL,MEDIUM_FOR_PROGRAMMABLE_RESERVOIR; UNRESOLVED_BASIN_VS_RESERVOIR,YES,NO,NATURALLY_CHARGED_STORE_PLUS_FIXED_TURBINE_LINK; FINAL E_NOM NOT YET APPROVED,NOT_ESTABLISHED,PHYSICS-BASED ELECTRICAL-EQUIVALENT BASIN ENERGY; NOT A CONFIRMED ACTIVE OPERATING RANGE,PHYSICAL_RESERVOIR_EVIDENCE_ONLY; ACTIVE VOLUME/LEVEL AND INFLOW CALIBRATION REQUIRED BEFORE E_NOM,PHYSICAL_RESERVOIR_ENERGY_VIEW; SUBSET_NON_ADDITIVE,OPEN_PHYSICAL_DATABASE,DERIVED_PHYSICAL_RESERVOIR_ENERGY,OPEN_PHYSICAL_DATABASE,SECONDARY_NON_CANONICAL,YES_AT_AGGREGATE_OR_DIFFERENT_GRAIN_ONLY,,PHYSICAL_ALLOCATION_EVIDENCE; GEOGRAPHY; CLASSIFICATION; PLAUSIBILITY CHECK; SENSITIVITY RESEARCH,PHYSICAL_EVIDENCE_ONLY,false,REQUIRES RECONCILIATION TO A DIRECT TERNA CONTROL AT THE SAME METRIC/GRAIN OR OTHER STRONG PRIMARY OPERATING EVIDENCE,UNCHANGED_SECONDARY_PHYSICAL_EVIDENCE,false
88,HDAM,HDAM,H39,Centrale di Grosio - Lovero - Stazzona,3,Lombardia,NORD,535.3,0,1.6813359,1681.3359,46.489007,10.294052,591,1.2,243,,Wikipedia,,,PHYSICAL INVENTORY INSTALLED CAPACITY; GROSS/NET BASIS NOT SPECIFIED,ELECTRICAL-EQUIVALENT RESERVOIR POTENTIAL ENERGY: REPORTED OR RECONSTRUCTED FROM BASIN VOLUME x WATER DENSITY x GRAVITY x AVERAGE HEAD x 87% TURBINE EFFICIENCY; ACTIVE/USABLE OPERATING RANGE NOT ESTABLISHED,ZENODO_14006948,raw/hydro_physical/Italian_Hydropower_Programmable_Plants_Database_v2_RAW.xlsx,9ba9b40399471e162d041b4a27b2da602c95bd38a5cfb07d2c4769205144f864,RAW_ROW_PRESERVED; OPEN-DATA VALUES NOT PROMOTED TO CANONICAL MEM INPUTS,FORMULA_RECONSTRUCTED_EXACT,1681.3359,1,,HYDRO_RESERVOIR_OR_BASIN_PROGRAMMABLE,OPEN DATABASE HWR/HDAM CLASS; TERNA BASIN-VS-RESERVOIR THRESHOLD NOT AVAILABLE AT PLANT LEVEL,MEDIUM_FOR_PROGRAMMABLE_RESERVOIR; UNRESOLVED_BASIN_VS_RESERVOIR,YES,NO,NATURALLY_CHARGED_STORE_PLUS_FIXED_TURBINE_LINK; FINAL E_NOM NOT YET APPROVED,NOT_ESTABLISHED,PHYSICS-BASED ELECTRICAL-EQUIVALENT BASIN ENERGY; NOT A CONFIRMED ACTIVE OPERATING RANGE,PHYSICAL_RESERVOIR_EVIDENCE_ONLY; ACTIVE VOLUME/LEVEL AND INFLOW CALIBRATION REQUIRED BEFORE E_NOM,PHYSICAL_RESERVOIR_ENERGY_VIEW; SUBSET_NON_ADDITIVE,OPEN_PHYSICAL_DATABASE,DERIVED_PHYSICAL_RESERVOIR_ENERGY,OPEN_PHYSICAL_DATABASE,SECONDARY_NON_CANONICAL,YES_AT_AGGREGATE_OR_DIFFERENT_GRAIN_ONLY,,PHYSICAL_ALLOCATION_EVIDENCE; GEOGRAPHY; CLASSIFICATION; PLAUSIBILITY CHECK; SENSITIVITY RESEARCH,PHYSICAL_EVIDENCE_ONLY,false,REQUIRES RECONCILIATION TO A DIRECT TERNA CONTROL AT THE SAME METRIC/GRAIN OR OTHER STRONG PRIMARY OPERATING EVIDENCE,UNCHANGED_SECONDARY_PHYSICAL_EVIDENCE,false
89,HDAM,HDAM,H394,Valpelline UP_VALPELLIN_1,2,Valle d'Aosta,NORD,130,0,212.1015195,212101.5195,45.825196,7.333163,962,93,268,,Other - https://www.cvaspa.it/centrale-di-valpelline,MIT,,PHYSICAL INVENTORY INSTALLED CAPACITY; GROSS/NET BASIS NOT SPECIFIED,ELECTRICAL-EQUIVALENT RESERVOIR POTENTIAL ENERGY: REPORTED OR RECONSTRUCTED FROM BASIN VOLUME x WATER DENSITY x GRAVITY x AVERAGE HEAD x 87% TURBINE EFFICIENCY; ACTIVE/USABLE OPERATING RANGE NOT ESTABLISHED,ZENODO_14006948,raw/hydro_physical/Italian_Hydropower_Programmable_Plants_Database_v2_RAW.xlsx,9ba9b40399471e162d041b4a27b2da602c95bd38a5cfb07d2c4769205144f864,RAW_ROW_PRESERVED; OPEN-DATA VALUES NOT PROMOTED TO CANONICAL MEM INPUTS,FORMULA_RECONSTRUCTED_EXACT,212101.5195,1,212101,HYDRO_RESERVOIR_OR_BASIN_PROGRAMMABLE,OPEN DATABASE HWR/HDAM CLASS; TERNA BASIN-VS-RESERVOIR THRESHOLD NOT AVAILABLE AT PLANT LEVEL,MEDIUM_FOR_PROGRAMMABLE_RESERVOIR; UNRESOLVED_BASIN_VS_RESERVOIR,YES,NO,NATURALLY_CHARGED_STORE_PLUS_FIXED_TURBINE_LINK; FINAL E_NOM NOT YET APPROVED,NOT_ESTABLISHED,PHYSICS-BASED ELECTRICAL-EQUIVALENT BASIN ENERGY; NOT A CONFIRMED ACTIVE OPERATING RANGE,PHYSICAL_RESERVOIR_EVIDENCE_ONLY; ACTIVE VOLUME/LEVEL AND INFLOW CALIBRATION REQUIRED BEFORE E_NOM,PHYSICAL_RESERVOIR_ENERGY_VIEW; SUBSET_NON_ADDITIVE,OPEN_PHYSICAL_DATABASE,DERIVED_PHYSICAL_RESERVOIR_ENERGY,OPEN_PHYSICAL_DATABASE,SECONDARY_NON_CANONICAL,YES_AT_AGGREGATE_OR_DIFFERENT_GRAIN_ONLY,,PHYSICAL_ALLOCATION_EVIDENCE; GEOGRAPHY; CLASSIFICATION; PLAUSIBILITY CHECK; SENSITIVITY RESEARCH,PHYSICAL_EVIDENCE_ONLY,false,REQUIRES RECONCILIATION TO A DIRECT TERNA CONTROL AT THE SAME METRIC/GRAIN OR OTHER STRONG PRIMARY OPERATING EVIDENCE,UNCHANGED_SECONDARY_PHYSICAL_EVIDENCE,false
90,HDAM,HDAM,H405,Avise UP_AVISE_1,2,Valle d'Aosta,NORD,126.5,0,12.81229164,12812.29164,45.700913,7.193059,972,5.56,230,,Other - https://www.cvaspa.it/centrale-di-avise,MIT,,PHYSICAL INVENTORY INSTALLED CAPACITY; GROSS/NET BASIS NOT SPECIFIED,ELECTRICAL-EQUIVALENT RESERVOIR POTENTIAL ENERGY: REPORTED OR RECONSTRUCTED FROM BASIN VOLUME x WATER DENSITY x GRAVITY x AVERAGE HEAD x 87% TURBINE EFFICIENCY; ACTIVE/USABLE OPERATING RANGE NOT ESTABLISHED,ZENODO_14006948,raw/hydro_physical/Italian_Hydropower_Programmable_Plants_Database_v2_RAW.xlsx,9ba9b40399471e162d041b4a27b2da602c95bd38a5cfb07d2c4769205144f864,RAW_ROW_PRESERVED; OPEN-DATA VALUES NOT PROMOTED TO CANONICAL MEM INPUTS,FORMULA_RECONSTRUCTED_EXACT,12812.29164,1,12812,HYDRO_RESERVOIR_OR_BASIN_PROGRAMMABLE,OPEN DATABASE HWR/HDAM CLASS; TERNA BASIN-VS-RESERVOIR THRESHOLD NOT AVAILABLE AT PLANT LEVEL,MEDIUM_FOR_PROGRAMMABLE_RESERVOIR; UNRESOLVED_BASIN_VS_RESERVOIR,YES,NO,NATURALLY_CHARGED_STORE_PLUS_FIXED_TURBINE_LINK; FINAL E_NOM NOT YET APPROVED,NOT_ESTABLISHED,PHYSICS-BASED ELECTRICAL-EQUIVALENT BASIN ENERGY; NOT A CONFIRMED ACTIVE OPERATING RANGE,PHYSICAL_RESERVOIR_EVIDENCE_ONLY; ACTIVE VOLUME/LEVEL AND INFLOW CALIBRATION REQUIRED BEFORE E_NOM,PHYSICAL_RESERVOIR_ENERGY_VIEW; SUBSET_NON_ADDITIVE,OPEN_PHYSICAL_DATABASE,DERIVED_PHYSICAL_RESERVOIR_ENERGY,OPEN_PHYSICAL_DATABASE,SECONDARY_NON_CANONICAL,YES_AT_AGGREGATE_OR_DIFFERENT_GRAIN_ONLY,,PHYSICAL_ALLOCATION_EVIDENCE; GEOGRAPHY; CLASSIFICATION; PLAUSIBILITY CHECK; SENSITIVITY RESEARCH,PHYSICAL_EVIDENCE_ONLY,false,REQUIRES RECONCILIATION TO A DIRECT TERNA CONTROL AT THE SAME METRIC/GRAIN OR OTHER STRONG PRIMARY OPERATING EVIDENCE,UNCHANGED_SECONDARY_PHYSICAL_EVIDENCE,false
91,HDAM,HDAM,H428,Lana UP_LANA_1,4,Trentino Alto Adige,NORD,132,0,2.72057787,2720.57787,46.6073775,11.1613274,478.15,2.4,246,,Alperia,Alperia,Alperia,PHYSICAL INVENTORY INSTALLED CAPACITY; GROSS/NET BASIS NOT SPECIFIED,ELECTRICAL-EQUIVALENT RESERVOIR POTENTIAL ENERGY: REPORTED OR RECONSTRUCTED FROM BASIN VOLUME x WATER DENSITY x GRAVITY x AVERAGE HEAD x 87% TURBINE EFFICIENCY; ACTIVE/USABLE OPERATING RANGE NOT ESTABLISHED,ZENODO_14006948,raw/hydro_physical/Italian_Hydropower_Programmable_Plants_Database_v2_RAW.xlsx,9ba9b40399471e162d041b4a27b2da602c95bd38a5cfb07d2c4769205144f864,RAW_ROW_PRESERVED; OPEN-DATA VALUES NOT PROMOTED TO CANONICAL MEM INPUTS,FORMULA_RECONSTRUCTED_EXACT,2720.57787,1,2720,HYDRO_RESERVOIR_OR_BASIN_PROGRAMMABLE,OPEN DATABASE HWR/HDAM CLASS; TERNA BASIN-VS-RESERVOIR THRESHOLD NOT AVAILABLE AT PLANT LEVEL,MEDIUM_FOR_PROGRAMMABLE_RESERVOIR; UNRESOLVED_BASIN_VS_RESERVOIR,YES,NO,NATURALLY_CHARGED_STORE_PLUS_FIXED_TURBINE_LINK; FINAL E_NOM NOT YET APPROVED,NOT_ESTABLISHED,PHYSICS-BASED ELECTRICAL-EQUIVALENT BASIN ENERGY; NOT A CONFIRMED ACTIVE OPERATING RANGE,PHYSICAL_RESERVOIR_EVIDENCE_ONLY; ACTIVE VOLUME/LEVEL AND INFLOW CALIBRATION REQUIRED BEFORE E_NOM,PHYSICAL_RESERVOIR_ENERGY_VIEW; SUBSET_NON_ADDITIVE,OPEN_PHYSICAL_DATABASE,DERIVED_PHYSICAL_RESERVOIR_ENERGY,OPEN_PHYSICAL_DATABASE,SECONDARY_NON_CANONICAL,YES_AT_AGGREGATE_OR_DIFFERENT_GRAIN_ONLY,,PHYSICAL_ALLOCATION_EVIDENCE; GEOGRAPHY; CLASSIFICATION; PLAUSIBILITY CHECK; SENSITIVITY RESEARCH,PHYSICAL_EVIDENCE_ONLY,false,REQUIRES RECONCILIATION TO A DIRECT TERNA CONTROL AT THE SAME METRIC/GRAIN OR OTHER STRONG PRIMARY OPERATING EVIDENCE,UNCHANGED_SECONDARY_PHYSICAL_EVIDENCE,false
92,HDAM,HDAM,H435,Isolato spluga ISOLATO SPLUGA,3,Lombardia,NORD,42.8,0,49.522283811,49522.283811,46.443064,9.334613,641.55,32.56,281,,a2a,MIT,,PHYSICAL INVENTORY INSTALLED CAPACITY; GROSS/NET BASIS NOT SPECIFIED,ELECTRICAL-EQUIVALENT RESERVOIR POTENTIAL ENERGY: REPORTED OR RECONSTRUCTED FROM BASIN VOLUME x WATER DENSITY x GRAVITY x AVERAGE HEAD x 87% TURBINE EFFICIENCY; ACTIVE/USABLE OPERATING RANGE NOT ESTABLISHED,ZENODO_14006948,raw/hydro_physical/Italian_Hydropower_Programmable_Plants_Database_v2_RAW.xlsx,9ba9b40399471e162d041b4a27b2da602c95bd38a5cfb07d2c4769205144f864,RAW_ROW_PRESERVED; OPEN-DATA VALUES NOT PROMOTED TO CANONICAL MEM INPUTS,FORMULA_RECONSTRUCTED_EXACT,49522.283811,1,49522,HYDRO_RESERVOIR_OR_BASIN_PROGRAMMABLE,OPEN DATABASE HWR/HDAM CLASS; TERNA BASIN-VS-RESERVOIR THRESHOLD NOT AVAILABLE AT PLANT LEVEL,MEDIUM_FOR_PROGRAMMABLE_RESERVOIR; UNRESOLVED_BASIN_VS_RESERVOIR,YES,NO,NATURALLY_CHARGED_STORE_PLUS_FIXED_TURBINE_LINK; FINAL E_NOM NOT YET APPROVED,NOT_ESTABLISHED,PHYSICS-BASED ELECTRICAL-EQUIVALENT BASIN ENERGY; NOT A CONFIRMED ACTIVE OPERATING RANGE,PHYSICAL_RESERVOIR_EVIDENCE_ONLY; ACTIVE VOLUME/LEVEL AND INFLOW CALIBRATION REQUIRED BEFORE E_NOM,PHYSICAL_RESERVOIR_ENERGY_VIEW; SUBSET_NON_ADDITIVE,OPEN_PHYSICAL_DATABASE,DERIVED_PHYSICAL_RESERVOIR_ENERGY,OPEN_PHYSICAL_DATABASE,SECONDARY_NON_CANONICAL,YES_AT_AGGREGATE_OR_DIFFERENT_GRAIN_ONLY,,PHYSICAL_ALLOCATION_EVIDENCE; GEOGRAPHY; CLASSIFICATION; PLAUSIBILITY CHECK; SENSITIVITY RESEARCH,PHYSICAL_EVIDENCE_ONLY,false,REQUIRES RECONCILIATION TO A DIRECT TERNA CONTROL AT THE SAME METRIC/GRAIN OR OTHER STRONG PRIMARY OPERATING EVIDENCE,UNCHANGED_SECONDARY_PHYSICAL_EVIDENCE,false
93,HDAM,HDAM,H511,Seled glorenza SELED GLORENZA,4,Trentino Alto Adige,NORD,101.6,0,161.2091034,161209.1034,46.6879187,10.5465492,586.2,116,242,,Alperia,MIT,,PHYSICAL INVENTORY INSTALLED CAPACITY; GROSS/NET BASIS NOT SPECIFIED,ELECTRICAL-EQUIVALENT RESERVOIR POTENTIAL ENERGY: REPORTED OR RECONSTRUCTED FROM BASIN VOLUME x WATER DENSITY x GRAVITY x AVERAGE HEAD x 87% TURBINE EFFICIENCY; ACTIVE/USABLE OPERATING RANGE NOT ESTABLISHED,ZENODO_14006948,raw/hydro_physical/Italian_Hydropower_Programmable_Plants_Database_v2_RAW.xlsx,9ba9b40399471e162d041b4a27b2da602c95bd38a5cfb07d2c4769205144f864,RAW_ROW_PRESERVED; OPEN-DATA VALUES NOT PROMOTED TO CANONICAL MEM INPUTS,FORMULA_RECONSTRUCTED_EXACT,161209.1034,1,,HYDRO_RESERVOIR_OR_BASIN_PROGRAMMABLE,OPEN DATABASE HWR/HDAM CLASS; TERNA BASIN-VS-RESERVOIR THRESHOLD NOT AVAILABLE AT PLANT LEVEL,MEDIUM_FOR_PROGRAMMABLE_RESERVOIR; UNRESOLVED_BASIN_VS_RESERVOIR,YES,NO,NATURALLY_CHARGED_STORE_PLUS_FIXED_TURBINE_LINK; FINAL E_NOM NOT YET APPROVED,NOT_ESTABLISHED,PHYSICS-BASED ELECTRICAL-EQUIVALENT BASIN ENERGY; NOT A CONFIRMED ACTIVE OPERATING RANGE,PHYSICAL_RESERVOIR_EVIDENCE_ONLY; ACTIVE VOLUME/LEVEL AND INFLOW CALIBRATION REQUIRED BEFORE E_NOM,PHYSICAL_RESERVOIR_ENERGY_VIEW; SUBSET_NON_ADDITIVE,OPEN_PHYSICAL_DATABASE,DERIVED_PHYSICAL_RESERVOIR_ENERGY,OPEN_PHYSICAL_DATABASE,SECONDARY_NON_CANONICAL,YES_AT_AGGREGATE_OR_DIFFERENT_GRAIN_ONLY,,PHYSICAL_ALLOCATION_EVIDENCE; GEOGRAPHY; CLASSIFICATION; PLAUSIBILITY CHECK; SENSITIVITY RESEARCH,PHYSICAL_EVIDENCE_ONLY,false,REQUIRES RECONCILIATION TO A DIRECT TERNA CONTROL AT THE SAME METRIC/GRAIN OR OTHER STRONG PRIMARY OPERATING EVIDENCE,UNCHANGED_SECONDARY_PHYSICAL_EVIDENCE,false
94,HDAM,HDAM,H512,Mucone,18,Calabria,CALA,101.44,0,230.9063085,230906.3085,39.476646,16.290828,900,108.22,255,,Other - https://antedoro.it/2010/08/centrale-idroelettrica-acri.html/ & Wikipedia,MIT,,PHYSICAL INVENTORY INSTALLED CAPACITY; GROSS/NET BASIS NOT SPECIFIED,ELECTRICAL-EQUIVALENT RESERVOIR POTENTIAL ENERGY: REPORTED OR RECONSTRUCTED FROM BASIN VOLUME x WATER DENSITY x GRAVITY x AVERAGE HEAD x 87% TURBINE EFFICIENCY; ACTIVE/USABLE OPERATING RANGE NOT ESTABLISHED,ZENODO_14006948,raw/hydro_physical/Italian_Hydropower_Programmable_Plants_Database_v2_RAW.xlsx,9ba9b40399471e162d041b4a27b2da602c95bd38a5cfb07d2c4769205144f864,RAW_ROW_PRESERVED; OPEN-DATA VALUES NOT PROMOTED TO CANONICAL MEM INPUTS,FORMULA_RECONSTRUCTED_EXACT,230906.3085,1,,HYDRO_RESERVOIR_OR_BASIN_PROGRAMMABLE,OPEN DATABASE HWR/HDAM CLASS; TERNA BASIN-VS-RESERVOIR THRESHOLD NOT AVAILABLE AT PLANT LEVEL,MEDIUM_FOR_PROGRAMMABLE_RESERVOIR; UNRESOLVED_BASIN_VS_RESERVOIR,YES,NO,NATURALLY_CHARGED_STORE_PLUS_FIXED_TURBINE_LINK; FINAL E_NOM NOT YET APPROVED,NOT_ESTABLISHED,PHYSICS-BASED ELECTRICAL-EQUIVALENT BASIN ENERGY; NOT A CONFIRMED ACTIVE OPERATING RANGE,PHYSICAL_RESERVOIR_EVIDENCE_ONLY; ACTIVE VOLUME/LEVEL AND INFLOW CALIBRATION REQUIRED BEFORE E_NOM,PHYSICAL_RESERVOIR_ENERGY_VIEW; SUBSET_NON_ADDITIVE,OPEN_PHYSICAL_DATABASE,DERIVED_PHYSICAL_RESERVOIR_ENERGY,OPEN_PHYSICAL_DATABASE,SECONDARY_NON_CANONICAL,YES_AT_AGGREGATE_OR_DIFFERENT_GRAIN_ONLY,,PHYSICAL_ALLOCATION_EVIDENCE; GEOGRAPHY; CLASSIFICATION; PLAUSIBILITY CHECK; SENSITIVITY RESEARCH,PHYSICAL_EVIDENCE_ONLY,false,REQUIRES RECONCILIATION TO A DIRECT TERNA CONTROL AT THE SAME METRIC/GRAIN OR OTHER STRONG PRIMARY OPERATING EVIDENCE,UNCHANGED_SECONDARY_PHYSICAL_EVIDENCE,false
95,HDAM,HDAM,H534,Cogolo,4,Trentino Alto Adige,NORD,98,0,22.011228375,22011.228375,46.362907,10.672964,761-599,0-15.5,3366,,Progetto dighe,Progetto dighe,Progetto dighe,PHYSICAL INVENTORY INSTALLED CAPACITY; GROSS/NET BASIS NOT SPECIFIED,ELECTRICAL-EQUIVALENT RESERVOIR POTENTIAL ENERGY: REPORTED OR RECONSTRUCTED FROM BASIN VOLUME x WATER DENSITY x GRAVITY x AVERAGE HEAD x 87% TURBINE EFFICIENCY; ACTIVE/USABLE OPERATING RANGE NOT ESTABLISHED,ZENODO_14006948,raw/hydro_physical/Italian_Hydropower_Programmable_Plants_Database_v2_RAW.xlsx,9ba9b40399471e162d041b4a27b2da602c95bd38a5cfb07d2c4769205144f864,RAW_ROW_PRESERVED; OPEN-DATA VALUES NOT PROMOTED TO CANONICAL MEM INPUTS,OTHER_REPORTED_OR_INPUT_INCOMPLETE,,,,HYDRO_RESERVOIR_OR_BASIN_PROGRAMMABLE,OPEN DATABASE HWR/HDAM CLASS; TERNA BASIN-VS-RESERVOIR THRESHOLD NOT AVAILABLE AT PLANT LEVEL,MEDIUM_FOR_PROGRAMMABLE_RESERVOIR; UNRESOLVED_BASIN_VS_RESERVOIR,YES,NO,NATURALLY_CHARGED_STORE_PLUS_FIXED_TURBINE_LINK; FINAL E_NOM NOT YET APPROVED,NOT_ESTABLISHED,PHYSICS-BASED ELECTRICAL-EQUIVALENT BASIN ENERGY; NOT A CONFIRMED ACTIVE OPERATING RANGE,PHYSICAL_RESERVOIR_EVIDENCE_ONLY; ACTIVE VOLUME/LEVEL AND INFLOW CALIBRATION REQUIRED BEFORE E_NOM,PHYSICAL_RESERVOIR_ENERGY_VIEW; SUBSET_NON_ADDITIVE,OPEN_PHYSICAL_DATABASE,OPEN_PHYSICAL_DATABASE_REPORTED_OR_INHERITED,OPEN_PHYSICAL_DATABASE,SECONDARY_NON_CANONICAL,YES_AT_AGGREGATE_OR_DIFFERENT_GRAIN_ONLY,,PHYSICAL_ALLOCATION_EVIDENCE; GEOGRAPHY; CLASSIFICATION; PLAUSIBILITY CHECK; SENSITIVITY RESEARCH,PHYSICAL_EVIDENCE_ONLY,false,REQUIRES RECONCILIATION TO A DIRECT TERNA CONTROL AT THE SAME METRIC/GRAIN OR OTHER STRONG PRIMARY OPERATING EVIDENCE,UNCHANGED_SECONDARY_PHYSICAL_EVIDENCE,false
96,HDAM,HDAM,H540,Boazzo,4,Trentino Alto Adige,NORD,95,0,81.563283,81563.283,46.0055522,10.5110139,564,61,3561,,Google Earth,MIT,,PHYSICAL INVENTORY INSTALLED CAPACITY; GROSS/NET BASIS NOT SPECIFIED,ELECTRICAL-EQUIVALENT RESERVOIR POTENTIAL ENERGY: REPORTED OR RECONSTRUCTED FROM BASIN VOLUME x WATER DENSITY x GRAVITY x AVERAGE HEAD x 87% TURBINE EFFICIENCY; ACTIVE/USABLE OPERATING RANGE NOT ESTABLISHED,ZENODO_14006948,raw/hydro_physical/Italian_Hydropower_Programmable_Plants_Database_v2_RAW.xlsx,9ba9b40399471e162d041b4a27b2da602c95bd38a5cfb07d2c4769205144f864,RAW_ROW_PRESERVED; OPEN-DATA VALUES NOT PROMOTED TO CANONICAL MEM INPUTS,FORMULA_RECONSTRUCTED_EXACT,81563.283,1,,HYDRO_RESERVOIR_OR_BASIN_PROGRAMMABLE,OPEN DATABASE HWR/HDAM CLASS; TERNA BASIN-VS-RESERVOIR THRESHOLD NOT AVAILABLE AT PLANT LEVEL,MEDIUM_FOR_PROGRAMMABLE_RESERVOIR; UNRESOLVED_BASIN_VS_RESERVOIR,YES,NO,NATURALLY_CHARGED_STORE_PLUS_FIXED_TURBINE_LINK; FINAL E_NOM NOT YET APPROVED,NOT_ESTABLISHED,PHYSICS-BASED ELECTRICAL-EQUIVALENT BASIN ENERGY; NOT A CONFIRMED ACTIVE OPERATING RANGE,PHYSICAL_RESERVOIR_EVIDENCE_ONLY; ACTIVE VOLUME/LEVEL AND INFLOW CALIBRATION REQUIRED BEFORE E_NOM,PHYSICAL_RESERVOIR_ENERGY_VIEW; SUBSET_NON_ADDITIVE,OPEN_PHYSICAL_DATABASE,DERIVED_PHYSICAL_RESERVOIR_ENERGY,OPEN_PHYSICAL_DATABASE,SECONDARY_NON_CANONICAL,YES_AT_AGGREGATE_OR_DIFFERENT_GRAIN_ONLY,,PHYSICAL_ALLOCATION_EVIDENCE; GEOGRAPHY; CLASSIFICATION; PLAUSIBILITY CHECK; SENSITIVITY RESEARCH,PHYSICAL_EVIDENCE_ONLY,false,REQUIRES RECONCILIATION TO A DIRECT TERNA CONTROL AT THE SAME METRIC/GRAIN OR OTHER STRONG PRIMARY OPERATING EVIDENCE,UNCHANGED_SECONDARY_PHYSICAL_EVIDENCE,false
97,HDAM,HDAM,H596,Castrocucco,17,Basilicata,SUD,83,0,13.8878535,13887.8535,40.026604,15.774674,580,10.1,3346,,Other - https://www.ilsole24ore.com/art/masseria-nicodemo-e-valle-sinni-ACKZjca,MIT,,PHYSICAL INVENTORY INSTALLED CAPACITY; GROSS/NET BASIS NOT SPECIFIED,ELECTRICAL-EQUIVALENT RESERVOIR POTENTIAL ENERGY: REPORTED OR RECONSTRUCTED FROM BASIN VOLUME x WATER DENSITY x GRAVITY x AVERAGE HEAD x 87% TURBINE EFFICIENCY; ACTIVE/USABLE OPERATING RANGE NOT ESTABLISHED,ZENODO_14006948,raw/hydro_physical/Italian_Hydropower_Programmable_Plants_Database_v2_RAW.xlsx,9ba9b40399471e162d041b4a27b2da602c95bd38a5cfb07d2c4769205144f864,RAW_ROW_PRESERVED; OPEN-DATA VALUES NOT PROMOTED TO CANONICAL MEM INPUTS,FORMULA_RECONSTRUCTED_EXACT,13887.8535,1,,HYDRO_RESERVOIR_OR_BASIN_PROGRAMMABLE,OPEN DATABASE HWR/HDAM CLASS; TERNA BASIN-VS-RESERVOIR THRESHOLD NOT AVAILABLE AT PLANT LEVEL,MEDIUM_FOR_PROGRAMMABLE_RESERVOIR; UNRESOLVED_BASIN_VS_RESERVOIR,YES,NO,NATURALLY_CHARGED_STORE_PLUS_FIXED_TURBINE_LINK; FINAL E_NOM NOT YET APPROVED,NOT_ESTABLISHED,PHYSICS-BASED ELECTRICAL-EQUIVALENT BASIN ENERGY; NOT A CONFIRMED ACTIVE OPERATING RANGE,PHYSICAL_RESERVOIR_EVIDENCE_ONLY; ACTIVE VOLUME/LEVEL AND INFLOW CALIBRATION REQUIRED BEFORE E_NOM,PHYSICAL_RESERVOIR_ENERGY_VIEW; SUBSET_NON_ADDITIVE,OPEN_PHYSICAL_DATABASE,DERIVED_PHYSICAL_RESERVOIR_ENERGY,OPEN_PHYSICAL_DATABASE,SECONDARY_NON_CANONICAL,YES_AT_AGGREGATE_OR_DIFFERENT_GRAIN_ONLY,,PHYSICAL_ALLOCATION_EVIDENCE; GEOGRAPHY; CLASSIFICATION; PLAUSIBILITY CHECK; SENSITIVITY RESEARCH,PHYSICAL_EVIDENCE_ONLY,false,REQUIRES RECONCILIATION TO A DIRECT TERNA CONTROL AT THE SAME METRIC/GRAIN OR OTHER STRONG PRIMARY OPERATING EVIDENCE,UNCHANGED_SECONDARY_PHYSICAL_EVIDENCE,false
98,HDAM,HDAM,H619,Baschi,10,Umbria,CSUD,80,0,22.7592,22759.2,42.672832,12.21796,50,192,3285,,Google Earth,MIT,,PHYSICAL INVENTORY INSTALLED CAPACITY; GROSS/NET BASIS NOT SPECIFIED,ELECTRICAL-EQUIVALENT RESERVOIR POTENTIAL ENERGY: REPORTED OR RECONSTRUCTED FROM BASIN VOLUME x WATER DENSITY x GRAVITY x AVERAGE HEAD x 87% TURBINE EFFICIENCY; ACTIVE/USABLE OPERATING RANGE NOT ESTABLISHED,ZENODO_14006948,raw/hydro_physical/Italian_Hydropower_Programmable_Plants_Database_v2_RAW.xlsx,9ba9b40399471e162d041b4a27b2da602c95bd38a5cfb07d2c4769205144f864,RAW_ROW_PRESERVED; OPEN-DATA VALUES NOT PROMOTED TO CANONICAL MEM INPUTS,FORMULA_RECONSTRUCTED_EXACT,22759.2,1,,HYDRO_RESERVOIR_OR_BASIN_PROGRAMMABLE,OPEN DATABASE HWR/HDAM CLASS; TERNA BASIN-VS-RESERVOIR THRESHOLD NOT AVAILABLE AT PLANT LEVEL,MEDIUM_FOR_PROGRAMMABLE_RESERVOIR; UNRESOLVED_BASIN_VS_RESERVOIR,YES,NO,NATURALLY_CHARGED_STORE_PLUS_FIXED_TURBINE_LINK; FINAL E_NOM NOT YET APPROVED,NOT_ESTABLISHED,PHYSICS-BASED ELECTRICAL-EQUIVALENT BASIN ENERGY; NOT A CONFIRMED ACTIVE OPERATING RANGE,PHYSICAL_RESERVOIR_EVIDENCE_ONLY; ACTIVE VOLUME/LEVEL AND INFLOW CALIBRATION REQUIRED BEFORE E_NOM,PHYSICAL_RESERVOIR_ENERGY_VIEW; SUBSET_NON_ADDITIVE,OPEN_PHYSICAL_DATABASE,DERIVED_PHYSICAL_RESERVOIR_ENERGY,OPEN_PHYSICAL_DATABASE,SECONDARY_NON_CANONICAL,YES_AT_AGGREGATE_OR_DIFFERENT_GRAIN_ONLY,,PHYSICAL_ALLOCATION_EVIDENCE; GEOGRAPHY; CLASSIFICATION; PLAUSIBILITY CHECK; SENSITIVITY RESEARCH,PHYSICAL_EVIDENCE_ONLY,false,REQUIRES RECONCILIATION TO A DIRECT TERNA CONTROL AT THE SAME METRIC/GRAIN OR OTHER STRONG PRIMARY OPERATING EVIDENCE,UNCHANGED_SECONDARY_PHYSICAL_EVIDENCE,false
99,HDAM,HDAM,H642,Albi Magisano,18,Calabria,CALA,73,0,60.6390435,60639.0435,39.01339,16.6279,730.8,35,3560,,a2a,a2a,,PHYSICAL INVENTORY INSTALLED CAPACITY; GROSS/NET BASIS NOT SPECIFIED,ELECTRICAL-EQUIVALENT RESERVOIR POTENTIAL ENERGY: REPORTED OR RECONSTRUCTED FROM BASIN VOLUME x WATER DENSITY x GRAVITY x AVERAGE HEAD x 87% TURBINE EFFICIENCY; ACTIVE/USABLE OPERATING RANGE NOT ESTABLISHED,ZENODO_14006948,raw/hydro_physical/Italian_Hydropower_Programmable_Plants_Database_v2_RAW.xlsx,9ba9b40399471e162d041b4a27b2da602c95bd38a5cfb07d2c4769205144f864,RAW_ROW_PRESERVED; OPEN-DATA VALUES NOT PROMOTED TO CANONICAL MEM INPUTS,FORMULA_RECONSTRUCTED_EXACT,60639.0435,1,,HYDRO_RESERVOIR_OR_BASIN_PROGRAMMABLE,OPEN DATABASE HWR/HDAM CLASS; TERNA BASIN-VS-RESERVOIR THRESHOLD NOT AVAILABLE AT PLANT LEVEL,MEDIUM_FOR_PROGRAMMABLE_RESERVOIR; UNRESOLVED_BASIN_VS_RESERVOIR,YES,NO,NATURALLY_CHARGED_STORE_PLUS_FIXED_TURBINE_LINK; FINAL E_NOM NOT YET APPROVED,NOT_ESTABLISHED,PHYSICS-BASED ELECTRICAL-EQUIVALENT BASIN ENERGY; NOT A CONFIRMED ACTIVE OPERATING RANGE,PHYSICAL_RESERVOIR_EVIDENCE_ONLY; ACTIVE VOLUME/LEVEL AND INFLOW CALIBRATION REQUIRED BEFORE E_NOM,PHYSICAL_RESERVOIR_ENERGY_VIEW; SUBSET_NON_ADDITIVE,OPEN_PHYSICAL_DATABASE,DERIVED_PHYSICAL_RESERVOIR_ENERGY,OPEN_PHYSICAL_DATABASE,SECONDARY_NON_CANONICAL,YES_AT_AGGREGATE_OR_DIFFERENT_GRAIN_ONLY,,PHYSICAL_ALLOCATION_EVIDENCE; GEOGRAPHY; CLASSIFICATION; PLAUSIBILITY CHECK; SENSITIVITY RESEARCH,PHYSICAL_EVIDENCE_ONLY,false,REQUIRES RECONCILIATION TO A DIRECT TERNA CONTROL AT THE SAME METRIC/GRAIN OR OTHER STRONG PRIMARY OPERATING EVIDENCE,UNCHANGED_SECONDARY_PHYSICAL_EVIDENCE,false
100,HDAM,HDAM,H684,Torrite,9,Toscana,CNOR,67,0,27.5244075,27524.4075,44.12125,10.404598,270,43,3826,,Wikipedia,MIt,,PHYSICAL INVENTORY INSTALLED CAPACITY; GROSS/NET BASIS NOT SPECIFIED,ELECTRICAL-EQUIVALENT RESERVOIR POTENTIAL ENERGY: REPORTED OR RECONSTRUCTED FROM BASIN VOLUME x WATER DENSITY x GRAVITY x AVERAGE HEAD x 87% TURBINE EFFICIENCY; ACTIVE/USABLE OPERATING RANGE NOT ESTABLISHED,ZENODO_14006948,raw/hydro_physical/Italian_Hydropower_Programmable_Plants_Database_v2_RAW.xlsx,9ba9b40399471e162d041b4a27b2da602c95bd38a5cfb07d2c4769205144f864,RAW_ROW_PRESERVED; OPEN-DATA VALUES NOT PROMOTED TO CANONICAL MEM INPUTS,FORMULA_RECONSTRUCTED_EXACT,27524.4075,1,,HYDRO_RESERVOIR_OR_BASIN_PROGRAMMABLE,OPEN DATABASE HWR/HDAM CLASS; TERNA BASIN-VS-RESERVOIR THRESHOLD NOT AVAILABLE AT PLANT LEVEL,MEDIUM_FOR_PROGRAMMABLE_RESERVOIR; UNRESOLVED_BASIN_VS_RESERVOIR,YES,NO,NATURALLY_CHARGED_STORE_PLUS_FIXED_TURBINE_LINK; FINAL E_NOM NOT YET APPROVED,NOT_ESTABLISHED,PHYSICS-BASED ELECTRICAL-EQUIVALENT BASIN ENERGY; NOT A CONFIRMED ACTIVE OPERATING RANGE,PHYSICAL_RESERVOIR_EVIDENCE_ONLY; ACTIVE VOLUME/LEVEL AND INFLOW CALIBRATION REQUIRED BEFORE E_NOM,PHYSICAL_RESERVOIR_ENERGY_VIEW; SUBSET_NON_ADDITIVE,OPEN_PHYSICAL_DATABASE,DERIVED_PHYSICAL_RESERVOIR_ENERGY,OPEN_PHYSICAL_DATABASE,SECONDARY_NON_CANONICAL,YES_AT_AGGREGATE_OR_DIFFERENT_GRAIN_ONLY,,PHYSICAL_ALLOCATION_EVIDENCE; GEOGRAPHY; CLASSIFICATION; PLAUSIBILITY CHECK; SENSITIVITY RESEARCH,PHYSICAL_EVIDENCE_ONLY,false,REQUIRES RECONCILIATION TO A DIRECT TERNA CONTROL AT THE SAME METRIC/GRAIN OR OTHER STRONG PRIMARY OPERATING EVIDENCE,UNCHANGED_SECONDARY_PHYSICAL_EVIDENCE,false
101,HDAM,HDAM,H708,Lasa,4,Trentino Alto Adige,NORD,64,0,45.00299895,45002.99895,46.616614,10.700159,968.5,19.6,3531,,Alperia,Alperia,,PHYSICAL INVENTORY INSTALLED CAPACITY; GROSS/NET BASIS NOT SPECIFIED,ELECTRICAL-EQUIVALENT RESERVOIR POTENTIAL ENERGY: REPORTED OR RECONSTRUCTED FROM BASIN VOLUME x WATER DENSITY x GRAVITY x AVERAGE HEAD x 87% TURBINE EFFICIENCY; ACTIVE/USABLE OPERATING RANGE NOT ESTABLISHED,ZENODO_14006948,raw/hydro_physical/Italian_Hydropower_Programmable_Plants_Database_v2_RAW.xlsx,9ba9b40399471e162d041b4a27b2da602c95bd38a5cfb07d2c4769205144f864,RAW_ROW_PRESERVED; OPEN-DATA VALUES NOT PROMOTED TO CANONICAL MEM INPUTS,FORMULA_RECONSTRUCTED_EXACT,45002.99895,1,,HYDRO_RESERVOIR_OR_BASIN_PROGRAMMABLE,OPEN DATABASE HWR/HDAM CLASS; TERNA BASIN-VS-RESERVOIR THRESHOLD NOT AVAILABLE AT PLANT LEVEL,MEDIUM_FOR_PROGRAMMABLE_RESERVOIR; UNRESOLVED_BASIN_VS_RESERVOIR,YES,NO,NATURALLY_CHARGED_STORE_PLUS_FIXED_TURBINE_LINK; FINAL E_NOM NOT YET APPROVED,NOT_ESTABLISHED,PHYSICS-BASED ELECTRICAL-EQUIVALENT BASIN ENERGY; NOT A CONFIRMED ACTIVE OPERATING RANGE,PHYSICAL_RESERVOIR_EVIDENCE_ONLY; ACTIVE VOLUME/LEVEL AND INFLOW CALIBRATION REQUIRED BEFORE E_NOM,PHYSICAL_RESERVOIR_ENERGY_VIEW; SUBSET_NON_ADDITIVE,OPEN_PHYSICAL_DATABASE,DERIVED_PHYSICAL_RESERVOIR_ENERGY,OPEN_PHYSICAL_DATABASE,SECONDARY_NON_CANONICAL,YES_AT_AGGREGATE_OR_DIFFERENT_GRAIN_ONLY,,PHYSICAL_ALLOCATION_EVIDENCE; GEOGRAPHY; CLASSIFICATION; PLAUSIBILITY CHECK; SENSITIVITY RESEARCH,PHYSICAL_EVIDENCE_ONLY,false,REQUIRES RECONCILIATION TO A DIRECT TERNA CONTROL AT THE SAME METRIC/GRAIN OR OTHER STRONG PRIMARY OPERATING EVIDENCE,UNCHANGED_SECONDARY_PHYSICAL_EVIDENCE,false
102,HDAM,HDAM,H789,Andonno c.,1,Piemonte,NORD,55,0,7.723277622,7723.277622,44.314628,7.482432,273.3,11.92,3259,,Wikipedia,MIT,Wikipedia,PHYSICAL INVENTORY INSTALLED CAPACITY; GROSS/NET BASIS NOT SPECIFIED,ELECTRICAL-EQUIVALENT RESERVOIR POTENTIAL ENERGY: REPORTED OR RECONSTRUCTED FROM BASIN VOLUME x WATER DENSITY x GRAVITY x AVERAGE HEAD x 87% TURBINE EFFICIENCY; ACTIVE/USABLE OPERATING RANGE NOT ESTABLISHED,ZENODO_14006948,raw/hydro_physical/Italian_Hydropower_Programmable_Plants_Database_v2_RAW.xlsx,9ba9b40399471e162d041b4a27b2da602c95bd38a5cfb07d2c4769205144f864,RAW_ROW_PRESERVED; OPEN-DATA VALUES NOT PROMOTED TO CANONICAL MEM INPUTS,FORMULA_RECONSTRUCTED_EXACT,7723.277622,1,,HYDRO_RESERVOIR_OR_BASIN_PROGRAMMABLE,OPEN DATABASE HWR/HDAM CLASS; TERNA BASIN-VS-RESERVOIR THRESHOLD NOT AVAILABLE AT PLANT LEVEL,MEDIUM_FOR_PROGRAMMABLE_RESERVOIR; UNRESOLVED_BASIN_VS_RESERVOIR,YES,NO,NATURALLY_CHARGED_STORE_PLUS_FIXED_TURBINE_LINK; FINAL E_NOM NOT YET APPROVED,NOT_ESTABLISHED,PHYSICS-BASED ELECTRICAL-EQUIVALENT BASIN ENERGY; NOT A CONFIRMED ACTIVE OPERATING RANGE,PHYSICAL_RESERVOIR_EVIDENCE_ONLY; ACTIVE VOLUME/LEVEL AND INFLOW CALIBRATION REQUIRED BEFORE E_NOM,PHYSICAL_RESERVOIR_ENERGY_VIEW; SUBSET_NON_ADDITIVE,OPEN_PHYSICAL_DATABASE,DERIVED_PHYSICAL_RESERVOIR_ENERGY,OPEN_PHYSICAL_DATABASE,SECONDARY_NON_CANONICAL,YES_AT_AGGREGATE_OR_DIFFERENT_GRAIN_ONLY,,PHYSICAL_ALLOCATION_EVIDENCE; GEOGRAPHY; CLASSIFICATION; PLAUSIBILITY CHECK; SENSITIVITY RESEARCH,PHYSICAL_EVIDENCE_ONLY,false,REQUIRES RECONCILIATION TO A DIRECT TERNA CONTROL AT THE SAME METRIC/GRAIN OR OTHER STRONG PRIMARY OPERATING EVIDENCE,UNCHANGED_SECONDARY_PHYSICAL_EVIDENCE,false
103,HDAM,HDAM,H790,Val noana,4,Trentino Alto Adige,NORD,55,0,10.326987,10326.987,46.149311,11.789193,400,10.89,3851,,Other - https://www.comunirinnovabili.it/impianti-da-fonti-rinnovabili-primiero/,MIT,,PHYSICAL INVENTORY INSTALLED CAPACITY; GROSS/NET BASIS NOT SPECIFIED,ELECTRICAL-EQUIVALENT RESERVOIR POTENTIAL ENERGY: REPORTED OR RECONSTRUCTED FROM BASIN VOLUME x WATER DENSITY x GRAVITY x AVERAGE HEAD x 87% TURBINE EFFICIENCY; ACTIVE/USABLE OPERATING RANGE NOT ESTABLISHED,ZENODO_14006948,raw/hydro_physical/Italian_Hydropower_Programmable_Plants_Database_v2_RAW.xlsx,9ba9b40399471e162d041b4a27b2da602c95bd38a5cfb07d2c4769205144f864,RAW_ROW_PRESERVED; OPEN-DATA VALUES NOT PROMOTED TO CANONICAL MEM INPUTS,FORMULA_RECONSTRUCTED_EXACT,10326.987,1,,HYDRO_RESERVOIR_OR_BASIN_PROGRAMMABLE,OPEN DATABASE HWR/HDAM CLASS; TERNA BASIN-VS-RESERVOIR THRESHOLD NOT AVAILABLE AT PLANT LEVEL,MEDIUM_FOR_PROGRAMMABLE_RESERVOIR; UNRESOLVED_BASIN_VS_RESERVOIR,YES,NO,NATURALLY_CHARGED_STORE_PLUS_FIXED_TURBINE_LINK; FINAL E_NOM NOT YET APPROVED,NOT_ESTABLISHED,PHYSICS-BASED ELECTRICAL-EQUIVALENT BASIN ENERGY; NOT A CONFIRMED ACTIVE OPERATING RANGE,PHYSICAL_RESERVOIR_EVIDENCE_ONLY; ACTIVE VOLUME/LEVEL AND INFLOW CALIBRATION REQUIRED BEFORE E_NOM,PHYSICAL_RESERVOIR_ENERGY_VIEW; SUBSET_NON_ADDITIVE,OPEN_PHYSICAL_DATABASE,DERIVED_PHYSICAL_RESERVOIR_ENERGY,OPEN_PHYSICAL_DATABASE,SECONDARY_NON_CANONICAL,YES_AT_AGGREGATE_OR_DIFFERENT_GRAIN_ONLY,,PHYSICAL_ALLOCATION_EVIDENCE; GEOGRAPHY; CLASSIFICATION; PLAUSIBILITY CHECK; SENSITIVITY RESEARCH,PHYSICAL_EVIDENCE_ONLY,false,REQUIRES RECONCILIATION TO A DIRECT TERNA CONTROL AT THE SAME METRIC/GRAIN OR OTHER STRONG PRIMARY OPERATING EVIDENCE,UNCHANGED_SECONDARY_PHYSICAL_EVIDENCE,false
104,HDAM,HDAM,H866,Bordogna,3,Lombardia,NORD,48,0,0.5206167,520.6167,45.951788,9.700749,549,0.4,3307,,Enel - http://news.valbrembanaweb.com/index.php/centrale-enel-di-bordogna/, ,Enel - http://news.valbrembanaweb.com/index.php/centrale-enel-di-bordogna/,PHYSICAL INVENTORY INSTALLED CAPACITY; GROSS/NET BASIS NOT SPECIFIED,ELECTRICAL-EQUIVALENT RESERVOIR POTENTIAL ENERGY: REPORTED OR RECONSTRUCTED FROM BASIN VOLUME x WATER DENSITY x GRAVITY x AVERAGE HEAD x 87% TURBINE EFFICIENCY; ACTIVE/USABLE OPERATING RANGE NOT ESTABLISHED,ZENODO_14006948,raw/hydro_physical/Italian_Hydropower_Programmable_Plants_Database_v2_RAW.xlsx,9ba9b40399471e162d041b4a27b2da602c95bd38a5cfb07d2c4769205144f864,RAW_ROW_PRESERVED; OPEN-DATA VALUES NOT PROMOTED TO CANONICAL MEM INPUTS,FORMULA_RECONSTRUCTED_EXACT,520.6167,1,,HYDRO_RESERVOIR_OR_BASIN_PROGRAMMABLE,OPEN DATABASE HWR/HDAM CLASS; TERNA BASIN-VS-RESERVOIR THRESHOLD NOT AVAILABLE AT PLANT LEVEL,MEDIUM_FOR_PROGRAMMABLE_RESERVOIR; UNRESOLVED_BASIN_VS_RESERVOIR,YES,NO,NATURALLY_CHARGED_STORE_PLUS_FIXED_TURBINE_LINK; FINAL E_NOM NOT YET APPROVED,NOT_ESTABLISHED,PHYSICS-BASED ELECTRICAL-EQUIVALENT BASIN ENERGY; NOT A CONFIRMED ACTIVE OPERATING RANGE,PHYSICAL_RESERVOIR_EVIDENCE_ONLY; ACTIVE VOLUME/LEVEL AND INFLOW CALIBRATION REQUIRED BEFORE E_NOM,PHYSICAL_RESERVOIR_ENERGY_VIEW; SUBSET_NON_ADDITIVE,OPEN_PHYSICAL_DATABASE,DERIVED_PHYSICAL_RESERVOIR_ENERGY,OPEN_PHYSICAL_DATABASE,SECONDARY_NON_CANONICAL,YES_AT_AGGREGATE_OR_DIFFERENT_GRAIN_ONLY,,PHYSICAL_ALLOCATION_EVIDENCE; GEOGRAPHY; CLASSIFICATION; PLAUSIBILITY CHECK; SENSITIVITY RESEARCH,PHYSICAL_EVIDENCE_ONLY,false,REQUIRES RECONCILIATION TO A DIRECT TERNA CONTROL AT THE SAME METRIC/GRAIN OR OTHER STRONG PRIMARY OPERATING EVIDENCE,UNCHANGED_SECONDARY_PHYSICAL_EVIDENCE,false
105,HDAM,HDAM,H867,Carona,3,Lombardia,NORD,48,0,31.2939,31293.9,46.02139,9.78285,600,22,3335,,Other - http://www.valbrembanaweb.it/cai_piazza/annuario/2002/centrali/centrali.html,Other - http://www.valbrembanaweb.it/cai_piazza/annuario/2002/centrali/centrali.html, ,PHYSICAL INVENTORY INSTALLED CAPACITY; GROSS/NET BASIS NOT SPECIFIED,ELECTRICAL-EQUIVALENT RESERVOIR POTENTIAL ENERGY: REPORTED OR RECONSTRUCTED FROM BASIN VOLUME x WATER DENSITY x GRAVITY x AVERAGE HEAD x 87% TURBINE EFFICIENCY; ACTIVE/USABLE OPERATING RANGE NOT ESTABLISHED,ZENODO_14006948,raw/hydro_physical/Italian_Hydropower_Programmable_Plants_Database_v2_RAW.xlsx,9ba9b40399471e162d041b4a27b2da602c95bd38a5cfb07d2c4769205144f864,RAW_ROW_PRESERVED; OPEN-DATA VALUES NOT PROMOTED TO CANONICAL MEM INPUTS,FORMULA_RECONSTRUCTED_EXACT,31293.9,1,,HYDRO_RESERVOIR_OR_BASIN_PROGRAMMABLE,OPEN DATABASE HWR/HDAM CLASS; TERNA BASIN-VS-RESERVOIR THRESHOLD NOT AVAILABLE AT PLANT LEVEL,MEDIUM_FOR_PROGRAMMABLE_RESERVOIR; UNRESOLVED_BASIN_VS_RESERVOIR,YES,NO,NATURALLY_CHARGED_STORE_PLUS_FIXED_TURBINE_LINK; FINAL E_NOM NOT YET APPROVED,NOT_ESTABLISHED,PHYSICS-BASED ELECTRICAL-EQUIVALENT BASIN ENERGY; NOT A CONFIRMED ACTIVE OPERATING RANGE,PHYSICAL_RESERVOIR_EVIDENCE_ONLY; ACTIVE VOLUME/LEVEL AND INFLOW CALIBRATION REQUIRED BEFORE E_NOM,PHYSICAL_RESERVOIR_ENERGY_VIEW; SUBSET_NON_ADDITIVE,OPEN_PHYSICAL_DATABASE,DERIVED_PHYSICAL_RESERVOIR_ENERGY,OPEN_PHYSICAL_DATABASE,SECONDARY_NON_CANONICAL,YES_AT_AGGREGATE_OR_DIFFERENT_GRAIN_ONLY,,PHYSICAL_ALLOCATION_EVIDENCE; GEOGRAPHY; CLASSIFICATION; PLAUSIBILITY CHECK; SENSITIVITY RESEARCH,PHYSICAL_EVIDENCE_ONLY,false,REQUIRES RECONCILIATION TO A DIRECT TERNA CONTROL AT THE SAME METRIC/GRAIN OR OTHER STRONG PRIMARY OPERATING EVIDENCE,UNCHANGED_SECONDARY_PHYSICAL_EVIDENCE,false
106,HDAM,HDAM,H918,Sistema Alto Flumendosa Bau Muggeris Sa Teula,20,Sardegna,SARD,46,0,75.947791788,75947.791788,39.9622222,9.5055556,547.8,58.48,3415,Entso-e,Other - https://www.regione.sardegna.it/documenti/1_179_20181126103047.pdf,Other - https://www.regione.sardegna.it/documenti/1_179_20181126103047.pdf,,PHYSICAL INVENTORY INSTALLED CAPACITY; GROSS/NET BASIS NOT SPECIFIED,ELECTRICAL-EQUIVALENT RESERVOIR POTENTIAL ENERGY: REPORTED OR RECONSTRUCTED FROM BASIN VOLUME x WATER DENSITY x GRAVITY x AVERAGE HEAD x 87% TURBINE EFFICIENCY; ACTIVE/USABLE OPERATING RANGE NOT ESTABLISHED,ZENODO_14006948,raw/hydro_physical/Italian_Hydropower_Programmable_Plants_Database_v2_RAW.xlsx,9ba9b40399471e162d041b4a27b2da602c95bd38a5cfb07d2c4769205144f864,RAW_ROW_PRESERVED; OPEN-DATA VALUES NOT PROMOTED TO CANONICAL MEM INPUTS,FORMULA_RECONSTRUCTED_EXACT,75947.791788,1,75947,HYDRO_RESERVOIR_OR_BASIN_PROGRAMMABLE,OPEN DATABASE HWR/HDAM CLASS; TERNA BASIN-VS-RESERVOIR THRESHOLD NOT AVAILABLE AT PLANT LEVEL,MEDIUM_FOR_PROGRAMMABLE_RESERVOIR; UNRESOLVED_BASIN_VS_RESERVOIR,YES,NO,NATURALLY_CHARGED_STORE_PLUS_FIXED_TURBINE_LINK; FINAL E_NOM NOT YET APPROVED,NOT_ESTABLISHED,PHYSICS-BASED ELECTRICAL-EQUIVALENT BASIN ENERGY; NOT A CONFIRMED ACTIVE OPERATING RANGE,PHYSICAL_RESERVOIR_EVIDENCE_ONLY; ACTIVE VOLUME/LEVEL AND INFLOW CALIBRATION REQUIRED BEFORE E_NOM,PHYSICAL_RESERVOIR_ENERGY_VIEW; SUBSET_NON_ADDITIVE,OPEN_PHYSICAL_DATABASE,DERIVED_PHYSICAL_RESERVOIR_ENERGY,OPEN_PHYSICAL_DATABASE,SECONDARY_NON_CANONICAL,YES_AT_AGGREGATE_OR_DIFFERENT_GRAIN_ONLY,,PHYSICAL_ALLOCATION_EVIDENCE; GEOGRAPHY; CLASSIFICATION; PLAUSIBILITY CHECK; SENSITIVITY RESEARCH,PHYSICAL_EVIDENCE_ONLY,false,REQUIRES RECONCILIATION TO A DIRECT TERNA CONTROL AT THE SAME METRIC/GRAIN OR OTHER STRONG PRIMARY OPERATING EVIDENCE,UNCHANGED_SECONDARY_PHYSICAL_EVIDENCE,false
107,HDAM,HDAM,H92,Orichella Timpagrande Calusia UP_ORTICA_1,18,Calabria,CALA,414.7,0,373.81986,373819.86,39.17553,16.780345,1168,135,265,,a2a + other - https://www.gruppoa2a.it/it/chi-siamo/nostri-impianti/idroelettrici/nucleo-calabria + https://va.mite.gov.it/File/Documento/882026 ,MIT,,PHYSICAL INVENTORY INSTALLED CAPACITY; GROSS/NET BASIS NOT SPECIFIED,ELECTRICAL-EQUIVALENT RESERVOIR POTENTIAL ENERGY: REPORTED OR RECONSTRUCTED FROM BASIN VOLUME x WATER DENSITY x GRAVITY x AVERAGE HEAD x 87% TURBINE EFFICIENCY; ACTIVE/USABLE OPERATING RANGE NOT ESTABLISHED,ZENODO_14006948,raw/hydro_physical/Italian_Hydropower_Programmable_Plants_Database_v2_RAW.xlsx,9ba9b40399471e162d041b4a27b2da602c95bd38a5cfb07d2c4769205144f864,RAW_ROW_PRESERVED; OPEN-DATA VALUES NOT PROMOTED TO CANONICAL MEM INPUTS,FORMULA_RECONSTRUCTED_EXACT,373819.86,1,,HYDRO_RESERVOIR_OR_BASIN_PROGRAMMABLE,OPEN DATABASE HWR/HDAM CLASS; TERNA BASIN-VS-RESERVOIR THRESHOLD NOT AVAILABLE AT PLANT LEVEL,MEDIUM_FOR_PROGRAMMABLE_RESERVOIR; UNRESOLVED_BASIN_VS_RESERVOIR,YES,NO,NATURALLY_CHARGED_STORE_PLUS_FIXED_TURBINE_LINK; FINAL E_NOM NOT YET APPROVED,NOT_ESTABLISHED,PHYSICS-BASED ELECTRICAL-EQUIVALENT BASIN ENERGY; NOT A CONFIRMED ACTIVE OPERATING RANGE,PHYSICAL_RESERVOIR_EVIDENCE_ONLY; ACTIVE VOLUME/LEVEL AND INFLOW CALIBRATION REQUIRED BEFORE E_NOM,PHYSICAL_RESERVOIR_ENERGY_VIEW; SUBSET_NON_ADDITIVE,OPEN_PHYSICAL_DATABASE,DERIVED_PHYSICAL_RESERVOIR_ENERGY,OPEN_PHYSICAL_DATABASE,SECONDARY_NON_CANONICAL,YES_AT_AGGREGATE_OR_DIFFERENT_GRAIN_ONLY,,PHYSICAL_ALLOCATION_EVIDENCE; GEOGRAPHY; CLASSIFICATION; PLAUSIBILITY CHECK; SENSITIVITY RESEARCH,PHYSICAL_EVIDENCE_ONLY,false,REQUIRES RECONCILIATION TO A DIRECT TERNA CONTROL AT THE SAME METRIC/GRAIN OR OTHER STRONG PRIMARY OPERATING EVIDENCE,UNCHANGED_SECONDARY_PHYSICAL_EVIDENCE,false
108,HDAM,HDAM,H928,S. angelo,13,Abruzzo,CSUD,43,0,40.27667175,40276.67175,42.55,12.6833333,161.8,105,3261,,Other - https://ingegneri.chieti.it/wp-content/uploads/2018/10/Limpianto-idroelettrico-di-S.-Angelo-RESPONSABILE-COMMISSIONE-IMPIANTI-CONSALVO-ing-AGOSTINO.pdf,MIT,,PHYSICAL INVENTORY INSTALLED CAPACITY; GROSS/NET BASIS NOT SPECIFIED,ELECTRICAL-EQUIVALENT RESERVOIR POTENTIAL ENERGY: REPORTED OR RECONSTRUCTED FROM BASIN VOLUME x WATER DENSITY x GRAVITY x AVERAGE HEAD x 87% TURBINE EFFICIENCY; ACTIVE/USABLE OPERATING RANGE NOT ESTABLISHED,ZENODO_14006948,raw/hydro_physical/Italian_Hydropower_Programmable_Plants_Database_v2_RAW.xlsx,9ba9b40399471e162d041b4a27b2da602c95bd38a5cfb07d2c4769205144f864,RAW_ROW_PRESERVED; OPEN-DATA VALUES NOT PROMOTED TO CANONICAL MEM INPUTS,FORMULA_RECONSTRUCTED_EXACT,40276.67175,1,,HYDRO_RESERVOIR_OR_BASIN_PROGRAMMABLE,OPEN DATABASE HWR/HDAM CLASS; TERNA BASIN-VS-RESERVOIR THRESHOLD NOT AVAILABLE AT PLANT LEVEL,MEDIUM_FOR_PROGRAMMABLE_RESERVOIR; UNRESOLVED_BASIN_VS_RESERVOIR,YES,NO,NATURALLY_CHARGED_STORE_PLUS_FIXED_TURBINE_LINK; FINAL E_NOM NOT YET APPROVED,NOT_ESTABLISHED,PHYSICS-BASED ELECTRICAL-EQUIVALENT BASIN ENERGY; NOT A CONFIRMED ACTIVE OPERATING RANGE,PHYSICAL_RESERVOIR_EVIDENCE_ONLY; ACTIVE VOLUME/LEVEL AND INFLOW CALIBRATION REQUIRED BEFORE E_NOM,PHYSICAL_RESERVOIR_ENERGY_VIEW; SUBSET_NON_ADDITIVE,OPEN_PHYSICAL_DATABASE,DERIVED_PHYSICAL_RESERVOIR_ENERGY,OPEN_PHYSICAL_DATABASE,SECONDARY_NON_CANONICAL,YES_AT_AGGREGATE_OR_DIFFERENT_GRAIN_ONLY,,PHYSICAL_ALLOCATION_EVIDENCE; GEOGRAPHY; CLASSIFICATION; PLAUSIBILITY CHECK; SENSITIVITY RESEARCH,PHYSICAL_EVIDENCE_ONLY,false,REQUIRES RECONCILIATION TO A DIRECT TERNA CONTROL AT THE SAME METRIC/GRAIN OR OTHER STRONG PRIMARY OPERATING EVIDENCE,UNCHANGED_SECONDARY_PHYSICAL_EVIDENCE,false
109,HDAM,HDAM,H929,Dossi,3,Lombardia,NORD,43,0,43.24248,43242.48,46.034193,10.005855,960,19,3390,,Other - https://www.maslana.it/assets/site/media/diga-barbellino/5-diga-del-barbellino.pdf,Other - https://www.maslana.it/assets/site/media/diga-barbellino/5-diga-del-barbellino.pdf,,PHYSICAL INVENTORY INSTALLED CAPACITY; GROSS/NET BASIS NOT SPECIFIED,ELECTRICAL-EQUIVALENT RESERVOIR POTENTIAL ENERGY: REPORTED OR RECONSTRUCTED FROM BASIN VOLUME x WATER DENSITY x GRAVITY x AVERAGE HEAD x 87% TURBINE EFFICIENCY; ACTIVE/USABLE OPERATING RANGE NOT ESTABLISHED,ZENODO_14006948,raw/hydro_physical/Italian_Hydropower_Programmable_Plants_Database_v2_RAW.xlsx,9ba9b40399471e162d041b4a27b2da602c95bd38a5cfb07d2c4769205144f864,RAW_ROW_PRESERVED; OPEN-DATA VALUES NOT PROMOTED TO CANONICAL MEM INPUTS,FORMULA_RECONSTRUCTED_EXACT,43242.48,1,,HYDRO_RESERVOIR_OR_BASIN_PROGRAMMABLE,OPEN DATABASE HWR/HDAM CLASS; TERNA BASIN-VS-RESERVOIR THRESHOLD NOT AVAILABLE AT PLANT LEVEL,MEDIUM_FOR_PROGRAMMABLE_RESERVOIR; UNRESOLVED_BASIN_VS_RESERVOIR,YES,NO,NATURALLY_CHARGED_STORE_PLUS_FIXED_TURBINE_LINK; FINAL E_NOM NOT YET APPROVED,NOT_ESTABLISHED,PHYSICS-BASED ELECTRICAL-EQUIVALENT BASIN ENERGY; NOT A CONFIRMED ACTIVE OPERATING RANGE,PHYSICAL_RESERVOIR_EVIDENCE_ONLY; ACTIVE VOLUME/LEVEL AND INFLOW CALIBRATION REQUIRED BEFORE E_NOM,PHYSICAL_RESERVOIR_ENERGY_VIEW; SUBSET_NON_ADDITIVE,OPEN_PHYSICAL_DATABASE,DERIVED_PHYSICAL_RESERVOIR_ENERGY,OPEN_PHYSICAL_DATABASE,SECONDARY_NON_CANONICAL,YES_AT_AGGREGATE_OR_DIFFERENT_GRAIN_ONLY,,PHYSICAL_ALLOCATION_EVIDENCE; GEOGRAPHY; CLASSIFICATION; PLAUSIBILITY CHECK; SENSITIVITY RESEARCH,PHYSICAL_EVIDENCE_ONLY,false,REQUIRES RECONCILIATION TO A DIRECT TERNA CONTROL AT THE SAME METRIC/GRAIN OR OTHER STRONG PRIMARY OPERATING EVIDENCE,UNCHANGED_SECONDARY_PHYSICAL_EVIDENCE,false
110,HDAM,HDAM,H930,Rovesca,1,Piemonte,NORD,43,0,31.641,31641,46.060376,8.114612,567 -706 -290,"8,94 - 8,5 - 7,85 (con formula 1)",3738,,Progetto dighe,MIT,,PHYSICAL INVENTORY INSTALLED CAPACITY; GROSS/NET BASIS NOT SPECIFIED,ELECTRICAL-EQUIVALENT RESERVOIR POTENTIAL ENERGY: REPORTED OR RECONSTRUCTED FROM BASIN VOLUME x WATER DENSITY x GRAVITY x AVERAGE HEAD x 87% TURBINE EFFICIENCY; ACTIVE/USABLE OPERATING RANGE NOT ESTABLISHED,ZENODO_14006948,raw/hydro_physical/Italian_Hydropower_Programmable_Plants_Database_v2_RAW.xlsx,9ba9b40399471e162d041b4a27b2da602c95bd38a5cfb07d2c4769205144f864,RAW_ROW_PRESERVED; OPEN-DATA VALUES NOT PROMOTED TO CANONICAL MEM INPUTS,OTHER_REPORTED_OR_INPUT_INCOMPLETE,,,,HYDRO_RESERVOIR_OR_BASIN_PROGRAMMABLE,OPEN DATABASE HWR/HDAM CLASS; TERNA BASIN-VS-RESERVOIR THRESHOLD NOT AVAILABLE AT PLANT LEVEL,MEDIUM_FOR_PROGRAMMABLE_RESERVOIR; UNRESOLVED_BASIN_VS_RESERVOIR,YES,NO,NATURALLY_CHARGED_STORE_PLUS_FIXED_TURBINE_LINK; FINAL E_NOM NOT YET APPROVED,NOT_ESTABLISHED,PHYSICS-BASED ELECTRICAL-EQUIVALENT BASIN ENERGY; NOT A CONFIRMED ACTIVE OPERATING RANGE,PHYSICAL_RESERVOIR_EVIDENCE_ONLY; ACTIVE VOLUME/LEVEL AND INFLOW CALIBRATION REQUIRED BEFORE E_NOM,PHYSICAL_RESERVOIR_ENERGY_VIEW; SUBSET_NON_ADDITIVE,OPEN_PHYSICAL_DATABASE,OPEN_PHYSICAL_DATABASE_REPORTED_OR_INHERITED,OPEN_PHYSICAL_DATABASE,SECONDARY_NON_CANONICAL,YES_AT_AGGREGATE_OR_DIFFERENT_GRAIN_ONLY,,PHYSICAL_ALLOCATION_EVIDENCE; GEOGRAPHY; CLASSIFICATION; PLAUSIBILITY CHECK; SENSITIVITY RESEARCH,PHYSICAL_EVIDENCE_ONLY,false,REQUIRES RECONCILIATION TO A DIRECT TERNA CONTROL AT THE SAME METRIC/GRAIN OR OTHER STRONG PRIMARY OPERATING EVIDENCE,UNCHANGED_SECONDARY_PHYSICAL_EVIDENCE,false
111,HDAM,HDAM,H978,Brunico,4,Trentino Alto Adige,NORD,42,0,2.903161181,2903.161181,46.79343,11.983386,200.75,6.1,3314,,Alperia,MIT,,PHYSICAL INVENTORY INSTALLED CAPACITY; GROSS/NET BASIS NOT SPECIFIED,ELECTRICAL-EQUIVALENT RESERVOIR POTENTIAL ENERGY: REPORTED OR RECONSTRUCTED FROM BASIN VOLUME x WATER DENSITY x GRAVITY x AVERAGE HEAD x 87% TURBINE EFFICIENCY; ACTIVE/USABLE OPERATING RANGE NOT ESTABLISHED,ZENODO_14006948,raw/hydro_physical/Italian_Hydropower_Programmable_Plants_Database_v2_RAW.xlsx,9ba9b40399471e162d041b4a27b2da602c95bd38a5cfb07d2c4769205144f864,RAW_ROW_PRESERVED; OPEN-DATA VALUES NOT PROMOTED TO CANONICAL MEM INPUTS,FORMULA_RECONSTRUCTED_EXACT,2903.161181,1,2903,HYDRO_RESERVOIR_OR_BASIN_PROGRAMMABLE,OPEN DATABASE HWR/HDAM CLASS; TERNA BASIN-VS-RESERVOIR THRESHOLD NOT AVAILABLE AT PLANT LEVEL,MEDIUM_FOR_PROGRAMMABLE_RESERVOIR; UNRESOLVED_BASIN_VS_RESERVOIR,YES,NO,NATURALLY_CHARGED_STORE_PLUS_FIXED_TURBINE_LINK; FINAL E_NOM NOT YET APPROVED,NOT_ESTABLISHED,PHYSICS-BASED ELECTRICAL-EQUIVALENT BASIN ENERGY; NOT A CONFIRMED ACTIVE OPERATING RANGE,PHYSICAL_RESERVOIR_EVIDENCE_ONLY; ACTIVE VOLUME/LEVEL AND INFLOW CALIBRATION REQUIRED BEFORE E_NOM,PHYSICAL_RESERVOIR_ENERGY_VIEW; SUBSET_NON_ADDITIVE,OPEN_PHYSICAL_DATABASE,DERIVED_PHYSICAL_RESERVOIR_ENERGY,OPEN_PHYSICAL_DATABASE,SECONDARY_NON_CANONICAL,YES_AT_AGGREGATE_OR_DIFFERENT_GRAIN_ONLY,,PHYSICAL_ALLOCATION_EVIDENCE; GEOGRAPHY; CLASSIFICATION; PLAUSIBILITY CHECK; SENSITIVITY RESEARCH,PHYSICAL_EVIDENCE_ONLY,false,REQUIRES RECONCILIATION TO A DIRECT TERNA CONTROL AT THE SAME METRIC/GRAIN OR OTHER STRONG PRIMARY OPERATING EVIDENCE,UNCHANGED_SECONDARY_PHYSICAL_EVIDENCE,false
112,HDAM,HDAM,H980,Sospirolo,5,Veneto,NORD,40,0,6.707333012,6707.333012,46.1394444,12.0677778,77.09,36.7,3788,,Other - http://www.adbve.it/Documenti/DELIBERE_CI/DEL01/b2.pdf,MIT,,PHYSICAL INVENTORY INSTALLED CAPACITY; GROSS/NET BASIS NOT SPECIFIED,ELECTRICAL-EQUIVALENT RESERVOIR POTENTIAL ENERGY: REPORTED OR RECONSTRUCTED FROM BASIN VOLUME x WATER DENSITY x GRAVITY x AVERAGE HEAD x 87% TURBINE EFFICIENCY; ACTIVE/USABLE OPERATING RANGE NOT ESTABLISHED,ZENODO_14006948,raw/hydro_physical/Italian_Hydropower_Programmable_Plants_Database_v2_RAW.xlsx,9ba9b40399471e162d041b4a27b2da602c95bd38a5cfb07d2c4769205144f864,RAW_ROW_PRESERVED; OPEN-DATA VALUES NOT PROMOTED TO CANONICAL MEM INPUTS,FORMULA_RECONSTRUCTED_EXACT,6707.333012,1,,HYDRO_RESERVOIR_OR_BASIN_PROGRAMMABLE,OPEN DATABASE HWR/HDAM CLASS; TERNA BASIN-VS-RESERVOIR THRESHOLD NOT AVAILABLE AT PLANT LEVEL,MEDIUM_FOR_PROGRAMMABLE_RESERVOIR; UNRESOLVED_BASIN_VS_RESERVOIR,YES,NO,NATURALLY_CHARGED_STORE_PLUS_FIXED_TURBINE_LINK; FINAL E_NOM NOT YET APPROVED,NOT_ESTABLISHED,PHYSICS-BASED ELECTRICAL-EQUIVALENT BASIN ENERGY; NOT A CONFIRMED ACTIVE OPERATING RANGE,PHYSICAL_RESERVOIR_EVIDENCE_ONLY; ACTIVE VOLUME/LEVEL AND INFLOW CALIBRATION REQUIRED BEFORE E_NOM,PHYSICAL_RESERVOIR_ENERGY_VIEW; SUBSET_NON_ADDITIVE,OPEN_PHYSICAL_DATABASE,DERIVED_PHYSICAL_RESERVOIR_ENERGY,OPEN_PHYSICAL_DATABASE,SECONDARY_NON_CANONICAL,YES_AT_AGGREGATE_OR_DIFFERENT_GRAIN_ONLY,,PHYSICAL_ALLOCATION_EVIDENCE; GEOGRAPHY; CLASSIFICATION; PLAUSIBILITY CHECK; SENSITIVITY RESEARCH,PHYSICAL_EVIDENCE_ONLY,false,REQUIRES RECONCILIATION TO A DIRECT TERNA CONTROL AT THE SAME METRIC/GRAIN OR OTHER STRONG PRIMARY OPERATING EVIDENCE,UNCHANGED_SECONDARY_PHYSICAL_EVIDENCE,false
113,HDAM,HDAM,H981,Villa,1,Piemonte,NORD,40,0,27.7140675,27714.0675,45.4401944606351,7.21085222280761,700,16.7,3873,,Wikipedia,MIT,,PHYSICAL INVENTORY INSTALLED CAPACITY; GROSS/NET BASIS NOT SPECIFIED,ELECTRICAL-EQUIVALENT RESERVOIR POTENTIAL ENERGY: REPORTED OR RECONSTRUCTED FROM BASIN VOLUME x WATER DENSITY x GRAVITY x AVERAGE HEAD x 87% TURBINE EFFICIENCY; ACTIVE/USABLE OPERATING RANGE NOT ESTABLISHED,ZENODO_14006948,raw/hydro_physical/Italian_Hydropower_Programmable_Plants_Database_v2_RAW.xlsx,9ba9b40399471e162d041b4a27b2da602c95bd38a5cfb07d2c4769205144f864,RAW_ROW_PRESERVED; OPEN-DATA VALUES NOT PROMOTED TO CANONICAL MEM INPUTS,FORMULA_RECONSTRUCTED_EXACT,27714.0675,1,,HYDRO_RESERVOIR_OR_BASIN_PROGRAMMABLE,OPEN DATABASE HWR/HDAM CLASS; TERNA BASIN-VS-RESERVOIR THRESHOLD NOT AVAILABLE AT PLANT LEVEL,MEDIUM_FOR_PROGRAMMABLE_RESERVOIR; UNRESOLVED_BASIN_VS_RESERVOIR,YES,NO,NATURALLY_CHARGED_STORE_PLUS_FIXED_TURBINE_LINK; FINAL E_NOM NOT YET APPROVED,NOT_ESTABLISHED,PHYSICS-BASED ELECTRICAL-EQUIVALENT BASIN ENERGY; NOT A CONFIRMED ACTIVE OPERATING RANGE,PHYSICAL_RESERVOIR_EVIDENCE_ONLY; ACTIVE VOLUME/LEVEL AND INFLOW CALIBRATION REQUIRED BEFORE E_NOM,PHYSICAL_RESERVOIR_ENERGY_VIEW; SUBSET_NON_ADDITIVE,OPEN_PHYSICAL_DATABASE,DERIVED_PHYSICAL_RESERVOIR_ENERGY,OPEN_PHYSICAL_DATABASE,SECONDARY_NON_CANONICAL,YES_AT_AGGREGATE_OR_DIFFERENT_GRAIN_ONLY,,PHYSICAL_ALLOCATION_EVIDENCE; GEOGRAPHY; CLASSIFICATION; PLAUSIBILITY CHECK; SENSITIVITY RESEARCH,PHYSICAL_EVIDENCE_ONLY,false,REQUIRES RECONCILIATION TO A DIRECT TERNA CONTROL AT THE SAME METRIC/GRAIN OR OTHER STRONG PRIMARY OPERATING EVIDENCE,UNCHANGED_SECONDARY_PHYSICAL_EVIDENCE,false
114,HDAM,HDAM,H991,Agri,17,Basilicata,SUD,39,0,62.26774875,62267.74875,40.289012,16.139079,206,127.5,3248,,Other - http://wikimapia.org/35257925/it/Centrale-Idroelettrica-dell-Agri,MIT,,PHYSICAL INVENTORY INSTALLED CAPACITY; GROSS/NET BASIS NOT SPECIFIED,ELECTRICAL-EQUIVALENT RESERVOIR POTENTIAL ENERGY: REPORTED OR RECONSTRUCTED FROM BASIN VOLUME x WATER DENSITY x GRAVITY x AVERAGE HEAD x 87% TURBINE EFFICIENCY; ACTIVE/USABLE OPERATING RANGE NOT ESTABLISHED,ZENODO_14006948,raw/hydro_physical/Italian_Hydropower_Programmable_Plants_Database_v2_RAW.xlsx,9ba9b40399471e162d041b4a27b2da602c95bd38a5cfb07d2c4769205144f864,RAW_ROW_PRESERVED; OPEN-DATA VALUES NOT PROMOTED TO CANONICAL MEM INPUTS,FORMULA_RECONSTRUCTED_EXACT,62267.74875,1,,HYDRO_RESERVOIR_OR_BASIN_PROGRAMMABLE,OPEN DATABASE HWR/HDAM CLASS; TERNA BASIN-VS-RESERVOIR THRESHOLD NOT AVAILABLE AT PLANT LEVEL,MEDIUM_FOR_PROGRAMMABLE_RESERVOIR; UNRESOLVED_BASIN_VS_RESERVOIR,YES,NO,NATURALLY_CHARGED_STORE_PLUS_FIXED_TURBINE_LINK; FINAL E_NOM NOT YET APPROVED,NOT_ESTABLISHED,PHYSICS-BASED ELECTRICAL-EQUIVALENT BASIN ENERGY; NOT A CONFIRMED ACTIVE OPERATING RANGE,PHYSICAL_RESERVOIR_EVIDENCE_ONLY; ACTIVE VOLUME/LEVEL AND INFLOW CALIBRATION REQUIRED BEFORE E_NOM,PHYSICAL_RESERVOIR_ENERGY_VIEW; SUBSET_NON_ADDITIVE,OPEN_PHYSICAL_DATABASE,DERIVED_PHYSICAL_RESERVOIR_ENERGY,OPEN_PHYSICAL_DATABASE,SECONDARY_NON_CANONICAL,YES_AT_AGGREGATE_OR_DIFFERENT_GRAIN_ONLY,,PHYSICAL_ALLOCATION_EVIDENCE; GEOGRAPHY; CLASSIFICATION; PLAUSIBILITY CHECK; SENSITIVITY RESEARCH,PHYSICAL_EVIDENCE_ONLY,false,REQUIRES RECONCILIATION TO A DIRECT TERNA CONTROL AT THE SAME METRIC/GRAIN OR OTHER STRONG PRIMARY OPERATING EVIDENCE,UNCHANGED_SECONDARY_PHYSICAL_EVIDENCE,false
115,HDAM,HDAM,H992,Caoria,4,Trentino Alto Adige,NORD,39,0,36.575931,36575.931,46.2,11.6833333,551,28,3331,,Primerio Energia - https://www.primieroenergia.com/attivita/centrale-di-caoria-p888,MIT,,PHYSICAL INVENTORY INSTALLED CAPACITY; GROSS/NET BASIS NOT SPECIFIED,ELECTRICAL-EQUIVALENT RESERVOIR POTENTIAL ENERGY: REPORTED OR RECONSTRUCTED FROM BASIN VOLUME x WATER DENSITY x GRAVITY x AVERAGE HEAD x 87% TURBINE EFFICIENCY; ACTIVE/USABLE OPERATING RANGE NOT ESTABLISHED,ZENODO_14006948,raw/hydro_physical/Italian_Hydropower_Programmable_Plants_Database_v2_RAW.xlsx,9ba9b40399471e162d041b4a27b2da602c95bd38a5cfb07d2c4769205144f864,RAW_ROW_PRESERVED; OPEN-DATA VALUES NOT PROMOTED TO CANONICAL MEM INPUTS,FORMULA_RECONSTRUCTED_EXACT,36575.931,1,,HYDRO_RESERVOIR_OR_BASIN_PROGRAMMABLE,OPEN DATABASE HWR/HDAM CLASS; TERNA BASIN-VS-RESERVOIR THRESHOLD NOT AVAILABLE AT PLANT LEVEL,MEDIUM_FOR_PROGRAMMABLE_RESERVOIR; UNRESOLVED_BASIN_VS_RESERVOIR,YES,NO,NATURALLY_CHARGED_STORE_PLUS_FIXED_TURBINE_LINK; FINAL E_NOM NOT YET APPROVED,NOT_ESTABLISHED,PHYSICS-BASED ELECTRICAL-EQUIVALENT BASIN ENERGY; NOT A CONFIRMED ACTIVE OPERATING RANGE,PHYSICAL_RESERVOIR_EVIDENCE_ONLY; ACTIVE VOLUME/LEVEL AND INFLOW CALIBRATION REQUIRED BEFORE E_NOM,PHYSICAL_RESERVOIR_ENERGY_VIEW; SUBSET_NON_ADDITIVE,OPEN_PHYSICAL_DATABASE,DERIVED_PHYSICAL_RESERVOIR_ENERGY,OPEN_PHYSICAL_DATABASE,SECONDARY_NON_CANONICAL,YES_AT_AGGREGATE_OR_DIFFERENT_GRAIN_ONLY,,PHYSICAL_ALLOCATION_EVIDENCE; GEOGRAPHY; CLASSIFICATION; PLAUSIBILITY CHECK; SENSITIVITY RESEARCH,PHYSICAL_EVIDENCE_ONLY,false,REQUIRES RECONCILIATION TO A DIRECT TERNA CONTROL AT THE SAME METRIC/GRAIN OR OTHER STRONG PRIMARY OPERATING EVIDENCE,UNCHANGED_SECONDARY_PHYSICAL_EVIDENCE,false
116,HDAM,HDAM,HNEW1,Taloro 2° Salto (Cucchinadorza),20,Sardegna,SARD,26.4,0,8.75802465,8758.02465,40.127148,9.140644,196.5,18.8,n/a,,Other - https://www.ingdemurtas.it/energia/taloro/,Other - https://www.ingdemurtas.it/energia/taloro/,,PHYSICAL INVENTORY INSTALLED CAPACITY; GROSS/NET BASIS NOT SPECIFIED,ELECTRICAL-EQUIVALENT RESERVOIR POTENTIAL ENERGY: REPORTED OR RECONSTRUCTED FROM BASIN VOLUME x WATER DENSITY x GRAVITY x AVERAGE HEAD x 87% TURBINE EFFICIENCY; ACTIVE/USABLE OPERATING RANGE NOT ESTABLISHED,ZENODO_14006948,raw/hydro_physical/Italian_Hydropower_Programmable_Plants_Database_v2_RAW.xlsx,9ba9b40399471e162d041b4a27b2da602c95bd38a5cfb07d2c4769205144f864,RAW_ROW_PRESERVED; OPEN-DATA VALUES NOT PROMOTED TO CANONICAL MEM INPUTS,FORMULA_RECONSTRUCTED_EXACT,8758.02465,1,,HYDRO_RESERVOIR_OR_BASIN_PROGRAMMABLE,OPEN DATABASE HWR/HDAM CLASS; TERNA BASIN-VS-RESERVOIR THRESHOLD NOT AVAILABLE AT PLANT LEVEL,MEDIUM_FOR_PROGRAMMABLE_RESERVOIR; UNRESOLVED_BASIN_VS_RESERVOIR,YES,NO,NATURALLY_CHARGED_STORE_PLUS_FIXED_TURBINE_LINK; FINAL E_NOM NOT YET APPROVED,NOT_ESTABLISHED,PHYSICS-BASED ELECTRICAL-EQUIVALENT BASIN ENERGY; NOT A CONFIRMED ACTIVE OPERATING RANGE,PHYSICAL_RESERVOIR_EVIDENCE_ONLY; ACTIVE VOLUME/LEVEL AND INFLOW CALIBRATION REQUIRED BEFORE E_NOM,PHYSICAL_RESERVOIR_ENERGY_VIEW; SUBSET_NON_ADDITIVE,OPEN_PHYSICAL_DATABASE,DERIVED_PHYSICAL_RESERVOIR_ENERGY,OPEN_PHYSICAL_DATABASE,SECONDARY_NON_CANONICAL,YES_AT_AGGREGATE_OR_DIFFERENT_GRAIN_ONLY,,PHYSICAL_ALLOCATION_EVIDENCE; GEOGRAPHY; CLASSIFICATION; PLAUSIBILITY CHECK; SENSITIVITY RESEARCH,PHYSICAL_EVIDENCE_ONLY,false,REQUIRES RECONCILIATION TO A DIRECT TERNA CONTROL AT THE SAME METRIC/GRAIN OR OTHER STRONG PRIMARY OPERATING EVIDENCE,UNCHANGED_SECONDARY_PHYSICAL_EVIDENCE,false
117,HDAM,HDAM,HNEW2,Taloro 3° Salto (Benzone),20,Sardegna,SARD,6.3,0,0.146642741,146.642741,40.127148,9.140644,44.5,1.39,n/a,,Other - https://www.ingdemurtas.it/energia/taloro/,Other - https://www.ingdemurtas.it/energia/taloro/,,PHYSICAL INVENTORY INSTALLED CAPACITY; GROSS/NET BASIS NOT SPECIFIED,ELECTRICAL-EQUIVALENT RESERVOIR POTENTIAL ENERGY: REPORTED OR RECONSTRUCTED FROM BASIN VOLUME x WATER DENSITY x GRAVITY x AVERAGE HEAD x 87% TURBINE EFFICIENCY; ACTIVE/USABLE OPERATING RANGE NOT ESTABLISHED,ZENODO_14006948,raw/hydro_physical/Italian_Hydropower_Programmable_Plants_Database_v2_RAW.xlsx,9ba9b40399471e162d041b4a27b2da602c95bd38a5cfb07d2c4769205144f864,RAW_ROW_PRESERVED; OPEN-DATA VALUES NOT PROMOTED TO CANONICAL MEM INPUTS,FORMULA_RECONSTRUCTED_EXACT,146.642741,0.999999998,,HYDRO_RESERVOIR_OR_BASIN_PROGRAMMABLE,OPEN DATABASE HWR/HDAM CLASS; TERNA BASIN-VS-RESERVOIR THRESHOLD NOT AVAILABLE AT PLANT LEVEL,MEDIUM_FOR_PROGRAMMABLE_RESERVOIR; UNRESOLVED_BASIN_VS_RESERVOIR,YES,NO,NATURALLY_CHARGED_STORE_PLUS_FIXED_TURBINE_LINK; FINAL E_NOM NOT YET APPROVED,NOT_ESTABLISHED,PHYSICS-BASED ELECTRICAL-EQUIVALENT BASIN ENERGY; NOT A CONFIRMED ACTIVE OPERATING RANGE,PHYSICAL_RESERVOIR_EVIDENCE_ONLY; ACTIVE VOLUME/LEVEL AND INFLOW CALIBRATION REQUIRED BEFORE E_NOM,PHYSICAL_RESERVOIR_ENERGY_VIEW; SUBSET_NON_ADDITIVE,OPEN_PHYSICAL_DATABASE,DERIVED_PHYSICAL_RESERVOIR_ENERGY,OPEN_PHYSICAL_DATABASE,SECONDARY_NON_CANONICAL,YES_AT_AGGREGATE_OR_DIFFERENT_GRAIN_ONLY,,PHYSICAL_ALLOCATION_EVIDENCE; GEOGRAPHY; CLASSIFICATION; PLAUSIBILITY CHECK; SENSITIVITY RESEARCH,PHYSICAL_EVIDENCE_ONLY,false,REQUIRES RECONCILIATION TO A DIRECT TERNA CONTROL AT THE SAME METRIC/GRAIN OR OTHER STRONG PRIMARY OPERATING EVIDENCE,UNCHANGED_SECONDARY_PHYSICAL_EVIDENCE,false
118,HDAM,HDAM,HNEW3,Piedimonte Matese,15,Campania,CSUD,34,0,28.3010652,28301.0652,41.357297590006,14.3698296177104,829,14.4,n/a,entso-e,Google Earth,MIT,,PHYSICAL INVENTORY INSTALLED CAPACITY; GROSS/NET BASIS NOT SPECIFIED,ELECTRICAL-EQUIVALENT RESERVOIR POTENTIAL ENERGY: REPORTED OR RECONSTRUCTED FROM BASIN VOLUME x WATER DENSITY x GRAVITY x AVERAGE HEAD x 87% TURBINE EFFICIENCY; ACTIVE/USABLE OPERATING RANGE NOT ESTABLISHED,ZENODO_14006948,raw/hydro_physical/Italian_Hydropower_Programmable_Plants_Database_v2_RAW.xlsx,9ba9b40399471e162d041b4a27b2da602c95bd38a5cfb07d2c4769205144f864,RAW_ROW_PRESERVED; OPEN-DATA VALUES NOT PROMOTED TO CANONICAL MEM INPUTS,FORMULA_RECONSTRUCTED_EXACT,28301.0652,1,,HYDRO_RESERVOIR_OR_BASIN_PROGRAMMABLE,OPEN DATABASE HWR/HDAM CLASS; TERNA BASIN-VS-RESERVOIR THRESHOLD NOT AVAILABLE AT PLANT LEVEL,MEDIUM_FOR_PROGRAMMABLE_RESERVOIR; UNRESOLVED_BASIN_VS_RESERVOIR,YES,NO,NATURALLY_CHARGED_STORE_PLUS_FIXED_TURBINE_LINK; FINAL E_NOM NOT YET APPROVED,NOT_ESTABLISHED,PHYSICS-BASED ELECTRICAL-EQUIVALENT BASIN ENERGY; NOT A CONFIRMED ACTIVE OPERATING RANGE,PHYSICAL_RESERVOIR_EVIDENCE_ONLY; ACTIVE VOLUME/LEVEL AND INFLOW CALIBRATION REQUIRED BEFORE E_NOM,PHYSICAL_RESERVOIR_ENERGY_VIEW; SUBSET_NON_ADDITIVE,OPEN_PHYSICAL_DATABASE,DERIVED_PHYSICAL_RESERVOIR_ENERGY,OPEN_PHYSICAL_DATABASE,SECONDARY_NON_CANONICAL,YES_AT_AGGREGATE_OR_DIFFERENT_GRAIN_ONLY,,PHYSICAL_ALLOCATION_EVIDENCE; GEOGRAPHY; CLASSIFICATION; PLAUSIBILITY CHECK; SENSITIVITY RESEARCH,PHYSICAL_EVIDENCE_ONLY,false,REQUIRES RECONCILIATION TO A DIRECT TERNA CONTROL AT THE SAME METRIC/GRAIN OR OTHER STRONG PRIMARY OPERATING EVIDENCE,UNCHANGED_SECONDARY_PHYSICAL_EVIDENCE,false
119,HDAM,HDAM,HNEW4,Cotilia,12,Lazio,CSUD,48,0,130.789536,130789.536,42.3730478479169,12.9686269540352,128,431,n/a,Wikipedia,Progetto dighe,MIT,https://www.progettodighe.it/centrali/cotilia/,PHYSICAL INVENTORY INSTALLED CAPACITY; GROSS/NET BASIS NOT SPECIFIED,ELECTRICAL-EQUIVALENT RESERVOIR POTENTIAL ENERGY: REPORTED OR RECONSTRUCTED FROM BASIN VOLUME x WATER DENSITY x GRAVITY x AVERAGE HEAD x 87% TURBINE EFFICIENCY; ACTIVE/USABLE OPERATING RANGE NOT ESTABLISHED,ZENODO_14006948,raw/hydro_physical/Italian_Hydropower_Programmable_Plants_Database_v2_RAW.xlsx,9ba9b40399471e162d041b4a27b2da602c95bd38a5cfb07d2c4769205144f864,RAW_ROW_PRESERVED; OPEN-DATA VALUES NOT PROMOTED TO CANONICAL MEM INPUTS,FORMULA_RECONSTRUCTED_EXACT,130789.536,1,,HYDRO_RESERVOIR_OR_BASIN_PROGRAMMABLE,OPEN DATABASE HWR/HDAM CLASS; TERNA BASIN-VS-RESERVOIR THRESHOLD NOT AVAILABLE AT PLANT LEVEL,MEDIUM_FOR_PROGRAMMABLE_RESERVOIR; UNRESOLVED_BASIN_VS_RESERVOIR,YES,NO,NATURALLY_CHARGED_STORE_PLUS_FIXED_TURBINE_LINK; FINAL E_NOM NOT YET APPROVED,NOT_ESTABLISHED,PHYSICS-BASED ELECTRICAL-EQUIVALENT BASIN ENERGY; NOT A CONFIRMED ACTIVE OPERATING RANGE,PHYSICAL_RESERVOIR_EVIDENCE_ONLY; ACTIVE VOLUME/LEVEL AND INFLOW CALIBRATION REQUIRED BEFORE E_NOM,PHYSICAL_RESERVOIR_ENERGY_VIEW; SUBSET_NON_ADDITIVE,OPEN_PHYSICAL_DATABASE,DERIVED_PHYSICAL_RESERVOIR_ENERGY,OPEN_PHYSICAL_DATABASE,SECONDARY_NON_CANONICAL,YES_AT_AGGREGATE_OR_DIFFERENT_GRAIN_ONLY,,PHYSICAL_ALLOCATION_EVIDENCE; GEOGRAPHY; CLASSIFICATION; PLAUSIBILITY CHECK; SENSITIVITY RESEARCH,PHYSICAL_EVIDENCE_ONLY,false,REQUIRES RECONCILIATION TO A DIRECT TERNA CONTROL AT THE SAME METRIC/GRAIN OR OTHER STRONG PRIMARY OPERATING EVIDENCE,UNCHANGED_SECONDARY_PHYSICAL_EVIDENCE,false
120,HDAM,HDAM,HNEW5,Capodiponte -Talvacchia,11,Marche,CNOR,33,0,9.686890427,9686.890427,42.8104176128827,13.5030518923634,301.55,13.55,n/a,,Enel - https://web.archive.org/web/20130512200942/http://www.enel.it/it-IT/doc/azienda/ambiente/dichiarazioni_ambientali/montorio_da2007_2008.pdf,MIT,,PHYSICAL INVENTORY INSTALLED CAPACITY; GROSS/NET BASIS NOT SPECIFIED,ELECTRICAL-EQUIVALENT RESERVOIR POTENTIAL ENERGY: REPORTED OR RECONSTRUCTED FROM BASIN VOLUME x WATER DENSITY x GRAVITY x AVERAGE HEAD x 87% TURBINE EFFICIENCY; ACTIVE/USABLE OPERATING RANGE NOT ESTABLISHED,ZENODO_14006948,raw/hydro_physical/Italian_Hydropower_Programmable_Plants_Database_v2_RAW.xlsx,9ba9b40399471e162d041b4a27b2da602c95bd38a5cfb07d2c4769205144f864,RAW_ROW_PRESERVED; OPEN-DATA VALUES NOT PROMOTED TO CANONICAL MEM INPUTS,FORMULA_RECONSTRUCTED_EXACT,9686.890427,1,,HYDRO_RESERVOIR_OR_BASIN_PROGRAMMABLE,OPEN DATABASE HWR/HDAM CLASS; TERNA BASIN-VS-RESERVOIR THRESHOLD NOT AVAILABLE AT PLANT LEVEL,MEDIUM_FOR_PROGRAMMABLE_RESERVOIR; UNRESOLVED_BASIN_VS_RESERVOIR,YES,NO,NATURALLY_CHARGED_STORE_PLUS_FIXED_TURBINE_LINK; FINAL E_NOM NOT YET APPROVED,NOT_ESTABLISHED,PHYSICS-BASED ELECTRICAL-EQUIVALENT BASIN ENERGY; NOT A CONFIRMED ACTIVE OPERATING RANGE,PHYSICAL_RESERVOIR_EVIDENCE_ONLY; ACTIVE VOLUME/LEVEL AND INFLOW CALIBRATION REQUIRED BEFORE E_NOM,PHYSICAL_RESERVOIR_ENERGY_VIEW; SUBSET_NON_ADDITIVE,OPEN_PHYSICAL_DATABASE,DERIVED_PHYSICAL_RESERVOIR_ENERGY,OPEN_PHYSICAL_DATABASE,SECONDARY_NON_CANONICAL,YES_AT_AGGREGATE_OR_DIFFERENT_GRAIN_ONLY,,PHYSICAL_ALLOCATION_EVIDENCE; GEOGRAPHY; CLASSIFICATION; PLAUSIBILITY CHECK; SENSITIVITY RESEARCH,PHYSICAL_EVIDENCE_ONLY,false,REQUIRES RECONCILIATION TO A DIRECT TERNA CONTROL AT THE SAME METRIC/GRAIN OR OTHER STRONG PRIMARY OPERATING EVIDENCE,UNCHANGED_SECONDARY_PHYSICAL_EVIDENCE,false
121,HDAM,HDAM,HNEW6,Capodiponte - Colombara,11,Marche,CNOR,0,0,0.115574062,115.574062,42.8104176128827,13.5030518923634,97.5,0.5,n/a,entso-e,Enel - https://web.archive.org/web/20130512200942/http://www.enel.it/it-IT/doc/azienda/ambiente/dichiarazioni_ambientali/montorio_da2007_2008.pdf,MIT,,PHYSICAL INVENTORY INSTALLED CAPACITY; GROSS/NET BASIS NOT SPECIFIED,ELECTRICAL-EQUIVALENT RESERVOIR POTENTIAL ENERGY: REPORTED OR RECONSTRUCTED FROM BASIN VOLUME x WATER DENSITY x GRAVITY x AVERAGE HEAD x 87% TURBINE EFFICIENCY; ACTIVE/USABLE OPERATING RANGE NOT ESTABLISHED,ZENODO_14006948,raw/hydro_physical/Italian_Hydropower_Programmable_Plants_Database_v2_RAW.xlsx,9ba9b40399471e162d041b4a27b2da602c95bd38a5cfb07d2c4769205144f864,RAW_ROW_PRESERVED; OPEN-DATA VALUES NOT PROMOTED TO CANONICAL MEM INPUTS,FORMULA_RECONSTRUCTED_EXACT,115.574063,0.999999996,,HYDRO_RESERVOIR_OR_BASIN_PROGRAMMABLE,OPEN DATABASE HWR/HDAM CLASS; TERNA BASIN-VS-RESERVOIR THRESHOLD NOT AVAILABLE AT PLANT LEVEL,MEDIUM_FOR_PROGRAMMABLE_RESERVOIR; UNRESOLVED_BASIN_VS_RESERVOIR,YES,NO,NATURALLY_CHARGED_STORE_PLUS_FIXED_TURBINE_LINK; FINAL E_NOM NOT YET APPROVED,NOT_ESTABLISHED,PHYSICS-BASED ELECTRICAL-EQUIVALENT BASIN ENERGY; NOT A CONFIRMED ACTIVE OPERATING RANGE,PHYSICAL_RESERVOIR_EVIDENCE_ONLY; ACTIVE VOLUME/LEVEL AND INFLOW CALIBRATION REQUIRED BEFORE E_NOM,PHYSICAL_RESERVOIR_ENERGY_VIEW; SUBSET_NON_ADDITIVE,OPEN_PHYSICAL_DATABASE,DERIVED_PHYSICAL_RESERVOIR_ENERGY,OPEN_PHYSICAL_DATABASE,SECONDARY_NON_CANONICAL,YES_AT_AGGREGATE_OR_DIFFERENT_GRAIN_ONLY,,PHYSICAL_ALLOCATION_EVIDENCE; GEOGRAPHY; CLASSIFICATION; PLAUSIBILITY CHECK; SENSITIVITY RESEARCH,PHYSICAL_EVIDENCE_ONLY,false,REQUIRES RECONCILIATION TO A DIRECT TERNA CONTROL AT THE SAME METRIC/GRAIN OR OTHER STRONG PRIMARY OPERATING EVIDENCE,UNCHANGED_SECONDARY_PHYSICAL_EVIDENCE,false
122,HDAM,HDAM,HNEW6,Masseria Nicodemo - Orsomarso - Palazzo 2,18,Calabria,CALA,46,0,1.5675399,1567.5399,39.7997920793494,15.9077548161323,580,1.14,n/a,entso-e,Other - https://www.ilsole24ore.com/art/masseria-nicodemo-e-valle-sinni-ACKZjca,MIT,,PHYSICAL INVENTORY INSTALLED CAPACITY; GROSS/NET BASIS NOT SPECIFIED,ELECTRICAL-EQUIVALENT RESERVOIR POTENTIAL ENERGY: REPORTED OR RECONSTRUCTED FROM BASIN VOLUME x WATER DENSITY x GRAVITY x AVERAGE HEAD x 87% TURBINE EFFICIENCY; ACTIVE/USABLE OPERATING RANGE NOT ESTABLISHED,ZENODO_14006948,raw/hydro_physical/Italian_Hydropower_Programmable_Plants_Database_v2_RAW.xlsx,9ba9b40399471e162d041b4a27b2da602c95bd38a5cfb07d2c4769205144f864,RAW_ROW_PRESERVED; OPEN-DATA VALUES NOT PROMOTED TO CANONICAL MEM INPUTS,FORMULA_RECONSTRUCTED_EXACT,1567.5399,1,,HYDRO_RESERVOIR_OR_BASIN_PROGRAMMABLE,OPEN DATABASE HWR/HDAM CLASS; TERNA BASIN-VS-RESERVOIR THRESHOLD NOT AVAILABLE AT PLANT LEVEL,MEDIUM_FOR_PROGRAMMABLE_RESERVOIR; UNRESOLVED_BASIN_VS_RESERVOIR,YES,NO,NATURALLY_CHARGED_STORE_PLUS_FIXED_TURBINE_LINK; FINAL E_NOM NOT YET APPROVED,NOT_ESTABLISHED,PHYSICS-BASED ELECTRICAL-EQUIVALENT BASIN ENERGY; NOT A CONFIRMED ACTIVE OPERATING RANGE,PHYSICAL_RESERVOIR_EVIDENCE_ONLY; ACTIVE VOLUME/LEVEL AND INFLOW CALIBRATION REQUIRED BEFORE E_NOM,PHYSICAL_RESERVOIR_ENERGY_VIEW; SUBSET_NON_ADDITIVE,OPEN_PHYSICAL_DATABASE,DERIVED_PHYSICAL_RESERVOIR_ENERGY,OPEN_PHYSICAL_DATABASE,SECONDARY_NON_CANONICAL,YES_AT_AGGREGATE_OR_DIFFERENT_GRAIN_ONLY,,PHYSICAL_ALLOCATION_EVIDENCE; GEOGRAPHY; CLASSIFICATION; PLAUSIBILITY CHECK; SENSITIVITY RESEARCH,PHYSICAL_EVIDENCE_ONLY,false,REQUIRES RECONCILIATION TO A DIRECT TERNA CONTROL AT THE SAME METRIC/GRAIN OR OTHER STRONG PRIMARY OPERATING EVIDENCE,UNCHANGED_SECONDARY_PHYSICAL_EVIDENCE,false
123,HDAM,HDAM,HNEW7,Centrale -Valcimarra (Fiastra- Caccamo),11,Marche,CNOR,20,0,14.9471046,14947.1046,43.0585320649002,13.1815088068745,340.8,18.5,n/a,Other - http://web.tiscali.it/aulaverdeagentili/VALLE%20DEL%20FIASRONE/alga%20fiastra/CENTRALE%20ELETTRICA.htm,Google Earth,MIT,Other - http://web.tiscali.it/aulaverdeagentili/VALLE%20DEL%20FIASRONE/alga%20fiastra/CENTRALE%20ELETTRICA.htm,PHYSICAL INVENTORY INSTALLED CAPACITY; GROSS/NET BASIS NOT SPECIFIED,ELECTRICAL-EQUIVALENT RESERVOIR POTENTIAL ENERGY: REPORTED OR RECONSTRUCTED FROM BASIN VOLUME x WATER DENSITY x GRAVITY x AVERAGE HEAD x 87% TURBINE EFFICIENCY; ACTIVE/USABLE OPERATING RANGE NOT ESTABLISHED,ZENODO_14006948,raw/hydro_physical/Italian_Hydropower_Programmable_Plants_Database_v2_RAW.xlsx,9ba9b40399471e162d041b4a27b2da602c95bd38a5cfb07d2c4769205144f864,RAW_ROW_PRESERVED; OPEN-DATA VALUES NOT PROMOTED TO CANONICAL MEM INPUTS,FORMULA_RECONSTRUCTED_EXACT,14947.1046,1,,HYDRO_RESERVOIR_OR_BASIN_PROGRAMMABLE,OPEN DATABASE HWR/HDAM CLASS; TERNA BASIN-VS-RESERVOIR THRESHOLD NOT AVAILABLE AT PLANT LEVEL,MEDIUM_FOR_PROGRAMMABLE_RESERVOIR; UNRESOLVED_BASIN_VS_RESERVOIR,YES,NO,NATURALLY_CHARGED_STORE_PLUS_FIXED_TURBINE_LINK; FINAL E_NOM NOT YET APPROVED,NOT_ESTABLISHED,PHYSICS-BASED ELECTRICAL-EQUIVALENT BASIN ENERGY; NOT A CONFIRMED ACTIVE OPERATING RANGE,PHYSICAL_RESERVOIR_EVIDENCE_ONLY; ACTIVE VOLUME/LEVEL AND INFLOW CALIBRATION REQUIRED BEFORE E_NOM,PHYSICAL_RESERVOIR_ENERGY_VIEW; SUBSET_NON_ADDITIVE,OPEN_PHYSICAL_DATABASE,DERIVED_PHYSICAL_RESERVOIR_ENERGY,OPEN_PHYSICAL_DATABASE,SECONDARY_NON_CANONICAL,YES_AT_AGGREGATE_OR_DIFFERENT_GRAIN_ONLY,,PHYSICAL_ALLOCATION_EVIDENCE; GEOGRAPHY; CLASSIFICATION; PLAUSIBILITY CHECK; SENSITIVITY RESEARCH,PHYSICAL_EVIDENCE_ONLY,false,REQUIRES RECONCILIATION TO A DIRECT TERNA CONTROL AT THE SAME METRIC/GRAIN OR OTHER STRONG PRIMARY OPERATING EVIDENCE,UNCHANGED_SECONDARY_PHYSICAL_EVIDENCE,false
124,HDAM,HDAM,HNEW8,Centrale -Valcimarra (Polverina- Caccamo),11,Marche,CNOR,18,0,0.810113724,810.113724,43.089233416207,13.1100323801054,100.8,3.39,n/a,Other - http://web.tiscali.it/aulaverdeagentili/VALLE%20DEL%20FIASRONE/alga%20fiastra/CENTRALE%20ELETTRICA.htm,Google Earth,MIT,Other - http://web.tiscali.it/aulaverdeagentili/VALLE%20DEL%20FIASRONE/alga%20fiastra/CENTRALE%20ELETTRICA.htm,PHYSICAL INVENTORY INSTALLED CAPACITY; GROSS/NET BASIS NOT SPECIFIED,ELECTRICAL-EQUIVALENT RESERVOIR POTENTIAL ENERGY: REPORTED OR RECONSTRUCTED FROM BASIN VOLUME x WATER DENSITY x GRAVITY x AVERAGE HEAD x 87% TURBINE EFFICIENCY; ACTIVE/USABLE OPERATING RANGE NOT ESTABLISHED,ZENODO_14006948,raw/hydro_physical/Italian_Hydropower_Programmable_Plants_Database_v2_RAW.xlsx,9ba9b40399471e162d041b4a27b2da602c95bd38a5cfb07d2c4769205144f864,RAW_ROW_PRESERVED; OPEN-DATA VALUES NOT PROMOTED TO CANONICAL MEM INPUTS,FORMULA_RECONSTRUCTED_EXACT,810.113724,1,,HYDRO_RESERVOIR_OR_BASIN_PROGRAMMABLE,OPEN DATABASE HWR/HDAM CLASS; TERNA BASIN-VS-RESERVOIR THRESHOLD NOT AVAILABLE AT PLANT LEVEL,MEDIUM_FOR_PROGRAMMABLE_RESERVOIR; UNRESOLVED_BASIN_VS_RESERVOIR,YES,NO,NATURALLY_CHARGED_STORE_PLUS_FIXED_TURBINE_LINK; FINAL E_NOM NOT YET APPROVED,NOT_ESTABLISHED,PHYSICS-BASED ELECTRICAL-EQUIVALENT BASIN ENERGY; NOT A CONFIRMED ACTIVE OPERATING RANGE,PHYSICAL_RESERVOIR_EVIDENCE_ONLY; ACTIVE VOLUME/LEVEL AND INFLOW CALIBRATION REQUIRED BEFORE E_NOM,PHYSICAL_RESERVOIR_ENERGY_VIEW; SUBSET_NON_ADDITIVE,OPEN_PHYSICAL_DATABASE,DERIVED_PHYSICAL_RESERVOIR_ENERGY,OPEN_PHYSICAL_DATABASE,SECONDARY_NON_CANONICAL,YES_AT_AGGREGATE_OR_DIFFERENT_GRAIN_ONLY,,PHYSICAL_ALLOCATION_EVIDENCE; GEOGRAPHY; CLASSIFICATION; PLAUSIBILITY CHECK; SENSITIVITY RESEARCH,PHYSICAL_EVIDENCE_ONLY,false,REQUIRES RECONCILIATION TO A DIRECT TERNA CONTROL AT THE SAME METRIC/GRAIN OR OTHER STRONG PRIMARY OPERATING EVIDENCE,UNCHANGED_SECONDARY_PHYSICAL_EVIDENCE,false
125,HDAM,HDAM,HNEW9,Centrale Belforte 1^Salto,11,Marche,CNOR,9,0,0.693195446,693.195446,43.1454137293337,13.2033401059,57.9,5.05,n/a,Other - http://web.tiscali.it/aulaverdeagentili/VALLE%20DEL%20FIASRONE/alga%20fiastra/CENTRALE%20ELETTRICA.htm,Enel - https://corporate.enel.it/content/dam/enel-it/progetti/documenti/impiantiemasidroelettrici/Unit%C3%A0diBusinessHydroCentro/DichiarazioneAmbientale2012_Centro.pdf,MIT,Other - http://web.tiscali.it/aulaverdeagentili/VALLE%20DEL%20FIASRONE/alga%20fiastra/CENTRALE%20ELETTRICA.htm,PHYSICAL INVENTORY INSTALLED CAPACITY; GROSS/NET BASIS NOT SPECIFIED,ELECTRICAL-EQUIVALENT RESERVOIR POTENTIAL ENERGY: REPORTED OR RECONSTRUCTED FROM BASIN VOLUME x WATER DENSITY x GRAVITY x AVERAGE HEAD x 87% TURBINE EFFICIENCY; ACTIVE/USABLE OPERATING RANGE NOT ESTABLISHED,ZENODO_14006948,raw/hydro_physical/Italian_Hydropower_Programmable_Plants_Database_v2_RAW.xlsx,9ba9b40399471e162d041b4a27b2da602c95bd38a5cfb07d2c4769205144f864,RAW_ROW_PRESERVED; OPEN-DATA VALUES NOT PROMOTED TO CANONICAL MEM INPUTS,FORMULA_RECONSTRUCTED_EXACT,693.195446,1,,HYDRO_RESERVOIR_OR_BASIN_PROGRAMMABLE,OPEN DATABASE HWR/HDAM CLASS; TERNA BASIN-VS-RESERVOIR THRESHOLD NOT AVAILABLE AT PLANT LEVEL,MEDIUM_FOR_PROGRAMMABLE_RESERVOIR; UNRESOLVED_BASIN_VS_RESERVOIR,YES,NO,NATURALLY_CHARGED_STORE_PLUS_FIXED_TURBINE_LINK; FINAL E_NOM NOT YET APPROVED,NOT_ESTABLISHED,PHYSICS-BASED ELECTRICAL-EQUIVALENT BASIN ENERGY; NOT A CONFIRMED ACTIVE OPERATING RANGE,PHYSICAL_RESERVOIR_EVIDENCE_ONLY; ACTIVE VOLUME/LEVEL AND INFLOW CALIBRATION REQUIRED BEFORE E_NOM,PHYSICAL_RESERVOIR_ENERGY_VIEW; SUBSET_NON_ADDITIVE,OPEN_PHYSICAL_DATABASE,DERIVED_PHYSICAL_RESERVOIR_ENERGY,OPEN_PHYSICAL_DATABASE,SECONDARY_NON_CANONICAL,YES_AT_AGGREGATE_OR_DIFFERENT_GRAIN_ONLY,,PHYSICAL_ALLOCATION_EVIDENCE; GEOGRAPHY; CLASSIFICATION; PLAUSIBILITY CHECK; SENSITIVITY RESEARCH,PHYSICAL_EVIDENCE_ONLY,false,REQUIRES RECONCILIATION TO A DIRECT TERNA CONTROL AT THE SAME METRIC/GRAIN OR OTHER STRONG PRIMARY OPERATING EVIDENCE,UNCHANGED_SECONDARY_PHYSICAL_EVIDENCE,false
126,HDAM,HDAM,HNEW10,Centrale Scandarella,12,Lazio,CSUD,2.5,0,0.988270845,988.270845,42.6414727303895,13.2703183957742,38,10.97,n/a,Enel - https://web.archive.org/web/20130512200942/http://www.enel.it/it-IT/doc/azienda/ambiente/dichiarazioni_ambientali/montorio_da2007_2008.pdf,Enel - https://web.archive.org/web/20130512200942/http://www.enel.it/it-IT/doc/azienda/ambiente/dichiarazioni_ambientali/montorio_da2007_2008.pdf,Enel - https://web.archive.org/web/20130512200942/http://www.enel.it/it-IT/doc/azienda/ambiente/dichiarazioni_ambientali/montorio_da2007_2008.pdf,Enel - https://web.archive.org/web/20130512200942/http://www.enel.it/it-IT/doc/azienda/ambiente/dichiarazioni_ambientali/montorio_da2007_2008.pdf,PHYSICAL INVENTORY INSTALLED CAPACITY; GROSS/NET BASIS NOT SPECIFIED,ELECTRICAL-EQUIVALENT RESERVOIR POTENTIAL ENERGY: REPORTED OR RECONSTRUCTED FROM BASIN VOLUME x WATER DENSITY x GRAVITY x AVERAGE HEAD x 87% TURBINE EFFICIENCY; ACTIVE/USABLE OPERATING RANGE NOT ESTABLISHED,ZENODO_14006948,raw/hydro_physical/Italian_Hydropower_Programmable_Plants_Database_v2_RAW.xlsx,9ba9b40399471e162d041b4a27b2da602c95bd38a5cfb07d2c4769205144f864,RAW_ROW_PRESERVED; OPEN-DATA VALUES NOT PROMOTED TO CANONICAL MEM INPUTS,FORMULA_RECONSTRUCTED_EXACT,988.270845,1,,HYDRO_RESERVOIR_OR_BASIN_PROGRAMMABLE,OPEN DATABASE HWR/HDAM CLASS; TERNA BASIN-VS-RESERVOIR THRESHOLD NOT AVAILABLE AT PLANT LEVEL,MEDIUM_FOR_PROGRAMMABLE_RESERVOIR; UNRESOLVED_BASIN_VS_RESERVOIR,YES,NO,NATURALLY_CHARGED_STORE_PLUS_FIXED_TURBINE_LINK; FINAL E_NOM NOT YET APPROVED,NOT_ESTABLISHED,PHYSICS-BASED ELECTRICAL-EQUIVALENT BASIN ENERGY; NOT A CONFIRMED ACTIVE OPERATING RANGE,PHYSICAL_RESERVOIR_EVIDENCE_ONLY; ACTIVE VOLUME/LEVEL AND INFLOW CALIBRATION REQUIRED BEFORE E_NOM,PHYSICAL_RESERVOIR_ENERGY_VIEW; SUBSET_NON_ADDITIVE,OPEN_PHYSICAL_DATABASE,DERIVED_PHYSICAL_RESERVOIR_ENERGY,OPEN_PHYSICAL_DATABASE,SECONDARY_NON_CANONICAL,YES_AT_AGGREGATE_OR_DIFFERENT_GRAIN_ONLY,,PHYSICAL_ALLOCATION_EVIDENCE; GEOGRAPHY; CLASSIFICATION; PLAUSIBILITY CHECK; SENSITIVITY RESEARCH,PHYSICAL_EVIDENCE_ONLY,false,REQUIRES RECONCILIATION TO A DIRECT TERNA CONTROL AT THE SAME METRIC/GRAIN OR OTHER STRONG PRIMARY OPERATING EVIDENCE,UNCHANGED_SECONDARY_PHYSICAL_EVIDENCE,false
127,HDAM,HDAM,HNEW11,Centrale Villa Maria - lago Barrea,13,Abruzzo,CSUD,60,0,24.671726698,24671.726698,41.9544612573899,14.3557666681366,428.26,24.3,n/a,,Enel - https://web.archive.org/web/20130512200942/http://www.enel.it/it-IT/doc/azienda/ambiente/dichiarazioni_ambientali/montorio_da2007_2008.pdf a pag 31/112,MIT,Enel - https://web.archive.org/web/20130512200942/http://www.enel.it/it-IT/doc/azienda/ambiente/dichiarazioni_ambientali/montorio_da2007_2008.pdf a pag 31/112,PHYSICAL INVENTORY INSTALLED CAPACITY; GROSS/NET BASIS NOT SPECIFIED,ELECTRICAL-EQUIVALENT RESERVOIR POTENTIAL ENERGY: REPORTED OR RECONSTRUCTED FROM BASIN VOLUME x WATER DENSITY x GRAVITY x AVERAGE HEAD x 87% TURBINE EFFICIENCY; ACTIVE/USABLE OPERATING RANGE NOT ESTABLISHED,ZENODO_14006948,raw/hydro_physical/Italian_Hydropower_Programmable_Plants_Database_v2_RAW.xlsx,9ba9b40399471e162d041b4a27b2da602c95bd38a5cfb07d2c4769205144f864,RAW_ROW_PRESERVED; OPEN-DATA VALUES NOT PROMOTED TO CANONICAL MEM INPUTS,FORMULA_RECONSTRUCTED_EXACT,24671.726699,1,,HYDRO_RESERVOIR_OR_BASIN_PROGRAMMABLE,OPEN DATABASE HWR/HDAM CLASS; TERNA BASIN-VS-RESERVOIR THRESHOLD NOT AVAILABLE AT PLANT LEVEL,MEDIUM_FOR_PROGRAMMABLE_RESERVOIR; UNRESOLVED_BASIN_VS_RESERVOIR,YES,NO,NATURALLY_CHARGED_STORE_PLUS_FIXED_TURBINE_LINK; FINAL E_NOM NOT YET APPROVED,NOT_ESTABLISHED,PHYSICS-BASED ELECTRICAL-EQUIVALENT BASIN ENERGY; NOT A CONFIRMED ACTIVE OPERATING RANGE,PHYSICAL_RESERVOIR_EVIDENCE_ONLY; ACTIVE VOLUME/LEVEL AND INFLOW CALIBRATION REQUIRED BEFORE E_NOM,PHYSICAL_RESERVOIR_ENERGY_VIEW; SUBSET_NON_ADDITIVE,OPEN_PHYSICAL_DATABASE,DERIVED_PHYSICAL_RESERVOIR_ENERGY,OPEN_PHYSICAL_DATABASE,SECONDARY_NON_CANONICAL,YES_AT_AGGREGATE_OR_DIFFERENT_GRAIN_ONLY,,PHYSICAL_ALLOCATION_EVIDENCE; GEOGRAPHY; CLASSIFICATION; PLAUSIBILITY CHECK; SENSITIVITY RESEARCH,PHYSICAL_EVIDENCE_ONLY,false,REQUIRES RECONCILIATION TO A DIRECT TERNA CONTROL AT THE SAME METRIC/GRAIN OR OTHER STRONG PRIMARY OPERATING EVIDENCE,UNCHANGED_SECONDARY_PHYSICAL_EVIDENCE,false
128,HDAM,HDAM,HNEW12,Comunanza,11,Marche,CNOR,8.5,0,5.008802063,5008.802062,42.957348,13.412282,156.5,13.5,3368,,Enel-  https://corporate.enel.it/content/dam/enel-it/progetti/documenti/impiantiemasidroelettrici/Unit%C3%A0diBusinessHydroCentro/DichiarazioneAmbientale2012_Centro.pdf,MIT,,PHYSICAL INVENTORY INSTALLED CAPACITY; GROSS/NET BASIS NOT SPECIFIED,ELECTRICAL-EQUIVALENT RESERVOIR POTENTIAL ENERGY: REPORTED OR RECONSTRUCTED FROM BASIN VOLUME x WATER DENSITY x GRAVITY x AVERAGE HEAD x 87% TURBINE EFFICIENCY; ACTIVE/USABLE OPERATING RANGE NOT ESTABLISHED,ZENODO_14006948,raw/hydro_physical/Italian_Hydropower_Programmable_Plants_Database_v2_RAW.xlsx,9ba9b40399471e162d041b4a27b2da602c95bd38a5cfb07d2c4769205144f864,RAW_ROW_PRESERVED; OPEN-DATA VALUES NOT PROMOTED TO CANONICAL MEM INPUTS,FORMULA_RECONSTRUCTED_EXACT,5008.802062,1,,HYDRO_RESERVOIR_OR_BASIN_PROGRAMMABLE,OPEN DATABASE HWR/HDAM CLASS; TERNA BASIN-VS-RESERVOIR THRESHOLD NOT AVAILABLE AT PLANT LEVEL,MEDIUM_FOR_PROGRAMMABLE_RESERVOIR; UNRESOLVED_BASIN_VS_RESERVOIR,YES,NO,NATURALLY_CHARGED_STORE_PLUS_FIXED_TURBINE_LINK; FINAL E_NOM NOT YET APPROVED,NOT_ESTABLISHED,PHYSICS-BASED ELECTRICAL-EQUIVALENT BASIN ENERGY; NOT A CONFIRMED ACTIVE OPERATING RANGE,PHYSICAL_RESERVOIR_EVIDENCE_ONLY; ACTIVE VOLUME/LEVEL AND INFLOW CALIBRATION REQUIRED BEFORE E_NOM,PHYSICAL_RESERVOIR_ENERGY_VIEW; SUBSET_NON_ADDITIVE,OPEN_PHYSICAL_DATABASE,DERIVED_PHYSICAL_RESERVOIR_ENERGY,OPEN_PHYSICAL_DATABASE,SECONDARY_NON_CANONICAL,YES_AT_AGGREGATE_OR_DIFFERENT_GRAIN_ONLY,,PHYSICAL_ALLOCATION_EVIDENCE; GEOGRAPHY; CLASSIFICATION; PLAUSIBILITY CHECK; SENSITIVITY RESEARCH,PHYSICAL_EVIDENCE_ONLY,false,REQUIRES RECONCILIATION TO A DIRECT TERNA CONTROL AT THE SAME METRIC/GRAIN OR OTHER STRONG PRIMARY OPERATING EVIDENCE,UNCHANGED_SECONDARY_PHYSICAL_EVIDENCE,false
129,HDAM,HDAM,HNEW13,Centrale Ponte Maglio (Villa Pera),11,Marche,CNOR,4,0,0.165544731,165.544731,42.993656824102,13.5211892503504,101.2,0.69,n/a,Enel - https://corporate.enel.it/content/dam/enel-it/progetti/documenti/impiantiemasidroelettrici/Unit%C3%A0diBusinessHydroCentro/DichiarazioneAmbientale2012_Centro.pdf,Enel - https://corporate.enel.it/content/dam/enel-it/progetti/documenti/impiantiemasidroelettrici/Unit%C3%A0diBusinessHydroCentro/DichiarazioneAmbientale2012_Centro.pdf,MIT,Enel - https://corporate.enel.it/content/dam/enel-it/progetti/documenti/impiantiemasidroelettrici/Unit%C3%A0diBusinessHydroCentro/DichiarazioneAmbientale2012_Centro.pdf,PHYSICAL INVENTORY INSTALLED CAPACITY; GROSS/NET BASIS NOT SPECIFIED,ELECTRICAL-EQUIVALENT RESERVOIR POTENTIAL ENERGY: REPORTED OR RECONSTRUCTED FROM BASIN VOLUME x WATER DENSITY x GRAVITY x AVERAGE HEAD x 87% TURBINE EFFICIENCY; ACTIVE/USABLE OPERATING RANGE NOT ESTABLISHED,ZENODO_14006948,raw/hydro_physical/Italian_Hydropower_Programmable_Plants_Database_v2_RAW.xlsx,9ba9b40399471e162d041b4a27b2da602c95bd38a5cfb07d2c4769205144f864,RAW_ROW_PRESERVED; OPEN-DATA VALUES NOT PROMOTED TO CANONICAL MEM INPUTS,FORMULA_RECONSTRUCTED_EXACT,165.544731,1,,HYDRO_RESERVOIR_OR_BASIN_PROGRAMMABLE,OPEN DATABASE HWR/HDAM CLASS; TERNA BASIN-VS-RESERVOIR THRESHOLD NOT AVAILABLE AT PLANT LEVEL,MEDIUM_FOR_PROGRAMMABLE_RESERVOIR; UNRESOLVED_BASIN_VS_RESERVOIR,YES,NO,NATURALLY_CHARGED_STORE_PLUS_FIXED_TURBINE_LINK; FINAL E_NOM NOT YET APPROVED,NOT_ESTABLISHED,PHYSICS-BASED ELECTRICAL-EQUIVALENT BASIN ENERGY; NOT A CONFIRMED ACTIVE OPERATING RANGE,PHYSICAL_RESERVOIR_EVIDENCE_ONLY; ACTIVE VOLUME/LEVEL AND INFLOW CALIBRATION REQUIRED BEFORE E_NOM,PHYSICAL_RESERVOIR_ENERGY_VIEW; SUBSET_NON_ADDITIVE,OPEN_PHYSICAL_DATABASE,DERIVED_PHYSICAL_RESERVOIR_ENERGY,OPEN_PHYSICAL_DATABASE,SECONDARY_NON_CANONICAL,YES_AT_AGGREGATE_OR_DIFFERENT_GRAIN_ONLY,,PHYSICAL_ALLOCATION_EVIDENCE; GEOGRAPHY; CLASSIFICATION; PLAUSIBILITY CHECK; SENSITIVITY RESEARCH,PHYSICAL_EVIDENCE_ONLY,false,REQUIRES RECONCILIATION TO A DIRECT TERNA CONTROL AT THE SAME METRIC/GRAIN OR OTHER STRONG PRIMARY OPERATING EVIDENCE,UNCHANGED_SECONDARY_PHYSICAL_EVIDENCE,false
130,HDAM,HDAM,HNEW14,Contributo Aggiuntivo Marche 2,11,Marche,CNOR,0,0,3.43085457,3430.85457,42.993656824102,13.5211892503504,101.2,14.3,n/a,,,,,PHYSICAL INVENTORY INSTALLED CAPACITY; GROSS/NET BASIS NOT SPECIFIED,ELECTRICAL-EQUIVALENT RESERVOIR POTENTIAL ENERGY: REPORTED OR RECONSTRUCTED FROM BASIN VOLUME x WATER DENSITY x GRAVITY x AVERAGE HEAD x 87% TURBINE EFFICIENCY; ACTIVE/USABLE OPERATING RANGE NOT ESTABLISHED,ZENODO_14006948,raw/hydro_physical/Italian_Hydropower_Programmable_Plants_Database_v2_RAW.xlsx,9ba9b40399471e162d041b4a27b2da602c95bd38a5cfb07d2c4769205144f864,RAW_ROW_PRESERVED; OPEN-DATA VALUES NOT PROMOTED TO CANONICAL MEM INPUTS,FORMULA_RECONSTRUCTED_EXACT,3430.85457,1,,HYDRO_RESERVOIR_OR_BASIN_PROGRAMMABLE,OPEN DATABASE HWR/HDAM CLASS; TERNA BASIN-VS-RESERVOIR THRESHOLD NOT AVAILABLE AT PLANT LEVEL,MEDIUM_FOR_PROGRAMMABLE_RESERVOIR; UNRESOLVED_BASIN_VS_RESERVOIR,YES,NO,NATURALLY_CHARGED_STORE_PLUS_FIXED_TURBINE_LINK; FINAL E_NOM NOT YET APPROVED,NOT_ESTABLISHED,PHYSICS-BASED ELECTRICAL-EQUIVALENT BASIN ENERGY; NOT A CONFIRMED ACTIVE OPERATING RANGE,PHYSICAL_RESERVOIR_EVIDENCE_ONLY; ACTIVE VOLUME/LEVEL AND INFLOW CALIBRATION REQUIRED BEFORE E_NOM,PHYSICAL_RESERVOIR_ENERGY_VIEW; SUBSET_NON_ADDITIVE,OPEN_PHYSICAL_DATABASE,DERIVED_PHYSICAL_RESERVOIR_ENERGY,OPEN_PHYSICAL_DATABASE,SECONDARY_NON_CANONICAL,YES_AT_AGGREGATE_OR_DIFFERENT_GRAIN_ONLY,,PHYSICAL_ALLOCATION_EVIDENCE; GEOGRAPHY; CLASSIFICATION; PLAUSIBILITY CHECK; SENSITIVITY RESEARCH,PHYSICAL_EVIDENCE_ONLY,false,REQUIRES RECONCILIATION TO A DIRECT TERNA CONTROL AT THE SAME METRIC/GRAIN OR OTHER STRONG PRIMARY OPERATING EVIDENCE,UNCHANGED_SECONDARY_PHYSICAL_EVIDENCE,false
131,HDAM,HDAM,HNEW15,Centrale Belforte 2^Salto,11,Marche,CNOR,1.5,0,0.024987705,24.987705,43.1454137293337,13.2033401059,15.5,0.68,n/a,,Enel - https://corporate.enel.it/content/dam/enel-it/progetti/documenti/impiantiemasidroelettrici/Unit%C3%A0diBusinessHydroCentro/DichiarazioneAmbientale2012_Centro.pdf,Enel - https://corporate.enel.it/content/dam/enel-it/progetti/documenti/impiantiemasidroelettrici/Unit%C3%A0diBusinessHydroCentro/DichiarazioneAmbientale2012_Centro.pdf,Enel - https://corporate.enel.it/content/dam/enel-it/progetti/documenti/impiantiemasidroelettrici/Unit%C3%A0diBusinessHydroCentro/DichiarazioneAmbientale2012_Centro.pdf,PHYSICAL INVENTORY INSTALLED CAPACITY; GROSS/NET BASIS NOT SPECIFIED,ELECTRICAL-EQUIVALENT RESERVOIR POTENTIAL ENERGY: REPORTED OR RECONSTRUCTED FROM BASIN VOLUME x WATER DENSITY x GRAVITY x AVERAGE HEAD x 87% TURBINE EFFICIENCY; ACTIVE/USABLE OPERATING RANGE NOT ESTABLISHED,ZENODO_14006948,raw/hydro_physical/Italian_Hydropower_Programmable_Plants_Database_v2_RAW.xlsx,9ba9b40399471e162d041b4a27b2da602c95bd38a5cfb07d2c4769205144f864,RAW_ROW_PRESERVED; OPEN-DATA VALUES NOT PROMOTED TO CANONICAL MEM INPUTS,FORMULA_RECONSTRUCTED_EXACT,24.987705,1,,HYDRO_RESERVOIR_OR_BASIN_PROGRAMMABLE,OPEN DATABASE HWR/HDAM CLASS; TERNA BASIN-VS-RESERVOIR THRESHOLD NOT AVAILABLE AT PLANT LEVEL,MEDIUM_FOR_PROGRAMMABLE_RESERVOIR; UNRESOLVED_BASIN_VS_RESERVOIR,YES,NO,NATURALLY_CHARGED_STORE_PLUS_FIXED_TURBINE_LINK; FINAL E_NOM NOT YET APPROVED,NOT_ESTABLISHED,PHYSICS-BASED ELECTRICAL-EQUIVALENT BASIN ENERGY; NOT A CONFIRMED ACTIVE OPERATING RANGE,PHYSICAL_RESERVOIR_EVIDENCE_ONLY; ACTIVE VOLUME/LEVEL AND INFLOW CALIBRATION REQUIRED BEFORE E_NOM,PHYSICAL_RESERVOIR_ENERGY_VIEW; SUBSET_NON_ADDITIVE,OPEN_PHYSICAL_DATABASE,DERIVED_PHYSICAL_RESERVOIR_ENERGY,OPEN_PHYSICAL_DATABASE,SECONDARY_NON_CANONICAL,YES_AT_AGGREGATE_OR_DIFFERENT_GRAIN_ONLY,,PHYSICAL_ALLOCATION_EVIDENCE; GEOGRAPHY; CLASSIFICATION; PLAUSIBILITY CHECK; SENSITIVITY RESEARCH,PHYSICAL_EVIDENCE_ONLY,false,REQUIRES RECONCILIATION TO A DIRECT TERNA CONTROL AT THE SAME METRIC/GRAIN OR OTHER STRONG PRIMARY OPERATING EVIDENCE,UNCHANGED_SECONDARY_PHYSICAL_EVIDENCE,false
132,HDAM,HDAM,HNEW16,Contributo asta Marche-1 (1),11,Marche,CNOR,0,0,3.004762043,3004.762043,42.854826363641,13.5748958587646,57.9,21.89,n/a,,,,,PHYSICAL INVENTORY INSTALLED CAPACITY; GROSS/NET BASIS NOT SPECIFIED,ELECTRICAL-EQUIVALENT RESERVOIR POTENTIAL ENERGY: REPORTED OR RECONSTRUCTED FROM BASIN VOLUME x WATER DENSITY x GRAVITY x AVERAGE HEAD x 87% TURBINE EFFICIENCY; ACTIVE/USABLE OPERATING RANGE NOT ESTABLISHED,ZENODO_14006948,raw/hydro_physical/Italian_Hydropower_Programmable_Plants_Database_v2_RAW.xlsx,9ba9b40399471e162d041b4a27b2da602c95bd38a5cfb07d2c4769205144f864,RAW_ROW_PRESERVED; OPEN-DATA VALUES NOT PROMOTED TO CANONICAL MEM INPUTS,FORMULA_RECONSTRUCTED_EXACT,3004.762043,1,,HYDRO_RESERVOIR_OR_BASIN_PROGRAMMABLE,OPEN DATABASE HWR/HDAM CLASS; TERNA BASIN-VS-RESERVOIR THRESHOLD NOT AVAILABLE AT PLANT LEVEL,MEDIUM_FOR_PROGRAMMABLE_RESERVOIR; UNRESOLVED_BASIN_VS_RESERVOIR,YES,NO,NATURALLY_CHARGED_STORE_PLUS_FIXED_TURBINE_LINK; FINAL E_NOM NOT YET APPROVED,NOT_ESTABLISHED,PHYSICS-BASED ELECTRICAL-EQUIVALENT BASIN ENERGY; NOT A CONFIRMED ACTIVE OPERATING RANGE,PHYSICAL_RESERVOIR_EVIDENCE_ONLY; ACTIVE VOLUME/LEVEL AND INFLOW CALIBRATION REQUIRED BEFORE E_NOM,PHYSICAL_RESERVOIR_ENERGY_VIEW; SUBSET_NON_ADDITIVE,OPEN_PHYSICAL_DATABASE,DERIVED_PHYSICAL_RESERVOIR_ENERGY,OPEN_PHYSICAL_DATABASE,SECONDARY_NON_CANONICAL,YES_AT_AGGREGATE_OR_DIFFERENT_GRAIN_ONLY,,PHYSICAL_ALLOCATION_EVIDENCE; GEOGRAPHY; CLASSIFICATION; PLAUSIBILITY CHECK; SENSITIVITY RESEARCH,PHYSICAL_EVIDENCE_ONLY,false,REQUIRES RECONCILIATION TO A DIRECT TERNA CONTROL AT THE SAME METRIC/GRAIN OR OTHER STRONG PRIMARY OPERATING EVIDENCE,UNCHANGED_SECONDARY_PHYSICAL_EVIDENCE,false
133,HDAM,HDAM,HNEW17,Contributo asta Marche-1 (2),11,Marche,CNOR,0,0,0.989954078,989.954078,42.854826363641,13.5748958587646,15.5,26.94,n/a,,,,,PHYSICAL INVENTORY INSTALLED CAPACITY; GROSS/NET BASIS NOT SPECIFIED,ELECTRICAL-EQUIVALENT RESERVOIR POTENTIAL ENERGY: REPORTED OR RECONSTRUCTED FROM BASIN VOLUME x WATER DENSITY x GRAVITY x AVERAGE HEAD x 87% TURBINE EFFICIENCY; ACTIVE/USABLE OPERATING RANGE NOT ESTABLISHED,ZENODO_14006948,raw/hydro_physical/Italian_Hydropower_Programmable_Plants_Database_v2_RAW.xlsx,9ba9b40399471e162d041b4a27b2da602c95bd38a5cfb07d2c4769205144f864,RAW_ROW_PRESERVED; OPEN-DATA VALUES NOT PROMOTED TO CANONICAL MEM INPUTS,FORMULA_RECONSTRUCTED_EXACT,989.954078,1.000000001,,HYDRO_RESERVOIR_OR_BASIN_PROGRAMMABLE,OPEN DATABASE HWR/HDAM CLASS; TERNA BASIN-VS-RESERVOIR THRESHOLD NOT AVAILABLE AT PLANT LEVEL,MEDIUM_FOR_PROGRAMMABLE_RESERVOIR; UNRESOLVED_BASIN_VS_RESERVOIR,YES,NO,NATURALLY_CHARGED_STORE_PLUS_FIXED_TURBINE_LINK; FINAL E_NOM NOT YET APPROVED,NOT_ESTABLISHED,PHYSICS-BASED ELECTRICAL-EQUIVALENT BASIN ENERGY; NOT A CONFIRMED ACTIVE OPERATING RANGE,PHYSICAL_RESERVOIR_EVIDENCE_ONLY; ACTIVE VOLUME/LEVEL AND INFLOW CALIBRATION REQUIRED BEFORE E_NOM,PHYSICAL_RESERVOIR_ENERGY_VIEW; SUBSET_NON_ADDITIVE,OPEN_PHYSICAL_DATABASE,DERIVED_PHYSICAL_RESERVOIR_ENERGY,OPEN_PHYSICAL_DATABASE,SECONDARY_NON_CANONICAL,YES_AT_AGGREGATE_OR_DIFFERENT_GRAIN_ONLY,,PHYSICAL_ALLOCATION_EVIDENCE; GEOGRAPHY; CLASSIFICATION; PLAUSIBILITY CHECK; SENSITIVITY RESEARCH,PHYSICAL_EVIDENCE_ONLY,false,REQUIRES RECONCILIATION TO A DIRECT TERNA CONTROL AT THE SAME METRIC/GRAIN OR OTHER STRONG PRIMARY OPERATING EVIDENCE,UNCHANGED_SECONDARY_PHYSICAL_EVIDENCE,false
134,HDAM,HDAM,HNEW18,Contributo asta Marche-3 (1),11,Marche,CNOR,0,0,2.601768919,2601.768919,42.854826363641,13.5748958587646,78.11,14.05,n/a,,,,,PHYSICAL INVENTORY INSTALLED CAPACITY; GROSS/NET BASIS NOT SPECIFIED,ELECTRICAL-EQUIVALENT RESERVOIR POTENTIAL ENERGY: REPORTED OR RECONSTRUCTED FROM BASIN VOLUME x WATER DENSITY x GRAVITY x AVERAGE HEAD x 87% TURBINE EFFICIENCY; ACTIVE/USABLE OPERATING RANGE NOT ESTABLISHED,ZENODO_14006948,raw/hydro_physical/Italian_Hydropower_Programmable_Plants_Database_v2_RAW.xlsx,9ba9b40399471e162d041b4a27b2da602c95bd38a5cfb07d2c4769205144f864,RAW_ROW_PRESERVED; OPEN-DATA VALUES NOT PROMOTED TO CANONICAL MEM INPUTS,FORMULA_RECONSTRUCTED_EXACT,2601.768919,1,,HYDRO_RESERVOIR_OR_BASIN_PROGRAMMABLE,OPEN DATABASE HWR/HDAM CLASS; TERNA BASIN-VS-RESERVOIR THRESHOLD NOT AVAILABLE AT PLANT LEVEL,MEDIUM_FOR_PROGRAMMABLE_RESERVOIR; UNRESOLVED_BASIN_VS_RESERVOIR,YES,NO,NATURALLY_CHARGED_STORE_PLUS_FIXED_TURBINE_LINK; FINAL E_NOM NOT YET APPROVED,NOT_ESTABLISHED,PHYSICS-BASED ELECTRICAL-EQUIVALENT BASIN ENERGY; NOT A CONFIRMED ACTIVE OPERATING RANGE,PHYSICAL_RESERVOIR_EVIDENCE_ONLY; ACTIVE VOLUME/LEVEL AND INFLOW CALIBRATION REQUIRED BEFORE E_NOM,PHYSICAL_RESERVOIR_ENERGY_VIEW; SUBSET_NON_ADDITIVE,OPEN_PHYSICAL_DATABASE,DERIVED_PHYSICAL_RESERVOIR_ENERGY,OPEN_PHYSICAL_DATABASE,SECONDARY_NON_CANONICAL,YES_AT_AGGREGATE_OR_DIFFERENT_GRAIN_ONLY,,PHYSICAL_ALLOCATION_EVIDENCE; GEOGRAPHY; CLASSIFICATION; PLAUSIBILITY CHECK; SENSITIVITY RESEARCH,PHYSICAL_EVIDENCE_ONLY,false,REQUIRES RECONCILIATION TO A DIRECT TERNA CONTROL AT THE SAME METRIC/GRAIN OR OTHER STRONG PRIMARY OPERATING EVIDENCE,UNCHANGED_SECONDARY_PHYSICAL_EVIDENCE,false
135,HDAM,HDAM,HNEW19,Contributo asta Marche-3 (2),12,Lazio,CSUD,0,0,12.620218691,12620.218691,42.854826363641,13.5748958587646,485.26,10.97,n/a,,,,,PHYSICAL INVENTORY INSTALLED CAPACITY; GROSS/NET BASIS NOT SPECIFIED,ELECTRICAL-EQUIVALENT RESERVOIR POTENTIAL ENERGY: REPORTED OR RECONSTRUCTED FROM BASIN VOLUME x WATER DENSITY x GRAVITY x AVERAGE HEAD x 87% TURBINE EFFICIENCY; ACTIVE/USABLE OPERATING RANGE NOT ESTABLISHED,ZENODO_14006948,raw/hydro_physical/Italian_Hydropower_Programmable_Plants_Database_v2_RAW.xlsx,9ba9b40399471e162d041b4a27b2da602c95bd38a5cfb07d2c4769205144f864,RAW_ROW_PRESERVED; OPEN-DATA VALUES NOT PROMOTED TO CANONICAL MEM INPUTS,FORMULA_RECONSTRUCTED_EXACT,12620.218691,1,,HYDRO_RESERVOIR_OR_BASIN_PROGRAMMABLE,OPEN DATABASE HWR/HDAM CLASS; TERNA BASIN-VS-RESERVOIR THRESHOLD NOT AVAILABLE AT PLANT LEVEL,MEDIUM_FOR_PROGRAMMABLE_RESERVOIR; UNRESOLVED_BASIN_VS_RESERVOIR,YES,NO,NATURALLY_CHARGED_STORE_PLUS_FIXED_TURBINE_LINK; FINAL E_NOM NOT YET APPROVED,NOT_ESTABLISHED,PHYSICS-BASED ELECTRICAL-EQUIVALENT BASIN ENERGY; NOT A CONFIRMED ACTIVE OPERATING RANGE,PHYSICAL_RESERVOIR_EVIDENCE_ONLY; ACTIVE VOLUME/LEVEL AND INFLOW CALIBRATION REQUIRED BEFORE E_NOM,PHYSICAL_RESERVOIR_ENERGY_VIEW; SUBSET_NON_ADDITIVE,OPEN_PHYSICAL_DATABASE,DERIVED_PHYSICAL_RESERVOIR_ENERGY,OPEN_PHYSICAL_DATABASE,SECONDARY_NON_CANONICAL,YES_AT_AGGREGATE_OR_DIFFERENT_GRAIN_ONLY,,PHYSICAL_ALLOCATION_EVIDENCE; GEOGRAPHY; CLASSIFICATION; PLAUSIBILITY CHECK; SENSITIVITY RESEARCH,PHYSICAL_EVIDENCE_ONLY,false,REQUIRES RECONCILIATION TO A DIRECT TERNA CONTROL AT THE SAME METRIC/GRAIN OR OTHER STRONG PRIMARY OPERATING EVIDENCE,UNCHANGED_SECONDARY_PHYSICAL_EVIDENCE,false
136,HDAM,HDAM,HNEW21,Contributo asta Velino Lazio 1,12,Lazio,CSUD,0,0,207.42402975,207424.02975,42.5528418612889,12.6986119781721,203,431,n/a,,,,,PHYSICAL INVENTORY INSTALLED CAPACITY; GROSS/NET BASIS NOT SPECIFIED,ELECTRICAL-EQUIVALENT RESERVOIR POTENTIAL ENERGY: REPORTED OR RECONSTRUCTED FROM BASIN VOLUME x WATER DENSITY x GRAVITY x AVERAGE HEAD x 87% TURBINE EFFICIENCY; ACTIVE/USABLE OPERATING RANGE NOT ESTABLISHED,ZENODO_14006948,raw/hydro_physical/Italian_Hydropower_Programmable_Plants_Database_v2_RAW.xlsx,9ba9b40399471e162d041b4a27b2da602c95bd38a5cfb07d2c4769205144f864,RAW_ROW_PRESERVED; OPEN-DATA VALUES NOT PROMOTED TO CANONICAL MEM INPUTS,FORMULA_RECONSTRUCTED_EXACT,207424.02975,1,,HYDRO_RESERVOIR_OR_BASIN_PROGRAMMABLE,OPEN DATABASE HWR/HDAM CLASS; TERNA BASIN-VS-RESERVOIR THRESHOLD NOT AVAILABLE AT PLANT LEVEL,MEDIUM_FOR_PROGRAMMABLE_RESERVOIR; UNRESOLVED_BASIN_VS_RESERVOIR,YES,NO,NATURALLY_CHARGED_STORE_PLUS_FIXED_TURBINE_LINK; FINAL E_NOM NOT YET APPROVED,NOT_ESTABLISHED,PHYSICS-BASED ELECTRICAL-EQUIVALENT BASIN ENERGY; NOT A CONFIRMED ACTIVE OPERATING RANGE,PHYSICAL_RESERVOIR_EVIDENCE_ONLY; ACTIVE VOLUME/LEVEL AND INFLOW CALIBRATION REQUIRED BEFORE E_NOM,PHYSICAL_RESERVOIR_ENERGY_VIEW; SUBSET_NON_ADDITIVE,OPEN_PHYSICAL_DATABASE,DERIVED_PHYSICAL_RESERVOIR_ENERGY,OPEN_PHYSICAL_DATABASE,SECONDARY_NON_CANONICAL,YES_AT_AGGREGATE_OR_DIFFERENT_GRAIN_ONLY,,PHYSICAL_ALLOCATION_EVIDENCE; GEOGRAPHY; CLASSIFICATION; PLAUSIBILITY CHECK; SENSITIVITY RESEARCH,PHYSICAL_EVIDENCE_ONLY,false,REQUIRES RECONCILIATION TO A DIRECT TERNA CONTROL AT THE SAME METRIC/GRAIN OR OTHER STRONG PRIMARY OPERATING EVIDENCE,UNCHANGED_SECONDARY_PHYSICAL_EVIDENCE,false
137,HDAM,HDAM,HNEW22,CONTRIBUTO  asta Vomano Abruzzo 1 (Provvidenza),13,Abruzzo,CSUD,0,0,468.66645525,468666.45525,42.553001,13.556,911,217,n/a,,,,,PHYSICAL INVENTORY INSTALLED CAPACITY; GROSS/NET BASIS NOT SPECIFIED,ELECTRICAL-EQUIVALENT RESERVOIR POTENTIAL ENERGY: REPORTED OR RECONSTRUCTED FROM BASIN VOLUME x WATER DENSITY x GRAVITY x AVERAGE HEAD x 87% TURBINE EFFICIENCY; ACTIVE/USABLE OPERATING RANGE NOT ESTABLISHED,ZENODO_14006948,raw/hydro_physical/Italian_Hydropower_Programmable_Plants_Database_v2_RAW.xlsx,9ba9b40399471e162d041b4a27b2da602c95bd38a5cfb07d2c4769205144f864,RAW_ROW_PRESERVED; OPEN-DATA VALUES NOT PROMOTED TO CANONICAL MEM INPUTS,FORMULA_RECONSTRUCTED_EXACT,468666.45525,1,,HYDRO_RESERVOIR_OR_BASIN_PROGRAMMABLE,OPEN DATABASE HWR/HDAM CLASS; TERNA BASIN-VS-RESERVOIR THRESHOLD NOT AVAILABLE AT PLANT LEVEL,MEDIUM_FOR_PROGRAMMABLE_RESERVOIR; UNRESOLVED_BASIN_VS_RESERVOIR,YES,NO,NATURALLY_CHARGED_STORE_PLUS_FIXED_TURBINE_LINK; FINAL E_NOM NOT YET APPROVED,NOT_ESTABLISHED,PHYSICS-BASED ELECTRICAL-EQUIVALENT BASIN ENERGY; NOT A CONFIRMED ACTIVE OPERATING RANGE,PHYSICAL_RESERVOIR_EVIDENCE_ONLY; ACTIVE VOLUME/LEVEL AND INFLOW CALIBRATION REQUIRED BEFORE E_NOM,PHYSICAL_RESERVOIR_ENERGY_VIEW; SUBSET_NON_ADDITIVE,OPEN_PHYSICAL_DATABASE,DERIVED_PHYSICAL_RESERVOIR_ENERGY,OPEN_PHYSICAL_DATABASE,SECONDARY_NON_CANONICAL,YES_AT_AGGREGATE_OR_DIFFERENT_GRAIN_ONLY,,PHYSICAL_ALLOCATION_EVIDENCE; GEOGRAPHY; CLASSIFICATION; PLAUSIBILITY CHECK; SENSITIVITY RESEARCH,PHYSICAL_EVIDENCE_ONLY,false,REQUIRES RECONCILIATION TO A DIRECT TERNA CONTROL AT THE SAME METRIC/GRAIN OR OTHER STRONG PRIMARY OPERATING EVIDENCE,UNCHANGED_SECONDARY_PHYSICAL_EVIDENCE,false
138,HDAM,HDAM,HNEW23,Galleto parte reservoir,10,Umbria,CSUD,230,0,3.662405723,3662.405723,42.5532489944893,12.6984056118888,203,7.61,n/a,Other -  source://downloads/Laghi%20ed%20energia%20-%20Rossi.pdf   ,Other -  source://downloads/Laghi%20ed%20energia%20-%20Rossi.pdf   ,MIT,,PHYSICAL INVENTORY INSTALLED CAPACITY; GROSS/NET BASIS NOT SPECIFIED,ELECTRICAL-EQUIVALENT RESERVOIR POTENTIAL ENERGY: REPORTED OR RECONSTRUCTED FROM BASIN VOLUME x WATER DENSITY x GRAVITY x AVERAGE HEAD x 87% TURBINE EFFICIENCY; ACTIVE/USABLE OPERATING RANGE NOT ESTABLISHED,ZENODO_14006948,raw/hydro_physical/Italian_Hydropower_Programmable_Plants_Database_v2_RAW.xlsx,9ba9b40399471e162d041b4a27b2da602c95bd38a5cfb07d2c4769205144f864,RAW_ROW_PRESERVED; OPEN-DATA VALUES NOT PROMOTED TO CANONICAL MEM INPUTS,FORMULA_RECONSTRUCTED_EXACT,3662.405723,1,,HYDRO_RESERVOIR_OR_BASIN_PROGRAMMABLE,OPEN DATABASE HWR/HDAM CLASS; TERNA BASIN-VS-RESERVOIR THRESHOLD NOT AVAILABLE AT PLANT LEVEL,MEDIUM_FOR_PROGRAMMABLE_RESERVOIR; UNRESOLVED_BASIN_VS_RESERVOIR,YES,NO,NATURALLY_CHARGED_STORE_PLUS_FIXED_TURBINE_LINK; FINAL E_NOM NOT YET APPROVED,NOT_ESTABLISHED,PHYSICS-BASED ELECTRICAL-EQUIVALENT BASIN ENERGY; NOT A CONFIRMED ACTIVE OPERATING RANGE,PHYSICAL_RESERVOIR_EVIDENCE_ONLY; ACTIVE VOLUME/LEVEL AND INFLOW CALIBRATION REQUIRED BEFORE E_NOM,PHYSICAL_RESERVOIR_ENERGY_VIEW; SUBSET_NON_ADDITIVE,OPEN_PHYSICAL_DATABASE,DERIVED_PHYSICAL_RESERVOIR_ENERGY,OPEN_PHYSICAL_DATABASE,SECONDARY_NON_CANONICAL,YES_AT_AGGREGATE_OR_DIFFERENT_GRAIN_ONLY,,PHYSICAL_ALLOCATION_EVIDENCE; GEOGRAPHY; CLASSIFICATION; PLAUSIBILITY CHECK; SENSITIVITY RESEARCH,PHYSICAL_EVIDENCE_ONLY,false,REQUIRES RECONCILIATION TO A DIRECT TERNA CONTROL AT THE SAME METRIC/GRAIN OR OTHER STRONG PRIMARY OPERATING EVIDENCE,UNCHANGED_SECONDARY_PHYSICAL_EVIDENCE,false
139,HDAM,HDAM,HNEW24,Contributo degli impianti Entracque chiotas e rovina nella centrale di Adonno,1,Piemonte,NORD,0,0,20.331917096,20331.917096,44.314628,7.482432,273.3,31.38,n/a,,,,,PHYSICAL INVENTORY INSTALLED CAPACITY; GROSS/NET BASIS NOT SPECIFIED,ELECTRICAL-EQUIVALENT RESERVOIR POTENTIAL ENERGY: REPORTED OR RECONSTRUCTED FROM BASIN VOLUME x WATER DENSITY x GRAVITY x AVERAGE HEAD x 87% TURBINE EFFICIENCY; ACTIVE/USABLE OPERATING RANGE NOT ESTABLISHED,ZENODO_14006948,raw/hydro_physical/Italian_Hydropower_Programmable_Plants_Database_v2_RAW.xlsx,9ba9b40399471e162d041b4a27b2da602c95bd38a5cfb07d2c4769205144f864,RAW_ROW_PRESERVED; OPEN-DATA VALUES NOT PROMOTED TO CANONICAL MEM INPUTS,FORMULA_RECONSTRUCTED_EXACT,20331.917096,1,,HYDRO_RESERVOIR_OR_BASIN_PROGRAMMABLE,OPEN DATABASE HWR/HDAM CLASS; TERNA BASIN-VS-RESERVOIR THRESHOLD NOT AVAILABLE AT PLANT LEVEL,MEDIUM_FOR_PROGRAMMABLE_RESERVOIR; UNRESOLVED_BASIN_VS_RESERVOIR,YES,NO,NATURALLY_CHARGED_STORE_PLUS_FIXED_TURBINE_LINK; FINAL E_NOM NOT YET APPROVED,NOT_ESTABLISHED,PHYSICS-BASED ELECTRICAL-EQUIVALENT BASIN ENERGY; NOT A CONFIRMED ACTIVE OPERATING RANGE,PHYSICAL_RESERVOIR_EVIDENCE_ONLY; ACTIVE VOLUME/LEVEL AND INFLOW CALIBRATION REQUIRED BEFORE E_NOM,PHYSICAL_RESERVOIR_ENERGY_VIEW; SUBSET_NON_ADDITIVE,OPEN_PHYSICAL_DATABASE,DERIVED_PHYSICAL_RESERVOIR_ENERGY,OPEN_PHYSICAL_DATABASE,SECONDARY_NON_CANONICAL,YES_AT_AGGREGATE_OR_DIFFERENT_GRAIN_ONLY,,PHYSICAL_ALLOCATION_EVIDENCE; GEOGRAPHY; CLASSIFICATION; PLAUSIBILITY CHECK; SENSITIVITY RESEARCH,PHYSICAL_EVIDENCE_ONLY,false,REQUIRES RECONCILIATION TO A DIRECT TERNA CONTROL AT THE SAME METRIC/GRAIN OR OTHER STRONG PRIMARY OPERATING EVIDENCE,UNCHANGED_SECONDARY_PHYSICAL_EVIDENCE,false
140,HDAM,HDAM,HNEW25,Contributo centrale Villa in centrale Rosone,1,Piemonte,NORD,0,0,32.187909825,32187.909825,45.435348,7.418466,813,16.7,n/a,,,,,PHYSICAL INVENTORY INSTALLED CAPACITY; GROSS/NET BASIS NOT SPECIFIED,ELECTRICAL-EQUIVALENT RESERVOIR POTENTIAL ENERGY: REPORTED OR RECONSTRUCTED FROM BASIN VOLUME x WATER DENSITY x GRAVITY x AVERAGE HEAD x 87% TURBINE EFFICIENCY; ACTIVE/USABLE OPERATING RANGE NOT ESTABLISHED,ZENODO_14006948,raw/hydro_physical/Italian_Hydropower_Programmable_Plants_Database_v2_RAW.xlsx,9ba9b40399471e162d041b4a27b2da602c95bd38a5cfb07d2c4769205144f864,RAW_ROW_PRESERVED; OPEN-DATA VALUES NOT PROMOTED TO CANONICAL MEM INPUTS,FORMULA_RECONSTRUCTED_EXACT,32187.909825,1,,HYDRO_RESERVOIR_OR_BASIN_PROGRAMMABLE,OPEN DATABASE HWR/HDAM CLASS; TERNA BASIN-VS-RESERVOIR THRESHOLD NOT AVAILABLE AT PLANT LEVEL,MEDIUM_FOR_PROGRAMMABLE_RESERVOIR; UNRESOLVED_BASIN_VS_RESERVOIR,YES,NO,NATURALLY_CHARGED_STORE_PLUS_FIXED_TURBINE_LINK; FINAL E_NOM NOT YET APPROVED,NOT_ESTABLISHED,PHYSICS-BASED ELECTRICAL-EQUIVALENT BASIN ENERGY; NOT A CONFIRMED ACTIVE OPERATING RANGE,PHYSICAL_RESERVOIR_EVIDENCE_ONLY; ACTIVE VOLUME/LEVEL AND INFLOW CALIBRATION REQUIRED BEFORE E_NOM,PHYSICAL_RESERVOIR_ENERGY_VIEW; SUBSET_NON_ADDITIVE,OPEN_PHYSICAL_DATABASE,DERIVED_PHYSICAL_RESERVOIR_ENERGY,OPEN_PHYSICAL_DATABASE,SECONDARY_NON_CANONICAL,YES_AT_AGGREGATE_OR_DIFFERENT_GRAIN_ONLY,,PHYSICAL_ALLOCATION_EVIDENCE; GEOGRAPHY; CLASSIFICATION; PLAUSIBILITY CHECK; SENSITIVITY RESEARCH,PHYSICAL_EVIDENCE_ONLY,false,REQUIRES RECONCILIATION TO A DIRECT TERNA CONTROL AT THE SAME METRIC/GRAIN OR OTHER STRONG PRIMARY OPERATING EVIDENCE,UNCHANGED_SECONDARY_PHYSICAL_EVIDENCE,false
141,HDAM,HDAM,HNEW26,Contributo centrale Valsoera-Telessio in centrale Rosone,1,Piemonte,NORD,0,0,22.216061175,22216.061175,45.435348,7.418466,1217,7.7,n/a,,,,,PHYSICAL INVENTORY INSTALLED CAPACITY; GROSS/NET BASIS NOT SPECIFIED,ELECTRICAL-EQUIVALENT RESERVOIR POTENTIAL ENERGY: REPORTED OR RECONSTRUCTED FROM BASIN VOLUME x WATER DENSITY x GRAVITY x AVERAGE HEAD x 87% TURBINE EFFICIENCY; ACTIVE/USABLE OPERATING RANGE NOT ESTABLISHED,ZENODO_14006948,raw/hydro_physical/Italian_Hydropower_Programmable_Plants_Database_v2_RAW.xlsx,9ba9b40399471e162d041b4a27b2da602c95bd38a5cfb07d2c4769205144f864,RAW_ROW_PRESERVED; OPEN-DATA VALUES NOT PROMOTED TO CANONICAL MEM INPUTS,FORMULA_RECONSTRUCTED_EXACT,22216.061175,1,,HYDRO_RESERVOIR_OR_BASIN_PROGRAMMABLE,OPEN DATABASE HWR/HDAM CLASS; TERNA BASIN-VS-RESERVOIR THRESHOLD NOT AVAILABLE AT PLANT LEVEL,MEDIUM_FOR_PROGRAMMABLE_RESERVOIR; UNRESOLVED_BASIN_VS_RESERVOIR,YES,NO,NATURALLY_CHARGED_STORE_PLUS_FIXED_TURBINE_LINK; FINAL E_NOM NOT YET APPROVED,NOT_ESTABLISHED,PHYSICS-BASED ELECTRICAL-EQUIVALENT BASIN ENERGY; NOT A CONFIRMED ACTIVE OPERATING RANGE,PHYSICAL_RESERVOIR_EVIDENCE_ONLY; ACTIVE VOLUME/LEVEL AND INFLOW CALIBRATION REQUIRED BEFORE E_NOM,PHYSICAL_RESERVOIR_ENERGY_VIEW; SUBSET_NON_ADDITIVE,OPEN_PHYSICAL_DATABASE,DERIVED_PHYSICAL_RESERVOIR_ENERGY,OPEN_PHYSICAL_DATABASE,SECONDARY_NON_CANONICAL,YES_AT_AGGREGATE_OR_DIFFERENT_GRAIN_ONLY,,PHYSICAL_ALLOCATION_EVIDENCE; GEOGRAPHY; CLASSIFICATION; PLAUSIBILITY CHECK; SENSITIVITY RESEARCH,PHYSICAL_EVIDENCE_ONLY,false,REQUIRES RECONCILIATION TO A DIRECT TERNA CONTROL AT THE SAME METRIC/GRAIN OR OTHER STRONG PRIMARY OPERATING EVIDENCE,UNCHANGED_SECONDARY_PHYSICAL_EVIDENCE,false
142,HDAM,HDAM,HNEW28,Centrale Crot-Usseglio (Dietro Torre),1,Piemonte,NORD,0,0,0.27747258,277.47258,45.2310663539342,7.20338550225455,1064,0.11,n/a,,Google Earth,Other - http://www.crestsnc.it/natura/media/ENEL_dietrolatorre.pdf,Other - http://www.crestsnc.it/natura/media/ENEL_dietrolatorre.pdf,PHYSICAL INVENTORY INSTALLED CAPACITY; GROSS/NET BASIS NOT SPECIFIED,ELECTRICAL-EQUIVALENT RESERVOIR POTENTIAL ENERGY: REPORTED OR RECONSTRUCTED FROM BASIN VOLUME x WATER DENSITY x GRAVITY x AVERAGE HEAD x 87% TURBINE EFFICIENCY; ACTIVE/USABLE OPERATING RANGE NOT ESTABLISHED,ZENODO_14006948,raw/hydro_physical/Italian_Hydropower_Programmable_Plants_Database_v2_RAW.xlsx,9ba9b40399471e162d041b4a27b2da602c95bd38a5cfb07d2c4769205144f864,RAW_ROW_PRESERVED; OPEN-DATA VALUES NOT PROMOTED TO CANONICAL MEM INPUTS,FORMULA_RECONSTRUCTED_EXACT,277.47258,1,,HYDRO_RESERVOIR_OR_BASIN_PROGRAMMABLE,OPEN DATABASE HWR/HDAM CLASS; TERNA BASIN-VS-RESERVOIR THRESHOLD NOT AVAILABLE AT PLANT LEVEL,MEDIUM_FOR_PROGRAMMABLE_RESERVOIR; UNRESOLVED_BASIN_VS_RESERVOIR,YES,NO,NATURALLY_CHARGED_STORE_PLUS_FIXED_TURBINE_LINK; FINAL E_NOM NOT YET APPROVED,NOT_ESTABLISHED,PHYSICS-BASED ELECTRICAL-EQUIVALENT BASIN ENERGY; NOT A CONFIRMED ACTIVE OPERATING RANGE,PHYSICAL_RESERVOIR_EVIDENCE_ONLY; ACTIVE VOLUME/LEVEL AND INFLOW CALIBRATION REQUIRED BEFORE E_NOM,PHYSICAL_RESERVOIR_ENERGY_VIEW; SUBSET_NON_ADDITIVE,OPEN_PHYSICAL_DATABASE,DERIVED_PHYSICAL_RESERVOIR_ENERGY,OPEN_PHYSICAL_DATABASE,SECONDARY_NON_CANONICAL,YES_AT_AGGREGATE_OR_DIFFERENT_GRAIN_ONLY,,PHYSICAL_ALLOCATION_EVIDENCE; GEOGRAPHY; CLASSIFICATION; PLAUSIBILITY CHECK; SENSITIVITY RESEARCH,PHYSICAL_EVIDENCE_ONLY,false,REQUIRES RECONCILIATION TO A DIRECT TERNA CONTROL AT THE SAME METRIC/GRAIN OR OTHER STRONG PRIMARY OPERATING EVIDENCE,UNCHANGED_SECONDARY_PHYSICAL_EVIDENCE,false
143,HDAM,HDAM,HNEW29,Centrale Crot-Usseglio (Malciussa),1,Piemonte,NORD,0,0,1.412729925,1412.729925,45.2310663539342,7.20338550225455,505,1.18,n/a,,Google Earth,MIT,,PHYSICAL INVENTORY INSTALLED CAPACITY; GROSS/NET BASIS NOT SPECIFIED,ELECTRICAL-EQUIVALENT RESERVOIR POTENTIAL ENERGY: REPORTED OR RECONSTRUCTED FROM BASIN VOLUME x WATER DENSITY x GRAVITY x AVERAGE HEAD x 87% TURBINE EFFICIENCY; ACTIVE/USABLE OPERATING RANGE NOT ESTABLISHED,ZENODO_14006948,raw/hydro_physical/Italian_Hydropower_Programmable_Plants_Database_v2_RAW.xlsx,9ba9b40399471e162d041b4a27b2da602c95bd38a5cfb07d2c4769205144f864,RAW_ROW_PRESERVED; OPEN-DATA VALUES NOT PROMOTED TO CANONICAL MEM INPUTS,FORMULA_RECONSTRUCTED_EXACT,1412.729925,1,,HYDRO_RESERVOIR_OR_BASIN_PROGRAMMABLE,OPEN DATABASE HWR/HDAM CLASS; TERNA BASIN-VS-RESERVOIR THRESHOLD NOT AVAILABLE AT PLANT LEVEL,MEDIUM_FOR_PROGRAMMABLE_RESERVOIR; UNRESOLVED_BASIN_VS_RESERVOIR,YES,NO,NATURALLY_CHARGED_STORE_PLUS_FIXED_TURBINE_LINK; FINAL E_NOM NOT YET APPROVED,NOT_ESTABLISHED,PHYSICS-BASED ELECTRICAL-EQUIVALENT BASIN ENERGY; NOT A CONFIRMED ACTIVE OPERATING RANGE,PHYSICAL_RESERVOIR_EVIDENCE_ONLY; ACTIVE VOLUME/LEVEL AND INFLOW CALIBRATION REQUIRED BEFORE E_NOM,PHYSICAL_RESERVOIR_ENERGY_VIEW; SUBSET_NON_ADDITIVE,OPEN_PHYSICAL_DATABASE,DERIVED_PHYSICAL_RESERVOIR_ENERGY,OPEN_PHYSICAL_DATABASE,SECONDARY_NON_CANONICAL,YES_AT_AGGREGATE_OR_DIFFERENT_GRAIN_ONLY,,PHYSICAL_ALLOCATION_EVIDENCE; GEOGRAPHY; CLASSIFICATION; PLAUSIBILITY CHECK; SENSITIVITY RESEARCH,PHYSICAL_EVIDENCE_ONLY,false,REQUIRES RECONCILIATION TO A DIRECT TERNA CONTROL AT THE SAME METRIC/GRAIN OR OTHER STRONG PRIMARY OPERATING EVIDENCE,UNCHANGED_SECONDARY_PHYSICAL_EVIDENCE,false
144,HDAM,HDAM,HNEW30,CONTRIBUTO Lago della Rossa centrale Crot,1,Piemonte,NORD,0,0,21.61763646,21617.63646,45.2609262848742,7.16413195997028,1064,8.57,n/a,,,,,PHYSICAL INVENTORY INSTALLED CAPACITY; GROSS/NET BASIS NOT SPECIFIED,ELECTRICAL-EQUIVALENT RESERVOIR POTENTIAL ENERGY: REPORTED OR RECONSTRUCTED FROM BASIN VOLUME x WATER DENSITY x GRAVITY x AVERAGE HEAD x 87% TURBINE EFFICIENCY; ACTIVE/USABLE OPERATING RANGE NOT ESTABLISHED,ZENODO_14006948,raw/hydro_physical/Italian_Hydropower_Programmable_Plants_Database_v2_RAW.xlsx,9ba9b40399471e162d041b4a27b2da602c95bd38a5cfb07d2c4769205144f864,RAW_ROW_PRESERVED; OPEN-DATA VALUES NOT PROMOTED TO CANONICAL MEM INPUTS,FORMULA_RECONSTRUCTED_EXACT,21617.63646,1,,HYDRO_RESERVOIR_OR_BASIN_PROGRAMMABLE,OPEN DATABASE HWR/HDAM CLASS; TERNA BASIN-VS-RESERVOIR THRESHOLD NOT AVAILABLE AT PLANT LEVEL,MEDIUM_FOR_PROGRAMMABLE_RESERVOIR; UNRESOLVED_BASIN_VS_RESERVOIR,YES,NO,NATURALLY_CHARGED_STORE_PLUS_FIXED_TURBINE_LINK; FINAL E_NOM NOT YET APPROVED,NOT_ESTABLISHED,PHYSICS-BASED ELECTRICAL-EQUIVALENT BASIN ENERGY; NOT A CONFIRMED ACTIVE OPERATING RANGE,PHYSICAL_RESERVOIR_EVIDENCE_ONLY; ACTIVE VOLUME/LEVEL AND INFLOW CALIBRATION REQUIRED BEFORE E_NOM,PHYSICAL_RESERVOIR_ENERGY_VIEW; SUBSET_NON_ADDITIVE,OPEN_PHYSICAL_DATABASE,DERIVED_PHYSICAL_RESERVOIR_ENERGY,OPEN_PHYSICAL_DATABASE,SECONDARY_NON_CANONICAL,YES_AT_AGGREGATE_OR_DIFFERENT_GRAIN_ONLY,,PHYSICAL_ALLOCATION_EVIDENCE; GEOGRAPHY; CLASSIFICATION; PLAUSIBILITY CHECK; SENSITIVITY RESEARCH,PHYSICAL_EVIDENCE_ONLY,false,REQUIRES RECONCILIATION TO A DIRECT TERNA CONTROL AT THE SAME METRIC/GRAIN OR OTHER STRONG PRIMARY OPERATING EVIDENCE,UNCHANGED_SECONDARY_PHYSICAL_EVIDENCE,false
145,HDAM,HDAM,HNEW31,Contributo di bacino Casteldelfino in centrale sampeyre,1,Piemonte,NORD,0,0,9.123926205,9123.926205,44.579631,7.184521,337,11.42,n/a,,,,,PHYSICAL INVENTORY INSTALLED CAPACITY; GROSS/NET BASIS NOT SPECIFIED,ELECTRICAL-EQUIVALENT RESERVOIR POTENTIAL ENERGY: REPORTED OR RECONSTRUCTED FROM BASIN VOLUME x WATER DENSITY x GRAVITY x AVERAGE HEAD x 87% TURBINE EFFICIENCY; ACTIVE/USABLE OPERATING RANGE NOT ESTABLISHED,ZENODO_14006948,raw/hydro_physical/Italian_Hydropower_Programmable_Plants_Database_v2_RAW.xlsx,9ba9b40399471e162d041b4a27b2da602c95bd38a5cfb07d2c4769205144f864,RAW_ROW_PRESERVED; OPEN-DATA VALUES NOT PROMOTED TO CANONICAL MEM INPUTS,FORMULA_RECONSTRUCTED_EXACT,9123.926205,1,,HYDRO_RESERVOIR_OR_BASIN_PROGRAMMABLE,OPEN DATABASE HWR/HDAM CLASS; TERNA BASIN-VS-RESERVOIR THRESHOLD NOT AVAILABLE AT PLANT LEVEL,MEDIUM_FOR_PROGRAMMABLE_RESERVOIR; UNRESOLVED_BASIN_VS_RESERVOIR,YES,NO,NATURALLY_CHARGED_STORE_PLUS_FIXED_TURBINE_LINK; FINAL E_NOM NOT YET APPROVED,NOT_ESTABLISHED,PHYSICS-BASED ELECTRICAL-EQUIVALENT BASIN ENERGY; NOT A CONFIRMED ACTIVE OPERATING RANGE,PHYSICAL_RESERVOIR_EVIDENCE_ONLY; ACTIVE VOLUME/LEVEL AND INFLOW CALIBRATION REQUIRED BEFORE E_NOM,PHYSICAL_RESERVOIR_ENERGY_VIEW; SUBSET_NON_ADDITIVE,OPEN_PHYSICAL_DATABASE,DERIVED_PHYSICAL_RESERVOIR_ENERGY,OPEN_PHYSICAL_DATABASE,SECONDARY_NON_CANONICAL,YES_AT_AGGREGATE_OR_DIFFERENT_GRAIN_ONLY,,PHYSICAL_ALLOCATION_EVIDENCE; GEOGRAPHY; CLASSIFICATION; PLAUSIBILITY CHECK; SENSITIVITY RESEARCH,PHYSICAL_EVIDENCE_ONLY,false,REQUIRES RECONCILIATION TO A DIRECT TERNA CONTROL AT THE SAME METRIC/GRAIN OR OTHER STRONG PRIMARY OPERATING EVIDENCE,UNCHANGED_SECONDARY_PHYSICAL_EVIDENCE,false
146,HDAM,HDAM,HNEW32,Sampeyre 1,1,Piemonte,NORD,19,0,0,0,44.579631,7.184521,337,0,n/a,MIT - https://dgdighe.mit.gov.it/categoria/articolo/_opere_di_derivazione/Opere_di_derivazione_Val_Varaita ,MIT - https://dgdighe.mit.gov.it/categoria/articolo/_opere_di_derivazione/Opere_di_derivazione_Val_Varaita ,MIT - https://dgdighe.mit.gov.it/categoria/articolo/_opere_di_derivazione/Opere_di_derivazione_Val_Varaita ,MIT - https://dgdighe.mit.gov.it/categoria/articolo/_opere_di_derivazione/Opere_di_derivazione_Val_Varaita ,PHYSICAL INVENTORY INSTALLED CAPACITY; GROSS/NET BASIS NOT SPECIFIED,ELECTRICAL-EQUIVALENT RESERVOIR POTENTIAL ENERGY: REPORTED OR RECONSTRUCTED FROM BASIN VOLUME x WATER DENSITY x GRAVITY x AVERAGE HEAD x 87% TURBINE EFFICIENCY; ACTIVE/USABLE OPERATING RANGE NOT ESTABLISHED,ZENODO_14006948,raw/hydro_physical/Italian_Hydropower_Programmable_Plants_Database_v2_RAW.xlsx,9ba9b40399471e162d041b4a27b2da602c95bd38a5cfb07d2c4769205144f864,RAW_ROW_PRESERVED; OPEN-DATA VALUES NOT PROMOTED TO CANONICAL MEM INPUTS,FORMULA_RECONSTRUCTED_EXACT,0,,,HYDRO_RESERVOIR_OR_BASIN_PROGRAMMABLE,OPEN DATABASE HWR/HDAM CLASS; TERNA BASIN-VS-RESERVOIR THRESHOLD NOT AVAILABLE AT PLANT LEVEL,MEDIUM_FOR_PROGRAMMABLE_RESERVOIR; UNRESOLVED_BASIN_VS_RESERVOIR,YES,NO,NATURALLY_CHARGED_STORE_PLUS_FIXED_TURBINE_LINK; FINAL E_NOM NOT YET APPROVED,NOT_ESTABLISHED,PHYSICS-BASED ELECTRICAL-EQUIVALENT BASIN ENERGY; NOT A CONFIRMED ACTIVE OPERATING RANGE,PHYSICAL_RESERVOIR_EVIDENCE_ONLY; ACTIVE VOLUME/LEVEL AND INFLOW CALIBRATION REQUIRED BEFORE E_NOM,PHYSICAL_RESERVOIR_ENERGY_VIEW; SUBSET_NON_ADDITIVE,OPEN_PHYSICAL_DATABASE,DERIVED_PHYSICAL_RESERVOIR_ENERGY,OPEN_PHYSICAL_DATABASE,SECONDARY_NON_CANONICAL,YES_AT_AGGREGATE_OR_DIFFERENT_GRAIN_ONLY,,PHYSICAL_ALLOCATION_EVIDENCE; GEOGRAPHY; CLASSIFICATION; PLAUSIBILITY CHECK; SENSITIVITY RESEARCH,PHYSICAL_EVIDENCE_ONLY,false,REQUIRES RECONCILIATION TO A DIRECT TERNA CONTROL AT THE SAME METRIC/GRAIN OR OTHER STRONG PRIMARY OPERATING EVIDENCE,UNCHANGED_SECONDARY_PHYSICAL_EVIDENCE,false
147,HDAM,HDAM,HNEW33,Contributo aggiuntivo Campliccioli(laghi Cingino e Camposecco) in centrale Rovesca,1,Piemonte,NORD,0,0,13.11954084,13119.54084,46.060376,8.114612,567,9.760000000000002,n/a,,,,,PHYSICAL INVENTORY INSTALLED CAPACITY; GROSS/NET BASIS NOT SPECIFIED,ELECTRICAL-EQUIVALENT RESERVOIR POTENTIAL ENERGY: REPORTED OR RECONSTRUCTED FROM BASIN VOLUME x WATER DENSITY x GRAVITY x AVERAGE HEAD x 87% TURBINE EFFICIENCY; ACTIVE/USABLE OPERATING RANGE NOT ESTABLISHED,ZENODO_14006948,raw/hydro_physical/Italian_Hydropower_Programmable_Plants_Database_v2_RAW.xlsx,9ba9b40399471e162d041b4a27b2da602c95bd38a5cfb07d2c4769205144f864,RAW_ROW_PRESERVED; OPEN-DATA VALUES NOT PROMOTED TO CANONICAL MEM INPUTS,FORMULA_RECONSTRUCTED_EXACT,13119.54084,1,,HYDRO_RESERVOIR_OR_BASIN_PROGRAMMABLE,OPEN DATABASE HWR/HDAM CLASS; TERNA BASIN-VS-RESERVOIR THRESHOLD NOT AVAILABLE AT PLANT LEVEL,MEDIUM_FOR_PROGRAMMABLE_RESERVOIR; UNRESOLVED_BASIN_VS_RESERVOIR,YES,NO,NATURALLY_CHARGED_STORE_PLUS_FIXED_TURBINE_LINK; FINAL E_NOM NOT YET APPROVED,NOT_ESTABLISHED,PHYSICS-BASED ELECTRICAL-EQUIVALENT BASIN ENERGY; NOT A CONFIRMED ACTIVE OPERATING RANGE,PHYSICAL_RESERVOIR_EVIDENCE_ONLY; ACTIVE VOLUME/LEVEL AND INFLOW CALIBRATION REQUIRED BEFORE E_NOM,PHYSICAL_RESERVOIR_ENERGY_VIEW; SUBSET_NON_ADDITIVE,OPEN_PHYSICAL_DATABASE,DERIVED_PHYSICAL_RESERVOIR_ENERGY,OPEN_PHYSICAL_DATABASE,SECONDARY_NON_CANONICAL,YES_AT_AGGREGATE_OR_DIFFERENT_GRAIN_ONLY,,PHYSICAL_ALLOCATION_EVIDENCE; GEOGRAPHY; CLASSIFICATION; PLAUSIBILITY CHECK; SENSITIVITY RESEARCH,PHYSICAL_EVIDENCE_ONLY,false,REQUIRES RECONCILIATION TO A DIRECT TERNA CONTROL AT THE SAME METRIC/GRAIN OR OTHER STRONG PRIMARY OPERATING EVIDENCE,UNCHANGED_SECONDARY_PHYSICAL_EVIDENCE,false
148,HDAM,HDAM,HNEW34,Contributo Valpellin in Signayes,2,Valle d'Aosta,NORD,0,0,76.52411163,76524.11163,45.73736,7.31660099999999,347.08,93,n/a,,,,,PHYSICAL INVENTORY INSTALLED CAPACITY; GROSS/NET BASIS NOT SPECIFIED,ELECTRICAL-EQUIVALENT RESERVOIR POTENTIAL ENERGY: REPORTED OR RECONSTRUCTED FROM BASIN VOLUME x WATER DENSITY x GRAVITY x AVERAGE HEAD x 87% TURBINE EFFICIENCY; ACTIVE/USABLE OPERATING RANGE NOT ESTABLISHED,ZENODO_14006948,raw/hydro_physical/Italian_Hydropower_Programmable_Plants_Database_v2_RAW.xlsx,9ba9b40399471e162d041b4a27b2da602c95bd38a5cfb07d2c4769205144f864,RAW_ROW_PRESERVED; OPEN-DATA VALUES NOT PROMOTED TO CANONICAL MEM INPUTS,FORMULA_RECONSTRUCTED_EXACT,76524.11163,1,,HYDRO_RESERVOIR_OR_BASIN_PROGRAMMABLE,OPEN DATABASE HWR/HDAM CLASS; TERNA BASIN-VS-RESERVOIR THRESHOLD NOT AVAILABLE AT PLANT LEVEL,MEDIUM_FOR_PROGRAMMABLE_RESERVOIR; UNRESOLVED_BASIN_VS_RESERVOIR,YES,NO,NATURALLY_CHARGED_STORE_PLUS_FIXED_TURBINE_LINK; FINAL E_NOM NOT YET APPROVED,NOT_ESTABLISHED,PHYSICS-BASED ELECTRICAL-EQUIVALENT BASIN ENERGY; NOT A CONFIRMED ACTIVE OPERATING RANGE,PHYSICAL_RESERVOIR_EVIDENCE_ONLY; ACTIVE VOLUME/LEVEL AND INFLOW CALIBRATION REQUIRED BEFORE E_NOM,PHYSICAL_RESERVOIR_ENERGY_VIEW; SUBSET_NON_ADDITIVE,OPEN_PHYSICAL_DATABASE,DERIVED_PHYSICAL_RESERVOIR_ENERGY,OPEN_PHYSICAL_DATABASE,SECONDARY_NON_CANONICAL,YES_AT_AGGREGATE_OR_DIFFERENT_GRAIN_ONLY,,PHYSICAL_ALLOCATION_EVIDENCE; GEOGRAPHY; CLASSIFICATION; PLAUSIBILITY CHECK; SENSITIVITY RESEARCH,PHYSICAL_EVIDENCE_ONLY,false,REQUIRES RECONCILIATION TO A DIRECT TERNA CONTROL AT THE SAME METRIC/GRAIN OR OTHER STRONG PRIMARY OPERATING EVIDENCE,UNCHANGED_SECONDARY_PHYSICAL_EVIDENCE,false
149,HDAM,HDAM,HNEW35,Contributo asta AOSTA-1 Perreres in Maen perreres,2,Valle d'Aosta,NORD,0,0,12.59579475,12595.79475,45.8717692,7.6067958,483,11,n/a,,,,,PHYSICAL INVENTORY INSTALLED CAPACITY; GROSS/NET BASIS NOT SPECIFIED,ELECTRICAL-EQUIVALENT RESERVOIR POTENTIAL ENERGY: REPORTED OR RECONSTRUCTED FROM BASIN VOLUME x WATER DENSITY x GRAVITY x AVERAGE HEAD x 87% TURBINE EFFICIENCY; ACTIVE/USABLE OPERATING RANGE NOT ESTABLISHED,ZENODO_14006948,raw/hydro_physical/Italian_Hydropower_Programmable_Plants_Database_v2_RAW.xlsx,9ba9b40399471e162d041b4a27b2da602c95bd38a5cfb07d2c4769205144f864,RAW_ROW_PRESERVED; OPEN-DATA VALUES NOT PROMOTED TO CANONICAL MEM INPUTS,FORMULA_RECONSTRUCTED_EXACT,12595.79475,1,,HYDRO_RESERVOIR_OR_BASIN_PROGRAMMABLE,OPEN DATABASE HWR/HDAM CLASS; TERNA BASIN-VS-RESERVOIR THRESHOLD NOT AVAILABLE AT PLANT LEVEL,MEDIUM_FOR_PROGRAMMABLE_RESERVOIR; UNRESOLVED_BASIN_VS_RESERVOIR,YES,NO,NATURALLY_CHARGED_STORE_PLUS_FIXED_TURBINE_LINK; FINAL E_NOM NOT YET APPROVED,NOT_ESTABLISHED,PHYSICS-BASED ELECTRICAL-EQUIVALENT BASIN ENERGY; NOT A CONFIRMED ACTIVE OPERATING RANGE,PHYSICAL_RESERVOIR_EVIDENCE_ONLY; ACTIVE VOLUME/LEVEL AND INFLOW CALIBRATION REQUIRED BEFORE E_NOM,PHYSICAL_RESERVOIR_ENERGY_VIEW; SUBSET_NON_ADDITIVE,OPEN_PHYSICAL_DATABASE,DERIVED_PHYSICAL_RESERVOIR_ENERGY,OPEN_PHYSICAL_DATABASE,SECONDARY_NON_CANONICAL,YES_AT_AGGREGATE_OR_DIFFERENT_GRAIN_ONLY,,PHYSICAL_ALLOCATION_EVIDENCE; GEOGRAPHY; CLASSIFICATION; PLAUSIBILITY CHECK; SENSITIVITY RESEARCH,PHYSICAL_EVIDENCE_ONLY,false,REQUIRES RECONCILIATION TO A DIRECT TERNA CONTROL AT THE SAME METRIC/GRAIN OR OTHER STRONG PRIMARY OPERATING EVIDENCE,UNCHANGED_SECONDARY_PHYSICAL_EVIDENCE,false
150,HDAM,HDAM,HNEW36,Centrale Formazza-Ponte (ValToggia)- DER1 Toggia,1,Piemonte,NORD,55,0,30.9468222,30946.8222,46.3802172122015,8.4236239827341,888,14.7,n/a,Progetto dighe,Progetto dighe,MIT,Progetto dighe,PHYSICAL INVENTORY INSTALLED CAPACITY; GROSS/NET BASIS NOT SPECIFIED,ELECTRICAL-EQUIVALENT RESERVOIR POTENTIAL ENERGY: REPORTED OR RECONSTRUCTED FROM BASIN VOLUME x WATER DENSITY x GRAVITY x AVERAGE HEAD x 87% TURBINE EFFICIENCY; ACTIVE/USABLE OPERATING RANGE NOT ESTABLISHED,ZENODO_14006948,raw/hydro_physical/Italian_Hydropower_Programmable_Plants_Database_v2_RAW.xlsx,9ba9b40399471e162d041b4a27b2da602c95bd38a5cfb07d2c4769205144f864,RAW_ROW_PRESERVED; OPEN-DATA VALUES NOT PROMOTED TO CANONICAL MEM INPUTS,FORMULA_RECONSTRUCTED_EXACT,30946.8222,1,,HYDRO_RESERVOIR_OR_BASIN_PROGRAMMABLE,OPEN DATABASE HWR/HDAM CLASS; TERNA BASIN-VS-RESERVOIR THRESHOLD NOT AVAILABLE AT PLANT LEVEL,MEDIUM_FOR_PROGRAMMABLE_RESERVOIR; UNRESOLVED_BASIN_VS_RESERVOIR,YES,NO,NATURALLY_CHARGED_STORE_PLUS_FIXED_TURBINE_LINK; FINAL E_NOM NOT YET APPROVED,NOT_ESTABLISHED,PHYSICS-BASED ELECTRICAL-EQUIVALENT BASIN ENERGY; NOT A CONFIRMED ACTIVE OPERATING RANGE,PHYSICAL_RESERVOIR_EVIDENCE_ONLY; ACTIVE VOLUME/LEVEL AND INFLOW CALIBRATION REQUIRED BEFORE E_NOM,PHYSICAL_RESERVOIR_ENERGY_VIEW; SUBSET_NON_ADDITIVE,OPEN_PHYSICAL_DATABASE,DERIVED_PHYSICAL_RESERVOIR_ENERGY,OPEN_PHYSICAL_DATABASE,SECONDARY_NON_CANONICAL,YES_AT_AGGREGATE_OR_DIFFERENT_GRAIN_ONLY,,PHYSICAL_ALLOCATION_EVIDENCE; GEOGRAPHY; CLASSIFICATION; PLAUSIBILITY CHECK; SENSITIVITY RESEARCH,PHYSICAL_EVIDENCE_ONLY,false,REQUIRES RECONCILIATION TO A DIRECT TERNA CONTROL AT THE SAME METRIC/GRAIN OR OTHER STRONG PRIMARY OPERATING EVIDENCE,UNCHANGED_SECONDARY_PHYSICAL_EVIDENCE,false
151,HDAM,HDAM,HNEW37,Centrale Formazza-Ponte (ValToggia)- DER2 Morasco,1,Piemonte,NORD,18,0,21.629537625,21629.537625,46.3802172122015,8.4236239827341,514,17.75,n/a,Progetto dighe,Progetto dighe,MIT,Progetto dighe,PHYSICAL INVENTORY INSTALLED CAPACITY; GROSS/NET BASIS NOT SPECIFIED,ELECTRICAL-EQUIVALENT RESERVOIR POTENTIAL ENERGY: REPORTED OR RECONSTRUCTED FROM BASIN VOLUME x WATER DENSITY x GRAVITY x AVERAGE HEAD x 87% TURBINE EFFICIENCY; ACTIVE/USABLE OPERATING RANGE NOT ESTABLISHED,ZENODO_14006948,raw/hydro_physical/Italian_Hydropower_Programmable_Plants_Database_v2_RAW.xlsx,9ba9b40399471e162d041b4a27b2da602c95bd38a5cfb07d2c4769205144f864,RAW_ROW_PRESERVED; OPEN-DATA VALUES NOT PROMOTED TO CANONICAL MEM INPUTS,FORMULA_RECONSTRUCTED_EXACT,21629.537625,1,,HYDRO_RESERVOIR_OR_BASIN_PROGRAMMABLE,OPEN DATABASE HWR/HDAM CLASS; TERNA BASIN-VS-RESERVOIR THRESHOLD NOT AVAILABLE AT PLANT LEVEL,MEDIUM_FOR_PROGRAMMABLE_RESERVOIR; UNRESOLVED_BASIN_VS_RESERVOIR,YES,NO,NATURALLY_CHARGED_STORE_PLUS_FIXED_TURBINE_LINK; FINAL E_NOM NOT YET APPROVED,NOT_ESTABLISHED,PHYSICS-BASED ELECTRICAL-EQUIVALENT BASIN ENERGY; NOT A CONFIRMED ACTIVE OPERATING RANGE,PHYSICAL_RESERVOIR_EVIDENCE_ONLY; ACTIVE VOLUME/LEVEL AND INFLOW CALIBRATION REQUIRED BEFORE E_NOM,PHYSICAL_RESERVOIR_ENERGY_VIEW; SUBSET_NON_ADDITIVE,OPEN_PHYSICAL_DATABASE,DERIVED_PHYSICAL_RESERVOIR_ENERGY,OPEN_PHYSICAL_DATABASE,SECONDARY_NON_CANONICAL,YES_AT_AGGREGATE_OR_DIFFERENT_GRAIN_ONLY,,PHYSICAL_ALLOCATION_EVIDENCE; GEOGRAPHY; CLASSIFICATION; PLAUSIBILITY CHECK; SENSITIVITY RESEARCH,PHYSICAL_EVIDENCE_ONLY,false,REQUIRES RECONCILIATION TO A DIRECT TERNA CONTROL AT THE SAME METRIC/GRAIN OR OTHER STRONG PRIMARY OPERATING EVIDENCE,UNCHANGED_SECONDARY_PHYSICAL_EVIDENCE,false
152,HDAM,HDAM,HNEW38,Centrale Formazza-Ponte (ValToggia)- DER3 Vannino,1,Piemonte,NORD,18,0,28.772607375,28772.607375,46.3802172122015,8.4236239827341,870,13.95,n/a,,Other - http://www.idrologia.polito.it/intrg/FASE_3_1_catasto_delle_opere/relazione/Fase_3_1_Relazione_Allegato_A_B.pdf che ci dice che il bacino Busin  è usato per alimentare il Vannino - salto da https://progettodighe.it/centrali/ponte-formazza-vb/,MIT,http://www.idrologia.polito.it/intrg/FASE_3_1_catasto_delle_opere/relazione/Fase_3_1_Relazione_Allegato_A_B.pdf che ci dice che il bacino Busin  è usato per alimentare il Vannino - salto da https://progettodighe.it/centrali/ponte-formazza-vb/,PHYSICAL INVENTORY INSTALLED CAPACITY; GROSS/NET BASIS NOT SPECIFIED,ELECTRICAL-EQUIVALENT RESERVOIR POTENTIAL ENERGY: REPORTED OR RECONSTRUCTED FROM BASIN VOLUME x WATER DENSITY x GRAVITY x AVERAGE HEAD x 87% TURBINE EFFICIENCY; ACTIVE/USABLE OPERATING RANGE NOT ESTABLISHED,ZENODO_14006948,raw/hydro_physical/Italian_Hydropower_Programmable_Plants_Database_v2_RAW.xlsx,9ba9b40399471e162d041b4a27b2da602c95bd38a5cfb07d2c4769205144f864,RAW_ROW_PRESERVED; OPEN-DATA VALUES NOT PROMOTED TO CANONICAL MEM INPUTS,FORMULA_RECONSTRUCTED_EXACT,28772.607375,1,,HYDRO_RESERVOIR_OR_BASIN_PROGRAMMABLE,OPEN DATABASE HWR/HDAM CLASS; TERNA BASIN-VS-RESERVOIR THRESHOLD NOT AVAILABLE AT PLANT LEVEL,MEDIUM_FOR_PROGRAMMABLE_RESERVOIR; UNRESOLVED_BASIN_VS_RESERVOIR,YES,NO,NATURALLY_CHARGED_STORE_PLUS_FIXED_TURBINE_LINK; FINAL E_NOM NOT YET APPROVED,NOT_ESTABLISHED,PHYSICS-BASED ELECTRICAL-EQUIVALENT BASIN ENERGY; NOT A CONFIRMED ACTIVE OPERATING RANGE,PHYSICAL_RESERVOIR_EVIDENCE_ONLY; ACTIVE VOLUME/LEVEL AND INFLOW CALIBRATION REQUIRED BEFORE E_NOM,PHYSICAL_RESERVOIR_ENERGY_VIEW; SUBSET_NON_ADDITIVE,OPEN_PHYSICAL_DATABASE,DERIVED_PHYSICAL_RESERVOIR_ENERGY,OPEN_PHYSICAL_DATABASE,SECONDARY_NON_CANONICAL,YES_AT_AGGREGATE_OR_DIFFERENT_GRAIN_ONLY,,PHYSICAL_ALLOCATION_EVIDENCE; GEOGRAPHY; CLASSIFICATION; PLAUSIBILITY CHECK; SENSITIVITY RESEARCH,PHYSICAL_EVIDENCE_ONLY,false,REQUIRES RECONCILIATION TO A DIRECT TERNA CONTROL AT THE SAME METRIC/GRAIN OR OTHER STRONG PRIMARY OPERATING EVIDENCE,UNCHANGED_SECONDARY_PHYSICAL_EVIDENCE,false
153,HDAM,HDAM,HNEW39,Contributo PIEM-6-ValTOGGIA Morasco in Formazza,1,Piemonte,NORD,0,0,53.76310986,53763.10986,46.376886,8.425713,514,44.12,n/a,,,,,PHYSICAL INVENTORY INSTALLED CAPACITY; GROSS/NET BASIS NOT SPECIFIED,ELECTRICAL-EQUIVALENT RESERVOIR POTENTIAL ENERGY: REPORTED OR RECONSTRUCTED FROM BASIN VOLUME x WATER DENSITY x GRAVITY x AVERAGE HEAD x 87% TURBINE EFFICIENCY; ACTIVE/USABLE OPERATING RANGE NOT ESTABLISHED,ZENODO_14006948,raw/hydro_physical/Italian_Hydropower_Programmable_Plants_Database_v2_RAW.xlsx,9ba9b40399471e162d041b4a27b2da602c95bd38a5cfb07d2c4769205144f864,RAW_ROW_PRESERVED; OPEN-DATA VALUES NOT PROMOTED TO CANONICAL MEM INPUTS,FORMULA_RECONSTRUCTED_EXACT,53763.10986,1,,HYDRO_RESERVOIR_OR_BASIN_PROGRAMMABLE,OPEN DATABASE HWR/HDAM CLASS; TERNA BASIN-VS-RESERVOIR THRESHOLD NOT AVAILABLE AT PLANT LEVEL,MEDIUM_FOR_PROGRAMMABLE_RESERVOIR; UNRESOLVED_BASIN_VS_RESERVOIR,YES,NO,NATURALLY_CHARGED_STORE_PLUS_FIXED_TURBINE_LINK; FINAL E_NOM NOT YET APPROVED,NOT_ESTABLISHED,PHYSICS-BASED ELECTRICAL-EQUIVALENT BASIN ENERGY; NOT A CONFIRMED ACTIVE OPERATING RANGE,PHYSICAL_RESERVOIR_EVIDENCE_ONLY; ACTIVE VOLUME/LEVEL AND INFLOW CALIBRATION REQUIRED BEFORE E_NOM,PHYSICAL_RESERVOIR_ENERGY_VIEW; SUBSET_NON_ADDITIVE,OPEN_PHYSICAL_DATABASE,DERIVED_PHYSICAL_RESERVOIR_ENERGY,OPEN_PHYSICAL_DATABASE,SECONDARY_NON_CANONICAL,YES_AT_AGGREGATE_OR_DIFFERENT_GRAIN_ONLY,,PHYSICAL_ALLOCATION_EVIDENCE; GEOGRAPHY; CLASSIFICATION; PLAUSIBILITY CHECK; SENSITIVITY RESEARCH,PHYSICAL_EVIDENCE_ONLY,false,REQUIRES RECONCILIATION TO A DIRECT TERNA CONTROL AT THE SAME METRIC/GRAIN OR OTHER STRONG PRIMARY OPERATING EVIDENCE,UNCHANGED_SECONDARY_PHYSICAL_EVIDENCE,false
154,HDAM,HDAM,HNEW40,Contributo lago Alpe Gera( cen Campo Moro) in asta LOMB-1_SONDRIO,3,Lombardia,NORD,0,0,269.544792,269544.792,46.2695803,9.8720987,1672,68,n/a,,,,,PHYSICAL INVENTORY INSTALLED CAPACITY; GROSS/NET BASIS NOT SPECIFIED,ELECTRICAL-EQUIVALENT RESERVOIR POTENTIAL ENERGY: REPORTED OR RECONSTRUCTED FROM BASIN VOLUME x WATER DENSITY x GRAVITY x AVERAGE HEAD x 87% TURBINE EFFICIENCY; ACTIVE/USABLE OPERATING RANGE NOT ESTABLISHED,ZENODO_14006948,raw/hydro_physical/Italian_Hydropower_Programmable_Plants_Database_v2_RAW.xlsx,9ba9b40399471e162d041b4a27b2da602c95bd38a5cfb07d2c4769205144f864,RAW_ROW_PRESERVED; OPEN-DATA VALUES NOT PROMOTED TO CANONICAL MEM INPUTS,FORMULA_RECONSTRUCTED_EXACT,269544.792,1,,HYDRO_RESERVOIR_OR_BASIN_PROGRAMMABLE,OPEN DATABASE HWR/HDAM CLASS; TERNA BASIN-VS-RESERVOIR THRESHOLD NOT AVAILABLE AT PLANT LEVEL,MEDIUM_FOR_PROGRAMMABLE_RESERVOIR; UNRESOLVED_BASIN_VS_RESERVOIR,YES,NO,NATURALLY_CHARGED_STORE_PLUS_FIXED_TURBINE_LINK; FINAL E_NOM NOT YET APPROVED,NOT_ESTABLISHED,PHYSICS-BASED ELECTRICAL-EQUIVALENT BASIN ENERGY; NOT A CONFIRMED ACTIVE OPERATING RANGE,PHYSICAL_RESERVOIR_EVIDENCE_ONLY; ACTIVE VOLUME/LEVEL AND INFLOW CALIBRATION REQUIRED BEFORE E_NOM,PHYSICAL_RESERVOIR_ENERGY_VIEW; SUBSET_NON_ADDITIVE,OPEN_PHYSICAL_DATABASE,DERIVED_PHYSICAL_RESERVOIR_ENERGY,OPEN_PHYSICAL_DATABASE,SECONDARY_NON_CANONICAL,YES_AT_AGGREGATE_OR_DIFFERENT_GRAIN_ONLY,,PHYSICAL_ALLOCATION_EVIDENCE; GEOGRAPHY; CLASSIFICATION; PLAUSIBILITY CHECK; SENSITIVITY RESEARCH,PHYSICAL_EVIDENCE_ONLY,false,REQUIRES RECONCILIATION TO A DIRECT TERNA CONTROL AT THE SAME METRIC/GRAIN OR OTHER STRONG PRIMARY OPERATING EVIDENCE,UNCHANGED_SECONDARY_PHYSICAL_EVIDENCE,false
155,HDAM,HDAM,HNEW41,Contributo lago Campo Moro( cen Lanzada) in asta LOMB-1_SONDRIO,3,Lombardia,NORD,0,0,17.8896795,17889.6795,46.268585,9.877013,686,11,n/a,,,,,PHYSICAL INVENTORY INSTALLED CAPACITY; GROSS/NET BASIS NOT SPECIFIED,ELECTRICAL-EQUIVALENT RESERVOIR POTENTIAL ENERGY: REPORTED OR RECONSTRUCTED FROM BASIN VOLUME x WATER DENSITY x GRAVITY x AVERAGE HEAD x 87% TURBINE EFFICIENCY; ACTIVE/USABLE OPERATING RANGE NOT ESTABLISHED,ZENODO_14006948,raw/hydro_physical/Italian_Hydropower_Programmable_Plants_Database_v2_RAW.xlsx,9ba9b40399471e162d041b4a27b2da602c95bd38a5cfb07d2c4769205144f864,RAW_ROW_PRESERVED; OPEN-DATA VALUES NOT PROMOTED TO CANONICAL MEM INPUTS,FORMULA_RECONSTRUCTED_EXACT,17889.6795,1,,HYDRO_RESERVOIR_OR_BASIN_PROGRAMMABLE,OPEN DATABASE HWR/HDAM CLASS; TERNA BASIN-VS-RESERVOIR THRESHOLD NOT AVAILABLE AT PLANT LEVEL,MEDIUM_FOR_PROGRAMMABLE_RESERVOIR; UNRESOLVED_BASIN_VS_RESERVOIR,YES,NO,NATURALLY_CHARGED_STORE_PLUS_FIXED_TURBINE_LINK; FINAL E_NOM NOT YET APPROVED,NOT_ESTABLISHED,PHYSICS-BASED ELECTRICAL-EQUIVALENT BASIN ENERGY; NOT A CONFIRMED ACTIVE OPERATING RANGE,PHYSICAL_RESERVOIR_EVIDENCE_ONLY; ACTIVE VOLUME/LEVEL AND INFLOW CALIBRATION REQUIRED BEFORE E_NOM,PHYSICAL_RESERVOIR_ENERGY_VIEW; SUBSET_NON_ADDITIVE,OPEN_PHYSICAL_DATABASE,DERIVED_PHYSICAL_RESERVOIR_ENERGY,OPEN_PHYSICAL_DATABASE,SECONDARY_NON_CANONICAL,YES_AT_AGGREGATE_OR_DIFFERENT_GRAIN_ONLY,,PHYSICAL_ALLOCATION_EVIDENCE; GEOGRAPHY; CLASSIFICATION; PLAUSIBILITY CHECK; SENSITIVITY RESEARCH,PHYSICAL_EVIDENCE_ONLY,false,REQUIRES RECONCILIATION TO A DIRECT TERNA CONTROL AT THE SAME METRIC/GRAIN OR OTHER STRONG PRIMARY OPERATING EVIDENCE,UNCHANGED_SECONDARY_PHYSICAL_EVIDENCE,false
156,HDAM,HDAM,HNEW42,Contributo Carona in Bordogna asta LOMB-2-BREMBO,3,Lombardia,NORD,0,0,28.6339185,28633.9185,46.02139,9.78285,549,22,n/a,,,,,PHYSICAL INVENTORY INSTALLED CAPACITY; GROSS/NET BASIS NOT SPECIFIED,ELECTRICAL-EQUIVALENT RESERVOIR POTENTIAL ENERGY: REPORTED OR RECONSTRUCTED FROM BASIN VOLUME x WATER DENSITY x GRAVITY x AVERAGE HEAD x 87% TURBINE EFFICIENCY; ACTIVE/USABLE OPERATING RANGE NOT ESTABLISHED,ZENODO_14006948,raw/hydro_physical/Italian_Hydropower_Programmable_Plants_Database_v2_RAW.xlsx,9ba9b40399471e162d041b4a27b2da602c95bd38a5cfb07d2c4769205144f864,RAW_ROW_PRESERVED; OPEN-DATA VALUES NOT PROMOTED TO CANONICAL MEM INPUTS,FORMULA_RECONSTRUCTED_EXACT,28633.9185,1,,HYDRO_RESERVOIR_OR_BASIN_PROGRAMMABLE,OPEN DATABASE HWR/HDAM CLASS; TERNA BASIN-VS-RESERVOIR THRESHOLD NOT AVAILABLE AT PLANT LEVEL,MEDIUM_FOR_PROGRAMMABLE_RESERVOIR; UNRESOLVED_BASIN_VS_RESERVOIR,YES,NO,NATURALLY_CHARGED_STORE_PLUS_FIXED_TURBINE_LINK; FINAL E_NOM NOT YET APPROVED,NOT_ESTABLISHED,PHYSICS-BASED ELECTRICAL-EQUIVALENT BASIN ENERGY; NOT A CONFIRMED ACTIVE OPERATING RANGE,PHYSICAL_RESERVOIR_EVIDENCE_ONLY; ACTIVE VOLUME/LEVEL AND INFLOW CALIBRATION REQUIRED BEFORE E_NOM,PHYSICAL_RESERVOIR_ENERGY_VIEW; SUBSET_NON_ADDITIVE,OPEN_PHYSICAL_DATABASE,DERIVED_PHYSICAL_RESERVOIR_ENERGY,OPEN_PHYSICAL_DATABASE,SECONDARY_NON_CANONICAL,YES_AT_AGGREGATE_OR_DIFFERENT_GRAIN_ONLY,,PHYSICAL_ALLOCATION_EVIDENCE; GEOGRAPHY; CLASSIFICATION; PLAUSIBILITY CHECK; SENSITIVITY RESEARCH,PHYSICAL_EVIDENCE_ONLY,false,REQUIRES RECONCILIATION TO A DIRECT TERNA CONTROL AT THE SAME METRIC/GRAIN OR OTHER STRONG PRIMARY OPERATING EVIDENCE,UNCHANGED_SECONDARY_PHYSICAL_EVIDENCE,false
157,HDAM,HDAM,HNEW43,Conributo Armisa in Venina asta LOMB-3-ALTOADDA,3,Lombardia,NORD,0,0,1.902299283,1902.299283,46.176359,9.982129,719,1.116,n/a,,,,,PHYSICAL INVENTORY INSTALLED CAPACITY; GROSS/NET BASIS NOT SPECIFIED,ELECTRICAL-EQUIVALENT RESERVOIR POTENTIAL ENERGY: REPORTED OR RECONSTRUCTED FROM BASIN VOLUME x WATER DENSITY x GRAVITY x AVERAGE HEAD x 87% TURBINE EFFICIENCY; ACTIVE/USABLE OPERATING RANGE NOT ESTABLISHED,ZENODO_14006948,raw/hydro_physical/Italian_Hydropower_Programmable_Plants_Database_v2_RAW.xlsx,9ba9b40399471e162d041b4a27b2da602c95bd38a5cfb07d2c4769205144f864,RAW_ROW_PRESERVED; OPEN-DATA VALUES NOT PROMOTED TO CANONICAL MEM INPUTS,FORMULA_RECONSTRUCTED_EXACT,1902.299283,1,,HYDRO_RESERVOIR_OR_BASIN_PROGRAMMABLE,OPEN DATABASE HWR/HDAM CLASS; TERNA BASIN-VS-RESERVOIR THRESHOLD NOT AVAILABLE AT PLANT LEVEL,MEDIUM_FOR_PROGRAMMABLE_RESERVOIR; UNRESOLVED_BASIN_VS_RESERVOIR,YES,NO,NATURALLY_CHARGED_STORE_PLUS_FIXED_TURBINE_LINK; FINAL E_NOM NOT YET APPROVED,NOT_ESTABLISHED,PHYSICS-BASED ELECTRICAL-EQUIVALENT BASIN ENERGY; NOT A CONFIRMED ACTIVE OPERATING RANGE,PHYSICAL_RESERVOIR_EVIDENCE_ONLY; ACTIVE VOLUME/LEVEL AND INFLOW CALIBRATION REQUIRED BEFORE E_NOM,PHYSICAL_RESERVOIR_ENERGY_VIEW; SUBSET_NON_ADDITIVE,OPEN_PHYSICAL_DATABASE,DERIVED_PHYSICAL_RESERVOIR_ENERGY,OPEN_PHYSICAL_DATABASE,SECONDARY_NON_CANONICAL,YES_AT_AGGREGATE_OR_DIFFERENT_GRAIN_ONLY,,PHYSICAL_ALLOCATION_EVIDENCE; GEOGRAPHY; CLASSIFICATION; PLAUSIBILITY CHECK; SENSITIVITY RESEARCH,PHYSICAL_EVIDENCE_ONLY,false,REQUIRES RECONCILIATION TO A DIRECT TERNA CONTROL AT THE SAME METRIC/GRAIN OR OTHER STRONG PRIMARY OPERATING EVIDENCE,UNCHANGED_SECONDARY_PHYSICAL_EVIDENCE,false
158,HDAM,HDAM,HNEW44,Conributo PUBLINO in Venina-Zapello-Vedello asta LOMB-3-ALTOADDA,3,Lombardia,NORD,0,0,17.754902363,17754.902363,46.150244,9.818459,1497.83,5,n/a,,,,,PHYSICAL INVENTORY INSTALLED CAPACITY; GROSS/NET BASIS NOT SPECIFIED,ELECTRICAL-EQUIVALENT RESERVOIR POTENTIAL ENERGY: REPORTED OR RECONSTRUCTED FROM BASIN VOLUME x WATER DENSITY x GRAVITY x AVERAGE HEAD x 87% TURBINE EFFICIENCY; ACTIVE/USABLE OPERATING RANGE NOT ESTABLISHED,ZENODO_14006948,raw/hydro_physical/Italian_Hydropower_Programmable_Plants_Database_v2_RAW.xlsx,9ba9b40399471e162d041b4a27b2da602c95bd38a5cfb07d2c4769205144f864,RAW_ROW_PRESERVED; OPEN-DATA VALUES NOT PROMOTED TO CANONICAL MEM INPUTS,FORMULA_RECONSTRUCTED_EXACT,17754.902363,1,,HYDRO_RESERVOIR_OR_BASIN_PROGRAMMABLE,OPEN DATABASE HWR/HDAM CLASS; TERNA BASIN-VS-RESERVOIR THRESHOLD NOT AVAILABLE AT PLANT LEVEL,MEDIUM_FOR_PROGRAMMABLE_RESERVOIR; UNRESOLVED_BASIN_VS_RESERVOIR,YES,NO,NATURALLY_CHARGED_STORE_PLUS_FIXED_TURBINE_LINK; FINAL E_NOM NOT YET APPROVED,NOT_ESTABLISHED,PHYSICS-BASED ELECTRICAL-EQUIVALENT BASIN ENERGY; NOT A CONFIRMED ACTIVE OPERATING RANGE,PHYSICAL_RESERVOIR_EVIDENCE_ONLY; ACTIVE VOLUME/LEVEL AND INFLOW CALIBRATION REQUIRED BEFORE E_NOM,PHYSICAL_RESERVOIR_ENERGY_VIEW; SUBSET_NON_ADDITIVE,OPEN_PHYSICAL_DATABASE,DERIVED_PHYSICAL_RESERVOIR_ENERGY,OPEN_PHYSICAL_DATABASE,SECONDARY_NON_CANONICAL,YES_AT_AGGREGATE_OR_DIFFERENT_GRAIN_ONLY,,PHYSICAL_ALLOCATION_EVIDENCE; GEOGRAPHY; CLASSIFICATION; PLAUSIBILITY CHECK; SENSITIVITY RESEARCH,PHYSICAL_EVIDENCE_ONLY,false,REQUIRES RECONCILIATION TO A DIRECT TERNA CONTROL AT THE SAME METRIC/GRAIN OR OTHER STRONG PRIMARY OPERATING EVIDENCE,UNCHANGED_SECONDARY_PHYSICAL_EVIDENCE,false
159,HDAM,HDAM,HNEW45,Conributo Lago Venina(cen Zappello) in Venina-Vedello asta LOMB-3-ALTOADDA,3,Lombardia,NORD,0,0,30.402806198,30402.806198,46.159346,9.930337,1165.83,11,n/a,,,,,PHYSICAL INVENTORY INSTALLED CAPACITY; GROSS/NET BASIS NOT SPECIFIED,ELECTRICAL-EQUIVALENT RESERVOIR POTENTIAL ENERGY: REPORTED OR RECONSTRUCTED FROM BASIN VOLUME x WATER DENSITY x GRAVITY x AVERAGE HEAD x 87% TURBINE EFFICIENCY; ACTIVE/USABLE OPERATING RANGE NOT ESTABLISHED,ZENODO_14006948,raw/hydro_physical/Italian_Hydropower_Programmable_Plants_Database_v2_RAW.xlsx,9ba9b40399471e162d041b4a27b2da602c95bd38a5cfb07d2c4769205144f864,RAW_ROW_PRESERVED; OPEN-DATA VALUES NOT PROMOTED TO CANONICAL MEM INPUTS,FORMULA_RECONSTRUCTED_EXACT,30402.806197,1,,HYDRO_RESERVOIR_OR_BASIN_PROGRAMMABLE,OPEN DATABASE HWR/HDAM CLASS; TERNA BASIN-VS-RESERVOIR THRESHOLD NOT AVAILABLE AT PLANT LEVEL,MEDIUM_FOR_PROGRAMMABLE_RESERVOIR; UNRESOLVED_BASIN_VS_RESERVOIR,YES,NO,NATURALLY_CHARGED_STORE_PLUS_FIXED_TURBINE_LINK; FINAL E_NOM NOT YET APPROVED,NOT_ESTABLISHED,PHYSICS-BASED ELECTRICAL-EQUIVALENT BASIN ENERGY; NOT A CONFIRMED ACTIVE OPERATING RANGE,PHYSICAL_RESERVOIR_EVIDENCE_ONLY; ACTIVE VOLUME/LEVEL AND INFLOW CALIBRATION REQUIRED BEFORE E_NOM,PHYSICAL_RESERVOIR_ENERGY_VIEW; SUBSET_NON_ADDITIVE,OPEN_PHYSICAL_DATABASE,DERIVED_PHYSICAL_RESERVOIR_ENERGY,OPEN_PHYSICAL_DATABASE,SECONDARY_NON_CANONICAL,YES_AT_AGGREGATE_OR_DIFFERENT_GRAIN_ONLY,,PHYSICAL_ALLOCATION_EVIDENCE; GEOGRAPHY; CLASSIFICATION; PLAUSIBILITY CHECK; SENSITIVITY RESEARCH,PHYSICAL_EVIDENCE_ONLY,false,REQUIRES RECONCILIATION TO A DIRECT TERNA CONTROL AT THE SAME METRIC/GRAIN OR OTHER STRONG PRIMARY OPERATING EVIDENCE,UNCHANGED_SECONDARY_PHYSICAL_EVIDENCE,false
160,HDAM,HDAM,HNEW46,Conributo Lago Scais(cen Vedello) in Venina asta LOMB-3-ALTOADDA,3,Lombardia,NORD,0,0,15.443397405,15443.397405,46.159346,9.930337,719,9.06,n/a,,,,,PHYSICAL INVENTORY INSTALLED CAPACITY; GROSS/NET BASIS NOT SPECIFIED,ELECTRICAL-EQUIVALENT RESERVOIR POTENTIAL ENERGY: REPORTED OR RECONSTRUCTED FROM BASIN VOLUME x WATER DENSITY x GRAVITY x AVERAGE HEAD x 87% TURBINE EFFICIENCY; ACTIVE/USABLE OPERATING RANGE NOT ESTABLISHED,ZENODO_14006948,raw/hydro_physical/Italian_Hydropower_Programmable_Plants_Database_v2_RAW.xlsx,9ba9b40399471e162d041b4a27b2da602c95bd38a5cfb07d2c4769205144f864,RAW_ROW_PRESERVED; OPEN-DATA VALUES NOT PROMOTED TO CANONICAL MEM INPUTS,FORMULA_RECONSTRUCTED_EXACT,15443.397405,1,,HYDRO_RESERVOIR_OR_BASIN_PROGRAMMABLE,OPEN DATABASE HWR/HDAM CLASS; TERNA BASIN-VS-RESERVOIR THRESHOLD NOT AVAILABLE AT PLANT LEVEL,MEDIUM_FOR_PROGRAMMABLE_RESERVOIR; UNRESOLVED_BASIN_VS_RESERVOIR,YES,NO,NATURALLY_CHARGED_STORE_PLUS_FIXED_TURBINE_LINK; FINAL E_NOM NOT YET APPROVED,NOT_ESTABLISHED,PHYSICS-BASED ELECTRICAL-EQUIVALENT BASIN ENERGY; NOT A CONFIRMED ACTIVE OPERATING RANGE,PHYSICAL_RESERVOIR_EVIDENCE_ONLY; ACTIVE VOLUME/LEVEL AND INFLOW CALIBRATION REQUIRED BEFORE E_NOM,PHYSICAL_RESERVOIR_ENERGY_VIEW; SUBSET_NON_ADDITIVE,OPEN_PHYSICAL_DATABASE,DERIVED_PHYSICAL_RESERVOIR_ENERGY,OPEN_PHYSICAL_DATABASE,SECONDARY_NON_CANONICAL,YES_AT_AGGREGATE_OR_DIFFERENT_GRAIN_ONLY,,PHYSICAL_ALLOCATION_EVIDENCE; GEOGRAPHY; CLASSIFICATION; PLAUSIBILITY CHECK; SENSITIVITY RESEARCH,PHYSICAL_EVIDENCE_ONLY,false,REQUIRES RECONCILIATION TO A DIRECT TERNA CONTROL AT THE SAME METRIC/GRAIN OR OTHER STRONG PRIMARY OPERATING EVIDENCE,UNCHANGED_SECONDARY_PHYSICAL_EVIDENCE,false
161,HDAM,HDAM,HNEW47,Centrale Albini - Valgoglio- Aviasco,3,Lombardia,NORD,0,0,16.028308845,16028.308845,45.9665744703691,9.92736896128698,1203,5.62,n/a,,Google Earth,MIT,,PHYSICAL INVENTORY INSTALLED CAPACITY; GROSS/NET BASIS NOT SPECIFIED,ELECTRICAL-EQUIVALENT RESERVOIR POTENTIAL ENERGY: REPORTED OR RECONSTRUCTED FROM BASIN VOLUME x WATER DENSITY x GRAVITY x AVERAGE HEAD x 87% TURBINE EFFICIENCY; ACTIVE/USABLE OPERATING RANGE NOT ESTABLISHED,ZENODO_14006948,raw/hydro_physical/Italian_Hydropower_Programmable_Plants_Database_v2_RAW.xlsx,9ba9b40399471e162d041b4a27b2da602c95bd38a5cfb07d2c4769205144f864,RAW_ROW_PRESERVED; OPEN-DATA VALUES NOT PROMOTED TO CANONICAL MEM INPUTS,FORMULA_RECONSTRUCTED_EXACT,16028.308845,1,,HYDRO_RESERVOIR_OR_BASIN_PROGRAMMABLE,OPEN DATABASE HWR/HDAM CLASS; TERNA BASIN-VS-RESERVOIR THRESHOLD NOT AVAILABLE AT PLANT LEVEL,MEDIUM_FOR_PROGRAMMABLE_RESERVOIR; UNRESOLVED_BASIN_VS_RESERVOIR,YES,NO,NATURALLY_CHARGED_STORE_PLUS_FIXED_TURBINE_LINK; FINAL E_NOM NOT YET APPROVED,NOT_ESTABLISHED,PHYSICS-BASED ELECTRICAL-EQUIVALENT BASIN ENERGY; NOT A CONFIRMED ACTIVE OPERATING RANGE,PHYSICAL_RESERVOIR_EVIDENCE_ONLY; ACTIVE VOLUME/LEVEL AND INFLOW CALIBRATION REQUIRED BEFORE E_NOM,PHYSICAL_RESERVOIR_ENERGY_VIEW; SUBSET_NON_ADDITIVE,OPEN_PHYSICAL_DATABASE,DERIVED_PHYSICAL_RESERVOIR_ENERGY,OPEN_PHYSICAL_DATABASE,SECONDARY_NON_CANONICAL,YES_AT_AGGREGATE_OR_DIFFERENT_GRAIN_ONLY,,PHYSICAL_ALLOCATION_EVIDENCE; GEOGRAPHY; CLASSIFICATION; PLAUSIBILITY CHECK; SENSITIVITY RESEARCH,PHYSICAL_EVIDENCE_ONLY,false,REQUIRES RECONCILIATION TO A DIRECT TERNA CONTROL AT THE SAME METRIC/GRAIN OR OTHER STRONG PRIMARY OPERATING EVIDENCE,UNCHANGED_SECONDARY_PHYSICAL_EVIDENCE,false
162,HDAM,HDAM,HNEW48,Centrale Salarno - Dosazzo,3,Lombardia,NORD,4.5,0,5.1786663,5178.6663,46.1110091898135,10.4717013422441,160 (da Miller- Baitone) - 60 da Salarno,11.34 (Salarno)+9.4(Baitone),n/a,,Other - http://francorino.altervista.org/csalarno.htm,MIT,Other - http://francorino.altervista.org/csalarno.htm,PHYSICAL INVENTORY INSTALLED CAPACITY; GROSS/NET BASIS NOT SPECIFIED,ELECTRICAL-EQUIVALENT RESERVOIR POTENTIAL ENERGY: REPORTED OR RECONSTRUCTED FROM BASIN VOLUME x WATER DENSITY x GRAVITY x AVERAGE HEAD x 87% TURBINE EFFICIENCY; ACTIVE/USABLE OPERATING RANGE NOT ESTABLISHED,ZENODO_14006948,raw/hydro_physical/Italian_Hydropower_Programmable_Plants_Database_v2_RAW.xlsx,9ba9b40399471e162d041b4a27b2da602c95bd38a5cfb07d2c4769205144f864,RAW_ROW_PRESERVED; OPEN-DATA VALUES NOT PROMOTED TO CANONICAL MEM INPUTS,OTHER_REPORTED_OR_INPUT_INCOMPLETE,,,,HYDRO_RESERVOIR_OR_BASIN_PROGRAMMABLE,OPEN DATABASE HWR/HDAM CLASS; TERNA BASIN-VS-RESERVOIR THRESHOLD NOT AVAILABLE AT PLANT LEVEL,MEDIUM_FOR_PROGRAMMABLE_RESERVOIR; UNRESOLVED_BASIN_VS_RESERVOIR,YES,NO,NATURALLY_CHARGED_STORE_PLUS_FIXED_TURBINE_LINK; FINAL E_NOM NOT YET APPROVED,NOT_ESTABLISHED,PHYSICS-BASED ELECTRICAL-EQUIVALENT BASIN ENERGY; NOT A CONFIRMED ACTIVE OPERATING RANGE,PHYSICAL_RESERVOIR_EVIDENCE_ONLY; ACTIVE VOLUME/LEVEL AND INFLOW CALIBRATION REQUIRED BEFORE E_NOM,PHYSICAL_RESERVOIR_ENERGY_VIEW; SUBSET_NON_ADDITIVE,OPEN_PHYSICAL_DATABASE,OPEN_PHYSICAL_DATABASE_REPORTED_OR_INHERITED,OPEN_PHYSICAL_DATABASE,SECONDARY_NON_CANONICAL,YES_AT_AGGREGATE_OR_DIFFERENT_GRAIN_ONLY,,PHYSICAL_ALLOCATION_EVIDENCE; GEOGRAPHY; CLASSIFICATION; PLAUSIBILITY CHECK; SENSITIVITY RESEARCH,PHYSICAL_EVIDENCE_ONLY,false,REQUIRES RECONCILIATION TO A DIRECT TERNA CONTROL AT THE SAME METRIC/GRAIN OR OTHER STRONG PRIMARY OPERATING EVIDENCE,UNCHANGED_SECONDARY_PHYSICAL_EVIDENCE,false
163,HDAM,HDAM,HNEW49,Contributo Pantano d'Avio in Edolo asta LOMB-7-Val CAMONICA(EDOLO),3,Lombardia,NORD,0,0,45.644760975,45644.760975,46.178199,10.329159,1265,15.219999999999999,n/a,,,,,PHYSICAL INVENTORY INSTALLED CAPACITY; GROSS/NET BASIS NOT SPECIFIED,ELECTRICAL-EQUIVALENT RESERVOIR POTENTIAL ENERGY: REPORTED OR RECONSTRUCTED FROM BASIN VOLUME x WATER DENSITY x GRAVITY x AVERAGE HEAD x 87% TURBINE EFFICIENCY; ACTIVE/USABLE OPERATING RANGE NOT ESTABLISHED,ZENODO_14006948,raw/hydro_physical/Italian_Hydropower_Programmable_Plants_Database_v2_RAW.xlsx,9ba9b40399471e162d041b4a27b2da602c95bd38a5cfb07d2c4769205144f864,RAW_ROW_PRESERVED; OPEN-DATA VALUES NOT PROMOTED TO CANONICAL MEM INPUTS,FORMULA_RECONSTRUCTED_EXACT,45644.760975,1,,HYDRO_RESERVOIR_OR_BASIN_PROGRAMMABLE,OPEN DATABASE HWR/HDAM CLASS; TERNA BASIN-VS-RESERVOIR THRESHOLD NOT AVAILABLE AT PLANT LEVEL,MEDIUM_FOR_PROGRAMMABLE_RESERVOIR; UNRESOLVED_BASIN_VS_RESERVOIR,YES,NO,NATURALLY_CHARGED_STORE_PLUS_FIXED_TURBINE_LINK; FINAL E_NOM NOT YET APPROVED,NOT_ESTABLISHED,PHYSICS-BASED ELECTRICAL-EQUIVALENT BASIN ENERGY; NOT A CONFIRMED ACTIVE OPERATING RANGE,PHYSICAL_RESERVOIR_EVIDENCE_ONLY; ACTIVE VOLUME/LEVEL AND INFLOW CALIBRATION REQUIRED BEFORE E_NOM,PHYSICAL_RESERVOIR_ENERGY_VIEW; SUBSET_NON_ADDITIVE,OPEN_PHYSICAL_DATABASE,DERIVED_PHYSICAL_RESERVOIR_ENERGY,OPEN_PHYSICAL_DATABASE,SECONDARY_NON_CANONICAL,YES_AT_AGGREGATE_OR_DIFFERENT_GRAIN_ONLY,,PHYSICAL_ALLOCATION_EVIDENCE; GEOGRAPHY; CLASSIFICATION; PLAUSIBILITY CHECK; SENSITIVITY RESEARCH,PHYSICAL_EVIDENCE_ONLY,false,REQUIRES RECONCILIATION TO A DIRECT TERNA CONTROL AT THE SAME METRIC/GRAIN OR OTHER STRONG PRIMARY OPERATING EVIDENCE,UNCHANGED_SECONDARY_PHYSICAL_EVIDENCE,false
164,HDAM,HDAM,HNEW50,Centrale Valburga,4,Trentino Alto Adige,NORD,47.2,0,2.19741048,2197.41048,46.5478079,11.0070771,729.83,1.27,n/a,Alperia,Alperia,Alperia,,PHYSICAL INVENTORY INSTALLED CAPACITY; GROSS/NET BASIS NOT SPECIFIED,ELECTRICAL-EQUIVALENT RESERVOIR POTENTIAL ENERGY: REPORTED OR RECONSTRUCTED FROM BASIN VOLUME x WATER DENSITY x GRAVITY x AVERAGE HEAD x 87% TURBINE EFFICIENCY; ACTIVE/USABLE OPERATING RANGE NOT ESTABLISHED,ZENODO_14006948,raw/hydro_physical/Italian_Hydropower_Programmable_Plants_Database_v2_RAW.xlsx,9ba9b40399471e162d041b4a27b2da602c95bd38a5cfb07d2c4769205144f864,RAW_ROW_PRESERVED; OPEN-DATA VALUES NOT PROMOTED TO CANONICAL MEM INPUTS,FORMULA_RECONSTRUCTED_EXACT,2197.41048,1,,HYDRO_RESERVOIR_OR_BASIN_PROGRAMMABLE,OPEN DATABASE HWR/HDAM CLASS; TERNA BASIN-VS-RESERVOIR THRESHOLD NOT AVAILABLE AT PLANT LEVEL,MEDIUM_FOR_PROGRAMMABLE_RESERVOIR; UNRESOLVED_BASIN_VS_RESERVOIR,YES,NO,NATURALLY_CHARGED_STORE_PLUS_FIXED_TURBINE_LINK; FINAL E_NOM NOT YET APPROVED,NOT_ESTABLISHED,PHYSICS-BASED ELECTRICAL-EQUIVALENT BASIN ENERGY; NOT A CONFIRMED ACTIVE OPERATING RANGE,PHYSICAL_RESERVOIR_EVIDENCE_ONLY; ACTIVE VOLUME/LEVEL AND INFLOW CALIBRATION REQUIRED BEFORE E_NOM,PHYSICAL_RESERVOIR_ENERGY_VIEW; SUBSET_NON_ADDITIVE,OPEN_PHYSICAL_DATABASE,DERIVED_PHYSICAL_RESERVOIR_ENERGY,OPEN_PHYSICAL_DATABASE,SECONDARY_NON_CANONICAL,YES_AT_AGGREGATE_OR_DIFFERENT_GRAIN_ONLY,,PHYSICAL_ALLOCATION_EVIDENCE; GEOGRAPHY; CLASSIFICATION; PLAUSIBILITY CHECK; SENSITIVITY RESEARCH,PHYSICAL_EVIDENCE_ONLY,false,REQUIRES RECONCILIATION TO A DIRECT TERNA CONTROL AT THE SAME METRIC/GRAIN OR OTHER STRONG PRIMARY OPERATING EVIDENCE,UNCHANGED_SECONDARY_PHYSICAL_EVIDENCE,false
165,HDAM,HDAM,HNEW51,Centrale Pancrazio,4,Trentino Alto Adige,NORD,35,0,24.859091812,24859.091812,46.5649154668597,11.0558878543898,317.75,33,n/a,Alperia,Alperia,Alperia,,PHYSICAL INVENTORY INSTALLED CAPACITY; GROSS/NET BASIS NOT SPECIFIED,ELECTRICAL-EQUIVALENT RESERVOIR POTENTIAL ENERGY: REPORTED OR RECONSTRUCTED FROM BASIN VOLUME x WATER DENSITY x GRAVITY x AVERAGE HEAD x 87% TURBINE EFFICIENCY; ACTIVE/USABLE OPERATING RANGE NOT ESTABLISHED,ZENODO_14006948,raw/hydro_physical/Italian_Hydropower_Programmable_Plants_Database_v2_RAW.xlsx,9ba9b40399471e162d041b4a27b2da602c95bd38a5cfb07d2c4769205144f864,RAW_ROW_PRESERVED; OPEN-DATA VALUES NOT PROMOTED TO CANONICAL MEM INPUTS,FORMULA_RECONSTRUCTED_EXACT,24859.091813,1,,HYDRO_RESERVOIR_OR_BASIN_PROGRAMMABLE,OPEN DATABASE HWR/HDAM CLASS; TERNA BASIN-VS-RESERVOIR THRESHOLD NOT AVAILABLE AT PLANT LEVEL,MEDIUM_FOR_PROGRAMMABLE_RESERVOIR; UNRESOLVED_BASIN_VS_RESERVOIR,YES,NO,NATURALLY_CHARGED_STORE_PLUS_FIXED_TURBINE_LINK; FINAL E_NOM NOT YET APPROVED,NOT_ESTABLISHED,PHYSICS-BASED ELECTRICAL-EQUIVALENT BASIN ENERGY; NOT A CONFIRMED ACTIVE OPERATING RANGE,PHYSICAL_RESERVOIR_EVIDENCE_ONLY; ACTIVE VOLUME/LEVEL AND INFLOW CALIBRATION REQUIRED BEFORE E_NOM,PHYSICAL_RESERVOIR_ENERGY_VIEW; SUBSET_NON_ADDITIVE,OPEN_PHYSICAL_DATABASE,DERIVED_PHYSICAL_RESERVOIR_ENERGY,OPEN_PHYSICAL_DATABASE,SECONDARY_NON_CANONICAL,YES_AT_AGGREGATE_OR_DIFFERENT_GRAIN_ONLY,,PHYSICAL_ALLOCATION_EVIDENCE; GEOGRAPHY; CLASSIFICATION; PLAUSIBILITY CHECK; SENSITIVITY RESEARCH,PHYSICAL_EVIDENCE_ONLY,false,REQUIRES RECONCILIATION TO A DIRECT TERNA CONTROL AT THE SAME METRIC/GRAIN OR OTHER STRONG PRIMARY OPERATING EVIDENCE,UNCHANGED_SECONDARY_PHYSICAL_EVIDENCE,false
166,HDAM,HDAM,HNEW52,Centrale Fontana Bianca,4,Trentino Alto Adige,NORD,10.2,0,10.94319234,10943.19234,46.4842988561727,10.8278783520823,641.1,7.2,n/a,Alperia,Alperia,Mit,,PHYSICAL INVENTORY INSTALLED CAPACITY; GROSS/NET BASIS NOT SPECIFIED,ELECTRICAL-EQUIVALENT RESERVOIR POTENTIAL ENERGY: REPORTED OR RECONSTRUCTED FROM BASIN VOLUME x WATER DENSITY x GRAVITY x AVERAGE HEAD x 87% TURBINE EFFICIENCY; ACTIVE/USABLE OPERATING RANGE NOT ESTABLISHED,ZENODO_14006948,raw/hydro_physical/Italian_Hydropower_Programmable_Plants_Database_v2_RAW.xlsx,9ba9b40399471e162d041b4a27b2da602c95bd38a5cfb07d2c4769205144f864,RAW_ROW_PRESERVED; OPEN-DATA VALUES NOT PROMOTED TO CANONICAL MEM INPUTS,FORMULA_RECONSTRUCTED_EXACT,10943.19234,1,,HYDRO_RESERVOIR_OR_BASIN_PROGRAMMABLE,OPEN DATABASE HWR/HDAM CLASS; TERNA BASIN-VS-RESERVOIR THRESHOLD NOT AVAILABLE AT PLANT LEVEL,MEDIUM_FOR_PROGRAMMABLE_RESERVOIR; UNRESOLVED_BASIN_VS_RESERVOIR,YES,NO,NATURALLY_CHARGED_STORE_PLUS_FIXED_TURBINE_LINK; FINAL E_NOM NOT YET APPROVED,NOT_ESTABLISHED,PHYSICS-BASED ELECTRICAL-EQUIVALENT BASIN ENERGY; NOT A CONFIRMED ACTIVE OPERATING RANGE,PHYSICAL_RESERVOIR_EVIDENCE_ONLY; ACTIVE VOLUME/LEVEL AND INFLOW CALIBRATION REQUIRED BEFORE E_NOM,PHYSICAL_RESERVOIR_ENERGY_VIEW; SUBSET_NON_ADDITIVE,OPEN_PHYSICAL_DATABASE,DERIVED_PHYSICAL_RESERVOIR_ENERGY,OPEN_PHYSICAL_DATABASE,SECONDARY_NON_CANONICAL,YES_AT_AGGREGATE_OR_DIFFERENT_GRAIN_ONLY,,PHYSICAL_ALLOCATION_EVIDENCE; GEOGRAPHY; CLASSIFICATION; PLAUSIBILITY CHECK; SENSITIVITY RESEARCH,PHYSICAL_EVIDENCE_ONLY,false,REQUIRES RECONCILIATION TO A DIRECT TERNA CONTROL AT THE SAME METRIC/GRAIN OR OTHER STRONG PRIMARY OPERATING EVIDENCE,UNCHANGED_SECONDARY_PHYSICAL_EVIDENCE,false
167,HDAM,HDAM,HNEW53,Contributo lago Verde(cen Fontana Bianca) in Val d'Ultimo ,4,Trentino Alto Adige,NORD,0,0,26.043295662,26043.295662,46.4842988561727,10.8278783520823,1525.73,7.2,n/a,,,,,PHYSICAL INVENTORY INSTALLED CAPACITY; GROSS/NET BASIS NOT SPECIFIED,ELECTRICAL-EQUIVALENT RESERVOIR POTENTIAL ENERGY: REPORTED OR RECONSTRUCTED FROM BASIN VOLUME x WATER DENSITY x GRAVITY x AVERAGE HEAD x 87% TURBINE EFFICIENCY; ACTIVE/USABLE OPERATING RANGE NOT ESTABLISHED,ZENODO_14006948,raw/hydro_physical/Italian_Hydropower_Programmable_Plants_Database_v2_RAW.xlsx,9ba9b40399471e162d041b4a27b2da602c95bd38a5cfb07d2c4769205144f864,RAW_ROW_PRESERVED; OPEN-DATA VALUES NOT PROMOTED TO CANONICAL MEM INPUTS,FORMULA_RECONSTRUCTED_EXACT,26043.295662,1,,HYDRO_RESERVOIR_OR_BASIN_PROGRAMMABLE,OPEN DATABASE HWR/HDAM CLASS; TERNA BASIN-VS-RESERVOIR THRESHOLD NOT AVAILABLE AT PLANT LEVEL,MEDIUM_FOR_PROGRAMMABLE_RESERVOIR; UNRESOLVED_BASIN_VS_RESERVOIR,YES,NO,NATURALLY_CHARGED_STORE_PLUS_FIXED_TURBINE_LINK; FINAL E_NOM NOT YET APPROVED,NOT_ESTABLISHED,PHYSICS-BASED ELECTRICAL-EQUIVALENT BASIN ENERGY; NOT A CONFIRMED ACTIVE OPERATING RANGE,PHYSICAL_RESERVOIR_EVIDENCE_ONLY; ACTIVE VOLUME/LEVEL AND INFLOW CALIBRATION REQUIRED BEFORE E_NOM,PHYSICAL_RESERVOIR_ENERGY_VIEW; SUBSET_NON_ADDITIVE,OPEN_PHYSICAL_DATABASE,DERIVED_PHYSICAL_RESERVOIR_ENERGY,OPEN_PHYSICAL_DATABASE,SECONDARY_NON_CANONICAL,YES_AT_AGGREGATE_OR_DIFFERENT_GRAIN_ONLY,,PHYSICAL_ALLOCATION_EVIDENCE; GEOGRAPHY; CLASSIFICATION; PLAUSIBILITY CHECK; SENSITIVITY RESEARCH,PHYSICAL_EVIDENCE_ONLY,false,REQUIRES RECONCILIATION TO A DIRECT TERNA CONTROL AT THE SAME METRIC/GRAIN OR OTHER STRONG PRIMARY OPERATING EVIDENCE,UNCHANGED_SECONDARY_PHYSICAL_EVIDENCE,false
168,HDAM,HDAM,HNEW54,Contributo lago Fontana Bianca (cen Valburga) in Val d'Ultimo ,4,Trentino Alto Adige,NORD,0,0,2.396337505,2396.337505,46.5478079,11.0070771,795.9,1.27,n/a,,,,,PHYSICAL INVENTORY INSTALLED CAPACITY; GROSS/NET BASIS NOT SPECIFIED,ELECTRICAL-EQUIVALENT RESERVOIR POTENTIAL ENERGY: REPORTED OR RECONSTRUCTED FROM BASIN VOLUME x WATER DENSITY x GRAVITY x AVERAGE HEAD x 87% TURBINE EFFICIENCY; ACTIVE/USABLE OPERATING RANGE NOT ESTABLISHED,ZENODO_14006948,raw/hydro_physical/Italian_Hydropower_Programmable_Plants_Database_v2_RAW.xlsx,9ba9b40399471e162d041b4a27b2da602c95bd38a5cfb07d2c4769205144f864,RAW_ROW_PRESERVED; OPEN-DATA VALUES NOT PROMOTED TO CANONICAL MEM INPUTS,FORMULA_RECONSTRUCTED_EXACT,2396.337505,1,,HYDRO_RESERVOIR_OR_BASIN_PROGRAMMABLE,OPEN DATABASE HWR/HDAM CLASS; TERNA BASIN-VS-RESERVOIR THRESHOLD NOT AVAILABLE AT PLANT LEVEL,MEDIUM_FOR_PROGRAMMABLE_RESERVOIR; UNRESOLVED_BASIN_VS_RESERVOIR,YES,NO,NATURALLY_CHARGED_STORE_PLUS_FIXED_TURBINE_LINK; FINAL E_NOM NOT YET APPROVED,NOT_ESTABLISHED,PHYSICS-BASED ELECTRICAL-EQUIVALENT BASIN ENERGY; NOT A CONFIRMED ACTIVE OPERATING RANGE,PHYSICAL_RESERVOIR_EVIDENCE_ONLY; ACTIVE VOLUME/LEVEL AND INFLOW CALIBRATION REQUIRED BEFORE E_NOM,PHYSICAL_RESERVOIR_ENERGY_VIEW; SUBSET_NON_ADDITIVE,OPEN_PHYSICAL_DATABASE,DERIVED_PHYSICAL_RESERVOIR_ENERGY,OPEN_PHYSICAL_DATABASE,SECONDARY_NON_CANONICAL,YES_AT_AGGREGATE_OR_DIFFERENT_GRAIN_ONLY,,PHYSICAL_ALLOCATION_EVIDENCE; GEOGRAPHY; CLASSIFICATION; PLAUSIBILITY CHECK; SENSITIVITY RESEARCH,PHYSICAL_EVIDENCE_ONLY,false,REQUIRES RECONCILIATION TO A DIRECT TERNA CONTROL AT THE SAME METRIC/GRAIN OR OTHER STRONG PRIMARY OPERATING EVIDENCE,UNCHANGED_SECONDARY_PHYSICAL_EVIDENCE,false
169,HDAM,HDAM,HNEW55,Contributo lago Quaria(cen Pracomune) in Val d'Ultimo ,4,Trentino Alto Adige,NORD,0,0,46.299192288,46299.192288,46.4842988561727,10.8278783520823,1525.73,12.8,n/a,,,,,PHYSICAL INVENTORY INSTALLED CAPACITY; GROSS/NET BASIS NOT SPECIFIED,ELECTRICAL-EQUIVALENT RESERVOIR POTENTIAL ENERGY: REPORTED OR RECONSTRUCTED FROM BASIN VOLUME x WATER DENSITY x GRAVITY x AVERAGE HEAD x 87% TURBINE EFFICIENCY; ACTIVE/USABLE OPERATING RANGE NOT ESTABLISHED,ZENODO_14006948,raw/hydro_physical/Italian_Hydropower_Programmable_Plants_Database_v2_RAW.xlsx,9ba9b40399471e162d041b4a27b2da602c95bd38a5cfb07d2c4769205144f864,RAW_ROW_PRESERVED; OPEN-DATA VALUES NOT PROMOTED TO CANONICAL MEM INPUTS,FORMULA_RECONSTRUCTED_EXACT,46299.192288,1,,HYDRO_RESERVOIR_OR_BASIN_PROGRAMMABLE,OPEN DATABASE HWR/HDAM CLASS; TERNA BASIN-VS-RESERVOIR THRESHOLD NOT AVAILABLE AT PLANT LEVEL,MEDIUM_FOR_PROGRAMMABLE_RESERVOIR; UNRESOLVED_BASIN_VS_RESERVOIR,YES,NO,NATURALLY_CHARGED_STORE_PLUS_FIXED_TURBINE_LINK; FINAL E_NOM NOT YET APPROVED,NOT_ESTABLISHED,PHYSICS-BASED ELECTRICAL-EQUIVALENT BASIN ENERGY; NOT A CONFIRMED ACTIVE OPERATING RANGE,PHYSICAL_RESERVOIR_EVIDENCE_ONLY; ACTIVE VOLUME/LEVEL AND INFLOW CALIBRATION REQUIRED BEFORE E_NOM,PHYSICAL_RESERVOIR_ENERGY_VIEW; SUBSET_NON_ADDITIVE,OPEN_PHYSICAL_DATABASE,DERIVED_PHYSICAL_RESERVOIR_ENERGY,OPEN_PHYSICAL_DATABASE,SECONDARY_NON_CANONICAL,YES_AT_AGGREGATE_OR_DIFFERENT_GRAIN_ONLY,,PHYSICAL_ALLOCATION_EVIDENCE; GEOGRAPHY; CLASSIFICATION; PLAUSIBILITY CHECK; SENSITIVITY RESEARCH,PHYSICAL_EVIDENCE_ONLY,false,REQUIRES RECONCILIATION TO A DIRECT TERNA CONTROL AT THE SAME METRIC/GRAIN OR OTHER STRONG PRIMARY OPERATING EVIDENCE,UNCHANGED_SECONDARY_PHYSICAL_EVIDENCE,false
170,HDAM,HDAM,HNEW56,Contributo lago Zoccolo (cen Pancrazio) in Val d'Ultimo ,4,Trentino Alto Adige,NORD,0,0,37.407945712,37407.945712,46.5478079,11.0070771,478.15,33,n/a,,,,,PHYSICAL INVENTORY INSTALLED CAPACITY; GROSS/NET BASIS NOT SPECIFIED,ELECTRICAL-EQUIVALENT RESERVOIR POTENTIAL ENERGY: REPORTED OR RECONSTRUCTED FROM BASIN VOLUME x WATER DENSITY x GRAVITY x AVERAGE HEAD x 87% TURBINE EFFICIENCY; ACTIVE/USABLE OPERATING RANGE NOT ESTABLISHED,ZENODO_14006948,raw/hydro_physical/Italian_Hydropower_Programmable_Plants_Database_v2_RAW.xlsx,9ba9b40399471e162d041b4a27b2da602c95bd38a5cfb07d2c4769205144f864,RAW_ROW_PRESERVED; OPEN-DATA VALUES NOT PROMOTED TO CANONICAL MEM INPUTS,FORMULA_RECONSTRUCTED_EXACT,37407.945712,1,,HYDRO_RESERVOIR_OR_BASIN_PROGRAMMABLE,OPEN DATABASE HWR/HDAM CLASS; TERNA BASIN-VS-RESERVOIR THRESHOLD NOT AVAILABLE AT PLANT LEVEL,MEDIUM_FOR_PROGRAMMABLE_RESERVOIR; UNRESOLVED_BASIN_VS_RESERVOIR,YES,NO,NATURALLY_CHARGED_STORE_PLUS_FIXED_TURBINE_LINK; FINAL E_NOM NOT YET APPROVED,NOT_ESTABLISHED,PHYSICS-BASED ELECTRICAL-EQUIVALENT BASIN ENERGY; NOT A CONFIRMED ACTIVE OPERATING RANGE,PHYSICAL_RESERVOIR_EVIDENCE_ONLY; ACTIVE VOLUME/LEVEL AND INFLOW CALIBRATION REQUIRED BEFORE E_NOM,PHYSICAL_RESERVOIR_ENERGY_VIEW; SUBSET_NON_ADDITIVE,OPEN_PHYSICAL_DATABASE,DERIVED_PHYSICAL_RESERVOIR_ENERGY,OPEN_PHYSICAL_DATABASE,SECONDARY_NON_CANONICAL,YES_AT_AGGREGATE_OR_DIFFERENT_GRAIN_ONLY,,PHYSICAL_ALLOCATION_EVIDENCE; GEOGRAPHY; CLASSIFICATION; PLAUSIBILITY CHECK; SENSITIVITY RESEARCH,PHYSICAL_EVIDENCE_ONLY,false,REQUIRES RECONCILIATION TO A DIRECT TERNA CONTROL AT THE SAME METRIC/GRAIN OR OTHER STRONG PRIMARY OPERATING EVIDENCE,UNCHANGED_SECONDARY_PHYSICAL_EVIDENCE,false
171,HDAM,HDAM,HNEW57,Centrale malga Mare (Careser),4,Trentino Alto Adige,NORD,12,0,23.454540975,23454.540975,46.4146909378006,10.6816168967152,635,15.58,n/a,wikipedia,wikipedia,MIT,,PHYSICAL INVENTORY INSTALLED CAPACITY; GROSS/NET BASIS NOT SPECIFIED,ELECTRICAL-EQUIVALENT RESERVOIR POTENTIAL ENERGY: REPORTED OR RECONSTRUCTED FROM BASIN VOLUME x WATER DENSITY x GRAVITY x AVERAGE HEAD x 87% TURBINE EFFICIENCY; ACTIVE/USABLE OPERATING RANGE NOT ESTABLISHED,ZENODO_14006948,raw/hydro_physical/Italian_Hydropower_Programmable_Plants_Database_v2_RAW.xlsx,9ba9b40399471e162d041b4a27b2da602c95bd38a5cfb07d2c4769205144f864,RAW_ROW_PRESERVED; OPEN-DATA VALUES NOT PROMOTED TO CANONICAL MEM INPUTS,FORMULA_RECONSTRUCTED_EXACT,23454.540975,1,,HYDRO_RESERVOIR_OR_BASIN_PROGRAMMABLE,OPEN DATABASE HWR/HDAM CLASS; TERNA BASIN-VS-RESERVOIR THRESHOLD NOT AVAILABLE AT PLANT LEVEL,MEDIUM_FOR_PROGRAMMABLE_RESERVOIR; UNRESOLVED_BASIN_VS_RESERVOIR,YES,NO,NATURALLY_CHARGED_STORE_PLUS_FIXED_TURBINE_LINK; FINAL E_NOM NOT YET APPROVED,NOT_ESTABLISHED,PHYSICS-BASED ELECTRICAL-EQUIVALENT BASIN ENERGY; NOT A CONFIRMED ACTIVE OPERATING RANGE,PHYSICAL_RESERVOIR_EVIDENCE_ONLY; ACTIVE VOLUME/LEVEL AND INFLOW CALIBRATION REQUIRED BEFORE E_NOM,PHYSICAL_RESERVOIR_ENERGY_VIEW; SUBSET_NON_ADDITIVE,OPEN_PHYSICAL_DATABASE,DERIVED_PHYSICAL_RESERVOIR_ENERGY,OPEN_PHYSICAL_DATABASE,SECONDARY_NON_CANONICAL,YES_AT_AGGREGATE_OR_DIFFERENT_GRAIN_ONLY,,PHYSICAL_ALLOCATION_EVIDENCE; GEOGRAPHY; CLASSIFICATION; PLAUSIBILITY CHECK; SENSITIVITY RESEARCH,PHYSICAL_EVIDENCE_ONLY,false,REQUIRES RECONCILIATION TO A DIRECT TERNA CONTROL AT THE SAME METRIC/GRAIN OR OTHER STRONG PRIMARY OPERATING EVIDENCE,UNCHANGED_SECONDARY_PHYSICAL_EVIDENCE,false
172,HDAM,HDAM,HNEW58,Contributo lago Caraser(malga Mare) in Cogolo asta TRENT-3-VALSOLE,4,Trentino Alto Adige,NORD,0,0,28.108512885,28108.512885,46.4146909378006,10.6816168967152,761,15.58,n/a,,Progetto dighe,MIT,,PHYSICAL INVENTORY INSTALLED CAPACITY; GROSS/NET BASIS NOT SPECIFIED,ELECTRICAL-EQUIVALENT RESERVOIR POTENTIAL ENERGY: REPORTED OR RECONSTRUCTED FROM BASIN VOLUME x WATER DENSITY x GRAVITY x AVERAGE HEAD x 87% TURBINE EFFICIENCY; ACTIVE/USABLE OPERATING RANGE NOT ESTABLISHED,ZENODO_14006948,raw/hydro_physical/Italian_Hydropower_Programmable_Plants_Database_v2_RAW.xlsx,9ba9b40399471e162d041b4a27b2da602c95bd38a5cfb07d2c4769205144f864,RAW_ROW_PRESERVED; OPEN-DATA VALUES NOT PROMOTED TO CANONICAL MEM INPUTS,FORMULA_RECONSTRUCTED_EXACT,28108.512885,1,,HYDRO_RESERVOIR_OR_BASIN_PROGRAMMABLE,OPEN DATABASE HWR/HDAM CLASS; TERNA BASIN-VS-RESERVOIR THRESHOLD NOT AVAILABLE AT PLANT LEVEL,MEDIUM_FOR_PROGRAMMABLE_RESERVOIR; UNRESOLVED_BASIN_VS_RESERVOIR,YES,NO,NATURALLY_CHARGED_STORE_PLUS_FIXED_TURBINE_LINK; FINAL E_NOM NOT YET APPROVED,NOT_ESTABLISHED,PHYSICS-BASED ELECTRICAL-EQUIVALENT BASIN ENERGY; NOT A CONFIRMED ACTIVE OPERATING RANGE,PHYSICAL_RESERVOIR_EVIDENCE_ONLY; ACTIVE VOLUME/LEVEL AND INFLOW CALIBRATION REQUIRED BEFORE E_NOM,PHYSICAL_RESERVOIR_ENERGY_VIEW; SUBSET_NON_ADDITIVE,OPEN_PHYSICAL_DATABASE,DERIVED_PHYSICAL_RESERVOIR_ENERGY,OPEN_PHYSICAL_DATABASE,SECONDARY_NON_CANONICAL,YES_AT_AGGREGATE_OR_DIFFERENT_GRAIN_ONLY,,PHYSICAL_ALLOCATION_EVIDENCE; GEOGRAPHY; CLASSIFICATION; PLAUSIBILITY CHECK; SENSITIVITY RESEARCH,PHYSICAL_EVIDENCE_ONLY,false,REQUIRES RECONCILIATION TO A DIRECT TERNA CONTROL AT THE SAME METRIC/GRAIN OR OTHER STRONG PRIMARY OPERATING EVIDENCE,UNCHANGED_SECONDARY_PHYSICAL_EVIDENCE,false
173,HDAM,HDAM,HNEW59,Pozzolago,4,Trentino Alto Adige,NORD,8,0,5.165271563,5165.271563,46.1512374395994,11.2792408660585,581,3.75,n/a,Edison - https://www.edison.it/it/la-centrale-idroelettrica-pozzolago-tn,Edison - https://www.edison.it/it/la-centrale-idroelettrica-pozzolago-tn,MIT,Edison - https://www.edison.it/it/la-centrale-idroelettrica-pozzolago-tn,PHYSICAL INVENTORY INSTALLED CAPACITY; GROSS/NET BASIS NOT SPECIFIED,ELECTRICAL-EQUIVALENT RESERVOIR POTENTIAL ENERGY: REPORTED OR RECONSTRUCTED FROM BASIN VOLUME x WATER DENSITY x GRAVITY x AVERAGE HEAD x 87% TURBINE EFFICIENCY; ACTIVE/USABLE OPERATING RANGE NOT ESTABLISHED,ZENODO_14006948,raw/hydro_physical/Italian_Hydropower_Programmable_Plants_Database_v2_RAW.xlsx,9ba9b40399471e162d041b4a27b2da602c95bd38a5cfb07d2c4769205144f864,RAW_ROW_PRESERVED; OPEN-DATA VALUES NOT PROMOTED TO CANONICAL MEM INPUTS,FORMULA_RECONSTRUCTED_EXACT,5165.271563,1,,HYDRO_RESERVOIR_OR_BASIN_PROGRAMMABLE,OPEN DATABASE HWR/HDAM CLASS; TERNA BASIN-VS-RESERVOIR THRESHOLD NOT AVAILABLE AT PLANT LEVEL,MEDIUM_FOR_PROGRAMMABLE_RESERVOIR; UNRESOLVED_BASIN_VS_RESERVOIR,YES,NO,NATURALLY_CHARGED_STORE_PLUS_FIXED_TURBINE_LINK; FINAL E_NOM NOT YET APPROVED,NOT_ESTABLISHED,PHYSICS-BASED ELECTRICAL-EQUIVALENT BASIN ENERGY; NOT A CONFIRMED ACTIVE OPERATING RANGE,PHYSICAL_RESERVOIR_EVIDENCE_ONLY; ACTIVE VOLUME/LEVEL AND INFLOW CALIBRATION REQUIRED BEFORE E_NOM,PHYSICAL_RESERVOIR_ENERGY_VIEW; SUBSET_NON_ADDITIVE,OPEN_PHYSICAL_DATABASE,DERIVED_PHYSICAL_RESERVOIR_ENERGY,OPEN_PHYSICAL_DATABASE,SECONDARY_NON_CANONICAL,YES_AT_AGGREGATE_OR_DIFFERENT_GRAIN_ONLY,,PHYSICAL_ALLOCATION_EVIDENCE; GEOGRAPHY; CLASSIFICATION; PLAUSIBILITY CHECK; SENSITIVITY RESEARCH,PHYSICAL_EVIDENCE_ONLY,false,REQUIRES RECONCILIATION TO A DIRECT TERNA CONTROL AT THE SAME METRIC/GRAIN OR OTHER STRONG PRIMARY OPERATING EVIDENCE,UNCHANGED_SECONDARY_PHYSICAL_EVIDENCE,false
174,HDAM,HDAM,HNEW60 ,Stramentizzo -San FLORIANo,4,Trentino Alto Adige,NORD,71.3,0,15.5947935,15594.7935,46.290466,11.245401,572,11.5,n/a,,Other - https://www.sfenergy.eu/la-centrale.html,Other - https://www.sfenergy.eu/la-centrale.html,,PHYSICAL INVENTORY INSTALLED CAPACITY; GROSS/NET BASIS NOT SPECIFIED,ELECTRICAL-EQUIVALENT RESERVOIR POTENTIAL ENERGY: REPORTED OR RECONSTRUCTED FROM BASIN VOLUME x WATER DENSITY x GRAVITY x AVERAGE HEAD x 87% TURBINE EFFICIENCY; ACTIVE/USABLE OPERATING RANGE NOT ESTABLISHED,ZENODO_14006948,raw/hydro_physical/Italian_Hydropower_Programmable_Plants_Database_v2_RAW.xlsx,9ba9b40399471e162d041b4a27b2da602c95bd38a5cfb07d2c4769205144f864,RAW_ROW_PRESERVED; OPEN-DATA VALUES NOT PROMOTED TO CANONICAL MEM INPUTS,FORMULA_RECONSTRUCTED_EXACT,15594.7935,1,,HYDRO_RESERVOIR_OR_BASIN_PROGRAMMABLE,OPEN DATABASE HWR/HDAM CLASS; TERNA BASIN-VS-RESERVOIR THRESHOLD NOT AVAILABLE AT PLANT LEVEL,MEDIUM_FOR_PROGRAMMABLE_RESERVOIR; UNRESOLVED_BASIN_VS_RESERVOIR,YES,NO,NATURALLY_CHARGED_STORE_PLUS_FIXED_TURBINE_LINK; FINAL E_NOM NOT YET APPROVED,NOT_ESTABLISHED,PHYSICS-BASED ELECTRICAL-EQUIVALENT BASIN ENERGY; NOT A CONFIRMED ACTIVE OPERATING RANGE,PHYSICAL_RESERVOIR_EVIDENCE_ONLY; ACTIVE VOLUME/LEVEL AND INFLOW CALIBRATION REQUIRED BEFORE E_NOM,PHYSICAL_RESERVOIR_ENERGY_VIEW; SUBSET_NON_ADDITIVE,OPEN_PHYSICAL_DATABASE,DERIVED_PHYSICAL_RESERVOIR_ENERGY,OPEN_PHYSICAL_DATABASE,SECONDARY_NON_CANONICAL,YES_AT_AGGREGATE_OR_DIFFERENT_GRAIN_ONLY,,PHYSICAL_ALLOCATION_EVIDENCE; GEOGRAPHY; CLASSIFICATION; PLAUSIBILITY CHECK; SENSITIVITY RESEARCH,PHYSICAL_EVIDENCE_ONLY,false,REQUIRES RECONCILIATION TO A DIRECT TERNA CONTROL AT THE SAME METRIC/GRAIN OR OTHER STRONG PRIMARY OPERATING EVIDENCE,UNCHANGED_SECONDARY_PHYSICAL_EVIDENCE,false
175,HDAM,HDAM,HGNEW61,Centrale Maso Corona- Speccheri,4,Trentino Alto Adige,NORD,9,0,15.45267818,15452.67818,45.765372847046,11.1351723134029,640.91,10.17,n/a,Other -  https://www.bimtrento.it/ita/Il-Territorio/Centrali/La-centrale-di-Speccheri,,MIT,,PHYSICAL INVENTORY INSTALLED CAPACITY; GROSS/NET BASIS NOT SPECIFIED,ELECTRICAL-EQUIVALENT RESERVOIR POTENTIAL ENERGY: REPORTED OR RECONSTRUCTED FROM BASIN VOLUME x WATER DENSITY x GRAVITY x AVERAGE HEAD x 87% TURBINE EFFICIENCY; ACTIVE/USABLE OPERATING RANGE NOT ESTABLISHED,ZENODO_14006948,raw/hydro_physical/Italian_Hydropower_Programmable_Plants_Database_v2_RAW.xlsx,9ba9b40399471e162d041b4a27b2da602c95bd38a5cfb07d2c4769205144f864,RAW_ROW_PRESERVED; OPEN-DATA VALUES NOT PROMOTED TO CANONICAL MEM INPUTS,FORMULA_RECONSTRUCTED_EXACT,15452.67818,1,,HYDRO_RESERVOIR_OR_BASIN_PROGRAMMABLE,OPEN DATABASE HWR/HDAM CLASS; TERNA BASIN-VS-RESERVOIR THRESHOLD NOT AVAILABLE AT PLANT LEVEL,MEDIUM_FOR_PROGRAMMABLE_RESERVOIR; UNRESOLVED_BASIN_VS_RESERVOIR,YES,NO,NATURALLY_CHARGED_STORE_PLUS_FIXED_TURBINE_LINK; FINAL E_NOM NOT YET APPROVED,NOT_ESTABLISHED,PHYSICS-BASED ELECTRICAL-EQUIVALENT BASIN ENERGY; NOT A CONFIRMED ACTIVE OPERATING RANGE,PHYSICAL_RESERVOIR_EVIDENCE_ONLY; ACTIVE VOLUME/LEVEL AND INFLOW CALIBRATION REQUIRED BEFORE E_NOM,PHYSICAL_RESERVOIR_ENERGY_VIEW; SUBSET_NON_ADDITIVE,OPEN_PHYSICAL_DATABASE,DERIVED_PHYSICAL_RESERVOIR_ENERGY,OPEN_PHYSICAL_DATABASE,SECONDARY_NON_CANONICAL,YES_AT_AGGREGATE_OR_DIFFERENT_GRAIN_ONLY,,PHYSICAL_ALLOCATION_EVIDENCE; GEOGRAPHY; CLASSIFICATION; PLAUSIBILITY CHECK; SENSITIVITY RESEARCH,PHYSICAL_EVIDENCE_ONLY,false,REQUIRES RECONCILIATION TO A DIRECT TERNA CONTROL AT THE SAME METRIC/GRAIN OR OTHER STRONG PRIMARY OPERATING EVIDENCE,UNCHANGED_SECONDARY_PHYSICAL_EVIDENCE,false
176,HDAM,HDAM,HNEW62,Valina ( ca' Zul),6,Friuli Venezia Giulia,NORD,8,0,2.607825,2607.825,46.2947811210544,12.7112141371043,100,11,n/a,Other - https://moodle2.units.it/pluginfile.php/250778/mod_resource/content/1/Lezioni_IDRO_TS_Pinamonti_2019_R.pdf,Google Earth,MIT,,PHYSICAL INVENTORY INSTALLED CAPACITY; GROSS/NET BASIS NOT SPECIFIED,ELECTRICAL-EQUIVALENT RESERVOIR POTENTIAL ENERGY: REPORTED OR RECONSTRUCTED FROM BASIN VOLUME x WATER DENSITY x GRAVITY x AVERAGE HEAD x 87% TURBINE EFFICIENCY; ACTIVE/USABLE OPERATING RANGE NOT ESTABLISHED,ZENODO_14006948,raw/hydro_physical/Italian_Hydropower_Programmable_Plants_Database_v2_RAW.xlsx,9ba9b40399471e162d041b4a27b2da602c95bd38a5cfb07d2c4769205144f864,RAW_ROW_PRESERVED; OPEN-DATA VALUES NOT PROMOTED TO CANONICAL MEM INPUTS,FORMULA_RECONSTRUCTED_EXACT,2607.825,1,,HYDRO_RESERVOIR_OR_BASIN_PROGRAMMABLE,OPEN DATABASE HWR/HDAM CLASS; TERNA BASIN-VS-RESERVOIR THRESHOLD NOT AVAILABLE AT PLANT LEVEL,MEDIUM_FOR_PROGRAMMABLE_RESERVOIR; UNRESOLVED_BASIN_VS_RESERVOIR,YES,NO,NATURALLY_CHARGED_STORE_PLUS_FIXED_TURBINE_LINK; FINAL E_NOM NOT YET APPROVED,NOT_ESTABLISHED,PHYSICS-BASED ELECTRICAL-EQUIVALENT BASIN ENERGY; NOT A CONFIRMED ACTIVE OPERATING RANGE,PHYSICAL_RESERVOIR_EVIDENCE_ONLY; ACTIVE VOLUME/LEVEL AND INFLOW CALIBRATION REQUIRED BEFORE E_NOM,PHYSICAL_RESERVOIR_ENERGY_VIEW; SUBSET_NON_ADDITIVE,OPEN_PHYSICAL_DATABASE,DERIVED_PHYSICAL_RESERVOIR_ENERGY,OPEN_PHYSICAL_DATABASE,SECONDARY_NON_CANONICAL,YES_AT_AGGREGATE_OR_DIFFERENT_GRAIN_ONLY,,PHYSICAL_ALLOCATION_EVIDENCE; GEOGRAPHY; CLASSIFICATION; PLAUSIBILITY CHECK; SENSITIVITY RESEARCH,PHYSICAL_EVIDENCE_ONLY,false,REQUIRES RECONCILIATION TO A DIRECT TERNA CONTROL AT THE SAME METRIC/GRAIN OR OTHER STRONG PRIMARY OPERATING EVIDENCE,UNCHANGED_SECONDARY_PHYSICAL_EVIDENCE,false
177,HDAM,HDAM,HNEW63,Barcis,6,Friuli Venezia Giulia,NORD,25,0,1.514269147,1514.269147,46.1890717896691,12.5967672747616,47,13.59,n/a,Edison,Progetto dighe,MIT,,PHYSICAL INVENTORY INSTALLED CAPACITY; GROSS/NET BASIS NOT SPECIFIED,ELECTRICAL-EQUIVALENT RESERVOIR POTENTIAL ENERGY: REPORTED OR RECONSTRUCTED FROM BASIN VOLUME x WATER DENSITY x GRAVITY x AVERAGE HEAD x 87% TURBINE EFFICIENCY; ACTIVE/USABLE OPERATING RANGE NOT ESTABLISHED,ZENODO_14006948,raw/hydro_physical/Italian_Hydropower_Programmable_Plants_Database_v2_RAW.xlsx,9ba9b40399471e162d041b4a27b2da602c95bd38a5cfb07d2c4769205144f864,RAW_ROW_PRESERVED; OPEN-DATA VALUES NOT PROMOTED TO CANONICAL MEM INPUTS,FORMULA_RECONSTRUCTED_EXACT,1514.269148,1,,HYDRO_RESERVOIR_OR_BASIN_PROGRAMMABLE,OPEN DATABASE HWR/HDAM CLASS; TERNA BASIN-VS-RESERVOIR THRESHOLD NOT AVAILABLE AT PLANT LEVEL,MEDIUM_FOR_PROGRAMMABLE_RESERVOIR; UNRESOLVED_BASIN_VS_RESERVOIR,YES,NO,NATURALLY_CHARGED_STORE_PLUS_FIXED_TURBINE_LINK; FINAL E_NOM NOT YET APPROVED,NOT_ESTABLISHED,PHYSICS-BASED ELECTRICAL-EQUIVALENT BASIN ENERGY; NOT A CONFIRMED ACTIVE OPERATING RANGE,PHYSICAL_RESERVOIR_EVIDENCE_ONLY; ACTIVE VOLUME/LEVEL AND INFLOW CALIBRATION REQUIRED BEFORE E_NOM,PHYSICAL_RESERVOIR_ENERGY_VIEW; SUBSET_NON_ADDITIVE,OPEN_PHYSICAL_DATABASE,DERIVED_PHYSICAL_RESERVOIR_ENERGY,OPEN_PHYSICAL_DATABASE,SECONDARY_NON_CANONICAL,YES_AT_AGGREGATE_OR_DIFFERENT_GRAIN_ONLY,,PHYSICAL_ALLOCATION_EVIDENCE; GEOGRAPHY; CLASSIFICATION; PLAUSIBILITY CHECK; SENSITIVITY RESEARCH,PHYSICAL_EVIDENCE_ONLY,false,REQUIRES RECONCILIATION TO A DIRECT TERNA CONTROL AT THE SAME METRIC/GRAIN OR OTHER STRONG PRIMARY OPERATING EVIDENCE,UNCHANGED_SECONDARY_PHYSICAL_EVIDENCE,false
178,HDAM,HDAM,HNEW64,Ponte Giulio-Ravedis,6,Friuli Venezia Giulia,NORD,16.3,0,2.4229065,2422.9065,46.1356343979523,12.6789522351458,73,14,n/a,Other - https://moodle2.units.it/pluginfile.php/250778/mod_resource/content/1/Lezioni_IDRO_TS_Pinamonti_2019_R.pdf,Other - https://moodle2.units.it/pluginfile.php/250778/mod_resource/content/1/Lezioni_IDRO_TS_Pinamonti_2019_R.pdf,MIT,,PHYSICAL INVENTORY INSTALLED CAPACITY; GROSS/NET BASIS NOT SPECIFIED,ELECTRICAL-EQUIVALENT RESERVOIR POTENTIAL ENERGY: REPORTED OR RECONSTRUCTED FROM BASIN VOLUME x WATER DENSITY x GRAVITY x AVERAGE HEAD x 87% TURBINE EFFICIENCY; ACTIVE/USABLE OPERATING RANGE NOT ESTABLISHED,ZENODO_14006948,raw/hydro_physical/Italian_Hydropower_Programmable_Plants_Database_v2_RAW.xlsx,9ba9b40399471e162d041b4a27b2da602c95bd38a5cfb07d2c4769205144f864,RAW_ROW_PRESERVED; OPEN-DATA VALUES NOT PROMOTED TO CANONICAL MEM INPUTS,FORMULA_RECONSTRUCTED_EXACT,2422.9065,1,,HYDRO_RESERVOIR_OR_BASIN_PROGRAMMABLE,OPEN DATABASE HWR/HDAM CLASS; TERNA BASIN-VS-RESERVOIR THRESHOLD NOT AVAILABLE AT PLANT LEVEL,MEDIUM_FOR_PROGRAMMABLE_RESERVOIR; UNRESOLVED_BASIN_VS_RESERVOIR,YES,NO,NATURALLY_CHARGED_STORE_PLUS_FIXED_TURBINE_LINK; FINAL E_NOM NOT YET APPROVED,NOT_ESTABLISHED,PHYSICS-BASED ELECTRICAL-EQUIVALENT BASIN ENERGY; NOT A CONFIRMED ACTIVE OPERATING RANGE,PHYSICAL_RESERVOIR_EVIDENCE_ONLY; ACTIVE VOLUME/LEVEL AND INFLOW CALIBRATION REQUIRED BEFORE E_NOM,PHYSICAL_RESERVOIR_ENERGY_VIEW; SUBSET_NON_ADDITIVE,OPEN_PHYSICAL_DATABASE,DERIVED_PHYSICAL_RESERVOIR_ENERGY,OPEN_PHYSICAL_DATABASE,SECONDARY_NON_CANONICAL,YES_AT_AGGREGATE_OR_DIFFERENT_GRAIN_ONLY,,PHYSICAL_ALLOCATION_EVIDENCE; GEOGRAPHY; CLASSIFICATION; PLAUSIBILITY CHECK; SENSITIVITY RESEARCH,PHYSICAL_EVIDENCE_ONLY,false,REQUIRES RECONCILIATION TO A DIRECT TERNA CONTROL AT THE SAME METRIC/GRAIN OR OTHER STRONG PRIMARY OPERATING EVIDENCE,UNCHANGED_SECONDARY_PHYSICAL_EVIDENCE,false
179,HDAM,HDAM,HNEW65,Contributo Barcis in Ravedis,6,Friuli Venezia Giulia,NORD,0,0,2.351949953,2351.949953,46.1890717896691,12.5967672747616,73,13.59,n/a,,,,,PHYSICAL INVENTORY INSTALLED CAPACITY; GROSS/NET BASIS NOT SPECIFIED,ELECTRICAL-EQUIVALENT RESERVOIR POTENTIAL ENERGY: REPORTED OR RECONSTRUCTED FROM BASIN VOLUME x WATER DENSITY x GRAVITY x AVERAGE HEAD x 87% TURBINE EFFICIENCY; ACTIVE/USABLE OPERATING RANGE NOT ESTABLISHED,ZENODO_14006948,raw/hydro_physical/Italian_Hydropower_Programmable_Plants_Database_v2_RAW.xlsx,9ba9b40399471e162d041b4a27b2da602c95bd38a5cfb07d2c4769205144f864,RAW_ROW_PRESERVED; OPEN-DATA VALUES NOT PROMOTED TO CANONICAL MEM INPUTS,FORMULA_RECONSTRUCTED_EXACT,2351.949953,1,,HYDRO_RESERVOIR_OR_BASIN_PROGRAMMABLE,OPEN DATABASE HWR/HDAM CLASS; TERNA BASIN-VS-RESERVOIR THRESHOLD NOT AVAILABLE AT PLANT LEVEL,MEDIUM_FOR_PROGRAMMABLE_RESERVOIR; UNRESOLVED_BASIN_VS_RESERVOIR,YES,NO,NATURALLY_CHARGED_STORE_PLUS_FIXED_TURBINE_LINK; FINAL E_NOM NOT YET APPROVED,NOT_ESTABLISHED,PHYSICS-BASED ELECTRICAL-EQUIVALENT BASIN ENERGY; NOT A CONFIRMED ACTIVE OPERATING RANGE,PHYSICAL_RESERVOIR_EVIDENCE_ONLY; ACTIVE VOLUME/LEVEL AND INFLOW CALIBRATION REQUIRED BEFORE E_NOM,PHYSICAL_RESERVOIR_ENERGY_VIEW; SUBSET_NON_ADDITIVE,OPEN_PHYSICAL_DATABASE,DERIVED_PHYSICAL_RESERVOIR_ENERGY,OPEN_PHYSICAL_DATABASE,SECONDARY_NON_CANONICAL,YES_AT_AGGREGATE_OR_DIFFERENT_GRAIN_ONLY,,PHYSICAL_ALLOCATION_EVIDENCE; GEOGRAPHY; CLASSIFICATION; PLAUSIBILITY CHECK; SENSITIVITY RESEARCH,PHYSICAL_EVIDENCE_ONLY,false,REQUIRES RECONCILIATION TO A DIRECT TERNA CONTROL AT THE SAME METRIC/GRAIN OR OTHER STRONG PRIMARY OPERATING EVIDENCE,UNCHANGED_SECONDARY_PHYSICAL_EVIDENCE,false
180,HDAM,HDAM,HNEW66,Contributo Valina in Chievolis asta FRIU-2,6,Friuli Venezia Giulia,NORD,0,0,3.98997225,3989.97225,46.2947811210544,12.7112141371043,153,11,n/a,,,,,PHYSICAL INVENTORY INSTALLED CAPACITY; GROSS/NET BASIS NOT SPECIFIED,ELECTRICAL-EQUIVALENT RESERVOIR POTENTIAL ENERGY: REPORTED OR RECONSTRUCTED FROM BASIN VOLUME x WATER DENSITY x GRAVITY x AVERAGE HEAD x 87% TURBINE EFFICIENCY; ACTIVE/USABLE OPERATING RANGE NOT ESTABLISHED,ZENODO_14006948,raw/hydro_physical/Italian_Hydropower_Programmable_Plants_Database_v2_RAW.xlsx,9ba9b40399471e162d041b4a27b2da602c95bd38a5cfb07d2c4769205144f864,RAW_ROW_PRESERVED; OPEN-DATA VALUES NOT PROMOTED TO CANONICAL MEM INPUTS,FORMULA_RECONSTRUCTED_EXACT,3989.97225,1,,HYDRO_RESERVOIR_OR_BASIN_PROGRAMMABLE,OPEN DATABASE HWR/HDAM CLASS; TERNA BASIN-VS-RESERVOIR THRESHOLD NOT AVAILABLE AT PLANT LEVEL,MEDIUM_FOR_PROGRAMMABLE_RESERVOIR; UNRESOLVED_BASIN_VS_RESERVOIR,YES,NO,NATURALLY_CHARGED_STORE_PLUS_FIXED_TURBINE_LINK; FINAL E_NOM NOT YET APPROVED,NOT_ESTABLISHED,PHYSICS-BASED ELECTRICAL-EQUIVALENT BASIN ENERGY; NOT A CONFIRMED ACTIVE OPERATING RANGE,PHYSICAL_RESERVOIR_EVIDENCE_ONLY; ACTIVE VOLUME/LEVEL AND INFLOW CALIBRATION REQUIRED BEFORE E_NOM,PHYSICAL_RESERVOIR_ENERGY_VIEW; SUBSET_NON_ADDITIVE,OPEN_PHYSICAL_DATABASE,DERIVED_PHYSICAL_RESERVOIR_ENERGY,OPEN_PHYSICAL_DATABASE,SECONDARY_NON_CANONICAL,YES_AT_AGGREGATE_OR_DIFFERENT_GRAIN_ONLY,,PHYSICAL_ALLOCATION_EVIDENCE; GEOGRAPHY; CLASSIFICATION; PLAUSIBILITY CHECK; SENSITIVITY RESEARCH,PHYSICAL_EVIDENCE_ONLY,false,REQUIRES RECONCILIATION TO A DIRECT TERNA CONTROL AT THE SAME METRIC/GRAIN OR OTHER STRONG PRIMARY OPERATING EVIDENCE,UNCHANGED_SECONDARY_PHYSICAL_EVIDENCE,false
181,HDAM,HDAM,HNEW67,Bilancino-PowerAcqua,9,Toscana,CNOR,2,0,4.9074525,4907.4525,43.9739820780542,11.2894072898362,30,69,n/a,Other - https://www.publiacqua.it/acqua-territorio/impianti-stabilimenti/mugello,Other - https://www.publiacqua.it/acqua-territorio/impianti-stabilimenti/mugello,MIT,https://www.publiacqua.it/acqua-territorio/impianti-stabilimenti/mugello,PHYSICAL INVENTORY INSTALLED CAPACITY; GROSS/NET BASIS NOT SPECIFIED,ELECTRICAL-EQUIVALENT RESERVOIR POTENTIAL ENERGY: REPORTED OR RECONSTRUCTED FROM BASIN VOLUME x WATER DENSITY x GRAVITY x AVERAGE HEAD x 87% TURBINE EFFICIENCY; ACTIVE/USABLE OPERATING RANGE NOT ESTABLISHED,ZENODO_14006948,raw/hydro_physical/Italian_Hydropower_Programmable_Plants_Database_v2_RAW.xlsx,9ba9b40399471e162d041b4a27b2da602c95bd38a5cfb07d2c4769205144f864,RAW_ROW_PRESERVED; OPEN-DATA VALUES NOT PROMOTED TO CANONICAL MEM INPUTS,FORMULA_RECONSTRUCTED_EXACT,4907.4525,1,,HYDRO_RESERVOIR_OR_BASIN_PROGRAMMABLE,OPEN DATABASE HWR/HDAM CLASS; TERNA BASIN-VS-RESERVOIR THRESHOLD NOT AVAILABLE AT PLANT LEVEL,MEDIUM_FOR_PROGRAMMABLE_RESERVOIR; UNRESOLVED_BASIN_VS_RESERVOIR,YES,NO,NATURALLY_CHARGED_STORE_PLUS_FIXED_TURBINE_LINK; FINAL E_NOM NOT YET APPROVED,NOT_ESTABLISHED,PHYSICS-BASED ELECTRICAL-EQUIVALENT BASIN ENERGY; NOT A CONFIRMED ACTIVE OPERATING RANGE,PHYSICAL_RESERVOIR_EVIDENCE_ONLY; ACTIVE VOLUME/LEVEL AND INFLOW CALIBRATION REQUIRED BEFORE E_NOM,PHYSICAL_RESERVOIR_ENERGY_VIEW; SUBSET_NON_ADDITIVE,OPEN_PHYSICAL_DATABASE,DERIVED_PHYSICAL_RESERVOIR_ENERGY,OPEN_PHYSICAL_DATABASE,SECONDARY_NON_CANONICAL,YES_AT_AGGREGATE_OR_DIFFERENT_GRAIN_ONLY,,PHYSICAL_ALLOCATION_EVIDENCE; GEOGRAPHY; CLASSIFICATION; PLAUSIBILITY CHECK; SENSITIVITY RESEARCH,PHYSICAL_EVIDENCE_ONLY,false,REQUIRES RECONCILIATION TO A DIRECT TERNA CONTROL AT THE SAME METRIC/GRAIN OR OTHER STRONG PRIMARY OPERATING EVIDENCE,UNCHANGED_SECONDARY_PHYSICAL_EVIDENCE,false
182,HDAM,HDAM,HNEW68,La Penna,9,Toscana,CNOR,25,0,1.13796,1137.96,43.5013594540393,11.7391568080385,30,16,n/a,entso-e,Google Earth,MIT,,PHYSICAL INVENTORY INSTALLED CAPACITY; GROSS/NET BASIS NOT SPECIFIED,ELECTRICAL-EQUIVALENT RESERVOIR POTENTIAL ENERGY: REPORTED OR RECONSTRUCTED FROM BASIN VOLUME x WATER DENSITY x GRAVITY x AVERAGE HEAD x 87% TURBINE EFFICIENCY; ACTIVE/USABLE OPERATING RANGE NOT ESTABLISHED,ZENODO_14006948,raw/hydro_physical/Italian_Hydropower_Programmable_Plants_Database_v2_RAW.xlsx,9ba9b40399471e162d041b4a27b2da602c95bd38a5cfb07d2c4769205144f864,RAW_ROW_PRESERVED; OPEN-DATA VALUES NOT PROMOTED TO CANONICAL MEM INPUTS,FORMULA_RECONSTRUCTED_EXACT,1137.96,1,,HYDRO_RESERVOIR_OR_BASIN_PROGRAMMABLE,OPEN DATABASE HWR/HDAM CLASS; TERNA BASIN-VS-RESERVOIR THRESHOLD NOT AVAILABLE AT PLANT LEVEL,MEDIUM_FOR_PROGRAMMABLE_RESERVOIR; UNRESOLVED_BASIN_VS_RESERVOIR,YES,NO,NATURALLY_CHARGED_STORE_PLUS_FIXED_TURBINE_LINK; FINAL E_NOM NOT YET APPROVED,NOT_ESTABLISHED,PHYSICS-BASED ELECTRICAL-EQUIVALENT BASIN ENERGY; NOT A CONFIRMED ACTIVE OPERATING RANGE,PHYSICAL_RESERVOIR_EVIDENCE_ONLY; ACTIVE VOLUME/LEVEL AND INFLOW CALIBRATION REQUIRED BEFORE E_NOM,PHYSICAL_RESERVOIR_ENERGY_VIEW; SUBSET_NON_ADDITIVE,OPEN_PHYSICAL_DATABASE,DERIVED_PHYSICAL_RESERVOIR_ENERGY,OPEN_PHYSICAL_DATABASE,SECONDARY_NON_CANONICAL,YES_AT_AGGREGATE_OR_DIFFERENT_GRAIN_ONLY,,PHYSICAL_ALLOCATION_EVIDENCE; GEOGRAPHY; CLASSIFICATION; PLAUSIBILITY CHECK; SENSITIVITY RESEARCH,PHYSICAL_EVIDENCE_ONLY,false,REQUIRES RECONCILIATION TO A DIRECT TERNA CONTROL AT THE SAME METRIC/GRAIN OR OTHER STRONG PRIMARY OPERATING EVIDENCE,UNCHANGED_SECONDARY_PHYSICAL_EVIDENCE,false
183,HDAM,HDAM,HNEW69,Rocchetta,9,Toscana,CNOR,3,0,0.4030275,403.0275,44.3261921042089,9.84794969608842,34,5,n/a,Edidon,Google Earth,MIT,Edison,PHYSICAL INVENTORY INSTALLED CAPACITY; GROSS/NET BASIS NOT SPECIFIED,ELECTRICAL-EQUIVALENT RESERVOIR POTENTIAL ENERGY: REPORTED OR RECONSTRUCTED FROM BASIN VOLUME x WATER DENSITY x GRAVITY x AVERAGE HEAD x 87% TURBINE EFFICIENCY; ACTIVE/USABLE OPERATING RANGE NOT ESTABLISHED,ZENODO_14006948,raw/hydro_physical/Italian_Hydropower_Programmable_Plants_Database_v2_RAW.xlsx,9ba9b40399471e162d041b4a27b2da602c95bd38a5cfb07d2c4769205144f864,RAW_ROW_PRESERVED; OPEN-DATA VALUES NOT PROMOTED TO CANONICAL MEM INPUTS,FORMULA_RECONSTRUCTED_EXACT,403.0275,1,,HYDRO_RESERVOIR_OR_BASIN_PROGRAMMABLE,OPEN DATABASE HWR/HDAM CLASS; TERNA BASIN-VS-RESERVOIR THRESHOLD NOT AVAILABLE AT PLANT LEVEL,MEDIUM_FOR_PROGRAMMABLE_RESERVOIR; UNRESOLVED_BASIN_VS_RESERVOIR,YES,NO,NATURALLY_CHARGED_STORE_PLUS_FIXED_TURBINE_LINK; FINAL E_NOM NOT YET APPROVED,NOT_ESTABLISHED,PHYSICS-BASED ELECTRICAL-EQUIVALENT BASIN ENERGY; NOT A CONFIRMED ACTIVE OPERATING RANGE,PHYSICAL_RESERVOIR_EVIDENCE_ONLY; ACTIVE VOLUME/LEVEL AND INFLOW CALIBRATION REQUIRED BEFORE E_NOM,PHYSICAL_RESERVOIR_ENERGY_VIEW; SUBSET_NON_ADDITIVE,OPEN_PHYSICAL_DATABASE,DERIVED_PHYSICAL_RESERVOIR_ENERGY,OPEN_PHYSICAL_DATABASE,SECONDARY_NON_CANONICAL,YES_AT_AGGREGATE_OR_DIFFERENT_GRAIN_ONLY,,PHYSICAL_ALLOCATION_EVIDENCE; GEOGRAPHY; CLASSIFICATION; PLAUSIBILITY CHECK; SENSITIVITY RESEARCH,PHYSICAL_EVIDENCE_ONLY,false,REQUIRES RECONCILIATION TO A DIRECT TERNA CONTROL AT THE SAME METRIC/GRAIN OR OTHER STRONG PRIMARY OPERATING EVIDENCE,UNCHANGED_SECONDARY_PHYSICAL_EVIDENCE,false
184,HDAM,HDAM,HNEW70,Teglia II Salto,9,Toscana,CNOR,6.5,0,0,0,44.375151,9.878882,35,0,3816,Edison - https://www.edison.it/it/la-centrale-idroelettrica-teglia-ms,Edison - https://www.edison.it/it/la-centrale-idroelettrica-teglia-ms,MIT,,PHYSICAL INVENTORY INSTALLED CAPACITY; GROSS/NET BASIS NOT SPECIFIED,ELECTRICAL-EQUIVALENT RESERVOIR POTENTIAL ENERGY: REPORTED OR RECONSTRUCTED FROM BASIN VOLUME x WATER DENSITY x GRAVITY x AVERAGE HEAD x 87% TURBINE EFFICIENCY; ACTIVE/USABLE OPERATING RANGE NOT ESTABLISHED,ZENODO_14006948,raw/hydro_physical/Italian_Hydropower_Programmable_Plants_Database_v2_RAW.xlsx,9ba9b40399471e162d041b4a27b2da602c95bd38a5cfb07d2c4769205144f864,RAW_ROW_PRESERVED; OPEN-DATA VALUES NOT PROMOTED TO CANONICAL MEM INPUTS,FORMULA_RECONSTRUCTED_EXACT,0,,,HYDRO_RESERVOIR_OR_BASIN_PROGRAMMABLE,OPEN DATABASE HWR/HDAM CLASS; TERNA BASIN-VS-RESERVOIR THRESHOLD NOT AVAILABLE AT PLANT LEVEL,MEDIUM_FOR_PROGRAMMABLE_RESERVOIR; UNRESOLVED_BASIN_VS_RESERVOIR,YES,NO,NATURALLY_CHARGED_STORE_PLUS_FIXED_TURBINE_LINK; FINAL E_NOM NOT YET APPROVED,NOT_ESTABLISHED,PHYSICS-BASED ELECTRICAL-EQUIVALENT BASIN ENERGY; NOT A CONFIRMED ACTIVE OPERATING RANGE,PHYSICAL_RESERVOIR_EVIDENCE_ONLY; ACTIVE VOLUME/LEVEL AND INFLOW CALIBRATION REQUIRED BEFORE E_NOM,PHYSICAL_RESERVOIR_ENERGY_VIEW; SUBSET_NON_ADDITIVE,OPEN_PHYSICAL_DATABASE,DERIVED_PHYSICAL_RESERVOIR_ENERGY,OPEN_PHYSICAL_DATABASE,SECONDARY_NON_CANONICAL,YES_AT_AGGREGATE_OR_DIFFERENT_GRAIN_ONLY,,PHYSICAL_ALLOCATION_EVIDENCE; GEOGRAPHY; CLASSIFICATION; PLAUSIBILITY CHECK; SENSITIVITY RESEARCH,PHYSICAL_EVIDENCE_ONLY,false,REQUIRES RECONCILIATION TO A DIRECT TERNA CONTROL AT THE SAME METRIC/GRAIN OR OTHER STRONG PRIMARY OPERATING EVIDENCE,UNCHANGED_SECONDARY_PHYSICAL_EVIDENCE,false
185,HDAM,HDAM,HNEW71,Contributo Tosc -1 Teglia,9,Toscana,CNOR,0,0,2.198870625,2198.870625,44.375151,9.878882,185.5,5,n/a,,,,,PHYSICAL INVENTORY INSTALLED CAPACITY; GROSS/NET BASIS NOT SPECIFIED,ELECTRICAL-EQUIVALENT RESERVOIR POTENTIAL ENERGY: REPORTED OR RECONSTRUCTED FROM BASIN VOLUME x WATER DENSITY x GRAVITY x AVERAGE HEAD x 87% TURBINE EFFICIENCY; ACTIVE/USABLE OPERATING RANGE NOT ESTABLISHED,ZENODO_14006948,raw/hydro_physical/Italian_Hydropower_Programmable_Plants_Database_v2_RAW.xlsx,9ba9b40399471e162d041b4a27b2da602c95bd38a5cfb07d2c4769205144f864,RAW_ROW_PRESERVED; OPEN-DATA VALUES NOT PROMOTED TO CANONICAL MEM INPUTS,FORMULA_RECONSTRUCTED_EXACT,2198.870625,1,,HYDRO_RESERVOIR_OR_BASIN_PROGRAMMABLE,OPEN DATABASE HWR/HDAM CLASS; TERNA BASIN-VS-RESERVOIR THRESHOLD NOT AVAILABLE AT PLANT LEVEL,MEDIUM_FOR_PROGRAMMABLE_RESERVOIR; UNRESOLVED_BASIN_VS_RESERVOIR,YES,NO,NATURALLY_CHARGED_STORE_PLUS_FIXED_TURBINE_LINK; FINAL E_NOM NOT YET APPROVED,NOT_ESTABLISHED,PHYSICS-BASED ELECTRICAL-EQUIVALENT BASIN ENERGY; NOT A CONFIRMED ACTIVE OPERATING RANGE,PHYSICAL_RESERVOIR_EVIDENCE_ONLY; ACTIVE VOLUME/LEVEL AND INFLOW CALIBRATION REQUIRED BEFORE E_NOM,PHYSICAL_RESERVOIR_ENERGY_VIEW; SUBSET_NON_ADDITIVE,OPEN_PHYSICAL_DATABASE,DERIVED_PHYSICAL_RESERVOIR_ENERGY,OPEN_PHYSICAL_DATABASE,SECONDARY_NON_CANONICAL,YES_AT_AGGREGATE_OR_DIFFERENT_GRAIN_ONLY,,PHYSICAL_ALLOCATION_EVIDENCE; GEOGRAPHY; CLASSIFICATION; PLAUSIBILITY CHECK; SENSITIVITY RESEARCH,PHYSICAL_EVIDENCE_ONLY,false,REQUIRES RECONCILIATION TO A DIRECT TERNA CONTROL AT THE SAME METRIC/GRAIN OR OTHER STRONG PRIMARY OPERATING EVIDENCE,UNCHANGED_SECONDARY_PHYSICAL_EVIDENCE,false
186,HDAM,HDAM,HNEW72,Rigoso,8,Emilia Romagna,NORD,2.458,0,1.431055823,1431.055822,44.3684416378061,10.1348870200684,176.5,3.42,n/a,Other - source://downloads/RELAZIONE_ENZA_01.PDF,Other - source://downloads/RELAZIONE_ENZA_01.PDF,MIT,Other - source://downloads/RELAZIONE_ENZA_01.PDF,PHYSICAL INVENTORY INSTALLED CAPACITY; GROSS/NET BASIS NOT SPECIFIED,ELECTRICAL-EQUIVALENT RESERVOIR POTENTIAL ENERGY: REPORTED OR RECONSTRUCTED FROM BASIN VOLUME x WATER DENSITY x GRAVITY x AVERAGE HEAD x 87% TURBINE EFFICIENCY; ACTIVE/USABLE OPERATING RANGE NOT ESTABLISHED,ZENODO_14006948,raw/hydro_physical/Italian_Hydropower_Programmable_Plants_Database_v2_RAW.xlsx,9ba9b40399471e162d041b4a27b2da602c95bd38a5cfb07d2c4769205144f864,RAW_ROW_PRESERVED; OPEN-DATA VALUES NOT PROMOTED TO CANONICAL MEM INPUTS,FORMULA_RECONSTRUCTED_EXACT,1431.055822,1,,HYDRO_RESERVOIR_OR_BASIN_PROGRAMMABLE,OPEN DATABASE HWR/HDAM CLASS; TERNA BASIN-VS-RESERVOIR THRESHOLD NOT AVAILABLE AT PLANT LEVEL,MEDIUM_FOR_PROGRAMMABLE_RESERVOIR; UNRESOLVED_BASIN_VS_RESERVOIR,YES,NO,NATURALLY_CHARGED_STORE_PLUS_FIXED_TURBINE_LINK; FINAL E_NOM NOT YET APPROVED,NOT_ESTABLISHED,PHYSICS-BASED ELECTRICAL-EQUIVALENT BASIN ENERGY; NOT A CONFIRMED ACTIVE OPERATING RANGE,PHYSICAL_RESERVOIR_EVIDENCE_ONLY; ACTIVE VOLUME/LEVEL AND INFLOW CALIBRATION REQUIRED BEFORE E_NOM,PHYSICAL_RESERVOIR_ENERGY_VIEW; SUBSET_NON_ADDITIVE,OPEN_PHYSICAL_DATABASE,DERIVED_PHYSICAL_RESERVOIR_ENERGY,OPEN_PHYSICAL_DATABASE,SECONDARY_NON_CANONICAL,YES_AT_AGGREGATE_OR_DIFFERENT_GRAIN_ONLY,,PHYSICAL_ALLOCATION_EVIDENCE; GEOGRAPHY; CLASSIFICATION; PLAUSIBILITY CHECK; SENSITIVITY RESEARCH,PHYSICAL_EVIDENCE_ONLY,false,REQUIRES RECONCILIATION TO A DIRECT TERNA CONTROL AT THE SAME METRIC/GRAIN OR OTHER STRONG PRIMARY OPERATING EVIDENCE,UNCHANGED_SECONDARY_PHYSICAL_EVIDENCE,false
187,HDAM,HDAM,HNEW73,Rimagna,8,Emilia Romagna,NORD,3.6,0,1.341824349,1341.824349,44.3841294679412,10.1315101361389,167.95,3.37,n/a,Other - source://downloads/RELAZIONE_ENZA_01.PDF,Other - source://downloads/RELAZIONE_ENZA_01.PDF,MIT,Other - source://downloads/RELAZIONE_ENZA_01.PDF,PHYSICAL INVENTORY INSTALLED CAPACITY; GROSS/NET BASIS NOT SPECIFIED,ELECTRICAL-EQUIVALENT RESERVOIR POTENTIAL ENERGY: REPORTED OR RECONSTRUCTED FROM BASIN VOLUME x WATER DENSITY x GRAVITY x AVERAGE HEAD x 87% TURBINE EFFICIENCY; ACTIVE/USABLE OPERATING RANGE NOT ESTABLISHED,ZENODO_14006948,raw/hydro_physical/Italian_Hydropower_Programmable_Plants_Database_v2_RAW.xlsx,9ba9b40399471e162d041b4a27b2da602c95bd38a5cfb07d2c4769205144f864,RAW_ROW_PRESERVED; OPEN-DATA VALUES NOT PROMOTED TO CANONICAL MEM INPUTS,FORMULA_RECONSTRUCTED_EXACT,1341.824349,1,,HYDRO_RESERVOIR_OR_BASIN_PROGRAMMABLE,OPEN DATABASE HWR/HDAM CLASS; TERNA BASIN-VS-RESERVOIR THRESHOLD NOT AVAILABLE AT PLANT LEVEL,MEDIUM_FOR_PROGRAMMABLE_RESERVOIR; UNRESOLVED_BASIN_VS_RESERVOIR,YES,NO,NATURALLY_CHARGED_STORE_PLUS_FIXED_TURBINE_LINK; FINAL E_NOM NOT YET APPROVED,NOT_ESTABLISHED,PHYSICS-BASED ELECTRICAL-EQUIVALENT BASIN ENERGY; NOT A CONFIRMED ACTIVE OPERATING RANGE,PHYSICAL_RESERVOIR_EVIDENCE_ONLY; ACTIVE VOLUME/LEVEL AND INFLOW CALIBRATION REQUIRED BEFORE E_NOM,PHYSICAL_RESERVOIR_ENERGY_VIEW; SUBSET_NON_ADDITIVE,OPEN_PHYSICAL_DATABASE,DERIVED_PHYSICAL_RESERVOIR_ENERGY,OPEN_PHYSICAL_DATABASE,SECONDARY_NON_CANONICAL,YES_AT_AGGREGATE_OR_DIFFERENT_GRAIN_ONLY,,PHYSICAL_ALLOCATION_EVIDENCE; GEOGRAPHY; CLASSIFICATION; PLAUSIBILITY CHECK; SENSITIVITY RESEARCH,PHYSICAL_EVIDENCE_ONLY,false,REQUIRES RECONCILIATION TO A DIRECT TERNA CONTROL AT THE SAME METRIC/GRAIN OR OTHER STRONG PRIMARY OPERATING EVIDENCE,UNCHANGED_SECONDARY_PHYSICAL_EVIDENCE,false
188,HDAM,HDAM,HNEW74,Contributo Rigoso in asta Emil 1 - ENZA (in Rimagna-Isola palanzano e Selvanizza),8,Emilia Romagna,NORD,0,0,5.04777577,5047.77577,44.3841294679412,10.1315101361389,622.5699999999999,3.42,n/a,,,,,PHYSICAL INVENTORY INSTALLED CAPACITY; GROSS/NET BASIS NOT SPECIFIED,ELECTRICAL-EQUIVALENT RESERVOIR POTENTIAL ENERGY: REPORTED OR RECONSTRUCTED FROM BASIN VOLUME x WATER DENSITY x GRAVITY x AVERAGE HEAD x 87% TURBINE EFFICIENCY; ACTIVE/USABLE OPERATING RANGE NOT ESTABLISHED,ZENODO_14006948,raw/hydro_physical/Italian_Hydropower_Programmable_Plants_Database_v2_RAW.xlsx,9ba9b40399471e162d041b4a27b2da602c95bd38a5cfb07d2c4769205144f864,RAW_ROW_PRESERVED; OPEN-DATA VALUES NOT PROMOTED TO CANONICAL MEM INPUTS,FORMULA_RECONSTRUCTED_EXACT,5047.77577,1,,HYDRO_RESERVOIR_OR_BASIN_PROGRAMMABLE,OPEN DATABASE HWR/HDAM CLASS; TERNA BASIN-VS-RESERVOIR THRESHOLD NOT AVAILABLE AT PLANT LEVEL,MEDIUM_FOR_PROGRAMMABLE_RESERVOIR; UNRESOLVED_BASIN_VS_RESERVOIR,YES,NO,NATURALLY_CHARGED_STORE_PLUS_FIXED_TURBINE_LINK; FINAL E_NOM NOT YET APPROVED,NOT_ESTABLISHED,PHYSICS-BASED ELECTRICAL-EQUIVALENT BASIN ENERGY; NOT A CONFIRMED ACTIVE OPERATING RANGE,PHYSICAL_RESERVOIR_EVIDENCE_ONLY; ACTIVE VOLUME/LEVEL AND INFLOW CALIBRATION REQUIRED BEFORE E_NOM,PHYSICAL_RESERVOIR_ENERGY_VIEW; SUBSET_NON_ADDITIVE,OPEN_PHYSICAL_DATABASE,DERIVED_PHYSICAL_RESERVOIR_ENERGY,OPEN_PHYSICAL_DATABASE,SECONDARY_NON_CANONICAL,YES_AT_AGGREGATE_OR_DIFFERENT_GRAIN_ONLY,,PHYSICAL_ALLOCATION_EVIDENCE; GEOGRAPHY; CLASSIFICATION; PLAUSIBILITY CHECK; SENSITIVITY RESEARCH,PHYSICAL_EVIDENCE_ONLY,false,REQUIRES RECONCILIATION TO A DIRECT TERNA CONTROL AT THE SAME METRIC/GRAIN OR OTHER STRONG PRIMARY OPERATING EVIDENCE,UNCHANGED_SECONDARY_PHYSICAL_EVIDENCE,false
189,HDAM,HDAM,HNEW76,Contributo  Rimagna in asta Emil 1- ENZA (in Isola palanzano e Selavnizza),8,Emilia Romagna,NORD,0,0,3.63215353,3632.15353,44.4413818473636,10.2274287921587,454.62,3.37,n/a,,,,,PHYSICAL INVENTORY INSTALLED CAPACITY; GROSS/NET BASIS NOT SPECIFIED,ELECTRICAL-EQUIVALENT RESERVOIR POTENTIAL ENERGY: REPORTED OR RECONSTRUCTED FROM BASIN VOLUME x WATER DENSITY x GRAVITY x AVERAGE HEAD x 87% TURBINE EFFICIENCY; ACTIVE/USABLE OPERATING RANGE NOT ESTABLISHED,ZENODO_14006948,raw/hydro_physical/Italian_Hydropower_Programmable_Plants_Database_v2_RAW.xlsx,9ba9b40399471e162d041b4a27b2da602c95bd38a5cfb07d2c4769205144f864,RAW_ROW_PRESERVED; OPEN-DATA VALUES NOT PROMOTED TO CANONICAL MEM INPUTS,FORMULA_RECONSTRUCTED_EXACT,3632.15353,1,,HYDRO_RESERVOIR_OR_BASIN_PROGRAMMABLE,OPEN DATABASE HWR/HDAM CLASS; TERNA BASIN-VS-RESERVOIR THRESHOLD NOT AVAILABLE AT PLANT LEVEL,MEDIUM_FOR_PROGRAMMABLE_RESERVOIR; UNRESOLVED_BASIN_VS_RESERVOIR,YES,NO,NATURALLY_CHARGED_STORE_PLUS_FIXED_TURBINE_LINK; FINAL E_NOM NOT YET APPROVED,NOT_ESTABLISHED,PHYSICS-BASED ELECTRICAL-EQUIVALENT BASIN ENERGY; NOT A CONFIRMED ACTIVE OPERATING RANGE,PHYSICAL_RESERVOIR_EVIDENCE_ONLY; ACTIVE VOLUME/LEVEL AND INFLOW CALIBRATION REQUIRED BEFORE E_NOM,PHYSICAL_RESERVOIR_ENERGY_VIEW; SUBSET_NON_ADDITIVE,OPEN_PHYSICAL_DATABASE,DERIVED_PHYSICAL_RESERVOIR_ENERGY,OPEN_PHYSICAL_DATABASE,SECONDARY_NON_CANONICAL,YES_AT_AGGREGATE_OR_DIFFERENT_GRAIN_ONLY,,PHYSICAL_ALLOCATION_EVIDENCE; GEOGRAPHY; CLASSIFICATION; PLAUSIBILITY CHECK; SENSITIVITY RESEARCH,PHYSICAL_EVIDENCE_ONLY,false,REQUIRES RECONCILIATION TO A DIRECT TERNA CONTROL AT THE SAME METRIC/GRAIN OR OTHER STRONG PRIMARY OPERATING EVIDENCE,UNCHANGED_SECONDARY_PHYSICAL_EVIDENCE,false
190,HDAM,HDAM,HNEW77,Centrale Tidone - diga di molato,8,Emilia Romagna,NORD,2,0,0.9369204,936.9204,44.9073324782353,9.2880133919183,52,7.6,n/a,Other - https://dgdighe.mit.gov.it/categoria/articolo/_dighe_di_rilievo/diga_molato,Other - https://dgdighe.mit.gov.it/categoria/articolo/_dighe_di_rilievo/diga_molato, ,Other - https://dgdighe.mit.gov.it/categoria/articolo/_dighe_di_rilievo/diga_molato,PHYSICAL INVENTORY INSTALLED CAPACITY; GROSS/NET BASIS NOT SPECIFIED,ELECTRICAL-EQUIVALENT RESERVOIR POTENTIAL ENERGY: REPORTED OR RECONSTRUCTED FROM BASIN VOLUME x WATER DENSITY x GRAVITY x AVERAGE HEAD x 87% TURBINE EFFICIENCY; ACTIVE/USABLE OPERATING RANGE NOT ESTABLISHED,ZENODO_14006948,raw/hydro_physical/Italian_Hydropower_Programmable_Plants_Database_v2_RAW.xlsx,9ba9b40399471e162d041b4a27b2da602c95bd38a5cfb07d2c4769205144f864,RAW_ROW_PRESERVED; OPEN-DATA VALUES NOT PROMOTED TO CANONICAL MEM INPUTS,FORMULA_RECONSTRUCTED_EXACT,936.9204,1,,HYDRO_RESERVOIR_OR_BASIN_PROGRAMMABLE,OPEN DATABASE HWR/HDAM CLASS; TERNA BASIN-VS-RESERVOIR THRESHOLD NOT AVAILABLE AT PLANT LEVEL,MEDIUM_FOR_PROGRAMMABLE_RESERVOIR; UNRESOLVED_BASIN_VS_RESERVOIR,YES,NO,NATURALLY_CHARGED_STORE_PLUS_FIXED_TURBINE_LINK; FINAL E_NOM NOT YET APPROVED,NOT_ESTABLISHED,PHYSICS-BASED ELECTRICAL-EQUIVALENT BASIN ENERGY; NOT A CONFIRMED ACTIVE OPERATING RANGE,PHYSICAL_RESERVOIR_EVIDENCE_ONLY; ACTIVE VOLUME/LEVEL AND INFLOW CALIBRATION REQUIRED BEFORE E_NOM,PHYSICAL_RESERVOIR_ENERGY_VIEW; SUBSET_NON_ADDITIVE,OPEN_PHYSICAL_DATABASE,DERIVED_PHYSICAL_RESERVOIR_ENERGY,OPEN_PHYSICAL_DATABASE,SECONDARY_NON_CANONICAL,YES_AT_AGGREGATE_OR_DIFFERENT_GRAIN_ONLY,,PHYSICAL_ALLOCATION_EVIDENCE; GEOGRAPHY; CLASSIFICATION; PLAUSIBILITY CHECK; SENSITIVITY RESEARCH,PHYSICAL_EVIDENCE_ONLY,false,REQUIRES RECONCILIATION TO A DIRECT TERNA CONTROL AT THE SAME METRIC/GRAIN OR OTHER STRONG PRIMARY OPERATING EVIDENCE,UNCHANGED_SECONDARY_PHYSICAL_EVIDENCE,false
191,HDAM,HDAM,HNEW78,Casuzze - Piana degli Albanesi,19,Sicilia,SICI,10.4,0,26.80132875,26801.32875,37.9937488,13.2882915,475,23.8,n/a,Wikipedia,Other - https://www.regione.sicilia.it/sites/default/files/2021-10/Allegato_05-e.pdf,Other - https://www.regione.sicilia.it/sites/default/files/2021-10/Allegato_05-e.pdf,,PHYSICAL INVENTORY INSTALLED CAPACITY; GROSS/NET BASIS NOT SPECIFIED,ELECTRICAL-EQUIVALENT RESERVOIR POTENTIAL ENERGY: REPORTED OR RECONSTRUCTED FROM BASIN VOLUME x WATER DENSITY x GRAVITY x AVERAGE HEAD x 87% TURBINE EFFICIENCY; ACTIVE/USABLE OPERATING RANGE NOT ESTABLISHED,ZENODO_14006948,raw/hydro_physical/Italian_Hydropower_Programmable_Plants_Database_v2_RAW.xlsx,9ba9b40399471e162d041b4a27b2da602c95bd38a5cfb07d2c4769205144f864,RAW_ROW_PRESERVED; OPEN-DATA VALUES NOT PROMOTED TO CANONICAL MEM INPUTS,FORMULA_RECONSTRUCTED_EXACT,26801.32875,1,,HYDRO_RESERVOIR_OR_BASIN_PROGRAMMABLE,OPEN DATABASE HWR/HDAM CLASS; TERNA BASIN-VS-RESERVOIR THRESHOLD NOT AVAILABLE AT PLANT LEVEL,MEDIUM_FOR_PROGRAMMABLE_RESERVOIR; UNRESOLVED_BASIN_VS_RESERVOIR,YES,NO,NATURALLY_CHARGED_STORE_PLUS_FIXED_TURBINE_LINK; FINAL E_NOM NOT YET APPROVED,NOT_ESTABLISHED,PHYSICS-BASED ELECTRICAL-EQUIVALENT BASIN ENERGY; NOT A CONFIRMED ACTIVE OPERATING RANGE,PHYSICAL_RESERVOIR_EVIDENCE_ONLY; ACTIVE VOLUME/LEVEL AND INFLOW CALIBRATION REQUIRED BEFORE E_NOM,PHYSICAL_RESERVOIR_ENERGY_VIEW; SUBSET_NON_ADDITIVE,OPEN_PHYSICAL_DATABASE,DERIVED_PHYSICAL_RESERVOIR_ENERGY,OPEN_PHYSICAL_DATABASE,SECONDARY_NON_CANONICAL,YES_AT_AGGREGATE_OR_DIFFERENT_GRAIN_ONLY,,PHYSICAL_ALLOCATION_EVIDENCE; GEOGRAPHY; CLASSIFICATION; PLAUSIBILITY CHECK; SENSITIVITY RESEARCH,PHYSICAL_EVIDENCE_ONLY,false,REQUIRES RECONCILIATION TO A DIRECT TERNA CONTROL AT THE SAME METRIC/GRAIN OR OTHER STRONG PRIMARY OPERATING EVIDENCE,UNCHANGED_SECONDARY_PHYSICAL_EVIDENCE,false
192,HDAM,HDAM,HNEW79,Canate - lago Brugneto,7,Liguria,NORD,9,0,31.744384936,31744.384936,44.5365393107139,9.20501613497193,532.83,25.13,n/a,,Other - http://archivio.cai.it/fileadmin/documenti/documenti_pdf/convegno_acqua/9_Maria_Pia_Turbi_-_Le_centrali_idroelettriche_degli_acquedotti_di_Genova.pdf,MIT,Other - http://archivio.cai.it/fileadmin/documenti/documenti_pdf/convegno_acqua/9_Maria_Pia_Turbi_-_Le_centrali_idroelettriche_degli_acquedotti_di_Genova.pdf,PHYSICAL INVENTORY INSTALLED CAPACITY; GROSS/NET BASIS NOT SPECIFIED,ELECTRICAL-EQUIVALENT RESERVOIR POTENTIAL ENERGY: REPORTED OR RECONSTRUCTED FROM BASIN VOLUME x WATER DENSITY x GRAVITY x AVERAGE HEAD x 87% TURBINE EFFICIENCY; ACTIVE/USABLE OPERATING RANGE NOT ESTABLISHED,ZENODO_14006948,raw/hydro_physical/Italian_Hydropower_Programmable_Plants_Database_v2_RAW.xlsx,9ba9b40399471e162d041b4a27b2da602c95bd38a5cfb07d2c4769205144f864,RAW_ROW_PRESERVED; OPEN-DATA VALUES NOT PROMOTED TO CANONICAL MEM INPUTS,FORMULA_RECONSTRUCTED_EXACT,31744.384936,1,,HYDRO_RESERVOIR_OR_BASIN_PROGRAMMABLE,OPEN DATABASE HWR/HDAM CLASS; TERNA BASIN-VS-RESERVOIR THRESHOLD NOT AVAILABLE AT PLANT LEVEL,MEDIUM_FOR_PROGRAMMABLE_RESERVOIR; UNRESOLVED_BASIN_VS_RESERVOIR,YES,NO,NATURALLY_CHARGED_STORE_PLUS_FIXED_TURBINE_LINK; FINAL E_NOM NOT YET APPROVED,NOT_ESTABLISHED,PHYSICS-BASED ELECTRICAL-EQUIVALENT BASIN ENERGY; NOT A CONFIRMED ACTIVE OPERATING RANGE,PHYSICAL_RESERVOIR_EVIDENCE_ONLY; ACTIVE VOLUME/LEVEL AND INFLOW CALIBRATION REQUIRED BEFORE E_NOM,PHYSICAL_RESERVOIR_ENERGY_VIEW; SUBSET_NON_ADDITIVE,OPEN_PHYSICAL_DATABASE,DERIVED_PHYSICAL_RESERVOIR_ENERGY,OPEN_PHYSICAL_DATABASE,SECONDARY_NON_CANONICAL,YES_AT_AGGREGATE_OR_DIFFERENT_GRAIN_ONLY,,PHYSICAL_ALLOCATION_EVIDENCE; GEOGRAPHY; CLASSIFICATION; PLAUSIBILITY CHECK; SENSITIVITY RESEARCH,PHYSICAL_EVIDENCE_ONLY,false,REQUIRES RECONCILIATION TO A DIRECT TERNA CONTROL AT THE SAME METRIC/GRAIN OR OTHER STRONG PRIMARY OPERATING EVIDENCE,UNCHANGED_SECONDARY_PHYSICAL_EVIDENCE,false
193,HDAM,HDAM,HNEW80,Centrale Lavezze - lago Badana,7,Liguria,NORD,8,0,0.77333865,773.33865,44.5527010813092,8.81286044779092,70,4.66,n/a,,Other - http://archivio.cai.it/fileadmin/documenti/documenti_pdf/convegno_acqua/9_Maria_Pia_Turbi_-_Le_centrali_idroelettriche_degli_acquedotti_di_Genova.pdf,MIT,Other - http://archivio.cai.it/fileadmin/documenti/documenti_pdf/convegno_acqua/9_Maria_Pia_Turbi_-_Le_centrali_idroelettriche_degli_acquedotti_di_Genova.pdf,PHYSICAL INVENTORY INSTALLED CAPACITY; GROSS/NET BASIS NOT SPECIFIED,ELECTRICAL-EQUIVALENT RESERVOIR POTENTIAL ENERGY: REPORTED OR RECONSTRUCTED FROM BASIN VOLUME x WATER DENSITY x GRAVITY x AVERAGE HEAD x 87% TURBINE EFFICIENCY; ACTIVE/USABLE OPERATING RANGE NOT ESTABLISHED,ZENODO_14006948,raw/hydro_physical/Italian_Hydropower_Programmable_Plants_Database_v2_RAW.xlsx,9ba9b40399471e162d041b4a27b2da602c95bd38a5cfb07d2c4769205144f864,RAW_ROW_PRESERVED; OPEN-DATA VALUES NOT PROMOTED TO CANONICAL MEM INPUTS,FORMULA_RECONSTRUCTED_EXACT,773.33865,1,,HYDRO_RESERVOIR_OR_BASIN_PROGRAMMABLE,OPEN DATABASE HWR/HDAM CLASS; TERNA BASIN-VS-RESERVOIR THRESHOLD NOT AVAILABLE AT PLANT LEVEL,MEDIUM_FOR_PROGRAMMABLE_RESERVOIR; UNRESOLVED_BASIN_VS_RESERVOIR,YES,NO,NATURALLY_CHARGED_STORE_PLUS_FIXED_TURBINE_LINK; FINAL E_NOM NOT YET APPROVED,NOT_ESTABLISHED,PHYSICS-BASED ELECTRICAL-EQUIVALENT BASIN ENERGY; NOT A CONFIRMED ACTIVE OPERATING RANGE,PHYSICAL_RESERVOIR_EVIDENCE_ONLY; ACTIVE VOLUME/LEVEL AND INFLOW CALIBRATION REQUIRED BEFORE E_NOM,PHYSICAL_RESERVOIR_ENERGY_VIEW; SUBSET_NON_ADDITIVE,OPEN_PHYSICAL_DATABASE,DERIVED_PHYSICAL_RESERVOIR_ENERGY,OPEN_PHYSICAL_DATABASE,SECONDARY_NON_CANONICAL,YES_AT_AGGREGATE_OR_DIFFERENT_GRAIN_ONLY,,PHYSICAL_ALLOCATION_EVIDENCE; GEOGRAPHY; CLASSIFICATION; PLAUSIBILITY CHECK; SENSITIVITY RESEARCH,PHYSICAL_EVIDENCE_ONLY,false,REQUIRES RECONCILIATION TO A DIRECT TERNA CONTROL AT THE SAME METRIC/GRAIN OR OTHER STRONG PRIMARY OPERATING EVIDENCE,UNCHANGED_SECONDARY_PHYSICAL_EVIDENCE,false
194,HDAM,HDAM,HNEW81,Centrale Lavezze - Lago Lungo,7,Liguria,NORD,0,0,0.409641893,409.641893,44.5466274188022,8.82646305474966,37,4.67,n/a,,Other - http://archivio.cai.it/fileadmin/documenti/documenti_pdf/convegno_acqua/9_Maria_Pia_Turbi_-_Le_centrali_idroelettriche_degli_acquedotti_di_Genova.pdf,MIT,Other - http://archivio.cai.it/fileadmin/documenti/documenti_pdf/convegno_acqua/9_Maria_Pia_Turbi_-_Le_centrali_idroelettriche_degli_acquedotti_di_Genova.pdf,PHYSICAL INVENTORY INSTALLED CAPACITY; GROSS/NET BASIS NOT SPECIFIED,ELECTRICAL-EQUIVALENT RESERVOIR POTENTIAL ENERGY: REPORTED OR RECONSTRUCTED FROM BASIN VOLUME x WATER DENSITY x GRAVITY x AVERAGE HEAD x 87% TURBINE EFFICIENCY; ACTIVE/USABLE OPERATING RANGE NOT ESTABLISHED,ZENODO_14006948,raw/hydro_physical/Italian_Hydropower_Programmable_Plants_Database_v2_RAW.xlsx,9ba9b40399471e162d041b4a27b2da602c95bd38a5cfb07d2c4769205144f864,RAW_ROW_PRESERVED; OPEN-DATA VALUES NOT PROMOTED TO CANONICAL MEM INPUTS,FORMULA_RECONSTRUCTED_EXACT,409.641892,1.000000001,,HYDRO_RESERVOIR_OR_BASIN_PROGRAMMABLE,OPEN DATABASE HWR/HDAM CLASS; TERNA BASIN-VS-RESERVOIR THRESHOLD NOT AVAILABLE AT PLANT LEVEL,MEDIUM_FOR_PROGRAMMABLE_RESERVOIR; UNRESOLVED_BASIN_VS_RESERVOIR,YES,NO,NATURALLY_CHARGED_STORE_PLUS_FIXED_TURBINE_LINK; FINAL E_NOM NOT YET APPROVED,NOT_ESTABLISHED,PHYSICS-BASED ELECTRICAL-EQUIVALENT BASIN ENERGY; NOT A CONFIRMED ACTIVE OPERATING RANGE,PHYSICAL_RESERVOIR_EVIDENCE_ONLY; ACTIVE VOLUME/LEVEL AND INFLOW CALIBRATION REQUIRED BEFORE E_NOM,PHYSICAL_RESERVOIR_ENERGY_VIEW; SUBSET_NON_ADDITIVE,OPEN_PHYSICAL_DATABASE,DERIVED_PHYSICAL_RESERVOIR_ENERGY,OPEN_PHYSICAL_DATABASE,SECONDARY_NON_CANONICAL,YES_AT_AGGREGATE_OR_DIFFERENT_GRAIN_ONLY,,PHYSICAL_ALLOCATION_EVIDENCE; GEOGRAPHY; CLASSIFICATION; PLAUSIBILITY CHECK; SENSITIVITY RESEARCH,PHYSICAL_EVIDENCE_ONLY,false,REQUIRES RECONCILIATION TO A DIRECT TERNA CONTROL AT THE SAME METRIC/GRAIN OR OTHER STRONG PRIMARY OPERATING EVIDENCE,UNCHANGED_SECONDARY_PHYSICAL_EVIDENCE,false
195,HDAM,HDAM,HNEW82,Centrale Lavagnina,7,Liguria,NORD,0,0,0.4978575,497.8575,44.605963754326,8.7542600513912,84,2.5,n/a,,Other - http://archivio.cai.it/fileadmin/documenti/documenti_pdf/convegno_acqua/9_Maria_Pia_Turbi_-_Le_centrali_idroelettriche_degli_acquedotti_di_Genova.pdf,MIT,Other - http://archivio.cai.it/fileadmin/documenti/documenti_pdf/convegno_acqua/9_Maria_Pia_Turbi_-_Le_centrali_idroelettriche_degli_acquedotti_di_Genova.pdf,PHYSICAL INVENTORY INSTALLED CAPACITY; GROSS/NET BASIS NOT SPECIFIED,ELECTRICAL-EQUIVALENT RESERVOIR POTENTIAL ENERGY: REPORTED OR RECONSTRUCTED FROM BASIN VOLUME x WATER DENSITY x GRAVITY x AVERAGE HEAD x 87% TURBINE EFFICIENCY; ACTIVE/USABLE OPERATING RANGE NOT ESTABLISHED,ZENODO_14006948,raw/hydro_physical/Italian_Hydropower_Programmable_Plants_Database_v2_RAW.xlsx,9ba9b40399471e162d041b4a27b2da602c95bd38a5cfb07d2c4769205144f864,RAW_ROW_PRESERVED; OPEN-DATA VALUES NOT PROMOTED TO CANONICAL MEM INPUTS,FORMULA_RECONSTRUCTED_EXACT,497.8575,1,,HYDRO_RESERVOIR_OR_BASIN_PROGRAMMABLE,OPEN DATABASE HWR/HDAM CLASS; TERNA BASIN-VS-RESERVOIR THRESHOLD NOT AVAILABLE AT PLANT LEVEL,MEDIUM_FOR_PROGRAMMABLE_RESERVOIR; UNRESOLVED_BASIN_VS_RESERVOIR,YES,NO,NATURALLY_CHARGED_STORE_PLUS_FIXED_TURBINE_LINK; FINAL E_NOM NOT YET APPROVED,NOT_ESTABLISHED,PHYSICS-BASED ELECTRICAL-EQUIVALENT BASIN ENERGY; NOT A CONFIRMED ACTIVE OPERATING RANGE,PHYSICAL_RESERVOIR_EVIDENCE_ONLY; ACTIVE VOLUME/LEVEL AND INFLOW CALIBRATION REQUIRED BEFORE E_NOM,PHYSICAL_RESERVOIR_ENERGY_VIEW; SUBSET_NON_ADDITIVE,OPEN_PHYSICAL_DATABASE,DERIVED_PHYSICAL_RESERVOIR_ENERGY,OPEN_PHYSICAL_DATABASE,SECONDARY_NON_CANONICAL,YES_AT_AGGREGATE_OR_DIFFERENT_GRAIN_ONLY,,PHYSICAL_ALLOCATION_EVIDENCE; GEOGRAPHY; CLASSIFICATION; PLAUSIBILITY CHECK; SENSITIVITY RESEARCH,PHYSICAL_EVIDENCE_ONLY,false,REQUIRES RECONCILIATION TO A DIRECT TERNA CONTROL AT THE SAME METRIC/GRAIN OR OTHER STRONG PRIMARY OPERATING EVIDENCE,UNCHANGED_SECONDARY_PHYSICAL_EVIDENCE,false
196,HDAM,HDAM,HNEW83,Centrale Isoverde,7,Liguria,NORD,0,0,1.913906475,1913.906475,44.5531991557937,8.81926721680398,270,2.99,n/a,,Other - http://archivio.cai.it/fileadmin/documenti/documenti_pdf/convegno_acqua/9_Maria_Pia_Turbi_-_Le_centrali_idroelettriche_degli_acquedotti_di_Genova.pdf,MIT,Other - http://archivio.cai.it/fileadmin/documenti/documenti_pdf/convegno_acqua/9_Maria_Pia_Turbi_-_Le_centrali_idroelettriche_degli_acquedotti_di_Genova.pdf,PHYSICAL INVENTORY INSTALLED CAPACITY; GROSS/NET BASIS NOT SPECIFIED,ELECTRICAL-EQUIVALENT RESERVOIR POTENTIAL ENERGY: REPORTED OR RECONSTRUCTED FROM BASIN VOLUME x WATER DENSITY x GRAVITY x AVERAGE HEAD x 87% TURBINE EFFICIENCY; ACTIVE/USABLE OPERATING RANGE NOT ESTABLISHED,ZENODO_14006948,raw/hydro_physical/Italian_Hydropower_Programmable_Plants_Database_v2_RAW.xlsx,9ba9b40399471e162d041b4a27b2da602c95bd38a5cfb07d2c4769205144f864,RAW_ROW_PRESERVED; OPEN-DATA VALUES NOT PROMOTED TO CANONICAL MEM INPUTS,FORMULA_RECONSTRUCTED_EXACT,1913.906475,1,,HYDRO_RESERVOIR_OR_BASIN_PROGRAMMABLE,OPEN DATABASE HWR/HDAM CLASS; TERNA BASIN-VS-RESERVOIR THRESHOLD NOT AVAILABLE AT PLANT LEVEL,MEDIUM_FOR_PROGRAMMABLE_RESERVOIR; UNRESOLVED_BASIN_VS_RESERVOIR,YES,NO,NATURALLY_CHARGED_STORE_PLUS_FIXED_TURBINE_LINK; FINAL E_NOM NOT YET APPROVED,NOT_ESTABLISHED,PHYSICS-BASED ELECTRICAL-EQUIVALENT BASIN ENERGY; NOT A CONFIRMED ACTIVE OPERATING RANGE,PHYSICAL_RESERVOIR_EVIDENCE_ONLY; ACTIVE VOLUME/LEVEL AND INFLOW CALIBRATION REQUIRED BEFORE E_NOM,PHYSICAL_RESERVOIR_ENERGY_VIEW; SUBSET_NON_ADDITIVE,OPEN_PHYSICAL_DATABASE,DERIVED_PHYSICAL_RESERVOIR_ENERGY,OPEN_PHYSICAL_DATABASE,SECONDARY_NON_CANONICAL,YES_AT_AGGREGATE_OR_DIFFERENT_GRAIN_ONLY,,PHYSICAL_ALLOCATION_EVIDENCE; GEOGRAPHY; CLASSIFICATION; PLAUSIBILITY CHECK; SENSITIVITY RESEARCH,PHYSICAL_EVIDENCE_ONLY,false,REQUIRES RECONCILIATION TO A DIRECT TERNA CONTROL AT THE SAME METRIC/GRAIN OR OTHER STRONG PRIMARY OPERATING EVIDENCE,UNCHANGED_SECONDARY_PHYSICAL_EVIDENCE,false
197,HDAM,HDAM,HNEW84,Contributo Lavezze in Isoverde,7,Liguria,NORD,0,0,5.972156325,5972.156325,44.5466274188022,8.82646305474966,270,9.33,n/a,,,,,PHYSICAL INVENTORY INSTALLED CAPACITY; GROSS/NET BASIS NOT SPECIFIED,ELECTRICAL-EQUIVALENT RESERVOIR POTENTIAL ENERGY: REPORTED OR RECONSTRUCTED FROM BASIN VOLUME x WATER DENSITY x GRAVITY x AVERAGE HEAD x 87% TURBINE EFFICIENCY; ACTIVE/USABLE OPERATING RANGE NOT ESTABLISHED,ZENODO_14006948,raw/hydro_physical/Italian_Hydropower_Programmable_Plants_Database_v2_RAW.xlsx,9ba9b40399471e162d041b4a27b2da602c95bd38a5cfb07d2c4769205144f864,RAW_ROW_PRESERVED; OPEN-DATA VALUES NOT PROMOTED TO CANONICAL MEM INPUTS,FORMULA_RECONSTRUCTED_EXACT,5972.156325,1,,HYDRO_RESERVOIR_OR_BASIN_PROGRAMMABLE,OPEN DATABASE HWR/HDAM CLASS; TERNA BASIN-VS-RESERVOIR THRESHOLD NOT AVAILABLE AT PLANT LEVEL,MEDIUM_FOR_PROGRAMMABLE_RESERVOIR; UNRESOLVED_BASIN_VS_RESERVOIR,YES,NO,NATURALLY_CHARGED_STORE_PLUS_FIXED_TURBINE_LINK; FINAL E_NOM NOT YET APPROVED,NOT_ESTABLISHED,PHYSICS-BASED ELECTRICAL-EQUIVALENT BASIN ENERGY; NOT A CONFIRMED ACTIVE OPERATING RANGE,PHYSICAL_RESERVOIR_EVIDENCE_ONLY; ACTIVE VOLUME/LEVEL AND INFLOW CALIBRATION REQUIRED BEFORE E_NOM,PHYSICAL_RESERVOIR_ENERGY_VIEW; SUBSET_NON_ADDITIVE,OPEN_PHYSICAL_DATABASE,DERIVED_PHYSICAL_RESERVOIR_ENERGY,OPEN_PHYSICAL_DATABASE,SECONDARY_NON_CANONICAL,YES_AT_AGGREGATE_OR_DIFFERENT_GRAIN_ONLY,,PHYSICAL_ALLOCATION_EVIDENCE; GEOGRAPHY; CLASSIFICATION; PLAUSIBILITY CHECK; SENSITIVITY RESEARCH,PHYSICAL_EVIDENCE_ONLY,false,REQUIRES RECONCILIATION TO A DIRECT TERNA CONTROL AT THE SAME METRIC/GRAIN OR OTHER STRONG PRIMARY OPERATING EVIDENCE,UNCHANGED_SECONDARY_PHYSICAL_EVIDENCE,false
