target_market,snapshot,physical_link_id,endpoint_a,endpoint_b,signed_flow_endpoint_a_to_b_MW,accepted_a_to_b_limit_MW,accepted_b_to_a_limit_MW,incremental_a_to_b_headroom_MW,incremental_b_to_a_headroom_MW,a_to_b_binding,b_to_a_binding,evidence_scope
AT,2019-01-21 17:00:00,EXT_AT_CH,AT,CH,-1200.0,1200.0,1200.0,2400.0,0.0,False,True,ALL_12_RETAINED_INTERFACES_AT_THE_SAME_RESIDUAL_SCARCITY_HOUR
AT,2019-01-21 17:00:00,EXT_AT_SI,AT,SI,-1450.0,1450.0,1450.0,2900.0,0.0,False,True,ALL_12_RETAINED_INTERFACES_AT_THE_SAME_RESIDUAL_SCARCITY_HOUR
AT,2019-01-21 17:00:00,EXT_CH_FR,CH,FR,2200.0,2200.0,4500.0,0.0,6700.0,True,False,ALL_12_RETAINED_INTERFACES_AT_THE_SAME_RESIDUAL_SCARCITY_HOUR
AT,2019-01-21 17:00:00,EXT_HR_SI,HR,SI,-591.7089620920655,1500.0,1500.0,2091.7089620920656,908.2910379079345,False,False,ALL_12_RETAINED_INTERFACES_AT_THE_SAME_RESIDUAL_SCARCITY_HOUR
AT,2019-01-21 17:00:00,IT_AT,AT,IT,-300.0,700.0,300.0,1000.0,0.0,False,True,ALL_12_RETAINED_INTERFACES_AT_THE_SAME_RESIDUAL_SCARCITY_HOUR
AT,2019-01-21 17:00:00,IT_CH,CH,IT,4600.0,4600.0,1900.0,0.0,6500.0,True,False,ALL_12_RETAINED_INTERFACES_AT_THE_SAME_RESIDUAL_SCARCITY_HOUR
AT,2019-01-21 17:00:00,IT_FR,FR,IT,-2200.0,4500.0,2200.0,6700.0,0.0,False,True,ALL_12_RETAINED_INTERFACES_AT_THE_SAME_RESIDUAL_SCARCITY_HOUR
AT,2019-01-21 17:00:00,IT_GR,GR,IT,500.0,500.0,500.0,0.0,1000.0,True,False,ALL_12_RETAINED_INTERFACES_AT_THE_SAME_RESIDUAL_SCARCITY_HOUR
AT,2019-01-21 17:00:00,IT_ME,IT,ME,-600.0,600.0,600.0,1200.0,0.0,False,True,ALL_12_RETAINED_INTERFACES_AT_THE_SAME_RESIDUAL_SCARCITY_HOUR
AT,2019-01-21 17:00:00,IT_MT,IT,MT,-200.0,200.0,200.0,400.0,0.0,False,True,ALL_12_RETAINED_INTERFACES_AT_THE_SAME_RESIDUAL_SCARCITY_HOUR
AT,2019-01-21 17:00:00,IT_SI,IT,SI,1200.0,1200.0,1100.0,0.0,2300.0,True,False,ALL_12_RETAINED_INTERFACES_AT_THE_SAME_RESIDUAL_SCARCITY_HOUR
AT,2019-01-21 17:00:00,IT_TN,IT,TN,-600.0,600.0,600.0,1200.0,0.0,False,True,ALL_12_RETAINED_INTERFACES_AT_THE_SAME_RESIDUAL_SCARCITY_HOUR
AT,2019-01-21 18:00:00,EXT_AT_CH,AT,CH,-1200.0,1200.0,1200.0,2400.0,0.0,False,True,ALL_12_RETAINED_INTERFACES_AT_THE_SAME_RESIDUAL_SCARCITY_HOUR
AT,2019-01-21 18:00:00,EXT_AT_SI,AT,SI,-1450.0,1450.0,1450.0,2900.0,0.0,False,True,ALL_12_RETAINED_INTERFACES_AT_THE_SAME_RESIDUAL_SCARCITY_HOUR
AT,2019-01-21 18:00:00,EXT_CH_FR,CH,FR,2200.0,2200.0,4500.0,0.0,6700.0,True,False,ALL_12_RETAINED_INTERFACES_AT_THE_SAME_RESIDUAL_SCARCITY_HOUR
AT,2019-01-21 18:00:00,EXT_HR_SI,HR,SI,1500.0,1500.0,1500.0,0.0,3000.0,True,False,ALL_12_RETAINED_INTERFACES_AT_THE_SAME_RESIDUAL_SCARCITY_HOUR
AT,2019-01-21 18:00:00,IT_AT,AT,IT,-300.0,700.0,300.0,1000.0,0.0,False,True,ALL_12_RETAINED_INTERFACES_AT_THE_SAME_RESIDUAL_SCARCITY_HOUR
AT,2019-01-21 18:00:00,IT_CH,CH,IT,4600.0,4600.0,1900.0,0.0,6500.0,True,False,ALL_12_RETAINED_INTERFACES_AT_THE_SAME_RESIDUAL_SCARCITY_HOUR
AT,2019-01-21 18:00:00,IT_FR,FR,IT,-2200.0,4500.0,2200.0,6700.0,0.0,False,True,ALL_12_RETAINED_INTERFACES_AT_THE_SAME_RESIDUAL_SCARCITY_HOUR
AT,2019-01-21 18:00:00,IT_GR,GR,IT,500.0,500.0,500.0,0.0,1000.0,True,False,ALL_12_RETAINED_INTERFACES_AT_THE_SAME_RESIDUAL_SCARCITY_HOUR
AT,2019-01-21 18:00:00,IT_ME,IT,ME,-461.5576936985139,600.0,600.0,1061.557693698514,138.4423063014861,False,False,ALL_12_RETAINED_INTERFACES_AT_THE_SAME_RESIDUAL_SCARCITY_HOUR
AT,2019-01-21 18:00:00,IT_MT,IT,MT,-200.0,200.0,200.0,400.0,0.0,False,True,ALL_12_RETAINED_INTERFACES_AT_THE_SAME_RESIDUAL_SCARCITY_HOUR
AT,2019-01-21 18:00:00,IT_SI,IT,SI,1200.0,1200.0,1100.0,0.0,2300.0,True,False,ALL_12_RETAINED_INTERFACES_AT_THE_SAME_RESIDUAL_SCARCITY_HOUR
AT,2019-01-21 18:00:00,IT_TN,IT,TN,-600.0,600.0,600.0,1200.0,0.0,False,True,ALL_12_RETAINED_INTERFACES_AT_THE_SAME_RESIDUAL_SCARCITY_HOUR
AT,2019-01-21 19:00:00,EXT_AT_CH,AT,CH,-1200.0,1200.0,1200.0,2400.0,0.0,False,True,ALL_12_RETAINED_INTERFACES_AT_THE_SAME_RESIDUAL_SCARCITY_HOUR
AT,2019-01-21 19:00:00,EXT_AT_SI,AT,SI,-1450.0,1450.0,1450.0,2900.0,0.0,False,True,ALL_12_RETAINED_INTERFACES_AT_THE_SAME_RESIDUAL_SCARCITY_HOUR
AT,2019-01-21 19:00:00,EXT_CH_FR,CH,FR,2200.0,2200.0,4500.0,0.0,6700.0,True,False,ALL_12_RETAINED_INTERFACES_AT_THE_SAME_RESIDUAL_SCARCITY_HOUR
AT,2019-01-21 19:00:00,EXT_HR_SI,HR,SI,-1170.1178996843314,1500.0,1500.0,2670.1178996843314,329.8821003156686,False,False,ALL_12_RETAINED_INTERFACES_AT_THE_SAME_RESIDUAL_SCARCITY_HOUR
AT,2019-01-21 19:00:00,IT_AT,AT,IT,-300.0,700.0,300.0,1000.0,0.0,False,True,ALL_12_RETAINED_INTERFACES_AT_THE_SAME_RESIDUAL_SCARCITY_HOUR
AT,2019-01-21 19:00:00,IT_CH,CH,IT,4600.0,4600.0,1900.0,0.0,6500.0,True,False,ALL_12_RETAINED_INTERFACES_AT_THE_SAME_RESIDUAL_SCARCITY_HOUR
AT,2019-01-21 19:00:00,IT_FR,FR,IT,-2200.0,4500.0,2200.0,6700.0,0.0,False,True,ALL_12_RETAINED_INTERFACES_AT_THE_SAME_RESIDUAL_SCARCITY_HOUR
AT,2019-01-21 19:00:00,IT_GR,GR,IT,500.0,500.0,500.0,0.0,1000.0,True,False,ALL_12_RETAINED_INTERFACES_AT_THE_SAME_RESIDUAL_SCARCITY_HOUR
AT,2019-01-21 19:00:00,IT_ME,IT,ME,-474.11293438323946,600.0,600.0,1074.1129343832395,125.88706561676054,False,False,ALL_12_RETAINED_INTERFACES_AT_THE_SAME_RESIDUAL_SCARCITY_HOUR
AT,2019-01-21 19:00:00,IT_MT,IT,MT,-200.0,200.0,200.0,400.0,0.0,False,True,ALL_12_RETAINED_INTERFACES_AT_THE_SAME_RESIDUAL_SCARCITY_HOUR
AT,2019-01-21 19:00:00,IT_SI,IT,SI,1200.0,1200.0,1100.0,0.0,2300.0,True,False,ALL_12_RETAINED_INTERFACES_AT_THE_SAME_RESIDUAL_SCARCITY_HOUR
AT,2019-01-21 19:00:00,IT_TN,IT,TN,-600.0,600.0,600.0,1200.0,0.0,False,True,ALL_12_RETAINED_INTERFACES_AT_THE_SAME_RESIDUAL_SCARCITY_HOUR
AT,2019-01-21 20:00:00,EXT_AT_CH,AT,CH,-1200.0,1200.0,1200.0,2400.0,0.0,False,True,ALL_12_RETAINED_INTERFACES_AT_THE_SAME_RESIDUAL_SCARCITY_HOUR
AT,2019-01-21 20:00:00,EXT_AT_SI,AT,SI,-1450.0,1450.0,1450.0,2900.0,0.0,False,True,ALL_12_RETAINED_INTERFACES_AT_THE_SAME_RESIDUAL_SCARCITY_HOUR
AT,2019-01-21 20:00:00,EXT_CH_FR,CH,FR,2200.0,2200.0,4500.0,0.0,6700.0,True,False,ALL_12_RETAINED_INTERFACES_AT_THE_SAME_RESIDUAL_SCARCITY_HOUR
AT,2019-01-21 20:00:00,EXT_HR_SI,HR,SI,-1084.945946152945,1500.0,1500.0,2584.945946152945,415.054053847055,False,False,ALL_12_RETAINED_INTERFACES_AT_THE_SAME_RESIDUAL_SCARCITY_HOUR
AT,2019-01-21 20:00:00,IT_AT,AT,IT,-300.0,700.0,300.0,1000.0,0.0,False,True,ALL_12_RETAINED_INTERFACES_AT_THE_SAME_RESIDUAL_SCARCITY_HOUR
AT,2019-01-21 20:00:00,IT_CH,CH,IT,4600.0,4600.0,1900.0,0.0,6500.0,True,False,ALL_12_RETAINED_INTERFACES_AT_THE_SAME_RESIDUAL_SCARCITY_HOUR
AT,2019-01-21 20:00:00,IT_FR,FR,IT,-285.6084525911357,4500.0,2200.0,4785.608452591136,1914.3915474088644,False,False,ALL_12_RETAINED_INTERFACES_AT_THE_SAME_RESIDUAL_SCARCITY_HOUR
AT,2019-01-21 20:00:00,IT_GR,GR,IT,500.0,500.0,500.0,0.0,1000.0,True,False,ALL_12_RETAINED_INTERFACES_AT_THE_SAME_RESIDUAL_SCARCITY_HOUR
AT,2019-01-21 20:00:00,IT_ME,IT,ME,-489.1643208105866,600.0,600.0,1089.1643208105866,110.83567918941338,False,False,ALL_12_RETAINED_INTERFACES_AT_THE_SAME_RESIDUAL_SCARCITY_HOUR
AT,2019-01-21 20:00:00,IT_MT,IT,MT,-200.0,200.0,200.0,400.0,0.0,False,True,ALL_12_RETAINED_INTERFACES_AT_THE_SAME_RESIDUAL_SCARCITY_HOUR
AT,2019-01-21 20:00:00,IT_SI,IT,SI,1200.0,1200.0,1100.0,0.0,2300.0,True,False,ALL_12_RETAINED_INTERFACES_AT_THE_SAME_RESIDUAL_SCARCITY_HOUR
AT,2019-01-21 20:00:00,IT_TN,IT,TN,-600.0,600.0,600.0,1200.0,0.0,False,True,ALL_12_RETAINED_INTERFACES_AT_THE_SAME_RESIDUAL_SCARCITY_HOUR
AT,2019-01-21 21:00:00,EXT_AT_CH,AT,CH,-1200.0,1200.0,1200.0,2400.0,0.0,False,True,ALL_12_RETAINED_INTERFACES_AT_THE_SAME_RESIDUAL_SCARCITY_HOUR
AT,2019-01-21 21:00:00,EXT_AT_SI,AT,SI,1450.0,1450.0,1450.0,0.0,2900.0,True,False,ALL_12_RETAINED_INTERFACES_AT_THE_SAME_RESIDUAL_SCARCITY_HOUR
AT,2019-01-21 21:00:00,EXT_CH_FR,CH,FR,2200.0,2200.0,4500.0,0.0,6700.0,True,False,ALL_12_RETAINED_INTERFACES_AT_THE_SAME_RESIDUAL_SCARCITY_HOUR
AT,2019-01-21 21:00:00,EXT_HR_SI,HR,SI,-903.9650753892473,1500.0,1500.0,2403.9650753892474,596.0349246107527,False,False,ALL_12_RETAINED_INTERFACES_AT_THE_SAME_RESIDUAL_SCARCITY_HOUR
AT,2019-01-21 21:00:00,IT_AT,AT,IT,-300.0,700.0,300.0,1000.0,0.0,False,True,ALL_12_RETAINED_INTERFACES_AT_THE_SAME_RESIDUAL_SCARCITY_HOUR
AT,2019-01-21 21:00:00,IT_CH,CH,IT,4600.0,4600.0,1900.0,0.0,6500.0,True,False,ALL_12_RETAINED_INTERFACES_AT_THE_SAME_RESIDUAL_SCARCITY_HOUR
AT,2019-01-21 21:00:00,IT_FR,FR,IT,4436.709782122001,4500.0,2200.0,63.29021787799866,6636.709782122001,False,False,ALL_12_RETAINED_INTERFACES_AT_THE_SAME_RESIDUAL_SCARCITY_HOUR
AT,2019-01-21 21:00:00,IT_GR,GR,IT,500.0,500.0,500.0,0.0,1000.0,True,False,ALL_12_RETAINED_INTERFACES_AT_THE_SAME_RESIDUAL_SCARCITY_HOUR
AT,2019-01-21 21:00:00,IT_ME,IT,ME,-511.2348331537522,600.0,600.0,1111.2348331537523,88.76516684624778,False,False,ALL_12_RETAINED_INTERFACES_AT_THE_SAME_RESIDUAL_SCARCITY_HOUR
AT,2019-01-21 21:00:00,IT_MT,IT,MT,-200.0,200.0,200.0,400.0,0.0,False,True,ALL_12_RETAINED_INTERFACES_AT_THE_SAME_RESIDUAL_SCARCITY_HOUR
AT,2019-01-21 21:00:00,IT_SI,IT,SI,-68.97837549641372,1200.0,1100.0,1268.9783754964137,1031.0216245035863,False,False,ALL_12_RETAINED_INTERFACES_AT_THE_SAME_RESIDUAL_SCARCITY_HOUR
AT,2019-01-21 21:00:00,IT_TN,IT,TN,-600.0,600.0,600.0,1200.0,0.0,False,True,ALL_12_RETAINED_INTERFACES_AT_THE_SAME_RESIDUAL_SCARCITY_HOUR
AT,2019-01-21 22:00:00,EXT_AT_CH,AT,CH,-1200.0,1200.0,1200.0,2400.0,0.0,False,True,ALL_12_RETAINED_INTERFACES_AT_THE_SAME_RESIDUAL_SCARCITY_HOUR
AT,2019-01-21 22:00:00,EXT_AT_SI,AT,SI,-1450.0,1450.0,1450.0,2900.0,0.0,False,True,ALL_12_RETAINED_INTERFACES_AT_THE_SAME_RESIDUAL_SCARCITY_HOUR
AT,2019-01-21 22:00:00,EXT_CH_FR,CH,FR,2200.0,2200.0,4500.0,0.0,6700.0,True,False,ALL_12_RETAINED_INTERFACES_AT_THE_SAME_RESIDUAL_SCARCITY_HOUR
AT,2019-01-21 22:00:00,EXT_HR_SI,HR,SI,-652.2319190908371,1500.0,1500.0,2152.231919090837,847.7680809091629,False,False,ALL_12_RETAINED_INTERFACES_AT_THE_SAME_RESIDUAL_SCARCITY_HOUR
AT,2019-01-21 22:00:00,IT_AT,AT,IT,-300.0,700.0,300.0,1000.0,0.0,False,True,ALL_12_RETAINED_INTERFACES_AT_THE_SAME_RESIDUAL_SCARCITY_HOUR
AT,2019-01-21 22:00:00,IT_CH,CH,IT,4600.0,4600.0,1900.0,0.0,6500.0,True,False,ALL_12_RETAINED_INTERFACES_AT_THE_SAME_RESIDUAL_SCARCITY_HOUR
AT,2019-01-21 22:00:00,IT_FR,FR,IT,4500.0,4500.0,2200.0,0.0,6700.0,True,False,ALL_12_RETAINED_INTERFACES_AT_THE_SAME_RESIDUAL_SCARCITY_HOUR
AT,2019-01-21 22:00:00,IT_GR,GR,IT,500.0,500.0,500.0,0.0,1000.0,True,False,ALL_12_RETAINED_INTERFACES_AT_THE_SAME_RESIDUAL_SCARCITY_HOUR
AT,2019-01-21 22:00:00,IT_ME,IT,ME,-533.6512998495243,600.0,600.0,1133.6512998495243,66.34870015047568,False,False,ALL_12_RETAINED_INTERFACES_AT_THE_SAME_RESIDUAL_SCARCITY_HOUR
AT,2019-01-21 22:00:00,IT_MT,IT,MT,-200.0,200.0,200.0,400.0,0.0,False,True,ALL_12_RETAINED_INTERFACES_AT_THE_SAME_RESIDUAL_SCARCITY_HOUR
AT,2019-01-21 22:00:00,IT_SI,IT,SI,-540.4175781299699,1200.0,1100.0,1740.41757812997,559.5824218700301,False,False,ALL_12_RETAINED_INTERFACES_AT_THE_SAME_RESIDUAL_SCARCITY_HOUR
AT,2019-01-21 22:00:00,IT_TN,IT,TN,-600.0,600.0,600.0,1200.0,0.0,False,True,ALL_12_RETAINED_INTERFACES_AT_THE_SAME_RESIDUAL_SCARCITY_HOUR
AT,2019-01-21 23:00:00,EXT_AT_CH,AT,CH,-1200.0,1200.0,1200.0,2400.0,0.0,False,True,ALL_12_RETAINED_INTERFACES_AT_THE_SAME_RESIDUAL_SCARCITY_HOUR
AT,2019-01-21 23:00:00,EXT_AT_SI,AT,SI,-1450.0,1450.0,1450.0,2900.0,0.0,False,True,ALL_12_RETAINED_INTERFACES_AT_THE_SAME_RESIDUAL_SCARCITY_HOUR
AT,2019-01-21 23:00:00,EXT_CH_FR,CH,FR,-2589.8241482165977,2200.0,4500.0,4789.824148216598,1910.1758517834023,False,False,ALL_12_RETAINED_INTERFACES_AT_THE_SAME_RESIDUAL_SCARCITY_HOUR
AT,2019-01-21 23:00:00,EXT_HR_SI,HR,SI,-264.1992896875503,1500.0,1500.0,1764.1992896875504,1235.8007103124496,False,False,ALL_12_RETAINED_INTERFACES_AT_THE_SAME_RESIDUAL_SCARCITY_HOUR
AT,2019-01-21 23:00:00,IT_AT,AT,IT,-300.0,700.0,300.0,1000.0,0.0,False,True,ALL_12_RETAINED_INTERFACES_AT_THE_SAME_RESIDUAL_SCARCITY_HOUR
AT,2019-01-21 23:00:00,IT_CH,CH,IT,4600.0,4600.0,1900.0,0.0,6500.0,True,False,ALL_12_RETAINED_INTERFACES_AT_THE_SAME_RESIDUAL_SCARCITY_HOUR
AT,2019-01-21 23:00:00,IT_FR,FR,IT,4500.0,4500.0,2200.0,0.0,6700.0,True,False,ALL_12_RETAINED_INTERFACES_AT_THE_SAME_RESIDUAL_SCARCITY_HOUR
AT,2019-01-21 23:00:00,IT_GR,GR,IT,500.0,500.0,500.0,0.0,1000.0,True,False,ALL_12_RETAINED_INTERFACES_AT_THE_SAME_RESIDUAL_SCARCITY_HOUR
AT,2019-01-21 23:00:00,IT_ME,IT,ME,-574.0957386839053,600.0,600.0,1174.0957386839054,25.904261316094676,False,False,ALL_12_RETAINED_INTERFACES_AT_THE_SAME_RESIDUAL_SCARCITY_HOUR
AT,2019-01-21 23:00:00,IT_MT,IT,MT,-200.0,200.0,200.0,400.0,0.0,False,True,ALL_12_RETAINED_INTERFACES_AT_THE_SAME_RESIDUAL_SCARCITY_HOUR
AT,2019-01-21 23:00:00,IT_SI,IT,SI,1200.0,1200.0,1100.0,0.0,2300.0,True,False,ALL_12_RETAINED_INTERFACES_AT_THE_SAME_RESIDUAL_SCARCITY_HOUR
AT,2019-01-21 23:00:00,IT_TN,IT,TN,-600.0,600.0,600.0,1200.0,0.0,False,True,ALL_12_RETAINED_INTERFACES_AT_THE_SAME_RESIDUAL_SCARCITY_HOUR
AT,2019-01-22 00:00:00,EXT_AT_CH,AT,CH,-1200.0,1200.0,1200.0,2400.0,0.0,False,True,ALL_12_RETAINED_INTERFACES_AT_THE_SAME_RESIDUAL_SCARCITY_HOUR
AT,2019-01-22 00:00:00,EXT_AT_SI,AT,SI,-1450.0,1450.0,1450.0,2900.0,0.0,False,True,ALL_12_RETAINED_INTERFACES_AT_THE_SAME_RESIDUAL_SCARCITY_HOUR
AT,2019-01-22 00:00:00,EXT_CH_FR,CH,FR,-4048.0653906562097,2200.0,4500.0,6248.065390656209,451.93460934379027,False,False,ALL_12_RETAINED_INTERFACES_AT_THE_SAME_RESIDUAL_SCARCITY_HOUR
AT,2019-01-22 00:00:00,EXT_HR_SI,HR,SI,-13.722315309660551,1500.0,1500.0,1513.7223153096606,1486.2776846903394,False,False,ALL_12_RETAINED_INTERFACES_AT_THE_SAME_RESIDUAL_SCARCITY_HOUR
AT,2019-01-22 00:00:00,IT_AT,AT,IT,-300.0,700.0,300.0,1000.0,0.0,False,True,ALL_12_RETAINED_INTERFACES_AT_THE_SAME_RESIDUAL_SCARCITY_HOUR
AT,2019-01-22 00:00:00,IT_CH,CH,IT,4600.0,4600.0,1900.0,0.0,6500.0,True,False,ALL_12_RETAINED_INTERFACES_AT_THE_SAME_RESIDUAL_SCARCITY_HOUR
AT,2019-01-22 00:00:00,IT_FR,FR,IT,4500.0,4500.0,2200.0,0.0,6700.0,True,False,ALL_12_RETAINED_INTERFACES_AT_THE_SAME_RESIDUAL_SCARCITY_HOUR
AT,2019-01-22 00:00:00,IT_GR,GR,IT,500.0,500.0,500.0,0.0,1000.0,True,False,ALL_12_RETAINED_INTERFACES_AT_THE_SAME_RESIDUAL_SCARCITY_HOUR
AT,2019-01-22 00:00:00,IT_ME,IT,ME,-600.0,600.0,600.0,1200.0,0.0,False,True,ALL_12_RETAINED_INTERFACES_AT_THE_SAME_RESIDUAL_SCARCITY_HOUR
AT,2019-01-22 00:00:00,IT_MT,IT,MT,-200.0,200.0,200.0,400.0,0.0,False,True,ALL_12_RETAINED_INTERFACES_AT_THE_SAME_RESIDUAL_SCARCITY_HOUR
AT,2019-01-22 00:00:00,IT_SI,IT,SI,1200.0,1200.0,1100.0,0.0,2300.0,True,False,ALL_12_RETAINED_INTERFACES_AT_THE_SAME_RESIDUAL_SCARCITY_HOUR
AT,2019-01-22 00:00:00,IT_TN,IT,TN,-600.0,600.0,600.0,1200.0,0.0,False,True,ALL_12_RETAINED_INTERFACES_AT_THE_SAME_RESIDUAL_SCARCITY_HOUR
AT,2019-01-22 01:00:00,EXT_AT_CH,AT,CH,-1200.0,1200.0,1200.0,2400.0,0.0,False,True,ALL_12_RETAINED_INTERFACES_AT_THE_SAME_RESIDUAL_SCARCITY_HOUR
AT,2019-01-22 01:00:00,EXT_AT_SI,AT,SI,-1450.0,1450.0,1450.0,2900.0,0.0,False,True,ALL_12_RETAINED_INTERFACES_AT_THE_SAME_RESIDUAL_SCARCITY_HOUR
AT,2019-01-22 01:00:00,EXT_CH_FR,CH,FR,-4222.074532869708,2200.0,4500.0,6422.074532869708,277.9254671302924,False,False,ALL_12_RETAINED_INTERFACES_AT_THE_SAME_RESIDUAL_SCARCITY_HOUR
AT,2019-01-22 01:00:00,EXT_HR_SI,HR,SI,159.51549412415514,1500.0,1500.0,1340.484505875845,1659.515494124155,False,False,ALL_12_RETAINED_INTERFACES_AT_THE_SAME_RESIDUAL_SCARCITY_HOUR
AT,2019-01-22 01:00:00,IT_AT,AT,IT,-300.0,700.0,300.0,1000.0,0.0,False,True,ALL_12_RETAINED_INTERFACES_AT_THE_SAME_RESIDUAL_SCARCITY_HOUR
AT,2019-01-22 01:00:00,IT_CH,CH,IT,4600.0,4600.0,1900.0,0.0,6500.0,True,False,ALL_12_RETAINED_INTERFACES_AT_THE_SAME_RESIDUAL_SCARCITY_HOUR
AT,2019-01-22 01:00:00,IT_FR,FR,IT,4500.0,4500.0,2200.0,0.0,6700.0,True,False,ALL_12_RETAINED_INTERFACES_AT_THE_SAME_RESIDUAL_SCARCITY_HOUR
AT,2019-01-22 01:00:00,IT_GR,GR,IT,500.0,500.0,500.0,0.0,1000.0,True,False,ALL_12_RETAINED_INTERFACES_AT_THE_SAME_RESIDUAL_SCARCITY_HOUR
AT,2019-01-22 01:00:00,IT_ME,IT,ME,-600.0,600.0,600.0,1200.0,0.0,False,True,ALL_12_RETAINED_INTERFACES_AT_THE_SAME_RESIDUAL_SCARCITY_HOUR
AT,2019-01-22 01:00:00,IT_MT,IT,MT,-200.0,200.0,200.0,400.0,0.0,False,True,ALL_12_RETAINED_INTERFACES_AT_THE_SAME_RESIDUAL_SCARCITY_HOUR
AT,2019-01-22 01:00:00,IT_SI,IT,SI,1200.0,1200.0,1100.0,0.0,2300.0,True,False,ALL_12_RETAINED_INTERFACES_AT_THE_SAME_RESIDUAL_SCARCITY_HOUR
AT,2019-01-22 01:00:00,IT_TN,IT,TN,-600.0,600.0,600.0,1200.0,0.0,False,True,ALL_12_RETAINED_INTERFACES_AT_THE_SAME_RESIDUAL_SCARCITY_HOUR
AT,2019-01-22 02:00:00,EXT_AT_CH,AT,CH,-1200.0,1200.0,1200.0,2400.0,0.0,False,True,ALL_12_RETAINED_INTERFACES_AT_THE_SAME_RESIDUAL_SCARCITY_HOUR
AT,2019-01-22 02:00:00,EXT_AT_SI,AT,SI,-1450.0,1450.0,1450.0,2900.0,0.0,False,True,ALL_12_RETAINED_INTERFACES_AT_THE_SAME_RESIDUAL_SCARCITY_HOUR
AT,2019-01-22 02:00:00,EXT_CH_FR,CH,FR,-4500.0,2200.0,4500.0,6700.0,0.0,False,True,ALL_12_RETAINED_INTERFACES_AT_THE_SAME_RESIDUAL_SCARCITY_HOUR
AT,2019-01-22 02:00:00,EXT_HR_SI,HR,SI,537.574278899499,1500.0,1500.0,962.425721100501,2037.574278899499,False,False,ALL_12_RETAINED_INTERFACES_AT_THE_SAME_RESIDUAL_SCARCITY_HOUR
AT,2019-01-22 02:00:00,IT_AT,AT,IT,-300.0,700.0,300.0,1000.0,0.0,False,True,ALL_12_RETAINED_INTERFACES_AT_THE_SAME_RESIDUAL_SCARCITY_HOUR
AT,2019-01-22 02:00:00,IT_CH,CH,IT,4600.0,4600.0,1900.0,0.0,6500.0,True,False,ALL_12_RETAINED_INTERFACES_AT_THE_SAME_RESIDUAL_SCARCITY_HOUR
AT,2019-01-22 02:00:00,IT_FR,FR,IT,4500.0,4500.0,2200.0,0.0,6700.0,True,False,ALL_12_RETAINED_INTERFACES_AT_THE_SAME_RESIDUAL_SCARCITY_HOUR
AT,2019-01-22 02:00:00,IT_GR,GR,IT,500.0,500.0,500.0,0.0,1000.0,True,False,ALL_12_RETAINED_INTERFACES_AT_THE_SAME_RESIDUAL_SCARCITY_HOUR
AT,2019-01-22 02:00:00,IT_ME,IT,ME,-600.0,600.0,600.0,1200.0,0.0,False,True,ALL_12_RETAINED_INTERFACES_AT_THE_SAME_RESIDUAL_SCARCITY_HOUR
AT,2019-01-22 02:00:00,IT_MT,IT,MT,-200.0,200.0,200.0,400.0,0.0,False,True,ALL_12_RETAINED_INTERFACES_AT_THE_SAME_RESIDUAL_SCARCITY_HOUR
AT,2019-01-22 02:00:00,IT_SI,IT,SI,1200.0,1200.0,1100.0,0.0,2300.0,True,False,ALL_12_RETAINED_INTERFACES_AT_THE_SAME_RESIDUAL_SCARCITY_HOUR
AT,2019-01-22 02:00:00,IT_TN,IT,TN,-600.0,600.0,600.0,1200.0,0.0,False,True,ALL_12_RETAINED_INTERFACES_AT_THE_SAME_RESIDUAL_SCARCITY_HOUR
AT,2019-01-22 03:00:00,EXT_AT_CH,AT,CH,-1200.0,1200.0,1200.0,2400.0,0.0,False,True,ALL_12_RETAINED_INTERFACES_AT_THE_SAME_RESIDUAL_SCARCITY_HOUR
AT,2019-01-22 03:00:00,EXT_AT_SI,AT,SI,-1450.0,1450.0,1450.0,2900.0,0.0,False,True,ALL_12_RETAINED_INTERFACES_AT_THE_SAME_RESIDUAL_SCARCITY_HOUR
AT,2019-01-22 03:00:00,EXT_CH_FR,CH,FR,-4500.0,2200.0,4500.0,6700.0,0.0,False,True,ALL_12_RETAINED_INTERFACES_AT_THE_SAME_RESIDUAL_SCARCITY_HOUR
AT,2019-01-22 03:00:00,EXT_HR_SI,HR,SI,274.5532438579084,1500.0,1500.0,1225.4467561420915,1774.5532438579085,False,False,ALL_12_RETAINED_INTERFACES_AT_THE_SAME_RESIDUAL_SCARCITY_HOUR
AT,2019-01-22 03:00:00,IT_AT,AT,IT,-300.0,700.0,300.0,1000.0,0.0,False,True,ALL_12_RETAINED_INTERFACES_AT_THE_SAME_RESIDUAL_SCARCITY_HOUR
AT,2019-01-22 03:00:00,IT_CH,CH,IT,4600.0,4600.0,1900.0,0.0,6500.0,True,False,ALL_12_RETAINED_INTERFACES_AT_THE_SAME_RESIDUAL_SCARCITY_HOUR
AT,2019-01-22 03:00:00,IT_FR,FR,IT,4500.0,4500.0,2200.0,0.0,6700.0,True,False,ALL_12_RETAINED_INTERFACES_AT_THE_SAME_RESIDUAL_SCARCITY_HOUR
AT,2019-01-22 03:00:00,IT_GR,GR,IT,500.0,500.0,500.0,0.0,1000.0,True,False,ALL_12_RETAINED_INTERFACES_AT_THE_SAME_RESIDUAL_SCARCITY_HOUR
AT,2019-01-22 03:00:00,IT_ME,IT,ME,-600.0,600.0,600.0,1200.0,0.0,False,True,ALL_12_RETAINED_INTERFACES_AT_THE_SAME_RESIDUAL_SCARCITY_HOUR
AT,2019-01-22 03:00:00,IT_MT,IT,MT,-200.0,200.0,200.0,400.0,0.0,False,True,ALL_12_RETAINED_INTERFACES_AT_THE_SAME_RESIDUAL_SCARCITY_HOUR
AT,2019-01-22 03:00:00,IT_SI,IT,SI,1200.0,1200.0,1100.0,0.0,2300.0,True,False,ALL_12_RETAINED_INTERFACES_AT_THE_SAME_RESIDUAL_SCARCITY_HOUR
AT,2019-01-22 03:00:00,IT_TN,IT,TN,-600.0,600.0,600.0,1200.0,0.0,False,True,ALL_12_RETAINED_INTERFACES_AT_THE_SAME_RESIDUAL_SCARCITY_HOUR
AT,2019-01-22 04:00:00,EXT_AT_CH,AT,CH,-1200.0,1200.0,1200.0,2400.0,0.0,False,True,ALL_12_RETAINED_INTERFACES_AT_THE_SAME_RESIDUAL_SCARCITY_HOUR
AT,2019-01-22 04:00:00,EXT_AT_SI,AT,SI,-1450.0,1450.0,1450.0,2900.0,0.0,False,True,ALL_12_RETAINED_INTERFACES_AT_THE_SAME_RESIDUAL_SCARCITY_HOUR
AT,2019-01-22 04:00:00,EXT_CH_FR,CH,FR,-4500.0,2200.0,4500.0,6700.0,0.0,False,True,ALL_12_RETAINED_INTERFACES_AT_THE_SAME_RESIDUAL_SCARCITY_HOUR
AT,2019-01-22 04:00:00,EXT_HR_SI,HR,SI,135.1919900013427,1500.0,1500.0,1364.8080099986573,1635.1919900013427,False,False,ALL_12_RETAINED_INTERFACES_AT_THE_SAME_RESIDUAL_SCARCITY_HOUR
AT,2019-01-22 04:00:00,IT_AT,AT,IT,-300.0,700.0,300.0,1000.0,0.0,False,True,ALL_12_RETAINED_INTERFACES_AT_THE_SAME_RESIDUAL_SCARCITY_HOUR
AT,2019-01-22 04:00:00,IT_CH,CH,IT,4600.0,4600.0,1900.0,0.0,6500.0,True,False,ALL_12_RETAINED_INTERFACES_AT_THE_SAME_RESIDUAL_SCARCITY_HOUR
AT,2019-01-22 04:00:00,IT_FR,FR,IT,4500.0,4500.0,2200.0,0.0,6700.0,True,False,ALL_12_RETAINED_INTERFACES_AT_THE_SAME_RESIDUAL_SCARCITY_HOUR
AT,2019-01-22 04:00:00,IT_GR,GR,IT,500.0,500.0,500.0,0.0,1000.0,True,False,ALL_12_RETAINED_INTERFACES_AT_THE_SAME_RESIDUAL_SCARCITY_HOUR
AT,2019-01-22 04:00:00,IT_ME,IT,ME,-600.0,600.0,600.0,1200.0,0.0,False,True,ALL_12_RETAINED_INTERFACES_AT_THE_SAME_RESIDUAL_SCARCITY_HOUR
AT,2019-01-22 04:00:00,IT_MT,IT,MT,-200.0,200.0,200.0,400.0,0.0,False,True,ALL_12_RETAINED_INTERFACES_AT_THE_SAME_RESIDUAL_SCARCITY_HOUR
AT,2019-01-22 04:00:00,IT_SI,IT,SI,1200.0,1200.0,1100.0,0.0,2300.0,True,False,ALL_12_RETAINED_INTERFACES_AT_THE_SAME_RESIDUAL_SCARCITY_HOUR
AT,2019-01-22 04:00:00,IT_TN,IT,TN,-600.0,600.0,600.0,1200.0,0.0,False,True,ALL_12_RETAINED_INTERFACES_AT_THE_SAME_RESIDUAL_SCARCITY_HOUR
AT,2019-01-22 05:00:00,EXT_AT_CH,AT,CH,-1200.0,1200.0,1200.0,2400.0,0.0,False,True,ALL_12_RETAINED_INTERFACES_AT_THE_SAME_RESIDUAL_SCARCITY_HOUR
AT,2019-01-22 05:00:00,EXT_AT_SI,AT,SI,1450.0,1450.0,1450.0,0.0,2900.0,True,False,ALL_12_RETAINED_INTERFACES_AT_THE_SAME_RESIDUAL_SCARCITY_HOUR
AT,2019-01-22 05:00:00,EXT_CH_FR,CH,FR,-4500.0,2200.0,4500.0,6700.0,0.0,False,True,ALL_12_RETAINED_INTERFACES_AT_THE_SAME_RESIDUAL_SCARCITY_HOUR
AT,2019-01-22 05:00:00,EXT_HR_SI,HR,SI,-336.2073532391031,1500.0,1500.0,1836.2073532391032,1163.7926467608968,False,False,ALL_12_RETAINED_INTERFACES_AT_THE_SAME_RESIDUAL_SCARCITY_HOUR
AT,2019-01-22 05:00:00,IT_AT,AT,IT,-300.0,700.0,300.0,1000.0,0.0,False,True,ALL_12_RETAINED_INTERFACES_AT_THE_SAME_RESIDUAL_SCARCITY_HOUR
AT,2019-01-22 05:00:00,IT_CH,CH,IT,4600.0,4600.0,1900.0,0.0,6500.0,True,False,ALL_12_RETAINED_INTERFACES_AT_THE_SAME_RESIDUAL_SCARCITY_HOUR
AT,2019-01-22 05:00:00,IT_FR,FR,IT,4500.0,4500.0,2200.0,0.0,6700.0,True,False,ALL_12_RETAINED_INTERFACES_AT_THE_SAME_RESIDUAL_SCARCITY_HOUR
AT,2019-01-22 05:00:00,IT_GR,GR,IT,500.0,500.0,500.0,0.0,1000.0,True,False,ALL_12_RETAINED_INTERFACES_AT_THE_SAME_RESIDUAL_SCARCITY_HOUR
AT,2019-01-22 05:00:00,IT_ME,IT,ME,-600.0,600.0,600.0,1200.0,0.0,False,True,ALL_12_RETAINED_INTERFACES_AT_THE_SAME_RESIDUAL_SCARCITY_HOUR
AT,2019-01-22 05:00:00,IT_MT,IT,MT,-200.0,200.0,200.0,400.0,0.0,False,True,ALL_12_RETAINED_INTERFACES_AT_THE_SAME_RESIDUAL_SCARCITY_HOUR
AT,2019-01-22 05:00:00,IT_SI,IT,SI,-1100.0,1200.0,1100.0,2300.0,0.0,False,True,ALL_12_RETAINED_INTERFACES_AT_THE_SAME_RESIDUAL_SCARCITY_HOUR
AT,2019-01-22 05:00:00,IT_TN,IT,TN,-600.0,600.0,600.0,1200.0,0.0,False,True,ALL_12_RETAINED_INTERFACES_AT_THE_SAME_RESIDUAL_SCARCITY_HOUR
AT,2019-01-22 06:00:00,EXT_AT_CH,AT,CH,-1200.0,1200.0,1200.0,2400.0,0.0,False,True,ALL_12_RETAINED_INTERFACES_AT_THE_SAME_RESIDUAL_SCARCITY_HOUR
AT,2019-01-22 06:00:00,EXT_AT_SI,AT,SI,-1073.426480918534,1450.0,1450.0,2523.4264809185343,376.573519081466,False,False,ALL_12_RETAINED_INTERFACES_AT_THE_SAME_RESIDUAL_SCARCITY_HOUR
AT,2019-01-22 06:00:00,EXT_CH_FR,CH,FR,-409.72218128845986,2200.0,4500.0,2609.72218128846,4090.27781871154,False,False,ALL_12_RETAINED_INTERFACES_AT_THE_SAME_RESIDUAL_SCARCITY_HOUR
AT,2019-01-22 06:00:00,EXT_HR_SI,HR,SI,1500.0,1500.0,1500.0,0.0,3000.0,True,False,ALL_12_RETAINED_INTERFACES_AT_THE_SAME_RESIDUAL_SCARCITY_HOUR
AT,2019-01-22 06:00:00,IT_AT,AT,IT,700.0,700.0,300.0,0.0,1000.0,True,False,ALL_12_RETAINED_INTERFACES_AT_THE_SAME_RESIDUAL_SCARCITY_HOUR
AT,2019-01-22 06:00:00,IT_CH,CH,IT,4600.0,4600.0,1900.0,0.0,6500.0,True,False,ALL_12_RETAINED_INTERFACES_AT_THE_SAME_RESIDUAL_SCARCITY_HOUR
AT,2019-01-22 06:00:00,IT_FR,FR,IT,4500.0,4500.0,2200.0,0.0,6700.0,True,False,ALL_12_RETAINED_INTERFACES_AT_THE_SAME_RESIDUAL_SCARCITY_HOUR
AT,2019-01-22 06:00:00,IT_GR,GR,IT,500.0,500.0,500.0,0.0,1000.0,True,False,ALL_12_RETAINED_INTERFACES_AT_THE_SAME_RESIDUAL_SCARCITY_HOUR
AT,2019-01-22 06:00:00,IT_ME,IT,ME,-600.0,600.0,600.0,1200.0,0.0,False,True,ALL_12_RETAINED_INTERFACES_AT_THE_SAME_RESIDUAL_SCARCITY_HOUR
AT,2019-01-22 06:00:00,IT_MT,IT,MT,-200.0,200.0,200.0,400.0,0.0,False,True,ALL_12_RETAINED_INTERFACES_AT_THE_SAME_RESIDUAL_SCARCITY_HOUR
AT,2019-01-22 06:00:00,IT_SI,IT,SI,1200.0,1200.0,1100.0,0.0,2300.0,True,False,ALL_12_RETAINED_INTERFACES_AT_THE_SAME_RESIDUAL_SCARCITY_HOUR
AT,2019-01-22 06:00:00,IT_TN,IT,TN,-600.0,600.0,600.0,1200.0,0.0,False,True,ALL_12_RETAINED_INTERFACES_AT_THE_SAME_RESIDUAL_SCARCITY_HOUR
AT,2019-01-22 07:00:00,EXT_AT_CH,AT,CH,-1200.0,1200.0,1200.0,2400.0,0.0,False,True,ALL_12_RETAINED_INTERFACES_AT_THE_SAME_RESIDUAL_SCARCITY_HOUR
AT,2019-01-22 07:00:00,EXT_AT_SI,AT,SI,-1450.0,1450.0,1450.0,2900.0,0.0,False,True,ALL_12_RETAINED_INTERFACES_AT_THE_SAME_RESIDUAL_SCARCITY_HOUR
AT,2019-01-22 07:00:00,EXT_CH_FR,CH,FR,2200.0,2200.0,4500.0,0.0,6700.0,True,False,ALL_12_RETAINED_INTERFACES_AT_THE_SAME_RESIDUAL_SCARCITY_HOUR
AT,2019-01-22 07:00:00,EXT_HR_SI,HR,SI,-602.4276474157663,1500.0,1500.0,2102.4276474157664,897.5723525842337,False,False,ALL_12_RETAINED_INTERFACES_AT_THE_SAME_RESIDUAL_SCARCITY_HOUR
AT,2019-01-22 07:00:00,IT_AT,AT,IT,700.0,700.0,300.0,0.0,1000.0,True,False,ALL_12_RETAINED_INTERFACES_AT_THE_SAME_RESIDUAL_SCARCITY_HOUR
AT,2019-01-22 07:00:00,IT_CH,CH,IT,4600.0,4600.0,1900.0,0.0,6500.0,True,False,ALL_12_RETAINED_INTERFACES_AT_THE_SAME_RESIDUAL_SCARCITY_HOUR
AT,2019-01-22 07:00:00,IT_FR,FR,IT,4500.0,4500.0,2200.0,0.0,6700.0,True,False,ALL_12_RETAINED_INTERFACES_AT_THE_SAME_RESIDUAL_SCARCITY_HOUR
AT,2019-01-22 07:00:00,IT_GR,GR,IT,500.0,500.0,500.0,0.0,1000.0,True,False,ALL_12_RETAINED_INTERFACES_AT_THE_SAME_RESIDUAL_SCARCITY_HOUR
AT,2019-01-22 07:00:00,IT_ME,IT,ME,-600.0,600.0,600.0,1200.0,0.0,False,True,ALL_12_RETAINED_INTERFACES_AT_THE_SAME_RESIDUAL_SCARCITY_HOUR
AT,2019-01-22 07:00:00,IT_MT,IT,MT,-200.0,200.0,200.0,400.0,0.0,False,True,ALL_12_RETAINED_INTERFACES_AT_THE_SAME_RESIDUAL_SCARCITY_HOUR
AT,2019-01-22 07:00:00,IT_SI,IT,SI,-1100.0,1200.0,1100.0,2300.0,0.0,False,True,ALL_12_RETAINED_INTERFACES_AT_THE_SAME_RESIDUAL_SCARCITY_HOUR
AT,2019-01-22 07:00:00,IT_TN,IT,TN,-600.0,600.0,600.0,1200.0,0.0,False,True,ALL_12_RETAINED_INTERFACES_AT_THE_SAME_RESIDUAL_SCARCITY_HOUR
AT,2019-01-22 17:00:00,EXT_AT_CH,AT,CH,-1200.0,1200.0,1200.0,2400.0,0.0,False,True,ALL_12_RETAINED_INTERFACES_AT_THE_SAME_RESIDUAL_SCARCITY_HOUR
AT,2019-01-22 17:00:00,EXT_AT_SI,AT,SI,-1450.0,1450.0,1450.0,2900.0,0.0,False,True,ALL_12_RETAINED_INTERFACES_AT_THE_SAME_RESIDUAL_SCARCITY_HOUR
AT,2019-01-22 17:00:00,EXT_CH_FR,CH,FR,2200.0,2200.0,4500.0,0.0,6700.0,True,False,ALL_12_RETAINED_INTERFACES_AT_THE_SAME_RESIDUAL_SCARCITY_HOUR
AT,2019-01-22 17:00:00,EXT_HR_SI,HR,SI,-995.7119433934153,1500.0,1500.0,2495.7119433934154,504.28805660658475,False,False,ALL_12_RETAINED_INTERFACES_AT_THE_SAME_RESIDUAL_SCARCITY_HOUR
AT,2019-01-22 17:00:00,IT_AT,AT,IT,-300.0,700.0,300.0,1000.0,0.0,False,True,ALL_12_RETAINED_INTERFACES_AT_THE_SAME_RESIDUAL_SCARCITY_HOUR
AT,2019-01-22 17:00:00,IT_CH,CH,IT,4600.0,4600.0,1900.0,0.0,6500.0,True,False,ALL_12_RETAINED_INTERFACES_AT_THE_SAME_RESIDUAL_SCARCITY_HOUR
AT,2019-01-22 17:00:00,IT_FR,FR,IT,4500.0,4500.0,2200.0,0.0,6700.0,True,False,ALL_12_RETAINED_INTERFACES_AT_THE_SAME_RESIDUAL_SCARCITY_HOUR
AT,2019-01-22 17:00:00,IT_GR,GR,IT,500.0,500.0,500.0,0.0,1000.0,True,False,ALL_12_RETAINED_INTERFACES_AT_THE_SAME_RESIDUAL_SCARCITY_HOUR
AT,2019-01-22 17:00:00,IT_ME,IT,ME,-480.4719921272596,600.0,600.0,1080.4719921272597,119.52800787274037,False,False,ALL_12_RETAINED_INTERFACES_AT_THE_SAME_RESIDUAL_SCARCITY_HOUR
AT,2019-01-22 17:00:00,IT_MT,IT,MT,23.731789405755592,200.0,200.0,176.2682105942444,223.7317894057556,False,False,ALL_12_RETAINED_INTERFACES_AT_THE_SAME_RESIDUAL_SCARCITY_HOUR
AT,2019-01-22 17:00:00,IT_SI,IT,SI,1200.0,1200.0,1100.0,0.0,2300.0,True,False,ALL_12_RETAINED_INTERFACES_AT_THE_SAME_RESIDUAL_SCARCITY_HOUR
AT,2019-01-22 17:00:00,IT_TN,IT,TN,-600.0,600.0,600.0,1200.0,0.0,False,True,ALL_12_RETAINED_INTERFACES_AT_THE_SAME_RESIDUAL_SCARCITY_HOUR
AT,2019-01-22 18:00:00,EXT_AT_CH,AT,CH,-1200.0,1200.0,1200.0,2400.0,0.0,False,True,ALL_12_RETAINED_INTERFACES_AT_THE_SAME_RESIDUAL_SCARCITY_HOUR
AT,2019-01-22 18:00:00,EXT_AT_SI,AT,SI,-1450.0,1450.0,1450.0,2900.0,0.0,False,True,ALL_12_RETAINED_INTERFACES_AT_THE_SAME_RESIDUAL_SCARCITY_HOUR
AT,2019-01-22 18:00:00,EXT_CH_FR,CH,FR,2200.0,2200.0,4500.0,0.0,6700.0,True,False,ALL_12_RETAINED_INTERFACES_AT_THE_SAME_RESIDUAL_SCARCITY_HOUR
AT,2019-01-22 18:00:00,EXT_HR_SI,HR,SI,-1070.6201162371099,1500.0,1500.0,2570.62011623711,429.37988376289013,False,False,ALL_12_RETAINED_INTERFACES_AT_THE_SAME_RESIDUAL_SCARCITY_HOUR
AT,2019-01-22 18:00:00,IT_AT,AT,IT,-300.0,700.0,300.0,1000.0,0.0,False,True,ALL_12_RETAINED_INTERFACES_AT_THE_SAME_RESIDUAL_SCARCITY_HOUR
AT,2019-01-22 18:00:00,IT_CH,CH,IT,4600.0,4600.0,1900.0,0.0,6500.0,True,False,ALL_12_RETAINED_INTERFACES_AT_THE_SAME_RESIDUAL_SCARCITY_HOUR
AT,2019-01-22 18:00:00,IT_FR,FR,IT,4500.0,4500.0,2200.0,0.0,6700.0,True,False,ALL_12_RETAINED_INTERFACES_AT_THE_SAME_RESIDUAL_SCARCITY_HOUR
AT,2019-01-22 18:00:00,IT_GR,GR,IT,500.0,500.0,500.0,0.0,1000.0,True,False,ALL_12_RETAINED_INTERFACES_AT_THE_SAME_RESIDUAL_SCARCITY_HOUR
AT,2019-01-22 18:00:00,IT_ME,IT,ME,-544.2843932490154,600.0,600.0,1144.2843932490155,55.71560675098465,False,False,ALL_12_RETAINED_INTERFACES_AT_THE_SAME_RESIDUAL_SCARCITY_HOUR
AT,2019-01-22 18:00:00,IT_MT,IT,MT,57.310334833602155,200.0,200.0,142.68966516639784,257.31033483360216,False,False,ALL_12_RETAINED_INTERFACES_AT_THE_SAME_RESIDUAL_SCARCITY_HOUR
AT,2019-01-22 18:00:00,IT_SI,IT,SI,1200.0,1200.0,1100.0,0.0,2300.0,True,False,ALL_12_RETAINED_INTERFACES_AT_THE_SAME_RESIDUAL_SCARCITY_HOUR
AT,2019-01-22 18:00:00,IT_TN,IT,TN,-600.0,600.0,600.0,1200.0,0.0,False,True,ALL_12_RETAINED_INTERFACES_AT_THE_SAME_RESIDUAL_SCARCITY_HOUR
AT,2019-01-22 19:00:00,EXT_AT_CH,AT,CH,-1200.0,1200.0,1200.0,2400.0,0.0,False,True,ALL_12_RETAINED_INTERFACES_AT_THE_SAME_RESIDUAL_SCARCITY_HOUR
AT,2019-01-22 19:00:00,EXT_AT_SI,AT,SI,-1450.0,1450.0,1450.0,2900.0,0.0,False,True,ALL_12_RETAINED_INTERFACES_AT_THE_SAME_RESIDUAL_SCARCITY_HOUR
AT,2019-01-22 19:00:00,EXT_CH_FR,CH,FR,1276.1263700264171,2200.0,4500.0,923.8736299735829,5776.126370026417,False,False,ALL_12_RETAINED_INTERFACES_AT_THE_SAME_RESIDUAL_SCARCITY_HOUR
AT,2019-01-22 19:00:00,EXT_HR_SI,HR,SI,-1047.3135589917888,1500.0,1500.0,2547.313558991789,452.6864410082112,False,False,ALL_12_RETAINED_INTERFACES_AT_THE_SAME_RESIDUAL_SCARCITY_HOUR
AT,2019-01-22 19:00:00,IT_AT,AT,IT,-300.0,700.0,300.0,1000.0,0.0,False,True,ALL_12_RETAINED_INTERFACES_AT_THE_SAME_RESIDUAL_SCARCITY_HOUR
AT,2019-01-22 19:00:00,IT_CH,CH,IT,4600.0,4600.0,1900.0,0.0,6500.0,True,False,ALL_12_RETAINED_INTERFACES_AT_THE_SAME_RESIDUAL_SCARCITY_HOUR
AT,2019-01-22 19:00:00,IT_FR,FR,IT,4500.0,4500.0,2200.0,0.0,6700.0,True,False,ALL_12_RETAINED_INTERFACES_AT_THE_SAME_RESIDUAL_SCARCITY_HOUR
AT,2019-01-22 19:00:00,IT_GR,GR,IT,500.0,500.0,500.0,0.0,1000.0,True,False,ALL_12_RETAINED_INTERFACES_AT_THE_SAME_RESIDUAL_SCARCITY_HOUR
AT,2019-01-22 19:00:00,IT_ME,IT,ME,-507.99881402228266,600.0,600.0,1107.9988140222827,92.00118597771734,False,False,ALL_12_RETAINED_INTERFACES_AT_THE_SAME_RESIDUAL_SCARCITY_HOUR
AT,2019-01-22 19:00:00,IT_MT,IT,MT,75.49783022424305,200.0,200.0,124.50216977575695,275.49783022424305,False,False,ALL_12_RETAINED_INTERFACES_AT_THE_SAME_RESIDUAL_SCARCITY_HOUR
AT,2019-01-22 19:00:00,IT_SI,IT,SI,1200.0,1200.0,1100.0,0.0,2300.0,True,False,ALL_12_RETAINED_INTERFACES_AT_THE_SAME_RESIDUAL_SCARCITY_HOUR
AT,2019-01-22 19:00:00,IT_TN,IT,TN,-600.0,600.0,600.0,1200.0,0.0,False,True,ALL_12_RETAINED_INTERFACES_AT_THE_SAME_RESIDUAL_SCARCITY_HOUR
AT,2019-01-22 20:00:00,EXT_AT_CH,AT,CH,-1200.0,1200.0,1200.0,2400.0,0.0,False,True,ALL_12_RETAINED_INTERFACES_AT_THE_SAME_RESIDUAL_SCARCITY_HOUR
AT,2019-01-22 20:00:00,EXT_AT_SI,AT,SI,-1450.0,1450.0,1450.0,2900.0,0.0,False,True,ALL_12_RETAINED_INTERFACES_AT_THE_SAME_RESIDUAL_SCARCITY_HOUR
AT,2019-01-22 20:00:00,EXT_CH_FR,CH,FR,-4500.0,2200.0,4500.0,6700.0,0.0,False,True,ALL_12_RETAINED_INTERFACES_AT_THE_SAME_RESIDUAL_SCARCITY_HOUR
AT,2019-01-22 20:00:00,EXT_HR_SI,HR,SI,-1106.789095432484,1500.0,1500.0,2606.789095432484,393.2109045675161,False,False,ALL_12_RETAINED_INTERFACES_AT_THE_SAME_RESIDUAL_SCARCITY_HOUR
AT,2019-01-22 20:00:00,IT_AT,AT,IT,-300.0,700.0,300.0,1000.0,0.0,False,True,ALL_12_RETAINED_INTERFACES_AT_THE_SAME_RESIDUAL_SCARCITY_HOUR
AT,2019-01-22 20:00:00,IT_CH,CH,IT,4600.0,4600.0,1900.0,0.0,6500.0,True,False,ALL_12_RETAINED_INTERFACES_AT_THE_SAME_RESIDUAL_SCARCITY_HOUR
AT,2019-01-22 20:00:00,IT_FR,FR,IT,4500.0,4500.0,2200.0,0.0,6700.0,True,False,ALL_12_RETAINED_INTERFACES_AT_THE_SAME_RESIDUAL_SCARCITY_HOUR
AT,2019-01-22 20:00:00,IT_GR,GR,IT,500.0,500.0,500.0,0.0,1000.0,True,False,ALL_12_RETAINED_INTERFACES_AT_THE_SAME_RESIDUAL_SCARCITY_HOUR
AT,2019-01-22 20:00:00,IT_ME,IT,ME,-600.0,600.0,600.0,1200.0,0.0,False,True,ALL_12_RETAINED_INTERFACES_AT_THE_SAME_RESIDUAL_SCARCITY_HOUR
AT,2019-01-22 20:00:00,IT_MT,IT,MT,78.03279388968986,200.0,200.0,121.96720611031014,278.03279388968986,False,False,ALL_12_RETAINED_INTERFACES_AT_THE_SAME_RESIDUAL_SCARCITY_HOUR
AT,2019-01-22 20:00:00,IT_SI,IT,SI,1200.0,1200.0,1100.0,0.0,2300.0,True,False,ALL_12_RETAINED_INTERFACES_AT_THE_SAME_RESIDUAL_SCARCITY_HOUR
AT,2019-01-22 20:00:00,IT_TN,IT,TN,-600.0,600.0,600.0,1200.0,0.0,False,True,ALL_12_RETAINED_INTERFACES_AT_THE_SAME_RESIDUAL_SCARCITY_HOUR
AT,2019-01-22 21:00:00,EXT_AT_CH,AT,CH,-1200.0,1200.0,1200.0,2400.0,0.0,False,True,ALL_12_RETAINED_INTERFACES_AT_THE_SAME_RESIDUAL_SCARCITY_HOUR
AT,2019-01-22 21:00:00,EXT_AT_SI,AT,SI,-1450.0,1450.0,1450.0,2900.0,0.0,False,True,ALL_12_RETAINED_INTERFACES_AT_THE_SAME_RESIDUAL_SCARCITY_HOUR
AT,2019-01-22 21:00:00,EXT_CH_FR,CH,FR,-4500.0,2200.0,4500.0,6700.0,0.0,False,True,ALL_12_RETAINED_INTERFACES_AT_THE_SAME_RESIDUAL_SCARCITY_HOUR
AT,2019-01-22 21:00:00,EXT_HR_SI,HR,SI,-926.8080538675521,1500.0,1500.0,2426.808053867552,573.1919461324479,False,False,ALL_12_RETAINED_INTERFACES_AT_THE_SAME_RESIDUAL_SCARCITY_HOUR
AT,2019-01-22 21:00:00,IT_AT,AT,IT,-300.0,700.0,300.0,1000.0,0.0,False,True,ALL_12_RETAINED_INTERFACES_AT_THE_SAME_RESIDUAL_SCARCITY_HOUR
AT,2019-01-22 21:00:00,IT_CH,CH,IT,4600.0,4600.0,1900.0,0.0,6500.0,True,False,ALL_12_RETAINED_INTERFACES_AT_THE_SAME_RESIDUAL_SCARCITY_HOUR
AT,2019-01-22 21:00:00,IT_FR,FR,IT,4500.0,4500.0,2200.0,0.0,6700.0,True,False,ALL_12_RETAINED_INTERFACES_AT_THE_SAME_RESIDUAL_SCARCITY_HOUR
AT,2019-01-22 21:00:00,IT_GR,GR,IT,500.0,500.0,500.0,0.0,1000.0,True,False,ALL_12_RETAINED_INTERFACES_AT_THE_SAME_RESIDUAL_SCARCITY_HOUR
AT,2019-01-22 21:00:00,IT_ME,IT,ME,-600.0,600.0,600.0,1200.0,0.0,False,True,ALL_12_RETAINED_INTERFACES_AT_THE_SAME_RESIDUAL_SCARCITY_HOUR
AT,2019-01-22 21:00:00,IT_MT,IT,MT,64.46963383232912,200.0,200.0,135.53036616767088,264.4696338323291,False,False,ALL_12_RETAINED_INTERFACES_AT_THE_SAME_RESIDUAL_SCARCITY_HOUR
AT,2019-01-22 21:00:00,IT_SI,IT,SI,1200.0,1200.0,1100.0,0.0,2300.0,True,False,ALL_12_RETAINED_INTERFACES_AT_THE_SAME_RESIDUAL_SCARCITY_HOUR
AT,2019-01-22 21:00:00,IT_TN,IT,TN,-600.0,600.0,600.0,1200.0,0.0,False,True,ALL_12_RETAINED_INTERFACES_AT_THE_SAME_RESIDUAL_SCARCITY_HOUR
AT,2019-01-22 22:00:00,EXT_AT_CH,AT,CH,-1200.0,1200.0,1200.0,2400.0,0.0,False,True,ALL_12_RETAINED_INTERFACES_AT_THE_SAME_RESIDUAL_SCARCITY_HOUR
AT,2019-01-22 22:00:00,EXT_AT_SI,AT,SI,-1450.0,1450.0,1450.0,2900.0,0.0,False,True,ALL_12_RETAINED_INTERFACES_AT_THE_SAME_RESIDUAL_SCARCITY_HOUR
AT,2019-01-22 22:00:00,EXT_CH_FR,CH,FR,-4500.0,2200.0,4500.0,6700.0,0.0,False,True,ALL_12_RETAINED_INTERFACES_AT_THE_SAME_RESIDUAL_SCARCITY_HOUR
AT,2019-01-22 22:00:00,EXT_HR_SI,HR,SI,864.7345234822315,1500.0,1500.0,635.2654765177685,2364.7345234822315,False,False,ALL_12_RETAINED_INTERFACES_AT_THE_SAME_RESIDUAL_SCARCITY_HOUR
AT,2019-01-22 22:00:00,IT_AT,AT,IT,-300.0,700.0,300.0,1000.0,0.0,False,True,ALL_12_RETAINED_INTERFACES_AT_THE_SAME_RESIDUAL_SCARCITY_HOUR
AT,2019-01-22 22:00:00,IT_CH,CH,IT,4600.0,4600.0,1900.0,0.0,6500.0,True,False,ALL_12_RETAINED_INTERFACES_AT_THE_SAME_RESIDUAL_SCARCITY_HOUR
AT,2019-01-22 22:00:00,IT_FR,FR,IT,4500.0,4500.0,2200.0,0.0,6700.0,True,False,ALL_12_RETAINED_INTERFACES_AT_THE_SAME_RESIDUAL_SCARCITY_HOUR
AT,2019-01-22 22:00:00,IT_GR,GR,IT,500.0,500.0,500.0,0.0,1000.0,True,False,ALL_12_RETAINED_INTERFACES_AT_THE_SAME_RESIDUAL_SCARCITY_HOUR
AT,2019-01-22 22:00:00,IT_ME,IT,ME,-600.0,600.0,600.0,1200.0,0.0,False,True,ALL_12_RETAINED_INTERFACES_AT_THE_SAME_RESIDUAL_SCARCITY_HOUR
AT,2019-01-22 22:00:00,IT_MT,IT,MT,46.170828004891405,200.0,200.0,153.8291719951086,246.1708280048914,False,False,ALL_12_RETAINED_INTERFACES_AT_THE_SAME_RESIDUAL_SCARCITY_HOUR
AT,2019-01-22 22:00:00,IT_SI,IT,SI,1200.0,1200.0,1100.0,0.0,2300.0,True,False,ALL_12_RETAINED_INTERFACES_AT_THE_SAME_RESIDUAL_SCARCITY_HOUR
AT,2019-01-22 22:00:00,IT_TN,IT,TN,-600.0,600.0,600.0,1200.0,0.0,False,True,ALL_12_RETAINED_INTERFACES_AT_THE_SAME_RESIDUAL_SCARCITY_HOUR
AT,2019-01-22 23:00:00,EXT_AT_CH,AT,CH,-1200.0,1200.0,1200.0,2400.0,0.0,False,True,ALL_12_RETAINED_INTERFACES_AT_THE_SAME_RESIDUAL_SCARCITY_HOUR
AT,2019-01-22 23:00:00,EXT_AT_SI,AT,SI,-1450.0,1450.0,1450.0,2900.0,0.0,False,True,ALL_12_RETAINED_INTERFACES_AT_THE_SAME_RESIDUAL_SCARCITY_HOUR
AT,2019-01-22 23:00:00,EXT_CH_FR,CH,FR,-4500.0,2200.0,4500.0,6700.0,0.0,False,True,ALL_12_RETAINED_INTERFACES_AT_THE_SAME_RESIDUAL_SCARCITY_HOUR
AT,2019-01-22 23:00:00,EXT_HR_SI,HR,SI,-243.7229842739113,1500.0,1500.0,1743.7229842739114,1256.2770157260886,False,False,ALL_12_RETAINED_INTERFACES_AT_THE_SAME_RESIDUAL_SCARCITY_HOUR
AT,2019-01-22 23:00:00,IT_AT,AT,IT,-300.0,700.0,300.0,1000.0,0.0,False,True,ALL_12_RETAINED_INTERFACES_AT_THE_SAME_RESIDUAL_SCARCITY_HOUR
AT,2019-01-22 23:00:00,IT_CH,CH,IT,4600.0,4600.0,1900.0,0.0,6500.0,True,False,ALL_12_RETAINED_INTERFACES_AT_THE_SAME_RESIDUAL_SCARCITY_HOUR
AT,2019-01-22 23:00:00,IT_FR,FR,IT,4500.0,4500.0,2200.0,0.0,6700.0,True,False,ALL_12_RETAINED_INTERFACES_AT_THE_SAME_RESIDUAL_SCARCITY_HOUR
AT,2019-01-22 23:00:00,IT_GR,GR,IT,500.0,500.0,500.0,0.0,1000.0,True,False,ALL_12_RETAINED_INTERFACES_AT_THE_SAME_RESIDUAL_SCARCITY_HOUR
AT,2019-01-22 23:00:00,IT_ME,IT,ME,-600.0,600.0,600.0,1200.0,0.0,False,True,ALL_12_RETAINED_INTERFACES_AT_THE_SAME_RESIDUAL_SCARCITY_HOUR
AT,2019-01-22 23:00:00,IT_MT,IT,MT,-25.081048961733188,200.0,200.0,225.0810489617332,174.9189510382668,False,False,ALL_12_RETAINED_INTERFACES_AT_THE_SAME_RESIDUAL_SCARCITY_HOUR
AT,2019-01-22 23:00:00,IT_SI,IT,SI,1200.0,1200.0,1100.0,0.0,2300.0,True,False,ALL_12_RETAINED_INTERFACES_AT_THE_SAME_RESIDUAL_SCARCITY_HOUR
AT,2019-01-22 23:00:00,IT_TN,IT,TN,-600.0,600.0,600.0,1200.0,0.0,False,True,ALL_12_RETAINED_INTERFACES_AT_THE_SAME_RESIDUAL_SCARCITY_HOUR
AT,2019-01-23 00:00:00,EXT_AT_CH,AT,CH,-1200.0,1200.0,1200.0,2400.0,0.0,False,True,ALL_12_RETAINED_INTERFACES_AT_THE_SAME_RESIDUAL_SCARCITY_HOUR
AT,2019-01-23 00:00:00,EXT_AT_SI,AT,SI,-1450.0,1450.0,1450.0,2900.0,0.0,False,True,ALL_12_RETAINED_INTERFACES_AT_THE_SAME_RESIDUAL_SCARCITY_HOUR
AT,2019-01-23 00:00:00,EXT_CH_FR,CH,FR,-4500.0,2200.0,4500.0,6700.0,0.0,False,True,ALL_12_RETAINED_INTERFACES_AT_THE_SAME_RESIDUAL_SCARCITY_HOUR
AT,2019-01-23 00:00:00,EXT_HR_SI,HR,SI,-16.260244503185184,1500.0,1500.0,1516.2602445031853,1483.7397554968147,False,False,ALL_12_RETAINED_INTERFACES_AT_THE_SAME_RESIDUAL_SCARCITY_HOUR
AT,2019-01-23 00:00:00,IT_AT,AT,IT,-300.0,700.0,300.0,1000.0,0.0,False,True,ALL_12_RETAINED_INTERFACES_AT_THE_SAME_RESIDUAL_SCARCITY_HOUR
AT,2019-01-23 00:00:00,IT_CH,CH,IT,4600.0,4600.0,1900.0,0.0,6500.0,True,False,ALL_12_RETAINED_INTERFACES_AT_THE_SAME_RESIDUAL_SCARCITY_HOUR
AT,2019-01-23 00:00:00,IT_FR,FR,IT,4500.0,4500.0,2200.0,0.0,6700.0,True,False,ALL_12_RETAINED_INTERFACES_AT_THE_SAME_RESIDUAL_SCARCITY_HOUR
AT,2019-01-23 00:00:00,IT_GR,GR,IT,500.0,500.0,500.0,0.0,1000.0,True,False,ALL_12_RETAINED_INTERFACES_AT_THE_SAME_RESIDUAL_SCARCITY_HOUR
AT,2019-01-23 00:00:00,IT_ME,IT,ME,-600.0,600.0,600.0,1200.0,0.0,False,True,ALL_12_RETAINED_INTERFACES_AT_THE_SAME_RESIDUAL_SCARCITY_HOUR
AT,2019-01-23 00:00:00,IT_MT,IT,MT,-30.765929182500464,200.0,200.0,230.76592918250046,169.23407081749954,False,False,ALL_12_RETAINED_INTERFACES_AT_THE_SAME_RESIDUAL_SCARCITY_HOUR
AT,2019-01-23 00:00:00,IT_SI,IT,SI,1200.0,1200.0,1100.0,0.0,2300.0,True,False,ALL_12_RETAINED_INTERFACES_AT_THE_SAME_RESIDUAL_SCARCITY_HOUR
AT,2019-01-23 00:00:00,IT_TN,IT,TN,-600.0,600.0,600.0,1200.0,0.0,False,True,ALL_12_RETAINED_INTERFACES_AT_THE_SAME_RESIDUAL_SCARCITY_HOUR
AT,2019-01-23 01:00:00,EXT_AT_CH,AT,CH,-1200.0,1200.0,1200.0,2400.0,0.0,False,True,ALL_12_RETAINED_INTERFACES_AT_THE_SAME_RESIDUAL_SCARCITY_HOUR
AT,2019-01-23 01:00:00,EXT_AT_SI,AT,SI,-1450.0,1450.0,1450.0,2900.0,0.0,False,True,ALL_12_RETAINED_INTERFACES_AT_THE_SAME_RESIDUAL_SCARCITY_HOUR
AT,2019-01-23 01:00:00,EXT_CH_FR,CH,FR,-4500.0,2200.0,4500.0,6700.0,0.0,False,True,ALL_12_RETAINED_INTERFACES_AT_THE_SAME_RESIDUAL_SCARCITY_HOUR
AT,2019-01-23 01:00:00,EXT_HR_SI,HR,SI,68.64378852553594,1500.0,1500.0,1431.356211474464,1568.643788525536,False,False,ALL_12_RETAINED_INTERFACES_AT_THE_SAME_RESIDUAL_SCARCITY_HOUR
AT,2019-01-23 01:00:00,IT_AT,AT,IT,-300.0,700.0,300.0,1000.0,0.0,False,True,ALL_12_RETAINED_INTERFACES_AT_THE_SAME_RESIDUAL_SCARCITY_HOUR
AT,2019-01-23 01:00:00,IT_CH,CH,IT,4600.0,4600.0,1900.0,0.0,6500.0,True,False,ALL_12_RETAINED_INTERFACES_AT_THE_SAME_RESIDUAL_SCARCITY_HOUR
AT,2019-01-23 01:00:00,IT_FR,FR,IT,4500.0,4500.0,2200.0,0.0,6700.0,True,False,ALL_12_RETAINED_INTERFACES_AT_THE_SAME_RESIDUAL_SCARCITY_HOUR
AT,2019-01-23 01:00:00,IT_GR,GR,IT,500.0,500.0,500.0,0.0,1000.0,True,False,ALL_12_RETAINED_INTERFACES_AT_THE_SAME_RESIDUAL_SCARCITY_HOUR
AT,2019-01-23 01:00:00,IT_ME,IT,ME,-600.0,600.0,600.0,1200.0,0.0,False,True,ALL_12_RETAINED_INTERFACES_AT_THE_SAME_RESIDUAL_SCARCITY_HOUR
AT,2019-01-23 01:00:00,IT_MT,IT,MT,-64.78584313474488,200.0,200.0,264.7858431347449,135.21415686525512,False,False,ALL_12_RETAINED_INTERFACES_AT_THE_SAME_RESIDUAL_SCARCITY_HOUR
AT,2019-01-23 01:00:00,IT_SI,IT,SI,1200.0,1200.0,1100.0,0.0,2300.0,True,False,ALL_12_RETAINED_INTERFACES_AT_THE_SAME_RESIDUAL_SCARCITY_HOUR
AT,2019-01-23 01:00:00,IT_TN,IT,TN,-600.0,600.0,600.0,1200.0,0.0,False,True,ALL_12_RETAINED_INTERFACES_AT_THE_SAME_RESIDUAL_SCARCITY_HOUR
AT,2019-01-23 02:00:00,EXT_AT_CH,AT,CH,-1200.0,1200.0,1200.0,2400.0,0.0,False,True,ALL_12_RETAINED_INTERFACES_AT_THE_SAME_RESIDUAL_SCARCITY_HOUR
AT,2019-01-23 02:00:00,EXT_AT_SI,AT,SI,-1450.0,1450.0,1450.0,2900.0,0.0,False,True,ALL_12_RETAINED_INTERFACES_AT_THE_SAME_RESIDUAL_SCARCITY_HOUR
AT,2019-01-23 02:00:00,EXT_CH_FR,CH,FR,-4500.0,2200.0,4500.0,6700.0,0.0,False,True,ALL_12_RETAINED_INTERFACES_AT_THE_SAME_RESIDUAL_SCARCITY_HOUR
AT,2019-01-23 02:00:00,EXT_HR_SI,HR,SI,36.169748015172026,1500.0,1500.0,1463.830251984828,1536.169748015172,False,False,ALL_12_RETAINED_INTERFACES_AT_THE_SAME_RESIDUAL_SCARCITY_HOUR
AT,2019-01-23 02:00:00,IT_AT,AT,IT,-300.0,700.0,300.0,1000.0,0.0,False,True,ALL_12_RETAINED_INTERFACES_AT_THE_SAME_RESIDUAL_SCARCITY_HOUR
AT,2019-01-23 02:00:00,IT_CH,CH,IT,4600.0,4600.0,1900.0,0.0,6500.0,True,False,ALL_12_RETAINED_INTERFACES_AT_THE_SAME_RESIDUAL_SCARCITY_HOUR
AT,2019-01-23 02:00:00,IT_FR,FR,IT,4500.0,4500.0,2200.0,0.0,6700.0,True,False,ALL_12_RETAINED_INTERFACES_AT_THE_SAME_RESIDUAL_SCARCITY_HOUR
AT,2019-01-23 02:00:00,IT_GR,GR,IT,500.0,500.0,500.0,0.0,1000.0,True,False,ALL_12_RETAINED_INTERFACES_AT_THE_SAME_RESIDUAL_SCARCITY_HOUR
AT,2019-01-23 02:00:00,IT_ME,IT,ME,-600.0,600.0,600.0,1200.0,0.0,False,True,ALL_12_RETAINED_INTERFACES_AT_THE_SAME_RESIDUAL_SCARCITY_HOUR
AT,2019-01-23 02:00:00,IT_MT,IT,MT,-120.73924553107855,200.0,200.0,320.73924553107855,79.26075446892145,False,False,ALL_12_RETAINED_INTERFACES_AT_THE_SAME_RESIDUAL_SCARCITY_HOUR
AT,2019-01-23 02:00:00,IT_SI,IT,SI,1200.0,1200.0,1100.0,0.0,2300.0,True,False,ALL_12_RETAINED_INTERFACES_AT_THE_SAME_RESIDUAL_SCARCITY_HOUR
AT,2019-01-23 02:00:00,IT_TN,IT,TN,-600.0,600.0,600.0,1200.0,0.0,False,True,ALL_12_RETAINED_INTERFACES_AT_THE_SAME_RESIDUAL_SCARCITY_HOUR
AT,2019-01-23 03:00:00,EXT_AT_CH,AT,CH,-1200.0,1200.0,1200.0,2400.0,0.0,False,True,ALL_12_RETAINED_INTERFACES_AT_THE_SAME_RESIDUAL_SCARCITY_HOUR
AT,2019-01-23 03:00:00,EXT_AT_SI,AT,SI,-1450.0,1450.0,1450.0,2900.0,0.0,False,True,ALL_12_RETAINED_INTERFACES_AT_THE_SAME_RESIDUAL_SCARCITY_HOUR
AT,2019-01-23 03:00:00,EXT_CH_FR,CH,FR,-4500.0,2200.0,4500.0,6700.0,0.0,False,True,ALL_12_RETAINED_INTERFACES_AT_THE_SAME_RESIDUAL_SCARCITY_HOUR
AT,2019-01-23 03:00:00,EXT_HR_SI,HR,SI,-43.16895197496469,1500.0,1500.0,1543.1689519749648,1456.8310480250352,False,False,ALL_12_RETAINED_INTERFACES_AT_THE_SAME_RESIDUAL_SCARCITY_HOUR
AT,2019-01-23 03:00:00,IT_AT,AT,IT,-300.0,700.0,300.0,1000.0,0.0,False,True,ALL_12_RETAINED_INTERFACES_AT_THE_SAME_RESIDUAL_SCARCITY_HOUR
AT,2019-01-23 03:00:00,IT_CH,CH,IT,4600.0,4600.0,1900.0,0.0,6500.0,True,False,ALL_12_RETAINED_INTERFACES_AT_THE_SAME_RESIDUAL_SCARCITY_HOUR
AT,2019-01-23 03:00:00,IT_FR,FR,IT,4500.0,4500.0,2200.0,0.0,6700.0,True,False,ALL_12_RETAINED_INTERFACES_AT_THE_SAME_RESIDUAL_SCARCITY_HOUR
AT,2019-01-23 03:00:00,IT_GR,GR,IT,500.0,500.0,500.0,0.0,1000.0,True,False,ALL_12_RETAINED_INTERFACES_AT_THE_SAME_RESIDUAL_SCARCITY_HOUR
AT,2019-01-23 03:00:00,IT_ME,IT,ME,-600.0,600.0,600.0,1200.0,0.0,False,True,ALL_12_RETAINED_INTERFACES_AT_THE_SAME_RESIDUAL_SCARCITY_HOUR
AT,2019-01-23 03:00:00,IT_MT,IT,MT,-200.0,200.0,200.0,400.0,0.0,False,True,ALL_12_RETAINED_INTERFACES_AT_THE_SAME_RESIDUAL_SCARCITY_HOUR
AT,2019-01-23 03:00:00,IT_SI,IT,SI,1200.0,1200.0,1100.0,0.0,2300.0,True,False,ALL_12_RETAINED_INTERFACES_AT_THE_SAME_RESIDUAL_SCARCITY_HOUR
AT,2019-01-23 03:00:00,IT_TN,IT,TN,-600.0,600.0,600.0,1200.0,0.0,False,True,ALL_12_RETAINED_INTERFACES_AT_THE_SAME_RESIDUAL_SCARCITY_HOUR
AT,2019-01-23 04:00:00,EXT_AT_CH,AT,CH,-1200.0,1200.0,1200.0,2400.0,0.0,False,True,ALL_12_RETAINED_INTERFACES_AT_THE_SAME_RESIDUAL_SCARCITY_HOUR
AT,2019-01-23 04:00:00,EXT_AT_SI,AT,SI,-281.60407597750964,1450.0,1450.0,1731.6040759775096,1168.3959240224904,False,False,ALL_12_RETAINED_INTERFACES_AT_THE_SAME_RESIDUAL_SCARCITY_HOUR
AT,2019-01-23 04:00:00,EXT_CH_FR,CH,FR,-4500.0,2200.0,4500.0,6700.0,0.0,False,True,ALL_12_RETAINED_INTERFACES_AT_THE_SAME_RESIDUAL_SCARCITY_HOUR
AT,2019-01-23 04:00:00,EXT_HR_SI,HR,SI,-274.366661024215,1500.0,1500.0,1774.3666610242149,1225.6333389757851,False,False,ALL_12_RETAINED_INTERFACES_AT_THE_SAME_RESIDUAL_SCARCITY_HOUR
AT,2019-01-23 04:00:00,IT_AT,AT,IT,-300.0,700.0,300.0,1000.0,0.0,False,True,ALL_12_RETAINED_INTERFACES_AT_THE_SAME_RESIDUAL_SCARCITY_HOUR
AT,2019-01-23 04:00:00,IT_CH,CH,IT,4600.0,4600.0,1900.0,0.0,6500.0,True,False,ALL_12_RETAINED_INTERFACES_AT_THE_SAME_RESIDUAL_SCARCITY_HOUR
AT,2019-01-23 04:00:00,IT_FR,FR,IT,4500.0,4500.0,2200.0,0.0,6700.0,True,False,ALL_12_RETAINED_INTERFACES_AT_THE_SAME_RESIDUAL_SCARCITY_HOUR
AT,2019-01-23 04:00:00,IT_GR,GR,IT,500.0,500.0,500.0,0.0,1000.0,True,False,ALL_12_RETAINED_INTERFACES_AT_THE_SAME_RESIDUAL_SCARCITY_HOUR
AT,2019-01-23 04:00:00,IT_ME,IT,ME,-600.0,600.0,600.0,1200.0,0.0,False,True,ALL_12_RETAINED_INTERFACES_AT_THE_SAME_RESIDUAL_SCARCITY_HOUR
AT,2019-01-23 04:00:00,IT_MT,IT,MT,-200.0,200.0,200.0,400.0,0.0,False,True,ALL_12_RETAINED_INTERFACES_AT_THE_SAME_RESIDUAL_SCARCITY_HOUR
AT,2019-01-23 04:00:00,IT_SI,IT,SI,1200.0,1200.0,1100.0,0.0,2300.0,True,False,ALL_12_RETAINED_INTERFACES_AT_THE_SAME_RESIDUAL_SCARCITY_HOUR
AT,2019-01-23 04:00:00,IT_TN,IT,TN,-600.0,600.0,600.0,1200.0,0.0,False,True,ALL_12_RETAINED_INTERFACES_AT_THE_SAME_RESIDUAL_SCARCITY_HOUR
AT,2019-01-23 05:00:00,EXT_AT_CH,AT,CH,-1200.0,1200.0,1200.0,2400.0,0.0,False,True,ALL_12_RETAINED_INTERFACES_AT_THE_SAME_RESIDUAL_SCARCITY_HOUR
AT,2019-01-23 05:00:00,EXT_AT_SI,AT,SI,829.856700513693,1450.0,1450.0,620.143299486307,2279.856700513693,False,False,ALL_12_RETAINED_INTERFACES_AT_THE_SAME_RESIDUAL_SCARCITY_HOUR
AT,2019-01-23 05:00:00,EXT_CH_FR,CH,FR,-4500.0,2200.0,4500.0,6700.0,0.0,False,True,ALL_12_RETAINED_INTERFACES_AT_THE_SAME_RESIDUAL_SCARCITY_HOUR
AT,2019-01-23 05:00:00,EXT_HR_SI,HR,SI,-793.3044618285809,1500.0,1500.0,2293.3044618285808,706.6955381714191,False,False,ALL_12_RETAINED_INTERFACES_AT_THE_SAME_RESIDUAL_SCARCITY_HOUR
AT,2019-01-23 05:00:00,IT_AT,AT,IT,700.0,700.0,300.0,0.0,1000.0,True,False,ALL_12_RETAINED_INTERFACES_AT_THE_SAME_RESIDUAL_SCARCITY_HOUR
AT,2019-01-23 05:00:00,IT_CH,CH,IT,4600.0,4600.0,1900.0,0.0,6500.0,True,False,ALL_12_RETAINED_INTERFACES_AT_THE_SAME_RESIDUAL_SCARCITY_HOUR
AT,2019-01-23 05:00:00,IT_FR,FR,IT,4500.0,4500.0,2200.0,0.0,6700.0,True,False,ALL_12_RETAINED_INTERFACES_AT_THE_SAME_RESIDUAL_SCARCITY_HOUR
AT,2019-01-23 05:00:00,IT_GR,GR,IT,500.0,500.0,500.0,0.0,1000.0,True,False,ALL_12_RETAINED_INTERFACES_AT_THE_SAME_RESIDUAL_SCARCITY_HOUR
AT,2019-01-23 05:00:00,IT_ME,IT,ME,-600.0,600.0,600.0,1200.0,0.0,False,True,ALL_12_RETAINED_INTERFACES_AT_THE_SAME_RESIDUAL_SCARCITY_HOUR
AT,2019-01-23 05:00:00,IT_MT,IT,MT,-200.0,200.0,200.0,400.0,0.0,False,True,ALL_12_RETAINED_INTERFACES_AT_THE_SAME_RESIDUAL_SCARCITY_HOUR
AT,2019-01-23 05:00:00,IT_SI,IT,SI,1200.0,1200.0,1100.0,0.0,2300.0,True,False,ALL_12_RETAINED_INTERFACES_AT_THE_SAME_RESIDUAL_SCARCITY_HOUR
AT,2019-01-23 05:00:00,IT_TN,IT,TN,-600.0,600.0,600.0,1200.0,0.0,False,True,ALL_12_RETAINED_INTERFACES_AT_THE_SAME_RESIDUAL_SCARCITY_HOUR
AT,2019-01-23 06:00:00,EXT_AT_CH,AT,CH,-1200.0,1200.0,1200.0,2400.0,0.0,False,True,ALL_12_RETAINED_INTERFACES_AT_THE_SAME_RESIDUAL_SCARCITY_HOUR
AT,2019-01-23 06:00:00,EXT_AT_SI,AT,SI,-1450.0,1450.0,1450.0,2900.0,0.0,False,True,ALL_12_RETAINED_INTERFACES_AT_THE_SAME_RESIDUAL_SCARCITY_HOUR
AT,2019-01-23 06:00:00,EXT_CH_FR,CH,FR,-2908.545405878969,2200.0,4500.0,5108.545405878969,1591.4545941210308,False,False,ALL_12_RETAINED_INTERFACES_AT_THE_SAME_RESIDUAL_SCARCITY_HOUR
AT,2019-01-23 06:00:00,EXT_HR_SI,HR,SI,-1169.190485489753,1500.0,1500.0,2669.190485489753,330.809514510247,False,False,ALL_12_RETAINED_INTERFACES_AT_THE_SAME_RESIDUAL_SCARCITY_HOUR
AT,2019-01-23 06:00:00,IT_AT,AT,IT,700.0,700.0,300.0,0.0,1000.0,True,False,ALL_12_RETAINED_INTERFACES_AT_THE_SAME_RESIDUAL_SCARCITY_HOUR
AT,2019-01-23 06:00:00,IT_CH,CH,IT,4600.0,4600.0,1900.0,0.0,6500.0,True,False,ALL_12_RETAINED_INTERFACES_AT_THE_SAME_RESIDUAL_SCARCITY_HOUR
AT,2019-01-23 06:00:00,IT_FR,FR,IT,4500.0,4500.0,2200.0,0.0,6700.0,True,False,ALL_12_RETAINED_INTERFACES_AT_THE_SAME_RESIDUAL_SCARCITY_HOUR
AT,2019-01-23 06:00:00,IT_GR,GR,IT,500.0,500.0,500.0,0.0,1000.0,True,False,ALL_12_RETAINED_INTERFACES_AT_THE_SAME_RESIDUAL_SCARCITY_HOUR
AT,2019-01-23 06:00:00,IT_ME,IT,ME,-600.0,600.0,600.0,1200.0,0.0,False,True,ALL_12_RETAINED_INTERFACES_AT_THE_SAME_RESIDUAL_SCARCITY_HOUR
AT,2019-01-23 06:00:00,IT_MT,IT,MT,-200.0,200.0,200.0,400.0,0.0,False,True,ALL_12_RETAINED_INTERFACES_AT_THE_SAME_RESIDUAL_SCARCITY_HOUR
AT,2019-01-23 06:00:00,IT_SI,IT,SI,-3.8656211084694405,1200.0,1100.0,1203.8656211084694,1096.1343788915306,False,False,ALL_12_RETAINED_INTERFACES_AT_THE_SAME_RESIDUAL_SCARCITY_HOUR
AT,2019-01-23 06:00:00,IT_TN,IT,TN,-600.0,600.0,600.0,1200.0,0.0,False,True,ALL_12_RETAINED_INTERFACES_AT_THE_SAME_RESIDUAL_SCARCITY_HOUR
AT,2019-01-23 07:00:00,EXT_AT_CH,AT,CH,-1200.0,1200.0,1200.0,2400.0,0.0,False,True,ALL_12_RETAINED_INTERFACES_AT_THE_SAME_RESIDUAL_SCARCITY_HOUR
AT,2019-01-23 07:00:00,EXT_AT_SI,AT,SI,-1450.0,1450.0,1450.0,2900.0,0.0,False,True,ALL_12_RETAINED_INTERFACES_AT_THE_SAME_RESIDUAL_SCARCITY_HOUR
AT,2019-01-23 07:00:00,EXT_CH_FR,CH,FR,1489.8324526129581,2200.0,4500.0,710.1675473870419,5989.832452612958,False,False,ALL_12_RETAINED_INTERFACES_AT_THE_SAME_RESIDUAL_SCARCITY_HOUR
AT,2019-01-23 07:00:00,EXT_HR_SI,HR,SI,-180.3579575622873,1500.0,1500.0,1680.3579575622873,1319.6420424377127,False,False,ALL_12_RETAINED_INTERFACES_AT_THE_SAME_RESIDUAL_SCARCITY_HOUR
AT,2019-01-23 07:00:00,IT_AT,AT,IT,700.0,700.0,300.0,0.0,1000.0,True,False,ALL_12_RETAINED_INTERFACES_AT_THE_SAME_RESIDUAL_SCARCITY_HOUR
AT,2019-01-23 07:00:00,IT_CH,CH,IT,4600.0,4600.0,1900.0,0.0,6500.0,True,False,ALL_12_RETAINED_INTERFACES_AT_THE_SAME_RESIDUAL_SCARCITY_HOUR
AT,2019-01-23 07:00:00,IT_FR,FR,IT,4500.0,4500.0,2200.0,0.0,6700.0,True,False,ALL_12_RETAINED_INTERFACES_AT_THE_SAME_RESIDUAL_SCARCITY_HOUR
AT,2019-01-23 07:00:00,IT_GR,GR,IT,500.0,500.0,500.0,0.0,1000.0,True,False,ALL_12_RETAINED_INTERFACES_AT_THE_SAME_RESIDUAL_SCARCITY_HOUR
AT,2019-01-23 07:00:00,IT_ME,IT,ME,-600.0,600.0,600.0,1200.0,0.0,False,True,ALL_12_RETAINED_INTERFACES_AT_THE_SAME_RESIDUAL_SCARCITY_HOUR
AT,2019-01-23 07:00:00,IT_MT,IT,MT,-200.0,200.0,200.0,400.0,0.0,False,True,ALL_12_RETAINED_INTERFACES_AT_THE_SAME_RESIDUAL_SCARCITY_HOUR
AT,2019-01-23 07:00:00,IT_SI,IT,SI,-1100.0,1200.0,1100.0,2300.0,0.0,False,True,ALL_12_RETAINED_INTERFACES_AT_THE_SAME_RESIDUAL_SCARCITY_HOUR
AT,2019-01-23 07:00:00,IT_TN,IT,TN,-600.0,600.0,600.0,1200.0,0.0,False,True,ALL_12_RETAINED_INTERFACES_AT_THE_SAME_RESIDUAL_SCARCITY_HOUR
AT,2019-01-23 08:00:00,EXT_AT_CH,AT,CH,-1200.0,1200.0,1200.0,2400.0,0.0,False,True,ALL_12_RETAINED_INTERFACES_AT_THE_SAME_RESIDUAL_SCARCITY_HOUR
AT,2019-01-23 08:00:00,EXT_AT_SI,AT,SI,-1450.0,1450.0,1450.0,2900.0,0.0,False,True,ALL_12_RETAINED_INTERFACES_AT_THE_SAME_RESIDUAL_SCARCITY_HOUR
AT,2019-01-23 08:00:00,EXT_CH_FR,CH,FR,2200.0,2200.0,4500.0,0.0,6700.0,True,False,ALL_12_RETAINED_INTERFACES_AT_THE_SAME_RESIDUAL_SCARCITY_HOUR
AT,2019-01-23 08:00:00,EXT_HR_SI,HR,SI,-1050.1799697338047,1500.0,1500.0,2550.1799697338047,449.8200302661953,False,False,ALL_12_RETAINED_INTERFACES_AT_THE_SAME_RESIDUAL_SCARCITY_HOUR
AT,2019-01-23 08:00:00,IT_AT,AT,IT,-300.0,700.0,300.0,1000.0,0.0,False,True,ALL_12_RETAINED_INTERFACES_AT_THE_SAME_RESIDUAL_SCARCITY_HOUR
AT,2019-01-23 08:00:00,IT_CH,CH,IT,4600.0,4600.0,1900.0,0.0,6500.0,True,False,ALL_12_RETAINED_INTERFACES_AT_THE_SAME_RESIDUAL_SCARCITY_HOUR
AT,2019-01-23 08:00:00,IT_FR,FR,IT,4500.0,4500.0,2200.0,0.0,6700.0,True,False,ALL_12_RETAINED_INTERFACES_AT_THE_SAME_RESIDUAL_SCARCITY_HOUR
AT,2019-01-23 08:00:00,IT_GR,GR,IT,500.0,500.0,500.0,0.0,1000.0,True,False,ALL_12_RETAINED_INTERFACES_AT_THE_SAME_RESIDUAL_SCARCITY_HOUR
AT,2019-01-23 08:00:00,IT_ME,IT,ME,-600.0,600.0,600.0,1200.0,0.0,False,True,ALL_12_RETAINED_INTERFACES_AT_THE_SAME_RESIDUAL_SCARCITY_HOUR
AT,2019-01-23 08:00:00,IT_MT,IT,MT,-200.0,200.0,200.0,400.0,0.0,False,True,ALL_12_RETAINED_INTERFACES_AT_THE_SAME_RESIDUAL_SCARCITY_HOUR
AT,2019-01-23 08:00:00,IT_SI,IT,SI,1200.0,1200.0,1100.0,0.0,2300.0,True,False,ALL_12_RETAINED_INTERFACES_AT_THE_SAME_RESIDUAL_SCARCITY_HOUR
AT,2019-01-23 08:00:00,IT_TN,IT,TN,-600.0,600.0,600.0,1200.0,0.0,False,True,ALL_12_RETAINED_INTERFACES_AT_THE_SAME_RESIDUAL_SCARCITY_HOUR
AT,2019-01-23 09:00:00,EXT_AT_CH,AT,CH,-1200.0,1200.0,1200.0,2400.0,0.0,False,True,ALL_12_RETAINED_INTERFACES_AT_THE_SAME_RESIDUAL_SCARCITY_HOUR
AT,2019-01-23 09:00:00,EXT_AT_SI,AT,SI,1416.9676567726722,1450.0,1450.0,33.03234322732783,2866.967656772672,False,False,ALL_12_RETAINED_INTERFACES_AT_THE_SAME_RESIDUAL_SCARCITY_HOUR
AT,2019-01-23 09:00:00,EXT_CH_FR,CH,FR,2200.0,2200.0,4500.0,0.0,6700.0,True,False,ALL_12_RETAINED_INTERFACES_AT_THE_SAME_RESIDUAL_SCARCITY_HOUR
AT,2019-01-23 09:00:00,EXT_HR_SI,HR,SI,-1094.5533030998529,1500.0,1500.0,2594.553303099853,405.4466969001471,False,False,ALL_12_RETAINED_INTERFACES_AT_THE_SAME_RESIDUAL_SCARCITY_HOUR
AT,2019-01-23 09:00:00,IT_AT,AT,IT,-300.0,700.0,300.0,1000.0,0.0,False,True,ALL_12_RETAINED_INTERFACES_AT_THE_SAME_RESIDUAL_SCARCITY_HOUR
AT,2019-01-23 09:00:00,IT_CH,CH,IT,4600.0,4600.0,1900.0,0.0,6500.0,True,False,ALL_12_RETAINED_INTERFACES_AT_THE_SAME_RESIDUAL_SCARCITY_HOUR
AT,2019-01-23 09:00:00,IT_FR,FR,IT,4500.0,4500.0,2200.0,0.0,6700.0,True,False,ALL_12_RETAINED_INTERFACES_AT_THE_SAME_RESIDUAL_SCARCITY_HOUR
AT,2019-01-23 09:00:00,IT_GR,GR,IT,500.0,500.0,500.0,0.0,1000.0,True,False,ALL_12_RETAINED_INTERFACES_AT_THE_SAME_RESIDUAL_SCARCITY_HOUR
AT,2019-01-23 09:00:00,IT_ME,IT,ME,-600.0,600.0,600.0,1200.0,0.0,False,True,ALL_12_RETAINED_INTERFACES_AT_THE_SAME_RESIDUAL_SCARCITY_HOUR
AT,2019-01-23 09:00:00,IT_MT,IT,MT,-200.0,200.0,200.0,400.0,0.0,False,True,ALL_12_RETAINED_INTERFACES_AT_THE_SAME_RESIDUAL_SCARCITY_HOUR
AT,2019-01-23 09:00:00,IT_SI,IT,SI,1200.0,1200.0,1100.0,0.0,2300.0,True,False,ALL_12_RETAINED_INTERFACES_AT_THE_SAME_RESIDUAL_SCARCITY_HOUR
AT,2019-01-23 09:00:00,IT_TN,IT,TN,-600.0,600.0,600.0,1200.0,0.0,False,True,ALL_12_RETAINED_INTERFACES_AT_THE_SAME_RESIDUAL_SCARCITY_HOUR
AT,2019-01-23 14:00:00,EXT_AT_CH,AT,CH,-1200.0,1200.0,1200.0,2400.0,0.0,False,True,ALL_12_RETAINED_INTERFACES_AT_THE_SAME_RESIDUAL_SCARCITY_HOUR
AT,2019-01-23 14:00:00,EXT_AT_SI,AT,SI,-1450.0,1450.0,1450.0,2900.0,0.0,False,True,ALL_12_RETAINED_INTERFACES_AT_THE_SAME_RESIDUAL_SCARCITY_HOUR
AT,2019-01-23 14:00:00,EXT_CH_FR,CH,FR,2200.0,2200.0,4500.0,0.0,6700.0,True,False,ALL_12_RETAINED_INTERFACES_AT_THE_SAME_RESIDUAL_SCARCITY_HOUR
AT,2019-01-23 14:00:00,EXT_HR_SI,HR,SI,-1093.73025682372,1500.0,1500.0,2593.73025682372,406.2697431762799,False,False,ALL_12_RETAINED_INTERFACES_AT_THE_SAME_RESIDUAL_SCARCITY_HOUR
AT,2019-01-23 14:00:00,IT_AT,AT,IT,-300.0,700.0,300.0,1000.0,0.0,False,True,ALL_12_RETAINED_INTERFACES_AT_THE_SAME_RESIDUAL_SCARCITY_HOUR
AT,2019-01-23 14:00:00,IT_CH,CH,IT,4600.0,4600.0,1900.0,0.0,6500.0,True,False,ALL_12_RETAINED_INTERFACES_AT_THE_SAME_RESIDUAL_SCARCITY_HOUR
AT,2019-01-23 14:00:00,IT_FR,FR,IT,4500.0,4500.0,2200.0,0.0,6700.0,True,False,ALL_12_RETAINED_INTERFACES_AT_THE_SAME_RESIDUAL_SCARCITY_HOUR
AT,2019-01-23 14:00:00,IT_GR,GR,IT,500.0,500.0,500.0,0.0,1000.0,True,False,ALL_12_RETAINED_INTERFACES_AT_THE_SAME_RESIDUAL_SCARCITY_HOUR
AT,2019-01-23 14:00:00,IT_ME,IT,ME,-600.0,600.0,600.0,1200.0,0.0,False,True,ALL_12_RETAINED_INTERFACES_AT_THE_SAME_RESIDUAL_SCARCITY_HOUR
AT,2019-01-23 14:00:00,IT_MT,IT,MT,-200.0,200.0,200.0,400.0,0.0,False,True,ALL_12_RETAINED_INTERFACES_AT_THE_SAME_RESIDUAL_SCARCITY_HOUR
AT,2019-01-23 14:00:00,IT_SI,IT,SI,1200.0,1200.0,1100.0,0.0,2300.0,True,False,ALL_12_RETAINED_INTERFACES_AT_THE_SAME_RESIDUAL_SCARCITY_HOUR
AT,2019-01-23 14:00:00,IT_TN,IT,TN,-600.0,600.0,600.0,1200.0,0.0,False,True,ALL_12_RETAINED_INTERFACES_AT_THE_SAME_RESIDUAL_SCARCITY_HOUR
AT,2019-01-23 15:00:00,EXT_AT_CH,AT,CH,-1200.0,1200.0,1200.0,2400.0,0.0,False,True,ALL_12_RETAINED_INTERFACES_AT_THE_SAME_RESIDUAL_SCARCITY_HOUR
AT,2019-01-23 15:00:00,EXT_AT_SI,AT,SI,-1450.0,1450.0,1450.0,2900.0,0.0,False,True,ALL_12_RETAINED_INTERFACES_AT_THE_SAME_RESIDUAL_SCARCITY_HOUR
AT,2019-01-23 15:00:00,EXT_CH_FR,CH,FR,-1125.28706671033,2200.0,4500.0,3325.28706671033,3374.71293328967,False,False,ALL_12_RETAINED_INTERFACES_AT_THE_SAME_RESIDUAL_SCARCITY_HOUR
AT,2019-01-23 15:00:00,EXT_HR_SI,HR,SI,1500.0,1500.0,1500.0,0.0,3000.0,True,False,ALL_12_RETAINED_INTERFACES_AT_THE_SAME_RESIDUAL_SCARCITY_HOUR
AT,2019-01-23 15:00:00,IT_AT,AT,IT,700.0,700.0,300.0,0.0,1000.0,True,False,ALL_12_RETAINED_INTERFACES_AT_THE_SAME_RESIDUAL_SCARCITY_HOUR
AT,2019-01-23 15:00:00,IT_CH,CH,IT,4600.0,4600.0,1900.0,0.0,6500.0,True,False,ALL_12_RETAINED_INTERFACES_AT_THE_SAME_RESIDUAL_SCARCITY_HOUR
AT,2019-01-23 15:00:00,IT_FR,FR,IT,4500.0,4500.0,2200.0,0.0,6700.0,True,False,ALL_12_RETAINED_INTERFACES_AT_THE_SAME_RESIDUAL_SCARCITY_HOUR
AT,2019-01-23 15:00:00,IT_GR,GR,IT,500.0,500.0,500.0,0.0,1000.0,True,False,ALL_12_RETAINED_INTERFACES_AT_THE_SAME_RESIDUAL_SCARCITY_HOUR
AT,2019-01-23 15:00:00,IT_ME,IT,ME,-600.0,600.0,600.0,1200.0,0.0,False,True,ALL_12_RETAINED_INTERFACES_AT_THE_SAME_RESIDUAL_SCARCITY_HOUR
AT,2019-01-23 15:00:00,IT_MT,IT,MT,-200.0,200.0,200.0,400.0,0.0,False,True,ALL_12_RETAINED_INTERFACES_AT_THE_SAME_RESIDUAL_SCARCITY_HOUR
AT,2019-01-23 15:00:00,IT_SI,IT,SI,-1100.0,1200.0,1100.0,2300.0,0.0,False,True,ALL_12_RETAINED_INTERFACES_AT_THE_SAME_RESIDUAL_SCARCITY_HOUR
AT,2019-01-23 15:00:00,IT_TN,IT,TN,-600.0,600.0,600.0,1200.0,0.0,False,True,ALL_12_RETAINED_INTERFACES_AT_THE_SAME_RESIDUAL_SCARCITY_HOUR
AT,2019-01-23 16:00:00,EXT_AT_CH,AT,CH,-1200.0,1200.0,1200.0,2400.0,0.0,False,True,ALL_12_RETAINED_INTERFACES_AT_THE_SAME_RESIDUAL_SCARCITY_HOUR
AT,2019-01-23 16:00:00,EXT_AT_SI,AT,SI,-1450.0,1450.0,1450.0,2900.0,0.0,False,True,ALL_12_RETAINED_INTERFACES_AT_THE_SAME_RESIDUAL_SCARCITY_HOUR
AT,2019-01-23 16:00:00,EXT_CH_FR,CH,FR,-4500.0,2200.0,4500.0,6700.0,0.0,False,True,ALL_12_RETAINED_INTERFACES_AT_THE_SAME_RESIDUAL_SCARCITY_HOUR
AT,2019-01-23 16:00:00,EXT_HR_SI,HR,SI,-1500.0,1500.0,1500.0,3000.0,0.0,False,True,ALL_12_RETAINED_INTERFACES_AT_THE_SAME_RESIDUAL_SCARCITY_HOUR
AT,2019-01-23 16:00:00,IT_AT,AT,IT,700.0,700.0,300.0,0.0,1000.0,True,False,ALL_12_RETAINED_INTERFACES_AT_THE_SAME_RESIDUAL_SCARCITY_HOUR
AT,2019-01-23 16:00:00,IT_CH,CH,IT,4600.0,4600.0,1900.0,0.0,6500.0,True,False,ALL_12_RETAINED_INTERFACES_AT_THE_SAME_RESIDUAL_SCARCITY_HOUR
AT,2019-01-23 16:00:00,IT_FR,FR,IT,4500.0,4500.0,2200.0,0.0,6700.0,True,False,ALL_12_RETAINED_INTERFACES_AT_THE_SAME_RESIDUAL_SCARCITY_HOUR
AT,2019-01-23 16:00:00,IT_GR,GR,IT,500.0,500.0,500.0,0.0,1000.0,True,False,ALL_12_RETAINED_INTERFACES_AT_THE_SAME_RESIDUAL_SCARCITY_HOUR
AT,2019-01-23 16:00:00,IT_ME,IT,ME,-600.0,600.0,600.0,1200.0,0.0,False,True,ALL_12_RETAINED_INTERFACES_AT_THE_SAME_RESIDUAL_SCARCITY_HOUR
AT,2019-01-23 16:00:00,IT_MT,IT,MT,-200.0,200.0,200.0,400.0,0.0,False,True,ALL_12_RETAINED_INTERFACES_AT_THE_SAME_RESIDUAL_SCARCITY_HOUR
AT,2019-01-23 16:00:00,IT_SI,IT,SI,877.756575237252,1200.0,1100.0,322.24342476274796,1977.756575237252,False,False,ALL_12_RETAINED_INTERFACES_AT_THE_SAME_RESIDUAL_SCARCITY_HOUR
AT,2019-01-23 16:00:00,IT_TN,IT,TN,-600.0,600.0,600.0,1200.0,0.0,False,True,ALL_12_RETAINED_INTERFACES_AT_THE_SAME_RESIDUAL_SCARCITY_HOUR
AT,2019-01-23 17:00:00,EXT_AT_CH,AT,CH,-1200.0,1200.0,1200.0,2400.0,0.0,False,True,ALL_12_RETAINED_INTERFACES_AT_THE_SAME_RESIDUAL_SCARCITY_HOUR
AT,2019-01-23 17:00:00,EXT_AT_SI,AT,SI,1450.0,1450.0,1450.0,0.0,2900.0,True,False,ALL_12_RETAINED_INTERFACES_AT_THE_SAME_RESIDUAL_SCARCITY_HOUR
AT,2019-01-23 17:00:00,EXT_CH_FR,CH,FR,-4500.0,2200.0,4500.0,6700.0,0.0,False,True,ALL_12_RETAINED_INTERFACES_AT_THE_SAME_RESIDUAL_SCARCITY_HOUR
AT,2019-01-23 17:00:00,EXT_HR_SI,HR,SI,-1500.0,1500.0,1500.0,3000.0,0.0,False,True,ALL_12_RETAINED_INTERFACES_AT_THE_SAME_RESIDUAL_SCARCITY_HOUR
AT,2019-01-23 17:00:00,IT_AT,AT,IT,-300.0,700.0,300.0,1000.0,0.0,False,True,ALL_12_RETAINED_INTERFACES_AT_THE_SAME_RESIDUAL_SCARCITY_HOUR
AT,2019-01-23 17:00:00,IT_CH,CH,IT,4600.0,4600.0,1900.0,0.0,6500.0,True,False,ALL_12_RETAINED_INTERFACES_AT_THE_SAME_RESIDUAL_SCARCITY_HOUR
AT,2019-01-23 17:00:00,IT_FR,FR,IT,4500.0,4500.0,2200.0,0.0,6700.0,True,False,ALL_12_RETAINED_INTERFACES_AT_THE_SAME_RESIDUAL_SCARCITY_HOUR
AT,2019-01-23 17:00:00,IT_GR,GR,IT,500.0,500.0,500.0,0.0,1000.0,True,False,ALL_12_RETAINED_INTERFACES_AT_THE_SAME_RESIDUAL_SCARCITY_HOUR
AT,2019-01-23 17:00:00,IT_ME,IT,ME,-455.94660110264635,600.0,600.0,1055.9466011026464,144.05339889735365,False,False,ALL_12_RETAINED_INTERFACES_AT_THE_SAME_RESIDUAL_SCARCITY_HOUR
AT,2019-01-23 17:00:00,IT_MT,IT,MT,-200.0,200.0,200.0,400.0,0.0,False,True,ALL_12_RETAINED_INTERFACES_AT_THE_SAME_RESIDUAL_SCARCITY_HOUR
AT,2019-01-23 17:00:00,IT_SI,IT,SI,-232.30681808137115,1200.0,1100.0,1432.3068180813711,867.6931819186289,False,False,ALL_12_RETAINED_INTERFACES_AT_THE_SAME_RESIDUAL_SCARCITY_HOUR
AT,2019-01-23 17:00:00,IT_TN,IT,TN,-600.0,600.0,600.0,1200.0,0.0,False,True,ALL_12_RETAINED_INTERFACES_AT_THE_SAME_RESIDUAL_SCARCITY_HOUR
AT,2019-01-23 18:00:00,EXT_AT_CH,AT,CH,-1200.0,1200.0,1200.0,2400.0,0.0,False,True,ALL_12_RETAINED_INTERFACES_AT_THE_SAME_RESIDUAL_SCARCITY_HOUR
AT,2019-01-23 18:00:00,EXT_AT_SI,AT,SI,-1450.0,1450.0,1450.0,2900.0,0.0,False,True,ALL_12_RETAINED_INTERFACES_AT_THE_SAME_RESIDUAL_SCARCITY_HOUR
AT,2019-01-23 18:00:00,EXT_CH_FR,CH,FR,-4500.0,2200.0,4500.0,6700.0,0.0,False,True,ALL_12_RETAINED_INTERFACES_AT_THE_SAME_RESIDUAL_SCARCITY_HOUR
AT,2019-01-23 18:00:00,EXT_HR_SI,HR,SI,-70.57068196946466,1500.0,1500.0,1570.5706819694647,1429.4293180305353,False,False,ALL_12_RETAINED_INTERFACES_AT_THE_SAME_RESIDUAL_SCARCITY_HOUR
AT,2019-01-23 18:00:00,IT_AT,AT,IT,-300.0,700.0,300.0,1000.0,0.0,False,True,ALL_12_RETAINED_INTERFACES_AT_THE_SAME_RESIDUAL_SCARCITY_HOUR
AT,2019-01-23 18:00:00,IT_CH,CH,IT,4600.0,4600.0,1900.0,0.0,6500.0,True,False,ALL_12_RETAINED_INTERFACES_AT_THE_SAME_RESIDUAL_SCARCITY_HOUR
AT,2019-01-23 18:00:00,IT_FR,FR,IT,4500.0,4500.0,2200.0,0.0,6700.0,True,False,ALL_12_RETAINED_INTERFACES_AT_THE_SAME_RESIDUAL_SCARCITY_HOUR
AT,2019-01-23 18:00:00,IT_GR,GR,IT,500.0,500.0,500.0,0.0,1000.0,True,False,ALL_12_RETAINED_INTERFACES_AT_THE_SAME_RESIDUAL_SCARCITY_HOUR
AT,2019-01-23 18:00:00,IT_ME,IT,ME,-600.0,600.0,600.0,1200.0,0.0,False,True,ALL_12_RETAINED_INTERFACES_AT_THE_SAME_RESIDUAL_SCARCITY_HOUR
AT,2019-01-23 18:00:00,IT_MT,IT,MT,-200.0,200.0,200.0,400.0,0.0,False,True,ALL_12_RETAINED_INTERFACES_AT_THE_SAME_RESIDUAL_SCARCITY_HOUR
AT,2019-01-23 18:00:00,IT_SI,IT,SI,-1100.0,1200.0,1100.0,2300.0,0.0,False,True,ALL_12_RETAINED_INTERFACES_AT_THE_SAME_RESIDUAL_SCARCITY_HOUR
AT,2019-01-23 18:00:00,IT_TN,IT,TN,-600.0,600.0,600.0,1200.0,0.0,False,True,ALL_12_RETAINED_INTERFACES_AT_THE_SAME_RESIDUAL_SCARCITY_HOUR
AT,2019-01-23 19:00:00,EXT_AT_CH,AT,CH,-1200.0,1200.0,1200.0,2400.0,0.0,False,True,ALL_12_RETAINED_INTERFACES_AT_THE_SAME_RESIDUAL_SCARCITY_HOUR
AT,2019-01-23 19:00:00,EXT_AT_SI,AT,SI,-1450.0,1450.0,1450.0,2900.0,0.0,False,True,ALL_12_RETAINED_INTERFACES_AT_THE_SAME_RESIDUAL_SCARCITY_HOUR
AT,2019-01-23 19:00:00,EXT_CH_FR,CH,FR,-4500.0,2200.0,4500.0,6700.0,0.0,False,True,ALL_12_RETAINED_INTERFACES_AT_THE_SAME_RESIDUAL_SCARCITY_HOUR
AT,2019-01-23 19:00:00,EXT_HR_SI,HR,SI,-70.66886514314001,1500.0,1500.0,1570.66886514314,1429.33113485686,False,False,ALL_12_RETAINED_INTERFACES_AT_THE_SAME_RESIDUAL_SCARCITY_HOUR
AT,2019-01-23 19:00:00,IT_AT,AT,IT,-300.0,700.0,300.0,1000.0,0.0,False,True,ALL_12_RETAINED_INTERFACES_AT_THE_SAME_RESIDUAL_SCARCITY_HOUR
AT,2019-01-23 19:00:00,IT_CH,CH,IT,4600.0,4600.0,1900.0,0.0,6500.0,True,False,ALL_12_RETAINED_INTERFACES_AT_THE_SAME_RESIDUAL_SCARCITY_HOUR
AT,2019-01-23 19:00:00,IT_FR,FR,IT,4500.0,4500.0,2200.0,0.0,6700.0,True,False,ALL_12_RETAINED_INTERFACES_AT_THE_SAME_RESIDUAL_SCARCITY_HOUR
AT,2019-01-23 19:00:00,IT_GR,GR,IT,500.0,500.0,500.0,0.0,1000.0,True,False,ALL_12_RETAINED_INTERFACES_AT_THE_SAME_RESIDUAL_SCARCITY_HOUR
AT,2019-01-23 19:00:00,IT_ME,IT,ME,-600.0,600.0,600.0,1200.0,0.0,False,True,ALL_12_RETAINED_INTERFACES_AT_THE_SAME_RESIDUAL_SCARCITY_HOUR
AT,2019-01-23 19:00:00,IT_MT,IT,MT,-200.0,200.0,200.0,400.0,0.0,False,True,ALL_12_RETAINED_INTERFACES_AT_THE_SAME_RESIDUAL_SCARCITY_HOUR
AT,2019-01-23 19:00:00,IT_SI,IT,SI,-1100.0,1200.0,1100.0,2300.0,0.0,False,True,ALL_12_RETAINED_INTERFACES_AT_THE_SAME_RESIDUAL_SCARCITY_HOUR
AT,2019-01-23 19:00:00,IT_TN,IT,TN,-600.0,600.0,600.0,1200.0,0.0,False,True,ALL_12_RETAINED_INTERFACES_AT_THE_SAME_RESIDUAL_SCARCITY_HOUR
AT,2019-01-23 20:00:00,EXT_AT_CH,AT,CH,-1200.0,1200.0,1200.0,2400.0,0.0,False,True,ALL_12_RETAINED_INTERFACES_AT_THE_SAME_RESIDUAL_SCARCITY_HOUR
AT,2019-01-23 20:00:00,EXT_AT_SI,AT,SI,871.1722474677367,1450.0,1450.0,578.8277525322633,2321.1722474677367,False,False,ALL_12_RETAINED_INTERFACES_AT_THE_SAME_RESIDUAL_SCARCITY_HOUR
AT,2019-01-23 20:00:00,EXT_CH_FR,CH,FR,-4500.0,2200.0,4500.0,6700.0,0.0,False,True,ALL_12_RETAINED_INTERFACES_AT_THE_SAME_RESIDUAL_SCARCITY_HOUR
AT,2019-01-23 20:00:00,EXT_HR_SI,HR,SI,1500.0,1500.0,1500.0,0.0,3000.0,True,False,ALL_12_RETAINED_INTERFACES_AT_THE_SAME_RESIDUAL_SCARCITY_HOUR
AT,2019-01-23 20:00:00,IT_AT,AT,IT,700.0,700.0,300.0,0.0,1000.0,True,False,ALL_12_RETAINED_INTERFACES_AT_THE_SAME_RESIDUAL_SCARCITY_HOUR
AT,2019-01-23 20:00:00,IT_CH,CH,IT,4600.0,4600.0,1900.0,0.0,6500.0,True,False,ALL_12_RETAINED_INTERFACES_AT_THE_SAME_RESIDUAL_SCARCITY_HOUR
AT,2019-01-23 20:00:00,IT_FR,FR,IT,4500.0,4500.0,2200.0,0.0,6700.0,True,False,ALL_12_RETAINED_INTERFACES_AT_THE_SAME_RESIDUAL_SCARCITY_HOUR
AT,2019-01-23 20:00:00,IT_GR,GR,IT,500.0,500.0,500.0,0.0,1000.0,True,False,ALL_12_RETAINED_INTERFACES_AT_THE_SAME_RESIDUAL_SCARCITY_HOUR
AT,2019-01-23 20:00:00,IT_ME,IT,ME,-600.0,600.0,600.0,1200.0,0.0,False,True,ALL_12_RETAINED_INTERFACES_AT_THE_SAME_RESIDUAL_SCARCITY_HOUR
AT,2019-01-23 20:00:00,IT_MT,IT,MT,-200.0,200.0,200.0,400.0,0.0,False,True,ALL_12_RETAINED_INTERFACES_AT_THE_SAME_RESIDUAL_SCARCITY_HOUR
AT,2019-01-23 20:00:00,IT_SI,IT,SI,-1100.0,1200.0,1100.0,2300.0,0.0,False,True,ALL_12_RETAINED_INTERFACES_AT_THE_SAME_RESIDUAL_SCARCITY_HOUR
AT,2019-01-23 20:00:00,IT_TN,IT,TN,-600.0,600.0,600.0,1200.0,0.0,False,True,ALL_12_RETAINED_INTERFACES_AT_THE_SAME_RESIDUAL_SCARCITY_HOUR
AT,2019-01-23 21:00:00,EXT_AT_CH,AT,CH,-1200.0,1200.0,1200.0,2400.0,0.0,False,True,ALL_12_RETAINED_INTERFACES_AT_THE_SAME_RESIDUAL_SCARCITY_HOUR
AT,2019-01-23 21:00:00,EXT_AT_SI,AT,SI,-1450.0,1450.0,1450.0,2900.0,0.0,False,True,ALL_12_RETAINED_INTERFACES_AT_THE_SAME_RESIDUAL_SCARCITY_HOUR
AT,2019-01-23 21:00:00,EXT_CH_FR,CH,FR,-1129.317272751483,2200.0,4500.0,3329.317272751483,3370.682727248517,False,False,ALL_12_RETAINED_INTERFACES_AT_THE_SAME_RESIDUAL_SCARCITY_HOUR
AT,2019-01-23 21:00:00,EXT_HR_SI,HR,SI,-1034.2736269903646,1500.0,1500.0,2534.2736269903644,465.7263730096354,False,False,ALL_12_RETAINED_INTERFACES_AT_THE_SAME_RESIDUAL_SCARCITY_HOUR
AT,2019-01-23 21:00:00,IT_AT,AT,IT,700.0,700.0,300.0,0.0,1000.0,True,False,ALL_12_RETAINED_INTERFACES_AT_THE_SAME_RESIDUAL_SCARCITY_HOUR
AT,2019-01-23 21:00:00,IT_CH,CH,IT,4600.0,4600.0,1900.0,0.0,6500.0,True,False,ALL_12_RETAINED_INTERFACES_AT_THE_SAME_RESIDUAL_SCARCITY_HOUR
AT,2019-01-23 21:00:00,IT_FR,FR,IT,4500.0,4500.0,2200.0,0.0,6700.0,True,False,ALL_12_RETAINED_INTERFACES_AT_THE_SAME_RESIDUAL_SCARCITY_HOUR
AT,2019-01-23 21:00:00,IT_GR,GR,IT,500.0,500.0,500.0,0.0,1000.0,True,False,ALL_12_RETAINED_INTERFACES_AT_THE_SAME_RESIDUAL_SCARCITY_HOUR
AT,2019-01-23 21:00:00,IT_ME,IT,ME,-600.0,600.0,600.0,1200.0,0.0,False,True,ALL_12_RETAINED_INTERFACES_AT_THE_SAME_RESIDUAL_SCARCITY_HOUR
AT,2019-01-23 21:00:00,IT_MT,IT,MT,-200.0,200.0,200.0,400.0,0.0,False,True,ALL_12_RETAINED_INTERFACES_AT_THE_SAME_RESIDUAL_SCARCITY_HOUR
AT,2019-01-23 21:00:00,IT_SI,IT,SI,1200.0,1200.0,1100.0,0.0,2300.0,True,False,ALL_12_RETAINED_INTERFACES_AT_THE_SAME_RESIDUAL_SCARCITY_HOUR
AT,2019-01-23 21:00:00,IT_TN,IT,TN,-600.0,600.0,600.0,1200.0,0.0,False,True,ALL_12_RETAINED_INTERFACES_AT_THE_SAME_RESIDUAL_SCARCITY_HOUR
AT,2019-01-23 22:00:00,EXT_AT_CH,AT,CH,-1200.0,1200.0,1200.0,2400.0,0.0,False,True,ALL_12_RETAINED_INTERFACES_AT_THE_SAME_RESIDUAL_SCARCITY_HOUR
AT,2019-01-23 22:00:00,EXT_AT_SI,AT,SI,-1450.0,1450.0,1450.0,2900.0,0.0,False,True,ALL_12_RETAINED_INTERFACES_AT_THE_SAME_RESIDUAL_SCARCITY_HOUR
AT,2019-01-23 22:00:00,EXT_CH_FR,CH,FR,2200.0,2200.0,4500.0,0.0,6700.0,True,False,ALL_12_RETAINED_INTERFACES_AT_THE_SAME_RESIDUAL_SCARCITY_HOUR
AT,2019-01-23 22:00:00,EXT_HR_SI,HR,SI,-732.8644700908866,1500.0,1500.0,2232.8644700908867,767.1355299091134,False,False,ALL_12_RETAINED_INTERFACES_AT_THE_SAME_RESIDUAL_SCARCITY_HOUR
AT,2019-01-23 22:00:00,IT_AT,AT,IT,700.0,700.0,300.0,0.0,1000.0,True,False,ALL_12_RETAINED_INTERFACES_AT_THE_SAME_RESIDUAL_SCARCITY_HOUR
AT,2019-01-23 22:00:00,IT_CH,CH,IT,4600.0,4600.0,1900.0,0.0,6500.0,True,False,ALL_12_RETAINED_INTERFACES_AT_THE_SAME_RESIDUAL_SCARCITY_HOUR
AT,2019-01-23 22:00:00,IT_FR,FR,IT,4500.0,4500.0,2200.0,0.0,6700.0,True,False,ALL_12_RETAINED_INTERFACES_AT_THE_SAME_RESIDUAL_SCARCITY_HOUR
AT,2019-01-23 22:00:00,IT_GR,GR,IT,500.0,500.0,500.0,0.0,1000.0,True,False,ALL_12_RETAINED_INTERFACES_AT_THE_SAME_RESIDUAL_SCARCITY_HOUR
AT,2019-01-23 22:00:00,IT_ME,IT,ME,-600.0,600.0,600.0,1200.0,0.0,False,True,ALL_12_RETAINED_INTERFACES_AT_THE_SAME_RESIDUAL_SCARCITY_HOUR
AT,2019-01-23 22:00:00,IT_MT,IT,MT,-200.0,200.0,200.0,400.0,0.0,False,True,ALL_12_RETAINED_INTERFACES_AT_THE_SAME_RESIDUAL_SCARCITY_HOUR
AT,2019-01-23 22:00:00,IT_SI,IT,SI,-441.84798793114,1200.0,1100.0,1641.8479879311399,658.15201206886,False,False,ALL_12_RETAINED_INTERFACES_AT_THE_SAME_RESIDUAL_SCARCITY_HOUR
AT,2019-01-23 22:00:00,IT_TN,IT,TN,-600.0,600.0,600.0,1200.0,0.0,False,True,ALL_12_RETAINED_INTERFACES_AT_THE_SAME_RESIDUAL_SCARCITY_HOUR
AT,2019-01-23 23:00:00,EXT_AT_CH,AT,CH,-1200.0,1200.0,1200.0,2400.0,0.0,False,True,ALL_12_RETAINED_INTERFACES_AT_THE_SAME_RESIDUAL_SCARCITY_HOUR
AT,2019-01-23 23:00:00,EXT_AT_SI,AT,SI,-1421.840136321712,1450.0,1450.0,2871.8401363217117,28.159863678288048,False,False,ALL_12_RETAINED_INTERFACES_AT_THE_SAME_RESIDUAL_SCARCITY_HOUR
AT,2019-01-23 23:00:00,EXT_CH_FR,CH,FR,2200.0,2200.0,4500.0,0.0,6700.0,True,False,ALL_12_RETAINED_INTERFACES_AT_THE_SAME_RESIDUAL_SCARCITY_HOUR
AT,2019-01-23 23:00:00,EXT_HR_SI,HR,SI,-265.7854349245689,1500.0,1500.0,1765.785434924569,1234.214565075431,False,False,ALL_12_RETAINED_INTERFACES_AT_THE_SAME_RESIDUAL_SCARCITY_HOUR
AT,2019-01-23 23:00:00,IT_AT,AT,IT,-300.0,700.0,300.0,1000.0,0.0,False,True,ALL_12_RETAINED_INTERFACES_AT_THE_SAME_RESIDUAL_SCARCITY_HOUR
AT,2019-01-23 23:00:00,IT_CH,CH,IT,4600.0,4600.0,1900.0,0.0,6500.0,True,False,ALL_12_RETAINED_INTERFACES_AT_THE_SAME_RESIDUAL_SCARCITY_HOUR
AT,2019-01-23 23:00:00,IT_FR,FR,IT,4500.0,4500.0,2200.0,0.0,6700.0,True,False,ALL_12_RETAINED_INTERFACES_AT_THE_SAME_RESIDUAL_SCARCITY_HOUR
AT,2019-01-23 23:00:00,IT_GR,GR,IT,500.0,500.0,500.0,0.0,1000.0,True,False,ALL_12_RETAINED_INTERFACES_AT_THE_SAME_RESIDUAL_SCARCITY_HOUR
AT,2019-01-23 23:00:00,IT_ME,IT,ME,-600.0,600.0,600.0,1200.0,0.0,False,True,ALL_12_RETAINED_INTERFACES_AT_THE_SAME_RESIDUAL_SCARCITY_HOUR
AT,2019-01-23 23:00:00,IT_MT,IT,MT,-200.0,200.0,200.0,400.0,0.0,False,True,ALL_12_RETAINED_INTERFACES_AT_THE_SAME_RESIDUAL_SCARCITY_HOUR
AT,2019-01-23 23:00:00,IT_SI,IT,SI,-943.1508814823171,1200.0,1100.0,2143.1508814823173,156.84911851768288,False,False,ALL_12_RETAINED_INTERFACES_AT_THE_SAME_RESIDUAL_SCARCITY_HOUR
AT,2019-01-23 23:00:00,IT_TN,IT,TN,-600.0,600.0,600.0,1200.0,0.0,False,True,ALL_12_RETAINED_INTERFACES_AT_THE_SAME_RESIDUAL_SCARCITY_HOUR
AT,2019-01-24 00:00:00,EXT_AT_CH,AT,CH,-1200.0,1200.0,1200.0,2400.0,0.0,False,True,ALL_12_RETAINED_INTERFACES_AT_THE_SAME_RESIDUAL_SCARCITY_HOUR
AT,2019-01-24 00:00:00,EXT_AT_SI,AT,SI,-1450.0,1450.0,1450.0,2900.0,0.0,False,True,ALL_12_RETAINED_INTERFACES_AT_THE_SAME_RESIDUAL_SCARCITY_HOUR
AT,2019-01-24 00:00:00,EXT_CH_FR,CH,FR,2200.0,2200.0,4500.0,0.0,6700.0,True,False,ALL_12_RETAINED_INTERFACES_AT_THE_SAME_RESIDUAL_SCARCITY_HOUR
AT,2019-01-24 00:00:00,EXT_HR_SI,HR,SI,32.69010238794093,1500.0,1500.0,1467.309897612059,1532.690102387941,False,False,ALL_12_RETAINED_INTERFACES_AT_THE_SAME_RESIDUAL_SCARCITY_HOUR
AT,2019-01-24 00:00:00,IT_AT,AT,IT,-300.0,700.0,300.0,1000.0,0.0,False,True,ALL_12_RETAINED_INTERFACES_AT_THE_SAME_RESIDUAL_SCARCITY_HOUR
AT,2019-01-24 00:00:00,IT_CH,CH,IT,4600.0,4600.0,1900.0,0.0,6500.0,True,False,ALL_12_RETAINED_INTERFACES_AT_THE_SAME_RESIDUAL_SCARCITY_HOUR
AT,2019-01-24 00:00:00,IT_FR,FR,IT,4500.0,4500.0,2200.0,0.0,6700.0,True,False,ALL_12_RETAINED_INTERFACES_AT_THE_SAME_RESIDUAL_SCARCITY_HOUR
AT,2019-01-24 00:00:00,IT_GR,GR,IT,500.0,500.0,500.0,0.0,1000.0,True,False,ALL_12_RETAINED_INTERFACES_AT_THE_SAME_RESIDUAL_SCARCITY_HOUR
AT,2019-01-24 00:00:00,IT_ME,IT,ME,-600.0,600.0,600.0,1200.0,0.0,False,True,ALL_12_RETAINED_INTERFACES_AT_THE_SAME_RESIDUAL_SCARCITY_HOUR
AT,2019-01-24 00:00:00,IT_MT,IT,MT,-200.0,200.0,200.0,400.0,0.0,False,True,ALL_12_RETAINED_INTERFACES_AT_THE_SAME_RESIDUAL_SCARCITY_HOUR
AT,2019-01-24 00:00:00,IT_SI,IT,SI,1200.0,1200.0,1100.0,0.0,2300.0,True,False,ALL_12_RETAINED_INTERFACES_AT_THE_SAME_RESIDUAL_SCARCITY_HOUR
AT,2019-01-24 00:00:00,IT_TN,IT,TN,-600.0,600.0,600.0,1200.0,0.0,False,True,ALL_12_RETAINED_INTERFACES_AT_THE_SAME_RESIDUAL_SCARCITY_HOUR
AT,2019-01-24 01:00:00,EXT_AT_CH,AT,CH,-1200.0,1200.0,1200.0,2400.0,0.0,False,True,ALL_12_RETAINED_INTERFACES_AT_THE_SAME_RESIDUAL_SCARCITY_HOUR
AT,2019-01-24 01:00:00,EXT_AT_SI,AT,SI,-1450.0,1450.0,1450.0,2900.0,0.0,False,True,ALL_12_RETAINED_INTERFACES_AT_THE_SAME_RESIDUAL_SCARCITY_HOUR
AT,2019-01-24 01:00:00,EXT_CH_FR,CH,FR,2200.0,2200.0,4500.0,0.0,6700.0,True,False,ALL_12_RETAINED_INTERFACES_AT_THE_SAME_RESIDUAL_SCARCITY_HOUR
AT,2019-01-24 01:00:00,EXT_HR_SI,HR,SI,251.30329231466865,1500.0,1500.0,1248.6967076853314,1751.3032923146686,False,False,ALL_12_RETAINED_INTERFACES_AT_THE_SAME_RESIDUAL_SCARCITY_HOUR
AT,2019-01-24 01:00:00,IT_AT,AT,IT,-300.0,700.0,300.0,1000.0,0.0,False,True,ALL_12_RETAINED_INTERFACES_AT_THE_SAME_RESIDUAL_SCARCITY_HOUR
AT,2019-01-24 01:00:00,IT_CH,CH,IT,4600.0,4600.0,1900.0,0.0,6500.0,True,False,ALL_12_RETAINED_INTERFACES_AT_THE_SAME_RESIDUAL_SCARCITY_HOUR
AT,2019-01-24 01:00:00,IT_FR,FR,IT,4500.0,4500.0,2200.0,0.0,6700.0,True,False,ALL_12_RETAINED_INTERFACES_AT_THE_SAME_RESIDUAL_SCARCITY_HOUR
AT,2019-01-24 01:00:00,IT_GR,GR,IT,500.0,500.0,500.0,0.0,1000.0,True,False,ALL_12_RETAINED_INTERFACES_AT_THE_SAME_RESIDUAL_SCARCITY_HOUR
AT,2019-01-24 01:00:00,IT_ME,IT,ME,-600.0,600.0,600.0,1200.0,0.0,False,True,ALL_12_RETAINED_INTERFACES_AT_THE_SAME_RESIDUAL_SCARCITY_HOUR
AT,2019-01-24 01:00:00,IT_MT,IT,MT,-200.0,200.0,200.0,400.0,0.0,False,True,ALL_12_RETAINED_INTERFACES_AT_THE_SAME_RESIDUAL_SCARCITY_HOUR
AT,2019-01-24 01:00:00,IT_SI,IT,SI,1200.0,1200.0,1100.0,0.0,2300.0,True,False,ALL_12_RETAINED_INTERFACES_AT_THE_SAME_RESIDUAL_SCARCITY_HOUR
AT,2019-01-24 01:00:00,IT_TN,IT,TN,-600.0,600.0,600.0,1200.0,0.0,False,True,ALL_12_RETAINED_INTERFACES_AT_THE_SAME_RESIDUAL_SCARCITY_HOUR
AT,2019-01-24 02:00:00,EXT_AT_CH,AT,CH,-1200.0,1200.0,1200.0,2400.0,0.0,False,True,ALL_12_RETAINED_INTERFACES_AT_THE_SAME_RESIDUAL_SCARCITY_HOUR
AT,2019-01-24 02:00:00,EXT_AT_SI,AT,SI,-1450.0,1450.0,1450.0,2900.0,0.0,False,True,ALL_12_RETAINED_INTERFACES_AT_THE_SAME_RESIDUAL_SCARCITY_HOUR
AT,2019-01-24 02:00:00,EXT_CH_FR,CH,FR,2200.0,2200.0,4500.0,0.0,6700.0,True,False,ALL_12_RETAINED_INTERFACES_AT_THE_SAME_RESIDUAL_SCARCITY_HOUR
AT,2019-01-24 02:00:00,EXT_HR_SI,HR,SI,350.1723463969136,1500.0,1500.0,1149.8276536030864,1850.1723463969136,False,False,ALL_12_RETAINED_INTERFACES_AT_THE_SAME_RESIDUAL_SCARCITY_HOUR
AT,2019-01-24 02:00:00,IT_AT,AT,IT,-300.0,700.0,300.0,1000.0,0.0,False,True,ALL_12_RETAINED_INTERFACES_AT_THE_SAME_RESIDUAL_SCARCITY_HOUR
AT,2019-01-24 02:00:00,IT_CH,CH,IT,4600.0,4600.0,1900.0,0.0,6500.0,True,False,ALL_12_RETAINED_INTERFACES_AT_THE_SAME_RESIDUAL_SCARCITY_HOUR
AT,2019-01-24 02:00:00,IT_FR,FR,IT,4500.0,4500.0,2200.0,0.0,6700.0,True,False,ALL_12_RETAINED_INTERFACES_AT_THE_SAME_RESIDUAL_SCARCITY_HOUR
AT,2019-01-24 02:00:00,IT_GR,GR,IT,500.0,500.0,500.0,0.0,1000.0,True,False,ALL_12_RETAINED_INTERFACES_AT_THE_SAME_RESIDUAL_SCARCITY_HOUR
AT,2019-01-24 02:00:00,IT_ME,IT,ME,-600.0,600.0,600.0,1200.0,0.0,False,True,ALL_12_RETAINED_INTERFACES_AT_THE_SAME_RESIDUAL_SCARCITY_HOUR
AT,2019-01-24 02:00:00,IT_MT,IT,MT,-200.0,200.0,200.0,400.0,0.0,False,True,ALL_12_RETAINED_INTERFACES_AT_THE_SAME_RESIDUAL_SCARCITY_HOUR
AT,2019-01-24 02:00:00,IT_SI,IT,SI,1200.0,1200.0,1100.0,0.0,2300.0,True,False,ALL_12_RETAINED_INTERFACES_AT_THE_SAME_RESIDUAL_SCARCITY_HOUR
AT,2019-01-24 02:00:00,IT_TN,IT,TN,-600.0,600.0,600.0,1200.0,0.0,False,True,ALL_12_RETAINED_INTERFACES_AT_THE_SAME_RESIDUAL_SCARCITY_HOUR
AT,2019-01-24 03:00:00,EXT_AT_CH,AT,CH,-1200.0,1200.0,1200.0,2400.0,0.0,False,True,ALL_12_RETAINED_INTERFACES_AT_THE_SAME_RESIDUAL_SCARCITY_HOUR
AT,2019-01-24 03:00:00,EXT_AT_SI,AT,SI,-1450.0,1450.0,1450.0,2900.0,0.0,False,True,ALL_12_RETAINED_INTERFACES_AT_THE_SAME_RESIDUAL_SCARCITY_HOUR
AT,2019-01-24 03:00:00,EXT_CH_FR,CH,FR,2200.0,2200.0,4500.0,0.0,6700.0,True,False,ALL_12_RETAINED_INTERFACES_AT_THE_SAME_RESIDUAL_SCARCITY_HOUR
AT,2019-01-24 03:00:00,EXT_HR_SI,HR,SI,368.4713025419789,1500.0,1500.0,1131.528697458021,1868.471302541979,False,False,ALL_12_RETAINED_INTERFACES_AT_THE_SAME_RESIDUAL_SCARCITY_HOUR
AT,2019-01-24 03:00:00,IT_AT,AT,IT,-300.0,700.0,300.0,1000.0,0.0,False,True,ALL_12_RETAINED_INTERFACES_AT_THE_SAME_RESIDUAL_SCARCITY_HOUR
AT,2019-01-24 03:00:00,IT_CH,CH,IT,4600.0,4600.0,1900.0,0.0,6500.0,True,False,ALL_12_RETAINED_INTERFACES_AT_THE_SAME_RESIDUAL_SCARCITY_HOUR
AT,2019-01-24 03:00:00,IT_FR,FR,IT,4500.0,4500.0,2200.0,0.0,6700.0,True,False,ALL_12_RETAINED_INTERFACES_AT_THE_SAME_RESIDUAL_SCARCITY_HOUR
AT,2019-01-24 03:00:00,IT_GR,GR,IT,500.0,500.0,500.0,0.0,1000.0,True,False,ALL_12_RETAINED_INTERFACES_AT_THE_SAME_RESIDUAL_SCARCITY_HOUR
AT,2019-01-24 03:00:00,IT_ME,IT,ME,-600.0,600.0,600.0,1200.0,0.0,False,True,ALL_12_RETAINED_INTERFACES_AT_THE_SAME_RESIDUAL_SCARCITY_HOUR
AT,2019-01-24 03:00:00,IT_MT,IT,MT,-200.0,200.0,200.0,400.0,0.0,False,True,ALL_12_RETAINED_INTERFACES_AT_THE_SAME_RESIDUAL_SCARCITY_HOUR
AT,2019-01-24 03:00:00,IT_SI,IT,SI,1200.0,1200.0,1100.0,0.0,2300.0,True,False,ALL_12_RETAINED_INTERFACES_AT_THE_SAME_RESIDUAL_SCARCITY_HOUR
AT,2019-01-24 03:00:00,IT_TN,IT,TN,-600.0,600.0,600.0,1200.0,0.0,False,True,ALL_12_RETAINED_INTERFACES_AT_THE_SAME_RESIDUAL_SCARCITY_HOUR
AT,2019-01-24 04:00:00,EXT_AT_CH,AT,CH,-1200.0,1200.0,1200.0,2400.0,0.0,False,True,ALL_12_RETAINED_INTERFACES_AT_THE_SAME_RESIDUAL_SCARCITY_HOUR
AT,2019-01-24 04:00:00,EXT_AT_SI,AT,SI,-1450.0,1450.0,1450.0,2900.0,0.0,False,True,ALL_12_RETAINED_INTERFACES_AT_THE_SAME_RESIDUAL_SCARCITY_HOUR
AT,2019-01-24 04:00:00,EXT_CH_FR,CH,FR,2200.0,2200.0,4500.0,0.0,6700.0,True,False,ALL_12_RETAINED_INTERFACES_AT_THE_SAME_RESIDUAL_SCARCITY_HOUR
AT,2019-01-24 04:00:00,EXT_HR_SI,HR,SI,306.0166879820321,1500.0,1500.0,1193.9833120179678,1806.0166879820322,False,False,ALL_12_RETAINED_INTERFACES_AT_THE_SAME_RESIDUAL_SCARCITY_HOUR
AT,2019-01-24 04:00:00,IT_AT,AT,IT,-300.0,700.0,300.0,1000.0,0.0,False,True,ALL_12_RETAINED_INTERFACES_AT_THE_SAME_RESIDUAL_SCARCITY_HOUR
AT,2019-01-24 04:00:00,IT_CH,CH,IT,4600.0,4600.0,1900.0,0.0,6500.0,True,False,ALL_12_RETAINED_INTERFACES_AT_THE_SAME_RESIDUAL_SCARCITY_HOUR
AT,2019-01-24 04:00:00,IT_FR,FR,IT,4500.0,4500.0,2200.0,0.0,6700.0,True,False,ALL_12_RETAINED_INTERFACES_AT_THE_SAME_RESIDUAL_SCARCITY_HOUR
AT,2019-01-24 04:00:00,IT_GR,GR,IT,500.0,500.0,500.0,0.0,1000.0,True,False,ALL_12_RETAINED_INTERFACES_AT_THE_SAME_RESIDUAL_SCARCITY_HOUR
AT,2019-01-24 04:00:00,IT_ME,IT,ME,-600.0,600.0,600.0,1200.0,0.0,False,True,ALL_12_RETAINED_INTERFACES_AT_THE_SAME_RESIDUAL_SCARCITY_HOUR
AT,2019-01-24 04:00:00,IT_MT,IT,MT,-200.0,200.0,200.0,400.0,0.0,False,True,ALL_12_RETAINED_INTERFACES_AT_THE_SAME_RESIDUAL_SCARCITY_HOUR
AT,2019-01-24 04:00:00,IT_SI,IT,SI,1200.0,1200.0,1100.0,0.0,2300.0,True,False,ALL_12_RETAINED_INTERFACES_AT_THE_SAME_RESIDUAL_SCARCITY_HOUR
AT,2019-01-24 04:00:00,IT_TN,IT,TN,-600.0,600.0,600.0,1200.0,0.0,False,True,ALL_12_RETAINED_INTERFACES_AT_THE_SAME_RESIDUAL_SCARCITY_HOUR
AT,2019-01-24 05:00:00,EXT_AT_CH,AT,CH,-1200.0,1200.0,1200.0,2400.0,0.0,False,True,ALL_12_RETAINED_INTERFACES_AT_THE_SAME_RESIDUAL_SCARCITY_HOUR
AT,2019-01-24 05:00:00,EXT_AT_SI,AT,SI,210.4531689471925,1450.0,1450.0,1239.5468310528074,1660.4531689471926,False,False,ALL_12_RETAINED_INTERFACES_AT_THE_SAME_RESIDUAL_SCARCITY_HOUR
AT,2019-01-24 05:00:00,EXT_CH_FR,CH,FR,2200.0,2200.0,4500.0,0.0,6700.0,True,False,ALL_12_RETAINED_INTERFACES_AT_THE_SAME_RESIDUAL_SCARCITY_HOUR
AT,2019-01-24 05:00:00,EXT_HR_SI,HR,SI,-93.58539952827837,1500.0,1500.0,1593.5853995282785,1406.4146004717215,False,False,ALL_12_RETAINED_INTERFACES_AT_THE_SAME_RESIDUAL_SCARCITY_HOUR
AT,2019-01-24 05:00:00,IT_AT,AT,IT,-300.0,700.0,300.0,1000.0,0.0,False,True,ALL_12_RETAINED_INTERFACES_AT_THE_SAME_RESIDUAL_SCARCITY_HOUR
AT,2019-01-24 05:00:00,IT_CH,CH,IT,4600.0,4600.0,1900.0,0.0,6500.0,True,False,ALL_12_RETAINED_INTERFACES_AT_THE_SAME_RESIDUAL_SCARCITY_HOUR
AT,2019-01-24 05:00:00,IT_FR,FR,IT,4500.0,4500.0,2200.0,0.0,6700.0,True,False,ALL_12_RETAINED_INTERFACES_AT_THE_SAME_RESIDUAL_SCARCITY_HOUR
AT,2019-01-24 05:00:00,IT_GR,GR,IT,500.0,500.0,500.0,0.0,1000.0,True,False,ALL_12_RETAINED_INTERFACES_AT_THE_SAME_RESIDUAL_SCARCITY_HOUR
AT,2019-01-24 05:00:00,IT_ME,IT,ME,-600.0,600.0,600.0,1200.0,0.0,False,True,ALL_12_RETAINED_INTERFACES_AT_THE_SAME_RESIDUAL_SCARCITY_HOUR
AT,2019-01-24 05:00:00,IT_MT,IT,MT,-200.0,200.0,200.0,400.0,0.0,False,True,ALL_12_RETAINED_INTERFACES_AT_THE_SAME_RESIDUAL_SCARCITY_HOUR
AT,2019-01-24 05:00:00,IT_SI,IT,SI,1200.0,1200.0,1100.0,0.0,2300.0,True,False,ALL_12_RETAINED_INTERFACES_AT_THE_SAME_RESIDUAL_SCARCITY_HOUR
AT,2019-01-24 05:00:00,IT_TN,IT,TN,-600.0,600.0,600.0,1200.0,0.0,False,True,ALL_12_RETAINED_INTERFACES_AT_THE_SAME_RESIDUAL_SCARCITY_HOUR
AT,2019-01-24 06:00:00,EXT_AT_CH,AT,CH,-1200.0,1200.0,1200.0,2400.0,0.0,False,True,ALL_12_RETAINED_INTERFACES_AT_THE_SAME_RESIDUAL_SCARCITY_HOUR
AT,2019-01-24 06:00:00,EXT_AT_SI,AT,SI,-1450.0,1450.0,1450.0,2900.0,0.0,False,True,ALL_12_RETAINED_INTERFACES_AT_THE_SAME_RESIDUAL_SCARCITY_HOUR
AT,2019-01-24 06:00:00,EXT_CH_FR,CH,FR,2200.0,2200.0,4500.0,0.0,6700.0,True,False,ALL_12_RETAINED_INTERFACES_AT_THE_SAME_RESIDUAL_SCARCITY_HOUR
AT,2019-01-24 06:00:00,EXT_HR_SI,HR,SI,1500.0,1500.0,1500.0,0.0,3000.0,True,False,ALL_12_RETAINED_INTERFACES_AT_THE_SAME_RESIDUAL_SCARCITY_HOUR
AT,2019-01-24 06:00:00,IT_AT,AT,IT,-300.0,700.0,300.0,1000.0,0.0,False,True,ALL_12_RETAINED_INTERFACES_AT_THE_SAME_RESIDUAL_SCARCITY_HOUR
AT,2019-01-24 06:00:00,IT_CH,CH,IT,4600.0,4600.0,1900.0,0.0,6500.0,True,False,ALL_12_RETAINED_INTERFACES_AT_THE_SAME_RESIDUAL_SCARCITY_HOUR
AT,2019-01-24 06:00:00,IT_FR,FR,IT,-2200.0,4500.0,2200.0,6700.0,0.0,False,True,ALL_12_RETAINED_INTERFACES_AT_THE_SAME_RESIDUAL_SCARCITY_HOUR
AT,2019-01-24 06:00:00,IT_GR,GR,IT,500.0,500.0,500.0,0.0,1000.0,True,False,ALL_12_RETAINED_INTERFACES_AT_THE_SAME_RESIDUAL_SCARCITY_HOUR
AT,2019-01-24 06:00:00,IT_ME,IT,ME,-600.0,600.0,600.0,1200.0,0.0,False,True,ALL_12_RETAINED_INTERFACES_AT_THE_SAME_RESIDUAL_SCARCITY_HOUR
AT,2019-01-24 06:00:00,IT_MT,IT,MT,-200.0,200.0,200.0,400.0,0.0,False,True,ALL_12_RETAINED_INTERFACES_AT_THE_SAME_RESIDUAL_SCARCITY_HOUR
AT,2019-01-24 06:00:00,IT_SI,IT,SI,-1100.0,1200.0,1100.0,2300.0,0.0,False,True,ALL_12_RETAINED_INTERFACES_AT_THE_SAME_RESIDUAL_SCARCITY_HOUR
AT,2019-01-24 06:00:00,IT_TN,IT,TN,-600.0,600.0,600.0,1200.0,0.0,False,True,ALL_12_RETAINED_INTERFACES_AT_THE_SAME_RESIDUAL_SCARCITY_HOUR
AT,2019-01-24 07:00:00,EXT_AT_CH,AT,CH,-1200.0,1200.0,1200.0,2400.0,0.0,False,True,ALL_12_RETAINED_INTERFACES_AT_THE_SAME_RESIDUAL_SCARCITY_HOUR
AT,2019-01-24 07:00:00,EXT_AT_SI,AT,SI,-1450.0,1450.0,1450.0,2900.0,0.0,False,True,ALL_12_RETAINED_INTERFACES_AT_THE_SAME_RESIDUAL_SCARCITY_HOUR
AT,2019-01-24 07:00:00,EXT_CH_FR,CH,FR,2200.0,2200.0,4500.0,0.0,6700.0,True,False,ALL_12_RETAINED_INTERFACES_AT_THE_SAME_RESIDUAL_SCARCITY_HOUR
AT,2019-01-24 07:00:00,EXT_HR_SI,HR,SI,-254.3522279771237,1500.0,1500.0,1754.3522279771237,1245.6477720228763,False,False,ALL_12_RETAINED_INTERFACES_AT_THE_SAME_RESIDUAL_SCARCITY_HOUR
AT,2019-01-24 07:00:00,IT_AT,AT,IT,-300.0,700.0,300.0,1000.0,0.0,False,True,ALL_12_RETAINED_INTERFACES_AT_THE_SAME_RESIDUAL_SCARCITY_HOUR
AT,2019-01-24 07:00:00,IT_CH,CH,IT,4600.0,4600.0,1900.0,0.0,6500.0,True,False,ALL_12_RETAINED_INTERFACES_AT_THE_SAME_RESIDUAL_SCARCITY_HOUR
AT,2019-01-24 07:00:00,IT_FR,FR,IT,-2200.0,4500.0,2200.0,6700.0,0.0,False,True,ALL_12_RETAINED_INTERFACES_AT_THE_SAME_RESIDUAL_SCARCITY_HOUR
AT,2019-01-24 07:00:00,IT_GR,GR,IT,500.0,500.0,500.0,0.0,1000.0,True,False,ALL_12_RETAINED_INTERFACES_AT_THE_SAME_RESIDUAL_SCARCITY_HOUR
AT,2019-01-24 07:00:00,IT_ME,IT,ME,-600.0,600.0,600.0,1200.0,0.0,False,True,ALL_12_RETAINED_INTERFACES_AT_THE_SAME_RESIDUAL_SCARCITY_HOUR
AT,2019-01-24 07:00:00,IT_MT,IT,MT,-200.0,200.0,200.0,400.0,0.0,False,True,ALL_12_RETAINED_INTERFACES_AT_THE_SAME_RESIDUAL_SCARCITY_HOUR
AT,2019-01-24 07:00:00,IT_SI,IT,SI,-1100.0,1200.0,1100.0,2300.0,0.0,False,True,ALL_12_RETAINED_INTERFACES_AT_THE_SAME_RESIDUAL_SCARCITY_HOUR
AT,2019-01-24 07:00:00,IT_TN,IT,TN,-600.0,600.0,600.0,1200.0,0.0,False,True,ALL_12_RETAINED_INTERFACES_AT_THE_SAME_RESIDUAL_SCARCITY_HOUR
AT,2019-01-24 08:00:00,EXT_AT_CH,AT,CH,-1200.0,1200.0,1200.0,2400.0,0.0,False,True,ALL_12_RETAINED_INTERFACES_AT_THE_SAME_RESIDUAL_SCARCITY_HOUR
AT,2019-01-24 08:00:00,EXT_AT_SI,AT,SI,-1450.0,1450.0,1450.0,2900.0,0.0,False,True,ALL_12_RETAINED_INTERFACES_AT_THE_SAME_RESIDUAL_SCARCITY_HOUR
AT,2019-01-24 08:00:00,EXT_CH_FR,CH,FR,2200.0,2200.0,4500.0,0.0,6700.0,True,False,ALL_12_RETAINED_INTERFACES_AT_THE_SAME_RESIDUAL_SCARCITY_HOUR
AT,2019-01-24 08:00:00,EXT_HR_SI,HR,SI,261.34223370056407,1500.0,1500.0,1238.657766299436,1761.342233700564,False,False,ALL_12_RETAINED_INTERFACES_AT_THE_SAME_RESIDUAL_SCARCITY_HOUR
AT,2019-01-24 08:00:00,IT_AT,AT,IT,-300.0,700.0,300.0,1000.0,0.0,False,True,ALL_12_RETAINED_INTERFACES_AT_THE_SAME_RESIDUAL_SCARCITY_HOUR
AT,2019-01-24 08:00:00,IT_CH,CH,IT,4270.67488633749,4600.0,1900.0,329.3251136625104,6170.67488633749,False,False,ALL_12_RETAINED_INTERFACES_AT_THE_SAME_RESIDUAL_SCARCITY_HOUR
AT,2019-01-24 08:00:00,IT_FR,FR,IT,-2200.0,4500.0,2200.0,6700.0,0.0,False,True,ALL_12_RETAINED_INTERFACES_AT_THE_SAME_RESIDUAL_SCARCITY_HOUR
AT,2019-01-24 08:00:00,IT_GR,GR,IT,500.0,500.0,500.0,0.0,1000.0,True,False,ALL_12_RETAINED_INTERFACES_AT_THE_SAME_RESIDUAL_SCARCITY_HOUR
AT,2019-01-24 08:00:00,IT_ME,IT,ME,-600.0,600.0,600.0,1200.0,0.0,False,True,ALL_12_RETAINED_INTERFACES_AT_THE_SAME_RESIDUAL_SCARCITY_HOUR
AT,2019-01-24 08:00:00,IT_MT,IT,MT,-145.66171257957032,200.0,200.0,345.66171257957035,54.33828742042968,False,False,ALL_12_RETAINED_INTERFACES_AT_THE_SAME_RESIDUAL_SCARCITY_HOUR
AT,2019-01-24 08:00:00,IT_SI,IT,SI,1200.0,1200.0,1100.0,0.0,2300.0,True,False,ALL_12_RETAINED_INTERFACES_AT_THE_SAME_RESIDUAL_SCARCITY_HOUR
AT,2019-01-24 08:00:00,IT_TN,IT,TN,-600.0,600.0,600.0,1200.0,0.0,False,True,ALL_12_RETAINED_INTERFACES_AT_THE_SAME_RESIDUAL_SCARCITY_HOUR
AT,2019-01-24 15:00:00,EXT_AT_CH,AT,CH,-1200.0,1200.0,1200.0,2400.0,0.0,False,True,ALL_12_RETAINED_INTERFACES_AT_THE_SAME_RESIDUAL_SCARCITY_HOUR
AT,2019-01-24 15:00:00,EXT_AT_SI,AT,SI,-1450.0,1450.0,1450.0,2900.0,0.0,False,True,ALL_12_RETAINED_INTERFACES_AT_THE_SAME_RESIDUAL_SCARCITY_HOUR
AT,2019-01-24 15:00:00,EXT_CH_FR,CH,FR,2200.0,2200.0,4500.0,0.0,6700.0,True,False,ALL_12_RETAINED_INTERFACES_AT_THE_SAME_RESIDUAL_SCARCITY_HOUR
AT,2019-01-24 15:00:00,EXT_HR_SI,HR,SI,-380.3349860006716,1500.0,1500.0,1880.3349860006715,1119.6650139993285,False,False,ALL_12_RETAINED_INTERFACES_AT_THE_SAME_RESIDUAL_SCARCITY_HOUR
AT,2019-01-24 15:00:00,IT_AT,AT,IT,-300.0,700.0,300.0,1000.0,0.0,False,True,ALL_12_RETAINED_INTERFACES_AT_THE_SAME_RESIDUAL_SCARCITY_HOUR
AT,2019-01-24 15:00:00,IT_CH,CH,IT,4600.0,4600.0,1900.0,0.0,6500.0,True,False,ALL_12_RETAINED_INTERFACES_AT_THE_SAME_RESIDUAL_SCARCITY_HOUR
AT,2019-01-24 15:00:00,IT_FR,FR,IT,-2200.0,4500.0,2200.0,6700.0,0.0,False,True,ALL_12_RETAINED_INTERFACES_AT_THE_SAME_RESIDUAL_SCARCITY_HOUR
AT,2019-01-24 15:00:00,IT_GR,GR,IT,500.0,500.0,500.0,0.0,1000.0,True,False,ALL_12_RETAINED_INTERFACES_AT_THE_SAME_RESIDUAL_SCARCITY_HOUR
AT,2019-01-24 15:00:00,IT_ME,IT,ME,-600.0,600.0,600.0,1200.0,0.0,False,True,ALL_12_RETAINED_INTERFACES_AT_THE_SAME_RESIDUAL_SCARCITY_HOUR
AT,2019-01-24 15:00:00,IT_MT,IT,MT,-92.47315429017614,200.0,200.0,292.4731542901761,107.52684570982386,False,False,ALL_12_RETAINED_INTERFACES_AT_THE_SAME_RESIDUAL_SCARCITY_HOUR
AT,2019-01-24 15:00:00,IT_SI,IT,SI,1200.0,1200.0,1100.0,0.0,2300.0,True,False,ALL_12_RETAINED_INTERFACES_AT_THE_SAME_RESIDUAL_SCARCITY_HOUR
AT,2019-01-24 15:00:00,IT_TN,IT,TN,-600.0,600.0,600.0,1200.0,0.0,False,True,ALL_12_RETAINED_INTERFACES_AT_THE_SAME_RESIDUAL_SCARCITY_HOUR
AT,2019-01-24 16:00:00,EXT_AT_CH,AT,CH,-1200.0,1200.0,1200.0,2400.0,0.0,False,True,ALL_12_RETAINED_INTERFACES_AT_THE_SAME_RESIDUAL_SCARCITY_HOUR
AT,2019-01-24 16:00:00,EXT_AT_SI,AT,SI,-1450.0,1450.0,1450.0,2900.0,0.0,False,True,ALL_12_RETAINED_INTERFACES_AT_THE_SAME_RESIDUAL_SCARCITY_HOUR
AT,2019-01-24 16:00:00,EXT_CH_FR,CH,FR,2200.0,2200.0,4500.0,0.0,6700.0,True,False,ALL_12_RETAINED_INTERFACES_AT_THE_SAME_RESIDUAL_SCARCITY_HOUR
AT,2019-01-24 16:00:00,EXT_HR_SI,HR,SI,-640.2414100574014,1500.0,1500.0,2140.2414100574015,859.7585899425986,False,False,ALL_12_RETAINED_INTERFACES_AT_THE_SAME_RESIDUAL_SCARCITY_HOUR
AT,2019-01-24 16:00:00,IT_AT,AT,IT,-300.0,700.0,300.0,1000.0,0.0,False,True,ALL_12_RETAINED_INTERFACES_AT_THE_SAME_RESIDUAL_SCARCITY_HOUR
AT,2019-01-24 16:00:00,IT_CH,CH,IT,4600.0,4600.0,1900.0,0.0,6500.0,True,False,ALL_12_RETAINED_INTERFACES_AT_THE_SAME_RESIDUAL_SCARCITY_HOUR
AT,2019-01-24 16:00:00,IT_FR,FR,IT,-2200.0,4500.0,2200.0,6700.0,0.0,False,True,ALL_12_RETAINED_INTERFACES_AT_THE_SAME_RESIDUAL_SCARCITY_HOUR
AT,2019-01-24 16:00:00,IT_GR,GR,IT,500.0,500.0,500.0,0.0,1000.0,True,False,ALL_12_RETAINED_INTERFACES_AT_THE_SAME_RESIDUAL_SCARCITY_HOUR
AT,2019-01-24 16:00:00,IT_ME,IT,ME,-600.0,600.0,600.0,1200.0,0.0,False,True,ALL_12_RETAINED_INTERFACES_AT_THE_SAME_RESIDUAL_SCARCITY_HOUR
AT,2019-01-24 16:00:00,IT_MT,IT,MT,-48.50224528440116,200.0,200.0,248.50224528440117,151.49775471559883,False,False,ALL_12_RETAINED_INTERFACES_AT_THE_SAME_RESIDUAL_SCARCITY_HOUR
AT,2019-01-24 16:00:00,IT_SI,IT,SI,1200.0,1200.0,1100.0,0.0,2300.0,True,False,ALL_12_RETAINED_INTERFACES_AT_THE_SAME_RESIDUAL_SCARCITY_HOUR
AT,2019-01-24 16:00:00,IT_TN,IT,TN,-600.0,600.0,600.0,1200.0,0.0,False,True,ALL_12_RETAINED_INTERFACES_AT_THE_SAME_RESIDUAL_SCARCITY_HOUR
AT,2019-01-24 17:00:00,EXT_AT_CH,AT,CH,-1200.0,1200.0,1200.0,2400.0,0.0,False,True,ALL_12_RETAINED_INTERFACES_AT_THE_SAME_RESIDUAL_SCARCITY_HOUR
AT,2019-01-24 17:00:00,EXT_AT_SI,AT,SI,-1450.0,1450.0,1450.0,2900.0,0.0,False,True,ALL_12_RETAINED_INTERFACES_AT_THE_SAME_RESIDUAL_SCARCITY_HOUR
AT,2019-01-24 17:00:00,EXT_CH_FR,CH,FR,2200.0,2200.0,4500.0,0.0,6700.0,True,False,ALL_12_RETAINED_INTERFACES_AT_THE_SAME_RESIDUAL_SCARCITY_HOUR
AT,2019-01-24 17:00:00,EXT_HR_SI,HR,SI,-517.4488950840545,1500.0,1500.0,2017.4488950840546,982.5511049159455,False,False,ALL_12_RETAINED_INTERFACES_AT_THE_SAME_RESIDUAL_SCARCITY_HOUR
AT,2019-01-24 17:00:00,IT_AT,AT,IT,-300.0,700.0,300.0,1000.0,0.0,False,True,ALL_12_RETAINED_INTERFACES_AT_THE_SAME_RESIDUAL_SCARCITY_HOUR
AT,2019-01-24 17:00:00,IT_CH,CH,IT,4600.0,4600.0,1900.0,0.0,6500.0,True,False,ALL_12_RETAINED_INTERFACES_AT_THE_SAME_RESIDUAL_SCARCITY_HOUR
AT,2019-01-24 17:00:00,IT_FR,FR,IT,-2200.0,4500.0,2200.0,6700.0,0.0,False,True,ALL_12_RETAINED_INTERFACES_AT_THE_SAME_RESIDUAL_SCARCITY_HOUR
AT,2019-01-24 17:00:00,IT_GR,GR,IT,500.0,500.0,500.0,0.0,1000.0,True,False,ALL_12_RETAINED_INTERFACES_AT_THE_SAME_RESIDUAL_SCARCITY_HOUR
AT,2019-01-24 17:00:00,IT_ME,IT,ME,-488.9845255160752,600.0,600.0,1088.9845255160753,111.01547448392478,False,False,ALL_12_RETAINED_INTERFACES_AT_THE_SAME_RESIDUAL_SCARCITY_HOUR
AT,2019-01-24 17:00:00,IT_MT,IT,MT,-8.132220216854307,200.0,200.0,208.1322202168543,191.8677797831457,False,False,ALL_12_RETAINED_INTERFACES_AT_THE_SAME_RESIDUAL_SCARCITY_HOUR
AT,2019-01-24 17:00:00,IT_SI,IT,SI,1200.0,1200.0,1100.0,0.0,2300.0,True,False,ALL_12_RETAINED_INTERFACES_AT_THE_SAME_RESIDUAL_SCARCITY_HOUR
AT,2019-01-24 17:00:00,IT_TN,IT,TN,-600.0,600.0,600.0,1200.0,0.0,False,True,ALL_12_RETAINED_INTERFACES_AT_THE_SAME_RESIDUAL_SCARCITY_HOUR
AT,2019-01-24 18:00:00,EXT_AT_CH,AT,CH,-1200.0,1200.0,1200.0,2400.0,0.0,False,True,ALL_12_RETAINED_INTERFACES_AT_THE_SAME_RESIDUAL_SCARCITY_HOUR
AT,2019-01-24 18:00:00,EXT_AT_SI,AT,SI,-1450.0,1450.0,1450.0,2900.0,0.0,False,True,ALL_12_RETAINED_INTERFACES_AT_THE_SAME_RESIDUAL_SCARCITY_HOUR
AT,2019-01-24 18:00:00,EXT_CH_FR,CH,FR,2200.0,2200.0,4500.0,0.0,6700.0,True,False,ALL_12_RETAINED_INTERFACES_AT_THE_SAME_RESIDUAL_SCARCITY_HOUR
AT,2019-01-24 18:00:00,EXT_HR_SI,HR,SI,1500.0,1500.0,1500.0,0.0,3000.0,True,False,ALL_12_RETAINED_INTERFACES_AT_THE_SAME_RESIDUAL_SCARCITY_HOUR
AT,2019-01-24 18:00:00,IT_AT,AT,IT,-300.0,700.0,300.0,1000.0,0.0,False,True,ALL_12_RETAINED_INTERFACES_AT_THE_SAME_RESIDUAL_SCARCITY_HOUR
AT,2019-01-24 18:00:00,IT_CH,CH,IT,4600.0,4600.0,1900.0,0.0,6500.0,True,False,ALL_12_RETAINED_INTERFACES_AT_THE_SAME_RESIDUAL_SCARCITY_HOUR
AT,2019-01-24 18:00:00,IT_FR,FR,IT,-2200.0,4500.0,2200.0,6700.0,0.0,False,True,ALL_12_RETAINED_INTERFACES_AT_THE_SAME_RESIDUAL_SCARCITY_HOUR
AT,2019-01-24 18:00:00,IT_GR,GR,IT,500.0,500.0,500.0,0.0,1000.0,True,False,ALL_12_RETAINED_INTERFACES_AT_THE_SAME_RESIDUAL_SCARCITY_HOUR
AT,2019-01-24 18:00:00,IT_ME,IT,ME,-479.3861024776814,600.0,600.0,1079.3861024776813,120.61389752231861,False,False,ALL_12_RETAINED_INTERFACES_AT_THE_SAME_RESIDUAL_SCARCITY_HOUR
AT,2019-01-24 18:00:00,IT_MT,IT,MT,-18.7195090474587,200.0,200.0,218.7195090474587,181.2804909525413,False,False,ALL_12_RETAINED_INTERFACES_AT_THE_SAME_RESIDUAL_SCARCITY_HOUR
AT,2019-01-24 18:00:00,IT_SI,IT,SI,1200.0,1200.0,1100.0,0.0,2300.0,True,False,ALL_12_RETAINED_INTERFACES_AT_THE_SAME_RESIDUAL_SCARCITY_HOUR
AT,2019-01-24 18:00:00,IT_TN,IT,TN,-600.0,600.0,600.0,1200.0,0.0,False,True,ALL_12_RETAINED_INTERFACES_AT_THE_SAME_RESIDUAL_SCARCITY_HOUR
AT,2019-01-24 19:00:00,EXT_AT_CH,AT,CH,-1200.0,1200.0,1200.0,2400.0,0.0,False,True,ALL_12_RETAINED_INTERFACES_AT_THE_SAME_RESIDUAL_SCARCITY_HOUR
AT,2019-01-24 19:00:00,EXT_AT_SI,AT,SI,-1450.0,1450.0,1450.0,2900.0,0.0,False,True,ALL_12_RETAINED_INTERFACES_AT_THE_SAME_RESIDUAL_SCARCITY_HOUR
AT,2019-01-24 19:00:00,EXT_CH_FR,CH,FR,2200.0,2200.0,4500.0,0.0,6700.0,True,False,ALL_12_RETAINED_INTERFACES_AT_THE_SAME_RESIDUAL_SCARCITY_HOUR
AT,2019-01-24 19:00:00,EXT_HR_SI,HR,SI,-333.95437640961256,1500.0,1500.0,1833.9543764096125,1166.0456235903875,False,False,ALL_12_RETAINED_INTERFACES_AT_THE_SAME_RESIDUAL_SCARCITY_HOUR
AT,2019-01-24 19:00:00,IT_AT,AT,IT,-300.0,700.0,300.0,1000.0,0.0,False,True,ALL_12_RETAINED_INTERFACES_AT_THE_SAME_RESIDUAL_SCARCITY_HOUR
AT,2019-01-24 19:00:00,IT_CH,CH,IT,2125.8698774681798,4600.0,1900.0,2474.1301225318202,4025.8698774681798,False,False,ALL_12_RETAINED_INTERFACES_AT_THE_SAME_RESIDUAL_SCARCITY_HOUR
AT,2019-01-24 19:00:00,IT_FR,FR,IT,-2200.0,4500.0,2200.0,6700.0,0.0,False,True,ALL_12_RETAINED_INTERFACES_AT_THE_SAME_RESIDUAL_SCARCITY_HOUR
AT,2019-01-24 19:00:00,IT_GR,GR,IT,500.0,500.0,500.0,0.0,1000.0,True,False,ALL_12_RETAINED_INTERFACES_AT_THE_SAME_RESIDUAL_SCARCITY_HOUR
AT,2019-01-24 19:00:00,IT_ME,IT,ME,-497.610981827945,600.0,600.0,1097.6109818279451,102.38901817205499,False,False,ALL_12_RETAINED_INTERFACES_AT_THE_SAME_RESIDUAL_SCARCITY_HOUR
AT,2019-01-24 19:00:00,IT_MT,IT,MT,-14.13532890964126,200.0,200.0,214.13532890964126,185.86467109035874,False,False,ALL_12_RETAINED_INTERFACES_AT_THE_SAME_RESIDUAL_SCARCITY_HOUR
AT,2019-01-24 19:00:00,IT_SI,IT,SI,1200.0,1200.0,1100.0,0.0,2300.0,True,False,ALL_12_RETAINED_INTERFACES_AT_THE_SAME_RESIDUAL_SCARCITY_HOUR
AT,2019-01-24 19:00:00,IT_TN,IT,TN,-600.0,600.0,600.0,1200.0,0.0,False,True,ALL_12_RETAINED_INTERFACES_AT_THE_SAME_RESIDUAL_SCARCITY_HOUR
AT,2019-01-24 20:00:00,EXT_AT_CH,AT,CH,-1200.0,1200.0,1200.0,2400.0,0.0,False,True,ALL_12_RETAINED_INTERFACES_AT_THE_SAME_RESIDUAL_SCARCITY_HOUR
AT,2019-01-24 20:00:00,EXT_AT_SI,AT,SI,-1450.0,1450.0,1450.0,2900.0,0.0,False,True,ALL_12_RETAINED_INTERFACES_AT_THE_SAME_RESIDUAL_SCARCITY_HOUR
AT,2019-01-24 20:00:00,EXT_CH_FR,CH,FR,2200.0,2200.0,4500.0,0.0,6700.0,True,False,ALL_12_RETAINED_INTERFACES_AT_THE_SAME_RESIDUAL_SCARCITY_HOUR
AT,2019-01-24 20:00:00,EXT_HR_SI,HR,SI,-211.399327704056,1500.0,1500.0,1711.399327704056,1288.600672295944,False,False,ALL_12_RETAINED_INTERFACES_AT_THE_SAME_RESIDUAL_SCARCITY_HOUR
AT,2019-01-24 20:00:00,IT_AT,AT,IT,-300.0,700.0,300.0,1000.0,0.0,False,True,ALL_12_RETAINED_INTERFACES_AT_THE_SAME_RESIDUAL_SCARCITY_HOUR
AT,2019-01-24 20:00:00,IT_CH,CH,IT,2751.812500799681,4600.0,1900.0,1848.187499200319,4651.8125007996805,False,False,ALL_12_RETAINED_INTERFACES_AT_THE_SAME_RESIDUAL_SCARCITY_HOUR
AT,2019-01-24 20:00:00,IT_FR,FR,IT,-2200.0,4500.0,2200.0,6700.0,0.0,False,True,ALL_12_RETAINED_INTERFACES_AT_THE_SAME_RESIDUAL_SCARCITY_HOUR
AT,2019-01-24 20:00:00,IT_GR,GR,IT,500.0,500.0,500.0,0.0,1000.0,True,False,ALL_12_RETAINED_INTERFACES_AT_THE_SAME_RESIDUAL_SCARCITY_HOUR
AT,2019-01-24 20:00:00,IT_ME,IT,ME,-523.4714055760039,600.0,600.0,1123.471405576004,76.52859442399608,False,False,ALL_12_RETAINED_INTERFACES_AT_THE_SAME_RESIDUAL_SCARCITY_HOUR
AT,2019-01-24 20:00:00,IT_MT,IT,MT,-13.129250440862506,200.0,200.0,213.1292504408625,186.8707495591375,False,False,ALL_12_RETAINED_INTERFACES_AT_THE_SAME_RESIDUAL_SCARCITY_HOUR
AT,2019-01-24 20:00:00,IT_SI,IT,SI,1200.0,1200.0,1100.0,0.0,2300.0,True,False,ALL_12_RETAINED_INTERFACES_AT_THE_SAME_RESIDUAL_SCARCITY_HOUR
AT,2019-01-24 20:00:00,IT_TN,IT,TN,-600.0,600.0,600.0,1200.0,0.0,False,True,ALL_12_RETAINED_INTERFACES_AT_THE_SAME_RESIDUAL_SCARCITY_HOUR
AT,2019-01-24 21:00:00,EXT_AT_CH,AT,CH,-1200.0,1200.0,1200.0,2400.0,0.0,False,True,ALL_12_RETAINED_INTERFACES_AT_THE_SAME_RESIDUAL_SCARCITY_HOUR
AT,2019-01-24 21:00:00,EXT_AT_SI,AT,SI,-1450.0,1450.0,1450.0,2900.0,0.0,False,True,ALL_12_RETAINED_INTERFACES_AT_THE_SAME_RESIDUAL_SCARCITY_HOUR
AT,2019-01-24 21:00:00,EXT_CH_FR,CH,FR,2200.0,2200.0,4500.0,0.0,6700.0,True,False,ALL_12_RETAINED_INTERFACES_AT_THE_SAME_RESIDUAL_SCARCITY_HOUR
AT,2019-01-24 21:00:00,EXT_HR_SI,HR,SI,96.29730521154332,1500.0,1500.0,1403.7026947884567,1596.2973052115433,False,False,ALL_12_RETAINED_INTERFACES_AT_THE_SAME_RESIDUAL_SCARCITY_HOUR
AT,2019-01-24 21:00:00,IT_AT,AT,IT,-300.0,700.0,300.0,1000.0,0.0,False,True,ALL_12_RETAINED_INTERFACES_AT_THE_SAME_RESIDUAL_SCARCITY_HOUR
AT,2019-01-24 21:00:00,IT_CH,CH,IT,4600.0,4600.0,1900.0,0.0,6500.0,True,False,ALL_12_RETAINED_INTERFACES_AT_THE_SAME_RESIDUAL_SCARCITY_HOUR
AT,2019-01-24 21:00:00,IT_FR,FR,IT,-2200.0,4500.0,2200.0,6700.0,0.0,False,True,ALL_12_RETAINED_INTERFACES_AT_THE_SAME_RESIDUAL_SCARCITY_HOUR
AT,2019-01-24 21:00:00,IT_GR,GR,IT,500.0,500.0,500.0,0.0,1000.0,True,False,ALL_12_RETAINED_INTERFACES_AT_THE_SAME_RESIDUAL_SCARCITY_HOUR
AT,2019-01-24 21:00:00,IT_ME,IT,ME,-600.0,600.0,600.0,1200.0,0.0,False,True,ALL_12_RETAINED_INTERFACES_AT_THE_SAME_RESIDUAL_SCARCITY_HOUR
AT,2019-01-24 21:00:00,IT_MT,IT,MT,-43.89979792897094,200.0,200.0,243.89979792897094,156.10020207102906,False,False,ALL_12_RETAINED_INTERFACES_AT_THE_SAME_RESIDUAL_SCARCITY_HOUR
AT,2019-01-24 21:00:00,IT_SI,IT,SI,1200.0,1200.0,1100.0,0.0,2300.0,True,False,ALL_12_RETAINED_INTERFACES_AT_THE_SAME_RESIDUAL_SCARCITY_HOUR
AT,2019-01-24 21:00:00,IT_TN,IT,TN,-600.0,600.0,600.0,1200.0,0.0,False,True,ALL_12_RETAINED_INTERFACES_AT_THE_SAME_RESIDUAL_SCARCITY_HOUR
AT,2019-01-24 22:00:00,EXT_AT_CH,AT,CH,-1200.0,1200.0,1200.0,2400.0,0.0,False,True,ALL_12_RETAINED_INTERFACES_AT_THE_SAME_RESIDUAL_SCARCITY_HOUR
AT,2019-01-24 22:00:00,EXT_AT_SI,AT,SI,-1450.0,1450.0,1450.0,2900.0,0.0,False,True,ALL_12_RETAINED_INTERFACES_AT_THE_SAME_RESIDUAL_SCARCITY_HOUR
AT,2019-01-24 22:00:00,EXT_CH_FR,CH,FR,2200.0,2200.0,4500.0,0.0,6700.0,True,False,ALL_12_RETAINED_INTERFACES_AT_THE_SAME_RESIDUAL_SCARCITY_HOUR
AT,2019-01-24 22:00:00,EXT_HR_SI,HR,SI,189.89439911435832,1500.0,1500.0,1310.1056008856417,1689.8943991143583,False,False,ALL_12_RETAINED_INTERFACES_AT_THE_SAME_RESIDUAL_SCARCITY_HOUR
AT,2019-01-24 22:00:00,IT_AT,AT,IT,-300.0,700.0,300.0,1000.0,0.0,False,True,ALL_12_RETAINED_INTERFACES_AT_THE_SAME_RESIDUAL_SCARCITY_HOUR
AT,2019-01-24 22:00:00,IT_CH,CH,IT,3550.2223607175083,4600.0,1900.0,1049.7776392824917,5450.222360717508,False,False,ALL_12_RETAINED_INTERFACES_AT_THE_SAME_RESIDUAL_SCARCITY_HOUR
AT,2019-01-24 22:00:00,IT_FR,FR,IT,-2200.0,4500.0,2200.0,6700.0,0.0,False,True,ALL_12_RETAINED_INTERFACES_AT_THE_SAME_RESIDUAL_SCARCITY_HOUR
AT,2019-01-24 22:00:00,IT_GR,GR,IT,500.0,500.0,500.0,0.0,1000.0,True,False,ALL_12_RETAINED_INTERFACES_AT_THE_SAME_RESIDUAL_SCARCITY_HOUR
AT,2019-01-24 22:00:00,IT_ME,IT,ME,-570.7309274858812,600.0,600.0,1170.7309274858812,29.26907251411876,False,False,ALL_12_RETAINED_INTERFACES_AT_THE_SAME_RESIDUAL_SCARCITY_HOUR
AT,2019-01-24 22:00:00,IT_MT,IT,MT,-74.44737215987215,200.0,200.0,274.44737215987215,125.55262784012785,False,False,ALL_12_RETAINED_INTERFACES_AT_THE_SAME_RESIDUAL_SCARCITY_HOUR
AT,2019-01-24 22:00:00,IT_SI,IT,SI,1200.0,1200.0,1100.0,0.0,2300.0,True,False,ALL_12_RETAINED_INTERFACES_AT_THE_SAME_RESIDUAL_SCARCITY_HOUR
AT,2019-01-24 22:00:00,IT_TN,IT,TN,-600.0,600.0,600.0,1200.0,0.0,False,True,ALL_12_RETAINED_INTERFACES_AT_THE_SAME_RESIDUAL_SCARCITY_HOUR
AT,2019-01-25 06:00:00,EXT_AT_CH,AT,CH,-1200.0,1200.0,1200.0,2400.0,0.0,False,True,ALL_12_RETAINED_INTERFACES_AT_THE_SAME_RESIDUAL_SCARCITY_HOUR
AT,2019-01-25 06:00:00,EXT_AT_SI,AT,SI,-1450.0,1450.0,1450.0,2900.0,0.0,False,True,ALL_12_RETAINED_INTERFACES_AT_THE_SAME_RESIDUAL_SCARCITY_HOUR
AT,2019-01-25 06:00:00,EXT_CH_FR,CH,FR,2200.0,2200.0,4500.0,0.0,6700.0,True,False,ALL_12_RETAINED_INTERFACES_AT_THE_SAME_RESIDUAL_SCARCITY_HOUR
AT,2019-01-25 06:00:00,EXT_HR_SI,HR,SI,975.1254231711392,1500.0,1500.0,524.8745768288608,2475.125423171139,False,False,ALL_12_RETAINED_INTERFACES_AT_THE_SAME_RESIDUAL_SCARCITY_HOUR
AT,2019-01-25 06:00:00,IT_AT,AT,IT,-300.0,700.0,300.0,1000.0,0.0,False,True,ALL_12_RETAINED_INTERFACES_AT_THE_SAME_RESIDUAL_SCARCITY_HOUR
AT,2019-01-25 06:00:00,IT_CH,CH,IT,3131.00439435613,4600.0,1900.0,1468.99560564387,5031.00439435613,False,False,ALL_12_RETAINED_INTERFACES_AT_THE_SAME_RESIDUAL_SCARCITY_HOUR
AT,2019-01-25 06:00:00,IT_FR,FR,IT,-2200.0,4500.0,2200.0,6700.0,0.0,False,True,ALL_12_RETAINED_INTERFACES_AT_THE_SAME_RESIDUAL_SCARCITY_HOUR
AT,2019-01-25 06:00:00,IT_GR,GR,IT,500.0,500.0,500.0,0.0,1000.0,True,False,ALL_12_RETAINED_INTERFACES_AT_THE_SAME_RESIDUAL_SCARCITY_HOUR
AT,2019-01-25 06:00:00,IT_ME,IT,ME,-600.0,600.0,600.0,1200.0,0.0,False,True,ALL_12_RETAINED_INTERFACES_AT_THE_SAME_RESIDUAL_SCARCITY_HOUR
AT,2019-01-25 06:00:00,IT_MT,IT,MT,-125.10694757670092,200.0,200.0,325.1069475767009,74.89305242329908,False,False,ALL_12_RETAINED_INTERFACES_AT_THE_SAME_RESIDUAL_SCARCITY_HOUR
AT,2019-01-25 06:00:00,IT_SI,IT,SI,1200.0,1200.0,1100.0,0.0,2300.0,True,False,ALL_12_RETAINED_INTERFACES_AT_THE_SAME_RESIDUAL_SCARCITY_HOUR
AT,2019-01-25 06:00:00,IT_TN,IT,TN,-600.0,600.0,600.0,1200.0,0.0,False,True,ALL_12_RETAINED_INTERFACES_AT_THE_SAME_RESIDUAL_SCARCITY_HOUR
AT,2019-01-25 07:00:00,EXT_AT_CH,AT,CH,-1200.0,1200.0,1200.0,2400.0,0.0,False,True,ALL_12_RETAINED_INTERFACES_AT_THE_SAME_RESIDUAL_SCARCITY_HOUR
AT,2019-01-25 07:00:00,EXT_AT_SI,AT,SI,-1450.0,1450.0,1450.0,2900.0,0.0,False,True,ALL_12_RETAINED_INTERFACES_AT_THE_SAME_RESIDUAL_SCARCITY_HOUR
AT,2019-01-25 07:00:00,EXT_CH_FR,CH,FR,2200.0,2200.0,4500.0,0.0,6700.0,True,False,ALL_12_RETAINED_INTERFACES_AT_THE_SAME_RESIDUAL_SCARCITY_HOUR
AT,2019-01-25 07:00:00,EXT_HR_SI,HR,SI,1162.418213738347,1500.0,1500.0,337.58178626165295,2662.418213738347,False,False,ALL_12_RETAINED_INTERFACES_AT_THE_SAME_RESIDUAL_SCARCITY_HOUR
AT,2019-01-25 07:00:00,IT_AT,AT,IT,-300.0,700.0,300.0,1000.0,0.0,False,True,ALL_12_RETAINED_INTERFACES_AT_THE_SAME_RESIDUAL_SCARCITY_HOUR
AT,2019-01-25 07:00:00,IT_CH,CH,IT,2037.7781935104188,4600.0,1900.0,2562.2218064895815,3937.7781935104185,False,False,ALL_12_RETAINED_INTERFACES_AT_THE_SAME_RESIDUAL_SCARCITY_HOUR
AT,2019-01-25 07:00:00,IT_FR,FR,IT,-2200.0,4500.0,2200.0,6700.0,0.0,False,True,ALL_12_RETAINED_INTERFACES_AT_THE_SAME_RESIDUAL_SCARCITY_HOUR
AT,2019-01-25 07:00:00,IT_GR,GR,IT,500.0,500.0,500.0,0.0,1000.0,True,False,ALL_12_RETAINED_INTERFACES_AT_THE_SAME_RESIDUAL_SCARCITY_HOUR
AT,2019-01-25 07:00:00,IT_ME,IT,ME,-600.0,600.0,600.0,1200.0,0.0,False,True,ALL_12_RETAINED_INTERFACES_AT_THE_SAME_RESIDUAL_SCARCITY_HOUR
AT,2019-01-25 07:00:00,IT_MT,IT,MT,-150.52666694287274,200.0,200.0,350.52666694287274,49.47333305712726,False,False,ALL_12_RETAINED_INTERFACES_AT_THE_SAME_RESIDUAL_SCARCITY_HOUR
AT,2019-01-25 07:00:00,IT_SI,IT,SI,1200.0,1200.0,1100.0,0.0,2300.0,True,False,ALL_12_RETAINED_INTERFACES_AT_THE_SAME_RESIDUAL_SCARCITY_HOUR
AT,2019-01-25 07:00:00,IT_TN,IT,TN,-600.0,600.0,600.0,1200.0,0.0,False,True,ALL_12_RETAINED_INTERFACES_AT_THE_SAME_RESIDUAL_SCARCITY_HOUR
AT,2019-01-28 16:00:00,EXT_AT_CH,AT,CH,-1200.0,1200.0,1200.0,2400.0,0.0,False,True,ALL_12_RETAINED_INTERFACES_AT_THE_SAME_RESIDUAL_SCARCITY_HOUR
AT,2019-01-28 16:00:00,EXT_AT_SI,AT,SI,-1450.0,1450.0,1450.0,2900.0,0.0,False,True,ALL_12_RETAINED_INTERFACES_AT_THE_SAME_RESIDUAL_SCARCITY_HOUR
AT,2019-01-28 16:00:00,EXT_CH_FR,CH,FR,-4500.0,2200.0,4500.0,6700.0,0.0,False,True,ALL_12_RETAINED_INTERFACES_AT_THE_SAME_RESIDUAL_SCARCITY_HOUR
AT,2019-01-28 16:00:00,EXT_HR_SI,HR,SI,-940.7090277551541,1500.0,1500.0,2440.7090277551542,559.2909722448459,False,False,ALL_12_RETAINED_INTERFACES_AT_THE_SAME_RESIDUAL_SCARCITY_HOUR
AT,2019-01-28 16:00:00,IT_AT,AT,IT,-300.0,700.0,300.0,1000.0,0.0,False,True,ALL_12_RETAINED_INTERFACES_AT_THE_SAME_RESIDUAL_SCARCITY_HOUR
AT,2019-01-28 16:00:00,IT_CH,CH,IT,4600.0,4600.0,1900.0,0.0,6500.0,True,False,ALL_12_RETAINED_INTERFACES_AT_THE_SAME_RESIDUAL_SCARCITY_HOUR
AT,2019-01-28 16:00:00,IT_FR,FR,IT,4500.0,4500.0,2200.0,0.0,6700.0,True,False,ALL_12_RETAINED_INTERFACES_AT_THE_SAME_RESIDUAL_SCARCITY_HOUR
AT,2019-01-28 16:00:00,IT_GR,GR,IT,500.0,500.0,500.0,0.0,1000.0,True,False,ALL_12_RETAINED_INTERFACES_AT_THE_SAME_RESIDUAL_SCARCITY_HOUR
AT,2019-01-28 16:00:00,IT_ME,IT,ME,-600.0,600.0,600.0,1200.0,0.0,False,True,ALL_12_RETAINED_INTERFACES_AT_THE_SAME_RESIDUAL_SCARCITY_HOUR
AT,2019-01-28 16:00:00,IT_MT,IT,MT,3.4239957843965776,200.0,200.0,196.57600421560343,203.42399578439657,False,False,ALL_12_RETAINED_INTERFACES_AT_THE_SAME_RESIDUAL_SCARCITY_HOUR
AT,2019-01-28 16:00:00,IT_SI,IT,SI,1200.0,1200.0,1100.0,0.0,2300.0,True,False,ALL_12_RETAINED_INTERFACES_AT_THE_SAME_RESIDUAL_SCARCITY_HOUR
AT,2019-01-28 16:00:00,IT_TN,IT,TN,-600.0,600.0,600.0,1200.0,0.0,False,True,ALL_12_RETAINED_INTERFACES_AT_THE_SAME_RESIDUAL_SCARCITY_HOUR
AT,2019-01-28 17:00:00,EXT_AT_CH,AT,CH,-1200.0,1200.0,1200.0,2400.0,0.0,False,True,ALL_12_RETAINED_INTERFACES_AT_THE_SAME_RESIDUAL_SCARCITY_HOUR
AT,2019-01-28 17:00:00,EXT_AT_SI,AT,SI,-1450.0,1450.0,1450.0,2900.0,0.0,False,True,ALL_12_RETAINED_INTERFACES_AT_THE_SAME_RESIDUAL_SCARCITY_HOUR
AT,2019-01-28 17:00:00,EXT_CH_FR,CH,FR,2200.0,2200.0,4500.0,0.0,6700.0,True,False,ALL_12_RETAINED_INTERFACES_AT_THE_SAME_RESIDUAL_SCARCITY_HOUR
AT,2019-01-28 17:00:00,EXT_HR_SI,HR,SI,-1399.0632761092015,1500.0,1500.0,2899.0632761092015,100.93672389079848,False,False,ALL_12_RETAINED_INTERFACES_AT_THE_SAME_RESIDUAL_SCARCITY_HOUR
AT,2019-01-28 17:00:00,IT_AT,AT,IT,-300.0,700.0,300.0,1000.0,0.0,False,True,ALL_12_RETAINED_INTERFACES_AT_THE_SAME_RESIDUAL_SCARCITY_HOUR
AT,2019-01-28 17:00:00,IT_CH,CH,IT,4600.0,4600.0,1900.0,0.0,6500.0,True,False,ALL_12_RETAINED_INTERFACES_AT_THE_SAME_RESIDUAL_SCARCITY_HOUR
AT,2019-01-28 17:00:00,IT_FR,FR,IT,4500.0,4500.0,2200.0,0.0,6700.0,True,False,ALL_12_RETAINED_INTERFACES_AT_THE_SAME_RESIDUAL_SCARCITY_HOUR
AT,2019-01-28 17:00:00,IT_GR,GR,IT,500.0,500.0,500.0,0.0,1000.0,True,False,ALL_12_RETAINED_INTERFACES_AT_THE_SAME_RESIDUAL_SCARCITY_HOUR
AT,2019-01-28 17:00:00,IT_ME,IT,ME,-517.592750884344,600.0,600.0,1117.592750884344,82.40724911565599,False,False,ALL_12_RETAINED_INTERFACES_AT_THE_SAME_RESIDUAL_SCARCITY_HOUR
AT,2019-01-28 17:00:00,IT_MT,IT,MT,20.33983084669393,200.0,200.0,179.66016915330607,220.33983084669393,False,False,ALL_12_RETAINED_INTERFACES_AT_THE_SAME_RESIDUAL_SCARCITY_HOUR
AT,2019-01-28 17:00:00,IT_SI,IT,SI,1200.0,1200.0,1100.0,0.0,2300.0,True,False,ALL_12_RETAINED_INTERFACES_AT_THE_SAME_RESIDUAL_SCARCITY_HOUR
AT,2019-01-28 17:00:00,IT_TN,IT,TN,-600.0,600.0,600.0,1200.0,0.0,False,True,ALL_12_RETAINED_INTERFACES_AT_THE_SAME_RESIDUAL_SCARCITY_HOUR
AT,2019-01-28 18:00:00,EXT_AT_CH,AT,CH,-1200.0,1200.0,1200.0,2400.0,0.0,False,True,ALL_12_RETAINED_INTERFACES_AT_THE_SAME_RESIDUAL_SCARCITY_HOUR
AT,2019-01-28 18:00:00,EXT_AT_SI,AT,SI,-1450.0,1450.0,1450.0,2900.0,0.0,False,True,ALL_12_RETAINED_INTERFACES_AT_THE_SAME_RESIDUAL_SCARCITY_HOUR
AT,2019-01-28 18:00:00,EXT_CH_FR,CH,FR,2200.0,2200.0,4500.0,0.0,6700.0,True,False,ALL_12_RETAINED_INTERFACES_AT_THE_SAME_RESIDUAL_SCARCITY_HOUR
AT,2019-01-28 18:00:00,EXT_HR_SI,HR,SI,-1406.881483311165,1500.0,1500.0,2906.881483311165,93.11851668883492,False,False,ALL_12_RETAINED_INTERFACES_AT_THE_SAME_RESIDUAL_SCARCITY_HOUR
AT,2019-01-28 18:00:00,IT_AT,AT,IT,-300.0,700.0,300.0,1000.0,0.0,False,True,ALL_12_RETAINED_INTERFACES_AT_THE_SAME_RESIDUAL_SCARCITY_HOUR
AT,2019-01-28 18:00:00,IT_CH,CH,IT,4600.0,4600.0,1900.0,0.0,6500.0,True,False,ALL_12_RETAINED_INTERFACES_AT_THE_SAME_RESIDUAL_SCARCITY_HOUR
AT,2019-01-28 18:00:00,IT_FR,FR,IT,4500.0,4500.0,2200.0,0.0,6700.0,True,False,ALL_12_RETAINED_INTERFACES_AT_THE_SAME_RESIDUAL_SCARCITY_HOUR
AT,2019-01-28 18:00:00,IT_GR,GR,IT,500.0,500.0,500.0,0.0,1000.0,True,False,ALL_12_RETAINED_INTERFACES_AT_THE_SAME_RESIDUAL_SCARCITY_HOUR
AT,2019-01-28 18:00:00,IT_ME,IT,ME,-537.9728016233937,600.0,600.0,1137.9728016233937,62.02719837660629,False,False,ALL_12_RETAINED_INTERFACES_AT_THE_SAME_RESIDUAL_SCARCITY_HOUR
AT,2019-01-28 18:00:00,IT_MT,IT,MT,23.305375529547973,200.0,200.0,176.69462447045203,223.30537552954797,False,False,ALL_12_RETAINED_INTERFACES_AT_THE_SAME_RESIDUAL_SCARCITY_HOUR
AT,2019-01-28 18:00:00,IT_SI,IT,SI,1200.0,1200.0,1100.0,0.0,2300.0,True,False,ALL_12_RETAINED_INTERFACES_AT_THE_SAME_RESIDUAL_SCARCITY_HOUR
AT,2019-01-28 18:00:00,IT_TN,IT,TN,-600.0,600.0,600.0,1200.0,0.0,False,True,ALL_12_RETAINED_INTERFACES_AT_THE_SAME_RESIDUAL_SCARCITY_HOUR
AT,2019-01-28 19:00:00,EXT_AT_CH,AT,CH,-1200.0,1200.0,1200.0,2400.0,0.0,False,True,ALL_12_RETAINED_INTERFACES_AT_THE_SAME_RESIDUAL_SCARCITY_HOUR
AT,2019-01-28 19:00:00,EXT_AT_SI,AT,SI,-1450.0,1450.0,1450.0,2900.0,0.0,False,True,ALL_12_RETAINED_INTERFACES_AT_THE_SAME_RESIDUAL_SCARCITY_HOUR
AT,2019-01-28 19:00:00,EXT_CH_FR,CH,FR,2200.0,2200.0,4500.0,0.0,6700.0,True,False,ALL_12_RETAINED_INTERFACES_AT_THE_SAME_RESIDUAL_SCARCITY_HOUR
AT,2019-01-28 19:00:00,EXT_HR_SI,HR,SI,-1311.416328686832,1500.0,1500.0,2811.416328686832,188.583671313168,False,False,ALL_12_RETAINED_INTERFACES_AT_THE_SAME_RESIDUAL_SCARCITY_HOUR
AT,2019-01-28 19:00:00,IT_AT,AT,IT,-300.0,700.0,300.0,1000.0,0.0,False,True,ALL_12_RETAINED_INTERFACES_AT_THE_SAME_RESIDUAL_SCARCITY_HOUR
AT,2019-01-28 19:00:00,IT_CH,CH,IT,4600.0,4600.0,1900.0,0.0,6500.0,True,False,ALL_12_RETAINED_INTERFACES_AT_THE_SAME_RESIDUAL_SCARCITY_HOUR
AT,2019-01-28 19:00:00,IT_FR,FR,IT,4500.0,4500.0,2200.0,0.0,6700.0,True,False,ALL_12_RETAINED_INTERFACES_AT_THE_SAME_RESIDUAL_SCARCITY_HOUR
AT,2019-01-28 19:00:00,IT_GR,GR,IT,500.0,500.0,500.0,0.0,1000.0,True,False,ALL_12_RETAINED_INTERFACES_AT_THE_SAME_RESIDUAL_SCARCITY_HOUR
AT,2019-01-28 19:00:00,IT_ME,IT,ME,-499.5459961739535,600.0,600.0,1099.5459961739534,100.45400382604652,False,False,ALL_12_RETAINED_INTERFACES_AT_THE_SAME_RESIDUAL_SCARCITY_HOUR
AT,2019-01-28 19:00:00,IT_MT,IT,MT,-11.807886072826477,200.0,200.0,211.80788607282648,188.19211392717352,False,False,ALL_12_RETAINED_INTERFACES_AT_THE_SAME_RESIDUAL_SCARCITY_HOUR
AT,2019-01-28 19:00:00,IT_SI,IT,SI,1200.0,1200.0,1100.0,0.0,2300.0,True,False,ALL_12_RETAINED_INTERFACES_AT_THE_SAME_RESIDUAL_SCARCITY_HOUR
AT,2019-01-28 19:00:00,IT_TN,IT,TN,-600.0,600.0,600.0,1200.0,0.0,False,True,ALL_12_RETAINED_INTERFACES_AT_THE_SAME_RESIDUAL_SCARCITY_HOUR
AT,2019-01-29 17:00:00,EXT_AT_CH,AT,CH,-1200.0,1200.0,1200.0,2400.0,0.0,False,True,ALL_12_RETAINED_INTERFACES_AT_THE_SAME_RESIDUAL_SCARCITY_HOUR
AT,2019-01-29 17:00:00,EXT_AT_SI,AT,SI,-1450.0,1450.0,1450.0,2900.0,0.0,False,True,ALL_12_RETAINED_INTERFACES_AT_THE_SAME_RESIDUAL_SCARCITY_HOUR
AT,2019-01-29 17:00:00,EXT_CH_FR,CH,FR,-4500.0,2200.0,4500.0,6700.0,0.0,False,True,ALL_12_RETAINED_INTERFACES_AT_THE_SAME_RESIDUAL_SCARCITY_HOUR
AT,2019-01-29 17:00:00,EXT_HR_SI,HR,SI,-894.7341704633426,1500.0,1500.0,2394.7341704633427,605.2658295366574,False,False,ALL_12_RETAINED_INTERFACES_AT_THE_SAME_RESIDUAL_SCARCITY_HOUR
AT,2019-01-29 17:00:00,IT_AT,AT,IT,-300.0,700.0,300.0,1000.0,0.0,False,True,ALL_12_RETAINED_INTERFACES_AT_THE_SAME_RESIDUAL_SCARCITY_HOUR
AT,2019-01-29 17:00:00,IT_CH,CH,IT,4600.0,4600.0,1900.0,0.0,6500.0,True,False,ALL_12_RETAINED_INTERFACES_AT_THE_SAME_RESIDUAL_SCARCITY_HOUR
AT,2019-01-29 17:00:00,IT_FR,FR,IT,4500.0,4500.0,2200.0,0.0,6700.0,True,False,ALL_12_RETAINED_INTERFACES_AT_THE_SAME_RESIDUAL_SCARCITY_HOUR
AT,2019-01-29 17:00:00,IT_GR,GR,IT,500.0,500.0,500.0,0.0,1000.0,True,False,ALL_12_RETAINED_INTERFACES_AT_THE_SAME_RESIDUAL_SCARCITY_HOUR
AT,2019-01-29 17:00:00,IT_ME,IT,ME,-472.5362064702565,600.0,600.0,1072.5362064702565,127.4637935297435,False,False,ALL_12_RETAINED_INTERFACES_AT_THE_SAME_RESIDUAL_SCARCITY_HOUR
AT,2019-01-29 17:00:00,IT_MT,IT,MT,-200.0,200.0,200.0,400.0,0.0,False,True,ALL_12_RETAINED_INTERFACES_AT_THE_SAME_RESIDUAL_SCARCITY_HOUR
AT,2019-01-29 17:00:00,IT_SI,IT,SI,1200.0,1200.0,1100.0,0.0,2300.0,True,False,ALL_12_RETAINED_INTERFACES_AT_THE_SAME_RESIDUAL_SCARCITY_HOUR
AT,2019-01-29 17:00:00,IT_TN,IT,TN,-600.0,600.0,600.0,1200.0,0.0,False,True,ALL_12_RETAINED_INTERFACES_AT_THE_SAME_RESIDUAL_SCARCITY_HOUR
AT,2019-01-29 18:00:00,EXT_AT_CH,AT,CH,-1200.0,1200.0,1200.0,2400.0,0.0,False,True,ALL_12_RETAINED_INTERFACES_AT_THE_SAME_RESIDUAL_SCARCITY_HOUR
AT,2019-01-29 18:00:00,EXT_AT_SI,AT,SI,-1450.0,1450.0,1450.0,2900.0,0.0,False,True,ALL_12_RETAINED_INTERFACES_AT_THE_SAME_RESIDUAL_SCARCITY_HOUR
AT,2019-01-29 18:00:00,EXT_CH_FR,CH,FR,-4500.0,2200.0,4500.0,6700.0,0.0,False,True,ALL_12_RETAINED_INTERFACES_AT_THE_SAME_RESIDUAL_SCARCITY_HOUR
AT,2019-01-29 18:00:00,EXT_HR_SI,HR,SI,-752.8895121823674,1500.0,1500.0,2252.8895121823675,747.1104878176326,False,False,ALL_12_RETAINED_INTERFACES_AT_THE_SAME_RESIDUAL_SCARCITY_HOUR
AT,2019-01-29 18:00:00,IT_AT,AT,IT,-300.0,700.0,300.0,1000.0,0.0,False,True,ALL_12_RETAINED_INTERFACES_AT_THE_SAME_RESIDUAL_SCARCITY_HOUR
AT,2019-01-29 18:00:00,IT_CH,CH,IT,4600.0,4600.0,1900.0,0.0,6500.0,True,False,ALL_12_RETAINED_INTERFACES_AT_THE_SAME_RESIDUAL_SCARCITY_HOUR
AT,2019-01-29 18:00:00,IT_FR,FR,IT,4500.0,4500.0,2200.0,0.0,6700.0,True,False,ALL_12_RETAINED_INTERFACES_AT_THE_SAME_RESIDUAL_SCARCITY_HOUR
AT,2019-01-29 18:00:00,IT_GR,GR,IT,500.0,500.0,500.0,0.0,1000.0,True,False,ALL_12_RETAINED_INTERFACES_AT_THE_SAME_RESIDUAL_SCARCITY_HOUR
AT,2019-01-29 18:00:00,IT_ME,IT,ME,-475.41614164533615,600.0,600.0,1075.4161416453362,124.58385835466385,False,False,ALL_12_RETAINED_INTERFACES_AT_THE_SAME_RESIDUAL_SCARCITY_HOUR
AT,2019-01-29 18:00:00,IT_MT,IT,MT,-200.0,200.0,200.0,400.0,0.0,False,True,ALL_12_RETAINED_INTERFACES_AT_THE_SAME_RESIDUAL_SCARCITY_HOUR
AT,2019-01-29 18:00:00,IT_SI,IT,SI,1200.0,1200.0,1100.0,0.0,2300.0,True,False,ALL_12_RETAINED_INTERFACES_AT_THE_SAME_RESIDUAL_SCARCITY_HOUR
AT,2019-01-29 18:00:00,IT_TN,IT,TN,-600.0,600.0,600.0,1200.0,0.0,False,True,ALL_12_RETAINED_INTERFACES_AT_THE_SAME_RESIDUAL_SCARCITY_HOUR
AT,2019-01-29 19:00:00,EXT_AT_CH,AT,CH,-1200.0,1200.0,1200.0,2400.0,0.0,False,True,ALL_12_RETAINED_INTERFACES_AT_THE_SAME_RESIDUAL_SCARCITY_HOUR
AT,2019-01-29 19:00:00,EXT_AT_SI,AT,SI,-1450.0,1450.0,1450.0,2900.0,0.0,False,True,ALL_12_RETAINED_INTERFACES_AT_THE_SAME_RESIDUAL_SCARCITY_HOUR
AT,2019-01-29 19:00:00,EXT_CH_FR,CH,FR,-4500.0,2200.0,4500.0,6700.0,0.0,False,True,ALL_12_RETAINED_INTERFACES_AT_THE_SAME_RESIDUAL_SCARCITY_HOUR
AT,2019-01-29 19:00:00,EXT_HR_SI,HR,SI,-1415.7423983456788,1500.0,1500.0,2915.742398345679,84.2576016543212,False,False,ALL_12_RETAINED_INTERFACES_AT_THE_SAME_RESIDUAL_SCARCITY_HOUR
AT,2019-01-29 19:00:00,IT_AT,AT,IT,-300.0,700.0,300.0,1000.0,0.0,False,True,ALL_12_RETAINED_INTERFACES_AT_THE_SAME_RESIDUAL_SCARCITY_HOUR
AT,2019-01-29 19:00:00,IT_CH,CH,IT,4600.0,4600.0,1900.0,0.0,6500.0,True,False,ALL_12_RETAINED_INTERFACES_AT_THE_SAME_RESIDUAL_SCARCITY_HOUR
AT,2019-01-29 19:00:00,IT_FR,FR,IT,4500.0,4500.0,2200.0,0.0,6700.0,True,False,ALL_12_RETAINED_INTERFACES_AT_THE_SAME_RESIDUAL_SCARCITY_HOUR
AT,2019-01-29 19:00:00,IT_GR,GR,IT,500.0,500.0,500.0,0.0,1000.0,True,False,ALL_12_RETAINED_INTERFACES_AT_THE_SAME_RESIDUAL_SCARCITY_HOUR
AT,2019-01-29 19:00:00,IT_ME,IT,ME,-573.1997450206605,600.0,600.0,1173.1997450206604,26.800254979339456,False,False,ALL_12_RETAINED_INTERFACES_AT_THE_SAME_RESIDUAL_SCARCITY_HOUR
AT,2019-01-29 19:00:00,IT_MT,IT,MT,-200.0,200.0,200.0,400.0,0.0,False,True,ALL_12_RETAINED_INTERFACES_AT_THE_SAME_RESIDUAL_SCARCITY_HOUR
AT,2019-01-29 19:00:00,IT_SI,IT,SI,1200.0,1200.0,1100.0,0.0,2300.0,True,False,ALL_12_RETAINED_INTERFACES_AT_THE_SAME_RESIDUAL_SCARCITY_HOUR
AT,2019-01-29 19:00:00,IT_TN,IT,TN,-600.0,600.0,600.0,1200.0,0.0,False,True,ALL_12_RETAINED_INTERFACES_AT_THE_SAME_RESIDUAL_SCARCITY_HOUR
AT,2019-01-29 20:00:00,EXT_AT_CH,AT,CH,-1200.0,1200.0,1200.0,2400.0,0.0,False,True,ALL_12_RETAINED_INTERFACES_AT_THE_SAME_RESIDUAL_SCARCITY_HOUR
AT,2019-01-29 20:00:00,EXT_AT_SI,AT,SI,-1450.0,1450.0,1450.0,2900.0,0.0,False,True,ALL_12_RETAINED_INTERFACES_AT_THE_SAME_RESIDUAL_SCARCITY_HOUR
AT,2019-01-29 20:00:00,EXT_CH_FR,CH,FR,-4500.0,2200.0,4500.0,6700.0,0.0,False,True,ALL_12_RETAINED_INTERFACES_AT_THE_SAME_RESIDUAL_SCARCITY_HOUR
AT,2019-01-29 20:00:00,EXT_HR_SI,HR,SI,-1368.1928433988414,1500.0,1500.0,2868.1928433988414,131.80715660115857,False,False,ALL_12_RETAINED_INTERFACES_AT_THE_SAME_RESIDUAL_SCARCITY_HOUR
AT,2019-01-29 20:00:00,IT_AT,AT,IT,-300.0,700.0,300.0,1000.0,0.0,False,True,ALL_12_RETAINED_INTERFACES_AT_THE_SAME_RESIDUAL_SCARCITY_HOUR
AT,2019-01-29 20:00:00,IT_CH,CH,IT,4600.0,4600.0,1900.0,0.0,6500.0,True,False,ALL_12_RETAINED_INTERFACES_AT_THE_SAME_RESIDUAL_SCARCITY_HOUR
AT,2019-01-29 20:00:00,IT_FR,FR,IT,4500.0,4500.0,2200.0,0.0,6700.0,True,False,ALL_12_RETAINED_INTERFACES_AT_THE_SAME_RESIDUAL_SCARCITY_HOUR
AT,2019-01-29 20:00:00,IT_GR,GR,IT,500.0,500.0,500.0,0.0,1000.0,True,False,ALL_12_RETAINED_INTERFACES_AT_THE_SAME_RESIDUAL_SCARCITY_HOUR
AT,2019-01-29 20:00:00,IT_ME,IT,ME,-496.96380514763166,600.0,600.0,1096.9638051476318,103.03619485236834,False,False,ALL_12_RETAINED_INTERFACES_AT_THE_SAME_RESIDUAL_SCARCITY_HOUR
AT,2019-01-29 20:00:00,IT_MT,IT,MT,-200.0,200.0,200.0,400.0,0.0,False,True,ALL_12_RETAINED_INTERFACES_AT_THE_SAME_RESIDUAL_SCARCITY_HOUR
AT,2019-01-29 20:00:00,IT_SI,IT,SI,1200.0,1200.0,1100.0,0.0,2300.0,True,False,ALL_12_RETAINED_INTERFACES_AT_THE_SAME_RESIDUAL_SCARCITY_HOUR
AT,2019-01-29 20:00:00,IT_TN,IT,TN,-600.0,600.0,600.0,1200.0,0.0,False,True,ALL_12_RETAINED_INTERFACES_AT_THE_SAME_RESIDUAL_SCARCITY_HOUR
AT,2019-01-29 21:00:00,EXT_AT_CH,AT,CH,-1200.0,1200.0,1200.0,2400.0,0.0,False,True,ALL_12_RETAINED_INTERFACES_AT_THE_SAME_RESIDUAL_SCARCITY_HOUR
AT,2019-01-29 21:00:00,EXT_AT_SI,AT,SI,-1450.0,1450.0,1450.0,2900.0,0.0,False,True,ALL_12_RETAINED_INTERFACES_AT_THE_SAME_RESIDUAL_SCARCITY_HOUR
AT,2019-01-29 21:00:00,EXT_CH_FR,CH,FR,-4500.0,2200.0,4500.0,6700.0,0.0,False,True,ALL_12_RETAINED_INTERFACES_AT_THE_SAME_RESIDUAL_SCARCITY_HOUR
AT,2019-01-29 21:00:00,EXT_HR_SI,HR,SI,-1106.7586357263797,1500.0,1500.0,2606.75863572638,393.2413642736203,False,False,ALL_12_RETAINED_INTERFACES_AT_THE_SAME_RESIDUAL_SCARCITY_HOUR
AT,2019-01-29 21:00:00,IT_AT,AT,IT,-300.0,700.0,300.0,1000.0,0.0,False,True,ALL_12_RETAINED_INTERFACES_AT_THE_SAME_RESIDUAL_SCARCITY_HOUR
AT,2019-01-29 21:00:00,IT_CH,CH,IT,4600.0,4600.0,1900.0,0.0,6500.0,True,False,ALL_12_RETAINED_INTERFACES_AT_THE_SAME_RESIDUAL_SCARCITY_HOUR
AT,2019-01-29 21:00:00,IT_FR,FR,IT,4500.0,4500.0,2200.0,0.0,6700.0,True,False,ALL_12_RETAINED_INTERFACES_AT_THE_SAME_RESIDUAL_SCARCITY_HOUR
AT,2019-01-29 21:00:00,IT_GR,GR,IT,500.0,500.0,500.0,0.0,1000.0,True,False,ALL_12_RETAINED_INTERFACES_AT_THE_SAME_RESIDUAL_SCARCITY_HOUR
AT,2019-01-29 21:00:00,IT_ME,IT,ME,-517.1119174386203,600.0,600.0,1117.1119174386204,82.88808256137975,False,False,ALL_12_RETAINED_INTERFACES_AT_THE_SAME_RESIDUAL_SCARCITY_HOUR
AT,2019-01-29 21:00:00,IT_MT,IT,MT,-200.0,200.0,200.0,400.0,0.0,False,True,ALL_12_RETAINED_INTERFACES_AT_THE_SAME_RESIDUAL_SCARCITY_HOUR
AT,2019-01-29 21:00:00,IT_SI,IT,SI,1200.0,1200.0,1100.0,0.0,2300.0,True,False,ALL_12_RETAINED_INTERFACES_AT_THE_SAME_RESIDUAL_SCARCITY_HOUR
AT,2019-01-29 21:00:00,IT_TN,IT,TN,-600.0,600.0,600.0,1200.0,0.0,False,True,ALL_12_RETAINED_INTERFACES_AT_THE_SAME_RESIDUAL_SCARCITY_HOUR
AT,2019-01-29 22:00:00,EXT_AT_CH,AT,CH,-1200.0,1200.0,1200.0,2400.0,0.0,False,True,ALL_12_RETAINED_INTERFACES_AT_THE_SAME_RESIDUAL_SCARCITY_HOUR
AT,2019-01-29 22:00:00,EXT_AT_SI,AT,SI,-1450.0,1450.0,1450.0,2900.0,0.0,False,True,ALL_12_RETAINED_INTERFACES_AT_THE_SAME_RESIDUAL_SCARCITY_HOUR
AT,2019-01-29 22:00:00,EXT_CH_FR,CH,FR,-4500.0,2200.0,4500.0,6700.0,0.0,False,True,ALL_12_RETAINED_INTERFACES_AT_THE_SAME_RESIDUAL_SCARCITY_HOUR
AT,2019-01-29 22:00:00,EXT_HR_SI,HR,SI,-688.3894166684505,1500.0,1500.0,2188.3894166684504,811.6105833315495,False,False,ALL_12_RETAINED_INTERFACES_AT_THE_SAME_RESIDUAL_SCARCITY_HOUR
AT,2019-01-29 22:00:00,IT_AT,AT,IT,-300.0,700.0,300.0,1000.0,0.0,False,True,ALL_12_RETAINED_INTERFACES_AT_THE_SAME_RESIDUAL_SCARCITY_HOUR
AT,2019-01-29 22:00:00,IT_CH,CH,IT,4600.0,4600.0,1900.0,0.0,6500.0,True,False,ALL_12_RETAINED_INTERFACES_AT_THE_SAME_RESIDUAL_SCARCITY_HOUR
AT,2019-01-29 22:00:00,IT_FR,FR,IT,4500.0,4500.0,2200.0,0.0,6700.0,True,False,ALL_12_RETAINED_INTERFACES_AT_THE_SAME_RESIDUAL_SCARCITY_HOUR
AT,2019-01-29 22:00:00,IT_GR,GR,IT,500.0,500.0,500.0,0.0,1000.0,True,False,ALL_12_RETAINED_INTERFACES_AT_THE_SAME_RESIDUAL_SCARCITY_HOUR
AT,2019-01-29 22:00:00,IT_ME,IT,ME,-516.2968790295109,600.0,600.0,1116.2968790295108,83.70312097048907,False,False,ALL_12_RETAINED_INTERFACES_AT_THE_SAME_RESIDUAL_SCARCITY_HOUR
AT,2019-01-29 22:00:00,IT_MT,IT,MT,-200.0,200.0,200.0,400.0,0.0,False,True,ALL_12_RETAINED_INTERFACES_AT_THE_SAME_RESIDUAL_SCARCITY_HOUR
AT,2019-01-29 22:00:00,IT_SI,IT,SI,1200.0,1200.0,1100.0,0.0,2300.0,True,False,ALL_12_RETAINED_INTERFACES_AT_THE_SAME_RESIDUAL_SCARCITY_HOUR
AT,2019-01-29 22:00:00,IT_TN,IT,TN,-600.0,600.0,600.0,1200.0,0.0,False,True,ALL_12_RETAINED_INTERFACES_AT_THE_SAME_RESIDUAL_SCARCITY_HOUR
AT,2019-01-29 23:00:00,EXT_AT_CH,AT,CH,-1200.0,1200.0,1200.0,2400.0,0.0,False,True,ALL_12_RETAINED_INTERFACES_AT_THE_SAME_RESIDUAL_SCARCITY_HOUR
AT,2019-01-29 23:00:00,EXT_AT_SI,AT,SI,-1450.0,1450.0,1450.0,2900.0,0.0,False,True,ALL_12_RETAINED_INTERFACES_AT_THE_SAME_RESIDUAL_SCARCITY_HOUR
AT,2019-01-29 23:00:00,EXT_CH_FR,CH,FR,-4343.044492578821,2200.0,4500.0,6543.044492578821,156.9555074211794,False,False,ALL_12_RETAINED_INTERFACES_AT_THE_SAME_RESIDUAL_SCARCITY_HOUR
AT,2019-01-29 23:00:00,EXT_HR_SI,HR,SI,687.7724996140796,1500.0,1500.0,812.2275003859204,2187.7724996140796,False,False,ALL_12_RETAINED_INTERFACES_AT_THE_SAME_RESIDUAL_SCARCITY_HOUR
AT,2019-01-29 23:00:00,IT_AT,AT,IT,-300.0,700.0,300.0,1000.0,0.0,False,True,ALL_12_RETAINED_INTERFACES_AT_THE_SAME_RESIDUAL_SCARCITY_HOUR
AT,2019-01-29 23:00:00,IT_CH,CH,IT,4600.0,4600.0,1900.0,0.0,6500.0,True,False,ALL_12_RETAINED_INTERFACES_AT_THE_SAME_RESIDUAL_SCARCITY_HOUR
AT,2019-01-29 23:00:00,IT_FR,FR,IT,4500.0,4500.0,2200.0,0.0,6700.0,True,False,ALL_12_RETAINED_INTERFACES_AT_THE_SAME_RESIDUAL_SCARCITY_HOUR
AT,2019-01-29 23:00:00,IT_GR,GR,IT,500.0,500.0,500.0,0.0,1000.0,True,False,ALL_12_RETAINED_INTERFACES_AT_THE_SAME_RESIDUAL_SCARCITY_HOUR
AT,2019-01-29 23:00:00,IT_ME,IT,ME,-558.164604071492,600.0,600.0,1158.164604071492,41.83539592850798,False,False,ALL_12_RETAINED_INTERFACES_AT_THE_SAME_RESIDUAL_SCARCITY_HOUR
AT,2019-01-29 23:00:00,IT_MT,IT,MT,-200.0,200.0,200.0,400.0,0.0,False,True,ALL_12_RETAINED_INTERFACES_AT_THE_SAME_RESIDUAL_SCARCITY_HOUR
AT,2019-01-29 23:00:00,IT_SI,IT,SI,1200.0,1200.0,1100.0,0.0,2300.0,True,False,ALL_12_RETAINED_INTERFACES_AT_THE_SAME_RESIDUAL_SCARCITY_HOUR
AT,2019-01-29 23:00:00,IT_TN,IT,TN,-600.0,600.0,600.0,1200.0,0.0,False,True,ALL_12_RETAINED_INTERFACES_AT_THE_SAME_RESIDUAL_SCARCITY_HOUR
AT,2019-01-30 01:00:00,EXT_AT_CH,AT,CH,-1200.0,1200.0,1200.0,2400.0,0.0,False,True,ALL_12_RETAINED_INTERFACES_AT_THE_SAME_RESIDUAL_SCARCITY_HOUR
AT,2019-01-30 01:00:00,EXT_AT_SI,AT,SI,1298.3227526959029,1450.0,1450.0,151.67724730409714,2748.3227526959026,False,False,ALL_12_RETAINED_INTERFACES_AT_THE_SAME_RESIDUAL_SCARCITY_HOUR
AT,2019-01-30 01:00:00,EXT_CH_FR,CH,FR,-4500.0,2200.0,4500.0,6700.0,0.0,False,True,ALL_12_RETAINED_INTERFACES_AT_THE_SAME_RESIDUAL_SCARCITY_HOUR
AT,2019-01-30 01:00:00,EXT_HR_SI,HR,SI,-133.3730009375328,1500.0,1500.0,1633.3730009375329,1366.6269990624671,False,False,ALL_12_RETAINED_INTERFACES_AT_THE_SAME_RESIDUAL_SCARCITY_HOUR
AT,2019-01-30 01:00:00,IT_AT,AT,IT,-300.0,700.0,300.0,1000.0,0.0,False,True,ALL_12_RETAINED_INTERFACES_AT_THE_SAME_RESIDUAL_SCARCITY_HOUR
AT,2019-01-30 01:00:00,IT_CH,CH,IT,4600.0,4600.0,1900.0,0.0,6500.0,True,False,ALL_12_RETAINED_INTERFACES_AT_THE_SAME_RESIDUAL_SCARCITY_HOUR
AT,2019-01-30 01:00:00,IT_FR,FR,IT,4500.0,4500.0,2200.0,0.0,6700.0,True,False,ALL_12_RETAINED_INTERFACES_AT_THE_SAME_RESIDUAL_SCARCITY_HOUR
AT,2019-01-30 01:00:00,IT_GR,GR,IT,500.0,500.0,500.0,0.0,1000.0,True,False,ALL_12_RETAINED_INTERFACES_AT_THE_SAME_RESIDUAL_SCARCITY_HOUR
AT,2019-01-30 01:00:00,IT_ME,IT,ME,-600.0,600.0,600.0,1200.0,0.0,False,True,ALL_12_RETAINED_INTERFACES_AT_THE_SAME_RESIDUAL_SCARCITY_HOUR
AT,2019-01-30 01:00:00,IT_MT,IT,MT,-200.0,200.0,200.0,400.0,0.0,False,True,ALL_12_RETAINED_INTERFACES_AT_THE_SAME_RESIDUAL_SCARCITY_HOUR
AT,2019-01-30 01:00:00,IT_SI,IT,SI,-1100.0,1200.0,1100.0,2300.0,0.0,False,True,ALL_12_RETAINED_INTERFACES_AT_THE_SAME_RESIDUAL_SCARCITY_HOUR
AT,2019-01-30 01:00:00,IT_TN,IT,TN,-600.0,600.0,600.0,1200.0,0.0,False,True,ALL_12_RETAINED_INTERFACES_AT_THE_SAME_RESIDUAL_SCARCITY_HOUR
AT,2019-01-30 04:00:00,EXT_AT_CH,AT,CH,-1200.0,1200.0,1200.0,2400.0,0.0,False,True,ALL_12_RETAINED_INTERFACES_AT_THE_SAME_RESIDUAL_SCARCITY_HOUR
AT,2019-01-30 04:00:00,EXT_AT_SI,AT,SI,1450.0,1450.0,1450.0,0.0,2900.0,True,False,ALL_12_RETAINED_INTERFACES_AT_THE_SAME_RESIDUAL_SCARCITY_HOUR
AT,2019-01-30 04:00:00,EXT_CH_FR,CH,FR,-4143.6502730825905,2200.0,4500.0,6343.6502730825905,356.3497269174095,False,False,ALL_12_RETAINED_INTERFACES_AT_THE_SAME_RESIDUAL_SCARCITY_HOUR
AT,2019-01-30 04:00:00,EXT_HR_SI,HR,SI,-361.1137784869312,1500.0,1500.0,1861.113778486931,1138.886221513069,False,False,ALL_12_RETAINED_INTERFACES_AT_THE_SAME_RESIDUAL_SCARCITY_HOUR
AT,2019-01-30 04:00:00,IT_AT,AT,IT,700.0,700.0,300.0,0.0,1000.0,True,False,ALL_12_RETAINED_INTERFACES_AT_THE_SAME_RESIDUAL_SCARCITY_HOUR
AT,2019-01-30 04:00:00,IT_CH,CH,IT,4600.0,4600.0,1900.0,0.0,6500.0,True,False,ALL_12_RETAINED_INTERFACES_AT_THE_SAME_RESIDUAL_SCARCITY_HOUR
AT,2019-01-30 04:00:00,IT_FR,FR,IT,4500.0,4500.0,2200.0,0.0,6700.0,True,False,ALL_12_RETAINED_INTERFACES_AT_THE_SAME_RESIDUAL_SCARCITY_HOUR
AT,2019-01-30 04:00:00,IT_GR,GR,IT,500.0,500.0,500.0,0.0,1000.0,True,False,ALL_12_RETAINED_INTERFACES_AT_THE_SAME_RESIDUAL_SCARCITY_HOUR
AT,2019-01-30 04:00:00,IT_ME,IT,ME,-600.0,600.0,600.0,1200.0,0.0,False,True,ALL_12_RETAINED_INTERFACES_AT_THE_SAME_RESIDUAL_SCARCITY_HOUR
AT,2019-01-30 04:00:00,IT_MT,IT,MT,-200.0,200.0,200.0,400.0,0.0,False,True,ALL_12_RETAINED_INTERFACES_AT_THE_SAME_RESIDUAL_SCARCITY_HOUR
AT,2019-01-30 04:00:00,IT_SI,IT,SI,-1100.0,1200.0,1100.0,2300.0,0.0,False,True,ALL_12_RETAINED_INTERFACES_AT_THE_SAME_RESIDUAL_SCARCITY_HOUR
AT,2019-01-30 04:00:00,IT_TN,IT,TN,-600.0,600.0,600.0,1200.0,0.0,False,True,ALL_12_RETAINED_INTERFACES_AT_THE_SAME_RESIDUAL_SCARCITY_HOUR
AT,2019-01-30 05:00:00,EXT_AT_CH,AT,CH,-1200.0,1200.0,1200.0,2400.0,0.0,False,True,ALL_12_RETAINED_INTERFACES_AT_THE_SAME_RESIDUAL_SCARCITY_HOUR
AT,2019-01-30 05:00:00,EXT_AT_SI,AT,SI,-1450.0,1450.0,1450.0,2900.0,0.0,False,True,ALL_12_RETAINED_INTERFACES_AT_THE_SAME_RESIDUAL_SCARCITY_HOUR
AT,2019-01-30 05:00:00,EXT_CH_FR,CH,FR,-4083.254980342575,2200.0,4500.0,6283.254980342575,416.745019657425,False,False,ALL_12_RETAINED_INTERFACES_AT_THE_SAME_RESIDUAL_SCARCITY_HOUR
AT,2019-01-30 05:00:00,EXT_HR_SI,HR,SI,-943.6979336169796,1500.0,1500.0,2443.6979336169798,556.3020663830204,False,False,ALL_12_RETAINED_INTERFACES_AT_THE_SAME_RESIDUAL_SCARCITY_HOUR
AT,2019-01-30 05:00:00,IT_AT,AT,IT,700.0,700.0,300.0,0.0,1000.0,True,False,ALL_12_RETAINED_INTERFACES_AT_THE_SAME_RESIDUAL_SCARCITY_HOUR
AT,2019-01-30 05:00:00,IT_CH,CH,IT,4600.0,4600.0,1900.0,0.0,6500.0,True,False,ALL_12_RETAINED_INTERFACES_AT_THE_SAME_RESIDUAL_SCARCITY_HOUR
AT,2019-01-30 05:00:00,IT_FR,FR,IT,4500.0,4500.0,2200.0,0.0,6700.0,True,False,ALL_12_RETAINED_INTERFACES_AT_THE_SAME_RESIDUAL_SCARCITY_HOUR
AT,2019-01-30 05:00:00,IT_GR,GR,IT,500.0,500.0,500.0,0.0,1000.0,True,False,ALL_12_RETAINED_INTERFACES_AT_THE_SAME_RESIDUAL_SCARCITY_HOUR
AT,2019-01-30 05:00:00,IT_ME,IT,ME,-600.0,600.0,600.0,1200.0,0.0,False,True,ALL_12_RETAINED_INTERFACES_AT_THE_SAME_RESIDUAL_SCARCITY_HOUR
AT,2019-01-30 05:00:00,IT_MT,IT,MT,-200.0,200.0,200.0,400.0,0.0,False,True,ALL_12_RETAINED_INTERFACES_AT_THE_SAME_RESIDUAL_SCARCITY_HOUR
AT,2019-01-30 05:00:00,IT_SI,IT,SI,-200.64172040499818,1200.0,1100.0,1400.641720404998,899.3582795950018,False,False,ALL_12_RETAINED_INTERFACES_AT_THE_SAME_RESIDUAL_SCARCITY_HOUR
AT,2019-01-30 05:00:00,IT_TN,IT,TN,-600.0,600.0,600.0,1200.0,0.0,False,True,ALL_12_RETAINED_INTERFACES_AT_THE_SAME_RESIDUAL_SCARCITY_HOUR
AT,2019-01-30 06:00:00,EXT_AT_CH,AT,CH,-1200.0,1200.0,1200.0,2400.0,0.0,False,True,ALL_12_RETAINED_INTERFACES_AT_THE_SAME_RESIDUAL_SCARCITY_HOUR
AT,2019-01-30 06:00:00,EXT_AT_SI,AT,SI,1450.0,1450.0,1450.0,0.0,2900.0,True,False,ALL_12_RETAINED_INTERFACES_AT_THE_SAME_RESIDUAL_SCARCITY_HOUR
AT,2019-01-30 06:00:00,EXT_CH_FR,CH,FR,-4478.919669252906,2200.0,4500.0,6678.919669252906,21.080330747094195,False,False,ALL_12_RETAINED_INTERFACES_AT_THE_SAME_RESIDUAL_SCARCITY_HOUR
AT,2019-01-30 06:00:00,EXT_HR_SI,HR,SI,1238.78675420351,1500.0,1500.0,261.2132457964899,2738.78675420351,False,False,ALL_12_RETAINED_INTERFACES_AT_THE_SAME_RESIDUAL_SCARCITY_HOUR
AT,2019-01-30 06:00:00,IT_AT,AT,IT,700.0,700.0,300.0,0.0,1000.0,True,False,ALL_12_RETAINED_INTERFACES_AT_THE_SAME_RESIDUAL_SCARCITY_HOUR
AT,2019-01-30 06:00:00,IT_CH,CH,IT,4600.0,4600.0,1900.0,0.0,6500.0,True,False,ALL_12_RETAINED_INTERFACES_AT_THE_SAME_RESIDUAL_SCARCITY_HOUR
AT,2019-01-30 06:00:00,IT_FR,FR,IT,4500.0,4500.0,2200.0,0.0,6700.0,True,False,ALL_12_RETAINED_INTERFACES_AT_THE_SAME_RESIDUAL_SCARCITY_HOUR
AT,2019-01-30 06:00:00,IT_GR,GR,IT,500.0,500.0,500.0,0.0,1000.0,True,False,ALL_12_RETAINED_INTERFACES_AT_THE_SAME_RESIDUAL_SCARCITY_HOUR
AT,2019-01-30 06:00:00,IT_ME,IT,ME,-600.0,600.0,600.0,1200.0,0.0,False,True,ALL_12_RETAINED_INTERFACES_AT_THE_SAME_RESIDUAL_SCARCITY_HOUR
AT,2019-01-30 06:00:00,IT_MT,IT,MT,-200.0,200.0,200.0,400.0,0.0,False,True,ALL_12_RETAINED_INTERFACES_AT_THE_SAME_RESIDUAL_SCARCITY_HOUR
AT,2019-01-30 06:00:00,IT_SI,IT,SI,-1100.0,1200.0,1100.0,2300.0,0.0,False,True,ALL_12_RETAINED_INTERFACES_AT_THE_SAME_RESIDUAL_SCARCITY_HOUR
AT,2019-01-30 06:00:00,IT_TN,IT,TN,-600.0,600.0,600.0,1200.0,0.0,False,True,ALL_12_RETAINED_INTERFACES_AT_THE_SAME_RESIDUAL_SCARCITY_HOUR
AT,2019-01-30 07:00:00,EXT_AT_CH,AT,CH,-1200.0,1200.0,1200.0,2400.0,0.0,False,True,ALL_12_RETAINED_INTERFACES_AT_THE_SAME_RESIDUAL_SCARCITY_HOUR
AT,2019-01-30 07:00:00,EXT_AT_SI,AT,SI,-936.2820705666761,1450.0,1450.0,2386.2820705666763,513.7179294333239,False,False,ALL_12_RETAINED_INTERFACES_AT_THE_SAME_RESIDUAL_SCARCITY_HOUR
AT,2019-01-30 07:00:00,EXT_CH_FR,CH,FR,-4500.0,2200.0,4500.0,6700.0,0.0,False,True,ALL_12_RETAINED_INTERFACES_AT_THE_SAME_RESIDUAL_SCARCITY_HOUR
AT,2019-01-30 07:00:00,EXT_HR_SI,HR,SI,-1036.4214284944994,1500.0,1500.0,2536.421428494499,463.5785715055006,False,False,ALL_12_RETAINED_INTERFACES_AT_THE_SAME_RESIDUAL_SCARCITY_HOUR
AT,2019-01-30 07:00:00,IT_AT,AT,IT,700.0,700.0,300.0,0.0,1000.0,True,False,ALL_12_RETAINED_INTERFACES_AT_THE_SAME_RESIDUAL_SCARCITY_HOUR
AT,2019-01-30 07:00:00,IT_CH,CH,IT,4600.0,4600.0,1900.0,0.0,6500.0,True,False,ALL_12_RETAINED_INTERFACES_AT_THE_SAME_RESIDUAL_SCARCITY_HOUR
AT,2019-01-30 07:00:00,IT_FR,FR,IT,4500.0,4500.0,2200.0,0.0,6700.0,True,False,ALL_12_RETAINED_INTERFACES_AT_THE_SAME_RESIDUAL_SCARCITY_HOUR
AT,2019-01-30 07:00:00,IT_GR,GR,IT,500.0,500.0,500.0,0.0,1000.0,True,False,ALL_12_RETAINED_INTERFACES_AT_THE_SAME_RESIDUAL_SCARCITY_HOUR
AT,2019-01-30 07:00:00,IT_ME,IT,ME,-600.0,600.0,600.0,1200.0,0.0,False,True,ALL_12_RETAINED_INTERFACES_AT_THE_SAME_RESIDUAL_SCARCITY_HOUR
AT,2019-01-30 07:00:00,IT_MT,IT,MT,-200.0,200.0,200.0,400.0,0.0,False,True,ALL_12_RETAINED_INTERFACES_AT_THE_SAME_RESIDUAL_SCARCITY_HOUR
AT,2019-01-30 07:00:00,IT_SI,IT,SI,-1100.0,1200.0,1100.0,2300.0,0.0,False,True,ALL_12_RETAINED_INTERFACES_AT_THE_SAME_RESIDUAL_SCARCITY_HOUR
AT,2019-01-30 07:00:00,IT_TN,IT,TN,-600.0,600.0,600.0,1200.0,0.0,False,True,ALL_12_RETAINED_INTERFACES_AT_THE_SAME_RESIDUAL_SCARCITY_HOUR
AT,2019-01-30 17:00:00,EXT_AT_CH,AT,CH,-1200.0,1200.0,1200.0,2400.0,0.0,False,True,ALL_12_RETAINED_INTERFACES_AT_THE_SAME_RESIDUAL_SCARCITY_HOUR
AT,2019-01-30 17:00:00,EXT_AT_SI,AT,SI,-1450.0,1450.0,1450.0,2900.0,0.0,False,True,ALL_12_RETAINED_INTERFACES_AT_THE_SAME_RESIDUAL_SCARCITY_HOUR
AT,2019-01-30 17:00:00,EXT_CH_FR,CH,FR,2200.0,2200.0,4500.0,0.0,6700.0,True,False,ALL_12_RETAINED_INTERFACES_AT_THE_SAME_RESIDUAL_SCARCITY_HOUR
AT,2019-01-30 17:00:00,EXT_HR_SI,HR,SI,-1067.4277752347236,1500.0,1500.0,2567.4277752347234,432.57222476527636,False,False,ALL_12_RETAINED_INTERFACES_AT_THE_SAME_RESIDUAL_SCARCITY_HOUR
AT,2019-01-30 17:00:00,IT_AT,AT,IT,700.0,700.0,300.0,0.0,1000.0,True,False,ALL_12_RETAINED_INTERFACES_AT_THE_SAME_RESIDUAL_SCARCITY_HOUR
AT,2019-01-30 17:00:00,IT_CH,CH,IT,4600.0,4600.0,1900.0,0.0,6500.0,True,False,ALL_12_RETAINED_INTERFACES_AT_THE_SAME_RESIDUAL_SCARCITY_HOUR
AT,2019-01-30 17:00:00,IT_FR,FR,IT,-2200.0,4500.0,2200.0,6700.0,0.0,False,True,ALL_12_RETAINED_INTERFACES_AT_THE_SAME_RESIDUAL_SCARCITY_HOUR
AT,2019-01-30 17:00:00,IT_GR,GR,IT,500.0,500.0,500.0,0.0,1000.0,True,False,ALL_12_RETAINED_INTERFACES_AT_THE_SAME_RESIDUAL_SCARCITY_HOUR
AT,2019-01-30 17:00:00,IT_ME,IT,ME,-600.0,600.0,600.0,1200.0,0.0,False,True,ALL_12_RETAINED_INTERFACES_AT_THE_SAME_RESIDUAL_SCARCITY_HOUR
AT,2019-01-30 17:00:00,IT_MT,IT,MT,-200.0,200.0,200.0,400.0,0.0,False,True,ALL_12_RETAINED_INTERFACES_AT_THE_SAME_RESIDUAL_SCARCITY_HOUR
AT,2019-01-30 17:00:00,IT_SI,IT,SI,-1100.0,1200.0,1100.0,2300.0,0.0,False,True,ALL_12_RETAINED_INTERFACES_AT_THE_SAME_RESIDUAL_SCARCITY_HOUR
AT,2019-01-30 17:00:00,IT_TN,IT,TN,-600.0,600.0,600.0,1200.0,0.0,False,True,ALL_12_RETAINED_INTERFACES_AT_THE_SAME_RESIDUAL_SCARCITY_HOUR
AT,2019-01-30 18:00:00,EXT_AT_CH,AT,CH,-1200.0,1200.0,1200.0,2400.0,0.0,False,True,ALL_12_RETAINED_INTERFACES_AT_THE_SAME_RESIDUAL_SCARCITY_HOUR
AT,2019-01-30 18:00:00,EXT_AT_SI,AT,SI,-1450.0,1450.0,1450.0,2900.0,0.0,False,True,ALL_12_RETAINED_INTERFACES_AT_THE_SAME_RESIDUAL_SCARCITY_HOUR
AT,2019-01-30 18:00:00,EXT_CH_FR,CH,FR,2200.0,2200.0,4500.0,0.0,6700.0,True,False,ALL_12_RETAINED_INTERFACES_AT_THE_SAME_RESIDUAL_SCARCITY_HOUR
AT,2019-01-30 18:00:00,EXT_HR_SI,HR,SI,-1500.0,1500.0,1500.0,3000.0,0.0,False,True,ALL_12_RETAINED_INTERFACES_AT_THE_SAME_RESIDUAL_SCARCITY_HOUR
AT,2019-01-30 18:00:00,IT_AT,AT,IT,-300.0,700.0,300.0,1000.0,0.0,False,True,ALL_12_RETAINED_INTERFACES_AT_THE_SAME_RESIDUAL_SCARCITY_HOUR
AT,2019-01-30 18:00:00,IT_CH,CH,IT,4600.0,4600.0,1900.0,0.0,6500.0,True,False,ALL_12_RETAINED_INTERFACES_AT_THE_SAME_RESIDUAL_SCARCITY_HOUR
AT,2019-01-30 18:00:00,IT_FR,FR,IT,-2200.0,4500.0,2200.0,6700.0,0.0,False,True,ALL_12_RETAINED_INTERFACES_AT_THE_SAME_RESIDUAL_SCARCITY_HOUR
AT,2019-01-30 18:00:00,IT_GR,GR,IT,500.0,500.0,500.0,0.0,1000.0,True,False,ALL_12_RETAINED_INTERFACES_AT_THE_SAME_RESIDUAL_SCARCITY_HOUR
AT,2019-01-30 18:00:00,IT_ME,IT,ME,-600.0,600.0,600.0,1200.0,0.0,False,True,ALL_12_RETAINED_INTERFACES_AT_THE_SAME_RESIDUAL_SCARCITY_HOUR
AT,2019-01-30 18:00:00,IT_MT,IT,MT,-200.0,200.0,200.0,400.0,0.0,False,True,ALL_12_RETAINED_INTERFACES_AT_THE_SAME_RESIDUAL_SCARCITY_HOUR
AT,2019-01-30 18:00:00,IT_SI,IT,SI,1200.0,1200.0,1100.0,0.0,2300.0,True,False,ALL_12_RETAINED_INTERFACES_AT_THE_SAME_RESIDUAL_SCARCITY_HOUR
AT,2019-01-30 18:00:00,IT_TN,IT,TN,-600.0,600.0,600.0,1200.0,0.0,False,True,ALL_12_RETAINED_INTERFACES_AT_THE_SAME_RESIDUAL_SCARCITY_HOUR
AT,2019-01-30 19:00:00,EXT_AT_CH,AT,CH,-1200.0,1200.0,1200.0,2400.0,0.0,False,True,ALL_12_RETAINED_INTERFACES_AT_THE_SAME_RESIDUAL_SCARCITY_HOUR
AT,2019-01-30 19:00:00,EXT_AT_SI,AT,SI,-1450.0,1450.0,1450.0,2900.0,0.0,False,True,ALL_12_RETAINED_INTERFACES_AT_THE_SAME_RESIDUAL_SCARCITY_HOUR
AT,2019-01-30 19:00:00,EXT_CH_FR,CH,FR,2200.0,2200.0,4500.0,0.0,6700.0,True,False,ALL_12_RETAINED_INTERFACES_AT_THE_SAME_RESIDUAL_SCARCITY_HOUR
AT,2019-01-30 19:00:00,EXT_HR_SI,HR,SI,-1383.005562311257,1500.0,1500.0,2883.005562311257,116.99443768874289,False,False,ALL_12_RETAINED_INTERFACES_AT_THE_SAME_RESIDUAL_SCARCITY_HOUR
AT,2019-01-30 19:00:00,IT_AT,AT,IT,-300.0,700.0,300.0,1000.0,0.0,False,True,ALL_12_RETAINED_INTERFACES_AT_THE_SAME_RESIDUAL_SCARCITY_HOUR
AT,2019-01-30 19:00:00,IT_CH,CH,IT,4600.0,4600.0,1900.0,0.0,6500.0,True,False,ALL_12_RETAINED_INTERFACES_AT_THE_SAME_RESIDUAL_SCARCITY_HOUR
AT,2019-01-30 19:00:00,IT_FR,FR,IT,4500.0,4500.0,2200.0,0.0,6700.0,True,False,ALL_12_RETAINED_INTERFACES_AT_THE_SAME_RESIDUAL_SCARCITY_HOUR
AT,2019-01-30 19:00:00,IT_GR,GR,IT,500.0,500.0,500.0,0.0,1000.0,True,False,ALL_12_RETAINED_INTERFACES_AT_THE_SAME_RESIDUAL_SCARCITY_HOUR
AT,2019-01-30 19:00:00,IT_ME,IT,ME,-474.3665979187584,600.0,600.0,1074.3665979187583,125.63340208124163,False,False,ALL_12_RETAINED_INTERFACES_AT_THE_SAME_RESIDUAL_SCARCITY_HOUR
AT,2019-01-30 19:00:00,IT_MT,IT,MT,-200.0,200.0,200.0,400.0,0.0,False,True,ALL_12_RETAINED_INTERFACES_AT_THE_SAME_RESIDUAL_SCARCITY_HOUR
AT,2019-01-30 19:00:00,IT_SI,IT,SI,1200.0,1200.0,1100.0,0.0,2300.0,True,False,ALL_12_RETAINED_INTERFACES_AT_THE_SAME_RESIDUAL_SCARCITY_HOUR
AT,2019-01-30 19:00:00,IT_TN,IT,TN,-600.0,600.0,600.0,1200.0,0.0,False,True,ALL_12_RETAINED_INTERFACES_AT_THE_SAME_RESIDUAL_SCARCITY_HOUR
AT,2019-01-30 20:00:00,EXT_AT_CH,AT,CH,-1200.0,1200.0,1200.0,2400.0,0.0,False,True,ALL_12_RETAINED_INTERFACES_AT_THE_SAME_RESIDUAL_SCARCITY_HOUR
AT,2019-01-30 20:00:00,EXT_AT_SI,AT,SI,-1450.0,1450.0,1450.0,2900.0,0.0,False,True,ALL_12_RETAINED_INTERFACES_AT_THE_SAME_RESIDUAL_SCARCITY_HOUR
AT,2019-01-30 20:00:00,EXT_CH_FR,CH,FR,2200.0,2200.0,4500.0,0.0,6700.0,True,False,ALL_12_RETAINED_INTERFACES_AT_THE_SAME_RESIDUAL_SCARCITY_HOUR
AT,2019-01-30 20:00:00,EXT_HR_SI,HR,SI,-43.99418578898849,1500.0,1500.0,1543.9941857889885,1456.0058142110115,False,False,ALL_12_RETAINED_INTERFACES_AT_THE_SAME_RESIDUAL_SCARCITY_HOUR
AT,2019-01-30 20:00:00,IT_AT,AT,IT,700.0,700.0,300.0,0.0,1000.0,True,False,ALL_12_RETAINED_INTERFACES_AT_THE_SAME_RESIDUAL_SCARCITY_HOUR
AT,2019-01-30 20:00:00,IT_CH,CH,IT,4600.0,4600.0,1900.0,0.0,6500.0,True,False,ALL_12_RETAINED_INTERFACES_AT_THE_SAME_RESIDUAL_SCARCITY_HOUR
AT,2019-01-30 20:00:00,IT_FR,FR,IT,3696.5330271725325,4500.0,2200.0,803.4669728274675,5896.5330271725325,False,False,ALL_12_RETAINED_INTERFACES_AT_THE_SAME_RESIDUAL_SCARCITY_HOUR
AT,2019-01-30 20:00:00,IT_GR,GR,IT,500.0,500.0,500.0,0.0,1000.0,True,False,ALL_12_RETAINED_INTERFACES_AT_THE_SAME_RESIDUAL_SCARCITY_HOUR
AT,2019-01-30 20:00:00,IT_ME,IT,ME,-600.0,600.0,600.0,1200.0,0.0,False,True,ALL_12_RETAINED_INTERFACES_AT_THE_SAME_RESIDUAL_SCARCITY_HOUR
AT,2019-01-30 20:00:00,IT_MT,IT,MT,-200.0,200.0,200.0,400.0,0.0,False,True,ALL_12_RETAINED_INTERFACES_AT_THE_SAME_RESIDUAL_SCARCITY_HOUR
AT,2019-01-30 20:00:00,IT_SI,IT,SI,-1100.0,1200.0,1100.0,2300.0,0.0,False,True,ALL_12_RETAINED_INTERFACES_AT_THE_SAME_RESIDUAL_SCARCITY_HOUR
AT,2019-01-30 20:00:00,IT_TN,IT,TN,-600.0,600.0,600.0,1200.0,0.0,False,True,ALL_12_RETAINED_INTERFACES_AT_THE_SAME_RESIDUAL_SCARCITY_HOUR
AT,2019-01-30 21:00:00,EXT_AT_CH,AT,CH,-1200.0,1200.0,1200.0,2400.0,0.0,False,True,ALL_12_RETAINED_INTERFACES_AT_THE_SAME_RESIDUAL_SCARCITY_HOUR
AT,2019-01-30 21:00:00,EXT_AT_SI,AT,SI,-1450.0,1450.0,1450.0,2900.0,0.0,False,True,ALL_12_RETAINED_INTERFACES_AT_THE_SAME_RESIDUAL_SCARCITY_HOUR
AT,2019-01-30 21:00:00,EXT_CH_FR,CH,FR,2200.0,2200.0,4500.0,0.0,6700.0,True,False,ALL_12_RETAINED_INTERFACES_AT_THE_SAME_RESIDUAL_SCARCITY_HOUR
AT,2019-01-30 21:00:00,EXT_HR_SI,HR,SI,-43.95874801149648,1500.0,1500.0,1543.9587480114965,1456.0412519885035,False,False,ALL_12_RETAINED_INTERFACES_AT_THE_SAME_RESIDUAL_SCARCITY_HOUR
AT,2019-01-30 21:00:00,IT_AT,AT,IT,-300.0,700.0,300.0,1000.0,0.0,False,True,ALL_12_RETAINED_INTERFACES_AT_THE_SAME_RESIDUAL_SCARCITY_HOUR
AT,2019-01-30 21:00:00,IT_CH,CH,IT,4600.0,4600.0,1900.0,0.0,6500.0,True,False,ALL_12_RETAINED_INTERFACES_AT_THE_SAME_RESIDUAL_SCARCITY_HOUR
AT,2019-01-30 21:00:00,IT_FR,FR,IT,2489.0774417144057,4500.0,2200.0,2010.9225582855943,4689.077441714406,False,False,ALL_12_RETAINED_INTERFACES_AT_THE_SAME_RESIDUAL_SCARCITY_HOUR
AT,2019-01-30 21:00:00,IT_GR,GR,IT,500.0,500.0,500.0,0.0,1000.0,True,False,ALL_12_RETAINED_INTERFACES_AT_THE_SAME_RESIDUAL_SCARCITY_HOUR
AT,2019-01-30 21:00:00,IT_ME,IT,ME,-600.0,600.0,600.0,1200.0,0.0,False,True,ALL_12_RETAINED_INTERFACES_AT_THE_SAME_RESIDUAL_SCARCITY_HOUR
AT,2019-01-30 21:00:00,IT_MT,IT,MT,-200.0,200.0,200.0,400.0,0.0,False,True,ALL_12_RETAINED_INTERFACES_AT_THE_SAME_RESIDUAL_SCARCITY_HOUR
AT,2019-01-30 21:00:00,IT_SI,IT,SI,-1100.0,1200.0,1100.0,2300.0,0.0,False,True,ALL_12_RETAINED_INTERFACES_AT_THE_SAME_RESIDUAL_SCARCITY_HOUR
AT,2019-01-30 21:00:00,IT_TN,IT,TN,-600.0,600.0,600.0,1200.0,0.0,False,True,ALL_12_RETAINED_INTERFACES_AT_THE_SAME_RESIDUAL_SCARCITY_HOUR
AT,2019-01-30 22:00:00,EXT_AT_CH,AT,CH,-1200.0,1200.0,1200.0,2400.0,0.0,False,True,ALL_12_RETAINED_INTERFACES_AT_THE_SAME_RESIDUAL_SCARCITY_HOUR
AT,2019-01-30 22:00:00,EXT_AT_SI,AT,SI,-1450.0,1450.0,1450.0,2900.0,0.0,False,True,ALL_12_RETAINED_INTERFACES_AT_THE_SAME_RESIDUAL_SCARCITY_HOUR
AT,2019-01-30 22:00:00,EXT_CH_FR,CH,FR,2200.0,2200.0,4500.0,0.0,6700.0,True,False,ALL_12_RETAINED_INTERFACES_AT_THE_SAME_RESIDUAL_SCARCITY_HOUR
AT,2019-01-30 22:00:00,EXT_HR_SI,HR,SI,-459.57029385830185,1500.0,1500.0,1959.5702938583017,1040.4297061416983,False,False,ALL_12_RETAINED_INTERFACES_AT_THE_SAME_RESIDUAL_SCARCITY_HOUR
AT,2019-01-30 22:00:00,IT_AT,AT,IT,-300.0,700.0,300.0,1000.0,0.0,False,True,ALL_12_RETAINED_INTERFACES_AT_THE_SAME_RESIDUAL_SCARCITY_HOUR
AT,2019-01-30 22:00:00,IT_CH,CH,IT,4600.0,4600.0,1900.0,0.0,6500.0,True,False,ALL_12_RETAINED_INTERFACES_AT_THE_SAME_RESIDUAL_SCARCITY_HOUR
AT,2019-01-30 22:00:00,IT_FR,FR,IT,2069.8444374150126,4500.0,2200.0,2430.1555625849874,4269.844437415013,False,False,ALL_12_RETAINED_INTERFACES_AT_THE_SAME_RESIDUAL_SCARCITY_HOUR
AT,2019-01-30 22:00:00,IT_GR,GR,IT,500.0,500.0,500.0,0.0,1000.0,True,False,ALL_12_RETAINED_INTERFACES_AT_THE_SAME_RESIDUAL_SCARCITY_HOUR
AT,2019-01-30 22:00:00,IT_ME,IT,ME,-600.0,600.0,600.0,1200.0,0.0,False,True,ALL_12_RETAINED_INTERFACES_AT_THE_SAME_RESIDUAL_SCARCITY_HOUR
AT,2019-01-30 22:00:00,IT_MT,IT,MT,-200.0,200.0,200.0,400.0,0.0,False,True,ALL_12_RETAINED_INTERFACES_AT_THE_SAME_RESIDUAL_SCARCITY_HOUR
AT,2019-01-30 22:00:00,IT_SI,IT,SI,-691.2839782381349,1200.0,1100.0,1891.2839782381348,408.71602176186514,False,False,ALL_12_RETAINED_INTERFACES_AT_THE_SAME_RESIDUAL_SCARCITY_HOUR
AT,2019-01-30 22:00:00,IT_TN,IT,TN,-600.0,600.0,600.0,1200.0,0.0,False,True,ALL_12_RETAINED_INTERFACES_AT_THE_SAME_RESIDUAL_SCARCITY_HOUR
AT,2019-01-30 23:00:00,EXT_AT_CH,AT,CH,-1200.0,1200.0,1200.0,2400.0,0.0,False,True,ALL_12_RETAINED_INTERFACES_AT_THE_SAME_RESIDUAL_SCARCITY_HOUR
AT,2019-01-30 23:00:00,EXT_AT_SI,AT,SI,-1450.0,1450.0,1450.0,2900.0,0.0,False,True,ALL_12_RETAINED_INTERFACES_AT_THE_SAME_RESIDUAL_SCARCITY_HOUR
AT,2019-01-30 23:00:00,EXT_CH_FR,CH,FR,2200.0,2200.0,4500.0,0.0,6700.0,True,False,ALL_12_RETAINED_INTERFACES_AT_THE_SAME_RESIDUAL_SCARCITY_HOUR
AT,2019-01-30 23:00:00,EXT_HR_SI,HR,SI,-64.20615929275905,1500.0,1500.0,1564.2061592927591,1435.7938407072409,False,False,ALL_12_RETAINED_INTERFACES_AT_THE_SAME_RESIDUAL_SCARCITY_HOUR
AT,2019-01-30 23:00:00,IT_AT,AT,IT,-300.0,700.0,300.0,1000.0,0.0,False,True,ALL_12_RETAINED_INTERFACES_AT_THE_SAME_RESIDUAL_SCARCITY_HOUR
AT,2019-01-30 23:00:00,IT_CH,CH,IT,4600.0,4600.0,1900.0,0.0,6500.0,True,False,ALL_12_RETAINED_INTERFACES_AT_THE_SAME_RESIDUAL_SCARCITY_HOUR
AT,2019-01-30 23:00:00,IT_FR,FR,IT,-2200.0,4500.0,2200.0,6700.0,0.0,False,True,ALL_12_RETAINED_INTERFACES_AT_THE_SAME_RESIDUAL_SCARCITY_HOUR
AT,2019-01-30 23:00:00,IT_GR,GR,IT,500.0,500.0,500.0,0.0,1000.0,True,False,ALL_12_RETAINED_INTERFACES_AT_THE_SAME_RESIDUAL_SCARCITY_HOUR
AT,2019-01-30 23:00:00,IT_ME,IT,ME,-594.067287906241,600.0,600.0,1194.0672879062408,5.932712093759051,False,False,ALL_12_RETAINED_INTERFACES_AT_THE_SAME_RESIDUAL_SCARCITY_HOUR
AT,2019-01-30 23:00:00,IT_MT,IT,MT,-200.0,200.0,200.0,400.0,0.0,False,True,ALL_12_RETAINED_INTERFACES_AT_THE_SAME_RESIDUAL_SCARCITY_HOUR
AT,2019-01-30 23:00:00,IT_SI,IT,SI,773.3534394208303,1200.0,1100.0,426.64656057916966,1873.3534394208305,False,False,ALL_12_RETAINED_INTERFACES_AT_THE_SAME_RESIDUAL_SCARCITY_HOUR
AT,2019-01-30 23:00:00,IT_TN,IT,TN,-600.0,600.0,600.0,1200.0,0.0,False,True,ALL_12_RETAINED_INTERFACES_AT_THE_SAME_RESIDUAL_SCARCITY_HOUR
AT,2019-01-31 00:00:00,EXT_AT_CH,AT,CH,-1200.0,1200.0,1200.0,2400.0,0.0,False,True,ALL_12_RETAINED_INTERFACES_AT_THE_SAME_RESIDUAL_SCARCITY_HOUR
AT,2019-01-31 00:00:00,EXT_AT_SI,AT,SI,-1450.0,1450.0,1450.0,2900.0,0.0,False,True,ALL_12_RETAINED_INTERFACES_AT_THE_SAME_RESIDUAL_SCARCITY_HOUR
AT,2019-01-31 00:00:00,EXT_CH_FR,CH,FR,2200.0,2200.0,4500.0,0.0,6700.0,True,False,ALL_12_RETAINED_INTERFACES_AT_THE_SAME_RESIDUAL_SCARCITY_HOUR
AT,2019-01-31 00:00:00,EXT_HR_SI,HR,SI,142.04487232322188,1500.0,1500.0,1357.9551276767781,1642.0448723232219,False,False,ALL_12_RETAINED_INTERFACES_AT_THE_SAME_RESIDUAL_SCARCITY_HOUR
AT,2019-01-31 00:00:00,IT_AT,AT,IT,-300.0,700.0,300.0,1000.0,0.0,False,True,ALL_12_RETAINED_INTERFACES_AT_THE_SAME_RESIDUAL_SCARCITY_HOUR
AT,2019-01-31 00:00:00,IT_CH,CH,IT,4600.0,4600.0,1900.0,0.0,6500.0,True,False,ALL_12_RETAINED_INTERFACES_AT_THE_SAME_RESIDUAL_SCARCITY_HOUR
AT,2019-01-31 00:00:00,IT_FR,FR,IT,-2200.0,4500.0,2200.0,6700.0,0.0,False,True,ALL_12_RETAINED_INTERFACES_AT_THE_SAME_RESIDUAL_SCARCITY_HOUR
AT,2019-01-31 00:00:00,IT_GR,GR,IT,500.0,500.0,500.0,0.0,1000.0,True,False,ALL_12_RETAINED_INTERFACES_AT_THE_SAME_RESIDUAL_SCARCITY_HOUR
AT,2019-01-31 00:00:00,IT_ME,IT,ME,-600.0,600.0,600.0,1200.0,0.0,False,True,ALL_12_RETAINED_INTERFACES_AT_THE_SAME_RESIDUAL_SCARCITY_HOUR
AT,2019-01-31 00:00:00,IT_MT,IT,MT,-200.0,200.0,200.0,400.0,0.0,False,True,ALL_12_RETAINED_INTERFACES_AT_THE_SAME_RESIDUAL_SCARCITY_HOUR
AT,2019-01-31 00:00:00,IT_SI,IT,SI,1200.0,1200.0,1100.0,0.0,2300.0,True,False,ALL_12_RETAINED_INTERFACES_AT_THE_SAME_RESIDUAL_SCARCITY_HOUR
AT,2019-01-31 00:00:00,IT_TN,IT,TN,-600.0,600.0,600.0,1200.0,0.0,False,True,ALL_12_RETAINED_INTERFACES_AT_THE_SAME_RESIDUAL_SCARCITY_HOUR
AT,2019-01-31 01:00:00,EXT_AT_CH,AT,CH,-1200.0,1200.0,1200.0,2400.0,0.0,False,True,ALL_12_RETAINED_INTERFACES_AT_THE_SAME_RESIDUAL_SCARCITY_HOUR
AT,2019-01-31 01:00:00,EXT_AT_SI,AT,SI,-1450.0,1450.0,1450.0,2900.0,0.0,False,True,ALL_12_RETAINED_INTERFACES_AT_THE_SAME_RESIDUAL_SCARCITY_HOUR
AT,2019-01-31 01:00:00,EXT_CH_FR,CH,FR,2200.0,2200.0,4500.0,0.0,6700.0,True,False,ALL_12_RETAINED_INTERFACES_AT_THE_SAME_RESIDUAL_SCARCITY_HOUR
AT,2019-01-31 01:00:00,EXT_HR_SI,HR,SI,229.1037091884414,1500.0,1500.0,1270.8962908115586,1729.1037091884414,False,False,ALL_12_RETAINED_INTERFACES_AT_THE_SAME_RESIDUAL_SCARCITY_HOUR
AT,2019-01-31 01:00:00,IT_AT,AT,IT,-300.0,700.0,300.0,1000.0,0.0,False,True,ALL_12_RETAINED_INTERFACES_AT_THE_SAME_RESIDUAL_SCARCITY_HOUR
AT,2019-01-31 01:00:00,IT_CH,CH,IT,4600.0,4600.0,1900.0,0.0,6500.0,True,False,ALL_12_RETAINED_INTERFACES_AT_THE_SAME_RESIDUAL_SCARCITY_HOUR
AT,2019-01-31 01:00:00,IT_FR,FR,IT,-2200.0,4500.0,2200.0,6700.0,0.0,False,True,ALL_12_RETAINED_INTERFACES_AT_THE_SAME_RESIDUAL_SCARCITY_HOUR
AT,2019-01-31 01:00:00,IT_GR,GR,IT,500.0,500.0,500.0,0.0,1000.0,True,False,ALL_12_RETAINED_INTERFACES_AT_THE_SAME_RESIDUAL_SCARCITY_HOUR
AT,2019-01-31 01:00:00,IT_ME,IT,ME,-600.0,600.0,600.0,1200.0,0.0,False,True,ALL_12_RETAINED_INTERFACES_AT_THE_SAME_RESIDUAL_SCARCITY_HOUR
AT,2019-01-31 01:00:00,IT_MT,IT,MT,-200.0,200.0,200.0,400.0,0.0,False,True,ALL_12_RETAINED_INTERFACES_AT_THE_SAME_RESIDUAL_SCARCITY_HOUR
AT,2019-01-31 01:00:00,IT_SI,IT,SI,1200.0,1200.0,1100.0,0.0,2300.0,True,False,ALL_12_RETAINED_INTERFACES_AT_THE_SAME_RESIDUAL_SCARCITY_HOUR
AT,2019-01-31 01:00:00,IT_TN,IT,TN,-600.0,600.0,600.0,1200.0,0.0,False,True,ALL_12_RETAINED_INTERFACES_AT_THE_SAME_RESIDUAL_SCARCITY_HOUR
AT,2019-01-31 02:00:00,EXT_AT_CH,AT,CH,-1200.0,1200.0,1200.0,2400.0,0.0,False,True,ALL_12_RETAINED_INTERFACES_AT_THE_SAME_RESIDUAL_SCARCITY_HOUR
AT,2019-01-31 02:00:00,EXT_AT_SI,AT,SI,-1450.0,1450.0,1450.0,2900.0,0.0,False,True,ALL_12_RETAINED_INTERFACES_AT_THE_SAME_RESIDUAL_SCARCITY_HOUR
AT,2019-01-31 02:00:00,EXT_CH_FR,CH,FR,2200.0,2200.0,4500.0,0.0,6700.0,True,False,ALL_12_RETAINED_INTERFACES_AT_THE_SAME_RESIDUAL_SCARCITY_HOUR
AT,2019-01-31 02:00:00,EXT_HR_SI,HR,SI,377.8711906062804,1500.0,1500.0,1122.1288093937196,1877.8711906062804,False,False,ALL_12_RETAINED_INTERFACES_AT_THE_SAME_RESIDUAL_SCARCITY_HOUR
AT,2019-01-31 02:00:00,IT_AT,AT,IT,-300.0,700.0,300.0,1000.0,0.0,False,True,ALL_12_RETAINED_INTERFACES_AT_THE_SAME_RESIDUAL_SCARCITY_HOUR
AT,2019-01-31 02:00:00,IT_CH,CH,IT,4600.0,4600.0,1900.0,0.0,6500.0,True,False,ALL_12_RETAINED_INTERFACES_AT_THE_SAME_RESIDUAL_SCARCITY_HOUR
AT,2019-01-31 02:00:00,IT_FR,FR,IT,2621.634482896239,4500.0,2200.0,1878.3655171037608,4821.634482896239,False,False,ALL_12_RETAINED_INTERFACES_AT_THE_SAME_RESIDUAL_SCARCITY_HOUR
AT,2019-01-31 02:00:00,IT_GR,GR,IT,500.0,500.0,500.0,0.0,1000.0,True,False,ALL_12_RETAINED_INTERFACES_AT_THE_SAME_RESIDUAL_SCARCITY_HOUR
AT,2019-01-31 02:00:00,IT_ME,IT,ME,-600.0,600.0,600.0,1200.0,0.0,False,True,ALL_12_RETAINED_INTERFACES_AT_THE_SAME_RESIDUAL_SCARCITY_HOUR
AT,2019-01-31 02:00:00,IT_MT,IT,MT,-200.0,200.0,200.0,400.0,0.0,False,True,ALL_12_RETAINED_INTERFACES_AT_THE_SAME_RESIDUAL_SCARCITY_HOUR
AT,2019-01-31 02:00:00,IT_SI,IT,SI,1200.0,1200.0,1100.0,0.0,2300.0,True,False,ALL_12_RETAINED_INTERFACES_AT_THE_SAME_RESIDUAL_SCARCITY_HOUR
AT,2019-01-31 02:00:00,IT_TN,IT,TN,-600.0,600.0,600.0,1200.0,0.0,False,True,ALL_12_RETAINED_INTERFACES_AT_THE_SAME_RESIDUAL_SCARCITY_HOUR
AT,2019-01-31 03:00:00,EXT_AT_CH,AT,CH,-1200.0,1200.0,1200.0,2400.0,0.0,False,True,ALL_12_RETAINED_INTERFACES_AT_THE_SAME_RESIDUAL_SCARCITY_HOUR
AT,2019-01-31 03:00:00,EXT_AT_SI,AT,SI,-1450.0,1450.0,1450.0,2900.0,0.0,False,True,ALL_12_RETAINED_INTERFACES_AT_THE_SAME_RESIDUAL_SCARCITY_HOUR
AT,2019-01-31 03:00:00,EXT_CH_FR,CH,FR,2200.0,2200.0,4500.0,0.0,6700.0,True,False,ALL_12_RETAINED_INTERFACES_AT_THE_SAME_RESIDUAL_SCARCITY_HOUR
AT,2019-01-31 03:00:00,EXT_HR_SI,HR,SI,83.32006580374869,1500.0,1500.0,1416.6799341962512,1583.3200658037488,False,False,ALL_12_RETAINED_INTERFACES_AT_THE_SAME_RESIDUAL_SCARCITY_HOUR
AT,2019-01-31 03:00:00,IT_AT,AT,IT,-300.0,700.0,300.0,1000.0,0.0,False,True,ALL_12_RETAINED_INTERFACES_AT_THE_SAME_RESIDUAL_SCARCITY_HOUR
AT,2019-01-31 03:00:00,IT_CH,CH,IT,4600.0,4600.0,1900.0,0.0,6500.0,True,False,ALL_12_RETAINED_INTERFACES_AT_THE_SAME_RESIDUAL_SCARCITY_HOUR
AT,2019-01-31 03:00:00,IT_FR,FR,IT,-308.3605952539174,4500.0,2200.0,4808.360595253917,1891.6394047460826,False,False,ALL_12_RETAINED_INTERFACES_AT_THE_SAME_RESIDUAL_SCARCITY_HOUR
AT,2019-01-31 03:00:00,IT_GR,GR,IT,500.0,500.0,500.0,0.0,1000.0,True,False,ALL_12_RETAINED_INTERFACES_AT_THE_SAME_RESIDUAL_SCARCITY_HOUR
AT,2019-01-31 03:00:00,IT_ME,IT,ME,-600.0,600.0,600.0,1200.0,0.0,False,True,ALL_12_RETAINED_INTERFACES_AT_THE_SAME_RESIDUAL_SCARCITY_HOUR
AT,2019-01-31 03:00:00,IT_MT,IT,MT,-200.0,200.0,200.0,400.0,0.0,False,True,ALL_12_RETAINED_INTERFACES_AT_THE_SAME_RESIDUAL_SCARCITY_HOUR
AT,2019-01-31 03:00:00,IT_SI,IT,SI,1200.0,1200.0,1100.0,0.0,2300.0,True,False,ALL_12_RETAINED_INTERFACES_AT_THE_SAME_RESIDUAL_SCARCITY_HOUR
AT,2019-01-31 03:00:00,IT_TN,IT,TN,-600.0,600.0,600.0,1200.0,0.0,False,True,ALL_12_RETAINED_INTERFACES_AT_THE_SAME_RESIDUAL_SCARCITY_HOUR
AT,2019-01-31 04:00:00,EXT_AT_CH,AT,CH,-1200.0,1200.0,1200.0,2400.0,0.0,False,True,ALL_12_RETAINED_INTERFACES_AT_THE_SAME_RESIDUAL_SCARCITY_HOUR
AT,2019-01-31 04:00:00,EXT_AT_SI,AT,SI,-1450.0,1450.0,1450.0,2900.0,0.0,False,True,ALL_12_RETAINED_INTERFACES_AT_THE_SAME_RESIDUAL_SCARCITY_HOUR
AT,2019-01-31 04:00:00,EXT_CH_FR,CH,FR,2200.0,2200.0,4500.0,0.0,6700.0,True,False,ALL_12_RETAINED_INTERFACES_AT_THE_SAME_RESIDUAL_SCARCITY_HOUR
AT,2019-01-31 04:00:00,EXT_HR_SI,HR,SI,-212.53846688265494,1500.0,1500.0,1712.538466882655,1287.461533117345,False,False,ALL_12_RETAINED_INTERFACES_AT_THE_SAME_RESIDUAL_SCARCITY_HOUR
AT,2019-01-31 04:00:00,IT_AT,AT,IT,-300.0,700.0,300.0,1000.0,0.0,False,True,ALL_12_RETAINED_INTERFACES_AT_THE_SAME_RESIDUAL_SCARCITY_HOUR
AT,2019-01-31 04:00:00,IT_CH,CH,IT,4600.0,4600.0,1900.0,0.0,6500.0,True,False,ALL_12_RETAINED_INTERFACES_AT_THE_SAME_RESIDUAL_SCARCITY_HOUR
AT,2019-01-31 04:00:00,IT_FR,FR,IT,4500.0,4500.0,2200.0,0.0,6700.0,True,False,ALL_12_RETAINED_INTERFACES_AT_THE_SAME_RESIDUAL_SCARCITY_HOUR
AT,2019-01-31 04:00:00,IT_GR,GR,IT,500.0,500.0,500.0,0.0,1000.0,True,False,ALL_12_RETAINED_INTERFACES_AT_THE_SAME_RESIDUAL_SCARCITY_HOUR
AT,2019-01-31 04:00:00,IT_ME,IT,ME,-600.0,600.0,600.0,1200.0,0.0,False,True,ALL_12_RETAINED_INTERFACES_AT_THE_SAME_RESIDUAL_SCARCITY_HOUR
AT,2019-01-31 04:00:00,IT_MT,IT,MT,-200.0,200.0,200.0,400.0,0.0,False,True,ALL_12_RETAINED_INTERFACES_AT_THE_SAME_RESIDUAL_SCARCITY_HOUR
AT,2019-01-31 04:00:00,IT_SI,IT,SI,1200.0,1200.0,1100.0,0.0,2300.0,True,False,ALL_12_RETAINED_INTERFACES_AT_THE_SAME_RESIDUAL_SCARCITY_HOUR
AT,2019-01-31 04:00:00,IT_TN,IT,TN,-600.0,600.0,600.0,1200.0,0.0,False,True,ALL_12_RETAINED_INTERFACES_AT_THE_SAME_RESIDUAL_SCARCITY_HOUR
AT,2019-01-31 05:00:00,EXT_AT_CH,AT,CH,-1200.0,1200.0,1200.0,2400.0,0.0,False,True,ALL_12_RETAINED_INTERFACES_AT_THE_SAME_RESIDUAL_SCARCITY_HOUR
AT,2019-01-31 05:00:00,EXT_AT_SI,AT,SI,-1450.0,1450.0,1450.0,2900.0,0.0,False,True,ALL_12_RETAINED_INTERFACES_AT_THE_SAME_RESIDUAL_SCARCITY_HOUR
AT,2019-01-31 05:00:00,EXT_CH_FR,CH,FR,2200.0,2200.0,4500.0,0.0,6700.0,True,False,ALL_12_RETAINED_INTERFACES_AT_THE_SAME_RESIDUAL_SCARCITY_HOUR
AT,2019-01-31 05:00:00,EXT_HR_SI,HR,SI,-777.6898938859655,1500.0,1500.0,2277.6898938859654,722.3101061140345,False,False,ALL_12_RETAINED_INTERFACES_AT_THE_SAME_RESIDUAL_SCARCITY_HOUR
AT,2019-01-31 05:00:00,IT_AT,AT,IT,-300.0,700.0,300.0,1000.0,0.0,False,True,ALL_12_RETAINED_INTERFACES_AT_THE_SAME_RESIDUAL_SCARCITY_HOUR
AT,2019-01-31 05:00:00,IT_CH,CH,IT,4600.0,4600.0,1900.0,0.0,6500.0,True,False,ALL_12_RETAINED_INTERFACES_AT_THE_SAME_RESIDUAL_SCARCITY_HOUR
AT,2019-01-31 05:00:00,IT_FR,FR,IT,352.5281396698482,4500.0,2200.0,4147.471860330152,2552.5281396698483,False,False,ALL_12_RETAINED_INTERFACES_AT_THE_SAME_RESIDUAL_SCARCITY_HOUR
AT,2019-01-31 05:00:00,IT_GR,GR,IT,500.0,500.0,500.0,0.0,1000.0,True,False,ALL_12_RETAINED_INTERFACES_AT_THE_SAME_RESIDUAL_SCARCITY_HOUR
AT,2019-01-31 05:00:00,IT_ME,IT,ME,-600.0,600.0,600.0,1200.0,0.0,False,True,ALL_12_RETAINED_INTERFACES_AT_THE_SAME_RESIDUAL_SCARCITY_HOUR
AT,2019-01-31 05:00:00,IT_MT,IT,MT,-200.0,200.0,200.0,400.0,0.0,False,True,ALL_12_RETAINED_INTERFACES_AT_THE_SAME_RESIDUAL_SCARCITY_HOUR
AT,2019-01-31 05:00:00,IT_SI,IT,SI,1200.0,1200.0,1100.0,0.0,2300.0,True,False,ALL_12_RETAINED_INTERFACES_AT_THE_SAME_RESIDUAL_SCARCITY_HOUR
AT,2019-01-31 05:00:00,IT_TN,IT,TN,-600.0,600.0,600.0,1200.0,0.0,False,True,ALL_12_RETAINED_INTERFACES_AT_THE_SAME_RESIDUAL_SCARCITY_HOUR
AT,2019-01-31 06:00:00,EXT_AT_CH,AT,CH,-1200.0,1200.0,1200.0,2400.0,0.0,False,True,ALL_12_RETAINED_INTERFACES_AT_THE_SAME_RESIDUAL_SCARCITY_HOUR
AT,2019-01-31 06:00:00,EXT_AT_SI,AT,SI,-1450.0,1450.0,1450.0,2900.0,0.0,False,True,ALL_12_RETAINED_INTERFACES_AT_THE_SAME_RESIDUAL_SCARCITY_HOUR
AT,2019-01-31 06:00:00,EXT_CH_FR,CH,FR,2200.0,2200.0,4500.0,0.0,6700.0,True,False,ALL_12_RETAINED_INTERFACES_AT_THE_SAME_RESIDUAL_SCARCITY_HOUR
AT,2019-01-31 06:00:00,EXT_HR_SI,HR,SI,1500.0,1500.0,1500.0,0.0,3000.0,True,False,ALL_12_RETAINED_INTERFACES_AT_THE_SAME_RESIDUAL_SCARCITY_HOUR
AT,2019-01-31 06:00:00,IT_AT,AT,IT,-300.0,700.0,300.0,1000.0,0.0,False,True,ALL_12_RETAINED_INTERFACES_AT_THE_SAME_RESIDUAL_SCARCITY_HOUR
AT,2019-01-31 06:00:00,IT_CH,CH,IT,4600.0,4600.0,1900.0,0.0,6500.0,True,False,ALL_12_RETAINED_INTERFACES_AT_THE_SAME_RESIDUAL_SCARCITY_HOUR
AT,2019-01-31 06:00:00,IT_FR,FR,IT,4500.0,4500.0,2200.0,0.0,6700.0,True,False,ALL_12_RETAINED_INTERFACES_AT_THE_SAME_RESIDUAL_SCARCITY_HOUR
AT,2019-01-31 06:00:00,IT_GR,GR,IT,500.0,500.0,500.0,0.0,1000.0,True,False,ALL_12_RETAINED_INTERFACES_AT_THE_SAME_RESIDUAL_SCARCITY_HOUR
AT,2019-01-31 06:00:00,IT_ME,IT,ME,-600.0,600.0,600.0,1200.0,0.0,False,True,ALL_12_RETAINED_INTERFACES_AT_THE_SAME_RESIDUAL_SCARCITY_HOUR
AT,2019-01-31 06:00:00,IT_MT,IT,MT,-198.39904257534604,200.0,200.0,398.399042575346,1.6009574246539557,False,False,ALL_12_RETAINED_INTERFACES_AT_THE_SAME_RESIDUAL_SCARCITY_HOUR
AT,2019-01-31 06:00:00,IT_SI,IT,SI,1200.0,1200.0,1100.0,0.0,2300.0,True,False,ALL_12_RETAINED_INTERFACES_AT_THE_SAME_RESIDUAL_SCARCITY_HOUR
AT,2019-01-31 06:00:00,IT_TN,IT,TN,-600.0,600.0,600.0,1200.0,0.0,False,True,ALL_12_RETAINED_INTERFACES_AT_THE_SAME_RESIDUAL_SCARCITY_HOUR
AT,2019-01-31 07:00:00,EXT_AT_CH,AT,CH,-1200.0,1200.0,1200.0,2400.0,0.0,False,True,ALL_12_RETAINED_INTERFACES_AT_THE_SAME_RESIDUAL_SCARCITY_HOUR
AT,2019-01-31 07:00:00,EXT_AT_SI,AT,SI,-1450.0,1450.0,1450.0,2900.0,0.0,False,True,ALL_12_RETAINED_INTERFACES_AT_THE_SAME_RESIDUAL_SCARCITY_HOUR
AT,2019-01-31 07:00:00,EXT_CH_FR,CH,FR,2200.0,2200.0,4500.0,0.0,6700.0,True,False,ALL_12_RETAINED_INTERFACES_AT_THE_SAME_RESIDUAL_SCARCITY_HOUR
AT,2019-01-31 07:00:00,EXT_HR_SI,HR,SI,-1038.0740351312854,1500.0,1500.0,2538.074035131285,461.9259648687146,False,False,ALL_12_RETAINED_INTERFACES_AT_THE_SAME_RESIDUAL_SCARCITY_HOUR
AT,2019-01-31 07:00:00,IT_AT,AT,IT,-300.0,700.0,300.0,1000.0,0.0,False,True,ALL_12_RETAINED_INTERFACES_AT_THE_SAME_RESIDUAL_SCARCITY_HOUR
AT,2019-01-31 07:00:00,IT_CH,CH,IT,4600.0,4600.0,1900.0,0.0,6500.0,True,False,ALL_12_RETAINED_INTERFACES_AT_THE_SAME_RESIDUAL_SCARCITY_HOUR
AT,2019-01-31 07:00:00,IT_FR,FR,IT,-1121.2919179540331,4500.0,2200.0,5621.291917954033,1078.7080820459669,False,False,ALL_12_RETAINED_INTERFACES_AT_THE_SAME_RESIDUAL_SCARCITY_HOUR
AT,2019-01-31 07:00:00,IT_GR,GR,IT,500.0,500.0,500.0,0.0,1000.0,True,False,ALL_12_RETAINED_INTERFACES_AT_THE_SAME_RESIDUAL_SCARCITY_HOUR
AT,2019-01-31 07:00:00,IT_ME,IT,ME,-600.0,600.0,600.0,1200.0,0.0,False,True,ALL_12_RETAINED_INTERFACES_AT_THE_SAME_RESIDUAL_SCARCITY_HOUR
AT,2019-01-31 07:00:00,IT_MT,IT,MT,-200.0,200.0,200.0,400.0,0.0,False,True,ALL_12_RETAINED_INTERFACES_AT_THE_SAME_RESIDUAL_SCARCITY_HOUR
AT,2019-01-31 07:00:00,IT_SI,IT,SI,-516.8143042510369,1200.0,1100.0,1716.814304251037,583.1856957489631,False,False,ALL_12_RETAINED_INTERFACES_AT_THE_SAME_RESIDUAL_SCARCITY_HOUR
AT,2019-01-31 07:00:00,IT_TN,IT,TN,-600.0,600.0,600.0,1200.0,0.0,False,True,ALL_12_RETAINED_INTERFACES_AT_THE_SAME_RESIDUAL_SCARCITY_HOUR
AT,2019-01-31 15:00:00,EXT_AT_CH,AT,CH,-1200.0,1200.0,1200.0,2400.0,0.0,False,True,ALL_12_RETAINED_INTERFACES_AT_THE_SAME_RESIDUAL_SCARCITY_HOUR
AT,2019-01-31 15:00:00,EXT_AT_SI,AT,SI,-1450.0,1450.0,1450.0,2900.0,0.0,False,True,ALL_12_RETAINED_INTERFACES_AT_THE_SAME_RESIDUAL_SCARCITY_HOUR
AT,2019-01-31 15:00:00,EXT_CH_FR,CH,FR,-2110.808573331212,2200.0,4500.0,4310.808573331212,2389.191426668788,False,False,ALL_12_RETAINED_INTERFACES_AT_THE_SAME_RESIDUAL_SCARCITY_HOUR
AT,2019-01-31 15:00:00,EXT_HR_SI,HR,SI,-1163.5854426775634,1500.0,1500.0,2663.585442677563,336.4145573224366,False,False,ALL_12_RETAINED_INTERFACES_AT_THE_SAME_RESIDUAL_SCARCITY_HOUR
AT,2019-01-31 15:00:00,IT_AT,AT,IT,-300.0,700.0,300.0,1000.0,0.0,False,True,ALL_12_RETAINED_INTERFACES_AT_THE_SAME_RESIDUAL_SCARCITY_HOUR
AT,2019-01-31 15:00:00,IT_CH,CH,IT,4600.0,4600.0,1900.0,0.0,6500.0,True,False,ALL_12_RETAINED_INTERFACES_AT_THE_SAME_RESIDUAL_SCARCITY_HOUR
AT,2019-01-31 15:00:00,IT_FR,FR,IT,4500.0,4500.0,2200.0,0.0,6700.0,True,False,ALL_12_RETAINED_INTERFACES_AT_THE_SAME_RESIDUAL_SCARCITY_HOUR
AT,2019-01-31 15:00:00,IT_GR,GR,IT,500.0,500.0,500.0,0.0,1000.0,True,False,ALL_12_RETAINED_INTERFACES_AT_THE_SAME_RESIDUAL_SCARCITY_HOUR
AT,2019-01-31 15:00:00,IT_ME,IT,ME,-600.0,600.0,600.0,1200.0,0.0,False,True,ALL_12_RETAINED_INTERFACES_AT_THE_SAME_RESIDUAL_SCARCITY_HOUR
AT,2019-01-31 15:00:00,IT_MT,IT,MT,-93.32330868048788,200.0,200.0,293.3233086804879,106.67669131951212,False,False,ALL_12_RETAINED_INTERFACES_AT_THE_SAME_RESIDUAL_SCARCITY_HOUR
AT,2019-01-31 15:00:00,IT_SI,IT,SI,1200.0,1200.0,1100.0,0.0,2300.0,True,False,ALL_12_RETAINED_INTERFACES_AT_THE_SAME_RESIDUAL_SCARCITY_HOUR
AT,2019-01-31 15:00:00,IT_TN,IT,TN,-600.0,600.0,600.0,1200.0,0.0,False,True,ALL_12_RETAINED_INTERFACES_AT_THE_SAME_RESIDUAL_SCARCITY_HOUR
AT,2019-01-31 16:00:00,EXT_AT_CH,AT,CH,-1200.0,1200.0,1200.0,2400.0,0.0,False,True,ALL_12_RETAINED_INTERFACES_AT_THE_SAME_RESIDUAL_SCARCITY_HOUR
AT,2019-01-31 16:00:00,EXT_AT_SI,AT,SI,-1450.0,1450.0,1450.0,2900.0,0.0,False,True,ALL_12_RETAINED_INTERFACES_AT_THE_SAME_RESIDUAL_SCARCITY_HOUR
AT,2019-01-31 16:00:00,EXT_CH_FR,CH,FR,-4500.0,2200.0,4500.0,6700.0,0.0,False,True,ALL_12_RETAINED_INTERFACES_AT_THE_SAME_RESIDUAL_SCARCITY_HOUR
AT,2019-01-31 16:00:00,EXT_HR_SI,HR,SI,1500.0,1500.0,1500.0,0.0,3000.0,True,False,ALL_12_RETAINED_INTERFACES_AT_THE_SAME_RESIDUAL_SCARCITY_HOUR
AT,2019-01-31 16:00:00,IT_AT,AT,IT,-300.0,700.0,300.0,1000.0,0.0,False,True,ALL_12_RETAINED_INTERFACES_AT_THE_SAME_RESIDUAL_SCARCITY_HOUR
AT,2019-01-31 16:00:00,IT_CH,CH,IT,4600.0,4600.0,1900.0,0.0,6500.0,True,False,ALL_12_RETAINED_INTERFACES_AT_THE_SAME_RESIDUAL_SCARCITY_HOUR
AT,2019-01-31 16:00:00,IT_FR,FR,IT,4500.0,4500.0,2200.0,0.0,6700.0,True,False,ALL_12_RETAINED_INTERFACES_AT_THE_SAME_RESIDUAL_SCARCITY_HOUR
AT,2019-01-31 16:00:00,IT_GR,GR,IT,500.0,500.0,500.0,0.0,1000.0,True,False,ALL_12_RETAINED_INTERFACES_AT_THE_SAME_RESIDUAL_SCARCITY_HOUR
AT,2019-01-31 16:00:00,IT_ME,IT,ME,-577.4577921596139,600.0,600.0,1177.4577921596137,22.54220784038614,False,False,ALL_12_RETAINED_INTERFACES_AT_THE_SAME_RESIDUAL_SCARCITY_HOUR
AT,2019-01-31 16:00:00,IT_MT,IT,MT,-58.48663304341797,200.0,200.0,258.48663304341795,141.51336695658205,False,False,ALL_12_RETAINED_INTERFACES_AT_THE_SAME_RESIDUAL_SCARCITY_HOUR
AT,2019-01-31 16:00:00,IT_SI,IT,SI,1200.0,1200.0,1100.0,0.0,2300.0,True,False,ALL_12_RETAINED_INTERFACES_AT_THE_SAME_RESIDUAL_SCARCITY_HOUR
AT,2019-01-31 16:00:00,IT_TN,IT,TN,-600.0,600.0,600.0,1200.0,0.0,False,True,ALL_12_RETAINED_INTERFACES_AT_THE_SAME_RESIDUAL_SCARCITY_HOUR
AT,2019-01-31 17:00:00,EXT_AT_CH,AT,CH,-1200.0,1200.0,1200.0,2400.0,0.0,False,True,ALL_12_RETAINED_INTERFACES_AT_THE_SAME_RESIDUAL_SCARCITY_HOUR
AT,2019-01-31 17:00:00,EXT_AT_SI,AT,SI,-1450.0,1450.0,1450.0,2900.0,0.0,False,True,ALL_12_RETAINED_INTERFACES_AT_THE_SAME_RESIDUAL_SCARCITY_HOUR
AT,2019-01-31 17:00:00,EXT_CH_FR,CH,FR,-4500.0,2200.0,4500.0,6700.0,0.0,False,True,ALL_12_RETAINED_INTERFACES_AT_THE_SAME_RESIDUAL_SCARCITY_HOUR
AT,2019-01-31 17:00:00,EXT_HR_SI,HR,SI,-1500.0,1500.0,1500.0,3000.0,0.0,False,True,ALL_12_RETAINED_INTERFACES_AT_THE_SAME_RESIDUAL_SCARCITY_HOUR
AT,2019-01-31 17:00:00,IT_AT,AT,IT,-300.0,700.0,300.0,1000.0,0.0,False,True,ALL_12_RETAINED_INTERFACES_AT_THE_SAME_RESIDUAL_SCARCITY_HOUR
AT,2019-01-31 17:00:00,IT_CH,CH,IT,4600.0,4600.0,1900.0,0.0,6500.0,True,False,ALL_12_RETAINED_INTERFACES_AT_THE_SAME_RESIDUAL_SCARCITY_HOUR
AT,2019-01-31 17:00:00,IT_FR,FR,IT,4500.0,4500.0,2200.0,0.0,6700.0,True,False,ALL_12_RETAINED_INTERFACES_AT_THE_SAME_RESIDUAL_SCARCITY_HOUR
AT,2019-01-31 17:00:00,IT_GR,GR,IT,500.0,500.0,500.0,0.0,1000.0,True,False,ALL_12_RETAINED_INTERFACES_AT_THE_SAME_RESIDUAL_SCARCITY_HOUR
AT,2019-01-31 17:00:00,IT_ME,IT,ME,-459.69395722737727,600.0,600.0,1059.6939572273773,140.30604277262273,False,False,ALL_12_RETAINED_INTERFACES_AT_THE_SAME_RESIDUAL_SCARCITY_HOUR
AT,2019-01-31 17:00:00,IT_MT,IT,MT,6.86309105574162,200.0,200.0,193.13690894425838,206.86309105574162,False,False,ALL_12_RETAINED_INTERFACES_AT_THE_SAME_RESIDUAL_SCARCITY_HOUR
AT,2019-01-31 17:00:00,IT_SI,IT,SI,1200.0,1200.0,1100.0,0.0,2300.0,True,False,ALL_12_RETAINED_INTERFACES_AT_THE_SAME_RESIDUAL_SCARCITY_HOUR
AT,2019-01-31 17:00:00,IT_TN,IT,TN,-600.0,600.0,600.0,1200.0,0.0,False,True,ALL_12_RETAINED_INTERFACES_AT_THE_SAME_RESIDUAL_SCARCITY_HOUR
AT,2019-01-31 18:00:00,EXT_AT_CH,AT,CH,-1200.0,1200.0,1200.0,2400.0,0.0,False,True,ALL_12_RETAINED_INTERFACES_AT_THE_SAME_RESIDUAL_SCARCITY_HOUR
AT,2019-01-31 18:00:00,EXT_AT_SI,AT,SI,-1450.0,1450.0,1450.0,2900.0,0.0,False,True,ALL_12_RETAINED_INTERFACES_AT_THE_SAME_RESIDUAL_SCARCITY_HOUR
AT,2019-01-31 18:00:00,EXT_CH_FR,CH,FR,-4500.0,2200.0,4500.0,6700.0,0.0,False,True,ALL_12_RETAINED_INTERFACES_AT_THE_SAME_RESIDUAL_SCARCITY_HOUR
AT,2019-01-31 18:00:00,EXT_HR_SI,HR,SI,-1500.0,1500.0,1500.0,3000.0,0.0,False,True,ALL_12_RETAINED_INTERFACES_AT_THE_SAME_RESIDUAL_SCARCITY_HOUR
AT,2019-01-31 18:00:00,IT_AT,AT,IT,-300.0,700.0,300.0,1000.0,0.0,False,True,ALL_12_RETAINED_INTERFACES_AT_THE_SAME_RESIDUAL_SCARCITY_HOUR
AT,2019-01-31 18:00:00,IT_CH,CH,IT,4600.0,4600.0,1900.0,0.0,6500.0,True,False,ALL_12_RETAINED_INTERFACES_AT_THE_SAME_RESIDUAL_SCARCITY_HOUR
AT,2019-01-31 18:00:00,IT_FR,FR,IT,4500.0,4500.0,2200.0,0.0,6700.0,True,False,ALL_12_RETAINED_INTERFACES_AT_THE_SAME_RESIDUAL_SCARCITY_HOUR
AT,2019-01-31 18:00:00,IT_GR,GR,IT,500.0,500.0,500.0,0.0,1000.0,True,False,ALL_12_RETAINED_INTERFACES_AT_THE_SAME_RESIDUAL_SCARCITY_HOUR
AT,2019-01-31 18:00:00,IT_ME,IT,ME,-465.2375297496124,600.0,600.0,1065.2375297496123,134.7624702503876,False,False,ALL_12_RETAINED_INTERFACES_AT_THE_SAME_RESIDUAL_SCARCITY_HOUR
AT,2019-01-31 18:00:00,IT_MT,IT,MT,20.550690624596427,200.0,200.0,179.44930937540357,220.55069062459643,False,False,ALL_12_RETAINED_INTERFACES_AT_THE_SAME_RESIDUAL_SCARCITY_HOUR
AT,2019-01-31 18:00:00,IT_SI,IT,SI,1200.0,1200.0,1100.0,0.0,2300.0,True,False,ALL_12_RETAINED_INTERFACES_AT_THE_SAME_RESIDUAL_SCARCITY_HOUR
AT,2019-01-31 18:00:00,IT_TN,IT,TN,-600.0,600.0,600.0,1200.0,0.0,False,True,ALL_12_RETAINED_INTERFACES_AT_THE_SAME_RESIDUAL_SCARCITY_HOUR
AT,2019-01-31 19:00:00,EXT_AT_CH,AT,CH,-1200.0,1200.0,1200.0,2400.0,0.0,False,True,ALL_12_RETAINED_INTERFACES_AT_THE_SAME_RESIDUAL_SCARCITY_HOUR
AT,2019-01-31 19:00:00,EXT_AT_SI,AT,SI,-1450.0,1450.0,1450.0,2900.0,0.0,False,True,ALL_12_RETAINED_INTERFACES_AT_THE_SAME_RESIDUAL_SCARCITY_HOUR
AT,2019-01-31 19:00:00,EXT_CH_FR,CH,FR,-4500.0,2200.0,4500.0,6700.0,0.0,False,True,ALL_12_RETAINED_INTERFACES_AT_THE_SAME_RESIDUAL_SCARCITY_HOUR
AT,2019-01-31 19:00:00,EXT_HR_SI,HR,SI,-1456.1320423190482,1500.0,1500.0,2956.132042319048,43.867957680951804,False,False,ALL_12_RETAINED_INTERFACES_AT_THE_SAME_RESIDUAL_SCARCITY_HOUR
AT,2019-01-31 19:00:00,IT_AT,AT,IT,-300.0,700.0,300.0,1000.0,0.0,False,True,ALL_12_RETAINED_INTERFACES_AT_THE_SAME_RESIDUAL_SCARCITY_HOUR
AT,2019-01-31 19:00:00,IT_CH,CH,IT,4600.0,4600.0,1900.0,0.0,6500.0,True,False,ALL_12_RETAINED_INTERFACES_AT_THE_SAME_RESIDUAL_SCARCITY_HOUR
AT,2019-01-31 19:00:00,IT_FR,FR,IT,4500.0,4500.0,2200.0,0.0,6700.0,True,False,ALL_12_RETAINED_INTERFACES_AT_THE_SAME_RESIDUAL_SCARCITY_HOUR
AT,2019-01-31 19:00:00,IT_GR,GR,IT,500.0,500.0,500.0,0.0,1000.0,True,False,ALL_12_RETAINED_INTERFACES_AT_THE_SAME_RESIDUAL_SCARCITY_HOUR
AT,2019-01-31 19:00:00,IT_ME,IT,ME,-476.0307680748267,600.0,600.0,1076.0307680748267,123.96923192517329,False,False,ALL_12_RETAINED_INTERFACES_AT_THE_SAME_RESIDUAL_SCARCITY_HOUR
AT,2019-01-31 19:00:00,IT_MT,IT,MT,25.861390763700342,200.0,200.0,174.13860923629966,225.86139076370034,False,False,ALL_12_RETAINED_INTERFACES_AT_THE_SAME_RESIDUAL_SCARCITY_HOUR
AT,2019-01-31 19:00:00,IT_SI,IT,SI,1200.0,1200.0,1100.0,0.0,2300.0,True,False,ALL_12_RETAINED_INTERFACES_AT_THE_SAME_RESIDUAL_SCARCITY_HOUR
AT,2019-01-31 19:00:00,IT_TN,IT,TN,-600.0,600.0,600.0,1200.0,0.0,False,True,ALL_12_RETAINED_INTERFACES_AT_THE_SAME_RESIDUAL_SCARCITY_HOUR
AT,2019-01-31 20:00:00,EXT_AT_CH,AT,CH,-1200.0,1200.0,1200.0,2400.0,0.0,False,True,ALL_12_RETAINED_INTERFACES_AT_THE_SAME_RESIDUAL_SCARCITY_HOUR
AT,2019-01-31 20:00:00,EXT_AT_SI,AT,SI,-1450.0,1450.0,1450.0,2900.0,0.0,False,True,ALL_12_RETAINED_INTERFACES_AT_THE_SAME_RESIDUAL_SCARCITY_HOUR
AT,2019-01-31 20:00:00,EXT_CH_FR,CH,FR,-4500.0,2200.0,4500.0,6700.0,0.0,False,True,ALL_12_RETAINED_INTERFACES_AT_THE_SAME_RESIDUAL_SCARCITY_HOUR
AT,2019-01-31 20:00:00,EXT_HR_SI,HR,SI,-1306.7976487288092,1500.0,1500.0,2806.7976487288092,193.20235127119076,False,False,ALL_12_RETAINED_INTERFACES_AT_THE_SAME_RESIDUAL_SCARCITY_HOUR
AT,2019-01-31 20:00:00,IT_AT,AT,IT,-300.0,700.0,300.0,1000.0,0.0,False,True,ALL_12_RETAINED_INTERFACES_AT_THE_SAME_RESIDUAL_SCARCITY_HOUR
AT,2019-01-31 20:00:00,IT_CH,CH,IT,4600.0,4600.0,1900.0,0.0,6500.0,True,False,ALL_12_RETAINED_INTERFACES_AT_THE_SAME_RESIDUAL_SCARCITY_HOUR
AT,2019-01-31 20:00:00,IT_FR,FR,IT,4500.0,4500.0,2200.0,0.0,6700.0,True,False,ALL_12_RETAINED_INTERFACES_AT_THE_SAME_RESIDUAL_SCARCITY_HOUR
AT,2019-01-31 20:00:00,IT_GR,GR,IT,500.0,500.0,500.0,0.0,1000.0,True,False,ALL_12_RETAINED_INTERFACES_AT_THE_SAME_RESIDUAL_SCARCITY_HOUR
AT,2019-01-31 20:00:00,IT_ME,IT,ME,-600.0,600.0,600.0,1200.0,0.0,False,True,ALL_12_RETAINED_INTERFACES_AT_THE_SAME_RESIDUAL_SCARCITY_HOUR
AT,2019-01-31 20:00:00,IT_MT,IT,MT,15.815227861893732,200.0,200.0,184.18477213810627,215.81522786189373,False,False,ALL_12_RETAINED_INTERFACES_AT_THE_SAME_RESIDUAL_SCARCITY_HOUR
AT,2019-01-31 20:00:00,IT_SI,IT,SI,1200.0,1200.0,1100.0,0.0,2300.0,True,False,ALL_12_RETAINED_INTERFACES_AT_THE_SAME_RESIDUAL_SCARCITY_HOUR
AT,2019-01-31 20:00:00,IT_TN,IT,TN,-600.0,600.0,600.0,1200.0,0.0,False,True,ALL_12_RETAINED_INTERFACES_AT_THE_SAME_RESIDUAL_SCARCITY_HOUR
AT,2019-01-31 21:00:00,EXT_AT_CH,AT,CH,-1200.0,1200.0,1200.0,2400.0,0.0,False,True,ALL_12_RETAINED_INTERFACES_AT_THE_SAME_RESIDUAL_SCARCITY_HOUR
AT,2019-01-31 21:00:00,EXT_AT_SI,AT,SI,-1450.0,1450.0,1450.0,2900.0,0.0,False,True,ALL_12_RETAINED_INTERFACES_AT_THE_SAME_RESIDUAL_SCARCITY_HOUR
AT,2019-01-31 21:00:00,EXT_CH_FR,CH,FR,-4500.0,2200.0,4500.0,6700.0,0.0,False,True,ALL_12_RETAINED_INTERFACES_AT_THE_SAME_RESIDUAL_SCARCITY_HOUR
AT,2019-01-31 21:00:00,EXT_HR_SI,HR,SI,-787.2929219672986,1500.0,1500.0,2287.2929219672988,712.7070780327014,False,False,ALL_12_RETAINED_INTERFACES_AT_THE_SAME_RESIDUAL_SCARCITY_HOUR
AT,2019-01-31 21:00:00,IT_AT,AT,IT,-300.0,700.0,300.0,1000.0,0.0,False,True,ALL_12_RETAINED_INTERFACES_AT_THE_SAME_RESIDUAL_SCARCITY_HOUR
AT,2019-01-31 21:00:00,IT_CH,CH,IT,4600.0,4600.0,1900.0,0.0,6500.0,True,False,ALL_12_RETAINED_INTERFACES_AT_THE_SAME_RESIDUAL_SCARCITY_HOUR
AT,2019-01-31 21:00:00,IT_FR,FR,IT,4500.0,4500.0,2200.0,0.0,6700.0,True,False,ALL_12_RETAINED_INTERFACES_AT_THE_SAME_RESIDUAL_SCARCITY_HOUR
AT,2019-01-31 21:00:00,IT_GR,GR,IT,500.0,500.0,500.0,0.0,1000.0,True,False,ALL_12_RETAINED_INTERFACES_AT_THE_SAME_RESIDUAL_SCARCITY_HOUR
AT,2019-01-31 21:00:00,IT_ME,IT,ME,-525.1113942543323,600.0,600.0,1125.1113942543323,74.88860574566775,False,False,ALL_12_RETAINED_INTERFACES_AT_THE_SAME_RESIDUAL_SCARCITY_HOUR
AT,2019-01-31 21:00:00,IT_MT,IT,MT,-6.831848510473094,200.0,200.0,206.8318485104731,193.1681514895269,False,False,ALL_12_RETAINED_INTERFACES_AT_THE_SAME_RESIDUAL_SCARCITY_HOUR
AT,2019-01-31 21:00:00,IT_SI,IT,SI,1200.0,1200.0,1100.0,0.0,2300.0,True,False,ALL_12_RETAINED_INTERFACES_AT_THE_SAME_RESIDUAL_SCARCITY_HOUR
AT,2019-01-31 21:00:00,IT_TN,IT,TN,-600.0,600.0,600.0,1200.0,0.0,False,True,ALL_12_RETAINED_INTERFACES_AT_THE_SAME_RESIDUAL_SCARCITY_HOUR
AT,2019-01-31 22:00:00,EXT_AT_CH,AT,CH,-1200.0,1200.0,1200.0,2400.0,0.0,False,True,ALL_12_RETAINED_INTERFACES_AT_THE_SAME_RESIDUAL_SCARCITY_HOUR
AT,2019-01-31 22:00:00,EXT_AT_SI,AT,SI,-1450.0,1450.0,1450.0,2900.0,0.0,False,True,ALL_12_RETAINED_INTERFACES_AT_THE_SAME_RESIDUAL_SCARCITY_HOUR
AT,2019-01-31 22:00:00,EXT_CH_FR,CH,FR,-4481.210200067323,2200.0,4500.0,6681.210200067323,18.789799932676942,False,False,ALL_12_RETAINED_INTERFACES_AT_THE_SAME_RESIDUAL_SCARCITY_HOUR
AT,2019-01-31 22:00:00,EXT_HR_SI,HR,SI,-375.904503704562,1500.0,1500.0,1875.904503704562,1124.095496295438,False,False,ALL_12_RETAINED_INTERFACES_AT_THE_SAME_RESIDUAL_SCARCITY_HOUR
AT,2019-01-31 22:00:00,IT_AT,AT,IT,-300.0,700.0,300.0,1000.0,0.0,False,True,ALL_12_RETAINED_INTERFACES_AT_THE_SAME_RESIDUAL_SCARCITY_HOUR
AT,2019-01-31 22:00:00,IT_CH,CH,IT,4600.0,4600.0,1900.0,0.0,6500.0,True,False,ALL_12_RETAINED_INTERFACES_AT_THE_SAME_RESIDUAL_SCARCITY_HOUR
AT,2019-01-31 22:00:00,IT_FR,FR,IT,4500.0,4500.0,2200.0,0.0,6700.0,True,False,ALL_12_RETAINED_INTERFACES_AT_THE_SAME_RESIDUAL_SCARCITY_HOUR
AT,2019-01-31 22:00:00,IT_GR,GR,IT,500.0,500.0,500.0,0.0,1000.0,True,False,ALL_12_RETAINED_INTERFACES_AT_THE_SAME_RESIDUAL_SCARCITY_HOUR
AT,2019-01-31 22:00:00,IT_ME,IT,ME,-541.9446951272669,600.0,600.0,1141.9446951272669,58.05530487273313,False,False,ALL_12_RETAINED_INTERFACES_AT_THE_SAME_RESIDUAL_SCARCITY_HOUR
AT,2019-01-31 22:00:00,IT_MT,IT,MT,29.798452593591378,200.0,200.0,170.20154740640862,229.79845259359138,False,False,ALL_12_RETAINED_INTERFACES_AT_THE_SAME_RESIDUAL_SCARCITY_HOUR
AT,2019-01-31 22:00:00,IT_SI,IT,SI,1200.0,1200.0,1100.0,0.0,2300.0,True,False,ALL_12_RETAINED_INTERFACES_AT_THE_SAME_RESIDUAL_SCARCITY_HOUR
AT,2019-01-31 22:00:00,IT_TN,IT,TN,-600.0,600.0,600.0,1200.0,0.0,False,True,ALL_12_RETAINED_INTERFACES_AT_THE_SAME_RESIDUAL_SCARCITY_HOUR
AT,2019-02-01 07:00:00,EXT_AT_CH,AT,CH,-1200.0,1200.0,1200.0,2400.0,0.0,False,True,ALL_12_RETAINED_INTERFACES_AT_THE_SAME_RESIDUAL_SCARCITY_HOUR
AT,2019-02-01 07:00:00,EXT_AT_SI,AT,SI,-1450.0,1450.0,1450.0,2900.0,0.0,False,True,ALL_12_RETAINED_INTERFACES_AT_THE_SAME_RESIDUAL_SCARCITY_HOUR
AT,2019-02-01 07:00:00,EXT_CH_FR,CH,FR,2200.0,2200.0,4500.0,0.0,6700.0,True,False,ALL_12_RETAINED_INTERFACES_AT_THE_SAME_RESIDUAL_SCARCITY_HOUR
AT,2019-02-01 07:00:00,EXT_HR_SI,HR,SI,340.9003543502578,1500.0,1500.0,1159.0996456497421,1840.9003543502579,False,False,ALL_12_RETAINED_INTERFACES_AT_THE_SAME_RESIDUAL_SCARCITY_HOUR
AT,2019-02-01 07:00:00,IT_AT,AT,IT,-300.0,700.0,300.0,1000.0,0.0,False,True,ALL_12_RETAINED_INTERFACES_AT_THE_SAME_RESIDUAL_SCARCITY_HOUR
AT,2019-02-01 07:00:00,IT_CH,CH,IT,4600.0,4600.0,1900.0,0.0,6500.0,True,False,ALL_12_RETAINED_INTERFACES_AT_THE_SAME_RESIDUAL_SCARCITY_HOUR
AT,2019-02-01 07:00:00,IT_FR,FR,IT,4500.0,4500.0,2200.0,0.0,6700.0,True,False,ALL_12_RETAINED_INTERFACES_AT_THE_SAME_RESIDUAL_SCARCITY_HOUR
AT,2019-02-01 07:00:00,IT_GR,GR,IT,500.0,500.0,500.0,0.0,1000.0,True,False,ALL_12_RETAINED_INTERFACES_AT_THE_SAME_RESIDUAL_SCARCITY_HOUR
AT,2019-02-01 07:00:00,IT_ME,IT,ME,-600.0,600.0,600.0,1200.0,0.0,False,True,ALL_12_RETAINED_INTERFACES_AT_THE_SAME_RESIDUAL_SCARCITY_HOUR
AT,2019-02-01 07:00:00,IT_MT,IT,MT,-76.17832406925616,200.0,200.0,276.1783240692562,123.82167593074384,False,False,ALL_12_RETAINED_INTERFACES_AT_THE_SAME_RESIDUAL_SCARCITY_HOUR
AT,2019-02-01 07:00:00,IT_SI,IT,SI,1200.0,1200.0,1100.0,0.0,2300.0,True,False,ALL_12_RETAINED_INTERFACES_AT_THE_SAME_RESIDUAL_SCARCITY_HOUR
AT,2019-02-01 07:00:00,IT_TN,IT,TN,-600.0,600.0,600.0,1200.0,0.0,False,True,ALL_12_RETAINED_INTERFACES_AT_THE_SAME_RESIDUAL_SCARCITY_HOUR
AT,2019-02-07 06:00:00,EXT_AT_CH,AT,CH,-1200.0,1200.0,1200.0,2400.0,0.0,False,True,ALL_12_RETAINED_INTERFACES_AT_THE_SAME_RESIDUAL_SCARCITY_HOUR
AT,2019-02-07 06:00:00,EXT_AT_SI,AT,SI,-1450.0,1450.0,1450.0,2900.0,0.0,False,True,ALL_12_RETAINED_INTERFACES_AT_THE_SAME_RESIDUAL_SCARCITY_HOUR
AT,2019-02-07 06:00:00,EXT_CH_FR,CH,FR,-4500.0,2200.0,4500.0,6700.0,0.0,False,True,ALL_12_RETAINED_INTERFACES_AT_THE_SAME_RESIDUAL_SCARCITY_HOUR
AT,2019-02-07 06:00:00,EXT_HR_SI,HR,SI,-72.18723944114663,1500.0,1500.0,1572.1872394411466,1427.8127605588534,False,False,ALL_12_RETAINED_INTERFACES_AT_THE_SAME_RESIDUAL_SCARCITY_HOUR
AT,2019-02-07 06:00:00,IT_AT,AT,IT,-300.0,700.0,300.0,1000.0,0.0,False,True,ALL_12_RETAINED_INTERFACES_AT_THE_SAME_RESIDUAL_SCARCITY_HOUR
AT,2019-02-07 06:00:00,IT_CH,CH,IT,4600.0,4600.0,1900.0,0.0,6500.0,True,False,ALL_12_RETAINED_INTERFACES_AT_THE_SAME_RESIDUAL_SCARCITY_HOUR
AT,2019-02-07 06:00:00,IT_FR,FR,IT,4500.0,4500.0,2200.0,0.0,6700.0,True,False,ALL_12_RETAINED_INTERFACES_AT_THE_SAME_RESIDUAL_SCARCITY_HOUR
AT,2019-02-07 06:00:00,IT_GR,GR,IT,500.0,500.0,500.0,0.0,1000.0,True,False,ALL_12_RETAINED_INTERFACES_AT_THE_SAME_RESIDUAL_SCARCITY_HOUR
AT,2019-02-07 06:00:00,IT_ME,IT,ME,-600.0,600.0,600.0,1200.0,0.0,False,True,ALL_12_RETAINED_INTERFACES_AT_THE_SAME_RESIDUAL_SCARCITY_HOUR
AT,2019-02-07 06:00:00,IT_MT,IT,MT,72.93909329789756,200.0,200.0,127.06090670210244,272.93909329789756,False,False,ALL_12_RETAINED_INTERFACES_AT_THE_SAME_RESIDUAL_SCARCITY_HOUR
AT,2019-02-07 06:00:00,IT_SI,IT,SI,1200.0,1200.0,1100.0,0.0,2300.0,True,False,ALL_12_RETAINED_INTERFACES_AT_THE_SAME_RESIDUAL_SCARCITY_HOUR
AT,2019-02-07 06:00:00,IT_TN,IT,TN,-600.0,600.0,600.0,1200.0,0.0,False,True,ALL_12_RETAINED_INTERFACES_AT_THE_SAME_RESIDUAL_SCARCITY_HOUR
AT,2019-02-08 04:00:00,EXT_AT_CH,AT,CH,-1200.0,1200.0,1200.0,2400.0,0.0,False,True,ALL_12_RETAINED_INTERFACES_AT_THE_SAME_RESIDUAL_SCARCITY_HOUR
AT,2019-02-08 04:00:00,EXT_AT_SI,AT,SI,-1450.0,1450.0,1450.0,2900.0,0.0,False,True,ALL_12_RETAINED_INTERFACES_AT_THE_SAME_RESIDUAL_SCARCITY_HOUR
AT,2019-02-08 04:00:00,EXT_CH_FR,CH,FR,-4500.0,2200.0,4500.0,6700.0,0.0,False,True,ALL_12_RETAINED_INTERFACES_AT_THE_SAME_RESIDUAL_SCARCITY_HOUR
AT,2019-02-08 04:00:00,EXT_HR_SI,HR,SI,810.2368370771122,1500.0,1500.0,689.7631629228878,2310.2368370771123,False,False,ALL_12_RETAINED_INTERFACES_AT_THE_SAME_RESIDUAL_SCARCITY_HOUR
AT,2019-02-08 04:00:00,IT_AT,AT,IT,-300.0,700.0,300.0,1000.0,0.0,False,True,ALL_12_RETAINED_INTERFACES_AT_THE_SAME_RESIDUAL_SCARCITY_HOUR
AT,2019-02-08 04:00:00,IT_CH,CH,IT,4600.0,4600.0,1900.0,0.0,6500.0,True,False,ALL_12_RETAINED_INTERFACES_AT_THE_SAME_RESIDUAL_SCARCITY_HOUR
AT,2019-02-08 04:00:00,IT_FR,FR,IT,4500.0,4500.0,2200.0,0.0,6700.0,True,False,ALL_12_RETAINED_INTERFACES_AT_THE_SAME_RESIDUAL_SCARCITY_HOUR
AT,2019-02-08 04:00:00,IT_GR,GR,IT,500.0,500.0,500.0,0.0,1000.0,True,False,ALL_12_RETAINED_INTERFACES_AT_THE_SAME_RESIDUAL_SCARCITY_HOUR
AT,2019-02-08 04:00:00,IT_ME,IT,ME,-600.0,600.0,600.0,1200.0,0.0,False,True,ALL_12_RETAINED_INTERFACES_AT_THE_SAME_RESIDUAL_SCARCITY_HOUR
AT,2019-02-08 04:00:00,IT_MT,IT,MT,-71.10466052175587,200.0,200.0,271.1046605217559,128.89533947824413,False,False,ALL_12_RETAINED_INTERFACES_AT_THE_SAME_RESIDUAL_SCARCITY_HOUR
AT,2019-02-08 04:00:00,IT_SI,IT,SI,-726.423311612882,1200.0,1100.0,1926.4233116128821,373.576688387118,False,False,ALL_12_RETAINED_INTERFACES_AT_THE_SAME_RESIDUAL_SCARCITY_HOUR
AT,2019-02-08 04:00:00,IT_TN,IT,TN,-600.0,600.0,600.0,1200.0,0.0,False,True,ALL_12_RETAINED_INTERFACES_AT_THE_SAME_RESIDUAL_SCARCITY_HOUR
AT,2019-02-08 05:00:00,EXT_AT_CH,AT,CH,-1200.0,1200.0,1200.0,2400.0,0.0,False,True,ALL_12_RETAINED_INTERFACES_AT_THE_SAME_RESIDUAL_SCARCITY_HOUR
AT,2019-02-08 05:00:00,EXT_AT_SI,AT,SI,-1450.0,1450.0,1450.0,2900.0,0.0,False,True,ALL_12_RETAINED_INTERFACES_AT_THE_SAME_RESIDUAL_SCARCITY_HOUR
AT,2019-02-08 05:00:00,EXT_CH_FR,CH,FR,-4190.123746550875,2200.0,4500.0,6390.123746550875,309.8762534491252,False,False,ALL_12_RETAINED_INTERFACES_AT_THE_SAME_RESIDUAL_SCARCITY_HOUR
AT,2019-02-08 05:00:00,EXT_HR_SI,HR,SI,1296.3447623113802,1500.0,1500.0,203.65523768861976,2796.3447623113802,False,False,ALL_12_RETAINED_INTERFACES_AT_THE_SAME_RESIDUAL_SCARCITY_HOUR
AT,2019-02-08 05:00:00,IT_AT,AT,IT,700.0,700.0,300.0,0.0,1000.0,True,False,ALL_12_RETAINED_INTERFACES_AT_THE_SAME_RESIDUAL_SCARCITY_HOUR
AT,2019-02-08 05:00:00,IT_CH,CH,IT,4600.0,4600.0,1900.0,0.0,6500.0,True,False,ALL_12_RETAINED_INTERFACES_AT_THE_SAME_RESIDUAL_SCARCITY_HOUR
AT,2019-02-08 05:00:00,IT_FR,FR,IT,4500.0,4500.0,2200.0,0.0,6700.0,True,False,ALL_12_RETAINED_INTERFACES_AT_THE_SAME_RESIDUAL_SCARCITY_HOUR
AT,2019-02-08 05:00:00,IT_GR,GR,IT,500.0,500.0,500.0,0.0,1000.0,True,False,ALL_12_RETAINED_INTERFACES_AT_THE_SAME_RESIDUAL_SCARCITY_HOUR
AT,2019-02-08 05:00:00,IT_ME,IT,ME,-600.0,600.0,600.0,1200.0,0.0,False,True,ALL_12_RETAINED_INTERFACES_AT_THE_SAME_RESIDUAL_SCARCITY_HOUR
AT,2019-02-08 05:00:00,IT_MT,IT,MT,-200.0,200.0,200.0,400.0,0.0,False,True,ALL_12_RETAINED_INTERFACES_AT_THE_SAME_RESIDUAL_SCARCITY_HOUR
AT,2019-02-08 05:00:00,IT_SI,IT,SI,-1100.0,1200.0,1100.0,2300.0,0.0,False,True,ALL_12_RETAINED_INTERFACES_AT_THE_SAME_RESIDUAL_SCARCITY_HOUR
AT,2019-02-08 05:00:00,IT_TN,IT,TN,-600.0,600.0,600.0,1200.0,0.0,False,True,ALL_12_RETAINED_INTERFACES_AT_THE_SAME_RESIDUAL_SCARCITY_HOUR
AT,2019-02-08 06:00:00,EXT_AT_CH,AT,CH,-1200.0,1200.0,1200.0,2400.0,0.0,False,True,ALL_12_RETAINED_INTERFACES_AT_THE_SAME_RESIDUAL_SCARCITY_HOUR
AT,2019-02-08 06:00:00,EXT_AT_SI,AT,SI,-1450.0,1450.0,1450.0,2900.0,0.0,False,True,ALL_12_RETAINED_INTERFACES_AT_THE_SAME_RESIDUAL_SCARCITY_HOUR
AT,2019-02-08 06:00:00,EXT_CH_FR,CH,FR,-4500.0,2200.0,4500.0,6700.0,0.0,False,True,ALL_12_RETAINED_INTERFACES_AT_THE_SAME_RESIDUAL_SCARCITY_HOUR
AT,2019-02-08 06:00:00,EXT_HR_SI,HR,SI,-170.9408854891075,1500.0,1500.0,1670.9408854891076,1329.0591145108924,False,False,ALL_12_RETAINED_INTERFACES_AT_THE_SAME_RESIDUAL_SCARCITY_HOUR
AT,2019-02-08 06:00:00,IT_AT,AT,IT,700.0,700.0,300.0,0.0,1000.0,True,False,ALL_12_RETAINED_INTERFACES_AT_THE_SAME_RESIDUAL_SCARCITY_HOUR
AT,2019-02-08 06:00:00,IT_CH,CH,IT,4600.0,4600.0,1900.0,0.0,6500.0,True,False,ALL_12_RETAINED_INTERFACES_AT_THE_SAME_RESIDUAL_SCARCITY_HOUR
AT,2019-02-08 06:00:00,IT_FR,FR,IT,4500.0,4500.0,2200.0,0.0,6700.0,True,False,ALL_12_RETAINED_INTERFACES_AT_THE_SAME_RESIDUAL_SCARCITY_HOUR
AT,2019-02-08 06:00:00,IT_GR,GR,IT,500.0,500.0,500.0,0.0,1000.0,True,False,ALL_12_RETAINED_INTERFACES_AT_THE_SAME_RESIDUAL_SCARCITY_HOUR
AT,2019-02-08 06:00:00,IT_ME,IT,ME,-600.0,600.0,600.0,1200.0,0.0,False,True,ALL_12_RETAINED_INTERFACES_AT_THE_SAME_RESIDUAL_SCARCITY_HOUR
AT,2019-02-08 06:00:00,IT_MT,IT,MT,-200.0,200.0,200.0,400.0,0.0,False,True,ALL_12_RETAINED_INTERFACES_AT_THE_SAME_RESIDUAL_SCARCITY_HOUR
AT,2019-02-08 06:00:00,IT_SI,IT,SI,-1100.0,1200.0,1100.0,2300.0,0.0,False,True,ALL_12_RETAINED_INTERFACES_AT_THE_SAME_RESIDUAL_SCARCITY_HOUR
AT,2019-02-08 06:00:00,IT_TN,IT,TN,-600.0,600.0,600.0,1200.0,0.0,False,True,ALL_12_RETAINED_INTERFACES_AT_THE_SAME_RESIDUAL_SCARCITY_HOUR
AT,2019-02-08 07:00:00,EXT_AT_CH,AT,CH,-1200.0,1200.0,1200.0,2400.0,0.0,False,True,ALL_12_RETAINED_INTERFACES_AT_THE_SAME_RESIDUAL_SCARCITY_HOUR
AT,2019-02-08 07:00:00,EXT_AT_SI,AT,SI,-1450.0,1450.0,1450.0,2900.0,0.0,False,True,ALL_12_RETAINED_INTERFACES_AT_THE_SAME_RESIDUAL_SCARCITY_HOUR
AT,2019-02-08 07:00:00,EXT_CH_FR,CH,FR,-4500.0,2200.0,4500.0,6700.0,0.0,False,True,ALL_12_RETAINED_INTERFACES_AT_THE_SAME_RESIDUAL_SCARCITY_HOUR
AT,2019-02-08 07:00:00,EXT_HR_SI,HR,SI,-49.26627582348126,1500.0,1500.0,1549.2662758234812,1450.7337241765188,False,False,ALL_12_RETAINED_INTERFACES_AT_THE_SAME_RESIDUAL_SCARCITY_HOUR
AT,2019-02-08 07:00:00,IT_AT,AT,IT,-300.0,700.0,300.0,1000.0,0.0,False,True,ALL_12_RETAINED_INTERFACES_AT_THE_SAME_RESIDUAL_SCARCITY_HOUR
AT,2019-02-08 07:00:00,IT_CH,CH,IT,4600.0,4600.0,1900.0,0.0,6500.0,True,False,ALL_12_RETAINED_INTERFACES_AT_THE_SAME_RESIDUAL_SCARCITY_HOUR
AT,2019-02-08 07:00:00,IT_FR,FR,IT,4500.0,4500.0,2200.0,0.0,6700.0,True,False,ALL_12_RETAINED_INTERFACES_AT_THE_SAME_RESIDUAL_SCARCITY_HOUR
AT,2019-02-08 07:00:00,IT_GR,GR,IT,500.0,500.0,500.0,0.0,1000.0,True,False,ALL_12_RETAINED_INTERFACES_AT_THE_SAME_RESIDUAL_SCARCITY_HOUR
AT,2019-02-08 07:00:00,IT_ME,IT,ME,-600.0,600.0,600.0,1200.0,0.0,False,True,ALL_12_RETAINED_INTERFACES_AT_THE_SAME_RESIDUAL_SCARCITY_HOUR
AT,2019-02-08 07:00:00,IT_MT,IT,MT,-200.0,200.0,200.0,400.0,0.0,False,True,ALL_12_RETAINED_INTERFACES_AT_THE_SAME_RESIDUAL_SCARCITY_HOUR
AT,2019-02-08 07:00:00,IT_SI,IT,SI,-1100.0,1200.0,1100.0,2300.0,0.0,False,True,ALL_12_RETAINED_INTERFACES_AT_THE_SAME_RESIDUAL_SCARCITY_HOUR
AT,2019-02-08 07:00:00,IT_TN,IT,TN,-600.0,600.0,600.0,1200.0,0.0,False,True,ALL_12_RETAINED_INTERFACES_AT_THE_SAME_RESIDUAL_SCARCITY_HOUR
AT,2019-12-11 05:00:00,EXT_AT_CH,AT,CH,-1200.0,1200.0,1200.0,2400.0,0.0,False,True,ALL_12_RETAINED_INTERFACES_AT_THE_SAME_RESIDUAL_SCARCITY_HOUR
AT,2019-12-11 05:00:00,EXT_AT_SI,AT,SI,-1450.0,1450.0,1450.0,2900.0,0.0,False,True,ALL_12_RETAINED_INTERFACES_AT_THE_SAME_RESIDUAL_SCARCITY_HOUR
AT,2019-12-11 05:00:00,EXT_CH_FR,CH,FR,-4500.0,2200.0,4500.0,6700.0,0.0,False,True,ALL_12_RETAINED_INTERFACES_AT_THE_SAME_RESIDUAL_SCARCITY_HOUR
AT,2019-12-11 05:00:00,EXT_HR_SI,HR,SI,763.2731598867907,1500.0,1500.0,736.7268401132093,2263.273159886791,False,False,ALL_12_RETAINED_INTERFACES_AT_THE_SAME_RESIDUAL_SCARCITY_HOUR
AT,2019-12-11 05:00:00,IT_AT,AT,IT,-300.0,700.0,300.0,1000.0,0.0,False,True,ALL_12_RETAINED_INTERFACES_AT_THE_SAME_RESIDUAL_SCARCITY_HOUR
AT,2019-12-11 05:00:00,IT_CH,CH,IT,-1900.0,4600.0,1900.0,6500.0,0.0,False,True,ALL_12_RETAINED_INTERFACES_AT_THE_SAME_RESIDUAL_SCARCITY_HOUR
AT,2019-12-11 05:00:00,IT_FR,FR,IT,4500.0,4500.0,2200.0,0.0,6700.0,True,False,ALL_12_RETAINED_INTERFACES_AT_THE_SAME_RESIDUAL_SCARCITY_HOUR
AT,2019-12-11 05:00:00,IT_GR,GR,IT,-500.0,500.0,500.0,1000.0,0.0,False,True,ALL_12_RETAINED_INTERFACES_AT_THE_SAME_RESIDUAL_SCARCITY_HOUR
AT,2019-12-11 05:00:00,IT_ME,IT,ME,275.0386754920213,600.0,600.0,324.9613245079787,875.0386754920213,False,False,ALL_12_RETAINED_INTERFACES_AT_THE_SAME_RESIDUAL_SCARCITY_HOUR
AT,2019-12-11 05:00:00,IT_MT,IT,MT,-60.56813641476049,200.0,200.0,260.5681364147605,139.4318635852395,False,False,ALL_12_RETAINED_INTERFACES_AT_THE_SAME_RESIDUAL_SCARCITY_HOUR
AT,2019-12-11 05:00:00,IT_SI,IT,SI,1200.0,1200.0,1100.0,0.0,2300.0,True,False,ALL_12_RETAINED_INTERFACES_AT_THE_SAME_RESIDUAL_SCARCITY_HOUR
AT,2019-12-11 05:00:00,IT_TN,IT,TN,-600.0,600.0,600.0,1200.0,0.0,False,True,ALL_12_RETAINED_INTERFACES_AT_THE_SAME_RESIDUAL_SCARCITY_HOUR
AT,2019-12-11 06:00:00,EXT_AT_CH,AT,CH,-1200.0,1200.0,1200.0,2400.0,0.0,False,True,ALL_12_RETAINED_INTERFACES_AT_THE_SAME_RESIDUAL_SCARCITY_HOUR
AT,2019-12-11 06:00:00,EXT_AT_SI,AT,SI,-1450.0,1450.0,1450.0,2900.0,0.0,False,True,ALL_12_RETAINED_INTERFACES_AT_THE_SAME_RESIDUAL_SCARCITY_HOUR
AT,2019-12-11 06:00:00,EXT_CH_FR,CH,FR,-4500.0,2200.0,4500.0,6700.0,0.0,False,True,ALL_12_RETAINED_INTERFACES_AT_THE_SAME_RESIDUAL_SCARCITY_HOUR
AT,2019-12-11 06:00:00,EXT_HR_SI,HR,SI,363.4893597541418,1500.0,1500.0,1136.5106402458582,1863.4893597541418,False,False,ALL_12_RETAINED_INTERFACES_AT_THE_SAME_RESIDUAL_SCARCITY_HOUR
AT,2019-12-11 06:00:00,IT_AT,AT,IT,-300.0,700.0,300.0,1000.0,0.0,False,True,ALL_12_RETAINED_INTERFACES_AT_THE_SAME_RESIDUAL_SCARCITY_HOUR
AT,2019-12-11 06:00:00,IT_CH,CH,IT,-1900.0,4600.0,1900.0,6500.0,0.0,False,True,ALL_12_RETAINED_INTERFACES_AT_THE_SAME_RESIDUAL_SCARCITY_HOUR
AT,2019-12-11 06:00:00,IT_FR,FR,IT,-1591.8446934508756,4500.0,2200.0,6091.844693450876,608.1553065491244,False,False,ALL_12_RETAINED_INTERFACES_AT_THE_SAME_RESIDUAL_SCARCITY_HOUR
AT,2019-12-11 06:00:00,IT_GR,GR,IT,-500.0,500.0,500.0,1000.0,0.0,False,True,ALL_12_RETAINED_INTERFACES_AT_THE_SAME_RESIDUAL_SCARCITY_HOUR
AT,2019-12-11 06:00:00,IT_ME,IT,ME,334.51780012136425,600.0,600.0,265.48219987863575,934.5178001213642,False,False,ALL_12_RETAINED_INTERFACES_AT_THE_SAME_RESIDUAL_SCARCITY_HOUR
AT,2019-12-11 06:00:00,IT_MT,IT,MT,3.7757291816172938,200.0,200.0,196.2242708183827,203.7757291816173,False,False,ALL_12_RETAINED_INTERFACES_AT_THE_SAME_RESIDUAL_SCARCITY_HOUR
AT,2019-12-11 06:00:00,IT_SI,IT,SI,1200.0,1200.0,1100.0,0.0,2300.0,True,False,ALL_12_RETAINED_INTERFACES_AT_THE_SAME_RESIDUAL_SCARCITY_HOUR
AT,2019-12-11 06:00:00,IT_TN,IT,TN,-600.0,600.0,600.0,1200.0,0.0,False,True,ALL_12_RETAINED_INTERFACES_AT_THE_SAME_RESIDUAL_SCARCITY_HOUR
AT,2019-12-11 07:00:00,EXT_AT_CH,AT,CH,-1200.0,1200.0,1200.0,2400.0,0.0,False,True,ALL_12_RETAINED_INTERFACES_AT_THE_SAME_RESIDUAL_SCARCITY_HOUR
AT,2019-12-11 07:00:00,EXT_AT_SI,AT,SI,-1450.0,1450.0,1450.0,2900.0,0.0,False,True,ALL_12_RETAINED_INTERFACES_AT_THE_SAME_RESIDUAL_SCARCITY_HOUR
AT,2019-12-11 07:00:00,EXT_CH_FR,CH,FR,-2373.018560294193,2200.0,4500.0,4573.018560294193,2126.981439705807,False,False,ALL_12_RETAINED_INTERFACES_AT_THE_SAME_RESIDUAL_SCARCITY_HOUR
AT,2019-12-11 07:00:00,EXT_HR_SI,HR,SI,136.16008910453806,1500.0,1500.0,1363.839910895462,1636.160089104538,False,False,ALL_12_RETAINED_INTERFACES_AT_THE_SAME_RESIDUAL_SCARCITY_HOUR
AT,2019-12-11 07:00:00,IT_AT,AT,IT,-300.0,700.0,300.0,1000.0,0.0,False,True,ALL_12_RETAINED_INTERFACES_AT_THE_SAME_RESIDUAL_SCARCITY_HOUR
AT,2019-12-11 07:00:00,IT_CH,CH,IT,-1900.0,4600.0,1900.0,6500.0,0.0,False,True,ALL_12_RETAINED_INTERFACES_AT_THE_SAME_RESIDUAL_SCARCITY_HOUR
AT,2019-12-11 07:00:00,IT_FR,FR,IT,-2200.0,4500.0,2200.0,6700.0,0.0,False,True,ALL_12_RETAINED_INTERFACES_AT_THE_SAME_RESIDUAL_SCARCITY_HOUR
AT,2019-12-11 07:00:00,IT_GR,GR,IT,500.0,500.0,500.0,0.0,1000.0,True,False,ALL_12_RETAINED_INTERFACES_AT_THE_SAME_RESIDUAL_SCARCITY_HOUR
AT,2019-12-11 07:00:00,IT_ME,IT,ME,256.0879826630047,600.0,600.0,343.9120173369953,856.0879826630047,False,False,ALL_12_RETAINED_INTERFACES_AT_THE_SAME_RESIDUAL_SCARCITY_HOUR
AT,2019-12-11 07:00:00,IT_MT,IT,MT,-14.487890955224394,200.0,200.0,214.4878909552244,185.5121090447756,False,False,ALL_12_RETAINED_INTERFACES_AT_THE_SAME_RESIDUAL_SCARCITY_HOUR
AT,2019-12-11 07:00:00,IT_SI,IT,SI,1200.0,1200.0,1100.0,0.0,2300.0,True,False,ALL_12_RETAINED_INTERFACES_AT_THE_SAME_RESIDUAL_SCARCITY_HOUR
AT,2019-12-11 07:00:00,IT_TN,IT,TN,-600.0,600.0,600.0,1200.0,0.0,False,True,ALL_12_RETAINED_INTERFACES_AT_THE_SAME_RESIDUAL_SCARCITY_HOUR
AT,2019-12-11 22:00:00,EXT_AT_CH,AT,CH,-1200.0,1200.0,1200.0,2400.0,0.0,False,True,ALL_12_RETAINED_INTERFACES_AT_THE_SAME_RESIDUAL_SCARCITY_HOUR
AT,2019-12-11 22:00:00,EXT_AT_SI,AT,SI,-1450.0,1450.0,1450.0,2900.0,0.0,False,True,ALL_12_RETAINED_INTERFACES_AT_THE_SAME_RESIDUAL_SCARCITY_HOUR
AT,2019-12-11 22:00:00,EXT_CH_FR,CH,FR,-4500.0,2200.0,4500.0,6700.0,0.0,False,True,ALL_12_RETAINED_INTERFACES_AT_THE_SAME_RESIDUAL_SCARCITY_HOUR
AT,2019-12-11 22:00:00,EXT_HR_SI,HR,SI,-150.83252941148737,1500.0,1500.0,1650.8325294114875,1349.1674705885125,False,False,ALL_12_RETAINED_INTERFACES_AT_THE_SAME_RESIDUAL_SCARCITY_HOUR
AT,2019-12-11 22:00:00,IT_AT,AT,IT,-300.0,700.0,300.0,1000.0,0.0,False,True,ALL_12_RETAINED_INTERFACES_AT_THE_SAME_RESIDUAL_SCARCITY_HOUR
AT,2019-12-11 22:00:00,IT_CH,CH,IT,4600.0,4600.0,1900.0,0.0,6500.0,True,False,ALL_12_RETAINED_INTERFACES_AT_THE_SAME_RESIDUAL_SCARCITY_HOUR
AT,2019-12-11 22:00:00,IT_FR,FR,IT,4500.0,4500.0,2200.0,0.0,6700.0,True,False,ALL_12_RETAINED_INTERFACES_AT_THE_SAME_RESIDUAL_SCARCITY_HOUR
AT,2019-12-11 22:00:00,IT_GR,GR,IT,500.0,500.0,500.0,0.0,1000.0,True,False,ALL_12_RETAINED_INTERFACES_AT_THE_SAME_RESIDUAL_SCARCITY_HOUR
AT,2019-12-11 22:00:00,IT_ME,IT,ME,-551.6207860121164,600.0,600.0,1151.6207860121162,48.379213987883645,False,False,ALL_12_RETAINED_INTERFACES_AT_THE_SAME_RESIDUAL_SCARCITY_HOUR
AT,2019-12-11 22:00:00,IT_MT,IT,MT,-200.0,200.0,200.0,400.0,0.0,False,True,ALL_12_RETAINED_INTERFACES_AT_THE_SAME_RESIDUAL_SCARCITY_HOUR
AT,2019-12-11 22:00:00,IT_SI,IT,SI,1200.0,1200.0,1100.0,0.0,2300.0,True,False,ALL_12_RETAINED_INTERFACES_AT_THE_SAME_RESIDUAL_SCARCITY_HOUR
AT,2019-12-11 22:00:00,IT_TN,IT,TN,-600.0,600.0,600.0,1200.0,0.0,False,True,ALL_12_RETAINED_INTERFACES_AT_THE_SAME_RESIDUAL_SCARCITY_HOUR
AT,2019-12-11 23:00:00,EXT_AT_CH,AT,CH,-1200.0,1200.0,1200.0,2400.0,0.0,False,True,ALL_12_RETAINED_INTERFACES_AT_THE_SAME_RESIDUAL_SCARCITY_HOUR
AT,2019-12-11 23:00:00,EXT_AT_SI,AT,SI,-1450.0,1450.0,1450.0,2900.0,0.0,False,True,ALL_12_RETAINED_INTERFACES_AT_THE_SAME_RESIDUAL_SCARCITY_HOUR
AT,2019-12-11 23:00:00,EXT_CH_FR,CH,FR,-4500.0,2200.0,4500.0,6700.0,0.0,False,True,ALL_12_RETAINED_INTERFACES_AT_THE_SAME_RESIDUAL_SCARCITY_HOUR
AT,2019-12-11 23:00:00,EXT_HR_SI,HR,SI,-164.53392248997775,1500.0,1500.0,1664.5339224899778,1335.4660775100222,False,False,ALL_12_RETAINED_INTERFACES_AT_THE_SAME_RESIDUAL_SCARCITY_HOUR
AT,2019-12-11 23:00:00,IT_AT,AT,IT,-300.0,700.0,300.0,1000.0,0.0,False,True,ALL_12_RETAINED_INTERFACES_AT_THE_SAME_RESIDUAL_SCARCITY_HOUR
AT,2019-12-11 23:00:00,IT_CH,CH,IT,4600.0,4600.0,1900.0,0.0,6500.0,True,False,ALL_12_RETAINED_INTERFACES_AT_THE_SAME_RESIDUAL_SCARCITY_HOUR
AT,2019-12-11 23:00:00,IT_FR,FR,IT,4500.0,4500.0,2200.0,0.0,6700.0,True,False,ALL_12_RETAINED_INTERFACES_AT_THE_SAME_RESIDUAL_SCARCITY_HOUR
AT,2019-12-11 23:00:00,IT_GR,GR,IT,500.0,500.0,500.0,0.0,1000.0,True,False,ALL_12_RETAINED_INTERFACES_AT_THE_SAME_RESIDUAL_SCARCITY_HOUR
AT,2019-12-11 23:00:00,IT_ME,IT,ME,-581.9377388426582,600.0,600.0,1181.9377388426583,18.062261157341823,False,False,ALL_12_RETAINED_INTERFACES_AT_THE_SAME_RESIDUAL_SCARCITY_HOUR
AT,2019-12-11 23:00:00,IT_MT,IT,MT,-200.0,200.0,200.0,400.0,0.0,False,True,ALL_12_RETAINED_INTERFACES_AT_THE_SAME_RESIDUAL_SCARCITY_HOUR
AT,2019-12-11 23:00:00,IT_SI,IT,SI,1200.0,1200.0,1100.0,0.0,2300.0,True,False,ALL_12_RETAINED_INTERFACES_AT_THE_SAME_RESIDUAL_SCARCITY_HOUR
AT,2019-12-11 23:00:00,IT_TN,IT,TN,-600.0,600.0,600.0,1200.0,0.0,False,True,ALL_12_RETAINED_INTERFACES_AT_THE_SAME_RESIDUAL_SCARCITY_HOUR
AT,2019-12-12 00:00:00,EXT_AT_CH,AT,CH,-1200.0,1200.0,1200.0,2400.0,0.0,False,True,ALL_12_RETAINED_INTERFACES_AT_THE_SAME_RESIDUAL_SCARCITY_HOUR
AT,2019-12-12 00:00:00,EXT_AT_SI,AT,SI,-1450.0,1450.0,1450.0,2900.0,0.0,False,True,ALL_12_RETAINED_INTERFACES_AT_THE_SAME_RESIDUAL_SCARCITY_HOUR
AT,2019-12-12 00:00:00,EXT_CH_FR,CH,FR,-4500.0,2200.0,4500.0,6700.0,0.0,False,True,ALL_12_RETAINED_INTERFACES_AT_THE_SAME_RESIDUAL_SCARCITY_HOUR
AT,2019-12-12 00:00:00,EXT_HR_SI,HR,SI,46.08788648782744,1500.0,1500.0,1453.9121135121725,1546.0878864878275,False,False,ALL_12_RETAINED_INTERFACES_AT_THE_SAME_RESIDUAL_SCARCITY_HOUR
AT,2019-12-12 00:00:00,IT_AT,AT,IT,-300.0,700.0,300.0,1000.0,0.0,False,True,ALL_12_RETAINED_INTERFACES_AT_THE_SAME_RESIDUAL_SCARCITY_HOUR
AT,2019-12-12 00:00:00,IT_CH,CH,IT,4600.0,4600.0,1900.0,0.0,6500.0,True,False,ALL_12_RETAINED_INTERFACES_AT_THE_SAME_RESIDUAL_SCARCITY_HOUR
AT,2019-12-12 00:00:00,IT_FR,FR,IT,4500.0,4500.0,2200.0,0.0,6700.0,True,False,ALL_12_RETAINED_INTERFACES_AT_THE_SAME_RESIDUAL_SCARCITY_HOUR
AT,2019-12-12 00:00:00,IT_GR,GR,IT,500.0,500.0,500.0,0.0,1000.0,True,False,ALL_12_RETAINED_INTERFACES_AT_THE_SAME_RESIDUAL_SCARCITY_HOUR
AT,2019-12-12 00:00:00,IT_ME,IT,ME,-600.0,600.0,600.0,1200.0,0.0,False,True,ALL_12_RETAINED_INTERFACES_AT_THE_SAME_RESIDUAL_SCARCITY_HOUR
AT,2019-12-12 00:00:00,IT_MT,IT,MT,-200.0,200.0,200.0,400.0,0.0,False,True,ALL_12_RETAINED_INTERFACES_AT_THE_SAME_RESIDUAL_SCARCITY_HOUR
AT,2019-12-12 00:00:00,IT_SI,IT,SI,1200.0,1200.0,1100.0,0.0,2300.0,True,False,ALL_12_RETAINED_INTERFACES_AT_THE_SAME_RESIDUAL_SCARCITY_HOUR
AT,2019-12-12 00:00:00,IT_TN,IT,TN,-600.0,600.0,600.0,1200.0,0.0,False,True,ALL_12_RETAINED_INTERFACES_AT_THE_SAME_RESIDUAL_SCARCITY_HOUR
AT,2019-12-12 01:00:00,EXT_AT_CH,AT,CH,-1200.0,1200.0,1200.0,2400.0,0.0,False,True,ALL_12_RETAINED_INTERFACES_AT_THE_SAME_RESIDUAL_SCARCITY_HOUR
AT,2019-12-12 01:00:00,EXT_AT_SI,AT,SI,-1450.0,1450.0,1450.0,2900.0,0.0,False,True,ALL_12_RETAINED_INTERFACES_AT_THE_SAME_RESIDUAL_SCARCITY_HOUR
AT,2019-12-12 01:00:00,EXT_CH_FR,CH,FR,-4500.0,2200.0,4500.0,6700.0,0.0,False,True,ALL_12_RETAINED_INTERFACES_AT_THE_SAME_RESIDUAL_SCARCITY_HOUR
AT,2019-12-12 01:00:00,EXT_HR_SI,HR,SI,186.06465019309044,1500.0,1500.0,1313.9353498069095,1686.0646501930905,False,False,ALL_12_RETAINED_INTERFACES_AT_THE_SAME_RESIDUAL_SCARCITY_HOUR
AT,2019-12-12 01:00:00,IT_AT,AT,IT,-300.0,700.0,300.0,1000.0,0.0,False,True,ALL_12_RETAINED_INTERFACES_AT_THE_SAME_RESIDUAL_SCARCITY_HOUR
AT,2019-12-12 01:00:00,IT_CH,CH,IT,4600.0,4600.0,1900.0,0.0,6500.0,True,False,ALL_12_RETAINED_INTERFACES_AT_THE_SAME_RESIDUAL_SCARCITY_HOUR
AT,2019-12-12 01:00:00,IT_FR,FR,IT,4500.0,4500.0,2200.0,0.0,6700.0,True,False,ALL_12_RETAINED_INTERFACES_AT_THE_SAME_RESIDUAL_SCARCITY_HOUR
AT,2019-12-12 01:00:00,IT_GR,GR,IT,500.0,500.0,500.0,0.0,1000.0,True,False,ALL_12_RETAINED_INTERFACES_AT_THE_SAME_RESIDUAL_SCARCITY_HOUR
AT,2019-12-12 01:00:00,IT_ME,IT,ME,-600.0,600.0,600.0,1200.0,0.0,False,True,ALL_12_RETAINED_INTERFACES_AT_THE_SAME_RESIDUAL_SCARCITY_HOUR
AT,2019-12-12 01:00:00,IT_MT,IT,MT,-200.0,200.0,200.0,400.0,0.0,False,True,ALL_12_RETAINED_INTERFACES_AT_THE_SAME_RESIDUAL_SCARCITY_HOUR
AT,2019-12-12 01:00:00,IT_SI,IT,SI,1200.0,1200.0,1100.0,0.0,2300.0,True,False,ALL_12_RETAINED_INTERFACES_AT_THE_SAME_RESIDUAL_SCARCITY_HOUR
AT,2019-12-12 01:00:00,IT_TN,IT,TN,-600.0,600.0,600.0,1200.0,0.0,False,True,ALL_12_RETAINED_INTERFACES_AT_THE_SAME_RESIDUAL_SCARCITY_HOUR
AT,2019-12-12 02:00:00,EXT_AT_CH,AT,CH,-1200.0,1200.0,1200.0,2400.0,0.0,False,True,ALL_12_RETAINED_INTERFACES_AT_THE_SAME_RESIDUAL_SCARCITY_HOUR
AT,2019-12-12 02:00:00,EXT_AT_SI,AT,SI,-1450.0,1450.0,1450.0,2900.0,0.0,False,True,ALL_12_RETAINED_INTERFACES_AT_THE_SAME_RESIDUAL_SCARCITY_HOUR
AT,2019-12-12 02:00:00,EXT_CH_FR,CH,FR,-4500.0,2200.0,4500.0,6700.0,0.0,False,True,ALL_12_RETAINED_INTERFACES_AT_THE_SAME_RESIDUAL_SCARCITY_HOUR
AT,2019-12-12 02:00:00,EXT_HR_SI,HR,SI,176.08206351332004,1500.0,1500.0,1323.91793648668,1676.08206351332,False,False,ALL_12_RETAINED_INTERFACES_AT_THE_SAME_RESIDUAL_SCARCITY_HOUR
AT,2019-12-12 02:00:00,IT_AT,AT,IT,-300.0,700.0,300.0,1000.0,0.0,False,True,ALL_12_RETAINED_INTERFACES_AT_THE_SAME_RESIDUAL_SCARCITY_HOUR
AT,2019-12-12 02:00:00,IT_CH,CH,IT,4600.0,4600.0,1900.0,0.0,6500.0,True,False,ALL_12_RETAINED_INTERFACES_AT_THE_SAME_RESIDUAL_SCARCITY_HOUR
AT,2019-12-12 02:00:00,IT_FR,FR,IT,4500.0,4500.0,2200.0,0.0,6700.0,True,False,ALL_12_RETAINED_INTERFACES_AT_THE_SAME_RESIDUAL_SCARCITY_HOUR
AT,2019-12-12 02:00:00,IT_GR,GR,IT,500.0,500.0,500.0,0.0,1000.0,True,False,ALL_12_RETAINED_INTERFACES_AT_THE_SAME_RESIDUAL_SCARCITY_HOUR
AT,2019-12-12 02:00:00,IT_ME,IT,ME,-600.0,600.0,600.0,1200.0,0.0,False,True,ALL_12_RETAINED_INTERFACES_AT_THE_SAME_RESIDUAL_SCARCITY_HOUR
AT,2019-12-12 02:00:00,IT_MT,IT,MT,-200.0,200.0,200.0,400.0,0.0,False,True,ALL_12_RETAINED_INTERFACES_AT_THE_SAME_RESIDUAL_SCARCITY_HOUR
AT,2019-12-12 02:00:00,IT_SI,IT,SI,1200.0,1200.0,1100.0,0.0,2300.0,True,False,ALL_12_RETAINED_INTERFACES_AT_THE_SAME_RESIDUAL_SCARCITY_HOUR
AT,2019-12-12 02:00:00,IT_TN,IT,TN,-600.0,600.0,600.0,1200.0,0.0,False,True,ALL_12_RETAINED_INTERFACES_AT_THE_SAME_RESIDUAL_SCARCITY_HOUR
AT,2019-12-12 03:00:00,EXT_AT_CH,AT,CH,-1200.0,1200.0,1200.0,2400.0,0.0,False,True,ALL_12_RETAINED_INTERFACES_AT_THE_SAME_RESIDUAL_SCARCITY_HOUR
AT,2019-12-12 03:00:00,EXT_AT_SI,AT,SI,-1450.0,1450.0,1450.0,2900.0,0.0,False,True,ALL_12_RETAINED_INTERFACES_AT_THE_SAME_RESIDUAL_SCARCITY_HOUR
AT,2019-12-12 03:00:00,EXT_CH_FR,CH,FR,-4500.0,2200.0,4500.0,6700.0,0.0,False,True,ALL_12_RETAINED_INTERFACES_AT_THE_SAME_RESIDUAL_SCARCITY_HOUR
AT,2019-12-12 03:00:00,EXT_HR_SI,HR,SI,86.03440735244513,1500.0,1500.0,1413.9655926475548,1586.0344073524452,False,False,ALL_12_RETAINED_INTERFACES_AT_THE_SAME_RESIDUAL_SCARCITY_HOUR
AT,2019-12-12 03:00:00,IT_AT,AT,IT,-300.0,700.0,300.0,1000.0,0.0,False,True,ALL_12_RETAINED_INTERFACES_AT_THE_SAME_RESIDUAL_SCARCITY_HOUR
AT,2019-12-12 03:00:00,IT_CH,CH,IT,4600.0,4600.0,1900.0,0.0,6500.0,True,False,ALL_12_RETAINED_INTERFACES_AT_THE_SAME_RESIDUAL_SCARCITY_HOUR
AT,2019-12-12 03:00:00,IT_FR,FR,IT,4500.0,4500.0,2200.0,0.0,6700.0,True,False,ALL_12_RETAINED_INTERFACES_AT_THE_SAME_RESIDUAL_SCARCITY_HOUR
AT,2019-12-12 03:00:00,IT_GR,GR,IT,500.0,500.0,500.0,0.0,1000.0,True,False,ALL_12_RETAINED_INTERFACES_AT_THE_SAME_RESIDUAL_SCARCITY_HOUR
AT,2019-12-12 03:00:00,IT_ME,IT,ME,-600.0,600.0,600.0,1200.0,0.0,False,True,ALL_12_RETAINED_INTERFACES_AT_THE_SAME_RESIDUAL_SCARCITY_HOUR
AT,2019-12-12 03:00:00,IT_MT,IT,MT,-200.0,200.0,200.0,400.0,0.0,False,True,ALL_12_RETAINED_INTERFACES_AT_THE_SAME_RESIDUAL_SCARCITY_HOUR
AT,2019-12-12 03:00:00,IT_SI,IT,SI,1200.0,1200.0,1100.0,0.0,2300.0,True,False,ALL_12_RETAINED_INTERFACES_AT_THE_SAME_RESIDUAL_SCARCITY_HOUR
AT,2019-12-12 03:00:00,IT_TN,IT,TN,-600.0,600.0,600.0,1200.0,0.0,False,True,ALL_12_RETAINED_INTERFACES_AT_THE_SAME_RESIDUAL_SCARCITY_HOUR
AT,2019-12-12 04:00:00,EXT_AT_CH,AT,CH,-1200.0,1200.0,1200.0,2400.0,0.0,False,True,ALL_12_RETAINED_INTERFACES_AT_THE_SAME_RESIDUAL_SCARCITY_HOUR
AT,2019-12-12 04:00:00,EXT_AT_SI,AT,SI,-1450.0,1450.0,1450.0,2900.0,0.0,False,True,ALL_12_RETAINED_INTERFACES_AT_THE_SAME_RESIDUAL_SCARCITY_HOUR
AT,2019-12-12 04:00:00,EXT_CH_FR,CH,FR,-4500.0,2200.0,4500.0,6700.0,0.0,False,True,ALL_12_RETAINED_INTERFACES_AT_THE_SAME_RESIDUAL_SCARCITY_HOUR
AT,2019-12-12 04:00:00,EXT_HR_SI,HR,SI,-167.24997312656333,1500.0,1500.0,1667.2499731265634,1332.7500268734366,False,False,ALL_12_RETAINED_INTERFACES_AT_THE_SAME_RESIDUAL_SCARCITY_HOUR
AT,2019-12-12 04:00:00,IT_AT,AT,IT,-300.0,700.0,300.0,1000.0,0.0,False,True,ALL_12_RETAINED_INTERFACES_AT_THE_SAME_RESIDUAL_SCARCITY_HOUR
AT,2019-12-12 04:00:00,IT_CH,CH,IT,4600.0,4600.0,1900.0,0.0,6500.0,True,False,ALL_12_RETAINED_INTERFACES_AT_THE_SAME_RESIDUAL_SCARCITY_HOUR
AT,2019-12-12 04:00:00,IT_FR,FR,IT,4500.0,4500.0,2200.0,0.0,6700.0,True,False,ALL_12_RETAINED_INTERFACES_AT_THE_SAME_RESIDUAL_SCARCITY_HOUR
AT,2019-12-12 04:00:00,IT_GR,GR,IT,500.0,500.0,500.0,0.0,1000.0,True,False,ALL_12_RETAINED_INTERFACES_AT_THE_SAME_RESIDUAL_SCARCITY_HOUR
AT,2019-12-12 04:00:00,IT_ME,IT,ME,-600.0,600.0,600.0,1200.0,0.0,False,True,ALL_12_RETAINED_INTERFACES_AT_THE_SAME_RESIDUAL_SCARCITY_HOUR
AT,2019-12-12 04:00:00,IT_MT,IT,MT,-200.0,200.0,200.0,400.0,0.0,False,True,ALL_12_RETAINED_INTERFACES_AT_THE_SAME_RESIDUAL_SCARCITY_HOUR
AT,2019-12-12 04:00:00,IT_SI,IT,SI,1200.0,1200.0,1100.0,0.0,2300.0,True,False,ALL_12_RETAINED_INTERFACES_AT_THE_SAME_RESIDUAL_SCARCITY_HOUR
AT,2019-12-12 04:00:00,IT_TN,IT,TN,-600.0,600.0,600.0,1200.0,0.0,False,True,ALL_12_RETAINED_INTERFACES_AT_THE_SAME_RESIDUAL_SCARCITY_HOUR
AT,2019-12-12 05:00:00,EXT_AT_CH,AT,CH,-1200.0,1200.0,1200.0,2400.0,0.0,False,True,ALL_12_RETAINED_INTERFACES_AT_THE_SAME_RESIDUAL_SCARCITY_HOUR
AT,2019-12-12 05:00:00,EXT_AT_SI,AT,SI,-1450.0,1450.0,1450.0,2900.0,0.0,False,True,ALL_12_RETAINED_INTERFACES_AT_THE_SAME_RESIDUAL_SCARCITY_HOUR
AT,2019-12-12 05:00:00,EXT_CH_FR,CH,FR,-4500.0,2200.0,4500.0,6700.0,0.0,False,True,ALL_12_RETAINED_INTERFACES_AT_THE_SAME_RESIDUAL_SCARCITY_HOUR
AT,2019-12-12 05:00:00,EXT_HR_SI,HR,SI,348.6541255840407,1500.0,1500.0,1151.3458744159593,1848.6541255840407,False,False,ALL_12_RETAINED_INTERFACES_AT_THE_SAME_RESIDUAL_SCARCITY_HOUR
AT,2019-12-12 05:00:00,IT_AT,AT,IT,-300.0,700.0,300.0,1000.0,0.0,False,True,ALL_12_RETAINED_INTERFACES_AT_THE_SAME_RESIDUAL_SCARCITY_HOUR
AT,2019-12-12 05:00:00,IT_CH,CH,IT,4600.0,4600.0,1900.0,0.0,6500.0,True,False,ALL_12_RETAINED_INTERFACES_AT_THE_SAME_RESIDUAL_SCARCITY_HOUR
AT,2019-12-12 05:00:00,IT_FR,FR,IT,4500.0,4500.0,2200.0,0.0,6700.0,True,False,ALL_12_RETAINED_INTERFACES_AT_THE_SAME_RESIDUAL_SCARCITY_HOUR
AT,2019-12-12 05:00:00,IT_GR,GR,IT,500.0,500.0,500.0,0.0,1000.0,True,False,ALL_12_RETAINED_INTERFACES_AT_THE_SAME_RESIDUAL_SCARCITY_HOUR
AT,2019-12-12 05:00:00,IT_ME,IT,ME,-600.0,600.0,600.0,1200.0,0.0,False,True,ALL_12_RETAINED_INTERFACES_AT_THE_SAME_RESIDUAL_SCARCITY_HOUR
AT,2019-12-12 05:00:00,IT_MT,IT,MT,-200.0,200.0,200.0,400.0,0.0,False,True,ALL_12_RETAINED_INTERFACES_AT_THE_SAME_RESIDUAL_SCARCITY_HOUR
AT,2019-12-12 05:00:00,IT_SI,IT,SI,1200.0,1200.0,1100.0,0.0,2300.0,True,False,ALL_12_RETAINED_INTERFACES_AT_THE_SAME_RESIDUAL_SCARCITY_HOUR
AT,2019-12-12 05:00:00,IT_TN,IT,TN,-600.0,600.0,600.0,1200.0,0.0,False,True,ALL_12_RETAINED_INTERFACES_AT_THE_SAME_RESIDUAL_SCARCITY_HOUR
AT,2019-12-12 06:00:00,EXT_AT_CH,AT,CH,-1200.0,1200.0,1200.0,2400.0,0.0,False,True,ALL_12_RETAINED_INTERFACES_AT_THE_SAME_RESIDUAL_SCARCITY_HOUR
AT,2019-12-12 06:00:00,EXT_AT_SI,AT,SI,-1450.0,1450.0,1450.0,2900.0,0.0,False,True,ALL_12_RETAINED_INTERFACES_AT_THE_SAME_RESIDUAL_SCARCITY_HOUR
AT,2019-12-12 06:00:00,EXT_CH_FR,CH,FR,-4500.0,2200.0,4500.0,6700.0,0.0,False,True,ALL_12_RETAINED_INTERFACES_AT_THE_SAME_RESIDUAL_SCARCITY_HOUR
AT,2019-12-12 06:00:00,EXT_HR_SI,HR,SI,-1026.9155752143924,1500.0,1500.0,2526.9155752143924,473.08442478560755,False,False,ALL_12_RETAINED_INTERFACES_AT_THE_SAME_RESIDUAL_SCARCITY_HOUR
AT,2019-12-12 06:00:00,IT_AT,AT,IT,-300.0,700.0,300.0,1000.0,0.0,False,True,ALL_12_RETAINED_INTERFACES_AT_THE_SAME_RESIDUAL_SCARCITY_HOUR
AT,2019-12-12 06:00:00,IT_CH,CH,IT,4600.0,4600.0,1900.0,0.0,6500.0,True,False,ALL_12_RETAINED_INTERFACES_AT_THE_SAME_RESIDUAL_SCARCITY_HOUR
AT,2019-12-12 06:00:00,IT_FR,FR,IT,4500.0,4500.0,2200.0,0.0,6700.0,True,False,ALL_12_RETAINED_INTERFACES_AT_THE_SAME_RESIDUAL_SCARCITY_HOUR
AT,2019-12-12 06:00:00,IT_GR,GR,IT,500.0,500.0,500.0,0.0,1000.0,True,False,ALL_12_RETAINED_INTERFACES_AT_THE_SAME_RESIDUAL_SCARCITY_HOUR
AT,2019-12-12 06:00:00,IT_ME,IT,ME,-600.0,600.0,600.0,1200.0,0.0,False,True,ALL_12_RETAINED_INTERFACES_AT_THE_SAME_RESIDUAL_SCARCITY_HOUR
AT,2019-12-12 06:00:00,IT_MT,IT,MT,-200.0,200.0,200.0,400.0,0.0,False,True,ALL_12_RETAINED_INTERFACES_AT_THE_SAME_RESIDUAL_SCARCITY_HOUR
AT,2019-12-12 06:00:00,IT_SI,IT,SI,1200.0,1200.0,1100.0,0.0,2300.0,True,False,ALL_12_RETAINED_INTERFACES_AT_THE_SAME_RESIDUAL_SCARCITY_HOUR
AT,2019-12-12 06:00:00,IT_TN,IT,TN,-600.0,600.0,600.0,1200.0,0.0,False,True,ALL_12_RETAINED_INTERFACES_AT_THE_SAME_RESIDUAL_SCARCITY_HOUR
AT,2019-12-12 07:00:00,EXT_AT_CH,AT,CH,-1200.0,1200.0,1200.0,2400.0,0.0,False,True,ALL_12_RETAINED_INTERFACES_AT_THE_SAME_RESIDUAL_SCARCITY_HOUR
AT,2019-12-12 07:00:00,EXT_AT_SI,AT,SI,-1356.2286652971234,1450.0,1450.0,2806.2286652971234,93.77133470287663,False,False,ALL_12_RETAINED_INTERFACES_AT_THE_SAME_RESIDUAL_SCARCITY_HOUR
AT,2019-12-12 07:00:00,EXT_CH_FR,CH,FR,-4500.0,2200.0,4500.0,6700.0,0.0,False,True,ALL_12_RETAINED_INTERFACES_AT_THE_SAME_RESIDUAL_SCARCITY_HOUR
AT,2019-12-12 07:00:00,EXT_HR_SI,HR,SI,1500.0,1500.0,1500.0,0.0,3000.0,True,False,ALL_12_RETAINED_INTERFACES_AT_THE_SAME_RESIDUAL_SCARCITY_HOUR
AT,2019-12-12 07:00:00,IT_AT,AT,IT,-300.0,700.0,300.0,1000.0,0.0,False,True,ALL_12_RETAINED_INTERFACES_AT_THE_SAME_RESIDUAL_SCARCITY_HOUR
AT,2019-12-12 07:00:00,IT_CH,CH,IT,4600.0,4600.0,1900.0,0.0,6500.0,True,False,ALL_12_RETAINED_INTERFACES_AT_THE_SAME_RESIDUAL_SCARCITY_HOUR
AT,2019-12-12 07:00:00,IT_FR,FR,IT,4500.0,4500.0,2200.0,0.0,6700.0,True,False,ALL_12_RETAINED_INTERFACES_AT_THE_SAME_RESIDUAL_SCARCITY_HOUR
AT,2019-12-12 07:00:00,IT_GR,GR,IT,500.0,500.0,500.0,0.0,1000.0,True,False,ALL_12_RETAINED_INTERFACES_AT_THE_SAME_RESIDUAL_SCARCITY_HOUR
AT,2019-12-12 07:00:00,IT_ME,IT,ME,-600.0,600.0,600.0,1200.0,0.0,False,True,ALL_12_RETAINED_INTERFACES_AT_THE_SAME_RESIDUAL_SCARCITY_HOUR
AT,2019-12-12 07:00:00,IT_MT,IT,MT,-200.0,200.0,200.0,400.0,0.0,False,True,ALL_12_RETAINED_INTERFACES_AT_THE_SAME_RESIDUAL_SCARCITY_HOUR
AT,2019-12-12 07:00:00,IT_SI,IT,SI,1200.0,1200.0,1100.0,0.0,2300.0,True,False,ALL_12_RETAINED_INTERFACES_AT_THE_SAME_RESIDUAL_SCARCITY_HOUR
AT,2019-12-12 07:00:00,IT_TN,IT,TN,-600.0,600.0,600.0,1200.0,0.0,False,True,ALL_12_RETAINED_INTERFACES_AT_THE_SAME_RESIDUAL_SCARCITY_HOUR
AT,2019-12-12 08:00:00,EXT_AT_CH,AT,CH,-1200.0,1200.0,1200.0,2400.0,0.0,False,True,ALL_12_RETAINED_INTERFACES_AT_THE_SAME_RESIDUAL_SCARCITY_HOUR
AT,2019-12-12 08:00:00,EXT_AT_SI,AT,SI,-1450.0,1450.0,1450.0,2900.0,0.0,False,True,ALL_12_RETAINED_INTERFACES_AT_THE_SAME_RESIDUAL_SCARCITY_HOUR
AT,2019-12-12 08:00:00,EXT_CH_FR,CH,FR,-4500.0,2200.0,4500.0,6700.0,0.0,False,True,ALL_12_RETAINED_INTERFACES_AT_THE_SAME_RESIDUAL_SCARCITY_HOUR
AT,2019-12-12 08:00:00,EXT_HR_SI,HR,SI,-757.5268319729872,1500.0,1500.0,2257.526831972987,742.4731680270128,False,False,ALL_12_RETAINED_INTERFACES_AT_THE_SAME_RESIDUAL_SCARCITY_HOUR
AT,2019-12-12 08:00:00,IT_AT,AT,IT,-300.0,700.0,300.0,1000.0,0.0,False,True,ALL_12_RETAINED_INTERFACES_AT_THE_SAME_RESIDUAL_SCARCITY_HOUR
AT,2019-12-12 08:00:00,IT_CH,CH,IT,4600.0,4600.0,1900.0,0.0,6500.0,True,False,ALL_12_RETAINED_INTERFACES_AT_THE_SAME_RESIDUAL_SCARCITY_HOUR
AT,2019-12-12 08:00:00,IT_FR,FR,IT,4500.0,4500.0,2200.0,0.0,6700.0,True,False,ALL_12_RETAINED_INTERFACES_AT_THE_SAME_RESIDUAL_SCARCITY_HOUR
AT,2019-12-12 08:00:00,IT_GR,GR,IT,500.0,500.0,500.0,0.0,1000.0,True,False,ALL_12_RETAINED_INTERFACES_AT_THE_SAME_RESIDUAL_SCARCITY_HOUR
AT,2019-12-12 08:00:00,IT_ME,IT,ME,-600.0,600.0,600.0,1200.0,0.0,False,True,ALL_12_RETAINED_INTERFACES_AT_THE_SAME_RESIDUAL_SCARCITY_HOUR
AT,2019-12-12 08:00:00,IT_MT,IT,MT,-200.0,200.0,200.0,400.0,0.0,False,True,ALL_12_RETAINED_INTERFACES_AT_THE_SAME_RESIDUAL_SCARCITY_HOUR
AT,2019-12-12 08:00:00,IT_SI,IT,SI,1200.0,1200.0,1100.0,0.0,2300.0,True,False,ALL_12_RETAINED_INTERFACES_AT_THE_SAME_RESIDUAL_SCARCITY_HOUR
AT,2019-12-12 08:00:00,IT_TN,IT,TN,-600.0,600.0,600.0,1200.0,0.0,False,True,ALL_12_RETAINED_INTERFACES_AT_THE_SAME_RESIDUAL_SCARCITY_HOUR
AT,2019-12-12 09:00:00,EXT_AT_CH,AT,CH,-1200.0,1200.0,1200.0,2400.0,0.0,False,True,ALL_12_RETAINED_INTERFACES_AT_THE_SAME_RESIDUAL_SCARCITY_HOUR
AT,2019-12-12 09:00:00,EXT_AT_SI,AT,SI,-1450.0,1450.0,1450.0,2900.0,0.0,False,True,ALL_12_RETAINED_INTERFACES_AT_THE_SAME_RESIDUAL_SCARCITY_HOUR
AT,2019-12-12 09:00:00,EXT_CH_FR,CH,FR,-4500.0,2200.0,4500.0,6700.0,0.0,False,True,ALL_12_RETAINED_INTERFACES_AT_THE_SAME_RESIDUAL_SCARCITY_HOUR
AT,2019-12-12 09:00:00,EXT_HR_SI,HR,SI,-856.2625511251439,1500.0,1500.0,2356.262551125144,643.7374488748561,False,False,ALL_12_RETAINED_INTERFACES_AT_THE_SAME_RESIDUAL_SCARCITY_HOUR
AT,2019-12-12 09:00:00,IT_AT,AT,IT,-300.0,700.0,300.0,1000.0,0.0,False,True,ALL_12_RETAINED_INTERFACES_AT_THE_SAME_RESIDUAL_SCARCITY_HOUR
AT,2019-12-12 09:00:00,IT_CH,CH,IT,4600.0,4600.0,1900.0,0.0,6500.0,True,False,ALL_12_RETAINED_INTERFACES_AT_THE_SAME_RESIDUAL_SCARCITY_HOUR
AT,2019-12-12 09:00:00,IT_FR,FR,IT,4500.0,4500.0,2200.0,0.0,6700.0,True,False,ALL_12_RETAINED_INTERFACES_AT_THE_SAME_RESIDUAL_SCARCITY_HOUR
AT,2019-12-12 09:00:00,IT_GR,GR,IT,500.0,500.0,500.0,0.0,1000.0,True,False,ALL_12_RETAINED_INTERFACES_AT_THE_SAME_RESIDUAL_SCARCITY_HOUR
AT,2019-12-12 09:00:00,IT_ME,IT,ME,-600.0,600.0,600.0,1200.0,0.0,False,True,ALL_12_RETAINED_INTERFACES_AT_THE_SAME_RESIDUAL_SCARCITY_HOUR
AT,2019-12-12 09:00:00,IT_MT,IT,MT,-200.0,200.0,200.0,400.0,0.0,False,True,ALL_12_RETAINED_INTERFACES_AT_THE_SAME_RESIDUAL_SCARCITY_HOUR
AT,2019-12-12 09:00:00,IT_SI,IT,SI,1200.0,1200.0,1100.0,0.0,2300.0,True,False,ALL_12_RETAINED_INTERFACES_AT_THE_SAME_RESIDUAL_SCARCITY_HOUR
AT,2019-12-12 09:00:00,IT_TN,IT,TN,-600.0,600.0,600.0,1200.0,0.0,False,True,ALL_12_RETAINED_INTERFACES_AT_THE_SAME_RESIDUAL_SCARCITY_HOUR
AT,2019-12-12 10:00:00,EXT_AT_CH,AT,CH,-1200.0,1200.0,1200.0,2400.0,0.0,False,True,ALL_12_RETAINED_INTERFACES_AT_THE_SAME_RESIDUAL_SCARCITY_HOUR
AT,2019-12-12 10:00:00,EXT_AT_SI,AT,SI,-1450.0,1450.0,1450.0,2900.0,0.0,False,True,ALL_12_RETAINED_INTERFACES_AT_THE_SAME_RESIDUAL_SCARCITY_HOUR
AT,2019-12-12 10:00:00,EXT_CH_FR,CH,FR,-4500.0,2200.0,4500.0,6700.0,0.0,False,True,ALL_12_RETAINED_INTERFACES_AT_THE_SAME_RESIDUAL_SCARCITY_HOUR
AT,2019-12-12 10:00:00,EXT_HR_SI,HR,SI,-940.3830287910336,1500.0,1500.0,2440.3830287910337,559.6169712089664,False,False,ALL_12_RETAINED_INTERFACES_AT_THE_SAME_RESIDUAL_SCARCITY_HOUR
AT,2019-12-12 10:00:00,IT_AT,AT,IT,-300.0,700.0,300.0,1000.0,0.0,False,True,ALL_12_RETAINED_INTERFACES_AT_THE_SAME_RESIDUAL_SCARCITY_HOUR
AT,2019-12-12 10:00:00,IT_CH,CH,IT,4600.0,4600.0,1900.0,0.0,6500.0,True,False,ALL_12_RETAINED_INTERFACES_AT_THE_SAME_RESIDUAL_SCARCITY_HOUR
AT,2019-12-12 10:00:00,IT_FR,FR,IT,4500.0,4500.0,2200.0,0.0,6700.0,True,False,ALL_12_RETAINED_INTERFACES_AT_THE_SAME_RESIDUAL_SCARCITY_HOUR
AT,2019-12-12 10:00:00,IT_GR,GR,IT,500.0,500.0,500.0,0.0,1000.0,True,False,ALL_12_RETAINED_INTERFACES_AT_THE_SAME_RESIDUAL_SCARCITY_HOUR
AT,2019-12-12 10:00:00,IT_ME,IT,ME,-600.0,600.0,600.0,1200.0,0.0,False,True,ALL_12_RETAINED_INTERFACES_AT_THE_SAME_RESIDUAL_SCARCITY_HOUR
AT,2019-12-12 10:00:00,IT_MT,IT,MT,-200.0,200.0,200.0,400.0,0.0,False,True,ALL_12_RETAINED_INTERFACES_AT_THE_SAME_RESIDUAL_SCARCITY_HOUR
AT,2019-12-12 10:00:00,IT_SI,IT,SI,1200.0,1200.0,1100.0,0.0,2300.0,True,False,ALL_12_RETAINED_INTERFACES_AT_THE_SAME_RESIDUAL_SCARCITY_HOUR
AT,2019-12-12 10:00:00,IT_TN,IT,TN,-600.0,600.0,600.0,1200.0,0.0,False,True,ALL_12_RETAINED_INTERFACES_AT_THE_SAME_RESIDUAL_SCARCITY_HOUR
AT,2019-12-12 11:00:00,EXT_AT_CH,AT,CH,-1200.0,1200.0,1200.0,2400.0,0.0,False,True,ALL_12_RETAINED_INTERFACES_AT_THE_SAME_RESIDUAL_SCARCITY_HOUR
AT,2019-12-12 11:00:00,EXT_AT_SI,AT,SI,-1450.0,1450.0,1450.0,2900.0,0.0,False,True,ALL_12_RETAINED_INTERFACES_AT_THE_SAME_RESIDUAL_SCARCITY_HOUR
AT,2019-12-12 11:00:00,EXT_CH_FR,CH,FR,-4500.0,2200.0,4500.0,6700.0,0.0,False,True,ALL_12_RETAINED_INTERFACES_AT_THE_SAME_RESIDUAL_SCARCITY_HOUR
AT,2019-12-12 11:00:00,EXT_HR_SI,HR,SI,-953.4194774067386,1500.0,1500.0,2453.4194774067387,546.5805225932614,False,False,ALL_12_RETAINED_INTERFACES_AT_THE_SAME_RESIDUAL_SCARCITY_HOUR
AT,2019-12-12 11:00:00,IT_AT,AT,IT,-300.0,700.0,300.0,1000.0,0.0,False,True,ALL_12_RETAINED_INTERFACES_AT_THE_SAME_RESIDUAL_SCARCITY_HOUR
AT,2019-12-12 11:00:00,IT_CH,CH,IT,4600.0,4600.0,1900.0,0.0,6500.0,True,False,ALL_12_RETAINED_INTERFACES_AT_THE_SAME_RESIDUAL_SCARCITY_HOUR
AT,2019-12-12 11:00:00,IT_FR,FR,IT,4500.0,4500.0,2200.0,0.0,6700.0,True,False,ALL_12_RETAINED_INTERFACES_AT_THE_SAME_RESIDUAL_SCARCITY_HOUR
AT,2019-12-12 11:00:00,IT_GR,GR,IT,500.0,500.0,500.0,0.0,1000.0,True,False,ALL_12_RETAINED_INTERFACES_AT_THE_SAME_RESIDUAL_SCARCITY_HOUR
AT,2019-12-12 11:00:00,IT_ME,IT,ME,-600.0,600.0,600.0,1200.0,0.0,False,True,ALL_12_RETAINED_INTERFACES_AT_THE_SAME_RESIDUAL_SCARCITY_HOUR
AT,2019-12-12 11:00:00,IT_MT,IT,MT,-200.0,200.0,200.0,400.0,0.0,False,True,ALL_12_RETAINED_INTERFACES_AT_THE_SAME_RESIDUAL_SCARCITY_HOUR
AT,2019-12-12 11:00:00,IT_SI,IT,SI,1200.0,1200.0,1100.0,0.0,2300.0,True,False,ALL_12_RETAINED_INTERFACES_AT_THE_SAME_RESIDUAL_SCARCITY_HOUR
AT,2019-12-12 11:00:00,IT_TN,IT,TN,-600.0,600.0,600.0,1200.0,0.0,False,True,ALL_12_RETAINED_INTERFACES_AT_THE_SAME_RESIDUAL_SCARCITY_HOUR
AT,2019-12-12 12:00:00,EXT_AT_CH,AT,CH,-1200.0,1200.0,1200.0,2400.0,0.0,False,True,ALL_12_RETAINED_INTERFACES_AT_THE_SAME_RESIDUAL_SCARCITY_HOUR
AT,2019-12-12 12:00:00,EXT_AT_SI,AT,SI,-1450.0,1450.0,1450.0,2900.0,0.0,False,True,ALL_12_RETAINED_INTERFACES_AT_THE_SAME_RESIDUAL_SCARCITY_HOUR
AT,2019-12-12 12:00:00,EXT_CH_FR,CH,FR,-4500.0,2200.0,4500.0,6700.0,0.0,False,True,ALL_12_RETAINED_INTERFACES_AT_THE_SAME_RESIDUAL_SCARCITY_HOUR
AT,2019-12-12 12:00:00,EXT_HR_SI,HR,SI,-862.2370724153992,1500.0,1500.0,2362.2370724153993,637.7629275846008,False,False,ALL_12_RETAINED_INTERFACES_AT_THE_SAME_RESIDUAL_SCARCITY_HOUR
AT,2019-12-12 12:00:00,IT_AT,AT,IT,-300.0,700.0,300.0,1000.0,0.0,False,True,ALL_12_RETAINED_INTERFACES_AT_THE_SAME_RESIDUAL_SCARCITY_HOUR
AT,2019-12-12 12:00:00,IT_CH,CH,IT,4600.0,4600.0,1900.0,0.0,6500.0,True,False,ALL_12_RETAINED_INTERFACES_AT_THE_SAME_RESIDUAL_SCARCITY_HOUR
AT,2019-12-12 12:00:00,IT_FR,FR,IT,4500.0,4500.0,2200.0,0.0,6700.0,True,False,ALL_12_RETAINED_INTERFACES_AT_THE_SAME_RESIDUAL_SCARCITY_HOUR
AT,2019-12-12 12:00:00,IT_GR,GR,IT,500.0,500.0,500.0,0.0,1000.0,True,False,ALL_12_RETAINED_INTERFACES_AT_THE_SAME_RESIDUAL_SCARCITY_HOUR
AT,2019-12-12 12:00:00,IT_ME,IT,ME,-600.0,600.0,600.0,1200.0,0.0,False,True,ALL_12_RETAINED_INTERFACES_AT_THE_SAME_RESIDUAL_SCARCITY_HOUR
AT,2019-12-12 12:00:00,IT_MT,IT,MT,-200.0,200.0,200.0,400.0,0.0,False,True,ALL_12_RETAINED_INTERFACES_AT_THE_SAME_RESIDUAL_SCARCITY_HOUR
AT,2019-12-12 12:00:00,IT_SI,IT,SI,1200.0,1200.0,1100.0,0.0,2300.0,True,False,ALL_12_RETAINED_INTERFACES_AT_THE_SAME_RESIDUAL_SCARCITY_HOUR
AT,2019-12-12 12:00:00,IT_TN,IT,TN,-600.0,600.0,600.0,1200.0,0.0,False,True,ALL_12_RETAINED_INTERFACES_AT_THE_SAME_RESIDUAL_SCARCITY_HOUR
AT,2019-12-12 13:00:00,EXT_AT_CH,AT,CH,-1200.0,1200.0,1200.0,2400.0,0.0,False,True,ALL_12_RETAINED_INTERFACES_AT_THE_SAME_RESIDUAL_SCARCITY_HOUR
AT,2019-12-12 13:00:00,EXT_AT_SI,AT,SI,-1450.0,1450.0,1450.0,2900.0,0.0,False,True,ALL_12_RETAINED_INTERFACES_AT_THE_SAME_RESIDUAL_SCARCITY_HOUR
AT,2019-12-12 13:00:00,EXT_CH_FR,CH,FR,-4500.0,2200.0,4500.0,6700.0,0.0,False,True,ALL_12_RETAINED_INTERFACES_AT_THE_SAME_RESIDUAL_SCARCITY_HOUR
AT,2019-12-12 13:00:00,EXT_HR_SI,HR,SI,-865.1444719231757,1500.0,1500.0,2365.144471923176,634.8555280768243,False,False,ALL_12_RETAINED_INTERFACES_AT_THE_SAME_RESIDUAL_SCARCITY_HOUR
AT,2019-12-12 13:00:00,IT_AT,AT,IT,-300.0,700.0,300.0,1000.0,0.0,False,True,ALL_12_RETAINED_INTERFACES_AT_THE_SAME_RESIDUAL_SCARCITY_HOUR
AT,2019-12-12 13:00:00,IT_CH,CH,IT,4600.0,4600.0,1900.0,0.0,6500.0,True,False,ALL_12_RETAINED_INTERFACES_AT_THE_SAME_RESIDUAL_SCARCITY_HOUR
AT,2019-12-12 13:00:00,IT_FR,FR,IT,4500.0,4500.0,2200.0,0.0,6700.0,True,False,ALL_12_RETAINED_INTERFACES_AT_THE_SAME_RESIDUAL_SCARCITY_HOUR
AT,2019-12-12 13:00:00,IT_GR,GR,IT,500.0,500.0,500.0,0.0,1000.0,True,False,ALL_12_RETAINED_INTERFACES_AT_THE_SAME_RESIDUAL_SCARCITY_HOUR
AT,2019-12-12 13:00:00,IT_ME,IT,ME,-600.0,600.0,600.0,1200.0,0.0,False,True,ALL_12_RETAINED_INTERFACES_AT_THE_SAME_RESIDUAL_SCARCITY_HOUR
AT,2019-12-12 13:00:00,IT_MT,IT,MT,-200.0,200.0,200.0,400.0,0.0,False,True,ALL_12_RETAINED_INTERFACES_AT_THE_SAME_RESIDUAL_SCARCITY_HOUR
AT,2019-12-12 13:00:00,IT_SI,IT,SI,1200.0,1200.0,1100.0,0.0,2300.0,True,False,ALL_12_RETAINED_INTERFACES_AT_THE_SAME_RESIDUAL_SCARCITY_HOUR
AT,2019-12-12 13:00:00,IT_TN,IT,TN,-600.0,600.0,600.0,1200.0,0.0,False,True,ALL_12_RETAINED_INTERFACES_AT_THE_SAME_RESIDUAL_SCARCITY_HOUR
AT,2019-12-12 14:00:00,EXT_AT_CH,AT,CH,-1200.0,1200.0,1200.0,2400.0,0.0,False,True,ALL_12_RETAINED_INTERFACES_AT_THE_SAME_RESIDUAL_SCARCITY_HOUR
AT,2019-12-12 14:00:00,EXT_AT_SI,AT,SI,-1450.0,1450.0,1450.0,2900.0,0.0,False,True,ALL_12_RETAINED_INTERFACES_AT_THE_SAME_RESIDUAL_SCARCITY_HOUR
AT,2019-12-12 14:00:00,EXT_CH_FR,CH,FR,-4500.0,2200.0,4500.0,6700.0,0.0,False,True,ALL_12_RETAINED_INTERFACES_AT_THE_SAME_RESIDUAL_SCARCITY_HOUR
AT,2019-12-12 14:00:00,EXT_HR_SI,HR,SI,1316.7993994744143,1500.0,1500.0,183.20060052558574,2816.7993994744143,False,False,ALL_12_RETAINED_INTERFACES_AT_THE_SAME_RESIDUAL_SCARCITY_HOUR
AT,2019-12-12 14:00:00,IT_AT,AT,IT,-300.0,700.0,300.0,1000.0,0.0,False,True,ALL_12_RETAINED_INTERFACES_AT_THE_SAME_RESIDUAL_SCARCITY_HOUR
AT,2019-12-12 14:00:00,IT_CH,CH,IT,4600.0,4600.0,1900.0,0.0,6500.0,True,False,ALL_12_RETAINED_INTERFACES_AT_THE_SAME_RESIDUAL_SCARCITY_HOUR
AT,2019-12-12 14:00:00,IT_FR,FR,IT,4500.0,4500.0,2200.0,0.0,6700.0,True,False,ALL_12_RETAINED_INTERFACES_AT_THE_SAME_RESIDUAL_SCARCITY_HOUR
AT,2019-12-12 14:00:00,IT_GR,GR,IT,500.0,500.0,500.0,0.0,1000.0,True,False,ALL_12_RETAINED_INTERFACES_AT_THE_SAME_RESIDUAL_SCARCITY_HOUR
AT,2019-12-12 14:00:00,IT_ME,IT,ME,-600.0,600.0,600.0,1200.0,0.0,False,True,ALL_12_RETAINED_INTERFACES_AT_THE_SAME_RESIDUAL_SCARCITY_HOUR
AT,2019-12-12 14:00:00,IT_MT,IT,MT,-200.0,200.0,200.0,400.0,0.0,False,True,ALL_12_RETAINED_INTERFACES_AT_THE_SAME_RESIDUAL_SCARCITY_HOUR
AT,2019-12-12 14:00:00,IT_SI,IT,SI,1200.0,1200.0,1100.0,0.0,2300.0,True,False,ALL_12_RETAINED_INTERFACES_AT_THE_SAME_RESIDUAL_SCARCITY_HOUR
AT,2019-12-12 14:00:00,IT_TN,IT,TN,-600.0,600.0,600.0,1200.0,0.0,False,True,ALL_12_RETAINED_INTERFACES_AT_THE_SAME_RESIDUAL_SCARCITY_HOUR
AT,2019-12-12 15:00:00,EXT_AT_CH,AT,CH,-1200.0,1200.0,1200.0,2400.0,0.0,False,True,ALL_12_RETAINED_INTERFACES_AT_THE_SAME_RESIDUAL_SCARCITY_HOUR
AT,2019-12-12 15:00:00,EXT_AT_SI,AT,SI,-1450.0,1450.0,1450.0,2900.0,0.0,False,True,ALL_12_RETAINED_INTERFACES_AT_THE_SAME_RESIDUAL_SCARCITY_HOUR
AT,2019-12-12 15:00:00,EXT_CH_FR,CH,FR,-4500.0,2200.0,4500.0,6700.0,0.0,False,True,ALL_12_RETAINED_INTERFACES_AT_THE_SAME_RESIDUAL_SCARCITY_HOUR
AT,2019-12-12 15:00:00,EXT_HR_SI,HR,SI,-1338.8707075641646,1500.0,1500.0,2838.8707075641646,161.1292924358354,False,False,ALL_12_RETAINED_INTERFACES_AT_THE_SAME_RESIDUAL_SCARCITY_HOUR
AT,2019-12-12 15:00:00,IT_AT,AT,IT,-300.0,700.0,300.0,1000.0,0.0,False,True,ALL_12_RETAINED_INTERFACES_AT_THE_SAME_RESIDUAL_SCARCITY_HOUR
AT,2019-12-12 15:00:00,IT_CH,CH,IT,4600.0,4600.0,1900.0,0.0,6500.0,True,False,ALL_12_RETAINED_INTERFACES_AT_THE_SAME_RESIDUAL_SCARCITY_HOUR
AT,2019-12-12 15:00:00,IT_FR,FR,IT,4500.0,4500.0,2200.0,0.0,6700.0,True,False,ALL_12_RETAINED_INTERFACES_AT_THE_SAME_RESIDUAL_SCARCITY_HOUR
AT,2019-12-12 15:00:00,IT_GR,GR,IT,500.0,500.0,500.0,0.0,1000.0,True,False,ALL_12_RETAINED_INTERFACES_AT_THE_SAME_RESIDUAL_SCARCITY_HOUR
AT,2019-12-12 15:00:00,IT_ME,IT,ME,-502.88604493469956,600.0,600.0,1102.8860449346996,97.11395506530044,False,False,ALL_12_RETAINED_INTERFACES_AT_THE_SAME_RESIDUAL_SCARCITY_HOUR
AT,2019-12-12 15:00:00,IT_MT,IT,MT,-200.0,200.0,200.0,400.0,0.0,False,True,ALL_12_RETAINED_INTERFACES_AT_THE_SAME_RESIDUAL_SCARCITY_HOUR
AT,2019-12-12 15:00:00,IT_SI,IT,SI,1200.0,1200.0,1100.0,0.0,2300.0,True,False,ALL_12_RETAINED_INTERFACES_AT_THE_SAME_RESIDUAL_SCARCITY_HOUR
AT,2019-12-12 15:00:00,IT_TN,IT,TN,-600.0,600.0,600.0,1200.0,0.0,False,True,ALL_12_RETAINED_INTERFACES_AT_THE_SAME_RESIDUAL_SCARCITY_HOUR
AT,2019-12-12 16:00:00,EXT_AT_CH,AT,CH,-1200.0,1200.0,1200.0,2400.0,0.0,False,True,ALL_12_RETAINED_INTERFACES_AT_THE_SAME_RESIDUAL_SCARCITY_HOUR
AT,2019-12-12 16:00:00,EXT_AT_SI,AT,SI,-1450.0,1450.0,1450.0,2900.0,0.0,False,True,ALL_12_RETAINED_INTERFACES_AT_THE_SAME_RESIDUAL_SCARCITY_HOUR
AT,2019-12-12 16:00:00,EXT_CH_FR,CH,FR,-4500.0,2200.0,4500.0,6700.0,0.0,False,True,ALL_12_RETAINED_INTERFACES_AT_THE_SAME_RESIDUAL_SCARCITY_HOUR
AT,2019-12-12 16:00:00,EXT_HR_SI,HR,SI,-1433.5578631252888,1500.0,1500.0,2933.557863125289,66.4421368747112,False,False,ALL_12_RETAINED_INTERFACES_AT_THE_SAME_RESIDUAL_SCARCITY_HOUR
AT,2019-12-12 16:00:00,IT_AT,AT,IT,-300.0,700.0,300.0,1000.0,0.0,False,True,ALL_12_RETAINED_INTERFACES_AT_THE_SAME_RESIDUAL_SCARCITY_HOUR
AT,2019-12-12 16:00:00,IT_CH,CH,IT,4600.0,4600.0,1900.0,0.0,6500.0,True,False,ALL_12_RETAINED_INTERFACES_AT_THE_SAME_RESIDUAL_SCARCITY_HOUR
AT,2019-12-12 16:00:00,IT_FR,FR,IT,4500.0,4500.0,2200.0,0.0,6700.0,True,False,ALL_12_RETAINED_INTERFACES_AT_THE_SAME_RESIDUAL_SCARCITY_HOUR
AT,2019-12-12 16:00:00,IT_GR,GR,IT,500.0,500.0,500.0,0.0,1000.0,True,False,ALL_12_RETAINED_INTERFACES_AT_THE_SAME_RESIDUAL_SCARCITY_HOUR
AT,2019-12-12 16:00:00,IT_ME,IT,ME,-600.0,600.0,600.0,1200.0,0.0,False,True,ALL_12_RETAINED_INTERFACES_AT_THE_SAME_RESIDUAL_SCARCITY_HOUR
AT,2019-12-12 16:00:00,IT_MT,IT,MT,-200.0,200.0,200.0,400.0,0.0,False,True,ALL_12_RETAINED_INTERFACES_AT_THE_SAME_RESIDUAL_SCARCITY_HOUR
AT,2019-12-12 16:00:00,IT_SI,IT,SI,1200.0,1200.0,1100.0,0.0,2300.0,True,False,ALL_12_RETAINED_INTERFACES_AT_THE_SAME_RESIDUAL_SCARCITY_HOUR
AT,2019-12-12 16:00:00,IT_TN,IT,TN,-600.0,600.0,600.0,1200.0,0.0,False,True,ALL_12_RETAINED_INTERFACES_AT_THE_SAME_RESIDUAL_SCARCITY_HOUR
AT,2019-12-12 17:00:00,EXT_AT_CH,AT,CH,-1200.0,1200.0,1200.0,2400.0,0.0,False,True,ALL_12_RETAINED_INTERFACES_AT_THE_SAME_RESIDUAL_SCARCITY_HOUR
AT,2019-12-12 17:00:00,EXT_AT_SI,AT,SI,-1450.0,1450.0,1450.0,2900.0,0.0,False,True,ALL_12_RETAINED_INTERFACES_AT_THE_SAME_RESIDUAL_SCARCITY_HOUR
AT,2019-12-12 17:00:00,EXT_CH_FR,CH,FR,-4500.0,2200.0,4500.0,6700.0,0.0,False,True,ALL_12_RETAINED_INTERFACES_AT_THE_SAME_RESIDUAL_SCARCITY_HOUR
AT,2019-12-12 17:00:00,EXT_HR_SI,HR,SI,-1405.201263194469,1500.0,1500.0,2905.201263194469,94.79873680553101,False,False,ALL_12_RETAINED_INTERFACES_AT_THE_SAME_RESIDUAL_SCARCITY_HOUR
AT,2019-12-12 17:00:00,IT_AT,AT,IT,-300.0,700.0,300.0,1000.0,0.0,False,True,ALL_12_RETAINED_INTERFACES_AT_THE_SAME_RESIDUAL_SCARCITY_HOUR
AT,2019-12-12 17:00:00,IT_CH,CH,IT,4600.0,4600.0,1900.0,0.0,6500.0,True,False,ALL_12_RETAINED_INTERFACES_AT_THE_SAME_RESIDUAL_SCARCITY_HOUR
AT,2019-12-12 17:00:00,IT_FR,FR,IT,4500.0,4500.0,2200.0,0.0,6700.0,True,False,ALL_12_RETAINED_INTERFACES_AT_THE_SAME_RESIDUAL_SCARCITY_HOUR
AT,2019-12-12 17:00:00,IT_GR,GR,IT,500.0,500.0,500.0,0.0,1000.0,True,False,ALL_12_RETAINED_INTERFACES_AT_THE_SAME_RESIDUAL_SCARCITY_HOUR
AT,2019-12-12 17:00:00,IT_ME,IT,ME,-600.0,600.0,600.0,1200.0,0.0,False,True,ALL_12_RETAINED_INTERFACES_AT_THE_SAME_RESIDUAL_SCARCITY_HOUR
AT,2019-12-12 17:00:00,IT_MT,IT,MT,-200.0,200.0,200.0,400.0,0.0,False,True,ALL_12_RETAINED_INTERFACES_AT_THE_SAME_RESIDUAL_SCARCITY_HOUR
AT,2019-12-12 17:00:00,IT_SI,IT,SI,1200.0,1200.0,1100.0,0.0,2300.0,True,False,ALL_12_RETAINED_INTERFACES_AT_THE_SAME_RESIDUAL_SCARCITY_HOUR
AT,2019-12-12 17:00:00,IT_TN,IT,TN,-600.0,600.0,600.0,1200.0,0.0,False,True,ALL_12_RETAINED_INTERFACES_AT_THE_SAME_RESIDUAL_SCARCITY_HOUR
AT,2019-12-12 18:00:00,EXT_AT_CH,AT,CH,-1200.0,1200.0,1200.0,2400.0,0.0,False,True,ALL_12_RETAINED_INTERFACES_AT_THE_SAME_RESIDUAL_SCARCITY_HOUR
AT,2019-12-12 18:00:00,EXT_AT_SI,AT,SI,-381.38213270063784,1450.0,1450.0,1831.3821327006378,1068.6178672993622,False,False,ALL_12_RETAINED_INTERFACES_AT_THE_SAME_RESIDUAL_SCARCITY_HOUR
AT,2019-12-12 18:00:00,EXT_CH_FR,CH,FR,-4500.0,2200.0,4500.0,6700.0,0.0,False,True,ALL_12_RETAINED_INTERFACES_AT_THE_SAME_RESIDUAL_SCARCITY_HOUR
AT,2019-12-12 18:00:00,EXT_HR_SI,HR,SI,-1407.1486794523316,1500.0,1500.0,2907.1486794523316,92.85132054766837,False,False,ALL_12_RETAINED_INTERFACES_AT_THE_SAME_RESIDUAL_SCARCITY_HOUR
AT,2019-12-12 18:00:00,IT_AT,AT,IT,700.0,700.0,300.0,0.0,1000.0,True,False,ALL_12_RETAINED_INTERFACES_AT_THE_SAME_RESIDUAL_SCARCITY_HOUR
AT,2019-12-12 18:00:00,IT_CH,CH,IT,4600.0,4600.0,1900.0,0.0,6500.0,True,False,ALL_12_RETAINED_INTERFACES_AT_THE_SAME_RESIDUAL_SCARCITY_HOUR
AT,2019-12-12 18:00:00,IT_FR,FR,IT,4500.0,4500.0,2200.0,0.0,6700.0,True,False,ALL_12_RETAINED_INTERFACES_AT_THE_SAME_RESIDUAL_SCARCITY_HOUR
AT,2019-12-12 18:00:00,IT_GR,GR,IT,500.0,500.0,500.0,0.0,1000.0,True,False,ALL_12_RETAINED_INTERFACES_AT_THE_SAME_RESIDUAL_SCARCITY_HOUR
AT,2019-12-12 18:00:00,IT_ME,IT,ME,-600.0,600.0,600.0,1200.0,0.0,False,True,ALL_12_RETAINED_INTERFACES_AT_THE_SAME_RESIDUAL_SCARCITY_HOUR
AT,2019-12-12 18:00:00,IT_MT,IT,MT,-200.0,200.0,200.0,400.0,0.0,False,True,ALL_12_RETAINED_INTERFACES_AT_THE_SAME_RESIDUAL_SCARCITY_HOUR
AT,2019-12-12 18:00:00,IT_SI,IT,SI,-1100.0,1200.0,1100.0,2300.0,0.0,False,True,ALL_12_RETAINED_INTERFACES_AT_THE_SAME_RESIDUAL_SCARCITY_HOUR
AT,2019-12-12 18:00:00,IT_TN,IT,TN,-600.0,600.0,600.0,1200.0,0.0,False,True,ALL_12_RETAINED_INTERFACES_AT_THE_SAME_RESIDUAL_SCARCITY_HOUR
AT,2019-12-12 19:00:00,EXT_AT_CH,AT,CH,-1200.0,1200.0,1200.0,2400.0,0.0,False,True,ALL_12_RETAINED_INTERFACES_AT_THE_SAME_RESIDUAL_SCARCITY_HOUR
AT,2019-12-12 19:00:00,EXT_AT_SI,AT,SI,-1450.0,1450.0,1450.0,2900.0,0.0,False,True,ALL_12_RETAINED_INTERFACES_AT_THE_SAME_RESIDUAL_SCARCITY_HOUR
AT,2019-12-12 19:00:00,EXT_CH_FR,CH,FR,-4500.0,2200.0,4500.0,6700.0,0.0,False,True,ALL_12_RETAINED_INTERFACES_AT_THE_SAME_RESIDUAL_SCARCITY_HOUR
AT,2019-12-12 19:00:00,EXT_HR_SI,HR,SI,-338.43092754761585,1500.0,1500.0,1838.4309275476157,1161.5690724523843,False,False,ALL_12_RETAINED_INTERFACES_AT_THE_SAME_RESIDUAL_SCARCITY_HOUR
AT,2019-12-12 19:00:00,IT_AT,AT,IT,700.0,700.0,300.0,0.0,1000.0,True,False,ALL_12_RETAINED_INTERFACES_AT_THE_SAME_RESIDUAL_SCARCITY_HOUR
AT,2019-12-12 19:00:00,IT_CH,CH,IT,4600.0,4600.0,1900.0,0.0,6500.0,True,False,ALL_12_RETAINED_INTERFACES_AT_THE_SAME_RESIDUAL_SCARCITY_HOUR
AT,2019-12-12 19:00:00,IT_FR,FR,IT,4500.0,4500.0,2200.0,0.0,6700.0,True,False,ALL_12_RETAINED_INTERFACES_AT_THE_SAME_RESIDUAL_SCARCITY_HOUR
AT,2019-12-12 19:00:00,IT_GR,GR,IT,500.0,500.0,500.0,0.0,1000.0,True,False,ALL_12_RETAINED_INTERFACES_AT_THE_SAME_RESIDUAL_SCARCITY_HOUR
AT,2019-12-12 19:00:00,IT_ME,IT,ME,-600.0,600.0,600.0,1200.0,0.0,False,True,ALL_12_RETAINED_INTERFACES_AT_THE_SAME_RESIDUAL_SCARCITY_HOUR
AT,2019-12-12 19:00:00,IT_MT,IT,MT,-200.0,200.0,200.0,400.0,0.0,False,True,ALL_12_RETAINED_INTERFACES_AT_THE_SAME_RESIDUAL_SCARCITY_HOUR
AT,2019-12-12 19:00:00,IT_SI,IT,SI,-1100.0,1200.0,1100.0,2300.0,0.0,False,True,ALL_12_RETAINED_INTERFACES_AT_THE_SAME_RESIDUAL_SCARCITY_HOUR
AT,2019-12-12 19:00:00,IT_TN,IT,TN,-600.0,600.0,600.0,1200.0,0.0,False,True,ALL_12_RETAINED_INTERFACES_AT_THE_SAME_RESIDUAL_SCARCITY_HOUR
AT,2019-12-12 20:00:00,EXT_AT_CH,AT,CH,-1200.0,1200.0,1200.0,2400.0,0.0,False,True,ALL_12_RETAINED_INTERFACES_AT_THE_SAME_RESIDUAL_SCARCITY_HOUR
AT,2019-12-12 20:00:00,EXT_AT_SI,AT,SI,1450.0,1450.0,1450.0,0.0,2900.0,True,False,ALL_12_RETAINED_INTERFACES_AT_THE_SAME_RESIDUAL_SCARCITY_HOUR
AT,2019-12-12 20:00:00,EXT_CH_FR,CH,FR,-4500.0,2200.0,4500.0,6700.0,0.0,False,True,ALL_12_RETAINED_INTERFACES_AT_THE_SAME_RESIDUAL_SCARCITY_HOUR
AT,2019-12-12 20:00:00,EXT_HR_SI,HR,SI,-1324.0093379824007,1500.0,1500.0,2824.0093379824007,175.99066201759933,False,False,ALL_12_RETAINED_INTERFACES_AT_THE_SAME_RESIDUAL_SCARCITY_HOUR
AT,2019-12-12 20:00:00,IT_AT,AT,IT,700.0,700.0,300.0,0.0,1000.0,True,False,ALL_12_RETAINED_INTERFACES_AT_THE_SAME_RESIDUAL_SCARCITY_HOUR
AT,2019-12-12 20:00:00,IT_CH,CH,IT,4600.0,4600.0,1900.0,0.0,6500.0,True,False,ALL_12_RETAINED_INTERFACES_AT_THE_SAME_RESIDUAL_SCARCITY_HOUR
AT,2019-12-12 20:00:00,IT_FR,FR,IT,4500.0,4500.0,2200.0,0.0,6700.0,True,False,ALL_12_RETAINED_INTERFACES_AT_THE_SAME_RESIDUAL_SCARCITY_HOUR
AT,2019-12-12 20:00:00,IT_GR,GR,IT,500.0,500.0,500.0,0.0,1000.0,True,False,ALL_12_RETAINED_INTERFACES_AT_THE_SAME_RESIDUAL_SCARCITY_HOUR
AT,2019-12-12 20:00:00,IT_ME,IT,ME,-600.0,600.0,600.0,1200.0,0.0,False,True,ALL_12_RETAINED_INTERFACES_AT_THE_SAME_RESIDUAL_SCARCITY_HOUR
AT,2019-12-12 20:00:00,IT_MT,IT,MT,-200.0,200.0,200.0,400.0,0.0,False,True,ALL_12_RETAINED_INTERFACES_AT_THE_SAME_RESIDUAL_SCARCITY_HOUR
AT,2019-12-12 20:00:00,IT_SI,IT,SI,806.9274842966632,1200.0,1100.0,393.07251570333676,1906.9274842966634,False,False,ALL_12_RETAINED_INTERFACES_AT_THE_SAME_RESIDUAL_SCARCITY_HOUR
AT,2019-12-12 20:00:00,IT_TN,IT,TN,-600.0,600.0,600.0,1200.0,0.0,False,True,ALL_12_RETAINED_INTERFACES_AT_THE_SAME_RESIDUAL_SCARCITY_HOUR
AT,2019-12-12 21:00:00,EXT_AT_CH,AT,CH,-1200.0,1200.0,1200.0,2400.0,0.0,False,True,ALL_12_RETAINED_INTERFACES_AT_THE_SAME_RESIDUAL_SCARCITY_HOUR
AT,2019-12-12 21:00:00,EXT_AT_SI,AT,SI,1450.0,1450.0,1450.0,0.0,2900.0,True,False,ALL_12_RETAINED_INTERFACES_AT_THE_SAME_RESIDUAL_SCARCITY_HOUR
AT,2019-12-12 21:00:00,EXT_CH_FR,CH,FR,-4500.0,2200.0,4500.0,6700.0,0.0,False,True,ALL_12_RETAINED_INTERFACES_AT_THE_SAME_RESIDUAL_SCARCITY_HOUR
AT,2019-12-12 21:00:00,EXT_HR_SI,HR,SI,-1021.8742416991901,1500.0,1500.0,2521.87424169919,478.12575830080993,False,False,ALL_12_RETAINED_INTERFACES_AT_THE_SAME_RESIDUAL_SCARCITY_HOUR
AT,2019-12-12 21:00:00,IT_AT,AT,IT,-300.0,700.0,300.0,1000.0,0.0,False,True,ALL_12_RETAINED_INTERFACES_AT_THE_SAME_RESIDUAL_SCARCITY_HOUR
AT,2019-12-12 21:00:00,IT_CH,CH,IT,4600.0,4600.0,1900.0,0.0,6500.0,True,False,ALL_12_RETAINED_INTERFACES_AT_THE_SAME_RESIDUAL_SCARCITY_HOUR
AT,2019-12-12 21:00:00,IT_FR,FR,IT,4500.0,4500.0,2200.0,0.0,6700.0,True,False,ALL_12_RETAINED_INTERFACES_AT_THE_SAME_RESIDUAL_SCARCITY_HOUR
AT,2019-12-12 21:00:00,IT_GR,GR,IT,500.0,500.0,500.0,0.0,1000.0,True,False,ALL_12_RETAINED_INTERFACES_AT_THE_SAME_RESIDUAL_SCARCITY_HOUR
AT,2019-12-12 21:00:00,IT_ME,IT,ME,-600.0,600.0,600.0,1200.0,0.0,False,True,ALL_12_RETAINED_INTERFACES_AT_THE_SAME_RESIDUAL_SCARCITY_HOUR
AT,2019-12-12 21:00:00,IT_MT,IT,MT,-200.0,200.0,200.0,400.0,0.0,False,True,ALL_12_RETAINED_INTERFACES_AT_THE_SAME_RESIDUAL_SCARCITY_HOUR
AT,2019-12-12 21:00:00,IT_SI,IT,SI,-1100.0,1200.0,1100.0,2300.0,0.0,False,True,ALL_12_RETAINED_INTERFACES_AT_THE_SAME_RESIDUAL_SCARCITY_HOUR
AT,2019-12-12 21:00:00,IT_TN,IT,TN,-600.0,600.0,600.0,1200.0,0.0,False,True,ALL_12_RETAINED_INTERFACES_AT_THE_SAME_RESIDUAL_SCARCITY_HOUR
AT,2019-12-12 22:00:00,EXT_AT_CH,AT,CH,-1200.0,1200.0,1200.0,2400.0,0.0,False,True,ALL_12_RETAINED_INTERFACES_AT_THE_SAME_RESIDUAL_SCARCITY_HOUR
AT,2019-12-12 22:00:00,EXT_AT_SI,AT,SI,-1450.0,1450.0,1450.0,2900.0,0.0,False,True,ALL_12_RETAINED_INTERFACES_AT_THE_SAME_RESIDUAL_SCARCITY_HOUR
AT,2019-12-12 22:00:00,EXT_CH_FR,CH,FR,-4500.0,2200.0,4500.0,6700.0,0.0,False,True,ALL_12_RETAINED_INTERFACES_AT_THE_SAME_RESIDUAL_SCARCITY_HOUR
AT,2019-12-12 22:00:00,EXT_HR_SI,HR,SI,-338.11925800996653,1500.0,1500.0,1838.1192580099664,1161.8807419900336,False,False,ALL_12_RETAINED_INTERFACES_AT_THE_SAME_RESIDUAL_SCARCITY_HOUR
AT,2019-12-12 22:00:00,IT_AT,AT,IT,-300.0,700.0,300.0,1000.0,0.0,False,True,ALL_12_RETAINED_INTERFACES_AT_THE_SAME_RESIDUAL_SCARCITY_HOUR
AT,2019-12-12 22:00:00,IT_CH,CH,IT,4600.0,4600.0,1900.0,0.0,6500.0,True,False,ALL_12_RETAINED_INTERFACES_AT_THE_SAME_RESIDUAL_SCARCITY_HOUR
AT,2019-12-12 22:00:00,IT_FR,FR,IT,4500.0,4500.0,2200.0,0.0,6700.0,True,False,ALL_12_RETAINED_INTERFACES_AT_THE_SAME_RESIDUAL_SCARCITY_HOUR
AT,2019-12-12 22:00:00,IT_GR,GR,IT,500.0,500.0,500.0,0.0,1000.0,True,False,ALL_12_RETAINED_INTERFACES_AT_THE_SAME_RESIDUAL_SCARCITY_HOUR
AT,2019-12-12 22:00:00,IT_ME,IT,ME,-600.0,600.0,600.0,1200.0,0.0,False,True,ALL_12_RETAINED_INTERFACES_AT_THE_SAME_RESIDUAL_SCARCITY_HOUR
AT,2019-12-12 22:00:00,IT_MT,IT,MT,-200.0,200.0,200.0,400.0,0.0,False,True,ALL_12_RETAINED_INTERFACES_AT_THE_SAME_RESIDUAL_SCARCITY_HOUR
AT,2019-12-12 22:00:00,IT_SI,IT,SI,-1100.0,1200.0,1100.0,2300.0,0.0,False,True,ALL_12_RETAINED_INTERFACES_AT_THE_SAME_RESIDUAL_SCARCITY_HOUR
AT,2019-12-12 22:00:00,IT_TN,IT,TN,-600.0,600.0,600.0,1200.0,0.0,False,True,ALL_12_RETAINED_INTERFACES_AT_THE_SAME_RESIDUAL_SCARCITY_HOUR
AT,2019-12-12 23:00:00,EXT_AT_CH,AT,CH,-1200.0,1200.0,1200.0,2400.0,0.0,False,True,ALL_12_RETAINED_INTERFACES_AT_THE_SAME_RESIDUAL_SCARCITY_HOUR
AT,2019-12-12 23:00:00,EXT_AT_SI,AT,SI,-1450.0,1450.0,1450.0,2900.0,0.0,False,True,ALL_12_RETAINED_INTERFACES_AT_THE_SAME_RESIDUAL_SCARCITY_HOUR
AT,2019-12-12 23:00:00,EXT_CH_FR,CH,FR,-4500.0,2200.0,4500.0,6700.0,0.0,False,True,ALL_12_RETAINED_INTERFACES_AT_THE_SAME_RESIDUAL_SCARCITY_HOUR
AT,2019-12-12 23:00:00,EXT_HR_SI,HR,SI,-297.0721391173928,1500.0,1500.0,1797.072139117393,1202.927860882607,False,False,ALL_12_RETAINED_INTERFACES_AT_THE_SAME_RESIDUAL_SCARCITY_HOUR
AT,2019-12-12 23:00:00,IT_AT,AT,IT,-300.0,700.0,300.0,1000.0,0.0,False,True,ALL_12_RETAINED_INTERFACES_AT_THE_SAME_RESIDUAL_SCARCITY_HOUR
AT,2019-12-12 23:00:00,IT_CH,CH,IT,4600.0,4600.0,1900.0,0.0,6500.0,True,False,ALL_12_RETAINED_INTERFACES_AT_THE_SAME_RESIDUAL_SCARCITY_HOUR
AT,2019-12-12 23:00:00,IT_FR,FR,IT,4500.0,4500.0,2200.0,0.0,6700.0,True,False,ALL_12_RETAINED_INTERFACES_AT_THE_SAME_RESIDUAL_SCARCITY_HOUR
AT,2019-12-12 23:00:00,IT_GR,GR,IT,500.0,500.0,500.0,0.0,1000.0,True,False,ALL_12_RETAINED_INTERFACES_AT_THE_SAME_RESIDUAL_SCARCITY_HOUR
AT,2019-12-12 23:00:00,IT_ME,IT,ME,-600.0,600.0,600.0,1200.0,0.0,False,True,ALL_12_RETAINED_INTERFACES_AT_THE_SAME_RESIDUAL_SCARCITY_HOUR
AT,2019-12-12 23:00:00,IT_MT,IT,MT,-200.0,200.0,200.0,400.0,0.0,False,True,ALL_12_RETAINED_INTERFACES_AT_THE_SAME_RESIDUAL_SCARCITY_HOUR
AT,2019-12-12 23:00:00,IT_SI,IT,SI,1200.0,1200.0,1100.0,0.0,2300.0,True,False,ALL_12_RETAINED_INTERFACES_AT_THE_SAME_RESIDUAL_SCARCITY_HOUR
AT,2019-12-12 23:00:00,IT_TN,IT,TN,-600.0,600.0,600.0,1200.0,0.0,False,True,ALL_12_RETAINED_INTERFACES_AT_THE_SAME_RESIDUAL_SCARCITY_HOUR
AT,2019-12-13 00:00:00,EXT_AT_CH,AT,CH,-1200.0,1200.0,1200.0,2400.0,0.0,False,True,ALL_12_RETAINED_INTERFACES_AT_THE_SAME_RESIDUAL_SCARCITY_HOUR
AT,2019-12-13 00:00:00,EXT_AT_SI,AT,SI,-994.1758126129247,1450.0,1450.0,2444.175812612925,455.8241873870753,False,False,ALL_12_RETAINED_INTERFACES_AT_THE_SAME_RESIDUAL_SCARCITY_HOUR
AT,2019-12-13 00:00:00,EXT_CH_FR,CH,FR,-4500.0,2200.0,4500.0,6700.0,0.0,False,True,ALL_12_RETAINED_INTERFACES_AT_THE_SAME_RESIDUAL_SCARCITY_HOUR
AT,2019-12-13 00:00:00,EXT_HR_SI,HR,SI,-84.06835278567192,1500.0,1500.0,1584.068352785672,1415.931647214328,False,False,ALL_12_RETAINED_INTERFACES_AT_THE_SAME_RESIDUAL_SCARCITY_HOUR
AT,2019-12-13 00:00:00,IT_AT,AT,IT,-300.0,700.0,300.0,1000.0,0.0,False,True,ALL_12_RETAINED_INTERFACES_AT_THE_SAME_RESIDUAL_SCARCITY_HOUR
AT,2019-12-13 00:00:00,IT_CH,CH,IT,4600.0,4600.0,1900.0,0.0,6500.0,True,False,ALL_12_RETAINED_INTERFACES_AT_THE_SAME_RESIDUAL_SCARCITY_HOUR
AT,2019-12-13 00:00:00,IT_FR,FR,IT,4500.0,4500.0,2200.0,0.0,6700.0,True,False,ALL_12_RETAINED_INTERFACES_AT_THE_SAME_RESIDUAL_SCARCITY_HOUR
AT,2019-12-13 00:00:00,IT_GR,GR,IT,500.0,500.0,500.0,0.0,1000.0,True,False,ALL_12_RETAINED_INTERFACES_AT_THE_SAME_RESIDUAL_SCARCITY_HOUR
AT,2019-12-13 00:00:00,IT_ME,IT,ME,-600.0,600.0,600.0,1200.0,0.0,False,True,ALL_12_RETAINED_INTERFACES_AT_THE_SAME_RESIDUAL_SCARCITY_HOUR
AT,2019-12-13 00:00:00,IT_MT,IT,MT,-200.0,200.0,200.0,400.0,0.0,False,True,ALL_12_RETAINED_INTERFACES_AT_THE_SAME_RESIDUAL_SCARCITY_HOUR
AT,2019-12-13 00:00:00,IT_SI,IT,SI,1200.0,1200.0,1100.0,0.0,2300.0,True,False,ALL_12_RETAINED_INTERFACES_AT_THE_SAME_RESIDUAL_SCARCITY_HOUR
AT,2019-12-13 00:00:00,IT_TN,IT,TN,-600.0,600.0,600.0,1200.0,0.0,False,True,ALL_12_RETAINED_INTERFACES_AT_THE_SAME_RESIDUAL_SCARCITY_HOUR
AT,2019-12-13 01:00:00,EXT_AT_CH,AT,CH,-1200.0,1200.0,1200.0,2400.0,0.0,False,True,ALL_12_RETAINED_INTERFACES_AT_THE_SAME_RESIDUAL_SCARCITY_HOUR
AT,2019-12-13 01:00:00,EXT_AT_SI,AT,SI,-1450.0,1450.0,1450.0,2900.0,0.0,False,True,ALL_12_RETAINED_INTERFACES_AT_THE_SAME_RESIDUAL_SCARCITY_HOUR
AT,2019-12-13 01:00:00,EXT_CH_FR,CH,FR,-4500.0,2200.0,4500.0,6700.0,0.0,False,True,ALL_12_RETAINED_INTERFACES_AT_THE_SAME_RESIDUAL_SCARCITY_HOUR
AT,2019-12-13 01:00:00,EXT_HR_SI,HR,SI,4.731060162550115,1500.0,1500.0,1495.2689398374498,1504.7310601625502,False,False,ALL_12_RETAINED_INTERFACES_AT_THE_SAME_RESIDUAL_SCARCITY_HOUR
AT,2019-12-13 01:00:00,IT_AT,AT,IT,-300.0,700.0,300.0,1000.0,0.0,False,True,ALL_12_RETAINED_INTERFACES_AT_THE_SAME_RESIDUAL_SCARCITY_HOUR
AT,2019-12-13 01:00:00,IT_CH,CH,IT,4600.0,4600.0,1900.0,0.0,6500.0,True,False,ALL_12_RETAINED_INTERFACES_AT_THE_SAME_RESIDUAL_SCARCITY_HOUR
AT,2019-12-13 01:00:00,IT_FR,FR,IT,4500.0,4500.0,2200.0,0.0,6700.0,True,False,ALL_12_RETAINED_INTERFACES_AT_THE_SAME_RESIDUAL_SCARCITY_HOUR
AT,2019-12-13 01:00:00,IT_GR,GR,IT,500.0,500.0,500.0,0.0,1000.0,True,False,ALL_12_RETAINED_INTERFACES_AT_THE_SAME_RESIDUAL_SCARCITY_HOUR
AT,2019-12-13 01:00:00,IT_ME,IT,ME,-600.0,600.0,600.0,1200.0,0.0,False,True,ALL_12_RETAINED_INTERFACES_AT_THE_SAME_RESIDUAL_SCARCITY_HOUR
AT,2019-12-13 01:00:00,IT_MT,IT,MT,-200.0,200.0,200.0,400.0,0.0,False,True,ALL_12_RETAINED_INTERFACES_AT_THE_SAME_RESIDUAL_SCARCITY_HOUR
AT,2019-12-13 01:00:00,IT_SI,IT,SI,1200.0,1200.0,1100.0,0.0,2300.0,True,False,ALL_12_RETAINED_INTERFACES_AT_THE_SAME_RESIDUAL_SCARCITY_HOUR
AT,2019-12-13 01:00:00,IT_TN,IT,TN,-600.0,600.0,600.0,1200.0,0.0,False,True,ALL_12_RETAINED_INTERFACES_AT_THE_SAME_RESIDUAL_SCARCITY_HOUR
AT,2019-12-13 05:00:00,EXT_AT_CH,AT,CH,-1200.0,1200.0,1200.0,2400.0,0.0,False,True,ALL_12_RETAINED_INTERFACES_AT_THE_SAME_RESIDUAL_SCARCITY_HOUR
AT,2019-12-13 05:00:00,EXT_AT_SI,AT,SI,-1450.0,1450.0,1450.0,2900.0,0.0,False,True,ALL_12_RETAINED_INTERFACES_AT_THE_SAME_RESIDUAL_SCARCITY_HOUR
AT,2019-12-13 05:00:00,EXT_CH_FR,CH,FR,-4500.0,2200.0,4500.0,6700.0,0.0,False,True,ALL_12_RETAINED_INTERFACES_AT_THE_SAME_RESIDUAL_SCARCITY_HOUR
AT,2019-12-13 05:00:00,EXT_HR_SI,HR,SI,-595.8810714907237,1500.0,1500.0,2095.8810714907236,904.1189285092763,False,False,ALL_12_RETAINED_INTERFACES_AT_THE_SAME_RESIDUAL_SCARCITY_HOUR
AT,2019-12-13 05:00:00,IT_AT,AT,IT,-300.0,700.0,300.0,1000.0,0.0,False,True,ALL_12_RETAINED_INTERFACES_AT_THE_SAME_RESIDUAL_SCARCITY_HOUR
AT,2019-12-13 05:00:00,IT_CH,CH,IT,4600.0,4600.0,1900.0,0.0,6500.0,True,False,ALL_12_RETAINED_INTERFACES_AT_THE_SAME_RESIDUAL_SCARCITY_HOUR
AT,2019-12-13 05:00:00,IT_FR,FR,IT,4500.0,4500.0,2200.0,0.0,6700.0,True,False,ALL_12_RETAINED_INTERFACES_AT_THE_SAME_RESIDUAL_SCARCITY_HOUR
AT,2019-12-13 05:00:00,IT_GR,GR,IT,500.0,500.0,500.0,0.0,1000.0,True,False,ALL_12_RETAINED_INTERFACES_AT_THE_SAME_RESIDUAL_SCARCITY_HOUR
AT,2019-12-13 05:00:00,IT_ME,IT,ME,-600.0,600.0,600.0,1200.0,0.0,False,True,ALL_12_RETAINED_INTERFACES_AT_THE_SAME_RESIDUAL_SCARCITY_HOUR
AT,2019-12-13 05:00:00,IT_MT,IT,MT,-200.0,200.0,200.0,400.0,0.0,False,True,ALL_12_RETAINED_INTERFACES_AT_THE_SAME_RESIDUAL_SCARCITY_HOUR
AT,2019-12-13 05:00:00,IT_SI,IT,SI,1200.0,1200.0,1100.0,0.0,2300.0,True,False,ALL_12_RETAINED_INTERFACES_AT_THE_SAME_RESIDUAL_SCARCITY_HOUR
AT,2019-12-13 05:00:00,IT_TN,IT,TN,-600.0,600.0,600.0,1200.0,0.0,False,True,ALL_12_RETAINED_INTERFACES_AT_THE_SAME_RESIDUAL_SCARCITY_HOUR
AT,2019-12-13 06:00:00,EXT_AT_CH,AT,CH,-1200.0,1200.0,1200.0,2400.0,0.0,False,True,ALL_12_RETAINED_INTERFACES_AT_THE_SAME_RESIDUAL_SCARCITY_HOUR
AT,2019-12-13 06:00:00,EXT_AT_SI,AT,SI,-1450.0,1450.0,1450.0,2900.0,0.0,False,True,ALL_12_RETAINED_INTERFACES_AT_THE_SAME_RESIDUAL_SCARCITY_HOUR
AT,2019-12-13 06:00:00,EXT_CH_FR,CH,FR,-4500.0,2200.0,4500.0,6700.0,0.0,False,True,ALL_12_RETAINED_INTERFACES_AT_THE_SAME_RESIDUAL_SCARCITY_HOUR
AT,2019-12-13 06:00:00,EXT_HR_SI,HR,SI,-891.7461929645787,1500.0,1500.0,2391.7461929645788,608.2538070354213,False,False,ALL_12_RETAINED_INTERFACES_AT_THE_SAME_RESIDUAL_SCARCITY_HOUR
AT,2019-12-13 06:00:00,IT_AT,AT,IT,-300.0,700.0,300.0,1000.0,0.0,False,True,ALL_12_RETAINED_INTERFACES_AT_THE_SAME_RESIDUAL_SCARCITY_HOUR
AT,2019-12-13 06:00:00,IT_CH,CH,IT,4600.0,4600.0,1900.0,0.0,6500.0,True,False,ALL_12_RETAINED_INTERFACES_AT_THE_SAME_RESIDUAL_SCARCITY_HOUR
AT,2019-12-13 06:00:00,IT_FR,FR,IT,4500.0,4500.0,2200.0,0.0,6700.0,True,False,ALL_12_RETAINED_INTERFACES_AT_THE_SAME_RESIDUAL_SCARCITY_HOUR
AT,2019-12-13 06:00:00,IT_GR,GR,IT,500.0,500.0,500.0,0.0,1000.0,True,False,ALL_12_RETAINED_INTERFACES_AT_THE_SAME_RESIDUAL_SCARCITY_HOUR
AT,2019-12-13 06:00:00,IT_ME,IT,ME,-600.0,600.0,600.0,1200.0,0.0,False,True,ALL_12_RETAINED_INTERFACES_AT_THE_SAME_RESIDUAL_SCARCITY_HOUR
AT,2019-12-13 06:00:00,IT_MT,IT,MT,-200.0,200.0,200.0,400.0,0.0,False,True,ALL_12_RETAINED_INTERFACES_AT_THE_SAME_RESIDUAL_SCARCITY_HOUR
AT,2019-12-13 06:00:00,IT_SI,IT,SI,1200.0,1200.0,1100.0,0.0,2300.0,True,False,ALL_12_RETAINED_INTERFACES_AT_THE_SAME_RESIDUAL_SCARCITY_HOUR
AT,2019-12-13 06:00:00,IT_TN,IT,TN,-600.0,600.0,600.0,1200.0,0.0,False,True,ALL_12_RETAINED_INTERFACES_AT_THE_SAME_RESIDUAL_SCARCITY_HOUR
AT,2019-12-13 07:00:00,EXT_AT_CH,AT,CH,-1200.0,1200.0,1200.0,2400.0,0.0,False,True,ALL_12_RETAINED_INTERFACES_AT_THE_SAME_RESIDUAL_SCARCITY_HOUR
AT,2019-12-13 07:00:00,EXT_AT_SI,AT,SI,-1450.0,1450.0,1450.0,2900.0,0.0,False,True,ALL_12_RETAINED_INTERFACES_AT_THE_SAME_RESIDUAL_SCARCITY_HOUR
AT,2019-12-13 07:00:00,EXT_CH_FR,CH,FR,-4500.0,2200.0,4500.0,6700.0,0.0,False,True,ALL_12_RETAINED_INTERFACES_AT_THE_SAME_RESIDUAL_SCARCITY_HOUR
AT,2019-12-13 07:00:00,EXT_HR_SI,HR,SI,-417.8943456058869,1500.0,1500.0,1917.8943456058869,1082.1056543941131,False,False,ALL_12_RETAINED_INTERFACES_AT_THE_SAME_RESIDUAL_SCARCITY_HOUR
AT,2019-12-13 07:00:00,IT_AT,AT,IT,-300.0,700.0,300.0,1000.0,0.0,False,True,ALL_12_RETAINED_INTERFACES_AT_THE_SAME_RESIDUAL_SCARCITY_HOUR
AT,2019-12-13 07:00:00,IT_CH,CH,IT,4600.0,4600.0,1900.0,0.0,6500.0,True,False,ALL_12_RETAINED_INTERFACES_AT_THE_SAME_RESIDUAL_SCARCITY_HOUR
AT,2019-12-13 07:00:00,IT_FR,FR,IT,4500.0,4500.0,2200.0,0.0,6700.0,True,False,ALL_12_RETAINED_INTERFACES_AT_THE_SAME_RESIDUAL_SCARCITY_HOUR
AT,2019-12-13 07:00:00,IT_GR,GR,IT,500.0,500.0,500.0,0.0,1000.0,True,False,ALL_12_RETAINED_INTERFACES_AT_THE_SAME_RESIDUAL_SCARCITY_HOUR
AT,2019-12-13 07:00:00,IT_ME,IT,ME,-600.0,600.0,600.0,1200.0,0.0,False,True,ALL_12_RETAINED_INTERFACES_AT_THE_SAME_RESIDUAL_SCARCITY_HOUR
AT,2019-12-13 07:00:00,IT_MT,IT,MT,-200.0,200.0,200.0,400.0,0.0,False,True,ALL_12_RETAINED_INTERFACES_AT_THE_SAME_RESIDUAL_SCARCITY_HOUR
AT,2019-12-13 07:00:00,IT_SI,IT,SI,1200.0,1200.0,1100.0,0.0,2300.0,True,False,ALL_12_RETAINED_INTERFACES_AT_THE_SAME_RESIDUAL_SCARCITY_HOUR
AT,2019-12-13 07:00:00,IT_TN,IT,TN,-600.0,600.0,600.0,1200.0,0.0,False,True,ALL_12_RETAINED_INTERFACES_AT_THE_SAME_RESIDUAL_SCARCITY_HOUR
AT,2019-12-13 15:00:00,EXT_AT_CH,AT,CH,-1200.0,1200.0,1200.0,2400.0,0.0,False,True,ALL_12_RETAINED_INTERFACES_AT_THE_SAME_RESIDUAL_SCARCITY_HOUR
AT,2019-12-13 15:00:00,EXT_AT_SI,AT,SI,-1450.0,1450.0,1450.0,2900.0,0.0,False,True,ALL_12_RETAINED_INTERFACES_AT_THE_SAME_RESIDUAL_SCARCITY_HOUR
AT,2019-12-13 15:00:00,EXT_CH_FR,CH,FR,-4500.0,2200.0,4500.0,6700.0,0.0,False,True,ALL_12_RETAINED_INTERFACES_AT_THE_SAME_RESIDUAL_SCARCITY_HOUR
AT,2019-12-13 15:00:00,EXT_HR_SI,HR,SI,611.6457580096754,1500.0,1500.0,888.3542419903246,2111.6457580096753,False,False,ALL_12_RETAINED_INTERFACES_AT_THE_SAME_RESIDUAL_SCARCITY_HOUR
AT,2019-12-13 15:00:00,IT_AT,AT,IT,-300.0,700.0,300.0,1000.0,0.0,False,True,ALL_12_RETAINED_INTERFACES_AT_THE_SAME_RESIDUAL_SCARCITY_HOUR
AT,2019-12-13 15:00:00,IT_CH,CH,IT,4600.0,4600.0,1900.0,0.0,6500.0,True,False,ALL_12_RETAINED_INTERFACES_AT_THE_SAME_RESIDUAL_SCARCITY_HOUR
AT,2019-12-13 15:00:00,IT_FR,FR,IT,4500.0,4500.0,2200.0,0.0,6700.0,True,False,ALL_12_RETAINED_INTERFACES_AT_THE_SAME_RESIDUAL_SCARCITY_HOUR
AT,2019-12-13 15:00:00,IT_GR,GR,IT,500.0,500.0,500.0,0.0,1000.0,True,False,ALL_12_RETAINED_INTERFACES_AT_THE_SAME_RESIDUAL_SCARCITY_HOUR
AT,2019-12-13 15:00:00,IT_ME,IT,ME,-600.0,600.0,600.0,1200.0,0.0,False,True,ALL_12_RETAINED_INTERFACES_AT_THE_SAME_RESIDUAL_SCARCITY_HOUR
AT,2019-12-13 15:00:00,IT_MT,IT,MT,-174.16503134102217,200.0,200.0,374.1650313410222,25.83496865897783,False,False,ALL_12_RETAINED_INTERFACES_AT_THE_SAME_RESIDUAL_SCARCITY_HOUR
AT,2019-12-13 15:00:00,IT_SI,IT,SI,1200.0,1200.0,1100.0,0.0,2300.0,True,False,ALL_12_RETAINED_INTERFACES_AT_THE_SAME_RESIDUAL_SCARCITY_HOUR
AT,2019-12-13 15:00:00,IT_TN,IT,TN,-600.0,600.0,600.0,1200.0,0.0,False,True,ALL_12_RETAINED_INTERFACES_AT_THE_SAME_RESIDUAL_SCARCITY_HOUR
AT,2019-12-13 16:00:00,EXT_AT_CH,AT,CH,-1200.0,1200.0,1200.0,2400.0,0.0,False,True,ALL_12_RETAINED_INTERFACES_AT_THE_SAME_RESIDUAL_SCARCITY_HOUR
AT,2019-12-13 16:00:00,EXT_AT_SI,AT,SI,-1450.0,1450.0,1450.0,2900.0,0.0,False,True,ALL_12_RETAINED_INTERFACES_AT_THE_SAME_RESIDUAL_SCARCITY_HOUR
AT,2019-12-13 16:00:00,EXT_CH_FR,CH,FR,-4500.0,2200.0,4500.0,6700.0,0.0,False,True,ALL_12_RETAINED_INTERFACES_AT_THE_SAME_RESIDUAL_SCARCITY_HOUR
AT,2019-12-13 16:00:00,EXT_HR_SI,HR,SI,1396.5991927144314,1500.0,1500.0,103.40080728556859,2896.5991927144314,False,False,ALL_12_RETAINED_INTERFACES_AT_THE_SAME_RESIDUAL_SCARCITY_HOUR
AT,2019-12-13 16:00:00,IT_AT,AT,IT,-300.0,700.0,300.0,1000.0,0.0,False,True,ALL_12_RETAINED_INTERFACES_AT_THE_SAME_RESIDUAL_SCARCITY_HOUR
AT,2019-12-13 16:00:00,IT_CH,CH,IT,4600.0,4600.0,1900.0,0.0,6500.0,True,False,ALL_12_RETAINED_INTERFACES_AT_THE_SAME_RESIDUAL_SCARCITY_HOUR
AT,2019-12-13 16:00:00,IT_FR,FR,IT,4500.0,4500.0,2200.0,0.0,6700.0,True,False,ALL_12_RETAINED_INTERFACES_AT_THE_SAME_RESIDUAL_SCARCITY_HOUR
AT,2019-12-13 16:00:00,IT_GR,GR,IT,500.0,500.0,500.0,0.0,1000.0,True,False,ALL_12_RETAINED_INTERFACES_AT_THE_SAME_RESIDUAL_SCARCITY_HOUR
AT,2019-12-13 16:00:00,IT_ME,IT,ME,-600.0,600.0,600.0,1200.0,0.0,False,True,ALL_12_RETAINED_INTERFACES_AT_THE_SAME_RESIDUAL_SCARCITY_HOUR
AT,2019-12-13 16:00:00,IT_MT,IT,MT,-163.14094390475157,200.0,200.0,363.14094390475157,36.859056095248434,False,False,ALL_12_RETAINED_INTERFACES_AT_THE_SAME_RESIDUAL_SCARCITY_HOUR
AT,2019-12-13 16:00:00,IT_SI,IT,SI,1200.0,1200.0,1100.0,0.0,2300.0,True,False,ALL_12_RETAINED_INTERFACES_AT_THE_SAME_RESIDUAL_SCARCITY_HOUR
AT,2019-12-13 16:00:00,IT_TN,IT,TN,-600.0,600.0,600.0,1200.0,0.0,False,True,ALL_12_RETAINED_INTERFACES_AT_THE_SAME_RESIDUAL_SCARCITY_HOUR
AT,2019-12-13 17:00:00,EXT_AT_CH,AT,CH,-1200.0,1200.0,1200.0,2400.0,0.0,False,True,ALL_12_RETAINED_INTERFACES_AT_THE_SAME_RESIDUAL_SCARCITY_HOUR
AT,2019-12-13 17:00:00,EXT_AT_SI,AT,SI,-1450.0,1450.0,1450.0,2900.0,0.0,False,True,ALL_12_RETAINED_INTERFACES_AT_THE_SAME_RESIDUAL_SCARCITY_HOUR
AT,2019-12-13 17:00:00,EXT_CH_FR,CH,FR,-4500.0,2200.0,4500.0,6700.0,0.0,False,True,ALL_12_RETAINED_INTERFACES_AT_THE_SAME_RESIDUAL_SCARCITY_HOUR
AT,2019-12-13 17:00:00,EXT_HR_SI,HR,SI,657.1846429717774,1500.0,1500.0,842.8153570282226,2157.1846429717775,False,False,ALL_12_RETAINED_INTERFACES_AT_THE_SAME_RESIDUAL_SCARCITY_HOUR
AT,2019-12-13 17:00:00,IT_AT,AT,IT,-300.0,700.0,300.0,1000.0,0.0,False,True,ALL_12_RETAINED_INTERFACES_AT_THE_SAME_RESIDUAL_SCARCITY_HOUR
AT,2019-12-13 17:00:00,IT_CH,CH,IT,4600.0,4600.0,1900.0,0.0,6500.0,True,False,ALL_12_RETAINED_INTERFACES_AT_THE_SAME_RESIDUAL_SCARCITY_HOUR
AT,2019-12-13 17:00:00,IT_FR,FR,IT,4500.0,4500.0,2200.0,0.0,6700.0,True,False,ALL_12_RETAINED_INTERFACES_AT_THE_SAME_RESIDUAL_SCARCITY_HOUR
AT,2019-12-13 17:00:00,IT_GR,GR,IT,500.0,500.0,500.0,0.0,1000.0,True,False,ALL_12_RETAINED_INTERFACES_AT_THE_SAME_RESIDUAL_SCARCITY_HOUR
AT,2019-12-13 17:00:00,IT_ME,IT,ME,-600.0,600.0,600.0,1200.0,0.0,False,True,ALL_12_RETAINED_INTERFACES_AT_THE_SAME_RESIDUAL_SCARCITY_HOUR
AT,2019-12-13 17:00:00,IT_MT,IT,MT,-110.9063272077085,200.0,200.0,310.9063272077085,89.0936727922915,False,False,ALL_12_RETAINED_INTERFACES_AT_THE_SAME_RESIDUAL_SCARCITY_HOUR
AT,2019-12-13 17:00:00,IT_SI,IT,SI,1200.0,1200.0,1100.0,0.0,2300.0,True,False,ALL_12_RETAINED_INTERFACES_AT_THE_SAME_RESIDUAL_SCARCITY_HOUR
AT,2019-12-13 17:00:00,IT_TN,IT,TN,-600.0,600.0,600.0,1200.0,0.0,False,True,ALL_12_RETAINED_INTERFACES_AT_THE_SAME_RESIDUAL_SCARCITY_HOUR
AT,2019-12-13 18:00:00,EXT_AT_CH,AT,CH,-1200.0,1200.0,1200.0,2400.0,0.0,False,True,ALL_12_RETAINED_INTERFACES_AT_THE_SAME_RESIDUAL_SCARCITY_HOUR
AT,2019-12-13 18:00:00,EXT_AT_SI,AT,SI,-1450.0,1450.0,1450.0,2900.0,0.0,False,True,ALL_12_RETAINED_INTERFACES_AT_THE_SAME_RESIDUAL_SCARCITY_HOUR
AT,2019-12-13 18:00:00,EXT_CH_FR,CH,FR,-4500.0,2200.0,4500.0,6700.0,0.0,False,True,ALL_12_RETAINED_INTERFACES_AT_THE_SAME_RESIDUAL_SCARCITY_HOUR
AT,2019-12-13 18:00:00,EXT_HR_SI,HR,SI,610.3617786456274,1500.0,1500.0,889.6382213543726,2110.3617786456275,False,False,ALL_12_RETAINED_INTERFACES_AT_THE_SAME_RESIDUAL_SCARCITY_HOUR
AT,2019-12-13 18:00:00,IT_AT,AT,IT,-300.0,700.0,300.0,1000.0,0.0,False,True,ALL_12_RETAINED_INTERFACES_AT_THE_SAME_RESIDUAL_SCARCITY_HOUR
AT,2019-12-13 18:00:00,IT_CH,CH,IT,4600.0,4600.0,1900.0,0.0,6500.0,True,False,ALL_12_RETAINED_INTERFACES_AT_THE_SAME_RESIDUAL_SCARCITY_HOUR
AT,2019-12-13 18:00:00,IT_FR,FR,IT,4500.0,4500.0,2200.0,0.0,6700.0,True,False,ALL_12_RETAINED_INTERFACES_AT_THE_SAME_RESIDUAL_SCARCITY_HOUR
AT,2019-12-13 18:00:00,IT_GR,GR,IT,500.0,500.0,500.0,0.0,1000.0,True,False,ALL_12_RETAINED_INTERFACES_AT_THE_SAME_RESIDUAL_SCARCITY_HOUR
AT,2019-12-13 18:00:00,IT_ME,IT,ME,-600.0,600.0,600.0,1200.0,0.0,False,True,ALL_12_RETAINED_INTERFACES_AT_THE_SAME_RESIDUAL_SCARCITY_HOUR
AT,2019-12-13 18:00:00,IT_MT,IT,MT,-102.5858394819594,200.0,200.0,302.5858394819594,97.4141605180406,False,False,ALL_12_RETAINED_INTERFACES_AT_THE_SAME_RESIDUAL_SCARCITY_HOUR
AT,2019-12-13 18:00:00,IT_SI,IT,SI,1200.0,1200.0,1100.0,0.0,2300.0,True,False,ALL_12_RETAINED_INTERFACES_AT_THE_SAME_RESIDUAL_SCARCITY_HOUR
AT,2019-12-13 18:00:00,IT_TN,IT,TN,-600.0,600.0,600.0,1200.0,0.0,False,True,ALL_12_RETAINED_INTERFACES_AT_THE_SAME_RESIDUAL_SCARCITY_HOUR
AT,2019-12-13 19:00:00,EXT_AT_CH,AT,CH,-1200.0,1200.0,1200.0,2400.0,0.0,False,True,ALL_12_RETAINED_INTERFACES_AT_THE_SAME_RESIDUAL_SCARCITY_HOUR
AT,2019-12-13 19:00:00,EXT_AT_SI,AT,SI,-1450.0,1450.0,1450.0,2900.0,0.0,False,True,ALL_12_RETAINED_INTERFACES_AT_THE_SAME_RESIDUAL_SCARCITY_HOUR
AT,2019-12-13 19:00:00,EXT_CH_FR,CH,FR,-4500.0,2200.0,4500.0,6700.0,0.0,False,True,ALL_12_RETAINED_INTERFACES_AT_THE_SAME_RESIDUAL_SCARCITY_HOUR
AT,2019-12-13 19:00:00,EXT_HR_SI,HR,SI,1177.272026791774,1500.0,1500.0,322.7279732082261,2677.272026791774,False,False,ALL_12_RETAINED_INTERFACES_AT_THE_SAME_RESIDUAL_SCARCITY_HOUR
AT,2019-12-13 19:00:00,IT_AT,AT,IT,-300.0,700.0,300.0,1000.0,0.0,False,True,ALL_12_RETAINED_INTERFACES_AT_THE_SAME_RESIDUAL_SCARCITY_HOUR
AT,2019-12-13 19:00:00,IT_CH,CH,IT,2827.415192785368,4600.0,1900.0,1772.5848072146318,4727.415192785368,False,False,ALL_12_RETAINED_INTERFACES_AT_THE_SAME_RESIDUAL_SCARCITY_HOUR
AT,2019-12-13 19:00:00,IT_FR,FR,IT,4500.0,4500.0,2200.0,0.0,6700.0,True,False,ALL_12_RETAINED_INTERFACES_AT_THE_SAME_RESIDUAL_SCARCITY_HOUR
AT,2019-12-13 19:00:00,IT_GR,GR,IT,-500.0,500.0,500.0,1000.0,0.0,False,True,ALL_12_RETAINED_INTERFACES_AT_THE_SAME_RESIDUAL_SCARCITY_HOUR
AT,2019-12-13 19:00:00,IT_ME,IT,ME,-600.0,600.0,600.0,1200.0,0.0,False,True,ALL_12_RETAINED_INTERFACES_AT_THE_SAME_RESIDUAL_SCARCITY_HOUR
AT,2019-12-13 19:00:00,IT_MT,IT,MT,-102.06693509491913,200.0,200.0,302.06693509491913,97.93306490508087,False,False,ALL_12_RETAINED_INTERFACES_AT_THE_SAME_RESIDUAL_SCARCITY_HOUR
AT,2019-12-13 19:00:00,IT_SI,IT,SI,1200.0,1200.0,1100.0,0.0,2300.0,True,False,ALL_12_RETAINED_INTERFACES_AT_THE_SAME_RESIDUAL_SCARCITY_HOUR
AT,2019-12-13 19:00:00,IT_TN,IT,TN,-29.61457175710065,600.0,600.0,629.6145717571006,570.3854282428994,False,False,ALL_12_RETAINED_INTERFACES_AT_THE_SAME_RESIDUAL_SCARCITY_HOUR
AT,2019-12-13 20:00:00,EXT_AT_CH,AT,CH,-1200.0,1200.0,1200.0,2400.0,0.0,False,True,ALL_12_RETAINED_INTERFACES_AT_THE_SAME_RESIDUAL_SCARCITY_HOUR
AT,2019-12-13 20:00:00,EXT_AT_SI,AT,SI,-1450.0,1450.0,1450.0,2900.0,0.0,False,True,ALL_12_RETAINED_INTERFACES_AT_THE_SAME_RESIDUAL_SCARCITY_HOUR
AT,2019-12-13 20:00:00,EXT_CH_FR,CH,FR,-4500.0,2200.0,4500.0,6700.0,0.0,False,True,ALL_12_RETAINED_INTERFACES_AT_THE_SAME_RESIDUAL_SCARCITY_HOUR
AT,2019-12-13 20:00:00,EXT_HR_SI,HR,SI,883.0317136655258,1500.0,1500.0,616.9682863344742,2383.031713665526,False,False,ALL_12_RETAINED_INTERFACES_AT_THE_SAME_RESIDUAL_SCARCITY_HOUR
AT,2019-12-13 20:00:00,IT_AT,AT,IT,-300.0,700.0,300.0,1000.0,0.0,False,True,ALL_12_RETAINED_INTERFACES_AT_THE_SAME_RESIDUAL_SCARCITY_HOUR
AT,2019-12-13 20:00:00,IT_CH,CH,IT,-1900.0,4600.0,1900.0,6500.0,0.0,False,True,ALL_12_RETAINED_INTERFACES_AT_THE_SAME_RESIDUAL_SCARCITY_HOUR
AT,2019-12-13 20:00:00,IT_FR,FR,IT,4500.0,4500.0,2200.0,0.0,6700.0,True,False,ALL_12_RETAINED_INTERFACES_AT_THE_SAME_RESIDUAL_SCARCITY_HOUR
AT,2019-12-13 20:00:00,IT_GR,GR,IT,-500.0,500.0,500.0,1000.0,0.0,False,True,ALL_12_RETAINED_INTERFACES_AT_THE_SAME_RESIDUAL_SCARCITY_HOUR
AT,2019-12-13 20:00:00,IT_ME,IT,ME,232.94485670411075,600.0,600.0,367.05514329588925,832.9448567041107,False,False,ALL_12_RETAINED_INTERFACES_AT_THE_SAME_RESIDUAL_SCARCITY_HOUR
AT,2019-12-13 20:00:00,IT_MT,IT,MT,-113.07570057378297,200.0,200.0,313.07570057378297,86.92429942621703,False,False,ALL_12_RETAINED_INTERFACES_AT_THE_SAME_RESIDUAL_SCARCITY_HOUR
AT,2019-12-13 20:00:00,IT_SI,IT,SI,1200.0,1200.0,1100.0,0.0,2300.0,True,False,ALL_12_RETAINED_INTERFACES_AT_THE_SAME_RESIDUAL_SCARCITY_HOUR
AT,2019-12-13 20:00:00,IT_TN,IT,TN,-600.0,600.0,600.0,1200.0,0.0,False,True,ALL_12_RETAINED_INTERFACES_AT_THE_SAME_RESIDUAL_SCARCITY_HOUR
SI,2019-01-08 05:00:00,EXT_AT_CH,AT,CH,-1200.0,1200.0,1200.0,2400.0,0.0,False,True,ALL_12_RETAINED_INTERFACES_AT_THE_SAME_RESIDUAL_SCARCITY_HOUR
SI,2019-01-08 05:00:00,EXT_AT_SI,AT,SI,1450.0,1450.0,1450.0,0.0,2900.0,True,False,ALL_12_RETAINED_INTERFACES_AT_THE_SAME_RESIDUAL_SCARCITY_HOUR
SI,2019-01-08 05:00:00,EXT_CH_FR,CH,FR,-4500.0,2200.0,4500.0,6700.0,0.0,False,True,ALL_12_RETAINED_INTERFACES_AT_THE_SAME_RESIDUAL_SCARCITY_HOUR
SI,2019-01-08 05:00:00,EXT_HR_SI,HR,SI,-821.2767423428154,1500.0,1500.0,2321.2767423428154,678.7232576571846,False,False,ALL_12_RETAINED_INTERFACES_AT_THE_SAME_RESIDUAL_SCARCITY_HOUR
SI,2019-01-08 05:00:00,IT_AT,AT,IT,700.0,700.0,300.0,0.0,1000.0,True,False,ALL_12_RETAINED_INTERFACES_AT_THE_SAME_RESIDUAL_SCARCITY_HOUR
SI,2019-01-08 05:00:00,IT_CH,CH,IT,4600.0,4600.0,1900.0,0.0,6500.0,True,False,ALL_12_RETAINED_INTERFACES_AT_THE_SAME_RESIDUAL_SCARCITY_HOUR
SI,2019-01-08 05:00:00,IT_FR,FR,IT,4500.0,4500.0,2200.0,0.0,6700.0,True,False,ALL_12_RETAINED_INTERFACES_AT_THE_SAME_RESIDUAL_SCARCITY_HOUR
SI,2019-01-08 05:00:00,IT_GR,GR,IT,500.0,500.0,500.0,0.0,1000.0,True,False,ALL_12_RETAINED_INTERFACES_AT_THE_SAME_RESIDUAL_SCARCITY_HOUR
SI,2019-01-08 05:00:00,IT_ME,IT,ME,-600.0,600.0,600.0,1200.0,0.0,False,True,ALL_12_RETAINED_INTERFACES_AT_THE_SAME_RESIDUAL_SCARCITY_HOUR
SI,2019-01-08 05:00:00,IT_MT,IT,MT,-119.34427484416273,200.0,200.0,319.3442748441627,80.65572515583727,False,False,ALL_12_RETAINED_INTERFACES_AT_THE_SAME_RESIDUAL_SCARCITY_HOUR
SI,2019-01-08 05:00:00,IT_SI,IT,SI,-1100.0,1200.0,1100.0,2300.0,0.0,False,True,ALL_12_RETAINED_INTERFACES_AT_THE_SAME_RESIDUAL_SCARCITY_HOUR
SI,2019-01-08 05:00:00,IT_TN,IT,TN,-600.0,600.0,600.0,1200.0,0.0,False,True,ALL_12_RETAINED_INTERFACES_AT_THE_SAME_RESIDUAL_SCARCITY_HOUR
SI,2019-01-08 06:00:00,EXT_AT_CH,AT,CH,-1200.0,1200.0,1200.0,2400.0,0.0,False,True,ALL_12_RETAINED_INTERFACES_AT_THE_SAME_RESIDUAL_SCARCITY_HOUR
SI,2019-01-08 06:00:00,EXT_AT_SI,AT,SI,1450.0,1450.0,1450.0,0.0,2900.0,True,False,ALL_12_RETAINED_INTERFACES_AT_THE_SAME_RESIDUAL_SCARCITY_HOUR
SI,2019-01-08 06:00:00,EXT_CH_FR,CH,FR,-4500.0,2200.0,4500.0,6700.0,0.0,False,True,ALL_12_RETAINED_INTERFACES_AT_THE_SAME_RESIDUAL_SCARCITY_HOUR
SI,2019-01-08 06:00:00,EXT_HR_SI,HR,SI,-1415.0798980549757,1500.0,1500.0,2915.0798980549757,84.92010194502427,False,False,ALL_12_RETAINED_INTERFACES_AT_THE_SAME_RESIDUAL_SCARCITY_HOUR
SI,2019-01-08 06:00:00,IT_AT,AT,IT,700.0,700.0,300.0,0.0,1000.0,True,False,ALL_12_RETAINED_INTERFACES_AT_THE_SAME_RESIDUAL_SCARCITY_HOUR
SI,2019-01-08 06:00:00,IT_CH,CH,IT,4600.0,4600.0,1900.0,0.0,6500.0,True,False,ALL_12_RETAINED_INTERFACES_AT_THE_SAME_RESIDUAL_SCARCITY_HOUR
SI,2019-01-08 06:00:00,IT_FR,FR,IT,4500.0,4500.0,2200.0,0.0,6700.0,True,False,ALL_12_RETAINED_INTERFACES_AT_THE_SAME_RESIDUAL_SCARCITY_HOUR
SI,2019-01-08 06:00:00,IT_GR,GR,IT,500.0,500.0,500.0,0.0,1000.0,True,False,ALL_12_RETAINED_INTERFACES_AT_THE_SAME_RESIDUAL_SCARCITY_HOUR
SI,2019-01-08 06:00:00,IT_ME,IT,ME,-600.0,600.0,600.0,1200.0,0.0,False,True,ALL_12_RETAINED_INTERFACES_AT_THE_SAME_RESIDUAL_SCARCITY_HOUR
SI,2019-01-08 06:00:00,IT_MT,IT,MT,-200.0,200.0,200.0,400.0,0.0,False,True,ALL_12_RETAINED_INTERFACES_AT_THE_SAME_RESIDUAL_SCARCITY_HOUR
SI,2019-01-08 06:00:00,IT_SI,IT,SI,884.8129354419507,1200.0,1100.0,315.1870645580493,1984.8129354419507,False,False,ALL_12_RETAINED_INTERFACES_AT_THE_SAME_RESIDUAL_SCARCITY_HOUR
SI,2019-01-08 06:00:00,IT_TN,IT,TN,-600.0,600.0,600.0,1200.0,0.0,False,True,ALL_12_RETAINED_INTERFACES_AT_THE_SAME_RESIDUAL_SCARCITY_HOUR
SI,2019-01-08 07:00:00,EXT_AT_CH,AT,CH,-1200.0,1200.0,1200.0,2400.0,0.0,False,True,ALL_12_RETAINED_INTERFACES_AT_THE_SAME_RESIDUAL_SCARCITY_HOUR
SI,2019-01-08 07:00:00,EXT_AT_SI,AT,SI,1450.0,1450.0,1450.0,0.0,2900.0,True,False,ALL_12_RETAINED_INTERFACES_AT_THE_SAME_RESIDUAL_SCARCITY_HOUR
SI,2019-01-08 07:00:00,EXT_CH_FR,CH,FR,-4500.0,2200.0,4500.0,6700.0,0.0,False,True,ALL_12_RETAINED_INTERFACES_AT_THE_SAME_RESIDUAL_SCARCITY_HOUR
SI,2019-01-08 07:00:00,EXT_HR_SI,HR,SI,-1341.6140581773143,1500.0,1500.0,2841.6140581773143,158.3859418226857,False,False,ALL_12_RETAINED_INTERFACES_AT_THE_SAME_RESIDUAL_SCARCITY_HOUR
SI,2019-01-08 07:00:00,IT_AT,AT,IT,700.0,700.0,300.0,0.0,1000.0,True,False,ALL_12_RETAINED_INTERFACES_AT_THE_SAME_RESIDUAL_SCARCITY_HOUR
SI,2019-01-08 07:00:00,IT_CH,CH,IT,4600.0,4600.0,1900.0,0.0,6500.0,True,False,ALL_12_RETAINED_INTERFACES_AT_THE_SAME_RESIDUAL_SCARCITY_HOUR
SI,2019-01-08 07:00:00,IT_FR,FR,IT,4500.0,4500.0,2200.0,0.0,6700.0,True,False,ALL_12_RETAINED_INTERFACES_AT_THE_SAME_RESIDUAL_SCARCITY_HOUR
SI,2019-01-08 07:00:00,IT_GR,GR,IT,500.0,500.0,500.0,0.0,1000.0,True,False,ALL_12_RETAINED_INTERFACES_AT_THE_SAME_RESIDUAL_SCARCITY_HOUR
SI,2019-01-08 07:00:00,IT_ME,IT,ME,-600.0,600.0,600.0,1200.0,0.0,False,True,ALL_12_RETAINED_INTERFACES_AT_THE_SAME_RESIDUAL_SCARCITY_HOUR
SI,2019-01-08 07:00:00,IT_MT,IT,MT,-92.8531955515235,200.0,200.0,292.8531955515235,107.1468044484765,False,False,ALL_12_RETAINED_INTERFACES_AT_THE_SAME_RESIDUAL_SCARCITY_HOUR
SI,2019-01-08 07:00:00,IT_SI,IT,SI,-1100.0,1200.0,1100.0,2300.0,0.0,False,True,ALL_12_RETAINED_INTERFACES_AT_THE_SAME_RESIDUAL_SCARCITY_HOUR
SI,2019-01-08 07:00:00,IT_TN,IT,TN,-600.0,600.0,600.0,1200.0,0.0,False,True,ALL_12_RETAINED_INTERFACES_AT_THE_SAME_RESIDUAL_SCARCITY_HOUR
SI,2019-01-08 17:00:00,EXT_AT_CH,AT,CH,-1200.0,1200.0,1200.0,2400.0,0.0,False,True,ALL_12_RETAINED_INTERFACES_AT_THE_SAME_RESIDUAL_SCARCITY_HOUR
SI,2019-01-08 17:00:00,EXT_AT_SI,AT,SI,1450.0,1450.0,1450.0,0.0,2900.0,True,False,ALL_12_RETAINED_INTERFACES_AT_THE_SAME_RESIDUAL_SCARCITY_HOUR
SI,2019-01-08 17:00:00,EXT_CH_FR,CH,FR,-4500.0,2200.0,4500.0,6700.0,0.0,False,True,ALL_12_RETAINED_INTERFACES_AT_THE_SAME_RESIDUAL_SCARCITY_HOUR
SI,2019-01-08 17:00:00,EXT_HR_SI,HR,SI,-1435.590938392094,1500.0,1500.0,2935.590938392094,64.4090616079061,False,False,ALL_12_RETAINED_INTERFACES_AT_THE_SAME_RESIDUAL_SCARCITY_HOUR
SI,2019-01-08 17:00:00,IT_AT,AT,IT,700.0,700.0,300.0,0.0,1000.0,True,False,ALL_12_RETAINED_INTERFACES_AT_THE_SAME_RESIDUAL_SCARCITY_HOUR
SI,2019-01-08 17:00:00,IT_CH,CH,IT,4600.0,4600.0,1900.0,0.0,6500.0,True,False,ALL_12_RETAINED_INTERFACES_AT_THE_SAME_RESIDUAL_SCARCITY_HOUR
SI,2019-01-08 17:00:00,IT_FR,FR,IT,4500.0,4500.0,2200.0,0.0,6700.0,True,False,ALL_12_RETAINED_INTERFACES_AT_THE_SAME_RESIDUAL_SCARCITY_HOUR
SI,2019-01-08 17:00:00,IT_GR,GR,IT,500.0,500.0,500.0,0.0,1000.0,True,False,ALL_12_RETAINED_INTERFACES_AT_THE_SAME_RESIDUAL_SCARCITY_HOUR
SI,2019-01-08 17:00:00,IT_ME,IT,ME,-415.93779164321097,600.0,600.0,1015.937791643211,184.06220835678903,False,False,ALL_12_RETAINED_INTERFACES_AT_THE_SAME_RESIDUAL_SCARCITY_HOUR
SI,2019-01-08 17:00:00,IT_MT,IT,MT,-15.608335066607935,200.0,200.0,215.60833506660794,184.39166493339206,False,False,ALL_12_RETAINED_INTERFACES_AT_THE_SAME_RESIDUAL_SCARCITY_HOUR
SI,2019-01-08 17:00:00,IT_SI,IT,SI,1200.0,1200.0,1100.0,0.0,2300.0,True,False,ALL_12_RETAINED_INTERFACES_AT_THE_SAME_RESIDUAL_SCARCITY_HOUR
SI,2019-01-08 17:00:00,IT_TN,IT,TN,-600.0,600.0,600.0,1200.0,0.0,False,True,ALL_12_RETAINED_INTERFACES_AT_THE_SAME_RESIDUAL_SCARCITY_HOUR
SI,2019-01-08 18:00:00,EXT_AT_CH,AT,CH,-1200.0,1200.0,1200.0,2400.0,0.0,False,True,ALL_12_RETAINED_INTERFACES_AT_THE_SAME_RESIDUAL_SCARCITY_HOUR
SI,2019-01-08 18:00:00,EXT_AT_SI,AT,SI,1450.0,1450.0,1450.0,0.0,2900.0,True,False,ALL_12_RETAINED_INTERFACES_AT_THE_SAME_RESIDUAL_SCARCITY_HOUR
SI,2019-01-08 18:00:00,EXT_CH_FR,CH,FR,-4500.0,2200.0,4500.0,6700.0,0.0,False,True,ALL_12_RETAINED_INTERFACES_AT_THE_SAME_RESIDUAL_SCARCITY_HOUR
SI,2019-01-08 18:00:00,EXT_HR_SI,HR,SI,-1298.622768316936,1500.0,1500.0,2798.622768316936,201.3772316830641,False,False,ALL_12_RETAINED_INTERFACES_AT_THE_SAME_RESIDUAL_SCARCITY_HOUR
SI,2019-01-08 18:00:00,IT_AT,AT,IT,700.0,700.0,300.0,0.0,1000.0,True,False,ALL_12_RETAINED_INTERFACES_AT_THE_SAME_RESIDUAL_SCARCITY_HOUR
SI,2019-01-08 18:00:00,IT_CH,CH,IT,4600.0,4600.0,1900.0,0.0,6500.0,True,False,ALL_12_RETAINED_INTERFACES_AT_THE_SAME_RESIDUAL_SCARCITY_HOUR
SI,2019-01-08 18:00:00,IT_FR,FR,IT,4500.0,4500.0,2200.0,0.0,6700.0,True,False,ALL_12_RETAINED_INTERFACES_AT_THE_SAME_RESIDUAL_SCARCITY_HOUR
SI,2019-01-08 18:00:00,IT_GR,GR,IT,500.0,500.0,500.0,0.0,1000.0,True,False,ALL_12_RETAINED_INTERFACES_AT_THE_SAME_RESIDUAL_SCARCITY_HOUR
SI,2019-01-08 18:00:00,IT_ME,IT,ME,-424.3510276062198,600.0,600.0,1024.3510276062198,175.64897239378018,False,False,ALL_12_RETAINED_INTERFACES_AT_THE_SAME_RESIDUAL_SCARCITY_HOUR
SI,2019-01-08 18:00:00,IT_MT,IT,MT,-38.69665282753289,200.0,200.0,238.6966528275329,161.3033471724671,False,False,ALL_12_RETAINED_INTERFACES_AT_THE_SAME_RESIDUAL_SCARCITY_HOUR
SI,2019-01-08 18:00:00,IT_SI,IT,SI,1200.0,1200.0,1100.0,0.0,2300.0,True,False,ALL_12_RETAINED_INTERFACES_AT_THE_SAME_RESIDUAL_SCARCITY_HOUR
SI,2019-01-08 18:00:00,IT_TN,IT,TN,-600.0,600.0,600.0,1200.0,0.0,False,True,ALL_12_RETAINED_INTERFACES_AT_THE_SAME_RESIDUAL_SCARCITY_HOUR
SI,2019-01-08 21:00:00,EXT_AT_CH,AT,CH,-1200.0,1200.0,1200.0,2400.0,0.0,False,True,ALL_12_RETAINED_INTERFACES_AT_THE_SAME_RESIDUAL_SCARCITY_HOUR
SI,2019-01-08 21:00:00,EXT_AT_SI,AT,SI,1450.0,1450.0,1450.0,0.0,2900.0,True,False,ALL_12_RETAINED_INTERFACES_AT_THE_SAME_RESIDUAL_SCARCITY_HOUR
SI,2019-01-08 21:00:00,EXT_CH_FR,CH,FR,-4254.64539203968,2200.0,4500.0,6454.64539203968,245.3546079603202,False,False,ALL_12_RETAINED_INTERFACES_AT_THE_SAME_RESIDUAL_SCARCITY_HOUR
SI,2019-01-08 21:00:00,EXT_HR_SI,HR,SI,-747.4005184970309,1500.0,1500.0,2247.400518497031,752.5994815029691,False,False,ALL_12_RETAINED_INTERFACES_AT_THE_SAME_RESIDUAL_SCARCITY_HOUR
SI,2019-01-08 21:00:00,IT_AT,AT,IT,700.0,700.0,300.0,0.0,1000.0,True,False,ALL_12_RETAINED_INTERFACES_AT_THE_SAME_RESIDUAL_SCARCITY_HOUR
SI,2019-01-08 21:00:00,IT_CH,CH,IT,4600.0,4600.0,1900.0,0.0,6500.0,True,False,ALL_12_RETAINED_INTERFACES_AT_THE_SAME_RESIDUAL_SCARCITY_HOUR
SI,2019-01-08 21:00:00,IT_FR,FR,IT,4500.0,4500.0,2200.0,0.0,6700.0,True,False,ALL_12_RETAINED_INTERFACES_AT_THE_SAME_RESIDUAL_SCARCITY_HOUR
SI,2019-01-08 21:00:00,IT_GR,GR,IT,500.0,500.0,500.0,0.0,1000.0,True,False,ALL_12_RETAINED_INTERFACES_AT_THE_SAME_RESIDUAL_SCARCITY_HOUR
SI,2019-01-08 21:00:00,IT_ME,IT,ME,-600.0,600.0,600.0,1200.0,0.0,False,True,ALL_12_RETAINED_INTERFACES_AT_THE_SAME_RESIDUAL_SCARCITY_HOUR
SI,2019-01-08 21:00:00,IT_MT,IT,MT,-200.0,200.0,200.0,400.0,0.0,False,True,ALL_12_RETAINED_INTERFACES_AT_THE_SAME_RESIDUAL_SCARCITY_HOUR
SI,2019-01-08 21:00:00,IT_SI,IT,SI,-1100.0,1200.0,1100.0,2300.0,0.0,False,True,ALL_12_RETAINED_INTERFACES_AT_THE_SAME_RESIDUAL_SCARCITY_HOUR
SI,2019-01-08 21:00:00,IT_TN,IT,TN,-600.0,600.0,600.0,1200.0,0.0,False,True,ALL_12_RETAINED_INTERFACES_AT_THE_SAME_RESIDUAL_SCARCITY_HOUR
SI,2019-01-08 22:00:00,EXT_AT_CH,AT,CH,-1200.0,1200.0,1200.0,2400.0,0.0,False,True,ALL_12_RETAINED_INTERFACES_AT_THE_SAME_RESIDUAL_SCARCITY_HOUR
SI,2019-01-08 22:00:00,EXT_AT_SI,AT,SI,1450.0,1450.0,1450.0,0.0,2900.0,True,False,ALL_12_RETAINED_INTERFACES_AT_THE_SAME_RESIDUAL_SCARCITY_HOUR
SI,2019-01-08 22:00:00,EXT_CH_FR,CH,FR,-3988.1759882532465,2200.0,4500.0,6188.175988253246,511.8240117467535,False,False,ALL_12_RETAINED_INTERFACES_AT_THE_SAME_RESIDUAL_SCARCITY_HOUR
SI,2019-01-08 22:00:00,EXT_HR_SI,HR,SI,-476.6332559938154,1500.0,1500.0,1976.6332559938155,1023.3667440061846,False,False,ALL_12_RETAINED_INTERFACES_AT_THE_SAME_RESIDUAL_SCARCITY_HOUR
SI,2019-01-08 22:00:00,IT_AT,AT,IT,700.0,700.0,300.0,0.0,1000.0,True,False,ALL_12_RETAINED_INTERFACES_AT_THE_SAME_RESIDUAL_SCARCITY_HOUR
SI,2019-01-08 22:00:00,IT_CH,CH,IT,4600.0,4600.0,1900.0,0.0,6500.0,True,False,ALL_12_RETAINED_INTERFACES_AT_THE_SAME_RESIDUAL_SCARCITY_HOUR
SI,2019-01-08 22:00:00,IT_FR,FR,IT,4500.0,4500.0,2200.0,0.0,6700.0,True,False,ALL_12_RETAINED_INTERFACES_AT_THE_SAME_RESIDUAL_SCARCITY_HOUR
SI,2019-01-08 22:00:00,IT_GR,GR,IT,500.0,500.0,500.0,0.0,1000.0,True,False,ALL_12_RETAINED_INTERFACES_AT_THE_SAME_RESIDUAL_SCARCITY_HOUR
SI,2019-01-08 22:00:00,IT_ME,IT,ME,-600.0,600.0,600.0,1200.0,0.0,False,True,ALL_12_RETAINED_INTERFACES_AT_THE_SAME_RESIDUAL_SCARCITY_HOUR
SI,2019-01-08 22:00:00,IT_MT,IT,MT,-200.0,200.0,200.0,400.0,0.0,False,True,ALL_12_RETAINED_INTERFACES_AT_THE_SAME_RESIDUAL_SCARCITY_HOUR
SI,2019-01-08 22:00:00,IT_SI,IT,SI,-1100.0,1200.0,1100.0,2300.0,0.0,False,True,ALL_12_RETAINED_INTERFACES_AT_THE_SAME_RESIDUAL_SCARCITY_HOUR
SI,2019-01-08 22:00:00,IT_TN,IT,TN,-600.0,600.0,600.0,1200.0,0.0,False,True,ALL_12_RETAINED_INTERFACES_AT_THE_SAME_RESIDUAL_SCARCITY_HOUR
SI,2019-01-21 16:00:00,EXT_AT_CH,AT,CH,-1200.0,1200.0,1200.0,2400.0,0.0,False,True,ALL_12_RETAINED_INTERFACES_AT_THE_SAME_RESIDUAL_SCARCITY_HOUR
SI,2019-01-21 16:00:00,EXT_AT_SI,AT,SI,-1173.2753511225742,1450.0,1450.0,2623.275351122574,276.7246488774258,False,False,ALL_12_RETAINED_INTERFACES_AT_THE_SAME_RESIDUAL_SCARCITY_HOUR
SI,2019-01-21 16:00:00,EXT_CH_FR,CH,FR,2200.0,2200.0,4500.0,0.0,6700.0,True,False,ALL_12_RETAINED_INTERFACES_AT_THE_SAME_RESIDUAL_SCARCITY_HOUR
SI,2019-01-21 16:00:00,EXT_HR_SI,HR,SI,-586.5210579564394,1500.0,1500.0,2086.5210579564396,913.4789420435606,False,False,ALL_12_RETAINED_INTERFACES_AT_THE_SAME_RESIDUAL_SCARCITY_HOUR
SI,2019-01-21 16:00:00,IT_AT,AT,IT,-300.0,700.0,300.0,1000.0,0.0,False,True,ALL_12_RETAINED_INTERFACES_AT_THE_SAME_RESIDUAL_SCARCITY_HOUR
SI,2019-01-21 16:00:00,IT_CH,CH,IT,4600.0,4600.0,1900.0,0.0,6500.0,True,False,ALL_12_RETAINED_INTERFACES_AT_THE_SAME_RESIDUAL_SCARCITY_HOUR
SI,2019-01-21 16:00:00,IT_FR,FR,IT,-2200.0,4500.0,2200.0,6700.0,0.0,False,True,ALL_12_RETAINED_INTERFACES_AT_THE_SAME_RESIDUAL_SCARCITY_HOUR
SI,2019-01-21 16:00:00,IT_GR,GR,IT,500.0,500.0,500.0,0.0,1000.0,True,False,ALL_12_RETAINED_INTERFACES_AT_THE_SAME_RESIDUAL_SCARCITY_HOUR
SI,2019-01-21 16:00:00,IT_ME,IT,ME,-486.2331471233847,600.0,600.0,1086.2331471233847,113.7668528766153,False,False,ALL_12_RETAINED_INTERFACES_AT_THE_SAME_RESIDUAL_SCARCITY_HOUR
SI,2019-01-21 16:00:00,IT_MT,IT,MT,-200.0,200.0,200.0,400.0,0.0,False,True,ALL_12_RETAINED_INTERFACES_AT_THE_SAME_RESIDUAL_SCARCITY_HOUR
SI,2019-01-21 16:00:00,IT_SI,IT,SI,1200.0,1200.0,1100.0,0.0,2300.0,True,False,ALL_12_RETAINED_INTERFACES_AT_THE_SAME_RESIDUAL_SCARCITY_HOUR
SI,2019-01-21 16:00:00,IT_TN,IT,TN,-600.0,600.0,600.0,1200.0,0.0,False,True,ALL_12_RETAINED_INTERFACES_AT_THE_SAME_RESIDUAL_SCARCITY_HOUR
SI,2019-01-21 17:00:00,EXT_AT_CH,AT,CH,-1200.0,1200.0,1200.0,2400.0,0.0,False,True,ALL_12_RETAINED_INTERFACES_AT_THE_SAME_RESIDUAL_SCARCITY_HOUR
SI,2019-01-21 17:00:00,EXT_AT_SI,AT,SI,-1450.0,1450.0,1450.0,2900.0,0.0,False,True,ALL_12_RETAINED_INTERFACES_AT_THE_SAME_RESIDUAL_SCARCITY_HOUR
SI,2019-01-21 17:00:00,EXT_CH_FR,CH,FR,2200.0,2200.0,4500.0,0.0,6700.0,True,False,ALL_12_RETAINED_INTERFACES_AT_THE_SAME_RESIDUAL_SCARCITY_HOUR
SI,2019-01-21 17:00:00,EXT_HR_SI,HR,SI,-591.7089620920655,1500.0,1500.0,2091.7089620920656,908.2910379079345,False,False,ALL_12_RETAINED_INTERFACES_AT_THE_SAME_RESIDUAL_SCARCITY_HOUR
SI,2019-01-21 17:00:00,IT_AT,AT,IT,-300.0,700.0,300.0,1000.0,0.0,False,True,ALL_12_RETAINED_INTERFACES_AT_THE_SAME_RESIDUAL_SCARCITY_HOUR
SI,2019-01-21 17:00:00,IT_CH,CH,IT,4600.0,4600.0,1900.0,0.0,6500.0,True,False,ALL_12_RETAINED_INTERFACES_AT_THE_SAME_RESIDUAL_SCARCITY_HOUR
SI,2019-01-21 17:00:00,IT_FR,FR,IT,-2200.0,4500.0,2200.0,6700.0,0.0,False,True,ALL_12_RETAINED_INTERFACES_AT_THE_SAME_RESIDUAL_SCARCITY_HOUR
SI,2019-01-21 17:00:00,IT_GR,GR,IT,500.0,500.0,500.0,0.0,1000.0,True,False,ALL_12_RETAINED_INTERFACES_AT_THE_SAME_RESIDUAL_SCARCITY_HOUR
SI,2019-01-21 17:00:00,IT_ME,IT,ME,-600.0,600.0,600.0,1200.0,0.0,False,True,ALL_12_RETAINED_INTERFACES_AT_THE_SAME_RESIDUAL_SCARCITY_HOUR
SI,2019-01-21 17:00:00,IT_MT,IT,MT,-200.0,200.0,200.0,400.0,0.0,False,True,ALL_12_RETAINED_INTERFACES_AT_THE_SAME_RESIDUAL_SCARCITY_HOUR
SI,2019-01-21 17:00:00,IT_SI,IT,SI,1200.0,1200.0,1100.0,0.0,2300.0,True,False,ALL_12_RETAINED_INTERFACES_AT_THE_SAME_RESIDUAL_SCARCITY_HOUR
SI,2019-01-21 17:00:00,IT_TN,IT,TN,-600.0,600.0,600.0,1200.0,0.0,False,True,ALL_12_RETAINED_INTERFACES_AT_THE_SAME_RESIDUAL_SCARCITY_HOUR
SI,2019-01-21 18:00:00,EXT_AT_CH,AT,CH,-1200.0,1200.0,1200.0,2400.0,0.0,False,True,ALL_12_RETAINED_INTERFACES_AT_THE_SAME_RESIDUAL_SCARCITY_HOUR
SI,2019-01-21 18:00:00,EXT_AT_SI,AT,SI,-1450.0,1450.0,1450.0,2900.0,0.0,False,True,ALL_12_RETAINED_INTERFACES_AT_THE_SAME_RESIDUAL_SCARCITY_HOUR
SI,2019-01-21 18:00:00,EXT_CH_FR,CH,FR,2200.0,2200.0,4500.0,0.0,6700.0,True,False,ALL_12_RETAINED_INTERFACES_AT_THE_SAME_RESIDUAL_SCARCITY_HOUR
SI,2019-01-21 18:00:00,EXT_HR_SI,HR,SI,1500.0,1500.0,1500.0,0.0,3000.0,True,False,ALL_12_RETAINED_INTERFACES_AT_THE_SAME_RESIDUAL_SCARCITY_HOUR
SI,2019-01-21 18:00:00,IT_AT,AT,IT,-300.0,700.0,300.0,1000.0,0.0,False,True,ALL_12_RETAINED_INTERFACES_AT_THE_SAME_RESIDUAL_SCARCITY_HOUR
SI,2019-01-21 18:00:00,IT_CH,CH,IT,4600.0,4600.0,1900.0,0.0,6500.0,True,False,ALL_12_RETAINED_INTERFACES_AT_THE_SAME_RESIDUAL_SCARCITY_HOUR
SI,2019-01-21 18:00:00,IT_FR,FR,IT,-2200.0,4500.0,2200.0,6700.0,0.0,False,True,ALL_12_RETAINED_INTERFACES_AT_THE_SAME_RESIDUAL_SCARCITY_HOUR
SI,2019-01-21 18:00:00,IT_GR,GR,IT,500.0,500.0,500.0,0.0,1000.0,True,False,ALL_12_RETAINED_INTERFACES_AT_THE_SAME_RESIDUAL_SCARCITY_HOUR
SI,2019-01-21 18:00:00,IT_ME,IT,ME,-461.5576936985139,600.0,600.0,1061.557693698514,138.4423063014861,False,False,ALL_12_RETAINED_INTERFACES_AT_THE_SAME_RESIDUAL_SCARCITY_HOUR
SI,2019-01-21 18:00:00,IT_MT,IT,MT,-200.0,200.0,200.0,400.0,0.0,False,True,ALL_12_RETAINED_INTERFACES_AT_THE_SAME_RESIDUAL_SCARCITY_HOUR
SI,2019-01-21 18:00:00,IT_SI,IT,SI,1200.0,1200.0,1100.0,0.0,2300.0,True,False,ALL_12_RETAINED_INTERFACES_AT_THE_SAME_RESIDUAL_SCARCITY_HOUR
SI,2019-01-21 18:00:00,IT_TN,IT,TN,-600.0,600.0,600.0,1200.0,0.0,False,True,ALL_12_RETAINED_INTERFACES_AT_THE_SAME_RESIDUAL_SCARCITY_HOUR
SI,2019-01-21 19:00:00,EXT_AT_CH,AT,CH,-1200.0,1200.0,1200.0,2400.0,0.0,False,True,ALL_12_RETAINED_INTERFACES_AT_THE_SAME_RESIDUAL_SCARCITY_HOUR
SI,2019-01-21 19:00:00,EXT_AT_SI,AT,SI,-1450.0,1450.0,1450.0,2900.0,0.0,False,True,ALL_12_RETAINED_INTERFACES_AT_THE_SAME_RESIDUAL_SCARCITY_HOUR
SI,2019-01-21 19:00:00,EXT_CH_FR,CH,FR,2200.0,2200.0,4500.0,0.0,6700.0,True,False,ALL_12_RETAINED_INTERFACES_AT_THE_SAME_RESIDUAL_SCARCITY_HOUR
SI,2019-01-21 19:00:00,EXT_HR_SI,HR,SI,-1170.1178996843314,1500.0,1500.0,2670.1178996843314,329.8821003156686,False,False,ALL_12_RETAINED_INTERFACES_AT_THE_SAME_RESIDUAL_SCARCITY_HOUR
SI,2019-01-21 19:00:00,IT_AT,AT,IT,-300.0,700.0,300.0,1000.0,0.0,False,True,ALL_12_RETAINED_INTERFACES_AT_THE_SAME_RESIDUAL_SCARCITY_HOUR
SI,2019-01-21 19:00:00,IT_CH,CH,IT,4600.0,4600.0,1900.0,0.0,6500.0,True,False,ALL_12_RETAINED_INTERFACES_AT_THE_SAME_RESIDUAL_SCARCITY_HOUR
SI,2019-01-21 19:00:00,IT_FR,FR,IT,-2200.0,4500.0,2200.0,6700.0,0.0,False,True,ALL_12_RETAINED_INTERFACES_AT_THE_SAME_RESIDUAL_SCARCITY_HOUR
SI,2019-01-21 19:00:00,IT_GR,GR,IT,500.0,500.0,500.0,0.0,1000.0,True,False,ALL_12_RETAINED_INTERFACES_AT_THE_SAME_RESIDUAL_SCARCITY_HOUR
SI,2019-01-21 19:00:00,IT_ME,IT,ME,-474.11293438323946,600.0,600.0,1074.1129343832395,125.88706561676054,False,False,ALL_12_RETAINED_INTERFACES_AT_THE_SAME_RESIDUAL_SCARCITY_HOUR
SI,2019-01-21 19:00:00,IT_MT,IT,MT,-200.0,200.0,200.0,400.0,0.0,False,True,ALL_12_RETAINED_INTERFACES_AT_THE_SAME_RESIDUAL_SCARCITY_HOUR
SI,2019-01-21 19:00:00,IT_SI,IT,SI,1200.0,1200.0,1100.0,0.0,2300.0,True,False,ALL_12_RETAINED_INTERFACES_AT_THE_SAME_RESIDUAL_SCARCITY_HOUR
SI,2019-01-21 19:00:00,IT_TN,IT,TN,-600.0,600.0,600.0,1200.0,0.0,False,True,ALL_12_RETAINED_INTERFACES_AT_THE_SAME_RESIDUAL_SCARCITY_HOUR
SI,2019-01-21 20:00:00,EXT_AT_CH,AT,CH,-1200.0,1200.0,1200.0,2400.0,0.0,False,True,ALL_12_RETAINED_INTERFACES_AT_THE_SAME_RESIDUAL_SCARCITY_HOUR
SI,2019-01-21 20:00:00,EXT_AT_SI,AT,SI,-1450.0,1450.0,1450.0,2900.0,0.0,False,True,ALL_12_RETAINED_INTERFACES_AT_THE_SAME_RESIDUAL_SCARCITY_HOUR
SI,2019-01-21 20:00:00,EXT_CH_FR,CH,FR,2200.0,2200.0,4500.0,0.0,6700.0,True,False,ALL_12_RETAINED_INTERFACES_AT_THE_SAME_RESIDUAL_SCARCITY_HOUR
SI,2019-01-21 20:00:00,EXT_HR_SI,HR,SI,-1084.945946152945,1500.0,1500.0,2584.945946152945,415.054053847055,False,False,ALL_12_RETAINED_INTERFACES_AT_THE_SAME_RESIDUAL_SCARCITY_HOUR
SI,2019-01-21 20:00:00,IT_AT,AT,IT,-300.0,700.0,300.0,1000.0,0.0,False,True,ALL_12_RETAINED_INTERFACES_AT_THE_SAME_RESIDUAL_SCARCITY_HOUR
SI,2019-01-21 20:00:00,IT_CH,CH,IT,4600.0,4600.0,1900.0,0.0,6500.0,True,False,ALL_12_RETAINED_INTERFACES_AT_THE_SAME_RESIDUAL_SCARCITY_HOUR
SI,2019-01-21 20:00:00,IT_FR,FR,IT,-285.6084525911357,4500.0,2200.0,4785.608452591136,1914.3915474088644,False,False,ALL_12_RETAINED_INTERFACES_AT_THE_SAME_RESIDUAL_SCARCITY_HOUR
SI,2019-01-21 20:00:00,IT_GR,GR,IT,500.0,500.0,500.0,0.0,1000.0,True,False,ALL_12_RETAINED_INTERFACES_AT_THE_SAME_RESIDUAL_SCARCITY_HOUR
SI,2019-01-21 20:00:00,IT_ME,IT,ME,-489.1643208105866,600.0,600.0,1089.1643208105866,110.83567918941338,False,False,ALL_12_RETAINED_INTERFACES_AT_THE_SAME_RESIDUAL_SCARCITY_HOUR
SI,2019-01-21 20:00:00,IT_MT,IT,MT,-200.0,200.0,200.0,400.0,0.0,False,True,ALL_12_RETAINED_INTERFACES_AT_THE_SAME_RESIDUAL_SCARCITY_HOUR
SI,2019-01-21 20:00:00,IT_SI,IT,SI,1200.0,1200.0,1100.0,0.0,2300.0,True,False,ALL_12_RETAINED_INTERFACES_AT_THE_SAME_RESIDUAL_SCARCITY_HOUR
SI,2019-01-21 20:00:00,IT_TN,IT,TN,-600.0,600.0,600.0,1200.0,0.0,False,True,ALL_12_RETAINED_INTERFACES_AT_THE_SAME_RESIDUAL_SCARCITY_HOUR
SI,2019-01-21 21:00:00,EXT_AT_CH,AT,CH,-1200.0,1200.0,1200.0,2400.0,0.0,False,True,ALL_12_RETAINED_INTERFACES_AT_THE_SAME_RESIDUAL_SCARCITY_HOUR
SI,2019-01-21 21:00:00,EXT_AT_SI,AT,SI,1450.0,1450.0,1450.0,0.0,2900.0,True,False,ALL_12_RETAINED_INTERFACES_AT_THE_SAME_RESIDUAL_SCARCITY_HOUR
SI,2019-01-21 21:00:00,EXT_CH_FR,CH,FR,2200.0,2200.0,4500.0,0.0,6700.0,True,False,ALL_12_RETAINED_INTERFACES_AT_THE_SAME_RESIDUAL_SCARCITY_HOUR
SI,2019-01-21 21:00:00,EXT_HR_SI,HR,SI,-903.9650753892473,1500.0,1500.0,2403.9650753892474,596.0349246107527,False,False,ALL_12_RETAINED_INTERFACES_AT_THE_SAME_RESIDUAL_SCARCITY_HOUR
SI,2019-01-21 21:00:00,IT_AT,AT,IT,-300.0,700.0,300.0,1000.0,0.0,False,True,ALL_12_RETAINED_INTERFACES_AT_THE_SAME_RESIDUAL_SCARCITY_HOUR
SI,2019-01-21 21:00:00,IT_CH,CH,IT,4600.0,4600.0,1900.0,0.0,6500.0,True,False,ALL_12_RETAINED_INTERFACES_AT_THE_SAME_RESIDUAL_SCARCITY_HOUR
SI,2019-01-21 21:00:00,IT_FR,FR,IT,4436.709782122001,4500.0,2200.0,63.29021787799866,6636.709782122001,False,False,ALL_12_RETAINED_INTERFACES_AT_THE_SAME_RESIDUAL_SCARCITY_HOUR
SI,2019-01-21 21:00:00,IT_GR,GR,IT,500.0,500.0,500.0,0.0,1000.0,True,False,ALL_12_RETAINED_INTERFACES_AT_THE_SAME_RESIDUAL_SCARCITY_HOUR
SI,2019-01-21 21:00:00,IT_ME,IT,ME,-511.2348331537522,600.0,600.0,1111.2348331537523,88.76516684624778,False,False,ALL_12_RETAINED_INTERFACES_AT_THE_SAME_RESIDUAL_SCARCITY_HOUR
SI,2019-01-21 21:00:00,IT_MT,IT,MT,-200.0,200.0,200.0,400.0,0.0,False,True,ALL_12_RETAINED_INTERFACES_AT_THE_SAME_RESIDUAL_SCARCITY_HOUR
SI,2019-01-21 21:00:00,IT_SI,IT,SI,-68.97837549641372,1200.0,1100.0,1268.9783754964137,1031.0216245035863,False,False,ALL_12_RETAINED_INTERFACES_AT_THE_SAME_RESIDUAL_SCARCITY_HOUR
SI,2019-01-21 21:00:00,IT_TN,IT,TN,-600.0,600.0,600.0,1200.0,0.0,False,True,ALL_12_RETAINED_INTERFACES_AT_THE_SAME_RESIDUAL_SCARCITY_HOUR
SI,2019-01-21 22:00:00,EXT_AT_CH,AT,CH,-1200.0,1200.0,1200.0,2400.0,0.0,False,True,ALL_12_RETAINED_INTERFACES_AT_THE_SAME_RESIDUAL_SCARCITY_HOUR
SI,2019-01-21 22:00:00,EXT_AT_SI,AT,SI,-1450.0,1450.0,1450.0,2900.0,0.0,False,True,ALL_12_RETAINED_INTERFACES_AT_THE_SAME_RESIDUAL_SCARCITY_HOUR
SI,2019-01-21 22:00:00,EXT_CH_FR,CH,FR,2200.0,2200.0,4500.0,0.0,6700.0,True,False,ALL_12_RETAINED_INTERFACES_AT_THE_SAME_RESIDUAL_SCARCITY_HOUR
SI,2019-01-21 22:00:00,EXT_HR_SI,HR,SI,-652.2319190908371,1500.0,1500.0,2152.231919090837,847.7680809091629,False,False,ALL_12_RETAINED_INTERFACES_AT_THE_SAME_RESIDUAL_SCARCITY_HOUR
SI,2019-01-21 22:00:00,IT_AT,AT,IT,-300.0,700.0,300.0,1000.0,0.0,False,True,ALL_12_RETAINED_INTERFACES_AT_THE_SAME_RESIDUAL_SCARCITY_HOUR
SI,2019-01-21 22:00:00,IT_CH,CH,IT,4600.0,4600.0,1900.0,0.0,6500.0,True,False,ALL_12_RETAINED_INTERFACES_AT_THE_SAME_RESIDUAL_SCARCITY_HOUR
SI,2019-01-21 22:00:00,IT_FR,FR,IT,4500.0,4500.0,2200.0,0.0,6700.0,True,False,ALL_12_RETAINED_INTERFACES_AT_THE_SAME_RESIDUAL_SCARCITY_HOUR
SI,2019-01-21 22:00:00,IT_GR,GR,IT,500.0,500.0,500.0,0.0,1000.0,True,False,ALL_12_RETAINED_INTERFACES_AT_THE_SAME_RESIDUAL_SCARCITY_HOUR
SI,2019-01-21 22:00:00,IT_ME,IT,ME,-533.6512998495243,600.0,600.0,1133.6512998495243,66.34870015047568,False,False,ALL_12_RETAINED_INTERFACES_AT_THE_SAME_RESIDUAL_SCARCITY_HOUR
SI,2019-01-21 22:00:00,IT_MT,IT,MT,-200.0,200.0,200.0,400.0,0.0,False,True,ALL_12_RETAINED_INTERFACES_AT_THE_SAME_RESIDUAL_SCARCITY_HOUR
SI,2019-01-21 22:00:00,IT_SI,IT,SI,-540.4175781299699,1200.0,1100.0,1740.41757812997,559.5824218700301,False,False,ALL_12_RETAINED_INTERFACES_AT_THE_SAME_RESIDUAL_SCARCITY_HOUR
SI,2019-01-21 22:00:00,IT_TN,IT,TN,-600.0,600.0,600.0,1200.0,0.0,False,True,ALL_12_RETAINED_INTERFACES_AT_THE_SAME_RESIDUAL_SCARCITY_HOUR
SI,2019-01-21 23:00:00,EXT_AT_CH,AT,CH,-1200.0,1200.0,1200.0,2400.0,0.0,False,True,ALL_12_RETAINED_INTERFACES_AT_THE_SAME_RESIDUAL_SCARCITY_HOUR
SI,2019-01-21 23:00:00,EXT_AT_SI,AT,SI,-1450.0,1450.0,1450.0,2900.0,0.0,False,True,ALL_12_RETAINED_INTERFACES_AT_THE_SAME_RESIDUAL_SCARCITY_HOUR
SI,2019-01-21 23:00:00,EXT_CH_FR,CH,FR,-2589.8241482165977,2200.0,4500.0,4789.824148216598,1910.1758517834023,False,False,ALL_12_RETAINED_INTERFACES_AT_THE_SAME_RESIDUAL_SCARCITY_HOUR
SI,2019-01-21 23:00:00,EXT_HR_SI,HR,SI,-264.1992896875503,1500.0,1500.0,1764.1992896875504,1235.8007103124496,False,False,ALL_12_RETAINED_INTERFACES_AT_THE_SAME_RESIDUAL_SCARCITY_HOUR
SI,2019-01-21 23:00:00,IT_AT,AT,IT,-300.0,700.0,300.0,1000.0,0.0,False,True,ALL_12_RETAINED_INTERFACES_AT_THE_SAME_RESIDUAL_SCARCITY_HOUR
SI,2019-01-21 23:00:00,IT_CH,CH,IT,4600.0,4600.0,1900.0,0.0,6500.0,True,False,ALL_12_RETAINED_INTERFACES_AT_THE_SAME_RESIDUAL_SCARCITY_HOUR
SI,2019-01-21 23:00:00,IT_FR,FR,IT,4500.0,4500.0,2200.0,0.0,6700.0,True,False,ALL_12_RETAINED_INTERFACES_AT_THE_SAME_RESIDUAL_SCARCITY_HOUR
SI,2019-01-21 23:00:00,IT_GR,GR,IT,500.0,500.0,500.0,0.0,1000.0,True,False,ALL_12_RETAINED_INTERFACES_AT_THE_SAME_RESIDUAL_SCARCITY_HOUR
SI,2019-01-21 23:00:00,IT_ME,IT,ME,-574.0957386839053,600.0,600.0,1174.0957386839054,25.904261316094676,False,False,ALL_12_RETAINED_INTERFACES_AT_THE_SAME_RESIDUAL_SCARCITY_HOUR
SI,2019-01-21 23:00:00,IT_MT,IT,MT,-200.0,200.0,200.0,400.0,0.0,False,True,ALL_12_RETAINED_INTERFACES_AT_THE_SAME_RESIDUAL_SCARCITY_HOUR
SI,2019-01-21 23:00:00,IT_SI,IT,SI,1200.0,1200.0,1100.0,0.0,2300.0,True,False,ALL_12_RETAINED_INTERFACES_AT_THE_SAME_RESIDUAL_SCARCITY_HOUR
SI,2019-01-21 23:00:00,IT_TN,IT,TN,-600.0,600.0,600.0,1200.0,0.0,False,True,ALL_12_RETAINED_INTERFACES_AT_THE_SAME_RESIDUAL_SCARCITY_HOUR
SI,2019-01-22 00:00:00,EXT_AT_CH,AT,CH,-1200.0,1200.0,1200.0,2400.0,0.0,False,True,ALL_12_RETAINED_INTERFACES_AT_THE_SAME_RESIDUAL_SCARCITY_HOUR
SI,2019-01-22 00:00:00,EXT_AT_SI,AT,SI,-1450.0,1450.0,1450.0,2900.0,0.0,False,True,ALL_12_RETAINED_INTERFACES_AT_THE_SAME_RESIDUAL_SCARCITY_HOUR
SI,2019-01-22 00:00:00,EXT_CH_FR,CH,FR,-4048.0653906562097,2200.0,4500.0,6248.065390656209,451.93460934379027,False,False,ALL_12_RETAINED_INTERFACES_AT_THE_SAME_RESIDUAL_SCARCITY_HOUR
SI,2019-01-22 00:00:00,EXT_HR_SI,HR,SI,-13.722315309660551,1500.0,1500.0,1513.7223153096606,1486.2776846903394,False,False,ALL_12_RETAINED_INTERFACES_AT_THE_SAME_RESIDUAL_SCARCITY_HOUR
SI,2019-01-22 00:00:00,IT_AT,AT,IT,-300.0,700.0,300.0,1000.0,0.0,False,True,ALL_12_RETAINED_INTERFACES_AT_THE_SAME_RESIDUAL_SCARCITY_HOUR
SI,2019-01-22 00:00:00,IT_CH,CH,IT,4600.0,4600.0,1900.0,0.0,6500.0,True,False,ALL_12_RETAINED_INTERFACES_AT_THE_SAME_RESIDUAL_SCARCITY_HOUR
SI,2019-01-22 00:00:00,IT_FR,FR,IT,4500.0,4500.0,2200.0,0.0,6700.0,True,False,ALL_12_RETAINED_INTERFACES_AT_THE_SAME_RESIDUAL_SCARCITY_HOUR
SI,2019-01-22 00:00:00,IT_GR,GR,IT,500.0,500.0,500.0,0.0,1000.0,True,False,ALL_12_RETAINED_INTERFACES_AT_THE_SAME_RESIDUAL_SCARCITY_HOUR
SI,2019-01-22 00:00:00,IT_ME,IT,ME,-600.0,600.0,600.0,1200.0,0.0,False,True,ALL_12_RETAINED_INTERFACES_AT_THE_SAME_RESIDUAL_SCARCITY_HOUR
SI,2019-01-22 00:00:00,IT_MT,IT,MT,-200.0,200.0,200.0,400.0,0.0,False,True,ALL_12_RETAINED_INTERFACES_AT_THE_SAME_RESIDUAL_SCARCITY_HOUR
SI,2019-01-22 00:00:00,IT_SI,IT,SI,1200.0,1200.0,1100.0,0.0,2300.0,True,False,ALL_12_RETAINED_INTERFACES_AT_THE_SAME_RESIDUAL_SCARCITY_HOUR
SI,2019-01-22 00:00:00,IT_TN,IT,TN,-600.0,600.0,600.0,1200.0,0.0,False,True,ALL_12_RETAINED_INTERFACES_AT_THE_SAME_RESIDUAL_SCARCITY_HOUR
SI,2019-01-22 01:00:00,EXT_AT_CH,AT,CH,-1200.0,1200.0,1200.0,2400.0,0.0,False,True,ALL_12_RETAINED_INTERFACES_AT_THE_SAME_RESIDUAL_SCARCITY_HOUR
SI,2019-01-22 01:00:00,EXT_AT_SI,AT,SI,-1450.0,1450.0,1450.0,2900.0,0.0,False,True,ALL_12_RETAINED_INTERFACES_AT_THE_SAME_RESIDUAL_SCARCITY_HOUR
SI,2019-01-22 01:00:00,EXT_CH_FR,CH,FR,-4222.074532869708,2200.0,4500.0,6422.074532869708,277.9254671302924,False,False,ALL_12_RETAINED_INTERFACES_AT_THE_SAME_RESIDUAL_SCARCITY_HOUR
SI,2019-01-22 01:00:00,EXT_HR_SI,HR,SI,159.51549412415514,1500.0,1500.0,1340.484505875845,1659.515494124155,False,False,ALL_12_RETAINED_INTERFACES_AT_THE_SAME_RESIDUAL_SCARCITY_HOUR
SI,2019-01-22 01:00:00,IT_AT,AT,IT,-300.0,700.0,300.0,1000.0,0.0,False,True,ALL_12_RETAINED_INTERFACES_AT_THE_SAME_RESIDUAL_SCARCITY_HOUR
SI,2019-01-22 01:00:00,IT_CH,CH,IT,4600.0,4600.0,1900.0,0.0,6500.0,True,False,ALL_12_RETAINED_INTERFACES_AT_THE_SAME_RESIDUAL_SCARCITY_HOUR
SI,2019-01-22 01:00:00,IT_FR,FR,IT,4500.0,4500.0,2200.0,0.0,6700.0,True,False,ALL_12_RETAINED_INTERFACES_AT_THE_SAME_RESIDUAL_SCARCITY_HOUR
SI,2019-01-22 01:00:00,IT_GR,GR,IT,500.0,500.0,500.0,0.0,1000.0,True,False,ALL_12_RETAINED_INTERFACES_AT_THE_SAME_RESIDUAL_SCARCITY_HOUR
SI,2019-01-22 01:00:00,IT_ME,IT,ME,-600.0,600.0,600.0,1200.0,0.0,False,True,ALL_12_RETAINED_INTERFACES_AT_THE_SAME_RESIDUAL_SCARCITY_HOUR
SI,2019-01-22 01:00:00,IT_MT,IT,MT,-200.0,200.0,200.0,400.0,0.0,False,True,ALL_12_RETAINED_INTERFACES_AT_THE_SAME_RESIDUAL_SCARCITY_HOUR
SI,2019-01-22 01:00:00,IT_SI,IT,SI,1200.0,1200.0,1100.0,0.0,2300.0,True,False,ALL_12_RETAINED_INTERFACES_AT_THE_SAME_RESIDUAL_SCARCITY_HOUR
SI,2019-01-22 01:00:00,IT_TN,IT,TN,-600.0,600.0,600.0,1200.0,0.0,False,True,ALL_12_RETAINED_INTERFACES_AT_THE_SAME_RESIDUAL_SCARCITY_HOUR
SI,2019-01-22 03:00:00,EXT_AT_CH,AT,CH,-1200.0,1200.0,1200.0,2400.0,0.0,False,True,ALL_12_RETAINED_INTERFACES_AT_THE_SAME_RESIDUAL_SCARCITY_HOUR
SI,2019-01-22 03:00:00,EXT_AT_SI,AT,SI,-1450.0,1450.0,1450.0,2900.0,0.0,False,True,ALL_12_RETAINED_INTERFACES_AT_THE_SAME_RESIDUAL_SCARCITY_HOUR
SI,2019-01-22 03:00:00,EXT_CH_FR,CH,FR,-4500.0,2200.0,4500.0,6700.0,0.0,False,True,ALL_12_RETAINED_INTERFACES_AT_THE_SAME_RESIDUAL_SCARCITY_HOUR
SI,2019-01-22 03:00:00,EXT_HR_SI,HR,SI,274.5532438579084,1500.0,1500.0,1225.4467561420915,1774.5532438579085,False,False,ALL_12_RETAINED_INTERFACES_AT_THE_SAME_RESIDUAL_SCARCITY_HOUR
SI,2019-01-22 03:00:00,IT_AT,AT,IT,-300.0,700.0,300.0,1000.0,0.0,False,True,ALL_12_RETAINED_INTERFACES_AT_THE_SAME_RESIDUAL_SCARCITY_HOUR
SI,2019-01-22 03:00:00,IT_CH,CH,IT,4600.0,4600.0,1900.0,0.0,6500.0,True,False,ALL_12_RETAINED_INTERFACES_AT_THE_SAME_RESIDUAL_SCARCITY_HOUR
SI,2019-01-22 03:00:00,IT_FR,FR,IT,4500.0,4500.0,2200.0,0.0,6700.0,True,False,ALL_12_RETAINED_INTERFACES_AT_THE_SAME_RESIDUAL_SCARCITY_HOUR
SI,2019-01-22 03:00:00,IT_GR,GR,IT,500.0,500.0,500.0,0.0,1000.0,True,False,ALL_12_RETAINED_INTERFACES_AT_THE_SAME_RESIDUAL_SCARCITY_HOUR
SI,2019-01-22 03:00:00,IT_ME,IT,ME,-600.0,600.0,600.0,1200.0,0.0,False,True,ALL_12_RETAINED_INTERFACES_AT_THE_SAME_RESIDUAL_SCARCITY_HOUR
SI,2019-01-22 03:00:00,IT_MT,IT,MT,-200.0,200.0,200.0,400.0,0.0,False,True,ALL_12_RETAINED_INTERFACES_AT_THE_SAME_RESIDUAL_SCARCITY_HOUR
SI,2019-01-22 03:00:00,IT_SI,IT,SI,1200.0,1200.0,1100.0,0.0,2300.0,True,False,ALL_12_RETAINED_INTERFACES_AT_THE_SAME_RESIDUAL_SCARCITY_HOUR
SI,2019-01-22 03:00:00,IT_TN,IT,TN,-600.0,600.0,600.0,1200.0,0.0,False,True,ALL_12_RETAINED_INTERFACES_AT_THE_SAME_RESIDUAL_SCARCITY_HOUR
SI,2019-01-22 04:00:00,EXT_AT_CH,AT,CH,-1200.0,1200.0,1200.0,2400.0,0.0,False,True,ALL_12_RETAINED_INTERFACES_AT_THE_SAME_RESIDUAL_SCARCITY_HOUR
SI,2019-01-22 04:00:00,EXT_AT_SI,AT,SI,-1450.0,1450.0,1450.0,2900.0,0.0,False,True,ALL_12_RETAINED_INTERFACES_AT_THE_SAME_RESIDUAL_SCARCITY_HOUR
SI,2019-01-22 04:00:00,EXT_CH_FR,CH,FR,-4500.0,2200.0,4500.0,6700.0,0.0,False,True,ALL_12_RETAINED_INTERFACES_AT_THE_SAME_RESIDUAL_SCARCITY_HOUR
SI,2019-01-22 04:00:00,EXT_HR_SI,HR,SI,135.1919900013427,1500.0,1500.0,1364.8080099986573,1635.1919900013427,False,False,ALL_12_RETAINED_INTERFACES_AT_THE_SAME_RESIDUAL_SCARCITY_HOUR
SI,2019-01-22 04:00:00,IT_AT,AT,IT,-300.0,700.0,300.0,1000.0,0.0,False,True,ALL_12_RETAINED_INTERFACES_AT_THE_SAME_RESIDUAL_SCARCITY_HOUR
SI,2019-01-22 04:00:00,IT_CH,CH,IT,4600.0,4600.0,1900.0,0.0,6500.0,True,False,ALL_12_RETAINED_INTERFACES_AT_THE_SAME_RESIDUAL_SCARCITY_HOUR
SI,2019-01-22 04:00:00,IT_FR,FR,IT,4500.0,4500.0,2200.0,0.0,6700.0,True,False,ALL_12_RETAINED_INTERFACES_AT_THE_SAME_RESIDUAL_SCARCITY_HOUR
SI,2019-01-22 04:00:00,IT_GR,GR,IT,500.0,500.0,500.0,0.0,1000.0,True,False,ALL_12_RETAINED_INTERFACES_AT_THE_SAME_RESIDUAL_SCARCITY_HOUR
SI,2019-01-22 04:00:00,IT_ME,IT,ME,-600.0,600.0,600.0,1200.0,0.0,False,True,ALL_12_RETAINED_INTERFACES_AT_THE_SAME_RESIDUAL_SCARCITY_HOUR
SI,2019-01-22 04:00:00,IT_MT,IT,MT,-200.0,200.0,200.0,400.0,0.0,False,True,ALL_12_RETAINED_INTERFACES_AT_THE_SAME_RESIDUAL_SCARCITY_HOUR
SI,2019-01-22 04:00:00,IT_SI,IT,SI,1200.0,1200.0,1100.0,0.0,2300.0,True,False,ALL_12_RETAINED_INTERFACES_AT_THE_SAME_RESIDUAL_SCARCITY_HOUR
SI,2019-01-22 04:00:00,IT_TN,IT,TN,-600.0,600.0,600.0,1200.0,0.0,False,True,ALL_12_RETAINED_INTERFACES_AT_THE_SAME_RESIDUAL_SCARCITY_HOUR
SI,2019-01-22 05:00:00,EXT_AT_CH,AT,CH,-1200.0,1200.0,1200.0,2400.0,0.0,False,True,ALL_12_RETAINED_INTERFACES_AT_THE_SAME_RESIDUAL_SCARCITY_HOUR
SI,2019-01-22 05:00:00,EXT_AT_SI,AT,SI,1450.0,1450.0,1450.0,0.0,2900.0,True,False,ALL_12_RETAINED_INTERFACES_AT_THE_SAME_RESIDUAL_SCARCITY_HOUR
SI,2019-01-22 05:00:00,EXT_CH_FR,CH,FR,-4500.0,2200.0,4500.0,6700.0,0.0,False,True,ALL_12_RETAINED_INTERFACES_AT_THE_SAME_RESIDUAL_SCARCITY_HOUR
SI,2019-01-22 05:00:00,EXT_HR_SI,HR,SI,-336.2073532391031,1500.0,1500.0,1836.2073532391032,1163.7926467608968,False,False,ALL_12_RETAINED_INTERFACES_AT_THE_SAME_RESIDUAL_SCARCITY_HOUR
SI,2019-01-22 05:00:00,IT_AT,AT,IT,-300.0,700.0,300.0,1000.0,0.0,False,True,ALL_12_RETAINED_INTERFACES_AT_THE_SAME_RESIDUAL_SCARCITY_HOUR
SI,2019-01-22 05:00:00,IT_CH,CH,IT,4600.0,4600.0,1900.0,0.0,6500.0,True,False,ALL_12_RETAINED_INTERFACES_AT_THE_SAME_RESIDUAL_SCARCITY_HOUR
SI,2019-01-22 05:00:00,IT_FR,FR,IT,4500.0,4500.0,2200.0,0.0,6700.0,True,False,ALL_12_RETAINED_INTERFACES_AT_THE_SAME_RESIDUAL_SCARCITY_HOUR
SI,2019-01-22 05:00:00,IT_GR,GR,IT,500.0,500.0,500.0,0.0,1000.0,True,False,ALL_12_RETAINED_INTERFACES_AT_THE_SAME_RESIDUAL_SCARCITY_HOUR
SI,2019-01-22 05:00:00,IT_ME,IT,ME,-600.0,600.0,600.0,1200.0,0.0,False,True,ALL_12_RETAINED_INTERFACES_AT_THE_SAME_RESIDUAL_SCARCITY_HOUR
SI,2019-01-22 05:00:00,IT_MT,IT,MT,-200.0,200.0,200.0,400.0,0.0,False,True,ALL_12_RETAINED_INTERFACES_AT_THE_SAME_RESIDUAL_SCARCITY_HOUR
SI,2019-01-22 05:00:00,IT_SI,IT,SI,-1100.0,1200.0,1100.0,2300.0,0.0,False,True,ALL_12_RETAINED_INTERFACES_AT_THE_SAME_RESIDUAL_SCARCITY_HOUR
SI,2019-01-22 05:00:00,IT_TN,IT,TN,-600.0,600.0,600.0,1200.0,0.0,False,True,ALL_12_RETAINED_INTERFACES_AT_THE_SAME_RESIDUAL_SCARCITY_HOUR
SI,2019-01-22 07:00:00,EXT_AT_CH,AT,CH,-1200.0,1200.0,1200.0,2400.0,0.0,False,True,ALL_12_RETAINED_INTERFACES_AT_THE_SAME_RESIDUAL_SCARCITY_HOUR
SI,2019-01-22 07:00:00,EXT_AT_SI,AT,SI,-1450.0,1450.0,1450.0,2900.0,0.0,False,True,ALL_12_RETAINED_INTERFACES_AT_THE_SAME_RESIDUAL_SCARCITY_HOUR
SI,2019-01-22 07:00:00,EXT_CH_FR,CH,FR,2200.0,2200.0,4500.0,0.0,6700.0,True,False,ALL_12_RETAINED_INTERFACES_AT_THE_SAME_RESIDUAL_SCARCITY_HOUR
SI,2019-01-22 07:00:00,EXT_HR_SI,HR,SI,-602.4276474157663,1500.0,1500.0,2102.4276474157664,897.5723525842337,False,False,ALL_12_RETAINED_INTERFACES_AT_THE_SAME_RESIDUAL_SCARCITY_HOUR
SI,2019-01-22 07:00:00,IT_AT,AT,IT,700.0,700.0,300.0,0.0,1000.0,True,False,ALL_12_RETAINED_INTERFACES_AT_THE_SAME_RESIDUAL_SCARCITY_HOUR
SI,2019-01-22 07:00:00,IT_CH,CH,IT,4600.0,4600.0,1900.0,0.0,6500.0,True,False,ALL_12_RETAINED_INTERFACES_AT_THE_SAME_RESIDUAL_SCARCITY_HOUR
SI,2019-01-22 07:00:00,IT_FR,FR,IT,4500.0,4500.0,2200.0,0.0,6700.0,True,False,ALL_12_RETAINED_INTERFACES_AT_THE_SAME_RESIDUAL_SCARCITY_HOUR
SI,2019-01-22 07:00:00,IT_GR,GR,IT,500.0,500.0,500.0,0.0,1000.0,True,False,ALL_12_RETAINED_INTERFACES_AT_THE_SAME_RESIDUAL_SCARCITY_HOUR
SI,2019-01-22 07:00:00,IT_ME,IT,ME,-600.0,600.0,600.0,1200.0,0.0,False,True,ALL_12_RETAINED_INTERFACES_AT_THE_SAME_RESIDUAL_SCARCITY_HOUR
SI,2019-01-22 07:00:00,IT_MT,IT,MT,-200.0,200.0,200.0,400.0,0.0,False,True,ALL_12_RETAINED_INTERFACES_AT_THE_SAME_RESIDUAL_SCARCITY_HOUR
SI,2019-01-22 07:00:00,IT_SI,IT,SI,-1100.0,1200.0,1100.0,2300.0,0.0,False,True,ALL_12_RETAINED_INTERFACES_AT_THE_SAME_RESIDUAL_SCARCITY_HOUR
SI,2019-01-22 07:00:00,IT_TN,IT,TN,-600.0,600.0,600.0,1200.0,0.0,False,True,ALL_12_RETAINED_INTERFACES_AT_THE_SAME_RESIDUAL_SCARCITY_HOUR
SI,2019-01-22 16:00:00,EXT_AT_CH,AT,CH,-1200.0,1200.0,1200.0,2400.0,0.0,False,True,ALL_12_RETAINED_INTERFACES_AT_THE_SAME_RESIDUAL_SCARCITY_HOUR
SI,2019-01-22 16:00:00,EXT_AT_SI,AT,SI,-1450.0,1450.0,1450.0,2900.0,0.0,False,True,ALL_12_RETAINED_INTERFACES_AT_THE_SAME_RESIDUAL_SCARCITY_HOUR
SI,2019-01-22 16:00:00,EXT_CH_FR,CH,FR,2200.0,2200.0,4500.0,0.0,6700.0,True,False,ALL_12_RETAINED_INTERFACES_AT_THE_SAME_RESIDUAL_SCARCITY_HOUR
SI,2019-01-22 16:00:00,EXT_HR_SI,HR,SI,-905.168104570994,1500.0,1500.0,2405.168104570994,594.831895429006,False,False,ALL_12_RETAINED_INTERFACES_AT_THE_SAME_RESIDUAL_SCARCITY_HOUR
SI,2019-01-22 16:00:00,IT_AT,AT,IT,-300.0,700.0,300.0,1000.0,0.0,False,True,ALL_12_RETAINED_INTERFACES_AT_THE_SAME_RESIDUAL_SCARCITY_HOUR
SI,2019-01-22 16:00:00,IT_CH,CH,IT,4600.0,4600.0,1900.0,0.0,6500.0,True,False,ALL_12_RETAINED_INTERFACES_AT_THE_SAME_RESIDUAL_SCARCITY_HOUR
SI,2019-01-22 16:00:00,IT_FR,FR,IT,4500.0,4500.0,2200.0,0.0,6700.0,True,False,ALL_12_RETAINED_INTERFACES_AT_THE_SAME_RESIDUAL_SCARCITY_HOUR
SI,2019-01-22 16:00:00,IT_GR,GR,IT,500.0,500.0,500.0,0.0,1000.0,True,False,ALL_12_RETAINED_INTERFACES_AT_THE_SAME_RESIDUAL_SCARCITY_HOUR
SI,2019-01-22 16:00:00,IT_ME,IT,ME,-480.6740014424192,600.0,600.0,1080.6740014424192,119.32599855758082,False,False,ALL_12_RETAINED_INTERFACES_AT_THE_SAME_RESIDUAL_SCARCITY_HOUR
SI,2019-01-22 16:00:00,IT_MT,IT,MT,-13.953543292585948,200.0,200.0,213.95354329258595,186.04645670741405,False,False,ALL_12_RETAINED_INTERFACES_AT_THE_SAME_RESIDUAL_SCARCITY_HOUR
SI,2019-01-22 16:00:00,IT_SI,IT,SI,1200.0,1200.0,1100.0,0.0,2300.0,True,False,ALL_12_RETAINED_INTERFACES_AT_THE_SAME_RESIDUAL_SCARCITY_HOUR
SI,2019-01-22 16:00:00,IT_TN,IT,TN,-600.0,600.0,600.0,1200.0,0.0,False,True,ALL_12_RETAINED_INTERFACES_AT_THE_SAME_RESIDUAL_SCARCITY_HOUR
SI,2019-01-22 17:00:00,EXT_AT_CH,AT,CH,-1200.0,1200.0,1200.0,2400.0,0.0,False,True,ALL_12_RETAINED_INTERFACES_AT_THE_SAME_RESIDUAL_SCARCITY_HOUR
SI,2019-01-22 17:00:00,EXT_AT_SI,AT,SI,-1450.0,1450.0,1450.0,2900.0,0.0,False,True,ALL_12_RETAINED_INTERFACES_AT_THE_SAME_RESIDUAL_SCARCITY_HOUR
SI,2019-01-22 17:00:00,EXT_CH_FR,CH,FR,2200.0,2200.0,4500.0,0.0,6700.0,True,False,ALL_12_RETAINED_INTERFACES_AT_THE_SAME_RESIDUAL_SCARCITY_HOUR
SI,2019-01-22 17:00:00,EXT_HR_SI,HR,SI,-995.7119433934153,1500.0,1500.0,2495.7119433934154,504.28805660658475,False,False,ALL_12_RETAINED_INTERFACES_AT_THE_SAME_RESIDUAL_SCARCITY_HOUR
SI,2019-01-22 17:00:00,IT_AT,AT,IT,-300.0,700.0,300.0,1000.0,0.0,False,True,ALL_12_RETAINED_INTERFACES_AT_THE_SAME_RESIDUAL_SCARCITY_HOUR
SI,2019-01-22 17:00:00,IT_CH,CH,IT,4600.0,4600.0,1900.0,0.0,6500.0,True,False,ALL_12_RETAINED_INTERFACES_AT_THE_SAME_RESIDUAL_SCARCITY_HOUR
SI,2019-01-22 17:00:00,IT_FR,FR,IT,4500.0,4500.0,2200.0,0.0,6700.0,True,False,ALL_12_RETAINED_INTERFACES_AT_THE_SAME_RESIDUAL_SCARCITY_HOUR
SI,2019-01-22 17:00:00,IT_GR,GR,IT,500.0,500.0,500.0,0.0,1000.0,True,False,ALL_12_RETAINED_INTERFACES_AT_THE_SAME_RESIDUAL_SCARCITY_HOUR
SI,2019-01-22 17:00:00,IT_ME,IT,ME,-480.4719921272596,600.0,600.0,1080.4719921272597,119.52800787274037,False,False,ALL_12_RETAINED_INTERFACES_AT_THE_SAME_RESIDUAL_SCARCITY_HOUR
SI,2019-01-22 17:00:00,IT_MT,IT,MT,23.731789405755592,200.0,200.0,176.2682105942444,223.7317894057556,False,False,ALL_12_RETAINED_INTERFACES_AT_THE_SAME_RESIDUAL_SCARCITY_HOUR
SI,2019-01-22 17:00:00,IT_SI,IT,SI,1200.0,1200.0,1100.0,0.0,2300.0,True,False,ALL_12_RETAINED_INTERFACES_AT_THE_SAME_RESIDUAL_SCARCITY_HOUR
SI,2019-01-22 17:00:00,IT_TN,IT,TN,-600.0,600.0,600.0,1200.0,0.0,False,True,ALL_12_RETAINED_INTERFACES_AT_THE_SAME_RESIDUAL_SCARCITY_HOUR
SI,2019-01-22 18:00:00,EXT_AT_CH,AT,CH,-1200.0,1200.0,1200.0,2400.0,0.0,False,True,ALL_12_RETAINED_INTERFACES_AT_THE_SAME_RESIDUAL_SCARCITY_HOUR
SI,2019-01-22 18:00:00,EXT_AT_SI,AT,SI,-1450.0,1450.0,1450.0,2900.0,0.0,False,True,ALL_12_RETAINED_INTERFACES_AT_THE_SAME_RESIDUAL_SCARCITY_HOUR
SI,2019-01-22 18:00:00,EXT_CH_FR,CH,FR,2200.0,2200.0,4500.0,0.0,6700.0,True,False,ALL_12_RETAINED_INTERFACES_AT_THE_SAME_RESIDUAL_SCARCITY_HOUR
SI,2019-01-22 18:00:00,EXT_HR_SI,HR,SI,-1070.6201162371099,1500.0,1500.0,2570.62011623711,429.37988376289013,False,False,ALL_12_RETAINED_INTERFACES_AT_THE_SAME_RESIDUAL_SCARCITY_HOUR
SI,2019-01-22 18:00:00,IT_AT,AT,IT,-300.0,700.0,300.0,1000.0,0.0,False,True,ALL_12_RETAINED_INTERFACES_AT_THE_SAME_RESIDUAL_SCARCITY_HOUR
SI,2019-01-22 18:00:00,IT_CH,CH,IT,4600.0,4600.0,1900.0,0.0,6500.0,True,False,ALL_12_RETAINED_INTERFACES_AT_THE_SAME_RESIDUAL_SCARCITY_HOUR
SI,2019-01-22 18:00:00,IT_FR,FR,IT,4500.0,4500.0,2200.0,0.0,6700.0,True,False,ALL_12_RETAINED_INTERFACES_AT_THE_SAME_RESIDUAL_SCARCITY_HOUR
SI,2019-01-22 18:00:00,IT_GR,GR,IT,500.0,500.0,500.0,0.0,1000.0,True,False,ALL_12_RETAINED_INTERFACES_AT_THE_SAME_RESIDUAL_SCARCITY_HOUR
SI,2019-01-22 18:00:00,IT_ME,IT,ME,-544.2843932490154,600.0,600.0,1144.2843932490155,55.71560675098465,False,False,ALL_12_RETAINED_INTERFACES_AT_THE_SAME_RESIDUAL_SCARCITY_HOUR
SI,2019-01-22 18:00:00,IT_MT,IT,MT,57.310334833602155,200.0,200.0,142.68966516639784,257.31033483360216,False,False,ALL_12_RETAINED_INTERFACES_AT_THE_SAME_RESIDUAL_SCARCITY_HOUR
SI,2019-01-22 18:00:00,IT_SI,IT,SI,1200.0,1200.0,1100.0,0.0,2300.0,True,False,ALL_12_RETAINED_INTERFACES_AT_THE_SAME_RESIDUAL_SCARCITY_HOUR
SI,2019-01-22 18:00:00,IT_TN,IT,TN,-600.0,600.0,600.0,1200.0,0.0,False,True,ALL_12_RETAINED_INTERFACES_AT_THE_SAME_RESIDUAL_SCARCITY_HOUR
SI,2019-01-22 19:00:00,EXT_AT_CH,AT,CH,-1200.0,1200.0,1200.0,2400.0,0.0,False,True,ALL_12_RETAINED_INTERFACES_AT_THE_SAME_RESIDUAL_SCARCITY_HOUR
SI,2019-01-22 19:00:00,EXT_AT_SI,AT,SI,-1450.0,1450.0,1450.0,2900.0,0.0,False,True,ALL_12_RETAINED_INTERFACES_AT_THE_SAME_RESIDUAL_SCARCITY_HOUR
SI,2019-01-22 19:00:00,EXT_CH_FR,CH,FR,1276.1263700264171,2200.0,4500.0,923.8736299735829,5776.126370026417,False,False,ALL_12_RETAINED_INTERFACES_AT_THE_SAME_RESIDUAL_SCARCITY_HOUR
SI,2019-01-22 19:00:00,EXT_HR_SI,HR,SI,-1047.3135589917888,1500.0,1500.0,2547.313558991789,452.6864410082112,False,False,ALL_12_RETAINED_INTERFACES_AT_THE_SAME_RESIDUAL_SCARCITY_HOUR
SI,2019-01-22 19:00:00,IT_AT,AT,IT,-300.0,700.0,300.0,1000.0,0.0,False,True,ALL_12_RETAINED_INTERFACES_AT_THE_SAME_RESIDUAL_SCARCITY_HOUR
SI,2019-01-22 19:00:00,IT_CH,CH,IT,4600.0,4600.0,1900.0,0.0,6500.0,True,False,ALL_12_RETAINED_INTERFACES_AT_THE_SAME_RESIDUAL_SCARCITY_HOUR
SI,2019-01-22 19:00:00,IT_FR,FR,IT,4500.0,4500.0,2200.0,0.0,6700.0,True,False,ALL_12_RETAINED_INTERFACES_AT_THE_SAME_RESIDUAL_SCARCITY_HOUR
SI,2019-01-22 19:00:00,IT_GR,GR,IT,500.0,500.0,500.0,0.0,1000.0,True,False,ALL_12_RETAINED_INTERFACES_AT_THE_SAME_RESIDUAL_SCARCITY_HOUR
SI,2019-01-22 19:00:00,IT_ME,IT,ME,-507.99881402228266,600.0,600.0,1107.9988140222827,92.00118597771734,False,False,ALL_12_RETAINED_INTERFACES_AT_THE_SAME_RESIDUAL_SCARCITY_HOUR
SI,2019-01-22 19:00:00,IT_MT,IT,MT,75.49783022424305,200.0,200.0,124.50216977575695,275.49783022424305,False,False,ALL_12_RETAINED_INTERFACES_AT_THE_SAME_RESIDUAL_SCARCITY_HOUR
SI,2019-01-22 19:00:00,IT_SI,IT,SI,1200.0,1200.0,1100.0,0.0,2300.0,True,False,ALL_12_RETAINED_INTERFACES_AT_THE_SAME_RESIDUAL_SCARCITY_HOUR
SI,2019-01-22 19:00:00,IT_TN,IT,TN,-600.0,600.0,600.0,1200.0,0.0,False,True,ALL_12_RETAINED_INTERFACES_AT_THE_SAME_RESIDUAL_SCARCITY_HOUR
SI,2019-01-22 20:00:00,EXT_AT_CH,AT,CH,-1200.0,1200.0,1200.0,2400.0,0.0,False,True,ALL_12_RETAINED_INTERFACES_AT_THE_SAME_RESIDUAL_SCARCITY_HOUR
SI,2019-01-22 20:00:00,EXT_AT_SI,AT,SI,-1450.0,1450.0,1450.0,2900.0,0.0,False,True,ALL_12_RETAINED_INTERFACES_AT_THE_SAME_RESIDUAL_SCARCITY_HOUR
SI,2019-01-22 20:00:00,EXT_CH_FR,CH,FR,-4500.0,2200.0,4500.0,6700.0,0.0,False,True,ALL_12_RETAINED_INTERFACES_AT_THE_SAME_RESIDUAL_SCARCITY_HOUR
SI,2019-01-22 20:00:00,EXT_HR_SI,HR,SI,-1106.789095432484,1500.0,1500.0,2606.789095432484,393.2109045675161,False,False,ALL_12_RETAINED_INTERFACES_AT_THE_SAME_RESIDUAL_SCARCITY_HOUR
SI,2019-01-22 20:00:00,IT_AT,AT,IT,-300.0,700.0,300.0,1000.0,0.0,False,True,ALL_12_RETAINED_INTERFACES_AT_THE_SAME_RESIDUAL_SCARCITY_HOUR
SI,2019-01-22 20:00:00,IT_CH,CH,IT,4600.0,4600.0,1900.0,0.0,6500.0,True,False,ALL_12_RETAINED_INTERFACES_AT_THE_SAME_RESIDUAL_SCARCITY_HOUR
SI,2019-01-22 20:00:00,IT_FR,FR,IT,4500.0,4500.0,2200.0,0.0,6700.0,True,False,ALL_12_RETAINED_INTERFACES_AT_THE_SAME_RESIDUAL_SCARCITY_HOUR
SI,2019-01-22 20:00:00,IT_GR,GR,IT,500.0,500.0,500.0,0.0,1000.0,True,False,ALL_12_RETAINED_INTERFACES_AT_THE_SAME_RESIDUAL_SCARCITY_HOUR
SI,2019-01-22 20:00:00,IT_ME,IT,ME,-600.0,600.0,600.0,1200.0,0.0,False,True,ALL_12_RETAINED_INTERFACES_AT_THE_SAME_RESIDUAL_SCARCITY_HOUR
SI,2019-01-22 20:00:00,IT_MT,IT,MT,78.03279388968986,200.0,200.0,121.96720611031014,278.03279388968986,False,False,ALL_12_RETAINED_INTERFACES_AT_THE_SAME_RESIDUAL_SCARCITY_HOUR
SI,2019-01-22 20:00:00,IT_SI,IT,SI,1200.0,1200.0,1100.0,0.0,2300.0,True,False,ALL_12_RETAINED_INTERFACES_AT_THE_SAME_RESIDUAL_SCARCITY_HOUR
SI,2019-01-22 20:00:00,IT_TN,IT,TN,-600.0,600.0,600.0,1200.0,0.0,False,True,ALL_12_RETAINED_INTERFACES_AT_THE_SAME_RESIDUAL_SCARCITY_HOUR
SI,2019-01-22 21:00:00,EXT_AT_CH,AT,CH,-1200.0,1200.0,1200.0,2400.0,0.0,False,True,ALL_12_RETAINED_INTERFACES_AT_THE_SAME_RESIDUAL_SCARCITY_HOUR
SI,2019-01-22 21:00:00,EXT_AT_SI,AT,SI,-1450.0,1450.0,1450.0,2900.0,0.0,False,True,ALL_12_RETAINED_INTERFACES_AT_THE_SAME_RESIDUAL_SCARCITY_HOUR
SI,2019-01-22 21:00:00,EXT_CH_FR,CH,FR,-4500.0,2200.0,4500.0,6700.0,0.0,False,True,ALL_12_RETAINED_INTERFACES_AT_THE_SAME_RESIDUAL_SCARCITY_HOUR
SI,2019-01-22 21:00:00,EXT_HR_SI,HR,SI,-926.8080538675521,1500.0,1500.0,2426.808053867552,573.1919461324479,False,False,ALL_12_RETAINED_INTERFACES_AT_THE_SAME_RESIDUAL_SCARCITY_HOUR
SI,2019-01-22 21:00:00,IT_AT,AT,IT,-300.0,700.0,300.0,1000.0,0.0,False,True,ALL_12_RETAINED_INTERFACES_AT_THE_SAME_RESIDUAL_SCARCITY_HOUR
SI,2019-01-22 21:00:00,IT_CH,CH,IT,4600.0,4600.0,1900.0,0.0,6500.0,True,False,ALL_12_RETAINED_INTERFACES_AT_THE_SAME_RESIDUAL_SCARCITY_HOUR
SI,2019-01-22 21:00:00,IT_FR,FR,IT,4500.0,4500.0,2200.0,0.0,6700.0,True,False,ALL_12_RETAINED_INTERFACES_AT_THE_SAME_RESIDUAL_SCARCITY_HOUR
SI,2019-01-22 21:00:00,IT_GR,GR,IT,500.0,500.0,500.0,0.0,1000.0,True,False,ALL_12_RETAINED_INTERFACES_AT_THE_SAME_RESIDUAL_SCARCITY_HOUR
SI,2019-01-22 21:00:00,IT_ME,IT,ME,-600.0,600.0,600.0,1200.0,0.0,False,True,ALL_12_RETAINED_INTERFACES_AT_THE_SAME_RESIDUAL_SCARCITY_HOUR
SI,2019-01-22 21:00:00,IT_MT,IT,MT,64.46963383232912,200.0,200.0,135.53036616767088,264.4696338323291,False,False,ALL_12_RETAINED_INTERFACES_AT_THE_SAME_RESIDUAL_SCARCITY_HOUR
SI,2019-01-22 21:00:00,IT_SI,IT,SI,1200.0,1200.0,1100.0,0.0,2300.0,True,False,ALL_12_RETAINED_INTERFACES_AT_THE_SAME_RESIDUAL_SCARCITY_HOUR
SI,2019-01-22 21:00:00,IT_TN,IT,TN,-600.0,600.0,600.0,1200.0,0.0,False,True,ALL_12_RETAINED_INTERFACES_AT_THE_SAME_RESIDUAL_SCARCITY_HOUR
SI,2019-01-22 23:00:00,EXT_AT_CH,AT,CH,-1200.0,1200.0,1200.0,2400.0,0.0,False,True,ALL_12_RETAINED_INTERFACES_AT_THE_SAME_RESIDUAL_SCARCITY_HOUR
SI,2019-01-22 23:00:00,EXT_AT_SI,AT,SI,-1450.0,1450.0,1450.0,2900.0,0.0,False,True,ALL_12_RETAINED_INTERFACES_AT_THE_SAME_RESIDUAL_SCARCITY_HOUR
SI,2019-01-22 23:00:00,EXT_CH_FR,CH,FR,-4500.0,2200.0,4500.0,6700.0,0.0,False,True,ALL_12_RETAINED_INTERFACES_AT_THE_SAME_RESIDUAL_SCARCITY_HOUR
SI,2019-01-22 23:00:00,EXT_HR_SI,HR,SI,-243.7229842739113,1500.0,1500.0,1743.7229842739114,1256.2770157260886,False,False,ALL_12_RETAINED_INTERFACES_AT_THE_SAME_RESIDUAL_SCARCITY_HOUR
SI,2019-01-22 23:00:00,IT_AT,AT,IT,-300.0,700.0,300.0,1000.0,0.0,False,True,ALL_12_RETAINED_INTERFACES_AT_THE_SAME_RESIDUAL_SCARCITY_HOUR
SI,2019-01-22 23:00:00,IT_CH,CH,IT,4600.0,4600.0,1900.0,0.0,6500.0,True,False,ALL_12_RETAINED_INTERFACES_AT_THE_SAME_RESIDUAL_SCARCITY_HOUR
SI,2019-01-22 23:00:00,IT_FR,FR,IT,4500.0,4500.0,2200.0,0.0,6700.0,True,False,ALL_12_RETAINED_INTERFACES_AT_THE_SAME_RESIDUAL_SCARCITY_HOUR
SI,2019-01-22 23:00:00,IT_GR,GR,IT,500.0,500.0,500.0,0.0,1000.0,True,False,ALL_12_RETAINED_INTERFACES_AT_THE_SAME_RESIDUAL_SCARCITY_HOUR
SI,2019-01-22 23:00:00,IT_ME,IT,ME,-600.0,600.0,600.0,1200.0,0.0,False,True,ALL_12_RETAINED_INTERFACES_AT_THE_SAME_RESIDUAL_SCARCITY_HOUR
SI,2019-01-22 23:00:00,IT_MT,IT,MT,-25.081048961733188,200.0,200.0,225.0810489617332,174.9189510382668,False,False,ALL_12_RETAINED_INTERFACES_AT_THE_SAME_RESIDUAL_SCARCITY_HOUR
SI,2019-01-22 23:00:00,IT_SI,IT,SI,1200.0,1200.0,1100.0,0.0,2300.0,True,False,ALL_12_RETAINED_INTERFACES_AT_THE_SAME_RESIDUAL_SCARCITY_HOUR
SI,2019-01-22 23:00:00,IT_TN,IT,TN,-600.0,600.0,600.0,1200.0,0.0,False,True,ALL_12_RETAINED_INTERFACES_AT_THE_SAME_RESIDUAL_SCARCITY_HOUR
SI,2019-01-23 00:00:00,EXT_AT_CH,AT,CH,-1200.0,1200.0,1200.0,2400.0,0.0,False,True,ALL_12_RETAINED_INTERFACES_AT_THE_SAME_RESIDUAL_SCARCITY_HOUR
SI,2019-01-23 00:00:00,EXT_AT_SI,AT,SI,-1450.0,1450.0,1450.0,2900.0,0.0,False,True,ALL_12_RETAINED_INTERFACES_AT_THE_SAME_RESIDUAL_SCARCITY_HOUR
SI,2019-01-23 00:00:00,EXT_CH_FR,CH,FR,-4500.0,2200.0,4500.0,6700.0,0.0,False,True,ALL_12_RETAINED_INTERFACES_AT_THE_SAME_RESIDUAL_SCARCITY_HOUR
SI,2019-01-23 00:00:00,EXT_HR_SI,HR,SI,-16.260244503185184,1500.0,1500.0,1516.2602445031853,1483.7397554968147,False,False,ALL_12_RETAINED_INTERFACES_AT_THE_SAME_RESIDUAL_SCARCITY_HOUR
SI,2019-01-23 00:00:00,IT_AT,AT,IT,-300.0,700.0,300.0,1000.0,0.0,False,True,ALL_12_RETAINED_INTERFACES_AT_THE_SAME_RESIDUAL_SCARCITY_HOUR
SI,2019-01-23 00:00:00,IT_CH,CH,IT,4600.0,4600.0,1900.0,0.0,6500.0,True,False,ALL_12_RETAINED_INTERFACES_AT_THE_SAME_RESIDUAL_SCARCITY_HOUR
SI,2019-01-23 00:00:00,IT_FR,FR,IT,4500.0,4500.0,2200.0,0.0,6700.0,True,False,ALL_12_RETAINED_INTERFACES_AT_THE_SAME_RESIDUAL_SCARCITY_HOUR
SI,2019-01-23 00:00:00,IT_GR,GR,IT,500.0,500.0,500.0,0.0,1000.0,True,False,ALL_12_RETAINED_INTERFACES_AT_THE_SAME_RESIDUAL_SCARCITY_HOUR
SI,2019-01-23 00:00:00,IT_ME,IT,ME,-600.0,600.0,600.0,1200.0,0.0,False,True,ALL_12_RETAINED_INTERFACES_AT_THE_SAME_RESIDUAL_SCARCITY_HOUR
SI,2019-01-23 00:00:00,IT_MT,IT,MT,-30.765929182500464,200.0,200.0,230.76592918250046,169.23407081749954,False,False,ALL_12_RETAINED_INTERFACES_AT_THE_SAME_RESIDUAL_SCARCITY_HOUR
SI,2019-01-23 00:00:00,IT_SI,IT,SI,1200.0,1200.0,1100.0,0.0,2300.0,True,False,ALL_12_RETAINED_INTERFACES_AT_THE_SAME_RESIDUAL_SCARCITY_HOUR
SI,2019-01-23 00:00:00,IT_TN,IT,TN,-600.0,600.0,600.0,1200.0,0.0,False,True,ALL_12_RETAINED_INTERFACES_AT_THE_SAME_RESIDUAL_SCARCITY_HOUR
SI,2019-01-23 01:00:00,EXT_AT_CH,AT,CH,-1200.0,1200.0,1200.0,2400.0,0.0,False,True,ALL_12_RETAINED_INTERFACES_AT_THE_SAME_RESIDUAL_SCARCITY_HOUR
SI,2019-01-23 01:00:00,EXT_AT_SI,AT,SI,-1450.0,1450.0,1450.0,2900.0,0.0,False,True,ALL_12_RETAINED_INTERFACES_AT_THE_SAME_RESIDUAL_SCARCITY_HOUR
SI,2019-01-23 01:00:00,EXT_CH_FR,CH,FR,-4500.0,2200.0,4500.0,6700.0,0.0,False,True,ALL_12_RETAINED_INTERFACES_AT_THE_SAME_RESIDUAL_SCARCITY_HOUR
SI,2019-01-23 01:00:00,EXT_HR_SI,HR,SI,68.64378852553594,1500.0,1500.0,1431.356211474464,1568.643788525536,False,False,ALL_12_RETAINED_INTERFACES_AT_THE_SAME_RESIDUAL_SCARCITY_HOUR
SI,2019-01-23 01:00:00,IT_AT,AT,IT,-300.0,700.0,300.0,1000.0,0.0,False,True,ALL_12_RETAINED_INTERFACES_AT_THE_SAME_RESIDUAL_SCARCITY_HOUR
SI,2019-01-23 01:00:00,IT_CH,CH,IT,4600.0,4600.0,1900.0,0.0,6500.0,True,False,ALL_12_RETAINED_INTERFACES_AT_THE_SAME_RESIDUAL_SCARCITY_HOUR
SI,2019-01-23 01:00:00,IT_FR,FR,IT,4500.0,4500.0,2200.0,0.0,6700.0,True,False,ALL_12_RETAINED_INTERFACES_AT_THE_SAME_RESIDUAL_SCARCITY_HOUR
SI,2019-01-23 01:00:00,IT_GR,GR,IT,500.0,500.0,500.0,0.0,1000.0,True,False,ALL_12_RETAINED_INTERFACES_AT_THE_SAME_RESIDUAL_SCARCITY_HOUR
SI,2019-01-23 01:00:00,IT_ME,IT,ME,-600.0,600.0,600.0,1200.0,0.0,False,True,ALL_12_RETAINED_INTERFACES_AT_THE_SAME_RESIDUAL_SCARCITY_HOUR
SI,2019-01-23 01:00:00,IT_MT,IT,MT,-64.78584313474488,200.0,200.0,264.7858431347449,135.21415686525512,False,False,ALL_12_RETAINED_INTERFACES_AT_THE_SAME_RESIDUAL_SCARCITY_HOUR
SI,2019-01-23 01:00:00,IT_SI,IT,SI,1200.0,1200.0,1100.0,0.0,2300.0,True,False,ALL_12_RETAINED_INTERFACES_AT_THE_SAME_RESIDUAL_SCARCITY_HOUR
SI,2019-01-23 01:00:00,IT_TN,IT,TN,-600.0,600.0,600.0,1200.0,0.0,False,True,ALL_12_RETAINED_INTERFACES_AT_THE_SAME_RESIDUAL_SCARCITY_HOUR
SI,2019-01-23 02:00:00,EXT_AT_CH,AT,CH,-1200.0,1200.0,1200.0,2400.0,0.0,False,True,ALL_12_RETAINED_INTERFACES_AT_THE_SAME_RESIDUAL_SCARCITY_HOUR
SI,2019-01-23 02:00:00,EXT_AT_SI,AT,SI,-1450.0,1450.0,1450.0,2900.0,0.0,False,True,ALL_12_RETAINED_INTERFACES_AT_THE_SAME_RESIDUAL_SCARCITY_HOUR
SI,2019-01-23 02:00:00,EXT_CH_FR,CH,FR,-4500.0,2200.0,4500.0,6700.0,0.0,False,True,ALL_12_RETAINED_INTERFACES_AT_THE_SAME_RESIDUAL_SCARCITY_HOUR
SI,2019-01-23 02:00:00,EXT_HR_SI,HR,SI,36.169748015172026,1500.0,1500.0,1463.830251984828,1536.169748015172,False,False,ALL_12_RETAINED_INTERFACES_AT_THE_SAME_RESIDUAL_SCARCITY_HOUR
SI,2019-01-23 02:00:00,IT_AT,AT,IT,-300.0,700.0,300.0,1000.0,0.0,False,True,ALL_12_RETAINED_INTERFACES_AT_THE_SAME_RESIDUAL_SCARCITY_HOUR
SI,2019-01-23 02:00:00,IT_CH,CH,IT,4600.0,4600.0,1900.0,0.0,6500.0,True,False,ALL_12_RETAINED_INTERFACES_AT_THE_SAME_RESIDUAL_SCARCITY_HOUR
SI,2019-01-23 02:00:00,IT_FR,FR,IT,4500.0,4500.0,2200.0,0.0,6700.0,True,False,ALL_12_RETAINED_INTERFACES_AT_THE_SAME_RESIDUAL_SCARCITY_HOUR
SI,2019-01-23 02:00:00,IT_GR,GR,IT,500.0,500.0,500.0,0.0,1000.0,True,False,ALL_12_RETAINED_INTERFACES_AT_THE_SAME_RESIDUAL_SCARCITY_HOUR
SI,2019-01-23 02:00:00,IT_ME,IT,ME,-600.0,600.0,600.0,1200.0,0.0,False,True,ALL_12_RETAINED_INTERFACES_AT_THE_SAME_RESIDUAL_SCARCITY_HOUR
SI,2019-01-23 02:00:00,IT_MT,IT,MT,-120.73924553107855,200.0,200.0,320.73924553107855,79.26075446892145,False,False,ALL_12_RETAINED_INTERFACES_AT_THE_SAME_RESIDUAL_SCARCITY_HOUR
SI,2019-01-23 02:00:00,IT_SI,IT,SI,1200.0,1200.0,1100.0,0.0,2300.0,True,False,ALL_12_RETAINED_INTERFACES_AT_THE_SAME_RESIDUAL_SCARCITY_HOUR
SI,2019-01-23 02:00:00,IT_TN,IT,TN,-600.0,600.0,600.0,1200.0,0.0,False,True,ALL_12_RETAINED_INTERFACES_AT_THE_SAME_RESIDUAL_SCARCITY_HOUR
SI,2019-01-23 03:00:00,EXT_AT_CH,AT,CH,-1200.0,1200.0,1200.0,2400.0,0.0,False,True,ALL_12_RETAINED_INTERFACES_AT_THE_SAME_RESIDUAL_SCARCITY_HOUR
SI,2019-01-23 03:00:00,EXT_AT_SI,AT,SI,-1450.0,1450.0,1450.0,2900.0,0.0,False,True,ALL_12_RETAINED_INTERFACES_AT_THE_SAME_RESIDUAL_SCARCITY_HOUR
SI,2019-01-23 03:00:00,EXT_CH_FR,CH,FR,-4500.0,2200.0,4500.0,6700.0,0.0,False,True,ALL_12_RETAINED_INTERFACES_AT_THE_SAME_RESIDUAL_SCARCITY_HOUR
SI,2019-01-23 03:00:00,EXT_HR_SI,HR,SI,-43.16895197496469,1500.0,1500.0,1543.1689519749648,1456.8310480250352,False,False,ALL_12_RETAINED_INTERFACES_AT_THE_SAME_RESIDUAL_SCARCITY_HOUR
SI,2019-01-23 03:00:00,IT_AT,AT,IT,-300.0,700.0,300.0,1000.0,0.0,False,True,ALL_12_RETAINED_INTERFACES_AT_THE_SAME_RESIDUAL_SCARCITY_HOUR
SI,2019-01-23 03:00:00,IT_CH,CH,IT,4600.0,4600.0,1900.0,0.0,6500.0,True,False,ALL_12_RETAINED_INTERFACES_AT_THE_SAME_RESIDUAL_SCARCITY_HOUR
SI,2019-01-23 03:00:00,IT_FR,FR,IT,4500.0,4500.0,2200.0,0.0,6700.0,True,False,ALL_12_RETAINED_INTERFACES_AT_THE_SAME_RESIDUAL_SCARCITY_HOUR
SI,2019-01-23 03:00:00,IT_GR,GR,IT,500.0,500.0,500.0,0.0,1000.0,True,False,ALL_12_RETAINED_INTERFACES_AT_THE_SAME_RESIDUAL_SCARCITY_HOUR
SI,2019-01-23 03:00:00,IT_ME,IT,ME,-600.0,600.0,600.0,1200.0,0.0,False,True,ALL_12_RETAINED_INTERFACES_AT_THE_SAME_RESIDUAL_SCARCITY_HOUR
SI,2019-01-23 03:00:00,IT_MT,IT,MT,-200.0,200.0,200.0,400.0,0.0,False,True,ALL_12_RETAINED_INTERFACES_AT_THE_SAME_RESIDUAL_SCARCITY_HOUR
SI,2019-01-23 03:00:00,IT_SI,IT,SI,1200.0,1200.0,1100.0,0.0,2300.0,True,False,ALL_12_RETAINED_INTERFACES_AT_THE_SAME_RESIDUAL_SCARCITY_HOUR
SI,2019-01-23 03:00:00,IT_TN,IT,TN,-600.0,600.0,600.0,1200.0,0.0,False,True,ALL_12_RETAINED_INTERFACES_AT_THE_SAME_RESIDUAL_SCARCITY_HOUR
SI,2019-01-23 06:00:00,EXT_AT_CH,AT,CH,-1200.0,1200.0,1200.0,2400.0,0.0,False,True,ALL_12_RETAINED_INTERFACES_AT_THE_SAME_RESIDUAL_SCARCITY_HOUR
SI,2019-01-23 06:00:00,EXT_AT_SI,AT,SI,-1450.0,1450.0,1450.0,2900.0,0.0,False,True,ALL_12_RETAINED_INTERFACES_AT_THE_SAME_RESIDUAL_SCARCITY_HOUR
SI,2019-01-23 06:00:00,EXT_CH_FR,CH,FR,-2908.545405878969,2200.0,4500.0,5108.545405878969,1591.4545941210308,False,False,ALL_12_RETAINED_INTERFACES_AT_THE_SAME_RESIDUAL_SCARCITY_HOUR
SI,2019-01-23 06:00:00,EXT_HR_SI,HR,SI,-1169.190485489753,1500.0,1500.0,2669.190485489753,330.809514510247,False,False,ALL_12_RETAINED_INTERFACES_AT_THE_SAME_RESIDUAL_SCARCITY_HOUR
SI,2019-01-23 06:00:00,IT_AT,AT,IT,700.0,700.0,300.0,0.0,1000.0,True,False,ALL_12_RETAINED_INTERFACES_AT_THE_SAME_RESIDUAL_SCARCITY_HOUR
SI,2019-01-23 06:00:00,IT_CH,CH,IT,4600.0,4600.0,1900.0,0.0,6500.0,True,False,ALL_12_RETAINED_INTERFACES_AT_THE_SAME_RESIDUAL_SCARCITY_HOUR
SI,2019-01-23 06:00:00,IT_FR,FR,IT,4500.0,4500.0,2200.0,0.0,6700.0,True,False,ALL_12_RETAINED_INTERFACES_AT_THE_SAME_RESIDUAL_SCARCITY_HOUR
SI,2019-01-23 06:00:00,IT_GR,GR,IT,500.0,500.0,500.0,0.0,1000.0,True,False,ALL_12_RETAINED_INTERFACES_AT_THE_SAME_RESIDUAL_SCARCITY_HOUR
SI,2019-01-23 06:00:00,IT_ME,IT,ME,-600.0,600.0,600.0,1200.0,0.0,False,True,ALL_12_RETAINED_INTERFACES_AT_THE_SAME_RESIDUAL_SCARCITY_HOUR
SI,2019-01-23 06:00:00,IT_MT,IT,MT,-200.0,200.0,200.0,400.0,0.0,False,True,ALL_12_RETAINED_INTERFACES_AT_THE_SAME_RESIDUAL_SCARCITY_HOUR
SI,2019-01-23 06:00:00,IT_SI,IT,SI,-3.8656211084694405,1200.0,1100.0,1203.8656211084694,1096.1343788915306,False,False,ALL_12_RETAINED_INTERFACES_AT_THE_SAME_RESIDUAL_SCARCITY_HOUR
SI,2019-01-23 06:00:00,IT_TN,IT,TN,-600.0,600.0,600.0,1200.0,0.0,False,True,ALL_12_RETAINED_INTERFACES_AT_THE_SAME_RESIDUAL_SCARCITY_HOUR
SI,2019-01-23 07:00:00,EXT_AT_CH,AT,CH,-1200.0,1200.0,1200.0,2400.0,0.0,False,True,ALL_12_RETAINED_INTERFACES_AT_THE_SAME_RESIDUAL_SCARCITY_HOUR
SI,2019-01-23 07:00:00,EXT_AT_SI,AT,SI,-1450.0,1450.0,1450.0,2900.0,0.0,False,True,ALL_12_RETAINED_INTERFACES_AT_THE_SAME_RESIDUAL_SCARCITY_HOUR
SI,2019-01-23 07:00:00,EXT_CH_FR,CH,FR,1489.8324526129581,2200.0,4500.0,710.1675473870419,5989.832452612958,False,False,ALL_12_RETAINED_INTERFACES_AT_THE_SAME_RESIDUAL_SCARCITY_HOUR
SI,2019-01-23 07:00:00,EXT_HR_SI,HR,SI,-180.3579575622873,1500.0,1500.0,1680.3579575622873,1319.6420424377127,False,False,ALL_12_RETAINED_INTERFACES_AT_THE_SAME_RESIDUAL_SCARCITY_HOUR
SI,2019-01-23 07:00:00,IT_AT,AT,IT,700.0,700.0,300.0,0.0,1000.0,True,False,ALL_12_RETAINED_INTERFACES_AT_THE_SAME_RESIDUAL_SCARCITY_HOUR
SI,2019-01-23 07:00:00,IT_CH,CH,IT,4600.0,4600.0,1900.0,0.0,6500.0,True,False,ALL_12_RETAINED_INTERFACES_AT_THE_SAME_RESIDUAL_SCARCITY_HOUR
SI,2019-01-23 07:00:00,IT_FR,FR,IT,4500.0,4500.0,2200.0,0.0,6700.0,True,False,ALL_12_RETAINED_INTERFACES_AT_THE_SAME_RESIDUAL_SCARCITY_HOUR
SI,2019-01-23 07:00:00,IT_GR,GR,IT,500.0,500.0,500.0,0.0,1000.0,True,False,ALL_12_RETAINED_INTERFACES_AT_THE_SAME_RESIDUAL_SCARCITY_HOUR
SI,2019-01-23 07:00:00,IT_ME,IT,ME,-600.0,600.0,600.0,1200.0,0.0,False,True,ALL_12_RETAINED_INTERFACES_AT_THE_SAME_RESIDUAL_SCARCITY_HOUR
SI,2019-01-23 07:00:00,IT_MT,IT,MT,-200.0,200.0,200.0,400.0,0.0,False,True,ALL_12_RETAINED_INTERFACES_AT_THE_SAME_RESIDUAL_SCARCITY_HOUR
SI,2019-01-23 07:00:00,IT_SI,IT,SI,-1100.0,1200.0,1100.0,2300.0,0.0,False,True,ALL_12_RETAINED_INTERFACES_AT_THE_SAME_RESIDUAL_SCARCITY_HOUR
SI,2019-01-23 07:00:00,IT_TN,IT,TN,-600.0,600.0,600.0,1200.0,0.0,False,True,ALL_12_RETAINED_INTERFACES_AT_THE_SAME_RESIDUAL_SCARCITY_HOUR
SI,2019-01-23 08:00:00,EXT_AT_CH,AT,CH,-1200.0,1200.0,1200.0,2400.0,0.0,False,True,ALL_12_RETAINED_INTERFACES_AT_THE_SAME_RESIDUAL_SCARCITY_HOUR
SI,2019-01-23 08:00:00,EXT_AT_SI,AT,SI,-1450.0,1450.0,1450.0,2900.0,0.0,False,True,ALL_12_RETAINED_INTERFACES_AT_THE_SAME_RESIDUAL_SCARCITY_HOUR
SI,2019-01-23 08:00:00,EXT_CH_FR,CH,FR,2200.0,2200.0,4500.0,0.0,6700.0,True,False,ALL_12_RETAINED_INTERFACES_AT_THE_SAME_RESIDUAL_SCARCITY_HOUR
SI,2019-01-23 08:00:00,EXT_HR_SI,HR,SI,-1050.1799697338047,1500.0,1500.0,2550.1799697338047,449.8200302661953,False,False,ALL_12_RETAINED_INTERFACES_AT_THE_SAME_RESIDUAL_SCARCITY_HOUR
SI,2019-01-23 08:00:00,IT_AT,AT,IT,-300.0,700.0,300.0,1000.0,0.0,False,True,ALL_12_RETAINED_INTERFACES_AT_THE_SAME_RESIDUAL_SCARCITY_HOUR
SI,2019-01-23 08:00:00,IT_CH,CH,IT,4600.0,4600.0,1900.0,0.0,6500.0,True,False,ALL_12_RETAINED_INTERFACES_AT_THE_SAME_RESIDUAL_SCARCITY_HOUR
SI,2019-01-23 08:00:00,IT_FR,FR,IT,4500.0,4500.0,2200.0,0.0,6700.0,True,False,ALL_12_RETAINED_INTERFACES_AT_THE_SAME_RESIDUAL_SCARCITY_HOUR
SI,2019-01-23 08:00:00,IT_GR,GR,IT,500.0,500.0,500.0,0.0,1000.0,True,False,ALL_12_RETAINED_INTERFACES_AT_THE_SAME_RESIDUAL_SCARCITY_HOUR
SI,2019-01-23 08:00:00,IT_ME,IT,ME,-600.0,600.0,600.0,1200.0,0.0,False,True,ALL_12_RETAINED_INTERFACES_AT_THE_SAME_RESIDUAL_SCARCITY_HOUR
SI,2019-01-23 08:00:00,IT_MT,IT,MT,-200.0,200.0,200.0,400.0,0.0,False,True,ALL_12_RETAINED_INTERFACES_AT_THE_SAME_RESIDUAL_SCARCITY_HOUR
SI,2019-01-23 08:00:00,IT_SI,IT,SI,1200.0,1200.0,1100.0,0.0,2300.0,True,False,ALL_12_RETAINED_INTERFACES_AT_THE_SAME_RESIDUAL_SCARCITY_HOUR
SI,2019-01-23 08:00:00,IT_TN,IT,TN,-600.0,600.0,600.0,1200.0,0.0,False,True,ALL_12_RETAINED_INTERFACES_AT_THE_SAME_RESIDUAL_SCARCITY_HOUR
SI,2019-01-23 10:00:00,EXT_AT_CH,AT,CH,-1200.0,1200.0,1200.0,2400.0,0.0,False,True,ALL_12_RETAINED_INTERFACES_AT_THE_SAME_RESIDUAL_SCARCITY_HOUR
SI,2019-01-23 10:00:00,EXT_AT_SI,AT,SI,1234.5061618099057,1450.0,1450.0,215.49383819009427,2684.5061618099057,False,False,ALL_12_RETAINED_INTERFACES_AT_THE_SAME_RESIDUAL_SCARCITY_HOUR
SI,2019-01-23 10:00:00,EXT_CH_FR,CH,FR,2200.0,2200.0,4500.0,0.0,6700.0,True,False,ALL_12_RETAINED_INTERFACES_AT_THE_SAME_RESIDUAL_SCARCITY_HOUR
SI,2019-01-23 10:00:00,EXT_HR_SI,HR,SI,-991.4120151038954,1500.0,1500.0,2491.4120151038956,508.58798489610456,False,False,ALL_12_RETAINED_INTERFACES_AT_THE_SAME_RESIDUAL_SCARCITY_HOUR
SI,2019-01-23 10:00:00,IT_AT,AT,IT,-300.0,700.0,300.0,1000.0,0.0,False,True,ALL_12_RETAINED_INTERFACES_AT_THE_SAME_RESIDUAL_SCARCITY_HOUR
SI,2019-01-23 10:00:00,IT_CH,CH,IT,4600.0,4600.0,1900.0,0.0,6500.0,True,False,ALL_12_RETAINED_INTERFACES_AT_THE_SAME_RESIDUAL_SCARCITY_HOUR
SI,2019-01-23 10:00:00,IT_FR,FR,IT,4500.0,4500.0,2200.0,0.0,6700.0,True,False,ALL_12_RETAINED_INTERFACES_AT_THE_SAME_RESIDUAL_SCARCITY_HOUR
SI,2019-01-23 10:00:00,IT_GR,GR,IT,500.0,500.0,500.0,0.0,1000.0,True,False,ALL_12_RETAINED_INTERFACES_AT_THE_SAME_RESIDUAL_SCARCITY_HOUR
SI,2019-01-23 10:00:00,IT_ME,IT,ME,-600.0,600.0,600.0,1200.0,0.0,False,True,ALL_12_RETAINED_INTERFACES_AT_THE_SAME_RESIDUAL_SCARCITY_HOUR
SI,2019-01-23 10:00:00,IT_MT,IT,MT,-200.0,200.0,200.0,400.0,0.0,False,True,ALL_12_RETAINED_INTERFACES_AT_THE_SAME_RESIDUAL_SCARCITY_HOUR
SI,2019-01-23 10:00:00,IT_SI,IT,SI,1200.0,1200.0,1100.0,0.0,2300.0,True,False,ALL_12_RETAINED_INTERFACES_AT_THE_SAME_RESIDUAL_SCARCITY_HOUR
SI,2019-01-23 10:00:00,IT_TN,IT,TN,-600.0,600.0,600.0,1200.0,0.0,False,True,ALL_12_RETAINED_INTERFACES_AT_THE_SAME_RESIDUAL_SCARCITY_HOUR
SI,2019-01-23 12:00:00,EXT_AT_CH,AT,CH,-1200.0,1200.0,1200.0,2400.0,0.0,False,True,ALL_12_RETAINED_INTERFACES_AT_THE_SAME_RESIDUAL_SCARCITY_HOUR
SI,2019-01-23 12:00:00,EXT_AT_SI,AT,SI,-79.9256907823733,1450.0,1450.0,1529.9256907823733,1370.0743092176267,False,False,ALL_12_RETAINED_INTERFACES_AT_THE_SAME_RESIDUAL_SCARCITY_HOUR
SI,2019-01-23 12:00:00,EXT_CH_FR,CH,FR,2200.0,2200.0,4500.0,0.0,6700.0,True,False,ALL_12_RETAINED_INTERFACES_AT_THE_SAME_RESIDUAL_SCARCITY_HOUR
SI,2019-01-23 12:00:00,EXT_HR_SI,HR,SI,-967.0032142467506,1500.0,1500.0,2467.0032142467508,532.9967857532494,False,False,ALL_12_RETAINED_INTERFACES_AT_THE_SAME_RESIDUAL_SCARCITY_HOUR
SI,2019-01-23 12:00:00,IT_AT,AT,IT,-300.0,700.0,300.0,1000.0,0.0,False,True,ALL_12_RETAINED_INTERFACES_AT_THE_SAME_RESIDUAL_SCARCITY_HOUR
SI,2019-01-23 12:00:00,IT_CH,CH,IT,4600.0,4600.0,1900.0,0.0,6500.0,True,False,ALL_12_RETAINED_INTERFACES_AT_THE_SAME_RESIDUAL_SCARCITY_HOUR
SI,2019-01-23 12:00:00,IT_FR,FR,IT,4500.0,4500.0,2200.0,0.0,6700.0,True,False,ALL_12_RETAINED_INTERFACES_AT_THE_SAME_RESIDUAL_SCARCITY_HOUR
SI,2019-01-23 12:00:00,IT_GR,GR,IT,500.0,500.0,500.0,0.0,1000.0,True,False,ALL_12_RETAINED_INTERFACES_AT_THE_SAME_RESIDUAL_SCARCITY_HOUR
SI,2019-01-23 12:00:00,IT_ME,IT,ME,-600.0,600.0,600.0,1200.0,0.0,False,True,ALL_12_RETAINED_INTERFACES_AT_THE_SAME_RESIDUAL_SCARCITY_HOUR
SI,2019-01-23 12:00:00,IT_MT,IT,MT,-200.0,200.0,200.0,400.0,0.0,False,True,ALL_12_RETAINED_INTERFACES_AT_THE_SAME_RESIDUAL_SCARCITY_HOUR
SI,2019-01-23 12:00:00,IT_SI,IT,SI,1200.0,1200.0,1100.0,0.0,2300.0,True,False,ALL_12_RETAINED_INTERFACES_AT_THE_SAME_RESIDUAL_SCARCITY_HOUR
SI,2019-01-23 12:00:00,IT_TN,IT,TN,-600.0,600.0,600.0,1200.0,0.0,False,True,ALL_12_RETAINED_INTERFACES_AT_THE_SAME_RESIDUAL_SCARCITY_HOUR
SI,2019-01-23 13:00:00,EXT_AT_CH,AT,CH,-1200.0,1200.0,1200.0,2400.0,0.0,False,True,ALL_12_RETAINED_INTERFACES_AT_THE_SAME_RESIDUAL_SCARCITY_HOUR
SI,2019-01-23 13:00:00,EXT_AT_SI,AT,SI,-458.15615512854447,1450.0,1450.0,1908.1561551285445,991.8438448714555,False,False,ALL_12_RETAINED_INTERFACES_AT_THE_SAME_RESIDUAL_SCARCITY_HOUR
SI,2019-01-23 13:00:00,EXT_CH_FR,CH,FR,2200.0,2200.0,4500.0,0.0,6700.0,True,False,ALL_12_RETAINED_INTERFACES_AT_THE_SAME_RESIDUAL_SCARCITY_HOUR
SI,2019-01-23 13:00:00,EXT_HR_SI,HR,SI,-957.0658098401644,1500.0,1500.0,2457.0658098401645,542.9341901598356,False,False,ALL_12_RETAINED_INTERFACES_AT_THE_SAME_RESIDUAL_SCARCITY_HOUR
SI,2019-01-23 13:00:00,IT_AT,AT,IT,-300.0,700.0,300.0,1000.0,0.0,False,True,ALL_12_RETAINED_INTERFACES_AT_THE_SAME_RESIDUAL_SCARCITY_HOUR
SI,2019-01-23 13:00:00,IT_CH,CH,IT,4600.0,4600.0,1900.0,0.0,6500.0,True,False,ALL_12_RETAINED_INTERFACES_AT_THE_SAME_RESIDUAL_SCARCITY_HOUR
SI,2019-01-23 13:00:00,IT_FR,FR,IT,4500.0,4500.0,2200.0,0.0,6700.0,True,False,ALL_12_RETAINED_INTERFACES_AT_THE_SAME_RESIDUAL_SCARCITY_HOUR
SI,2019-01-23 13:00:00,IT_GR,GR,IT,500.0,500.0,500.0,0.0,1000.0,True,False,ALL_12_RETAINED_INTERFACES_AT_THE_SAME_RESIDUAL_SCARCITY_HOUR
SI,2019-01-23 13:00:00,IT_ME,IT,ME,-600.0,600.0,600.0,1200.0,0.0,False,True,ALL_12_RETAINED_INTERFACES_AT_THE_SAME_RESIDUAL_SCARCITY_HOUR
SI,2019-01-23 13:00:00,IT_MT,IT,MT,-200.0,200.0,200.0,400.0,0.0,False,True,ALL_12_RETAINED_INTERFACES_AT_THE_SAME_RESIDUAL_SCARCITY_HOUR
SI,2019-01-23 13:00:00,IT_SI,IT,SI,1200.0,1200.0,1100.0,0.0,2300.0,True,False,ALL_12_RETAINED_INTERFACES_AT_THE_SAME_RESIDUAL_SCARCITY_HOUR
SI,2019-01-23 13:00:00,IT_TN,IT,TN,-600.0,600.0,600.0,1200.0,0.0,False,True,ALL_12_RETAINED_INTERFACES_AT_THE_SAME_RESIDUAL_SCARCITY_HOUR
SI,2019-01-23 14:00:00,EXT_AT_CH,AT,CH,-1200.0,1200.0,1200.0,2400.0,0.0,False,True,ALL_12_RETAINED_INTERFACES_AT_THE_SAME_RESIDUAL_SCARCITY_HOUR
SI,2019-01-23 14:00:00,EXT_AT_SI,AT,SI,-1450.0,1450.0,1450.0,2900.0,0.0,False,True,ALL_12_RETAINED_INTERFACES_AT_THE_SAME_RESIDUAL_SCARCITY_HOUR
SI,2019-01-23 14:00:00,EXT_CH_FR,CH,FR,2200.0,2200.0,4500.0,0.0,6700.0,True,False,ALL_12_RETAINED_INTERFACES_AT_THE_SAME_RESIDUAL_SCARCITY_HOUR
SI,2019-01-23 14:00:00,EXT_HR_SI,HR,SI,-1093.73025682372,1500.0,1500.0,2593.73025682372,406.2697431762799,False,False,ALL_12_RETAINED_INTERFACES_AT_THE_SAME_RESIDUAL_SCARCITY_HOUR
SI,2019-01-23 14:00:00,IT_AT,AT,IT,-300.0,700.0,300.0,1000.0,0.0,False,True,ALL_12_RETAINED_INTERFACES_AT_THE_SAME_RESIDUAL_SCARCITY_HOUR
SI,2019-01-23 14:00:00,IT_CH,CH,IT,4600.0,4600.0,1900.0,0.0,6500.0,True,False,ALL_12_RETAINED_INTERFACES_AT_THE_SAME_RESIDUAL_SCARCITY_HOUR
SI,2019-01-23 14:00:00,IT_FR,FR,IT,4500.0,4500.0,2200.0,0.0,6700.0,True,False,ALL_12_RETAINED_INTERFACES_AT_THE_SAME_RESIDUAL_SCARCITY_HOUR
SI,2019-01-23 14:00:00,IT_GR,GR,IT,500.0,500.0,500.0,0.0,1000.0,True,False,ALL_12_RETAINED_INTERFACES_AT_THE_SAME_RESIDUAL_SCARCITY_HOUR
SI,2019-01-23 14:00:00,IT_ME,IT,ME,-600.0,600.0,600.0,1200.0,0.0,False,True,ALL_12_RETAINED_INTERFACES_AT_THE_SAME_RESIDUAL_SCARCITY_HOUR
SI,2019-01-23 14:00:00,IT_MT,IT,MT,-200.0,200.0,200.0,400.0,0.0,False,True,ALL_12_RETAINED_INTERFACES_AT_THE_SAME_RESIDUAL_SCARCITY_HOUR
SI,2019-01-23 14:00:00,IT_SI,IT,SI,1200.0,1200.0,1100.0,0.0,2300.0,True,False,ALL_12_RETAINED_INTERFACES_AT_THE_SAME_RESIDUAL_SCARCITY_HOUR
SI,2019-01-23 14:00:00,IT_TN,IT,TN,-600.0,600.0,600.0,1200.0,0.0,False,True,ALL_12_RETAINED_INTERFACES_AT_THE_SAME_RESIDUAL_SCARCITY_HOUR
SI,2019-01-23 15:00:00,EXT_AT_CH,AT,CH,-1200.0,1200.0,1200.0,2400.0,0.0,False,True,ALL_12_RETAINED_INTERFACES_AT_THE_SAME_RESIDUAL_SCARCITY_HOUR
SI,2019-01-23 15:00:00,EXT_AT_SI,AT,SI,-1450.0,1450.0,1450.0,2900.0,0.0,False,True,ALL_12_RETAINED_INTERFACES_AT_THE_SAME_RESIDUAL_SCARCITY_HOUR
SI,2019-01-23 15:00:00,EXT_CH_FR,CH,FR,-1125.28706671033,2200.0,4500.0,3325.28706671033,3374.71293328967,False,False,ALL_12_RETAINED_INTERFACES_AT_THE_SAME_RESIDUAL_SCARCITY_HOUR
SI,2019-01-23 15:00:00,EXT_HR_SI,HR,SI,1500.0,1500.0,1500.0,0.0,3000.0,True,False,ALL_12_RETAINED_INTERFACES_AT_THE_SAME_RESIDUAL_SCARCITY_HOUR
SI,2019-01-23 15:00:00,IT_AT,AT,IT,700.0,700.0,300.0,0.0,1000.0,True,False,ALL_12_RETAINED_INTERFACES_AT_THE_SAME_RESIDUAL_SCARCITY_HOUR
SI,2019-01-23 15:00:00,IT_CH,CH,IT,4600.0,4600.0,1900.0,0.0,6500.0,True,False,ALL_12_RETAINED_INTERFACES_AT_THE_SAME_RESIDUAL_SCARCITY_HOUR
SI,2019-01-23 15:00:00,IT_FR,FR,IT,4500.0,4500.0,2200.0,0.0,6700.0,True,False,ALL_12_RETAINED_INTERFACES_AT_THE_SAME_RESIDUAL_SCARCITY_HOUR
SI,2019-01-23 15:00:00,IT_GR,GR,IT,500.0,500.0,500.0,0.0,1000.0,True,False,ALL_12_RETAINED_INTERFACES_AT_THE_SAME_RESIDUAL_SCARCITY_HOUR
SI,2019-01-23 15:00:00,IT_ME,IT,ME,-600.0,600.0,600.0,1200.0,0.0,False,True,ALL_12_RETAINED_INTERFACES_AT_THE_SAME_RESIDUAL_SCARCITY_HOUR
SI,2019-01-23 15:00:00,IT_MT,IT,MT,-200.0,200.0,200.0,400.0,0.0,False,True,ALL_12_RETAINED_INTERFACES_AT_THE_SAME_RESIDUAL_SCARCITY_HOUR
SI,2019-01-23 15:00:00,IT_SI,IT,SI,-1100.0,1200.0,1100.0,2300.0,0.0,False,True,ALL_12_RETAINED_INTERFACES_AT_THE_SAME_RESIDUAL_SCARCITY_HOUR
SI,2019-01-23 15:00:00,IT_TN,IT,TN,-600.0,600.0,600.0,1200.0,0.0,False,True,ALL_12_RETAINED_INTERFACES_AT_THE_SAME_RESIDUAL_SCARCITY_HOUR
SI,2019-01-23 16:00:00,EXT_AT_CH,AT,CH,-1200.0,1200.0,1200.0,2400.0,0.0,False,True,ALL_12_RETAINED_INTERFACES_AT_THE_SAME_RESIDUAL_SCARCITY_HOUR
SI,2019-01-23 16:00:00,EXT_AT_SI,AT,SI,-1450.0,1450.0,1450.0,2900.0,0.0,False,True,ALL_12_RETAINED_INTERFACES_AT_THE_SAME_RESIDUAL_SCARCITY_HOUR
SI,2019-01-23 16:00:00,EXT_CH_FR,CH,FR,-4500.0,2200.0,4500.0,6700.0,0.0,False,True,ALL_12_RETAINED_INTERFACES_AT_THE_SAME_RESIDUAL_SCARCITY_HOUR
SI,2019-01-23 16:00:00,EXT_HR_SI,HR,SI,-1500.0,1500.0,1500.0,3000.0,0.0,False,True,ALL_12_RETAINED_INTERFACES_AT_THE_SAME_RESIDUAL_SCARCITY_HOUR
SI,2019-01-23 16:00:00,IT_AT,AT,IT,700.0,700.0,300.0,0.0,1000.0,True,False,ALL_12_RETAINED_INTERFACES_AT_THE_SAME_RESIDUAL_SCARCITY_HOUR
SI,2019-01-23 16:00:00,IT_CH,CH,IT,4600.0,4600.0,1900.0,0.0,6500.0,True,False,ALL_12_RETAINED_INTERFACES_AT_THE_SAME_RESIDUAL_SCARCITY_HOUR
SI,2019-01-23 16:00:00,IT_FR,FR,IT,4500.0,4500.0,2200.0,0.0,6700.0,True,False,ALL_12_RETAINED_INTERFACES_AT_THE_SAME_RESIDUAL_SCARCITY_HOUR
SI,2019-01-23 16:00:00,IT_GR,GR,IT,500.0,500.0,500.0,0.0,1000.0,True,False,ALL_12_RETAINED_INTERFACES_AT_THE_SAME_RESIDUAL_SCARCITY_HOUR
SI,2019-01-23 16:00:00,IT_ME,IT,ME,-600.0,600.0,600.0,1200.0,0.0,False,True,ALL_12_RETAINED_INTERFACES_AT_THE_SAME_RESIDUAL_SCARCITY_HOUR
SI,2019-01-23 16:00:00,IT_MT,IT,MT,-200.0,200.0,200.0,400.0,0.0,False,True,ALL_12_RETAINED_INTERFACES_AT_THE_SAME_RESIDUAL_SCARCITY_HOUR
SI,2019-01-23 16:00:00,IT_SI,IT,SI,877.756575237252,1200.0,1100.0,322.24342476274796,1977.756575237252,False,False,ALL_12_RETAINED_INTERFACES_AT_THE_SAME_RESIDUAL_SCARCITY_HOUR
SI,2019-01-23 16:00:00,IT_TN,IT,TN,-600.0,600.0,600.0,1200.0,0.0,False,True,ALL_12_RETAINED_INTERFACES_AT_THE_SAME_RESIDUAL_SCARCITY_HOUR
SI,2019-01-23 17:00:00,EXT_AT_CH,AT,CH,-1200.0,1200.0,1200.0,2400.0,0.0,False,True,ALL_12_RETAINED_INTERFACES_AT_THE_SAME_RESIDUAL_SCARCITY_HOUR
SI,2019-01-23 17:00:00,EXT_AT_SI,AT,SI,1450.0,1450.0,1450.0,0.0,2900.0,True,False,ALL_12_RETAINED_INTERFACES_AT_THE_SAME_RESIDUAL_SCARCITY_HOUR
SI,2019-01-23 17:00:00,EXT_CH_FR,CH,FR,-4500.0,2200.0,4500.0,6700.0,0.0,False,True,ALL_12_RETAINED_INTERFACES_AT_THE_SAME_RESIDUAL_SCARCITY_HOUR
SI,2019-01-23 17:00:00,EXT_HR_SI,HR,SI,-1500.0,1500.0,1500.0,3000.0,0.0,False,True,ALL_12_RETAINED_INTERFACES_AT_THE_SAME_RESIDUAL_SCARCITY_HOUR
SI,2019-01-23 17:00:00,IT_AT,AT,IT,-300.0,700.0,300.0,1000.0,0.0,False,True,ALL_12_RETAINED_INTERFACES_AT_THE_SAME_RESIDUAL_SCARCITY_HOUR
SI,2019-01-23 17:00:00,IT_CH,CH,IT,4600.0,4600.0,1900.0,0.0,6500.0,True,False,ALL_12_RETAINED_INTERFACES_AT_THE_SAME_RESIDUAL_SCARCITY_HOUR
SI,2019-01-23 17:00:00,IT_FR,FR,IT,4500.0,4500.0,2200.0,0.0,6700.0,True,False,ALL_12_RETAINED_INTERFACES_AT_THE_SAME_RESIDUAL_SCARCITY_HOUR
SI,2019-01-23 17:00:00,IT_GR,GR,IT,500.0,500.0,500.0,0.0,1000.0,True,False,ALL_12_RETAINED_INTERFACES_AT_THE_SAME_RESIDUAL_SCARCITY_HOUR
SI,2019-01-23 17:00:00,IT_ME,IT,ME,-455.94660110264635,600.0,600.0,1055.9466011026464,144.05339889735365,False,False,ALL_12_RETAINED_INTERFACES_AT_THE_SAME_RESIDUAL_SCARCITY_HOUR
SI,2019-01-23 17:00:00,IT_MT,IT,MT,-200.0,200.0,200.0,400.0,0.0,False,True,ALL_12_RETAINED_INTERFACES_AT_THE_SAME_RESIDUAL_SCARCITY_HOUR
SI,2019-01-23 17:00:00,IT_SI,IT,SI,-232.30681808137115,1200.0,1100.0,1432.3068180813711,867.6931819186289,False,False,ALL_12_RETAINED_INTERFACES_AT_THE_SAME_RESIDUAL_SCARCITY_HOUR
SI,2019-01-23 17:00:00,IT_TN,IT,TN,-600.0,600.0,600.0,1200.0,0.0,False,True,ALL_12_RETAINED_INTERFACES_AT_THE_SAME_RESIDUAL_SCARCITY_HOUR
SI,2019-01-23 18:00:00,EXT_AT_CH,AT,CH,-1200.0,1200.0,1200.0,2400.0,0.0,False,True,ALL_12_RETAINED_INTERFACES_AT_THE_SAME_RESIDUAL_SCARCITY_HOUR
SI,2019-01-23 18:00:00,EXT_AT_SI,AT,SI,-1450.0,1450.0,1450.0,2900.0,0.0,False,True,ALL_12_RETAINED_INTERFACES_AT_THE_SAME_RESIDUAL_SCARCITY_HOUR
SI,2019-01-23 18:00:00,EXT_CH_FR,CH,FR,-4500.0,2200.0,4500.0,6700.0,0.0,False,True,ALL_12_RETAINED_INTERFACES_AT_THE_SAME_RESIDUAL_SCARCITY_HOUR
SI,2019-01-23 18:00:00,EXT_HR_SI,HR,SI,-70.57068196946466,1500.0,1500.0,1570.5706819694647,1429.4293180305353,False,False,ALL_12_RETAINED_INTERFACES_AT_THE_SAME_RESIDUAL_SCARCITY_HOUR
SI,2019-01-23 18:00:00,IT_AT,AT,IT,-300.0,700.0,300.0,1000.0,0.0,False,True,ALL_12_RETAINED_INTERFACES_AT_THE_SAME_RESIDUAL_SCARCITY_HOUR
SI,2019-01-23 18:00:00,IT_CH,CH,IT,4600.0,4600.0,1900.0,0.0,6500.0,True,False,ALL_12_RETAINED_INTERFACES_AT_THE_SAME_RESIDUAL_SCARCITY_HOUR
SI,2019-01-23 18:00:00,IT_FR,FR,IT,4500.0,4500.0,2200.0,0.0,6700.0,True,False,ALL_12_RETAINED_INTERFACES_AT_THE_SAME_RESIDUAL_SCARCITY_HOUR
SI,2019-01-23 18:00:00,IT_GR,GR,IT,500.0,500.0,500.0,0.0,1000.0,True,False,ALL_12_RETAINED_INTERFACES_AT_THE_SAME_RESIDUAL_SCARCITY_HOUR
SI,2019-01-23 18:00:00,IT_ME,IT,ME,-600.0,600.0,600.0,1200.0,0.0,False,True,ALL_12_RETAINED_INTERFACES_AT_THE_SAME_RESIDUAL_SCARCITY_HOUR
SI,2019-01-23 18:00:00,IT_MT,IT,MT,-200.0,200.0,200.0,400.0,0.0,False,True,ALL_12_RETAINED_INTERFACES_AT_THE_SAME_RESIDUAL_SCARCITY_HOUR
SI,2019-01-23 18:00:00,IT_SI,IT,SI,-1100.0,1200.0,1100.0,2300.0,0.0,False,True,ALL_12_RETAINED_INTERFACES_AT_THE_SAME_RESIDUAL_SCARCITY_HOUR
SI,2019-01-23 18:00:00,IT_TN,IT,TN,-600.0,600.0,600.0,1200.0,0.0,False,True,ALL_12_RETAINED_INTERFACES_AT_THE_SAME_RESIDUAL_SCARCITY_HOUR
SI,2019-01-23 19:00:00,EXT_AT_CH,AT,CH,-1200.0,1200.0,1200.0,2400.0,0.0,False,True,ALL_12_RETAINED_INTERFACES_AT_THE_SAME_RESIDUAL_SCARCITY_HOUR
SI,2019-01-23 19:00:00,EXT_AT_SI,AT,SI,-1450.0,1450.0,1450.0,2900.0,0.0,False,True,ALL_12_RETAINED_INTERFACES_AT_THE_SAME_RESIDUAL_SCARCITY_HOUR
SI,2019-01-23 19:00:00,EXT_CH_FR,CH,FR,-4500.0,2200.0,4500.0,6700.0,0.0,False,True,ALL_12_RETAINED_INTERFACES_AT_THE_SAME_RESIDUAL_SCARCITY_HOUR
SI,2019-01-23 19:00:00,EXT_HR_SI,HR,SI,-70.66886514314001,1500.0,1500.0,1570.66886514314,1429.33113485686,False,False,ALL_12_RETAINED_INTERFACES_AT_THE_SAME_RESIDUAL_SCARCITY_HOUR
SI,2019-01-23 19:00:00,IT_AT,AT,IT,-300.0,700.0,300.0,1000.0,0.0,False,True,ALL_12_RETAINED_INTERFACES_AT_THE_SAME_RESIDUAL_SCARCITY_HOUR
SI,2019-01-23 19:00:00,IT_CH,CH,IT,4600.0,4600.0,1900.0,0.0,6500.0,True,False,ALL_12_RETAINED_INTERFACES_AT_THE_SAME_RESIDUAL_SCARCITY_HOUR
SI,2019-01-23 19:00:00,IT_FR,FR,IT,4500.0,4500.0,2200.0,0.0,6700.0,True,False,ALL_12_RETAINED_INTERFACES_AT_THE_SAME_RESIDUAL_SCARCITY_HOUR
SI,2019-01-23 19:00:00,IT_GR,GR,IT,500.0,500.0,500.0,0.0,1000.0,True,False,ALL_12_RETAINED_INTERFACES_AT_THE_SAME_RESIDUAL_SCARCITY_HOUR
SI,2019-01-23 19:00:00,IT_ME,IT,ME,-600.0,600.0,600.0,1200.0,0.0,False,True,ALL_12_RETAINED_INTERFACES_AT_THE_SAME_RESIDUAL_SCARCITY_HOUR
SI,2019-01-23 19:00:00,IT_MT,IT,MT,-200.0,200.0,200.0,400.0,0.0,False,True,ALL_12_RETAINED_INTERFACES_AT_THE_SAME_RESIDUAL_SCARCITY_HOUR
SI,2019-01-23 19:00:00,IT_SI,IT,SI,-1100.0,1200.0,1100.0,2300.0,0.0,False,True,ALL_12_RETAINED_INTERFACES_AT_THE_SAME_RESIDUAL_SCARCITY_HOUR
SI,2019-01-23 19:00:00,IT_TN,IT,TN,-600.0,600.0,600.0,1200.0,0.0,False,True,ALL_12_RETAINED_INTERFACES_AT_THE_SAME_RESIDUAL_SCARCITY_HOUR
SI,2019-01-23 21:00:00,EXT_AT_CH,AT,CH,-1200.0,1200.0,1200.0,2400.0,0.0,False,True,ALL_12_RETAINED_INTERFACES_AT_THE_SAME_RESIDUAL_SCARCITY_HOUR
SI,2019-01-23 21:00:00,EXT_AT_SI,AT,SI,-1450.0,1450.0,1450.0,2900.0,0.0,False,True,ALL_12_RETAINED_INTERFACES_AT_THE_SAME_RESIDUAL_SCARCITY_HOUR
SI,2019-01-23 21:00:00,EXT_CH_FR,CH,FR,-1129.317272751483,2200.0,4500.0,3329.317272751483,3370.682727248517,False,False,ALL_12_RETAINED_INTERFACES_AT_THE_SAME_RESIDUAL_SCARCITY_HOUR
SI,2019-01-23 21:00:00,EXT_HR_SI,HR,SI,-1034.2736269903646,1500.0,1500.0,2534.2736269903644,465.7263730096354,False,False,ALL_12_RETAINED_INTERFACES_AT_THE_SAME_RESIDUAL_SCARCITY_HOUR
SI,2019-01-23 21:00:00,IT_AT,AT,IT,700.0,700.0,300.0,0.0,1000.0,True,False,ALL_12_RETAINED_INTERFACES_AT_THE_SAME_RESIDUAL_SCARCITY_HOUR
SI,2019-01-23 21:00:00,IT_CH,CH,IT,4600.0,4600.0,1900.0,0.0,6500.0,True,False,ALL_12_RETAINED_INTERFACES_AT_THE_SAME_RESIDUAL_SCARCITY_HOUR
SI,2019-01-23 21:00:00,IT_FR,FR,IT,4500.0,4500.0,2200.0,0.0,6700.0,True,False,ALL_12_RETAINED_INTERFACES_AT_THE_SAME_RESIDUAL_SCARCITY_HOUR
SI,2019-01-23 21:00:00,IT_GR,GR,IT,500.0,500.0,500.0,0.0,1000.0,True,False,ALL_12_RETAINED_INTERFACES_AT_THE_SAME_RESIDUAL_SCARCITY_HOUR
SI,2019-01-23 21:00:00,IT_ME,IT,ME,-600.0,600.0,600.0,1200.0,0.0,False,True,ALL_12_RETAINED_INTERFACES_AT_THE_SAME_RESIDUAL_SCARCITY_HOUR
SI,2019-01-23 21:00:00,IT_MT,IT,MT,-200.0,200.0,200.0,400.0,0.0,False,True,ALL_12_RETAINED_INTERFACES_AT_THE_SAME_RESIDUAL_SCARCITY_HOUR
SI,2019-01-23 21:00:00,IT_SI,IT,SI,1200.0,1200.0,1100.0,0.0,2300.0,True,False,ALL_12_RETAINED_INTERFACES_AT_THE_SAME_RESIDUAL_SCARCITY_HOUR
SI,2019-01-23 21:00:00,IT_TN,IT,TN,-600.0,600.0,600.0,1200.0,0.0,False,True,ALL_12_RETAINED_INTERFACES_AT_THE_SAME_RESIDUAL_SCARCITY_HOUR
SI,2019-01-23 22:00:00,EXT_AT_CH,AT,CH,-1200.0,1200.0,1200.0,2400.0,0.0,False,True,ALL_12_RETAINED_INTERFACES_AT_THE_SAME_RESIDUAL_SCARCITY_HOUR
SI,2019-01-23 22:00:00,EXT_AT_SI,AT,SI,-1450.0,1450.0,1450.0,2900.0,0.0,False,True,ALL_12_RETAINED_INTERFACES_AT_THE_SAME_RESIDUAL_SCARCITY_HOUR
SI,2019-01-23 22:00:00,EXT_CH_FR,CH,FR,2200.0,2200.0,4500.0,0.0,6700.0,True,False,ALL_12_RETAINED_INTERFACES_AT_THE_SAME_RESIDUAL_SCARCITY_HOUR
SI,2019-01-23 22:00:00,EXT_HR_SI,HR,SI,-732.8644700908866,1500.0,1500.0,2232.8644700908867,767.1355299091134,False,False,ALL_12_RETAINED_INTERFACES_AT_THE_SAME_RESIDUAL_SCARCITY_HOUR
SI,2019-01-23 22:00:00,IT_AT,AT,IT,700.0,700.0,300.0,0.0,1000.0,True,False,ALL_12_RETAINED_INTERFACES_AT_THE_SAME_RESIDUAL_SCARCITY_HOUR
SI,2019-01-23 22:00:00,IT_CH,CH,IT,4600.0,4600.0,1900.0,0.0,6500.0,True,False,ALL_12_RETAINED_INTERFACES_AT_THE_SAME_RESIDUAL_SCARCITY_HOUR
SI,2019-01-23 22:00:00,IT_FR,FR,IT,4500.0,4500.0,2200.0,0.0,6700.0,True,False,ALL_12_RETAINED_INTERFACES_AT_THE_SAME_RESIDUAL_SCARCITY_HOUR
SI,2019-01-23 22:00:00,IT_GR,GR,IT,500.0,500.0,500.0,0.0,1000.0,True,False,ALL_12_RETAINED_INTERFACES_AT_THE_SAME_RESIDUAL_SCARCITY_HOUR
SI,2019-01-23 22:00:00,IT_ME,IT,ME,-600.0,600.0,600.0,1200.0,0.0,False,True,ALL_12_RETAINED_INTERFACES_AT_THE_SAME_RESIDUAL_SCARCITY_HOUR
SI,2019-01-23 22:00:00,IT_MT,IT,MT,-200.0,200.0,200.0,400.0,0.0,False,True,ALL_12_RETAINED_INTERFACES_AT_THE_SAME_RESIDUAL_SCARCITY_HOUR
SI,2019-01-23 22:00:00,IT_SI,IT,SI,-441.84798793114,1200.0,1100.0,1641.8479879311399,658.15201206886,False,False,ALL_12_RETAINED_INTERFACES_AT_THE_SAME_RESIDUAL_SCARCITY_HOUR
SI,2019-01-23 22:00:00,IT_TN,IT,TN,-600.0,600.0,600.0,1200.0,0.0,False,True,ALL_12_RETAINED_INTERFACES_AT_THE_SAME_RESIDUAL_SCARCITY_HOUR
SI,2019-01-23 23:00:00,EXT_AT_CH,AT,CH,-1200.0,1200.0,1200.0,2400.0,0.0,False,True,ALL_12_RETAINED_INTERFACES_AT_THE_SAME_RESIDUAL_SCARCITY_HOUR
SI,2019-01-23 23:00:00,EXT_AT_SI,AT,SI,-1421.840136321712,1450.0,1450.0,2871.8401363217117,28.159863678288048,False,False,ALL_12_RETAINED_INTERFACES_AT_THE_SAME_RESIDUAL_SCARCITY_HOUR
SI,2019-01-23 23:00:00,EXT_CH_FR,CH,FR,2200.0,2200.0,4500.0,0.0,6700.0,True,False,ALL_12_RETAINED_INTERFACES_AT_THE_SAME_RESIDUAL_SCARCITY_HOUR
SI,2019-01-23 23:00:00,EXT_HR_SI,HR,SI,-265.7854349245689,1500.0,1500.0,1765.785434924569,1234.214565075431,False,False,ALL_12_RETAINED_INTERFACES_AT_THE_SAME_RESIDUAL_SCARCITY_HOUR
SI,2019-01-23 23:00:00,IT_AT,AT,IT,-300.0,700.0,300.0,1000.0,0.0,False,True,ALL_12_RETAINED_INTERFACES_AT_THE_SAME_RESIDUAL_SCARCITY_HOUR
SI,2019-01-23 23:00:00,IT_CH,CH,IT,4600.0,4600.0,1900.0,0.0,6500.0,True,False,ALL_12_RETAINED_INTERFACES_AT_THE_SAME_RESIDUAL_SCARCITY_HOUR
SI,2019-01-23 23:00:00,IT_FR,FR,IT,4500.0,4500.0,2200.0,0.0,6700.0,True,False,ALL_12_RETAINED_INTERFACES_AT_THE_SAME_RESIDUAL_SCARCITY_HOUR
SI,2019-01-23 23:00:00,IT_GR,GR,IT,500.0,500.0,500.0,0.0,1000.0,True,False,ALL_12_RETAINED_INTERFACES_AT_THE_SAME_RESIDUAL_SCARCITY_HOUR
SI,2019-01-23 23:00:00,IT_ME,IT,ME,-600.0,600.0,600.0,1200.0,0.0,False,True,ALL_12_RETAINED_INTERFACES_AT_THE_SAME_RESIDUAL_SCARCITY_HOUR
SI,2019-01-23 23:00:00,IT_MT,IT,MT,-200.0,200.0,200.0,400.0,0.0,False,True,ALL_12_RETAINED_INTERFACES_AT_THE_SAME_RESIDUAL_SCARCITY_HOUR
SI,2019-01-23 23:00:00,IT_SI,IT,SI,-943.1508814823171,1200.0,1100.0,2143.1508814823173,156.84911851768288,False,False,ALL_12_RETAINED_INTERFACES_AT_THE_SAME_RESIDUAL_SCARCITY_HOUR
SI,2019-01-23 23:00:00,IT_TN,IT,TN,-600.0,600.0,600.0,1200.0,0.0,False,True,ALL_12_RETAINED_INTERFACES_AT_THE_SAME_RESIDUAL_SCARCITY_HOUR
SI,2019-01-24 00:00:00,EXT_AT_CH,AT,CH,-1200.0,1200.0,1200.0,2400.0,0.0,False,True,ALL_12_RETAINED_INTERFACES_AT_THE_SAME_RESIDUAL_SCARCITY_HOUR
SI,2019-01-24 00:00:00,EXT_AT_SI,AT,SI,-1450.0,1450.0,1450.0,2900.0,0.0,False,True,ALL_12_RETAINED_INTERFACES_AT_THE_SAME_RESIDUAL_SCARCITY_HOUR
SI,2019-01-24 00:00:00,EXT_CH_FR,CH,FR,2200.0,2200.0,4500.0,0.0,6700.0,True,False,ALL_12_RETAINED_INTERFACES_AT_THE_SAME_RESIDUAL_SCARCITY_HOUR
SI,2019-01-24 00:00:00,EXT_HR_SI,HR,SI,32.69010238794093,1500.0,1500.0,1467.309897612059,1532.690102387941,False,False,ALL_12_RETAINED_INTERFACES_AT_THE_SAME_RESIDUAL_SCARCITY_HOUR
SI,2019-01-24 00:00:00,IT_AT,AT,IT,-300.0,700.0,300.0,1000.0,0.0,False,True,ALL_12_RETAINED_INTERFACES_AT_THE_SAME_RESIDUAL_SCARCITY_HOUR
SI,2019-01-24 00:00:00,IT_CH,CH,IT,4600.0,4600.0,1900.0,0.0,6500.0,True,False,ALL_12_RETAINED_INTERFACES_AT_THE_SAME_RESIDUAL_SCARCITY_HOUR
SI,2019-01-24 00:00:00,IT_FR,FR,IT,4500.0,4500.0,2200.0,0.0,6700.0,True,False,ALL_12_RETAINED_INTERFACES_AT_THE_SAME_RESIDUAL_SCARCITY_HOUR
SI,2019-01-24 00:00:00,IT_GR,GR,IT,500.0,500.0,500.0,0.0,1000.0,True,False,ALL_12_RETAINED_INTERFACES_AT_THE_SAME_RESIDUAL_SCARCITY_HOUR
SI,2019-01-24 00:00:00,IT_ME,IT,ME,-600.0,600.0,600.0,1200.0,0.0,False,True,ALL_12_RETAINED_INTERFACES_AT_THE_SAME_RESIDUAL_SCARCITY_HOUR
SI,2019-01-24 00:00:00,IT_MT,IT,MT,-200.0,200.0,200.0,400.0,0.0,False,True,ALL_12_RETAINED_INTERFACES_AT_THE_SAME_RESIDUAL_SCARCITY_HOUR
SI,2019-01-24 00:00:00,IT_SI,IT,SI,1200.0,1200.0,1100.0,0.0,2300.0,True,False,ALL_12_RETAINED_INTERFACES_AT_THE_SAME_RESIDUAL_SCARCITY_HOUR
SI,2019-01-24 00:00:00,IT_TN,IT,TN,-600.0,600.0,600.0,1200.0,0.0,False,True,ALL_12_RETAINED_INTERFACES_AT_THE_SAME_RESIDUAL_SCARCITY_HOUR
SI,2019-01-24 01:00:00,EXT_AT_CH,AT,CH,-1200.0,1200.0,1200.0,2400.0,0.0,False,True,ALL_12_RETAINED_INTERFACES_AT_THE_SAME_RESIDUAL_SCARCITY_HOUR
SI,2019-01-24 01:00:00,EXT_AT_SI,AT,SI,-1450.0,1450.0,1450.0,2900.0,0.0,False,True,ALL_12_RETAINED_INTERFACES_AT_THE_SAME_RESIDUAL_SCARCITY_HOUR
SI,2019-01-24 01:00:00,EXT_CH_FR,CH,FR,2200.0,2200.0,4500.0,0.0,6700.0,True,False,ALL_12_RETAINED_INTERFACES_AT_THE_SAME_RESIDUAL_SCARCITY_HOUR
SI,2019-01-24 01:00:00,EXT_HR_SI,HR,SI,251.30329231466865,1500.0,1500.0,1248.6967076853314,1751.3032923146686,False,False,ALL_12_RETAINED_INTERFACES_AT_THE_SAME_RESIDUAL_SCARCITY_HOUR
SI,2019-01-24 01:00:00,IT_AT,AT,IT,-300.0,700.0,300.0,1000.0,0.0,False,True,ALL_12_RETAINED_INTERFACES_AT_THE_SAME_RESIDUAL_SCARCITY_HOUR
SI,2019-01-24 01:00:00,IT_CH,CH,IT,4600.0,4600.0,1900.0,0.0,6500.0,True,False,ALL_12_RETAINED_INTERFACES_AT_THE_SAME_RESIDUAL_SCARCITY_HOUR
SI,2019-01-24 01:00:00,IT_FR,FR,IT,4500.0,4500.0,2200.0,0.0,6700.0,True,False,ALL_12_RETAINED_INTERFACES_AT_THE_SAME_RESIDUAL_SCARCITY_HOUR
SI,2019-01-24 01:00:00,IT_GR,GR,IT,500.0,500.0,500.0,0.0,1000.0,True,False,ALL_12_RETAINED_INTERFACES_AT_THE_SAME_RESIDUAL_SCARCITY_HOUR
SI,2019-01-24 01:00:00,IT_ME,IT,ME,-600.0,600.0,600.0,1200.0,0.0,False,True,ALL_12_RETAINED_INTERFACES_AT_THE_SAME_RESIDUAL_SCARCITY_HOUR
SI,2019-01-24 01:00:00,IT_MT,IT,MT,-200.0,200.0,200.0,400.0,0.0,False,True,ALL_12_RETAINED_INTERFACES_AT_THE_SAME_RESIDUAL_SCARCITY_HOUR
SI,2019-01-24 01:00:00,IT_SI,IT,SI,1200.0,1200.0,1100.0,0.0,2300.0,True,False,ALL_12_RETAINED_INTERFACES_AT_THE_SAME_RESIDUAL_SCARCITY_HOUR
SI,2019-01-24 01:00:00,IT_TN,IT,TN,-600.0,600.0,600.0,1200.0,0.0,False,True,ALL_12_RETAINED_INTERFACES_AT_THE_SAME_RESIDUAL_SCARCITY_HOUR
SI,2019-01-24 02:00:00,EXT_AT_CH,AT,CH,-1200.0,1200.0,1200.0,2400.0,0.0,False,True,ALL_12_RETAINED_INTERFACES_AT_THE_SAME_RESIDUAL_SCARCITY_HOUR
SI,2019-01-24 02:00:00,EXT_AT_SI,AT,SI,-1450.0,1450.0,1450.0,2900.0,0.0,False,True,ALL_12_RETAINED_INTERFACES_AT_THE_SAME_RESIDUAL_SCARCITY_HOUR
SI,2019-01-24 02:00:00,EXT_CH_FR,CH,FR,2200.0,2200.0,4500.0,0.0,6700.0,True,False,ALL_12_RETAINED_INTERFACES_AT_THE_SAME_RESIDUAL_SCARCITY_HOUR
SI,2019-01-24 02:00:00,EXT_HR_SI,HR,SI,350.1723463969136,1500.0,1500.0,1149.8276536030864,1850.1723463969136,False,False,ALL_12_RETAINED_INTERFACES_AT_THE_SAME_RESIDUAL_SCARCITY_HOUR
SI,2019-01-24 02:00:00,IT_AT,AT,IT,-300.0,700.0,300.0,1000.0,0.0,False,True,ALL_12_RETAINED_INTERFACES_AT_THE_SAME_RESIDUAL_SCARCITY_HOUR
SI,2019-01-24 02:00:00,IT_CH,CH,IT,4600.0,4600.0,1900.0,0.0,6500.0,True,False,ALL_12_RETAINED_INTERFACES_AT_THE_SAME_RESIDUAL_SCARCITY_HOUR
SI,2019-01-24 02:00:00,IT_FR,FR,IT,4500.0,4500.0,2200.0,0.0,6700.0,True,False,ALL_12_RETAINED_INTERFACES_AT_THE_SAME_RESIDUAL_SCARCITY_HOUR
SI,2019-01-24 02:00:00,IT_GR,GR,IT,500.0,500.0,500.0,0.0,1000.0,True,False,ALL_12_RETAINED_INTERFACES_AT_THE_SAME_RESIDUAL_SCARCITY_HOUR
SI,2019-01-24 02:00:00,IT_ME,IT,ME,-600.0,600.0,600.0,1200.0,0.0,False,True,ALL_12_RETAINED_INTERFACES_AT_THE_SAME_RESIDUAL_SCARCITY_HOUR
SI,2019-01-24 02:00:00,IT_MT,IT,MT,-200.0,200.0,200.0,400.0,0.0,False,True,ALL_12_RETAINED_INTERFACES_AT_THE_SAME_RESIDUAL_SCARCITY_HOUR
SI,2019-01-24 02:00:00,IT_SI,IT,SI,1200.0,1200.0,1100.0,0.0,2300.0,True,False,ALL_12_RETAINED_INTERFACES_AT_THE_SAME_RESIDUAL_SCARCITY_HOUR
SI,2019-01-24 02:00:00,IT_TN,IT,TN,-600.0,600.0,600.0,1200.0,0.0,False,True,ALL_12_RETAINED_INTERFACES_AT_THE_SAME_RESIDUAL_SCARCITY_HOUR
SI,2019-01-24 03:00:00,EXT_AT_CH,AT,CH,-1200.0,1200.0,1200.0,2400.0,0.0,False,True,ALL_12_RETAINED_INTERFACES_AT_THE_SAME_RESIDUAL_SCARCITY_HOUR
SI,2019-01-24 03:00:00,EXT_AT_SI,AT,SI,-1450.0,1450.0,1450.0,2900.0,0.0,False,True,ALL_12_RETAINED_INTERFACES_AT_THE_SAME_RESIDUAL_SCARCITY_HOUR
SI,2019-01-24 03:00:00,EXT_CH_FR,CH,FR,2200.0,2200.0,4500.0,0.0,6700.0,True,False,ALL_12_RETAINED_INTERFACES_AT_THE_SAME_RESIDUAL_SCARCITY_HOUR
SI,2019-01-24 03:00:00,EXT_HR_SI,HR,SI,368.4713025419789,1500.0,1500.0,1131.528697458021,1868.471302541979,False,False,ALL_12_RETAINED_INTERFACES_AT_THE_SAME_RESIDUAL_SCARCITY_HOUR
SI,2019-01-24 03:00:00,IT_AT,AT,IT,-300.0,700.0,300.0,1000.0,0.0,False,True,ALL_12_RETAINED_INTERFACES_AT_THE_SAME_RESIDUAL_SCARCITY_HOUR
SI,2019-01-24 03:00:00,IT_CH,CH,IT,4600.0,4600.0,1900.0,0.0,6500.0,True,False,ALL_12_RETAINED_INTERFACES_AT_THE_SAME_RESIDUAL_SCARCITY_HOUR
SI,2019-01-24 03:00:00,IT_FR,FR,IT,4500.0,4500.0,2200.0,0.0,6700.0,True,False,ALL_12_RETAINED_INTERFACES_AT_THE_SAME_RESIDUAL_SCARCITY_HOUR
SI,2019-01-24 03:00:00,IT_GR,GR,IT,500.0,500.0,500.0,0.0,1000.0,True,False,ALL_12_RETAINED_INTERFACES_AT_THE_SAME_RESIDUAL_SCARCITY_HOUR
SI,2019-01-24 03:00:00,IT_ME,IT,ME,-600.0,600.0,600.0,1200.0,0.0,False,True,ALL_12_RETAINED_INTERFACES_AT_THE_SAME_RESIDUAL_SCARCITY_HOUR
SI,2019-01-24 03:00:00,IT_MT,IT,MT,-200.0,200.0,200.0,400.0,0.0,False,True,ALL_12_RETAINED_INTERFACES_AT_THE_SAME_RESIDUAL_SCARCITY_HOUR
SI,2019-01-24 03:00:00,IT_SI,IT,SI,1200.0,1200.0,1100.0,0.0,2300.0,True,False,ALL_12_RETAINED_INTERFACES_AT_THE_SAME_RESIDUAL_SCARCITY_HOUR
SI,2019-01-24 03:00:00,IT_TN,IT,TN,-600.0,600.0,600.0,1200.0,0.0,False,True,ALL_12_RETAINED_INTERFACES_AT_THE_SAME_RESIDUAL_SCARCITY_HOUR
SI,2019-01-24 04:00:00,EXT_AT_CH,AT,CH,-1200.0,1200.0,1200.0,2400.0,0.0,False,True,ALL_12_RETAINED_INTERFACES_AT_THE_SAME_RESIDUAL_SCARCITY_HOUR
SI,2019-01-24 04:00:00,EXT_AT_SI,AT,SI,-1450.0,1450.0,1450.0,2900.0,0.0,False,True,ALL_12_RETAINED_INTERFACES_AT_THE_SAME_RESIDUAL_SCARCITY_HOUR
SI,2019-01-24 04:00:00,EXT_CH_FR,CH,FR,2200.0,2200.0,4500.0,0.0,6700.0,True,False,ALL_12_RETAINED_INTERFACES_AT_THE_SAME_RESIDUAL_SCARCITY_HOUR
SI,2019-01-24 04:00:00,EXT_HR_SI,HR,SI,306.0166879820321,1500.0,1500.0,1193.9833120179678,1806.0166879820322,False,False,ALL_12_RETAINED_INTERFACES_AT_THE_SAME_RESIDUAL_SCARCITY_HOUR
SI,2019-01-24 04:00:00,IT_AT,AT,IT,-300.0,700.0,300.0,1000.0,0.0,False,True,ALL_12_RETAINED_INTERFACES_AT_THE_SAME_RESIDUAL_SCARCITY_HOUR
SI,2019-01-24 04:00:00,IT_CH,CH,IT,4600.0,4600.0,1900.0,0.0,6500.0,True,False,ALL_12_RETAINED_INTERFACES_AT_THE_SAME_RESIDUAL_SCARCITY_HOUR
SI,2019-01-24 04:00:00,IT_FR,FR,IT,4500.0,4500.0,2200.0,0.0,6700.0,True,False,ALL_12_RETAINED_INTERFACES_AT_THE_SAME_RESIDUAL_SCARCITY_HOUR
SI,2019-01-24 04:00:00,IT_GR,GR,IT,500.0,500.0,500.0,0.0,1000.0,True,False,ALL_12_RETAINED_INTERFACES_AT_THE_SAME_RESIDUAL_SCARCITY_HOUR
SI,2019-01-24 04:00:00,IT_ME,IT,ME,-600.0,600.0,600.0,1200.0,0.0,False,True,ALL_12_RETAINED_INTERFACES_AT_THE_SAME_RESIDUAL_SCARCITY_HOUR
SI,2019-01-24 04:00:00,IT_MT,IT,MT,-200.0,200.0,200.0,400.0,0.0,False,True,ALL_12_RETAINED_INTERFACES_AT_THE_SAME_RESIDUAL_SCARCITY_HOUR
SI,2019-01-24 04:00:00,IT_SI,IT,SI,1200.0,1200.0,1100.0,0.0,2300.0,True,False,ALL_12_RETAINED_INTERFACES_AT_THE_SAME_RESIDUAL_SCARCITY_HOUR
SI,2019-01-24 04:00:00,IT_TN,IT,TN,-600.0,600.0,600.0,1200.0,0.0,False,True,ALL_12_RETAINED_INTERFACES_AT_THE_SAME_RESIDUAL_SCARCITY_HOUR
SI,2019-01-24 06:00:00,EXT_AT_CH,AT,CH,-1200.0,1200.0,1200.0,2400.0,0.0,False,True,ALL_12_RETAINED_INTERFACES_AT_THE_SAME_RESIDUAL_SCARCITY_HOUR
SI,2019-01-24 06:00:00,EXT_AT_SI,AT,SI,-1450.0,1450.0,1450.0,2900.0,0.0,False,True,ALL_12_RETAINED_INTERFACES_AT_THE_SAME_RESIDUAL_SCARCITY_HOUR
SI,2019-01-24 06:00:00,EXT_CH_FR,CH,FR,2200.0,2200.0,4500.0,0.0,6700.0,True,False,ALL_12_RETAINED_INTERFACES_AT_THE_SAME_RESIDUAL_SCARCITY_HOUR
SI,2019-01-24 06:00:00,EXT_HR_SI,HR,SI,1500.0,1500.0,1500.0,0.0,3000.0,True,False,ALL_12_RETAINED_INTERFACES_AT_THE_SAME_RESIDUAL_SCARCITY_HOUR
SI,2019-01-24 06:00:00,IT_AT,AT,IT,-300.0,700.0,300.0,1000.0,0.0,False,True,ALL_12_RETAINED_INTERFACES_AT_THE_SAME_RESIDUAL_SCARCITY_HOUR
SI,2019-01-24 06:00:00,IT_CH,CH,IT,4600.0,4600.0,1900.0,0.0,6500.0,True,False,ALL_12_RETAINED_INTERFACES_AT_THE_SAME_RESIDUAL_SCARCITY_HOUR
SI,2019-01-24 06:00:00,IT_FR,FR,IT,-2200.0,4500.0,2200.0,6700.0,0.0,False,True,ALL_12_RETAINED_INTERFACES_AT_THE_SAME_RESIDUAL_SCARCITY_HOUR
SI,2019-01-24 06:00:00,IT_GR,GR,IT,500.0,500.0,500.0,0.0,1000.0,True,False,ALL_12_RETAINED_INTERFACES_AT_THE_SAME_RESIDUAL_SCARCITY_HOUR
SI,2019-01-24 06:00:00,IT_ME,IT,ME,-600.0,600.0,600.0,1200.0,0.0,False,True,ALL_12_RETAINED_INTERFACES_AT_THE_SAME_RESIDUAL_SCARCITY_HOUR
SI,2019-01-24 06:00:00,IT_MT,IT,MT,-200.0,200.0,200.0,400.0,0.0,False,True,ALL_12_RETAINED_INTERFACES_AT_THE_SAME_RESIDUAL_SCARCITY_HOUR
SI,2019-01-24 06:00:00,IT_SI,IT,SI,-1100.0,1200.0,1100.0,2300.0,0.0,False,True,ALL_12_RETAINED_INTERFACES_AT_THE_SAME_RESIDUAL_SCARCITY_HOUR
SI,2019-01-24 06:00:00,IT_TN,IT,TN,-600.0,600.0,600.0,1200.0,0.0,False,True,ALL_12_RETAINED_INTERFACES_AT_THE_SAME_RESIDUAL_SCARCITY_HOUR
SI,2019-01-24 07:00:00,EXT_AT_CH,AT,CH,-1200.0,1200.0,1200.0,2400.0,0.0,False,True,ALL_12_RETAINED_INTERFACES_AT_THE_SAME_RESIDUAL_SCARCITY_HOUR
SI,2019-01-24 07:00:00,EXT_AT_SI,AT,SI,-1450.0,1450.0,1450.0,2900.0,0.0,False,True,ALL_12_RETAINED_INTERFACES_AT_THE_SAME_RESIDUAL_SCARCITY_HOUR
SI,2019-01-24 07:00:00,EXT_CH_FR,CH,FR,2200.0,2200.0,4500.0,0.0,6700.0,True,False,ALL_12_RETAINED_INTERFACES_AT_THE_SAME_RESIDUAL_SCARCITY_HOUR
SI,2019-01-24 07:00:00,EXT_HR_SI,HR,SI,-254.3522279771237,1500.0,1500.0,1754.3522279771237,1245.6477720228763,False,False,ALL_12_RETAINED_INTERFACES_AT_THE_SAME_RESIDUAL_SCARCITY_HOUR
SI,2019-01-24 07:00:00,IT_AT,AT,IT,-300.0,700.0,300.0,1000.0,0.0,False,True,ALL_12_RETAINED_INTERFACES_AT_THE_SAME_RESIDUAL_SCARCITY_HOUR
SI,2019-01-24 07:00:00,IT_CH,CH,IT,4600.0,4600.0,1900.0,0.0,6500.0,True,False,ALL_12_RETAINED_INTERFACES_AT_THE_SAME_RESIDUAL_SCARCITY_HOUR
SI,2019-01-24 07:00:00,IT_FR,FR,IT,-2200.0,4500.0,2200.0,6700.0,0.0,False,True,ALL_12_RETAINED_INTERFACES_AT_THE_SAME_RESIDUAL_SCARCITY_HOUR
SI,2019-01-24 07:00:00,IT_GR,GR,IT,500.0,500.0,500.0,0.0,1000.0,True,False,ALL_12_RETAINED_INTERFACES_AT_THE_SAME_RESIDUAL_SCARCITY_HOUR
SI,2019-01-24 07:00:00,IT_ME,IT,ME,-600.0,600.0,600.0,1200.0,0.0,False,True,ALL_12_RETAINED_INTERFACES_AT_THE_SAME_RESIDUAL_SCARCITY_HOUR
SI,2019-01-24 07:00:00,IT_MT,IT,MT,-200.0,200.0,200.0,400.0,0.0,False,True,ALL_12_RETAINED_INTERFACES_AT_THE_SAME_RESIDUAL_SCARCITY_HOUR
SI,2019-01-24 07:00:00,IT_SI,IT,SI,-1100.0,1200.0,1100.0,2300.0,0.0,False,True,ALL_12_RETAINED_INTERFACES_AT_THE_SAME_RESIDUAL_SCARCITY_HOUR
SI,2019-01-24 07:00:00,IT_TN,IT,TN,-600.0,600.0,600.0,1200.0,0.0,False,True,ALL_12_RETAINED_INTERFACES_AT_THE_SAME_RESIDUAL_SCARCITY_HOUR
SI,2019-01-24 08:00:00,EXT_AT_CH,AT,CH,-1200.0,1200.0,1200.0,2400.0,0.0,False,True,ALL_12_RETAINED_INTERFACES_AT_THE_SAME_RESIDUAL_SCARCITY_HOUR
SI,2019-01-24 08:00:00,EXT_AT_SI,AT,SI,-1450.0,1450.0,1450.0,2900.0,0.0,False,True,ALL_12_RETAINED_INTERFACES_AT_THE_SAME_RESIDUAL_SCARCITY_HOUR
SI,2019-01-24 08:00:00,EXT_CH_FR,CH,FR,2200.0,2200.0,4500.0,0.0,6700.0,True,False,ALL_12_RETAINED_INTERFACES_AT_THE_SAME_RESIDUAL_SCARCITY_HOUR
SI,2019-01-24 08:00:00,EXT_HR_SI,HR,SI,261.34223370056407,1500.0,1500.0,1238.657766299436,1761.342233700564,False,False,ALL_12_RETAINED_INTERFACES_AT_THE_SAME_RESIDUAL_SCARCITY_HOUR
SI,2019-01-24 08:00:00,IT_AT,AT,IT,-300.0,700.0,300.0,1000.0,0.0,False,True,ALL_12_RETAINED_INTERFACES_AT_THE_SAME_RESIDUAL_SCARCITY_HOUR
SI,2019-01-24 08:00:00,IT_CH,CH,IT,4270.67488633749,4600.0,1900.0,329.3251136625104,6170.67488633749,False,False,ALL_12_RETAINED_INTERFACES_AT_THE_SAME_RESIDUAL_SCARCITY_HOUR
SI,2019-01-24 08:00:00,IT_FR,FR,IT,-2200.0,4500.0,2200.0,6700.0,0.0,False,True,ALL_12_RETAINED_INTERFACES_AT_THE_SAME_RESIDUAL_SCARCITY_HOUR
SI,2019-01-24 08:00:00,IT_GR,GR,IT,500.0,500.0,500.0,0.0,1000.0,True,False,ALL_12_RETAINED_INTERFACES_AT_THE_SAME_RESIDUAL_SCARCITY_HOUR
SI,2019-01-24 08:00:00,IT_ME,IT,ME,-600.0,600.0,600.0,1200.0,0.0,False,True,ALL_12_RETAINED_INTERFACES_AT_THE_SAME_RESIDUAL_SCARCITY_HOUR
SI,2019-01-24 08:00:00,IT_MT,IT,MT,-145.66171257957032,200.0,200.0,345.66171257957035,54.33828742042968,False,False,ALL_12_RETAINED_INTERFACES_AT_THE_SAME_RESIDUAL_SCARCITY_HOUR
SI,2019-01-24 08:00:00,IT_SI,IT,SI,1200.0,1200.0,1100.0,0.0,2300.0,True,False,ALL_12_RETAINED_INTERFACES_AT_THE_SAME_RESIDUAL_SCARCITY_HOUR
SI,2019-01-24 08:00:00,IT_TN,IT,TN,-600.0,600.0,600.0,1200.0,0.0,False,True,ALL_12_RETAINED_INTERFACES_AT_THE_SAME_RESIDUAL_SCARCITY_HOUR
SI,2019-01-24 15:00:00,EXT_AT_CH,AT,CH,-1200.0,1200.0,1200.0,2400.0,0.0,False,True,ALL_12_RETAINED_INTERFACES_AT_THE_SAME_RESIDUAL_SCARCITY_HOUR
SI,2019-01-24 15:00:00,EXT_AT_SI,AT,SI,-1450.0,1450.0,1450.0,2900.0,0.0,False,True,ALL_12_RETAINED_INTERFACES_AT_THE_SAME_RESIDUAL_SCARCITY_HOUR
SI,2019-01-24 15:00:00,EXT_CH_FR,CH,FR,2200.0,2200.0,4500.0,0.0,6700.0,True,False,ALL_12_RETAINED_INTERFACES_AT_THE_SAME_RESIDUAL_SCARCITY_HOUR
SI,2019-01-24 15:00:00,EXT_HR_SI,HR,SI,-380.3349860006716,1500.0,1500.0,1880.3349860006715,1119.6650139993285,False,False,ALL_12_RETAINED_INTERFACES_AT_THE_SAME_RESIDUAL_SCARCITY_HOUR
SI,2019-01-24 15:00:00,IT_AT,AT,IT,-300.0,700.0,300.0,1000.0,0.0,False,True,ALL_12_RETAINED_INTERFACES_AT_THE_SAME_RESIDUAL_SCARCITY_HOUR
SI,2019-01-24 15:00:00,IT_CH,CH,IT,4600.0,4600.0,1900.0,0.0,6500.0,True,False,ALL_12_RETAINED_INTERFACES_AT_THE_SAME_RESIDUAL_SCARCITY_HOUR
SI,2019-01-24 15:00:00,IT_FR,FR,IT,-2200.0,4500.0,2200.0,6700.0,0.0,False,True,ALL_12_RETAINED_INTERFACES_AT_THE_SAME_RESIDUAL_SCARCITY_HOUR
SI,2019-01-24 15:00:00,IT_GR,GR,IT,500.0,500.0,500.0,0.0,1000.0,True,False,ALL_12_RETAINED_INTERFACES_AT_THE_SAME_RESIDUAL_SCARCITY_HOUR
SI,2019-01-24 15:00:00,IT_ME,IT,ME,-600.0,600.0,600.0,1200.0,0.0,False,True,ALL_12_RETAINED_INTERFACES_AT_THE_SAME_RESIDUAL_SCARCITY_HOUR
SI,2019-01-24 15:00:00,IT_MT,IT,MT,-92.47315429017614,200.0,200.0,292.4731542901761,107.52684570982386,False,False,ALL_12_RETAINED_INTERFACES_AT_THE_SAME_RESIDUAL_SCARCITY_HOUR
SI,2019-01-24 15:00:00,IT_SI,IT,SI,1200.0,1200.0,1100.0,0.0,2300.0,True,False,ALL_12_RETAINED_INTERFACES_AT_THE_SAME_RESIDUAL_SCARCITY_HOUR
SI,2019-01-24 15:00:00,IT_TN,IT,TN,-600.0,600.0,600.0,1200.0,0.0,False,True,ALL_12_RETAINED_INTERFACES_AT_THE_SAME_RESIDUAL_SCARCITY_HOUR
SI,2019-01-24 16:00:00,EXT_AT_CH,AT,CH,-1200.0,1200.0,1200.0,2400.0,0.0,False,True,ALL_12_RETAINED_INTERFACES_AT_THE_SAME_RESIDUAL_SCARCITY_HOUR
SI,2019-01-24 16:00:00,EXT_AT_SI,AT,SI,-1450.0,1450.0,1450.0,2900.0,0.0,False,True,ALL_12_RETAINED_INTERFACES_AT_THE_SAME_RESIDUAL_SCARCITY_HOUR
SI,2019-01-24 16:00:00,EXT_CH_FR,CH,FR,2200.0,2200.0,4500.0,0.0,6700.0,True,False,ALL_12_RETAINED_INTERFACES_AT_THE_SAME_RESIDUAL_SCARCITY_HOUR
SI,2019-01-24 16:00:00,EXT_HR_SI,HR,SI,-640.2414100574014,1500.0,1500.0,2140.2414100574015,859.7585899425986,False,False,ALL_12_RETAINED_INTERFACES_AT_THE_SAME_RESIDUAL_SCARCITY_HOUR
SI,2019-01-24 16:00:00,IT_AT,AT,IT,-300.0,700.0,300.0,1000.0,0.0,False,True,ALL_12_RETAINED_INTERFACES_AT_THE_SAME_RESIDUAL_SCARCITY_HOUR
SI,2019-01-24 16:00:00,IT_CH,CH,IT,4600.0,4600.0,1900.0,0.0,6500.0,True,False,ALL_12_RETAINED_INTERFACES_AT_THE_SAME_RESIDUAL_SCARCITY_HOUR
SI,2019-01-24 16:00:00,IT_FR,FR,IT,-2200.0,4500.0,2200.0,6700.0,0.0,False,True,ALL_12_RETAINED_INTERFACES_AT_THE_SAME_RESIDUAL_SCARCITY_HOUR
SI,2019-01-24 16:00:00,IT_GR,GR,IT,500.0,500.0,500.0,0.0,1000.0,True,False,ALL_12_RETAINED_INTERFACES_AT_THE_SAME_RESIDUAL_SCARCITY_HOUR
SI,2019-01-24 16:00:00,IT_ME,IT,ME,-600.0,600.0,600.0,1200.0,0.0,False,True,ALL_12_RETAINED_INTERFACES_AT_THE_SAME_RESIDUAL_SCARCITY_HOUR
SI,2019-01-24 16:00:00,IT_MT,IT,MT,-48.50224528440116,200.0,200.0,248.50224528440117,151.49775471559883,False,False,ALL_12_RETAINED_INTERFACES_AT_THE_SAME_RESIDUAL_SCARCITY_HOUR
SI,2019-01-24 16:00:00,IT_SI,IT,SI,1200.0,1200.0,1100.0,0.0,2300.0,True,False,ALL_12_RETAINED_INTERFACES_AT_THE_SAME_RESIDUAL_SCARCITY_HOUR
SI,2019-01-24 16:00:00,IT_TN,IT,TN,-600.0,600.0,600.0,1200.0,0.0,False,True,ALL_12_RETAINED_INTERFACES_AT_THE_SAME_RESIDUAL_SCARCITY_HOUR
SI,2019-01-24 17:00:00,EXT_AT_CH,AT,CH,-1200.0,1200.0,1200.0,2400.0,0.0,False,True,ALL_12_RETAINED_INTERFACES_AT_THE_SAME_RESIDUAL_SCARCITY_HOUR
SI,2019-01-24 17:00:00,EXT_AT_SI,AT,SI,-1450.0,1450.0,1450.0,2900.0,0.0,False,True,ALL_12_RETAINED_INTERFACES_AT_THE_SAME_RESIDUAL_SCARCITY_HOUR
SI,2019-01-24 17:00:00,EXT_CH_FR,CH,FR,2200.0,2200.0,4500.0,0.0,6700.0,True,False,ALL_12_RETAINED_INTERFACES_AT_THE_SAME_RESIDUAL_SCARCITY_HOUR
SI,2019-01-24 17:00:00,EXT_HR_SI,HR,SI,-517.4488950840545,1500.0,1500.0,2017.4488950840546,982.5511049159455,False,False,ALL_12_RETAINED_INTERFACES_AT_THE_SAME_RESIDUAL_SCARCITY_HOUR
SI,2019-01-24 17:00:00,IT_AT,AT,IT,-300.0,700.0,300.0,1000.0,0.0,False,True,ALL_12_RETAINED_INTERFACES_AT_THE_SAME_RESIDUAL_SCARCITY_HOUR
SI,2019-01-24 17:00:00,IT_CH,CH,IT,4600.0,4600.0,1900.0,0.0,6500.0,True,False,ALL_12_RETAINED_INTERFACES_AT_THE_SAME_RESIDUAL_SCARCITY_HOUR
SI,2019-01-24 17:00:00,IT_FR,FR,IT,-2200.0,4500.0,2200.0,6700.0,0.0,False,True,ALL_12_RETAINED_INTERFACES_AT_THE_SAME_RESIDUAL_SCARCITY_HOUR
SI,2019-01-24 17:00:00,IT_GR,GR,IT,500.0,500.0,500.0,0.0,1000.0,True,False,ALL_12_RETAINED_INTERFACES_AT_THE_SAME_RESIDUAL_SCARCITY_HOUR
SI,2019-01-24 17:00:00,IT_ME,IT,ME,-488.9845255160752,600.0,600.0,1088.9845255160753,111.01547448392478,False,False,ALL_12_RETAINED_INTERFACES_AT_THE_SAME_RESIDUAL_SCARCITY_HOUR
SI,2019-01-24 17:00:00,IT_MT,IT,MT,-8.132220216854307,200.0,200.0,208.1322202168543,191.8677797831457,False,False,ALL_12_RETAINED_INTERFACES_AT_THE_SAME_RESIDUAL_SCARCITY_HOUR
SI,2019-01-24 17:00:00,IT_SI,IT,SI,1200.0,1200.0,1100.0,0.0,2300.0,True,False,ALL_12_RETAINED_INTERFACES_AT_THE_SAME_RESIDUAL_SCARCITY_HOUR
SI,2019-01-24 17:00:00,IT_TN,IT,TN,-600.0,600.0,600.0,1200.0,0.0,False,True,ALL_12_RETAINED_INTERFACES_AT_THE_SAME_RESIDUAL_SCARCITY_HOUR
SI,2019-01-24 18:00:00,EXT_AT_CH,AT,CH,-1200.0,1200.0,1200.0,2400.0,0.0,False,True,ALL_12_RETAINED_INTERFACES_AT_THE_SAME_RESIDUAL_SCARCITY_HOUR
SI,2019-01-24 18:00:00,EXT_AT_SI,AT,SI,-1450.0,1450.0,1450.0,2900.0,0.0,False,True,ALL_12_RETAINED_INTERFACES_AT_THE_SAME_RESIDUAL_SCARCITY_HOUR
SI,2019-01-24 18:00:00,EXT_CH_FR,CH,FR,2200.0,2200.0,4500.0,0.0,6700.0,True,False,ALL_12_RETAINED_INTERFACES_AT_THE_SAME_RESIDUAL_SCARCITY_HOUR
SI,2019-01-24 18:00:00,EXT_HR_SI,HR,SI,1500.0,1500.0,1500.0,0.0,3000.0,True,False,ALL_12_RETAINED_INTERFACES_AT_THE_SAME_RESIDUAL_SCARCITY_HOUR
SI,2019-01-24 18:00:00,IT_AT,AT,IT,-300.0,700.0,300.0,1000.0,0.0,False,True,ALL_12_RETAINED_INTERFACES_AT_THE_SAME_RESIDUAL_SCARCITY_HOUR
SI,2019-01-24 18:00:00,IT_CH,CH,IT,4600.0,4600.0,1900.0,0.0,6500.0,True,False,ALL_12_RETAINED_INTERFACES_AT_THE_SAME_RESIDUAL_SCARCITY_HOUR
SI,2019-01-24 18:00:00,IT_FR,FR,IT,-2200.0,4500.0,2200.0,6700.0,0.0,False,True,ALL_12_RETAINED_INTERFACES_AT_THE_SAME_RESIDUAL_SCARCITY_HOUR
SI,2019-01-24 18:00:00,IT_GR,GR,IT,500.0,500.0,500.0,0.0,1000.0,True,False,ALL_12_RETAINED_INTERFACES_AT_THE_SAME_RESIDUAL_SCARCITY_HOUR
SI,2019-01-24 18:00:00,IT_ME,IT,ME,-479.3861024776814,600.0,600.0,1079.3861024776813,120.61389752231861,False,False,ALL_12_RETAINED_INTERFACES_AT_THE_SAME_RESIDUAL_SCARCITY_HOUR
SI,2019-01-24 18:00:00,IT_MT,IT,MT,-18.7195090474587,200.0,200.0,218.7195090474587,181.2804909525413,False,False,ALL_12_RETAINED_INTERFACES_AT_THE_SAME_RESIDUAL_SCARCITY_HOUR
SI,2019-01-24 18:00:00,IT_SI,IT,SI,1200.0,1200.0,1100.0,0.0,2300.0,True,False,ALL_12_RETAINED_INTERFACES_AT_THE_SAME_RESIDUAL_SCARCITY_HOUR
SI,2019-01-24 18:00:00,IT_TN,IT,TN,-600.0,600.0,600.0,1200.0,0.0,False,True,ALL_12_RETAINED_INTERFACES_AT_THE_SAME_RESIDUAL_SCARCITY_HOUR
SI,2019-01-24 19:00:00,EXT_AT_CH,AT,CH,-1200.0,1200.0,1200.0,2400.0,0.0,False,True,ALL_12_RETAINED_INTERFACES_AT_THE_SAME_RESIDUAL_SCARCITY_HOUR
SI,2019-01-24 19:00:00,EXT_AT_SI,AT,SI,-1450.0,1450.0,1450.0,2900.0,0.0,False,True,ALL_12_RETAINED_INTERFACES_AT_THE_SAME_RESIDUAL_SCARCITY_HOUR
SI,2019-01-24 19:00:00,EXT_CH_FR,CH,FR,2200.0,2200.0,4500.0,0.0,6700.0,True,False,ALL_12_RETAINED_INTERFACES_AT_THE_SAME_RESIDUAL_SCARCITY_HOUR
SI,2019-01-24 19:00:00,EXT_HR_SI,HR,SI,-333.95437640961256,1500.0,1500.0,1833.9543764096125,1166.0456235903875,False,False,ALL_12_RETAINED_INTERFACES_AT_THE_SAME_RESIDUAL_SCARCITY_HOUR
SI,2019-01-24 19:00:00,IT_AT,AT,IT,-300.0,700.0,300.0,1000.0,0.0,False,True,ALL_12_RETAINED_INTERFACES_AT_THE_SAME_RESIDUAL_SCARCITY_HOUR
SI,2019-01-24 19:00:00,IT_CH,CH,IT,2125.8698774681798,4600.0,1900.0,2474.1301225318202,4025.8698774681798,False,False,ALL_12_RETAINED_INTERFACES_AT_THE_SAME_RESIDUAL_SCARCITY_HOUR
SI,2019-01-24 19:00:00,IT_FR,FR,IT,-2200.0,4500.0,2200.0,6700.0,0.0,False,True,ALL_12_RETAINED_INTERFACES_AT_THE_SAME_RESIDUAL_SCARCITY_HOUR
SI,2019-01-24 19:00:00,IT_GR,GR,IT,500.0,500.0,500.0,0.0,1000.0,True,False,ALL_12_RETAINED_INTERFACES_AT_THE_SAME_RESIDUAL_SCARCITY_HOUR
SI,2019-01-24 19:00:00,IT_ME,IT,ME,-497.610981827945,600.0,600.0,1097.6109818279451,102.38901817205499,False,False,ALL_12_RETAINED_INTERFACES_AT_THE_SAME_RESIDUAL_SCARCITY_HOUR
SI,2019-01-24 19:00:00,IT_MT,IT,MT,-14.13532890964126,200.0,200.0,214.13532890964126,185.86467109035874,False,False,ALL_12_RETAINED_INTERFACES_AT_THE_SAME_RESIDUAL_SCARCITY_HOUR
SI,2019-01-24 19:00:00,IT_SI,IT,SI,1200.0,1200.0,1100.0,0.0,2300.0,True,False,ALL_12_RETAINED_INTERFACES_AT_THE_SAME_RESIDUAL_SCARCITY_HOUR
SI,2019-01-24 19:00:00,IT_TN,IT,TN,-600.0,600.0,600.0,1200.0,0.0,False,True,ALL_12_RETAINED_INTERFACES_AT_THE_SAME_RESIDUAL_SCARCITY_HOUR
SI,2019-01-24 20:00:00,EXT_AT_CH,AT,CH,-1200.0,1200.0,1200.0,2400.0,0.0,False,True,ALL_12_RETAINED_INTERFACES_AT_THE_SAME_RESIDUAL_SCARCITY_HOUR
SI,2019-01-24 20:00:00,EXT_AT_SI,AT,SI,-1450.0,1450.0,1450.0,2900.0,0.0,False,True,ALL_12_RETAINED_INTERFACES_AT_THE_SAME_RESIDUAL_SCARCITY_HOUR
SI,2019-01-24 20:00:00,EXT_CH_FR,CH,FR,2200.0,2200.0,4500.0,0.0,6700.0,True,False,ALL_12_RETAINED_INTERFACES_AT_THE_SAME_RESIDUAL_SCARCITY_HOUR
SI,2019-01-24 20:00:00,EXT_HR_SI,HR,SI,-211.399327704056,1500.0,1500.0,1711.399327704056,1288.600672295944,False,False,ALL_12_RETAINED_INTERFACES_AT_THE_SAME_RESIDUAL_SCARCITY_HOUR
SI,2019-01-24 20:00:00,IT_AT,AT,IT,-300.0,700.0,300.0,1000.0,0.0,False,True,ALL_12_RETAINED_INTERFACES_AT_THE_SAME_RESIDUAL_SCARCITY_HOUR
SI,2019-01-24 20:00:00,IT_CH,CH,IT,2751.812500799681,4600.0,1900.0,1848.187499200319,4651.8125007996805,False,False,ALL_12_RETAINED_INTERFACES_AT_THE_SAME_RESIDUAL_SCARCITY_HOUR
SI,2019-01-24 20:00:00,IT_FR,FR,IT,-2200.0,4500.0,2200.0,6700.0,0.0,False,True,ALL_12_RETAINED_INTERFACES_AT_THE_SAME_RESIDUAL_SCARCITY_HOUR
SI,2019-01-24 20:00:00,IT_GR,GR,IT,500.0,500.0,500.0,0.0,1000.0,True,False,ALL_12_RETAINED_INTERFACES_AT_THE_SAME_RESIDUAL_SCARCITY_HOUR
SI,2019-01-24 20:00:00,IT_ME,IT,ME,-523.4714055760039,600.0,600.0,1123.471405576004,76.52859442399608,False,False,ALL_12_RETAINED_INTERFACES_AT_THE_SAME_RESIDUAL_SCARCITY_HOUR
SI,2019-01-24 20:00:00,IT_MT,IT,MT,-13.129250440862506,200.0,200.0,213.1292504408625,186.8707495591375,False,False,ALL_12_RETAINED_INTERFACES_AT_THE_SAME_RESIDUAL_SCARCITY_HOUR
SI,2019-01-24 20:00:00,IT_SI,IT,SI,1200.0,1200.0,1100.0,0.0,2300.0,True,False,ALL_12_RETAINED_INTERFACES_AT_THE_SAME_RESIDUAL_SCARCITY_HOUR
SI,2019-01-24 20:00:00,IT_TN,IT,TN,-600.0,600.0,600.0,1200.0,0.0,False,True,ALL_12_RETAINED_INTERFACES_AT_THE_SAME_RESIDUAL_SCARCITY_HOUR
SI,2019-01-24 21:00:00,EXT_AT_CH,AT,CH,-1200.0,1200.0,1200.0,2400.0,0.0,False,True,ALL_12_RETAINED_INTERFACES_AT_THE_SAME_RESIDUAL_SCARCITY_HOUR
SI,2019-01-24 21:00:00,EXT_AT_SI,AT,SI,-1450.0,1450.0,1450.0,2900.0,0.0,False,True,ALL_12_RETAINED_INTERFACES_AT_THE_SAME_RESIDUAL_SCARCITY_HOUR
SI,2019-01-24 21:00:00,EXT_CH_FR,CH,FR,2200.0,2200.0,4500.0,0.0,6700.0,True,False,ALL_12_RETAINED_INTERFACES_AT_THE_SAME_RESIDUAL_SCARCITY_HOUR
SI,2019-01-24 21:00:00,EXT_HR_SI,HR,SI,96.29730521154332,1500.0,1500.0,1403.7026947884567,1596.2973052115433,False,False,ALL_12_RETAINED_INTERFACES_AT_THE_SAME_RESIDUAL_SCARCITY_HOUR
SI,2019-01-24 21:00:00,IT_AT,AT,IT,-300.0,700.0,300.0,1000.0,0.0,False,True,ALL_12_RETAINED_INTERFACES_AT_THE_SAME_RESIDUAL_SCARCITY_HOUR
SI,2019-01-24 21:00:00,IT_CH,CH,IT,4600.0,4600.0,1900.0,0.0,6500.0,True,False,ALL_12_RETAINED_INTERFACES_AT_THE_SAME_RESIDUAL_SCARCITY_HOUR
SI,2019-01-24 21:00:00,IT_FR,FR,IT,-2200.0,4500.0,2200.0,6700.0,0.0,False,True,ALL_12_RETAINED_INTERFACES_AT_THE_SAME_RESIDUAL_SCARCITY_HOUR
SI,2019-01-24 21:00:00,IT_GR,GR,IT,500.0,500.0,500.0,0.0,1000.0,True,False,ALL_12_RETAINED_INTERFACES_AT_THE_SAME_RESIDUAL_SCARCITY_HOUR
SI,2019-01-24 21:00:00,IT_ME,IT,ME,-600.0,600.0,600.0,1200.0,0.0,False,True,ALL_12_RETAINED_INTERFACES_AT_THE_SAME_RESIDUAL_SCARCITY_HOUR
SI,2019-01-24 21:00:00,IT_MT,IT,MT,-43.89979792897094,200.0,200.0,243.89979792897094,156.10020207102906,False,False,ALL_12_RETAINED_INTERFACES_AT_THE_SAME_RESIDUAL_SCARCITY_HOUR
SI,2019-01-24 21:00:00,IT_SI,IT,SI,1200.0,1200.0,1100.0,0.0,2300.0,True,False,ALL_12_RETAINED_INTERFACES_AT_THE_SAME_RESIDUAL_SCARCITY_HOUR
SI,2019-01-24 21:00:00,IT_TN,IT,TN,-600.0,600.0,600.0,1200.0,0.0,False,True,ALL_12_RETAINED_INTERFACES_AT_THE_SAME_RESIDUAL_SCARCITY_HOUR
SI,2019-01-24 22:00:00,EXT_AT_CH,AT,CH,-1200.0,1200.0,1200.0,2400.0,0.0,False,True,ALL_12_RETAINED_INTERFACES_AT_THE_SAME_RESIDUAL_SCARCITY_HOUR
SI,2019-01-24 22:00:00,EXT_AT_SI,AT,SI,-1450.0,1450.0,1450.0,2900.0,0.0,False,True,ALL_12_RETAINED_INTERFACES_AT_THE_SAME_RESIDUAL_SCARCITY_HOUR
SI,2019-01-24 22:00:00,EXT_CH_FR,CH,FR,2200.0,2200.0,4500.0,0.0,6700.0,True,False,ALL_12_RETAINED_INTERFACES_AT_THE_SAME_RESIDUAL_SCARCITY_HOUR
SI,2019-01-24 22:00:00,EXT_HR_SI,HR,SI,189.89439911435832,1500.0,1500.0,1310.1056008856417,1689.8943991143583,False,False,ALL_12_RETAINED_INTERFACES_AT_THE_SAME_RESIDUAL_SCARCITY_HOUR
SI,2019-01-24 22:00:00,IT_AT,AT,IT,-300.0,700.0,300.0,1000.0,0.0,False,True,ALL_12_RETAINED_INTERFACES_AT_THE_SAME_RESIDUAL_SCARCITY_HOUR
SI,2019-01-24 22:00:00,IT_CH,CH,IT,3550.2223607175083,4600.0,1900.0,1049.7776392824917,5450.222360717508,False,False,ALL_12_RETAINED_INTERFACES_AT_THE_SAME_RESIDUAL_SCARCITY_HOUR
SI,2019-01-24 22:00:00,IT_FR,FR,IT,-2200.0,4500.0,2200.0,6700.0,0.0,False,True,ALL_12_RETAINED_INTERFACES_AT_THE_SAME_RESIDUAL_SCARCITY_HOUR
SI,2019-01-24 22:00:00,IT_GR,GR,IT,500.0,500.0,500.0,0.0,1000.0,True,False,ALL_12_RETAINED_INTERFACES_AT_THE_SAME_RESIDUAL_SCARCITY_HOUR
SI,2019-01-24 22:00:00,IT_ME,IT,ME,-570.7309274858812,600.0,600.0,1170.7309274858812,29.26907251411876,False,False,ALL_12_RETAINED_INTERFACES_AT_THE_SAME_RESIDUAL_SCARCITY_HOUR
SI,2019-01-24 22:00:00,IT_MT,IT,MT,-74.44737215987215,200.0,200.0,274.44737215987215,125.55262784012785,False,False,ALL_12_RETAINED_INTERFACES_AT_THE_SAME_RESIDUAL_SCARCITY_HOUR
SI,2019-01-24 22:00:00,IT_SI,IT,SI,1200.0,1200.0,1100.0,0.0,2300.0,True,False,ALL_12_RETAINED_INTERFACES_AT_THE_SAME_RESIDUAL_SCARCITY_HOUR
SI,2019-01-24 22:00:00,IT_TN,IT,TN,-600.0,600.0,600.0,1200.0,0.0,False,True,ALL_12_RETAINED_INTERFACES_AT_THE_SAME_RESIDUAL_SCARCITY_HOUR
SI,2019-01-24 23:00:00,EXT_AT_CH,AT,CH,-1200.0,1200.0,1200.0,2400.0,0.0,False,True,ALL_12_RETAINED_INTERFACES_AT_THE_SAME_RESIDUAL_SCARCITY_HOUR
SI,2019-01-24 23:00:00,EXT_AT_SI,AT,SI,-1415.616146097936,1450.0,1450.0,2865.616146097936,34.38385390206395,False,False,ALL_12_RETAINED_INTERFACES_AT_THE_SAME_RESIDUAL_SCARCITY_HOUR
SI,2019-01-24 23:00:00,EXT_CH_FR,CH,FR,2200.0,2200.0,4500.0,0.0,6700.0,True,False,ALL_12_RETAINED_INTERFACES_AT_THE_SAME_RESIDUAL_SCARCITY_HOUR
SI,2019-01-24 23:00:00,EXT_HR_SI,HR,SI,660.692725499424,1500.0,1500.0,839.307274500576,2160.692725499424,False,False,ALL_12_RETAINED_INTERFACES_AT_THE_SAME_RESIDUAL_SCARCITY_HOUR
SI,2019-01-24 23:00:00,IT_AT,AT,IT,-300.0,700.0,300.0,1000.0,0.0,False,True,ALL_12_RETAINED_INTERFACES_AT_THE_SAME_RESIDUAL_SCARCITY_HOUR
SI,2019-01-24 23:00:00,IT_CH,CH,IT,3298.968050099696,4600.0,1900.0,1301.031949900304,5198.9680500996965,False,False,ALL_12_RETAINED_INTERFACES_AT_THE_SAME_RESIDUAL_SCARCITY_HOUR
SI,2019-01-24 23:00:00,IT_FR,FR,IT,-2200.0,4500.0,2200.0,6700.0,0.0,False,True,ALL_12_RETAINED_INTERFACES_AT_THE_SAME_RESIDUAL_SCARCITY_HOUR
SI,2019-01-24 23:00:00,IT_GR,GR,IT,500.0,500.0,500.0,0.0,1000.0,True,False,ALL_12_RETAINED_INTERFACES_AT_THE_SAME_RESIDUAL_SCARCITY_HOUR
SI,2019-01-24 23:00:00,IT_ME,IT,ME,-600.0,600.0,600.0,1200.0,0.0,False,True,ALL_12_RETAINED_INTERFACES_AT_THE_SAME_RESIDUAL_SCARCITY_HOUR
SI,2019-01-24 23:00:00,IT_MT,IT,MT,-94.71789147798188,200.0,200.0,294.7178914779819,105.28210852201812,False,False,ALL_12_RETAINED_INTERFACES_AT_THE_SAME_RESIDUAL_SCARCITY_HOUR
SI,2019-01-24 23:00:00,IT_SI,IT,SI,1200.0,1200.0,1100.0,0.0,2300.0,True,False,ALL_12_RETAINED_INTERFACES_AT_THE_SAME_RESIDUAL_SCARCITY_HOUR
SI,2019-01-24 23:00:00,IT_TN,IT,TN,-600.0,600.0,600.0,1200.0,0.0,False,True,ALL_12_RETAINED_INTERFACES_AT_THE_SAME_RESIDUAL_SCARCITY_HOUR
SI,2019-01-25 06:00:00,EXT_AT_CH,AT,CH,-1200.0,1200.0,1200.0,2400.0,0.0,False,True,ALL_12_RETAINED_INTERFACES_AT_THE_SAME_RESIDUAL_SCARCITY_HOUR
SI,2019-01-25 06:00:00,EXT_AT_SI,AT,SI,-1450.0,1450.0,1450.0,2900.0,0.0,False,True,ALL_12_RETAINED_INTERFACES_AT_THE_SAME_RESIDUAL_SCARCITY_HOUR
SI,2019-01-25 06:00:00,EXT_CH_FR,CH,FR,2200.0,2200.0,4500.0,0.0,6700.0,True,False,ALL_12_RETAINED_INTERFACES_AT_THE_SAME_RESIDUAL_SCARCITY_HOUR
SI,2019-01-25 06:00:00,EXT_HR_SI,HR,SI,975.1254231711392,1500.0,1500.0,524.8745768288608,2475.125423171139,False,False,ALL_12_RETAINED_INTERFACES_AT_THE_SAME_RESIDUAL_SCARCITY_HOUR
SI,2019-01-25 06:00:00,IT_AT,AT,IT,-300.0,700.0,300.0,1000.0,0.0,False,True,ALL_12_RETAINED_INTERFACES_AT_THE_SAME_RESIDUAL_SCARCITY_HOUR
SI,2019-01-25 06:00:00,IT_CH,CH,IT,3131.00439435613,4600.0,1900.0,1468.99560564387,5031.00439435613,False,False,ALL_12_RETAINED_INTERFACES_AT_THE_SAME_RESIDUAL_SCARCITY_HOUR
SI,2019-01-25 06:00:00,IT_FR,FR,IT,-2200.0,4500.0,2200.0,6700.0,0.0,False,True,ALL_12_RETAINED_INTERFACES_AT_THE_SAME_RESIDUAL_SCARCITY_HOUR
SI,2019-01-25 06:00:00,IT_GR,GR,IT,500.0,500.0,500.0,0.0,1000.0,True,False,ALL_12_RETAINED_INTERFACES_AT_THE_SAME_RESIDUAL_SCARCITY_HOUR
SI,2019-01-25 06:00:00,IT_ME,IT,ME,-600.0,600.0,600.0,1200.0,0.0,False,True,ALL_12_RETAINED_INTERFACES_AT_THE_SAME_RESIDUAL_SCARCITY_HOUR
SI,2019-01-25 06:00:00,IT_MT,IT,MT,-125.10694757670092,200.0,200.0,325.1069475767009,74.89305242329908,False,False,ALL_12_RETAINED_INTERFACES_AT_THE_SAME_RESIDUAL_SCARCITY_HOUR
SI,2019-01-25 06:00:00,IT_SI,IT,SI,1200.0,1200.0,1100.0,0.0,2300.0,True,False,ALL_12_RETAINED_INTERFACES_AT_THE_SAME_RESIDUAL_SCARCITY_HOUR
SI,2019-01-25 06:00:00,IT_TN,IT,TN,-600.0,600.0,600.0,1200.0,0.0,False,True,ALL_12_RETAINED_INTERFACES_AT_THE_SAME_RESIDUAL_SCARCITY_HOUR
SI,2019-01-25 07:00:00,EXT_AT_CH,AT,CH,-1200.0,1200.0,1200.0,2400.0,0.0,False,True,ALL_12_RETAINED_INTERFACES_AT_THE_SAME_RESIDUAL_SCARCITY_HOUR
SI,2019-01-25 07:00:00,EXT_AT_SI,AT,SI,-1450.0,1450.0,1450.0,2900.0,0.0,False,True,ALL_12_RETAINED_INTERFACES_AT_THE_SAME_RESIDUAL_SCARCITY_HOUR
SI,2019-01-25 07:00:00,EXT_CH_FR,CH,FR,2200.0,2200.0,4500.0,0.0,6700.0,True,False,ALL_12_RETAINED_INTERFACES_AT_THE_SAME_RESIDUAL_SCARCITY_HOUR
SI,2019-01-25 07:00:00,EXT_HR_SI,HR,SI,1162.418213738347,1500.0,1500.0,337.58178626165295,2662.418213738347,False,False,ALL_12_RETAINED_INTERFACES_AT_THE_SAME_RESIDUAL_SCARCITY_HOUR
SI,2019-01-25 07:00:00,IT_AT,AT,IT,-300.0,700.0,300.0,1000.0,0.0,False,True,ALL_12_RETAINED_INTERFACES_AT_THE_SAME_RESIDUAL_SCARCITY_HOUR
SI,2019-01-25 07:00:00,IT_CH,CH,IT,2037.7781935104188,4600.0,1900.0,2562.2218064895815,3937.7781935104185,False,False,ALL_12_RETAINED_INTERFACES_AT_THE_SAME_RESIDUAL_SCARCITY_HOUR
SI,2019-01-25 07:00:00,IT_FR,FR,IT,-2200.0,4500.0,2200.0,6700.0,0.0,False,True,ALL_12_RETAINED_INTERFACES_AT_THE_SAME_RESIDUAL_SCARCITY_HOUR
SI,2019-01-25 07:00:00,IT_GR,GR,IT,500.0,500.0,500.0,0.0,1000.0,True,False,ALL_12_RETAINED_INTERFACES_AT_THE_SAME_RESIDUAL_SCARCITY_HOUR
SI,2019-01-25 07:00:00,IT_ME,IT,ME,-600.0,600.0,600.0,1200.0,0.0,False,True,ALL_12_RETAINED_INTERFACES_AT_THE_SAME_RESIDUAL_SCARCITY_HOUR
SI,2019-01-25 07:00:00,IT_MT,IT,MT,-150.52666694287274,200.0,200.0,350.52666694287274,49.47333305712726,False,False,ALL_12_RETAINED_INTERFACES_AT_THE_SAME_RESIDUAL_SCARCITY_HOUR
SI,2019-01-25 07:00:00,IT_SI,IT,SI,1200.0,1200.0,1100.0,0.0,2300.0,True,False,ALL_12_RETAINED_INTERFACES_AT_THE_SAME_RESIDUAL_SCARCITY_HOUR
SI,2019-01-25 07:00:00,IT_TN,IT,TN,-600.0,600.0,600.0,1200.0,0.0,False,True,ALL_12_RETAINED_INTERFACES_AT_THE_SAME_RESIDUAL_SCARCITY_HOUR
SI,2019-01-28 16:00:00,EXT_AT_CH,AT,CH,-1200.0,1200.0,1200.0,2400.0,0.0,False,True,ALL_12_RETAINED_INTERFACES_AT_THE_SAME_RESIDUAL_SCARCITY_HOUR
SI,2019-01-28 16:00:00,EXT_AT_SI,AT,SI,-1450.0,1450.0,1450.0,2900.0,0.0,False,True,ALL_12_RETAINED_INTERFACES_AT_THE_SAME_RESIDUAL_SCARCITY_HOUR
SI,2019-01-28 16:00:00,EXT_CH_FR,CH,FR,-4500.0,2200.0,4500.0,6700.0,0.0,False,True,ALL_12_RETAINED_INTERFACES_AT_THE_SAME_RESIDUAL_SCARCITY_HOUR
SI,2019-01-28 16:00:00,EXT_HR_SI,HR,SI,-940.7090277551541,1500.0,1500.0,2440.7090277551542,559.2909722448459,False,False,ALL_12_RETAINED_INTERFACES_AT_THE_SAME_RESIDUAL_SCARCITY_HOUR
SI,2019-01-28 16:00:00,IT_AT,AT,IT,-300.0,700.0,300.0,1000.0,0.0,False,True,ALL_12_RETAINED_INTERFACES_AT_THE_SAME_RESIDUAL_SCARCITY_HOUR
SI,2019-01-28 16:00:00,IT_CH,CH,IT,4600.0,4600.0,1900.0,0.0,6500.0,True,False,ALL_12_RETAINED_INTERFACES_AT_THE_SAME_RESIDUAL_SCARCITY_HOUR
SI,2019-01-28 16:00:00,IT_FR,FR,IT,4500.0,4500.0,2200.0,0.0,6700.0,True,False,ALL_12_RETAINED_INTERFACES_AT_THE_SAME_RESIDUAL_SCARCITY_HOUR
SI,2019-01-28 16:00:00,IT_GR,GR,IT,500.0,500.0,500.0,0.0,1000.0,True,False,ALL_12_RETAINED_INTERFACES_AT_THE_SAME_RESIDUAL_SCARCITY_HOUR
SI,2019-01-28 16:00:00,IT_ME,IT,ME,-600.0,600.0,600.0,1200.0,0.0,False,True,ALL_12_RETAINED_INTERFACES_AT_THE_SAME_RESIDUAL_SCARCITY_HOUR
SI,2019-01-28 16:00:00,IT_MT,IT,MT,3.4239957843965776,200.0,200.0,196.57600421560343,203.42399578439657,False,False,ALL_12_RETAINED_INTERFACES_AT_THE_SAME_RESIDUAL_SCARCITY_HOUR
SI,2019-01-28 16:00:00,IT_SI,IT,SI,1200.0,1200.0,1100.0,0.0,2300.0,True,False,ALL_12_RETAINED_INTERFACES_AT_THE_SAME_RESIDUAL_SCARCITY_HOUR
SI,2019-01-28 16:00:00,IT_TN,IT,TN,-600.0,600.0,600.0,1200.0,0.0,False,True,ALL_12_RETAINED_INTERFACES_AT_THE_SAME_RESIDUAL_SCARCITY_HOUR
SI,2019-01-28 17:00:00,EXT_AT_CH,AT,CH,-1200.0,1200.0,1200.0,2400.0,0.0,False,True,ALL_12_RETAINED_INTERFACES_AT_THE_SAME_RESIDUAL_SCARCITY_HOUR
SI,2019-01-28 17:00:00,EXT_AT_SI,AT,SI,-1450.0,1450.0,1450.0,2900.0,0.0,False,True,ALL_12_RETAINED_INTERFACES_AT_THE_SAME_RESIDUAL_SCARCITY_HOUR
SI,2019-01-28 17:00:00,EXT_CH_FR,CH,FR,2200.0,2200.0,4500.0,0.0,6700.0,True,False,ALL_12_RETAINED_INTERFACES_AT_THE_SAME_RESIDUAL_SCARCITY_HOUR
SI,2019-01-28 17:00:00,EXT_HR_SI,HR,SI,-1399.0632761092015,1500.0,1500.0,2899.0632761092015,100.93672389079848,False,False,ALL_12_RETAINED_INTERFACES_AT_THE_SAME_RESIDUAL_SCARCITY_HOUR
SI,2019-01-28 17:00:00,IT_AT,AT,IT,-300.0,700.0,300.0,1000.0,0.0,False,True,ALL_12_RETAINED_INTERFACES_AT_THE_SAME_RESIDUAL_SCARCITY_HOUR
SI,2019-01-28 17:00:00,IT_CH,CH,IT,4600.0,4600.0,1900.0,0.0,6500.0,True,False,ALL_12_RETAINED_INTERFACES_AT_THE_SAME_RESIDUAL_SCARCITY_HOUR
SI,2019-01-28 17:00:00,IT_FR,FR,IT,4500.0,4500.0,2200.0,0.0,6700.0,True,False,ALL_12_RETAINED_INTERFACES_AT_THE_SAME_RESIDUAL_SCARCITY_HOUR
SI,2019-01-28 17:00:00,IT_GR,GR,IT,500.0,500.0,500.0,0.0,1000.0,True,False,ALL_12_RETAINED_INTERFACES_AT_THE_SAME_RESIDUAL_SCARCITY_HOUR
SI,2019-01-28 17:00:00,IT_ME,IT,ME,-517.592750884344,600.0,600.0,1117.592750884344,82.40724911565599,False,False,ALL_12_RETAINED_INTERFACES_AT_THE_SAME_RESIDUAL_SCARCITY_HOUR
SI,2019-01-28 17:00:00,IT_MT,IT,MT,20.33983084669393,200.0,200.0,179.66016915330607,220.33983084669393,False,False,ALL_12_RETAINED_INTERFACES_AT_THE_SAME_RESIDUAL_SCARCITY_HOUR
SI,2019-01-28 17:00:00,IT_SI,IT,SI,1200.0,1200.0,1100.0,0.0,2300.0,True,False,ALL_12_RETAINED_INTERFACES_AT_THE_SAME_RESIDUAL_SCARCITY_HOUR
SI,2019-01-28 17:00:00,IT_TN,IT,TN,-600.0,600.0,600.0,1200.0,0.0,False,True,ALL_12_RETAINED_INTERFACES_AT_THE_SAME_RESIDUAL_SCARCITY_HOUR
SI,2019-01-28 18:00:00,EXT_AT_CH,AT,CH,-1200.0,1200.0,1200.0,2400.0,0.0,False,True,ALL_12_RETAINED_INTERFACES_AT_THE_SAME_RESIDUAL_SCARCITY_HOUR
SI,2019-01-28 18:00:00,EXT_AT_SI,AT,SI,-1450.0,1450.0,1450.0,2900.0,0.0,False,True,ALL_12_RETAINED_INTERFACES_AT_THE_SAME_RESIDUAL_SCARCITY_HOUR
SI,2019-01-28 18:00:00,EXT_CH_FR,CH,FR,2200.0,2200.0,4500.0,0.0,6700.0,True,False,ALL_12_RETAINED_INTERFACES_AT_THE_SAME_RESIDUAL_SCARCITY_HOUR
SI,2019-01-28 18:00:00,EXT_HR_SI,HR,SI,-1406.881483311165,1500.0,1500.0,2906.881483311165,93.11851668883492,False,False,ALL_12_RETAINED_INTERFACES_AT_THE_SAME_RESIDUAL_SCARCITY_HOUR
SI,2019-01-28 18:00:00,IT_AT,AT,IT,-300.0,700.0,300.0,1000.0,0.0,False,True,ALL_12_RETAINED_INTERFACES_AT_THE_SAME_RESIDUAL_SCARCITY_HOUR
SI,2019-01-28 18:00:00,IT_CH,CH,IT,4600.0,4600.0,1900.0,0.0,6500.0,True,False,ALL_12_RETAINED_INTERFACES_AT_THE_SAME_RESIDUAL_SCARCITY_HOUR
SI,2019-01-28 18:00:00,IT_FR,FR,IT,4500.0,4500.0,2200.0,0.0,6700.0,True,False,ALL_12_RETAINED_INTERFACES_AT_THE_SAME_RESIDUAL_SCARCITY_HOUR
SI,2019-01-28 18:00:00,IT_GR,GR,IT,500.0,500.0,500.0,0.0,1000.0,True,False,ALL_12_RETAINED_INTERFACES_AT_THE_SAME_RESIDUAL_SCARCITY_HOUR
SI,2019-01-28 18:00:00,IT_ME,IT,ME,-537.9728016233937,600.0,600.0,1137.9728016233937,62.02719837660629,False,False,ALL_12_RETAINED_INTERFACES_AT_THE_SAME_RESIDUAL_SCARCITY_HOUR
SI,2019-01-28 18:00:00,IT_MT,IT,MT,23.305375529547973,200.0,200.0,176.69462447045203,223.30537552954797,False,False,ALL_12_RETAINED_INTERFACES_AT_THE_SAME_RESIDUAL_SCARCITY_HOUR
SI,2019-01-28 18:00:00,IT_SI,IT,SI,1200.0,1200.0,1100.0,0.0,2300.0,True,False,ALL_12_RETAINED_INTERFACES_AT_THE_SAME_RESIDUAL_SCARCITY_HOUR
SI,2019-01-28 18:00:00,IT_TN,IT,TN,-600.0,600.0,600.0,1200.0,0.0,False,True,ALL_12_RETAINED_INTERFACES_AT_THE_SAME_RESIDUAL_SCARCITY_HOUR
SI,2019-01-28 19:00:00,EXT_AT_CH,AT,CH,-1200.0,1200.0,1200.0,2400.0,0.0,False,True,ALL_12_RETAINED_INTERFACES_AT_THE_SAME_RESIDUAL_SCARCITY_HOUR
SI,2019-01-28 19:00:00,EXT_AT_SI,AT,SI,-1450.0,1450.0,1450.0,2900.0,0.0,False,True,ALL_12_RETAINED_INTERFACES_AT_THE_SAME_RESIDUAL_SCARCITY_HOUR
SI,2019-01-28 19:00:00,EXT_CH_FR,CH,FR,2200.0,2200.0,4500.0,0.0,6700.0,True,False,ALL_12_RETAINED_INTERFACES_AT_THE_SAME_RESIDUAL_SCARCITY_HOUR
SI,2019-01-28 19:00:00,EXT_HR_SI,HR,SI,-1311.416328686832,1500.0,1500.0,2811.416328686832,188.583671313168,False,False,ALL_12_RETAINED_INTERFACES_AT_THE_SAME_RESIDUAL_SCARCITY_HOUR
SI,2019-01-28 19:00:00,IT_AT,AT,IT,-300.0,700.0,300.0,1000.0,0.0,False,True,ALL_12_RETAINED_INTERFACES_AT_THE_SAME_RESIDUAL_SCARCITY_HOUR
SI,2019-01-28 19:00:00,IT_CH,CH,IT,4600.0,4600.0,1900.0,0.0,6500.0,True,False,ALL_12_RETAINED_INTERFACES_AT_THE_SAME_RESIDUAL_SCARCITY_HOUR
SI,2019-01-28 19:00:00,IT_FR,FR,IT,4500.0,4500.0,2200.0,0.0,6700.0,True,False,ALL_12_RETAINED_INTERFACES_AT_THE_SAME_RESIDUAL_SCARCITY_HOUR
SI,2019-01-28 19:00:00,IT_GR,GR,IT,500.0,500.0,500.0,0.0,1000.0,True,False,ALL_12_RETAINED_INTERFACES_AT_THE_SAME_RESIDUAL_SCARCITY_HOUR
SI,2019-01-28 19:00:00,IT_ME,IT,ME,-499.5459961739535,600.0,600.0,1099.5459961739534,100.45400382604652,False,False,ALL_12_RETAINED_INTERFACES_AT_THE_SAME_RESIDUAL_SCARCITY_HOUR
SI,2019-01-28 19:00:00,IT_MT,IT,MT,-11.807886072826477,200.0,200.0,211.80788607282648,188.19211392717352,False,False,ALL_12_RETAINED_INTERFACES_AT_THE_SAME_RESIDUAL_SCARCITY_HOUR
SI,2019-01-28 19:00:00,IT_SI,IT,SI,1200.0,1200.0,1100.0,0.0,2300.0,True,False,ALL_12_RETAINED_INTERFACES_AT_THE_SAME_RESIDUAL_SCARCITY_HOUR
SI,2019-01-28 19:00:00,IT_TN,IT,TN,-600.0,600.0,600.0,1200.0,0.0,False,True,ALL_12_RETAINED_INTERFACES_AT_THE_SAME_RESIDUAL_SCARCITY_HOUR
SI,2019-01-28 20:00:00,EXT_AT_CH,AT,CH,-1200.0,1200.0,1200.0,2400.0,0.0,False,True,ALL_12_RETAINED_INTERFACES_AT_THE_SAME_RESIDUAL_SCARCITY_HOUR
SI,2019-01-28 20:00:00,EXT_AT_SI,AT,SI,-1118.639921206644,1450.0,1450.0,2568.639921206644,331.360078793356,False,False,ALL_12_RETAINED_INTERFACES_AT_THE_SAME_RESIDUAL_SCARCITY_HOUR
SI,2019-01-28 20:00:00,EXT_CH_FR,CH,FR,2200.0,2200.0,4500.0,0.0,6700.0,True,False,ALL_12_RETAINED_INTERFACES_AT_THE_SAME_RESIDUAL_SCARCITY_HOUR
SI,2019-01-28 20:00:00,EXT_HR_SI,HR,SI,-1168.6476395844572,1500.0,1500.0,2668.6476395844575,331.35236041554276,False,False,ALL_12_RETAINED_INTERFACES_AT_THE_SAME_RESIDUAL_SCARCITY_HOUR
SI,2019-01-28 20:00:00,IT_AT,AT,IT,-300.0,700.0,300.0,1000.0,0.0,False,True,ALL_12_RETAINED_INTERFACES_AT_THE_SAME_RESIDUAL_SCARCITY_HOUR
SI,2019-01-28 20:00:00,IT_CH,CH,IT,4600.0,4600.0,1900.0,0.0,6500.0,True,False,ALL_12_RETAINED_INTERFACES_AT_THE_SAME_RESIDUAL_SCARCITY_HOUR
SI,2019-01-28 20:00:00,IT_FR,FR,IT,4500.0,4500.0,2200.0,0.0,6700.0,True,False,ALL_12_RETAINED_INTERFACES_AT_THE_SAME_RESIDUAL_SCARCITY_HOUR
SI,2019-01-28 20:00:00,IT_GR,GR,IT,500.0,500.0,500.0,0.0,1000.0,True,False,ALL_12_RETAINED_INTERFACES_AT_THE_SAME_RESIDUAL_SCARCITY_HOUR
SI,2019-01-28 20:00:00,IT_ME,IT,ME,-509.59227747402235,600.0,600.0,1109.5922774740225,90.40772252597765,False,False,ALL_12_RETAINED_INTERFACES_AT_THE_SAME_RESIDUAL_SCARCITY_HOUR
SI,2019-01-28 20:00:00,IT_MT,IT,MT,31.149575292591805,200.0,200.0,168.8504247074082,231.1495752925918,False,False,ALL_12_RETAINED_INTERFACES_AT_THE_SAME_RESIDUAL_SCARCITY_HOUR
SI,2019-01-28 20:00:00,IT_SI,IT,SI,1200.0,1200.0,1100.0,0.0,2300.0,True,False,ALL_12_RETAINED_INTERFACES_AT_THE_SAME_RESIDUAL_SCARCITY_HOUR
SI,2019-01-28 20:00:00,IT_TN,IT,TN,-600.0,600.0,600.0,1200.0,0.0,False,True,ALL_12_RETAINED_INTERFACES_AT_THE_SAME_RESIDUAL_SCARCITY_HOUR
SI,2019-01-28 21:00:00,EXT_AT_CH,AT,CH,-1200.0,1200.0,1200.0,2400.0,0.0,False,True,ALL_12_RETAINED_INTERFACES_AT_THE_SAME_RESIDUAL_SCARCITY_HOUR
SI,2019-01-28 21:00:00,EXT_AT_SI,AT,SI,-228.77247395287077,1450.0,1450.0,1678.7724739528708,1221.2275260471292,False,False,ALL_12_RETAINED_INTERFACES_AT_THE_SAME_RESIDUAL_SCARCITY_HOUR
SI,2019-01-28 21:00:00,EXT_CH_FR,CH,FR,2200.0,2200.0,4500.0,0.0,6700.0,True,False,ALL_12_RETAINED_INTERFACES_AT_THE_SAME_RESIDUAL_SCARCITY_HOUR
SI,2019-01-28 21:00:00,EXT_HR_SI,HR,SI,-927.8582225107347,1500.0,1500.0,2427.858222510735,572.1417774892653,False,False,ALL_12_RETAINED_INTERFACES_AT_THE_SAME_RESIDUAL_SCARCITY_HOUR
SI,2019-01-28 21:00:00,IT_AT,AT,IT,-300.0,700.0,300.0,1000.0,0.0,False,True,ALL_12_RETAINED_INTERFACES_AT_THE_SAME_RESIDUAL_SCARCITY_HOUR
SI,2019-01-28 21:00:00,IT_CH,CH,IT,4600.0,4600.0,1900.0,0.0,6500.0,True,False,ALL_12_RETAINED_INTERFACES_AT_THE_SAME_RESIDUAL_SCARCITY_HOUR
SI,2019-01-28 21:00:00,IT_FR,FR,IT,4500.0,4500.0,2200.0,0.0,6700.0,True,False,ALL_12_RETAINED_INTERFACES_AT_THE_SAME_RESIDUAL_SCARCITY_HOUR
SI,2019-01-28 21:00:00,IT_GR,GR,IT,500.0,500.0,500.0,0.0,1000.0,True,False,ALL_12_RETAINED_INTERFACES_AT_THE_SAME_RESIDUAL_SCARCITY_HOUR
SI,2019-01-28 21:00:00,IT_ME,IT,ME,-600.0,600.0,600.0,1200.0,0.0,False,True,ALL_12_RETAINED_INTERFACES_AT_THE_SAME_RESIDUAL_SCARCITY_HOUR
SI,2019-01-28 21:00:00,IT_MT,IT,MT,25.22285286576016,200.0,200.0,174.77714713423984,225.22285286576016,False,False,ALL_12_RETAINED_INTERFACES_AT_THE_SAME_RESIDUAL_SCARCITY_HOUR
SI,2019-01-28 21:00:00,IT_SI,IT,SI,1200.0,1200.0,1100.0,0.0,2300.0,True,False,ALL_12_RETAINED_INTERFACES_AT_THE_SAME_RESIDUAL_SCARCITY_HOUR
SI,2019-01-28 21:00:00,IT_TN,IT,TN,-600.0,600.0,600.0,1200.0,0.0,False,True,ALL_12_RETAINED_INTERFACES_AT_THE_SAME_RESIDUAL_SCARCITY_HOUR
SI,2019-01-28 22:00:00,EXT_AT_CH,AT,CH,-1200.0,1200.0,1200.0,2400.0,0.0,False,True,ALL_12_RETAINED_INTERFACES_AT_THE_SAME_RESIDUAL_SCARCITY_HOUR
SI,2019-01-28 22:00:00,EXT_AT_SI,AT,SI,-217.4386250241928,1450.0,1450.0,1667.4386250241928,1232.5613749758072,False,False,ALL_12_RETAINED_INTERFACES_AT_THE_SAME_RESIDUAL_SCARCITY_HOUR
SI,2019-01-28 22:00:00,EXT_CH_FR,CH,FR,2200.0,2200.0,4500.0,0.0,6700.0,True,False,ALL_12_RETAINED_INTERFACES_AT_THE_SAME_RESIDUAL_SCARCITY_HOUR
SI,2019-01-28 22:00:00,EXT_HR_SI,HR,SI,-633.3270765831923,1500.0,1500.0,2133.327076583192,866.6729234168077,False,False,ALL_12_RETAINED_INTERFACES_AT_THE_SAME_RESIDUAL_SCARCITY_HOUR
SI,2019-01-28 22:00:00,IT_AT,AT,IT,-300.0,700.0,300.0,1000.0,0.0,False,True,ALL_12_RETAINED_INTERFACES_AT_THE_SAME_RESIDUAL_SCARCITY_HOUR
SI,2019-01-28 22:00:00,IT_CH,CH,IT,4600.0,4600.0,1900.0,0.0,6500.0,True,False,ALL_12_RETAINED_INTERFACES_AT_THE_SAME_RESIDUAL_SCARCITY_HOUR
SI,2019-01-28 22:00:00,IT_FR,FR,IT,4500.0,4500.0,2200.0,0.0,6700.0,True,False,ALL_12_RETAINED_INTERFACES_AT_THE_SAME_RESIDUAL_SCARCITY_HOUR
SI,2019-01-28 22:00:00,IT_GR,GR,IT,500.0,500.0,500.0,0.0,1000.0,True,False,ALL_12_RETAINED_INTERFACES_AT_THE_SAME_RESIDUAL_SCARCITY_HOUR
SI,2019-01-28 22:00:00,IT_ME,IT,ME,-600.0,600.0,600.0,1200.0,0.0,False,True,ALL_12_RETAINED_INTERFACES_AT_THE_SAME_RESIDUAL_SCARCITY_HOUR
SI,2019-01-28 22:00:00,IT_MT,IT,MT,16.064638514831927,200.0,200.0,183.93536148516807,216.06463851483193,False,False,ALL_12_RETAINED_INTERFACES_AT_THE_SAME_RESIDUAL_SCARCITY_HOUR
SI,2019-01-28 22:00:00,IT_SI,IT,SI,1200.0,1200.0,1100.0,0.0,2300.0,True,False,ALL_12_RETAINED_INTERFACES_AT_THE_SAME_RESIDUAL_SCARCITY_HOUR
SI,2019-01-28 22:00:00,IT_TN,IT,TN,-600.0,600.0,600.0,1200.0,0.0,False,True,ALL_12_RETAINED_INTERFACES_AT_THE_SAME_RESIDUAL_SCARCITY_HOUR
SI,2019-01-29 15:00:00,EXT_AT_CH,AT,CH,-1200.0,1200.0,1200.0,2400.0,0.0,False,True,ALL_12_RETAINED_INTERFACES_AT_THE_SAME_RESIDUAL_SCARCITY_HOUR
SI,2019-01-29 15:00:00,EXT_AT_SI,AT,SI,-1450.0,1450.0,1450.0,2900.0,0.0,False,True,ALL_12_RETAINED_INTERFACES_AT_THE_SAME_RESIDUAL_SCARCITY_HOUR
SI,2019-01-29 15:00:00,EXT_CH_FR,CH,FR,821.935529354723,2200.0,4500.0,1378.064470645277,5321.935529354723,False,False,ALL_12_RETAINED_INTERFACES_AT_THE_SAME_RESIDUAL_SCARCITY_HOUR
SI,2019-01-29 15:00:00,EXT_HR_SI,HR,SI,-300.65363350895814,1500.0,1500.0,1800.6536335089581,1199.3463664910419,False,False,ALL_12_RETAINED_INTERFACES_AT_THE_SAME_RESIDUAL_SCARCITY_HOUR
SI,2019-01-29 15:00:00,IT_AT,AT,IT,-300.0,700.0,300.0,1000.0,0.0,False,True,ALL_12_RETAINED_INTERFACES_AT_THE_SAME_RESIDUAL_SCARCITY_HOUR
SI,2019-01-29 15:00:00,IT_CH,CH,IT,4600.0,4600.0,1900.0,0.0,6500.0,True,False,ALL_12_RETAINED_INTERFACES_AT_THE_SAME_RESIDUAL_SCARCITY_HOUR
SI,2019-01-29 15:00:00,IT_FR,FR,IT,4500.0,4500.0,2200.0,0.0,6700.0,True,False,ALL_12_RETAINED_INTERFACES_AT_THE_SAME_RESIDUAL_SCARCITY_HOUR
SI,2019-01-29 15:00:00,IT_GR,GR,IT,500.0,500.0,500.0,0.0,1000.0,True,False,ALL_12_RETAINED_INTERFACES_AT_THE_SAME_RESIDUAL_SCARCITY_HOUR
SI,2019-01-29 15:00:00,IT_ME,IT,ME,-600.0,600.0,600.0,1200.0,0.0,False,True,ALL_12_RETAINED_INTERFACES_AT_THE_SAME_RESIDUAL_SCARCITY_HOUR
SI,2019-01-29 15:00:00,IT_MT,IT,MT,-200.0,200.0,200.0,400.0,0.0,False,True,ALL_12_RETAINED_INTERFACES_AT_THE_SAME_RESIDUAL_SCARCITY_HOUR
SI,2019-01-29 15:00:00,IT_SI,IT,SI,1200.0,1200.0,1100.0,0.0,2300.0,True,False,ALL_12_RETAINED_INTERFACES_AT_THE_SAME_RESIDUAL_SCARCITY_HOUR
SI,2019-01-29 15:00:00,IT_TN,IT,TN,-600.0,600.0,600.0,1200.0,0.0,False,True,ALL_12_RETAINED_INTERFACES_AT_THE_SAME_RESIDUAL_SCARCITY_HOUR
SI,2019-01-29 16:00:00,EXT_AT_CH,AT,CH,-1200.0,1200.0,1200.0,2400.0,0.0,False,True,ALL_12_RETAINED_INTERFACES_AT_THE_SAME_RESIDUAL_SCARCITY_HOUR
SI,2019-01-29 16:00:00,EXT_AT_SI,AT,SI,-1450.0,1450.0,1450.0,2900.0,0.0,False,True,ALL_12_RETAINED_INTERFACES_AT_THE_SAME_RESIDUAL_SCARCITY_HOUR
SI,2019-01-29 16:00:00,EXT_CH_FR,CH,FR,-4500.0,2200.0,4500.0,6700.0,0.0,False,True,ALL_12_RETAINED_INTERFACES_AT_THE_SAME_RESIDUAL_SCARCITY_HOUR
SI,2019-01-29 16:00:00,EXT_HR_SI,HR,SI,-710.2215371180736,1500.0,1500.0,2210.2215371180737,789.7784628819264,False,False,ALL_12_RETAINED_INTERFACES_AT_THE_SAME_RESIDUAL_SCARCITY_HOUR
SI,2019-01-29 16:00:00,IT_AT,AT,IT,-300.0,700.0,300.0,1000.0,0.0,False,True,ALL_12_RETAINED_INTERFACES_AT_THE_SAME_RESIDUAL_SCARCITY_HOUR
SI,2019-01-29 16:00:00,IT_CH,CH,IT,4600.0,4600.0,1900.0,0.0,6500.0,True,False,ALL_12_RETAINED_INTERFACES_AT_THE_SAME_RESIDUAL_SCARCITY_HOUR
SI,2019-01-29 16:00:00,IT_FR,FR,IT,4500.0,4500.0,2200.0,0.0,6700.0,True,False,ALL_12_RETAINED_INTERFACES_AT_THE_SAME_RESIDUAL_SCARCITY_HOUR
SI,2019-01-29 16:00:00,IT_GR,GR,IT,500.0,500.0,500.0,0.0,1000.0,True,False,ALL_12_RETAINED_INTERFACES_AT_THE_SAME_RESIDUAL_SCARCITY_HOUR
SI,2019-01-29 16:00:00,IT_ME,IT,ME,-600.0,600.0,600.0,1200.0,0.0,False,True,ALL_12_RETAINED_INTERFACES_AT_THE_SAME_RESIDUAL_SCARCITY_HOUR
SI,2019-01-29 16:00:00,IT_MT,IT,MT,-200.0,200.0,200.0,400.0,0.0,False,True,ALL_12_RETAINED_INTERFACES_AT_THE_SAME_RESIDUAL_SCARCITY_HOUR
SI,2019-01-29 16:00:00,IT_SI,IT,SI,1200.0,1200.0,1100.0,0.0,2300.0,True,False,ALL_12_RETAINED_INTERFACES_AT_THE_SAME_RESIDUAL_SCARCITY_HOUR
SI,2019-01-29 16:00:00,IT_TN,IT,TN,-600.0,600.0,600.0,1200.0,0.0,False,True,ALL_12_RETAINED_INTERFACES_AT_THE_SAME_RESIDUAL_SCARCITY_HOUR
SI,2019-01-29 17:00:00,EXT_AT_CH,AT,CH,-1200.0,1200.0,1200.0,2400.0,0.0,False,True,ALL_12_RETAINED_INTERFACES_AT_THE_SAME_RESIDUAL_SCARCITY_HOUR
SI,2019-01-29 17:00:00,EXT_AT_SI,AT,SI,-1450.0,1450.0,1450.0,2900.0,0.0,False,True,ALL_12_RETAINED_INTERFACES_AT_THE_SAME_RESIDUAL_SCARCITY_HOUR
SI,2019-01-29 17:00:00,EXT_CH_FR,CH,FR,-4500.0,2200.0,4500.0,6700.0,0.0,False,True,ALL_12_RETAINED_INTERFACES_AT_THE_SAME_RESIDUAL_SCARCITY_HOUR
SI,2019-01-29 17:00:00,EXT_HR_SI,HR,SI,-894.7341704633426,1500.0,1500.0,2394.7341704633427,605.2658295366574,False,False,ALL_12_RETAINED_INTERFACES_AT_THE_SAME_RESIDUAL_SCARCITY_HOUR
SI,2019-01-29 17:00:00,IT_AT,AT,IT,-300.0,700.0,300.0,1000.0,0.0,False,True,ALL_12_RETAINED_INTERFACES_AT_THE_SAME_RESIDUAL_SCARCITY_HOUR
SI,2019-01-29 17:00:00,IT_CH,CH,IT,4600.0,4600.0,1900.0,0.0,6500.0,True,False,ALL_12_RETAINED_INTERFACES_AT_THE_SAME_RESIDUAL_SCARCITY_HOUR
SI,2019-01-29 17:00:00,IT_FR,FR,IT,4500.0,4500.0,2200.0,0.0,6700.0,True,False,ALL_12_RETAINED_INTERFACES_AT_THE_SAME_RESIDUAL_SCARCITY_HOUR
SI,2019-01-29 17:00:00,IT_GR,GR,IT,500.0,500.0,500.0,0.0,1000.0,True,False,ALL_12_RETAINED_INTERFACES_AT_THE_SAME_RESIDUAL_SCARCITY_HOUR
SI,2019-01-29 17:00:00,IT_ME,IT,ME,-472.5362064702565,600.0,600.0,1072.5362064702565,127.4637935297435,False,False,ALL_12_RETAINED_INTERFACES_AT_THE_SAME_RESIDUAL_SCARCITY_HOUR
SI,2019-01-29 17:00:00,IT_MT,IT,MT,-200.0,200.0,200.0,400.0,0.0,False,True,ALL_12_RETAINED_INTERFACES_AT_THE_SAME_RESIDUAL_SCARCITY_HOUR
SI,2019-01-29 17:00:00,IT_SI,IT,SI,1200.0,1200.0,1100.0,0.0,2300.0,True,False,ALL_12_RETAINED_INTERFACES_AT_THE_SAME_RESIDUAL_SCARCITY_HOUR
SI,2019-01-29 17:00:00,IT_TN,IT,TN,-600.0,600.0,600.0,1200.0,0.0,False,True,ALL_12_RETAINED_INTERFACES_AT_THE_SAME_RESIDUAL_SCARCITY_HOUR
SI,2019-01-29 18:00:00,EXT_AT_CH,AT,CH,-1200.0,1200.0,1200.0,2400.0,0.0,False,True,ALL_12_RETAINED_INTERFACES_AT_THE_SAME_RESIDUAL_SCARCITY_HOUR
SI,2019-01-29 18:00:00,EXT_AT_SI,AT,SI,-1450.0,1450.0,1450.0,2900.0,0.0,False,True,ALL_12_RETAINED_INTERFACES_AT_THE_SAME_RESIDUAL_SCARCITY_HOUR
SI,2019-01-29 18:00:00,EXT_CH_FR,CH,FR,-4500.0,2200.0,4500.0,6700.0,0.0,False,True,ALL_12_RETAINED_INTERFACES_AT_THE_SAME_RESIDUAL_SCARCITY_HOUR
SI,2019-01-29 18:00:00,EXT_HR_SI,HR,SI,-752.8895121823674,1500.0,1500.0,2252.8895121823675,747.1104878176326,False,False,ALL_12_RETAINED_INTERFACES_AT_THE_SAME_RESIDUAL_SCARCITY_HOUR
SI,2019-01-29 18:00:00,IT_AT,AT,IT,-300.0,700.0,300.0,1000.0,0.0,False,True,ALL_12_RETAINED_INTERFACES_AT_THE_SAME_RESIDUAL_SCARCITY_HOUR
SI,2019-01-29 18:00:00,IT_CH,CH,IT,4600.0,4600.0,1900.0,0.0,6500.0,True,False,ALL_12_RETAINED_INTERFACES_AT_THE_SAME_RESIDUAL_SCARCITY_HOUR
SI,2019-01-29 18:00:00,IT_FR,FR,IT,4500.0,4500.0,2200.0,0.0,6700.0,True,False,ALL_12_RETAINED_INTERFACES_AT_THE_SAME_RESIDUAL_SCARCITY_HOUR
SI,2019-01-29 18:00:00,IT_GR,GR,IT,500.0,500.0,500.0,0.0,1000.0,True,False,ALL_12_RETAINED_INTERFACES_AT_THE_SAME_RESIDUAL_SCARCITY_HOUR
SI,2019-01-29 18:00:00,IT_ME,IT,ME,-475.41614164533615,600.0,600.0,1075.4161416453362,124.58385835466385,False,False,ALL_12_RETAINED_INTERFACES_AT_THE_SAME_RESIDUAL_SCARCITY_HOUR
SI,2019-01-29 18:00:00,IT_MT,IT,MT,-200.0,200.0,200.0,400.0,0.0,False,True,ALL_12_RETAINED_INTERFACES_AT_THE_SAME_RESIDUAL_SCARCITY_HOUR
SI,2019-01-29 18:00:00,IT_SI,IT,SI,1200.0,1200.0,1100.0,0.0,2300.0,True,False,ALL_12_RETAINED_INTERFACES_AT_THE_SAME_RESIDUAL_SCARCITY_HOUR
SI,2019-01-29 18:00:00,IT_TN,IT,TN,-600.0,600.0,600.0,1200.0,0.0,False,True,ALL_12_RETAINED_INTERFACES_AT_THE_SAME_RESIDUAL_SCARCITY_HOUR
SI,2019-01-29 19:00:00,EXT_AT_CH,AT,CH,-1200.0,1200.0,1200.0,2400.0,0.0,False,True,ALL_12_RETAINED_INTERFACES_AT_THE_SAME_RESIDUAL_SCARCITY_HOUR
SI,2019-01-29 19:00:00,EXT_AT_SI,AT,SI,-1450.0,1450.0,1450.0,2900.0,0.0,False,True,ALL_12_RETAINED_INTERFACES_AT_THE_SAME_RESIDUAL_SCARCITY_HOUR
SI,2019-01-29 19:00:00,EXT_CH_FR,CH,FR,-4500.0,2200.0,4500.0,6700.0,0.0,False,True,ALL_12_RETAINED_INTERFACES_AT_THE_SAME_RESIDUAL_SCARCITY_HOUR
SI,2019-01-29 19:00:00,EXT_HR_SI,HR,SI,-1415.7423983456788,1500.0,1500.0,2915.742398345679,84.2576016543212,False,False,ALL_12_RETAINED_INTERFACES_AT_THE_SAME_RESIDUAL_SCARCITY_HOUR
SI,2019-01-29 19:00:00,IT_AT,AT,IT,-300.0,700.0,300.0,1000.0,0.0,False,True,ALL_12_RETAINED_INTERFACES_AT_THE_SAME_RESIDUAL_SCARCITY_HOUR
SI,2019-01-29 19:00:00,IT_CH,CH,IT,4600.0,4600.0,1900.0,0.0,6500.0,True,False,ALL_12_RETAINED_INTERFACES_AT_THE_SAME_RESIDUAL_SCARCITY_HOUR
SI,2019-01-29 19:00:00,IT_FR,FR,IT,4500.0,4500.0,2200.0,0.0,6700.0,True,False,ALL_12_RETAINED_INTERFACES_AT_THE_SAME_RESIDUAL_SCARCITY_HOUR
SI,2019-01-29 19:00:00,IT_GR,GR,IT,500.0,500.0,500.0,0.0,1000.0,True,False,ALL_12_RETAINED_INTERFACES_AT_THE_SAME_RESIDUAL_SCARCITY_HOUR
SI,2019-01-29 19:00:00,IT_ME,IT,ME,-573.1997450206605,600.0,600.0,1173.1997450206604,26.800254979339456,False,False,ALL_12_RETAINED_INTERFACES_AT_THE_SAME_RESIDUAL_SCARCITY_HOUR
SI,2019-01-29 19:00:00,IT_MT,IT,MT,-200.0,200.0,200.0,400.0,0.0,False,True,ALL_12_RETAINED_INTERFACES_AT_THE_SAME_RESIDUAL_SCARCITY_HOUR
SI,2019-01-29 19:00:00,IT_SI,IT,SI,1200.0,1200.0,1100.0,0.0,2300.0,True,False,ALL_12_RETAINED_INTERFACES_AT_THE_SAME_RESIDUAL_SCARCITY_HOUR
SI,2019-01-29 19:00:00,IT_TN,IT,TN,-600.0,600.0,600.0,1200.0,0.0,False,True,ALL_12_RETAINED_INTERFACES_AT_THE_SAME_RESIDUAL_SCARCITY_HOUR
SI,2019-01-29 20:00:00,EXT_AT_CH,AT,CH,-1200.0,1200.0,1200.0,2400.0,0.0,False,True,ALL_12_RETAINED_INTERFACES_AT_THE_SAME_RESIDUAL_SCARCITY_HOUR
SI,2019-01-29 20:00:00,EXT_AT_SI,AT,SI,-1450.0,1450.0,1450.0,2900.0,0.0,False,True,ALL_12_RETAINED_INTERFACES_AT_THE_SAME_RESIDUAL_SCARCITY_HOUR
SI,2019-01-29 20:00:00,EXT_CH_FR,CH,FR,-4500.0,2200.0,4500.0,6700.0,0.0,False,True,ALL_12_RETAINED_INTERFACES_AT_THE_SAME_RESIDUAL_SCARCITY_HOUR
SI,2019-01-29 20:00:00,EXT_HR_SI,HR,SI,-1368.1928433988414,1500.0,1500.0,2868.1928433988414,131.80715660115857,False,False,ALL_12_RETAINED_INTERFACES_AT_THE_SAME_RESIDUAL_SCARCITY_HOUR
SI,2019-01-29 20:00:00,IT_AT,AT,IT,-300.0,700.0,300.0,1000.0,0.0,False,True,ALL_12_RETAINED_INTERFACES_AT_THE_SAME_RESIDUAL_SCARCITY_HOUR
SI,2019-01-29 20:00:00,IT_CH,CH,IT,4600.0,4600.0,1900.0,0.0,6500.0,True,False,ALL_12_RETAINED_INTERFACES_AT_THE_SAME_RESIDUAL_SCARCITY_HOUR
SI,2019-01-29 20:00:00,IT_FR,FR,IT,4500.0,4500.0,2200.0,0.0,6700.0,True,False,ALL_12_RETAINED_INTERFACES_AT_THE_SAME_RESIDUAL_SCARCITY_HOUR
SI,2019-01-29 20:00:00,IT_GR,GR,IT,500.0,500.0,500.0,0.0,1000.0,True,False,ALL_12_RETAINED_INTERFACES_AT_THE_SAME_RESIDUAL_SCARCITY_HOUR
SI,2019-01-29 20:00:00,IT_ME,IT,ME,-496.96380514763166,600.0,600.0,1096.9638051476318,103.03619485236834,False,False,ALL_12_RETAINED_INTERFACES_AT_THE_SAME_RESIDUAL_SCARCITY_HOUR
SI,2019-01-29 20:00:00,IT_MT,IT,MT,-200.0,200.0,200.0,400.0,0.0,False,True,ALL_12_RETAINED_INTERFACES_AT_THE_SAME_RESIDUAL_SCARCITY_HOUR
SI,2019-01-29 20:00:00,IT_SI,IT,SI,1200.0,1200.0,1100.0,0.0,2300.0,True,False,ALL_12_RETAINED_INTERFACES_AT_THE_SAME_RESIDUAL_SCARCITY_HOUR
SI,2019-01-29 20:00:00,IT_TN,IT,TN,-600.0,600.0,600.0,1200.0,0.0,False,True,ALL_12_RETAINED_INTERFACES_AT_THE_SAME_RESIDUAL_SCARCITY_HOUR
SI,2019-01-29 21:00:00,EXT_AT_CH,AT,CH,-1200.0,1200.0,1200.0,2400.0,0.0,False,True,ALL_12_RETAINED_INTERFACES_AT_THE_SAME_RESIDUAL_SCARCITY_HOUR
SI,2019-01-29 21:00:00,EXT_AT_SI,AT,SI,-1450.0,1450.0,1450.0,2900.0,0.0,False,True,ALL_12_RETAINED_INTERFACES_AT_THE_SAME_RESIDUAL_SCARCITY_HOUR
SI,2019-01-29 21:00:00,EXT_CH_FR,CH,FR,-4500.0,2200.0,4500.0,6700.0,0.0,False,True,ALL_12_RETAINED_INTERFACES_AT_THE_SAME_RESIDUAL_SCARCITY_HOUR
SI,2019-01-29 21:00:00,EXT_HR_SI,HR,SI,-1106.7586357263797,1500.0,1500.0,2606.75863572638,393.2413642736203,False,False,ALL_12_RETAINED_INTERFACES_AT_THE_SAME_RESIDUAL_SCARCITY_HOUR
SI,2019-01-29 21:00:00,IT_AT,AT,IT,-300.0,700.0,300.0,1000.0,0.0,False,True,ALL_12_RETAINED_INTERFACES_AT_THE_SAME_RESIDUAL_SCARCITY_HOUR
SI,2019-01-29 21:00:00,IT_CH,CH,IT,4600.0,4600.0,1900.0,0.0,6500.0,True,False,ALL_12_RETAINED_INTERFACES_AT_THE_SAME_RESIDUAL_SCARCITY_HOUR
SI,2019-01-29 21:00:00,IT_FR,FR,IT,4500.0,4500.0,2200.0,0.0,6700.0,True,False,ALL_12_RETAINED_INTERFACES_AT_THE_SAME_RESIDUAL_SCARCITY_HOUR
SI,2019-01-29 21:00:00,IT_GR,GR,IT,500.0,500.0,500.0,0.0,1000.0,True,False,ALL_12_RETAINED_INTERFACES_AT_THE_SAME_RESIDUAL_SCARCITY_HOUR
SI,2019-01-29 21:00:00,IT_ME,IT,ME,-517.1119174386203,600.0,600.0,1117.1119174386204,82.88808256137975,False,False,ALL_12_RETAINED_INTERFACES_AT_THE_SAME_RESIDUAL_SCARCITY_HOUR
SI,2019-01-29 21:00:00,IT_MT,IT,MT,-200.0,200.0,200.0,400.0,0.0,False,True,ALL_12_RETAINED_INTERFACES_AT_THE_SAME_RESIDUAL_SCARCITY_HOUR
SI,2019-01-29 21:00:00,IT_SI,IT,SI,1200.0,1200.0,1100.0,0.0,2300.0,True,False,ALL_12_RETAINED_INTERFACES_AT_THE_SAME_RESIDUAL_SCARCITY_HOUR
SI,2019-01-29 21:00:00,IT_TN,IT,TN,-600.0,600.0,600.0,1200.0,0.0,False,True,ALL_12_RETAINED_INTERFACES_AT_THE_SAME_RESIDUAL_SCARCITY_HOUR
SI,2019-01-29 22:00:00,EXT_AT_CH,AT,CH,-1200.0,1200.0,1200.0,2400.0,0.0,False,True,ALL_12_RETAINED_INTERFACES_AT_THE_SAME_RESIDUAL_SCARCITY_HOUR
SI,2019-01-29 22:00:00,EXT_AT_SI,AT,SI,-1450.0,1450.0,1450.0,2900.0,0.0,False,True,ALL_12_RETAINED_INTERFACES_AT_THE_SAME_RESIDUAL_SCARCITY_HOUR
SI,2019-01-29 22:00:00,EXT_CH_FR,CH,FR,-4500.0,2200.0,4500.0,6700.0,0.0,False,True,ALL_12_RETAINED_INTERFACES_AT_THE_SAME_RESIDUAL_SCARCITY_HOUR
SI,2019-01-29 22:00:00,EXT_HR_SI,HR,SI,-688.3894166684505,1500.0,1500.0,2188.3894166684504,811.6105833315495,False,False,ALL_12_RETAINED_INTERFACES_AT_THE_SAME_RESIDUAL_SCARCITY_HOUR
SI,2019-01-29 22:00:00,IT_AT,AT,IT,-300.0,700.0,300.0,1000.0,0.0,False,True,ALL_12_RETAINED_INTERFACES_AT_THE_SAME_RESIDUAL_SCARCITY_HOUR
SI,2019-01-29 22:00:00,IT_CH,CH,IT,4600.0,4600.0,1900.0,0.0,6500.0,True,False,ALL_12_RETAINED_INTERFACES_AT_THE_SAME_RESIDUAL_SCARCITY_HOUR
SI,2019-01-29 22:00:00,IT_FR,FR,IT,4500.0,4500.0,2200.0,0.0,6700.0,True,False,ALL_12_RETAINED_INTERFACES_AT_THE_SAME_RESIDUAL_SCARCITY_HOUR
SI,2019-01-29 22:00:00,IT_GR,GR,IT,500.0,500.0,500.0,0.0,1000.0,True,False,ALL_12_RETAINED_INTERFACES_AT_THE_SAME_RESIDUAL_SCARCITY_HOUR
SI,2019-01-29 22:00:00,IT_ME,IT,ME,-516.2968790295109,600.0,600.0,1116.2968790295108,83.70312097048907,False,False,ALL_12_RETAINED_INTERFACES_AT_THE_SAME_RESIDUAL_SCARCITY_HOUR
SI,2019-01-29 22:00:00,IT_MT,IT,MT,-200.0,200.0,200.0,400.0,0.0,False,True,ALL_12_RETAINED_INTERFACES_AT_THE_SAME_RESIDUAL_SCARCITY_HOUR
SI,2019-01-29 22:00:00,IT_SI,IT,SI,1200.0,1200.0,1100.0,0.0,2300.0,True,False,ALL_12_RETAINED_INTERFACES_AT_THE_SAME_RESIDUAL_SCARCITY_HOUR
SI,2019-01-29 22:00:00,IT_TN,IT,TN,-600.0,600.0,600.0,1200.0,0.0,False,True,ALL_12_RETAINED_INTERFACES_AT_THE_SAME_RESIDUAL_SCARCITY_HOUR
SI,2019-01-30 00:00:00,EXT_AT_CH,AT,CH,-1200.0,1200.0,1200.0,2400.0,0.0,False,True,ALL_12_RETAINED_INTERFACES_AT_THE_SAME_RESIDUAL_SCARCITY_HOUR
SI,2019-01-30 00:00:00,EXT_AT_SI,AT,SI,-950.7255841173733,1450.0,1450.0,2400.7255841173733,499.2744158826267,False,False,ALL_12_RETAINED_INTERFACES_AT_THE_SAME_RESIDUAL_SCARCITY_HOUR
SI,2019-01-30 00:00:00,EXT_CH_FR,CH,FR,-4483.598815512018,2200.0,4500.0,6683.598815512018,16.40118448798239,False,False,ALL_12_RETAINED_INTERFACES_AT_THE_SAME_RESIDUAL_SCARCITY_HOUR
SI,2019-01-30 00:00:00,EXT_HR_SI,HR,SI,-219.76619272849294,1500.0,1500.0,1719.766192728493,1280.233807271507,False,False,ALL_12_RETAINED_INTERFACES_AT_THE_SAME_RESIDUAL_SCARCITY_HOUR
SI,2019-01-30 00:00:00,IT_AT,AT,IT,-300.0,700.0,300.0,1000.0,0.0,False,True,ALL_12_RETAINED_INTERFACES_AT_THE_SAME_RESIDUAL_SCARCITY_HOUR
SI,2019-01-30 00:00:00,IT_CH,CH,IT,4600.0,4600.0,1900.0,0.0,6500.0,True,False,ALL_12_RETAINED_INTERFACES_AT_THE_SAME_RESIDUAL_SCARCITY_HOUR
SI,2019-01-30 00:00:00,IT_FR,FR,IT,4500.0,4500.0,2200.0,0.0,6700.0,True,False,ALL_12_RETAINED_INTERFACES_AT_THE_SAME_RESIDUAL_SCARCITY_HOUR
SI,2019-01-30 00:00:00,IT_GR,GR,IT,500.0,500.0,500.0,0.0,1000.0,True,False,ALL_12_RETAINED_INTERFACES_AT_THE_SAME_RESIDUAL_SCARCITY_HOUR
SI,2019-01-30 00:00:00,IT_ME,IT,ME,-600.0,600.0,600.0,1200.0,0.0,False,True,ALL_12_RETAINED_INTERFACES_AT_THE_SAME_RESIDUAL_SCARCITY_HOUR
SI,2019-01-30 00:00:00,IT_MT,IT,MT,-200.0,200.0,200.0,400.0,0.0,False,True,ALL_12_RETAINED_INTERFACES_AT_THE_SAME_RESIDUAL_SCARCITY_HOUR
SI,2019-01-30 00:00:00,IT_SI,IT,SI,1200.0,1200.0,1100.0,0.0,2300.0,True,False,ALL_12_RETAINED_INTERFACES_AT_THE_SAME_RESIDUAL_SCARCITY_HOUR
SI,2019-01-30 00:00:00,IT_TN,IT,TN,-600.0,600.0,600.0,1200.0,0.0,False,True,ALL_12_RETAINED_INTERFACES_AT_THE_SAME_RESIDUAL_SCARCITY_HOUR
SI,2019-01-30 03:00:00,EXT_AT_CH,AT,CH,-1200.0,1200.0,1200.0,2400.0,0.0,False,True,ALL_12_RETAINED_INTERFACES_AT_THE_SAME_RESIDUAL_SCARCITY_HOUR
SI,2019-01-30 03:00:00,EXT_AT_SI,AT,SI,-518.4091649606212,1450.0,1450.0,1968.4091649606212,931.5908350393788,False,False,ALL_12_RETAINED_INTERFACES_AT_THE_SAME_RESIDUAL_SCARCITY_HOUR
SI,2019-01-30 03:00:00,EXT_CH_FR,CH,FR,-4424.859075508979,2200.0,4500.0,6624.859075508979,75.140924491021,False,False,ALL_12_RETAINED_INTERFACES_AT_THE_SAME_RESIDUAL_SCARCITY_HOUR
SI,2019-01-30 03:00:00,EXT_HR_SI,HR,SI,-157.47923661378914,1500.0,1500.0,1657.4792366137892,1342.5207633862108,False,False,ALL_12_RETAINED_INTERFACES_AT_THE_SAME_RESIDUAL_SCARCITY_HOUR
SI,2019-01-30 03:00:00,IT_AT,AT,IT,-300.0,700.0,300.0,1000.0,0.0,False,True,ALL_12_RETAINED_INTERFACES_AT_THE_SAME_RESIDUAL_SCARCITY_HOUR
SI,2019-01-30 03:00:00,IT_CH,CH,IT,4600.0,4600.0,1900.0,0.0,6500.0,True,False,ALL_12_RETAINED_INTERFACES_AT_THE_SAME_RESIDUAL_SCARCITY_HOUR
SI,2019-01-30 03:00:00,IT_FR,FR,IT,4500.0,4500.0,2200.0,0.0,6700.0,True,False,ALL_12_RETAINED_INTERFACES_AT_THE_SAME_RESIDUAL_SCARCITY_HOUR
SI,2019-01-30 03:00:00,IT_GR,GR,IT,500.0,500.0,500.0,0.0,1000.0,True,False,ALL_12_RETAINED_INTERFACES_AT_THE_SAME_RESIDUAL_SCARCITY_HOUR
SI,2019-01-30 03:00:00,IT_ME,IT,ME,-600.0,600.0,600.0,1200.0,0.0,False,True,ALL_12_RETAINED_INTERFACES_AT_THE_SAME_RESIDUAL_SCARCITY_HOUR
SI,2019-01-30 03:00:00,IT_MT,IT,MT,-200.0,200.0,200.0,400.0,0.0,False,True,ALL_12_RETAINED_INTERFACES_AT_THE_SAME_RESIDUAL_SCARCITY_HOUR
SI,2019-01-30 03:00:00,IT_SI,IT,SI,-1100.0,1200.0,1100.0,2300.0,0.0,False,True,ALL_12_RETAINED_INTERFACES_AT_THE_SAME_RESIDUAL_SCARCITY_HOUR
SI,2019-01-30 03:00:00,IT_TN,IT,TN,-600.0,600.0,600.0,1200.0,0.0,False,True,ALL_12_RETAINED_INTERFACES_AT_THE_SAME_RESIDUAL_SCARCITY_HOUR
SI,2019-01-30 04:00:00,EXT_AT_CH,AT,CH,-1200.0,1200.0,1200.0,2400.0,0.0,False,True,ALL_12_RETAINED_INTERFACES_AT_THE_SAME_RESIDUAL_SCARCITY_HOUR
SI,2019-01-30 04:00:00,EXT_AT_SI,AT,SI,1450.0,1450.0,1450.0,0.0,2900.0,True,False,ALL_12_RETAINED_INTERFACES_AT_THE_SAME_RESIDUAL_SCARCITY_HOUR
SI,2019-01-30 04:00:00,EXT_CH_FR,CH,FR,-4143.6502730825905,2200.0,4500.0,6343.6502730825905,356.3497269174095,False,False,ALL_12_RETAINED_INTERFACES_AT_THE_SAME_RESIDUAL_SCARCITY_HOUR
SI,2019-01-30 04:00:00,EXT_HR_SI,HR,SI,-361.1137784869312,1500.0,1500.0,1861.113778486931,1138.886221513069,False,False,ALL_12_RETAINED_INTERFACES_AT_THE_SAME_RESIDUAL_SCARCITY_HOUR
SI,2019-01-30 04:00:00,IT_AT,AT,IT,700.0,700.0,300.0,0.0,1000.0,True,False,ALL_12_RETAINED_INTERFACES_AT_THE_SAME_RESIDUAL_SCARCITY_HOUR
SI,2019-01-30 04:00:00,IT_CH,CH,IT,4600.0,4600.0,1900.0,0.0,6500.0,True,False,ALL_12_RETAINED_INTERFACES_AT_THE_SAME_RESIDUAL_SCARCITY_HOUR
SI,2019-01-30 04:00:00,IT_FR,FR,IT,4500.0,4500.0,2200.0,0.0,6700.0,True,False,ALL_12_RETAINED_INTERFACES_AT_THE_SAME_RESIDUAL_SCARCITY_HOUR
SI,2019-01-30 04:00:00,IT_GR,GR,IT,500.0,500.0,500.0,0.0,1000.0,True,False,ALL_12_RETAINED_INTERFACES_AT_THE_SAME_RESIDUAL_SCARCITY_HOUR
SI,2019-01-30 04:00:00,IT_ME,IT,ME,-600.0,600.0,600.0,1200.0,0.0,False,True,ALL_12_RETAINED_INTERFACES_AT_THE_SAME_RESIDUAL_SCARCITY_HOUR
SI,2019-01-30 04:00:00,IT_MT,IT,MT,-200.0,200.0,200.0,400.0,0.0,False,True,ALL_12_RETAINED_INTERFACES_AT_THE_SAME_RESIDUAL_SCARCITY_HOUR
SI,2019-01-30 04:00:00,IT_SI,IT,SI,-1100.0,1200.0,1100.0,2300.0,0.0,False,True,ALL_12_RETAINED_INTERFACES_AT_THE_SAME_RESIDUAL_SCARCITY_HOUR
SI,2019-01-30 04:00:00,IT_TN,IT,TN,-600.0,600.0,600.0,1200.0,0.0,False,True,ALL_12_RETAINED_INTERFACES_AT_THE_SAME_RESIDUAL_SCARCITY_HOUR
SI,2019-01-30 05:00:00,EXT_AT_CH,AT,CH,-1200.0,1200.0,1200.0,2400.0,0.0,False,True,ALL_12_RETAINED_INTERFACES_AT_THE_SAME_RESIDUAL_SCARCITY_HOUR
SI,2019-01-30 05:00:00,EXT_AT_SI,AT,SI,-1450.0,1450.0,1450.0,2900.0,0.0,False,True,ALL_12_RETAINED_INTERFACES_AT_THE_SAME_RESIDUAL_SCARCITY_HOUR
SI,2019-01-30 05:00:00,EXT_CH_FR,CH,FR,-4083.254980342575,2200.0,4500.0,6283.254980342575,416.745019657425,False,False,ALL_12_RETAINED_INTERFACES_AT_THE_SAME_RESIDUAL_SCARCITY_HOUR
SI,2019-01-30 05:00:00,EXT_HR_SI,HR,SI,-943.6979336169796,1500.0,1500.0,2443.6979336169798,556.3020663830204,False,False,ALL_12_RETAINED_INTERFACES_AT_THE_SAME_RESIDUAL_SCARCITY_HOUR
SI,2019-01-30 05:00:00,IT_AT,AT,IT,700.0,700.0,300.0,0.0,1000.0,True,False,ALL_12_RETAINED_INTERFACES_AT_THE_SAME_RESIDUAL_SCARCITY_HOUR
SI,2019-01-30 05:00:00,IT_CH,CH,IT,4600.0,4600.0,1900.0,0.0,6500.0,True,False,ALL_12_RETAINED_INTERFACES_AT_THE_SAME_RESIDUAL_SCARCITY_HOUR
SI,2019-01-30 05:00:00,IT_FR,FR,IT,4500.0,4500.0,2200.0,0.0,6700.0,True,False,ALL_12_RETAINED_INTERFACES_AT_THE_SAME_RESIDUAL_SCARCITY_HOUR
SI,2019-01-30 05:00:00,IT_GR,GR,IT,500.0,500.0,500.0,0.0,1000.0,True,False,ALL_12_RETAINED_INTERFACES_AT_THE_SAME_RESIDUAL_SCARCITY_HOUR
SI,2019-01-30 05:00:00,IT_ME,IT,ME,-600.0,600.0,600.0,1200.0,0.0,False,True,ALL_12_RETAINED_INTERFACES_AT_THE_SAME_RESIDUAL_SCARCITY_HOUR
SI,2019-01-30 05:00:00,IT_MT,IT,MT,-200.0,200.0,200.0,400.0,0.0,False,True,ALL_12_RETAINED_INTERFACES_AT_THE_SAME_RESIDUAL_SCARCITY_HOUR
SI,2019-01-30 05:00:00,IT_SI,IT,SI,-200.64172040499818,1200.0,1100.0,1400.641720404998,899.3582795950018,False,False,ALL_12_RETAINED_INTERFACES_AT_THE_SAME_RESIDUAL_SCARCITY_HOUR
SI,2019-01-30 05:00:00,IT_TN,IT,TN,-600.0,600.0,600.0,1200.0,0.0,False,True,ALL_12_RETAINED_INTERFACES_AT_THE_SAME_RESIDUAL_SCARCITY_HOUR
SI,2019-01-30 07:00:00,EXT_AT_CH,AT,CH,-1200.0,1200.0,1200.0,2400.0,0.0,False,True,ALL_12_RETAINED_INTERFACES_AT_THE_SAME_RESIDUAL_SCARCITY_HOUR
SI,2019-01-30 07:00:00,EXT_AT_SI,AT,SI,-936.2820705666761,1450.0,1450.0,2386.2820705666763,513.7179294333239,False,False,ALL_12_RETAINED_INTERFACES_AT_THE_SAME_RESIDUAL_SCARCITY_HOUR
SI,2019-01-30 07:00:00,EXT_CH_FR,CH,FR,-4500.0,2200.0,4500.0,6700.0,0.0,False,True,ALL_12_RETAINED_INTERFACES_AT_THE_SAME_RESIDUAL_SCARCITY_HOUR
SI,2019-01-30 07:00:00,EXT_HR_SI,HR,SI,-1036.4214284944994,1500.0,1500.0,2536.421428494499,463.5785715055006,False,False,ALL_12_RETAINED_INTERFACES_AT_THE_SAME_RESIDUAL_SCARCITY_HOUR
SI,2019-01-30 07:00:00,IT_AT,AT,IT,700.0,700.0,300.0,0.0,1000.0,True,False,ALL_12_RETAINED_INTERFACES_AT_THE_SAME_RESIDUAL_SCARCITY_HOUR
SI,2019-01-30 07:00:00,IT_CH,CH,IT,4600.0,4600.0,1900.0,0.0,6500.0,True,False,ALL_12_RETAINED_INTERFACES_AT_THE_SAME_RESIDUAL_SCARCITY_HOUR
SI,2019-01-30 07:00:00,IT_FR,FR,IT,4500.0,4500.0,2200.0,0.0,6700.0,True,False,ALL_12_RETAINED_INTERFACES_AT_THE_SAME_RESIDUAL_SCARCITY_HOUR
SI,2019-01-30 07:00:00,IT_GR,GR,IT,500.0,500.0,500.0,0.0,1000.0,True,False,ALL_12_RETAINED_INTERFACES_AT_THE_SAME_RESIDUAL_SCARCITY_HOUR
SI,2019-01-30 07:00:00,IT_ME,IT,ME,-600.0,600.0,600.0,1200.0,0.0,False,True,ALL_12_RETAINED_INTERFACES_AT_THE_SAME_RESIDUAL_SCARCITY_HOUR
SI,2019-01-30 07:00:00,IT_MT,IT,MT,-200.0,200.0,200.0,400.0,0.0,False,True,ALL_12_RETAINED_INTERFACES_AT_THE_SAME_RESIDUAL_SCARCITY_HOUR
SI,2019-01-30 07:00:00,IT_SI,IT,SI,-1100.0,1200.0,1100.0,2300.0,0.0,False,True,ALL_12_RETAINED_INTERFACES_AT_THE_SAME_RESIDUAL_SCARCITY_HOUR
SI,2019-01-30 07:00:00,IT_TN,IT,TN,-600.0,600.0,600.0,1200.0,0.0,False,True,ALL_12_RETAINED_INTERFACES_AT_THE_SAME_RESIDUAL_SCARCITY_HOUR
SI,2019-01-30 16:00:00,EXT_AT_CH,AT,CH,-1200.0,1200.0,1200.0,2400.0,0.0,False,True,ALL_12_RETAINED_INTERFACES_AT_THE_SAME_RESIDUAL_SCARCITY_HOUR
SI,2019-01-30 16:00:00,EXT_AT_SI,AT,SI,-1251.5609139523804,1450.0,1450.0,2701.5609139523804,198.43908604761964,False,False,ALL_12_RETAINED_INTERFACES_AT_THE_SAME_RESIDUAL_SCARCITY_HOUR
SI,2019-01-30 16:00:00,EXT_CH_FR,CH,FR,1778.0700468053433,2200.0,4500.0,421.9299531946567,6278.070046805344,False,False,ALL_12_RETAINED_INTERFACES_AT_THE_SAME_RESIDUAL_SCARCITY_HOUR
SI,2019-01-30 16:00:00,EXT_HR_SI,HR,SI,-827.0913403996057,1500.0,1500.0,2327.0913403996055,672.9086596003943,False,False,ALL_12_RETAINED_INTERFACES_AT_THE_SAME_RESIDUAL_SCARCITY_HOUR
SI,2019-01-30 16:00:00,IT_AT,AT,IT,700.0,700.0,300.0,0.0,1000.0,True,False,ALL_12_RETAINED_INTERFACES_AT_THE_SAME_RESIDUAL_SCARCITY_HOUR
SI,2019-01-30 16:00:00,IT_CH,CH,IT,4600.0,4600.0,1900.0,0.0,6500.0,True,False,ALL_12_RETAINED_INTERFACES_AT_THE_SAME_RESIDUAL_SCARCITY_HOUR
SI,2019-01-30 16:00:00,IT_FR,FR,IT,4500.0,4500.0,2200.0,0.0,6700.0,True,False,ALL_12_RETAINED_INTERFACES_AT_THE_SAME_RESIDUAL_SCARCITY_HOUR
SI,2019-01-30 16:00:00,IT_GR,GR,IT,500.0,500.0,500.0,0.0,1000.0,True,False,ALL_12_RETAINED_INTERFACES_AT_THE_SAME_RESIDUAL_SCARCITY_HOUR
SI,2019-01-30 16:00:00,IT_ME,IT,ME,-555.2440061617697,600.0,600.0,1155.2440061617697,44.755993838230324,False,False,ALL_12_RETAINED_INTERFACES_AT_THE_SAME_RESIDUAL_SCARCITY_HOUR
SI,2019-01-30 16:00:00,IT_MT,IT,MT,-200.0,200.0,200.0,400.0,0.0,False,True,ALL_12_RETAINED_INTERFACES_AT_THE_SAME_RESIDUAL_SCARCITY_HOUR
SI,2019-01-30 16:00:00,IT_SI,IT,SI,1200.0,1200.0,1100.0,0.0,2300.0,True,False,ALL_12_RETAINED_INTERFACES_AT_THE_SAME_RESIDUAL_SCARCITY_HOUR
SI,2019-01-30 16:00:00,IT_TN,IT,TN,-600.0,600.0,600.0,1200.0,0.0,False,True,ALL_12_RETAINED_INTERFACES_AT_THE_SAME_RESIDUAL_SCARCITY_HOUR
SI,2019-01-30 17:00:00,EXT_AT_CH,AT,CH,-1200.0,1200.0,1200.0,2400.0,0.0,False,True,ALL_12_RETAINED_INTERFACES_AT_THE_SAME_RESIDUAL_SCARCITY_HOUR
SI,2019-01-30 17:00:00,EXT_AT_SI,AT,SI,-1450.0,1450.0,1450.0,2900.0,0.0,False,True,ALL_12_RETAINED_INTERFACES_AT_THE_SAME_RESIDUAL_SCARCITY_HOUR
SI,2019-01-30 17:00:00,EXT_CH_FR,CH,FR,2200.0,2200.0,4500.0,0.0,6700.0,True,False,ALL_12_RETAINED_INTERFACES_AT_THE_SAME_RESIDUAL_SCARCITY_HOUR
SI,2019-01-30 17:00:00,EXT_HR_SI,HR,SI,-1067.4277752347236,1500.0,1500.0,2567.4277752347234,432.57222476527636,False,False,ALL_12_RETAINED_INTERFACES_AT_THE_SAME_RESIDUAL_SCARCITY_HOUR
SI,2019-01-30 17:00:00,IT_AT,AT,IT,700.0,700.0,300.0,0.0,1000.0,True,False,ALL_12_RETAINED_INTERFACES_AT_THE_SAME_RESIDUAL_SCARCITY_HOUR
SI,2019-01-30 17:00:00,IT_CH,CH,IT,4600.0,4600.0,1900.0,0.0,6500.0,True,False,ALL_12_RETAINED_INTERFACES_AT_THE_SAME_RESIDUAL_SCARCITY_HOUR
SI,2019-01-30 17:00:00,IT_FR,FR,IT,-2200.0,4500.0,2200.0,6700.0,0.0,False,True,ALL_12_RETAINED_INTERFACES_AT_THE_SAME_RESIDUAL_SCARCITY_HOUR
SI,2019-01-30 17:00:00,IT_GR,GR,IT,500.0,500.0,500.0,0.0,1000.0,True,False,ALL_12_RETAINED_INTERFACES_AT_THE_SAME_RESIDUAL_SCARCITY_HOUR
SI,2019-01-30 17:00:00,IT_ME,IT,ME,-600.0,600.0,600.0,1200.0,0.0,False,True,ALL_12_RETAINED_INTERFACES_AT_THE_SAME_RESIDUAL_SCARCITY_HOUR
SI,2019-01-30 17:00:00,IT_MT,IT,MT,-200.0,200.0,200.0,400.0,0.0,False,True,ALL_12_RETAINED_INTERFACES_AT_THE_SAME_RESIDUAL_SCARCITY_HOUR
SI,2019-01-30 17:00:00,IT_SI,IT,SI,-1100.0,1200.0,1100.0,2300.0,0.0,False,True,ALL_12_RETAINED_INTERFACES_AT_THE_SAME_RESIDUAL_SCARCITY_HOUR
SI,2019-01-30 17:00:00,IT_TN,IT,TN,-600.0,600.0,600.0,1200.0,0.0,False,True,ALL_12_RETAINED_INTERFACES_AT_THE_SAME_RESIDUAL_SCARCITY_HOUR
SI,2019-01-30 18:00:00,EXT_AT_CH,AT,CH,-1200.0,1200.0,1200.0,2400.0,0.0,False,True,ALL_12_RETAINED_INTERFACES_AT_THE_SAME_RESIDUAL_SCARCITY_HOUR
SI,2019-01-30 18:00:00,EXT_AT_SI,AT,SI,-1450.0,1450.0,1450.0,2900.0,0.0,False,True,ALL_12_RETAINED_INTERFACES_AT_THE_SAME_RESIDUAL_SCARCITY_HOUR
SI,2019-01-30 18:00:00,EXT_CH_FR,CH,FR,2200.0,2200.0,4500.0,0.0,6700.0,True,False,ALL_12_RETAINED_INTERFACES_AT_THE_SAME_RESIDUAL_SCARCITY_HOUR
SI,2019-01-30 18:00:00,EXT_HR_SI,HR,SI,-1500.0,1500.0,1500.0,3000.0,0.0,False,True,ALL_12_RETAINED_INTERFACES_AT_THE_SAME_RESIDUAL_SCARCITY_HOUR
SI,2019-01-30 18:00:00,IT_AT,AT,IT,-300.0,700.0,300.0,1000.0,0.0,False,True,ALL_12_RETAINED_INTERFACES_AT_THE_SAME_RESIDUAL_SCARCITY_HOUR
SI,2019-01-30 18:00:00,IT_CH,CH,IT,4600.0,4600.0,1900.0,0.0,6500.0,True,False,ALL_12_RETAINED_INTERFACES_AT_THE_SAME_RESIDUAL_SCARCITY_HOUR
SI,2019-01-30 18:00:00,IT_FR,FR,IT,-2200.0,4500.0,2200.0,6700.0,0.0,False,True,ALL_12_RETAINED_INTERFACES_AT_THE_SAME_RESIDUAL_SCARCITY_HOUR
SI,2019-01-30 18:00:00,IT_GR,GR,IT,500.0,500.0,500.0,0.0,1000.0,True,False,ALL_12_RETAINED_INTERFACES_AT_THE_SAME_RESIDUAL_SCARCITY_HOUR
SI,2019-01-30 18:00:00,IT_ME,IT,ME,-600.0,600.0,600.0,1200.0,0.0,False,True,ALL_12_RETAINED_INTERFACES_AT_THE_SAME_RESIDUAL_SCARCITY_HOUR
SI,2019-01-30 18:00:00,IT_MT,IT,MT,-200.0,200.0,200.0,400.0,0.0,False,True,ALL_12_RETAINED_INTERFACES_AT_THE_SAME_RESIDUAL_SCARCITY_HOUR
SI,2019-01-30 18:00:00,IT_SI,IT,SI,1200.0,1200.0,1100.0,0.0,2300.0,True,False,ALL_12_RETAINED_INTERFACES_AT_THE_SAME_RESIDUAL_SCARCITY_HOUR
SI,2019-01-30 18:00:00,IT_TN,IT,TN,-600.0,600.0,600.0,1200.0,0.0,False,True,ALL_12_RETAINED_INTERFACES_AT_THE_SAME_RESIDUAL_SCARCITY_HOUR
SI,2019-01-30 19:00:00,EXT_AT_CH,AT,CH,-1200.0,1200.0,1200.0,2400.0,0.0,False,True,ALL_12_RETAINED_INTERFACES_AT_THE_SAME_RESIDUAL_SCARCITY_HOUR
SI,2019-01-30 19:00:00,EXT_AT_SI,AT,SI,-1450.0,1450.0,1450.0,2900.0,0.0,False,True,ALL_12_RETAINED_INTERFACES_AT_THE_SAME_RESIDUAL_SCARCITY_HOUR
SI,2019-01-30 19:00:00,EXT_CH_FR,CH,FR,2200.0,2200.0,4500.0,0.0,6700.0,True,False,ALL_12_RETAINED_INTERFACES_AT_THE_SAME_RESIDUAL_SCARCITY_HOUR
SI,2019-01-30 19:00:00,EXT_HR_SI,HR,SI,-1383.005562311257,1500.0,1500.0,2883.005562311257,116.99443768874289,False,False,ALL_12_RETAINED_INTERFACES_AT_THE_SAME_RESIDUAL_SCARCITY_HOUR
SI,2019-01-30 19:00:00,IT_AT,AT,IT,-300.0,700.0,300.0,1000.0,0.0,False,True,ALL_12_RETAINED_INTERFACES_AT_THE_SAME_RESIDUAL_SCARCITY_HOUR
SI,2019-01-30 19:00:00,IT_CH,CH,IT,4600.0,4600.0,1900.0,0.0,6500.0,True,False,ALL_12_RETAINED_INTERFACES_AT_THE_SAME_RESIDUAL_SCARCITY_HOUR
SI,2019-01-30 19:00:00,IT_FR,FR,IT,4500.0,4500.0,2200.0,0.0,6700.0,True,False,ALL_12_RETAINED_INTERFACES_AT_THE_SAME_RESIDUAL_SCARCITY_HOUR
SI,2019-01-30 19:00:00,IT_GR,GR,IT,500.0,500.0,500.0,0.0,1000.0,True,False,ALL_12_RETAINED_INTERFACES_AT_THE_SAME_RESIDUAL_SCARCITY_HOUR
SI,2019-01-30 19:00:00,IT_ME,IT,ME,-474.3665979187584,600.0,600.0,1074.3665979187583,125.63340208124163,False,False,ALL_12_RETAINED_INTERFACES_AT_THE_SAME_RESIDUAL_SCARCITY_HOUR
SI,2019-01-30 19:00:00,IT_MT,IT,MT,-200.0,200.0,200.0,400.0,0.0,False,True,ALL_12_RETAINED_INTERFACES_AT_THE_SAME_RESIDUAL_SCARCITY_HOUR
SI,2019-01-30 19:00:00,IT_SI,IT,SI,1200.0,1200.0,1100.0,0.0,2300.0,True,False,ALL_12_RETAINED_INTERFACES_AT_THE_SAME_RESIDUAL_SCARCITY_HOUR
SI,2019-01-30 19:00:00,IT_TN,IT,TN,-600.0,600.0,600.0,1200.0,0.0,False,True,ALL_12_RETAINED_INTERFACES_AT_THE_SAME_RESIDUAL_SCARCITY_HOUR
SI,2019-01-30 20:00:00,EXT_AT_CH,AT,CH,-1200.0,1200.0,1200.0,2400.0,0.0,False,True,ALL_12_RETAINED_INTERFACES_AT_THE_SAME_RESIDUAL_SCARCITY_HOUR
SI,2019-01-30 20:00:00,EXT_AT_SI,AT,SI,-1450.0,1450.0,1450.0,2900.0,0.0,False,True,ALL_12_RETAINED_INTERFACES_AT_THE_SAME_RESIDUAL_SCARCITY_HOUR
SI,2019-01-30 20:00:00,EXT_CH_FR,CH,FR,2200.0,2200.0,4500.0,0.0,6700.0,True,False,ALL_12_RETAINED_INTERFACES_AT_THE_SAME_RESIDUAL_SCARCITY_HOUR
SI,2019-01-30 20:00:00,EXT_HR_SI,HR,SI,-43.99418578898849,1500.0,1500.0,1543.9941857889885,1456.0058142110115,False,False,ALL_12_RETAINED_INTERFACES_AT_THE_SAME_RESIDUAL_SCARCITY_HOUR
SI,2019-01-30 20:00:00,IT_AT,AT,IT,700.0,700.0,300.0,0.0,1000.0,True,False,ALL_12_RETAINED_INTERFACES_AT_THE_SAME_RESIDUAL_SCARCITY_HOUR
SI,2019-01-30 20:00:00,IT_CH,CH,IT,4600.0,4600.0,1900.0,0.0,6500.0,True,False,ALL_12_RETAINED_INTERFACES_AT_THE_SAME_RESIDUAL_SCARCITY_HOUR
SI,2019-01-30 20:00:00,IT_FR,FR,IT,3696.5330271725325,4500.0,2200.0,803.4669728274675,5896.5330271725325,False,False,ALL_12_RETAINED_INTERFACES_AT_THE_SAME_RESIDUAL_SCARCITY_HOUR
SI,2019-01-30 20:00:00,IT_GR,GR,IT,500.0,500.0,500.0,0.0,1000.0,True,False,ALL_12_RETAINED_INTERFACES_AT_THE_SAME_RESIDUAL_SCARCITY_HOUR
SI,2019-01-30 20:00:00,IT_ME,IT,ME,-600.0,600.0,600.0,1200.0,0.0,False,True,ALL_12_RETAINED_INTERFACES_AT_THE_SAME_RESIDUAL_SCARCITY_HOUR
SI,2019-01-30 20:00:00,IT_MT,IT,MT,-200.0,200.0,200.0,400.0,0.0,False,True,ALL_12_RETAINED_INTERFACES_AT_THE_SAME_RESIDUAL_SCARCITY_HOUR
SI,2019-01-30 20:00:00,IT_SI,IT,SI,-1100.0,1200.0,1100.0,2300.0,0.0,False,True,ALL_12_RETAINED_INTERFACES_AT_THE_SAME_RESIDUAL_SCARCITY_HOUR
SI,2019-01-30 20:00:00,IT_TN,IT,TN,-600.0,600.0,600.0,1200.0,0.0,False,True,ALL_12_RETAINED_INTERFACES_AT_THE_SAME_RESIDUAL_SCARCITY_HOUR
SI,2019-01-30 21:00:00,EXT_AT_CH,AT,CH,-1200.0,1200.0,1200.0,2400.0,0.0,False,True,ALL_12_RETAINED_INTERFACES_AT_THE_SAME_RESIDUAL_SCARCITY_HOUR
SI,2019-01-30 21:00:00,EXT_AT_SI,AT,SI,-1450.0,1450.0,1450.0,2900.0,0.0,False,True,ALL_12_RETAINED_INTERFACES_AT_THE_SAME_RESIDUAL_SCARCITY_HOUR
SI,2019-01-30 21:00:00,EXT_CH_FR,CH,FR,2200.0,2200.0,4500.0,0.0,6700.0,True,False,ALL_12_RETAINED_INTERFACES_AT_THE_SAME_RESIDUAL_SCARCITY_HOUR
SI,2019-01-30 21:00:00,EXT_HR_SI,HR,SI,-43.95874801149648,1500.0,1500.0,1543.9587480114965,1456.0412519885035,False,False,ALL_12_RETAINED_INTERFACES_AT_THE_SAME_RESIDUAL_SCARCITY_HOUR
SI,2019-01-30 21:00:00,IT_AT,AT,IT,-300.0,700.0,300.0,1000.0,0.0,False,True,ALL_12_RETAINED_INTERFACES_AT_THE_SAME_RESIDUAL_SCARCITY_HOUR
SI,2019-01-30 21:00:00,IT_CH,CH,IT,4600.0,4600.0,1900.0,0.0,6500.0,True,False,ALL_12_RETAINED_INTERFACES_AT_THE_SAME_RESIDUAL_SCARCITY_HOUR
SI,2019-01-30 21:00:00,IT_FR,FR,IT,2489.0774417144057,4500.0,2200.0,2010.9225582855943,4689.077441714406,False,False,ALL_12_RETAINED_INTERFACES_AT_THE_SAME_RESIDUAL_SCARCITY_HOUR
SI,2019-01-30 21:00:00,IT_GR,GR,IT,500.0,500.0,500.0,0.0,1000.0,True,False,ALL_12_RETAINED_INTERFACES_AT_THE_SAME_RESIDUAL_SCARCITY_HOUR
SI,2019-01-30 21:00:00,IT_ME,IT,ME,-600.0,600.0,600.0,1200.0,0.0,False,True,ALL_12_RETAINED_INTERFACES_AT_THE_SAME_RESIDUAL_SCARCITY_HOUR
SI,2019-01-30 21:00:00,IT_MT,IT,MT,-200.0,200.0,200.0,400.0,0.0,False,True,ALL_12_RETAINED_INTERFACES_AT_THE_SAME_RESIDUAL_SCARCITY_HOUR
SI,2019-01-30 21:00:00,IT_SI,IT,SI,-1100.0,1200.0,1100.0,2300.0,0.0,False,True,ALL_12_RETAINED_INTERFACES_AT_THE_SAME_RESIDUAL_SCARCITY_HOUR
SI,2019-01-30 21:00:00,IT_TN,IT,TN,-600.0,600.0,600.0,1200.0,0.0,False,True,ALL_12_RETAINED_INTERFACES_AT_THE_SAME_RESIDUAL_SCARCITY_HOUR
SI,2019-01-30 22:00:00,EXT_AT_CH,AT,CH,-1200.0,1200.0,1200.0,2400.0,0.0,False,True,ALL_12_RETAINED_INTERFACES_AT_THE_SAME_RESIDUAL_SCARCITY_HOUR
SI,2019-01-30 22:00:00,EXT_AT_SI,AT,SI,-1450.0,1450.0,1450.0,2900.0,0.0,False,True,ALL_12_RETAINED_INTERFACES_AT_THE_SAME_RESIDUAL_SCARCITY_HOUR
SI,2019-01-30 22:00:00,EXT_CH_FR,CH,FR,2200.0,2200.0,4500.0,0.0,6700.0,True,False,ALL_12_RETAINED_INTERFACES_AT_THE_SAME_RESIDUAL_SCARCITY_HOUR
SI,2019-01-30 22:00:00,EXT_HR_SI,HR,SI,-459.57029385830185,1500.0,1500.0,1959.5702938583017,1040.4297061416983,False,False,ALL_12_RETAINED_INTERFACES_AT_THE_SAME_RESIDUAL_SCARCITY_HOUR
SI,2019-01-30 22:00:00,IT_AT,AT,IT,-300.0,700.0,300.0,1000.0,0.0,False,True,ALL_12_RETAINED_INTERFACES_AT_THE_SAME_RESIDUAL_SCARCITY_HOUR
SI,2019-01-30 22:00:00,IT_CH,CH,IT,4600.0,4600.0,1900.0,0.0,6500.0,True,False,ALL_12_RETAINED_INTERFACES_AT_THE_SAME_RESIDUAL_SCARCITY_HOUR
SI,2019-01-30 22:00:00,IT_FR,FR,IT,2069.8444374150126,4500.0,2200.0,2430.1555625849874,4269.844437415013,False,False,ALL_12_RETAINED_INTERFACES_AT_THE_SAME_RESIDUAL_SCARCITY_HOUR
SI,2019-01-30 22:00:00,IT_GR,GR,IT,500.0,500.0,500.0,0.0,1000.0,True,False,ALL_12_RETAINED_INTERFACES_AT_THE_SAME_RESIDUAL_SCARCITY_HOUR
SI,2019-01-30 22:00:00,IT_ME,IT,ME,-600.0,600.0,600.0,1200.0,0.0,False,True,ALL_12_RETAINED_INTERFACES_AT_THE_SAME_RESIDUAL_SCARCITY_HOUR
SI,2019-01-30 22:00:00,IT_MT,IT,MT,-200.0,200.0,200.0,400.0,0.0,False,True,ALL_12_RETAINED_INTERFACES_AT_THE_SAME_RESIDUAL_SCARCITY_HOUR
SI,2019-01-30 22:00:00,IT_SI,IT,SI,-691.2839782381349,1200.0,1100.0,1891.2839782381348,408.71602176186514,False,False,ALL_12_RETAINED_INTERFACES_AT_THE_SAME_RESIDUAL_SCARCITY_HOUR
SI,2019-01-30 22:00:00,IT_TN,IT,TN,-600.0,600.0,600.0,1200.0,0.0,False,True,ALL_12_RETAINED_INTERFACES_AT_THE_SAME_RESIDUAL_SCARCITY_HOUR
SI,2019-01-30 23:00:00,EXT_AT_CH,AT,CH,-1200.0,1200.0,1200.0,2400.0,0.0,False,True,ALL_12_RETAINED_INTERFACES_AT_THE_SAME_RESIDUAL_SCARCITY_HOUR
SI,2019-01-30 23:00:00,EXT_AT_SI,AT,SI,-1450.0,1450.0,1450.0,2900.0,0.0,False,True,ALL_12_RETAINED_INTERFACES_AT_THE_SAME_RESIDUAL_SCARCITY_HOUR
SI,2019-01-30 23:00:00,EXT_CH_FR,CH,FR,2200.0,2200.0,4500.0,0.0,6700.0,True,False,ALL_12_RETAINED_INTERFACES_AT_THE_SAME_RESIDUAL_SCARCITY_HOUR
SI,2019-01-30 23:00:00,EXT_HR_SI,HR,SI,-64.20615929275905,1500.0,1500.0,1564.2061592927591,1435.7938407072409,False,False,ALL_12_RETAINED_INTERFACES_AT_THE_SAME_RESIDUAL_SCARCITY_HOUR
SI,2019-01-30 23:00:00,IT_AT,AT,IT,-300.0,700.0,300.0,1000.0,0.0,False,True,ALL_12_RETAINED_INTERFACES_AT_THE_SAME_RESIDUAL_SCARCITY_HOUR
SI,2019-01-30 23:00:00,IT_CH,CH,IT,4600.0,4600.0,1900.0,0.0,6500.0,True,False,ALL_12_RETAINED_INTERFACES_AT_THE_SAME_RESIDUAL_SCARCITY_HOUR
SI,2019-01-30 23:00:00,IT_FR,FR,IT,-2200.0,4500.0,2200.0,6700.0,0.0,False,True,ALL_12_RETAINED_INTERFACES_AT_THE_SAME_RESIDUAL_SCARCITY_HOUR
SI,2019-01-30 23:00:00,IT_GR,GR,IT,500.0,500.0,500.0,0.0,1000.0,True,False,ALL_12_RETAINED_INTERFACES_AT_THE_SAME_RESIDUAL_SCARCITY_HOUR
SI,2019-01-30 23:00:00,IT_ME,IT,ME,-594.067287906241,600.0,600.0,1194.0672879062408,5.932712093759051,False,False,ALL_12_RETAINED_INTERFACES_AT_THE_SAME_RESIDUAL_SCARCITY_HOUR
SI,2019-01-30 23:00:00,IT_MT,IT,MT,-200.0,200.0,200.0,400.0,0.0,False,True,ALL_12_RETAINED_INTERFACES_AT_THE_SAME_RESIDUAL_SCARCITY_HOUR
SI,2019-01-30 23:00:00,IT_SI,IT,SI,773.3534394208303,1200.0,1100.0,426.64656057916966,1873.3534394208305,False,False,ALL_12_RETAINED_INTERFACES_AT_THE_SAME_RESIDUAL_SCARCITY_HOUR
SI,2019-01-30 23:00:00,IT_TN,IT,TN,-600.0,600.0,600.0,1200.0,0.0,False,True,ALL_12_RETAINED_INTERFACES_AT_THE_SAME_RESIDUAL_SCARCITY_HOUR
SI,2019-01-31 00:00:00,EXT_AT_CH,AT,CH,-1200.0,1200.0,1200.0,2400.0,0.0,False,True,ALL_12_RETAINED_INTERFACES_AT_THE_SAME_RESIDUAL_SCARCITY_HOUR
SI,2019-01-31 00:00:00,EXT_AT_SI,AT,SI,-1450.0,1450.0,1450.0,2900.0,0.0,False,True,ALL_12_RETAINED_INTERFACES_AT_THE_SAME_RESIDUAL_SCARCITY_HOUR
SI,2019-01-31 00:00:00,EXT_CH_FR,CH,FR,2200.0,2200.0,4500.0,0.0,6700.0,True,False,ALL_12_RETAINED_INTERFACES_AT_THE_SAME_RESIDUAL_SCARCITY_HOUR
SI,2019-01-31 00:00:00,EXT_HR_SI,HR,SI,142.04487232322188,1500.0,1500.0,1357.9551276767781,1642.0448723232219,False,False,ALL_12_RETAINED_INTERFACES_AT_THE_SAME_RESIDUAL_SCARCITY_HOUR
SI,2019-01-31 00:00:00,IT_AT,AT,IT,-300.0,700.0,300.0,1000.0,0.0,False,True,ALL_12_RETAINED_INTERFACES_AT_THE_SAME_RESIDUAL_SCARCITY_HOUR
SI,2019-01-31 00:00:00,IT_CH,CH,IT,4600.0,4600.0,1900.0,0.0,6500.0,True,False,ALL_12_RETAINED_INTERFACES_AT_THE_SAME_RESIDUAL_SCARCITY_HOUR
SI,2019-01-31 00:00:00,IT_FR,FR,IT,-2200.0,4500.0,2200.0,6700.0,0.0,False,True,ALL_12_RETAINED_INTERFACES_AT_THE_SAME_RESIDUAL_SCARCITY_HOUR
SI,2019-01-31 00:00:00,IT_GR,GR,IT,500.0,500.0,500.0,0.0,1000.0,True,False,ALL_12_RETAINED_INTERFACES_AT_THE_SAME_RESIDUAL_SCARCITY_HOUR
SI,2019-01-31 00:00:00,IT_ME,IT,ME,-600.0,600.0,600.0,1200.0,0.0,False,True,ALL_12_RETAINED_INTERFACES_AT_THE_SAME_RESIDUAL_SCARCITY_HOUR
SI,2019-01-31 00:00:00,IT_MT,IT,MT,-200.0,200.0,200.0,400.0,0.0,False,True,ALL_12_RETAINED_INTERFACES_AT_THE_SAME_RESIDUAL_SCARCITY_HOUR
SI,2019-01-31 00:00:00,IT_SI,IT,SI,1200.0,1200.0,1100.0,0.0,2300.0,True,False,ALL_12_RETAINED_INTERFACES_AT_THE_SAME_RESIDUAL_SCARCITY_HOUR
SI,2019-01-31 00:00:00,IT_TN,IT,TN,-600.0,600.0,600.0,1200.0,0.0,False,True,ALL_12_RETAINED_INTERFACES_AT_THE_SAME_RESIDUAL_SCARCITY_HOUR
SI,2019-01-31 01:00:00,EXT_AT_CH,AT,CH,-1200.0,1200.0,1200.0,2400.0,0.0,False,True,ALL_12_RETAINED_INTERFACES_AT_THE_SAME_RESIDUAL_SCARCITY_HOUR
SI,2019-01-31 01:00:00,EXT_AT_SI,AT,SI,-1450.0,1450.0,1450.0,2900.0,0.0,False,True,ALL_12_RETAINED_INTERFACES_AT_THE_SAME_RESIDUAL_SCARCITY_HOUR
SI,2019-01-31 01:00:00,EXT_CH_FR,CH,FR,2200.0,2200.0,4500.0,0.0,6700.0,True,False,ALL_12_RETAINED_INTERFACES_AT_THE_SAME_RESIDUAL_SCARCITY_HOUR
SI,2019-01-31 01:00:00,EXT_HR_SI,HR,SI,229.1037091884414,1500.0,1500.0,1270.8962908115586,1729.1037091884414,False,False,ALL_12_RETAINED_INTERFACES_AT_THE_SAME_RESIDUAL_SCARCITY_HOUR
SI,2019-01-31 01:00:00,IT_AT,AT,IT,-300.0,700.0,300.0,1000.0,0.0,False,True,ALL_12_RETAINED_INTERFACES_AT_THE_SAME_RESIDUAL_SCARCITY_HOUR
SI,2019-01-31 01:00:00,IT_CH,CH,IT,4600.0,4600.0,1900.0,0.0,6500.0,True,False,ALL_12_RETAINED_INTERFACES_AT_THE_SAME_RESIDUAL_SCARCITY_HOUR
SI,2019-01-31 01:00:00,IT_FR,FR,IT,-2200.0,4500.0,2200.0,6700.0,0.0,False,True,ALL_12_RETAINED_INTERFACES_AT_THE_SAME_RESIDUAL_SCARCITY_HOUR
SI,2019-01-31 01:00:00,IT_GR,GR,IT,500.0,500.0,500.0,0.0,1000.0,True,False,ALL_12_RETAINED_INTERFACES_AT_THE_SAME_RESIDUAL_SCARCITY_HOUR
SI,2019-01-31 01:00:00,IT_ME,IT,ME,-600.0,600.0,600.0,1200.0,0.0,False,True,ALL_12_RETAINED_INTERFACES_AT_THE_SAME_RESIDUAL_SCARCITY_HOUR
SI,2019-01-31 01:00:00,IT_MT,IT,MT,-200.0,200.0,200.0,400.0,0.0,False,True,ALL_12_RETAINED_INTERFACES_AT_THE_SAME_RESIDUAL_SCARCITY_HOUR
SI,2019-01-31 01:00:00,IT_SI,IT,SI,1200.0,1200.0,1100.0,0.0,2300.0,True,False,ALL_12_RETAINED_INTERFACES_AT_THE_SAME_RESIDUAL_SCARCITY_HOUR
SI,2019-01-31 01:00:00,IT_TN,IT,TN,-600.0,600.0,600.0,1200.0,0.0,False,True,ALL_12_RETAINED_INTERFACES_AT_THE_SAME_RESIDUAL_SCARCITY_HOUR
SI,2019-01-31 03:00:00,EXT_AT_CH,AT,CH,-1200.0,1200.0,1200.0,2400.0,0.0,False,True,ALL_12_RETAINED_INTERFACES_AT_THE_SAME_RESIDUAL_SCARCITY_HOUR
SI,2019-01-31 03:00:00,EXT_AT_SI,AT,SI,-1450.0,1450.0,1450.0,2900.0,0.0,False,True,ALL_12_RETAINED_INTERFACES_AT_THE_SAME_RESIDUAL_SCARCITY_HOUR
SI,2019-01-31 03:00:00,EXT_CH_FR,CH,FR,2200.0,2200.0,4500.0,0.0,6700.0,True,False,ALL_12_RETAINED_INTERFACES_AT_THE_SAME_RESIDUAL_SCARCITY_HOUR
SI,2019-01-31 03:00:00,EXT_HR_SI,HR,SI,83.32006580374869,1500.0,1500.0,1416.6799341962512,1583.3200658037488,False,False,ALL_12_RETAINED_INTERFACES_AT_THE_SAME_RESIDUAL_SCARCITY_HOUR
SI,2019-01-31 03:00:00,IT_AT,AT,IT,-300.0,700.0,300.0,1000.0,0.0,False,True,ALL_12_RETAINED_INTERFACES_AT_THE_SAME_RESIDUAL_SCARCITY_HOUR
SI,2019-01-31 03:00:00,IT_CH,CH,IT,4600.0,4600.0,1900.0,0.0,6500.0,True,False,ALL_12_RETAINED_INTERFACES_AT_THE_SAME_RESIDUAL_SCARCITY_HOUR
SI,2019-01-31 03:00:00,IT_FR,FR,IT,-308.3605952539174,4500.0,2200.0,4808.360595253917,1891.6394047460826,False,False,ALL_12_RETAINED_INTERFACES_AT_THE_SAME_RESIDUAL_SCARCITY_HOUR
SI,2019-01-31 03:00:00,IT_GR,GR,IT,500.0,500.0,500.0,0.0,1000.0,True,False,ALL_12_RETAINED_INTERFACES_AT_THE_SAME_RESIDUAL_SCARCITY_HOUR
SI,2019-01-31 03:00:00,IT_ME,IT,ME,-600.0,600.0,600.0,1200.0,0.0,False,True,ALL_12_RETAINED_INTERFACES_AT_THE_SAME_RESIDUAL_SCARCITY_HOUR
SI,2019-01-31 03:00:00,IT_MT,IT,MT,-200.0,200.0,200.0,400.0,0.0,False,True,ALL_12_RETAINED_INTERFACES_AT_THE_SAME_RESIDUAL_SCARCITY_HOUR
SI,2019-01-31 03:00:00,IT_SI,IT,SI,1200.0,1200.0,1100.0,0.0,2300.0,True,False,ALL_12_RETAINED_INTERFACES_AT_THE_SAME_RESIDUAL_SCARCITY_HOUR
SI,2019-01-31 03:00:00,IT_TN,IT,TN,-600.0,600.0,600.0,1200.0,0.0,False,True,ALL_12_RETAINED_INTERFACES_AT_THE_SAME_RESIDUAL_SCARCITY_HOUR
SI,2019-01-31 04:00:00,EXT_AT_CH,AT,CH,-1200.0,1200.0,1200.0,2400.0,0.0,False,True,ALL_12_RETAINED_INTERFACES_AT_THE_SAME_RESIDUAL_SCARCITY_HOUR
SI,2019-01-31 04:00:00,EXT_AT_SI,AT,SI,-1450.0,1450.0,1450.0,2900.0,0.0,False,True,ALL_12_RETAINED_INTERFACES_AT_THE_SAME_RESIDUAL_SCARCITY_HOUR
SI,2019-01-31 04:00:00,EXT_CH_FR,CH,FR,2200.0,2200.0,4500.0,0.0,6700.0,True,False,ALL_12_RETAINED_INTERFACES_AT_THE_SAME_RESIDUAL_SCARCITY_HOUR
SI,2019-01-31 04:00:00,EXT_HR_SI,HR,SI,-212.53846688265494,1500.0,1500.0,1712.538466882655,1287.461533117345,False,False,ALL_12_RETAINED_INTERFACES_AT_THE_SAME_RESIDUAL_SCARCITY_HOUR
SI,2019-01-31 04:00:00,IT_AT,AT,IT,-300.0,700.0,300.0,1000.0,0.0,False,True,ALL_12_RETAINED_INTERFACES_AT_THE_SAME_RESIDUAL_SCARCITY_HOUR
SI,2019-01-31 04:00:00,IT_CH,CH,IT,4600.0,4600.0,1900.0,0.0,6500.0,True,False,ALL_12_RETAINED_INTERFACES_AT_THE_SAME_RESIDUAL_SCARCITY_HOUR
SI,2019-01-31 04:00:00,IT_FR,FR,IT,4500.0,4500.0,2200.0,0.0,6700.0,True,False,ALL_12_RETAINED_INTERFACES_AT_THE_SAME_RESIDUAL_SCARCITY_HOUR
SI,2019-01-31 04:00:00,IT_GR,GR,IT,500.0,500.0,500.0,0.0,1000.0,True,False,ALL_12_RETAINED_INTERFACES_AT_THE_SAME_RESIDUAL_SCARCITY_HOUR
SI,2019-01-31 04:00:00,IT_ME,IT,ME,-600.0,600.0,600.0,1200.0,0.0,False,True,ALL_12_RETAINED_INTERFACES_AT_THE_SAME_RESIDUAL_SCARCITY_HOUR
SI,2019-01-31 04:00:00,IT_MT,IT,MT,-200.0,200.0,200.0,400.0,0.0,False,True,ALL_12_RETAINED_INTERFACES_AT_THE_SAME_RESIDUAL_SCARCITY_HOUR
SI,2019-01-31 04:00:00,IT_SI,IT,SI,1200.0,1200.0,1100.0,0.0,2300.0,True,False,ALL_12_RETAINED_INTERFACES_AT_THE_SAME_RESIDUAL_SCARCITY_HOUR
SI,2019-01-31 04:00:00,IT_TN,IT,TN,-600.0,600.0,600.0,1200.0,0.0,False,True,ALL_12_RETAINED_INTERFACES_AT_THE_SAME_RESIDUAL_SCARCITY_HOUR
SI,2019-01-31 05:00:00,EXT_AT_CH,AT,CH,-1200.0,1200.0,1200.0,2400.0,0.0,False,True,ALL_12_RETAINED_INTERFACES_AT_THE_SAME_RESIDUAL_SCARCITY_HOUR
SI,2019-01-31 05:00:00,EXT_AT_SI,AT,SI,-1450.0,1450.0,1450.0,2900.0,0.0,False,True,ALL_12_RETAINED_INTERFACES_AT_THE_SAME_RESIDUAL_SCARCITY_HOUR
SI,2019-01-31 05:00:00,EXT_CH_FR,CH,FR,2200.0,2200.0,4500.0,0.0,6700.0,True,False,ALL_12_RETAINED_INTERFACES_AT_THE_SAME_RESIDUAL_SCARCITY_HOUR
SI,2019-01-31 05:00:00,EXT_HR_SI,HR,SI,-777.6898938859655,1500.0,1500.0,2277.6898938859654,722.3101061140345,False,False,ALL_12_RETAINED_INTERFACES_AT_THE_SAME_RESIDUAL_SCARCITY_HOUR
SI,2019-01-31 05:00:00,IT_AT,AT,IT,-300.0,700.0,300.0,1000.0,0.0,False,True,ALL_12_RETAINED_INTERFACES_AT_THE_SAME_RESIDUAL_SCARCITY_HOUR
SI,2019-01-31 05:00:00,IT_CH,CH,IT,4600.0,4600.0,1900.0,0.0,6500.0,True,False,ALL_12_RETAINED_INTERFACES_AT_THE_SAME_RESIDUAL_SCARCITY_HOUR
SI,2019-01-31 05:00:00,IT_FR,FR,IT,352.5281396698482,4500.0,2200.0,4147.471860330152,2552.5281396698483,False,False,ALL_12_RETAINED_INTERFACES_AT_THE_SAME_RESIDUAL_SCARCITY_HOUR
SI,2019-01-31 05:00:00,IT_GR,GR,IT,500.0,500.0,500.0,0.0,1000.0,True,False,ALL_12_RETAINED_INTERFACES_AT_THE_SAME_RESIDUAL_SCARCITY_HOUR
SI,2019-01-31 05:00:00,IT_ME,IT,ME,-600.0,600.0,600.0,1200.0,0.0,False,True,ALL_12_RETAINED_INTERFACES_AT_THE_SAME_RESIDUAL_SCARCITY_HOUR
SI,2019-01-31 05:00:00,IT_MT,IT,MT,-200.0,200.0,200.0,400.0,0.0,False,True,ALL_12_RETAINED_INTERFACES_AT_THE_SAME_RESIDUAL_SCARCITY_HOUR
SI,2019-01-31 05:00:00,IT_SI,IT,SI,1200.0,1200.0,1100.0,0.0,2300.0,True,False,ALL_12_RETAINED_INTERFACES_AT_THE_SAME_RESIDUAL_SCARCITY_HOUR
SI,2019-01-31 05:00:00,IT_TN,IT,TN,-600.0,600.0,600.0,1200.0,0.0,False,True,ALL_12_RETAINED_INTERFACES_AT_THE_SAME_RESIDUAL_SCARCITY_HOUR
SI,2019-01-31 06:00:00,EXT_AT_CH,AT,CH,-1200.0,1200.0,1200.0,2400.0,0.0,False,True,ALL_12_RETAINED_INTERFACES_AT_THE_SAME_RESIDUAL_SCARCITY_HOUR
SI,2019-01-31 06:00:00,EXT_AT_SI,AT,SI,-1450.0,1450.0,1450.0,2900.0,0.0,False,True,ALL_12_RETAINED_INTERFACES_AT_THE_SAME_RESIDUAL_SCARCITY_HOUR
SI,2019-01-31 06:00:00,EXT_CH_FR,CH,FR,2200.0,2200.0,4500.0,0.0,6700.0,True,False,ALL_12_RETAINED_INTERFACES_AT_THE_SAME_RESIDUAL_SCARCITY_HOUR
SI,2019-01-31 06:00:00,EXT_HR_SI,HR,SI,1500.0,1500.0,1500.0,0.0,3000.0,True,False,ALL_12_RETAINED_INTERFACES_AT_THE_SAME_RESIDUAL_SCARCITY_HOUR
SI,2019-01-31 06:00:00,IT_AT,AT,IT,-300.0,700.0,300.0,1000.0,0.0,False,True,ALL_12_RETAINED_INTERFACES_AT_THE_SAME_RESIDUAL_SCARCITY_HOUR
SI,2019-01-31 06:00:00,IT_CH,CH,IT,4600.0,4600.0,1900.0,0.0,6500.0,True,False,ALL_12_RETAINED_INTERFACES_AT_THE_SAME_RESIDUAL_SCARCITY_HOUR
SI,2019-01-31 06:00:00,IT_FR,FR,IT,4500.0,4500.0,2200.0,0.0,6700.0,True,False,ALL_12_RETAINED_INTERFACES_AT_THE_SAME_RESIDUAL_SCARCITY_HOUR
SI,2019-01-31 06:00:00,IT_GR,GR,IT,500.0,500.0,500.0,0.0,1000.0,True,False,ALL_12_RETAINED_INTERFACES_AT_THE_SAME_RESIDUAL_SCARCITY_HOUR
SI,2019-01-31 06:00:00,IT_ME,IT,ME,-600.0,600.0,600.0,1200.0,0.0,False,True,ALL_12_RETAINED_INTERFACES_AT_THE_SAME_RESIDUAL_SCARCITY_HOUR
SI,2019-01-31 06:00:00,IT_MT,IT,MT,-198.39904257534604,200.0,200.0,398.399042575346,1.6009574246539557,False,False,ALL_12_RETAINED_INTERFACES_AT_THE_SAME_RESIDUAL_SCARCITY_HOUR
SI,2019-01-31 06:00:00,IT_SI,IT,SI,1200.0,1200.0,1100.0,0.0,2300.0,True,False,ALL_12_RETAINED_INTERFACES_AT_THE_SAME_RESIDUAL_SCARCITY_HOUR
SI,2019-01-31 06:00:00,IT_TN,IT,TN,-600.0,600.0,600.0,1200.0,0.0,False,True,ALL_12_RETAINED_INTERFACES_AT_THE_SAME_RESIDUAL_SCARCITY_HOUR
SI,2019-01-31 07:00:00,EXT_AT_CH,AT,CH,-1200.0,1200.0,1200.0,2400.0,0.0,False,True,ALL_12_RETAINED_INTERFACES_AT_THE_SAME_RESIDUAL_SCARCITY_HOUR
SI,2019-01-31 07:00:00,EXT_AT_SI,AT,SI,-1450.0,1450.0,1450.0,2900.0,0.0,False,True,ALL_12_RETAINED_INTERFACES_AT_THE_SAME_RESIDUAL_SCARCITY_HOUR
SI,2019-01-31 07:00:00,EXT_CH_FR,CH,FR,2200.0,2200.0,4500.0,0.0,6700.0,True,False,ALL_12_RETAINED_INTERFACES_AT_THE_SAME_RESIDUAL_SCARCITY_HOUR
SI,2019-01-31 07:00:00,EXT_HR_SI,HR,SI,-1038.0740351312854,1500.0,1500.0,2538.074035131285,461.9259648687146,False,False,ALL_12_RETAINED_INTERFACES_AT_THE_SAME_RESIDUAL_SCARCITY_HOUR
SI,2019-01-31 07:00:00,IT_AT,AT,IT,-300.0,700.0,300.0,1000.0,0.0,False,True,ALL_12_RETAINED_INTERFACES_AT_THE_SAME_RESIDUAL_SCARCITY_HOUR
SI,2019-01-31 07:00:00,IT_CH,CH,IT,4600.0,4600.0,1900.0,0.0,6500.0,True,False,ALL_12_RETAINED_INTERFACES_AT_THE_SAME_RESIDUAL_SCARCITY_HOUR
SI,2019-01-31 07:00:00,IT_FR,FR,IT,-1121.2919179540331,4500.0,2200.0,5621.291917954033,1078.7080820459669,False,False,ALL_12_RETAINED_INTERFACES_AT_THE_SAME_RESIDUAL_SCARCITY_HOUR
SI,2019-01-31 07:00:00,IT_GR,GR,IT,500.0,500.0,500.0,0.0,1000.0,True,False,ALL_12_RETAINED_INTERFACES_AT_THE_SAME_RESIDUAL_SCARCITY_HOUR
SI,2019-01-31 07:00:00,IT_ME,IT,ME,-600.0,600.0,600.0,1200.0,0.0,False,True,ALL_12_RETAINED_INTERFACES_AT_THE_SAME_RESIDUAL_SCARCITY_HOUR
SI,2019-01-31 07:00:00,IT_MT,IT,MT,-200.0,200.0,200.0,400.0,0.0,False,True,ALL_12_RETAINED_INTERFACES_AT_THE_SAME_RESIDUAL_SCARCITY_HOUR
SI,2019-01-31 07:00:00,IT_SI,IT,SI,-516.8143042510369,1200.0,1100.0,1716.814304251037,583.1856957489631,False,False,ALL_12_RETAINED_INTERFACES_AT_THE_SAME_RESIDUAL_SCARCITY_HOUR
SI,2019-01-31 07:00:00,IT_TN,IT,TN,-600.0,600.0,600.0,1200.0,0.0,False,True,ALL_12_RETAINED_INTERFACES_AT_THE_SAME_RESIDUAL_SCARCITY_HOUR
SI,2019-01-31 08:00:00,EXT_AT_CH,AT,CH,-1200.0,1200.0,1200.0,2400.0,0.0,False,True,ALL_12_RETAINED_INTERFACES_AT_THE_SAME_RESIDUAL_SCARCITY_HOUR
SI,2019-01-31 08:00:00,EXT_AT_SI,AT,SI,-280.7902433877057,1450.0,1450.0,1730.7902433877057,1169.2097566122943,False,False,ALL_12_RETAINED_INTERFACES_AT_THE_SAME_RESIDUAL_SCARCITY_HOUR
SI,2019-01-31 08:00:00,EXT_CH_FR,CH,FR,2200.0,2200.0,4500.0,0.0,6700.0,True,False,ALL_12_RETAINED_INTERFACES_AT_THE_SAME_RESIDUAL_SCARCITY_HOUR
SI,2019-01-31 08:00:00,EXT_HR_SI,HR,SI,-921.0886956390099,1500.0,1500.0,2421.08869563901,578.9113043609901,False,False,ALL_12_RETAINED_INTERFACES_AT_THE_SAME_RESIDUAL_SCARCITY_HOUR
SI,2019-01-31 08:00:00,IT_AT,AT,IT,-300.0,700.0,300.0,1000.0,0.0,False,True,ALL_12_RETAINED_INTERFACES_AT_THE_SAME_RESIDUAL_SCARCITY_HOUR
SI,2019-01-31 08:00:00,IT_CH,CH,IT,494.363507799794,4600.0,1900.0,4105.636492200206,2394.363507799794,False,False,ALL_12_RETAINED_INTERFACES_AT_THE_SAME_RESIDUAL_SCARCITY_HOUR
SI,2019-01-31 08:00:00,IT_FR,FR,IT,-2200.0,4500.0,2200.0,6700.0,0.0,False,True,ALL_12_RETAINED_INTERFACES_AT_THE_SAME_RESIDUAL_SCARCITY_HOUR
SI,2019-01-31 08:00:00,IT_GR,GR,IT,500.0,500.0,500.0,0.0,1000.0,True,False,ALL_12_RETAINED_INTERFACES_AT_THE_SAME_RESIDUAL_SCARCITY_HOUR
SI,2019-01-31 08:00:00,IT_ME,IT,ME,-600.0,600.0,600.0,1200.0,0.0,False,True,ALL_12_RETAINED_INTERFACES_AT_THE_SAME_RESIDUAL_SCARCITY_HOUR
SI,2019-01-31 08:00:00,IT_MT,IT,MT,-60.168774525951775,200.0,200.0,260.1687745259518,139.8312254740482,False,False,ALL_12_RETAINED_INTERFACES_AT_THE_SAME_RESIDUAL_SCARCITY_HOUR
SI,2019-01-31 08:00:00,IT_SI,IT,SI,1200.0,1200.0,1100.0,0.0,2300.0,True,False,ALL_12_RETAINED_INTERFACES_AT_THE_SAME_RESIDUAL_SCARCITY_HOUR
SI,2019-01-31 08:00:00,IT_TN,IT,TN,-600.0,600.0,600.0,1200.0,0.0,False,True,ALL_12_RETAINED_INTERFACES_AT_THE_SAME_RESIDUAL_SCARCITY_HOUR
SI,2019-01-31 15:00:00,EXT_AT_CH,AT,CH,-1200.0,1200.0,1200.0,2400.0,0.0,False,True,ALL_12_RETAINED_INTERFACES_AT_THE_SAME_RESIDUAL_SCARCITY_HOUR
SI,2019-01-31 15:00:00,EXT_AT_SI,AT,SI,-1450.0,1450.0,1450.0,2900.0,0.0,False,True,ALL_12_RETAINED_INTERFACES_AT_THE_SAME_RESIDUAL_SCARCITY_HOUR
SI,2019-01-31 15:00:00,EXT_CH_FR,CH,FR,-2110.808573331212,2200.0,4500.0,4310.808573331212,2389.191426668788,False,False,ALL_12_RETAINED_INTERFACES_AT_THE_SAME_RESIDUAL_SCARCITY_HOUR
SI,2019-01-31 15:00:00,EXT_HR_SI,HR,SI,-1163.5854426775634,1500.0,1500.0,2663.585442677563,336.4145573224366,False,False,ALL_12_RETAINED_INTERFACES_AT_THE_SAME_RESIDUAL_SCARCITY_HOUR
SI,2019-01-31 15:00:00,IT_AT,AT,IT,-300.0,700.0,300.0,1000.0,0.0,False,True,ALL_12_RETAINED_INTERFACES_AT_THE_SAME_RESIDUAL_SCARCITY_HOUR
SI,2019-01-31 15:00:00,IT_CH,CH,IT,4600.0,4600.0,1900.0,0.0,6500.0,True,False,ALL_12_RETAINED_INTERFACES_AT_THE_SAME_RESIDUAL_SCARCITY_HOUR
SI,2019-01-31 15:00:00,IT_FR,FR,IT,4500.0,4500.0,2200.0,0.0,6700.0,True,False,ALL_12_RETAINED_INTERFACES_AT_THE_SAME_RESIDUAL_SCARCITY_HOUR
SI,2019-01-31 15:00:00,IT_GR,GR,IT,500.0,500.0,500.0,0.0,1000.0,True,False,ALL_12_RETAINED_INTERFACES_AT_THE_SAME_RESIDUAL_SCARCITY_HOUR
SI,2019-01-31 15:00:00,IT_ME,IT,ME,-600.0,600.0,600.0,1200.0,0.0,False,True,ALL_12_RETAINED_INTERFACES_AT_THE_SAME_RESIDUAL_SCARCITY_HOUR
SI,2019-01-31 15:00:00,IT_MT,IT,MT,-93.32330868048788,200.0,200.0,293.3233086804879,106.67669131951212,False,False,ALL_12_RETAINED_INTERFACES_AT_THE_SAME_RESIDUAL_SCARCITY_HOUR
SI,2019-01-31 15:00:00,IT_SI,IT,SI,1200.0,1200.0,1100.0,0.0,2300.0,True,False,ALL_12_RETAINED_INTERFACES_AT_THE_SAME_RESIDUAL_SCARCITY_HOUR
SI,2019-01-31 15:00:00,IT_TN,IT,TN,-600.0,600.0,600.0,1200.0,0.0,False,True,ALL_12_RETAINED_INTERFACES_AT_THE_SAME_RESIDUAL_SCARCITY_HOUR
SI,2019-01-31 16:00:00,EXT_AT_CH,AT,CH,-1200.0,1200.0,1200.0,2400.0,0.0,False,True,ALL_12_RETAINED_INTERFACES_AT_THE_SAME_RESIDUAL_SCARCITY_HOUR
SI,2019-01-31 16:00:00,EXT_AT_SI,AT,SI,-1450.0,1450.0,1450.0,2900.0,0.0,False,True,ALL_12_RETAINED_INTERFACES_AT_THE_SAME_RESIDUAL_SCARCITY_HOUR
SI,2019-01-31 16:00:00,EXT_CH_FR,CH,FR,-4500.0,2200.0,4500.0,6700.0,0.0,False,True,ALL_12_RETAINED_INTERFACES_AT_THE_SAME_RESIDUAL_SCARCITY_HOUR
SI,2019-01-31 16:00:00,EXT_HR_SI,HR,SI,1500.0,1500.0,1500.0,0.0,3000.0,True,False,ALL_12_RETAINED_INTERFACES_AT_THE_SAME_RESIDUAL_SCARCITY_HOUR
SI,2019-01-31 16:00:00,IT_AT,AT,IT,-300.0,700.0,300.0,1000.0,0.0,False,True,ALL_12_RETAINED_INTERFACES_AT_THE_SAME_RESIDUAL_SCARCITY_HOUR
SI,2019-01-31 16:00:00,IT_CH,CH,IT,4600.0,4600.0,1900.0,0.0,6500.0,True,False,ALL_12_RETAINED_INTERFACES_AT_THE_SAME_RESIDUAL_SCARCITY_HOUR
SI,2019-01-31 16:00:00,IT_FR,FR,IT,4500.0,4500.0,2200.0,0.0,6700.0,True,False,ALL_12_RETAINED_INTERFACES_AT_THE_SAME_RESIDUAL_SCARCITY_HOUR
SI,2019-01-31 16:00:00,IT_GR,GR,IT,500.0,500.0,500.0,0.0,1000.0,True,False,ALL_12_RETAINED_INTERFACES_AT_THE_SAME_RESIDUAL_SCARCITY_HOUR
SI,2019-01-31 16:00:00,IT_ME,IT,ME,-577.4577921596139,600.0,600.0,1177.4577921596137,22.54220784038614,False,False,ALL_12_RETAINED_INTERFACES_AT_THE_SAME_RESIDUAL_SCARCITY_HOUR
SI,2019-01-31 16:00:00,IT_MT,IT,MT,-58.48663304341797,200.0,200.0,258.48663304341795,141.51336695658205,False,False,ALL_12_RETAINED_INTERFACES_AT_THE_SAME_RESIDUAL_SCARCITY_HOUR
SI,2019-01-31 16:00:00,IT_SI,IT,SI,1200.0,1200.0,1100.0,0.0,2300.0,True,False,ALL_12_RETAINED_INTERFACES_AT_THE_SAME_RESIDUAL_SCARCITY_HOUR
SI,2019-01-31 16:00:00,IT_TN,IT,TN,-600.0,600.0,600.0,1200.0,0.0,False,True,ALL_12_RETAINED_INTERFACES_AT_THE_SAME_RESIDUAL_SCARCITY_HOUR
SI,2019-01-31 17:00:00,EXT_AT_CH,AT,CH,-1200.0,1200.0,1200.0,2400.0,0.0,False,True,ALL_12_RETAINED_INTERFACES_AT_THE_SAME_RESIDUAL_SCARCITY_HOUR
SI,2019-01-31 17:00:00,EXT_AT_SI,AT,SI,-1450.0,1450.0,1450.0,2900.0,0.0,False,True,ALL_12_RETAINED_INTERFACES_AT_THE_SAME_RESIDUAL_SCARCITY_HOUR
SI,2019-01-31 17:00:00,EXT_CH_FR,CH,FR,-4500.0,2200.0,4500.0,6700.0,0.0,False,True,ALL_12_RETAINED_INTERFACES_AT_THE_SAME_RESIDUAL_SCARCITY_HOUR
SI,2019-01-31 17:00:00,EXT_HR_SI,HR,SI,-1500.0,1500.0,1500.0,3000.0,0.0,False,True,ALL_12_RETAINED_INTERFACES_AT_THE_SAME_RESIDUAL_SCARCITY_HOUR
SI,2019-01-31 17:00:00,IT_AT,AT,IT,-300.0,700.0,300.0,1000.0,0.0,False,True,ALL_12_RETAINED_INTERFACES_AT_THE_SAME_RESIDUAL_SCARCITY_HOUR
SI,2019-01-31 17:00:00,IT_CH,CH,IT,4600.0,4600.0,1900.0,0.0,6500.0,True,False,ALL_12_RETAINED_INTERFACES_AT_THE_SAME_RESIDUAL_SCARCITY_HOUR
SI,2019-01-31 17:00:00,IT_FR,FR,IT,4500.0,4500.0,2200.0,0.0,6700.0,True,False,ALL_12_RETAINED_INTERFACES_AT_THE_SAME_RESIDUAL_SCARCITY_HOUR
SI,2019-01-31 17:00:00,IT_GR,GR,IT,500.0,500.0,500.0,0.0,1000.0,True,False,ALL_12_RETAINED_INTERFACES_AT_THE_SAME_RESIDUAL_SCARCITY_HOUR
SI,2019-01-31 17:00:00,IT_ME,IT,ME,-459.69395722737727,600.0,600.0,1059.6939572273773,140.30604277262273,False,False,ALL_12_RETAINED_INTERFACES_AT_THE_SAME_RESIDUAL_SCARCITY_HOUR
SI,2019-01-31 17:00:00,IT_MT,IT,MT,6.86309105574162,200.0,200.0,193.13690894425838,206.86309105574162,False,False,ALL_12_RETAINED_INTERFACES_AT_THE_SAME_RESIDUAL_SCARCITY_HOUR
SI,2019-01-31 17:00:00,IT_SI,IT,SI,1200.0,1200.0,1100.0,0.0,2300.0,True,False,ALL_12_RETAINED_INTERFACES_AT_THE_SAME_RESIDUAL_SCARCITY_HOUR
SI,2019-01-31 17:00:00,IT_TN,IT,TN,-600.0,600.0,600.0,1200.0,0.0,False,True,ALL_12_RETAINED_INTERFACES_AT_THE_SAME_RESIDUAL_SCARCITY_HOUR
SI,2019-01-31 18:00:00,EXT_AT_CH,AT,CH,-1200.0,1200.0,1200.0,2400.0,0.0,False,True,ALL_12_RETAINED_INTERFACES_AT_THE_SAME_RESIDUAL_SCARCITY_HOUR
SI,2019-01-31 18:00:00,EXT_AT_SI,AT,SI,-1450.0,1450.0,1450.0,2900.0,0.0,False,True,ALL_12_RETAINED_INTERFACES_AT_THE_SAME_RESIDUAL_SCARCITY_HOUR
SI,2019-01-31 18:00:00,EXT_CH_FR,CH,FR,-4500.0,2200.0,4500.0,6700.0,0.0,False,True,ALL_12_RETAINED_INTERFACES_AT_THE_SAME_RESIDUAL_SCARCITY_HOUR
SI,2019-01-31 18:00:00,EXT_HR_SI,HR,SI,-1500.0,1500.0,1500.0,3000.0,0.0,False,True,ALL_12_RETAINED_INTERFACES_AT_THE_SAME_RESIDUAL_SCARCITY_HOUR
SI,2019-01-31 18:00:00,IT_AT,AT,IT,-300.0,700.0,300.0,1000.0,0.0,False,True,ALL_12_RETAINED_INTERFACES_AT_THE_SAME_RESIDUAL_SCARCITY_HOUR
SI,2019-01-31 18:00:00,IT_CH,CH,IT,4600.0,4600.0,1900.0,0.0,6500.0,True,False,ALL_12_RETAINED_INTERFACES_AT_THE_SAME_RESIDUAL_SCARCITY_HOUR
SI,2019-01-31 18:00:00,IT_FR,FR,IT,4500.0,4500.0,2200.0,0.0,6700.0,True,False,ALL_12_RETAINED_INTERFACES_AT_THE_SAME_RESIDUAL_SCARCITY_HOUR
SI,2019-01-31 18:00:00,IT_GR,GR,IT,500.0,500.0,500.0,0.0,1000.0,True,False,ALL_12_RETAINED_INTERFACES_AT_THE_SAME_RESIDUAL_SCARCITY_HOUR
SI,2019-01-31 18:00:00,IT_ME,IT,ME,-465.2375297496124,600.0,600.0,1065.2375297496123,134.7624702503876,False,False,ALL_12_RETAINED_INTERFACES_AT_THE_SAME_RESIDUAL_SCARCITY_HOUR
SI,2019-01-31 18:00:00,IT_MT,IT,MT,20.550690624596427,200.0,200.0,179.44930937540357,220.55069062459643,False,False,ALL_12_RETAINED_INTERFACES_AT_THE_SAME_RESIDUAL_SCARCITY_HOUR
SI,2019-01-31 18:00:00,IT_SI,IT,SI,1200.0,1200.0,1100.0,0.0,2300.0,True,False,ALL_12_RETAINED_INTERFACES_AT_THE_SAME_RESIDUAL_SCARCITY_HOUR
SI,2019-01-31 18:00:00,IT_TN,IT,TN,-600.0,600.0,600.0,1200.0,0.0,False,True,ALL_12_RETAINED_INTERFACES_AT_THE_SAME_RESIDUAL_SCARCITY_HOUR
SI,2019-01-31 19:00:00,EXT_AT_CH,AT,CH,-1200.0,1200.0,1200.0,2400.0,0.0,False,True,ALL_12_RETAINED_INTERFACES_AT_THE_SAME_RESIDUAL_SCARCITY_HOUR
SI,2019-01-31 19:00:00,EXT_AT_SI,AT,SI,-1450.0,1450.0,1450.0,2900.0,0.0,False,True,ALL_12_RETAINED_INTERFACES_AT_THE_SAME_RESIDUAL_SCARCITY_HOUR
SI,2019-01-31 19:00:00,EXT_CH_FR,CH,FR,-4500.0,2200.0,4500.0,6700.0,0.0,False,True,ALL_12_RETAINED_INTERFACES_AT_THE_SAME_RESIDUAL_SCARCITY_HOUR
SI,2019-01-31 19:00:00,EXT_HR_SI,HR,SI,-1456.1320423190482,1500.0,1500.0,2956.132042319048,43.867957680951804,False,False,ALL_12_RETAINED_INTERFACES_AT_THE_SAME_RESIDUAL_SCARCITY_HOUR
SI,2019-01-31 19:00:00,IT_AT,AT,IT,-300.0,700.0,300.0,1000.0,0.0,False,True,ALL_12_RETAINED_INTERFACES_AT_THE_SAME_RESIDUAL_SCARCITY_HOUR
SI,2019-01-31 19:00:00,IT_CH,CH,IT,4600.0,4600.0,1900.0,0.0,6500.0,True,False,ALL_12_RETAINED_INTERFACES_AT_THE_SAME_RESIDUAL_SCARCITY_HOUR
SI,2019-01-31 19:00:00,IT_FR,FR,IT,4500.0,4500.0,2200.0,0.0,6700.0,True,False,ALL_12_RETAINED_INTERFACES_AT_THE_SAME_RESIDUAL_SCARCITY_HOUR
SI,2019-01-31 19:00:00,IT_GR,GR,IT,500.0,500.0,500.0,0.0,1000.0,True,False,ALL_12_RETAINED_INTERFACES_AT_THE_SAME_RESIDUAL_SCARCITY_HOUR
SI,2019-01-31 19:00:00,IT_ME,IT,ME,-476.0307680748267,600.0,600.0,1076.0307680748267,123.96923192517329,False,False,ALL_12_RETAINED_INTERFACES_AT_THE_SAME_RESIDUAL_SCARCITY_HOUR
SI,2019-01-31 19:00:00,IT_MT,IT,MT,25.861390763700342,200.0,200.0,174.13860923629966,225.86139076370034,False,False,ALL_12_RETAINED_INTERFACES_AT_THE_SAME_RESIDUAL_SCARCITY_HOUR
SI,2019-01-31 19:00:00,IT_SI,IT,SI,1200.0,1200.0,1100.0,0.0,2300.0,True,False,ALL_12_RETAINED_INTERFACES_AT_THE_SAME_RESIDUAL_SCARCITY_HOUR
SI,2019-01-31 19:00:00,IT_TN,IT,TN,-600.0,600.0,600.0,1200.0,0.0,False,True,ALL_12_RETAINED_INTERFACES_AT_THE_SAME_RESIDUAL_SCARCITY_HOUR
SI,2019-01-31 20:00:00,EXT_AT_CH,AT,CH,-1200.0,1200.0,1200.0,2400.0,0.0,False,True,ALL_12_RETAINED_INTERFACES_AT_THE_SAME_RESIDUAL_SCARCITY_HOUR
SI,2019-01-31 20:00:00,EXT_AT_SI,AT,SI,-1450.0,1450.0,1450.0,2900.0,0.0,False,True,ALL_12_RETAINED_INTERFACES_AT_THE_SAME_RESIDUAL_SCARCITY_HOUR
SI,2019-01-31 20:00:00,EXT_CH_FR,CH,FR,-4500.0,2200.0,4500.0,6700.0,0.0,False,True,ALL_12_RETAINED_INTERFACES_AT_THE_SAME_RESIDUAL_SCARCITY_HOUR
SI,2019-01-31 20:00:00,EXT_HR_SI,HR,SI,-1306.7976487288092,1500.0,1500.0,2806.7976487288092,193.20235127119076,False,False,ALL_12_RETAINED_INTERFACES_AT_THE_SAME_RESIDUAL_SCARCITY_HOUR
SI,2019-01-31 20:00:00,IT_AT,AT,IT,-300.0,700.0,300.0,1000.0,0.0,False,True,ALL_12_RETAINED_INTERFACES_AT_THE_SAME_RESIDUAL_SCARCITY_HOUR
SI,2019-01-31 20:00:00,IT_CH,CH,IT,4600.0,4600.0,1900.0,0.0,6500.0,True,False,ALL_12_RETAINED_INTERFACES_AT_THE_SAME_RESIDUAL_SCARCITY_HOUR
SI,2019-01-31 20:00:00,IT_FR,FR,IT,4500.0,4500.0,2200.0,0.0,6700.0,True,False,ALL_12_RETAINED_INTERFACES_AT_THE_SAME_RESIDUAL_SCARCITY_HOUR
SI,2019-01-31 20:00:00,IT_GR,GR,IT,500.0,500.0,500.0,0.0,1000.0,True,False,ALL_12_RETAINED_INTERFACES_AT_THE_SAME_RESIDUAL_SCARCITY_HOUR
SI,2019-01-31 20:00:00,IT_ME,IT,ME,-600.0,600.0,600.0,1200.0,0.0,False,True,ALL_12_RETAINED_INTERFACES_AT_THE_SAME_RESIDUAL_SCARCITY_HOUR
SI,2019-01-31 20:00:00,IT_MT,IT,MT,15.815227861893732,200.0,200.0,184.18477213810627,215.81522786189373,False,False,ALL_12_RETAINED_INTERFACES_AT_THE_SAME_RESIDUAL_SCARCITY_HOUR
SI,2019-01-31 20:00:00,IT_SI,IT,SI,1200.0,1200.0,1100.0,0.0,2300.0,True,False,ALL_12_RETAINED_INTERFACES_AT_THE_SAME_RESIDUAL_SCARCITY_HOUR
SI,2019-01-31 20:00:00,IT_TN,IT,TN,-600.0,600.0,600.0,1200.0,0.0,False,True,ALL_12_RETAINED_INTERFACES_AT_THE_SAME_RESIDUAL_SCARCITY_HOUR
SI,2019-01-31 21:00:00,EXT_AT_CH,AT,CH,-1200.0,1200.0,1200.0,2400.0,0.0,False,True,ALL_12_RETAINED_INTERFACES_AT_THE_SAME_RESIDUAL_SCARCITY_HOUR
SI,2019-01-31 21:00:00,EXT_AT_SI,AT,SI,-1450.0,1450.0,1450.0,2900.0,0.0,False,True,ALL_12_RETAINED_INTERFACES_AT_THE_SAME_RESIDUAL_SCARCITY_HOUR
SI,2019-01-31 21:00:00,EXT_CH_FR,CH,FR,-4500.0,2200.0,4500.0,6700.0,0.0,False,True,ALL_12_RETAINED_INTERFACES_AT_THE_SAME_RESIDUAL_SCARCITY_HOUR
SI,2019-01-31 21:00:00,EXT_HR_SI,HR,SI,-787.2929219672986,1500.0,1500.0,2287.2929219672988,712.7070780327014,False,False,ALL_12_RETAINED_INTERFACES_AT_THE_SAME_RESIDUAL_SCARCITY_HOUR
SI,2019-01-31 21:00:00,IT_AT,AT,IT,-300.0,700.0,300.0,1000.0,0.0,False,True,ALL_12_RETAINED_INTERFACES_AT_THE_SAME_RESIDUAL_SCARCITY_HOUR
SI,2019-01-31 21:00:00,IT_CH,CH,IT,4600.0,4600.0,1900.0,0.0,6500.0,True,False,ALL_12_RETAINED_INTERFACES_AT_THE_SAME_RESIDUAL_SCARCITY_HOUR
SI,2019-01-31 21:00:00,IT_FR,FR,IT,4500.0,4500.0,2200.0,0.0,6700.0,True,False,ALL_12_RETAINED_INTERFACES_AT_THE_SAME_RESIDUAL_SCARCITY_HOUR
SI,2019-01-31 21:00:00,IT_GR,GR,IT,500.0,500.0,500.0,0.0,1000.0,True,False,ALL_12_RETAINED_INTERFACES_AT_THE_SAME_RESIDUAL_SCARCITY_HOUR
SI,2019-01-31 21:00:00,IT_ME,IT,ME,-525.1113942543323,600.0,600.0,1125.1113942543323,74.88860574566775,False,False,ALL_12_RETAINED_INTERFACES_AT_THE_SAME_RESIDUAL_SCARCITY_HOUR
SI,2019-01-31 21:00:00,IT_MT,IT,MT,-6.831848510473094,200.0,200.0,206.8318485104731,193.1681514895269,False,False,ALL_12_RETAINED_INTERFACES_AT_THE_SAME_RESIDUAL_SCARCITY_HOUR
SI,2019-01-31 21:00:00,IT_SI,IT,SI,1200.0,1200.0,1100.0,0.0,2300.0,True,False,ALL_12_RETAINED_INTERFACES_AT_THE_SAME_RESIDUAL_SCARCITY_HOUR
SI,2019-01-31 21:00:00,IT_TN,IT,TN,-600.0,600.0,600.0,1200.0,0.0,False,True,ALL_12_RETAINED_INTERFACES_AT_THE_SAME_RESIDUAL_SCARCITY_HOUR
SI,2019-01-31 22:00:00,EXT_AT_CH,AT,CH,-1200.0,1200.0,1200.0,2400.0,0.0,False,True,ALL_12_RETAINED_INTERFACES_AT_THE_SAME_RESIDUAL_SCARCITY_HOUR
SI,2019-01-31 22:00:00,EXT_AT_SI,AT,SI,-1450.0,1450.0,1450.0,2900.0,0.0,False,True,ALL_12_RETAINED_INTERFACES_AT_THE_SAME_RESIDUAL_SCARCITY_HOUR
SI,2019-01-31 22:00:00,EXT_CH_FR,CH,FR,-4481.210200067323,2200.0,4500.0,6681.210200067323,18.789799932676942,False,False,ALL_12_RETAINED_INTERFACES_AT_THE_SAME_RESIDUAL_SCARCITY_HOUR
SI,2019-01-31 22:00:00,EXT_HR_SI,HR,SI,-375.904503704562,1500.0,1500.0,1875.904503704562,1124.095496295438,False,False,ALL_12_RETAINED_INTERFACES_AT_THE_SAME_RESIDUAL_SCARCITY_HOUR
SI,2019-01-31 22:00:00,IT_AT,AT,IT,-300.0,700.0,300.0,1000.0,0.0,False,True,ALL_12_RETAINED_INTERFACES_AT_THE_SAME_RESIDUAL_SCARCITY_HOUR
SI,2019-01-31 22:00:00,IT_CH,CH,IT,4600.0,4600.0,1900.0,0.0,6500.0,True,False,ALL_12_RETAINED_INTERFACES_AT_THE_SAME_RESIDUAL_SCARCITY_HOUR
SI,2019-01-31 22:00:00,IT_FR,FR,IT,4500.0,4500.0,2200.0,0.0,6700.0,True,False,ALL_12_RETAINED_INTERFACES_AT_THE_SAME_RESIDUAL_SCARCITY_HOUR
SI,2019-01-31 22:00:00,IT_GR,GR,IT,500.0,500.0,500.0,0.0,1000.0,True,False,ALL_12_RETAINED_INTERFACES_AT_THE_SAME_RESIDUAL_SCARCITY_HOUR
SI,2019-01-31 22:00:00,IT_ME,IT,ME,-541.9446951272669,600.0,600.0,1141.9446951272669,58.05530487273313,False,False,ALL_12_RETAINED_INTERFACES_AT_THE_SAME_RESIDUAL_SCARCITY_HOUR
SI,2019-01-31 22:00:00,IT_MT,IT,MT,29.798452593591378,200.0,200.0,170.20154740640862,229.79845259359138,False,False,ALL_12_RETAINED_INTERFACES_AT_THE_SAME_RESIDUAL_SCARCITY_HOUR
SI,2019-01-31 22:00:00,IT_SI,IT,SI,1200.0,1200.0,1100.0,0.0,2300.0,True,False,ALL_12_RETAINED_INTERFACES_AT_THE_SAME_RESIDUAL_SCARCITY_HOUR
SI,2019-01-31 22:00:00,IT_TN,IT,TN,-600.0,600.0,600.0,1200.0,0.0,False,True,ALL_12_RETAINED_INTERFACES_AT_THE_SAME_RESIDUAL_SCARCITY_HOUR
SI,2019-02-01 07:00:00,EXT_AT_CH,AT,CH,-1200.0,1200.0,1200.0,2400.0,0.0,False,True,ALL_12_RETAINED_INTERFACES_AT_THE_SAME_RESIDUAL_SCARCITY_HOUR
SI,2019-02-01 07:00:00,EXT_AT_SI,AT,SI,-1450.0,1450.0,1450.0,2900.0,0.0,False,True,ALL_12_RETAINED_INTERFACES_AT_THE_SAME_RESIDUAL_SCARCITY_HOUR
SI,2019-02-01 07:00:00,EXT_CH_FR,CH,FR,2200.0,2200.0,4500.0,0.0,6700.0,True,False,ALL_12_RETAINED_INTERFACES_AT_THE_SAME_RESIDUAL_SCARCITY_HOUR
SI,2019-02-01 07:00:00,EXT_HR_SI,HR,SI,340.9003543502578,1500.0,1500.0,1159.0996456497421,1840.9003543502579,False,False,ALL_12_RETAINED_INTERFACES_AT_THE_SAME_RESIDUAL_SCARCITY_HOUR
SI,2019-02-01 07:00:00,IT_AT,AT,IT,-300.0,700.0,300.0,1000.0,0.0,False,True,ALL_12_RETAINED_INTERFACES_AT_THE_SAME_RESIDUAL_SCARCITY_HOUR
SI,2019-02-01 07:00:00,IT_CH,CH,IT,4600.0,4600.0,1900.0,0.0,6500.0,True,False,ALL_12_RETAINED_INTERFACES_AT_THE_SAME_RESIDUAL_SCARCITY_HOUR
SI,2019-02-01 07:00:00,IT_FR,FR,IT,4500.0,4500.0,2200.0,0.0,6700.0,True,False,ALL_12_RETAINED_INTERFACES_AT_THE_SAME_RESIDUAL_SCARCITY_HOUR
SI,2019-02-01 07:00:00,IT_GR,GR,IT,500.0,500.0,500.0,0.0,1000.0,True,False,ALL_12_RETAINED_INTERFACES_AT_THE_SAME_RESIDUAL_SCARCITY_HOUR
SI,2019-02-01 07:00:00,IT_ME,IT,ME,-600.0,600.0,600.0,1200.0,0.0,False,True,ALL_12_RETAINED_INTERFACES_AT_THE_SAME_RESIDUAL_SCARCITY_HOUR
SI,2019-02-01 07:00:00,IT_MT,IT,MT,-76.17832406925616,200.0,200.0,276.1783240692562,123.82167593074384,False,False,ALL_12_RETAINED_INTERFACES_AT_THE_SAME_RESIDUAL_SCARCITY_HOUR
SI,2019-02-01 07:00:00,IT_SI,IT,SI,1200.0,1200.0,1100.0,0.0,2300.0,True,False,ALL_12_RETAINED_INTERFACES_AT_THE_SAME_RESIDUAL_SCARCITY_HOUR
SI,2019-02-01 07:00:00,IT_TN,IT,TN,-600.0,600.0,600.0,1200.0,0.0,False,True,ALL_12_RETAINED_INTERFACES_AT_THE_SAME_RESIDUAL_SCARCITY_HOUR
SI,2019-02-08 06:00:00,EXT_AT_CH,AT,CH,-1200.0,1200.0,1200.0,2400.0,0.0,False,True,ALL_12_RETAINED_INTERFACES_AT_THE_SAME_RESIDUAL_SCARCITY_HOUR
SI,2019-02-08 06:00:00,EXT_AT_SI,AT,SI,-1450.0,1450.0,1450.0,2900.0,0.0,False,True,ALL_12_RETAINED_INTERFACES_AT_THE_SAME_RESIDUAL_SCARCITY_HOUR
SI,2019-02-08 06:00:00,EXT_CH_FR,CH,FR,-4500.0,2200.0,4500.0,6700.0,0.0,False,True,ALL_12_RETAINED_INTERFACES_AT_THE_SAME_RESIDUAL_SCARCITY_HOUR
SI,2019-02-08 06:00:00,EXT_HR_SI,HR,SI,-170.9408854891075,1500.0,1500.0,1670.9408854891076,1329.0591145108924,False,False,ALL_12_RETAINED_INTERFACES_AT_THE_SAME_RESIDUAL_SCARCITY_HOUR
SI,2019-02-08 06:00:00,IT_AT,AT,IT,700.0,700.0,300.0,0.0,1000.0,True,False,ALL_12_RETAINED_INTERFACES_AT_THE_SAME_RESIDUAL_SCARCITY_HOUR
SI,2019-02-08 06:00:00,IT_CH,CH,IT,4600.0,4600.0,1900.0,0.0,6500.0,True,False,ALL_12_RETAINED_INTERFACES_AT_THE_SAME_RESIDUAL_SCARCITY_HOUR
SI,2019-02-08 06:00:00,IT_FR,FR,IT,4500.0,4500.0,2200.0,0.0,6700.0,True,False,ALL_12_RETAINED_INTERFACES_AT_THE_SAME_RESIDUAL_SCARCITY_HOUR
SI,2019-02-08 06:00:00,IT_GR,GR,IT,500.0,500.0,500.0,0.0,1000.0,True,False,ALL_12_RETAINED_INTERFACES_AT_THE_SAME_RESIDUAL_SCARCITY_HOUR
SI,2019-02-08 06:00:00,IT_ME,IT,ME,-600.0,600.0,600.0,1200.0,0.0,False,True,ALL_12_RETAINED_INTERFACES_AT_THE_SAME_RESIDUAL_SCARCITY_HOUR
SI,2019-02-08 06:00:00,IT_MT,IT,MT,-200.0,200.0,200.0,400.0,0.0,False,True,ALL_12_RETAINED_INTERFACES_AT_THE_SAME_RESIDUAL_SCARCITY_HOUR
SI,2019-02-08 06:00:00,IT_SI,IT,SI,-1100.0,1200.0,1100.0,2300.0,0.0,False,True,ALL_12_RETAINED_INTERFACES_AT_THE_SAME_RESIDUAL_SCARCITY_HOUR
SI,2019-02-08 06:00:00,IT_TN,IT,TN,-600.0,600.0,600.0,1200.0,0.0,False,True,ALL_12_RETAINED_INTERFACES_AT_THE_SAME_RESIDUAL_SCARCITY_HOUR
SI,2019-02-08 07:00:00,EXT_AT_CH,AT,CH,-1200.0,1200.0,1200.0,2400.0,0.0,False,True,ALL_12_RETAINED_INTERFACES_AT_THE_SAME_RESIDUAL_SCARCITY_HOUR
SI,2019-02-08 07:00:00,EXT_AT_SI,AT,SI,-1450.0,1450.0,1450.0,2900.0,0.0,False,True,ALL_12_RETAINED_INTERFACES_AT_THE_SAME_RESIDUAL_SCARCITY_HOUR
SI,2019-02-08 07:00:00,EXT_CH_FR,CH,FR,-4500.0,2200.0,4500.0,6700.0,0.0,False,True,ALL_12_RETAINED_INTERFACES_AT_THE_SAME_RESIDUAL_SCARCITY_HOUR
SI,2019-02-08 07:00:00,EXT_HR_SI,HR,SI,-49.26627582348126,1500.0,1500.0,1549.2662758234812,1450.7337241765188,False,False,ALL_12_RETAINED_INTERFACES_AT_THE_SAME_RESIDUAL_SCARCITY_HOUR
SI,2019-02-08 07:00:00,IT_AT,AT,IT,-300.0,700.0,300.0,1000.0,0.0,False,True,ALL_12_RETAINED_INTERFACES_AT_THE_SAME_RESIDUAL_SCARCITY_HOUR
SI,2019-02-08 07:00:00,IT_CH,CH,IT,4600.0,4600.0,1900.0,0.0,6500.0,True,False,ALL_12_RETAINED_INTERFACES_AT_THE_SAME_RESIDUAL_SCARCITY_HOUR
SI,2019-02-08 07:00:00,IT_FR,FR,IT,4500.0,4500.0,2200.0,0.0,6700.0,True,False,ALL_12_RETAINED_INTERFACES_AT_THE_SAME_RESIDUAL_SCARCITY_HOUR
SI,2019-02-08 07:00:00,IT_GR,GR,IT,500.0,500.0,500.0,0.0,1000.0,True,False,ALL_12_RETAINED_INTERFACES_AT_THE_SAME_RESIDUAL_SCARCITY_HOUR
SI,2019-02-08 07:00:00,IT_ME,IT,ME,-600.0,600.0,600.0,1200.0,0.0,False,True,ALL_12_RETAINED_INTERFACES_AT_THE_SAME_RESIDUAL_SCARCITY_HOUR
SI,2019-02-08 07:00:00,IT_MT,IT,MT,-200.0,200.0,200.0,400.0,0.0,False,True,ALL_12_RETAINED_INTERFACES_AT_THE_SAME_RESIDUAL_SCARCITY_HOUR
SI,2019-02-08 07:00:00,IT_SI,IT,SI,-1100.0,1200.0,1100.0,2300.0,0.0,False,True,ALL_12_RETAINED_INTERFACES_AT_THE_SAME_RESIDUAL_SCARCITY_HOUR
SI,2019-02-08 07:00:00,IT_TN,IT,TN,-600.0,600.0,600.0,1200.0,0.0,False,True,ALL_12_RETAINED_INTERFACES_AT_THE_SAME_RESIDUAL_SCARCITY_HOUR
SI,2019-12-11 20:00:00,EXT_AT_CH,AT,CH,-1200.0,1200.0,1200.0,2400.0,0.0,False,True,ALL_12_RETAINED_INTERFACES_AT_THE_SAME_RESIDUAL_SCARCITY_HOUR
SI,2019-12-11 20:00:00,EXT_AT_SI,AT,SI,-1450.0,1450.0,1450.0,2900.0,0.0,False,True,ALL_12_RETAINED_INTERFACES_AT_THE_SAME_RESIDUAL_SCARCITY_HOUR
SI,2019-12-11 20:00:00,EXT_CH_FR,CH,FR,-4500.0,2200.0,4500.0,6700.0,0.0,False,True,ALL_12_RETAINED_INTERFACES_AT_THE_SAME_RESIDUAL_SCARCITY_HOUR
SI,2019-12-11 20:00:00,EXT_HR_SI,HR,SI,-710.0764329660559,1500.0,1500.0,2210.076432966056,789.9235670339441,False,False,ALL_12_RETAINED_INTERFACES_AT_THE_SAME_RESIDUAL_SCARCITY_HOUR
SI,2019-12-11 20:00:00,IT_AT,AT,IT,-300.0,700.0,300.0,1000.0,0.0,False,True,ALL_12_RETAINED_INTERFACES_AT_THE_SAME_RESIDUAL_SCARCITY_HOUR
SI,2019-12-11 20:00:00,IT_CH,CH,IT,4600.0,4600.0,1900.0,0.0,6500.0,True,False,ALL_12_RETAINED_INTERFACES_AT_THE_SAME_RESIDUAL_SCARCITY_HOUR
SI,2019-12-11 20:00:00,IT_FR,FR,IT,4500.0,4500.0,2200.0,0.0,6700.0,True,False,ALL_12_RETAINED_INTERFACES_AT_THE_SAME_RESIDUAL_SCARCITY_HOUR
SI,2019-12-11 20:00:00,IT_GR,GR,IT,500.0,500.0,500.0,0.0,1000.0,True,False,ALL_12_RETAINED_INTERFACES_AT_THE_SAME_RESIDUAL_SCARCITY_HOUR
SI,2019-12-11 20:00:00,IT_ME,IT,ME,-537.0606904157561,600.0,600.0,1137.0606904157562,62.939309584243915,False,False,ALL_12_RETAINED_INTERFACES_AT_THE_SAME_RESIDUAL_SCARCITY_HOUR
SI,2019-12-11 20:00:00,IT_MT,IT,MT,-200.0,200.0,200.0,400.0,0.0,False,True,ALL_12_RETAINED_INTERFACES_AT_THE_SAME_RESIDUAL_SCARCITY_HOUR
SI,2019-12-11 20:00:00,IT_SI,IT,SI,1200.0,1200.0,1100.0,0.0,2300.0,True,False,ALL_12_RETAINED_INTERFACES_AT_THE_SAME_RESIDUAL_SCARCITY_HOUR
SI,2019-12-11 20:00:00,IT_TN,IT,TN,-600.0,600.0,600.0,1200.0,0.0,False,True,ALL_12_RETAINED_INTERFACES_AT_THE_SAME_RESIDUAL_SCARCITY_HOUR
SI,2019-12-11 21:00:00,EXT_AT_CH,AT,CH,-1200.0,1200.0,1200.0,2400.0,0.0,False,True,ALL_12_RETAINED_INTERFACES_AT_THE_SAME_RESIDUAL_SCARCITY_HOUR
SI,2019-12-11 21:00:00,EXT_AT_SI,AT,SI,-1450.0,1450.0,1450.0,2900.0,0.0,False,True,ALL_12_RETAINED_INTERFACES_AT_THE_SAME_RESIDUAL_SCARCITY_HOUR
SI,2019-12-11 21:00:00,EXT_CH_FR,CH,FR,-4500.0,2200.0,4500.0,6700.0,0.0,False,True,ALL_12_RETAINED_INTERFACES_AT_THE_SAME_RESIDUAL_SCARCITY_HOUR
SI,2019-12-11 21:00:00,EXT_HR_SI,HR,SI,-432.96074289284695,1500.0,1500.0,1932.960742892847,1067.039257107153,False,False,ALL_12_RETAINED_INTERFACES_AT_THE_SAME_RESIDUAL_SCARCITY_HOUR
SI,2019-12-11 21:00:00,IT_AT,AT,IT,-300.0,700.0,300.0,1000.0,0.0,False,True,ALL_12_RETAINED_INTERFACES_AT_THE_SAME_RESIDUAL_SCARCITY_HOUR
SI,2019-12-11 21:00:00,IT_CH,CH,IT,4600.0,4600.0,1900.0,0.0,6500.0,True,False,ALL_12_RETAINED_INTERFACES_AT_THE_SAME_RESIDUAL_SCARCITY_HOUR
SI,2019-12-11 21:00:00,IT_FR,FR,IT,4500.0,4500.0,2200.0,0.0,6700.0,True,False,ALL_12_RETAINED_INTERFACES_AT_THE_SAME_RESIDUAL_SCARCITY_HOUR
SI,2019-12-11 21:00:00,IT_GR,GR,IT,500.0,500.0,500.0,0.0,1000.0,True,False,ALL_12_RETAINED_INTERFACES_AT_THE_SAME_RESIDUAL_SCARCITY_HOUR
SI,2019-12-11 21:00:00,IT_ME,IT,ME,-558.3244252551087,600.0,600.0,1158.3244252551087,41.675574744891264,False,False,ALL_12_RETAINED_INTERFACES_AT_THE_SAME_RESIDUAL_SCARCITY_HOUR
SI,2019-12-11 21:00:00,IT_MT,IT,MT,-200.0,200.0,200.0,400.0,0.0,False,True,ALL_12_RETAINED_INTERFACES_AT_THE_SAME_RESIDUAL_SCARCITY_HOUR
SI,2019-12-11 21:00:00,IT_SI,IT,SI,1200.0,1200.0,1100.0,0.0,2300.0,True,False,ALL_12_RETAINED_INTERFACES_AT_THE_SAME_RESIDUAL_SCARCITY_HOUR
SI,2019-12-11 21:00:00,IT_TN,IT,TN,-600.0,600.0,600.0,1200.0,0.0,False,True,ALL_12_RETAINED_INTERFACES_AT_THE_SAME_RESIDUAL_SCARCITY_HOUR
SI,2019-12-12 06:00:00,EXT_AT_CH,AT,CH,-1200.0,1200.0,1200.0,2400.0,0.0,False,True,ALL_12_RETAINED_INTERFACES_AT_THE_SAME_RESIDUAL_SCARCITY_HOUR
SI,2019-12-12 06:00:00,EXT_AT_SI,AT,SI,-1450.0,1450.0,1450.0,2900.0,0.0,False,True,ALL_12_RETAINED_INTERFACES_AT_THE_SAME_RESIDUAL_SCARCITY_HOUR
SI,2019-12-12 06:00:00,EXT_CH_FR,CH,FR,-4500.0,2200.0,4500.0,6700.0,0.0,False,True,ALL_12_RETAINED_INTERFACES_AT_THE_SAME_RESIDUAL_SCARCITY_HOUR
SI,2019-12-12 06:00:00,EXT_HR_SI,HR,SI,-1026.9155752143924,1500.0,1500.0,2526.9155752143924,473.08442478560755,False,False,ALL_12_RETAINED_INTERFACES_AT_THE_SAME_RESIDUAL_SCARCITY_HOUR
SI,2019-12-12 06:00:00,IT_AT,AT,IT,-300.0,700.0,300.0,1000.0,0.0,False,True,ALL_12_RETAINED_INTERFACES_AT_THE_SAME_RESIDUAL_SCARCITY_HOUR
SI,2019-12-12 06:00:00,IT_CH,CH,IT,4600.0,4600.0,1900.0,0.0,6500.0,True,False,ALL_12_RETAINED_INTERFACES_AT_THE_SAME_RESIDUAL_SCARCITY_HOUR
SI,2019-12-12 06:00:00,IT_FR,FR,IT,4500.0,4500.0,2200.0,0.0,6700.0,True,False,ALL_12_RETAINED_INTERFACES_AT_THE_SAME_RESIDUAL_SCARCITY_HOUR
SI,2019-12-12 06:00:00,IT_GR,GR,IT,500.0,500.0,500.0,0.0,1000.0,True,False,ALL_12_RETAINED_INTERFACES_AT_THE_SAME_RESIDUAL_SCARCITY_HOUR
SI,2019-12-12 06:00:00,IT_ME,IT,ME,-600.0,600.0,600.0,1200.0,0.0,False,True,ALL_12_RETAINED_INTERFACES_AT_THE_SAME_RESIDUAL_SCARCITY_HOUR
SI,2019-12-12 06:00:00,IT_MT,IT,MT,-200.0,200.0,200.0,400.0,0.0,False,True,ALL_12_RETAINED_INTERFACES_AT_THE_SAME_RESIDUAL_SCARCITY_HOUR
SI,2019-12-12 06:00:00,IT_SI,IT,SI,1200.0,1200.0,1100.0,0.0,2300.0,True,False,ALL_12_RETAINED_INTERFACES_AT_THE_SAME_RESIDUAL_SCARCITY_HOUR
SI,2019-12-12 06:00:00,IT_TN,IT,TN,-600.0,600.0,600.0,1200.0,0.0,False,True,ALL_12_RETAINED_INTERFACES_AT_THE_SAME_RESIDUAL_SCARCITY_HOUR
SI,2019-12-12 08:00:00,EXT_AT_CH,AT,CH,-1200.0,1200.0,1200.0,2400.0,0.0,False,True,ALL_12_RETAINED_INTERFACES_AT_THE_SAME_RESIDUAL_SCARCITY_HOUR
SI,2019-12-12 08:00:00,EXT_AT_SI,AT,SI,-1450.0,1450.0,1450.0,2900.0,0.0,False,True,ALL_12_RETAINED_INTERFACES_AT_THE_SAME_RESIDUAL_SCARCITY_HOUR
SI,2019-12-12 08:00:00,EXT_CH_FR,CH,FR,-4500.0,2200.0,4500.0,6700.0,0.0,False,True,ALL_12_RETAINED_INTERFACES_AT_THE_SAME_RESIDUAL_SCARCITY_HOUR
SI,2019-12-12 08:00:00,EXT_HR_SI,HR,SI,-757.5268319729872,1500.0,1500.0,2257.526831972987,742.4731680270128,False,False,ALL_12_RETAINED_INTERFACES_AT_THE_SAME_RESIDUAL_SCARCITY_HOUR
SI,2019-12-12 08:00:00,IT_AT,AT,IT,-300.0,700.0,300.0,1000.0,0.0,False,True,ALL_12_RETAINED_INTERFACES_AT_THE_SAME_RESIDUAL_SCARCITY_HOUR
SI,2019-12-12 08:00:00,IT_CH,CH,IT,4600.0,4600.0,1900.0,0.0,6500.0,True,False,ALL_12_RETAINED_INTERFACES_AT_THE_SAME_RESIDUAL_SCARCITY_HOUR
SI,2019-12-12 08:00:00,IT_FR,FR,IT,4500.0,4500.0,2200.0,0.0,6700.0,True,False,ALL_12_RETAINED_INTERFACES_AT_THE_SAME_RESIDUAL_SCARCITY_HOUR
SI,2019-12-12 08:00:00,IT_GR,GR,IT,500.0,500.0,500.0,0.0,1000.0,True,False,ALL_12_RETAINED_INTERFACES_AT_THE_SAME_RESIDUAL_SCARCITY_HOUR
SI,2019-12-12 08:00:00,IT_ME,IT,ME,-600.0,600.0,600.0,1200.0,0.0,False,True,ALL_12_RETAINED_INTERFACES_AT_THE_SAME_RESIDUAL_SCARCITY_HOUR
SI,2019-12-12 08:00:00,IT_MT,IT,MT,-200.0,200.0,200.0,400.0,0.0,False,True,ALL_12_RETAINED_INTERFACES_AT_THE_SAME_RESIDUAL_SCARCITY_HOUR
SI,2019-12-12 08:00:00,IT_SI,IT,SI,1200.0,1200.0,1100.0,0.0,2300.0,True,False,ALL_12_RETAINED_INTERFACES_AT_THE_SAME_RESIDUAL_SCARCITY_HOUR
SI,2019-12-12 08:00:00,IT_TN,IT,TN,-600.0,600.0,600.0,1200.0,0.0,False,True,ALL_12_RETAINED_INTERFACES_AT_THE_SAME_RESIDUAL_SCARCITY_HOUR
SI,2019-12-12 09:00:00,EXT_AT_CH,AT,CH,-1200.0,1200.0,1200.0,2400.0,0.0,False,True,ALL_12_RETAINED_INTERFACES_AT_THE_SAME_RESIDUAL_SCARCITY_HOUR
SI,2019-12-12 09:00:00,EXT_AT_SI,AT,SI,-1450.0,1450.0,1450.0,2900.0,0.0,False,True,ALL_12_RETAINED_INTERFACES_AT_THE_SAME_RESIDUAL_SCARCITY_HOUR
SI,2019-12-12 09:00:00,EXT_CH_FR,CH,FR,-4500.0,2200.0,4500.0,6700.0,0.0,False,True,ALL_12_RETAINED_INTERFACES_AT_THE_SAME_RESIDUAL_SCARCITY_HOUR
SI,2019-12-12 09:00:00,EXT_HR_SI,HR,SI,-856.2625511251439,1500.0,1500.0,2356.262551125144,643.7374488748561,False,False,ALL_12_RETAINED_INTERFACES_AT_THE_SAME_RESIDUAL_SCARCITY_HOUR
SI,2019-12-12 09:00:00,IT_AT,AT,IT,-300.0,700.0,300.0,1000.0,0.0,False,True,ALL_12_RETAINED_INTERFACES_AT_THE_SAME_RESIDUAL_SCARCITY_HOUR
SI,2019-12-12 09:00:00,IT_CH,CH,IT,4600.0,4600.0,1900.0,0.0,6500.0,True,False,ALL_12_RETAINED_INTERFACES_AT_THE_SAME_RESIDUAL_SCARCITY_HOUR
SI,2019-12-12 09:00:00,IT_FR,FR,IT,4500.0,4500.0,2200.0,0.0,6700.0,True,False,ALL_12_RETAINED_INTERFACES_AT_THE_SAME_RESIDUAL_SCARCITY_HOUR
SI,2019-12-12 09:00:00,IT_GR,GR,IT,500.0,500.0,500.0,0.0,1000.0,True,False,ALL_12_RETAINED_INTERFACES_AT_THE_SAME_RESIDUAL_SCARCITY_HOUR
SI,2019-12-12 09:00:00,IT_ME,IT,ME,-600.0,600.0,600.0,1200.0,0.0,False,True,ALL_12_RETAINED_INTERFACES_AT_THE_SAME_RESIDUAL_SCARCITY_HOUR
SI,2019-12-12 09:00:00,IT_MT,IT,MT,-200.0,200.0,200.0,400.0,0.0,False,True,ALL_12_RETAINED_INTERFACES_AT_THE_SAME_RESIDUAL_SCARCITY_HOUR
SI,2019-12-12 09:00:00,IT_SI,IT,SI,1200.0,1200.0,1100.0,0.0,2300.0,True,False,ALL_12_RETAINED_INTERFACES_AT_THE_SAME_RESIDUAL_SCARCITY_HOUR
SI,2019-12-12 09:00:00,IT_TN,IT,TN,-600.0,600.0,600.0,1200.0,0.0,False,True,ALL_12_RETAINED_INTERFACES_AT_THE_SAME_RESIDUAL_SCARCITY_HOUR
SI,2019-12-12 10:00:00,EXT_AT_CH,AT,CH,-1200.0,1200.0,1200.0,2400.0,0.0,False,True,ALL_12_RETAINED_INTERFACES_AT_THE_SAME_RESIDUAL_SCARCITY_HOUR
SI,2019-12-12 10:00:00,EXT_AT_SI,AT,SI,-1450.0,1450.0,1450.0,2900.0,0.0,False,True,ALL_12_RETAINED_INTERFACES_AT_THE_SAME_RESIDUAL_SCARCITY_HOUR
SI,2019-12-12 10:00:00,EXT_CH_FR,CH,FR,-4500.0,2200.0,4500.0,6700.0,0.0,False,True,ALL_12_RETAINED_INTERFACES_AT_THE_SAME_RESIDUAL_SCARCITY_HOUR
SI,2019-12-12 10:00:00,EXT_HR_SI,HR,SI,-940.3830287910336,1500.0,1500.0,2440.3830287910337,559.6169712089664,False,False,ALL_12_RETAINED_INTERFACES_AT_THE_SAME_RESIDUAL_SCARCITY_HOUR
SI,2019-12-12 10:00:00,IT_AT,AT,IT,-300.0,700.0,300.0,1000.0,0.0,False,True,ALL_12_RETAINED_INTERFACES_AT_THE_SAME_RESIDUAL_SCARCITY_HOUR
SI,2019-12-12 10:00:00,IT_CH,CH,IT,4600.0,4600.0,1900.0,0.0,6500.0,True,False,ALL_12_RETAINED_INTERFACES_AT_THE_SAME_RESIDUAL_SCARCITY_HOUR
SI,2019-12-12 10:00:00,IT_FR,FR,IT,4500.0,4500.0,2200.0,0.0,6700.0,True,False,ALL_12_RETAINED_INTERFACES_AT_THE_SAME_RESIDUAL_SCARCITY_HOUR
SI,2019-12-12 10:00:00,IT_GR,GR,IT,500.0,500.0,500.0,0.0,1000.0,True,False,ALL_12_RETAINED_INTERFACES_AT_THE_SAME_RESIDUAL_SCARCITY_HOUR
SI,2019-12-12 10:00:00,IT_ME,IT,ME,-600.0,600.0,600.0,1200.0,0.0,False,True,ALL_12_RETAINED_INTERFACES_AT_THE_SAME_RESIDUAL_SCARCITY_HOUR
SI,2019-12-12 10:00:00,IT_MT,IT,MT,-200.0,200.0,200.0,400.0,0.0,False,True,ALL_12_RETAINED_INTERFACES_AT_THE_SAME_RESIDUAL_SCARCITY_HOUR
SI,2019-12-12 10:00:00,IT_SI,IT,SI,1200.0,1200.0,1100.0,0.0,2300.0,True,False,ALL_12_RETAINED_INTERFACES_AT_THE_SAME_RESIDUAL_SCARCITY_HOUR
SI,2019-12-12 10:00:00,IT_TN,IT,TN,-600.0,600.0,600.0,1200.0,0.0,False,True,ALL_12_RETAINED_INTERFACES_AT_THE_SAME_RESIDUAL_SCARCITY_HOUR
SI,2019-12-12 11:00:00,EXT_AT_CH,AT,CH,-1200.0,1200.0,1200.0,2400.0,0.0,False,True,ALL_12_RETAINED_INTERFACES_AT_THE_SAME_RESIDUAL_SCARCITY_HOUR
SI,2019-12-12 11:00:00,EXT_AT_SI,AT,SI,-1450.0,1450.0,1450.0,2900.0,0.0,False,True,ALL_12_RETAINED_INTERFACES_AT_THE_SAME_RESIDUAL_SCARCITY_HOUR
SI,2019-12-12 11:00:00,EXT_CH_FR,CH,FR,-4500.0,2200.0,4500.0,6700.0,0.0,False,True,ALL_12_RETAINED_INTERFACES_AT_THE_SAME_RESIDUAL_SCARCITY_HOUR
SI,2019-12-12 11:00:00,EXT_HR_SI,HR,SI,-953.4194774067386,1500.0,1500.0,2453.4194774067387,546.5805225932614,False,False,ALL_12_RETAINED_INTERFACES_AT_THE_SAME_RESIDUAL_SCARCITY_HOUR
SI,2019-12-12 11:00:00,IT_AT,AT,IT,-300.0,700.0,300.0,1000.0,0.0,False,True,ALL_12_RETAINED_INTERFACES_AT_THE_SAME_RESIDUAL_SCARCITY_HOUR
SI,2019-12-12 11:00:00,IT_CH,CH,IT,4600.0,4600.0,1900.0,0.0,6500.0,True,False,ALL_12_RETAINED_INTERFACES_AT_THE_SAME_RESIDUAL_SCARCITY_HOUR
SI,2019-12-12 11:00:00,IT_FR,FR,IT,4500.0,4500.0,2200.0,0.0,6700.0,True,False,ALL_12_RETAINED_INTERFACES_AT_THE_SAME_RESIDUAL_SCARCITY_HOUR
SI,2019-12-12 11:00:00,IT_GR,GR,IT,500.0,500.0,500.0,0.0,1000.0,True,False,ALL_12_RETAINED_INTERFACES_AT_THE_SAME_RESIDUAL_SCARCITY_HOUR
SI,2019-12-12 11:00:00,IT_ME,IT,ME,-600.0,600.0,600.0,1200.0,0.0,False,True,ALL_12_RETAINED_INTERFACES_AT_THE_SAME_RESIDUAL_SCARCITY_HOUR
SI,2019-12-12 11:00:00,IT_MT,IT,MT,-200.0,200.0,200.0,400.0,0.0,False,True,ALL_12_RETAINED_INTERFACES_AT_THE_SAME_RESIDUAL_SCARCITY_HOUR
SI,2019-12-12 11:00:00,IT_SI,IT,SI,1200.0,1200.0,1100.0,0.0,2300.0,True,False,ALL_12_RETAINED_INTERFACES_AT_THE_SAME_RESIDUAL_SCARCITY_HOUR
SI,2019-12-12 11:00:00,IT_TN,IT,TN,-600.0,600.0,600.0,1200.0,0.0,False,True,ALL_12_RETAINED_INTERFACES_AT_THE_SAME_RESIDUAL_SCARCITY_HOUR
SI,2019-12-12 12:00:00,EXT_AT_CH,AT,CH,-1200.0,1200.0,1200.0,2400.0,0.0,False,True,ALL_12_RETAINED_INTERFACES_AT_THE_SAME_RESIDUAL_SCARCITY_HOUR
SI,2019-12-12 12:00:00,EXT_AT_SI,AT,SI,-1450.0,1450.0,1450.0,2900.0,0.0,False,True,ALL_12_RETAINED_INTERFACES_AT_THE_SAME_RESIDUAL_SCARCITY_HOUR
SI,2019-12-12 12:00:00,EXT_CH_FR,CH,FR,-4500.0,2200.0,4500.0,6700.0,0.0,False,True,ALL_12_RETAINED_INTERFACES_AT_THE_SAME_RESIDUAL_SCARCITY_HOUR
SI,2019-12-12 12:00:00,EXT_HR_SI,HR,SI,-862.2370724153992,1500.0,1500.0,2362.2370724153993,637.7629275846008,False,False,ALL_12_RETAINED_INTERFACES_AT_THE_SAME_RESIDUAL_SCARCITY_HOUR
SI,2019-12-12 12:00:00,IT_AT,AT,IT,-300.0,700.0,300.0,1000.0,0.0,False,True,ALL_12_RETAINED_INTERFACES_AT_THE_SAME_RESIDUAL_SCARCITY_HOUR
SI,2019-12-12 12:00:00,IT_CH,CH,IT,4600.0,4600.0,1900.0,0.0,6500.0,True,False,ALL_12_RETAINED_INTERFACES_AT_THE_SAME_RESIDUAL_SCARCITY_HOUR
SI,2019-12-12 12:00:00,IT_FR,FR,IT,4500.0,4500.0,2200.0,0.0,6700.0,True,False,ALL_12_RETAINED_INTERFACES_AT_THE_SAME_RESIDUAL_SCARCITY_HOUR
SI,2019-12-12 12:00:00,IT_GR,GR,IT,500.0,500.0,500.0,0.0,1000.0,True,False,ALL_12_RETAINED_INTERFACES_AT_THE_SAME_RESIDUAL_SCARCITY_HOUR
SI,2019-12-12 12:00:00,IT_ME,IT,ME,-600.0,600.0,600.0,1200.0,0.0,False,True,ALL_12_RETAINED_INTERFACES_AT_THE_SAME_RESIDUAL_SCARCITY_HOUR
SI,2019-12-12 12:00:00,IT_MT,IT,MT,-200.0,200.0,200.0,400.0,0.0,False,True,ALL_12_RETAINED_INTERFACES_AT_THE_SAME_RESIDUAL_SCARCITY_HOUR
SI,2019-12-12 12:00:00,IT_SI,IT,SI,1200.0,1200.0,1100.0,0.0,2300.0,True,False,ALL_12_RETAINED_INTERFACES_AT_THE_SAME_RESIDUAL_SCARCITY_HOUR
SI,2019-12-12 12:00:00,IT_TN,IT,TN,-600.0,600.0,600.0,1200.0,0.0,False,True,ALL_12_RETAINED_INTERFACES_AT_THE_SAME_RESIDUAL_SCARCITY_HOUR
SI,2019-12-12 13:00:00,EXT_AT_CH,AT,CH,-1200.0,1200.0,1200.0,2400.0,0.0,False,True,ALL_12_RETAINED_INTERFACES_AT_THE_SAME_RESIDUAL_SCARCITY_HOUR
SI,2019-12-12 13:00:00,EXT_AT_SI,AT,SI,-1450.0,1450.0,1450.0,2900.0,0.0,False,True,ALL_12_RETAINED_INTERFACES_AT_THE_SAME_RESIDUAL_SCARCITY_HOUR
SI,2019-12-12 13:00:00,EXT_CH_FR,CH,FR,-4500.0,2200.0,4500.0,6700.0,0.0,False,True,ALL_12_RETAINED_INTERFACES_AT_THE_SAME_RESIDUAL_SCARCITY_HOUR
SI,2019-12-12 13:00:00,EXT_HR_SI,HR,SI,-865.1444719231757,1500.0,1500.0,2365.144471923176,634.8555280768243,False,False,ALL_12_RETAINED_INTERFACES_AT_THE_SAME_RESIDUAL_SCARCITY_HOUR
SI,2019-12-12 13:00:00,IT_AT,AT,IT,-300.0,700.0,300.0,1000.0,0.0,False,True,ALL_12_RETAINED_INTERFACES_AT_THE_SAME_RESIDUAL_SCARCITY_HOUR
SI,2019-12-12 13:00:00,IT_CH,CH,IT,4600.0,4600.0,1900.0,0.0,6500.0,True,False,ALL_12_RETAINED_INTERFACES_AT_THE_SAME_RESIDUAL_SCARCITY_HOUR
SI,2019-12-12 13:00:00,IT_FR,FR,IT,4500.0,4500.0,2200.0,0.0,6700.0,True,False,ALL_12_RETAINED_INTERFACES_AT_THE_SAME_RESIDUAL_SCARCITY_HOUR
SI,2019-12-12 13:00:00,IT_GR,GR,IT,500.0,500.0,500.0,0.0,1000.0,True,False,ALL_12_RETAINED_INTERFACES_AT_THE_SAME_RESIDUAL_SCARCITY_HOUR
SI,2019-12-12 13:00:00,IT_ME,IT,ME,-600.0,600.0,600.0,1200.0,0.0,False,True,ALL_12_RETAINED_INTERFACES_AT_THE_SAME_RESIDUAL_SCARCITY_HOUR
SI,2019-12-12 13:00:00,IT_MT,IT,MT,-200.0,200.0,200.0,400.0,0.0,False,True,ALL_12_RETAINED_INTERFACES_AT_THE_SAME_RESIDUAL_SCARCITY_HOUR
SI,2019-12-12 13:00:00,IT_SI,IT,SI,1200.0,1200.0,1100.0,0.0,2300.0,True,False,ALL_12_RETAINED_INTERFACES_AT_THE_SAME_RESIDUAL_SCARCITY_HOUR
SI,2019-12-12 13:00:00,IT_TN,IT,TN,-600.0,600.0,600.0,1200.0,0.0,False,True,ALL_12_RETAINED_INTERFACES_AT_THE_SAME_RESIDUAL_SCARCITY_HOUR
SI,2019-12-12 15:00:00,EXT_AT_CH,AT,CH,-1200.0,1200.0,1200.0,2400.0,0.0,False,True,ALL_12_RETAINED_INTERFACES_AT_THE_SAME_RESIDUAL_SCARCITY_HOUR
SI,2019-12-12 15:00:00,EXT_AT_SI,AT,SI,-1450.0,1450.0,1450.0,2900.0,0.0,False,True,ALL_12_RETAINED_INTERFACES_AT_THE_SAME_RESIDUAL_SCARCITY_HOUR
SI,2019-12-12 15:00:00,EXT_CH_FR,CH,FR,-4500.0,2200.0,4500.0,6700.0,0.0,False,True,ALL_12_RETAINED_INTERFACES_AT_THE_SAME_RESIDUAL_SCARCITY_HOUR
SI,2019-12-12 15:00:00,EXT_HR_SI,HR,SI,-1338.8707075641646,1500.0,1500.0,2838.8707075641646,161.1292924358354,False,False,ALL_12_RETAINED_INTERFACES_AT_THE_SAME_RESIDUAL_SCARCITY_HOUR
SI,2019-12-12 15:00:00,IT_AT,AT,IT,-300.0,700.0,300.0,1000.0,0.0,False,True,ALL_12_RETAINED_INTERFACES_AT_THE_SAME_RESIDUAL_SCARCITY_HOUR
SI,2019-12-12 15:00:00,IT_CH,CH,IT,4600.0,4600.0,1900.0,0.0,6500.0,True,False,ALL_12_RETAINED_INTERFACES_AT_THE_SAME_RESIDUAL_SCARCITY_HOUR
SI,2019-12-12 15:00:00,IT_FR,FR,IT,4500.0,4500.0,2200.0,0.0,6700.0,True,False,ALL_12_RETAINED_INTERFACES_AT_THE_SAME_RESIDUAL_SCARCITY_HOUR
SI,2019-12-12 15:00:00,IT_GR,GR,IT,500.0,500.0,500.0,0.0,1000.0,True,False,ALL_12_RETAINED_INTERFACES_AT_THE_SAME_RESIDUAL_SCARCITY_HOUR
SI,2019-12-12 15:00:00,IT_ME,IT,ME,-502.88604493469956,600.0,600.0,1102.8860449346996,97.11395506530044,False,False,ALL_12_RETAINED_INTERFACES_AT_THE_SAME_RESIDUAL_SCARCITY_HOUR
SI,2019-12-12 15:00:00,IT_MT,IT,MT,-200.0,200.0,200.0,400.0,0.0,False,True,ALL_12_RETAINED_INTERFACES_AT_THE_SAME_RESIDUAL_SCARCITY_HOUR
SI,2019-12-12 15:00:00,IT_SI,IT,SI,1200.0,1200.0,1100.0,0.0,2300.0,True,False,ALL_12_RETAINED_INTERFACES_AT_THE_SAME_RESIDUAL_SCARCITY_HOUR
SI,2019-12-12 15:00:00,IT_TN,IT,TN,-600.0,600.0,600.0,1200.0,0.0,False,True,ALL_12_RETAINED_INTERFACES_AT_THE_SAME_RESIDUAL_SCARCITY_HOUR
SI,2019-12-12 16:00:00,EXT_AT_CH,AT,CH,-1200.0,1200.0,1200.0,2400.0,0.0,False,True,ALL_12_RETAINED_INTERFACES_AT_THE_SAME_RESIDUAL_SCARCITY_HOUR
SI,2019-12-12 16:00:00,EXT_AT_SI,AT,SI,-1450.0,1450.0,1450.0,2900.0,0.0,False,True,ALL_12_RETAINED_INTERFACES_AT_THE_SAME_RESIDUAL_SCARCITY_HOUR
SI,2019-12-12 16:00:00,EXT_CH_FR,CH,FR,-4500.0,2200.0,4500.0,6700.0,0.0,False,True,ALL_12_RETAINED_INTERFACES_AT_THE_SAME_RESIDUAL_SCARCITY_HOUR
SI,2019-12-12 16:00:00,EXT_HR_SI,HR,SI,-1433.5578631252888,1500.0,1500.0,2933.557863125289,66.4421368747112,False,False,ALL_12_RETAINED_INTERFACES_AT_THE_SAME_RESIDUAL_SCARCITY_HOUR
SI,2019-12-12 16:00:00,IT_AT,AT,IT,-300.0,700.0,300.0,1000.0,0.0,False,True,ALL_12_RETAINED_INTERFACES_AT_THE_SAME_RESIDUAL_SCARCITY_HOUR
SI,2019-12-12 16:00:00,IT_CH,CH,IT,4600.0,4600.0,1900.0,0.0,6500.0,True,False,ALL_12_RETAINED_INTERFACES_AT_THE_SAME_RESIDUAL_SCARCITY_HOUR
SI,2019-12-12 16:00:00,IT_FR,FR,IT,4500.0,4500.0,2200.0,0.0,6700.0,True,False,ALL_12_RETAINED_INTERFACES_AT_THE_SAME_RESIDUAL_SCARCITY_HOUR
SI,2019-12-12 16:00:00,IT_GR,GR,IT,500.0,500.0,500.0,0.0,1000.0,True,False,ALL_12_RETAINED_INTERFACES_AT_THE_SAME_RESIDUAL_SCARCITY_HOUR
SI,2019-12-12 16:00:00,IT_ME,IT,ME,-600.0,600.0,600.0,1200.0,0.0,False,True,ALL_12_RETAINED_INTERFACES_AT_THE_SAME_RESIDUAL_SCARCITY_HOUR
SI,2019-12-12 16:00:00,IT_MT,IT,MT,-200.0,200.0,200.0,400.0,0.0,False,True,ALL_12_RETAINED_INTERFACES_AT_THE_SAME_RESIDUAL_SCARCITY_HOUR
SI,2019-12-12 16:00:00,IT_SI,IT,SI,1200.0,1200.0,1100.0,0.0,2300.0,True,False,ALL_12_RETAINED_INTERFACES_AT_THE_SAME_RESIDUAL_SCARCITY_HOUR
SI,2019-12-12 16:00:00,IT_TN,IT,TN,-600.0,600.0,600.0,1200.0,0.0,False,True,ALL_12_RETAINED_INTERFACES_AT_THE_SAME_RESIDUAL_SCARCITY_HOUR
SI,2019-12-12 17:00:00,EXT_AT_CH,AT,CH,-1200.0,1200.0,1200.0,2400.0,0.0,False,True,ALL_12_RETAINED_INTERFACES_AT_THE_SAME_RESIDUAL_SCARCITY_HOUR
SI,2019-12-12 17:00:00,EXT_AT_SI,AT,SI,-1450.0,1450.0,1450.0,2900.0,0.0,False,True,ALL_12_RETAINED_INTERFACES_AT_THE_SAME_RESIDUAL_SCARCITY_HOUR
SI,2019-12-12 17:00:00,EXT_CH_FR,CH,FR,-4500.0,2200.0,4500.0,6700.0,0.0,False,True,ALL_12_RETAINED_INTERFACES_AT_THE_SAME_RESIDUAL_SCARCITY_HOUR
SI,2019-12-12 17:00:00,EXT_HR_SI,HR,SI,-1405.201263194469,1500.0,1500.0,2905.201263194469,94.79873680553101,False,False,ALL_12_RETAINED_INTERFACES_AT_THE_SAME_RESIDUAL_SCARCITY_HOUR
SI,2019-12-12 17:00:00,IT_AT,AT,IT,-300.0,700.0,300.0,1000.0,0.0,False,True,ALL_12_RETAINED_INTERFACES_AT_THE_SAME_RESIDUAL_SCARCITY_HOUR
SI,2019-12-12 17:00:00,IT_CH,CH,IT,4600.0,4600.0,1900.0,0.0,6500.0,True,False,ALL_12_RETAINED_INTERFACES_AT_THE_SAME_RESIDUAL_SCARCITY_HOUR
SI,2019-12-12 17:00:00,IT_FR,FR,IT,4500.0,4500.0,2200.0,0.0,6700.0,True,False,ALL_12_RETAINED_INTERFACES_AT_THE_SAME_RESIDUAL_SCARCITY_HOUR
SI,2019-12-12 17:00:00,IT_GR,GR,IT,500.0,500.0,500.0,0.0,1000.0,True,False,ALL_12_RETAINED_INTERFACES_AT_THE_SAME_RESIDUAL_SCARCITY_HOUR
SI,2019-12-12 17:00:00,IT_ME,IT,ME,-600.0,600.0,600.0,1200.0,0.0,False,True,ALL_12_RETAINED_INTERFACES_AT_THE_SAME_RESIDUAL_SCARCITY_HOUR
SI,2019-12-12 17:00:00,IT_MT,IT,MT,-200.0,200.0,200.0,400.0,0.0,False,True,ALL_12_RETAINED_INTERFACES_AT_THE_SAME_RESIDUAL_SCARCITY_HOUR
SI,2019-12-12 17:00:00,IT_SI,IT,SI,1200.0,1200.0,1100.0,0.0,2300.0,True,False,ALL_12_RETAINED_INTERFACES_AT_THE_SAME_RESIDUAL_SCARCITY_HOUR
SI,2019-12-12 17:00:00,IT_TN,IT,TN,-600.0,600.0,600.0,1200.0,0.0,False,True,ALL_12_RETAINED_INTERFACES_AT_THE_SAME_RESIDUAL_SCARCITY_HOUR
SI,2019-12-12 18:00:00,EXT_AT_CH,AT,CH,-1200.0,1200.0,1200.0,2400.0,0.0,False,True,ALL_12_RETAINED_INTERFACES_AT_THE_SAME_RESIDUAL_SCARCITY_HOUR
SI,2019-12-12 18:00:00,EXT_AT_SI,AT,SI,-381.38213270063784,1450.0,1450.0,1831.3821327006378,1068.6178672993622,False,False,ALL_12_RETAINED_INTERFACES_AT_THE_SAME_RESIDUAL_SCARCITY_HOUR
SI,2019-12-12 18:00:00,EXT_CH_FR,CH,FR,-4500.0,2200.0,4500.0,6700.0,0.0,False,True,ALL_12_RETAINED_INTERFACES_AT_THE_SAME_RESIDUAL_SCARCITY_HOUR
SI,2019-12-12 18:00:00,EXT_HR_SI,HR,SI,-1407.1486794523316,1500.0,1500.0,2907.1486794523316,92.85132054766837,False,False,ALL_12_RETAINED_INTERFACES_AT_THE_SAME_RESIDUAL_SCARCITY_HOUR
SI,2019-12-12 18:00:00,IT_AT,AT,IT,700.0,700.0,300.0,0.0,1000.0,True,False,ALL_12_RETAINED_INTERFACES_AT_THE_SAME_RESIDUAL_SCARCITY_HOUR
SI,2019-12-12 18:00:00,IT_CH,CH,IT,4600.0,4600.0,1900.0,0.0,6500.0,True,False,ALL_12_RETAINED_INTERFACES_AT_THE_SAME_RESIDUAL_SCARCITY_HOUR
SI,2019-12-12 18:00:00,IT_FR,FR,IT,4500.0,4500.0,2200.0,0.0,6700.0,True,False,ALL_12_RETAINED_INTERFACES_AT_THE_SAME_RESIDUAL_SCARCITY_HOUR
SI,2019-12-12 18:00:00,IT_GR,GR,IT,500.0,500.0,500.0,0.0,1000.0,True,False,ALL_12_RETAINED_INTERFACES_AT_THE_SAME_RESIDUAL_SCARCITY_HOUR
SI,2019-12-12 18:00:00,IT_ME,IT,ME,-600.0,600.0,600.0,1200.0,0.0,False,True,ALL_12_RETAINED_INTERFACES_AT_THE_SAME_RESIDUAL_SCARCITY_HOUR
SI,2019-12-12 18:00:00,IT_MT,IT,MT,-200.0,200.0,200.0,400.0,0.0,False,True,ALL_12_RETAINED_INTERFACES_AT_THE_SAME_RESIDUAL_SCARCITY_HOUR
SI,2019-12-12 18:00:00,IT_SI,IT,SI,-1100.0,1200.0,1100.0,2300.0,0.0,False,True,ALL_12_RETAINED_INTERFACES_AT_THE_SAME_RESIDUAL_SCARCITY_HOUR
SI,2019-12-12 18:00:00,IT_TN,IT,TN,-600.0,600.0,600.0,1200.0,0.0,False,True,ALL_12_RETAINED_INTERFACES_AT_THE_SAME_RESIDUAL_SCARCITY_HOUR
SI,2019-12-12 19:00:00,EXT_AT_CH,AT,CH,-1200.0,1200.0,1200.0,2400.0,0.0,False,True,ALL_12_RETAINED_INTERFACES_AT_THE_SAME_RESIDUAL_SCARCITY_HOUR
SI,2019-12-12 19:00:00,EXT_AT_SI,AT,SI,-1450.0,1450.0,1450.0,2900.0,0.0,False,True,ALL_12_RETAINED_INTERFACES_AT_THE_SAME_RESIDUAL_SCARCITY_HOUR
SI,2019-12-12 19:00:00,EXT_CH_FR,CH,FR,-4500.0,2200.0,4500.0,6700.0,0.0,False,True,ALL_12_RETAINED_INTERFACES_AT_THE_SAME_RESIDUAL_SCARCITY_HOUR
SI,2019-12-12 19:00:00,EXT_HR_SI,HR,SI,-338.43092754761585,1500.0,1500.0,1838.4309275476157,1161.5690724523843,False,False,ALL_12_RETAINED_INTERFACES_AT_THE_SAME_RESIDUAL_SCARCITY_HOUR
SI,2019-12-12 19:00:00,IT_AT,AT,IT,700.0,700.0,300.0,0.0,1000.0,True,False,ALL_12_RETAINED_INTERFACES_AT_THE_SAME_RESIDUAL_SCARCITY_HOUR
SI,2019-12-12 19:00:00,IT_CH,CH,IT,4600.0,4600.0,1900.0,0.0,6500.0,True,False,ALL_12_RETAINED_INTERFACES_AT_THE_SAME_RESIDUAL_SCARCITY_HOUR
SI,2019-12-12 19:00:00,IT_FR,FR,IT,4500.0,4500.0,2200.0,0.0,6700.0,True,False,ALL_12_RETAINED_INTERFACES_AT_THE_SAME_RESIDUAL_SCARCITY_HOUR
SI,2019-12-12 19:00:00,IT_GR,GR,IT,500.0,500.0,500.0,0.0,1000.0,True,False,ALL_12_RETAINED_INTERFACES_AT_THE_SAME_RESIDUAL_SCARCITY_HOUR
SI,2019-12-12 19:00:00,IT_ME,IT,ME,-600.0,600.0,600.0,1200.0,0.0,False,True,ALL_12_RETAINED_INTERFACES_AT_THE_SAME_RESIDUAL_SCARCITY_HOUR
SI,2019-12-12 19:00:00,IT_MT,IT,MT,-200.0,200.0,200.0,400.0,0.0,False,True,ALL_12_RETAINED_INTERFACES_AT_THE_SAME_RESIDUAL_SCARCITY_HOUR
SI,2019-12-12 19:00:00,IT_SI,IT,SI,-1100.0,1200.0,1100.0,2300.0,0.0,False,True,ALL_12_RETAINED_INTERFACES_AT_THE_SAME_RESIDUAL_SCARCITY_HOUR
SI,2019-12-12 19:00:00,IT_TN,IT,TN,-600.0,600.0,600.0,1200.0,0.0,False,True,ALL_12_RETAINED_INTERFACES_AT_THE_SAME_RESIDUAL_SCARCITY_HOUR
SI,2019-12-12 21:00:00,EXT_AT_CH,AT,CH,-1200.0,1200.0,1200.0,2400.0,0.0,False,True,ALL_12_RETAINED_INTERFACES_AT_THE_SAME_RESIDUAL_SCARCITY_HOUR
SI,2019-12-12 21:00:00,EXT_AT_SI,AT,SI,1450.0,1450.0,1450.0,0.0,2900.0,True,False,ALL_12_RETAINED_INTERFACES_AT_THE_SAME_RESIDUAL_SCARCITY_HOUR
SI,2019-12-12 21:00:00,EXT_CH_FR,CH,FR,-4500.0,2200.0,4500.0,6700.0,0.0,False,True,ALL_12_RETAINED_INTERFACES_AT_THE_SAME_RESIDUAL_SCARCITY_HOUR
SI,2019-12-12 21:00:00,EXT_HR_SI,HR,SI,-1021.8742416991901,1500.0,1500.0,2521.87424169919,478.12575830080993,False,False,ALL_12_RETAINED_INTERFACES_AT_THE_SAME_RESIDUAL_SCARCITY_HOUR
SI,2019-12-12 21:00:00,IT_AT,AT,IT,-300.0,700.0,300.0,1000.0,0.0,False,True,ALL_12_RETAINED_INTERFACES_AT_THE_SAME_RESIDUAL_SCARCITY_HOUR
SI,2019-12-12 21:00:00,IT_CH,CH,IT,4600.0,4600.0,1900.0,0.0,6500.0,True,False,ALL_12_RETAINED_INTERFACES_AT_THE_SAME_RESIDUAL_SCARCITY_HOUR
SI,2019-12-12 21:00:00,IT_FR,FR,IT,4500.0,4500.0,2200.0,0.0,6700.0,True,False,ALL_12_RETAINED_INTERFACES_AT_THE_SAME_RESIDUAL_SCARCITY_HOUR
SI,2019-12-12 21:00:00,IT_GR,GR,IT,500.0,500.0,500.0,0.0,1000.0,True,False,ALL_12_RETAINED_INTERFACES_AT_THE_SAME_RESIDUAL_SCARCITY_HOUR
SI,2019-12-12 21:00:00,IT_ME,IT,ME,-600.0,600.0,600.0,1200.0,0.0,False,True,ALL_12_RETAINED_INTERFACES_AT_THE_SAME_RESIDUAL_SCARCITY_HOUR
SI,2019-12-12 21:00:00,IT_MT,IT,MT,-200.0,200.0,200.0,400.0,0.0,False,True,ALL_12_RETAINED_INTERFACES_AT_THE_SAME_RESIDUAL_SCARCITY_HOUR
SI,2019-12-12 21:00:00,IT_SI,IT,SI,-1100.0,1200.0,1100.0,2300.0,0.0,False,True,ALL_12_RETAINED_INTERFACES_AT_THE_SAME_RESIDUAL_SCARCITY_HOUR
SI,2019-12-12 21:00:00,IT_TN,IT,TN,-600.0,600.0,600.0,1200.0,0.0,False,True,ALL_12_RETAINED_INTERFACES_AT_THE_SAME_RESIDUAL_SCARCITY_HOUR
SI,2019-12-12 22:00:00,EXT_AT_CH,AT,CH,-1200.0,1200.0,1200.0,2400.0,0.0,False,True,ALL_12_RETAINED_INTERFACES_AT_THE_SAME_RESIDUAL_SCARCITY_HOUR
SI,2019-12-12 22:00:00,EXT_AT_SI,AT,SI,-1450.0,1450.0,1450.0,2900.0,0.0,False,True,ALL_12_RETAINED_INTERFACES_AT_THE_SAME_RESIDUAL_SCARCITY_HOUR
SI,2019-12-12 22:00:00,EXT_CH_FR,CH,FR,-4500.0,2200.0,4500.0,6700.0,0.0,False,True,ALL_12_RETAINED_INTERFACES_AT_THE_SAME_RESIDUAL_SCARCITY_HOUR
SI,2019-12-12 22:00:00,EXT_HR_SI,HR,SI,-338.11925800996653,1500.0,1500.0,1838.1192580099664,1161.8807419900336,False,False,ALL_12_RETAINED_INTERFACES_AT_THE_SAME_RESIDUAL_SCARCITY_HOUR
SI,2019-12-12 22:00:00,IT_AT,AT,IT,-300.0,700.0,300.0,1000.0,0.0,False,True,ALL_12_RETAINED_INTERFACES_AT_THE_SAME_RESIDUAL_SCARCITY_HOUR
SI,2019-12-12 22:00:00,IT_CH,CH,IT,4600.0,4600.0,1900.0,0.0,6500.0,True,False,ALL_12_RETAINED_INTERFACES_AT_THE_SAME_RESIDUAL_SCARCITY_HOUR
SI,2019-12-12 22:00:00,IT_FR,FR,IT,4500.0,4500.0,2200.0,0.0,6700.0,True,False,ALL_12_RETAINED_INTERFACES_AT_THE_SAME_RESIDUAL_SCARCITY_HOUR
SI,2019-12-12 22:00:00,IT_GR,GR,IT,500.0,500.0,500.0,0.0,1000.0,True,False,ALL_12_RETAINED_INTERFACES_AT_THE_SAME_RESIDUAL_SCARCITY_HOUR
SI,2019-12-12 22:00:00,IT_ME,IT,ME,-600.0,600.0,600.0,1200.0,0.0,False,True,ALL_12_RETAINED_INTERFACES_AT_THE_SAME_RESIDUAL_SCARCITY_HOUR
SI,2019-12-12 22:00:00,IT_MT,IT,MT,-200.0,200.0,200.0,400.0,0.0,False,True,ALL_12_RETAINED_INTERFACES_AT_THE_SAME_RESIDUAL_SCARCITY_HOUR
SI,2019-12-12 22:00:00,IT_SI,IT,SI,-1100.0,1200.0,1100.0,2300.0,0.0,False,True,ALL_12_RETAINED_INTERFACES_AT_THE_SAME_RESIDUAL_SCARCITY_HOUR
SI,2019-12-12 22:00:00,IT_TN,IT,TN,-600.0,600.0,600.0,1200.0,0.0,False,True,ALL_12_RETAINED_INTERFACES_AT_THE_SAME_RESIDUAL_SCARCITY_HOUR
SI,2019-12-12 23:00:00,EXT_AT_CH,AT,CH,-1200.0,1200.0,1200.0,2400.0,0.0,False,True,ALL_12_RETAINED_INTERFACES_AT_THE_SAME_RESIDUAL_SCARCITY_HOUR
SI,2019-12-12 23:00:00,EXT_AT_SI,AT,SI,-1450.0,1450.0,1450.0,2900.0,0.0,False,True,ALL_12_RETAINED_INTERFACES_AT_THE_SAME_RESIDUAL_SCARCITY_HOUR
SI,2019-12-12 23:00:00,EXT_CH_FR,CH,FR,-4500.0,2200.0,4500.0,6700.0,0.0,False,True,ALL_12_RETAINED_INTERFACES_AT_THE_SAME_RESIDUAL_SCARCITY_HOUR
SI,2019-12-12 23:00:00,EXT_HR_SI,HR,SI,-297.0721391173928,1500.0,1500.0,1797.072139117393,1202.927860882607,False,False,ALL_12_RETAINED_INTERFACES_AT_THE_SAME_RESIDUAL_SCARCITY_HOUR
SI,2019-12-12 23:00:00,IT_AT,AT,IT,-300.0,700.0,300.0,1000.0,0.0,False,True,ALL_12_RETAINED_INTERFACES_AT_THE_SAME_RESIDUAL_SCARCITY_HOUR
SI,2019-12-12 23:00:00,IT_CH,CH,IT,4600.0,4600.0,1900.0,0.0,6500.0,True,False,ALL_12_RETAINED_INTERFACES_AT_THE_SAME_RESIDUAL_SCARCITY_HOUR
SI,2019-12-12 23:00:00,IT_FR,FR,IT,4500.0,4500.0,2200.0,0.0,6700.0,True,False,ALL_12_RETAINED_INTERFACES_AT_THE_SAME_RESIDUAL_SCARCITY_HOUR
SI,2019-12-12 23:00:00,IT_GR,GR,IT,500.0,500.0,500.0,0.0,1000.0,True,False,ALL_12_RETAINED_INTERFACES_AT_THE_SAME_RESIDUAL_SCARCITY_HOUR
SI,2019-12-12 23:00:00,IT_ME,IT,ME,-600.0,600.0,600.0,1200.0,0.0,False,True,ALL_12_RETAINED_INTERFACES_AT_THE_SAME_RESIDUAL_SCARCITY_HOUR
SI,2019-12-12 23:00:00,IT_MT,IT,MT,-200.0,200.0,200.0,400.0,0.0,False,True,ALL_12_RETAINED_INTERFACES_AT_THE_SAME_RESIDUAL_SCARCITY_HOUR
SI,2019-12-12 23:00:00,IT_SI,IT,SI,1200.0,1200.0,1100.0,0.0,2300.0,True,False,ALL_12_RETAINED_INTERFACES_AT_THE_SAME_RESIDUAL_SCARCITY_HOUR
SI,2019-12-12 23:00:00,IT_TN,IT,TN,-600.0,600.0,600.0,1200.0,0.0,False,True,ALL_12_RETAINED_INTERFACES_AT_THE_SAME_RESIDUAL_SCARCITY_HOUR
SI,2019-12-13 01:00:00,EXT_AT_CH,AT,CH,-1200.0,1200.0,1200.0,2400.0,0.0,False,True,ALL_12_RETAINED_INTERFACES_AT_THE_SAME_RESIDUAL_SCARCITY_HOUR
SI,2019-12-13 01:00:00,EXT_AT_SI,AT,SI,-1450.0,1450.0,1450.0,2900.0,0.0,False,True,ALL_12_RETAINED_INTERFACES_AT_THE_SAME_RESIDUAL_SCARCITY_HOUR
SI,2019-12-13 01:00:00,EXT_CH_FR,CH,FR,-4500.0,2200.0,4500.0,6700.0,0.0,False,True,ALL_12_RETAINED_INTERFACES_AT_THE_SAME_RESIDUAL_SCARCITY_HOUR
SI,2019-12-13 01:00:00,EXT_HR_SI,HR,SI,4.731060162550115,1500.0,1500.0,1495.2689398374498,1504.7310601625502,False,False,ALL_12_RETAINED_INTERFACES_AT_THE_SAME_RESIDUAL_SCARCITY_HOUR
SI,2019-12-13 01:00:00,IT_AT,AT,IT,-300.0,700.0,300.0,1000.0,0.0,False,True,ALL_12_RETAINED_INTERFACES_AT_THE_SAME_RESIDUAL_SCARCITY_HOUR
SI,2019-12-13 01:00:00,IT_CH,CH,IT,4600.0,4600.0,1900.0,0.0,6500.0,True,False,ALL_12_RETAINED_INTERFACES_AT_THE_SAME_RESIDUAL_SCARCITY_HOUR
SI,2019-12-13 01:00:00,IT_FR,FR,IT,4500.0,4500.0,2200.0,0.0,6700.0,True,False,ALL_12_RETAINED_INTERFACES_AT_THE_SAME_RESIDUAL_SCARCITY_HOUR
SI,2019-12-13 01:00:00,IT_GR,GR,IT,500.0,500.0,500.0,0.0,1000.0,True,False,ALL_12_RETAINED_INTERFACES_AT_THE_SAME_RESIDUAL_SCARCITY_HOUR
SI,2019-12-13 01:00:00,IT_ME,IT,ME,-600.0,600.0,600.0,1200.0,0.0,False,True,ALL_12_RETAINED_INTERFACES_AT_THE_SAME_RESIDUAL_SCARCITY_HOUR
SI,2019-12-13 01:00:00,IT_MT,IT,MT,-200.0,200.0,200.0,400.0,0.0,False,True,ALL_12_RETAINED_INTERFACES_AT_THE_SAME_RESIDUAL_SCARCITY_HOUR
SI,2019-12-13 01:00:00,IT_SI,IT,SI,1200.0,1200.0,1100.0,0.0,2300.0,True,False,ALL_12_RETAINED_INTERFACES_AT_THE_SAME_RESIDUAL_SCARCITY_HOUR
SI,2019-12-13 01:00:00,IT_TN,IT,TN,-600.0,600.0,600.0,1200.0,0.0,False,True,ALL_12_RETAINED_INTERFACES_AT_THE_SAME_RESIDUAL_SCARCITY_HOUR
SI,2019-12-13 04:00:00,EXT_AT_CH,AT,CH,-1200.0,1200.0,1200.0,2400.0,0.0,False,True,ALL_12_RETAINED_INTERFACES_AT_THE_SAME_RESIDUAL_SCARCITY_HOUR
SI,2019-12-13 04:00:00,EXT_AT_SI,AT,SI,-1450.0,1450.0,1450.0,2900.0,0.0,False,True,ALL_12_RETAINED_INTERFACES_AT_THE_SAME_RESIDUAL_SCARCITY_HOUR
SI,2019-12-13 04:00:00,EXT_CH_FR,CH,FR,-4500.0,2200.0,4500.0,6700.0,0.0,False,True,ALL_12_RETAINED_INTERFACES_AT_THE_SAME_RESIDUAL_SCARCITY_HOUR
SI,2019-12-13 04:00:00,EXT_HR_SI,HR,SI,-131.15429777174032,1500.0,1500.0,1631.1542977717404,1368.8457022282596,False,False,ALL_12_RETAINED_INTERFACES_AT_THE_SAME_RESIDUAL_SCARCITY_HOUR
SI,2019-12-13 04:00:00,IT_AT,AT,IT,-300.0,700.0,300.0,1000.0,0.0,False,True,ALL_12_RETAINED_INTERFACES_AT_THE_SAME_RESIDUAL_SCARCITY_HOUR
SI,2019-12-13 04:00:00,IT_CH,CH,IT,4600.0,4600.0,1900.0,0.0,6500.0,True,False,ALL_12_RETAINED_INTERFACES_AT_THE_SAME_RESIDUAL_SCARCITY_HOUR
SI,2019-12-13 04:00:00,IT_FR,FR,IT,4500.0,4500.0,2200.0,0.0,6700.0,True,False,ALL_12_RETAINED_INTERFACES_AT_THE_SAME_RESIDUAL_SCARCITY_HOUR
SI,2019-12-13 04:00:00,IT_GR,GR,IT,500.0,500.0,500.0,0.0,1000.0,True,False,ALL_12_RETAINED_INTERFACES_AT_THE_SAME_RESIDUAL_SCARCITY_HOUR
SI,2019-12-13 04:00:00,IT_ME,IT,ME,-600.0,600.0,600.0,1200.0,0.0,False,True,ALL_12_RETAINED_INTERFACES_AT_THE_SAME_RESIDUAL_SCARCITY_HOUR
SI,2019-12-13 04:00:00,IT_MT,IT,MT,-200.0,200.0,200.0,400.0,0.0,False,True,ALL_12_RETAINED_INTERFACES_AT_THE_SAME_RESIDUAL_SCARCITY_HOUR
SI,2019-12-13 04:00:00,IT_SI,IT,SI,1200.0,1200.0,1100.0,0.0,2300.0,True,False,ALL_12_RETAINED_INTERFACES_AT_THE_SAME_RESIDUAL_SCARCITY_HOUR
SI,2019-12-13 04:00:00,IT_TN,IT,TN,-600.0,600.0,600.0,1200.0,0.0,False,True,ALL_12_RETAINED_INTERFACES_AT_THE_SAME_RESIDUAL_SCARCITY_HOUR
SI,2019-12-13 05:00:00,EXT_AT_CH,AT,CH,-1200.0,1200.0,1200.0,2400.0,0.0,False,True,ALL_12_RETAINED_INTERFACES_AT_THE_SAME_RESIDUAL_SCARCITY_HOUR
SI,2019-12-13 05:00:00,EXT_AT_SI,AT,SI,-1450.0,1450.0,1450.0,2900.0,0.0,False,True,ALL_12_RETAINED_INTERFACES_AT_THE_SAME_RESIDUAL_SCARCITY_HOUR
SI,2019-12-13 05:00:00,EXT_CH_FR,CH,FR,-4500.0,2200.0,4500.0,6700.0,0.0,False,True,ALL_12_RETAINED_INTERFACES_AT_THE_SAME_RESIDUAL_SCARCITY_HOUR
SI,2019-12-13 05:00:00,EXT_HR_SI,HR,SI,-595.8810714907237,1500.0,1500.0,2095.8810714907236,904.1189285092763,False,False,ALL_12_RETAINED_INTERFACES_AT_THE_SAME_RESIDUAL_SCARCITY_HOUR
SI,2019-12-13 05:00:00,IT_AT,AT,IT,-300.0,700.0,300.0,1000.0,0.0,False,True,ALL_12_RETAINED_INTERFACES_AT_THE_SAME_RESIDUAL_SCARCITY_HOUR
SI,2019-12-13 05:00:00,IT_CH,CH,IT,4600.0,4600.0,1900.0,0.0,6500.0,True,False,ALL_12_RETAINED_INTERFACES_AT_THE_SAME_RESIDUAL_SCARCITY_HOUR
SI,2019-12-13 05:00:00,IT_FR,FR,IT,4500.0,4500.0,2200.0,0.0,6700.0,True,False,ALL_12_RETAINED_INTERFACES_AT_THE_SAME_RESIDUAL_SCARCITY_HOUR
SI,2019-12-13 05:00:00,IT_GR,GR,IT,500.0,500.0,500.0,0.0,1000.0,True,False,ALL_12_RETAINED_INTERFACES_AT_THE_SAME_RESIDUAL_SCARCITY_HOUR
SI,2019-12-13 05:00:00,IT_ME,IT,ME,-600.0,600.0,600.0,1200.0,0.0,False,True,ALL_12_RETAINED_INTERFACES_AT_THE_SAME_RESIDUAL_SCARCITY_HOUR
SI,2019-12-13 05:00:00,IT_MT,IT,MT,-200.0,200.0,200.0,400.0,0.0,False,True,ALL_12_RETAINED_INTERFACES_AT_THE_SAME_RESIDUAL_SCARCITY_HOUR
SI,2019-12-13 05:00:00,IT_SI,IT,SI,1200.0,1200.0,1100.0,0.0,2300.0,True,False,ALL_12_RETAINED_INTERFACES_AT_THE_SAME_RESIDUAL_SCARCITY_HOUR
SI,2019-12-13 05:00:00,IT_TN,IT,TN,-600.0,600.0,600.0,1200.0,0.0,False,True,ALL_12_RETAINED_INTERFACES_AT_THE_SAME_RESIDUAL_SCARCITY_HOUR
SI,2019-12-13 06:00:00,EXT_AT_CH,AT,CH,-1200.0,1200.0,1200.0,2400.0,0.0,False,True,ALL_12_RETAINED_INTERFACES_AT_THE_SAME_RESIDUAL_SCARCITY_HOUR
SI,2019-12-13 06:00:00,EXT_AT_SI,AT,SI,-1450.0,1450.0,1450.0,2900.0,0.0,False,True,ALL_12_RETAINED_INTERFACES_AT_THE_SAME_RESIDUAL_SCARCITY_HOUR
SI,2019-12-13 06:00:00,EXT_CH_FR,CH,FR,-4500.0,2200.0,4500.0,6700.0,0.0,False,True,ALL_12_RETAINED_INTERFACES_AT_THE_SAME_RESIDUAL_SCARCITY_HOUR
SI,2019-12-13 06:00:00,EXT_HR_SI,HR,SI,-891.7461929645787,1500.0,1500.0,2391.7461929645788,608.2538070354213,False,False,ALL_12_RETAINED_INTERFACES_AT_THE_SAME_RESIDUAL_SCARCITY_HOUR
SI,2019-12-13 06:00:00,IT_AT,AT,IT,-300.0,700.0,300.0,1000.0,0.0,False,True,ALL_12_RETAINED_INTERFACES_AT_THE_SAME_RESIDUAL_SCARCITY_HOUR
SI,2019-12-13 06:00:00,IT_CH,CH,IT,4600.0,4600.0,1900.0,0.0,6500.0,True,False,ALL_12_RETAINED_INTERFACES_AT_THE_SAME_RESIDUAL_SCARCITY_HOUR
SI,2019-12-13 06:00:00,IT_FR,FR,IT,4500.0,4500.0,2200.0,0.0,6700.0,True,False,ALL_12_RETAINED_INTERFACES_AT_THE_SAME_RESIDUAL_SCARCITY_HOUR
SI,2019-12-13 06:00:00,IT_GR,GR,IT,500.0,500.0,500.0,0.0,1000.0,True,False,ALL_12_RETAINED_INTERFACES_AT_THE_SAME_RESIDUAL_SCARCITY_HOUR
SI,2019-12-13 06:00:00,IT_ME,IT,ME,-600.0,600.0,600.0,1200.0,0.0,False,True,ALL_12_RETAINED_INTERFACES_AT_THE_SAME_RESIDUAL_SCARCITY_HOUR
SI,2019-12-13 06:00:00,IT_MT,IT,MT,-200.0,200.0,200.0,400.0,0.0,False,True,ALL_12_RETAINED_INTERFACES_AT_THE_SAME_RESIDUAL_SCARCITY_HOUR
SI,2019-12-13 06:00:00,IT_SI,IT,SI,1200.0,1200.0,1100.0,0.0,2300.0,True,False,ALL_12_RETAINED_INTERFACES_AT_THE_SAME_RESIDUAL_SCARCITY_HOUR
SI,2019-12-13 06:00:00,IT_TN,IT,TN,-600.0,600.0,600.0,1200.0,0.0,False,True,ALL_12_RETAINED_INTERFACES_AT_THE_SAME_RESIDUAL_SCARCITY_HOUR
SI,2019-12-13 07:00:00,EXT_AT_CH,AT,CH,-1200.0,1200.0,1200.0,2400.0,0.0,False,True,ALL_12_RETAINED_INTERFACES_AT_THE_SAME_RESIDUAL_SCARCITY_HOUR
SI,2019-12-13 07:00:00,EXT_AT_SI,AT,SI,-1450.0,1450.0,1450.0,2900.0,0.0,False,True,ALL_12_RETAINED_INTERFACES_AT_THE_SAME_RESIDUAL_SCARCITY_HOUR
SI,2019-12-13 07:00:00,EXT_CH_FR,CH,FR,-4500.0,2200.0,4500.0,6700.0,0.0,False,True,ALL_12_RETAINED_INTERFACES_AT_THE_SAME_RESIDUAL_SCARCITY_HOUR
SI,2019-12-13 07:00:00,EXT_HR_SI,HR,SI,-417.8943456058869,1500.0,1500.0,1917.8943456058869,1082.1056543941131,False,False,ALL_12_RETAINED_INTERFACES_AT_THE_SAME_RESIDUAL_SCARCITY_HOUR
SI,2019-12-13 07:00:00,IT_AT,AT,IT,-300.0,700.0,300.0,1000.0,0.0,False,True,ALL_12_RETAINED_INTERFACES_AT_THE_SAME_RESIDUAL_SCARCITY_HOUR
SI,2019-12-13 07:00:00,IT_CH,CH,IT,4600.0,4600.0,1900.0,0.0,6500.0,True,False,ALL_12_RETAINED_INTERFACES_AT_THE_SAME_RESIDUAL_SCARCITY_HOUR
SI,2019-12-13 07:00:00,IT_FR,FR,IT,4500.0,4500.0,2200.0,0.0,6700.0,True,False,ALL_12_RETAINED_INTERFACES_AT_THE_SAME_RESIDUAL_SCARCITY_HOUR
SI,2019-12-13 07:00:00,IT_GR,GR,IT,500.0,500.0,500.0,0.0,1000.0,True,False,ALL_12_RETAINED_INTERFACES_AT_THE_SAME_RESIDUAL_SCARCITY_HOUR
SI,2019-12-13 07:00:00,IT_ME,IT,ME,-600.0,600.0,600.0,1200.0,0.0,False,True,ALL_12_RETAINED_INTERFACES_AT_THE_SAME_RESIDUAL_SCARCITY_HOUR
SI,2019-12-13 07:00:00,IT_MT,IT,MT,-200.0,200.0,200.0,400.0,0.0,False,True,ALL_12_RETAINED_INTERFACES_AT_THE_SAME_RESIDUAL_SCARCITY_HOUR
SI,2019-12-13 07:00:00,IT_SI,IT,SI,1200.0,1200.0,1100.0,0.0,2300.0,True,False,ALL_12_RETAINED_INTERFACES_AT_THE_SAME_RESIDUAL_SCARCITY_HOUR
SI,2019-12-13 07:00:00,IT_TN,IT,TN,-600.0,600.0,600.0,1200.0,0.0,False,True,ALL_12_RETAINED_INTERFACES_AT_THE_SAME_RESIDUAL_SCARCITY_HOUR
SI,2019-12-13 15:00:00,EXT_AT_CH,AT,CH,-1200.0,1200.0,1200.0,2400.0,0.0,False,True,ALL_12_RETAINED_INTERFACES_AT_THE_SAME_RESIDUAL_SCARCITY_HOUR
SI,2019-12-13 15:00:00,EXT_AT_SI,AT,SI,-1450.0,1450.0,1450.0,2900.0,0.0,False,True,ALL_12_RETAINED_INTERFACES_AT_THE_SAME_RESIDUAL_SCARCITY_HOUR
SI,2019-12-13 15:00:00,EXT_CH_FR,CH,FR,-4500.0,2200.0,4500.0,6700.0,0.0,False,True,ALL_12_RETAINED_INTERFACES_AT_THE_SAME_RESIDUAL_SCARCITY_HOUR
SI,2019-12-13 15:00:00,EXT_HR_SI,HR,SI,611.6457580096754,1500.0,1500.0,888.3542419903246,2111.6457580096753,False,False,ALL_12_RETAINED_INTERFACES_AT_THE_SAME_RESIDUAL_SCARCITY_HOUR
SI,2019-12-13 15:00:00,IT_AT,AT,IT,-300.0,700.0,300.0,1000.0,0.0,False,True,ALL_12_RETAINED_INTERFACES_AT_THE_SAME_RESIDUAL_SCARCITY_HOUR
SI,2019-12-13 15:00:00,IT_CH,CH,IT,4600.0,4600.0,1900.0,0.0,6500.0,True,False,ALL_12_RETAINED_INTERFACES_AT_THE_SAME_RESIDUAL_SCARCITY_HOUR
SI,2019-12-13 15:00:00,IT_FR,FR,IT,4500.0,4500.0,2200.0,0.0,6700.0,True,False,ALL_12_RETAINED_INTERFACES_AT_THE_SAME_RESIDUAL_SCARCITY_HOUR
SI,2019-12-13 15:00:00,IT_GR,GR,IT,500.0,500.0,500.0,0.0,1000.0,True,False,ALL_12_RETAINED_INTERFACES_AT_THE_SAME_RESIDUAL_SCARCITY_HOUR
SI,2019-12-13 15:00:00,IT_ME,IT,ME,-600.0,600.0,600.0,1200.0,0.0,False,True,ALL_12_RETAINED_INTERFACES_AT_THE_SAME_RESIDUAL_SCARCITY_HOUR
SI,2019-12-13 15:00:00,IT_MT,IT,MT,-174.16503134102217,200.0,200.0,374.1650313410222,25.83496865897783,False,False,ALL_12_RETAINED_INTERFACES_AT_THE_SAME_RESIDUAL_SCARCITY_HOUR
SI,2019-12-13 15:00:00,IT_SI,IT,SI,1200.0,1200.0,1100.0,0.0,2300.0,True,False,ALL_12_RETAINED_INTERFACES_AT_THE_SAME_RESIDUAL_SCARCITY_HOUR
SI,2019-12-13 15:00:00,IT_TN,IT,TN,-600.0,600.0,600.0,1200.0,0.0,False,True,ALL_12_RETAINED_INTERFACES_AT_THE_SAME_RESIDUAL_SCARCITY_HOUR
SI,2019-12-13 16:00:00,EXT_AT_CH,AT,CH,-1200.0,1200.0,1200.0,2400.0,0.0,False,True,ALL_12_RETAINED_INTERFACES_AT_THE_SAME_RESIDUAL_SCARCITY_HOUR
SI,2019-12-13 16:00:00,EXT_AT_SI,AT,SI,-1450.0,1450.0,1450.0,2900.0,0.0,False,True,ALL_12_RETAINED_INTERFACES_AT_THE_SAME_RESIDUAL_SCARCITY_HOUR
SI,2019-12-13 16:00:00,EXT_CH_FR,CH,FR,-4500.0,2200.0,4500.0,6700.0,0.0,False,True,ALL_12_RETAINED_INTERFACES_AT_THE_SAME_RESIDUAL_SCARCITY_HOUR
SI,2019-12-13 16:00:00,EXT_HR_SI,HR,SI,1396.5991927144314,1500.0,1500.0,103.40080728556859,2896.5991927144314,False,False,ALL_12_RETAINED_INTERFACES_AT_THE_SAME_RESIDUAL_SCARCITY_HOUR
SI,2019-12-13 16:00:00,IT_AT,AT,IT,-300.0,700.0,300.0,1000.0,0.0,False,True,ALL_12_RETAINED_INTERFACES_AT_THE_SAME_RESIDUAL_SCARCITY_HOUR
SI,2019-12-13 16:00:00,IT_CH,CH,IT,4600.0,4600.0,1900.0,0.0,6500.0,True,False,ALL_12_RETAINED_INTERFACES_AT_THE_SAME_RESIDUAL_SCARCITY_HOUR
SI,2019-12-13 16:00:00,IT_FR,FR,IT,4500.0,4500.0,2200.0,0.0,6700.0,True,False,ALL_12_RETAINED_INTERFACES_AT_THE_SAME_RESIDUAL_SCARCITY_HOUR
SI,2019-12-13 16:00:00,IT_GR,GR,IT,500.0,500.0,500.0,0.0,1000.0,True,False,ALL_12_RETAINED_INTERFACES_AT_THE_SAME_RESIDUAL_SCARCITY_HOUR
SI,2019-12-13 16:00:00,IT_ME,IT,ME,-600.0,600.0,600.0,1200.0,0.0,False,True,ALL_12_RETAINED_INTERFACES_AT_THE_SAME_RESIDUAL_SCARCITY_HOUR
SI,2019-12-13 16:00:00,IT_MT,IT,MT,-163.14094390475157,200.0,200.0,363.14094390475157,36.859056095248434,False,False,ALL_12_RETAINED_INTERFACES_AT_THE_SAME_RESIDUAL_SCARCITY_HOUR
SI,2019-12-13 16:00:00,IT_SI,IT,SI,1200.0,1200.0,1100.0,0.0,2300.0,True,False,ALL_12_RETAINED_INTERFACES_AT_THE_SAME_RESIDUAL_SCARCITY_HOUR
SI,2019-12-13 16:00:00,IT_TN,IT,TN,-600.0,600.0,600.0,1200.0,0.0,False,True,ALL_12_RETAINED_INTERFACES_AT_THE_SAME_RESIDUAL_SCARCITY_HOUR
SI,2019-12-13 17:00:00,EXT_AT_CH,AT,CH,-1200.0,1200.0,1200.0,2400.0,0.0,False,True,ALL_12_RETAINED_INTERFACES_AT_THE_SAME_RESIDUAL_SCARCITY_HOUR
SI,2019-12-13 17:00:00,EXT_AT_SI,AT,SI,-1450.0,1450.0,1450.0,2900.0,0.0,False,True,ALL_12_RETAINED_INTERFACES_AT_THE_SAME_RESIDUAL_SCARCITY_HOUR
SI,2019-12-13 17:00:00,EXT_CH_FR,CH,FR,-4500.0,2200.0,4500.0,6700.0,0.0,False,True,ALL_12_RETAINED_INTERFACES_AT_THE_SAME_RESIDUAL_SCARCITY_HOUR
SI,2019-12-13 17:00:00,EXT_HR_SI,HR,SI,657.1846429717774,1500.0,1500.0,842.8153570282226,2157.1846429717775,False,False,ALL_12_RETAINED_INTERFACES_AT_THE_SAME_RESIDUAL_SCARCITY_HOUR
SI,2019-12-13 17:00:00,IT_AT,AT,IT,-300.0,700.0,300.0,1000.0,0.0,False,True,ALL_12_RETAINED_INTERFACES_AT_THE_SAME_RESIDUAL_SCARCITY_HOUR
SI,2019-12-13 17:00:00,IT_CH,CH,IT,4600.0,4600.0,1900.0,0.0,6500.0,True,False,ALL_12_RETAINED_INTERFACES_AT_THE_SAME_RESIDUAL_SCARCITY_HOUR
SI,2019-12-13 17:00:00,IT_FR,FR,IT,4500.0,4500.0,2200.0,0.0,6700.0,True,False,ALL_12_RETAINED_INTERFACES_AT_THE_SAME_RESIDUAL_SCARCITY_HOUR
SI,2019-12-13 17:00:00,IT_GR,GR,IT,500.0,500.0,500.0,0.0,1000.0,True,False,ALL_12_RETAINED_INTERFACES_AT_THE_SAME_RESIDUAL_SCARCITY_HOUR
SI,2019-12-13 17:00:00,IT_ME,IT,ME,-600.0,600.0,600.0,1200.0,0.0,False,True,ALL_12_RETAINED_INTERFACES_AT_THE_SAME_RESIDUAL_SCARCITY_HOUR
SI,2019-12-13 17:00:00,IT_MT,IT,MT,-110.9063272077085,200.0,200.0,310.9063272077085,89.0936727922915,False,False,ALL_12_RETAINED_INTERFACES_AT_THE_SAME_RESIDUAL_SCARCITY_HOUR
SI,2019-12-13 17:00:00,IT_SI,IT,SI,1200.0,1200.0,1100.0,0.0,2300.0,True,False,ALL_12_RETAINED_INTERFACES_AT_THE_SAME_RESIDUAL_SCARCITY_HOUR
SI,2019-12-13 17:00:00,IT_TN,IT,TN,-600.0,600.0,600.0,1200.0,0.0,False,True,ALL_12_RETAINED_INTERFACES_AT_THE_SAME_RESIDUAL_SCARCITY_HOUR
SI,2019-12-13 18:00:00,EXT_AT_CH,AT,CH,-1200.0,1200.0,1200.0,2400.0,0.0,False,True,ALL_12_RETAINED_INTERFACES_AT_THE_SAME_RESIDUAL_SCARCITY_HOUR
SI,2019-12-13 18:00:00,EXT_AT_SI,AT,SI,-1450.0,1450.0,1450.0,2900.0,0.0,False,True,ALL_12_RETAINED_INTERFACES_AT_THE_SAME_RESIDUAL_SCARCITY_HOUR
SI,2019-12-13 18:00:00,EXT_CH_FR,CH,FR,-4500.0,2200.0,4500.0,6700.0,0.0,False,True,ALL_12_RETAINED_INTERFACES_AT_THE_SAME_RESIDUAL_SCARCITY_HOUR
SI,2019-12-13 18:00:00,EXT_HR_SI,HR,SI,610.3617786456274,1500.0,1500.0,889.6382213543726,2110.3617786456275,False,False,ALL_12_RETAINED_INTERFACES_AT_THE_SAME_RESIDUAL_SCARCITY_HOUR
SI,2019-12-13 18:00:00,IT_AT,AT,IT,-300.0,700.0,300.0,1000.0,0.0,False,True,ALL_12_RETAINED_INTERFACES_AT_THE_SAME_RESIDUAL_SCARCITY_HOUR
SI,2019-12-13 18:00:00,IT_CH,CH,IT,4600.0,4600.0,1900.0,0.0,6500.0,True,False,ALL_12_RETAINED_INTERFACES_AT_THE_SAME_RESIDUAL_SCARCITY_HOUR
SI,2019-12-13 18:00:00,IT_FR,FR,IT,4500.0,4500.0,2200.0,0.0,6700.0,True,False,ALL_12_RETAINED_INTERFACES_AT_THE_SAME_RESIDUAL_SCARCITY_HOUR
SI,2019-12-13 18:00:00,IT_GR,GR,IT,500.0,500.0,500.0,0.0,1000.0,True,False,ALL_12_RETAINED_INTERFACES_AT_THE_SAME_RESIDUAL_SCARCITY_HOUR
SI,2019-12-13 18:00:00,IT_ME,IT,ME,-600.0,600.0,600.0,1200.0,0.0,False,True,ALL_12_RETAINED_INTERFACES_AT_THE_SAME_RESIDUAL_SCARCITY_HOUR
SI,2019-12-13 18:00:00,IT_MT,IT,MT,-102.5858394819594,200.0,200.0,302.5858394819594,97.4141605180406,False,False,ALL_12_RETAINED_INTERFACES_AT_THE_SAME_RESIDUAL_SCARCITY_HOUR
SI,2019-12-13 18:00:00,IT_SI,IT,SI,1200.0,1200.0,1100.0,0.0,2300.0,True,False,ALL_12_RETAINED_INTERFACES_AT_THE_SAME_RESIDUAL_SCARCITY_HOUR
SI,2019-12-13 18:00:00,IT_TN,IT,TN,-600.0,600.0,600.0,1200.0,0.0,False,True,ALL_12_RETAINED_INTERFACES_AT_THE_SAME_RESIDUAL_SCARCITY_HOUR
IT,2019-01-08 07:00:00,EXT_AT_CH,AT,CH,-1200.0,1200.0,1200.0,2400.0,0.0,False,True,ALL_12_RETAINED_INTERFACES_AT_THE_SAME_RESIDUAL_SCARCITY_HOUR
IT,2019-01-08 07:00:00,EXT_AT_SI,AT,SI,1450.0,1450.0,1450.0,0.0,2900.0,True,False,ALL_12_RETAINED_INTERFACES_AT_THE_SAME_RESIDUAL_SCARCITY_HOUR
IT,2019-01-08 07:00:00,EXT_CH_FR,CH,FR,-4500.0,2200.0,4500.0,6700.0,0.0,False,True,ALL_12_RETAINED_INTERFACES_AT_THE_SAME_RESIDUAL_SCARCITY_HOUR
IT,2019-01-08 07:00:00,EXT_HR_SI,HR,SI,-1341.6140581773143,1500.0,1500.0,2841.6140581773143,158.3859418226857,False,False,ALL_12_RETAINED_INTERFACES_AT_THE_SAME_RESIDUAL_SCARCITY_HOUR
IT,2019-01-08 07:00:00,IT_AT,AT,IT,700.0,700.0,300.0,0.0,1000.0,True,False,ALL_12_RETAINED_INTERFACES_AT_THE_SAME_RESIDUAL_SCARCITY_HOUR
IT,2019-01-08 07:00:00,IT_CH,CH,IT,4600.0,4600.0,1900.0,0.0,6500.0,True,False,ALL_12_RETAINED_INTERFACES_AT_THE_SAME_RESIDUAL_SCARCITY_HOUR
IT,2019-01-08 07:00:00,IT_FR,FR,IT,4500.0,4500.0,2200.0,0.0,6700.0,True,False,ALL_12_RETAINED_INTERFACES_AT_THE_SAME_RESIDUAL_SCARCITY_HOUR
IT,2019-01-08 07:00:00,IT_GR,GR,IT,500.0,500.0,500.0,0.0,1000.0,True,False,ALL_12_RETAINED_INTERFACES_AT_THE_SAME_RESIDUAL_SCARCITY_HOUR
IT,2019-01-08 07:00:00,IT_ME,IT,ME,-600.0,600.0,600.0,1200.0,0.0,False,True,ALL_12_RETAINED_INTERFACES_AT_THE_SAME_RESIDUAL_SCARCITY_HOUR
IT,2019-01-08 07:00:00,IT_MT,IT,MT,-92.8531955515235,200.0,200.0,292.8531955515235,107.1468044484765,False,False,ALL_12_RETAINED_INTERFACES_AT_THE_SAME_RESIDUAL_SCARCITY_HOUR
IT,2019-01-08 07:00:00,IT_SI,IT,SI,-1100.0,1200.0,1100.0,2300.0,0.0,False,True,ALL_12_RETAINED_INTERFACES_AT_THE_SAME_RESIDUAL_SCARCITY_HOUR
IT,2019-01-08 07:00:00,IT_TN,IT,TN,-600.0,600.0,600.0,1200.0,0.0,False,True,ALL_12_RETAINED_INTERFACES_AT_THE_SAME_RESIDUAL_SCARCITY_HOUR
IT,2019-01-08 20:00:00,EXT_AT_CH,AT,CH,-1200.0,1200.0,1200.0,2400.0,0.0,False,True,ALL_12_RETAINED_INTERFACES_AT_THE_SAME_RESIDUAL_SCARCITY_HOUR
IT,2019-01-08 20:00:00,EXT_AT_SI,AT,SI,1450.0,1450.0,1450.0,0.0,2900.0,True,False,ALL_12_RETAINED_INTERFACES_AT_THE_SAME_RESIDUAL_SCARCITY_HOUR
IT,2019-01-08 20:00:00,EXT_CH_FR,CH,FR,-4500.0,2200.0,4500.0,6700.0,0.0,False,True,ALL_12_RETAINED_INTERFACES_AT_THE_SAME_RESIDUAL_SCARCITY_HOUR
IT,2019-01-08 20:00:00,EXT_HR_SI,HR,SI,676.9307458816415,1500.0,1500.0,823.0692541183585,2176.9307458816415,False,False,ALL_12_RETAINED_INTERFACES_AT_THE_SAME_RESIDUAL_SCARCITY_HOUR
IT,2019-01-08 20:00:00,IT_AT,AT,IT,700.0,700.0,300.0,0.0,1000.0,True,False,ALL_12_RETAINED_INTERFACES_AT_THE_SAME_RESIDUAL_SCARCITY_HOUR
IT,2019-01-08 20:00:00,IT_CH,CH,IT,4600.0,4600.0,1900.0,0.0,6500.0,True,False,ALL_12_RETAINED_INTERFACES_AT_THE_SAME_RESIDUAL_SCARCITY_HOUR
IT,2019-01-08 20:00:00,IT_FR,FR,IT,4500.0,4500.0,2200.0,0.0,6700.0,True,False,ALL_12_RETAINED_INTERFACES_AT_THE_SAME_RESIDUAL_SCARCITY_HOUR
IT,2019-01-08 20:00:00,IT_GR,GR,IT,500.0,500.0,500.0,0.0,1000.0,True,False,ALL_12_RETAINED_INTERFACES_AT_THE_SAME_RESIDUAL_SCARCITY_HOUR
IT,2019-01-08 20:00:00,IT_ME,IT,ME,-600.0,600.0,600.0,1200.0,0.0,False,True,ALL_12_RETAINED_INTERFACES_AT_THE_SAME_RESIDUAL_SCARCITY_HOUR
IT,2019-01-08 20:00:00,IT_MT,IT,MT,-200.0,200.0,200.0,400.0,0.0,False,True,ALL_12_RETAINED_INTERFACES_AT_THE_SAME_RESIDUAL_SCARCITY_HOUR
IT,2019-01-08 20:00:00,IT_SI,IT,SI,-1100.0,1200.0,1100.0,2300.0,0.0,False,True,ALL_12_RETAINED_INTERFACES_AT_THE_SAME_RESIDUAL_SCARCITY_HOUR
IT,2019-01-08 20:00:00,IT_TN,IT,TN,-600.0,600.0,600.0,1200.0,0.0,False,True,ALL_12_RETAINED_INTERFACES_AT_THE_SAME_RESIDUAL_SCARCITY_HOUR
IT,2019-01-08 21:00:00,EXT_AT_CH,AT,CH,-1200.0,1200.0,1200.0,2400.0,0.0,False,True,ALL_12_RETAINED_INTERFACES_AT_THE_SAME_RESIDUAL_SCARCITY_HOUR
IT,2019-01-08 21:00:00,EXT_AT_SI,AT,SI,1450.0,1450.0,1450.0,0.0,2900.0,True,False,ALL_12_RETAINED_INTERFACES_AT_THE_SAME_RESIDUAL_SCARCITY_HOUR
IT,2019-01-08 21:00:00,EXT_CH_FR,CH,FR,-4254.64539203968,2200.0,4500.0,6454.64539203968,245.3546079603202,False,False,ALL_12_RETAINED_INTERFACES_AT_THE_SAME_RESIDUAL_SCARCITY_HOUR
IT,2019-01-08 21:00:00,EXT_HR_SI,HR,SI,-747.4005184970309,1500.0,1500.0,2247.400518497031,752.5994815029691,False,False,ALL_12_RETAINED_INTERFACES_AT_THE_SAME_RESIDUAL_SCARCITY_HOUR
IT,2019-01-08 21:00:00,IT_AT,AT,IT,700.0,700.0,300.0,0.0,1000.0,True,False,ALL_12_RETAINED_INTERFACES_AT_THE_SAME_RESIDUAL_SCARCITY_HOUR
IT,2019-01-08 21:00:00,IT_CH,CH,IT,4600.0,4600.0,1900.0,0.0,6500.0,True,False,ALL_12_RETAINED_INTERFACES_AT_THE_SAME_RESIDUAL_SCARCITY_HOUR
IT,2019-01-08 21:00:00,IT_FR,FR,IT,4500.0,4500.0,2200.0,0.0,6700.0,True,False,ALL_12_RETAINED_INTERFACES_AT_THE_SAME_RESIDUAL_SCARCITY_HOUR
IT,2019-01-08 21:00:00,IT_GR,GR,IT,500.0,500.0,500.0,0.0,1000.0,True,False,ALL_12_RETAINED_INTERFACES_AT_THE_SAME_RESIDUAL_SCARCITY_HOUR
IT,2019-01-08 21:00:00,IT_ME,IT,ME,-600.0,600.0,600.0,1200.0,0.0,False,True,ALL_12_RETAINED_INTERFACES_AT_THE_SAME_RESIDUAL_SCARCITY_HOUR
IT,2019-01-08 21:00:00,IT_MT,IT,MT,-200.0,200.0,200.0,400.0,0.0,False,True,ALL_12_RETAINED_INTERFACES_AT_THE_SAME_RESIDUAL_SCARCITY_HOUR
IT,2019-01-08 21:00:00,IT_SI,IT,SI,-1100.0,1200.0,1100.0,2300.0,0.0,False,True,ALL_12_RETAINED_INTERFACES_AT_THE_SAME_RESIDUAL_SCARCITY_HOUR
IT,2019-01-08 21:00:00,IT_TN,IT,TN,-600.0,600.0,600.0,1200.0,0.0,False,True,ALL_12_RETAINED_INTERFACES_AT_THE_SAME_RESIDUAL_SCARCITY_HOUR
IT,2019-01-08 22:00:00,EXT_AT_CH,AT,CH,-1200.0,1200.0,1200.0,2400.0,0.0,False,True,ALL_12_RETAINED_INTERFACES_AT_THE_SAME_RESIDUAL_SCARCITY_HOUR
IT,2019-01-08 22:00:00,EXT_AT_SI,AT,SI,1450.0,1450.0,1450.0,0.0,2900.0,True,False,ALL_12_RETAINED_INTERFACES_AT_THE_SAME_RESIDUAL_SCARCITY_HOUR
IT,2019-01-08 22:00:00,EXT_CH_FR,CH,FR,-3988.1759882532465,2200.0,4500.0,6188.175988253246,511.8240117467535,False,False,ALL_12_RETAINED_INTERFACES_AT_THE_SAME_RESIDUAL_SCARCITY_HOUR
IT,2019-01-08 22:00:00,EXT_HR_SI,HR,SI,-476.6332559938154,1500.0,1500.0,1976.6332559938155,1023.3667440061846,False,False,ALL_12_RETAINED_INTERFACES_AT_THE_SAME_RESIDUAL_SCARCITY_HOUR
IT,2019-01-08 22:00:00,IT_AT,AT,IT,700.0,700.0,300.0,0.0,1000.0,True,False,ALL_12_RETAINED_INTERFACES_AT_THE_SAME_RESIDUAL_SCARCITY_HOUR
IT,2019-01-08 22:00:00,IT_CH,CH,IT,4600.0,4600.0,1900.0,0.0,6500.0,True,False,ALL_12_RETAINED_INTERFACES_AT_THE_SAME_RESIDUAL_SCARCITY_HOUR
IT,2019-01-08 22:00:00,IT_FR,FR,IT,4500.0,4500.0,2200.0,0.0,6700.0,True,False,ALL_12_RETAINED_INTERFACES_AT_THE_SAME_RESIDUAL_SCARCITY_HOUR
IT,2019-01-08 22:00:00,IT_GR,GR,IT,500.0,500.0,500.0,0.0,1000.0,True,False,ALL_12_RETAINED_INTERFACES_AT_THE_SAME_RESIDUAL_SCARCITY_HOUR
IT,2019-01-08 22:00:00,IT_ME,IT,ME,-600.0,600.0,600.0,1200.0,0.0,False,True,ALL_12_RETAINED_INTERFACES_AT_THE_SAME_RESIDUAL_SCARCITY_HOUR
IT,2019-01-08 22:00:00,IT_MT,IT,MT,-200.0,200.0,200.0,400.0,0.0,False,True,ALL_12_RETAINED_INTERFACES_AT_THE_SAME_RESIDUAL_SCARCITY_HOUR
IT,2019-01-08 22:00:00,IT_SI,IT,SI,-1100.0,1200.0,1100.0,2300.0,0.0,False,True,ALL_12_RETAINED_INTERFACES_AT_THE_SAME_RESIDUAL_SCARCITY_HOUR
IT,2019-01-08 22:00:00,IT_TN,IT,TN,-600.0,600.0,600.0,1200.0,0.0,False,True,ALL_12_RETAINED_INTERFACES_AT_THE_SAME_RESIDUAL_SCARCITY_HOUR
IT,2019-01-18 07:00:00,EXT_AT_CH,AT,CH,-1200.0,1200.0,1200.0,2400.0,0.0,False,True,ALL_12_RETAINED_INTERFACES_AT_THE_SAME_RESIDUAL_SCARCITY_HOUR
IT,2019-01-18 07:00:00,EXT_AT_SI,AT,SI,1206.9656778039246,1450.0,1450.0,243.03432219607544,2656.9656778039243,False,False,ALL_12_RETAINED_INTERFACES_AT_THE_SAME_RESIDUAL_SCARCITY_HOUR
IT,2019-01-18 07:00:00,EXT_CH_FR,CH,FR,2200.0,2200.0,4500.0,0.0,6700.0,True,False,ALL_12_RETAINED_INTERFACES_AT_THE_SAME_RESIDUAL_SCARCITY_HOUR
IT,2019-01-18 07:00:00,EXT_HR_SI,HR,SI,317.251606448596,1500.0,1500.0,1182.748393551404,1817.251606448596,False,False,ALL_12_RETAINED_INTERFACES_AT_THE_SAME_RESIDUAL_SCARCITY_HOUR
IT,2019-01-18 07:00:00,IT_AT,AT,IT,700.0,700.0,300.0,0.0,1000.0,True,False,ALL_12_RETAINED_INTERFACES_AT_THE_SAME_RESIDUAL_SCARCITY_HOUR
IT,2019-01-18 07:00:00,IT_CH,CH,IT,4600.0,4600.0,1900.0,0.0,6500.0,True,False,ALL_12_RETAINED_INTERFACES_AT_THE_SAME_RESIDUAL_SCARCITY_HOUR
IT,2019-01-18 07:00:00,IT_FR,FR,IT,-2200.0,4500.0,2200.0,6700.0,0.0,False,True,ALL_12_RETAINED_INTERFACES_AT_THE_SAME_RESIDUAL_SCARCITY_HOUR
IT,2019-01-18 07:00:00,IT_GR,GR,IT,500.0,500.0,500.0,0.0,1000.0,True,False,ALL_12_RETAINED_INTERFACES_AT_THE_SAME_RESIDUAL_SCARCITY_HOUR
IT,2019-01-18 07:00:00,IT_ME,IT,ME,-600.0,600.0,600.0,1200.0,0.0,False,True,ALL_12_RETAINED_INTERFACES_AT_THE_SAME_RESIDUAL_SCARCITY_HOUR
IT,2019-01-18 07:00:00,IT_MT,IT,MT,-200.0,200.0,200.0,400.0,0.0,False,True,ALL_12_RETAINED_INTERFACES_AT_THE_SAME_RESIDUAL_SCARCITY_HOUR
IT,2019-01-18 07:00:00,IT_SI,IT,SI,-1100.0,1200.0,1100.0,2300.0,0.0,False,True,ALL_12_RETAINED_INTERFACES_AT_THE_SAME_RESIDUAL_SCARCITY_HOUR
IT,2019-01-18 07:00:00,IT_TN,IT,TN,-600.0,600.0,600.0,1200.0,0.0,False,True,ALL_12_RETAINED_INTERFACES_AT_THE_SAME_RESIDUAL_SCARCITY_HOUR
IT,2019-01-21 22:00:00,EXT_AT_CH,AT,CH,-1200.0,1200.0,1200.0,2400.0,0.0,False,True,ALL_12_RETAINED_INTERFACES_AT_THE_SAME_RESIDUAL_SCARCITY_HOUR
IT,2019-01-21 22:00:00,EXT_AT_SI,AT,SI,-1450.0,1450.0,1450.0,2900.0,0.0,False,True,ALL_12_RETAINED_INTERFACES_AT_THE_SAME_RESIDUAL_SCARCITY_HOUR
IT,2019-01-21 22:00:00,EXT_CH_FR,CH,FR,2200.0,2200.0,4500.0,0.0,6700.0,True,False,ALL_12_RETAINED_INTERFACES_AT_THE_SAME_RESIDUAL_SCARCITY_HOUR
IT,2019-01-21 22:00:00,EXT_HR_SI,HR,SI,-652.2319190908371,1500.0,1500.0,2152.231919090837,847.7680809091629,False,False,ALL_12_RETAINED_INTERFACES_AT_THE_SAME_RESIDUAL_SCARCITY_HOUR
IT,2019-01-21 22:00:00,IT_AT,AT,IT,-300.0,700.0,300.0,1000.0,0.0,False,True,ALL_12_RETAINED_INTERFACES_AT_THE_SAME_RESIDUAL_SCARCITY_HOUR
IT,2019-01-21 22:00:00,IT_CH,CH,IT,4600.0,4600.0,1900.0,0.0,6500.0,True,False,ALL_12_RETAINED_INTERFACES_AT_THE_SAME_RESIDUAL_SCARCITY_HOUR
IT,2019-01-21 22:00:00,IT_FR,FR,IT,4500.0,4500.0,2200.0,0.0,6700.0,True,False,ALL_12_RETAINED_INTERFACES_AT_THE_SAME_RESIDUAL_SCARCITY_HOUR
IT,2019-01-21 22:00:00,IT_GR,GR,IT,500.0,500.0,500.0,0.0,1000.0,True,False,ALL_12_RETAINED_INTERFACES_AT_THE_SAME_RESIDUAL_SCARCITY_HOUR
IT,2019-01-21 22:00:00,IT_ME,IT,ME,-533.6512998495243,600.0,600.0,1133.6512998495243,66.34870015047568,False,False,ALL_12_RETAINED_INTERFACES_AT_THE_SAME_RESIDUAL_SCARCITY_HOUR
IT,2019-01-21 22:00:00,IT_MT,IT,MT,-200.0,200.0,200.0,400.0,0.0,False,True,ALL_12_RETAINED_INTERFACES_AT_THE_SAME_RESIDUAL_SCARCITY_HOUR
IT,2019-01-21 22:00:00,IT_SI,IT,SI,-540.4175781299699,1200.0,1100.0,1740.41757812997,559.5824218700301,False,False,ALL_12_RETAINED_INTERFACES_AT_THE_SAME_RESIDUAL_SCARCITY_HOUR
IT,2019-01-21 22:00:00,IT_TN,IT,TN,-600.0,600.0,600.0,1200.0,0.0,False,True,ALL_12_RETAINED_INTERFACES_AT_THE_SAME_RESIDUAL_SCARCITY_HOUR
IT,2019-01-22 07:00:00,EXT_AT_CH,AT,CH,-1200.0,1200.0,1200.0,2400.0,0.0,False,True,ALL_12_RETAINED_INTERFACES_AT_THE_SAME_RESIDUAL_SCARCITY_HOUR
IT,2019-01-22 07:00:00,EXT_AT_SI,AT,SI,-1450.0,1450.0,1450.0,2900.0,0.0,False,True,ALL_12_RETAINED_INTERFACES_AT_THE_SAME_RESIDUAL_SCARCITY_HOUR
IT,2019-01-22 07:00:00,EXT_CH_FR,CH,FR,2200.0,2200.0,4500.0,0.0,6700.0,True,False,ALL_12_RETAINED_INTERFACES_AT_THE_SAME_RESIDUAL_SCARCITY_HOUR
IT,2019-01-22 07:00:00,EXT_HR_SI,HR,SI,-602.4276474157663,1500.0,1500.0,2102.4276474157664,897.5723525842337,False,False,ALL_12_RETAINED_INTERFACES_AT_THE_SAME_RESIDUAL_SCARCITY_HOUR
IT,2019-01-22 07:00:00,IT_AT,AT,IT,700.0,700.0,300.0,0.0,1000.0,True,False,ALL_12_RETAINED_INTERFACES_AT_THE_SAME_RESIDUAL_SCARCITY_HOUR
IT,2019-01-22 07:00:00,IT_CH,CH,IT,4600.0,4600.0,1900.0,0.0,6500.0,True,False,ALL_12_RETAINED_INTERFACES_AT_THE_SAME_RESIDUAL_SCARCITY_HOUR
IT,2019-01-22 07:00:00,IT_FR,FR,IT,4500.0,4500.0,2200.0,0.0,6700.0,True,False,ALL_12_RETAINED_INTERFACES_AT_THE_SAME_RESIDUAL_SCARCITY_HOUR
IT,2019-01-22 07:00:00,IT_GR,GR,IT,500.0,500.0,500.0,0.0,1000.0,True,False,ALL_12_RETAINED_INTERFACES_AT_THE_SAME_RESIDUAL_SCARCITY_HOUR
IT,2019-01-22 07:00:00,IT_ME,IT,ME,-600.0,600.0,600.0,1200.0,0.0,False,True,ALL_12_RETAINED_INTERFACES_AT_THE_SAME_RESIDUAL_SCARCITY_HOUR
IT,2019-01-22 07:00:00,IT_MT,IT,MT,-200.0,200.0,200.0,400.0,0.0,False,True,ALL_12_RETAINED_INTERFACES_AT_THE_SAME_RESIDUAL_SCARCITY_HOUR
IT,2019-01-22 07:00:00,IT_SI,IT,SI,-1100.0,1200.0,1100.0,2300.0,0.0,False,True,ALL_12_RETAINED_INTERFACES_AT_THE_SAME_RESIDUAL_SCARCITY_HOUR
IT,2019-01-22 07:00:00,IT_TN,IT,TN,-600.0,600.0,600.0,1200.0,0.0,False,True,ALL_12_RETAINED_INTERFACES_AT_THE_SAME_RESIDUAL_SCARCITY_HOUR
IT,2019-01-23 05:00:00,EXT_AT_CH,AT,CH,-1200.0,1200.0,1200.0,2400.0,0.0,False,True,ALL_12_RETAINED_INTERFACES_AT_THE_SAME_RESIDUAL_SCARCITY_HOUR
IT,2019-01-23 05:00:00,EXT_AT_SI,AT,SI,829.856700513693,1450.0,1450.0,620.143299486307,2279.856700513693,False,False,ALL_12_RETAINED_INTERFACES_AT_THE_SAME_RESIDUAL_SCARCITY_HOUR
IT,2019-01-23 05:00:00,EXT_CH_FR,CH,FR,-4500.0,2200.0,4500.0,6700.0,0.0,False,True,ALL_12_RETAINED_INTERFACES_AT_THE_SAME_RESIDUAL_SCARCITY_HOUR
IT,2019-01-23 05:00:00,EXT_HR_SI,HR,SI,-793.3044618285809,1500.0,1500.0,2293.3044618285808,706.6955381714191,False,False,ALL_12_RETAINED_INTERFACES_AT_THE_SAME_RESIDUAL_SCARCITY_HOUR
IT,2019-01-23 05:00:00,IT_AT,AT,IT,700.0,700.0,300.0,0.0,1000.0,True,False,ALL_12_RETAINED_INTERFACES_AT_THE_SAME_RESIDUAL_SCARCITY_HOUR
IT,2019-01-23 05:00:00,IT_CH,CH,IT,4600.0,4600.0,1900.0,0.0,6500.0,True,False,ALL_12_RETAINED_INTERFACES_AT_THE_SAME_RESIDUAL_SCARCITY_HOUR
IT,2019-01-23 05:00:00,IT_FR,FR,IT,4500.0,4500.0,2200.0,0.0,6700.0,True,False,ALL_12_RETAINED_INTERFACES_AT_THE_SAME_RESIDUAL_SCARCITY_HOUR
IT,2019-01-23 05:00:00,IT_GR,GR,IT,500.0,500.0,500.0,0.0,1000.0,True,False,ALL_12_RETAINED_INTERFACES_AT_THE_SAME_RESIDUAL_SCARCITY_HOUR
IT,2019-01-23 05:00:00,IT_ME,IT,ME,-600.0,600.0,600.0,1200.0,0.0,False,True,ALL_12_RETAINED_INTERFACES_AT_THE_SAME_RESIDUAL_SCARCITY_HOUR
IT,2019-01-23 05:00:00,IT_MT,IT,MT,-200.0,200.0,200.0,400.0,0.0,False,True,ALL_12_RETAINED_INTERFACES_AT_THE_SAME_RESIDUAL_SCARCITY_HOUR
IT,2019-01-23 05:00:00,IT_SI,IT,SI,1200.0,1200.0,1100.0,0.0,2300.0,True,False,ALL_12_RETAINED_INTERFACES_AT_THE_SAME_RESIDUAL_SCARCITY_HOUR
IT,2019-01-23 05:00:00,IT_TN,IT,TN,-600.0,600.0,600.0,1200.0,0.0,False,True,ALL_12_RETAINED_INTERFACES_AT_THE_SAME_RESIDUAL_SCARCITY_HOUR
IT,2019-01-23 06:00:00,EXT_AT_CH,AT,CH,-1200.0,1200.0,1200.0,2400.0,0.0,False,True,ALL_12_RETAINED_INTERFACES_AT_THE_SAME_RESIDUAL_SCARCITY_HOUR
IT,2019-01-23 06:00:00,EXT_AT_SI,AT,SI,-1450.0,1450.0,1450.0,2900.0,0.0,False,True,ALL_12_RETAINED_INTERFACES_AT_THE_SAME_RESIDUAL_SCARCITY_HOUR
IT,2019-01-23 06:00:00,EXT_CH_FR,CH,FR,-2908.545405878969,2200.0,4500.0,5108.545405878969,1591.4545941210308,False,False,ALL_12_RETAINED_INTERFACES_AT_THE_SAME_RESIDUAL_SCARCITY_HOUR
IT,2019-01-23 06:00:00,EXT_HR_SI,HR,SI,-1169.190485489753,1500.0,1500.0,2669.190485489753,330.809514510247,False,False,ALL_12_RETAINED_INTERFACES_AT_THE_SAME_RESIDUAL_SCARCITY_HOUR
IT,2019-01-23 06:00:00,IT_AT,AT,IT,700.0,700.0,300.0,0.0,1000.0,True,False,ALL_12_RETAINED_INTERFACES_AT_THE_SAME_RESIDUAL_SCARCITY_HOUR
IT,2019-01-23 06:00:00,IT_CH,CH,IT,4600.0,4600.0,1900.0,0.0,6500.0,True,False,ALL_12_RETAINED_INTERFACES_AT_THE_SAME_RESIDUAL_SCARCITY_HOUR
IT,2019-01-23 06:00:00,IT_FR,FR,IT,4500.0,4500.0,2200.0,0.0,6700.0,True,False,ALL_12_RETAINED_INTERFACES_AT_THE_SAME_RESIDUAL_SCARCITY_HOUR
IT,2019-01-23 06:00:00,IT_GR,GR,IT,500.0,500.0,500.0,0.0,1000.0,True,False,ALL_12_RETAINED_INTERFACES_AT_THE_SAME_RESIDUAL_SCARCITY_HOUR
IT,2019-01-23 06:00:00,IT_ME,IT,ME,-600.0,600.0,600.0,1200.0,0.0,False,True,ALL_12_RETAINED_INTERFACES_AT_THE_SAME_RESIDUAL_SCARCITY_HOUR
IT,2019-01-23 06:00:00,IT_MT,IT,MT,-200.0,200.0,200.0,400.0,0.0,False,True,ALL_12_RETAINED_INTERFACES_AT_THE_SAME_RESIDUAL_SCARCITY_HOUR
IT,2019-01-23 06:00:00,IT_SI,IT,SI,-3.8656211084694405,1200.0,1100.0,1203.8656211084694,1096.1343788915306,False,False,ALL_12_RETAINED_INTERFACES_AT_THE_SAME_RESIDUAL_SCARCITY_HOUR
IT,2019-01-23 06:00:00,IT_TN,IT,TN,-600.0,600.0,600.0,1200.0,0.0,False,True,ALL_12_RETAINED_INTERFACES_AT_THE_SAME_RESIDUAL_SCARCITY_HOUR
IT,2019-01-23 07:00:00,EXT_AT_CH,AT,CH,-1200.0,1200.0,1200.0,2400.0,0.0,False,True,ALL_12_RETAINED_INTERFACES_AT_THE_SAME_RESIDUAL_SCARCITY_HOUR
IT,2019-01-23 07:00:00,EXT_AT_SI,AT,SI,-1450.0,1450.0,1450.0,2900.0,0.0,False,True,ALL_12_RETAINED_INTERFACES_AT_THE_SAME_RESIDUAL_SCARCITY_HOUR
IT,2019-01-23 07:00:00,EXT_CH_FR,CH,FR,1489.8324526129581,2200.0,4500.0,710.1675473870419,5989.832452612958,False,False,ALL_12_RETAINED_INTERFACES_AT_THE_SAME_RESIDUAL_SCARCITY_HOUR
IT,2019-01-23 07:00:00,EXT_HR_SI,HR,SI,-180.3579575622873,1500.0,1500.0,1680.3579575622873,1319.6420424377127,False,False,ALL_12_RETAINED_INTERFACES_AT_THE_SAME_RESIDUAL_SCARCITY_HOUR
IT,2019-01-23 07:00:00,IT_AT,AT,IT,700.0,700.0,300.0,0.0,1000.0,True,False,ALL_12_RETAINED_INTERFACES_AT_THE_SAME_RESIDUAL_SCARCITY_HOUR
IT,2019-01-23 07:00:00,IT_CH,CH,IT,4600.0,4600.0,1900.0,0.0,6500.0,True,False,ALL_12_RETAINED_INTERFACES_AT_THE_SAME_RESIDUAL_SCARCITY_HOUR
IT,2019-01-23 07:00:00,IT_FR,FR,IT,4500.0,4500.0,2200.0,0.0,6700.0,True,False,ALL_12_RETAINED_INTERFACES_AT_THE_SAME_RESIDUAL_SCARCITY_HOUR
IT,2019-01-23 07:00:00,IT_GR,GR,IT,500.0,500.0,500.0,0.0,1000.0,True,False,ALL_12_RETAINED_INTERFACES_AT_THE_SAME_RESIDUAL_SCARCITY_HOUR
IT,2019-01-23 07:00:00,IT_ME,IT,ME,-600.0,600.0,600.0,1200.0,0.0,False,True,ALL_12_RETAINED_INTERFACES_AT_THE_SAME_RESIDUAL_SCARCITY_HOUR
IT,2019-01-23 07:00:00,IT_MT,IT,MT,-200.0,200.0,200.0,400.0,0.0,False,True,ALL_12_RETAINED_INTERFACES_AT_THE_SAME_RESIDUAL_SCARCITY_HOUR
IT,2019-01-23 07:00:00,IT_SI,IT,SI,-1100.0,1200.0,1100.0,2300.0,0.0,False,True,ALL_12_RETAINED_INTERFACES_AT_THE_SAME_RESIDUAL_SCARCITY_HOUR
IT,2019-01-23 07:00:00,IT_TN,IT,TN,-600.0,600.0,600.0,1200.0,0.0,False,True,ALL_12_RETAINED_INTERFACES_AT_THE_SAME_RESIDUAL_SCARCITY_HOUR
IT,2019-01-23 20:00:00,EXT_AT_CH,AT,CH,-1200.0,1200.0,1200.0,2400.0,0.0,False,True,ALL_12_RETAINED_INTERFACES_AT_THE_SAME_RESIDUAL_SCARCITY_HOUR
IT,2019-01-23 20:00:00,EXT_AT_SI,AT,SI,871.1722474677367,1450.0,1450.0,578.8277525322633,2321.1722474677367,False,False,ALL_12_RETAINED_INTERFACES_AT_THE_SAME_RESIDUAL_SCARCITY_HOUR
IT,2019-01-23 20:00:00,EXT_CH_FR,CH,FR,-4500.0,2200.0,4500.0,6700.0,0.0,False,True,ALL_12_RETAINED_INTERFACES_AT_THE_SAME_RESIDUAL_SCARCITY_HOUR
IT,2019-01-23 20:00:00,EXT_HR_SI,HR,SI,1500.0,1500.0,1500.0,0.0,3000.0,True,False,ALL_12_RETAINED_INTERFACES_AT_THE_SAME_RESIDUAL_SCARCITY_HOUR
IT,2019-01-23 20:00:00,IT_AT,AT,IT,700.0,700.0,300.0,0.0,1000.0,True,False,ALL_12_RETAINED_INTERFACES_AT_THE_SAME_RESIDUAL_SCARCITY_HOUR
IT,2019-01-23 20:00:00,IT_CH,CH,IT,4600.0,4600.0,1900.0,0.0,6500.0,True,False,ALL_12_RETAINED_INTERFACES_AT_THE_SAME_RESIDUAL_SCARCITY_HOUR
IT,2019-01-23 20:00:00,IT_FR,FR,IT,4500.0,4500.0,2200.0,0.0,6700.0,True,False,ALL_12_RETAINED_INTERFACES_AT_THE_SAME_RESIDUAL_SCARCITY_HOUR
IT,2019-01-23 20:00:00,IT_GR,GR,IT,500.0,500.0,500.0,0.0,1000.0,True,False,ALL_12_RETAINED_INTERFACES_AT_THE_SAME_RESIDUAL_SCARCITY_HOUR
IT,2019-01-23 20:00:00,IT_ME,IT,ME,-600.0,600.0,600.0,1200.0,0.0,False,True,ALL_12_RETAINED_INTERFACES_AT_THE_SAME_RESIDUAL_SCARCITY_HOUR
IT,2019-01-23 20:00:00,IT_MT,IT,MT,-200.0,200.0,200.0,400.0,0.0,False,True,ALL_12_RETAINED_INTERFACES_AT_THE_SAME_RESIDUAL_SCARCITY_HOUR
IT,2019-01-23 20:00:00,IT_SI,IT,SI,-1100.0,1200.0,1100.0,2300.0,0.0,False,True,ALL_12_RETAINED_INTERFACES_AT_THE_SAME_RESIDUAL_SCARCITY_HOUR
IT,2019-01-23 20:00:00,IT_TN,IT,TN,-600.0,600.0,600.0,1200.0,0.0,False,True,ALL_12_RETAINED_INTERFACES_AT_THE_SAME_RESIDUAL_SCARCITY_HOUR
IT,2019-01-23 21:00:00,EXT_AT_CH,AT,CH,-1200.0,1200.0,1200.0,2400.0,0.0,False,True,ALL_12_RETAINED_INTERFACES_AT_THE_SAME_RESIDUAL_SCARCITY_HOUR
IT,2019-01-23 21:00:00,EXT_AT_SI,AT,SI,-1450.0,1450.0,1450.0,2900.0,0.0,False,True,ALL_12_RETAINED_INTERFACES_AT_THE_SAME_RESIDUAL_SCARCITY_HOUR
IT,2019-01-23 21:00:00,EXT_CH_FR,CH,FR,-1129.317272751483,2200.0,4500.0,3329.317272751483,3370.682727248517,False,False,ALL_12_RETAINED_INTERFACES_AT_THE_SAME_RESIDUAL_SCARCITY_HOUR
IT,2019-01-23 21:00:00,EXT_HR_SI,HR,SI,-1034.2736269903646,1500.0,1500.0,2534.2736269903644,465.7263730096354,False,False,ALL_12_RETAINED_INTERFACES_AT_THE_SAME_RESIDUAL_SCARCITY_HOUR
IT,2019-01-23 21:00:00,IT_AT,AT,IT,700.0,700.0,300.0,0.0,1000.0,True,False,ALL_12_RETAINED_INTERFACES_AT_THE_SAME_RESIDUAL_SCARCITY_HOUR
IT,2019-01-23 21:00:00,IT_CH,CH,IT,4600.0,4600.0,1900.0,0.0,6500.0,True,False,ALL_12_RETAINED_INTERFACES_AT_THE_SAME_RESIDUAL_SCARCITY_HOUR
IT,2019-01-23 21:00:00,IT_FR,FR,IT,4500.0,4500.0,2200.0,0.0,6700.0,True,False,ALL_12_RETAINED_INTERFACES_AT_THE_SAME_RESIDUAL_SCARCITY_HOUR
IT,2019-01-23 21:00:00,IT_GR,GR,IT,500.0,500.0,500.0,0.0,1000.0,True,False,ALL_12_RETAINED_INTERFACES_AT_THE_SAME_RESIDUAL_SCARCITY_HOUR
IT,2019-01-23 21:00:00,IT_ME,IT,ME,-600.0,600.0,600.0,1200.0,0.0,False,True,ALL_12_RETAINED_INTERFACES_AT_THE_SAME_RESIDUAL_SCARCITY_HOUR
IT,2019-01-23 21:00:00,IT_MT,IT,MT,-200.0,200.0,200.0,400.0,0.0,False,True,ALL_12_RETAINED_INTERFACES_AT_THE_SAME_RESIDUAL_SCARCITY_HOUR
IT,2019-01-23 21:00:00,IT_SI,IT,SI,1200.0,1200.0,1100.0,0.0,2300.0,True,False,ALL_12_RETAINED_INTERFACES_AT_THE_SAME_RESIDUAL_SCARCITY_HOUR
IT,2019-01-23 21:00:00,IT_TN,IT,TN,-600.0,600.0,600.0,1200.0,0.0,False,True,ALL_12_RETAINED_INTERFACES_AT_THE_SAME_RESIDUAL_SCARCITY_HOUR
IT,2019-01-23 22:00:00,EXT_AT_CH,AT,CH,-1200.0,1200.0,1200.0,2400.0,0.0,False,True,ALL_12_RETAINED_INTERFACES_AT_THE_SAME_RESIDUAL_SCARCITY_HOUR
IT,2019-01-23 22:00:00,EXT_AT_SI,AT,SI,-1450.0,1450.0,1450.0,2900.0,0.0,False,True,ALL_12_RETAINED_INTERFACES_AT_THE_SAME_RESIDUAL_SCARCITY_HOUR
IT,2019-01-23 22:00:00,EXT_CH_FR,CH,FR,2200.0,2200.0,4500.0,0.0,6700.0,True,False,ALL_12_RETAINED_INTERFACES_AT_THE_SAME_RESIDUAL_SCARCITY_HOUR
IT,2019-01-23 22:00:00,EXT_HR_SI,HR,SI,-732.8644700908866,1500.0,1500.0,2232.8644700908867,767.1355299091134,False,False,ALL_12_RETAINED_INTERFACES_AT_THE_SAME_RESIDUAL_SCARCITY_HOUR
IT,2019-01-23 22:00:00,IT_AT,AT,IT,700.0,700.0,300.0,0.0,1000.0,True,False,ALL_12_RETAINED_INTERFACES_AT_THE_SAME_RESIDUAL_SCARCITY_HOUR
IT,2019-01-23 22:00:00,IT_CH,CH,IT,4600.0,4600.0,1900.0,0.0,6500.0,True,False,ALL_12_RETAINED_INTERFACES_AT_THE_SAME_RESIDUAL_SCARCITY_HOUR
IT,2019-01-23 22:00:00,IT_FR,FR,IT,4500.0,4500.0,2200.0,0.0,6700.0,True,False,ALL_12_RETAINED_INTERFACES_AT_THE_SAME_RESIDUAL_SCARCITY_HOUR
IT,2019-01-23 22:00:00,IT_GR,GR,IT,500.0,500.0,500.0,0.0,1000.0,True,False,ALL_12_RETAINED_INTERFACES_AT_THE_SAME_RESIDUAL_SCARCITY_HOUR
IT,2019-01-23 22:00:00,IT_ME,IT,ME,-600.0,600.0,600.0,1200.0,0.0,False,True,ALL_12_RETAINED_INTERFACES_AT_THE_SAME_RESIDUAL_SCARCITY_HOUR
IT,2019-01-23 22:00:00,IT_MT,IT,MT,-200.0,200.0,200.0,400.0,0.0,False,True,ALL_12_RETAINED_INTERFACES_AT_THE_SAME_RESIDUAL_SCARCITY_HOUR
IT,2019-01-23 22:00:00,IT_SI,IT,SI,-441.84798793114,1200.0,1100.0,1641.8479879311399,658.15201206886,False,False,ALL_12_RETAINED_INTERFACES_AT_THE_SAME_RESIDUAL_SCARCITY_HOUR
IT,2019-01-23 22:00:00,IT_TN,IT,TN,-600.0,600.0,600.0,1200.0,0.0,False,True,ALL_12_RETAINED_INTERFACES_AT_THE_SAME_RESIDUAL_SCARCITY_HOUR
IT,2019-01-24 06:00:00,EXT_AT_CH,AT,CH,-1200.0,1200.0,1200.0,2400.0,0.0,False,True,ALL_12_RETAINED_INTERFACES_AT_THE_SAME_RESIDUAL_SCARCITY_HOUR
IT,2019-01-24 06:00:00,EXT_AT_SI,AT,SI,-1450.0,1450.0,1450.0,2900.0,0.0,False,True,ALL_12_RETAINED_INTERFACES_AT_THE_SAME_RESIDUAL_SCARCITY_HOUR
IT,2019-01-24 06:00:00,EXT_CH_FR,CH,FR,2200.0,2200.0,4500.0,0.0,6700.0,True,False,ALL_12_RETAINED_INTERFACES_AT_THE_SAME_RESIDUAL_SCARCITY_HOUR
IT,2019-01-24 06:00:00,EXT_HR_SI,HR,SI,1500.0,1500.0,1500.0,0.0,3000.0,True,False,ALL_12_RETAINED_INTERFACES_AT_THE_SAME_RESIDUAL_SCARCITY_HOUR
IT,2019-01-24 06:00:00,IT_AT,AT,IT,-300.0,700.0,300.0,1000.0,0.0,False,True,ALL_12_RETAINED_INTERFACES_AT_THE_SAME_RESIDUAL_SCARCITY_HOUR
IT,2019-01-24 06:00:00,IT_CH,CH,IT,4600.0,4600.0,1900.0,0.0,6500.0,True,False,ALL_12_RETAINED_INTERFACES_AT_THE_SAME_RESIDUAL_SCARCITY_HOUR
IT,2019-01-24 06:00:00,IT_FR,FR,IT,-2200.0,4500.0,2200.0,6700.0,0.0,False,True,ALL_12_RETAINED_INTERFACES_AT_THE_SAME_RESIDUAL_SCARCITY_HOUR
IT,2019-01-24 06:00:00,IT_GR,GR,IT,500.0,500.0,500.0,0.0,1000.0,True,False,ALL_12_RETAINED_INTERFACES_AT_THE_SAME_RESIDUAL_SCARCITY_HOUR
IT,2019-01-24 06:00:00,IT_ME,IT,ME,-600.0,600.0,600.0,1200.0,0.0,False,True,ALL_12_RETAINED_INTERFACES_AT_THE_SAME_RESIDUAL_SCARCITY_HOUR
IT,2019-01-24 06:00:00,IT_MT,IT,MT,-200.0,200.0,200.0,400.0,0.0,False,True,ALL_12_RETAINED_INTERFACES_AT_THE_SAME_RESIDUAL_SCARCITY_HOUR
IT,2019-01-24 06:00:00,IT_SI,IT,SI,-1100.0,1200.0,1100.0,2300.0,0.0,False,True,ALL_12_RETAINED_INTERFACES_AT_THE_SAME_RESIDUAL_SCARCITY_HOUR
IT,2019-01-24 06:00:00,IT_TN,IT,TN,-600.0,600.0,600.0,1200.0,0.0,False,True,ALL_12_RETAINED_INTERFACES_AT_THE_SAME_RESIDUAL_SCARCITY_HOUR
IT,2019-01-24 07:00:00,EXT_AT_CH,AT,CH,-1200.0,1200.0,1200.0,2400.0,0.0,False,True,ALL_12_RETAINED_INTERFACES_AT_THE_SAME_RESIDUAL_SCARCITY_HOUR
IT,2019-01-24 07:00:00,EXT_AT_SI,AT,SI,-1450.0,1450.0,1450.0,2900.0,0.0,False,True,ALL_12_RETAINED_INTERFACES_AT_THE_SAME_RESIDUAL_SCARCITY_HOUR
IT,2019-01-24 07:00:00,EXT_CH_FR,CH,FR,2200.0,2200.0,4500.0,0.0,6700.0,True,False,ALL_12_RETAINED_INTERFACES_AT_THE_SAME_RESIDUAL_SCARCITY_HOUR
IT,2019-01-24 07:00:00,EXT_HR_SI,HR,SI,-254.3522279771237,1500.0,1500.0,1754.3522279771237,1245.6477720228763,False,False,ALL_12_RETAINED_INTERFACES_AT_THE_SAME_RESIDUAL_SCARCITY_HOUR
IT,2019-01-24 07:00:00,IT_AT,AT,IT,-300.0,700.0,300.0,1000.0,0.0,False,True,ALL_12_RETAINED_INTERFACES_AT_THE_SAME_RESIDUAL_SCARCITY_HOUR
IT,2019-01-24 07:00:00,IT_CH,CH,IT,4600.0,4600.0,1900.0,0.0,6500.0,True,False,ALL_12_RETAINED_INTERFACES_AT_THE_SAME_RESIDUAL_SCARCITY_HOUR
IT,2019-01-24 07:00:00,IT_FR,FR,IT,-2200.0,4500.0,2200.0,6700.0,0.0,False,True,ALL_12_RETAINED_INTERFACES_AT_THE_SAME_RESIDUAL_SCARCITY_HOUR
IT,2019-01-24 07:00:00,IT_GR,GR,IT,500.0,500.0,500.0,0.0,1000.0,True,False,ALL_12_RETAINED_INTERFACES_AT_THE_SAME_RESIDUAL_SCARCITY_HOUR
IT,2019-01-24 07:00:00,IT_ME,IT,ME,-600.0,600.0,600.0,1200.0,0.0,False,True,ALL_12_RETAINED_INTERFACES_AT_THE_SAME_RESIDUAL_SCARCITY_HOUR
IT,2019-01-24 07:00:00,IT_MT,IT,MT,-200.0,200.0,200.0,400.0,0.0,False,True,ALL_12_RETAINED_INTERFACES_AT_THE_SAME_RESIDUAL_SCARCITY_HOUR
IT,2019-01-24 07:00:00,IT_SI,IT,SI,-1100.0,1200.0,1100.0,2300.0,0.0,False,True,ALL_12_RETAINED_INTERFACES_AT_THE_SAME_RESIDUAL_SCARCITY_HOUR
IT,2019-01-24 07:00:00,IT_TN,IT,TN,-600.0,600.0,600.0,1200.0,0.0,False,True,ALL_12_RETAINED_INTERFACES_AT_THE_SAME_RESIDUAL_SCARCITY_HOUR
IT,2019-01-30 05:00:00,EXT_AT_CH,AT,CH,-1200.0,1200.0,1200.0,2400.0,0.0,False,True,ALL_12_RETAINED_INTERFACES_AT_THE_SAME_RESIDUAL_SCARCITY_HOUR
IT,2019-01-30 05:00:00,EXT_AT_SI,AT,SI,-1450.0,1450.0,1450.0,2900.0,0.0,False,True,ALL_12_RETAINED_INTERFACES_AT_THE_SAME_RESIDUAL_SCARCITY_HOUR
IT,2019-01-30 05:00:00,EXT_CH_FR,CH,FR,-4083.254980342575,2200.0,4500.0,6283.254980342575,416.745019657425,False,False,ALL_12_RETAINED_INTERFACES_AT_THE_SAME_RESIDUAL_SCARCITY_HOUR
IT,2019-01-30 05:00:00,EXT_HR_SI,HR,SI,-943.6979336169796,1500.0,1500.0,2443.6979336169798,556.3020663830204,False,False,ALL_12_RETAINED_INTERFACES_AT_THE_SAME_RESIDUAL_SCARCITY_HOUR
IT,2019-01-30 05:00:00,IT_AT,AT,IT,700.0,700.0,300.0,0.0,1000.0,True,False,ALL_12_RETAINED_INTERFACES_AT_THE_SAME_RESIDUAL_SCARCITY_HOUR
IT,2019-01-30 05:00:00,IT_CH,CH,IT,4600.0,4600.0,1900.0,0.0,6500.0,True,False,ALL_12_RETAINED_INTERFACES_AT_THE_SAME_RESIDUAL_SCARCITY_HOUR
IT,2019-01-30 05:00:00,IT_FR,FR,IT,4500.0,4500.0,2200.0,0.0,6700.0,True,False,ALL_12_RETAINED_INTERFACES_AT_THE_SAME_RESIDUAL_SCARCITY_HOUR
IT,2019-01-30 05:00:00,IT_GR,GR,IT,500.0,500.0,500.0,0.0,1000.0,True,False,ALL_12_RETAINED_INTERFACES_AT_THE_SAME_RESIDUAL_SCARCITY_HOUR
IT,2019-01-30 05:00:00,IT_ME,IT,ME,-600.0,600.0,600.0,1200.0,0.0,False,True,ALL_12_RETAINED_INTERFACES_AT_THE_SAME_RESIDUAL_SCARCITY_HOUR
IT,2019-01-30 05:00:00,IT_MT,IT,MT,-200.0,200.0,200.0,400.0,0.0,False,True,ALL_12_RETAINED_INTERFACES_AT_THE_SAME_RESIDUAL_SCARCITY_HOUR
IT,2019-01-30 05:00:00,IT_SI,IT,SI,-200.64172040499818,1200.0,1100.0,1400.641720404998,899.3582795950018,False,False,ALL_12_RETAINED_INTERFACES_AT_THE_SAME_RESIDUAL_SCARCITY_HOUR
IT,2019-01-30 05:00:00,IT_TN,IT,TN,-600.0,600.0,600.0,1200.0,0.0,False,True,ALL_12_RETAINED_INTERFACES_AT_THE_SAME_RESIDUAL_SCARCITY_HOUR
IT,2019-01-30 06:00:00,EXT_AT_CH,AT,CH,-1200.0,1200.0,1200.0,2400.0,0.0,False,True,ALL_12_RETAINED_INTERFACES_AT_THE_SAME_RESIDUAL_SCARCITY_HOUR
IT,2019-01-30 06:00:00,EXT_AT_SI,AT,SI,1450.0,1450.0,1450.0,0.0,2900.0,True,False,ALL_12_RETAINED_INTERFACES_AT_THE_SAME_RESIDUAL_SCARCITY_HOUR
IT,2019-01-30 06:00:00,EXT_CH_FR,CH,FR,-4478.919669252906,2200.0,4500.0,6678.919669252906,21.080330747094195,False,False,ALL_12_RETAINED_INTERFACES_AT_THE_SAME_RESIDUAL_SCARCITY_HOUR
IT,2019-01-30 06:00:00,EXT_HR_SI,HR,SI,1238.78675420351,1500.0,1500.0,261.2132457964899,2738.78675420351,False,False,ALL_12_RETAINED_INTERFACES_AT_THE_SAME_RESIDUAL_SCARCITY_HOUR
IT,2019-01-30 06:00:00,IT_AT,AT,IT,700.0,700.0,300.0,0.0,1000.0,True,False,ALL_12_RETAINED_INTERFACES_AT_THE_SAME_RESIDUAL_SCARCITY_HOUR
IT,2019-01-30 06:00:00,IT_CH,CH,IT,4600.0,4600.0,1900.0,0.0,6500.0,True,False,ALL_12_RETAINED_INTERFACES_AT_THE_SAME_RESIDUAL_SCARCITY_HOUR
IT,2019-01-30 06:00:00,IT_FR,FR,IT,4500.0,4500.0,2200.0,0.0,6700.0,True,False,ALL_12_RETAINED_INTERFACES_AT_THE_SAME_RESIDUAL_SCARCITY_HOUR
IT,2019-01-30 06:00:00,IT_GR,GR,IT,500.0,500.0,500.0,0.0,1000.0,True,False,ALL_12_RETAINED_INTERFACES_AT_THE_SAME_RESIDUAL_SCARCITY_HOUR
IT,2019-01-30 06:00:00,IT_ME,IT,ME,-600.0,600.0,600.0,1200.0,0.0,False,True,ALL_12_RETAINED_INTERFACES_AT_THE_SAME_RESIDUAL_SCARCITY_HOUR
IT,2019-01-30 06:00:00,IT_MT,IT,MT,-200.0,200.0,200.0,400.0,0.0,False,True,ALL_12_RETAINED_INTERFACES_AT_THE_SAME_RESIDUAL_SCARCITY_HOUR
IT,2019-01-30 06:00:00,IT_SI,IT,SI,-1100.0,1200.0,1100.0,2300.0,0.0,False,True,ALL_12_RETAINED_INTERFACES_AT_THE_SAME_RESIDUAL_SCARCITY_HOUR
IT,2019-01-30 06:00:00,IT_TN,IT,TN,-600.0,600.0,600.0,1200.0,0.0,False,True,ALL_12_RETAINED_INTERFACES_AT_THE_SAME_RESIDUAL_SCARCITY_HOUR
IT,2019-01-30 07:00:00,EXT_AT_CH,AT,CH,-1200.0,1200.0,1200.0,2400.0,0.0,False,True,ALL_12_RETAINED_INTERFACES_AT_THE_SAME_RESIDUAL_SCARCITY_HOUR
IT,2019-01-30 07:00:00,EXT_AT_SI,AT,SI,-936.2820705666761,1450.0,1450.0,2386.2820705666763,513.7179294333239,False,False,ALL_12_RETAINED_INTERFACES_AT_THE_SAME_RESIDUAL_SCARCITY_HOUR
IT,2019-01-30 07:00:00,EXT_CH_FR,CH,FR,-4500.0,2200.0,4500.0,6700.0,0.0,False,True,ALL_12_RETAINED_INTERFACES_AT_THE_SAME_RESIDUAL_SCARCITY_HOUR
IT,2019-01-30 07:00:00,EXT_HR_SI,HR,SI,-1036.4214284944994,1500.0,1500.0,2536.421428494499,463.5785715055006,False,False,ALL_12_RETAINED_INTERFACES_AT_THE_SAME_RESIDUAL_SCARCITY_HOUR
IT,2019-01-30 07:00:00,IT_AT,AT,IT,700.0,700.0,300.0,0.0,1000.0,True,False,ALL_12_RETAINED_INTERFACES_AT_THE_SAME_RESIDUAL_SCARCITY_HOUR
IT,2019-01-30 07:00:00,IT_CH,CH,IT,4600.0,4600.0,1900.0,0.0,6500.0,True,False,ALL_12_RETAINED_INTERFACES_AT_THE_SAME_RESIDUAL_SCARCITY_HOUR
IT,2019-01-30 07:00:00,IT_FR,FR,IT,4500.0,4500.0,2200.0,0.0,6700.0,True,False,ALL_12_RETAINED_INTERFACES_AT_THE_SAME_RESIDUAL_SCARCITY_HOUR
IT,2019-01-30 07:00:00,IT_GR,GR,IT,500.0,500.0,500.0,0.0,1000.0,True,False,ALL_12_RETAINED_INTERFACES_AT_THE_SAME_RESIDUAL_SCARCITY_HOUR
IT,2019-01-30 07:00:00,IT_ME,IT,ME,-600.0,600.0,600.0,1200.0,0.0,False,True,ALL_12_RETAINED_INTERFACES_AT_THE_SAME_RESIDUAL_SCARCITY_HOUR
IT,2019-01-30 07:00:00,IT_MT,IT,MT,-200.0,200.0,200.0,400.0,0.0,False,True,ALL_12_RETAINED_INTERFACES_AT_THE_SAME_RESIDUAL_SCARCITY_HOUR
IT,2019-01-30 07:00:00,IT_SI,IT,SI,-1100.0,1200.0,1100.0,2300.0,0.0,False,True,ALL_12_RETAINED_INTERFACES_AT_THE_SAME_RESIDUAL_SCARCITY_HOUR
IT,2019-01-30 07:00:00,IT_TN,IT,TN,-600.0,600.0,600.0,1200.0,0.0,False,True,ALL_12_RETAINED_INTERFACES_AT_THE_SAME_RESIDUAL_SCARCITY_HOUR
IT,2019-01-30 20:00:00,EXT_AT_CH,AT,CH,-1200.0,1200.0,1200.0,2400.0,0.0,False,True,ALL_12_RETAINED_INTERFACES_AT_THE_SAME_RESIDUAL_SCARCITY_HOUR
IT,2019-01-30 20:00:00,EXT_AT_SI,AT,SI,-1450.0,1450.0,1450.0,2900.0,0.0,False,True,ALL_12_RETAINED_INTERFACES_AT_THE_SAME_RESIDUAL_SCARCITY_HOUR
IT,2019-01-30 20:00:00,EXT_CH_FR,CH,FR,2200.0,2200.0,4500.0,0.0,6700.0,True,False,ALL_12_RETAINED_INTERFACES_AT_THE_SAME_RESIDUAL_SCARCITY_HOUR
IT,2019-01-30 20:00:00,EXT_HR_SI,HR,SI,-43.99418578898849,1500.0,1500.0,1543.9941857889885,1456.0058142110115,False,False,ALL_12_RETAINED_INTERFACES_AT_THE_SAME_RESIDUAL_SCARCITY_HOUR
IT,2019-01-30 20:00:00,IT_AT,AT,IT,700.0,700.0,300.0,0.0,1000.0,True,False,ALL_12_RETAINED_INTERFACES_AT_THE_SAME_RESIDUAL_SCARCITY_HOUR
IT,2019-01-30 20:00:00,IT_CH,CH,IT,4600.0,4600.0,1900.0,0.0,6500.0,True,False,ALL_12_RETAINED_INTERFACES_AT_THE_SAME_RESIDUAL_SCARCITY_HOUR
IT,2019-01-30 20:00:00,IT_FR,FR,IT,3696.5330271725325,4500.0,2200.0,803.4669728274675,5896.5330271725325,False,False,ALL_12_RETAINED_INTERFACES_AT_THE_SAME_RESIDUAL_SCARCITY_HOUR
IT,2019-01-30 20:00:00,IT_GR,GR,IT,500.0,500.0,500.0,0.0,1000.0,True,False,ALL_12_RETAINED_INTERFACES_AT_THE_SAME_RESIDUAL_SCARCITY_HOUR
IT,2019-01-30 20:00:00,IT_ME,IT,ME,-600.0,600.0,600.0,1200.0,0.0,False,True,ALL_12_RETAINED_INTERFACES_AT_THE_SAME_RESIDUAL_SCARCITY_HOUR
IT,2019-01-30 20:00:00,IT_MT,IT,MT,-200.0,200.0,200.0,400.0,0.0,False,True,ALL_12_RETAINED_INTERFACES_AT_THE_SAME_RESIDUAL_SCARCITY_HOUR
IT,2019-01-30 20:00:00,IT_SI,IT,SI,-1100.0,1200.0,1100.0,2300.0,0.0,False,True,ALL_12_RETAINED_INTERFACES_AT_THE_SAME_RESIDUAL_SCARCITY_HOUR
IT,2019-01-30 20:00:00,IT_TN,IT,TN,-600.0,600.0,600.0,1200.0,0.0,False,True,ALL_12_RETAINED_INTERFACES_AT_THE_SAME_RESIDUAL_SCARCITY_HOUR
IT,2019-01-30 21:00:00,EXT_AT_CH,AT,CH,-1200.0,1200.0,1200.0,2400.0,0.0,False,True,ALL_12_RETAINED_INTERFACES_AT_THE_SAME_RESIDUAL_SCARCITY_HOUR
IT,2019-01-30 21:00:00,EXT_AT_SI,AT,SI,-1450.0,1450.0,1450.0,2900.0,0.0,False,True,ALL_12_RETAINED_INTERFACES_AT_THE_SAME_RESIDUAL_SCARCITY_HOUR
IT,2019-01-30 21:00:00,EXT_CH_FR,CH,FR,2200.0,2200.0,4500.0,0.0,6700.0,True,False,ALL_12_RETAINED_INTERFACES_AT_THE_SAME_RESIDUAL_SCARCITY_HOUR
IT,2019-01-30 21:00:00,EXT_HR_SI,HR,SI,-43.95874801149648,1500.0,1500.0,1543.9587480114965,1456.0412519885035,False,False,ALL_12_RETAINED_INTERFACES_AT_THE_SAME_RESIDUAL_SCARCITY_HOUR
IT,2019-01-30 21:00:00,IT_AT,AT,IT,-300.0,700.0,300.0,1000.0,0.0,False,True,ALL_12_RETAINED_INTERFACES_AT_THE_SAME_RESIDUAL_SCARCITY_HOUR
IT,2019-01-30 21:00:00,IT_CH,CH,IT,4600.0,4600.0,1900.0,0.0,6500.0,True,False,ALL_12_RETAINED_INTERFACES_AT_THE_SAME_RESIDUAL_SCARCITY_HOUR
IT,2019-01-30 21:00:00,IT_FR,FR,IT,2489.0774417144057,4500.0,2200.0,2010.9225582855943,4689.077441714406,False,False,ALL_12_RETAINED_INTERFACES_AT_THE_SAME_RESIDUAL_SCARCITY_HOUR
IT,2019-01-30 21:00:00,IT_GR,GR,IT,500.0,500.0,500.0,0.0,1000.0,True,False,ALL_12_RETAINED_INTERFACES_AT_THE_SAME_RESIDUAL_SCARCITY_HOUR
IT,2019-01-30 21:00:00,IT_ME,IT,ME,-600.0,600.0,600.0,1200.0,0.0,False,True,ALL_12_RETAINED_INTERFACES_AT_THE_SAME_RESIDUAL_SCARCITY_HOUR
IT,2019-01-30 21:00:00,IT_MT,IT,MT,-200.0,200.0,200.0,400.0,0.0,False,True,ALL_12_RETAINED_INTERFACES_AT_THE_SAME_RESIDUAL_SCARCITY_HOUR
IT,2019-01-30 21:00:00,IT_SI,IT,SI,-1100.0,1200.0,1100.0,2300.0,0.0,False,True,ALL_12_RETAINED_INTERFACES_AT_THE_SAME_RESIDUAL_SCARCITY_HOUR
IT,2019-01-30 21:00:00,IT_TN,IT,TN,-600.0,600.0,600.0,1200.0,0.0,False,True,ALL_12_RETAINED_INTERFACES_AT_THE_SAME_RESIDUAL_SCARCITY_HOUR
IT,2019-01-31 07:00:00,EXT_AT_CH,AT,CH,-1200.0,1200.0,1200.0,2400.0,0.0,False,True,ALL_12_RETAINED_INTERFACES_AT_THE_SAME_RESIDUAL_SCARCITY_HOUR
IT,2019-01-31 07:00:00,EXT_AT_SI,AT,SI,-1450.0,1450.0,1450.0,2900.0,0.0,False,True,ALL_12_RETAINED_INTERFACES_AT_THE_SAME_RESIDUAL_SCARCITY_HOUR
IT,2019-01-31 07:00:00,EXT_CH_FR,CH,FR,2200.0,2200.0,4500.0,0.0,6700.0,True,False,ALL_12_RETAINED_INTERFACES_AT_THE_SAME_RESIDUAL_SCARCITY_HOUR
IT,2019-01-31 07:00:00,EXT_HR_SI,HR,SI,-1038.0740351312854,1500.0,1500.0,2538.074035131285,461.9259648687146,False,False,ALL_12_RETAINED_INTERFACES_AT_THE_SAME_RESIDUAL_SCARCITY_HOUR
IT,2019-01-31 07:00:00,IT_AT,AT,IT,-300.0,700.0,300.0,1000.0,0.0,False,True,ALL_12_RETAINED_INTERFACES_AT_THE_SAME_RESIDUAL_SCARCITY_HOUR
IT,2019-01-31 07:00:00,IT_CH,CH,IT,4600.0,4600.0,1900.0,0.0,6500.0,True,False,ALL_12_RETAINED_INTERFACES_AT_THE_SAME_RESIDUAL_SCARCITY_HOUR
IT,2019-01-31 07:00:00,IT_FR,FR,IT,-1121.2919179540331,4500.0,2200.0,5621.291917954033,1078.7080820459669,False,False,ALL_12_RETAINED_INTERFACES_AT_THE_SAME_RESIDUAL_SCARCITY_HOUR
IT,2019-01-31 07:00:00,IT_GR,GR,IT,500.0,500.0,500.0,0.0,1000.0,True,False,ALL_12_RETAINED_INTERFACES_AT_THE_SAME_RESIDUAL_SCARCITY_HOUR
IT,2019-01-31 07:00:00,IT_ME,IT,ME,-600.0,600.0,600.0,1200.0,0.0,False,True,ALL_12_RETAINED_INTERFACES_AT_THE_SAME_RESIDUAL_SCARCITY_HOUR
IT,2019-01-31 07:00:00,IT_MT,IT,MT,-200.0,200.0,200.0,400.0,0.0,False,True,ALL_12_RETAINED_INTERFACES_AT_THE_SAME_RESIDUAL_SCARCITY_HOUR
IT,2019-01-31 07:00:00,IT_SI,IT,SI,-516.8143042510369,1200.0,1100.0,1716.814304251037,583.1856957489631,False,False,ALL_12_RETAINED_INTERFACES_AT_THE_SAME_RESIDUAL_SCARCITY_HOUR
IT,2019-01-31 07:00:00,IT_TN,IT,TN,-600.0,600.0,600.0,1200.0,0.0,False,True,ALL_12_RETAINED_INTERFACES_AT_THE_SAME_RESIDUAL_SCARCITY_HOUR
IT,2019-02-08 06:00:00,EXT_AT_CH,AT,CH,-1200.0,1200.0,1200.0,2400.0,0.0,False,True,ALL_12_RETAINED_INTERFACES_AT_THE_SAME_RESIDUAL_SCARCITY_HOUR
IT,2019-02-08 06:00:00,EXT_AT_SI,AT,SI,-1450.0,1450.0,1450.0,2900.0,0.0,False,True,ALL_12_RETAINED_INTERFACES_AT_THE_SAME_RESIDUAL_SCARCITY_HOUR
IT,2019-02-08 06:00:00,EXT_CH_FR,CH,FR,-4500.0,2200.0,4500.0,6700.0,0.0,False,True,ALL_12_RETAINED_INTERFACES_AT_THE_SAME_RESIDUAL_SCARCITY_HOUR
IT,2019-02-08 06:00:00,EXT_HR_SI,HR,SI,-170.9408854891075,1500.0,1500.0,1670.9408854891076,1329.0591145108924,False,False,ALL_12_RETAINED_INTERFACES_AT_THE_SAME_RESIDUAL_SCARCITY_HOUR
IT,2019-02-08 06:00:00,IT_AT,AT,IT,700.0,700.0,300.0,0.0,1000.0,True,False,ALL_12_RETAINED_INTERFACES_AT_THE_SAME_RESIDUAL_SCARCITY_HOUR
IT,2019-02-08 06:00:00,IT_CH,CH,IT,4600.0,4600.0,1900.0,0.0,6500.0,True,False,ALL_12_RETAINED_INTERFACES_AT_THE_SAME_RESIDUAL_SCARCITY_HOUR
IT,2019-02-08 06:00:00,IT_FR,FR,IT,4500.0,4500.0,2200.0,0.0,6700.0,True,False,ALL_12_RETAINED_INTERFACES_AT_THE_SAME_RESIDUAL_SCARCITY_HOUR
IT,2019-02-08 06:00:00,IT_GR,GR,IT,500.0,500.0,500.0,0.0,1000.0,True,False,ALL_12_RETAINED_INTERFACES_AT_THE_SAME_RESIDUAL_SCARCITY_HOUR
IT,2019-02-08 06:00:00,IT_ME,IT,ME,-600.0,600.0,600.0,1200.0,0.0,False,True,ALL_12_RETAINED_INTERFACES_AT_THE_SAME_RESIDUAL_SCARCITY_HOUR
IT,2019-02-08 06:00:00,IT_MT,IT,MT,-200.0,200.0,200.0,400.0,0.0,False,True,ALL_12_RETAINED_INTERFACES_AT_THE_SAME_RESIDUAL_SCARCITY_HOUR
IT,2019-02-08 06:00:00,IT_SI,IT,SI,-1100.0,1200.0,1100.0,2300.0,0.0,False,True,ALL_12_RETAINED_INTERFACES_AT_THE_SAME_RESIDUAL_SCARCITY_HOUR
IT,2019-02-08 06:00:00,IT_TN,IT,TN,-600.0,600.0,600.0,1200.0,0.0,False,True,ALL_12_RETAINED_INTERFACES_AT_THE_SAME_RESIDUAL_SCARCITY_HOUR
IT,2019-02-08 07:00:00,EXT_AT_CH,AT,CH,-1200.0,1200.0,1200.0,2400.0,0.0,False,True,ALL_12_RETAINED_INTERFACES_AT_THE_SAME_RESIDUAL_SCARCITY_HOUR
IT,2019-02-08 07:00:00,EXT_AT_SI,AT,SI,-1450.0,1450.0,1450.0,2900.0,0.0,False,True,ALL_12_RETAINED_INTERFACES_AT_THE_SAME_RESIDUAL_SCARCITY_HOUR
IT,2019-02-08 07:00:00,EXT_CH_FR,CH,FR,-4500.0,2200.0,4500.0,6700.0,0.0,False,True,ALL_12_RETAINED_INTERFACES_AT_THE_SAME_RESIDUAL_SCARCITY_HOUR
IT,2019-02-08 07:00:00,EXT_HR_SI,HR,SI,-49.26627582348126,1500.0,1500.0,1549.2662758234812,1450.7337241765188,False,False,ALL_12_RETAINED_INTERFACES_AT_THE_SAME_RESIDUAL_SCARCITY_HOUR
IT,2019-02-08 07:00:00,IT_AT,AT,IT,-300.0,700.0,300.0,1000.0,0.0,False,True,ALL_12_RETAINED_INTERFACES_AT_THE_SAME_RESIDUAL_SCARCITY_HOUR
IT,2019-02-08 07:00:00,IT_CH,CH,IT,4600.0,4600.0,1900.0,0.0,6500.0,True,False,ALL_12_RETAINED_INTERFACES_AT_THE_SAME_RESIDUAL_SCARCITY_HOUR
IT,2019-02-08 07:00:00,IT_FR,FR,IT,4500.0,4500.0,2200.0,0.0,6700.0,True,False,ALL_12_RETAINED_INTERFACES_AT_THE_SAME_RESIDUAL_SCARCITY_HOUR
IT,2019-02-08 07:00:00,IT_GR,GR,IT,500.0,500.0,500.0,0.0,1000.0,True,False,ALL_12_RETAINED_INTERFACES_AT_THE_SAME_RESIDUAL_SCARCITY_HOUR
IT,2019-02-08 07:00:00,IT_ME,IT,ME,-600.0,600.0,600.0,1200.0,0.0,False,True,ALL_12_RETAINED_INTERFACES_AT_THE_SAME_RESIDUAL_SCARCITY_HOUR
IT,2019-02-08 07:00:00,IT_MT,IT,MT,-200.0,200.0,200.0,400.0,0.0,False,True,ALL_12_RETAINED_INTERFACES_AT_THE_SAME_RESIDUAL_SCARCITY_HOUR
IT,2019-02-08 07:00:00,IT_SI,IT,SI,-1100.0,1200.0,1100.0,2300.0,0.0,False,True,ALL_12_RETAINED_INTERFACES_AT_THE_SAME_RESIDUAL_SCARCITY_HOUR
IT,2019-02-08 07:00:00,IT_TN,IT,TN,-600.0,600.0,600.0,1200.0,0.0,False,True,ALL_12_RETAINED_INTERFACES_AT_THE_SAME_RESIDUAL_SCARCITY_HOUR
IT,2019-02-19 06:00:00,EXT_AT_CH,AT,CH,-1200.0,1200.0,1200.0,2400.0,0.0,False,True,ALL_12_RETAINED_INTERFACES_AT_THE_SAME_RESIDUAL_SCARCITY_HOUR
IT,2019-02-19 06:00:00,EXT_AT_SI,AT,SI,1450.0,1450.0,1450.0,0.0,2900.0,True,False,ALL_12_RETAINED_INTERFACES_AT_THE_SAME_RESIDUAL_SCARCITY_HOUR
IT,2019-02-19 06:00:00,EXT_CH_FR,CH,FR,-1019.8668553532115,2200.0,4500.0,3219.8668553532116,3480.1331446467884,False,False,ALL_12_RETAINED_INTERFACES_AT_THE_SAME_RESIDUAL_SCARCITY_HOUR
IT,2019-02-19 06:00:00,EXT_HR_SI,HR,SI,-19.011135926896713,1500.0,1500.0,1519.0111359268967,1480.9888640731033,False,False,ALL_12_RETAINED_INTERFACES_AT_THE_SAME_RESIDUAL_SCARCITY_HOUR
IT,2019-02-19 06:00:00,IT_AT,AT,IT,700.0,700.0,300.0,0.0,1000.0,True,False,ALL_12_RETAINED_INTERFACES_AT_THE_SAME_RESIDUAL_SCARCITY_HOUR
IT,2019-02-19 06:00:00,IT_CH,CH,IT,4600.0,4600.0,1900.0,0.0,6500.0,True,False,ALL_12_RETAINED_INTERFACES_AT_THE_SAME_RESIDUAL_SCARCITY_HOUR
IT,2019-02-19 06:00:00,IT_FR,FR,IT,4500.0,4500.0,2200.0,0.0,6700.0,True,False,ALL_12_RETAINED_INTERFACES_AT_THE_SAME_RESIDUAL_SCARCITY_HOUR
IT,2019-02-19 06:00:00,IT_GR,GR,IT,500.0,500.0,500.0,0.0,1000.0,True,False,ALL_12_RETAINED_INTERFACES_AT_THE_SAME_RESIDUAL_SCARCITY_HOUR
IT,2019-02-19 06:00:00,IT_ME,IT,ME,-600.0,600.0,600.0,1200.0,0.0,False,True,ALL_12_RETAINED_INTERFACES_AT_THE_SAME_RESIDUAL_SCARCITY_HOUR
IT,2019-02-19 06:00:00,IT_MT,IT,MT,14.149208603963473,200.0,200.0,185.85079139603653,214.14920860396347,False,False,ALL_12_RETAINED_INTERFACES_AT_THE_SAME_RESIDUAL_SCARCITY_HOUR
IT,2019-02-19 06:00:00,IT_SI,IT,SI,-1100.0,1200.0,1100.0,2300.0,0.0,False,True,ALL_12_RETAINED_INTERFACES_AT_THE_SAME_RESIDUAL_SCARCITY_HOUR
IT,2019-02-19 06:00:00,IT_TN,IT,TN,-600.0,600.0,600.0,1200.0,0.0,False,True,ALL_12_RETAINED_INTERFACES_AT_THE_SAME_RESIDUAL_SCARCITY_HOUR
IT,2019-02-20 04:00:00,EXT_AT_CH,AT,CH,-1200.0,1200.0,1200.0,2400.0,0.0,False,True,ALL_12_RETAINED_INTERFACES_AT_THE_SAME_RESIDUAL_SCARCITY_HOUR
IT,2019-02-20 04:00:00,EXT_AT_SI,AT,SI,669.8866470676055,1450.0,1450.0,780.1133529323945,2119.8866470676057,False,False,ALL_12_RETAINED_INTERFACES_AT_THE_SAME_RESIDUAL_SCARCITY_HOUR
IT,2019-02-20 04:00:00,EXT_CH_FR,CH,FR,-3556.663184723394,2200.0,4500.0,5756.663184723394,943.3368152766061,False,False,ALL_12_RETAINED_INTERFACES_AT_THE_SAME_RESIDUAL_SCARCITY_HOUR
IT,2019-02-20 04:00:00,EXT_HR_SI,HR,SI,-180.2166660755578,1500.0,1500.0,1680.216666075558,1319.783333924442,False,False,ALL_12_RETAINED_INTERFACES_AT_THE_SAME_RESIDUAL_SCARCITY_HOUR
IT,2019-02-20 04:00:00,IT_AT,AT,IT,700.0,700.0,300.0,0.0,1000.0,True,False,ALL_12_RETAINED_INTERFACES_AT_THE_SAME_RESIDUAL_SCARCITY_HOUR
IT,2019-02-20 04:00:00,IT_CH,CH,IT,4600.0,4600.0,1900.0,0.0,6500.0,True,False,ALL_12_RETAINED_INTERFACES_AT_THE_SAME_RESIDUAL_SCARCITY_HOUR
IT,2019-02-20 04:00:00,IT_FR,FR,IT,4500.0,4500.0,2200.0,0.0,6700.0,True,False,ALL_12_RETAINED_INTERFACES_AT_THE_SAME_RESIDUAL_SCARCITY_HOUR
IT,2019-02-20 04:00:00,IT_GR,GR,IT,500.0,500.0,500.0,0.0,1000.0,True,False,ALL_12_RETAINED_INTERFACES_AT_THE_SAME_RESIDUAL_SCARCITY_HOUR
IT,2019-02-20 04:00:00,IT_ME,IT,ME,-600.0,600.0,600.0,1200.0,0.0,False,True,ALL_12_RETAINED_INTERFACES_AT_THE_SAME_RESIDUAL_SCARCITY_HOUR
IT,2019-02-20 04:00:00,IT_MT,IT,MT,-200.0,200.0,200.0,400.0,0.0,False,True,ALL_12_RETAINED_INTERFACES_AT_THE_SAME_RESIDUAL_SCARCITY_HOUR
IT,2019-02-20 04:00:00,IT_SI,IT,SI,-1100.0,1200.0,1100.0,2300.0,0.0,False,True,ALL_12_RETAINED_INTERFACES_AT_THE_SAME_RESIDUAL_SCARCITY_HOUR
IT,2019-02-20 04:00:00,IT_TN,IT,TN,-600.0,600.0,600.0,1200.0,0.0,False,True,ALL_12_RETAINED_INTERFACES_AT_THE_SAME_RESIDUAL_SCARCITY_HOUR
IT,2019-02-20 05:00:00,EXT_AT_CH,AT,CH,-1200.0,1200.0,1200.0,2400.0,0.0,False,True,ALL_12_RETAINED_INTERFACES_AT_THE_SAME_RESIDUAL_SCARCITY_HOUR
IT,2019-02-20 05:00:00,EXT_AT_SI,AT,SI,1450.0,1450.0,1450.0,0.0,2900.0,True,False,ALL_12_RETAINED_INTERFACES_AT_THE_SAME_RESIDUAL_SCARCITY_HOUR
IT,2019-02-20 05:00:00,EXT_CH_FR,CH,FR,-4000.3910598348825,2200.0,4500.0,6200.391059834883,499.6089401651175,False,False,ALL_12_RETAINED_INTERFACES_AT_THE_SAME_RESIDUAL_SCARCITY_HOUR
IT,2019-02-20 05:00:00,EXT_HR_SI,HR,SI,-657.8584195629272,1500.0,1500.0,2157.8584195629273,842.1415804370728,False,False,ALL_12_RETAINED_INTERFACES_AT_THE_SAME_RESIDUAL_SCARCITY_HOUR
IT,2019-02-20 05:00:00,IT_AT,AT,IT,700.0,700.0,300.0,0.0,1000.0,True,False,ALL_12_RETAINED_INTERFACES_AT_THE_SAME_RESIDUAL_SCARCITY_HOUR
IT,2019-02-20 05:00:00,IT_CH,CH,IT,4600.0,4600.0,1900.0,0.0,6500.0,True,False,ALL_12_RETAINED_INTERFACES_AT_THE_SAME_RESIDUAL_SCARCITY_HOUR
IT,2019-02-20 05:00:00,IT_FR,FR,IT,4500.0,4500.0,2200.0,0.0,6700.0,True,False,ALL_12_RETAINED_INTERFACES_AT_THE_SAME_RESIDUAL_SCARCITY_HOUR
IT,2019-02-20 05:00:00,IT_GR,GR,IT,500.0,500.0,500.0,0.0,1000.0,True,False,ALL_12_RETAINED_INTERFACES_AT_THE_SAME_RESIDUAL_SCARCITY_HOUR
IT,2019-02-20 05:00:00,IT_ME,IT,ME,-600.0,600.0,600.0,1200.0,0.0,False,True,ALL_12_RETAINED_INTERFACES_AT_THE_SAME_RESIDUAL_SCARCITY_HOUR
IT,2019-02-20 05:00:00,IT_MT,IT,MT,-200.0,200.0,200.0,400.0,0.0,False,True,ALL_12_RETAINED_INTERFACES_AT_THE_SAME_RESIDUAL_SCARCITY_HOUR
IT,2019-02-20 05:00:00,IT_SI,IT,SI,-1100.0,1200.0,1100.0,2300.0,0.0,False,True,ALL_12_RETAINED_INTERFACES_AT_THE_SAME_RESIDUAL_SCARCITY_HOUR
IT,2019-02-20 05:00:00,IT_TN,IT,TN,-600.0,600.0,600.0,1200.0,0.0,False,True,ALL_12_RETAINED_INTERFACES_AT_THE_SAME_RESIDUAL_SCARCITY_HOUR
IT,2019-02-20 06:00:00,EXT_AT_CH,AT,CH,-1200.0,1200.0,1200.0,2400.0,0.0,False,True,ALL_12_RETAINED_INTERFACES_AT_THE_SAME_RESIDUAL_SCARCITY_HOUR
IT,2019-02-20 06:00:00,EXT_AT_SI,AT,SI,1450.0,1450.0,1450.0,0.0,2900.0,True,False,ALL_12_RETAINED_INTERFACES_AT_THE_SAME_RESIDUAL_SCARCITY_HOUR
IT,2019-02-20 06:00:00,EXT_CH_FR,CH,FR,-1409.5969248219042,2200.0,4500.0,3609.5969248219044,3090.4030751780956,False,False,ALL_12_RETAINED_INTERFACES_AT_THE_SAME_RESIDUAL_SCARCITY_HOUR
IT,2019-02-20 06:00:00,EXT_HR_SI,HR,SI,-278.19832538736944,1500.0,1500.0,1778.1983253873696,1221.8016746126304,False,False,ALL_12_RETAINED_INTERFACES_AT_THE_SAME_RESIDUAL_SCARCITY_HOUR
IT,2019-02-20 06:00:00,IT_AT,AT,IT,700.0,700.0,300.0,0.0,1000.0,True,False,ALL_12_RETAINED_INTERFACES_AT_THE_SAME_RESIDUAL_SCARCITY_HOUR
IT,2019-02-20 06:00:00,IT_CH,CH,IT,4600.0,4600.0,1900.0,0.0,6500.0,True,False,ALL_12_RETAINED_INTERFACES_AT_THE_SAME_RESIDUAL_SCARCITY_HOUR
IT,2019-02-20 06:00:00,IT_FR,FR,IT,4500.0,4500.0,2200.0,0.0,6700.0,True,False,ALL_12_RETAINED_INTERFACES_AT_THE_SAME_RESIDUAL_SCARCITY_HOUR
IT,2019-02-20 06:00:00,IT_GR,GR,IT,500.0,500.0,500.0,0.0,1000.0,True,False,ALL_12_RETAINED_INTERFACES_AT_THE_SAME_RESIDUAL_SCARCITY_HOUR
IT,2019-02-20 06:00:00,IT_ME,IT,ME,-600.0,600.0,600.0,1200.0,0.0,False,True,ALL_12_RETAINED_INTERFACES_AT_THE_SAME_RESIDUAL_SCARCITY_HOUR
IT,2019-02-20 06:00:00,IT_MT,IT,MT,-200.0,200.0,200.0,400.0,0.0,False,True,ALL_12_RETAINED_INTERFACES_AT_THE_SAME_RESIDUAL_SCARCITY_HOUR
IT,2019-02-20 06:00:00,IT_SI,IT,SI,-1100.0,1200.0,1100.0,2300.0,0.0,False,True,ALL_12_RETAINED_INTERFACES_AT_THE_SAME_RESIDUAL_SCARCITY_HOUR
IT,2019-02-20 06:00:00,IT_TN,IT,TN,-600.0,600.0,600.0,1200.0,0.0,False,True,ALL_12_RETAINED_INTERFACES_AT_THE_SAME_RESIDUAL_SCARCITY_HOUR
IT,2019-02-21 06:00:00,EXT_AT_CH,AT,CH,-1200.0,1200.0,1200.0,2400.0,0.0,False,True,ALL_12_RETAINED_INTERFACES_AT_THE_SAME_RESIDUAL_SCARCITY_HOUR
IT,2019-02-21 06:00:00,EXT_AT_SI,AT,SI,1450.0,1450.0,1450.0,0.0,2900.0,True,False,ALL_12_RETAINED_INTERFACES_AT_THE_SAME_RESIDUAL_SCARCITY_HOUR
IT,2019-02-21 06:00:00,EXT_CH_FR,CH,FR,2200.0,2200.0,4500.0,0.0,6700.0,True,False,ALL_12_RETAINED_INTERFACES_AT_THE_SAME_RESIDUAL_SCARCITY_HOUR
IT,2019-02-21 06:00:00,EXT_HR_SI,HR,SI,-34.05543668372866,1500.0,1500.0,1534.0554366837287,1465.9445633162713,False,False,ALL_12_RETAINED_INTERFACES_AT_THE_SAME_RESIDUAL_SCARCITY_HOUR
IT,2019-02-21 06:00:00,IT_AT,AT,IT,700.0,700.0,300.0,0.0,1000.0,True,False,ALL_12_RETAINED_INTERFACES_AT_THE_SAME_RESIDUAL_SCARCITY_HOUR
IT,2019-02-21 06:00:00,IT_CH,CH,IT,4600.0,4600.0,1900.0,0.0,6500.0,True,False,ALL_12_RETAINED_INTERFACES_AT_THE_SAME_RESIDUAL_SCARCITY_HOUR
IT,2019-02-21 06:00:00,IT_FR,FR,IT,4500.0,4500.0,2200.0,0.0,6700.0,True,False,ALL_12_RETAINED_INTERFACES_AT_THE_SAME_RESIDUAL_SCARCITY_HOUR
IT,2019-02-21 06:00:00,IT_GR,GR,IT,500.0,500.0,500.0,0.0,1000.0,True,False,ALL_12_RETAINED_INTERFACES_AT_THE_SAME_RESIDUAL_SCARCITY_HOUR
IT,2019-02-21 06:00:00,IT_ME,IT,ME,-600.0,600.0,600.0,1200.0,0.0,False,True,ALL_12_RETAINED_INTERFACES_AT_THE_SAME_RESIDUAL_SCARCITY_HOUR
IT,2019-02-21 06:00:00,IT_MT,IT,MT,-200.0,200.0,200.0,400.0,0.0,False,True,ALL_12_RETAINED_INTERFACES_AT_THE_SAME_RESIDUAL_SCARCITY_HOUR
IT,2019-02-21 06:00:00,IT_SI,IT,SI,-1100.0,1200.0,1100.0,2300.0,0.0,False,True,ALL_12_RETAINED_INTERFACES_AT_THE_SAME_RESIDUAL_SCARCITY_HOUR
IT,2019-02-21 06:00:00,IT_TN,IT,TN,-600.0,600.0,600.0,1200.0,0.0,False,True,ALL_12_RETAINED_INTERFACES_AT_THE_SAME_RESIDUAL_SCARCITY_HOUR
IT,2019-06-28 04:00:00,EXT_AT_CH,AT,CH,1200.0,1200.0,1200.0,0.0,2400.0,True,False,ALL_12_RETAINED_INTERFACES_AT_THE_SAME_RESIDUAL_SCARCITY_HOUR
IT,2019-06-28 04:00:00,EXT_AT_SI,AT,SI,1450.0,1450.0,1450.0,0.0,2900.0,True,False,ALL_12_RETAINED_INTERFACES_AT_THE_SAME_RESIDUAL_SCARCITY_HOUR
IT,2019-06-28 04:00:00,EXT_CH_FR,CH,FR,-4500.0,2200.0,4500.0,6700.0,0.0,False,True,ALL_12_RETAINED_INTERFACES_AT_THE_SAME_RESIDUAL_SCARCITY_HOUR
IT,2019-06-28 04:00:00,EXT_HR_SI,HR,SI,-284.90209096694844,1500.0,1500.0,1784.9020909669484,1215.0979090330516,False,False,ALL_12_RETAINED_INTERFACES_AT_THE_SAME_RESIDUAL_SCARCITY_HOUR
IT,2019-06-28 04:00:00,IT_AT,AT,IT,700.0,700.0,300.0,0.0,1000.0,True,False,ALL_12_RETAINED_INTERFACES_AT_THE_SAME_RESIDUAL_SCARCITY_HOUR
IT,2019-06-28 04:00:00,IT_CH,CH,IT,4600.0,4600.0,1900.0,0.0,6500.0,True,False,ALL_12_RETAINED_INTERFACES_AT_THE_SAME_RESIDUAL_SCARCITY_HOUR
IT,2019-06-28 04:00:00,IT_FR,FR,IT,4500.0,4500.0,2200.0,0.0,6700.0,True,False,ALL_12_RETAINED_INTERFACES_AT_THE_SAME_RESIDUAL_SCARCITY_HOUR
IT,2019-06-28 04:00:00,IT_GR,GR,IT,500.0,500.0,500.0,0.0,1000.0,True,False,ALL_12_RETAINED_INTERFACES_AT_THE_SAME_RESIDUAL_SCARCITY_HOUR
IT,2019-06-28 04:00:00,IT_ME,IT,ME,-600.0,600.0,600.0,1200.0,0.0,False,True,ALL_12_RETAINED_INTERFACES_AT_THE_SAME_RESIDUAL_SCARCITY_HOUR
IT,2019-06-28 04:00:00,IT_MT,IT,MT,-200.0,200.0,200.0,400.0,0.0,False,True,ALL_12_RETAINED_INTERFACES_AT_THE_SAME_RESIDUAL_SCARCITY_HOUR
IT,2019-06-28 04:00:00,IT_SI,IT,SI,-1100.0,1200.0,1100.0,2300.0,0.0,False,True,ALL_12_RETAINED_INTERFACES_AT_THE_SAME_RESIDUAL_SCARCITY_HOUR
IT,2019-06-28 04:00:00,IT_TN,IT,TN,-600.0,600.0,600.0,1200.0,0.0,False,True,ALL_12_RETAINED_INTERFACES_AT_THE_SAME_RESIDUAL_SCARCITY_HOUR
IT,2019-06-28 05:00:00,EXT_AT_CH,AT,CH,1200.0,1200.0,1200.0,0.0,2400.0,True,False,ALL_12_RETAINED_INTERFACES_AT_THE_SAME_RESIDUAL_SCARCITY_HOUR
IT,2019-06-28 05:00:00,EXT_AT_SI,AT,SI,1450.0,1450.0,1450.0,0.0,2900.0,True,False,ALL_12_RETAINED_INTERFACES_AT_THE_SAME_RESIDUAL_SCARCITY_HOUR
IT,2019-06-28 05:00:00,EXT_CH_FR,CH,FR,-4500.0,2200.0,4500.0,6700.0,0.0,False,True,ALL_12_RETAINED_INTERFACES_AT_THE_SAME_RESIDUAL_SCARCITY_HOUR
IT,2019-06-28 05:00:00,EXT_HR_SI,HR,SI,-451.1629650991872,1500.0,1500.0,1951.1629650991872,1048.8370349008128,False,False,ALL_12_RETAINED_INTERFACES_AT_THE_SAME_RESIDUAL_SCARCITY_HOUR
IT,2019-06-28 05:00:00,IT_AT,AT,IT,700.0,700.0,300.0,0.0,1000.0,True,False,ALL_12_RETAINED_INTERFACES_AT_THE_SAME_RESIDUAL_SCARCITY_HOUR
IT,2019-06-28 05:00:00,IT_CH,CH,IT,4600.0,4600.0,1900.0,0.0,6500.0,True,False,ALL_12_RETAINED_INTERFACES_AT_THE_SAME_RESIDUAL_SCARCITY_HOUR
IT,2019-06-28 05:00:00,IT_FR,FR,IT,4500.0,4500.0,2200.0,0.0,6700.0,True,False,ALL_12_RETAINED_INTERFACES_AT_THE_SAME_RESIDUAL_SCARCITY_HOUR
IT,2019-06-28 05:00:00,IT_GR,GR,IT,500.0,500.0,500.0,0.0,1000.0,True,False,ALL_12_RETAINED_INTERFACES_AT_THE_SAME_RESIDUAL_SCARCITY_HOUR
IT,2019-06-28 05:00:00,IT_ME,IT,ME,-600.0,600.0,600.0,1200.0,0.0,False,True,ALL_12_RETAINED_INTERFACES_AT_THE_SAME_RESIDUAL_SCARCITY_HOUR
IT,2019-06-28 05:00:00,IT_MT,IT,MT,-200.0,200.0,200.0,400.0,0.0,False,True,ALL_12_RETAINED_INTERFACES_AT_THE_SAME_RESIDUAL_SCARCITY_HOUR
IT,2019-06-28 05:00:00,IT_SI,IT,SI,-1100.0,1200.0,1100.0,2300.0,0.0,False,True,ALL_12_RETAINED_INTERFACES_AT_THE_SAME_RESIDUAL_SCARCITY_HOUR
IT,2019-06-28 05:00:00,IT_TN,IT,TN,-600.0,600.0,600.0,1200.0,0.0,False,True,ALL_12_RETAINED_INTERFACES_AT_THE_SAME_RESIDUAL_SCARCITY_HOUR
IT,2019-07-02 03:00:00,EXT_AT_CH,AT,CH,-1200.0,1200.0,1200.0,2400.0,0.0,False,True,ALL_12_RETAINED_INTERFACES_AT_THE_SAME_RESIDUAL_SCARCITY_HOUR
IT,2019-07-02 03:00:00,EXT_AT_SI,AT,SI,1450.0,1450.0,1450.0,0.0,2900.0,True,False,ALL_12_RETAINED_INTERFACES_AT_THE_SAME_RESIDUAL_SCARCITY_HOUR
IT,2019-07-02 03:00:00,EXT_CH_FR,CH,FR,-4500.0,2200.0,4500.0,6700.0,0.0,False,True,ALL_12_RETAINED_INTERFACES_AT_THE_SAME_RESIDUAL_SCARCITY_HOUR
IT,2019-07-02 03:00:00,EXT_HR_SI,HR,SI,-1005.1238775523466,1500.0,1500.0,2505.1238775523466,494.8761224476534,False,False,ALL_12_RETAINED_INTERFACES_AT_THE_SAME_RESIDUAL_SCARCITY_HOUR
IT,2019-07-02 03:00:00,IT_AT,AT,IT,700.0,700.0,300.0,0.0,1000.0,True,False,ALL_12_RETAINED_INTERFACES_AT_THE_SAME_RESIDUAL_SCARCITY_HOUR
IT,2019-07-02 03:00:00,IT_CH,CH,IT,4600.0,4600.0,1900.0,0.0,6500.0,True,False,ALL_12_RETAINED_INTERFACES_AT_THE_SAME_RESIDUAL_SCARCITY_HOUR
IT,2019-07-02 03:00:00,IT_FR,FR,IT,4500.0,4500.0,2200.0,0.0,6700.0,True,False,ALL_12_RETAINED_INTERFACES_AT_THE_SAME_RESIDUAL_SCARCITY_HOUR
IT,2019-07-02 03:00:00,IT_GR,GR,IT,500.0,500.0,500.0,0.0,1000.0,True,False,ALL_12_RETAINED_INTERFACES_AT_THE_SAME_RESIDUAL_SCARCITY_HOUR
IT,2019-07-02 03:00:00,IT_ME,IT,ME,-600.0,600.0,600.0,1200.0,0.0,False,True,ALL_12_RETAINED_INTERFACES_AT_THE_SAME_RESIDUAL_SCARCITY_HOUR
IT,2019-07-02 03:00:00,IT_MT,IT,MT,139.1226912976906,200.0,200.0,60.87730870230939,339.1226912976906,False,False,ALL_12_RETAINED_INTERFACES_AT_THE_SAME_RESIDUAL_SCARCITY_HOUR
IT,2019-07-02 03:00:00,IT_SI,IT,SI,-1100.0,1200.0,1100.0,2300.0,0.0,False,True,ALL_12_RETAINED_INTERFACES_AT_THE_SAME_RESIDUAL_SCARCITY_HOUR
IT,2019-07-02 03:00:00,IT_TN,IT,TN,-600.0,600.0,600.0,1200.0,0.0,False,True,ALL_12_RETAINED_INTERFACES_AT_THE_SAME_RESIDUAL_SCARCITY_HOUR
IT,2019-07-02 04:00:00,EXT_AT_CH,AT,CH,-1200.0,1200.0,1200.0,2400.0,0.0,False,True,ALL_12_RETAINED_INTERFACES_AT_THE_SAME_RESIDUAL_SCARCITY_HOUR
IT,2019-07-02 04:00:00,EXT_AT_SI,AT,SI,1450.0,1450.0,1450.0,0.0,2900.0,True,False,ALL_12_RETAINED_INTERFACES_AT_THE_SAME_RESIDUAL_SCARCITY_HOUR
IT,2019-07-02 04:00:00,EXT_CH_FR,CH,FR,-4500.0,2200.0,4500.0,6700.0,0.0,False,True,ALL_12_RETAINED_INTERFACES_AT_THE_SAME_RESIDUAL_SCARCITY_HOUR
IT,2019-07-02 04:00:00,EXT_HR_SI,HR,SI,-149.06779510893708,1500.0,1500.0,1649.0677951089372,1350.9322048910628,False,False,ALL_12_RETAINED_INTERFACES_AT_THE_SAME_RESIDUAL_SCARCITY_HOUR
IT,2019-07-02 04:00:00,IT_AT,AT,IT,700.0,700.0,300.0,0.0,1000.0,True,False,ALL_12_RETAINED_INTERFACES_AT_THE_SAME_RESIDUAL_SCARCITY_HOUR
IT,2019-07-02 04:00:00,IT_CH,CH,IT,4600.0,4600.0,1900.0,0.0,6500.0,True,False,ALL_12_RETAINED_INTERFACES_AT_THE_SAME_RESIDUAL_SCARCITY_HOUR
IT,2019-07-02 04:00:00,IT_FR,FR,IT,4500.0,4500.0,2200.0,0.0,6700.0,True,False,ALL_12_RETAINED_INTERFACES_AT_THE_SAME_RESIDUAL_SCARCITY_HOUR
IT,2019-07-02 04:00:00,IT_GR,GR,IT,500.0,500.0,500.0,0.0,1000.0,True,False,ALL_12_RETAINED_INTERFACES_AT_THE_SAME_RESIDUAL_SCARCITY_HOUR
IT,2019-07-02 04:00:00,IT_ME,IT,ME,-600.0,600.0,600.0,1200.0,0.0,False,True,ALL_12_RETAINED_INTERFACES_AT_THE_SAME_RESIDUAL_SCARCITY_HOUR
IT,2019-07-02 04:00:00,IT_MT,IT,MT,-200.0,200.0,200.0,400.0,0.0,False,True,ALL_12_RETAINED_INTERFACES_AT_THE_SAME_RESIDUAL_SCARCITY_HOUR
IT,2019-07-02 04:00:00,IT_SI,IT,SI,-1100.0,1200.0,1100.0,2300.0,0.0,False,True,ALL_12_RETAINED_INTERFACES_AT_THE_SAME_RESIDUAL_SCARCITY_HOUR
IT,2019-07-02 04:00:00,IT_TN,IT,TN,-600.0,600.0,600.0,1200.0,0.0,False,True,ALL_12_RETAINED_INTERFACES_AT_THE_SAME_RESIDUAL_SCARCITY_HOUR
IT,2019-07-02 05:00:00,EXT_AT_CH,AT,CH,-1200.0,1200.0,1200.0,2400.0,0.0,False,True,ALL_12_RETAINED_INTERFACES_AT_THE_SAME_RESIDUAL_SCARCITY_HOUR
IT,2019-07-02 05:00:00,EXT_AT_SI,AT,SI,1450.0,1450.0,1450.0,0.0,2900.0,True,False,ALL_12_RETAINED_INTERFACES_AT_THE_SAME_RESIDUAL_SCARCITY_HOUR
IT,2019-07-02 05:00:00,EXT_CH_FR,CH,FR,-4500.0,2200.0,4500.0,6700.0,0.0,False,True,ALL_12_RETAINED_INTERFACES_AT_THE_SAME_RESIDUAL_SCARCITY_HOUR
IT,2019-07-02 05:00:00,EXT_HR_SI,HR,SI,-797.2218451097259,1500.0,1500.0,2297.221845109726,702.7781548902741,False,False,ALL_12_RETAINED_INTERFACES_AT_THE_SAME_RESIDUAL_SCARCITY_HOUR
IT,2019-07-02 05:00:00,IT_AT,AT,IT,700.0,700.0,300.0,0.0,1000.0,True,False,ALL_12_RETAINED_INTERFACES_AT_THE_SAME_RESIDUAL_SCARCITY_HOUR
IT,2019-07-02 05:00:00,IT_CH,CH,IT,4600.0,4600.0,1900.0,0.0,6500.0,True,False,ALL_12_RETAINED_INTERFACES_AT_THE_SAME_RESIDUAL_SCARCITY_HOUR
IT,2019-07-02 05:00:00,IT_FR,FR,IT,4500.0,4500.0,2200.0,0.0,6700.0,True,False,ALL_12_RETAINED_INTERFACES_AT_THE_SAME_RESIDUAL_SCARCITY_HOUR
IT,2019-07-02 05:00:00,IT_GR,GR,IT,500.0,500.0,500.0,0.0,1000.0,True,False,ALL_12_RETAINED_INTERFACES_AT_THE_SAME_RESIDUAL_SCARCITY_HOUR
IT,2019-07-02 05:00:00,IT_ME,IT,ME,-600.0,600.0,600.0,1200.0,0.0,False,True,ALL_12_RETAINED_INTERFACES_AT_THE_SAME_RESIDUAL_SCARCITY_HOUR
IT,2019-07-02 05:00:00,IT_MT,IT,MT,-200.0,200.0,200.0,400.0,0.0,False,True,ALL_12_RETAINED_INTERFACES_AT_THE_SAME_RESIDUAL_SCARCITY_HOUR
IT,2019-07-02 05:00:00,IT_SI,IT,SI,-1100.0,1200.0,1100.0,2300.0,0.0,False,True,ALL_12_RETAINED_INTERFACES_AT_THE_SAME_RESIDUAL_SCARCITY_HOUR
IT,2019-07-02 05:00:00,IT_TN,IT,TN,-600.0,600.0,600.0,1200.0,0.0,False,True,ALL_12_RETAINED_INTERFACES_AT_THE_SAME_RESIDUAL_SCARCITY_HOUR
IT,2019-07-03 04:00:00,EXT_AT_CH,AT,CH,-1200.0,1200.0,1200.0,2400.0,0.0,False,True,ALL_12_RETAINED_INTERFACES_AT_THE_SAME_RESIDUAL_SCARCITY_HOUR
IT,2019-07-03 04:00:00,EXT_AT_SI,AT,SI,1450.0,1450.0,1450.0,0.0,2900.0,True,False,ALL_12_RETAINED_INTERFACES_AT_THE_SAME_RESIDUAL_SCARCITY_HOUR
IT,2019-07-03 04:00:00,EXT_CH_FR,CH,FR,-4500.0,2200.0,4500.0,6700.0,0.0,False,True,ALL_12_RETAINED_INTERFACES_AT_THE_SAME_RESIDUAL_SCARCITY_HOUR
IT,2019-07-03 04:00:00,EXT_HR_SI,HR,SI,-971.774462516351,1500.0,1500.0,2471.774462516351,528.225537483649,False,False,ALL_12_RETAINED_INTERFACES_AT_THE_SAME_RESIDUAL_SCARCITY_HOUR
IT,2019-07-03 04:00:00,IT_AT,AT,IT,700.0,700.0,300.0,0.0,1000.0,True,False,ALL_12_RETAINED_INTERFACES_AT_THE_SAME_RESIDUAL_SCARCITY_HOUR
IT,2019-07-03 04:00:00,IT_CH,CH,IT,4600.0,4600.0,1900.0,0.0,6500.0,True,False,ALL_12_RETAINED_INTERFACES_AT_THE_SAME_RESIDUAL_SCARCITY_HOUR
IT,2019-07-03 04:00:00,IT_FR,FR,IT,4500.0,4500.0,2200.0,0.0,6700.0,True,False,ALL_12_RETAINED_INTERFACES_AT_THE_SAME_RESIDUAL_SCARCITY_HOUR
IT,2019-07-03 04:00:00,IT_GR,GR,IT,500.0,500.0,500.0,0.0,1000.0,True,False,ALL_12_RETAINED_INTERFACES_AT_THE_SAME_RESIDUAL_SCARCITY_HOUR
IT,2019-07-03 04:00:00,IT_ME,IT,ME,-600.0,600.0,600.0,1200.0,0.0,False,True,ALL_12_RETAINED_INTERFACES_AT_THE_SAME_RESIDUAL_SCARCITY_HOUR
IT,2019-07-03 04:00:00,IT_MT,IT,MT,-200.0,200.0,200.0,400.0,0.0,False,True,ALL_12_RETAINED_INTERFACES_AT_THE_SAME_RESIDUAL_SCARCITY_HOUR
IT,2019-07-03 04:00:00,IT_SI,IT,SI,-1100.0,1200.0,1100.0,2300.0,0.0,False,True,ALL_12_RETAINED_INTERFACES_AT_THE_SAME_RESIDUAL_SCARCITY_HOUR
IT,2019-07-03 04:00:00,IT_TN,IT,TN,-600.0,600.0,600.0,1200.0,0.0,False,True,ALL_12_RETAINED_INTERFACES_AT_THE_SAME_RESIDUAL_SCARCITY_HOUR
IT,2019-07-03 05:00:00,EXT_AT_CH,AT,CH,-1200.0,1200.0,1200.0,2400.0,0.0,False,True,ALL_12_RETAINED_INTERFACES_AT_THE_SAME_RESIDUAL_SCARCITY_HOUR
IT,2019-07-03 05:00:00,EXT_AT_SI,AT,SI,1450.0,1450.0,1450.0,0.0,2900.0,True,False,ALL_12_RETAINED_INTERFACES_AT_THE_SAME_RESIDUAL_SCARCITY_HOUR
IT,2019-07-03 05:00:00,EXT_CH_FR,CH,FR,-4500.0,2200.0,4500.0,6700.0,0.0,False,True,ALL_12_RETAINED_INTERFACES_AT_THE_SAME_RESIDUAL_SCARCITY_HOUR
IT,2019-07-03 05:00:00,EXT_HR_SI,HR,SI,-806.4503022367688,1500.0,1500.0,2306.450302236769,693.5496977632312,False,False,ALL_12_RETAINED_INTERFACES_AT_THE_SAME_RESIDUAL_SCARCITY_HOUR
IT,2019-07-03 05:00:00,IT_AT,AT,IT,700.0,700.0,300.0,0.0,1000.0,True,False,ALL_12_RETAINED_INTERFACES_AT_THE_SAME_RESIDUAL_SCARCITY_HOUR
IT,2019-07-03 05:00:00,IT_CH,CH,IT,4600.0,4600.0,1900.0,0.0,6500.0,True,False,ALL_12_RETAINED_INTERFACES_AT_THE_SAME_RESIDUAL_SCARCITY_HOUR
IT,2019-07-03 05:00:00,IT_FR,FR,IT,4500.0,4500.0,2200.0,0.0,6700.0,True,False,ALL_12_RETAINED_INTERFACES_AT_THE_SAME_RESIDUAL_SCARCITY_HOUR
IT,2019-07-03 05:00:00,IT_GR,GR,IT,500.0,500.0,500.0,0.0,1000.0,True,False,ALL_12_RETAINED_INTERFACES_AT_THE_SAME_RESIDUAL_SCARCITY_HOUR
IT,2019-07-03 05:00:00,IT_ME,IT,ME,-600.0,600.0,600.0,1200.0,0.0,False,True,ALL_12_RETAINED_INTERFACES_AT_THE_SAME_RESIDUAL_SCARCITY_HOUR
IT,2019-07-03 05:00:00,IT_MT,IT,MT,-200.0,200.0,200.0,400.0,0.0,False,True,ALL_12_RETAINED_INTERFACES_AT_THE_SAME_RESIDUAL_SCARCITY_HOUR
IT,2019-07-03 05:00:00,IT_SI,IT,SI,-1100.0,1200.0,1100.0,2300.0,0.0,False,True,ALL_12_RETAINED_INTERFACES_AT_THE_SAME_RESIDUAL_SCARCITY_HOUR
IT,2019-07-03 05:00:00,IT_TN,IT,TN,-600.0,600.0,600.0,1200.0,0.0,False,True,ALL_12_RETAINED_INTERFACES_AT_THE_SAME_RESIDUAL_SCARCITY_HOUR
IT,2019-07-04 05:00:00,EXT_AT_CH,AT,CH,-1200.0,1200.0,1200.0,2400.0,0.0,False,True,ALL_12_RETAINED_INTERFACES_AT_THE_SAME_RESIDUAL_SCARCITY_HOUR
IT,2019-07-04 05:00:00,EXT_AT_SI,AT,SI,1450.0,1450.0,1450.0,0.0,2900.0,True,False,ALL_12_RETAINED_INTERFACES_AT_THE_SAME_RESIDUAL_SCARCITY_HOUR
IT,2019-07-04 05:00:00,EXT_CH_FR,CH,FR,-4500.0,2200.0,4500.0,6700.0,0.0,False,True,ALL_12_RETAINED_INTERFACES_AT_THE_SAME_RESIDUAL_SCARCITY_HOUR
IT,2019-07-04 05:00:00,EXT_HR_SI,HR,SI,-36.4150953809481,1500.0,1500.0,1536.415095380948,1463.584904619052,False,False,ALL_12_RETAINED_INTERFACES_AT_THE_SAME_RESIDUAL_SCARCITY_HOUR
IT,2019-07-04 05:00:00,IT_AT,AT,IT,700.0,700.0,300.0,0.0,1000.0,True,False,ALL_12_RETAINED_INTERFACES_AT_THE_SAME_RESIDUAL_SCARCITY_HOUR
IT,2019-07-04 05:00:00,IT_CH,CH,IT,4600.0,4600.0,1900.0,0.0,6500.0,True,False,ALL_12_RETAINED_INTERFACES_AT_THE_SAME_RESIDUAL_SCARCITY_HOUR
IT,2019-07-04 05:00:00,IT_FR,FR,IT,4500.0,4500.0,2200.0,0.0,6700.0,True,False,ALL_12_RETAINED_INTERFACES_AT_THE_SAME_RESIDUAL_SCARCITY_HOUR
IT,2019-07-04 05:00:00,IT_GR,GR,IT,500.0,500.0,500.0,0.0,1000.0,True,False,ALL_12_RETAINED_INTERFACES_AT_THE_SAME_RESIDUAL_SCARCITY_HOUR
IT,2019-07-04 05:00:00,IT_ME,IT,ME,-600.0,600.0,600.0,1200.0,0.0,False,True,ALL_12_RETAINED_INTERFACES_AT_THE_SAME_RESIDUAL_SCARCITY_HOUR
IT,2019-07-04 05:00:00,IT_MT,IT,MT,-200.0,200.0,200.0,400.0,0.0,False,True,ALL_12_RETAINED_INTERFACES_AT_THE_SAME_RESIDUAL_SCARCITY_HOUR
IT,2019-07-04 05:00:00,IT_SI,IT,SI,-1100.0,1200.0,1100.0,2300.0,0.0,False,True,ALL_12_RETAINED_INTERFACES_AT_THE_SAME_RESIDUAL_SCARCITY_HOUR
IT,2019-07-04 05:00:00,IT_TN,IT,TN,-600.0,600.0,600.0,1200.0,0.0,False,True,ALL_12_RETAINED_INTERFACES_AT_THE_SAME_RESIDUAL_SCARCITY_HOUR
IT,2019-07-05 03:00:00,EXT_AT_CH,AT,CH,-1200.0,1200.0,1200.0,2400.0,0.0,False,True,ALL_12_RETAINED_INTERFACES_AT_THE_SAME_RESIDUAL_SCARCITY_HOUR
IT,2019-07-05 03:00:00,EXT_AT_SI,AT,SI,1450.0,1450.0,1450.0,0.0,2900.0,True,False,ALL_12_RETAINED_INTERFACES_AT_THE_SAME_RESIDUAL_SCARCITY_HOUR
IT,2019-07-05 03:00:00,EXT_CH_FR,CH,FR,-4500.0,2200.0,4500.0,6700.0,0.0,False,True,ALL_12_RETAINED_INTERFACES_AT_THE_SAME_RESIDUAL_SCARCITY_HOUR
IT,2019-07-05 03:00:00,EXT_HR_SI,HR,SI,-278.8762200457303,1500.0,1500.0,1778.8762200457304,1221.1237799542696,False,False,ALL_12_RETAINED_INTERFACES_AT_THE_SAME_RESIDUAL_SCARCITY_HOUR
IT,2019-07-05 03:00:00,IT_AT,AT,IT,700.0,700.0,300.0,0.0,1000.0,True,False,ALL_12_RETAINED_INTERFACES_AT_THE_SAME_RESIDUAL_SCARCITY_HOUR
IT,2019-07-05 03:00:00,IT_CH,CH,IT,4600.0,4600.0,1900.0,0.0,6500.0,True,False,ALL_12_RETAINED_INTERFACES_AT_THE_SAME_RESIDUAL_SCARCITY_HOUR
IT,2019-07-05 03:00:00,IT_FR,FR,IT,4500.0,4500.0,2200.0,0.0,6700.0,True,False,ALL_12_RETAINED_INTERFACES_AT_THE_SAME_RESIDUAL_SCARCITY_HOUR
IT,2019-07-05 03:00:00,IT_GR,GR,IT,500.0,500.0,500.0,0.0,1000.0,True,False,ALL_12_RETAINED_INTERFACES_AT_THE_SAME_RESIDUAL_SCARCITY_HOUR
IT,2019-07-05 03:00:00,IT_ME,IT,ME,-600.0,600.0,600.0,1200.0,0.0,False,True,ALL_12_RETAINED_INTERFACES_AT_THE_SAME_RESIDUAL_SCARCITY_HOUR
IT,2019-07-05 03:00:00,IT_MT,IT,MT,-200.0,200.0,200.0,400.0,0.0,False,True,ALL_12_RETAINED_INTERFACES_AT_THE_SAME_RESIDUAL_SCARCITY_HOUR
IT,2019-07-05 03:00:00,IT_SI,IT,SI,-1100.0,1200.0,1100.0,2300.0,0.0,False,True,ALL_12_RETAINED_INTERFACES_AT_THE_SAME_RESIDUAL_SCARCITY_HOUR
IT,2019-07-05 03:00:00,IT_TN,IT,TN,-600.0,600.0,600.0,1200.0,0.0,False,True,ALL_12_RETAINED_INTERFACES_AT_THE_SAME_RESIDUAL_SCARCITY_HOUR
IT,2019-07-05 04:00:00,EXT_AT_CH,AT,CH,-1200.0,1200.0,1200.0,2400.0,0.0,False,True,ALL_12_RETAINED_INTERFACES_AT_THE_SAME_RESIDUAL_SCARCITY_HOUR
IT,2019-07-05 04:00:00,EXT_AT_SI,AT,SI,1450.0,1450.0,1450.0,0.0,2900.0,True,False,ALL_12_RETAINED_INTERFACES_AT_THE_SAME_RESIDUAL_SCARCITY_HOUR
IT,2019-07-05 04:00:00,EXT_CH_FR,CH,FR,-4500.0,2200.0,4500.0,6700.0,0.0,False,True,ALL_12_RETAINED_INTERFACES_AT_THE_SAME_RESIDUAL_SCARCITY_HOUR
IT,2019-07-05 04:00:00,EXT_HR_SI,HR,SI,-60.52588048710197,1500.0,1500.0,1560.5258804871019,1439.4741195128981,False,False,ALL_12_RETAINED_INTERFACES_AT_THE_SAME_RESIDUAL_SCARCITY_HOUR
IT,2019-07-05 04:00:00,IT_AT,AT,IT,700.0,700.0,300.0,0.0,1000.0,True,False,ALL_12_RETAINED_INTERFACES_AT_THE_SAME_RESIDUAL_SCARCITY_HOUR
IT,2019-07-05 04:00:00,IT_CH,CH,IT,4600.0,4600.0,1900.0,0.0,6500.0,True,False,ALL_12_RETAINED_INTERFACES_AT_THE_SAME_RESIDUAL_SCARCITY_HOUR
IT,2019-07-05 04:00:00,IT_FR,FR,IT,4500.0,4500.0,2200.0,0.0,6700.0,True,False,ALL_12_RETAINED_INTERFACES_AT_THE_SAME_RESIDUAL_SCARCITY_HOUR
IT,2019-07-05 04:00:00,IT_GR,GR,IT,500.0,500.0,500.0,0.0,1000.0,True,False,ALL_12_RETAINED_INTERFACES_AT_THE_SAME_RESIDUAL_SCARCITY_HOUR
IT,2019-07-05 04:00:00,IT_ME,IT,ME,-600.0,600.0,600.0,1200.0,0.0,False,True,ALL_12_RETAINED_INTERFACES_AT_THE_SAME_RESIDUAL_SCARCITY_HOUR
IT,2019-07-05 04:00:00,IT_MT,IT,MT,-200.0,200.0,200.0,400.0,0.0,False,True,ALL_12_RETAINED_INTERFACES_AT_THE_SAME_RESIDUAL_SCARCITY_HOUR
IT,2019-07-05 04:00:00,IT_SI,IT,SI,-1100.0,1200.0,1100.0,2300.0,0.0,False,True,ALL_12_RETAINED_INTERFACES_AT_THE_SAME_RESIDUAL_SCARCITY_HOUR
IT,2019-07-05 04:00:00,IT_TN,IT,TN,-600.0,600.0,600.0,1200.0,0.0,False,True,ALL_12_RETAINED_INTERFACES_AT_THE_SAME_RESIDUAL_SCARCITY_HOUR
IT,2019-07-05 05:00:00,EXT_AT_CH,AT,CH,-1200.0,1200.0,1200.0,2400.0,0.0,False,True,ALL_12_RETAINED_INTERFACES_AT_THE_SAME_RESIDUAL_SCARCITY_HOUR
IT,2019-07-05 05:00:00,EXT_AT_SI,AT,SI,1450.0,1450.0,1450.0,0.0,2900.0,True,False,ALL_12_RETAINED_INTERFACES_AT_THE_SAME_RESIDUAL_SCARCITY_HOUR
IT,2019-07-05 05:00:00,EXT_CH_FR,CH,FR,-4500.0,2200.0,4500.0,6700.0,0.0,False,True,ALL_12_RETAINED_INTERFACES_AT_THE_SAME_RESIDUAL_SCARCITY_HOUR
IT,2019-07-05 05:00:00,EXT_HR_SI,HR,SI,-1068.9799085907712,1500.0,1500.0,2568.979908590771,431.0200914092288,False,False,ALL_12_RETAINED_INTERFACES_AT_THE_SAME_RESIDUAL_SCARCITY_HOUR
IT,2019-07-05 05:00:00,IT_AT,AT,IT,700.0,700.0,300.0,0.0,1000.0,True,False,ALL_12_RETAINED_INTERFACES_AT_THE_SAME_RESIDUAL_SCARCITY_HOUR
IT,2019-07-05 05:00:00,IT_CH,CH,IT,4600.0,4600.0,1900.0,0.0,6500.0,True,False,ALL_12_RETAINED_INTERFACES_AT_THE_SAME_RESIDUAL_SCARCITY_HOUR
IT,2019-07-05 05:00:00,IT_FR,FR,IT,4500.0,4500.0,2200.0,0.0,6700.0,True,False,ALL_12_RETAINED_INTERFACES_AT_THE_SAME_RESIDUAL_SCARCITY_HOUR
IT,2019-07-05 05:00:00,IT_GR,GR,IT,500.0,500.0,500.0,0.0,1000.0,True,False,ALL_12_RETAINED_INTERFACES_AT_THE_SAME_RESIDUAL_SCARCITY_HOUR
IT,2019-07-05 05:00:00,IT_ME,IT,ME,-600.0,600.0,600.0,1200.0,0.0,False,True,ALL_12_RETAINED_INTERFACES_AT_THE_SAME_RESIDUAL_SCARCITY_HOUR
IT,2019-07-05 05:00:00,IT_MT,IT,MT,-200.0,200.0,200.0,400.0,0.0,False,True,ALL_12_RETAINED_INTERFACES_AT_THE_SAME_RESIDUAL_SCARCITY_HOUR
IT,2019-07-05 05:00:00,IT_SI,IT,SI,-1100.0,1200.0,1100.0,2300.0,0.0,False,True,ALL_12_RETAINED_INTERFACES_AT_THE_SAME_RESIDUAL_SCARCITY_HOUR
IT,2019-07-05 05:00:00,IT_TN,IT,TN,-600.0,600.0,600.0,1200.0,0.0,False,True,ALL_12_RETAINED_INTERFACES_AT_THE_SAME_RESIDUAL_SCARCITY_HOUR
IT,2019-07-06 05:00:00,EXT_AT_CH,AT,CH,-1200.0,1200.0,1200.0,2400.0,0.0,False,True,ALL_12_RETAINED_INTERFACES_AT_THE_SAME_RESIDUAL_SCARCITY_HOUR
IT,2019-07-06 05:00:00,EXT_AT_SI,AT,SI,1450.0,1450.0,1450.0,0.0,2900.0,True,False,ALL_12_RETAINED_INTERFACES_AT_THE_SAME_RESIDUAL_SCARCITY_HOUR
IT,2019-07-06 05:00:00,EXT_CH_FR,CH,FR,2200.0,2200.0,4500.0,0.0,6700.0,True,False,ALL_12_RETAINED_INTERFACES_AT_THE_SAME_RESIDUAL_SCARCITY_HOUR
IT,2019-07-06 05:00:00,EXT_HR_SI,HR,SI,-923.7931558035584,1500.0,1500.0,2423.7931558035584,576.2068441964416,False,False,ALL_12_RETAINED_INTERFACES_AT_THE_SAME_RESIDUAL_SCARCITY_HOUR
IT,2019-07-06 05:00:00,IT_AT,AT,IT,700.0,700.0,300.0,0.0,1000.0,True,False,ALL_12_RETAINED_INTERFACES_AT_THE_SAME_RESIDUAL_SCARCITY_HOUR
IT,2019-07-06 05:00:00,IT_CH,CH,IT,4600.0,4600.0,1900.0,0.0,6500.0,True,False,ALL_12_RETAINED_INTERFACES_AT_THE_SAME_RESIDUAL_SCARCITY_HOUR
IT,2019-07-06 05:00:00,IT_FR,FR,IT,4500.0,4500.0,2200.0,0.0,6700.0,True,False,ALL_12_RETAINED_INTERFACES_AT_THE_SAME_RESIDUAL_SCARCITY_HOUR
IT,2019-07-06 05:00:00,IT_GR,GR,IT,500.0,500.0,500.0,0.0,1000.0,True,False,ALL_12_RETAINED_INTERFACES_AT_THE_SAME_RESIDUAL_SCARCITY_HOUR
IT,2019-07-06 05:00:00,IT_ME,IT,ME,-600.0,600.0,600.0,1200.0,0.0,False,True,ALL_12_RETAINED_INTERFACES_AT_THE_SAME_RESIDUAL_SCARCITY_HOUR
IT,2019-07-06 05:00:00,IT_MT,IT,MT,-200.0,200.0,200.0,400.0,0.0,False,True,ALL_12_RETAINED_INTERFACES_AT_THE_SAME_RESIDUAL_SCARCITY_HOUR
IT,2019-07-06 05:00:00,IT_SI,IT,SI,-1100.0,1200.0,1100.0,2300.0,0.0,False,True,ALL_12_RETAINED_INTERFACES_AT_THE_SAME_RESIDUAL_SCARCITY_HOUR
IT,2019-07-06 05:00:00,IT_TN,IT,TN,-600.0,600.0,600.0,1200.0,0.0,False,True,ALL_12_RETAINED_INTERFACES_AT_THE_SAME_RESIDUAL_SCARCITY_HOUR
IT,2019-07-09 04:00:00,EXT_AT_CH,AT,CH,-1200.0,1200.0,1200.0,2400.0,0.0,False,True,ALL_12_RETAINED_INTERFACES_AT_THE_SAME_RESIDUAL_SCARCITY_HOUR
IT,2019-07-09 04:00:00,EXT_AT_SI,AT,SI,1450.0,1450.0,1450.0,0.0,2900.0,True,False,ALL_12_RETAINED_INTERFACES_AT_THE_SAME_RESIDUAL_SCARCITY_HOUR
IT,2019-07-09 04:00:00,EXT_CH_FR,CH,FR,-4500.0,2200.0,4500.0,6700.0,0.0,False,True,ALL_12_RETAINED_INTERFACES_AT_THE_SAME_RESIDUAL_SCARCITY_HOUR
IT,2019-07-09 04:00:00,EXT_HR_SI,HR,SI,-250.1646237479687,1500.0,1500.0,1750.1646237479688,1249.8353762520312,False,False,ALL_12_RETAINED_INTERFACES_AT_THE_SAME_RESIDUAL_SCARCITY_HOUR
IT,2019-07-09 04:00:00,IT_AT,AT,IT,700.0,700.0,300.0,0.0,1000.0,True,False,ALL_12_RETAINED_INTERFACES_AT_THE_SAME_RESIDUAL_SCARCITY_HOUR
IT,2019-07-09 04:00:00,IT_CH,CH,IT,4600.0,4600.0,1900.0,0.0,6500.0,True,False,ALL_12_RETAINED_INTERFACES_AT_THE_SAME_RESIDUAL_SCARCITY_HOUR
IT,2019-07-09 04:00:00,IT_FR,FR,IT,4500.0,4500.0,2200.0,0.0,6700.0,True,False,ALL_12_RETAINED_INTERFACES_AT_THE_SAME_RESIDUAL_SCARCITY_HOUR
IT,2019-07-09 04:00:00,IT_GR,GR,IT,500.0,500.0,500.0,0.0,1000.0,True,False,ALL_12_RETAINED_INTERFACES_AT_THE_SAME_RESIDUAL_SCARCITY_HOUR
IT,2019-07-09 04:00:00,IT_ME,IT,ME,-600.0,600.0,600.0,1200.0,0.0,False,True,ALL_12_RETAINED_INTERFACES_AT_THE_SAME_RESIDUAL_SCARCITY_HOUR
IT,2019-07-09 04:00:00,IT_MT,IT,MT,-200.0,200.0,200.0,400.0,0.0,False,True,ALL_12_RETAINED_INTERFACES_AT_THE_SAME_RESIDUAL_SCARCITY_HOUR
IT,2019-07-09 04:00:00,IT_SI,IT,SI,-1100.0,1200.0,1100.0,2300.0,0.0,False,True,ALL_12_RETAINED_INTERFACES_AT_THE_SAME_RESIDUAL_SCARCITY_HOUR
IT,2019-07-09 04:00:00,IT_TN,IT,TN,-600.0,600.0,600.0,1200.0,0.0,False,True,ALL_12_RETAINED_INTERFACES_AT_THE_SAME_RESIDUAL_SCARCITY_HOUR
IT,2019-07-09 05:00:00,EXT_AT_CH,AT,CH,-1200.0,1200.0,1200.0,2400.0,0.0,False,True,ALL_12_RETAINED_INTERFACES_AT_THE_SAME_RESIDUAL_SCARCITY_HOUR
IT,2019-07-09 05:00:00,EXT_AT_SI,AT,SI,1450.0,1450.0,1450.0,0.0,2900.0,True,False,ALL_12_RETAINED_INTERFACES_AT_THE_SAME_RESIDUAL_SCARCITY_HOUR
IT,2019-07-09 05:00:00,EXT_CH_FR,CH,FR,-4500.0,2200.0,4500.0,6700.0,0.0,False,True,ALL_12_RETAINED_INTERFACES_AT_THE_SAME_RESIDUAL_SCARCITY_HOUR
IT,2019-07-09 05:00:00,EXT_HR_SI,HR,SI,-68.28913929392652,1500.0,1500.0,1568.2891392939266,1431.7108607060734,False,False,ALL_12_RETAINED_INTERFACES_AT_THE_SAME_RESIDUAL_SCARCITY_HOUR
IT,2019-07-09 05:00:00,IT_AT,AT,IT,700.0,700.0,300.0,0.0,1000.0,True,False,ALL_12_RETAINED_INTERFACES_AT_THE_SAME_RESIDUAL_SCARCITY_HOUR
IT,2019-07-09 05:00:00,IT_CH,CH,IT,4600.0,4600.0,1900.0,0.0,6500.0,True,False,ALL_12_RETAINED_INTERFACES_AT_THE_SAME_RESIDUAL_SCARCITY_HOUR
IT,2019-07-09 05:00:00,IT_FR,FR,IT,4500.0,4500.0,2200.0,0.0,6700.0,True,False,ALL_12_RETAINED_INTERFACES_AT_THE_SAME_RESIDUAL_SCARCITY_HOUR
IT,2019-07-09 05:00:00,IT_GR,GR,IT,500.0,500.0,500.0,0.0,1000.0,True,False,ALL_12_RETAINED_INTERFACES_AT_THE_SAME_RESIDUAL_SCARCITY_HOUR
IT,2019-07-09 05:00:00,IT_ME,IT,ME,-600.0,600.0,600.0,1200.0,0.0,False,True,ALL_12_RETAINED_INTERFACES_AT_THE_SAME_RESIDUAL_SCARCITY_HOUR
IT,2019-07-09 05:00:00,IT_MT,IT,MT,-200.0,200.0,200.0,400.0,0.0,False,True,ALL_12_RETAINED_INTERFACES_AT_THE_SAME_RESIDUAL_SCARCITY_HOUR
IT,2019-07-09 05:00:00,IT_SI,IT,SI,-1100.0,1200.0,1100.0,2300.0,0.0,False,True,ALL_12_RETAINED_INTERFACES_AT_THE_SAME_RESIDUAL_SCARCITY_HOUR
IT,2019-07-09 05:00:00,IT_TN,IT,TN,-600.0,600.0,600.0,1200.0,0.0,False,True,ALL_12_RETAINED_INTERFACES_AT_THE_SAME_RESIDUAL_SCARCITY_HOUR
IT,2019-07-24 05:00:00,EXT_AT_CH,AT,CH,-1200.0,1200.0,1200.0,2400.0,0.0,False,True,ALL_12_RETAINED_INTERFACES_AT_THE_SAME_RESIDUAL_SCARCITY_HOUR
IT,2019-07-24 05:00:00,EXT_AT_SI,AT,SI,1450.0,1450.0,1450.0,0.0,2900.0,True,False,ALL_12_RETAINED_INTERFACES_AT_THE_SAME_RESIDUAL_SCARCITY_HOUR
IT,2019-07-24 05:00:00,EXT_CH_FR,CH,FR,2200.0,2200.0,4500.0,0.0,6700.0,True,False,ALL_12_RETAINED_INTERFACES_AT_THE_SAME_RESIDUAL_SCARCITY_HOUR
IT,2019-07-24 05:00:00,EXT_HR_SI,HR,SI,-1500.0,1500.0,1500.0,3000.0,0.0,False,True,ALL_12_RETAINED_INTERFACES_AT_THE_SAME_RESIDUAL_SCARCITY_HOUR
IT,2019-07-24 05:00:00,IT_AT,AT,IT,700.0,700.0,300.0,0.0,1000.0,True,False,ALL_12_RETAINED_INTERFACES_AT_THE_SAME_RESIDUAL_SCARCITY_HOUR
IT,2019-07-24 05:00:00,IT_CH,CH,IT,4600.0,4600.0,1900.0,0.0,6500.0,True,False,ALL_12_RETAINED_INTERFACES_AT_THE_SAME_RESIDUAL_SCARCITY_HOUR
IT,2019-07-24 05:00:00,IT_FR,FR,IT,4500.0,4500.0,2200.0,0.0,6700.0,True,False,ALL_12_RETAINED_INTERFACES_AT_THE_SAME_RESIDUAL_SCARCITY_HOUR
IT,2019-07-24 05:00:00,IT_GR,GR,IT,500.0,500.0,500.0,0.0,1000.0,True,False,ALL_12_RETAINED_INTERFACES_AT_THE_SAME_RESIDUAL_SCARCITY_HOUR
IT,2019-07-24 05:00:00,IT_ME,IT,ME,-600.0,600.0,600.0,1200.0,0.0,False,True,ALL_12_RETAINED_INTERFACES_AT_THE_SAME_RESIDUAL_SCARCITY_HOUR
IT,2019-07-24 05:00:00,IT_MT,IT,MT,-200.0,200.0,200.0,400.0,0.0,False,True,ALL_12_RETAINED_INTERFACES_AT_THE_SAME_RESIDUAL_SCARCITY_HOUR
IT,2019-07-24 05:00:00,IT_SI,IT,SI,-1100.0,1200.0,1100.0,2300.0,0.0,False,True,ALL_12_RETAINED_INTERFACES_AT_THE_SAME_RESIDUAL_SCARCITY_HOUR
IT,2019-07-24 05:00:00,IT_TN,IT,TN,-600.0,600.0,600.0,1200.0,0.0,False,True,ALL_12_RETAINED_INTERFACES_AT_THE_SAME_RESIDUAL_SCARCITY_HOUR
IT,2019-07-25 02:00:00,EXT_AT_CH,AT,CH,-1200.0,1200.0,1200.0,2400.0,0.0,False,True,ALL_12_RETAINED_INTERFACES_AT_THE_SAME_RESIDUAL_SCARCITY_HOUR
IT,2019-07-25 02:00:00,EXT_AT_SI,AT,SI,1450.0,1450.0,1450.0,0.0,2900.0,True,False,ALL_12_RETAINED_INTERFACES_AT_THE_SAME_RESIDUAL_SCARCITY_HOUR
IT,2019-07-25 02:00:00,EXT_CH_FR,CH,FR,2200.0,2200.0,4500.0,0.0,6700.0,True,False,ALL_12_RETAINED_INTERFACES_AT_THE_SAME_RESIDUAL_SCARCITY_HOUR
IT,2019-07-25 02:00:00,EXT_HR_SI,HR,SI,-936.3194875096838,1500.0,1500.0,2436.3194875096838,563.6805124903162,False,False,ALL_12_RETAINED_INTERFACES_AT_THE_SAME_RESIDUAL_SCARCITY_HOUR
IT,2019-07-25 02:00:00,IT_AT,AT,IT,700.0,700.0,300.0,0.0,1000.0,True,False,ALL_12_RETAINED_INTERFACES_AT_THE_SAME_RESIDUAL_SCARCITY_HOUR
IT,2019-07-25 02:00:00,IT_CH,CH,IT,4600.0,4600.0,1900.0,0.0,6500.0,True,False,ALL_12_RETAINED_INTERFACES_AT_THE_SAME_RESIDUAL_SCARCITY_HOUR
IT,2019-07-25 02:00:00,IT_FR,FR,IT,4500.0,4500.0,2200.0,0.0,6700.0,True,False,ALL_12_RETAINED_INTERFACES_AT_THE_SAME_RESIDUAL_SCARCITY_HOUR
IT,2019-07-25 02:00:00,IT_GR,GR,IT,500.0,500.0,500.0,0.0,1000.0,True,False,ALL_12_RETAINED_INTERFACES_AT_THE_SAME_RESIDUAL_SCARCITY_HOUR
IT,2019-07-25 02:00:00,IT_ME,IT,ME,-600.0,600.0,600.0,1200.0,0.0,False,True,ALL_12_RETAINED_INTERFACES_AT_THE_SAME_RESIDUAL_SCARCITY_HOUR
IT,2019-07-25 02:00:00,IT_MT,IT,MT,-200.0,200.0,200.0,400.0,0.0,False,True,ALL_12_RETAINED_INTERFACES_AT_THE_SAME_RESIDUAL_SCARCITY_HOUR
IT,2019-07-25 02:00:00,IT_SI,IT,SI,-1100.0,1200.0,1100.0,2300.0,0.0,False,True,ALL_12_RETAINED_INTERFACES_AT_THE_SAME_RESIDUAL_SCARCITY_HOUR
IT,2019-07-25 02:00:00,IT_TN,IT,TN,-600.0,600.0,600.0,1200.0,0.0,False,True,ALL_12_RETAINED_INTERFACES_AT_THE_SAME_RESIDUAL_SCARCITY_HOUR
IT,2019-07-25 03:00:00,EXT_AT_CH,AT,CH,-1200.0,1200.0,1200.0,2400.0,0.0,False,True,ALL_12_RETAINED_INTERFACES_AT_THE_SAME_RESIDUAL_SCARCITY_HOUR
IT,2019-07-25 03:00:00,EXT_AT_SI,AT,SI,1450.0,1450.0,1450.0,0.0,2900.0,True,False,ALL_12_RETAINED_INTERFACES_AT_THE_SAME_RESIDUAL_SCARCITY_HOUR
IT,2019-07-25 03:00:00,EXT_CH_FR,CH,FR,2200.0,2200.0,4500.0,0.0,6700.0,True,False,ALL_12_RETAINED_INTERFACES_AT_THE_SAME_RESIDUAL_SCARCITY_HOUR
IT,2019-07-25 03:00:00,EXT_HR_SI,HR,SI,-112.06745369070768,1500.0,1500.0,1612.0674536907077,1387.9325463092923,False,False,ALL_12_RETAINED_INTERFACES_AT_THE_SAME_RESIDUAL_SCARCITY_HOUR
IT,2019-07-25 03:00:00,IT_AT,AT,IT,700.0,700.0,300.0,0.0,1000.0,True,False,ALL_12_RETAINED_INTERFACES_AT_THE_SAME_RESIDUAL_SCARCITY_HOUR
IT,2019-07-25 03:00:00,IT_CH,CH,IT,4600.0,4600.0,1900.0,0.0,6500.0,True,False,ALL_12_RETAINED_INTERFACES_AT_THE_SAME_RESIDUAL_SCARCITY_HOUR
IT,2019-07-25 03:00:00,IT_FR,FR,IT,4500.0,4500.0,2200.0,0.0,6700.0,True,False,ALL_12_RETAINED_INTERFACES_AT_THE_SAME_RESIDUAL_SCARCITY_HOUR
IT,2019-07-25 03:00:00,IT_GR,GR,IT,500.0,500.0,500.0,0.0,1000.0,True,False,ALL_12_RETAINED_INTERFACES_AT_THE_SAME_RESIDUAL_SCARCITY_HOUR
IT,2019-07-25 03:00:00,IT_ME,IT,ME,-600.0,600.0,600.0,1200.0,0.0,False,True,ALL_12_RETAINED_INTERFACES_AT_THE_SAME_RESIDUAL_SCARCITY_HOUR
IT,2019-07-25 03:00:00,IT_MT,IT,MT,-200.0,200.0,200.0,400.0,0.0,False,True,ALL_12_RETAINED_INTERFACES_AT_THE_SAME_RESIDUAL_SCARCITY_HOUR
IT,2019-07-25 03:00:00,IT_SI,IT,SI,-1100.0,1200.0,1100.0,2300.0,0.0,False,True,ALL_12_RETAINED_INTERFACES_AT_THE_SAME_RESIDUAL_SCARCITY_HOUR
IT,2019-07-25 03:00:00,IT_TN,IT,TN,-600.0,600.0,600.0,1200.0,0.0,False,True,ALL_12_RETAINED_INTERFACES_AT_THE_SAME_RESIDUAL_SCARCITY_HOUR
IT,2019-07-25 04:00:00,EXT_AT_CH,AT,CH,-1200.0,1200.0,1200.0,2400.0,0.0,False,True,ALL_12_RETAINED_INTERFACES_AT_THE_SAME_RESIDUAL_SCARCITY_HOUR
IT,2019-07-25 04:00:00,EXT_AT_SI,AT,SI,1450.0,1450.0,1450.0,0.0,2900.0,True,False,ALL_12_RETAINED_INTERFACES_AT_THE_SAME_RESIDUAL_SCARCITY_HOUR
IT,2019-07-25 04:00:00,EXT_CH_FR,CH,FR,2200.0,2200.0,4500.0,0.0,6700.0,True,False,ALL_12_RETAINED_INTERFACES_AT_THE_SAME_RESIDUAL_SCARCITY_HOUR
IT,2019-07-25 04:00:00,EXT_HR_SI,HR,SI,-173.41021276142376,1500.0,1500.0,1673.4102127614237,1326.5897872385763,False,False,ALL_12_RETAINED_INTERFACES_AT_THE_SAME_RESIDUAL_SCARCITY_HOUR
IT,2019-07-25 04:00:00,IT_AT,AT,IT,700.0,700.0,300.0,0.0,1000.0,True,False,ALL_12_RETAINED_INTERFACES_AT_THE_SAME_RESIDUAL_SCARCITY_HOUR
IT,2019-07-25 04:00:00,IT_CH,CH,IT,4600.0,4600.0,1900.0,0.0,6500.0,True,False,ALL_12_RETAINED_INTERFACES_AT_THE_SAME_RESIDUAL_SCARCITY_HOUR
IT,2019-07-25 04:00:00,IT_FR,FR,IT,4500.0,4500.0,2200.0,0.0,6700.0,True,False,ALL_12_RETAINED_INTERFACES_AT_THE_SAME_RESIDUAL_SCARCITY_HOUR
IT,2019-07-25 04:00:00,IT_GR,GR,IT,500.0,500.0,500.0,0.0,1000.0,True,False,ALL_12_RETAINED_INTERFACES_AT_THE_SAME_RESIDUAL_SCARCITY_HOUR
IT,2019-07-25 04:00:00,IT_ME,IT,ME,-600.0,600.0,600.0,1200.0,0.0,False,True,ALL_12_RETAINED_INTERFACES_AT_THE_SAME_RESIDUAL_SCARCITY_HOUR
IT,2019-07-25 04:00:00,IT_MT,IT,MT,-200.0,200.0,200.0,400.0,0.0,False,True,ALL_12_RETAINED_INTERFACES_AT_THE_SAME_RESIDUAL_SCARCITY_HOUR
IT,2019-07-25 04:00:00,IT_SI,IT,SI,-1100.0,1200.0,1100.0,2300.0,0.0,False,True,ALL_12_RETAINED_INTERFACES_AT_THE_SAME_RESIDUAL_SCARCITY_HOUR
IT,2019-07-25 04:00:00,IT_TN,IT,TN,-600.0,600.0,600.0,1200.0,0.0,False,True,ALL_12_RETAINED_INTERFACES_AT_THE_SAME_RESIDUAL_SCARCITY_HOUR
IT,2019-07-25 05:00:00,EXT_AT_CH,AT,CH,-1200.0,1200.0,1200.0,2400.0,0.0,False,True,ALL_12_RETAINED_INTERFACES_AT_THE_SAME_RESIDUAL_SCARCITY_HOUR
IT,2019-07-25 05:00:00,EXT_AT_SI,AT,SI,1450.0,1450.0,1450.0,0.0,2900.0,True,False,ALL_12_RETAINED_INTERFACES_AT_THE_SAME_RESIDUAL_SCARCITY_HOUR
IT,2019-07-25 05:00:00,EXT_CH_FR,CH,FR,2200.0,2200.0,4500.0,0.0,6700.0,True,False,ALL_12_RETAINED_INTERFACES_AT_THE_SAME_RESIDUAL_SCARCITY_HOUR
IT,2019-07-25 05:00:00,EXT_HR_SI,HR,SI,-100.35401479958196,1500.0,1500.0,1600.354014799582,1399.645985200418,False,False,ALL_12_RETAINED_INTERFACES_AT_THE_SAME_RESIDUAL_SCARCITY_HOUR
IT,2019-07-25 05:00:00,IT_AT,AT,IT,700.0,700.0,300.0,0.0,1000.0,True,False,ALL_12_RETAINED_INTERFACES_AT_THE_SAME_RESIDUAL_SCARCITY_HOUR
IT,2019-07-25 05:00:00,IT_CH,CH,IT,4600.0,4600.0,1900.0,0.0,6500.0,True,False,ALL_12_RETAINED_INTERFACES_AT_THE_SAME_RESIDUAL_SCARCITY_HOUR
IT,2019-07-25 05:00:00,IT_FR,FR,IT,4500.0,4500.0,2200.0,0.0,6700.0,True,False,ALL_12_RETAINED_INTERFACES_AT_THE_SAME_RESIDUAL_SCARCITY_HOUR
IT,2019-07-25 05:00:00,IT_GR,GR,IT,500.0,500.0,500.0,0.0,1000.0,True,False,ALL_12_RETAINED_INTERFACES_AT_THE_SAME_RESIDUAL_SCARCITY_HOUR
IT,2019-07-25 05:00:00,IT_ME,IT,ME,-600.0,600.0,600.0,1200.0,0.0,False,True,ALL_12_RETAINED_INTERFACES_AT_THE_SAME_RESIDUAL_SCARCITY_HOUR
IT,2019-07-25 05:00:00,IT_MT,IT,MT,-200.0,200.0,200.0,400.0,0.0,False,True,ALL_12_RETAINED_INTERFACES_AT_THE_SAME_RESIDUAL_SCARCITY_HOUR
IT,2019-07-25 05:00:00,IT_SI,IT,SI,-1100.0,1200.0,1100.0,2300.0,0.0,False,True,ALL_12_RETAINED_INTERFACES_AT_THE_SAME_RESIDUAL_SCARCITY_HOUR
IT,2019-07-25 05:00:00,IT_TN,IT,TN,-399.0630541442986,600.0,600.0,999.0630541442986,200.93694585570142,False,False,ALL_12_RETAINED_INTERFACES_AT_THE_SAME_RESIDUAL_SCARCITY_HOUR
IT,2019-07-26 00:00:00,EXT_AT_CH,AT,CH,-1200.0,1200.0,1200.0,2400.0,0.0,False,True,ALL_12_RETAINED_INTERFACES_AT_THE_SAME_RESIDUAL_SCARCITY_HOUR
IT,2019-07-26 00:00:00,EXT_AT_SI,AT,SI,1450.0,1450.0,1450.0,0.0,2900.0,True,False,ALL_12_RETAINED_INTERFACES_AT_THE_SAME_RESIDUAL_SCARCITY_HOUR
IT,2019-07-26 00:00:00,EXT_CH_FR,CH,FR,2200.0,2200.0,4500.0,0.0,6700.0,True,False,ALL_12_RETAINED_INTERFACES_AT_THE_SAME_RESIDUAL_SCARCITY_HOUR
IT,2019-07-26 00:00:00,EXT_HR_SI,HR,SI,-524.664704604657,1500.0,1500.0,2024.664704604657,975.335295395343,False,False,ALL_12_RETAINED_INTERFACES_AT_THE_SAME_RESIDUAL_SCARCITY_HOUR
IT,2019-07-26 00:00:00,IT_AT,AT,IT,700.0,700.0,300.0,0.0,1000.0,True,False,ALL_12_RETAINED_INTERFACES_AT_THE_SAME_RESIDUAL_SCARCITY_HOUR
IT,2019-07-26 00:00:00,IT_CH,CH,IT,4600.0,4600.0,1900.0,0.0,6500.0,True,False,ALL_12_RETAINED_INTERFACES_AT_THE_SAME_RESIDUAL_SCARCITY_HOUR
IT,2019-07-26 00:00:00,IT_FR,FR,IT,4500.0,4500.0,2200.0,0.0,6700.0,True,False,ALL_12_RETAINED_INTERFACES_AT_THE_SAME_RESIDUAL_SCARCITY_HOUR
IT,2019-07-26 00:00:00,IT_GR,GR,IT,500.0,500.0,500.0,0.0,1000.0,True,False,ALL_12_RETAINED_INTERFACES_AT_THE_SAME_RESIDUAL_SCARCITY_HOUR
IT,2019-07-26 00:00:00,IT_ME,IT,ME,-600.0,600.0,600.0,1200.0,0.0,False,True,ALL_12_RETAINED_INTERFACES_AT_THE_SAME_RESIDUAL_SCARCITY_HOUR
IT,2019-07-26 00:00:00,IT_MT,IT,MT,-200.0,200.0,200.0,400.0,0.0,False,True,ALL_12_RETAINED_INTERFACES_AT_THE_SAME_RESIDUAL_SCARCITY_HOUR
IT,2019-07-26 00:00:00,IT_SI,IT,SI,-1100.0,1200.0,1100.0,2300.0,0.0,False,True,ALL_12_RETAINED_INTERFACES_AT_THE_SAME_RESIDUAL_SCARCITY_HOUR
IT,2019-07-26 00:00:00,IT_TN,IT,TN,-600.0,600.0,600.0,1200.0,0.0,False,True,ALL_12_RETAINED_INTERFACES_AT_THE_SAME_RESIDUAL_SCARCITY_HOUR
IT,2019-07-26 01:00:00,EXT_AT_CH,AT,CH,-1200.0,1200.0,1200.0,2400.0,0.0,False,True,ALL_12_RETAINED_INTERFACES_AT_THE_SAME_RESIDUAL_SCARCITY_HOUR
IT,2019-07-26 01:00:00,EXT_AT_SI,AT,SI,1450.0,1450.0,1450.0,0.0,2900.0,True,False,ALL_12_RETAINED_INTERFACES_AT_THE_SAME_RESIDUAL_SCARCITY_HOUR
IT,2019-07-26 01:00:00,EXT_CH_FR,CH,FR,2200.0,2200.0,4500.0,0.0,6700.0,True,False,ALL_12_RETAINED_INTERFACES_AT_THE_SAME_RESIDUAL_SCARCITY_HOUR
IT,2019-07-26 01:00:00,EXT_HR_SI,HR,SI,-252.72874959734065,1500.0,1500.0,1752.7287495973405,1247.2712504026595,False,False,ALL_12_RETAINED_INTERFACES_AT_THE_SAME_RESIDUAL_SCARCITY_HOUR
IT,2019-07-26 01:00:00,IT_AT,AT,IT,700.0,700.0,300.0,0.0,1000.0,True,False,ALL_12_RETAINED_INTERFACES_AT_THE_SAME_RESIDUAL_SCARCITY_HOUR
IT,2019-07-26 01:00:00,IT_CH,CH,IT,4600.0,4600.0,1900.0,0.0,6500.0,True,False,ALL_12_RETAINED_INTERFACES_AT_THE_SAME_RESIDUAL_SCARCITY_HOUR
IT,2019-07-26 01:00:00,IT_FR,FR,IT,4500.0,4500.0,2200.0,0.0,6700.0,True,False,ALL_12_RETAINED_INTERFACES_AT_THE_SAME_RESIDUAL_SCARCITY_HOUR
IT,2019-07-26 01:00:00,IT_GR,GR,IT,500.0,500.0,500.0,0.0,1000.0,True,False,ALL_12_RETAINED_INTERFACES_AT_THE_SAME_RESIDUAL_SCARCITY_HOUR
IT,2019-07-26 01:00:00,IT_ME,IT,ME,-600.0,600.0,600.0,1200.0,0.0,False,True,ALL_12_RETAINED_INTERFACES_AT_THE_SAME_RESIDUAL_SCARCITY_HOUR
IT,2019-07-26 01:00:00,IT_MT,IT,MT,-200.0,200.0,200.0,400.0,0.0,False,True,ALL_12_RETAINED_INTERFACES_AT_THE_SAME_RESIDUAL_SCARCITY_HOUR
IT,2019-07-26 01:00:00,IT_SI,IT,SI,-1100.0,1200.0,1100.0,2300.0,0.0,False,True,ALL_12_RETAINED_INTERFACES_AT_THE_SAME_RESIDUAL_SCARCITY_HOUR
IT,2019-07-26 01:00:00,IT_TN,IT,TN,-600.0,600.0,600.0,1200.0,0.0,False,True,ALL_12_RETAINED_INTERFACES_AT_THE_SAME_RESIDUAL_SCARCITY_HOUR
IT,2019-07-26 02:00:00,EXT_AT_CH,AT,CH,-1200.0,1200.0,1200.0,2400.0,0.0,False,True,ALL_12_RETAINED_INTERFACES_AT_THE_SAME_RESIDUAL_SCARCITY_HOUR
IT,2019-07-26 02:00:00,EXT_AT_SI,AT,SI,1450.0,1450.0,1450.0,0.0,2900.0,True,False,ALL_12_RETAINED_INTERFACES_AT_THE_SAME_RESIDUAL_SCARCITY_HOUR
IT,2019-07-26 02:00:00,EXT_CH_FR,CH,FR,2200.0,2200.0,4500.0,0.0,6700.0,True,False,ALL_12_RETAINED_INTERFACES_AT_THE_SAME_RESIDUAL_SCARCITY_HOUR
IT,2019-07-26 02:00:00,EXT_HR_SI,HR,SI,-253.89114962813858,1500.0,1500.0,1753.8911496281385,1246.1088503718615,False,False,ALL_12_RETAINED_INTERFACES_AT_THE_SAME_RESIDUAL_SCARCITY_HOUR
IT,2019-07-26 02:00:00,IT_AT,AT,IT,700.0,700.0,300.0,0.0,1000.0,True,False,ALL_12_RETAINED_INTERFACES_AT_THE_SAME_RESIDUAL_SCARCITY_HOUR
IT,2019-07-26 02:00:00,IT_CH,CH,IT,4600.0,4600.0,1900.0,0.0,6500.0,True,False,ALL_12_RETAINED_INTERFACES_AT_THE_SAME_RESIDUAL_SCARCITY_HOUR
IT,2019-07-26 02:00:00,IT_FR,FR,IT,4500.0,4500.0,2200.0,0.0,6700.0,True,False,ALL_12_RETAINED_INTERFACES_AT_THE_SAME_RESIDUAL_SCARCITY_HOUR
IT,2019-07-26 02:00:00,IT_GR,GR,IT,500.0,500.0,500.0,0.0,1000.0,True,False,ALL_12_RETAINED_INTERFACES_AT_THE_SAME_RESIDUAL_SCARCITY_HOUR
IT,2019-07-26 02:00:00,IT_ME,IT,ME,-600.0,600.0,600.0,1200.0,0.0,False,True,ALL_12_RETAINED_INTERFACES_AT_THE_SAME_RESIDUAL_SCARCITY_HOUR
IT,2019-07-26 02:00:00,IT_MT,IT,MT,-200.0,200.0,200.0,400.0,0.0,False,True,ALL_12_RETAINED_INTERFACES_AT_THE_SAME_RESIDUAL_SCARCITY_HOUR
IT,2019-07-26 02:00:00,IT_SI,IT,SI,-1100.0,1200.0,1100.0,2300.0,0.0,False,True,ALL_12_RETAINED_INTERFACES_AT_THE_SAME_RESIDUAL_SCARCITY_HOUR
IT,2019-07-26 02:00:00,IT_TN,IT,TN,-600.0,600.0,600.0,1200.0,0.0,False,True,ALL_12_RETAINED_INTERFACES_AT_THE_SAME_RESIDUAL_SCARCITY_HOUR
IT,2019-07-26 03:00:00,EXT_AT_CH,AT,CH,-1200.0,1200.0,1200.0,2400.0,0.0,False,True,ALL_12_RETAINED_INTERFACES_AT_THE_SAME_RESIDUAL_SCARCITY_HOUR
IT,2019-07-26 03:00:00,EXT_AT_SI,AT,SI,1450.0,1450.0,1450.0,0.0,2900.0,True,False,ALL_12_RETAINED_INTERFACES_AT_THE_SAME_RESIDUAL_SCARCITY_HOUR
IT,2019-07-26 03:00:00,EXT_CH_FR,CH,FR,2200.0,2200.0,4500.0,0.0,6700.0,True,False,ALL_12_RETAINED_INTERFACES_AT_THE_SAME_RESIDUAL_SCARCITY_HOUR
IT,2019-07-26 03:00:00,EXT_HR_SI,HR,SI,-546.6110763846141,1500.0,1500.0,2046.611076384614,953.3889236153859,False,False,ALL_12_RETAINED_INTERFACES_AT_THE_SAME_RESIDUAL_SCARCITY_HOUR
IT,2019-07-26 03:00:00,IT_AT,AT,IT,700.0,700.0,300.0,0.0,1000.0,True,False,ALL_12_RETAINED_INTERFACES_AT_THE_SAME_RESIDUAL_SCARCITY_HOUR
IT,2019-07-26 03:00:00,IT_CH,CH,IT,4600.0,4600.0,1900.0,0.0,6500.0,True,False,ALL_12_RETAINED_INTERFACES_AT_THE_SAME_RESIDUAL_SCARCITY_HOUR
IT,2019-07-26 03:00:00,IT_FR,FR,IT,4500.0,4500.0,2200.0,0.0,6700.0,True,False,ALL_12_RETAINED_INTERFACES_AT_THE_SAME_RESIDUAL_SCARCITY_HOUR
IT,2019-07-26 03:00:00,IT_GR,GR,IT,500.0,500.0,500.0,0.0,1000.0,True,False,ALL_12_RETAINED_INTERFACES_AT_THE_SAME_RESIDUAL_SCARCITY_HOUR
IT,2019-07-26 03:00:00,IT_ME,IT,ME,-600.0,600.0,600.0,1200.0,0.0,False,True,ALL_12_RETAINED_INTERFACES_AT_THE_SAME_RESIDUAL_SCARCITY_HOUR
IT,2019-07-26 03:00:00,IT_MT,IT,MT,-200.0,200.0,200.0,400.0,0.0,False,True,ALL_12_RETAINED_INTERFACES_AT_THE_SAME_RESIDUAL_SCARCITY_HOUR
IT,2019-07-26 03:00:00,IT_SI,IT,SI,-1100.0,1200.0,1100.0,2300.0,0.0,False,True,ALL_12_RETAINED_INTERFACES_AT_THE_SAME_RESIDUAL_SCARCITY_HOUR
IT,2019-07-26 03:00:00,IT_TN,IT,TN,-600.0,600.0,600.0,1200.0,0.0,False,True,ALL_12_RETAINED_INTERFACES_AT_THE_SAME_RESIDUAL_SCARCITY_HOUR
IT,2019-07-26 04:00:00,EXT_AT_CH,AT,CH,-1200.0,1200.0,1200.0,2400.0,0.0,False,True,ALL_12_RETAINED_INTERFACES_AT_THE_SAME_RESIDUAL_SCARCITY_HOUR
IT,2019-07-26 04:00:00,EXT_AT_SI,AT,SI,1450.0,1450.0,1450.0,0.0,2900.0,True,False,ALL_12_RETAINED_INTERFACES_AT_THE_SAME_RESIDUAL_SCARCITY_HOUR
IT,2019-07-26 04:00:00,EXT_CH_FR,CH,FR,2200.0,2200.0,4500.0,0.0,6700.0,True,False,ALL_12_RETAINED_INTERFACES_AT_THE_SAME_RESIDUAL_SCARCITY_HOUR
IT,2019-07-26 04:00:00,EXT_HR_SI,HR,SI,-879.9240238388696,1500.0,1500.0,2379.9240238388697,620.0759761611304,False,False,ALL_12_RETAINED_INTERFACES_AT_THE_SAME_RESIDUAL_SCARCITY_HOUR
IT,2019-07-26 04:00:00,IT_AT,AT,IT,700.0,700.0,300.0,0.0,1000.0,True,False,ALL_12_RETAINED_INTERFACES_AT_THE_SAME_RESIDUAL_SCARCITY_HOUR
IT,2019-07-26 04:00:00,IT_CH,CH,IT,4600.0,4600.0,1900.0,0.0,6500.0,True,False,ALL_12_RETAINED_INTERFACES_AT_THE_SAME_RESIDUAL_SCARCITY_HOUR
IT,2019-07-26 04:00:00,IT_FR,FR,IT,4500.0,4500.0,2200.0,0.0,6700.0,True,False,ALL_12_RETAINED_INTERFACES_AT_THE_SAME_RESIDUAL_SCARCITY_HOUR
IT,2019-07-26 04:00:00,IT_GR,GR,IT,500.0,500.0,500.0,0.0,1000.0,True,False,ALL_12_RETAINED_INTERFACES_AT_THE_SAME_RESIDUAL_SCARCITY_HOUR
IT,2019-07-26 04:00:00,IT_ME,IT,ME,-600.0,600.0,600.0,1200.0,0.0,False,True,ALL_12_RETAINED_INTERFACES_AT_THE_SAME_RESIDUAL_SCARCITY_HOUR
IT,2019-07-26 04:00:00,IT_MT,IT,MT,-200.0,200.0,200.0,400.0,0.0,False,True,ALL_12_RETAINED_INTERFACES_AT_THE_SAME_RESIDUAL_SCARCITY_HOUR
IT,2019-07-26 04:00:00,IT_SI,IT,SI,-1100.0,1200.0,1100.0,2300.0,0.0,False,True,ALL_12_RETAINED_INTERFACES_AT_THE_SAME_RESIDUAL_SCARCITY_HOUR
IT,2019-07-26 04:00:00,IT_TN,IT,TN,-600.0,600.0,600.0,1200.0,0.0,False,True,ALL_12_RETAINED_INTERFACES_AT_THE_SAME_RESIDUAL_SCARCITY_HOUR
IT,2019-07-26 05:00:00,EXT_AT_CH,AT,CH,-1200.0,1200.0,1200.0,2400.0,0.0,False,True,ALL_12_RETAINED_INTERFACES_AT_THE_SAME_RESIDUAL_SCARCITY_HOUR
IT,2019-07-26 05:00:00,EXT_AT_SI,AT,SI,1450.0,1450.0,1450.0,0.0,2900.0,True,False,ALL_12_RETAINED_INTERFACES_AT_THE_SAME_RESIDUAL_SCARCITY_HOUR
IT,2019-07-26 05:00:00,EXT_CH_FR,CH,FR,2200.0,2200.0,4500.0,0.0,6700.0,True,False,ALL_12_RETAINED_INTERFACES_AT_THE_SAME_RESIDUAL_SCARCITY_HOUR
IT,2019-07-26 05:00:00,EXT_HR_SI,HR,SI,-875.6664291699748,1500.0,1500.0,2375.666429169975,624.3335708300252,False,False,ALL_12_RETAINED_INTERFACES_AT_THE_SAME_RESIDUAL_SCARCITY_HOUR
IT,2019-07-26 05:00:00,IT_AT,AT,IT,700.0,700.0,300.0,0.0,1000.0,True,False,ALL_12_RETAINED_INTERFACES_AT_THE_SAME_RESIDUAL_SCARCITY_HOUR
IT,2019-07-26 05:00:00,IT_CH,CH,IT,4600.0,4600.0,1900.0,0.0,6500.0,True,False,ALL_12_RETAINED_INTERFACES_AT_THE_SAME_RESIDUAL_SCARCITY_HOUR
IT,2019-07-26 05:00:00,IT_FR,FR,IT,4500.0,4500.0,2200.0,0.0,6700.0,True,False,ALL_12_RETAINED_INTERFACES_AT_THE_SAME_RESIDUAL_SCARCITY_HOUR
IT,2019-07-26 05:00:00,IT_GR,GR,IT,500.0,500.0,500.0,0.0,1000.0,True,False,ALL_12_RETAINED_INTERFACES_AT_THE_SAME_RESIDUAL_SCARCITY_HOUR
IT,2019-07-26 05:00:00,IT_ME,IT,ME,-600.0,600.0,600.0,1200.0,0.0,False,True,ALL_12_RETAINED_INTERFACES_AT_THE_SAME_RESIDUAL_SCARCITY_HOUR
IT,2019-07-26 05:00:00,IT_MT,IT,MT,102.95170981442226,200.0,200.0,97.04829018557774,302.95170981442226,False,False,ALL_12_RETAINED_INTERFACES_AT_THE_SAME_RESIDUAL_SCARCITY_HOUR
IT,2019-07-26 05:00:00,IT_SI,IT,SI,-1100.0,1200.0,1100.0,2300.0,0.0,False,True,ALL_12_RETAINED_INTERFACES_AT_THE_SAME_RESIDUAL_SCARCITY_HOUR
IT,2019-07-26 05:00:00,IT_TN,IT,TN,-600.0,600.0,600.0,1200.0,0.0,False,True,ALL_12_RETAINED_INTERFACES_AT_THE_SAME_RESIDUAL_SCARCITY_HOUR
IT,2019-07-27 04:00:00,EXT_AT_CH,AT,CH,-1200.0,1200.0,1200.0,2400.0,0.0,False,True,ALL_12_RETAINED_INTERFACES_AT_THE_SAME_RESIDUAL_SCARCITY_HOUR
IT,2019-07-27 04:00:00,EXT_AT_SI,AT,SI,1450.0,1450.0,1450.0,0.0,2900.0,True,False,ALL_12_RETAINED_INTERFACES_AT_THE_SAME_RESIDUAL_SCARCITY_HOUR
IT,2019-07-27 04:00:00,EXT_CH_FR,CH,FR,506.6691387996616,2200.0,4500.0,1693.3308612003384,5006.669138799662,False,False,ALL_12_RETAINED_INTERFACES_AT_THE_SAME_RESIDUAL_SCARCITY_HOUR
IT,2019-07-27 04:00:00,EXT_HR_SI,HR,SI,-356.2904751916459,1500.0,1500.0,1856.2904751916458,1143.7095248083542,False,False,ALL_12_RETAINED_INTERFACES_AT_THE_SAME_RESIDUAL_SCARCITY_HOUR
IT,2019-07-27 04:00:00,IT_AT,AT,IT,700.0,700.0,300.0,0.0,1000.0,True,False,ALL_12_RETAINED_INTERFACES_AT_THE_SAME_RESIDUAL_SCARCITY_HOUR
IT,2019-07-27 04:00:00,IT_CH,CH,IT,4600.0,4600.0,1900.0,0.0,6500.0,True,False,ALL_12_RETAINED_INTERFACES_AT_THE_SAME_RESIDUAL_SCARCITY_HOUR
IT,2019-07-27 04:00:00,IT_FR,FR,IT,4500.0,4500.0,2200.0,0.0,6700.0,True,False,ALL_12_RETAINED_INTERFACES_AT_THE_SAME_RESIDUAL_SCARCITY_HOUR
IT,2019-07-27 04:00:00,IT_GR,GR,IT,500.0,500.0,500.0,0.0,1000.0,True,False,ALL_12_RETAINED_INTERFACES_AT_THE_SAME_RESIDUAL_SCARCITY_HOUR
IT,2019-07-27 04:00:00,IT_ME,IT,ME,-600.0,600.0,600.0,1200.0,0.0,False,True,ALL_12_RETAINED_INTERFACES_AT_THE_SAME_RESIDUAL_SCARCITY_HOUR
IT,2019-07-27 04:00:00,IT_MT,IT,MT,-200.0,200.0,200.0,400.0,0.0,False,True,ALL_12_RETAINED_INTERFACES_AT_THE_SAME_RESIDUAL_SCARCITY_HOUR
IT,2019-07-27 04:00:00,IT_SI,IT,SI,-1100.0,1200.0,1100.0,2300.0,0.0,False,True,ALL_12_RETAINED_INTERFACES_AT_THE_SAME_RESIDUAL_SCARCITY_HOUR
IT,2019-07-27 04:00:00,IT_TN,IT,TN,-600.0,600.0,600.0,1200.0,0.0,False,True,ALL_12_RETAINED_INTERFACES_AT_THE_SAME_RESIDUAL_SCARCITY_HOUR
IT,2019-07-27 05:00:00,EXT_AT_CH,AT,CH,-1200.0,1200.0,1200.0,2400.0,0.0,False,True,ALL_12_RETAINED_INTERFACES_AT_THE_SAME_RESIDUAL_SCARCITY_HOUR
IT,2019-07-27 05:00:00,EXT_AT_SI,AT,SI,1450.0,1450.0,1450.0,0.0,2900.0,True,False,ALL_12_RETAINED_INTERFACES_AT_THE_SAME_RESIDUAL_SCARCITY_HOUR
IT,2019-07-27 05:00:00,EXT_CH_FR,CH,FR,-1007.374060446562,2200.0,4500.0,3207.374060446562,3492.625939553438,False,False,ALL_12_RETAINED_INTERFACES_AT_THE_SAME_RESIDUAL_SCARCITY_HOUR
IT,2019-07-27 05:00:00,EXT_HR_SI,HR,SI,-628.9303779502713,1500.0,1500.0,2128.9303779502716,871.0696220497287,False,False,ALL_12_RETAINED_INTERFACES_AT_THE_SAME_RESIDUAL_SCARCITY_HOUR
IT,2019-07-27 05:00:00,IT_AT,AT,IT,700.0,700.0,300.0,0.0,1000.0,True,False,ALL_12_RETAINED_INTERFACES_AT_THE_SAME_RESIDUAL_SCARCITY_HOUR
IT,2019-07-27 05:00:00,IT_CH,CH,IT,4600.0,4600.0,1900.0,0.0,6500.0,True,False,ALL_12_RETAINED_INTERFACES_AT_THE_SAME_RESIDUAL_SCARCITY_HOUR
IT,2019-07-27 05:00:00,IT_FR,FR,IT,4500.0,4500.0,2200.0,0.0,6700.0,True,False,ALL_12_RETAINED_INTERFACES_AT_THE_SAME_RESIDUAL_SCARCITY_HOUR
IT,2019-07-27 05:00:00,IT_GR,GR,IT,500.0,500.0,500.0,0.0,1000.0,True,False,ALL_12_RETAINED_INTERFACES_AT_THE_SAME_RESIDUAL_SCARCITY_HOUR
IT,2019-07-27 05:00:00,IT_ME,IT,ME,-600.0,600.0,600.0,1200.0,0.0,False,True,ALL_12_RETAINED_INTERFACES_AT_THE_SAME_RESIDUAL_SCARCITY_HOUR
IT,2019-07-27 05:00:00,IT_MT,IT,MT,-200.0,200.0,200.0,400.0,0.0,False,True,ALL_12_RETAINED_INTERFACES_AT_THE_SAME_RESIDUAL_SCARCITY_HOUR
IT,2019-07-27 05:00:00,IT_SI,IT,SI,-1100.0,1200.0,1100.0,2300.0,0.0,False,True,ALL_12_RETAINED_INTERFACES_AT_THE_SAME_RESIDUAL_SCARCITY_HOUR
IT,2019-07-27 05:00:00,IT_TN,IT,TN,-600.0,600.0,600.0,1200.0,0.0,False,True,ALL_12_RETAINED_INTERFACES_AT_THE_SAME_RESIDUAL_SCARCITY_HOUR
IT,2019-12-12 17:00:00,EXT_AT_CH,AT,CH,-1200.0,1200.0,1200.0,2400.0,0.0,False,True,ALL_12_RETAINED_INTERFACES_AT_THE_SAME_RESIDUAL_SCARCITY_HOUR
IT,2019-12-12 17:00:00,EXT_AT_SI,AT,SI,-1450.0,1450.0,1450.0,2900.0,0.0,False,True,ALL_12_RETAINED_INTERFACES_AT_THE_SAME_RESIDUAL_SCARCITY_HOUR
IT,2019-12-12 17:00:00,EXT_CH_FR,CH,FR,-4500.0,2200.0,4500.0,6700.0,0.0,False,True,ALL_12_RETAINED_INTERFACES_AT_THE_SAME_RESIDUAL_SCARCITY_HOUR
IT,2019-12-12 17:00:00,EXT_HR_SI,HR,SI,-1405.201263194469,1500.0,1500.0,2905.201263194469,94.79873680553101,False,False,ALL_12_RETAINED_INTERFACES_AT_THE_SAME_RESIDUAL_SCARCITY_HOUR
IT,2019-12-12 17:00:00,IT_AT,AT,IT,-300.0,700.0,300.0,1000.0,0.0,False,True,ALL_12_RETAINED_INTERFACES_AT_THE_SAME_RESIDUAL_SCARCITY_HOUR
IT,2019-12-12 17:00:00,IT_CH,CH,IT,4600.0,4600.0,1900.0,0.0,6500.0,True,False,ALL_12_RETAINED_INTERFACES_AT_THE_SAME_RESIDUAL_SCARCITY_HOUR
IT,2019-12-12 17:00:00,IT_FR,FR,IT,4500.0,4500.0,2200.0,0.0,6700.0,True,False,ALL_12_RETAINED_INTERFACES_AT_THE_SAME_RESIDUAL_SCARCITY_HOUR
IT,2019-12-12 17:00:00,IT_GR,GR,IT,500.0,500.0,500.0,0.0,1000.0,True,False,ALL_12_RETAINED_INTERFACES_AT_THE_SAME_RESIDUAL_SCARCITY_HOUR
IT,2019-12-12 17:00:00,IT_ME,IT,ME,-600.0,600.0,600.0,1200.0,0.0,False,True,ALL_12_RETAINED_INTERFACES_AT_THE_SAME_RESIDUAL_SCARCITY_HOUR
IT,2019-12-12 17:00:00,IT_MT,IT,MT,-200.0,200.0,200.0,400.0,0.0,False,True,ALL_12_RETAINED_INTERFACES_AT_THE_SAME_RESIDUAL_SCARCITY_HOUR
IT,2019-12-12 17:00:00,IT_SI,IT,SI,1200.0,1200.0,1100.0,0.0,2300.0,True,False,ALL_12_RETAINED_INTERFACES_AT_THE_SAME_RESIDUAL_SCARCITY_HOUR
IT,2019-12-12 17:00:00,IT_TN,IT,TN,-600.0,600.0,600.0,1200.0,0.0,False,True,ALL_12_RETAINED_INTERFACES_AT_THE_SAME_RESIDUAL_SCARCITY_HOUR
IT,2019-12-12 19:00:00,EXT_AT_CH,AT,CH,-1200.0,1200.0,1200.0,2400.0,0.0,False,True,ALL_12_RETAINED_INTERFACES_AT_THE_SAME_RESIDUAL_SCARCITY_HOUR
IT,2019-12-12 19:00:00,EXT_AT_SI,AT,SI,-1450.0,1450.0,1450.0,2900.0,0.0,False,True,ALL_12_RETAINED_INTERFACES_AT_THE_SAME_RESIDUAL_SCARCITY_HOUR
IT,2019-12-12 19:00:00,EXT_CH_FR,CH,FR,-4500.0,2200.0,4500.0,6700.0,0.0,False,True,ALL_12_RETAINED_INTERFACES_AT_THE_SAME_RESIDUAL_SCARCITY_HOUR
IT,2019-12-12 19:00:00,EXT_HR_SI,HR,SI,-338.43092754761585,1500.0,1500.0,1838.4309275476157,1161.5690724523843,False,False,ALL_12_RETAINED_INTERFACES_AT_THE_SAME_RESIDUAL_SCARCITY_HOUR
IT,2019-12-12 19:00:00,IT_AT,AT,IT,700.0,700.0,300.0,0.0,1000.0,True,False,ALL_12_RETAINED_INTERFACES_AT_THE_SAME_RESIDUAL_SCARCITY_HOUR
IT,2019-12-12 19:00:00,IT_CH,CH,IT,4600.0,4600.0,1900.0,0.0,6500.0,True,False,ALL_12_RETAINED_INTERFACES_AT_THE_SAME_RESIDUAL_SCARCITY_HOUR
IT,2019-12-12 19:00:00,IT_FR,FR,IT,4500.0,4500.0,2200.0,0.0,6700.0,True,False,ALL_12_RETAINED_INTERFACES_AT_THE_SAME_RESIDUAL_SCARCITY_HOUR
IT,2019-12-12 19:00:00,IT_GR,GR,IT,500.0,500.0,500.0,0.0,1000.0,True,False,ALL_12_RETAINED_INTERFACES_AT_THE_SAME_RESIDUAL_SCARCITY_HOUR
IT,2019-12-12 19:00:00,IT_ME,IT,ME,-600.0,600.0,600.0,1200.0,0.0,False,True,ALL_12_RETAINED_INTERFACES_AT_THE_SAME_RESIDUAL_SCARCITY_HOUR
IT,2019-12-12 19:00:00,IT_MT,IT,MT,-200.0,200.0,200.0,400.0,0.0,False,True,ALL_12_RETAINED_INTERFACES_AT_THE_SAME_RESIDUAL_SCARCITY_HOUR
IT,2019-12-12 19:00:00,IT_SI,IT,SI,-1100.0,1200.0,1100.0,2300.0,0.0,False,True,ALL_12_RETAINED_INTERFACES_AT_THE_SAME_RESIDUAL_SCARCITY_HOUR
IT,2019-12-12 19:00:00,IT_TN,IT,TN,-600.0,600.0,600.0,1200.0,0.0,False,True,ALL_12_RETAINED_INTERFACES_AT_THE_SAME_RESIDUAL_SCARCITY_HOUR
IT,2019-12-12 20:00:00,EXT_AT_CH,AT,CH,-1200.0,1200.0,1200.0,2400.0,0.0,False,True,ALL_12_RETAINED_INTERFACES_AT_THE_SAME_RESIDUAL_SCARCITY_HOUR
IT,2019-12-12 20:00:00,EXT_AT_SI,AT,SI,1450.0,1450.0,1450.0,0.0,2900.0,True,False,ALL_12_RETAINED_INTERFACES_AT_THE_SAME_RESIDUAL_SCARCITY_HOUR
IT,2019-12-12 20:00:00,EXT_CH_FR,CH,FR,-4500.0,2200.0,4500.0,6700.0,0.0,False,True,ALL_12_RETAINED_INTERFACES_AT_THE_SAME_RESIDUAL_SCARCITY_HOUR
IT,2019-12-12 20:00:00,EXT_HR_SI,HR,SI,-1324.0093379824007,1500.0,1500.0,2824.0093379824007,175.99066201759933,False,False,ALL_12_RETAINED_INTERFACES_AT_THE_SAME_RESIDUAL_SCARCITY_HOUR
IT,2019-12-12 20:00:00,IT_AT,AT,IT,700.0,700.0,300.0,0.0,1000.0,True,False,ALL_12_RETAINED_INTERFACES_AT_THE_SAME_RESIDUAL_SCARCITY_HOUR
IT,2019-12-12 20:00:00,IT_CH,CH,IT,4600.0,4600.0,1900.0,0.0,6500.0,True,False,ALL_12_RETAINED_INTERFACES_AT_THE_SAME_RESIDUAL_SCARCITY_HOUR
IT,2019-12-12 20:00:00,IT_FR,FR,IT,4500.0,4500.0,2200.0,0.0,6700.0,True,False,ALL_12_RETAINED_INTERFACES_AT_THE_SAME_RESIDUAL_SCARCITY_HOUR
IT,2019-12-12 20:00:00,IT_GR,GR,IT,500.0,500.0,500.0,0.0,1000.0,True,False,ALL_12_RETAINED_INTERFACES_AT_THE_SAME_RESIDUAL_SCARCITY_HOUR
IT,2019-12-12 20:00:00,IT_ME,IT,ME,-600.0,600.0,600.0,1200.0,0.0,False,True,ALL_12_RETAINED_INTERFACES_AT_THE_SAME_RESIDUAL_SCARCITY_HOUR
IT,2019-12-12 20:00:00,IT_MT,IT,MT,-200.0,200.0,200.0,400.0,0.0,False,True,ALL_12_RETAINED_INTERFACES_AT_THE_SAME_RESIDUAL_SCARCITY_HOUR
IT,2019-12-12 20:00:00,IT_SI,IT,SI,806.9274842966632,1200.0,1100.0,393.07251570333676,1906.9274842966634,False,False,ALL_12_RETAINED_INTERFACES_AT_THE_SAME_RESIDUAL_SCARCITY_HOUR
IT,2019-12-12 20:00:00,IT_TN,IT,TN,-600.0,600.0,600.0,1200.0,0.0,False,True,ALL_12_RETAINED_INTERFACES_AT_THE_SAME_RESIDUAL_SCARCITY_HOUR
IT,2019-12-12 21:00:00,EXT_AT_CH,AT,CH,-1200.0,1200.0,1200.0,2400.0,0.0,False,True,ALL_12_RETAINED_INTERFACES_AT_THE_SAME_RESIDUAL_SCARCITY_HOUR
IT,2019-12-12 21:00:00,EXT_AT_SI,AT,SI,1450.0,1450.0,1450.0,0.0,2900.0,True,False,ALL_12_RETAINED_INTERFACES_AT_THE_SAME_RESIDUAL_SCARCITY_HOUR
IT,2019-12-12 21:00:00,EXT_CH_FR,CH,FR,-4500.0,2200.0,4500.0,6700.0,0.0,False,True,ALL_12_RETAINED_INTERFACES_AT_THE_SAME_RESIDUAL_SCARCITY_HOUR
IT,2019-12-12 21:00:00,EXT_HR_SI,HR,SI,-1021.8742416991901,1500.0,1500.0,2521.87424169919,478.12575830080993,False,False,ALL_12_RETAINED_INTERFACES_AT_THE_SAME_RESIDUAL_SCARCITY_HOUR
IT,2019-12-12 21:00:00,IT_AT,AT,IT,-300.0,700.0,300.0,1000.0,0.0,False,True,ALL_12_RETAINED_INTERFACES_AT_THE_SAME_RESIDUAL_SCARCITY_HOUR
IT,2019-12-12 21:00:00,IT_CH,CH,IT,4600.0,4600.0,1900.0,0.0,6500.0,True,False,ALL_12_RETAINED_INTERFACES_AT_THE_SAME_RESIDUAL_SCARCITY_HOUR
IT,2019-12-12 21:00:00,IT_FR,FR,IT,4500.0,4500.0,2200.0,0.0,6700.0,True,False,ALL_12_RETAINED_INTERFACES_AT_THE_SAME_RESIDUAL_SCARCITY_HOUR
IT,2019-12-12 21:00:00,IT_GR,GR,IT,500.0,500.0,500.0,0.0,1000.0,True,False,ALL_12_RETAINED_INTERFACES_AT_THE_SAME_RESIDUAL_SCARCITY_HOUR
IT,2019-12-12 21:00:00,IT_ME,IT,ME,-600.0,600.0,600.0,1200.0,0.0,False,True,ALL_12_RETAINED_INTERFACES_AT_THE_SAME_RESIDUAL_SCARCITY_HOUR
IT,2019-12-12 21:00:00,IT_MT,IT,MT,-200.0,200.0,200.0,400.0,0.0,False,True,ALL_12_RETAINED_INTERFACES_AT_THE_SAME_RESIDUAL_SCARCITY_HOUR
IT,2019-12-12 21:00:00,IT_SI,IT,SI,-1100.0,1200.0,1100.0,2300.0,0.0,False,True,ALL_12_RETAINED_INTERFACES_AT_THE_SAME_RESIDUAL_SCARCITY_HOUR
IT,2019-12-12 21:00:00,IT_TN,IT,TN,-600.0,600.0,600.0,1200.0,0.0,False,True,ALL_12_RETAINED_INTERFACES_AT_THE_SAME_RESIDUAL_SCARCITY_HOUR
IT,2019-12-12 22:00:00,EXT_AT_CH,AT,CH,-1200.0,1200.0,1200.0,2400.0,0.0,False,True,ALL_12_RETAINED_INTERFACES_AT_THE_SAME_RESIDUAL_SCARCITY_HOUR
IT,2019-12-12 22:00:00,EXT_AT_SI,AT,SI,-1450.0,1450.0,1450.0,2900.0,0.0,False,True,ALL_12_RETAINED_INTERFACES_AT_THE_SAME_RESIDUAL_SCARCITY_HOUR
IT,2019-12-12 22:00:00,EXT_CH_FR,CH,FR,-4500.0,2200.0,4500.0,6700.0,0.0,False,True,ALL_12_RETAINED_INTERFACES_AT_THE_SAME_RESIDUAL_SCARCITY_HOUR
IT,2019-12-12 22:00:00,EXT_HR_SI,HR,SI,-338.11925800996653,1500.0,1500.0,1838.1192580099664,1161.8807419900336,False,False,ALL_12_RETAINED_INTERFACES_AT_THE_SAME_RESIDUAL_SCARCITY_HOUR
IT,2019-12-12 22:00:00,IT_AT,AT,IT,-300.0,700.0,300.0,1000.0,0.0,False,True,ALL_12_RETAINED_INTERFACES_AT_THE_SAME_RESIDUAL_SCARCITY_HOUR
IT,2019-12-12 22:00:00,IT_CH,CH,IT,4600.0,4600.0,1900.0,0.0,6500.0,True,False,ALL_12_RETAINED_INTERFACES_AT_THE_SAME_RESIDUAL_SCARCITY_HOUR
IT,2019-12-12 22:00:00,IT_FR,FR,IT,4500.0,4500.0,2200.0,0.0,6700.0,True,False,ALL_12_RETAINED_INTERFACES_AT_THE_SAME_RESIDUAL_SCARCITY_HOUR
IT,2019-12-12 22:00:00,IT_GR,GR,IT,500.0,500.0,500.0,0.0,1000.0,True,False,ALL_12_RETAINED_INTERFACES_AT_THE_SAME_RESIDUAL_SCARCITY_HOUR
IT,2019-12-12 22:00:00,IT_ME,IT,ME,-600.0,600.0,600.0,1200.0,0.0,False,True,ALL_12_RETAINED_INTERFACES_AT_THE_SAME_RESIDUAL_SCARCITY_HOUR
IT,2019-12-12 22:00:00,IT_MT,IT,MT,-200.0,200.0,200.0,400.0,0.0,False,True,ALL_12_RETAINED_INTERFACES_AT_THE_SAME_RESIDUAL_SCARCITY_HOUR
IT,2019-12-12 22:00:00,IT_SI,IT,SI,-1100.0,1200.0,1100.0,2300.0,0.0,False,True,ALL_12_RETAINED_INTERFACES_AT_THE_SAME_RESIDUAL_SCARCITY_HOUR
IT,2019-12-12 22:00:00,IT_TN,IT,TN,-600.0,600.0,600.0,1200.0,0.0,False,True,ALL_12_RETAINED_INTERFACES_AT_THE_SAME_RESIDUAL_SCARCITY_HOUR
IT,2019-12-13 07:00:00,EXT_AT_CH,AT,CH,-1200.0,1200.0,1200.0,2400.0,0.0,False,True,ALL_12_RETAINED_INTERFACES_AT_THE_SAME_RESIDUAL_SCARCITY_HOUR
IT,2019-12-13 07:00:00,EXT_AT_SI,AT,SI,-1450.0,1450.0,1450.0,2900.0,0.0,False,True,ALL_12_RETAINED_INTERFACES_AT_THE_SAME_RESIDUAL_SCARCITY_HOUR
IT,2019-12-13 07:00:00,EXT_CH_FR,CH,FR,-4500.0,2200.0,4500.0,6700.0,0.0,False,True,ALL_12_RETAINED_INTERFACES_AT_THE_SAME_RESIDUAL_SCARCITY_HOUR
IT,2019-12-13 07:00:00,EXT_HR_SI,HR,SI,-417.8943456058869,1500.0,1500.0,1917.8943456058869,1082.1056543941131,False,False,ALL_12_RETAINED_INTERFACES_AT_THE_SAME_RESIDUAL_SCARCITY_HOUR
IT,2019-12-13 07:00:00,IT_AT,AT,IT,-300.0,700.0,300.0,1000.0,0.0,False,True,ALL_12_RETAINED_INTERFACES_AT_THE_SAME_RESIDUAL_SCARCITY_HOUR
IT,2019-12-13 07:00:00,IT_CH,CH,IT,4600.0,4600.0,1900.0,0.0,6500.0,True,False,ALL_12_RETAINED_INTERFACES_AT_THE_SAME_RESIDUAL_SCARCITY_HOUR
IT,2019-12-13 07:00:00,IT_FR,FR,IT,4500.0,4500.0,2200.0,0.0,6700.0,True,False,ALL_12_RETAINED_INTERFACES_AT_THE_SAME_RESIDUAL_SCARCITY_HOUR
IT,2019-12-13 07:00:00,IT_GR,GR,IT,500.0,500.0,500.0,0.0,1000.0,True,False,ALL_12_RETAINED_INTERFACES_AT_THE_SAME_RESIDUAL_SCARCITY_HOUR
IT,2019-12-13 07:00:00,IT_ME,IT,ME,-600.0,600.0,600.0,1200.0,0.0,False,True,ALL_12_RETAINED_INTERFACES_AT_THE_SAME_RESIDUAL_SCARCITY_HOUR
IT,2019-12-13 07:00:00,IT_MT,IT,MT,-200.0,200.0,200.0,400.0,0.0,False,True,ALL_12_RETAINED_INTERFACES_AT_THE_SAME_RESIDUAL_SCARCITY_HOUR
IT,2019-12-13 07:00:00,IT_SI,IT,SI,1200.0,1200.0,1100.0,0.0,2300.0,True,False,ALL_12_RETAINED_INTERFACES_AT_THE_SAME_RESIDUAL_SCARCITY_HOUR
IT,2019-12-13 07:00:00,IT_TN,IT,TN,-600.0,600.0,600.0,1200.0,0.0,False,True,ALL_12_RETAINED_INTERFACES_AT_THE_SAME_RESIDUAL_SCARCITY_HOUR
