snapshot,P2X_CALA,P2X_CNOR,P2X_CSUD,P2X_NORD,P2X_SARD,P2X_SICI,P2X_SUD
2019-01-01 00:00:00,258.301886792452,0.0,998.301886792453,1678.7611874054326,186.163522012579,518.930817610063,702.767295597484
2019-01-01 01:00:00,258.301886792452,702.767295597484,998.301886792453,1933.9071293005009,186.163522012579,518.930817610063,702.767295597484
2019-01-01 02:00:00,258.301886792452,702.767295597484,998.301886792453,2976.204868193391,186.163522012579,518.930817610063,702.767295597484
2019-01-01 03:00:00,258.301886792452,0.0,998.301886792453,3578.182594585716,186.163522012579,518.930817610063,702.767295597484
2019-01-01 04:00:00,258.301886792452,0.0,998.301886792453,3490.0329866472853,186.163522012579,518.930817610063,702.767295597484
2019-01-01 05:00:00,258.301886792452,0.0,998.301886792453,4032.76729559748,186.163522012579,518.930817610063,702.767295597484
2019-01-01 06:00:00,258.301886792452,702.767295597484,998.301886792453,1139.2625161131627,186.163522012579,518.930817610063,702.767295597484
2019-01-01 07:00:00,258.301886792452,702.767295597484,998.301886792453,873.5512012709314,186.163522012579,518.930817610063,702.767295597484
2019-01-01 08:00:00,258.301886792452,702.767295597484,998.301886792453,4032.76729559748,186.163522012579,518.930817610063,702.767295597484
2019-01-01 09:00:00,258.301886792452,702.767295597484,998.301886792453,4032.76729559748,186.163522012579,518.930817610063,702.767295597484
2019-01-01 10:00:00,258.301886792452,702.767295597484,998.301886792453,4032.76729559748,186.163522012579,518.930817610063,702.767295597484
2019-01-01 11:00:00,258.301886792452,702.767295597484,998.301886792453,4032.76729559748,186.163522012579,518.930817610063,702.767295597484
2019-01-01 12:00:00,258.301886792452,702.767295597484,998.301886792453,4032.76729559748,186.163522012579,518.930817610063,702.767295597484
2019-01-01 13:00:00,258.301886792452,702.767295597484,998.301886792453,4032.76729559748,186.163522012579,518.930817610063,702.767295597484
2019-01-01 14:00:00,258.301886792452,702.767295597484,998.301886792453,4032.76729559748,186.163522012579,518.930817610063,702.767295597484
2019-01-01 15:00:00,0.0,0.0,998.301886792453,0.0,0.0,0.0,187.07770096860713
2019-01-01 16:00:00,258.301886792452,0.0,0.0,0.0,0.0,40.40893670094488,0.0
2019-01-01 17:00:00,0.0,0.0,0.0,0.0,0.0,0.0,0.0
2019-01-01 18:00:00,0.0,0.0,0.0,0.0,0.0,0.0,0.0
2019-01-01 19:00:00,0.0,0.0,0.0,0.0,0.0,0.0,0.0
2019-01-01 20:00:00,0.0,0.0,0.0,0.0,0.0,0.0,0.0
2019-01-01 21:00:00,0.0,0.0,0.0,0.0,0.0,0.0,0.0
2019-01-01 22:00:00,0.0,0.0,0.0,0.0,0.0,0.0,0.0
2019-01-01 23:00:00,0.0,702.767295597484,0.0,2639.3597252202662,0.0,0.0,0.0
2019-01-02 00:00:00,0.0,702.767295597484,0.0,4032.76729559748,0.0,0.0,0.0
2019-01-02 01:00:00,0.0,702.767295597484,0.0,4032.76729559748,0.0,0.0,0.0
2019-01-02 02:00:00,0.0,702.767295597484,0.0,4032.76729559748,0.0,0.0,0.0
2019-01-02 03:00:00,0.0,702.767295597484,0.0,4032.76729559748,0.0,0.0,0.0
2019-01-02 04:00:00,0.0,702.767295597484,0.0,3689.5055319789863,0.0,0.0,0.0
2019-01-02 05:00:00,0.0,0.0,0.0,0.0,0.0,0.0,0.0
2019-01-02 06:00:00,0.0,0.0,0.0,0.0,0.0,0.0,0.0
2019-01-02 07:00:00,0.0,0.0,0.0,0.0,0.0,0.0,0.0
2019-01-02 08:00:00,258.301886792452,702.767295597484,998.301886792453,4032.76729559748,0.0,518.930817610063,702.767295597484
2019-01-02 09:00:00,258.301886792452,702.767295597484,998.301886792453,4032.76729559748,0.0,518.930817610063,702.767295597484
2019-01-02 10:00:00,258.301886792452,702.767295597484,998.301886792453,4032.76729559748,0.0,518.930817610063,702.767295597484
2019-01-02 11:00:00,258.301886792452,702.767295597484,998.301886792453,4032.76729559748,0.0,518.930817610063,702.767295597484
2019-01-02 12:00:00,258.301886792452,702.767295597484,998.301886792453,4032.76729559748,0.0,518.930817610063,702.767295597484
2019-01-02 13:00:00,258.301886792452,702.767295597484,998.301886792453,4032.76729559748,0.0,518.930817610063,702.767295597484
2019-01-02 14:00:00,258.301886792452,702.767295597484,998.301886792453,4032.76729559748,0.0,518.930817610063,331.62033411839514
2019-01-02 15:00:00,0.0,0.0,0.0,0.0,0.0,0.0,0.0
2019-01-02 16:00:00,0.0,0.0,0.0,0.0,0.0,0.0,0.0
2019-01-02 17:00:00,230.32404690562845,0.0,0.0,0.0,0.0,8.521196338676873,0.0
2019-01-02 18:00:00,0.0,0.0,0.0,0.0,0.0,0.0,0.0
2019-01-02 19:00:00,0.0,0.0,459.69825496775206,0.0,0.0,0.0,0.0
2019-01-02 20:00:00,258.301886792452,0.0,998.301886792453,0.0,186.163522012579,518.930817610063,702.767295597484
2019-01-02 21:00:00,258.301886792452,0.0,998.301886792453,0.0,186.163522012579,518.930817610063,702.767295597484
2019-01-02 22:00:00,258.301886792452,0.0,998.301886792453,0.0,186.163522012579,518.930817610063,702.767295597484
2019-01-02 23:00:00,258.301886792452,0.0,998.301886792453,0.0,186.163522012579,518.930817610063,702.767295597484
2019-01-03 00:00:00,258.301886792452,32.13732876040194,998.301886792453,0.0,186.163522012579,518.930817610063,702.767295597484
2019-01-03 01:00:00,258.301886792452,702.767295597484,998.301886792453,4032.76729559748,186.163522012579,518.930817610063,702.767295597484
2019-01-03 02:00:00,258.301886792452,702.767295597484,998.301886792453,4032.76729559748,186.163522012579,518.930817610063,702.767295597484
2019-01-03 03:00:00,258.301886792452,702.767295597484,998.301886792453,4032.76729559748,186.163522012579,518.930817610063,702.767295597484
2019-01-03 04:00:00,258.301886792452,0.0,998.301886792453,0.0,186.163522012579,518.930817610063,702.767295597484
2019-01-03 05:00:00,258.301886792452,0.0,998.301886792453,0.0,186.163522012579,518.930817610063,702.767295597484
2019-01-03 06:00:00,258.301886792452,0.0,998.301886792453,0.0,186.163522012579,518.930817610063,702.767295597484
2019-01-03 07:00:00,258.301886792452,0.0,998.301886792453,0.0,186.163522012579,518.930817610063,702.767295597484
2019-01-03 08:00:00,258.301886792452,702.767295597484,998.301886792453,0.0,186.163522012579,518.930817610063,702.767295597484
2019-01-03 09:00:00,258.301886792452,702.767295597484,998.301886792453,4032.76729559748,186.163522012579,518.930817610063,702.767295597484
2019-01-03 10:00:00,258.301886792452,702.767295597484,998.301886792453,4032.76729559748,186.163522012579,518.930817610063,702.767295597484
2019-01-03 11:00:00,258.301886792452,702.767295597484,998.301886792453,4032.76729559748,186.163522012579,518.930817610063,702.767295597484
2019-01-03 12:00:00,258.301886792452,702.767295597484,998.301886792453,4032.76729559748,186.163522012579,518.930817610063,702.767295597484
2019-01-03 13:00:00,258.301886792452,702.767295597484,998.301886792453,4032.76729559748,186.163522012579,518.930817610063,702.767295597484
2019-01-03 14:00:00,258.301886792452,702.767295597484,998.301886792453,4032.76729559748,186.163522012579,518.930817610063,702.767295597484
2019-01-03 15:00:00,258.301886792452,0.0,998.301886792453,0.0,186.163522012579,518.930817610063,702.767295597484
2019-01-03 16:00:00,258.301886792452,0.0,998.301886792453,0.0,186.163522012579,518.930817610063,702.767295597484
2019-01-03 17:00:00,258.301886792452,0.0,998.301886792453,0.0,186.163522012579,518.930817610063,702.767295597484
2019-01-03 18:00:00,258.301886792452,0.0,998.301886792453,0.0,186.163522012579,518.930817610063,702.767295597484
2019-01-03 19:00:00,258.301886792452,0.0,998.301886792453,0.0,186.163522012579,518.930817610063,702.767295597484
2019-01-03 20:00:00,258.301886792452,0.0,998.301886792453,0.0,186.163522012579,518.930817610063,702.767295597484
2019-01-03 21:00:00,258.301886792452,0.0,998.301886792453,0.0,186.163522012579,518.930817610063,702.767295597484
2019-01-03 22:00:00,258.301886792452,702.767295597484,998.301886792453,0.0,186.163522012579,518.930817610063,702.767295597484
2019-01-03 23:00:00,258.301886792452,0.0,998.301886792453,0.0,186.163522012579,518.930817610063,702.767295597484
2019-01-04 00:00:00,258.301886792452,0.0,998.301886792453,0.0,186.163522012579,518.930817610063,702.767295597484
2019-01-04 01:00:00,258.301886792452,0.0,998.301886792453,0.0,186.163522012579,518.930817610063,702.767295597484
2019-01-04 02:00:00,258.301886792452,0.0,998.301886792453,0.0,186.163522012579,518.930817610063,702.767295597484
2019-01-04 03:00:00,258.301886792452,0.0,998.301886792453,0.0,186.163522012579,518.930817610063,702.767295597484
2019-01-04 04:00:00,258.301886792452,0.0,998.301886792453,0.0,186.163522012579,518.930817610063,702.767295597484
2019-01-04 05:00:00,258.301886792452,702.767295597484,998.301886792453,0.0,186.163522012579,518.930817610063,702.767295597484
2019-01-04 06:00:00,258.301886792452,0.0,998.301886792453,0.0,186.163522012579,518.930817610063,702.767295597484
2019-01-04 07:00:00,258.301886792452,0.0,998.301886792453,0.0,186.163522012579,518.930817610063,702.767295597484
2019-01-04 08:00:00,258.301886792452,0.0,998.301886792453,0.0,186.163522012579,518.930817610063,702.767295597484
2019-01-04 09:00:00,258.301886792452,702.767295597484,998.301886792453,4032.76729559748,186.163522012579,518.930817610063,702.767295597484
2019-01-04 10:00:00,258.301886792452,702.767295597484,998.301886792453,4032.76729559748,186.163522012579,518.930817610063,702.767295597484
2019-01-04 11:00:00,258.301886792452,702.767295597484,998.301886792453,4032.76729559748,186.163522012579,518.930817610063,702.767295597484
2019-01-04 12:00:00,258.301886792452,702.767295597484,998.301886792453,4032.76729559748,186.163522012579,518.930817610063,702.767295597484
2019-01-04 13:00:00,258.301886792452,702.767295597484,998.301886792453,4032.76729559748,186.163522012579,518.930817610063,702.767295597484
2019-01-04 14:00:00,258.301886792452,0.0,998.301886792453,0.0,186.163522012579,518.930817610063,702.767295597484
2019-01-04 15:00:00,258.301886792452,0.0,0.0,0.0,0.0,0.0,0.0
2019-01-04 16:00:00,0.0,0.0,0.0,0.0,0.0,0.0,0.0
2019-01-04 17:00:00,0.0,0.0,0.0,0.0,0.0,0.0,0.0
2019-01-04 18:00:00,0.0,0.0,0.0,0.0,0.0,0.0,0.0
2019-01-04 19:00:00,0.0,0.0,0.0,0.0,0.0,0.0,0.0
2019-01-04 20:00:00,0.0,0.0,0.0,0.0,0.0,0.0,0.0
2019-01-04 21:00:00,0.0,0.0,0.0,0.0,0.0,0.0,0.0
2019-01-04 22:00:00,0.0,0.0,0.0,0.0,0.0,0.0,0.0
2019-01-04 23:00:00,0.0,0.0,0.0,0.0,0.0,0.0,0.0
2019-01-05 00:00:00,0.0,0.0,0.0,0.0,0.0,0.0,0.0
2019-01-05 01:00:00,0.0,0.0,0.0,0.0,0.0,0.0,0.0
2019-01-05 02:00:00,0.0,0.0,0.0,0.0,0.0,0.0,0.0
2019-01-05 03:00:00,0.0,0.0,0.0,0.0,0.0,0.0,0.0
2019-01-05 04:00:00,0.0,0.0,0.0,0.0,0.0,0.0,0.0
2019-01-05 05:00:00,0.0,0.0,0.0,0.0,0.0,0.0,0.0
2019-01-05 06:00:00,0.0,0.0,0.0,0.0,0.0,0.0,0.0
2019-01-05 07:00:00,258.301886792452,0.0,0.0,0.0,0.0,162.29582836542113,702.767295597484
2019-01-05 08:00:00,258.301886792452,567.3167801274521,998.301886792453,0.0,0.0,518.930817610063,702.767295597484
2019-01-05 09:00:00,258.301886792452,702.767295597484,998.301886792453,4032.76729559748,0.0,518.930817610063,702.767295597484
2019-01-05 10:00:00,258.301886792452,702.767295597484,998.301886792453,4032.76729559748,0.0,518.930817610063,702.767295597484
2019-01-05 11:00:00,258.301886792452,702.767295597484,998.301886792453,4032.76729559748,186.163522012579,518.930817610063,702.767295597484
2019-01-05 12:00:00,258.301886792452,702.767295597484,998.301886792453,4032.76729559748,186.163522012579,518.930817610063,702.767295597484
2019-01-05 13:00:00,258.301886792452,702.767295597484,998.301886792453,4032.76729559748,0.0,518.930817610063,702.767295597484
2019-01-05 14:00:00,258.301886792452,0.0,998.301886792453,0.0,0.0,518.930817610063,702.767295597484
2019-01-05 15:00:00,0.0,0.0,0.0,0.0,0.0,0.0,0.0
2019-01-05 16:00:00,0.0,0.0,0.0,0.0,0.0,0.0,0.0
2019-01-05 17:00:00,0.0,0.0,0.0,0.0,0.0,0.0,0.0
2019-01-05 18:00:00,0.0,0.0,0.0,0.0,0.0,0.0,0.0
2019-01-05 19:00:00,0.0,0.0,0.0,0.0,0.0,0.0,0.0
2019-01-05 20:00:00,0.0,702.767295597484,0.0,0.0,0.0,0.0,0.0
2019-01-05 21:00:00,0.0,0.0,0.0,0.0,0.0,0.0,0.0
2019-01-05 22:00:00,0.0,702.767295597484,0.0,0.0,0.0,0.0,0.0
2019-01-05 23:00:00,0.0,0.0,0.0,0.0,0.0,0.0,0.0
2019-01-06 00:00:00,0.0,0.0,0.0,0.0,0.0,0.0,0.0
2019-01-06 01:00:00,0.0,0.0,0.0,0.0,0.0,0.0,0.0
2019-01-06 02:00:00,0.0,0.0,0.0,0.0,0.0,0.0,0.0
2019-01-06 03:00:00,0.0,0.0,0.0,0.0,0.0,0.0,0.0
2019-01-06 04:00:00,0.0,0.0,0.0,0.0,0.0,0.0,0.0
2019-01-06 05:00:00,0.0,0.0,0.0,0.0,0.0,0.0,0.0
2019-01-06 06:00:00,0.0,0.0,0.0,0.0,0.0,0.0,0.0
2019-01-06 07:00:00,0.0,0.0,0.0,0.0,0.0,0.0,0.0
2019-01-06 08:00:00,258.301886792452,702.767295597484,998.301886792453,4032.76729559748,0.0,518.930817610063,702.767295597484
2019-01-06 09:00:00,258.301886792452,702.767295597484,998.301886792453,4032.76729559748,0.0,518.930817610063,702.767295597484
2019-01-06 10:00:00,258.301886792452,702.767295597484,998.301886792453,4032.76729559748,186.163522012579,518.930817610063,702.767295597484
2019-01-06 11:00:00,258.301886792452,702.767295597484,998.301886792453,4032.76729559748,186.163522012579,518.930817610063,702.767295597484
2019-01-06 12:00:00,258.301886792452,702.767295597484,998.301886792453,4032.76729559748,186.163522012579,518.930817610063,702.767295597484
2019-01-06 13:00:00,258.301886792452,702.767295597484,998.301886792453,4032.76729559748,0.0,518.930817610063,702.767295597484
2019-01-06 14:00:00,258.301886792452,702.767295597484,998.301886792453,4032.76729559748,0.0,518.930817610063,702.767295597484
2019-01-06 15:00:00,0.0,0.0,0.0,0.0,0.0,0.0,0.0
2019-01-06 16:00:00,0.0,0.0,0.0,0.0,0.0,0.0,0.0
2019-01-06 17:00:00,0.0,0.0,0.0,0.0,0.0,0.0,0.0
2019-01-06 18:00:00,0.0,0.0,0.0,0.0,0.0,0.0,0.0
2019-01-06 19:00:00,0.0,0.0,0.0,0.0,0.0,0.0,0.0
2019-01-06 20:00:00,0.0,0.0,0.0,0.0,0.0,0.0,0.0
2019-01-06 21:00:00,0.0,0.0,0.0,0.0,0.0,0.0,0.0
2019-01-06 22:00:00,0.0,0.0,0.0,0.0,0.0,0.0,0.0
2019-01-06 23:00:00,0.0,0.0,0.0,0.0,0.0,0.0,0.0
2019-01-07 00:00:00,0.0,317.0449694667723,0.0,0.0,0.0,0.0,0.0
2019-01-07 01:00:00,0.0,0.0,0.0,1884.5396249904124,0.0,0.0,0.0
2019-01-07 02:00:00,0.0,0.0,0.0,0.0,0.0,0.0,0.0
2019-01-07 03:00:00,0.0,0.0,0.0,1184.1188967637831,0.0,0.0,0.0
2019-01-07 04:00:00,0.0,0.0,0.0,0.0,0.0,0.0,0.0
2019-01-07 05:00:00,0.0,0.0,0.0,0.0,0.0,0.0,0.0
2019-01-07 06:00:00,0.0,0.0,0.0,0.0,0.0,0.0,0.0
2019-01-07 07:00:00,0.0,0.0,0.0,0.0,0.0,0.0,0.0
2019-01-07 08:00:00,258.301886792452,0.0,998.301886792453,0.0,0.0,518.930817610063,702.767295597484
2019-01-07 09:00:00,258.301886792452,702.767295597484,998.301886792453,1667.6522676149693,0.0,518.930817610063,702.767295597484
2019-01-07 10:00:00,258.301886792452,702.767295597484,998.301886792453,4032.76729559748,0.0,518.930817610063,702.767295597484
2019-01-07 11:00:00,258.301886792452,702.767295597484,998.301886792453,4032.76729559748,186.163522012579,518.930817610063,702.767295597484
2019-01-07 12:00:00,258.301886792452,702.767295597484,998.301886792453,4032.76729559748,0.0,518.930817610063,702.767295597484
2019-01-07 13:00:00,258.301886792452,702.767295597484,998.301886792453,0.0,0.0,518.930817610063,702.767295597484
2019-01-07 14:00:00,258.301886792452,0.0,976.8007264351207,0.0,0.0,518.930817610063,702.767295597484
2019-01-07 15:00:00,0.0,0.0,0.0,0.0,0.0,0.0,0.0
2019-01-07 16:00:00,0.0,0.0,0.0,0.0,0.0,0.0,0.0
2019-01-07 17:00:00,0.0,0.0,0.0,0.0,0.0,0.0,0.0
2019-01-07 18:00:00,0.0,0.0,0.0,0.0,0.0,0.0,0.0
2019-01-07 19:00:00,0.0,0.0,0.0,0.0,0.0,0.0,0.0
2019-01-07 20:00:00,0.0,0.0,0.0,0.0,0.0,0.0,0.0
2019-01-07 21:00:00,0.0,0.0,0.0,0.0,0.0,0.0,0.0
2019-01-07 22:00:00,0.0,0.0,0.0,0.0,0.0,0.0,0.0
2019-01-07 23:00:00,0.0,0.0,0.0,0.0,0.0,0.0,0.0
2019-01-08 00:00:00,0.0,0.0,0.0,0.0,0.0,0.0,0.0
2019-01-08 01:00:00,0.0,0.0,0.0,0.0,0.0,0.0,0.0
2019-01-08 02:00:00,0.0,0.0,0.0,0.0,0.0,0.0,0.0
2019-01-08 03:00:00,0.0,0.0,0.0,0.0,0.0,0.0,0.0
2019-01-08 04:00:00,0.0,0.0,0.0,0.0,0.0,0.0,0.0
2019-01-08 05:00:00,0.0,0.0,0.0,0.0,0.0,0.0,0.0
2019-01-08 06:00:00,0.0,0.0,0.0,0.0,0.0,0.0,0.0
2019-01-08 07:00:00,0.0,0.0,0.0,0.0,0.0,0.0,0.0
2019-01-08 08:00:00,0.0,0.0,0.0,0.0,0.0,0.0,0.0
2019-01-08 09:00:00,258.301886792452,0.0,998.301886792453,0.0,0.0,518.930817610063,0.0
2019-01-08 10:00:00,258.301886792452,0.0,998.301886792453,0.0,0.0,0.0,0.0
2019-01-08 11:00:00,0.0,0.0,690.7156626558708,0.0,0.0,518.930817610063,0.0
2019-01-08 12:00:00,0.0,0.0,0.0,1245.44010549008,0.0,0.0,0.0
2019-01-08 13:00:00,0.0,0.0,0.0,0.0,0.0,0.0,0.0
2019-01-08 14:00:00,0.0,0.0,0.0,0.0,0.0,0.0,0.0
2019-01-08 15:00:00,0.0,0.0,0.0,0.0,0.0,0.0,0.0
2019-01-08 16:00:00,0.0,0.0,0.0,0.0,0.0,0.0,0.0
2019-01-08 17:00:00,0.0,0.0,0.0,0.0,0.0,0.0,0.0
2019-01-08 18:00:00,0.0,0.0,0.0,0.0,0.0,0.0,0.0
2019-01-08 19:00:00,0.0,0.0,0.0,0.0,0.0,0.0,0.0
2019-01-08 20:00:00,0.0,0.0,0.0,0.0,0.0,0.0,0.0
2019-01-08 21:00:00,0.0,0.0,0.0,0.0,0.0,0.0,0.0
2019-01-08 22:00:00,0.0,0.0,0.0,0.0,0.0,0.0,0.0
2019-01-08 23:00:00,0.0,702.767295597484,0.0,2517.307852502563,0.0,518.930817610063,0.0
2019-01-09 00:00:00,0.0,702.767295597484,0.0,4032.76729559748,0.0,518.930817610063,0.0
2019-01-09 01:00:00,0.0,702.767295597484,0.0,4032.76729559748,0.0,0.0,0.0
2019-01-09 02:00:00,0.0,702.767295597484,0.0,4032.76729559748,0.0,0.0,0.0
2019-01-09 03:00:00,0.0,0.0,0.0,4032.76729559748,0.0,518.930817610063,0.0
2019-01-09 04:00:00,0.0,0.0,0.0,4032.76729559748,0.0,518.930817610063,0.0
2019-01-09 05:00:00,0.0,0.0,0.0,0.0,0.0,0.0,0.0
2019-01-09 06:00:00,0.0,0.0,0.0,0.0,0.0,0.0,0.0
2019-01-09 07:00:00,0.0,0.0,0.0,0.0,0.0,0.0,0.0
2019-01-09 08:00:00,0.0,0.0,0.0,0.0,0.0,518.930817610063,0.0
2019-01-09 09:00:00,0.0,258.1684565555024,0.0,4032.76729559748,0.0,518.930817610063,0.0
2019-01-09 10:00:00,153.35227595109313,702.767295597484,0.0,4032.76729559748,0.0,518.930817610063,0.0
2019-01-09 11:00:00,94.35090483035378,702.767295597484,0.0,4032.76729559748,0.0,0.0,0.0
2019-01-09 12:00:00,0.0,702.767295597484,0.0,4032.76729559748,0.0,518.930817610063,0.0
2019-01-09 13:00:00,0.0,0.0,0.0,3304.563600785565,0.0,518.930817610063,0.0
2019-01-09 14:00:00,0.0,0.0,0.0,0.0,0.0,0.0,0.0
2019-01-09 15:00:00,0.0,0.0,0.0,0.0,0.0,0.0,0.0
2019-01-09 16:00:00,0.0,0.0,0.0,0.0,0.0,0.0,0.0
2019-01-09 17:00:00,0.0,0.0,0.0,0.0,0.0,0.0,0.0
2019-01-09 18:00:00,0.0,0.0,0.0,0.0,0.0,0.0,0.0
2019-01-09 19:00:00,0.0,0.0,0.0,0.0,0.0,0.0,0.0
2019-01-09 20:00:00,0.0,0.0,0.0,0.0,0.0,0.0,0.0
2019-01-09 21:00:00,0.0,0.0,0.0,0.0,0.0,0.0,0.0
2019-01-09 22:00:00,0.0,0.0,0.0,0.0,0.0,0.0,0.0
2019-01-09 23:00:00,0.0,0.0,0.0,0.0,0.0,256.36588345048074,0.0
2019-01-10 00:00:00,0.0,702.767295597484,0.0,0.0,0.0,0.0,0.0
2019-01-10 01:00:00,0.0,333.9835061612007,0.0,4032.76729559748,0.0,0.0,0.0
2019-01-10 02:00:00,0.0,0.0,0.0,4032.76729559748,0.0,0.0,0.0
2019-01-10 03:00:00,0.0,405.25204540966104,0.0,4032.76729559748,0.0,0.0,0.0
2019-01-10 04:00:00,0.0,66.72478135284118,0.0,0.0,0.0,0.0,0.0
2019-01-10 05:00:00,0.0,0.0,0.0,0.0,0.0,0.0,0.0
2019-01-10 06:00:00,0.0,0.0,0.0,0.0,0.0,0.0,0.0
2019-01-10 07:00:00,0.0,0.0,0.0,0.0,0.0,0.0,0.0
2019-01-10 08:00:00,0.0,0.0,0.0,0.0,0.0,0.0,0.0
2019-01-10 09:00:00,0.0,702.767295597484,0.0,4032.76729559748,0.0,0.0,0.0
2019-01-10 10:00:00,0.0,702.767295597484,0.0,4032.76729559748,0.0,0.0,0.0
2019-01-10 11:00:00,0.0,702.767295597484,0.0,4032.76729559748,0.0,0.0,0.0
2019-01-10 12:00:00,0.0,702.767295597484,0.0,4032.76729559748,0.0,0.0,0.0
2019-01-10 13:00:00,0.0,702.767295597484,0.0,3535.3974581607818,0.0,0.0,0.0
2019-01-10 14:00:00,0.0,0.0,0.0,0.0,0.0,0.0,0.0
2019-01-10 15:00:00,0.0,0.0,0.0,0.0,0.0,0.0,0.0
2019-01-10 16:00:00,0.0,0.0,0.0,0.0,0.0,0.0,0.0
2019-01-10 17:00:00,0.0,0.0,0.0,0.0,0.0,0.0,0.0
2019-01-10 18:00:00,0.0,0.0,0.0,0.0,0.0,0.0,0.0
2019-01-10 19:00:00,0.0,0.0,0.0,0.0,0.0,0.0,0.0
2019-01-10 20:00:00,0.0,0.0,0.0,0.0,0.0,0.0,0.0
2019-01-10 21:00:00,0.0,0.0,0.0,0.0,0.0,0.0,0.0
2019-01-10 22:00:00,0.0,0.0,0.0,0.0,0.0,0.0,0.0
2019-01-10 23:00:00,0.0,0.0,0.0,0.0,0.0,0.0,0.0
2019-01-11 00:00:00,0.0,0.0,0.0,0.0,0.0,0.0,0.0
2019-01-11 01:00:00,0.0,0.0,0.0,0.0,0.0,0.0,0.0
2019-01-11 02:00:00,0.0,0.0,0.0,0.0,0.0,0.0,0.0
2019-01-11 03:00:00,0.0,0.0,0.0,0.0,0.0,0.0,0.0
2019-01-11 04:00:00,0.0,0.0,0.0,0.0,0.0,0.0,0.0
2019-01-11 05:00:00,0.0,0.0,0.0,0.0,0.0,0.0,0.0
2019-01-11 06:00:00,0.0,0.0,0.0,0.0,0.0,0.0,0.0
2019-01-11 07:00:00,0.0,0.0,0.0,0.0,0.0,0.0,0.0
2019-01-11 08:00:00,0.0,0.0,0.0,0.0,0.0,0.0,0.0
2019-01-11 09:00:00,0.0,702.767295597484,0.0,4032.76729559748,0.0,0.0,0.0
2019-01-11 10:00:00,0.0,702.767295597484,0.0,4032.76729559748,0.0,0.0,0.0
2019-01-11 11:00:00,0.0,702.767295597484,0.0,4032.76729559748,0.0,0.0,0.0
2019-01-11 12:00:00,0.0,702.767295597484,0.0,4032.76729559748,0.0,0.0,0.0
2019-01-11 13:00:00,0.0,702.767295597484,0.0,4032.76729559748,0.0,0.0,0.0
2019-01-11 14:00:00,0.0,0.0,0.0,0.0,0.0,0.0,0.0
2019-01-11 15:00:00,0.0,0.0,0.0,0.0,0.0,0.0,0.0
2019-01-11 16:00:00,0.0,0.0,0.0,0.0,0.0,0.0,0.0
2019-01-11 17:00:00,0.0,0.0,0.0,0.0,0.0,0.0,0.0
2019-01-11 18:00:00,0.0,0.0,0.0,0.0,0.0,0.0,0.0
2019-01-11 19:00:00,0.0,0.0,0.0,0.0,0.0,0.0,0.0
2019-01-11 20:00:00,0.0,0.0,0.0,0.0,0.0,0.0,0.0
2019-01-11 21:00:00,0.0,0.0,0.0,0.0,0.0,0.0,0.0
2019-01-11 22:00:00,0.0,0.0,0.0,0.0,0.0,0.0,0.0
2019-01-11 23:00:00,0.0,0.0,0.0,0.0,0.0,0.0,0.0
2019-01-12 00:00:00,0.0,0.0,0.0,0.0,0.0,0.0,0.0
2019-01-12 01:00:00,0.0,0.0,0.0,0.0,0.0,0.0,0.0
2019-01-12 02:00:00,0.0,0.0,0.0,0.0,0.0,0.0,0.0
2019-01-12 03:00:00,0.0,0.0,0.0,0.0,0.0,0.0,0.0
2019-01-12 04:00:00,0.0,0.0,0.0,0.0,0.0,0.0,0.0
2019-01-12 05:00:00,0.0,0.0,0.0,0.0,0.0,0.0,0.0
2019-01-12 06:00:00,0.0,0.0,0.0,0.0,0.0,0.0,0.0
2019-01-12 07:00:00,258.301886792452,0.0,24.410662797924942,0.0,0.0,518.930817610063,702.767295597484
2019-01-12 08:00:00,258.301886792452,702.767295597484,998.301886792453,0.0,186.163522012579,518.930817610063,702.767295597484
2019-01-12 09:00:00,258.301886792452,702.767295597484,998.301886792453,4032.76729559748,186.163522012579,518.930817610063,702.767295597484
2019-01-12 10:00:00,258.301886792452,702.767295597484,998.301886792453,4032.76729559748,186.163522012579,518.930817610063,702.767295597484
2019-01-12 11:00:00,258.301886792452,702.767295597484,998.301886792453,4032.76729559748,186.163522012579,518.930817610063,702.767295597484
2019-01-12 12:00:00,258.301886792452,702.767295597484,998.301886792453,4032.76729559748,186.163522012579,518.930817610063,702.767295597484
2019-01-12 13:00:00,258.301886792452,702.767295597484,998.301886792453,4032.76729559748,186.163522012579,518.930817610063,702.767295597484
2019-01-12 14:00:00,258.301886792452,702.767295597484,998.301886792453,4032.76729559748,186.163522012579,518.930817610063,702.767295597484
2019-01-12 15:00:00,258.301886792452,470.80474477665166,616.578713096445,4032.76729559748,186.163522012579,518.930817610063,702.767295597484
2019-01-12 16:00:00,258.301886792452,0.0,0.0,0.0,186.163522012579,518.930817610063,702.767295597484
2019-01-12 17:00:00,258.301886792452,0.0,0.0,0.0,186.163522012579,0.0,0.0
2019-01-12 18:00:00,0.0,0.0,0.0,0.0,186.163522012579,0.0,0.0
2019-01-12 19:00:00,0.0,0.0,0.0,0.0,186.163522012579,0.0,0.0
2019-01-12 20:00:00,0.0,0.0,0.0,0.0,186.163522012579,0.0,0.0
2019-01-12 21:00:00,0.0,0.0,0.0,0.0,186.163522012579,0.0,0.0
2019-01-12 22:00:00,0.0,0.0,0.0,0.0,186.163522012579,0.0,0.0
2019-01-12 23:00:00,0.0,702.767295597484,0.0,235.61017733136185,186.163522012579,0.0,0.0
2019-01-13 00:00:00,0.0,0.0,0.0,1844.1475230692395,186.163522012579,0.0,0.0
2019-01-13 01:00:00,0.0,0.0,0.0,0.0,186.163522012579,0.0,0.0
2019-01-13 02:00:00,0.0,702.767295597484,0.0,2673.408288413327,186.163522012579,0.0,0.0
2019-01-13 03:00:00,0.0,0.0,0.0,189.6120422195192,186.163522012579,0.0,0.0
2019-01-13 04:00:00,0.0,0.0,0.0,0.0,186.163522012579,0.0,0.0
2019-01-13 05:00:00,0.0,0.0,0.0,0.0,186.163522012579,0.0,0.0
2019-01-13 06:00:00,0.0,0.0,0.0,0.0,186.163522012579,0.0,0.0
2019-01-13 07:00:00,0.0,0.0,0.0,0.0,186.163522012579,0.0,0.0
2019-01-13 08:00:00,258.301886792452,702.767295597484,998.301886792453,4032.76729559748,186.163522012579,518.930817610063,702.767295597484
2019-01-13 09:00:00,258.301886792452,702.767295597484,998.301886792453,4032.76729559748,186.163522012579,518.930817610063,702.767295597484
2019-01-13 10:00:00,258.301886792452,702.767295597484,998.301886792453,4032.76729559748,186.163522012579,518.930817610063,702.767295597484
2019-01-13 11:00:00,258.301886792452,702.767295597484,998.301886792453,4032.76729559748,186.163522012579,518.930817610063,702.767295597484
2019-01-13 12:00:00,258.301886792452,702.767295597484,998.301886792453,4032.76729559748,186.163522012579,518.930817610063,702.767295597484
2019-01-13 13:00:00,258.301886792452,702.767295597484,998.301886792453,4032.76729559748,186.163522012579,518.930817610063,702.767295597484
2019-01-13 14:00:00,0.0,702.767295597484,0.0,2819.8680082746896,186.163522012579,518.930817610063,0.0
2019-01-13 15:00:00,0.0,0.0,0.0,0.0,186.163522012579,109.30863116495493,0.0
2019-01-13 16:00:00,0.0,0.0,0.0,0.0,186.163522012579,0.0,0.0
2019-01-13 17:00:00,0.0,0.0,0.0,0.0,186.163522012579,0.0,0.0
2019-01-13 18:00:00,0.0,0.0,0.0,0.0,186.163522012579,0.0,0.0
2019-01-13 19:00:00,0.0,0.0,0.0,0.0,186.163522012579,0.0,0.0
2019-01-13 20:00:00,0.0,0.0,0.0,0.0,186.163522012579,0.0,0.0
2019-01-13 21:00:00,0.0,0.0,0.0,0.0,186.163522012579,0.0,0.0
2019-01-13 22:00:00,0.0,702.767295597484,0.0,0.0,186.163522012579,0.0,0.0
2019-01-13 23:00:00,0.0,0.0,0.0,0.0,186.163522012579,0.0,0.0
2019-01-14 00:00:00,0.0,0.0,0.0,0.0,186.163522012579,0.0,0.0
2019-01-14 01:00:00,0.0,702.767295597484,0.0,1793.894951229387,186.163522012579,0.0,0.0
2019-01-14 02:00:00,0.0,702.767295597484,0.0,2092.277883429008,186.163522012579,0.0,0.0
2019-01-14 03:00:00,0.0,0.0,0.0,0.0,186.163522012579,0.0,0.0
2019-01-14 04:00:00,0.0,0.0,0.0,0.0,186.163522012579,0.0,0.0
2019-01-14 05:00:00,0.0,0.0,0.0,0.0,186.163522012579,0.0,0.0
2019-01-14 06:00:00,0.0,0.0,0.0,0.0,186.163522012579,0.0,0.0
2019-01-14 07:00:00,0.0,0.0,0.0,0.0,186.163522012579,518.930817610063,0.0
2019-01-14 08:00:00,0.0,0.0,0.0,0.0,186.163522012579,518.930817610063,0.0
2019-01-14 09:00:00,0.0,118.94906189530957,0.0,1289.4465641599118,186.163522012579,518.930817610063,0.0
2019-01-14 10:00:00,0.0,702.767295597484,0.0,4032.76729559748,186.163522012579,518.930817610063,0.0
2019-01-14 11:00:00,258.301886792452,702.767295597484,998.301886792453,4032.76729559748,186.163522012579,518.930817610063,702.767295597484
2019-01-14 12:00:00,258.301886792452,702.767295597484,998.301886792453,4032.76729559748,186.163522012579,518.930817610063,702.767295597484
2019-01-14 13:00:00,0.0,702.767295597484,0.0,4032.76729559748,186.163522012579,518.930817610063,0.0
2019-01-14 14:00:00,0.0,0.0,0.0,0.0,186.163522012579,518.930817610063,0.0
2019-01-14 15:00:00,0.0,0.0,0.0,0.0,186.163522012579,277.6099866814884,0.0
2019-01-14 16:00:00,0.0,0.0,0.0,0.0,0.0,0.0,0.0
2019-01-14 17:00:00,0.0,0.0,0.0,0.0,0.0,0.0,0.0
2019-01-14 18:00:00,0.0,0.0,0.0,0.0,0.0,0.0,0.0
2019-01-14 19:00:00,0.0,0.0,0.0,0.0,0.0,0.0,0.0
2019-01-14 20:00:00,0.0,0.0,0.0,0.0,0.0,0.0,0.0
2019-01-14 21:00:00,0.0,0.0,0.0,0.0,0.0,0.0,0.0
2019-01-14 22:00:00,218.23123049337732,0.0,0.0,0.0,0.0,0.0,0.0
2019-01-14 23:00:00,0.0,0.0,0.0,0.0,0.0,0.0,0.0
2019-01-15 00:00:00,0.0,0.0,998.301886792453,0.0,0.0,0.0,662.5034684773491
2019-01-15 01:00:00,258.301886792452,0.0,998.301886792453,0.0,0.0,518.930817610063,702.767295597484
2019-01-15 02:00:00,258.301886792452,0.0,998.301886792453,0.0,0.0,518.930817610063,702.767295597484
2019-01-15 03:00:00,258.301886792452,0.0,998.301886792453,0.0,0.0,518.930817610063,702.767295597484
2019-01-15 04:00:00,258.301886792452,0.0,998.301886792453,0.0,0.0,518.930817610063,702.767295597484
2019-01-15 05:00:00,258.301886792452,0.0,998.301886792453,0.0,0.0,518.930817610063,702.767295597484
2019-01-15 06:00:00,258.301886792452,0.0,0.0,0.0,0.0,0.0,0.0
2019-01-15 07:00:00,258.301886792452,0.0,0.0,0.0,0.0,518.930817610063,702.767295597484
2019-01-15 08:00:00,258.301886792452,0.0,998.301886792453,0.0,133.56963389874954,518.930817610063,702.767295597484
2019-01-15 09:00:00,258.301886792452,702.767295597484,998.301886792453,4032.76729559748,186.163522012579,518.930817610063,702.767295597484
2019-01-15 10:00:00,258.301886792452,702.767295597484,998.301886792453,4032.76729559748,186.163522012579,518.930817610063,702.767295597484
2019-01-15 11:00:00,258.301886792452,702.767295597484,998.301886792453,4032.76729559748,186.163522012579,518.930817610063,702.767295597484
2019-01-15 12:00:00,258.301886792452,702.767295597484,998.301886792453,4032.76729559748,186.163522012579,518.930817610063,702.767295597484
2019-01-15 13:00:00,258.301886792452,702.767295597484,998.301886792453,4032.76729559748,186.163522012579,518.930817610063,702.767295597484
2019-01-15 14:00:00,258.301886792452,702.767295597484,998.301886792453,4032.76729559748,0.0,518.930817610063,702.767295597484
2019-01-15 15:00:00,0.0,0.0,0.0,0.0,0.0,0.0,0.0
2019-01-15 16:00:00,0.0,0.0,0.0,0.0,0.0,0.0,0.0
2019-01-15 17:00:00,0.0,0.0,0.0,0.0,0.0,0.0,0.0
2019-01-15 18:00:00,0.0,0.0,0.0,0.0,0.0,0.0,0.0
2019-01-15 19:00:00,0.0,0.0,0.0,0.0,0.0,0.0,0.0
2019-01-15 20:00:00,0.0,0.0,0.0,0.0,0.0,0.0,0.0
2019-01-15 21:00:00,0.0,0.0,0.0,0.0,0.0,0.0,0.0
2019-01-15 22:00:00,0.0,0.0,0.0,0.0,0.0,0.0,0.0
2019-01-15 23:00:00,0.0,0.0,0.0,0.0,0.0,0.0,0.0
2019-01-16 00:00:00,0.0,0.0,0.0,0.0,0.0,0.0,0.0
2019-01-16 01:00:00,0.0,0.0,0.0,0.0,0.0,0.0,0.0
2019-01-16 02:00:00,0.0,0.0,0.0,0.0,0.0,0.0,0.0
2019-01-16 03:00:00,0.0,0.0,0.0,0.0,0.0,0.0,0.0
2019-01-16 04:00:00,0.0,0.0,0.0,0.0,0.0,0.0,0.0
2019-01-16 05:00:00,0.0,0.0,0.0,0.0,0.0,0.0,0.0
2019-01-16 06:00:00,0.0,0.0,0.0,0.0,0.0,0.0,0.0
2019-01-16 07:00:00,0.0,0.0,0.0,0.0,0.0,0.0,0.0
2019-01-16 08:00:00,258.301886792452,0.0,998.301886792453,0.0,0.0,518.930817610063,702.767295597484
2019-01-16 09:00:00,258.301886792452,702.767295597484,998.301886792453,4032.76729559748,0.0,518.930817610063,702.767295597484
2019-01-16 10:00:00,258.301886792452,702.767295597484,998.301886792453,4032.76729559748,0.0,518.930817610063,702.767295597484
2019-01-16 11:00:00,258.301886792452,702.767295597484,998.301886792453,4032.76729559748,0.0,518.930817610063,702.767295597484
2019-01-16 12:00:00,258.301886792452,702.767295597484,998.301886792453,4032.76729559748,0.0,518.930817610063,702.767295597484
2019-01-16 13:00:00,258.301886792452,702.767295597484,998.301886792453,4032.76729559748,0.0,518.930817610063,702.767295597484
2019-01-16 14:00:00,0.0,0.0,0.0,1295.3666522285769,0.0,0.0,0.0
2019-01-16 15:00:00,0.0,0.0,0.0,0.0,0.0,0.0,0.0
2019-01-16 16:00:00,0.0,0.0,0.0,0.0,0.0,0.0,0.0
2019-01-16 17:00:00,0.0,0.0,0.0,0.0,0.0,0.0,0.0
2019-01-16 18:00:00,0.0,0.0,0.0,0.0,0.0,0.0,0.0
2019-01-16 19:00:00,0.0,0.0,0.0,0.0,0.0,0.0,0.0
2019-01-16 20:00:00,0.0,0.0,0.0,0.0,0.0,0.0,0.0
2019-01-16 21:00:00,0.0,0.0,0.0,0.0,0.0,0.0,0.0
2019-01-16 22:00:00,0.0,0.0,0.0,0.0,0.0,0.0,0.0
2019-01-16 23:00:00,0.0,0.0,0.0,0.0,0.0,0.0,0.0
2019-01-17 00:00:00,0.0,636.9668383977541,0.0,0.0,0.0,0.0,0.0
2019-01-17 01:00:00,0.0,0.0,0.0,0.0,0.0,0.0,0.0
2019-01-17 02:00:00,0.0,0.0,0.0,0.0,0.0,0.0,0.0
2019-01-17 03:00:00,0.0,0.0,0.0,0.0,0.0,0.0,0.0
2019-01-17 04:00:00,0.0,0.0,0.0,0.0,0.0,0.0,0.0
2019-01-17 05:00:00,0.0,0.0,0.0,0.0,0.0,0.0,0.0
2019-01-17 06:00:00,0.0,0.0,0.0,0.0,0.0,0.0,0.0
2019-01-17 07:00:00,0.0,0.0,0.0,0.0,0.0,0.0,0.0
2019-01-17 08:00:00,0.0,0.0,0.0,0.0,0.0,0.0,0.0
2019-01-17 09:00:00,0.0,0.0,998.301886792453,0.0,0.0,0.0,0.0
2019-01-17 10:00:00,0.0,0.0,0.0,0.0,0.0,0.0,0.0
2019-01-17 11:00:00,0.0,0.0,682.5919123518872,4032.76729559748,0.0,0.0,0.0
2019-01-17 12:00:00,0.0,0.0,0.0,0.0,0.0,0.0,0.0
2019-01-17 13:00:00,0.0,702.767295597484,0.0,0.0,0.0,0.0,0.0
2019-01-17 14:00:00,0.0,0.0,0.0,0.0,0.0,0.0,0.0
2019-01-17 15:00:00,0.0,0.0,0.0,0.0,0.0,0.0,0.0
2019-01-17 16:00:00,0.0,0.0,0.0,0.0,0.0,0.0,0.0
2019-01-17 17:00:00,0.0,0.0,0.0,0.0,0.0,0.0,0.0
2019-01-17 18:00:00,0.0,0.0,0.0,0.0,0.0,0.0,0.0
2019-01-17 19:00:00,0.0,0.0,0.0,0.0,0.0,0.0,0.0
2019-01-17 20:00:00,0.0,0.0,0.0,0.0,0.0,0.0,0.0
2019-01-17 21:00:00,0.0,0.0,0.0,0.0,0.0,0.0,0.0
2019-01-17 22:00:00,0.0,0.0,0.0,0.0,0.0,0.0,0.0
2019-01-17 23:00:00,0.0,0.0,0.0,0.0,0.0,0.0,0.0
2019-01-18 00:00:00,0.0,702.767295597484,0.0,0.0,0.0,0.0,0.0
2019-01-18 01:00:00,0.0,702.767295597484,0.0,1140.3503432943862,0.0,0.0,0.0
2019-01-18 02:00:00,0.0,0.0,0.0,0.0,0.0,0.0,0.0
2019-01-18 03:00:00,0.0,702.767295597484,0.0,0.0,0.0,0.0,0.0
2019-01-18 04:00:00,0.0,0.0,0.0,1229.0235741434453,0.0,0.0,0.0
2019-01-18 05:00:00,0.0,0.0,0.0,0.0,0.0,0.0,0.0
2019-01-18 06:00:00,0.0,0.0,0.0,0.0,0.0,0.0,0.0
2019-01-18 07:00:00,0.0,0.0,0.0,0.0,0.0,0.0,0.0
2019-01-18 08:00:00,0.0,0.0,0.0,0.0,0.0,0.0,0.0
2019-01-18 09:00:00,0.0,0.0,0.0,4032.76729559748,186.163522012579,0.0,0.0
2019-01-18 10:00:00,0.0,0.0,0.0,4032.76729559748,186.163522012579,0.0,0.0
2019-01-18 11:00:00,0.0,0.0,0.0,4032.76729559748,186.163522012579,0.0,0.0
2019-01-18 12:00:00,0.0,0.0,0.0,4032.76729559748,186.163522012579,0.0,0.0
2019-01-18 13:00:00,0.0,0.0,0.0,4032.76729559748,186.163522012579,0.0,0.0
2019-01-18 14:00:00,0.0,0.0,0.0,0.0,186.163522012579,0.0,0.0
2019-01-18 15:00:00,0.0,0.0,0.0,0.0,0.0,0.0,0.0
2019-01-18 16:00:00,0.0,0.0,0.0,0.0,0.0,0.0,0.0
2019-01-18 17:00:00,0.0,0.0,0.0,0.0,0.0,0.0,0.0
2019-01-18 18:00:00,0.0,0.0,0.0,0.0,0.0,0.0,0.0
2019-01-18 19:00:00,0.0,0.0,0.0,0.0,0.0,0.0,0.0
2019-01-18 20:00:00,0.0,0.0,0.0,0.0,0.0,0.0,0.0
2019-01-18 21:00:00,0.0,0.0,0.0,0.0,0.0,0.0,0.0
2019-01-18 22:00:00,0.0,0.0,0.0,0.0,0.0,0.0,0.0
2019-01-18 23:00:00,0.0,0.0,0.0,0.0,0.0,0.0,0.0
2019-01-19 00:00:00,0.0,0.0,0.0,0.0,0.0,0.0,0.0
2019-01-19 01:00:00,0.0,0.0,0.0,0.0,0.0,0.0,0.0
2019-01-19 02:00:00,0.0,0.0,0.0,0.0,0.0,0.0,0.0
2019-01-19 03:00:00,0.0,0.0,0.0,0.0,0.0,0.0,0.0
2019-01-19 04:00:00,0.0,0.0,0.0,0.0,0.0,0.0,0.0
2019-01-19 05:00:00,0.0,0.0,0.0,0.0,0.0,0.0,0.0
2019-01-19 06:00:00,0.0,0.0,0.0,0.0,0.0,0.0,0.0
2019-01-19 07:00:00,0.0,0.0,0.0,0.0,0.0,0.0,0.0
2019-01-19 08:00:00,0.0,0.0,0.0,0.0,0.0,0.0,0.0
2019-01-19 09:00:00,0.0,702.767295597484,0.0,4032.76729559748,0.0,0.0,0.0
2019-01-19 10:00:00,0.0,702.767295597484,0.0,4032.76729559748,0.0,0.0,0.0
2019-01-19 11:00:00,0.0,702.767295597484,0.0,0.0,0.0,0.0,0.0
2019-01-19 12:00:00,0.0,210.78717343704017,0.0,0.0,0.0,0.0,0.0
2019-01-19 13:00:00,0.0,0.0,0.0,0.0,0.0,0.0,0.0
2019-01-19 14:00:00,0.0,0.0,0.0,4032.76729559748,0.0,0.0,0.0
2019-01-19 15:00:00,0.0,0.0,0.0,0.0,0.0,0.0,0.0
2019-01-19 16:00:00,0.0,0.0,0.0,0.0,0.0,0.0,0.0
2019-01-19 17:00:00,0.0,0.0,0.0,0.0,0.0,0.0,0.0
2019-01-19 18:00:00,0.0,0.0,0.0,0.0,0.0,0.0,0.0
2019-01-19 19:00:00,0.0,0.0,0.0,0.0,0.0,0.0,0.0
2019-01-19 20:00:00,0.0,0.0,0.0,0.0,0.0,0.0,0.0
2019-01-19 21:00:00,0.0,0.0,0.0,0.0,0.0,0.0,0.0
2019-01-19 22:00:00,0.0,0.0,0.0,0.0,0.0,0.0,0.0
2019-01-19 23:00:00,0.0,0.0,0.0,0.0,0.0,0.0,0.0
2019-01-20 00:00:00,0.0,0.0,0.0,0.0,0.0,0.0,0.0
2019-01-20 01:00:00,0.0,0.0,0.0,0.0,0.0,0.0,0.0
2019-01-20 02:00:00,0.0,0.0,0.0,0.0,0.0,0.0,0.0
2019-01-20 03:00:00,0.0,0.0,0.0,0.0,0.0,0.0,0.0
2019-01-20 04:00:00,0.0,0.0,0.0,0.0,0.0,0.0,0.0
2019-01-20 05:00:00,0.0,0.0,0.0,0.0,0.0,0.0,0.0
2019-01-20 06:00:00,0.0,0.0,0.0,0.0,0.0,0.0,0.0
2019-01-20 07:00:00,0.0,0.0,0.0,0.0,0.0,0.0,0.0
2019-01-20 08:00:00,0.0,702.767295597484,0.0,4032.76729559748,0.0,0.0,0.0
2019-01-20 09:00:00,0.0,702.767295597484,0.0,4032.76729559748,0.0,0.0,0.0
2019-01-20 10:00:00,0.0,702.767295597484,0.0,4032.76729559748,0.0,0.0,0.0
2019-01-20 11:00:00,0.0,702.767295597484,0.0,4032.76729559748,0.0,0.0,0.0
2019-01-20 12:00:00,0.0,702.767295597484,0.0,4032.76729559748,0.0,0.0,0.0
2019-01-20 13:00:00,0.0,702.767295597484,0.0,4032.76729559748,0.0,0.0,0.0
2019-01-20 14:00:00,0.0,702.767295597484,0.0,4032.76729559748,0.0,0.0,0.0
2019-01-20 15:00:00,0.0,0.0,0.0,0.0,0.0,0.0,0.0
2019-01-20 16:00:00,0.0,0.0,0.0,0.0,0.0,0.0,0.0
2019-01-20 17:00:00,0.0,0.0,0.0,0.0,0.0,0.0,0.0
2019-01-20 18:00:00,0.0,0.0,0.0,0.0,0.0,0.0,0.0
2019-01-20 19:00:00,0.0,0.0,0.0,0.0,0.0,0.0,0.0
2019-01-20 20:00:00,0.0,0.0,0.0,0.0,0.0,0.0,0.0
2019-01-20 21:00:00,0.0,0.0,0.0,0.0,0.0,0.0,0.0
2019-01-20 22:00:00,0.0,0.0,0.0,0.0,0.0,0.0,0.0
2019-01-20 23:00:00,0.0,0.0,0.0,0.0,0.0,0.0,0.0
2019-01-21 00:00:00,0.0,0.0,0.0,4032.76729559748,0.0,0.0,0.0
2019-01-21 01:00:00,0.0,0.0,0.0,922.3707204101615,0.0,0.0,0.0
2019-01-21 02:00:00,0.0,702.767295597484,0.0,0.0,0.0,0.0,0.0
2019-01-21 03:00:00,0.0,0.0,0.0,4032.76729559748,0.0,0.0,0.0
2019-01-21 04:00:00,0.0,0.0,0.0,0.0,0.0,0.0,0.0
2019-01-21 05:00:00,0.0,0.0,0.0,0.0,0.0,0.0,0.0
2019-01-21 06:00:00,0.0,0.0,0.0,0.0,0.0,0.0,0.0
2019-01-21 07:00:00,0.0,0.0,0.0,0.0,0.0,0.0,0.0
2019-01-21 08:00:00,0.0,0.0,0.0,4032.76729559748,0.0,0.0,0.0
2019-01-21 09:00:00,0.0,0.0,0.0,4032.76729559748,0.0,0.0,0.0
2019-01-21 10:00:00,0.0,0.0,0.0,1486.6068020573664,0.0,0.0,0.0
2019-01-21 11:00:00,0.0,702.767295597484,0.0,4032.76729559748,0.0,0.0,0.0
2019-01-21 12:00:00,0.0,0.0,0.0,4032.76729559748,0.0,0.0,0.0
2019-01-21 13:00:00,0.0,0.0,0.0,0.0,0.0,0.0,0.0
2019-01-21 14:00:00,0.0,0.0,0.0,0.0,0.0,0.0,0.0
2019-01-21 15:00:00,0.0,0.0,0.0,0.0,0.0,0.0,0.0
2019-01-21 16:00:00,0.0,0.0,0.0,0.0,0.0,0.0,0.0
2019-01-21 17:00:00,0.0,0.0,0.0,0.0,0.0,0.0,0.0
2019-01-21 18:00:00,0.0,0.0,0.0,0.0,0.0,0.0,0.0
2019-01-21 19:00:00,0.0,0.0,0.0,0.0,0.0,0.0,0.0
2019-01-21 20:00:00,0.0,0.0,0.0,0.0,0.0,0.0,0.0
2019-01-21 21:00:00,0.0,0.0,0.0,0.0,0.0,0.0,0.0
2019-01-21 22:00:00,0.0,0.0,0.0,4032.76729559748,0.0,0.0,0.0
2019-01-21 23:00:00,0.0,0.0,0.0,4032.76729559748,0.0,0.0,0.0
2019-01-22 00:00:00,0.0,0.0,0.0,0.0,0.0,0.0,0.0
2019-01-22 01:00:00,0.0,0.0,0.0,4032.76729559748,0.0,0.0,0.0
2019-01-22 02:00:00,0.0,0.0,0.0,4032.76729559748,0.0,0.0,0.0
2019-01-22 03:00:00,0.0,0.0,0.0,4032.76729559748,0.0,0.0,0.0
2019-01-22 04:00:00,0.0,0.0,0.0,0.0,0.0,0.0,0.0
2019-01-22 05:00:00,0.0,0.0,0.0,0.0,0.0,0.0,0.0
2019-01-22 06:00:00,0.0,0.0,0.0,0.0,0.0,0.0,0.0
2019-01-22 07:00:00,0.0,0.0,0.0,0.0,0.0,0.0,0.0
2019-01-22 08:00:00,0.0,0.0,0.0,0.0,0.0,0.0,0.0
2019-01-22 09:00:00,0.0,0.0,0.0,2552.1956553655573,0.0,0.0,0.0
2019-01-22 10:00:00,0.0,0.0,0.0,4032.76729559748,0.0,0.0,0.0
2019-01-22 11:00:00,0.0,702.767295597484,0.0,4032.76729559748,0.0,0.0,0.0
2019-01-22 12:00:00,0.0,702.767295597484,0.0,347.3693792399339,0.0,0.0,0.0
2019-01-22 13:00:00,0.0,0.0,0.0,0.0,0.0,0.0,0.0
2019-01-22 14:00:00,0.0,0.0,0.0,0.0,0.0,0.0,0.0
2019-01-22 15:00:00,0.0,0.0,0.0,0.0,0.0,0.0,0.0
2019-01-22 16:00:00,0.0,0.0,0.0,0.0,0.0,0.0,0.0
2019-01-22 17:00:00,0.0,0.0,0.0,0.0,0.0,0.0,0.0
2019-01-22 18:00:00,0.0,0.0,0.0,0.0,0.0,0.0,0.0
2019-01-22 19:00:00,0.0,0.0,0.0,0.0,0.0,0.0,0.0
2019-01-22 20:00:00,0.0,0.0,0.0,0.0,0.0,0.0,0.0
2019-01-22 21:00:00,0.0,0.0,0.0,0.0,0.0,0.0,0.0
2019-01-22 22:00:00,0.0,0.0,0.0,0.0,0.0,0.0,0.0
2019-01-22 23:00:00,0.0,0.0,0.0,0.0,0.0,0.0,0.0
2019-01-23 00:00:00,0.0,0.0,0.0,0.0,0.0,0.0,0.0
2019-01-23 01:00:00,0.0,0.0,0.0,0.0,0.0,0.0,0.0
2019-01-23 02:00:00,0.0,0.0,0.0,0.0,0.0,0.0,0.0
2019-01-23 03:00:00,0.0,0.0,0.0,0.0,0.0,0.0,0.0
2019-01-23 04:00:00,0.0,0.0,0.0,0.0,0.0,0.0,0.0
2019-01-23 05:00:00,0.0,0.0,0.0,0.0,0.0,0.0,0.0
2019-01-23 06:00:00,0.0,0.0,0.0,0.0,0.0,0.0,0.0
2019-01-23 07:00:00,0.0,0.0,0.0,0.0,0.0,0.0,0.0
2019-01-23 08:00:00,0.0,0.0,0.0,0.0,0.0,0.0,0.0
2019-01-23 09:00:00,0.0,0.0,0.0,0.0,0.0,0.0,0.0
2019-01-23 10:00:00,0.0,0.0,0.0,0.0,0.0,0.0,0.0
2019-01-23 11:00:00,0.0,0.0,0.0,4032.76729559748,0.0,0.0,0.0
2019-01-23 12:00:00,0.0,0.0,0.0,0.0,0.0,0.0,0.0
2019-01-23 13:00:00,0.0,0.0,0.0,4032.76729559748,0.0,0.0,0.0
2019-01-23 14:00:00,0.0,0.0,0.0,0.0,0.0,0.0,0.0
2019-01-23 15:00:00,0.0,0.0,0.0,0.0,0.0,0.0,0.0
2019-01-23 16:00:00,0.0,0.0,0.0,0.0,0.0,0.0,0.0
2019-01-23 17:00:00,0.0,0.0,0.0,0.0,0.0,0.0,0.0
2019-01-23 18:00:00,0.0,0.0,0.0,0.0,0.0,0.0,0.0
2019-01-23 19:00:00,0.0,0.0,0.0,0.0,0.0,0.0,0.0
2019-01-23 20:00:00,0.0,0.0,0.0,0.0,0.0,0.0,0.0
2019-01-23 21:00:00,0.0,0.0,0.0,0.0,0.0,0.0,0.0
2019-01-23 22:00:00,0.0,0.0,0.0,0.0,0.0,0.0,0.0
2019-01-23 23:00:00,0.0,0.0,0.0,0.0,0.0,0.0,0.0
2019-01-24 00:00:00,0.0,0.0,0.0,0.0,0.0,0.0,0.0
2019-01-24 01:00:00,0.0,0.0,0.0,0.0,0.0,0.0,0.0
2019-01-24 02:00:00,0.0,0.0,0.0,2157.194118412056,0.0,0.0,0.0
2019-01-24 03:00:00,0.0,255.97419742590387,0.0,4032.76729559748,0.0,0.0,0.0
2019-01-24 04:00:00,0.0,0.0,0.0,0.0,0.0,0.0,0.0
2019-01-24 05:00:00,0.0,0.0,0.0,0.0,0.0,0.0,0.0
2019-01-24 06:00:00,0.0,0.0,0.0,0.0,0.0,0.0,0.0
2019-01-24 07:00:00,0.0,0.0,0.0,0.0,186.163522012579,0.0,0.0
2019-01-24 08:00:00,258.301886792452,0.0,998.301886792453,0.0,186.163522012579,518.930817610063,702.767295597484
2019-01-24 09:00:00,258.301886792452,17.678688886095138,998.301886792453,4032.76729559748,186.163522012579,518.930817610063,702.767295597484
2019-01-24 10:00:00,258.301886792452,702.767295597484,998.301886792453,1350.6085384244966,186.163522012579,518.930817610063,702.767295597484
2019-01-24 11:00:00,258.301886792452,702.767295597484,998.301886792453,3459.107864806331,186.163522012579,518.930817610063,702.767295597484
2019-01-24 12:00:00,258.301886792452,702.767295597484,998.301886792453,3487.824000700906,186.163522012579,518.930817610063,702.767295597484
2019-01-24 13:00:00,258.301886792452,0.0,998.301886792453,2524.218700529234,186.163522012579,518.930817610063,702.767295597484
2019-01-24 14:00:00,258.301886792452,0.0,998.301886792453,0.0,186.163522012579,518.930817610063,702.767295597484
2019-01-24 15:00:00,0.0,0.0,0.0,0.0,186.163522012579,0.0,0.0
2019-01-24 16:00:00,0.0,0.0,0.0,0.0,186.163522012579,0.0,0.0
2019-01-24 17:00:00,0.0,0.0,0.0,0.0,186.163522012579,0.0,0.0
2019-01-24 18:00:00,0.0,0.0,0.0,0.0,186.163522012579,0.0,0.0
2019-01-24 19:00:00,0.0,0.0,0.0,0.0,186.163522012579,0.0,0.0
2019-01-24 20:00:00,258.301886792452,0.0,0.0,0.0,186.163522012579,0.0,0.0
2019-01-24 21:00:00,0.0,0.0,998.301886792453,0.0,186.163522012579,0.0,702.767295597484
2019-01-24 22:00:00,0.0,0.0,0.0,0.0,186.163522012579,0.0,0.0
2019-01-24 23:00:00,0.0,0.0,0.0,0.0,186.163522012579,0.0,0.0
2019-01-25 00:00:00,0.0,702.767295597484,0.0,1620.287475050864,186.163522012579,0.0,0.0
2019-01-25 01:00:00,0.0,36.82850011410187,0.0,2544.5218987592616,186.163522012579,0.0,0.0
2019-01-25 02:00:00,0.0,208.78252057652753,0.0,4032.76729559748,186.163522012579,0.0,0.0
2019-01-25 03:00:00,0.0,19.563505044451404,0.0,0.0,186.163522012579,0.0,0.0
2019-01-25 04:00:00,0.0,702.767295597484,0.0,0.0,186.163522012579,0.0,0.0
2019-01-25 05:00:00,0.0,0.0,0.0,0.0,186.163522012579,0.0,0.0
2019-01-25 06:00:00,0.0,0.0,0.0,0.0,186.163522012579,0.0,0.0
2019-01-25 07:00:00,0.0,0.0,0.0,0.0,186.163522012579,0.0,0.0
2019-01-25 08:00:00,0.0,0.0,998.301886792453,0.0,186.163522012579,518.930817610063,317.44658355197726
2019-01-25 09:00:00,258.301886792452,702.767295597484,998.301886792453,4032.76729559748,186.163522012579,518.930817610063,702.767295597484
2019-01-25 10:00:00,258.301886792452,702.767295597484,998.301886792453,4032.76729559748,186.163522012579,518.930817610063,702.767295597484
2019-01-25 11:00:00,258.301886792452,702.767295597484,998.301886792453,4032.76729559748,186.163522012579,518.930817610063,702.767295597484
2019-01-25 12:00:00,258.301886792452,702.767295597484,998.301886792453,4032.76729559748,186.163522012579,518.930817610063,702.767295597484
2019-01-25 13:00:00,258.301886792452,702.767295597484,998.301886792453,4032.76729559748,186.163522012579,518.930817610063,702.767295597484
2019-01-25 14:00:00,0.0,702.767295597484,998.301886792453,4032.76729559748,186.163522012579,518.930817610063,0.0
2019-01-25 15:00:00,0.0,0.0,0.0,0.0,186.163522012579,518.930817610063,0.0
2019-01-25 16:00:00,0.0,0.0,0.0,0.0,186.163522012579,518.930817610063,0.0
2019-01-25 17:00:00,0.0,0.0,0.0,0.0,186.163522012579,518.930817610063,0.0
2019-01-25 18:00:00,0.0,0.0,0.0,0.0,186.163522012579,518.930817610063,0.0
2019-01-25 19:00:00,0.0,0.0,563.8441359955273,0.0,186.163522012579,518.930817610063,0.0
2019-01-25 20:00:00,0.0,0.0,833.083771497194,0.0,186.163522012579,518.930817610063,702.767295597484
2019-01-25 21:00:00,258.301886792452,0.0,998.301886792453,0.0,186.163522012579,344.3334981429043,702.767295597484
2019-01-25 22:00:00,258.301886792452,0.0,998.301886792453,0.0,186.163522012579,518.930817610063,702.767295597484
2019-01-25 23:00:00,258.301886792452,0.0,998.301886792453,0.0,186.163522012579,518.930817610063,702.767295597484
2019-01-26 00:00:00,258.301886792452,0.0,998.301886792453,0.0,186.163522012579,518.930817610063,702.767295597484
2019-01-26 01:00:00,258.301886792452,0.0,998.301886792453,2269.399406206492,186.163522012579,518.930817610063,702.767295597484
2019-01-26 02:00:00,258.301886792452,0.0,998.301886792453,4032.76729559748,186.163522012579,518.930817610063,702.767295597484
2019-01-26 03:00:00,258.301886792452,0.0,998.301886792453,0.0,186.163522012579,518.930817610063,702.767295597484
2019-01-26 04:00:00,258.301886792452,0.0,998.301886792453,0.0,186.163522012579,518.930817610063,702.767295597484
2019-01-26 05:00:00,258.301886792452,0.0,998.301886792453,0.0,186.163522012579,518.930817610063,702.767295597484
2019-01-26 06:00:00,258.301886792452,0.0,998.301886792453,0.0,186.163522012579,518.930817610063,702.767295597484
2019-01-26 07:00:00,258.301886792452,0.0,998.301886792453,0.0,186.163522012579,518.930817610063,702.767295597484
2019-01-26 08:00:00,258.301886792452,702.767295597484,998.301886792453,4032.76729559748,186.163522012579,518.930817610063,702.767295597484
2019-01-26 09:00:00,258.301886792452,702.767295597484,998.301886792453,4032.76729559748,186.163522012579,518.930817610063,702.767295597484
2019-01-26 10:00:00,258.301886792452,702.767295597484,998.301886792453,4032.76729559748,186.163522012579,518.930817610063,702.767295597484
2019-01-26 11:00:00,258.301886792452,702.767295597484,998.301886792453,4032.76729559748,186.163522012579,518.930817610063,702.767295597484
2019-01-26 12:00:00,258.301886792452,702.767295597484,998.301886792453,4032.76729559748,186.163522012579,518.930817610063,702.767295597484
2019-01-26 13:00:00,258.301886792452,702.767295597484,998.301886792453,4032.76729559748,186.163522012579,518.930817610063,702.767295597484
2019-01-26 14:00:00,258.301886792452,702.767295597484,998.301886792453,4032.76729559748,186.163522012579,518.930817610063,702.767295597484
2019-01-26 15:00:00,258.301886792452,0.0,998.301886792453,0.0,186.163522012579,518.930817610063,702.767295597484
2019-01-26 16:00:00,258.301886792452,0.0,998.301886792453,0.0,186.163522012579,518.930817610063,702.767295597484
2019-01-26 17:00:00,258.301886792452,0.0,998.301886792453,0.0,186.163522012579,518.930817610063,702.767295597484
2019-01-26 18:00:00,258.301886792452,0.0,998.301886792453,0.0,186.163522012579,518.930817610063,702.767295597484
2019-01-26 19:00:00,258.301886792452,0.0,998.301886792453,0.0,186.163522012579,0.0,702.767295597484
2019-01-26 20:00:00,258.301886792452,0.0,998.301886792453,0.0,186.163522012579,0.0,0.0
2019-01-26 21:00:00,0.0,0.0,0.0,0.0,186.163522012579,0.0,702.767295597484
2019-01-26 22:00:00,258.301886792452,0.0,0.0,0.0,186.163522012579,0.0,0.0
2019-01-26 23:00:00,0.0,0.0,0.0,0.0,186.163522012579,0.0,0.0
2019-01-27 00:00:00,0.0,0.0,0.0,0.0,186.163522012579,0.0,0.0
2019-01-27 01:00:00,0.0,0.0,0.0,0.0,186.163522012579,0.0,0.0
2019-01-27 02:00:00,0.0,0.0,0.0,0.0,186.163522012579,0.0,0.0
2019-01-27 03:00:00,0.0,0.0,0.0,71.38044815092871,186.163522012579,0.0,0.0
2019-01-27 04:00:00,0.0,0.0,0.0,3006.7176728078084,186.163522012579,0.0,0.0
2019-01-27 05:00:00,0.0,0.0,0.0,0.0,186.163522012579,0.0,0.0
2019-01-27 06:00:00,0.0,0.0,0.0,0.0,186.163522012579,0.0,0.0
2019-01-27 07:00:00,0.0,0.0,0.0,0.0,186.163522012579,0.0,0.0
2019-01-27 08:00:00,258.301886792452,702.767295597484,998.301886792453,4032.76729559748,186.163522012579,518.930817610063,702.767295597484
2019-01-27 09:00:00,258.301886792452,702.767295597484,998.301886792453,4032.76729559748,186.163522012579,518.930817610063,702.767295597484
2019-01-27 10:00:00,258.301886792452,702.767295597484,998.301886792453,4032.76729559748,186.163522012579,518.930817610063,702.767295597484
2019-01-27 11:00:00,258.301886792452,702.767295597484,998.301886792453,4032.76729559748,186.163522012579,518.930817610063,702.767295597484
2019-01-27 12:00:00,258.301886792452,702.767295597484,998.301886792453,4032.76729559748,186.163522012579,518.930817610063,702.767295597484
2019-01-27 13:00:00,258.301886792452,702.767295597484,998.301886792453,4032.76729559748,186.163522012579,518.930817610063,702.767295597484
2019-01-27 14:00:00,258.301886792452,0.0,998.301886792453,0.0,186.163522012579,518.930817610063,702.767295597484
2019-01-27 15:00:00,258.301886792452,0.0,998.301886792453,0.0,186.163522012579,518.930817610063,702.767295597484
2019-01-27 16:00:00,258.301886792452,0.0,998.301886792453,0.0,186.163522012579,518.930817610063,702.767295597484
2019-01-27 17:00:00,258.301886792452,0.0,998.301886792453,0.0,186.163522012579,518.930817610063,702.767295597484
2019-01-27 18:00:00,258.301886792452,0.0,998.301886792453,0.0,186.163522012579,518.930817610063,702.767295597484
2019-01-27 19:00:00,258.301886792452,0.0,998.301886792453,0.0,186.163522012579,518.930817610063,702.767295597484
2019-01-27 20:00:00,258.301886792452,0.0,998.301886792453,0.0,186.163522012579,518.930817610063,702.767295597484
2019-01-27 21:00:00,258.301886792452,0.0,998.301886792453,0.0,186.163522012579,518.930817610063,702.767295597484
2019-01-27 22:00:00,258.301886792452,0.0,998.301886792453,0.0,186.163522012579,0.0,702.767295597484
2019-01-27 23:00:00,258.301886792452,0.0,998.301886792453,0.0,186.163522012579,0.0,702.767295597484
2019-01-28 00:00:00,258.301886792452,421.24402349018874,470.7108539422417,0.0,186.163522012579,0.0,702.767295597484
2019-01-28 01:00:00,258.301886792452,59.6236032914303,998.301886792453,1056.5906548586063,186.163522012579,518.930817610063,702.767295597484
2019-01-28 02:00:00,258.301886792452,702.767295597484,998.301886792453,4032.76729559748,186.163522012579,518.930817610063,702.767295597484
2019-01-28 03:00:00,258.301886792452,702.767295597484,998.301886792453,37.70833300618506,186.163522012579,518.930817610063,702.767295597484
2019-01-28 04:00:00,258.301886792452,0.0,998.301886792453,0.0,186.163522012579,518.930817610063,702.767295597484
2019-01-28 05:00:00,258.301886792452,0.0,898.5725659833051,0.0,186.163522012579,518.930817610063,702.767295597484
2019-01-28 06:00:00,258.301886792452,0.0,0.0,0.0,186.163522012579,83.83206534967712,702.767295597484
2019-01-28 07:00:00,258.301886792452,0.0,9.891355006973185,0.0,186.163522012579,518.930817610063,702.767295597484
2019-01-28 08:00:00,258.301886792452,0.0,998.301886792453,0.0,186.163522012579,518.930817610063,702.767295597484
2019-01-28 09:00:00,258.301886792452,0.0,998.301886792453,0.0,186.163522012579,518.930817610063,702.767295597484
2019-01-28 10:00:00,258.301886792452,702.767295597484,998.301886792453,1053.2951261775697,186.163522012579,518.930817610063,702.767295597484
2019-01-28 11:00:00,258.301886792452,702.767295597484,998.301886792453,4032.76729559748,186.163522012579,518.930817610063,702.767295597484
2019-01-28 12:00:00,258.301886792452,702.767295597484,998.301886792453,4032.76729559748,186.163522012579,518.930817610063,702.767295597484
2019-01-28 13:00:00,258.301886792452,0.0,998.301886792453,0.0,186.163522012579,518.930817610063,702.767295597484
2019-01-28 14:00:00,258.301886792452,0.0,998.301886792453,0.0,186.163522012579,518.930817610063,702.767295597484
2019-01-28 15:00:00,258.301886792452,0.0,0.0,0.0,186.163522012579,518.930817610063,702.767295597484
2019-01-28 16:00:00,0.0,0.0,0.0,0.0,186.163522012579,0.0,0.0
2019-01-28 17:00:00,0.0,0.0,0.0,0.0,186.163522012579,0.0,0.0
2019-01-28 18:00:00,0.0,0.0,0.0,0.0,186.163522012579,0.0,0.0
2019-01-28 19:00:00,0.0,0.0,0.0,0.0,186.163522012579,0.0,0.0
2019-01-28 20:00:00,0.0,0.0,0.0,0.0,186.163522012579,0.0,0.0
2019-01-28 21:00:00,0.0,0.0,0.0,0.0,0.0,0.0,0.0
2019-01-28 22:00:00,0.0,0.0,0.0,0.0,0.0,0.0,0.0
2019-01-28 23:00:00,0.0,0.0,0.0,0.0,0.0,0.0,0.0
2019-01-29 00:00:00,0.0,0.0,0.0,0.0,0.0,0.0,0.0
2019-01-29 01:00:00,0.0,0.0,0.0,0.0,0.0,0.0,0.0
2019-01-29 02:00:00,0.0,0.0,0.0,0.0,0.0,0.0,0.0
2019-01-29 03:00:00,0.0,0.0,0.0,0.0,0.0,0.0,0.0
2019-01-29 04:00:00,0.0,0.0,0.0,0.0,0.0,0.0,0.0
2019-01-29 05:00:00,0.0,0.0,0.0,0.0,0.0,0.0,0.0
2019-01-29 06:00:00,0.0,0.0,0.0,0.0,0.0,0.0,0.0
2019-01-29 07:00:00,0.0,0.0,0.0,0.0,0.0,0.0,0.0
2019-01-29 08:00:00,0.0,0.0,760.692004927414,0.0,0.0,0.0,0.0
2019-01-29 09:00:00,258.301886792452,487.7680969251469,998.301886792453,1849.530123992428,0.0,518.930817610063,702.767295597484
2019-01-29 10:00:00,258.301886792452,702.767295597484,998.301886792453,4032.76729559748,0.0,518.930817610063,702.767295597484
2019-01-29 11:00:00,258.301886792452,702.767295597484,998.301886792453,4032.76729559748,0.0,518.930817610063,702.767295597484
2019-01-29 12:00:00,258.301886792452,702.767295597484,998.301886792453,4032.76729559748,0.0,518.930817610063,702.767295597484
2019-01-29 13:00:00,258.301886792452,702.767295597484,998.301886792453,4032.76729559748,0.0,518.930817610063,702.767295597484
2019-01-29 14:00:00,0.0,0.0,0.0,0.0,0.0,0.0,0.0
2019-01-29 15:00:00,0.0,0.0,0.0,0.0,0.0,0.0,0.0
2019-01-29 16:00:00,0.0,0.0,0.0,0.0,0.0,0.0,0.0
2019-01-29 17:00:00,0.0,0.0,0.0,0.0,0.0,0.0,0.0
2019-01-29 18:00:00,0.0,0.0,0.0,0.0,0.0,0.0,0.0
2019-01-29 19:00:00,0.0,0.0,0.0,0.0,0.0,0.0,0.0
2019-01-29 20:00:00,0.0,0.0,0.0,0.0,0.0,0.0,0.0
2019-01-29 21:00:00,0.0,0.0,0.0,0.0,0.0,0.0,0.0
2019-01-29 22:00:00,0.0,0.0,0.0,0.0,0.0,0.0,0.0
2019-01-29 23:00:00,0.0,0.0,0.0,0.0,0.0,0.0,0.0
2019-01-30 00:00:00,0.0,0.0,0.0,0.0,0.0,0.0,0.0
2019-01-30 01:00:00,0.0,0.0,0.0,0.0,0.0,0.0,0.0
2019-01-30 02:00:00,0.0,0.0,0.0,0.0,0.0,0.0,0.0
2019-01-30 03:00:00,0.0,0.0,0.0,0.0,0.0,0.0,0.0
2019-01-30 04:00:00,0.0,0.0,0.0,0.0,0.0,0.0,0.0
2019-01-30 05:00:00,0.0,0.0,0.0,0.0,0.0,0.0,0.0
2019-01-30 06:00:00,0.0,0.0,0.0,0.0,0.0,0.0,0.0
2019-01-30 07:00:00,0.0,0.0,0.0,0.0,186.163522012579,0.0,0.0
2019-01-30 08:00:00,0.0,0.0,0.0,0.0,186.163522012579,0.0,0.0
2019-01-30 09:00:00,0.0,0.0,0.0,0.0,186.163522012579,0.0,0.0
2019-01-30 10:00:00,23.71169496987386,0.0,998.301886792453,0.0,186.163522012579,1.0272657416447828,0.0
2019-01-30 11:00:00,0.0,0.0,352.60669464058446,0.0,186.163522012579,256.41322247999904,0.0
2019-01-30 12:00:00,0.0,0.0,0.0,0.0,186.163522012579,518.930817610063,0.0
2019-01-30 13:00:00,0.0,0.0,0.0,0.0,186.163522012579,497.388880710086,0.0
2019-01-30 14:00:00,0.0,0.0,0.0,0.0,186.163522012579,0.0,0.0
2019-01-30 15:00:00,0.0,0.0,0.0,0.0,186.163522012579,0.0,0.0
2019-01-30 16:00:00,0.0,0.0,0.0,0.0,186.163522012579,0.0,0.0
2019-01-30 17:00:00,0.0,0.0,0.0,0.0,186.163522012579,0.0,0.0
2019-01-30 18:00:00,0.0,0.0,0.0,0.0,186.163522012579,0.0,0.0
2019-01-30 19:00:00,0.0,0.0,0.0,0.0,186.163522012579,0.0,0.0
2019-01-30 20:00:00,0.0,0.0,0.0,0.0,186.163522012579,37.74224891403913,0.0
2019-01-30 21:00:00,0.0,0.0,0.0,0.0,186.163522012579,8.896449280379784,0.0
2019-01-30 22:00:00,258.301886792452,0.0,0.0,0.0,186.163522012579,211.68760192281889,0.0
2019-01-30 23:00:00,258.30188679245174,0.0,0.0,0.0,186.163522012579,518.930817610063,0.0
2019-01-31 00:00:00,217.69628489724528,0.0,0.0,0.0,186.163522012579,518.930817610063,0.0
2019-01-31 01:00:00,258.301886792452,0.0,0.0,0.0,186.163522012579,0.0,0.0
2019-01-31 02:00:00,0.0,0.0,567.2950724598923,0.0,186.163522012579,339.37313612301114,0.0
2019-01-31 03:00:00,0.0,0.0,0.0,0.0,186.163522012579,0.0,702.767295597484
2019-01-31 04:00:00,0.0,0.0,0.0,0.0,186.163522012579,0.0,0.0
2019-01-31 05:00:00,0.0,0.0,0.0,0.0,186.163522012579,0.0,0.0
2019-01-31 06:00:00,0.0,0.0,0.0,0.0,186.163522012579,0.0,0.0
2019-01-31 07:00:00,0.0,0.0,0.0,0.0,186.163522012579,0.0,702.767295597484
2019-01-31 08:00:00,258.301886792452,0.0,998.301886792453,0.0,186.163522012579,518.930817610063,702.767295597484
2019-01-31 09:00:00,258.301886792452,0.0,998.301886792453,0.0,186.163522012579,518.930817610063,702.767295597484
2019-01-31 10:00:00,258.301886792452,0.0,998.301886792453,0.0,186.163522012579,518.930817610063,702.767295597484
2019-01-31 11:00:00,258.301886792452,0.0,998.301886792453,0.0,186.163522012579,518.930817610063,702.767295597484
2019-01-31 12:00:00,258.301886792452,0.0,998.301886792453,0.0,186.163522012579,518.930817610063,702.767295597484
2019-01-31 13:00:00,258.301886792452,0.0,998.301886792453,0.0,186.163522012579,518.930817610063,702.767295597484
2019-01-31 14:00:00,0.0,0.0,0.0,0.0,186.163522012579,518.930817610063,0.0
2019-01-31 15:00:00,0.0,0.0,0.0,0.0,186.163522012579,0.0,0.0
2019-01-31 16:00:00,0.0,0.0,0.0,0.0,186.163522012579,0.0,0.0
2019-01-31 17:00:00,0.0,0.0,0.0,0.0,186.163522012579,0.0,0.0
2019-01-31 18:00:00,0.0,0.0,0.0,0.0,186.163522012579,0.0,0.0
2019-01-31 19:00:00,0.0,0.0,0.0,0.0,186.163522012579,0.0,0.0
2019-01-31 20:00:00,0.0,0.0,0.0,0.0,186.163522012579,0.0,0.0
2019-01-31 21:00:00,0.0,0.0,0.0,0.0,186.163522012579,0.0,0.0
2019-01-31 22:00:00,0.0,0.0,0.0,0.0,186.163522012579,0.0,0.0
2019-01-31 23:00:00,0.0,0.0,0.0,936.8522781903845,186.163522012579,0.0,0.0
2019-02-01 00:00:00,0.0,702.767295597484,0.0,4032.76729559748,186.163522012579,0.0,0.0
2019-02-01 01:00:00,0.0,0.0,0.0,3561.119248816256,186.163522012579,0.0,0.0
2019-02-01 02:00:00,258.301886792452,702.767295597484,721.2504016067802,4032.76729559748,186.163522012579,0.0,0.0
2019-02-01 03:00:00,258.301886792452,0.0,998.301886792453,2455.9269190718815,186.163522012579,0.0,702.767295597484
2019-02-01 04:00:00,258.301886792452,0.0,998.301886792453,0.0,186.163522012579,518.930817610063,702.767295597484
2019-02-01 05:00:00,258.301886792452,0.0,896.7517526020445,0.0,186.163522012579,0.0,702.767295597484
2019-02-01 06:00:00,0.0,0.0,0.0,0.0,186.163522012579,0.0,0.0
2019-02-01 07:00:00,258.301886792452,0.0,998.301886792453,0.0,186.163522012579,518.930817610063,702.767295597484
2019-02-01 08:00:00,258.301886792452,0.0,998.301886792453,0.0,186.163522012579,518.930817610063,702.767295597484
2019-02-01 09:00:00,258.301886792452,0.0,998.301886792453,0.0,186.163522012579,518.930817610063,702.767295597484
2019-02-01 10:00:00,258.301886792452,0.0,998.301886792453,0.0,186.163522012579,518.930817610063,702.767295597484
2019-02-01 11:00:00,258.301886792452,0.0,998.301886792453,0.0,186.163522012579,518.930817610063,702.767295597484
2019-02-01 12:00:00,258.301886792452,0.0,998.301886792453,0.0,186.163522012579,518.930817610063,702.767295597484
2019-02-01 13:00:00,258.301886792452,0.0,998.301886792453,0.0,186.163522012579,518.930817610063,702.767295597484
2019-02-01 14:00:00,258.301886792452,0.0,998.301886792453,0.0,186.163522012579,518.930817610063,702.767295597484
2019-02-01 15:00:00,258.301886792452,0.0,998.301886792453,0.0,186.163522012579,518.930817610063,702.767295597484
2019-02-01 16:00:00,258.301886792452,0.0,998.301886792453,0.0,186.163522012579,518.930817610063,702.767295597484
2019-02-01 17:00:00,258.301886792452,0.0,998.301886792453,0.0,186.163522012579,518.930817610063,702.767295597484
2019-02-01 18:00:00,258.301886792452,0.0,998.301886792453,0.0,186.163522012579,518.930817610063,702.767295597484
2019-02-01 19:00:00,258.301886792452,0.0,998.301886792453,0.0,186.163522012579,518.930817610063,702.767295597484
2019-02-01 20:00:00,258.301886792452,0.0,998.301886792453,0.0,186.163522012579,518.930817610063,702.767295597484
2019-02-01 21:00:00,258.301886792452,0.0,998.301886792453,0.0,186.163522012579,518.930817610063,702.767295597484
2019-02-01 22:00:00,258.301886792452,0.0,998.301886792453,0.0,186.163522012579,518.930817610063,702.767295597484
2019-02-01 23:00:00,258.301886792452,702.767295597484,998.301886792453,4032.76729559748,186.163522012579,518.930817610063,702.767295597484
2019-02-02 00:00:00,258.301886792452,0.0,998.301886792453,1274.8049692393859,186.163522012579,518.930817610063,702.767295597484
2019-02-02 01:00:00,258.301886792452,0.0,998.301886792453,2134.8371581275987,186.163522012579,518.930817610063,702.767295597484
2019-02-02 02:00:00,258.301886792452,0.0,998.301886792453,2564.8387811213033,186.163522012579,518.930817610063,702.767295597484
2019-02-02 03:00:00,258.301886792452,0.0,998.301886792453,2693.4507264305084,186.163522012579,518.930817610063,702.767295597484
2019-02-02 04:00:00,258.301886792452,0.0,998.301886792453,2027.75036722791,186.163522012579,518.930817610063,702.767295597484
2019-02-02 05:00:00,258.301886792452,0.0,998.301886792453,0.0,186.163522012579,518.930817610063,702.767295597484
2019-02-02 06:00:00,258.301886792452,0.0,998.301886792453,0.0,186.163522012579,518.930817610063,702.767295597484
2019-02-02 07:00:00,258.301886792452,0.0,998.301886792453,0.0,186.163522012579,518.930817610063,702.767295597484
2019-02-02 08:00:00,258.301886792452,702.767295597484,998.301886792453,4032.76729559748,186.163522012579,518.930817610063,702.767295597484
2019-02-02 09:00:00,258.301886792452,702.767295597484,998.301886792453,4032.76729559748,186.163522012579,518.930817610063,702.767295597484
2019-02-02 10:00:00,258.301886792452,702.767295597484,998.301886792453,4032.76729559748,186.163522012579,518.930817610063,702.767295597484
2019-02-02 11:00:00,258.301886792452,702.767295597484,998.301886792453,4032.76729559748,186.163522012579,518.930817610063,702.767295597484
2019-02-02 12:00:00,258.301886792452,702.767295597484,998.301886792453,4032.76729559748,186.163522012579,518.930817610063,702.767295597484
2019-02-02 13:00:00,258.301886792452,702.767295597484,998.301886792453,4032.76729559748,186.163522012579,518.930817610063,702.767295597484
2019-02-02 14:00:00,258.301886792452,0.0,998.301886792453,0.0,186.163522012579,518.930817610063,702.767295597484
2019-02-02 15:00:00,258.301886792452,0.0,998.301886792453,0.0,186.163522012579,518.930817610063,702.767295597484
2019-02-02 16:00:00,258.301886792452,0.0,998.301886792453,0.0,186.163522012579,518.930817610063,702.767295597484
2019-02-02 17:00:00,258.301886792452,0.0,998.301886792453,0.0,186.163522012579,518.930817610063,702.767295597484
2019-02-02 18:00:00,258.301886792452,0.0,998.301886792453,0.0,186.163522012579,518.930817610063,702.767295597484
2019-02-02 19:00:00,258.301886792452,0.0,998.301886792453,0.0,186.163522012579,518.930817610063,702.767295597484
2019-02-02 20:00:00,258.301886792452,0.0,998.301886792453,0.0,186.163522012579,518.930817610063,702.767295597484
2019-02-02 21:00:00,258.301886792452,0.0,998.301886792453,990.9599110884687,186.163522012579,518.930817610063,702.767295597484
2019-02-02 22:00:00,258.301886792452,0.0,998.301886792453,2089.3303147784854,186.163522012579,518.930817610063,702.767295597484
2019-02-02 23:00:00,258.301886792452,0.0,998.301886792453,190.3914928726092,186.163522012579,518.930817610063,702.767295597484
2019-02-03 00:00:00,258.301886792452,0.0,998.301886792453,4032.76729559748,186.163522012579,518.930817610063,702.767295597484
2019-02-03 01:00:00,258.301886792452,0.0,998.301886792453,4032.76729559748,186.163522012579,518.930817610063,702.767295597484
2019-02-03 02:00:00,258.301886792452,366.85047510695404,998.301886792453,4032.76729559748,186.163522012579,518.930817610063,702.767295597484
2019-02-03 03:00:00,258.301886792452,702.767295597484,998.301886792453,4032.76729559748,186.163522012579,518.930817610063,702.767295597484
2019-02-03 04:00:00,258.301886792452,702.767295597484,998.301886792453,4032.76729559748,186.163522012579,518.930817610063,702.767295597484
2019-02-03 05:00:00,258.301886792452,702.767295597484,998.301886792453,4032.76729559748,186.163522012579,518.930817610063,702.767295597484
2019-02-03 06:00:00,258.301886792452,702.767295597484,998.301886792453,1114.5209937618915,186.163522012579,518.930817610063,702.767295597484
2019-02-03 07:00:00,258.301886792452,0.0,998.301886792453,3814.515142623207,186.163522012579,518.930817610063,702.767295597484
2019-02-03 08:00:00,258.301886792452,702.767295597484,998.301886792453,4032.76729559748,186.163522012579,518.930817610063,702.767295597484
2019-02-03 09:00:00,258.301886792452,702.767295597484,998.301886792453,4032.76729559748,186.163522012579,518.930817610063,702.767295597484
2019-02-03 10:00:00,258.301886792452,702.767295597484,998.301886792453,4032.76729559748,186.163522012579,518.930817610063,702.767295597484
2019-02-03 11:00:00,258.301886792452,702.767295597484,998.301886792453,4032.76729559748,186.163522012579,518.930817610063,702.767295597484
2019-02-03 12:00:00,258.301886792452,702.767295597484,998.301886792453,4032.76729559748,186.163522012579,518.930817610063,702.767295597484
2019-02-03 13:00:00,258.301886792452,702.767295597484,998.301886792453,4032.76729559748,186.163522012579,518.930817610063,702.767295597484
2019-02-03 14:00:00,258.301886792452,702.767295597484,998.301886792453,4032.76729559748,186.163522012579,0.0,702.767295597484
2019-02-03 15:00:00,0.0,0.0,0.0,0.0,186.163522012579,0.0,0.0
2019-02-03 16:00:00,0.0,0.0,0.0,0.0,0.0,0.0,0.0
2019-02-03 17:00:00,0.0,0.0,0.0,0.0,0.0,0.0,0.0
2019-02-03 18:00:00,0.0,0.0,0.0,0.0,0.0,0.0,0.0
2019-02-03 19:00:00,0.0,0.0,0.0,0.0,0.0,0.0,0.0
2019-02-03 20:00:00,0.0,0.0,0.0,0.0,0.0,0.0,0.0
2019-02-03 21:00:00,0.0,0.0,0.0,0.0,0.0,0.0,0.0
2019-02-03 22:00:00,0.0,0.0,0.0,0.0,0.0,0.0,0.0
2019-02-03 23:00:00,0.0,0.0,0.0,0.0,0.0,0.0,0.0
2019-02-04 00:00:00,0.0,0.0,0.0,0.0,0.0,0.0,0.0
2019-02-04 01:00:00,0.0,0.0,0.0,0.0,0.0,0.0,0.0
2019-02-04 02:00:00,0.0,0.0,0.0,0.0,0.0,0.0,0.0
2019-02-04 03:00:00,0.0,0.0,0.0,0.0,0.0,0.0,0.0
2019-02-04 04:00:00,0.0,0.0,0.0,0.0,0.0,0.0,0.0
2019-02-04 05:00:00,0.0,0.0,0.0,0.0,0.0,0.0,0.0
2019-02-04 06:00:00,0.0,0.0,0.0,0.0,0.0,0.0,0.0
2019-02-04 07:00:00,0.0,0.0,0.0,0.0,0.0,0.0,0.0
2019-02-04 08:00:00,0.0,117.74706553532815,0.0,684.0021869917637,186.163522012579,0.0,0.0
2019-02-04 09:00:00,258.301886792452,702.767295597484,998.301886792453,4032.76729559748,186.163522012579,518.930817610063,702.767295597484
2019-02-04 10:00:00,258.301886792452,702.767295597484,998.301886792453,4032.76729559748,186.163522012579,518.930817610063,702.767295597484
2019-02-04 11:00:00,258.301886792452,702.767295597484,998.301886792453,4032.76729559748,186.163522012579,518.930817610063,702.767295597484
2019-02-04 12:00:00,258.301886792452,702.767295597484,998.301886792453,4032.76729559748,186.163522012579,518.930817610063,702.767295597484
2019-02-04 13:00:00,258.301886792452,702.767295597484,998.301886792453,4032.76729559748,186.163522012579,518.930817610063,702.767295597484
2019-02-04 14:00:00,0.0,702.767295597484,0.0,4032.76729559748,186.163522012579,0.0,0.0
2019-02-04 15:00:00,0.0,0.0,0.0,0.0,186.163522012579,0.0,0.0
2019-02-04 16:00:00,0.0,0.0,0.0,0.0,186.163522012579,0.0,0.0
2019-02-04 17:00:00,0.0,0.0,0.0,0.0,186.163522012579,0.0,0.0
2019-02-04 18:00:00,0.0,0.0,0.0,0.0,186.163522012579,0.0,0.0
2019-02-04 19:00:00,0.0,0.0,0.0,0.0,186.163522012579,0.0,0.0
2019-02-04 20:00:00,0.0,0.0,0.0,0.0,186.163522012579,0.0,0.0
2019-02-04 21:00:00,0.0,0.0,998.301886792453,0.0,186.163522012579,0.0,0.0
2019-02-04 22:00:00,258.301886792452,0.0,0.0,0.0,186.163522012579,0.0,0.0
2019-02-04 23:00:00,258.301886792452,0.0,998.301886792453,0.0,186.163522012579,518.930817610063,702.767295597484
2019-02-05 00:00:00,258.301886792452,0.0,998.301886792453,0.0,186.163522012579,518.930817610063,702.767295597484
2019-02-05 01:00:00,258.301886792452,0.0,998.301886792453,0.0,186.163522012579,518.930817610063,702.767295597484
2019-02-05 02:00:00,258.301886792452,0.0,998.301886792453,0.0,186.163522012579,518.930817610063,702.767295597484
2019-02-05 03:00:00,258.301886792452,0.0,998.301886792453,0.0,186.163522012579,518.930817610063,702.767295597484
2019-02-05 04:00:00,258.301886792452,0.0,998.301886792453,0.0,186.163522012579,518.930817610063,702.767295597484
2019-02-05 05:00:00,258.301886792452,0.0,998.301886792453,0.0,186.163522012579,518.930817610063,702.767295597484
2019-02-05 06:00:00,258.301886792452,0.0,998.301886792453,0.0,186.163522012579,518.930817610063,702.767295597484
2019-02-05 07:00:00,258.301886792452,0.0,998.301886792453,0.0,186.163522012579,518.930817610063,702.767295597484
2019-02-05 08:00:00,258.301886792452,702.767295597484,998.301886792453,0.0,186.163522012579,518.930817610063,702.767295597484
2019-02-05 09:00:00,258.301886792452,702.767295597484,998.301886792453,4032.76729559748,186.163522012579,518.930817610063,702.767295597484
2019-02-05 10:00:00,258.301886792452,702.767295597484,998.301886792453,4032.76729559748,186.163522012579,518.930817610063,702.767295597484
2019-02-05 11:00:00,258.301886792452,702.767295597484,998.301886792453,4032.76729559748,186.163522012579,518.930817610063,702.767295597484
2019-02-05 12:00:00,258.301886792452,702.767295597484,998.301886792453,4032.76729559748,186.163522012579,518.930817610063,702.767295597484
2019-02-05 13:00:00,258.301886792452,702.767295597484,998.301886792453,4032.76729559748,186.163522012579,518.930817610063,702.767295597484
2019-02-05 14:00:00,258.301886792452,702.767295597484,998.301886792453,4032.76729559748,186.163522012579,518.930817610063,702.767295597484
2019-02-05 15:00:00,258.301886792452,0.0,998.301886792453,0.0,186.163522012579,518.930817610063,702.767295597484
2019-02-05 16:00:00,258.301886792452,0.0,998.301886792453,0.0,186.163522012579,518.930817610063,702.767295597484
2019-02-05 17:00:00,258.301886792452,0.0,998.301886792453,0.0,186.163522012579,518.930817610063,702.767295597484
2019-02-05 18:00:00,258.301886792452,0.0,998.301886792453,0.0,186.163522012579,518.930817610063,702.767295597484
2019-02-05 19:00:00,258.301886792452,0.0,998.301886792453,0.0,186.163522012579,518.930817610063,702.767295597484
2019-02-05 20:00:00,258.301886792452,0.0,998.301886792453,0.0,186.163522012579,518.930817610063,702.767295597484
2019-02-05 21:00:00,258.301886792452,0.0,998.301886792453,0.0,186.163522012579,518.930817610063,702.767295597484
2019-02-05 22:00:00,258.301886792452,0.0,998.301886792453,0.0,186.163522012579,518.930817610063,702.767295597484
2019-02-05 23:00:00,258.301886792452,0.0,998.301886792453,0.0,186.163522012579,518.930817610063,702.767295597484
2019-02-06 00:00:00,258.301886792452,0.0,998.301886792453,0.0,186.163522012579,518.930817610063,702.767295597484
2019-02-06 01:00:00,258.301886792452,702.767295597484,998.301886792453,4032.76729559748,186.163522012579,518.930817610063,702.767295597484
2019-02-06 02:00:00,258.301886792452,702.767295597484,998.301886792453,4032.76729559748,186.163522012579,518.930817610063,702.767295597484
2019-02-06 03:00:00,258.301886792452,702.767295597484,998.301886792453,4032.76729559748,186.163522012579,518.930817610063,702.767295597484
2019-02-06 04:00:00,258.301886792452,702.767295597484,998.301886792453,375.6307622423215,186.163522012579,518.930817610063,702.767295597484
2019-02-06 05:00:00,258.301886792452,0.0,998.301886792453,0.0,186.163522012579,518.930817610063,702.767295597484
2019-02-06 06:00:00,258.301886792452,0.0,998.301886792453,0.0,186.163522012579,518.930817610063,702.767295597484
2019-02-06 07:00:00,258.301886792452,0.0,998.301886792453,0.0,186.163522012579,518.930817610063,702.767295597484
2019-02-06 08:00:00,258.301886792452,702.767295597484,998.301886792453,4032.76729559748,186.163522012579,518.930817610063,702.767295597484
2019-02-06 09:00:00,258.301886792452,702.767295597484,998.301886792453,4032.76729559748,186.163522012579,518.930817610063,702.767295597484
2019-02-06 10:00:00,258.301886792452,702.767295597484,998.301886792453,4032.76729559748,186.163522012579,518.930817610063,702.767295597484
2019-02-06 11:00:00,258.301886792452,702.767295597484,998.301886792453,4032.76729559748,186.163522012579,518.930817610063,702.767295597484
2019-02-06 12:00:00,258.301886792452,702.767295597484,998.301886792453,4032.76729559748,186.163522012579,518.930817610063,702.767295597484
2019-02-06 13:00:00,258.301886792452,702.767295597484,998.301886792453,4032.76729559748,186.163522012579,518.930817610063,702.767295597484
2019-02-06 14:00:00,258.301886792452,702.767295597484,998.301886792453,4032.76729559748,186.163522012579,518.930817610063,702.767295597484
2019-02-06 15:00:00,258.301886792452,0.0,998.301886792453,0.0,186.163522012579,518.930817610063,702.767295597484
2019-02-06 16:00:00,0.0,0.0,0.0,0.0,0.0,0.0,0.0
2019-02-06 17:00:00,0.0,0.0,0.0,0.0,0.0,0.0,0.0
2019-02-06 18:00:00,0.0,0.0,0.0,0.0,0.0,0.0,0.0
2019-02-06 19:00:00,0.0,0.0,0.0,0.0,0.0,0.0,0.0
2019-02-06 20:00:00,0.0,0.0,0.0,0.0,0.0,0.0,0.0
2019-02-06 21:00:00,0.0,0.0,0.0,0.0,0.0,0.0,0.0
2019-02-06 22:00:00,0.0,0.0,0.0,0.0,0.0,0.0,0.0
2019-02-06 23:00:00,0.0,0.0,0.0,0.0,0.0,0.0,0.0
2019-02-07 00:00:00,0.0,0.0,0.0,0.0,0.0,0.0,0.0
2019-02-07 01:00:00,0.0,0.0,0.0,0.0,0.0,0.0,0.0
2019-02-07 02:00:00,0.0,0.0,0.0,0.0,0.0,0.0,0.0
2019-02-07 03:00:00,0.0,0.0,0.0,0.0,0.0,0.0,0.0
2019-02-07 04:00:00,0.0,0.0,0.0,0.0,0.0,0.0,0.0
2019-02-07 05:00:00,0.0,0.0,0.0,0.0,0.0,0.0,0.0
2019-02-07 06:00:00,0.0,0.0,0.0,0.0,0.0,0.0,0.0
2019-02-07 07:00:00,0.0,0.0,0.0,0.0,0.0,0.0,0.0
2019-02-07 08:00:00,258.301886792452,702.767295597484,998.301886792453,3574.409155178648,0.0,518.930817610063,702.767295597484
2019-02-07 09:00:00,258.301886792452,702.767295597484,998.301886792453,4032.76729559748,0.0,518.930817610063,702.767295597484
2019-02-07 10:00:00,258.301886792452,702.767295597484,998.301886792453,4032.76729559748,186.163522012579,518.930817610063,702.767295597484
2019-02-07 11:00:00,258.301886792452,702.767295597484,998.301886792453,4032.76729559748,186.163522012579,518.930817610063,702.767295597484
2019-02-07 12:00:00,258.301886792452,702.767295597484,998.301886792453,4032.76729559748,0.0,518.930817610063,702.767295597484
2019-02-07 13:00:00,258.301886792452,702.767295597484,998.301886792453,4032.76729559748,0.0,518.930817610063,702.767295597484
2019-02-07 14:00:00,0.0,82.74665433082464,0.0,0.0,0.0,0.0,0.0
2019-02-07 15:00:00,0.0,0.0,0.0,0.0,0.0,0.0,0.0
2019-02-07 16:00:00,0.0,0.0,0.0,0.0,0.0,0.0,0.0
2019-02-07 17:00:00,0.0,0.0,0.0,0.0,0.0,0.0,0.0
2019-02-07 18:00:00,0.0,0.0,0.0,0.0,0.0,0.0,0.0
2019-02-07 19:00:00,0.0,0.0,0.0,0.0,0.0,0.0,0.0
2019-02-07 20:00:00,0.0,0.0,0.0,0.0,0.0,0.0,0.0
2019-02-07 21:00:00,0.0,0.0,0.0,0.0,0.0,0.0,0.0
2019-02-07 22:00:00,0.0,0.0,0.0,0.0,0.0,0.0,0.0
2019-02-07 23:00:00,0.0,0.0,0.0,0.0,0.0,0.0,0.0
2019-02-08 00:00:00,0.0,0.0,0.0,0.0,0.0,0.0,0.0
2019-02-08 01:00:00,0.0,0.0,0.0,0.0,0.0,0.0,0.0
2019-02-08 02:00:00,0.0,0.0,0.0,0.0,0.0,0.0,0.0
2019-02-08 03:00:00,0.0,0.0,0.0,0.0,0.0,0.0,0.0
2019-02-08 04:00:00,0.0,0.0,0.0,0.0,0.0,0.0,0.0
2019-02-08 05:00:00,0.0,0.0,0.0,0.0,0.0,0.0,0.0
2019-02-08 06:00:00,0.0,0.0,0.0,0.0,0.0,0.0,0.0
2019-02-08 07:00:00,0.0,0.0,0.0,0.0,0.0,0.0,0.0
2019-02-08 08:00:00,0.0,132.78294345564473,0.0,4032.76729559748,0.0,0.0,0.0
2019-02-08 09:00:00,258.301886792452,702.767295597484,998.301886792453,4032.76729559748,0.0,518.930817610063,702.767295597484
2019-02-08 10:00:00,258.301886792452,702.767295597484,998.301886792453,4032.76729559748,186.163522012579,518.930817610063,702.767295597484
2019-02-08 11:00:00,258.301886792452,702.767295597484,998.301886792453,4032.76729559748,0.0,518.930817610063,702.767295597484
2019-02-08 12:00:00,258.301886792452,702.767295597484,998.301886792453,4032.76729559748,186.163522012579,518.930817610063,702.767295597484
2019-02-08 13:00:00,258.301886792452,702.767295597484,998.301886792453,4032.76729559748,0.0,518.930817610063,702.767295597484
2019-02-08 14:00:00,0.0,702.767295597484,0.0,4032.76729559748,0.0,0.0,0.0
2019-02-08 15:00:00,0.0,0.0,0.0,0.0,0.0,0.0,0.0
2019-02-08 16:00:00,0.0,0.0,0.0,0.0,0.0,0.0,0.0
2019-02-08 17:00:00,0.0,0.0,0.0,0.0,0.0,0.0,0.0
2019-02-08 18:00:00,0.0,0.0,0.0,0.0,0.0,0.0,0.0
2019-02-08 19:00:00,0.0,0.0,0.0,0.0,0.0,0.0,0.0
2019-02-08 20:00:00,0.0,0.0,0.0,0.0,0.0,0.0,0.0
2019-02-08 21:00:00,0.0,0.0,0.0,0.0,0.0,0.0,0.0
2019-02-08 22:00:00,0.0,0.0,0.0,0.0,0.0,0.0,0.0
2019-02-08 23:00:00,0.0,0.0,0.0,0.0,0.0,0.0,0.0
2019-02-09 00:00:00,0.0,0.0,0.0,0.0,0.0,0.0,0.0
2019-02-09 01:00:00,0.0,0.0,0.0,0.0,0.0,0.0,0.0
2019-02-09 02:00:00,0.0,0.0,0.0,0.0,0.0,0.0,0.0
2019-02-09 03:00:00,0.0,0.0,0.0,0.0,0.0,0.0,0.0
2019-02-09 04:00:00,0.0,0.0,0.0,0.0,0.0,0.0,0.0
2019-02-09 05:00:00,0.0,0.0,0.0,0.0,0.0,0.0,0.0
2019-02-09 06:00:00,0.0,0.0,0.0,0.0,0.0,0.0,0.0
2019-02-09 07:00:00,0.0,0.0,0.0,0.0,0.0,0.0,0.0
2019-02-09 08:00:00,258.301886792452,702.767295597484,998.301886792453,4032.76729559748,0.0,518.930817610063,702.767295597484
2019-02-09 09:00:00,258.301886792452,702.767295597484,998.301886792453,4032.76729559748,25.47608285625016,518.930817610063,702.767295597484
2019-02-09 10:00:00,258.301886792452,702.767295597484,998.301886792453,4032.76729559748,186.163522012579,518.930817610063,702.767295597484
2019-02-09 11:00:00,258.301886792452,702.767295597484,998.301886792453,4032.76729559748,186.163522012579,518.930817610063,702.767295597484
2019-02-09 12:00:00,258.301886792452,702.767295597484,998.301886792453,4032.76729559748,186.163522012579,518.930817610063,702.767295597484
2019-02-09 13:00:00,258.301886792452,702.767295597484,998.301886792453,4032.76729559748,0.0,518.930817610063,702.767295597484
2019-02-09 14:00:00,258.301886792452,702.767295597484,998.301886792453,4032.76729559748,0.0,518.930817610063,702.767295597484
2019-02-09 15:00:00,0.0,0.0,0.0,0.0,0.0,0.0,0.0
2019-02-09 16:00:00,0.0,0.0,0.0,0.0,0.0,0.0,0.0
2019-02-09 17:00:00,0.0,0.0,0.0,0.0,0.0,0.0,0.0
2019-02-09 18:00:00,0.0,0.0,0.0,0.0,0.0,0.0,0.0
2019-02-09 19:00:00,0.0,0.0,0.0,0.0,0.0,0.0,0.0
2019-02-09 20:00:00,0.0,0.0,0.0,0.0,0.0,0.0,0.0
2019-02-09 21:00:00,0.0,0.0,0.0,0.0,0.0,0.0,0.0
2019-02-09 22:00:00,0.0,0.0,0.0,0.0,0.0,0.0,0.0
2019-02-09 23:00:00,0.0,0.0,0.0,0.0,0.0,0.0,0.0
2019-02-10 00:00:00,0.0,0.0,0.0,0.0,0.0,0.0,0.0
2019-02-10 01:00:00,0.0,0.0,0.0,0.0,0.0,0.0,0.0
2019-02-10 02:00:00,0.0,0.0,0.0,0.0,0.0,0.0,0.0
2019-02-10 03:00:00,0.0,0.0,0.0,0.0,0.0,0.0,0.0
2019-02-10 04:00:00,0.0,0.0,0.0,0.0,0.0,0.0,0.0
2019-02-10 05:00:00,0.0,0.0,0.0,0.0,0.0,0.0,0.0
2019-02-10 06:00:00,0.0,0.0,0.0,0.0,0.0,0.0,0.0
2019-02-10 07:00:00,0.0,0.0,0.0,0.0,0.0,0.0,0.0
2019-02-10 08:00:00,258.301886792452,702.767295597484,998.301886792453,4032.76729559748,186.163522012579,518.930817610063,702.767295597484
2019-02-10 09:00:00,258.301886792452,702.767295597484,998.301886792453,4032.76729559748,186.163522012579,518.930817610063,702.767295597484
2019-02-10 10:00:00,258.301886792452,702.767295597484,998.301886792453,4032.76729559748,186.163522012579,518.930817610063,702.767295597484
2019-02-10 11:00:00,258.301886792452,702.767295597484,998.301886792453,4032.76729559748,186.163522012579,518.930817610063,702.767295597484
2019-02-10 12:00:00,258.301886792452,702.767295597484,998.301886792453,4032.76729559748,186.163522012579,518.930817610063,702.767295597484
2019-02-10 13:00:00,258.301886792452,702.767295597484,998.301886792453,4032.76729559748,186.163522012579,518.930817610063,702.767295597484
2019-02-10 14:00:00,258.301886792452,702.767295597484,998.301886792453,4032.76729559748,186.163522012579,518.930817610063,702.767295597484
2019-02-10 15:00:00,258.301886792452,0.0,998.301886792453,0.0,186.163522012579,518.930817610063,702.767295597484
2019-02-10 16:00:00,258.301886792452,0.0,998.301886792453,0.0,186.163522012579,518.930817610063,702.767295597484
2019-02-10 17:00:00,258.301886792452,0.0,998.301886792453,0.0,186.163522012579,518.930817610063,702.767295597484
2019-02-10 18:00:00,258.301886792452,0.0,998.301886792453,0.0,186.163522012579,518.930817610063,702.767295597484
2019-02-10 19:00:00,258.301886792452,0.0,998.301886792453,0.0,186.163522012579,518.930817610063,702.767295597484
2019-02-10 20:00:00,258.301886792452,0.0,998.301886792453,0.0,186.163522012579,518.930817610063,702.767295597484
2019-02-10 21:00:00,258.301886792452,0.0,998.301886792453,0.0,186.163522012579,518.930817610063,702.767295597484
2019-02-10 22:00:00,258.301886792452,702.767295597484,998.301886792453,800.2037837886182,186.163522012579,415.4247421433654,702.767295597484
2019-02-10 23:00:00,258.301886792452,702.767295597484,998.301886792453,3126.371779817722,186.163522012579,518.930817610063,702.767295597484
2019-02-11 00:00:00,258.301886792452,702.767295597484,998.301886792453,2073.5792131990147,186.163522012579,518.930817610063,702.767295597484
2019-02-11 01:00:00,258.301886792452,702.767295597484,998.301886792453,2398.310750377723,186.163522012579,518.930817610063,702.767295597484
2019-02-11 02:00:00,258.301886792452,702.767295597484,998.301886792453,4032.76729559748,186.163522012579,518.930817610063,702.767295597484
2019-02-11 03:00:00,258.301886792452,702.767295597484,998.301886792453,2013.6192471791246,186.163522012579,518.930817610063,702.767295597484
2019-02-11 04:00:00,258.301886792452,702.767295597484,998.301886792453,3296.804139202696,186.163522012579,0.0,702.767295597484
2019-02-11 05:00:00,258.301886792452,0.0,998.301886792453,0.0,186.163522012579,0.0,702.767295597484
2019-02-11 06:00:00,258.301886792452,0.0,998.301886792453,0.0,186.163522012579,0.0,702.767295597484
2019-02-11 07:00:00,258.301886792452,0.0,998.301886792453,0.0,186.163522012579,518.930817610063,702.767295597484
2019-02-11 08:00:00,258.301886792452,0.0,998.301886792453,0.0,186.163522012579,518.930817610063,702.767295597484
2019-02-11 09:00:00,258.301886792452,702.767295597484,998.301886792453,4032.76729559748,186.163522012579,518.930817610063,702.767295597484
2019-02-11 10:00:00,258.301886792452,702.767295597484,998.301886792453,4032.76729559748,186.163522012579,518.930817610063,702.767295597484
2019-02-11 11:00:00,258.301886792452,702.767295597484,998.301886792453,4032.76729559748,186.163522012579,518.930817610063,702.767295597484
2019-02-11 12:00:00,258.301886792452,702.767295597484,998.301886792453,4032.76729559748,186.163522012579,518.930817610063,702.767295597484
2019-02-11 13:00:00,258.301886792452,702.767295597484,998.301886792453,4032.76729559748,186.163522012579,518.930817610063,702.767295597484
2019-02-11 14:00:00,258.301886792452,702.767295597484,998.301886792453,4032.76729559748,186.163522012579,518.930817610063,702.767295597484
2019-02-11 15:00:00,258.301886792452,0.0,998.301886792453,0.0,186.163522012579,518.930817610063,702.767295597484
2019-02-11 16:00:00,258.301886792452,0.0,998.301886792453,0.0,186.163522012579,518.930817610063,702.767295597484
2019-02-11 17:00:00,258.301886792452,0.0,998.301886792453,0.0,186.163522012579,518.930817610063,702.767295597484
2019-02-11 18:00:00,258.301886792452,0.0,998.301886792453,0.0,186.163522012579,518.930817610063,702.767295597484
2019-02-11 19:00:00,258.301886792452,0.0,998.301886792453,0.0,186.163522012579,518.930817610063,702.767295597484
2019-02-11 20:00:00,258.301886792452,0.0,998.301886792453,0.0,186.163522012579,518.930817610063,702.767295597484
2019-02-11 21:00:00,258.301886792452,0.0,998.301886792453,0.0,186.163522012579,518.930817610063,702.767295597484
2019-02-11 22:00:00,258.301886792452,0.0,998.301886792453,0.0,186.163522012579,518.930817610063,702.767295597484
2019-02-11 23:00:00,258.301886792452,702.767295597484,998.301886792453,0.0,186.163522012579,518.930817610063,702.767295597484
2019-02-12 00:00:00,258.301886792452,0.0,998.301886792453,0.0,186.163522012579,518.930817610063,702.767295597484
2019-02-12 01:00:00,258.301886792452,0.0,998.301886792453,0.0,186.163522012579,518.930817610063,702.767295597484
2019-02-12 02:00:00,258.301886792452,0.0,998.301886792453,0.0,186.163522012579,518.930817610063,702.767295597484
2019-02-12 03:00:00,258.301886792452,0.0,998.301886792453,0.0,186.163522012579,518.930817610063,702.767295597484
2019-02-12 04:00:00,258.301886792452,0.0,998.301886792453,0.0,186.163522012579,518.930817610063,702.767295597484
2019-02-12 05:00:00,258.301886792452,0.0,998.301886792453,0.0,186.163522012579,518.930817610063,702.767295597484
2019-02-12 06:00:00,258.301886792452,0.0,998.301886792453,0.0,186.163522012579,518.930817610063,702.767295597484
2019-02-12 07:00:00,258.301886792452,0.0,998.301886792453,0.0,186.163522012579,518.930817610063,702.767295597484
2019-02-12 08:00:00,258.301886792452,681.894140691833,998.301886792453,1425.3640810469537,186.163522012579,518.930817610063,702.767295597484
2019-02-12 09:00:00,258.301886792452,702.767295597484,998.301886792453,4032.76729559748,186.163522012579,518.930817610063,702.767295597484
2019-02-12 10:00:00,258.301886792452,702.767295597484,998.301886792453,4032.76729559748,186.163522012579,518.930817610063,702.767295597484
2019-02-12 11:00:00,258.301886792452,702.767295597484,998.301886792453,4032.76729559748,186.163522012579,518.930817610063,702.767295597484
2019-02-12 12:00:00,258.301886792452,702.767295597484,998.301886792453,4032.76729559748,186.163522012579,518.930817610063,702.767295597484
2019-02-12 13:00:00,258.301886792452,702.767295597484,998.301886792453,4032.76729559748,186.163522012579,518.930817610063,702.767295597484
2019-02-12 14:00:00,258.301886792452,702.767295597484,998.301886792453,4032.76729559748,186.163522012579,518.930817610063,702.767295597484
2019-02-12 15:00:00,258.301886792452,0.0,998.301886792453,0.0,186.163522012579,518.930817610063,702.767295597484
2019-02-12 16:00:00,258.301886792452,0.0,998.301886792453,0.0,186.163522012579,518.930817610063,702.767295597484
2019-02-12 17:00:00,258.301886792452,0.0,998.301886792453,0.0,186.163522012579,518.930817610063,702.767295597484
2019-02-12 18:00:00,258.301886792452,0.0,998.301886792453,0.0,186.163522012579,518.930817610063,702.767295597484
2019-02-12 19:00:00,258.301886792452,0.0,998.301886792453,0.0,186.163522012579,518.930817610063,702.767295597484
2019-02-12 20:00:00,258.301886792452,0.0,998.301886792453,0.0,186.163522012579,518.930817610063,702.767295597484
2019-02-12 21:00:00,258.301886792452,0.0,998.301886792453,0.0,186.163522012579,518.930817610063,702.767295597484
2019-02-12 22:00:00,258.301886792452,0.0,998.301886792453,0.0,186.163522012579,518.930817610063,702.767295597484
2019-02-12 23:00:00,258.301886792452,702.767295597484,998.301886792453,0.0,186.163522012579,518.930817610063,702.767295597484
2019-02-13 00:00:00,258.301886792452,0.0,998.301886792453,0.0,186.163522012579,518.930817610063,702.767295597484
2019-02-13 01:00:00,258.301886792452,0.0,998.301886792453,0.0,186.163522012579,518.930817610063,702.767295597484
2019-02-13 02:00:00,258.301886792452,0.0,998.301886792453,0.0,186.163522012579,518.930817610063,702.767295597484
2019-02-13 03:00:00,258.301886792452,0.0,998.301886792453,0.0,186.163522012579,518.930817610063,702.767295597484
2019-02-13 04:00:00,258.301886792452,0.0,998.301886792453,0.0,186.163522012579,518.930817610063,702.767295597484
2019-02-13 05:00:00,258.301886792452,0.0,998.301886792453,0.0,186.163522012579,518.930817610063,702.767295597484
2019-02-13 06:00:00,258.301886792452,0.0,998.301886792453,0.0,186.163522012579,518.930817610063,702.767295597484
2019-02-13 07:00:00,258.301886792452,0.0,998.301886792453,0.0,186.163522012579,518.930817610063,702.767295597484
2019-02-13 08:00:00,258.301886792452,702.767295597484,998.301886792453,2573.2134638413345,186.163522012579,518.930817610063,702.767295597484
2019-02-13 09:00:00,258.301886792452,702.767295597484,998.301886792453,4032.76729559748,186.163522012579,518.930817610063,702.767295597484
2019-02-13 10:00:00,258.301886792452,702.767295597484,998.301886792453,4032.76729559748,186.163522012579,518.930817610063,702.767295597484
2019-02-13 11:00:00,258.301886792452,702.767295597484,998.301886792453,4032.76729559748,186.163522012579,518.930817610063,702.767295597484
2019-02-13 12:00:00,258.301886792452,702.767295597484,998.301886792453,4032.76729559748,186.163522012579,518.930817610063,702.767295597484
2019-02-13 13:00:00,258.301886792452,702.767295597484,998.301886792453,4032.76729559748,186.163522012579,518.930817610063,702.767295597484
2019-02-13 14:00:00,258.301886792452,702.767295597484,998.301886792453,4032.76729559748,186.163522012579,518.930817610063,702.767295597484
2019-02-13 15:00:00,258.301886792452,0.0,998.301886792453,0.0,186.163522012579,518.930817610063,702.767295597484
2019-02-13 16:00:00,258.301886792452,0.0,998.301886792453,0.0,186.163522012579,518.930817610063,702.767295597484
2019-02-13 17:00:00,258.301886792452,0.0,998.301886792453,0.0,186.163522012579,518.930817610063,702.767295597484
2019-02-13 18:00:00,258.301886792452,0.0,998.301886792453,0.0,186.163522012579,518.930817610063,702.767295597484
2019-02-13 19:00:00,258.301886792452,0.0,998.301886792453,0.0,186.163522012579,518.930817610063,702.767295597484
2019-02-13 20:00:00,258.301886792452,0.0,998.301886792453,0.0,186.163522012579,518.930817610063,702.767295597484
2019-02-13 21:00:00,258.301886792452,0.0,998.301886792453,0.0,186.163522012579,518.930817610063,702.767295597484
2019-02-13 22:00:00,258.301886792452,0.0,998.301886792453,0.0,186.163522012579,518.930817610063,702.767295597484
2019-02-13 23:00:00,258.301886792452,0.0,998.301886792453,0.0,186.163522012579,518.930817610063,702.767295597484
2019-02-14 00:00:00,258.301886792452,0.0,998.301886792453,0.0,186.163522012579,518.930817610063,702.767295597484
2019-02-14 01:00:00,258.301886792452,0.0,998.301886792453,0.0,186.163522012579,518.930817610063,702.767295597484
2019-02-14 02:00:00,258.301886792452,0.0,998.301886792453,0.0,186.163522012579,518.930817610063,702.767295597484
2019-02-14 03:00:00,258.301886792452,0.0,998.301886792453,0.0,186.163522012579,518.930817610063,702.767295597484
2019-02-14 04:00:00,258.301886792452,0.0,998.301886792453,0.0,186.163522012579,518.930817610063,702.767295597484
2019-02-14 05:00:00,258.301886792452,0.0,998.301886792453,0.0,186.163522012579,518.930817610063,702.767295597484
2019-02-14 06:00:00,258.301886792452,0.0,998.301886792453,0.0,186.163522012579,518.930817610063,702.767295597484
2019-02-14 07:00:00,258.301886792452,0.0,998.301886792453,0.0,186.163522012579,518.930817610063,702.767295597484
2019-02-14 08:00:00,258.301886792452,702.767295597484,998.301886792453,4032.76729559748,186.163522012579,518.930817610063,702.767295597484
2019-02-14 09:00:00,258.301886792452,702.767295597484,998.301886792453,4032.76729559748,186.163522012579,518.930817610063,702.767295597484
2019-02-14 10:00:00,258.301886792452,702.767295597484,998.301886792453,4032.76729559748,186.163522012579,518.930817610063,702.767295597484
2019-02-14 11:00:00,258.301886792452,702.767295597484,998.301886792453,4032.76729559748,186.163522012579,518.930817610063,702.767295597484
2019-02-14 12:00:00,258.301886792452,702.767295597484,998.301886792453,4032.76729559748,186.163522012579,518.930817610063,702.767295597484
2019-02-14 13:00:00,258.301886792452,702.767295597484,998.301886792453,4032.76729559748,186.163522012579,518.930817610063,702.767295597484
2019-02-14 14:00:00,258.301886792452,702.767295597484,998.301886792453,4032.76729559748,186.163522012579,518.930817610063,702.767295597484
2019-02-14 15:00:00,258.301886792452,0.0,998.301886792453,0.0,186.163522012579,518.930817610063,702.767295597484
2019-02-14 16:00:00,258.301886792452,0.0,998.301886792453,0.0,0.0,518.930817610063,702.767295597484
2019-02-14 17:00:00,258.301886792452,0.0,998.301886792453,0.0,0.0,518.930817610063,702.767295597484
2019-02-14 18:00:00,258.301886792452,0.0,998.301886792453,0.0,0.0,518.930817610063,702.767295597484
2019-02-14 19:00:00,258.301886792452,0.0,998.301886792453,0.0,0.0,283.6056348878991,702.767295597484
2019-02-14 20:00:00,258.301886792452,0.0,998.301886792453,0.0,0.0,518.930817610063,702.767295597484
2019-02-14 21:00:00,258.301886792452,0.0,998.301886792453,0.0,0.0,518.930817610063,702.767295597484
2019-02-14 22:00:00,258.301886792452,0.0,998.301886792453,0.0,0.0,0.0,702.767295597484
2019-02-14 23:00:00,0.0,0.0,998.301886792453,0.0,0.0,0.0,702.767295597484
2019-02-15 00:00:00,258.301886792452,0.0,0.0,0.0,0.0,0.0,672.6540568971304
2019-02-15 01:00:00,258.301886792452,0.0,0.0,0.0,0.0,0.0,0.0
2019-02-15 02:00:00,0.0,0.0,0.0,0.0,0.0,0.0,0.0
2019-02-15 03:00:00,0.0,0.0,0.0,0.0,0.0,0.0,0.0
2019-02-15 04:00:00,0.0,0.0,0.0,0.0,0.0,0.0,0.0
2019-02-15 05:00:00,0.0,0.0,0.0,0.0,0.0,0.0,0.0
2019-02-15 06:00:00,0.0,0.0,0.0,0.0,0.0,0.0,0.0
2019-02-15 07:00:00,0.0,0.0,0.0,0.0,0.0,0.0,0.0
2019-02-15 08:00:00,258.301886792452,702.767295597484,998.301886792453,4032.76729559748,0.0,518.930817610063,702.767295597484
2019-02-15 09:00:00,258.301886792452,702.767295597484,998.301886792453,4032.76729559748,186.163522012579,518.930817610063,702.767295597484
2019-02-15 10:00:00,258.301886792452,702.767295597484,998.301886792453,4032.76729559748,186.163522012579,518.930817610063,702.767295597484
2019-02-15 11:00:00,258.301886792452,702.767295597484,998.301886792453,4032.76729559748,186.163522012579,518.930817610063,702.767295597484
2019-02-15 12:00:00,258.301886792452,702.767295597484,998.301886792453,4032.76729559748,186.163522012579,518.930817610063,702.767295597484
2019-02-15 13:00:00,258.301886792452,702.767295597484,998.301886792453,4032.76729559748,186.163522012579,518.930817610063,702.767295597484
2019-02-15 14:00:00,258.301886792452,702.767295597484,998.301886792453,4032.76729559748,0.0,518.930817610063,702.767295597484
2019-02-15 15:00:00,258.301886792452,0.0,998.301886792453,0.0,0.0,518.930817610063,702.767295597484
2019-02-15 16:00:00,0.0,0.0,0.0,0.0,0.0,0.0,0.0
2019-02-15 17:00:00,0.0,0.0,0.0,0.0,0.0,0.0,0.0
2019-02-15 18:00:00,0.0,0.0,0.0,0.0,0.0,0.0,0.0
2019-02-15 19:00:00,0.0,0.0,0.0,0.0,0.0,0.0,0.0
2019-02-15 20:00:00,0.0,0.0,0.0,0.0,0.0,0.0,0.0
2019-02-15 21:00:00,0.0,0.0,0.0,0.0,0.0,0.0,0.0
2019-02-15 22:00:00,0.0,0.0,0.0,0.0,0.0,0.0,0.0
2019-02-15 23:00:00,0.0,0.0,0.0,0.0,0.0,0.0,0.0
2019-02-16 00:00:00,0.0,0.0,0.0,0.0,0.0,0.0,0.0
2019-02-16 01:00:00,0.0,0.0,0.0,0.0,0.0,0.0,0.0
2019-02-16 02:00:00,0.0,0.0,0.0,0.0,0.0,0.0,0.0
2019-02-16 03:00:00,0.0,0.0,0.0,0.0,0.0,0.0,0.0
2019-02-16 04:00:00,0.0,0.0,0.0,0.0,0.0,0.0,0.0
2019-02-16 05:00:00,0.0,0.0,0.0,0.0,0.0,0.0,0.0
2019-02-16 06:00:00,0.0,0.0,0.0,0.0,0.0,0.0,0.0
2019-02-16 07:00:00,0.0,0.0,0.0,0.0,0.0,0.0,0.0
2019-02-16 08:00:00,258.301886792452,702.767295597484,998.301886792453,4032.76729559748,186.163522012579,518.930817610063,702.767295597484
2019-02-16 09:00:00,258.301886792452,702.767295597484,998.301886792453,4032.76729559748,186.163522012579,518.930817610063,702.767295597484
2019-02-16 10:00:00,258.301886792452,702.767295597484,998.301886792453,4032.76729559748,186.163522012579,518.930817610063,702.767295597484
2019-02-16 11:00:00,258.301886792452,702.767295597484,998.301886792453,4032.76729559748,186.163522012579,518.930817610063,702.767295597484
2019-02-16 12:00:00,258.301886792452,702.767295597484,998.301886792453,4032.76729559748,186.163522012579,518.930817610063,702.767295597484
2019-02-16 13:00:00,258.301886792452,702.767295597484,998.301886792453,4032.76729559748,186.163522012579,518.930817610063,702.767295597484
2019-02-16 14:00:00,258.301886792452,702.767295597484,998.301886792453,4032.76729559748,186.163522012579,518.930817610063,702.767295597484
2019-02-16 15:00:00,0.0,702.767295597484,0.0,4032.76729559748,0.0,0.0,0.0
2019-02-16 16:00:00,0.0,0.0,0.0,0.0,0.0,0.0,0.0
2019-02-16 17:00:00,0.0,0.0,0.0,0.0,0.0,0.0,0.0
2019-02-16 18:00:00,0.0,0.0,0.0,0.0,0.0,0.0,0.0
2019-02-16 19:00:00,0.0,0.0,0.0,0.0,0.0,0.0,0.0
2019-02-16 20:00:00,0.0,0.0,0.0,0.0,0.0,0.0,0.0
2019-02-16 21:00:00,0.0,0.0,0.0,0.0,0.0,0.0,0.0
2019-02-16 22:00:00,0.0,0.0,0.0,0.0,0.0,0.0,0.0
2019-02-16 23:00:00,0.0,0.0,0.0,0.0,0.0,0.0,0.0
2019-02-17 00:00:00,0.0,0.0,0.0,0.0,0.0,0.0,0.0
2019-02-17 01:00:00,0.0,0.0,0.0,0.0,0.0,0.0,0.0
2019-02-17 02:00:00,0.0,0.0,0.0,0.0,0.0,0.0,0.0
2019-02-17 03:00:00,0.0,0.0,0.0,0.0,0.0,0.0,0.0
2019-02-17 04:00:00,0.0,0.0,0.0,0.0,0.0,0.0,0.0
2019-02-17 05:00:00,0.0,0.0,0.0,0.0,0.0,0.0,0.0
2019-02-17 06:00:00,0.0,0.0,0.0,0.0,0.0,0.0,0.0
2019-02-17 07:00:00,0.0,0.0,0.0,3107.556707480267,0.0,0.0,0.0
2019-02-17 08:00:00,258.301886792452,702.767295597484,998.301886792453,4032.76729559748,186.163522012579,518.930817610063,702.767295597484
2019-02-17 09:00:00,258.301886792452,702.767295597484,998.301886792453,4032.76729559748,186.163522012579,518.930817610063,702.767295597484
2019-02-17 10:00:00,258.301886792452,702.767295597484,998.301886792453,4032.76729559748,186.163522012579,518.930817610063,702.767295597484
2019-02-17 11:00:00,258.301886792452,702.767295597484,998.301886792453,4032.76729559748,186.163522012579,518.930817610063,702.767295597484
2019-02-17 12:00:00,258.301886792452,702.767295597484,998.301886792453,4032.76729559748,186.163522012579,518.930817610063,702.767295597484
2019-02-17 13:00:00,258.301886792452,702.767295597484,998.301886792453,4032.76729559748,186.163522012579,518.930817610063,702.767295597484
2019-02-17 14:00:00,258.301886792452,702.767295597484,998.301886792453,4032.76729559748,186.163522012579,518.930817610063,702.767295597484
2019-02-17 15:00:00,258.301886792452,702.767295597484,998.301886792453,4032.76729559748,0.0,518.930817610063,702.767295597484
2019-02-17 16:00:00,0.0,0.0,0.0,0.0,0.0,0.0,0.0
2019-02-17 17:00:00,0.0,0.0,0.0,0.0,0.0,0.0,0.0
2019-02-17 18:00:00,0.0,0.0,0.0,0.0,0.0,0.0,0.0
2019-02-17 19:00:00,0.0,0.0,0.0,0.0,0.0,0.0,0.0
2019-02-17 20:00:00,0.0,0.0,0.0,0.0,0.0,0.0,0.0
2019-02-17 21:00:00,0.0,0.0,0.0,0.0,0.0,0.0,0.0
2019-02-17 22:00:00,0.0,0.0,0.0,0.0,0.0,0.0,0.0
2019-02-17 23:00:00,0.0,0.0,0.0,0.0,0.0,0.0,0.0
2019-02-18 00:00:00,0.0,0.0,0.0,0.0,0.0,0.0,0.0
2019-02-18 01:00:00,0.0,0.0,0.0,0.0,0.0,0.0,0.0
2019-02-18 02:00:00,0.0,0.0,0.0,0.0,0.0,0.0,0.0
2019-02-18 03:00:00,0.0,0.0,0.0,0.0,0.0,0.0,0.0
2019-02-18 04:00:00,0.0,0.0,0.0,0.0,0.0,0.0,0.0
2019-02-18 05:00:00,0.0,0.0,0.0,0.0,0.0,0.0,0.0
2019-02-18 06:00:00,0.0,0.0,0.0,0.0,0.0,0.0,0.0
2019-02-18 07:00:00,0.0,0.0,0.0,0.0,0.0,0.0,0.0
2019-02-18 08:00:00,258.301886792452,702.767295597484,998.301886792453,4032.76729559748,0.0,518.930817610063,702.767295597484
2019-02-18 09:00:00,258.301886792452,702.767295597484,998.301886792453,4032.76729559748,0.0,518.930817610063,702.767295597484
2019-02-18 10:00:00,258.301886792452,702.767295597484,998.301886792453,4032.76729559748,186.163522012579,518.930817610063,702.767295597484
2019-02-18 11:00:00,258.301886792452,702.767295597484,998.301886792453,4032.76729559748,186.163522012579,518.930817610063,702.767295597484
2019-02-18 12:00:00,258.301886792452,702.767295597484,998.301886792453,4032.76729559748,186.163522012579,518.930817610063,702.767295597484
2019-02-18 13:00:00,258.301886792452,702.767295597484,998.301886792453,4032.76729559748,0.0,518.930817610063,702.767295597484
2019-02-18 14:00:00,258.301886792452,702.767295597484,998.301886792453,4032.76729559748,0.0,518.930817610063,702.767295597484
2019-02-18 15:00:00,0.0,0.0,0.0,0.0,0.0,0.0,0.0
2019-02-18 16:00:00,0.0,0.0,0.0,0.0,0.0,0.0,0.0
2019-02-18 17:00:00,0.0,0.0,0.0,0.0,0.0,0.0,0.0
2019-02-18 18:00:00,0.0,0.0,0.0,0.0,0.0,0.0,0.0
2019-02-18 19:00:00,0.0,0.0,0.0,0.0,0.0,0.0,0.0
2019-02-18 20:00:00,0.0,0.0,0.0,0.0,0.0,0.0,0.0
2019-02-18 21:00:00,0.0,0.0,0.0,0.0,0.0,0.0,0.0
2019-02-18 22:00:00,0.0,0.0,0.0,0.0,0.0,0.0,0.0
2019-02-18 23:00:00,0.0,0.0,0.0,0.0,0.0,0.0,0.0
2019-02-19 00:00:00,0.0,0.0,0.0,0.0,0.0,0.0,0.0
2019-02-19 01:00:00,0.0,0.0,0.0,0.0,0.0,0.0,0.0
2019-02-19 02:00:00,0.0,0.0,0.0,0.0,0.0,0.0,0.0
2019-02-19 03:00:00,0.0,0.0,0.0,0.0,0.0,0.0,0.0
2019-02-19 04:00:00,0.0,0.0,0.0,0.0,0.0,0.0,0.0
2019-02-19 05:00:00,0.0,0.0,0.0,0.0,0.0,0.0,0.0
2019-02-19 06:00:00,0.0,0.0,0.0,0.0,0.0,0.0,0.0
2019-02-19 07:00:00,0.0,0.0,0.0,0.0,0.0,0.0,0.0
2019-02-19 08:00:00,0.0,0.0,0.0,2388.8174808908543,0.0,0.0,0.0
2019-02-19 09:00:00,258.301886792452,702.767295597484,933.8331374443707,4032.76729559748,0.0,0.0,702.767295597484
2019-02-19 10:00:00,258.301886792452,702.767295597484,998.301886792453,4032.76729559748,0.0,518.930817610063,702.767295597484
2019-02-19 11:00:00,258.301886792452,702.767295597484,998.301886792453,4032.76729559748,0.0,518.930817610063,702.767295597484
2019-02-19 12:00:00,258.301886792452,702.767295597484,998.301886792453,4032.76729559748,0.0,518.930817610063,702.767295597484
2019-02-19 13:00:00,258.301886792452,702.767295597484,998.301886792453,4032.76729559748,0.0,518.930817610063,702.767295597484
2019-02-19 14:00:00,0.0,702.767295597484,0.0,4032.76729559748,0.0,0.0,0.0
2019-02-19 15:00:00,0.0,0.0,0.0,0.0,0.0,0.0,0.0
2019-02-19 16:00:00,0.0,0.0,0.0,0.0,0.0,0.0,0.0
2019-02-19 17:00:00,0.0,0.0,0.0,0.0,0.0,0.0,0.0
2019-02-19 18:00:00,0.0,0.0,0.0,0.0,0.0,0.0,0.0
2019-02-19 19:00:00,0.0,0.0,0.0,0.0,0.0,0.0,0.0
2019-02-19 20:00:00,0.0,0.0,0.0,0.0,0.0,0.0,0.0
2019-02-19 21:00:00,0.0,0.0,0.0,0.0,0.0,0.0,0.0
2019-02-19 22:00:00,0.0,0.0,0.0,0.0,0.0,0.0,0.0
2019-02-19 23:00:00,0.0,0.0,0.0,0.0,0.0,0.0,0.0
2019-02-20 00:00:00,0.0,0.0,0.0,0.0,0.0,0.0,0.0
2019-02-20 01:00:00,0.0,0.0,0.0,0.0,0.0,0.0,0.0
2019-02-20 02:00:00,0.0,0.0,0.0,0.0,0.0,0.0,0.0
2019-02-20 03:00:00,0.0,0.0,0.0,0.0,0.0,0.0,0.0
2019-02-20 04:00:00,0.0,0.0,0.0,0.0,0.0,0.0,0.0
2019-02-20 05:00:00,0.0,0.0,0.0,0.0,0.0,0.0,0.0
2019-02-20 06:00:00,0.0,0.0,0.0,0.0,0.0,0.0,0.0
2019-02-20 07:00:00,0.0,0.0,0.0,0.0,0.0,0.0,0.0
2019-02-20 08:00:00,0.0,186.40655333431914,0.0,0.0,0.0,0.0,0.0
2019-02-20 09:00:00,258.301886792452,702.767295597484,998.301886792453,4032.76729559748,0.0,518.930817610063,702.767295597484
2019-02-20 10:00:00,258.301886792452,702.767295597484,998.301886792453,4032.76729559748,0.0,518.930817610063,702.767295597484
2019-02-20 11:00:00,258.301886792452,702.767295597484,998.301886792453,4032.76729559748,0.0,518.930817610063,702.767295597484
2019-02-20 12:00:00,258.301886792452,702.767295597484,998.301886792453,4032.76729559748,186.163522012579,518.930817610063,702.767295597484
2019-02-20 13:00:00,258.301886792452,702.767295597484,998.301886792453,4032.76729559748,0.0,518.930817610063,702.767295597484
2019-02-20 14:00:00,0.0,702.767295597484,0.0,4032.76729559748,0.0,0.0,0.0
2019-02-20 15:00:00,0.0,0.0,0.0,0.0,0.0,0.0,0.0
2019-02-20 16:00:00,0.0,0.0,0.0,0.0,0.0,0.0,0.0
2019-02-20 17:00:00,0.0,0.0,0.0,0.0,0.0,0.0,0.0
2019-02-20 18:00:00,0.0,0.0,0.0,0.0,0.0,0.0,0.0
2019-02-20 19:00:00,0.0,0.0,0.0,0.0,0.0,0.0,0.0
2019-02-20 20:00:00,0.0,0.0,0.0,0.0,0.0,0.0,0.0
2019-02-20 21:00:00,0.0,0.0,0.0,0.0,0.0,0.0,0.0
2019-02-20 22:00:00,0.0,0.0,0.0,0.0,0.0,0.0,0.0
2019-02-20 23:00:00,0.0,0.0,0.0,0.0,0.0,0.0,0.0
2019-02-21 00:00:00,0.0,0.0,0.0,0.0,0.0,0.0,0.0
2019-02-21 01:00:00,0.0,0.0,0.0,0.0,0.0,0.0,0.0
2019-02-21 02:00:00,0.0,0.0,0.0,0.0,0.0,0.0,0.0
2019-02-21 03:00:00,0.0,0.0,0.0,0.0,0.0,0.0,0.0
2019-02-21 04:00:00,0.0,0.0,0.0,0.0,0.0,0.0,0.0
2019-02-21 05:00:00,0.0,0.0,0.0,0.0,0.0,0.0,0.0
2019-02-21 06:00:00,0.0,0.0,0.0,0.0,0.0,0.0,0.0
2019-02-21 07:00:00,0.0,0.0,0.0,0.0,0.0,0.0,0.0
2019-02-21 08:00:00,0.0,644.2919317952519,0.0,0.0,0.0,0.0,0.0
2019-02-21 09:00:00,258.301886792452,702.767295597484,998.301886792453,4032.76729559748,186.163522012579,518.930817610063,702.767295597484
2019-02-21 10:00:00,258.301886792452,702.767295597484,998.301886792453,4032.76729559748,186.163522012579,518.930817610063,702.767295597484
2019-02-21 11:00:00,258.301886792452,702.767295597484,998.301886792453,4032.76729559748,186.163522012579,518.930817610063,702.767295597484
2019-02-21 12:00:00,258.301886792452,702.767295597484,998.301886792453,4032.76729559748,186.163522012579,518.930817610063,702.767295597484
2019-02-21 13:00:00,258.301886792452,702.767295597484,998.301886792453,4032.76729559748,186.163522012579,518.930817610063,702.767295597484
2019-02-21 14:00:00,0.0,702.767295597484,0.0,4032.76729559748,0.0,0.0,0.0
2019-02-21 15:00:00,0.0,0.0,0.0,0.0,0.0,0.0,0.0
2019-02-21 16:00:00,0.0,0.0,0.0,0.0,0.0,0.0,0.0
2019-02-21 17:00:00,0.0,0.0,0.0,0.0,0.0,0.0,0.0
2019-02-21 18:00:00,0.0,0.0,0.0,0.0,0.0,0.0,0.0
2019-02-21 19:00:00,0.0,0.0,0.0,0.0,0.0,0.0,0.0
2019-02-21 20:00:00,0.0,0.0,0.0,0.0,0.0,0.0,0.0
2019-02-21 21:00:00,0.0,0.0,0.0,0.0,0.0,0.0,0.0
2019-02-21 22:00:00,0.0,0.0,0.0,0.0,0.0,0.0,0.0
2019-02-21 23:00:00,0.0,0.0,0.0,0.0,0.0,0.0,0.0
2019-02-22 00:00:00,0.0,0.0,0.0,0.0,0.0,0.0,0.0
2019-02-22 01:00:00,0.0,0.0,0.0,0.0,0.0,0.0,0.0
2019-02-22 02:00:00,0.0,0.0,0.0,0.0,0.0,0.0,0.0
2019-02-22 03:00:00,0.0,0.0,0.0,0.0,0.0,0.0,0.0
2019-02-22 04:00:00,0.0,0.0,0.0,0.0,0.0,0.0,0.0
2019-02-22 05:00:00,0.0,0.0,0.0,0.0,0.0,0.0,0.0
2019-02-22 06:00:00,0.0,0.0,0.0,0.0,0.0,0.0,0.0
2019-02-22 07:00:00,0.0,0.0,0.0,0.0,0.0,0.0,0.0
2019-02-22 08:00:00,258.301886792452,702.767295597484,998.301886792453,4032.76729559748,0.0,518.930817610063,702.767295597484
2019-02-22 09:00:00,258.301886792452,702.767295597484,998.301886792453,4032.76729559748,0.0,518.930817610063,702.767295597484
2019-02-22 10:00:00,258.301886792452,702.767295597484,998.301886792453,4032.76729559748,0.0,518.930817610063,702.767295597484
2019-02-22 11:00:00,258.301886792452,702.767295597484,998.301886792453,4032.76729559748,0.0,518.930817610063,702.767295597484
2019-02-22 12:00:00,258.301886792452,702.767295597484,998.301886792453,4032.76729559748,0.0,518.930817610063,702.767295597484
2019-02-22 13:00:00,258.301886792452,702.767295597484,998.301886792453,4032.76729559748,0.0,518.930817610063,702.767295597484
2019-02-22 14:00:00,258.301886792452,702.767295597484,998.301886792453,4032.76729559748,0.0,518.930817610063,702.767295597484
2019-02-22 15:00:00,0.0,702.767295597484,0.0,3049.5752475076306,0.0,0.0,0.0
2019-02-22 16:00:00,0.0,0.0,0.0,0.0,0.0,0.0,0.0
2019-02-22 17:00:00,0.0,0.0,0.0,0.0,0.0,0.0,0.0
2019-02-22 18:00:00,0.0,0.0,0.0,0.0,0.0,0.0,0.0
2019-02-22 19:00:00,0.0,0.0,0.0,0.0,0.0,0.0,0.0
2019-02-22 20:00:00,0.0,0.0,0.0,0.0,0.0,0.0,0.0
2019-02-22 21:00:00,0.0,0.0,0.0,0.0,0.0,0.0,0.0
2019-02-22 22:00:00,0.0,0.0,0.0,0.0,0.0,0.0,0.0
2019-02-22 23:00:00,0.0,0.0,979.9430358010093,2541.26262373342,0.0,0.0,0.0
2019-02-23 00:00:00,258.301886792452,135.32836466606204,998.301886792453,4032.76729559748,0.0,0.0,0.0
2019-02-23 01:00:00,258.301886792452,0.0,998.301886792453,1787.4297976842008,0.0,464.57627840876603,702.767295597484
2019-02-23 02:00:00,258.301886792452,0.0,998.301886792453,2320.5454965685203,186.163522012579,518.930817610063,702.767295597484
2019-02-23 03:00:00,258.301886792452,0.0,998.301886792453,2353.449838771219,186.163522012579,518.930817610063,702.767295597484
2019-02-23 04:00:00,258.301886792452,0.0,998.301886792453,2115.360880263628,186.163522012579,518.930817610063,702.767295597484
2019-02-23 05:00:00,258.301886792452,0.0,998.301886792453,0.0,186.163522012579,518.930817610063,702.767295597484
2019-02-23 06:00:00,258.301886792452,0.0,998.301886792453,0.0,186.163522012579,518.930817610063,702.767295597484
2019-02-23 07:00:00,258.301886792452,702.767295597484,998.301886792453,4032.76729559748,186.163522012579,518.930817610063,702.767295597484
2019-02-23 08:00:00,258.301886792452,702.767295597484,998.301886792453,4032.76729559748,186.163522012579,518.930817610063,702.767295597484
2019-02-23 09:00:00,258.301886792452,702.767295597484,998.301886792453,4032.76729559748,186.163522012579,518.930817610063,702.767295597484
2019-02-23 10:00:00,258.301886792452,702.767295597484,998.301886792453,4032.76729559748,186.163522012579,518.930817610063,702.767295597484
2019-02-23 11:00:00,258.301886792452,702.767295597484,998.301886792453,4032.76729559748,186.163522012579,518.930817610063,702.767295597484
2019-02-23 12:00:00,258.301886792452,702.767295597484,998.301886792453,4032.76729559748,186.163522012579,518.930817610063,702.767295597484
2019-02-23 13:00:00,258.301886792452,702.767295597484,998.301886792453,4032.76729559748,186.163522012579,518.930817610063,702.767295597484
2019-02-23 14:00:00,258.301886792452,702.767295597484,998.301886792453,4032.76729559748,186.163522012579,518.930817610063,702.767295597484
2019-02-23 15:00:00,258.301886792452,702.767295597484,998.301886792453,4032.76729559748,186.163522012579,518.930817610063,702.767295597484
2019-02-23 16:00:00,258.301886792452,0.0,998.301886792453,0.0,186.163522012579,518.930817610063,702.767295597484
2019-02-23 17:00:00,258.301886792452,0.0,998.301886792453,0.0,186.163522012579,518.930817610063,702.767295597484
2019-02-23 18:00:00,258.301886792452,0.0,998.301886792453,0.0,186.163522012579,518.930817610063,702.767295597484
2019-02-23 19:00:00,258.301886792452,0.0,998.301886792453,0.0,186.163522012579,518.930817610063,702.767295597484
2019-02-23 20:00:00,258.301886792452,0.0,998.301886792453,0.0,186.163522012579,518.930817610063,702.767295597484
2019-02-23 21:00:00,258.301886792452,0.0,998.301886792453,0.0,186.163522012579,518.930817610063,702.767295597484
2019-02-23 22:00:00,258.301886792452,0.0,998.301886792453,840.8721755558572,186.163522012579,518.930817610063,702.767295597484
2019-02-23 23:00:00,258.301886792452,0.0,998.301886792453,0.0,186.163522012579,518.930817610063,702.767295597484
2019-02-24 00:00:00,258.301886792452,38.539510908769444,998.301886792453,0.0,186.163522012579,518.930817610063,702.767295597484
2019-02-24 01:00:00,258.301886792452,702.767295597484,998.301886792453,2856.5141837804995,186.163522012579,518.930817610063,702.767295597484
2019-02-24 02:00:00,258.301886792452,240.71901530750074,998.301886792453,0.0,186.163522012579,518.930817610063,702.767295597484
2019-02-24 03:00:00,258.301886792452,259.8588265355356,998.301886792453,0.0,186.163522012579,518.930817610063,702.767295597484
2019-02-24 04:00:00,258.301886792452,152.80942001637231,998.301886792453,0.0,186.163522012579,518.930817610063,702.767295597484
2019-02-24 05:00:00,258.301886792452,0.0,998.301886792453,0.0,186.163522012579,518.930817610063,702.767295597484
2019-02-24 06:00:00,258.301886792452,0.0,998.301886792453,1403.1008491733116,186.163522012579,518.930817610063,702.767295597484
2019-02-24 07:00:00,258.301886792452,702.767295597484,998.301886792453,4032.76729559748,186.163522012579,518.930817610063,702.767295597484
2019-02-24 08:00:00,258.301886792452,702.767295597484,998.301886792453,4032.76729559748,186.163522012579,518.930817610063,702.767295597484
2019-02-24 09:00:00,258.301886792452,702.767295597484,998.301886792453,4032.76729559748,186.163522012579,518.930817610063,702.767295597484
2019-02-24 10:00:00,258.301886792452,702.767295597484,998.301886792453,4032.76729559748,186.163522012579,518.930817610063,702.767295597484
2019-02-24 11:00:00,258.301886792452,702.767295597484,998.301886792453,4032.76729559748,186.163522012579,518.930817610063,702.767295597484
2019-02-24 12:00:00,258.301886792452,702.767295597484,998.301886792453,4032.76729559748,186.163522012579,518.930817610063,702.767295597484
2019-02-24 13:00:00,258.301886792452,702.767295597484,998.301886792453,4032.76729559748,186.163522012579,518.930817610063,702.767295597484
2019-02-24 14:00:00,258.301886792452,702.767295597484,998.301886792453,4032.76729559748,186.163522012579,518.930817610063,702.767295597484
2019-02-24 15:00:00,258.301886792452,702.767295597484,998.301886792453,4032.76729559748,186.163522012579,518.930817610063,702.767295597484
2019-02-24 16:00:00,258.301886792452,0.0,998.301886792453,0.0,186.163522012579,518.930817610063,702.767295597484
2019-02-24 17:00:00,258.301886792452,0.0,998.301886792453,0.0,186.163522012579,518.930817610063,702.767295597484
2019-02-24 18:00:00,258.301886792452,0.0,998.301886792453,0.0,186.163522012579,518.930817610063,702.767295597484
2019-02-24 19:00:00,258.301886792452,0.0,998.301886792453,0.0,186.163522012579,518.930817610063,702.767295597484
2019-02-24 20:00:00,258.301886792452,0.0,998.301886792453,0.0,186.163522012579,518.930817610063,702.767295597484
2019-02-24 21:00:00,258.301886792452,0.0,998.301886792453,0.0,186.163522012579,518.930817610063,702.767295597484
2019-02-24 22:00:00,258.301886792452,0.0,998.301886792453,0.0,186.163522012579,518.930817610063,702.767295597484
2019-02-24 23:00:00,258.301886792452,0.0,998.301886792453,0.0,186.163522012579,518.930817610063,702.767295597484
2019-02-25 00:00:00,258.301886792452,0.0,998.301886792453,0.0,186.163522012579,518.930817610063,702.767295597484
2019-02-25 01:00:00,258.301886792452,0.0,998.301886792453,0.0,186.163522012579,518.930817610063,702.767295597484
2019-02-25 02:00:00,258.301886792452,0.0,998.301886792453,0.0,186.163522012579,518.930817610063,702.767295597484
2019-02-25 03:00:00,258.301886792452,0.0,998.301886792453,0.0,186.163522012579,518.930817610063,702.767295597484
2019-02-25 04:00:00,258.301886792452,0.0,998.301886792453,0.0,186.163522012579,518.930817610063,702.767295597484
2019-02-25 05:00:00,258.301886792452,0.0,998.301886792453,0.0,186.163522012579,518.930817610063,702.767295597484
2019-02-25 06:00:00,258.301886792452,0.0,998.301886792453,0.0,186.163522012579,518.930817610063,702.767295597484
2019-02-25 07:00:00,258.301886792452,0.0,998.301886792453,0.0,186.163522012579,518.930817610063,702.767295597484
2019-02-25 08:00:00,258.301886792452,702.767295597484,998.301886792453,4032.76729559748,186.163522012579,518.930817610063,702.767295597484
2019-02-25 09:00:00,258.301886792452,702.767295597484,998.301886792453,4032.76729559748,186.163522012579,518.930817610063,702.767295597484
2019-02-25 10:00:00,258.301886792452,702.767295597484,998.301886792453,4032.76729559748,186.163522012579,518.930817610063,702.767295597484
2019-02-25 11:00:00,258.301886792452,702.767295597484,998.301886792453,4032.76729559748,186.163522012579,518.930817610063,702.767295597484
2019-02-25 12:00:00,258.301886792452,702.767295597484,998.301886792453,4032.76729559748,186.163522012579,518.930817610063,702.767295597484
2019-02-25 13:00:00,258.301886792452,702.767295597484,998.301886792453,4032.76729559748,186.163522012579,518.930817610063,702.767295597484
2019-02-25 14:00:00,258.301886792452,702.767295597484,998.301886792453,4032.76729559748,186.163522012579,518.930817610063,702.767295597484
2019-02-25 15:00:00,258.301886792452,0.0,998.301886792453,0.0,186.163522012579,518.930817610063,702.767295597484
2019-02-25 16:00:00,258.301886792452,0.0,998.301886792453,0.0,186.163522012579,518.930817610063,702.767295597484
2019-02-25 17:00:00,258.301886792452,0.0,998.301886792453,0.0,186.163522012579,518.930817610063,702.767295597484
2019-02-25 18:00:00,258.301886792452,0.0,998.301886792453,0.0,186.163522012579,518.930817610063,702.767295597484
2019-02-25 19:00:00,258.301886792452,0.0,998.301886792453,0.0,186.163522012579,0.0,702.767295597484
2019-02-25 20:00:00,258.301886792452,0.0,998.301886792453,0.0,186.163522012579,518.930817610063,176.73520998607154
2019-02-25 21:00:00,158.21280977029073,0.0,998.301886792453,0.0,186.163522012579,0.0,0.0
2019-02-25 22:00:00,18.415732726677106,0.0,998.301886792453,0.0,186.163522012579,0.0,0.0
2019-02-25 23:00:00,0.0,0.0,0.0,0.0,186.163522012579,0.0,0.0
2019-02-26 00:00:00,0.0,0.0,0.0,0.0,186.163522012579,0.0,0.0
2019-02-26 01:00:00,258.301886792452,0.0,0.0,0.0,186.163522012579,0.0,702.767295597484
2019-02-26 02:00:00,0.0,0.0,0.0,0.0,186.163522012579,0.0,0.0
2019-02-26 03:00:00,0.0,0.0,0.0,0.0,186.163522012579,0.0,0.0
2019-02-26 04:00:00,0.0,0.0,0.0,0.0,186.163522012579,0.0,0.0
2019-02-26 05:00:00,0.0,0.0,0.0,0.0,186.163522012579,0.0,0.0
2019-02-26 06:00:00,0.0,0.0,0.0,0.0,186.163522012579,0.0,0.0
2019-02-26 07:00:00,258.301886792452,0.0,998.301886792453,0.0,186.163522012579,518.930817610063,702.767295597484
2019-02-26 08:00:00,258.301886792452,702.767295597484,998.301886792453,4032.76729559748,186.163522012579,518.930817610063,702.767295597484
2019-02-26 09:00:00,258.301886792452,702.767295597484,998.301886792453,4032.76729559748,186.163522012579,518.930817610063,702.767295597484
2019-02-26 10:00:00,258.301886792452,702.767295597484,998.301886792453,4032.76729559748,186.163522012579,518.930817610063,702.767295597484
2019-02-26 11:00:00,258.301886792452,702.767295597484,998.301886792453,4032.76729559748,186.163522012579,518.930817610063,702.767295597484
2019-02-26 12:00:00,258.301886792452,702.767295597484,998.301886792453,4032.76729559748,186.163522012579,518.930817610063,702.767295597484
2019-02-26 13:00:00,258.301886792452,702.767295597484,998.301886792453,4032.76729559748,186.163522012579,518.930817610063,702.767295597484
2019-02-26 14:00:00,258.301886792452,702.767295597484,998.301886792453,4032.76729559748,186.163522012579,518.930817610063,702.767295597484
2019-02-26 15:00:00,258.301886792452,0.0,998.301886792453,0.0,186.163522012579,518.930817610063,702.767295597484
2019-02-26 16:00:00,258.301886792452,0.0,998.301886792453,0.0,186.163522012579,518.930817610063,702.767295597484
2019-02-26 17:00:00,258.301886792452,0.0,998.301886792453,0.0,186.163522012579,518.930817610063,702.767295597484
2019-02-26 18:00:00,258.301886792452,0.0,998.301886792453,0.0,186.163522012579,518.930817610063,702.767295597484
2019-02-26 19:00:00,258.301886792452,0.0,998.301886792453,0.0,186.163522012579,518.930817610063,702.767295597484
2019-02-26 20:00:00,258.301886792452,0.0,998.301886792453,0.0,186.163522012579,518.930817610063,702.767295597484
2019-02-26 21:00:00,258.301886792452,0.0,998.301886792453,0.0,186.163522012579,518.930817610063,702.767295597484
2019-02-26 22:00:00,258.301886792452,0.0,998.301886792453,0.0,186.163522012579,518.930817610063,702.767295597484
2019-02-26 23:00:00,258.301886792452,0.0,998.301886792453,0.0,186.163522012579,518.930817610063,702.767295597484
2019-02-27 00:00:00,258.301886792452,0.0,998.301886792453,0.0,186.163522012579,518.930817610063,702.767295597484
2019-02-27 01:00:00,258.301886792452,0.0,998.301886792453,0.0,186.163522012579,518.930817610063,702.767295597484
2019-02-27 02:00:00,258.301886792452,0.0,998.301886792453,0.0,186.163522012579,518.930817610063,702.767295597484
2019-02-27 03:00:00,258.301886792452,702.767295597484,998.301886792453,0.0,186.163522012579,518.930817610063,702.767295597484
2019-02-27 04:00:00,258.301886792452,0.0,998.301886792453,0.0,186.163522012579,518.930817610063,702.767295597484
2019-02-27 05:00:00,258.301886792452,0.0,998.301886792453,0.0,186.163522012579,518.930817610063,702.767295597484
2019-02-27 06:00:00,258.301886792452,0.0,998.301886792453,0.0,186.163522012579,518.930817610063,702.767295597484
2019-02-27 07:00:00,258.301886792452,0.0,998.301886792453,0.0,186.163522012579,518.930817610063,702.767295597484
2019-02-27 08:00:00,258.301886792452,702.767295597484,998.301886792453,4032.76729559748,186.163522012579,518.930817610063,702.767295597484
2019-02-27 09:00:00,258.301886792452,702.767295597484,998.301886792453,4032.76729559748,186.163522012579,518.930817610063,702.767295597484
2019-02-27 10:00:00,258.301886792452,702.767295597484,998.301886792453,4032.76729559748,186.163522012579,518.930817610063,702.767295597484
2019-02-27 11:00:00,258.301886792452,702.767295597484,998.301886792453,4032.76729559748,186.163522012579,518.930817610063,702.767295597484
2019-02-27 12:00:00,258.301886792452,702.767295597484,998.301886792453,4032.76729559748,186.163522012579,518.930817610063,702.767295597484
2019-02-27 13:00:00,258.301886792452,702.767295597484,998.301886792453,4032.76729559748,186.163522012579,518.930817610063,702.767295597484
2019-02-27 14:00:00,258.301886792452,702.767295597484,998.301886792453,4032.76729559748,186.163522012579,518.930817610063,702.767295597484
2019-02-27 15:00:00,258.301886792452,702.767295597484,998.301886792453,4032.76729559748,186.163522012579,518.930817610063,702.767295597484
2019-02-27 16:00:00,0.0,0.0,0.0,0.0,0.0,0.0,0.0
2019-02-27 17:00:00,0.0,0.0,0.0,0.0,0.0,0.0,0.0
2019-02-27 18:00:00,0.0,0.0,0.0,0.0,0.0,0.0,0.0
2019-02-27 19:00:00,0.0,0.0,0.0,0.0,0.0,0.0,0.0
2019-02-27 20:00:00,0.0,0.0,0.0,0.0,0.0,0.0,0.0
2019-02-27 21:00:00,0.0,0.0,0.0,0.0,0.0,0.0,0.0
2019-02-27 22:00:00,0.0,0.0,0.0,0.0,0.0,0.0,0.0
2019-02-27 23:00:00,0.0,0.0,0.0,0.0,0.0,0.0,0.0
2019-02-28 00:00:00,0.0,0.0,0.0,0.0,0.0,0.0,0.0
2019-02-28 01:00:00,0.0,0.0,0.0,0.0,0.0,0.0,0.0
2019-02-28 02:00:00,0.0,0.0,0.0,0.0,0.0,0.0,0.0
2019-02-28 03:00:00,0.0,0.0,0.0,0.0,0.0,0.0,0.0
2019-02-28 04:00:00,0.0,0.0,0.0,0.0,0.0,0.0,0.0
2019-02-28 05:00:00,0.0,0.0,0.0,0.0,0.0,0.0,0.0
2019-02-28 06:00:00,0.0,0.0,0.0,0.0,0.0,0.0,0.0
2019-02-28 07:00:00,0.0,0.0,0.0,0.0,0.0,0.0,0.0
2019-02-28 08:00:00,258.301886792452,702.767295597484,998.301886792453,4032.76729559748,186.163522012579,518.930817610063,702.767295597484
2019-02-28 09:00:00,258.301886792452,702.767295597484,998.301886792453,4032.76729559748,186.163522012579,518.930817610063,702.767295597484
2019-02-28 10:00:00,258.301886792452,702.767295597484,998.301886792453,4032.76729559748,186.163522012579,518.930817610063,702.767295597484
2019-02-28 11:00:00,258.301886792452,702.767295597484,998.301886792453,4032.76729559748,186.163522012579,518.930817610063,702.767295597484
2019-02-28 12:00:00,258.301886792452,702.767295597484,998.301886792453,4032.76729559748,186.163522012579,518.930817610063,702.767295597484
2019-02-28 13:00:00,258.301886792452,702.767295597484,998.301886792453,4032.76729559748,186.163522012579,518.930817610063,702.767295597484
2019-02-28 14:00:00,258.301886792452,702.767295597484,998.301886792453,4032.76729559748,186.163522012579,518.930817610063,702.767295597484
2019-02-28 15:00:00,0.0,702.767295597484,0.0,4032.76729559748,186.163522012579,0.0,0.0
2019-02-28 16:00:00,0.0,0.0,0.0,0.0,186.163522012579,0.0,0.0
2019-02-28 17:00:00,0.0,0.0,0.0,0.0,186.163522012579,0.0,0.0
2019-02-28 18:00:00,0.0,0.0,0.0,0.0,186.163522012579,0.0,0.0
2019-02-28 19:00:00,0.0,0.0,0.0,0.0,186.163522012579,0.0,0.0
2019-02-28 20:00:00,0.0,0.0,0.0,0.0,186.163522012579,0.0,0.0
2019-02-28 21:00:00,0.0,0.0,0.0,0.0,186.163522012579,0.0,0.0
2019-02-28 22:00:00,0.0,0.0,0.0,0.0,186.163522012579,0.0,0.0
2019-02-28 23:00:00,0.0,0.0,0.0,0.0,186.163522012579,0.0,0.0
2019-03-01 00:00:00,0.0,496.9724575572227,0.0,0.0,186.163522012579,0.0,0.0
2019-03-01 01:00:00,0.0,0.0,0.0,0.0,186.163522012579,0.0,0.0
2019-03-01 02:00:00,0.0,0.0,0.0,0.0,186.163522012579,0.0,0.0
2019-03-01 03:00:00,0.0,0.0,0.0,0.0,186.163522012579,0.0,0.0
2019-03-01 04:00:00,0.0,0.0,0.0,0.0,186.163522012579,0.0,0.0
2019-03-01 05:00:00,0.0,0.0,0.0,0.0,186.163522012579,0.0,0.0
2019-03-01 06:00:00,0.0,0.0,0.0,0.0,186.163522012579,0.0,0.0
2019-03-01 07:00:00,0.0,0.0,0.0,0.0,186.163522012579,0.0,0.0
2019-03-01 08:00:00,258.301886792452,702.767295597484,998.301886792453,4032.76729559748,186.163522012579,518.930817610063,702.767295597484
2019-03-01 09:00:00,258.301886792452,702.767295597484,998.301886792453,4032.76729559748,186.163522012579,518.930817610063,702.767295597484
2019-03-01 10:00:00,258.301886792452,702.767295597484,998.301886792453,4032.76729559748,186.163522012579,518.930817610063,702.767295597484
2019-03-01 11:00:00,258.301886792452,702.767295597484,998.301886792453,4032.76729559748,186.163522012579,518.930817610063,702.767295597484
2019-03-01 12:00:00,258.301886792452,702.767295597484,998.301886792453,4032.76729559748,186.163522012579,518.930817610063,702.767295597484
2019-03-01 13:00:00,258.301886792452,702.767295597484,998.301886792453,4032.76729559748,186.163522012579,518.930817610063,702.767295597484
2019-03-01 14:00:00,258.301886792452,702.767295597484,998.301886792453,4032.76729559748,186.163522012579,518.930817610063,2.866109070805578
2019-03-01 15:00:00,0.0,0.0,0.0,0.0,186.163522012579,518.930817610063,0.0
2019-03-01 16:00:00,0.0,0.0,0.0,0.0,186.163522012579,518.930817610063,0.0
2019-03-01 17:00:00,0.0,0.0,0.0,0.0,186.163522012579,518.930817610063,0.0
2019-03-01 18:00:00,0.0,0.0,0.0,0.0,186.163522012579,518.930817610063,0.0
2019-03-01 19:00:00,0.0,0.0,0.0,0.0,186.163522012579,518.930817610063,0.0
2019-03-01 20:00:00,0.0,0.0,0.0,0.0,186.163522012579,518.930817610063,0.0
2019-03-01 21:00:00,0.0,0.0,0.0,0.0,186.163522012579,518.930817610063,0.0
2019-03-01 22:00:00,0.0,0.0,0.0,0.0,186.163522012579,518.930817610063,0.0
2019-03-01 23:00:00,0.0,0.0,0.0,0.0,186.163522012579,518.930817610063,0.0
2019-03-02 00:00:00,0.0,0.0,0.0,0.0,186.163522012579,518.930817610063,0.0
2019-03-02 01:00:00,0.0,0.0,0.0,0.0,186.163522012579,518.930817610063,0.0
2019-03-02 02:00:00,0.0,0.0,0.0,1891.3860188525346,186.163522012579,518.930817610063,0.0
2019-03-02 03:00:00,0.0,0.0,0.0,0.0,186.163522012579,518.930817610063,0.0
2019-03-02 04:00:00,0.0,0.0,0.0,0.0,186.163522012579,518.930817610063,0.0
2019-03-02 05:00:00,0.0,0.0,0.0,0.0,186.163522012579,518.930817610063,0.0
2019-03-02 06:00:00,0.0,0.0,0.0,0.0,186.163522012579,518.930817610063,0.0
2019-03-02 07:00:00,258.301886792452,702.767295597484,998.301886792453,2343.7932044164936,186.163522012579,518.930817610063,702.767295597484
2019-03-02 08:00:00,258.301886792452,702.767295597484,998.301886792453,4032.76729559748,186.163522012579,518.930817610063,702.767295597484
2019-03-02 09:00:00,258.301886792452,702.767295597484,998.301886792453,4032.76729559748,186.163522012579,518.930817610063,702.767295597484
2019-03-02 10:00:00,258.301886792452,702.767295597484,998.301886792453,4032.76729559748,186.163522012579,518.930817610063,702.767295597484
2019-03-02 11:00:00,258.301886792452,702.767295597484,998.301886792453,4032.76729559748,186.163522012579,518.930817610063,702.767295597484
2019-03-02 12:00:00,258.301886792452,702.767295597484,998.301886792453,4032.76729559748,186.163522012579,518.930817610063,702.767295597484
2019-03-02 13:00:00,258.301886792452,702.767295597484,998.301886792453,4032.76729559748,186.163522012579,518.930817610063,702.767295597484
2019-03-02 14:00:00,258.301886792452,702.767295597484,998.301886792453,4032.76729559748,186.163522012579,518.930817610063,702.767295597484
2019-03-02 15:00:00,258.301886792452,702.767295597484,998.301886792453,4032.76729559748,186.163522012579,518.930817610063,702.767295597484
2019-03-02 16:00:00,0.0,0.0,0.0,0.0,186.163522012579,0.0,0.0
2019-03-02 17:00:00,0.0,0.0,0.0,0.0,186.163522012579,0.0,0.0
2019-03-02 18:00:00,0.0,0.0,0.0,0.0,186.163522012579,0.0,0.0
2019-03-02 19:00:00,0.0,0.0,0.0,0.0,186.163522012579,0.0,0.0
2019-03-02 20:00:00,0.0,0.0,0.0,0.0,186.163522012579,0.0,0.0
2019-03-02 21:00:00,0.0,0.0,0.0,0.0,186.163522012579,0.0,0.0
2019-03-02 22:00:00,0.0,0.0,0.0,0.0,186.163522012579,0.0,0.0
2019-03-02 23:00:00,0.0,0.0,0.0,0.0,186.163522012579,0.0,0.0
2019-03-03 00:00:00,0.0,0.0,0.0,0.0,186.163522012579,0.0,0.0
2019-03-03 01:00:00,0.0,0.0,0.0,0.0,186.163522012579,0.0,0.0
2019-03-03 02:00:00,0.0,0.0,0.0,0.0,186.163522012579,0.0,0.0
2019-03-03 03:00:00,0.0,0.0,0.0,0.0,186.163522012579,0.0,0.0
2019-03-03 04:00:00,0.0,0.0,0.0,0.0,186.163522012579,0.0,0.0
2019-03-03 05:00:00,0.0,0.0,0.0,0.0,186.163522012579,0.0,0.0
2019-03-03 06:00:00,0.0,0.0,0.0,0.0,186.163522012579,0.0,0.0
2019-03-03 07:00:00,258.301886792452,702.767295597484,998.301886792453,4032.76729559748,186.163522012579,518.930817610063,702.767295597484
2019-03-03 08:00:00,258.301886792452,702.767295597484,998.301886792453,4032.76729559748,186.163522012579,518.930817610063,702.767295597484
2019-03-03 09:00:00,258.301886792452,702.767295597484,998.301886792453,4032.76729559748,186.163522012579,518.930817610063,702.767295597484
2019-03-03 10:00:00,258.301886792452,702.767295597484,998.301886792453,4032.76729559748,186.163522012579,518.930817610063,702.767295597484
2019-03-03 11:00:00,258.301886792452,702.767295597484,998.301886792453,4032.76729559748,186.163522012579,518.930817610063,702.767295597484
2019-03-03 12:00:00,258.301886792452,702.767295597484,998.301886792453,4032.76729559748,186.163522012579,518.930817610063,702.767295597484
2019-03-03 13:00:00,258.301886792452,702.767295597484,998.301886792453,4032.76729559748,186.163522012579,518.930817610063,702.767295597484
2019-03-03 14:00:00,258.301886792452,702.767295597484,998.301886792453,4032.76729559748,186.163522012579,518.930817610063,702.767295597484
2019-03-03 15:00:00,258.301886792452,702.767295597484,998.301886792453,4032.76729559748,0.0,518.930817610063,702.767295597484
2019-03-03 16:00:00,0.0,0.0,0.0,0.0,0.0,0.0,0.0
2019-03-03 17:00:00,0.0,0.0,0.0,0.0,0.0,0.0,0.0
2019-03-03 18:00:00,0.0,0.0,0.0,0.0,0.0,0.0,0.0
2019-03-03 19:00:00,0.0,0.0,0.0,0.0,0.0,0.0,0.0
2019-03-03 20:00:00,0.0,0.0,0.0,0.0,0.0,0.0,0.0
2019-03-03 21:00:00,0.0,429.27541481326034,0.0,0.0,0.0,0.0,0.0
2019-03-03 22:00:00,0.0,0.0,0.0,0.0,0.0,0.0,0.0
2019-03-03 23:00:00,0.0,702.767295597484,0.0,0.0,0.0,0.0,0.0
2019-03-04 00:00:00,0.0,0.0,0.0,0.0,0.0,0.0,0.0
2019-03-04 01:00:00,0.0,0.0,0.0,0.0,0.0,0.0,0.0
2019-03-04 02:00:00,0.0,702.767295597484,0.0,0.0,0.0,0.0,0.0
2019-03-04 03:00:00,0.0,0.0,0.0,0.0,0.0,0.0,0.0
2019-03-04 04:00:00,0.0,702.767295597484,0.0,0.0,0.0,0.0,0.0
2019-03-04 05:00:00,0.0,0.0,0.0,0.0,0.0,0.0,0.0
2019-03-04 06:00:00,0.0,0.0,0.0,0.0,0.0,0.0,0.0
2019-03-04 07:00:00,0.0,434.9781674638134,0.0,0.0,0.0,0.0,0.0
2019-03-04 08:00:00,258.301886792452,702.767295597484,998.301886792453,4032.76729559748,0.0,518.930817610063,702.767295597484
2019-03-04 09:00:00,258.301886792452,702.767295597484,998.301886792453,4032.76729559748,186.163522012579,518.930817610063,702.767295597484
2019-03-04 10:00:00,258.301886792452,702.767295597484,998.301886792453,4032.76729559748,186.163522012579,518.930817610063,702.767295597484
2019-03-04 11:00:00,258.301886792452,702.767295597484,998.301886792453,4032.76729559748,186.163522012579,518.930817610063,702.767295597484
2019-03-04 12:00:00,258.301886792452,702.767295597484,998.301886792453,4032.76729559748,186.163522012579,518.930817610063,702.767295597484
2019-03-04 13:00:00,258.301886792452,702.767295597484,998.301886792453,4032.76729559748,186.163522012579,518.930817610063,702.767295597484
2019-03-04 14:00:00,258.301886792452,702.767295597484,998.301886792453,4032.76729559748,186.163522012579,518.930817610063,702.767295597484
2019-03-04 15:00:00,0.0,0.0,998.301886792453,0.0,186.163522012579,0.0,335.13130220301264
2019-03-04 16:00:00,0.0,0.0,0.0,0.0,0.0,0.0,0.0
2019-03-04 17:00:00,0.0,0.0,0.0,0.0,0.0,0.0,0.0
2019-03-04 18:00:00,0.0,0.0,0.0,0.0,0.0,0.0,0.0
2019-03-04 19:00:00,0.0,0.0,0.0,4032.76729559748,0.0,0.0,0.0
2019-03-04 20:00:00,0.0,0.0,0.0,0.0,0.0,0.0,0.0
2019-03-04 21:00:00,0.0,0.0,0.0,0.0,0.0,0.0,0.0
2019-03-04 22:00:00,0.0,0.0,0.0,0.0,0.0,0.0,0.0
2019-03-04 23:00:00,0.0,0.0,0.0,0.0,0.0,0.0,0.0
2019-03-05 00:00:00,0.0,702.767295597484,0.0,971.9579173940247,0.0,0.0,0.0
2019-03-05 01:00:00,0.0,0.0,0.0,1902.08484375409,0.0,0.0,0.0
2019-03-05 02:00:00,0.0,0.0,0.0,0.0,0.0,0.0,0.0
2019-03-05 03:00:00,0.0,0.0,0.0,0.0,0.0,0.0,0.0
2019-03-05 04:00:00,0.0,0.0,0.0,0.0,0.0,0.0,0.0
2019-03-05 05:00:00,0.0,0.0,0.0,0.0,0.0,0.0,0.0
2019-03-05 06:00:00,0.0,0.0,0.0,0.0,0.0,0.0,0.0
2019-03-05 07:00:00,0.0,0.0,0.0,0.0,0.0,0.0,0.0
2019-03-05 08:00:00,258.301886792452,702.767295597484,998.301886792453,4032.76729559748,0.0,518.930817610063,702.767295597484
2019-03-05 09:00:00,258.301886792452,702.767295597484,998.301886792453,4032.76729559748,0.0,518.930817610063,702.767295597484
2019-03-05 10:00:00,258.301886792452,702.767295597484,998.301886792453,4032.76729559748,0.0,518.930817610063,702.767295597484
2019-03-05 11:00:00,258.301886792452,702.767295597484,998.301886792453,4032.76729559748,186.163522012579,518.930817610063,702.767295597484
2019-03-05 12:00:00,258.301886792452,702.767295597484,998.301886792453,4032.76729559748,0.0,518.930817610063,702.767295597484
2019-03-05 13:00:00,258.301886792452,702.767295597484,998.301886792453,4032.76729559748,0.0,518.930817610063,702.767295597484
2019-03-05 14:00:00,258.301886792452,702.767295597484,998.301886792453,4032.76729559748,0.0,518.930817610063,702.767295597484
2019-03-05 15:00:00,0.0,0.0,0.0,0.0,0.0,0.0,0.0
2019-03-05 16:00:00,0.0,0.0,0.0,0.0,0.0,0.0,0.0
2019-03-05 17:00:00,0.0,0.0,0.0,0.0,0.0,0.0,0.0
2019-03-05 18:00:00,0.0,0.0,0.0,0.0,0.0,0.0,0.0
2019-03-05 19:00:00,0.0,0.0,0.0,0.0,0.0,0.0,0.0
2019-03-05 20:00:00,0.0,0.0,0.0,0.0,0.0,0.0,0.0
2019-03-05 21:00:00,0.0,0.0,0.0,0.0,0.0,0.0,0.0
2019-03-05 22:00:00,0.0,0.0,0.0,0.0,0.0,0.0,0.0
2019-03-05 23:00:00,0.0,0.0,0.0,0.0,0.0,0.0,0.0
2019-03-06 00:00:00,0.0,0.0,0.0,0.0,0.0,0.0,0.0
2019-03-06 01:00:00,0.0,0.0,0.0,0.0,0.0,0.0,0.0
2019-03-06 02:00:00,0.0,0.0,0.0,0.0,0.0,0.0,0.0
2019-03-06 03:00:00,0.0,0.0,0.0,162.97149142339276,0.0,0.0,0.0
2019-03-06 04:00:00,0.0,0.0,0.0,0.0,0.0,0.0,0.0
2019-03-06 05:00:00,0.0,0.0,0.0,0.0,0.0,0.0,0.0
2019-03-06 06:00:00,0.0,0.0,0.0,0.0,0.0,0.0,0.0
2019-03-06 07:00:00,0.0,0.0,0.0,0.0,0.0,0.0,0.0
2019-03-06 08:00:00,258.301886792452,702.767295597484,998.301886792453,4032.76729559748,0.0,518.930817610063,702.767295597484
2019-03-06 09:00:00,258.301886792452,702.767295597484,998.301886792453,4032.76729559748,0.0,518.930817610063,702.767295597484
2019-03-06 10:00:00,258.301886792452,702.767295597484,998.301886792453,4032.76729559748,186.163522012579,518.930817610063,702.767295597484
2019-03-06 11:00:00,258.301886792452,702.767295597484,998.301886792453,4032.76729559748,186.163522012579,518.930817610063,702.767295597484
2019-03-06 12:00:00,258.301886792452,702.767295597484,998.301886792453,4032.76729559748,186.163522012579,518.930817610063,702.767295597484
2019-03-06 13:00:00,258.301886792452,702.767295597484,998.301886792453,4032.76729559748,0.0,518.930817610063,702.767295597484
2019-03-06 14:00:00,258.301886792452,702.767295597484,998.301886792453,4032.76729559748,0.0,518.930817610063,702.767295597484
2019-03-06 15:00:00,258.301886792452,0.0,998.301886792453,0.0,0.0,518.930817610063,702.767295597484
2019-03-06 16:00:00,258.301886792452,0.0,998.301886792453,0.0,0.0,0.0,303.54456116855454
2019-03-06 17:00:00,216.73715892223754,0.0,0.0,0.0,0.0,0.0,702.767295597484
2019-03-06 18:00:00,0.0,0.0,0.0,0.0,0.0,0.0,269.34049718501365
2019-03-06 19:00:00,0.0,0.0,455.248286603779,0.0,0.0,0.0,0.0
2019-03-06 20:00:00,0.0,0.0,0.0,0.0,0.0,0.0,0.0
2019-03-06 21:00:00,0.0,0.0,0.0,0.0,0.0,0.0,0.0
2019-03-06 22:00:00,0.0,0.0,0.0,0.0,0.0,0.0,0.0
2019-03-06 23:00:00,0.0,0.0,0.0,0.0,0.0,0.0,0.0
2019-03-07 00:00:00,0.0,0.0,0.0,1384.0207159511574,0.0,0.0,0.0
2019-03-07 01:00:00,0.0,0.0,0.0,2117.5591927850473,0.0,0.0,0.0
2019-03-07 02:00:00,258.301886792452,702.767295597484,998.301886792453,1500.5145895237179,0.0,0.0,0.0
2019-03-07 03:00:00,0.0,0.0,759.9333856685785,1152.260092008826,0.0,0.0,0.0
2019-03-07 04:00:00,0.0,0.0,0.0,0.0,0.0,0.0,702.767295597484
2019-03-07 05:00:00,0.0,0.0,0.0,0.0,0.0,0.0,0.0
2019-03-07 06:00:00,0.0,0.0,0.0,0.0,0.0,0.0,0.0
2019-03-07 07:00:00,258.301886792452,0.0,998.301886792453,0.0,0.0,518.930817610063,702.767295597484
2019-03-07 08:00:00,258.301886792452,0.0,998.301886792453,3840.198393000387,186.163522012579,518.930817610063,702.767295597484
2019-03-07 09:00:00,258.301886792452,702.767295597484,998.301886792453,4032.76729559748,186.163522012579,518.930817610063,702.767295597484
2019-03-07 10:00:00,258.301886792452,702.767295597484,998.301886792453,4032.76729559748,186.163522012579,518.930817610063,702.767295597484
2019-03-07 11:00:00,258.301886792452,702.767295597484,998.301886792453,4032.76729559748,186.163522012579,518.930817610063,702.767295597484
2019-03-07 12:00:00,258.301886792452,702.767295597484,998.301886792453,4032.76729559748,186.163522012579,518.930817610063,702.767295597484
2019-03-07 13:00:00,258.301886792452,702.767295597484,998.301886792453,4032.76729559748,186.163522012579,518.930817610063,702.767295597484
2019-03-07 14:00:00,258.301886792452,702.767295597484,998.301886792453,4032.76729559748,186.163522012579,518.930817610063,702.767295597484
2019-03-07 15:00:00,258.301886792452,0.0,998.301886792453,0.0,0.0,518.930817610063,702.767295597484
2019-03-07 16:00:00,258.301886792452,0.0,998.301886792453,0.0,0.0,518.930817610063,702.767295597484
2019-03-07 17:00:00,258.301886792452,0.0,998.301886792453,0.0,0.0,518.930817610063,702.767295597484
2019-03-07 18:00:00,258.301886792452,0.0,998.301886792453,0.0,0.0,518.930817610063,702.767295597484
2019-03-07 19:00:00,0.0,0.0,998.301886792453,0.0,0.0,518.930817610063,702.767295597484
2019-03-07 20:00:00,258.301886792452,0.0,0.0,0.0,0.0,0.0,702.767295597484
2019-03-07 21:00:00,258.301886792452,0.0,496.4329918017795,0.0,0.0,0.0,0.0
2019-03-07 22:00:00,258.301886792452,0.0,0.0,0.0,0.0,0.0,0.0
2019-03-07 23:00:00,258.301886792452,0.0,0.0,0.0,0.0,0.0,0.0
2019-03-08 00:00:00,0.0,0.0,0.0,0.0,0.0,0.0,0.0
2019-03-08 01:00:00,0.0,0.0,0.0,0.0,0.0,0.0,0.0
2019-03-08 02:00:00,0.0,0.0,0.0,0.0,0.0,0.0,0.0
2019-03-08 03:00:00,0.0,0.0,0.0,0.0,0.0,0.0,0.0
2019-03-08 04:00:00,0.0,0.0,0.0,0.0,0.0,0.0,0.0
2019-03-08 05:00:00,0.0,0.0,0.0,0.0,0.0,0.0,0.0
2019-03-08 06:00:00,0.0,0.0,0.0,0.0,0.0,0.0,0.0
2019-03-08 07:00:00,258.301886792452,0.0,0.0,0.0,0.0,0.0,630.879100465921
2019-03-08 08:00:00,258.301886792452,702.767295597484,998.301886792453,4032.76729559748,0.0,518.930817610063,702.767295597484
2019-03-08 09:00:00,258.301886792452,702.767295597484,998.301886792453,4032.76729559748,0.0,518.930817610063,702.767295597484
2019-03-08 10:00:00,258.301886792452,702.767295597484,998.301886792453,4032.76729559748,0.0,518.930817610063,702.767295597484
2019-03-08 11:00:00,258.301886792452,702.767295597484,998.301886792453,4032.76729559748,186.163522012579,518.930817610063,702.767295597484
2019-03-08 12:00:00,258.301886792452,702.767295597484,998.301886792453,4032.76729559748,186.163522012579,518.930817610063,702.767295597484
2019-03-08 13:00:00,258.301886792452,702.767295597484,998.301886792453,4032.76729559748,0.0,518.930817610063,702.767295597484
2019-03-08 14:00:00,258.301886792452,702.767295597484,998.301886792453,4032.76729559748,0.0,518.930817610063,702.767295597484
2019-03-08 15:00:00,0.0,0.0,0.0,0.0,0.0,0.0,0.0
2019-03-08 16:00:00,0.0,0.0,0.0,0.0,0.0,0.0,0.0
2019-03-08 17:00:00,0.0,0.0,0.0,0.0,0.0,0.0,0.0
2019-03-08 18:00:00,0.0,0.0,0.0,0.0,0.0,0.0,0.0
2019-03-08 19:00:00,0.0,0.0,0.0,0.0,0.0,0.0,0.0
2019-03-08 20:00:00,0.0,0.0,0.0,0.0,0.0,0.0,0.0
2019-03-08 21:00:00,0.0,0.0,0.0,0.0,0.0,0.0,0.0
2019-03-08 22:00:00,0.0,0.0,0.0,0.0,0.0,0.0,0.0
2019-03-08 23:00:00,0.0,0.0,0.0,0.0,0.0,0.0,0.0
2019-03-09 00:00:00,0.0,0.0,0.0,0.0,0.0,0.0,0.0
2019-03-09 01:00:00,0.0,0.0,0.0,0.0,0.0,0.0,0.0
2019-03-09 02:00:00,0.0,0.0,0.0,0.0,0.0,0.0,0.0
2019-03-09 03:00:00,0.0,0.0,0.0,0.0,0.0,0.0,0.0
2019-03-09 04:00:00,0.0,0.0,0.0,0.0,0.0,0.0,0.0
2019-03-09 05:00:00,0.0,0.0,0.0,4032.76729559748,0.0,0.0,0.0
2019-03-09 06:00:00,0.0,0.0,0.0,0.0,0.0,0.0,0.0
2019-03-09 07:00:00,258.301886792452,702.767295597484,998.301886792453,4032.76729559748,0.0,0.0,702.767295597484
2019-03-09 08:00:00,258.301886792452,702.767295597484,998.301886792453,4032.76729559748,186.163522012579,518.930817610063,702.767295597484
2019-03-09 09:00:00,258.301886792452,702.767295597484,998.301886792453,4032.76729559748,186.163522012579,518.930817610063,702.767295597484
2019-03-09 10:00:00,258.301886792452,702.767295597484,998.301886792453,4032.76729559748,186.163522012579,518.930817610063,702.767295597484
2019-03-09 11:00:00,258.301886792452,702.767295597484,998.301886792453,4032.76729559748,186.163522012579,518.930817610063,702.767295597484
2019-03-09 12:00:00,258.301886792452,702.767295597484,998.301886792453,4032.76729559748,186.163522012579,518.930817610063,702.767295597484
2019-03-09 13:00:00,258.301886792452,702.767295597484,998.301886792453,4032.76729559748,186.163522012579,518.930817610063,702.767295597484
2019-03-09 14:00:00,258.301886792452,702.767295597484,998.301886792453,4032.76729559748,186.163522012579,518.930817610063,702.767295597484
2019-03-09 15:00:00,258.301886792452,702.767295597484,998.301886792453,4032.76729559748,186.163522012579,518.930817610063,702.767295597484
2019-03-09 16:00:00,0.0,0.0,0.0,0.0,186.163522012579,0.0,0.0
2019-03-09 17:00:00,0.0,0.0,0.0,0.0,186.163522012579,0.0,0.0
2019-03-09 18:00:00,0.0,0.0,0.0,0.0,186.163522012579,0.0,0.0
2019-03-09 19:00:00,0.0,0.0,0.0,0.0,186.163522012579,0.0,0.0
2019-03-09 20:00:00,0.0,0.0,0.0,0.0,186.163522012579,0.0,0.0
2019-03-09 21:00:00,0.0,0.0,0.0,0.0,186.163522012579,0.0,0.0
2019-03-09 22:00:00,0.0,0.0,0.0,0.0,186.163522012579,0.0,0.0
2019-03-09 23:00:00,0.0,0.0,0.0,0.0,186.163522012579,0.0,0.0
2019-03-10 00:00:00,0.0,0.0,0.0,0.0,186.163522012579,0.0,0.0
2019-03-10 01:00:00,0.0,0.0,0.0,0.0,186.163522012579,0.0,0.0
2019-03-10 02:00:00,0.0,0.0,0.0,0.0,186.163522012579,0.0,0.0
2019-03-10 03:00:00,0.0,0.0,0.0,0.0,186.163522012579,0.0,0.0
2019-03-10 04:00:00,0.0,0.0,0.0,0.0,186.163522012579,0.0,0.0
2019-03-10 05:00:00,0.0,0.0,0.0,0.0,186.163522012579,0.0,0.0
2019-03-10 06:00:00,0.0,0.0,0.0,0.0,186.163522012579,0.0,0.0
2019-03-10 07:00:00,258.301886792452,702.767295597484,998.301886792453,4032.76729559748,186.163522012579,518.930817610063,702.767295597484
2019-03-10 08:00:00,258.301886792452,702.767295597484,998.301886792453,4032.76729559748,186.163522012579,518.930817610063,702.767295597484
2019-03-10 09:00:00,258.301886792452,702.767295597484,998.301886792453,4032.76729559748,186.163522012579,518.930817610063,702.767295597484
2019-03-10 10:00:00,258.301886792452,702.767295597484,998.301886792453,4032.76729559748,186.163522012579,518.930817610063,702.767295597484
2019-03-10 11:00:00,258.301886792452,702.767295597484,998.301886792453,4032.76729559748,186.163522012579,518.930817610063,702.767295597484
2019-03-10 12:00:00,258.301886792452,702.767295597484,998.301886792453,4032.76729559748,186.163522012579,518.930817610063,702.767295597484
2019-03-10 13:00:00,258.301886792452,702.767295597484,998.301886792453,4032.76729559748,186.163522012579,518.930817610063,702.767295597484
2019-03-10 14:00:00,258.301886792452,702.767295597484,998.301886792453,4032.76729559748,186.163522012579,518.930817610063,702.767295597484
2019-03-10 15:00:00,258.301886792452,702.767295597484,998.301886792453,4032.76729559748,186.163522012579,518.930817610063,702.767295597484
2019-03-10 16:00:00,0.0,702.767295597484,0.0,559.5188967893469,186.163522012579,0.0,0.0
2019-03-10 17:00:00,0.0,0.0,0.0,0.0,186.163522012579,0.0,0.0
2019-03-10 18:00:00,0.0,0.0,0.0,0.0,186.163522012579,0.0,0.0
2019-03-10 19:00:00,0.0,0.0,0.0,0.0,186.163522012579,0.0,0.0
2019-03-10 20:00:00,0.0,0.0,0.0,0.0,186.163522012579,0.0,0.0
2019-03-10 21:00:00,0.0,0.0,0.0,0.0,186.163522012579,0.0,0.0
2019-03-10 22:00:00,0.0,0.0,0.0,0.0,186.163522012579,0.0,0.0
2019-03-10 23:00:00,0.0,702.767295597484,0.0,2603.7890257115414,186.163522012579,0.0,0.0
2019-03-11 00:00:00,0.0,702.767295597484,0.0,3672.822534035767,186.163522012579,0.0,0.0
2019-03-11 01:00:00,0.0,340.63608346906585,0.0,4032.76729559748,186.163522012579,0.0,0.0
2019-03-11 02:00:00,0.0,0.0,0.0,1412.7218801105048,186.163522012579,0.0,0.0
2019-03-11 03:00:00,0.0,702.767295597484,0.0,4032.76729559748,186.163522012579,0.0,0.0
2019-03-11 04:00:00,0.0,702.767295597484,0.0,1959.834911320246,186.163522012579,0.0,0.0
2019-03-11 05:00:00,0.0,0.0,0.0,0.0,186.163522012579,0.0,0.0
2019-03-11 06:00:00,0.0,0.0,0.0,0.0,186.163522012579,0.0,0.0
2019-03-11 07:00:00,0.0,702.767295597484,0.0,4032.76729559748,186.163522012579,0.0,0.0
2019-03-11 08:00:00,258.301886792452,702.767295597484,998.301886792453,4032.76729559748,186.163522012579,518.930817610063,702.767295597484
2019-03-11 09:00:00,258.301886792452,702.767295597484,998.301886792453,4032.76729559748,186.163522012579,518.930817610063,702.767295597484
2019-03-11 10:00:00,258.301886792452,702.767295597484,998.301886792453,4032.76729559748,186.163522012579,518.930817610063,702.767295597484
2019-03-11 11:00:00,258.301886792452,702.767295597484,998.301886792453,4032.76729559748,186.163522012579,518.930817610063,702.767295597484
2019-03-11 12:00:00,258.301886792452,702.767295597484,998.301886792453,4032.76729559748,186.163522012579,518.930817610063,702.767295597484
2019-03-11 13:00:00,258.301886792452,702.767295597484,998.301886792453,4032.76729559748,186.163522012579,518.930817610063,702.767295597484
2019-03-11 14:00:00,258.301886792452,702.767295597484,998.301886792453,4032.76729559748,186.163522012579,518.930817610063,702.767295597484
2019-03-11 15:00:00,0.0,0.0,0.0,0.0,186.163522012579,518.930817610063,0.0
2019-03-11 16:00:00,0.0,0.0,0.0,0.0,186.163522012579,518.930817610063,0.0
2019-03-11 17:00:00,0.0,0.0,0.0,0.0,186.163522012579,518.930817610063,0.0
2019-03-11 18:00:00,0.0,0.0,0.0,0.0,186.163522012579,518.930817610063,0.0
2019-03-11 19:00:00,0.0,0.0,0.0,0.0,186.163522012579,518.930817610063,0.0
2019-03-11 20:00:00,0.0,0.0,0.0,0.0,186.163522012579,518.930817610063,0.0
2019-03-11 21:00:00,0.0,0.0,258.95966153739573,0.0,186.163522012579,518.930817610063,702.767295597484
2019-03-11 22:00:00,258.301886792452,0.0,998.301886792453,0.0,186.163522012579,518.930817610063,702.767295597484
2019-03-11 23:00:00,258.301886792452,0.0,998.301886792453,0.0,186.163522012579,518.930817610063,702.767295597484
2019-03-12 00:00:00,258.301886792452,0.0,998.301886792453,0.0,186.163522012579,518.930817610063,702.767295597484
2019-03-12 01:00:00,258.301886792452,0.0,998.301886792453,0.0,186.163522012579,518.930817610063,702.767295597484
2019-03-12 02:00:00,258.301886792452,702.767295597484,998.301886792453,4032.76729559748,186.163522012579,518.930817610063,702.767295597484
2019-03-12 03:00:00,258.301886792452,0.0,998.301886792453,4032.76729559748,186.163522012579,518.930817610063,702.767295597484
2019-03-12 04:00:00,258.301886792452,0.0,998.301886792453,0.0,186.163522012579,518.930817610063,702.767295597484
2019-03-12 05:00:00,258.301886792452,0.0,998.301886792453,0.0,186.163522012579,518.930817610063,702.767295597484
2019-03-12 06:00:00,258.301886792452,0.0,998.301886792453,0.0,186.163522012579,518.930817610063,702.767295597484
2019-03-12 07:00:00,258.301886792452,702.767295597484,998.301886792453,4032.76729559748,186.163522012579,518.930817610063,702.767295597484
2019-03-12 08:00:00,258.301886792452,702.767295597484,998.301886792453,4032.76729559748,186.163522012579,518.930817610063,702.767295597484
2019-03-12 09:00:00,258.301886792452,702.767295597484,998.301886792453,4032.76729559748,186.163522012579,518.930817610063,702.767295597484
2019-03-12 10:00:00,258.301886792452,702.767295597484,998.301886792453,4032.76729559748,186.163522012579,518.930817610063,702.767295597484
2019-03-12 11:00:00,258.301886792452,702.767295597484,998.301886792453,4032.76729559748,186.163522012579,518.930817610063,702.767295597484
2019-03-12 12:00:00,258.301886792452,702.767295597484,998.301886792453,4032.76729559748,186.163522012579,518.930817610063,702.767295597484
2019-03-12 13:00:00,258.301886792452,702.767295597484,998.301886792453,4032.76729559748,186.163522012579,518.930817610063,702.767295597484
2019-03-12 14:00:00,258.301886792452,702.767295597484,998.301886792453,4032.76729559748,186.163522012579,518.930817610063,702.767295597484
2019-03-12 15:00:00,258.301886792452,702.767295597484,998.301886792453,4032.76729559748,186.163522012579,518.930817610063,702.767295597484
2019-03-12 16:00:00,258.301886792452,0.0,998.301886792453,0.0,186.163522012579,518.930817610063,702.767295597484
2019-03-12 17:00:00,258.301886792452,0.0,998.301886792453,0.0,186.163522012579,518.930817610063,702.767295597484
2019-03-12 18:00:00,258.301886792452,0.0,998.301886792453,0.0,186.163522012579,518.930817610063,702.767295597484
2019-03-12 19:00:00,258.301886792452,0.0,998.301886792453,0.0,186.163522012579,518.930817610063,702.767295597484
2019-03-12 20:00:00,258.301886792452,0.0,998.301886792453,0.0,186.163522012579,518.930817610063,702.767295597484
2019-03-12 21:00:00,258.301886792452,0.0,998.301886792453,0.0,186.163522012579,518.930817610063,702.767295597484
2019-03-12 22:00:00,258.301886792452,0.0,998.301886792453,0.0,186.163522012579,518.930817610063,702.767295597484
2019-03-12 23:00:00,258.301886792452,0.0,998.301886792453,0.0,186.163522012579,518.930817610063,702.767295597484
2019-03-13 00:00:00,258.301886792452,0.0,998.301886792453,0.0,186.163522012579,518.930817610063,702.767295597484
2019-03-13 01:00:00,258.301886792452,0.0,603.2798674012884,0.0,186.163522012579,518.930817610063,702.767295597484
2019-03-13 02:00:00,258.301886792452,0.0,168.10563471394107,0.0,186.163522012579,518.930817610063,702.767295597484
2019-03-13 03:00:00,258.301886792452,0.0,0.0,0.0,186.163522012579,518.930817610063,702.767295597484
2019-03-13 04:00:00,258.301886792452,0.0,0.0,0.0,186.163522012579,518.930817610063,702.767295597484
2019-03-13 05:00:00,258.301886792452,0.0,0.0,0.0,186.163522012579,518.930817610063,702.767295597484
2019-03-13 06:00:00,258.301886792452,0.0,0.0,0.0,186.163522012579,518.930817610063,702.767295597484
2019-03-13 07:00:00,258.301886792452,0.0,998.301886792453,0.0,186.163522012579,518.930817610063,702.767295597484
2019-03-13 08:00:00,258.301886792452,702.767295597484,998.301886792453,4032.76729559748,186.163522012579,518.930817610063,702.767295597484
2019-03-13 09:00:00,258.301886792452,702.767295597484,998.301886792453,4032.76729559748,186.163522012579,518.930817610063,702.767295597484
2019-03-13 10:00:00,258.301886792452,702.767295597484,998.301886792453,4032.76729559748,186.163522012579,518.930817610063,702.767295597484
2019-03-13 11:00:00,258.301886792452,702.767295597484,998.301886792453,4032.76729559748,186.163522012579,518.930817610063,702.767295597484
2019-03-13 12:00:00,258.301886792452,702.767295597484,998.301886792453,4032.76729559748,186.163522012579,518.930817610063,702.767295597484
2019-03-13 13:00:00,258.301886792452,702.767295597484,998.301886792453,4032.76729559748,186.163522012579,518.930817610063,702.767295597484
2019-03-13 14:00:00,258.301886792452,702.767295597484,998.301886792453,4032.76729559748,186.163522012579,518.930817610063,702.767295597484
2019-03-13 15:00:00,0.0,0.0,0.0,0.0,186.163522012579,0.0,0.0
2019-03-13 16:00:00,0.0,0.0,0.0,0.0,186.163522012579,0.0,0.0
2019-03-13 17:00:00,0.0,0.0,0.0,0.0,186.163522012579,0.0,0.0
2019-03-13 18:00:00,0.0,0.0,0.0,0.0,186.163522012579,0.0,0.0
2019-03-13 19:00:00,0.0,0.0,0.0,0.0,186.163522012579,0.0,0.0
2019-03-13 20:00:00,0.0,0.0,0.0,0.0,186.163522012579,0.0,0.0
2019-03-13 21:00:00,0.0,0.0,0.0,0.0,186.163522012579,0.0,0.0
2019-03-13 22:00:00,0.0,0.0,0.0,0.0,186.163522012579,0.0,0.0
2019-03-13 23:00:00,0.0,0.0,0.0,0.0,186.163522012579,0.0,0.0
2019-03-14 00:00:00,0.0,0.0,0.0,0.0,186.163522012579,0.0,0.0
2019-03-14 01:00:00,0.0,0.0,0.0,0.0,186.163522012579,0.0,0.0
2019-03-14 02:00:00,0.0,0.0,0.0,0.0,186.163522012579,155.75549888519163,0.0
2019-03-14 03:00:00,0.0,0.0,0.0,0.0,186.163522012579,518.930817610063,0.0
2019-03-14 04:00:00,0.0,0.0,0.0,0.0,186.163522012579,399.6529390338788,0.0
2019-03-14 05:00:00,0.0,0.0,0.0,0.0,186.163522012579,0.0,0.0
2019-03-14 06:00:00,0.0,0.0,0.0,0.0,186.163522012579,518.930817610063,0.0
2019-03-14 07:00:00,0.0,0.0,0.0,0.0,186.163522012579,518.930817610063,0.0
2019-03-14 08:00:00,258.301886792452,702.767295597484,998.301886792453,4032.76729559748,186.163522012579,518.930817610063,702.767295597484
2019-03-14 09:00:00,258.301886792452,702.767295597484,998.301886792453,4032.76729559748,186.163522012579,518.930817610063,702.767295597484
2019-03-14 10:00:00,258.301886792452,702.767295597484,998.301886792453,4032.76729559748,186.163522012579,518.930817610063,702.767295597484
2019-03-14 11:00:00,258.301886792452,702.767295597484,998.301886792453,4032.76729559748,186.163522012579,518.930817610063,702.767295597484
2019-03-14 12:00:00,258.301886792452,702.767295597484,998.301886792453,4032.76729559748,186.163522012579,518.930817610063,702.767295597484
2019-03-14 13:00:00,258.301886792452,702.767295597484,998.301886792453,4032.76729559748,186.163522012579,518.930817610063,702.767295597484
2019-03-14 14:00:00,258.301886792452,702.767295597484,998.301886792453,4032.76729559748,186.163522012579,518.930817610063,702.767295597484
2019-03-14 15:00:00,258.301886792452,0.0,998.301886792453,0.0,186.163522012579,518.930817610063,702.767295597484
2019-03-14 16:00:00,62.570320435103895,0.0,0.0,0.0,186.163522012579,518.930817610063,0.0
2019-03-14 17:00:00,0.0,0.0,0.0,0.0,186.163522012579,518.930817610063,0.0
2019-03-14 18:00:00,0.0,0.0,0.0,0.0,186.163522012579,518.930817610063,0.0
2019-03-14 19:00:00,0.0,0.0,0.0,0.0,186.163522012579,518.930817610063,0.0
2019-03-14 20:00:00,0.0,0.0,0.0,0.0,186.163522012579,518.930817610063,0.0
2019-03-14 21:00:00,0.0,0.0,0.0,0.0,186.163522012579,518.930817610063,0.0
2019-03-14 22:00:00,0.0,0.0,0.0,0.0,186.163522012579,518.930817610063,0.0
2019-03-14 23:00:00,0.0,0.0,0.0,0.0,186.163522012579,518.930817610063,0.0
2019-03-15 00:00:00,0.0,0.0,0.0,0.0,186.163522012579,518.930817610063,0.0
2019-03-15 01:00:00,0.0,0.0,0.0,0.0,186.163522012579,518.930817610063,0.0
2019-03-15 02:00:00,0.0,0.0,0.0,0.0,186.163522012579,518.930817610063,0.0
2019-03-15 03:00:00,0.0,0.0,0.0,0.0,186.163522012579,518.930817610063,0.0
2019-03-15 04:00:00,0.0,0.0,0.0,0.0,186.163522012579,518.930817610063,0.0
2019-03-15 05:00:00,0.0,0.0,0.0,0.0,186.163522012579,518.930817610063,0.0
2019-03-15 06:00:00,0.0,0.0,0.0,0.0,186.163522012579,518.930817610063,0.0
2019-03-15 07:00:00,258.301886792452,0.0,998.301886792453,0.0,186.163522012579,518.930817610063,196.44645668356134
2019-03-15 08:00:00,258.301886792452,702.767295597484,998.301886792453,4032.76729559748,186.163522012579,518.930817610063,702.767295597484
2019-03-15 09:00:00,258.301886792452,702.767295597484,998.301886792453,4032.76729559748,186.163522012579,518.930817610063,702.767295597484
2019-03-15 10:00:00,258.301886792452,702.767295597484,998.301886792453,4032.76729559748,186.163522012579,518.930817610063,702.767295597484
2019-03-15 11:00:00,258.301886792452,702.767295597484,998.301886792453,4032.76729559748,186.163522012579,518.930817610063,702.767295597484
2019-03-15 12:00:00,258.301886792452,702.767295597484,998.301886792453,4032.76729559748,186.163522012579,518.930817610063,702.767295597484
2019-03-15 13:00:00,258.301886792452,702.767295597484,998.301886792453,4032.76729559748,186.163522012579,518.930817610063,702.767295597484
2019-03-15 14:00:00,258.301886792452,702.767295597484,998.301886792453,4032.76729559748,186.163522012579,518.930817610063,702.767295597484
2019-03-15 15:00:00,0.0,0.0,0.0,0.0,186.163522012579,518.930817610063,0.0
2019-03-15 16:00:00,0.0,0.0,0.0,0.0,186.163522012579,0.0,0.0
2019-03-15 17:00:00,0.0,0.0,0.0,0.0,186.163522012579,0.0,0.0
2019-03-15 18:00:00,0.0,0.0,0.0,0.0,186.163522012579,0.0,0.0
2019-03-15 19:00:00,0.0,0.0,0.0,0.0,186.163522012579,0.0,0.0
2019-03-15 20:00:00,0.0,0.0,0.0,0.0,186.163522012579,0.0,0.0
2019-03-15 21:00:00,0.0,0.0,0.0,0.0,186.163522012579,0.0,0.0
2019-03-15 22:00:00,0.0,0.0,0.0,0.0,186.163522012579,0.0,0.0
2019-03-15 23:00:00,0.0,0.0,0.0,0.0,186.163522012579,0.0,0.0
2019-03-16 00:00:00,0.0,0.0,0.0,0.0,186.163522012579,0.0,0.0
2019-03-16 01:00:00,0.0,0.0,0.0,0.0,186.163522012579,0.0,0.0
2019-03-16 02:00:00,0.0,0.0,0.0,0.0,186.163522012579,0.0,0.0
2019-03-16 03:00:00,0.0,0.0,0.0,0.0,186.163522012579,0.0,0.0
2019-03-16 04:00:00,0.0,0.0,0.0,0.0,186.163522012579,0.0,0.0
2019-03-16 05:00:00,0.0,0.0,0.0,0.0,186.163522012579,0.0,0.0
2019-03-16 06:00:00,0.0,0.0,0.0,0.0,186.163522012579,0.0,0.0
2019-03-16 07:00:00,258.301886792452,702.767295597484,998.301886792453,4032.76729559748,186.163522012579,518.930817610063,702.767295597484
2019-03-16 08:00:00,258.301886792452,702.767295597484,998.301886792453,4032.76729559748,186.163522012579,518.930817610063,702.767295597484
2019-03-16 09:00:00,258.301886792452,702.767295597484,998.301886792453,4032.76729559748,186.163522012579,518.930817610063,702.767295597484
2019-03-16 10:00:00,258.301886792452,702.767295597484,998.301886792453,4032.76729559748,186.163522012579,518.930817610063,702.767295597484
2019-03-16 11:00:00,258.301886792452,702.767295597484,998.301886792453,4032.76729559748,186.163522012579,518.930817610063,702.767295597484
2019-03-16 12:00:00,258.301886792452,702.767295597484,998.301886792453,4032.76729559748,186.163522012579,518.930817610063,702.767295597484
2019-03-16 13:00:00,258.301886792452,702.767295597484,998.301886792453,4032.76729559748,186.163522012579,518.930817610063,702.767295597484
2019-03-16 14:00:00,258.301886792452,702.767295597484,998.301886792453,4032.76729559748,186.163522012579,518.930817610063,702.767295597484
2019-03-16 15:00:00,258.301886792452,702.767295597484,998.301886792453,4032.76729559748,186.163522012579,518.930817610063,702.767295597484
2019-03-16 16:00:00,0.0,0.0,0.0,0.0,186.163522012579,0.0,0.0
2019-03-16 17:00:00,0.0,0.0,0.0,0.0,0.0,0.0,0.0
2019-03-16 18:00:00,0.0,0.0,0.0,0.0,0.0,0.0,0.0
2019-03-16 19:00:00,0.0,0.0,0.0,0.0,0.0,0.0,0.0
2019-03-16 20:00:00,0.0,0.0,0.0,0.0,0.0,0.0,0.0
2019-03-16 21:00:00,0.0,0.0,0.0,0.0,0.0,0.0,0.0
2019-03-16 22:00:00,0.0,0.0,0.0,0.0,0.0,0.0,0.0
2019-03-16 23:00:00,0.0,0.0,0.0,0.0,0.0,0.0,0.0
2019-03-17 00:00:00,0.0,0.0,0.0,0.0,0.0,0.0,0.0
2019-03-17 01:00:00,0.0,0.0,0.0,0.0,0.0,0.0,0.0
2019-03-17 02:00:00,0.0,0.0,0.0,0.0,0.0,0.0,0.0
2019-03-17 03:00:00,0.0,0.0,0.0,0.0,0.0,0.0,0.0
2019-03-17 04:00:00,0.0,0.0,0.0,0.0,0.0,0.0,0.0
2019-03-17 05:00:00,0.0,0.0,0.0,0.0,0.0,0.0,0.0
2019-03-17 06:00:00,0.0,0.0,0.0,0.0,0.0,0.0,0.0
2019-03-17 07:00:00,258.301886792452,702.767295597484,998.301886792453,4032.76729559748,0.0,518.930817610063,702.767295597484
2019-03-17 08:00:00,258.301886792452,702.767295597484,998.301886792453,4032.76729559748,186.163522012579,518.930817610063,702.767295597484
2019-03-17 09:00:00,258.301886792452,702.767295597484,998.301886792453,4032.76729559748,186.163522012579,518.930817610063,702.767295597484
2019-03-17 10:00:00,258.301886792452,702.767295597484,998.301886792453,4032.76729559748,186.163522012579,518.930817610063,702.767295597484
2019-03-17 11:00:00,258.301886792452,702.767295597484,998.301886792453,4032.76729559748,186.163522012579,518.930817610063,702.767295597484
2019-03-17 12:00:00,258.301886792452,702.767295597484,998.301886792453,4032.76729559748,186.163522012579,518.930817610063,702.767295597484
2019-03-17 13:00:00,258.301886792452,702.767295597484,998.301886792453,4032.76729559748,186.163522012579,518.930817610063,702.767295597484
2019-03-17 14:00:00,258.301886792452,702.767295597484,998.301886792453,4032.76729559748,0.0,518.930817610063,702.767295597484
2019-03-17 15:00:00,258.301886792452,702.767295597484,998.301886792453,4032.76729559748,0.0,518.930817610063,702.767295597484
2019-03-17 16:00:00,0.0,0.0,0.0,0.0,0.0,0.0,0.0
2019-03-17 17:00:00,0.0,0.0,0.0,0.0,0.0,0.0,0.0
2019-03-17 18:00:00,0.0,0.0,0.0,0.0,0.0,0.0,0.0
2019-03-17 19:00:00,0.0,0.0,0.0,0.0,0.0,0.0,0.0
2019-03-17 20:00:00,0.0,0.0,0.0,0.0,0.0,0.0,0.0
2019-03-17 21:00:00,0.0,0.0,0.0,0.0,0.0,0.0,0.0
2019-03-17 22:00:00,0.0,0.0,0.0,0.0,0.0,0.0,0.0
2019-03-17 23:00:00,0.0,2.421288592113342,0.0,0.0,0.0,0.0,0.0
2019-03-18 00:00:00,0.0,550.2278194092214,0.0,0.0,0.0,0.0,0.0
2019-03-18 01:00:00,0.0,552.1996542429961,0.0,0.0,0.0,0.0,0.0
2019-03-18 02:00:00,0.0,527.1984982967106,0.0,0.0,0.0,0.0,0.0
2019-03-18 03:00:00,0.0,0.0,0.0,0.0,186.163522012579,0.0,0.0
2019-03-18 04:00:00,0.0,0.0,0.0,0.0,186.163522012579,0.0,0.0
2019-03-18 05:00:00,0.0,0.0,0.0,0.0,186.163522012579,0.0,0.0
2019-03-18 06:00:00,0.0,0.0,0.0,0.0,186.163522012579,0.0,0.0
2019-03-18 07:00:00,258.301886792452,0.0,998.301886792453,0.0,186.163522012579,518.930817610063,702.767295597484
2019-03-18 08:00:00,258.301886792452,702.767295597484,998.301886792453,4032.76729559748,186.163522012579,518.930817610063,702.767295597484
2019-03-18 09:00:00,258.301886792452,702.767295597484,998.301886792453,4032.76729559748,186.163522012579,518.930817610063,702.767295597484
2019-03-18 10:00:00,258.301886792452,702.767295597484,998.301886792453,4032.76729559748,186.163522012579,518.930817610063,702.767295597484
2019-03-18 11:00:00,258.301886792452,702.767295597484,998.301886792453,4032.76729559748,186.163522012579,518.930817610063,702.767295597484
2019-03-18 12:00:00,258.301886792452,702.767295597484,998.301886792453,4032.76729559748,186.163522012579,518.930817610063,702.767295597484
2019-03-18 13:00:00,258.301886792452,702.767295597484,998.301886792453,4032.76729559748,186.163522012579,518.930817610063,702.767295597484
2019-03-18 14:00:00,258.301886792452,702.767295597484,998.301886792453,4032.76729559748,186.163522012579,518.930817610063,702.767295597484
2019-03-18 15:00:00,258.301886792452,0.0,677.6173645315405,0.0,186.163522012579,0.0,702.767295597484
2019-03-18 16:00:00,0.0,0.0,0.0,0.0,186.163522012579,0.0,0.0
2019-03-18 17:00:00,0.0,0.0,0.0,0.0,186.163522012579,0.0,0.0
2019-03-18 18:00:00,0.0,0.0,0.0,0.0,186.163522012579,0.0,0.0
2019-03-18 19:00:00,0.0,0.0,0.0,0.0,0.0,0.0,0.0
2019-03-18 20:00:00,0.0,0.0,0.0,0.0,0.0,0.0,0.0
2019-03-18 21:00:00,0.0,0.0,0.0,0.0,0.0,0.0,0.0
2019-03-18 22:00:00,0.0,0.0,0.0,0.0,0.0,0.0,0.0
2019-03-18 23:00:00,0.0,0.0,0.0,0.0,0.0,0.0,0.0
2019-03-19 00:00:00,0.0,0.0,0.0,0.0,0.0,0.0,0.0
2019-03-19 01:00:00,0.0,0.0,0.0,0.0,0.0,0.0,0.0
2019-03-19 02:00:00,0.0,0.0,0.0,0.0,0.0,0.0,0.0
2019-03-19 03:00:00,0.0,0.0,0.0,0.0,0.0,0.0,0.0
2019-03-19 04:00:00,0.0,0.0,0.0,0.0,0.0,0.0,0.0
2019-03-19 05:00:00,0.0,0.0,0.0,0.0,0.0,0.0,0.0
2019-03-19 06:00:00,0.0,0.0,0.0,0.0,0.0,0.0,0.0
2019-03-19 07:00:00,0.0,0.0,0.0,0.0,0.0,0.0,0.0
2019-03-19 08:00:00,258.301886792452,702.767295597484,998.301886792453,4032.76729559748,0.0,518.930817610063,702.767295597484
2019-03-19 09:00:00,258.301886792452,702.767295597484,998.301886792453,4032.76729559748,0.0,518.930817610063,702.767295597484
2019-03-19 10:00:00,258.301886792452,702.767295597484,998.301886792453,4032.76729559748,0.0,518.930817610063,702.767295597484
2019-03-19 11:00:00,258.301886792452,702.767295597484,998.301886792453,4032.76729559748,0.0,518.930817610063,702.767295597484
2019-03-19 12:00:00,258.301886792452,702.767295597484,998.301886792453,4032.76729559748,0.0,518.930817610063,702.767295597484
2019-03-19 13:00:00,258.301886792452,702.767295597484,998.301886792453,4032.76729559748,0.0,518.930817610063,702.767295597484
2019-03-19 14:00:00,258.301886792452,702.767295597484,998.301886792453,4032.76729559748,0.0,518.930817610063,702.767295597484
2019-03-19 15:00:00,0.0,0.0,0.0,0.0,0.0,0.0,0.0
2019-03-19 16:00:00,0.0,0.0,0.0,0.0,0.0,0.0,0.0
2019-03-19 17:00:00,0.0,0.0,0.0,0.0,0.0,0.0,0.0
2019-03-19 18:00:00,0.0,0.0,0.0,0.0,0.0,0.0,0.0
2019-03-19 19:00:00,0.0,0.0,0.0,0.0,0.0,0.0,0.0
2019-03-19 20:00:00,0.0,0.0,0.0,0.0,0.0,0.0,0.0
2019-03-19 21:00:00,0.0,0.0,0.0,0.0,0.0,0.0,0.0
2019-03-19 22:00:00,0.0,0.0,0.0,0.0,0.0,0.0,0.0
2019-03-19 23:00:00,0.0,0.0,0.0,0.0,0.0,0.0,0.0
2019-03-20 00:00:00,0.0,0.0,0.0,0.0,0.0,0.0,0.0
2019-03-20 01:00:00,0.0,0.0,0.0,0.0,0.0,0.0,0.0
2019-03-20 02:00:00,0.0,0.0,0.0,0.0,0.0,0.0,0.0
2019-03-20 03:00:00,0.0,702.767295597484,0.0,0.0,0.0,0.0,0.0
2019-03-20 04:00:00,0.0,0.0,0.0,0.0,0.0,0.0,0.0
2019-03-20 05:00:00,0.0,0.0,0.0,0.0,0.0,0.0,0.0
2019-03-20 06:00:00,0.0,702.767295597484,0.0,741.6898539599538,0.0,0.0,0.0
2019-03-20 07:00:00,0.0,308.22674915133575,0.0,0.0,186.163522012579,0.0,0.0
2019-03-20 08:00:00,258.301886792452,702.767295597484,998.301886792453,4032.76729559748,186.163522012579,518.930817610063,702.767295597484
2019-03-20 09:00:00,258.301886792452,702.767295597484,998.301886792453,4032.76729559748,186.163522012579,518.930817610063,702.767295597484
2019-03-20 10:00:00,258.301886792452,702.767295597484,998.301886792453,4032.76729559748,186.163522012579,518.930817610063,702.767295597484
2019-03-20 11:00:00,258.301886792452,702.767295597484,998.301886792453,4032.76729559748,186.163522012579,518.930817610063,702.767295597484
2019-03-20 12:00:00,258.301886792452,702.767295597484,998.301886792453,4032.76729559748,186.163522012579,518.930817610063,702.767295597484
2019-03-20 13:00:00,258.301886792452,702.767295597484,998.301886792453,4032.76729559748,186.163522012579,518.930817610063,702.767295597484
2019-03-20 14:00:00,258.301886792452,702.767295597484,998.301886792453,4032.76729559748,186.163522012579,518.930817610063,702.767295597484
2019-03-20 15:00:00,258.301886792452,702.767295597484,998.301886792453,4032.76729559748,186.163522012579,518.930817610063,702.767295597484
2019-03-20 16:00:00,258.301886792452,0.0,998.301886792453,0.0,186.163522012579,518.930817610063,702.767295597484
2019-03-20 17:00:00,258.301886792452,0.0,998.301886792453,0.0,186.163522012579,518.930817610063,702.767295597484
2019-03-20 18:00:00,258.301886792452,0.0,998.301886792453,0.0,186.163522012579,518.930817610063,702.767295597484
2019-03-20 19:00:00,258.301886792452,0.0,998.301886792453,0.0,186.163522012579,518.930817610063,702.767295597484
2019-03-20 20:00:00,258.301886792452,0.0,998.301886792453,0.0,186.163522012579,518.930817610063,702.767295597484
2019-03-20 21:00:00,258.301886792452,0.0,998.301886792453,0.0,186.163522012579,518.930817610063,702.767295597484
2019-03-20 22:00:00,258.301886792452,702.767295597484,998.301886792453,0.0,186.163522012579,518.930817610063,702.767295597484
2019-03-20 23:00:00,258.301886792452,0.0,998.301886792453,0.0,186.163522012579,518.930817610063,702.767295597484
2019-03-21 00:00:00,258.301886792452,0.0,998.301886792453,0.0,186.163522012579,518.930817610063,702.767295597484
2019-03-21 01:00:00,258.301886792452,0.0,998.301886792453,0.0,186.163522012579,518.930817610063,702.767295597484
2019-03-21 02:00:00,258.301886792452,0.0,998.301886792453,0.0,186.163522012579,518.930817610063,702.767295597484
2019-03-21 03:00:00,258.301886792452,0.0,998.301886792453,0.0,186.163522012579,518.930817610063,702.767295597484
2019-03-21 04:00:00,258.301886792452,0.0,998.301886792453,0.0,186.163522012579,518.930817610063,702.767295597484
2019-03-21 05:00:00,258.301886792452,0.0,998.301886792453,0.0,186.163522012579,518.930817610063,702.767295597484
2019-03-21 06:00:00,258.301886792452,0.0,998.301886792453,0.0,186.163522012579,518.930817610063,702.767295597484
2019-03-21 07:00:00,258.301886792452,702.767295597484,998.301886792453,4032.76729559748,186.163522012579,518.930817610063,702.767295597484
2019-03-21 08:00:00,258.301886792452,702.767295597484,998.301886792453,4032.76729559748,186.163522012579,518.930817610063,702.767295597484
2019-03-21 09:00:00,258.301886792452,702.767295597484,998.301886792453,4032.76729559748,186.163522012579,518.930817610063,702.767295597484
2019-03-21 10:00:00,258.301886792452,702.767295597484,998.301886792453,4032.76729559748,186.163522012579,518.930817610063,702.767295597484
2019-03-21 11:00:00,258.301886792452,702.767295597484,998.301886792453,4032.76729559748,186.163522012579,518.930817610063,702.767295597484
2019-03-21 12:00:00,258.301886792452,702.767295597484,998.301886792453,4032.76729559748,186.163522012579,518.930817610063,702.767295597484
2019-03-21 13:00:00,258.301886792452,702.767295597484,998.301886792453,4032.76729559748,186.163522012579,518.930817610063,702.767295597484
2019-03-21 14:00:00,258.301886792452,702.767295597484,998.301886792453,4032.76729559748,186.163522012579,518.930817610063,702.767295597484
2019-03-21 15:00:00,258.301886792452,702.767295597484,998.301886792453,4032.76729559748,186.163522012579,518.930817610063,702.767295597484
2019-03-21 16:00:00,258.301886792452,0.0,998.301886792453,0.0,186.163522012579,518.930817610063,702.767295597484
2019-03-21 17:00:00,258.301886792452,0.0,998.301886792453,0.0,186.163522012579,518.930817610063,702.767295597484
2019-03-21 18:00:00,258.301886792452,0.0,998.301886792453,0.0,186.163522012579,518.930817610063,702.767295597484
2019-03-21 19:00:00,258.301886792452,0.0,998.301886792453,0.0,186.163522012579,518.930817610063,702.767295597484
2019-03-21 20:00:00,258.301886792452,0.0,998.301886792453,0.0,186.163522012579,518.930817610063,702.767295597484
2019-03-21 21:00:00,258.301886792452,0.0,998.301886792453,0.0,186.163522012579,518.930817610063,702.767295597484
2019-03-21 22:00:00,258.301886792452,0.0,998.301886792453,0.0,186.163522012579,518.930817610063,702.767295597484
2019-03-21 23:00:00,258.301886792452,0.0,998.301886792453,0.0,186.163522012579,518.930817610063,702.767295597484
2019-03-22 00:00:00,258.301886792452,0.0,998.301886792453,0.0,186.163522012579,518.930817610063,702.767295597484
2019-03-22 01:00:00,258.301886792452,0.0,998.301886792453,0.0,186.163522012579,518.930817610063,702.767295597484
2019-03-22 02:00:00,258.301886792452,0.0,998.301886792453,0.0,186.163522012579,518.930817610063,702.767295597484
2019-03-22 03:00:00,258.301886792452,0.0,998.301886792453,0.0,186.163522012579,518.930817610063,702.767295597484
2019-03-22 04:00:00,258.301886792452,0.0,998.301886792453,0.0,186.163522012579,518.930817610063,702.767295597484
2019-03-22 05:00:00,258.301886792452,0.0,998.301886792453,0.0,186.163522012579,518.930817610063,702.767295597484
2019-03-22 06:00:00,258.301886792452,0.0,998.301886792453,0.0,186.163522012579,518.930817610063,702.767295597484
2019-03-22 07:00:00,258.301886792452,661.5430915136785,998.301886792453,0.0,186.163522012579,518.930817610063,702.767295597484
2019-03-22 08:00:00,258.301886792452,702.767295597484,998.301886792453,4032.76729559748,186.163522012579,518.930817610063,702.767295597484
2019-03-22 09:00:00,258.301886792452,702.767295597484,998.301886792453,4032.76729559748,186.163522012579,518.930817610063,702.767295597484
2019-03-22 10:00:00,258.301886792452,702.767295597484,998.301886792453,4032.76729559748,186.163522012579,518.930817610063,702.767295597484
2019-03-22 11:00:00,258.301886792452,702.767295597484,998.301886792453,4032.76729559748,186.163522012579,518.930817610063,702.767295597484
2019-03-22 12:00:00,258.301886792452,702.767295597484,998.301886792453,4032.76729559748,186.163522012579,518.930817610063,702.767295597484
2019-03-22 13:00:00,258.301886792452,702.767295597484,998.301886792453,4032.76729559748,186.163522012579,518.930817610063,702.767295597484
2019-03-22 14:00:00,258.301886792452,702.767295597484,998.301886792453,4032.76729559748,186.163522012579,518.930817610063,702.767295597484
2019-03-22 15:00:00,258.301886792452,702.767295597484,998.301886792453,4032.76729559748,186.163522012579,518.930817610063,702.767295597484
2019-03-22 16:00:00,0.0,0.0,0.0,0.0,0.0,0.0,0.0
2019-03-22 17:00:00,0.0,0.0,0.0,0.0,0.0,0.0,0.0
2019-03-22 18:00:00,0.0,0.0,0.0,0.0,0.0,0.0,0.0
2019-03-22 19:00:00,0.0,0.0,0.0,0.0,0.0,0.0,0.0
2019-03-22 20:00:00,0.0,0.0,0.0,0.0,0.0,0.0,0.0
2019-03-22 21:00:00,0.0,0.0,0.0,0.0,0.0,0.0,0.0
2019-03-22 22:00:00,0.0,0.0,0.0,0.0,0.0,0.0,0.0
2019-03-22 23:00:00,0.0,0.0,0.0,0.0,0.0,0.0,0.0
2019-03-23 00:00:00,0.0,0.0,0.0,0.0,0.0,0.0,0.0
2019-03-23 01:00:00,0.0,0.0,0.0,0.0,0.0,0.0,0.0
2019-03-23 02:00:00,0.0,0.0,0.0,0.0,0.0,0.0,0.0
2019-03-23 03:00:00,0.0,0.0,0.0,0.0,0.0,0.0,0.0
2019-03-23 04:00:00,0.0,0.0,0.0,0.0,0.0,0.0,0.0
2019-03-23 05:00:00,0.0,0.0,0.0,0.0,0.0,0.0,0.0
2019-03-23 06:00:00,0.0,0.0,0.0,0.0,0.0,0.0,0.0
2019-03-23 07:00:00,258.301886792452,702.767295597484,998.301886792453,4032.76729559748,186.163522012579,518.930817610063,702.767295597484
2019-03-23 08:00:00,258.301886792452,702.767295597484,998.301886792453,4032.76729559748,186.163522012579,518.930817610063,702.767295597484
2019-03-23 09:00:00,258.301886792452,702.767295597484,998.301886792453,4032.76729559748,186.163522012579,518.930817610063,702.767295597484
2019-03-23 10:00:00,258.301886792452,702.767295597484,998.301886792453,4032.76729559748,186.163522012579,518.930817610063,702.767295597484
2019-03-23 11:00:00,258.301886792452,702.767295597484,998.301886792453,4032.76729559748,186.163522012579,518.930817610063,702.767295597484
2019-03-23 12:00:00,258.301886792452,702.767295597484,998.301886792453,4032.76729559748,186.163522012579,518.930817610063,702.767295597484
2019-03-23 13:00:00,258.301886792452,702.767295597484,998.301886792453,4032.76729559748,186.163522012579,518.930817610063,702.767295597484
2019-03-23 14:00:00,258.301886792452,702.767295597484,998.301886792453,4032.76729559748,186.163522012579,518.930817610063,702.767295597484
2019-03-23 15:00:00,258.301886792452,702.767295597484,998.301886792453,4032.76729559748,0.0,518.930817610063,702.767295597484
2019-03-23 16:00:00,0.0,0.0,0.0,0.0,0.0,0.0,0.0
2019-03-23 17:00:00,0.0,0.0,0.0,0.0,0.0,0.0,0.0
2019-03-23 18:00:00,0.0,0.0,0.0,0.0,0.0,0.0,0.0
2019-03-23 19:00:00,0.0,0.0,0.0,0.0,0.0,0.0,0.0
2019-03-23 20:00:00,0.0,0.0,0.0,0.0,0.0,0.0,0.0
2019-03-23 21:00:00,0.0,0.0,0.0,0.0,0.0,0.0,0.0
2019-03-23 22:00:00,0.0,0.0,0.0,0.0,0.0,0.0,0.0
2019-03-23 23:00:00,0.0,0.0,0.0,0.0,0.0,0.0,0.0
2019-03-24 00:00:00,0.0,0.0,0.0,0.0,0.0,0.0,0.0
2019-03-24 01:00:00,0.0,0.0,0.0,0.0,0.0,0.0,0.0
2019-03-24 02:00:00,0.0,0.0,0.0,0.0,0.0,0.0,0.0
2019-03-24 03:00:00,0.0,0.0,0.0,0.0,0.0,0.0,0.0
2019-03-24 04:00:00,0.0,0.0,0.0,0.0,0.0,0.0,0.0
2019-03-24 05:00:00,0.0,0.0,0.0,0.0,0.0,0.0,0.0
2019-03-24 06:00:00,0.0,0.0,0.0,0.0,0.0,0.0,0.0
2019-03-24 07:00:00,258.301886792452,702.767295597484,998.301886792453,4032.76729559748,186.163522012579,518.930817610063,702.767295597484
2019-03-24 08:00:00,258.301886792452,702.767295597484,998.301886792453,4032.76729559748,186.163522012579,518.930817610063,702.767295597484
2019-03-24 09:00:00,258.301886792452,702.767295597484,998.301886792453,4032.76729559748,186.163522012579,518.930817610063,702.767295597484
2019-03-24 10:00:00,258.301886792452,702.767295597484,998.301886792453,4032.76729559748,186.163522012579,518.930817610063,702.767295597484
2019-03-24 11:00:00,258.301886792452,702.767295597484,998.301886792453,4032.76729559748,186.163522012579,518.930817610063,702.767295597484
2019-03-24 12:00:00,258.301886792452,702.767295597484,998.301886792453,4032.76729559748,186.163522012579,518.930817610063,702.767295597484
2019-03-24 13:00:00,258.301886792452,702.767295597484,998.301886792453,4032.76729559748,186.163522012579,518.930817610063,702.767295597484
2019-03-24 14:00:00,258.301886792452,702.767295597484,998.301886792453,4032.76729559748,186.163522012579,518.930817610063,702.767295597484
2019-03-24 15:00:00,258.301886792452,702.767295597484,998.301886792453,4032.76729559748,186.163522012579,518.930817610063,702.767295597484
2019-03-24 16:00:00,0.0,0.0,0.0,0.0,0.0,0.0,0.0
2019-03-24 17:00:00,0.0,0.0,0.0,0.0,0.0,0.0,0.0
2019-03-24 18:00:00,0.0,0.0,0.0,0.0,0.0,0.0,0.0
2019-03-24 19:00:00,0.0,0.0,0.0,0.0,0.0,0.0,0.0
2019-03-24 20:00:00,0.0,0.0,0.0,0.0,0.0,0.0,0.0
2019-03-24 21:00:00,0.0,0.0,0.0,0.0,0.0,0.0,0.0
2019-03-24 22:00:00,0.0,0.0,0.0,0.0,0.0,0.0,0.0
2019-03-24 23:00:00,0.0,0.0,0.0,0.0,0.0,0.0,0.0
2019-03-25 00:00:00,0.0,0.0,0.0,0.0,0.0,0.0,0.0
2019-03-25 01:00:00,0.0,0.0,0.0,0.0,0.0,0.0,0.0
2019-03-25 02:00:00,0.0,0.0,0.0,0.0,0.0,0.0,0.0
2019-03-25 03:00:00,0.0,0.0,0.0,0.0,0.0,0.0,0.0
2019-03-25 04:00:00,0.0,0.0,0.0,0.0,0.0,0.0,0.0
2019-03-25 05:00:00,0.0,0.0,0.0,0.0,0.0,0.0,0.0
2019-03-25 06:00:00,0.0,0.0,0.0,0.0,0.0,0.0,0.0
2019-03-25 07:00:00,258.301886792452,702.767295597484,998.301886792453,4032.76729559748,0.0,518.930817610063,702.767295597484
2019-03-25 08:00:00,258.301886792452,702.767295597484,998.301886792453,4032.76729559748,186.163522012579,518.930817610063,702.767295597484
2019-03-25 09:00:00,258.301886792452,702.767295597484,998.301886792453,4032.76729559748,186.163522012579,518.930817610063,702.767295597484
2019-03-25 10:00:00,258.301886792452,702.767295597484,998.301886792453,4032.76729559748,186.163522012579,518.930817610063,702.767295597484
2019-03-25 11:00:00,258.301886792452,702.767295597484,998.301886792453,4032.76729559748,186.163522012579,518.930817610063,702.767295597484
2019-03-25 12:00:00,258.301886792452,702.767295597484,998.301886792453,4032.76729559748,186.163522012579,518.930817610063,702.767295597484
2019-03-25 13:00:00,258.301886792452,702.767295597484,998.301886792453,4032.76729559748,186.163522012579,518.930817610063,702.767295597484
2019-03-25 14:00:00,258.301886792452,702.767295597484,998.301886792453,4032.76729559748,186.163522012579,518.930817610063,702.767295597484
2019-03-25 15:00:00,0.0,702.767295597484,0.0,4032.76729559748,186.163522012579,0.0,0.0
2019-03-25 16:00:00,0.0,0.0,0.0,3164.6236287225697,186.163522012579,0.0,0.0
2019-03-25 17:00:00,0.0,0.0,0.0,0.0,186.163522012579,0.0,0.0
2019-03-25 18:00:00,0.0,0.0,0.0,0.0,186.163522012579,0.0,0.0
2019-03-25 19:00:00,0.0,0.0,0.0,0.0,186.163522012579,0.0,0.0
2019-03-25 20:00:00,0.0,0.0,0.0,0.0,186.163522012579,0.0,0.0
2019-03-25 21:00:00,0.0,0.0,0.0,0.0,186.163522012579,0.0,0.0
2019-03-25 22:00:00,0.0,0.0,0.0,0.0,186.163522012579,0.0,0.0
2019-03-25 23:00:00,0.0,0.0,0.0,0.0,186.163522012579,0.0,0.0
2019-03-26 00:00:00,0.0,0.0,0.0,0.0,186.163522012579,0.0,0.0
2019-03-26 01:00:00,0.0,0.0,0.0,0.0,186.163522012579,0.0,0.0
2019-03-26 02:00:00,0.0,0.0,0.0,0.0,186.163522012579,0.0,0.0
2019-03-26 03:00:00,0.0,0.0,0.0,0.0,186.163522012579,0.0,0.0
2019-03-26 04:00:00,0.0,0.0,0.0,0.0,186.163522012579,0.0,0.0
2019-03-26 05:00:00,0.0,0.0,0.0,0.0,186.163522012579,0.0,0.0
2019-03-26 06:00:00,0.0,0.0,0.0,0.0,186.163522012579,0.0,0.0
2019-03-26 07:00:00,258.301886792452,702.767295597484,998.301886792453,4032.76729559748,186.163522012579,518.930817610063,702.767295597484
2019-03-26 08:00:00,258.301886792452,702.767295597484,998.301886792453,4032.76729559748,186.163522012579,518.930817610063,702.767295597484
2019-03-26 09:00:00,258.301886792452,702.767295597484,998.301886792453,4032.76729559748,186.163522012579,518.930817610063,702.767295597484
2019-03-26 10:00:00,258.301886792452,702.767295597484,998.301886792453,4032.76729559748,186.163522012579,518.930817610063,702.767295597484
2019-03-26 11:00:00,258.301886792452,702.767295597484,998.301886792453,4032.76729559748,186.163522012579,518.930817610063,702.767295597484
2019-03-26 12:00:00,258.301886792452,702.767295597484,998.301886792453,4032.76729559748,186.163522012579,518.930817610063,702.767295597484
2019-03-26 13:00:00,258.301886792452,702.767295597484,998.301886792453,4032.76729559748,186.163522012579,518.930817610063,702.767295597484
2019-03-26 14:00:00,258.301886792452,702.767295597484,998.301886792453,4032.76729559748,186.163522012579,518.930817610063,702.767295597484
2019-03-26 15:00:00,258.301886792452,702.767295597484,998.301886792453,4032.76729559748,186.163522012579,518.930817610063,702.767295597484
2019-03-26 16:00:00,0.0,0.0,0.0,0.0,186.163522012579,0.0,0.0
2019-03-26 17:00:00,0.0,0.0,0.0,0.0,186.163522012579,0.0,0.0
2019-03-26 18:00:00,0.0,0.0,0.0,0.0,186.163522012579,0.0,0.0
2019-03-26 19:00:00,0.0,0.0,0.0,0.0,186.163522012579,0.0,0.0
2019-03-26 20:00:00,0.0,0.0,0.0,0.0,186.163522012579,0.0,0.0
2019-03-26 21:00:00,0.0,0.0,0.0,0.0,186.163522012579,0.0,0.0
2019-03-26 22:00:00,0.0,0.0,0.0,0.0,186.163522012579,0.0,0.0
2019-03-26 23:00:00,0.0,0.0,0.0,0.0,186.163522012579,0.0,0.0
2019-03-27 00:00:00,0.0,0.0,0.0,0.0,186.163522012579,0.0,0.0
2019-03-27 01:00:00,0.0,0.0,0.0,0.0,186.163522012579,0.0,0.0
2019-03-27 02:00:00,0.0,0.0,0.0,0.0,186.163522012579,0.0,0.0
2019-03-27 03:00:00,0.0,0.0,0.0,0.0,186.163522012579,0.0,0.0
2019-03-27 04:00:00,0.0,0.0,0.0,0.0,186.163522012579,0.0,0.0
2019-03-27 05:00:00,0.0,0.0,0.0,0.0,186.163522012579,0.0,0.0
2019-03-27 06:00:00,0.0,0.0,0.0,0.0,186.163522012579,0.0,0.0
2019-03-27 07:00:00,0.0,67.95455692729956,0.0,0.0,186.163522012579,0.0,0.0
2019-03-27 08:00:00,258.301886792452,702.767295597484,998.301886792453,4032.76729559748,186.163522012579,518.930817610063,702.767295597484
2019-03-27 09:00:00,258.301886792452,702.767295597484,998.301886792453,4032.76729559748,186.163522012579,518.930817610063,702.767295597484
2019-03-27 10:00:00,258.301886792452,702.767295597484,998.301886792453,4032.76729559748,186.163522012579,518.930817610063,702.767295597484
2019-03-27 11:00:00,258.301886792452,702.767295597484,998.301886792453,4032.76729559748,186.163522012579,518.930817610063,702.767295597484
2019-03-27 12:00:00,258.301886792452,702.767295597484,998.301886792453,4032.76729559748,186.163522012579,518.930817610063,702.767295597484
2019-03-27 13:00:00,258.301886792452,702.767295597484,998.301886792453,4032.76729559748,186.163522012579,518.930817610063,702.767295597484
2019-03-27 14:00:00,258.301886792452,702.767295597484,998.301886792453,4032.76729559748,186.163522012579,518.930817610063,702.767295597484
2019-03-27 15:00:00,0.0,542.2733382123079,0.0,4032.76729559748,186.163522012579,0.0,0.0
2019-03-27 16:00:00,0.0,0.0,0.0,0.0,0.0,0.0,0.0
2019-03-27 17:00:00,0.0,0.0,0.0,0.0,0.0,0.0,0.0
2019-03-27 18:00:00,0.0,0.0,0.0,0.0,0.0,0.0,0.0
2019-03-27 19:00:00,0.0,0.0,0.0,0.0,0.0,0.0,0.0
2019-03-27 20:00:00,0.0,0.0,0.0,0.0,0.0,0.0,0.0
2019-03-27 21:00:00,0.0,0.0,0.0,0.0,0.0,0.0,0.0
2019-03-27 22:00:00,0.0,0.0,0.0,0.0,0.0,0.0,0.0
2019-03-27 23:00:00,0.0,0.0,0.0,0.0,0.0,0.0,0.0
2019-03-28 00:00:00,0.0,0.0,0.0,0.0,0.0,0.0,0.0
2019-03-28 01:00:00,0.0,0.0,0.0,0.0,0.0,0.0,0.0
2019-03-28 02:00:00,0.0,0.0,0.0,0.0,0.0,0.0,0.0
2019-03-28 03:00:00,258.301886792452,0.0,998.301886792453,0.0,0.0,0.0,585.9046909326114
2019-03-28 04:00:00,258.301886792452,0.0,998.301886792453,0.0,0.0,0.0,702.767295597484
2019-03-28 05:00:00,0.0,0.0,998.301886792453,0.0,0.0,0.0,0.0
2019-03-28 06:00:00,0.0,14.053335131779932,998.301886792453,0.0,0.0,0.0,0.0
2019-03-28 07:00:00,258.301886792452,702.767295597484,998.301886792453,4032.76729559748,186.163522012579,518.930817610063,702.767295597484
2019-03-28 08:00:00,258.301886792452,702.767295597484,998.301886792453,4032.76729559748,186.163522012579,518.930817610063,702.767295597484
2019-03-28 09:00:00,258.301886792452,702.767295597484,998.301886792453,4032.76729559748,186.163522012579,518.930817610063,702.767295597484
2019-03-28 10:00:00,258.301886792452,702.767295597484,998.301886792453,4032.76729559748,186.163522012579,518.930817610063,702.767295597484
2019-03-28 11:00:00,258.301886792452,702.767295597484,998.301886792453,4032.76729559748,186.163522012579,518.930817610063,702.767295597484
2019-03-28 12:00:00,258.301886792452,702.767295597484,998.301886792453,4032.76729559748,186.163522012579,518.930817610063,702.767295597484
2019-03-28 13:00:00,258.301886792452,702.767295597484,998.301886792453,4032.76729559748,186.163522012579,518.930817610063,702.767295597484
2019-03-28 14:00:00,258.301886792452,702.767295597484,998.301886792453,4032.76729559748,186.163522012579,518.930817610063,702.767295597484
2019-03-28 15:00:00,258.301886792452,702.767295597484,998.301886792453,4032.76729559748,186.163522012579,518.930817610063,702.767295597484
2019-03-28 16:00:00,258.301886792452,0.0,998.301886792453,0.0,186.163522012579,518.930817610063,702.767295597484
2019-03-28 17:00:00,258.301886792452,0.0,998.301886792453,0.0,186.163522012579,518.930817610063,702.767295597484
2019-03-28 18:00:00,258.301886792452,0.0,998.301886792453,0.0,186.163522012579,518.930817610063,702.767295597484
2019-03-28 19:00:00,258.301886792452,0.0,998.301886792453,0.0,186.163522012579,518.930817610063,702.767295597484
2019-03-28 20:00:00,258.301886792452,0.0,998.301886792453,0.0,186.163522012579,518.930817610063,702.767295597484
2019-03-28 21:00:00,258.301886792452,0.0,998.301886792453,0.0,186.163522012579,518.930817610063,702.767295597484
2019-03-28 22:00:00,258.301886792452,0.0,998.301886792453,0.0,186.163522012579,518.930817610063,702.767295597484
2019-03-28 23:00:00,258.301886792452,0.0,998.301886792453,0.0,186.163522012579,518.930817610063,702.767295597484
2019-03-29 00:00:00,258.301886792452,0.0,998.301886792453,0.0,186.163522012579,518.930817610063,702.767295597484
2019-03-29 01:00:00,258.301886792452,0.0,998.301886792453,0.0,186.163522012579,518.930817610063,702.767295597484
2019-03-29 02:00:00,258.301886792452,0.0,998.301886792453,0.0,186.163522012579,518.930817610063,702.767295597484
2019-03-29 03:00:00,258.301886792452,0.0,998.301886792453,0.0,186.163522012579,518.930817610063,702.767295597484
2019-03-29 04:00:00,258.301886792452,0.0,998.301886792453,0.0,186.163522012579,518.930817610063,702.767295597484
2019-03-29 05:00:00,258.301886792452,0.0,998.301886792453,0.0,186.163522012579,518.930817610063,702.767295597484
2019-03-29 06:00:00,258.301886792452,0.0,998.301886792453,0.0,186.163522012579,518.930817610063,702.767295597484
2019-03-29 07:00:00,258.301886792452,702.767295597484,998.301886792453,4032.76729559748,186.163522012579,518.930817610063,702.767295597484
2019-03-29 08:00:00,258.301886792452,702.767295597484,998.301886792453,4032.76729559748,186.163522012579,518.930817610063,702.767295597484
2019-03-29 09:00:00,258.301886792452,702.767295597484,998.301886792453,4032.76729559748,186.163522012579,518.930817610063,702.767295597484
2019-03-29 10:00:00,258.301886792452,702.767295597484,998.301886792453,4032.76729559748,186.163522012579,518.930817610063,702.767295597484
2019-03-29 11:00:00,258.301886792452,702.767295597484,998.301886792453,4032.76729559748,186.163522012579,518.930817610063,702.767295597484
2019-03-29 12:00:00,258.301886792452,702.767295597484,998.301886792453,4032.76729559748,186.163522012579,518.930817610063,702.767295597484
2019-03-29 13:00:00,258.301886792452,702.767295597484,998.301886792453,4032.76729559748,186.163522012579,518.930817610063,702.767295597484
2019-03-29 14:00:00,258.301886792452,702.767295597484,998.301886792453,4032.76729559748,186.163522012579,518.930817610063,702.767295597484
2019-03-29 15:00:00,258.301886792452,702.767295597484,998.301886792453,4032.76729559748,186.163522012579,518.930817610063,702.767295597484
2019-03-29 16:00:00,258.301886792452,0.0,998.301886792453,0.0,186.163522012579,518.930817610063,702.767295597484
2019-03-29 17:00:00,258.301886792452,0.0,998.301886792453,0.0,186.163522012579,518.930817610063,702.767295597484
2019-03-29 18:00:00,258.301886792452,0.0,998.301886792453,0.0,186.163522012579,518.930817610063,702.767295597484
2019-03-29 19:00:00,258.301886792452,0.0,998.301886792453,0.0,186.163522012579,518.930817610063,702.767295597484
2019-03-29 20:00:00,258.301886792452,0.0,998.301886792453,0.0,186.163522012579,518.930817610063,702.767295597484
2019-03-29 21:00:00,258.301886792452,0.0,998.301886792453,0.0,186.163522012579,518.930817610063,702.767295597484
2019-03-29 22:00:00,258.301886792452,0.0,998.301886792453,0.0,186.163522012579,518.930817610063,702.767295597484
2019-03-29 23:00:00,258.301886792452,0.0,998.301886792453,0.0,186.163522012579,518.930817610063,702.767295597484
2019-03-30 00:00:00,258.301886792452,0.0,998.301886792453,0.0,186.163522012579,518.930817610063,702.767295597484
2019-03-30 01:00:00,258.301886792452,0.0,998.301886792453,0.0,186.163522012579,518.930817610063,702.767295597484
2019-03-30 02:00:00,258.301886792452,0.0,998.301886792453,0.0,186.163522012579,518.930817610063,702.767295597484
2019-03-30 03:00:00,258.301886792452,0.0,998.301886792453,0.0,186.163522012579,518.930817610063,702.767295597484
2019-03-30 04:00:00,258.301886792452,0.0,998.301886792453,0.0,186.163522012579,518.930817610063,702.767295597484
2019-03-30 05:00:00,258.301886792452,0.0,998.301886792453,0.0,186.163522012579,518.930817610063,702.767295597484
2019-03-30 06:00:00,258.301886792452,0.0,998.301886792453,0.0,186.163522012579,518.930817610063,702.767295597484
2019-03-30 07:00:00,258.301886792452,702.767295597484,998.301886792453,4032.76729559748,186.163522012579,518.930817610063,702.767295597484
2019-03-30 08:00:00,258.301886792452,702.767295597484,998.301886792453,4032.76729559748,186.163522012579,518.930817610063,702.767295597484
2019-03-30 09:00:00,258.301886792452,702.767295597484,998.301886792453,4032.76729559748,186.163522012579,518.930817610063,702.767295597484
2019-03-30 10:00:00,258.301886792452,702.767295597484,998.301886792453,4032.76729559748,186.163522012579,518.930817610063,702.767295597484
2019-03-30 11:00:00,258.301886792452,702.767295597484,998.301886792453,4032.76729559748,186.163522012579,518.930817610063,702.767295597484
2019-03-30 12:00:00,258.301886792452,702.767295597484,998.301886792453,4032.76729559748,186.163522012579,518.930817610063,702.767295597484
2019-03-30 13:00:00,258.301886792452,702.767295597484,998.301886792453,4032.76729559748,186.163522012579,518.930817610063,702.767295597484
2019-03-30 14:00:00,258.301886792452,702.767295597484,998.301886792453,4032.76729559748,186.163522012579,518.930817610063,702.767295597484
2019-03-30 15:00:00,258.301886792452,702.767295597484,998.301886792453,4032.76729559748,186.163522012579,518.930817610063,702.767295597484
2019-03-30 16:00:00,0.0,702.767295597484,0.0,4032.76729559748,0.0,0.0,0.0
2019-03-30 17:00:00,0.0,0.0,0.0,0.0,0.0,0.0,0.0
2019-03-30 18:00:00,0.0,0.0,0.0,0.0,0.0,0.0,0.0
2019-03-30 19:00:00,0.0,0.0,0.0,0.0,0.0,0.0,0.0
2019-03-30 20:00:00,0.0,0.0,0.0,0.0,0.0,0.0,0.0
2019-03-30 21:00:00,0.0,0.0,0.0,0.0,0.0,0.0,0.0
2019-03-30 22:00:00,0.0,0.0,0.0,0.0,0.0,0.0,0.0
2019-03-30 23:00:00,0.0,0.0,0.0,0.0,0.0,0.0,0.0
2019-03-31 00:00:00,0.0,0.0,0.0,0.0,0.0,0.0,0.0
2019-03-31 01:00:00,0.0,0.0,0.0,0.0,0.0,0.0,0.0
2019-03-31 02:00:00,0.0,0.0,0.0,0.0,0.0,0.0,0.0
2019-03-31 03:00:00,0.0,0.0,0.0,0.0,0.0,0.0,0.0
2019-03-31 04:00:00,0.0,0.0,0.0,0.0,0.0,0.0,0.0
2019-03-31 05:00:00,0.0,0.0,0.0,0.0,0.0,0.0,0.0
2019-03-31 06:00:00,0.0,0.0,0.0,1233.0735765504887,0.0,0.0,0.0
2019-03-31 07:00:00,258.301886792452,702.767295597484,998.301886792453,4032.76729559748,186.163522012579,518.930817610063,702.767295597484
2019-03-31 08:00:00,258.301886792452,702.767295597484,998.301886792453,4032.76729559748,186.163522012579,518.930817610063,702.767295597484
2019-03-31 09:00:00,258.301886792452,702.767295597484,998.301886792453,4032.76729559748,186.163522012579,518.930817610063,702.767295597484
2019-03-31 10:00:00,258.301886792452,702.767295597484,998.301886792453,4032.76729559748,186.163522012579,518.930817610063,702.767295597484
2019-03-31 11:00:00,258.301886792452,702.767295597484,998.301886792453,4032.76729559748,186.163522012579,518.930817610063,702.767295597484
2019-03-31 12:00:00,258.301886792452,702.767295597484,998.301886792453,4032.76729559748,186.163522012579,518.930817610063,702.767295597484
2019-03-31 13:00:00,258.301886792452,702.767295597484,998.301886792453,4032.76729559748,186.163522012579,518.930817610063,702.767295597484
2019-03-31 14:00:00,258.301886792452,702.767295597484,998.301886792453,4032.76729559748,186.163522012579,518.930817610063,702.767295597484
2019-03-31 15:00:00,258.301886792452,702.767295597484,998.301886792453,4032.76729559748,186.163522012579,518.930817610063,702.767295597484
2019-03-31 16:00:00,0.0,0.0,0.0,0.0,0.0,0.0,0.0
2019-03-31 17:00:00,0.0,0.0,0.0,0.0,0.0,0.0,0.0
2019-03-31 18:00:00,0.0,0.0,0.0,0.0,0.0,0.0,0.0
2019-03-31 19:00:00,0.0,0.0,0.0,0.0,0.0,0.0,0.0
2019-03-31 20:00:00,0.0,0.0,0.0,0.0,0.0,0.0,0.0
2019-03-31 21:00:00,0.0,0.0,0.0,0.0,0.0,0.0,0.0
2019-03-31 22:00:00,0.0,0.0,0.0,0.0,0.0,0.0,0.0
2019-03-31 23:00:00,0.0,0.0,0.0,0.0,0.0,0.0,0.0
2019-04-01 00:00:00,0.0,0.0,0.0,0.0,0.0,0.0,0.0
2019-04-01 01:00:00,0.0,0.0,0.0,0.0,0.0,0.0,0.0
2019-04-01 02:00:00,0.0,0.0,0.0,0.0,0.0,0.0,0.0
2019-04-01 03:00:00,0.0,0.0,0.0,0.0,0.0,0.0,0.0
2019-04-01 04:00:00,0.0,0.0,0.0,0.0,0.0,0.0,0.0
2019-04-01 05:00:00,0.0,0.0,0.0,0.0,0.0,0.0,0.0
2019-04-01 06:00:00,0.0,0.0,0.0,0.0,0.0,0.0,0.0
2019-04-01 07:00:00,258.301886792452,702.767295597484,998.301886792453,4032.76729559748,0.0,518.930817610063,702.767295597484
2019-04-01 08:00:00,258.301886792452,702.767295597484,998.301886792453,4032.76729559748,186.163522012579,518.930817610063,702.767295597484
2019-04-01 09:00:00,258.301886792452,702.767295597484,998.301886792453,4032.76729559748,186.163522012579,518.930817610063,702.767295597484
2019-04-01 10:00:00,258.301886792452,702.767295597484,998.301886792453,4032.76729559748,186.163522012579,518.930817610063,702.767295597484
2019-04-01 11:00:00,258.301886792452,702.767295597484,998.301886792453,4032.76729559748,186.163522012579,518.930817610063,702.767295597484
2019-04-01 12:00:00,258.301886792452,702.767295597484,998.301886792453,4032.76729559748,186.163522012579,518.930817610063,702.767295597484
2019-04-01 13:00:00,258.301886792452,702.767295597484,998.301886792453,4032.76729559748,186.163522012579,518.930817610063,702.767295597484
2019-04-01 14:00:00,258.301886792452,702.767295597484,998.301886792453,4032.76729559748,0.0,518.930817610063,702.767295597484
2019-04-01 15:00:00,0.0,702.767295597484,0.0,4032.76729559748,0.0,0.0,0.0
2019-04-01 16:00:00,0.0,0.0,0.0,3200.281754570212,0.0,0.0,0.0
2019-04-01 17:00:00,0.0,0.0,0.0,0.0,0.0,0.0,0.0
2019-04-01 18:00:00,0.0,0.0,0.0,0.0,0.0,0.0,0.0
2019-04-01 19:00:00,0.0,0.0,0.0,0.0,0.0,0.0,0.0
2019-04-01 20:00:00,0.0,0.0,0.0,0.0,0.0,0.0,0.0
2019-04-01 21:00:00,0.0,0.0,0.0,0.0,0.0,0.0,0.0
2019-04-01 22:00:00,0.0,0.0,0.0,0.0,0.0,0.0,0.0
2019-04-01 23:00:00,0.0,0.0,0.0,0.0,0.0,0.0,0.0
2019-04-02 00:00:00,0.0,0.0,0.0,0.0,0.0,0.0,0.0
2019-04-02 01:00:00,0.0,0.0,0.0,0.0,0.0,0.0,0.0
2019-04-02 02:00:00,0.0,0.0,0.0,0.0,0.0,0.0,0.0
2019-04-02 03:00:00,0.0,0.0,0.0,0.0,0.0,0.0,0.0
2019-04-02 04:00:00,0.0,0.0,0.0,0.0,0.0,0.0,0.0
2019-04-02 05:00:00,0.0,0.0,0.0,0.0,0.0,0.0,0.0
2019-04-02 06:00:00,0.0,0.0,0.0,0.0,0.0,0.0,0.0
2019-04-02 07:00:00,0.0,702.767295597484,0.0,3042.4178858466075,0.0,0.0,0.0
2019-04-02 08:00:00,258.301886792452,702.767295597484,998.301886792453,4032.76729559748,0.0,518.930817610063,702.767295597484
2019-04-02 09:00:00,258.301886792452,702.767295597484,998.301886792453,4032.76729559748,0.0,518.930817610063,702.767295597484
2019-04-02 10:00:00,258.301886792452,702.767295597484,998.301886792453,4032.76729559748,0.0,518.930817610063,702.767295597484
2019-04-02 11:00:00,258.301886792452,702.767295597484,998.301886792453,4032.76729559748,0.0,518.930817610063,702.767295597484
2019-04-02 12:00:00,258.301886792452,702.767295597484,998.301886792453,4032.76729559748,0.0,518.930817610063,702.767295597484
2019-04-02 13:00:00,258.301886792452,702.767295597484,998.301886792453,4032.76729559748,0.0,518.930817610063,702.767295597484
2019-04-02 14:00:00,0.0,702.767295597484,0.0,4032.76729559748,0.0,0.0,0.0
2019-04-02 15:00:00,0.0,0.0,0.0,0.0,0.0,0.0,0.0
2019-04-02 16:00:00,0.0,0.0,0.0,2094.8881059921114,0.0,0.0,0.0
2019-04-02 17:00:00,0.0,0.0,0.0,0.0,0.0,0.0,0.0
2019-04-02 18:00:00,0.0,0.0,0.0,0.0,0.0,0.0,0.0
2019-04-02 19:00:00,0.0,0.0,0.0,0.0,0.0,0.0,0.0
2019-04-02 20:00:00,0.0,0.0,0.0,235.85319442028344,0.0,0.0,0.0
2019-04-02 21:00:00,0.0,0.0,0.0,0.0,0.0,0.0,0.0
2019-04-02 22:00:00,0.0,0.0,0.0,0.0,0.0,0.0,0.0
2019-04-02 23:00:00,0.0,0.0,0.0,0.0,0.0,0.0,0.0
2019-04-03 00:00:00,0.0,0.0,0.0,0.0,0.0,0.0,0.0
2019-04-03 01:00:00,0.0,0.0,0.0,0.0,0.0,0.0,0.0
2019-04-03 02:00:00,0.0,0.0,0.0,0.0,0.0,0.0,0.0
2019-04-03 03:00:00,0.0,0.0,0.0,0.0,0.0,0.0,0.0
2019-04-03 04:00:00,0.0,0.0,0.0,0.0,0.0,0.0,0.0
2019-04-03 05:00:00,0.0,0.0,0.0,0.0,0.0,0.0,0.0
2019-04-03 06:00:00,0.0,0.0,0.0,0.0,0.0,0.0,0.0
2019-04-03 07:00:00,0.0,0.0,0.0,0.0,0.0,0.0,0.0
2019-04-03 08:00:00,258.301886792452,702.767295597484,998.301886792453,4032.76729559748,0.0,518.930817610063,702.767295597484
2019-04-03 09:00:00,258.301886792452,702.767295597484,998.301886792453,4032.76729559748,0.0,518.930817610063,702.767295597484
2019-04-03 10:00:00,258.301886792452,702.767295597484,998.301886792453,4032.76729559748,0.0,518.930817610063,702.767295597484
2019-04-03 11:00:00,258.301886792452,702.767295597484,998.301886792453,4032.76729559748,0.0,518.930817610063,702.767295597484
2019-04-03 12:00:00,258.301886792452,702.767295597484,998.301886792453,4032.76729559748,0.0,518.930817610063,702.767295597484
2019-04-03 13:00:00,258.301886792452,0.0,998.301886792453,0.0,0.0,518.930817610063,702.767295597484
2019-04-03 14:00:00,0.0,0.0,0.0,0.0,0.0,518.930817610063,0.0
2019-04-03 15:00:00,0.0,0.0,0.0,0.0,0.0,0.0,0.0
2019-04-03 16:00:00,0.0,0.0,0.0,0.0,0.0,0.0,0.0
2019-04-03 17:00:00,0.0,0.0,0.0,0.0,0.0,0.0,0.0
2019-04-03 18:00:00,0.0,0.0,0.0,0.0,0.0,0.0,0.0
2019-04-03 19:00:00,0.0,0.0,0.0,0.0,0.0,0.0,0.0
2019-04-03 20:00:00,0.0,0.0,0.0,0.0,0.0,0.0,0.0
2019-04-03 21:00:00,0.0,0.0,0.0,0.0,0.0,0.0,0.0
2019-04-03 22:00:00,0.0,0.0,0.0,0.0,0.0,0.0,0.0
2019-04-03 23:00:00,0.0,0.0,0.0,0.0,0.0,0.0,0.0
2019-04-04 00:00:00,0.0,702.767295597484,998.301886792453,2483.3656228215677,0.0,0.0,702.767295597484
2019-04-04 01:00:00,0.0,0.0,998.301886792453,3325.9844380941213,0.0,0.0,391.721163794351
2019-04-04 02:00:00,258.301886792452,702.767295597484,998.301886792453,2735.2528448827616,0.0,0.0,702.767295597484
2019-04-04 03:00:00,258.301886792452,0.0,998.301886792453,2253.875962040425,0.0,0.0,702.767295597484
2019-04-04 04:00:00,0.0,0.0,998.301886792453,0.0,0.0,0.0,0.0
2019-04-04 05:00:00,0.0,0.0,0.0,0.0,0.0,0.0,0.0
2019-04-04 06:00:00,258.301886792452,0.0,998.301886792453,0.0,186.163522012579,518.930817610063,702.767295597484
2019-04-04 07:00:00,258.301886792452,0.0,998.301886792453,0.0,186.163522012579,518.930817610063,702.767295597484
2019-04-04 08:00:00,258.301886792452,702.767295597484,998.301886792453,4032.76729559748,186.163522012579,518.930817610063,702.767295597484
2019-04-04 09:00:00,258.301886792452,702.767295597484,998.301886792453,4032.76729559748,186.163522012579,518.930817610063,702.767295597484
2019-04-04 10:00:00,258.301886792452,702.767295597484,998.301886792453,4032.76729559748,186.163522012579,518.930817610063,702.767295597484
2019-04-04 11:00:00,258.301886792452,702.767295597484,998.301886792453,4032.76729559748,186.163522012579,518.930817610063,702.767295597484
2019-04-04 12:00:00,258.301886792452,0.0,998.301886792453,0.0,186.163522012579,518.930817610063,702.767295597484
2019-04-04 13:00:00,258.301886792452,0.0,998.301886792453,0.0,186.163522012579,518.930817610063,702.767295597484
2019-04-04 14:00:00,258.301886792452,0.0,998.301886792453,0.0,186.163522012579,518.930817610063,702.767295597484
2019-04-04 15:00:00,258.301886792452,0.0,998.301886792453,0.0,186.163522012579,518.930817610063,702.767295597484
2019-04-04 16:00:00,258.301886792452,0.0,998.301886792453,0.0,186.163522012579,518.930817610063,702.767295597484
2019-04-04 17:00:00,258.301886792452,0.0,998.301886792453,0.0,186.163522012579,518.930817610063,702.767295597484
2019-04-04 18:00:00,258.301886792452,0.0,998.301886792453,0.0,186.163522012579,518.930817610063,702.767295597484
2019-04-04 19:00:00,258.301886792452,0.0,998.301886792453,0.0,186.163522012579,518.930817610063,702.767295597484
2019-04-04 20:00:00,258.301886792452,0.0,998.301886792453,0.0,186.163522012579,518.930817610063,702.767295597484
2019-04-04 21:00:00,258.301886792452,702.767295597484,998.301886792453,2289.9959508098186,186.163522012579,518.930817610063,702.767295597484
2019-04-04 22:00:00,258.301886792452,0.0,998.301886792453,218.33040668235645,186.163522012579,518.930817610063,702.767295597484
2019-04-04 23:00:00,258.301886792452,702.767295597484,998.301886792453,1366.3356630038575,186.163522012579,518.930817610063,702.767295597484
2019-04-05 00:00:00,258.301886792452,702.767295597484,998.301886792453,2252.8752309533256,186.163522012579,518.930817610063,702.767295597484
2019-04-05 01:00:00,258.301886792452,0.0,998.301886792453,3239.852775490044,186.163522012579,518.930817610063,702.767295597484
2019-04-05 02:00:00,258.301886792452,702.767295597484,998.301886792453,2032.1550626504163,186.163522012579,518.930817610063,702.767295597484
2019-04-05 03:00:00,258.301886792452,702.767295597484,998.301886792453,629.2239669639305,186.163522012579,518.930817610063,702.767295597484
2019-04-05 04:00:00,258.301886792452,0.0,998.301886792453,0.0,186.163522012579,518.930817610063,702.767295597484
2019-04-05 05:00:00,258.301886792452,0.0,998.301886792453,0.0,186.163522012579,518.930817610063,702.767295597484
2019-04-05 06:00:00,258.301886792452,0.0,998.301886792453,2346.747659608166,186.163522012579,518.930817610063,702.767295597484
2019-04-05 07:00:00,258.301886792452,0.0,998.301886792453,0.0,186.163522012579,518.930817610063,702.767295597484
2019-04-05 08:00:00,258.301886792452,702.767295597484,998.301886792453,4032.76729559748,186.163522012579,518.930817610063,702.767295597484
2019-04-05 09:00:00,258.301886792452,702.767295597484,998.301886792453,4032.76729559748,186.163522012579,518.930817610063,702.767295597484
2019-04-05 10:00:00,258.301886792452,702.767295597484,998.301886792453,4032.76729559748,186.163522012579,518.930817610063,702.767295597484
2019-04-05 11:00:00,258.301886792452,702.767295597484,998.301886792453,4032.76729559748,186.163522012579,518.930817610063,702.767295597484
2019-04-05 12:00:00,258.301886792452,702.767295597484,998.301886792453,4032.76729559748,186.163522012579,518.930817610063,702.767295597484
2019-04-05 13:00:00,258.301886792452,702.767295597484,998.301886792453,4032.76729559748,186.163522012579,518.930817610063,702.767295597484
2019-04-05 14:00:00,258.301886792452,702.767295597484,998.301886792453,4032.76729559748,186.163522012579,518.930817610063,702.767295597484
2019-04-05 15:00:00,258.301886792452,702.767295597484,998.301886792453,4032.76729559748,186.163522012579,518.930817610063,702.767295597484
2019-04-05 16:00:00,0.0,0.0,0.0,0.0,0.0,0.0,0.0
2019-04-05 17:00:00,0.0,0.0,0.0,0.0,0.0,0.0,0.0
2019-04-05 18:00:00,0.0,0.0,0.0,0.0,0.0,0.0,0.0
2019-04-05 19:00:00,0.0,0.0,0.0,0.0,0.0,0.0,0.0
2019-04-05 20:00:00,0.0,0.0,0.0,0.0,0.0,0.0,0.0
2019-04-05 21:00:00,0.0,0.0,0.0,0.0,0.0,0.0,0.0
2019-04-05 22:00:00,0.0,0.0,0.0,0.0,0.0,0.0,0.0
2019-04-05 23:00:00,0.0,702.767295597484,0.0,171.78405345806704,0.0,0.0,0.0
2019-04-06 00:00:00,0.0,0.0,0.0,0.0,0.0,0.0,0.0
2019-04-06 01:00:00,0.0,0.0,0.0,0.0,0.0,0.0,0.0
2019-04-06 02:00:00,0.0,0.0,0.0,0.0,0.0,0.0,0.0
2019-04-06 03:00:00,0.0,0.0,0.0,0.0,0.0,0.0,0.0
2019-04-06 04:00:00,0.0,0.0,0.0,0.0,0.0,0.0,0.0
2019-04-06 05:00:00,0.0,0.0,0.0,0.0,0.0,0.0,0.0
2019-04-06 06:00:00,0.0,0.0,0.0,0.0,0.0,0.0,0.0
2019-04-06 07:00:00,258.301886792452,702.767295597484,998.301886792453,4032.76729559748,0.0,518.930817610063,702.767295597484
2019-04-06 08:00:00,258.301886792452,702.767295597484,998.301886792453,4032.76729559748,0.0,518.930817610063,702.767295597484
2019-04-06 09:00:00,258.301886792452,702.767295597484,998.301886792453,4032.76729559748,186.163522012579,518.930817610063,702.767295597484
2019-04-06 10:00:00,258.301886792452,702.767295597484,998.301886792453,4032.76729559748,186.163522012579,518.930817610063,702.767295597484
2019-04-06 11:00:00,258.301886792452,702.767295597484,998.301886792453,4032.76729559748,186.163522012579,518.930817610063,702.767295597484
2019-04-06 12:00:00,258.301886792452,702.767295597484,998.301886792453,4032.76729559748,186.163522012579,518.930817610063,702.767295597484
2019-04-06 13:00:00,258.301886792452,702.767295597484,998.301886792453,4032.76729559748,186.163522012579,518.930817610063,702.767295597484
2019-04-06 14:00:00,258.301886792452,702.767295597484,998.301886792453,4032.76729559748,0.0,518.930817610063,702.767295597484
2019-04-06 15:00:00,0.0,702.767295597484,0.0,4032.76729559748,0.0,0.0,0.0
2019-04-06 16:00:00,0.0,0.0,0.0,0.0,0.0,0.0,0.0
2019-04-06 17:00:00,0.0,0.0,0.0,0.0,0.0,0.0,0.0
2019-04-06 18:00:00,0.0,0.0,0.0,0.0,0.0,0.0,0.0
2019-04-06 19:00:00,0.0,0.0,0.0,0.0,0.0,0.0,0.0
2019-04-06 20:00:00,0.0,0.0,0.0,0.0,0.0,0.0,0.0
2019-04-06 21:00:00,0.0,0.0,0.0,0.0,0.0,0.0,0.0
2019-04-06 22:00:00,0.0,0.0,0.0,0.0,0.0,0.0,0.0
2019-04-06 23:00:00,0.0,0.0,0.0,0.0,0.0,0.0,0.0
2019-04-07 00:00:00,0.0,0.0,0.0,0.0,0.0,0.0,0.0
2019-04-07 01:00:00,0.0,0.0,0.0,0.0,0.0,0.0,0.0
2019-04-07 02:00:00,0.0,0.0,0.0,0.0,0.0,0.0,0.0
2019-04-07 03:00:00,0.0,0.0,0.0,0.0,0.0,0.0,0.0
2019-04-07 04:00:00,0.0,0.0,0.0,0.0,0.0,0.0,0.0
2019-04-07 05:00:00,0.0,0.0,0.0,0.0,0.0,0.0,0.0
2019-04-07 06:00:00,0.0,702.767295597484,0.0,1401.1406359481552,0.0,0.0,0.0
2019-04-07 07:00:00,258.301886792452,702.767295597484,998.301886792453,4032.76729559748,0.0,518.930817610063,702.767295597484
2019-04-07 08:00:00,258.301886792452,702.767295597484,998.301886792453,4032.76729559748,0.0,518.930817610063,702.767295597484
2019-04-07 09:00:00,258.301886792452,702.767295597484,998.301886792453,4032.76729559748,0.0,518.930817610063,702.767295597484
2019-04-07 10:00:00,258.301886792452,702.767295597484,998.301886792453,4032.76729559748,0.0,518.930817610063,702.767295597484
2019-04-07 11:00:00,258.301886792452,702.767295597484,998.301886792453,4032.76729559748,0.0,518.930817610063,702.767295597484
2019-04-07 12:00:00,258.301886792452,702.767295597484,998.301886792453,4032.76729559748,0.0,518.930817610063,702.767295597484
2019-04-07 13:00:00,258.301886792452,702.767295597484,998.301886792453,4032.76729559748,0.0,518.930817610063,702.767295597484
2019-04-07 14:00:00,258.301886792452,702.767295597484,998.301886792453,4032.76729559748,0.0,518.930817610063,702.767295597484
2019-04-07 15:00:00,0.0,702.767295597484,0.0,4032.76729559748,0.0,0.0,0.0
2019-04-07 16:00:00,0.0,0.0,0.0,0.0,0.0,0.0,0.0
2019-04-07 17:00:00,0.0,0.0,0.0,0.0,0.0,0.0,0.0
2019-04-07 18:00:00,0.0,0.0,0.0,0.0,0.0,0.0,0.0
2019-04-07 19:00:00,0.0,0.0,0.0,0.0,0.0,0.0,0.0
2019-04-07 20:00:00,0.0,0.0,0.0,0.0,0.0,0.0,0.0
2019-04-07 21:00:00,0.0,0.0,0.0,0.0,0.0,0.0,0.0
2019-04-07 22:00:00,0.0,0.0,0.0,0.0,0.0,0.0,0.0
2019-04-07 23:00:00,0.0,0.0,0.0,0.0,0.0,0.0,0.0
2019-04-08 00:00:00,0.0,0.0,0.0,0.0,0.0,0.0,0.0
2019-04-08 01:00:00,0.0,0.0,0.0,0.0,0.0,0.0,0.0
2019-04-08 02:00:00,0.0,0.0,0.0,0.0,0.0,0.0,0.0
2019-04-08 03:00:00,0.0,0.0,0.0,0.0,0.0,0.0,0.0
2019-04-08 04:00:00,0.0,0.0,0.0,0.0,0.0,0.0,0.0
2019-04-08 05:00:00,0.0,0.0,0.0,0.0,0.0,0.0,0.0
2019-04-08 06:00:00,0.0,0.0,0.0,0.0,0.0,0.0,0.0
2019-04-08 07:00:00,0.0,646.2117890133541,998.301886792453,0.0,186.163522012579,518.930817610063,612.4004538912377
2019-04-08 08:00:00,258.301886792452,702.767295597484,998.301886792453,4032.76729559748,186.163522012579,518.930817610063,702.767295597484
2019-04-08 09:00:00,258.301886792452,702.767295597484,998.301886792453,4032.76729559748,186.163522012579,518.930817610063,702.767295597484
2019-04-08 10:00:00,258.301886792452,702.767295597484,998.301886792453,4032.76729559748,186.163522012579,518.930817610063,702.767295597484
2019-04-08 11:00:00,258.301886792452,702.767295597484,998.301886792453,4032.76729559748,186.163522012579,518.930817610063,702.767295597484
2019-04-08 12:00:00,258.301886792452,702.767295597484,998.301886792453,4032.76729559748,186.163522012579,518.930817610063,702.767295597484
2019-04-08 13:00:00,258.301886792452,702.767295597484,998.301886792453,4032.76729559748,186.163522012579,518.930817610063,702.767295597484
2019-04-08 14:00:00,258.301886792452,702.767295597484,998.301886792453,4032.76729559748,186.163522012579,518.930817610063,702.767295597484
2019-04-08 15:00:00,0.0,0.0,0.0,4032.76729559748,186.163522012579,518.930817610063,0.0
2019-04-08 16:00:00,0.0,0.0,0.0,0.0,186.163522012579,518.930817610063,0.0
2019-04-08 17:00:00,0.0,0.0,0.0,0.0,178.75489938737007,0.0,0.0
2019-04-08 18:00:00,0.0,0.0,0.0,0.0,0.0,0.0,0.0
2019-04-08 19:00:00,0.0,0.0,0.0,0.0,0.0,0.0,0.0
2019-04-08 20:00:00,0.0,0.0,0.0,0.0,0.0,0.0,0.0
2019-04-08 21:00:00,0.0,0.0,0.0,0.0,0.0,0.0,0.0
2019-04-08 22:00:00,0.0,0.0,0.0,0.0,0.0,0.0,0.0
2019-04-08 23:00:00,0.0,0.0,0.0,0.0,0.0,0.0,0.0
2019-04-09 00:00:00,0.0,0.0,0.0,0.0,0.0,0.0,0.0
2019-04-09 01:00:00,0.0,0.0,0.0,0.0,0.0,0.0,0.0
2019-04-09 02:00:00,0.0,0.0,0.0,0.0,0.0,0.0,0.0
2019-04-09 03:00:00,0.0,0.0,0.0,0.0,0.0,0.0,0.0
2019-04-09 04:00:00,0.0,0.0,0.0,0.0,0.0,0.0,0.0
2019-04-09 05:00:00,0.0,0.0,0.0,0.0,0.0,0.0,0.0
2019-04-09 06:00:00,0.0,0.0,0.0,0.0,0.0,0.0,0.0
2019-04-09 07:00:00,258.301886792452,0.0,560.66986908434,0.0,0.0,0.0,702.767295597484
2019-04-09 08:00:00,258.301886792452,702.767295597484,998.301886792453,4032.76729559748,0.0,518.930817610063,702.767295597484
2019-04-09 09:00:00,258.301886792452,702.767295597484,998.301886792453,4032.76729559748,0.0,518.930817610063,702.767295597484
2019-04-09 10:00:00,258.301886792452,702.767295597484,998.301886792453,4032.76729559748,0.0,518.930817610063,702.767295597484
2019-04-09 11:00:00,258.301886792452,702.767295597484,998.301886792453,4032.76729559748,186.163522012579,518.930817610063,702.767295597484
2019-04-09 12:00:00,258.301886792452,702.767295597484,998.301886792453,4032.76729559748,0.0,518.930817610063,702.767295597484
2019-04-09 13:00:00,258.301886792452,702.767295597484,998.301886792453,4032.76729559748,0.0,518.930817610063,702.767295597484
2019-04-09 14:00:00,258.301886792452,702.767295597484,998.301886792453,4032.76729559748,0.0,518.930817610063,702.767295597484
2019-04-09 15:00:00,0.0,702.767295597484,0.0,4032.76729559748,0.0,0.0,0.0
2019-04-09 16:00:00,0.0,0.0,0.0,0.0,0.0,0.0,0.0
2019-04-09 17:00:00,0.0,0.0,0.0,0.0,0.0,0.0,0.0
2019-04-09 18:00:00,0.0,0.0,0.0,0.0,0.0,0.0,0.0
2019-04-09 19:00:00,0.0,0.0,0.0,0.0,0.0,0.0,0.0
2019-04-09 20:00:00,0.0,0.0,0.0,0.0,0.0,0.0,0.0
2019-04-09 21:00:00,0.0,0.0,0.0,0.0,0.0,0.0,0.0
2019-04-09 22:00:00,0.0,0.0,0.0,0.0,0.0,0.0,0.0
2019-04-09 23:00:00,0.0,0.0,0.0,0.0,0.0,0.0,0.0
2019-04-10 00:00:00,0.0,0.0,0.0,0.0,0.0,0.0,0.0
2019-04-10 01:00:00,0.0,0.0,0.0,0.0,0.0,0.0,0.0
2019-04-10 02:00:00,0.0,0.0,0.0,0.0,0.0,0.0,0.0
2019-04-10 03:00:00,0.0,0.0,0.0,0.0,0.0,0.0,0.0
2019-04-10 04:00:00,0.0,0.0,0.0,0.0,0.0,0.0,0.0
2019-04-10 05:00:00,0.0,0.0,0.0,0.0,0.0,0.0,0.0
2019-04-10 06:00:00,0.0,0.0,0.0,0.0,0.0,0.0,0.0
2019-04-10 07:00:00,0.0,702.767295597484,0.0,1755.9999525989606,0.0,518.930817610063,0.0
2019-04-10 08:00:00,258.301886792452,702.767295597484,998.301886792453,4032.76729559748,0.0,518.930817610063,702.767295597484
2019-04-10 09:00:00,258.301886792452,702.767295597484,998.301886792453,4032.76729559748,0.0,518.930817610063,702.767295597484
2019-04-10 10:00:00,258.301886792452,702.767295597484,998.301886792453,4032.76729559748,0.0,518.930817610063,702.767295597484
2019-04-10 11:00:00,258.301886792452,702.767295597484,998.301886792453,4032.76729559748,0.0,518.930817610063,702.767295597484
2019-04-10 12:00:00,258.301886792452,702.767295597484,998.301886792453,4032.76729559748,0.0,518.930817610063,702.767295597484
2019-04-10 13:00:00,258.301886792452,702.767295597484,998.301886792453,4032.76729559748,0.0,518.930817610063,702.767295597484
2019-04-10 14:00:00,258.301886792452,702.767295597484,984.0940692311497,4032.76729559748,0.0,222.08608904362586,0.0
2019-04-10 15:00:00,0.0,0.0,0.0,0.0,0.0,0.0,0.0
2019-04-10 16:00:00,0.0,0.0,0.0,0.0,0.0,0.0,0.0
2019-04-10 17:00:00,0.0,0.0,0.0,0.0,0.0,0.0,0.0
2019-04-10 18:00:00,0.0,0.0,0.0,0.0,0.0,0.0,0.0
2019-04-10 19:00:00,0.0,0.0,0.0,0.0,0.0,0.0,0.0
2019-04-10 20:00:00,0.0,0.0,0.0,0.0,0.0,0.0,0.0
2019-04-10 21:00:00,0.0,0.0,0.0,0.0,0.0,0.0,0.0
2019-04-10 22:00:00,0.0,0.0,0.0,0.0,0.0,0.0,0.0
2019-04-10 23:00:00,0.0,0.0,0.0,0.0,0.0,0.0,0.0
2019-04-11 00:00:00,0.0,0.0,0.0,0.0,0.0,0.0,0.0
2019-04-11 01:00:00,0.0,0.0,0.0,0.0,0.0,0.0,0.0
2019-04-11 02:00:00,0.0,0.0,0.0,0.0,0.0,0.0,0.0
2019-04-11 03:00:00,0.0,0.0,0.0,0.0,0.0,0.0,0.0
2019-04-11 04:00:00,0.0,0.0,0.0,0.0,0.0,0.0,0.0
2019-04-11 05:00:00,0.0,0.0,0.0,0.0,0.0,0.0,0.0
2019-04-11 06:00:00,0.0,0.0,0.0,0.0,0.0,0.0,0.0
2019-04-11 07:00:00,0.0,0.0,0.0,0.0,0.0,0.0,0.0
2019-04-11 08:00:00,258.301886792452,0.0,998.301886792453,1793.5811449204284,0.0,518.930817610063,702.767295597484
2019-04-11 09:00:00,258.301886792452,0.0,998.301886792453,0.0,0.0,518.930817610063,702.767295597484
2019-04-11 10:00:00,258.301886792452,702.767295597484,998.301886792453,4032.76729559748,0.0,518.930817610063,702.767295597484
2019-04-11 11:00:00,258.301886792452,702.767295597484,998.301886792453,4032.76729559748,0.0,518.930817610063,702.767295597484
2019-04-11 12:00:00,258.301886792452,702.767295597484,998.301886792453,4032.76729559748,0.0,518.930817610063,702.767295597484
2019-04-11 13:00:00,0.0,0.0,286.7750621366413,0.0,0.0,518.930817610063,0.0
2019-04-11 14:00:00,0.0,0.0,0.0,0.0,0.0,518.930817610063,0.0
2019-04-11 15:00:00,0.0,0.0,0.0,0.0,0.0,0.0,0.0
2019-04-11 16:00:00,0.0,0.0,0.0,0.0,0.0,0.0,0.0
2019-04-11 17:00:00,0.0,0.0,0.0,0.0,0.0,0.0,0.0
2019-04-11 18:00:00,0.0,0.0,0.0,0.0,0.0,0.0,0.0
2019-04-11 19:00:00,0.0,0.0,0.0,0.0,0.0,0.0,0.0
2019-04-11 20:00:00,0.0,0.0,0.0,0.0,0.0,0.0,0.0
2019-04-11 21:00:00,0.0,0.0,0.0,0.0,0.0,0.0,0.0
2019-04-11 22:00:00,0.0,0.0,0.0,0.0,0.0,0.0,0.0
2019-04-11 23:00:00,0.0,0.0,0.0,0.0,0.0,0.0,0.0
2019-04-12 00:00:00,0.0,0.0,0.0,0.0,0.0,0.0,0.0
2019-04-12 01:00:00,0.0,0.0,0.0,306.8647301195556,0.0,0.0,0.0
2019-04-12 02:00:00,0.0,0.0,0.0,0.0,0.0,0.0,0.0
2019-04-12 03:00:00,0.0,0.0,0.0,0.0,0.0,0.0,0.0
2019-04-12 04:00:00,0.0,0.0,0.0,0.0,0.0,0.0,0.0
2019-04-12 05:00:00,0.0,0.0,0.0,0.0,0.0,0.0,0.0
2019-04-12 06:00:00,0.0,0.0,0.0,0.0,0.0,0.0,0.0
2019-04-12 07:00:00,0.0,702.767295597484,998.301886792453,4032.76729559748,0.0,0.0,0.0
2019-04-12 08:00:00,258.301886792452,702.767295597484,998.301886792453,4032.76729559748,0.0,518.930817610063,702.767295597484
2019-04-12 09:00:00,258.301886792452,702.767295597484,998.301886792453,4032.76729559748,0.0,518.930817610063,702.767295597484
2019-04-12 10:00:00,258.301886792452,702.767295597484,998.301886792453,4032.76729559748,0.0,518.930817610063,702.767295597484
2019-04-12 11:00:00,258.301886792452,702.767295597484,998.301886792453,4032.76729559748,0.0,518.930817610063,702.767295597484
2019-04-12 12:00:00,258.301886792452,702.767295597484,998.301886792453,4032.76729559748,0.0,518.930817610063,702.767295597484
2019-04-12 13:00:00,258.301886792452,702.767295597484,998.301886792453,4032.76729559748,0.0,518.930817610063,702.767295597484
2019-04-12 14:00:00,0.0,702.767295597484,0.0,4032.76729559748,0.0,314.7564831811611,0.0
2019-04-12 15:00:00,0.0,0.0,0.0,301.5436078693933,0.0,0.0,0.0
2019-04-12 16:00:00,0.0,0.0,0.0,0.0,0.0,0.0,0.0
2019-04-12 17:00:00,0.0,0.0,0.0,0.0,0.0,0.0,0.0
2019-04-12 18:00:00,0.0,0.0,0.0,0.0,0.0,0.0,0.0
2019-04-12 19:00:00,0.0,0.0,0.0,0.0,0.0,0.0,0.0
2019-04-12 20:00:00,0.0,0.0,0.0,0.0,0.0,0.0,0.0
2019-04-12 21:00:00,0.0,0.0,0.0,0.0,0.0,0.0,0.0
2019-04-12 22:00:00,0.0,0.0,0.0,0.0,0.0,0.0,0.0
2019-04-12 23:00:00,0.0,0.0,0.0,0.0,0.0,0.0,0.0
2019-04-13 00:00:00,0.0,0.0,0.0,0.0,0.0,0.0,0.0
2019-04-13 01:00:00,0.0,0.0,0.0,0.0,0.0,0.0,0.0
2019-04-13 02:00:00,0.0,0.0,0.0,0.0,0.0,0.0,0.0
2019-04-13 03:00:00,0.0,0.0,0.0,0.0,0.0,0.0,0.0
2019-04-13 04:00:00,0.0,0.0,0.0,0.0,0.0,0.0,0.0
2019-04-13 05:00:00,0.0,0.0,0.0,0.0,0.0,0.0,0.0
2019-04-13 06:00:00,0.0,0.0,0.0,0.0,0.0,0.0,0.0
2019-04-13 07:00:00,258.301886792452,702.767295597484,998.301886792453,4032.76729559748,0.0,518.930817610063,702.767295597484
2019-04-13 08:00:00,258.301886792452,702.767295597484,998.301886792453,4032.76729559748,0.0,518.930817610063,702.767295597484
2019-04-13 09:00:00,258.301886792452,702.767295597484,998.301886792453,4032.76729559748,0.0,518.930817610063,702.767295597484
2019-04-13 10:00:00,258.301886792452,702.767295597484,998.301886792453,4032.76729559748,0.0,518.930817610063,702.767295597484
2019-04-13 11:00:00,258.301886792452,702.767295597484,998.301886792453,4032.76729559748,0.0,518.930817610063,702.767295597484
2019-04-13 12:00:00,258.301886792452,702.767295597484,998.301886792453,4032.76729559748,0.0,518.930817610063,702.767295597484
2019-04-13 13:00:00,258.301886792452,702.767295597484,998.301886792453,4032.76729559748,0.0,518.930817610063,702.767295597484
2019-04-13 14:00:00,258.301886792452,702.767295597484,998.301886792453,4032.76729559748,0.0,518.930817610063,702.767295597484
2019-04-13 15:00:00,0.0,702.767295597484,0.0,4032.76729559748,0.0,0.0,0.0
2019-04-13 16:00:00,0.0,0.0,0.0,0.0,0.0,0.0,0.0
2019-04-13 17:00:00,0.0,0.0,0.0,0.0,0.0,0.0,0.0
2019-04-13 18:00:00,0.0,0.0,0.0,0.0,0.0,0.0,0.0
2019-04-13 19:00:00,0.0,0.0,0.0,0.0,0.0,0.0,0.0
2019-04-13 20:00:00,0.0,0.0,0.0,0.0,0.0,0.0,0.0
2019-04-13 21:00:00,0.0,0.0,0.0,0.0,0.0,0.0,0.0
2019-04-13 22:00:00,0.0,0.0,0.0,0.0,0.0,0.0,0.0
2019-04-13 23:00:00,0.0,0.0,0.0,0.0,0.0,0.0,0.0
2019-04-14 00:00:00,0.0,0.0,0.0,0.0,0.0,0.0,0.0
2019-04-14 01:00:00,0.0,702.767295597484,0.0,2387.687950667345,0.0,0.0,0.0
2019-04-14 02:00:00,0.0,0.0,0.0,4032.76729559748,0.0,0.0,0.0
2019-04-14 03:00:00,0.0,666.3257329873836,0.0,4032.76729559748,0.0,0.0,0.0
2019-04-14 04:00:00,0.0,0.0,0.0,0.0,186.163522012579,0.0,0.0
2019-04-14 05:00:00,0.0,0.0,0.0,0.0,186.163522012579,0.0,0.0
2019-04-14 06:00:00,0.0,702.767295597484,0.0,4032.76729559748,186.163522012579,0.0,0.0
2019-04-14 07:00:00,258.301886792452,702.767295597484,998.301886792453,4032.76729559748,186.163522012579,518.930817610063,702.767295597484
2019-04-14 08:00:00,258.301886792452,702.767295597484,998.301886792453,4032.76729559748,186.163522012579,518.930817610063,702.767295597484
2019-04-14 09:00:00,258.301886792452,702.767295597484,998.301886792453,4032.76729559748,186.163522012579,518.930817610063,702.767295597484
2019-04-14 10:00:00,258.301886792452,702.767295597484,998.301886792453,4032.76729559748,186.163522012579,518.930817610063,702.767295597484
2019-04-14 11:00:00,258.301886792452,702.767295597484,998.301886792453,4032.76729559748,186.163522012579,518.930817610063,702.767295597484
2019-04-14 12:00:00,258.301886792452,702.767295597484,998.301886792453,4032.76729559748,186.163522012579,518.930817610063,702.767295597484
2019-04-14 13:00:00,258.301886792452,702.767295597484,998.301886792453,4032.76729559748,186.163522012579,518.930817610063,702.767295597484
2019-04-14 14:00:00,258.301886792452,702.767295597484,998.301886792453,4032.76729559748,186.163522012579,518.930817610063,702.767295597484
2019-04-14 15:00:00,258.301886792452,702.767295597484,998.301886792453,4032.76729559748,186.163522012579,518.930817610063,702.767295597484
2019-04-14 16:00:00,0.0,0.0,0.0,0.0,186.163522012579,518.930817610063,0.0
2019-04-14 17:00:00,0.0,0.0,0.0,0.0,186.163522012579,518.930817610063,0.0
2019-04-14 18:00:00,0.0,0.0,0.0,0.0,186.163522012579,518.930817610063,0.0
2019-04-14 19:00:00,0.0,0.0,0.0,0.0,186.163522012579,518.930817610063,0.0
2019-04-14 20:00:00,0.0,0.0,0.0,0.0,186.163522012579,518.930817610063,0.0
2019-04-14 21:00:00,0.0,0.0,0.0,0.0,186.163522012579,518.930817610063,0.0
2019-04-14 22:00:00,0.0,0.0,0.0,0.0,186.163522012579,518.930817610063,0.0
2019-04-14 23:00:00,0.0,0.0,0.0,0.0,186.163522012579,518.930817610063,0.0
2019-04-15 00:00:00,0.0,0.0,0.0,0.0,186.163522012579,518.930817610063,0.0
2019-04-15 01:00:00,0.0,0.0,0.0,0.0,186.163522012579,518.930817610063,0.0
2019-04-15 02:00:00,0.0,0.0,0.0,0.0,186.163522012579,518.930817610063,0.0
2019-04-15 03:00:00,0.0,0.0,0.0,0.0,186.163522012579,518.930817610063,0.0
2019-04-15 04:00:00,0.0,0.0,0.0,0.0,186.163522012579,518.930817610063,0.0
2019-04-15 05:00:00,0.0,0.0,0.0,0.0,186.163522012579,518.930817610063,0.0
2019-04-15 06:00:00,0.0,0.0,0.0,0.0,186.163522012579,518.930817610063,0.0
2019-04-15 07:00:00,258.301886792452,702.767295597484,998.301886792453,4032.76729559748,186.163522012579,518.930817610063,702.767295597484
2019-04-15 08:00:00,258.301886792452,702.767295597484,998.301886792453,4032.76729559748,186.163522012579,518.930817610063,702.767295597484
2019-04-15 09:00:00,258.301886792452,702.767295597484,998.301886792453,4032.76729559748,186.163522012579,518.930817610063,702.767295597484
2019-04-15 10:00:00,258.301886792452,702.767295597484,998.301886792453,4032.76729559748,186.163522012579,518.930817610063,702.767295597484
2019-04-15 11:00:00,258.301886792452,702.767295597484,998.301886792453,4032.76729559748,186.163522012579,518.930817610063,702.767295597484
2019-04-15 12:00:00,258.301886792452,702.767295597484,998.301886792453,4032.76729559748,186.163522012579,518.930817610063,702.767295597484
2019-04-15 13:00:00,258.301886792452,702.767295597484,998.301886792453,4032.76729559748,186.163522012579,518.930817610063,702.767295597484
2019-04-15 14:00:00,258.301886792452,702.767295597484,998.301886792453,4032.76729559748,186.163522012579,518.930817610063,702.767295597484
2019-04-15 15:00:00,258.301886792452,702.767295597484,998.301886792453,4032.76729559748,186.163522012579,518.930817610063,702.767295597484
2019-04-15 16:00:00,0.0,0.0,0.0,0.0,0.0,0.0,0.0
2019-04-15 17:00:00,0.0,0.0,0.0,0.0,0.0,0.0,0.0
2019-04-15 18:00:00,0.0,0.0,0.0,0.0,0.0,0.0,0.0
2019-04-15 19:00:00,0.0,0.0,0.0,0.0,0.0,0.0,0.0
2019-04-15 20:00:00,0.0,0.0,0.0,0.0,0.0,0.0,0.0
2019-04-15 21:00:00,0.0,0.0,0.0,0.0,0.0,0.0,0.0
2019-04-15 22:00:00,0.0,0.0,0.0,0.0,0.0,0.0,0.0
2019-04-15 23:00:00,0.0,0.0,0.0,0.0,0.0,0.0,0.0
2019-04-16 00:00:00,0.0,0.0,0.0,0.0,0.0,0.0,0.0
2019-04-16 01:00:00,0.0,0.0,0.0,0.0,0.0,0.0,0.0
2019-04-16 02:00:00,0.0,0.0,0.0,0.0,0.0,0.0,0.0
2019-04-16 03:00:00,0.0,0.0,0.0,0.0,0.0,0.0,0.0
2019-04-16 04:00:00,0.0,0.0,0.0,0.0,0.0,0.0,0.0
2019-04-16 05:00:00,0.0,0.0,0.0,0.0,0.0,0.0,0.0
2019-04-16 06:00:00,0.0,0.0,0.0,0.0,0.0,0.0,0.0
2019-04-16 07:00:00,258.301886792452,702.767295597484,998.301886792453,4032.76729559748,0.0,518.930817610063,702.767295597484
2019-04-16 08:00:00,258.301886792452,702.767295597484,998.301886792453,4032.76729559748,186.163522012579,518.930817610063,702.767295597484
2019-04-16 09:00:00,258.301886792452,702.767295597484,998.301886792453,4032.76729559748,186.163522012579,518.930817610063,702.767295597484
2019-04-16 10:00:00,258.301886792452,702.767295597484,998.301886792453,4032.76729559748,186.163522012579,518.930817610063,702.767295597484
2019-04-16 11:00:00,258.301886792452,702.767295597484,998.301886792453,4032.76729559748,186.163522012579,518.930817610063,702.767295597484
2019-04-16 12:00:00,258.301886792452,702.767295597484,998.301886792453,4032.76729559748,186.163522012579,518.930817610063,702.767295597484
2019-04-16 13:00:00,258.301886792452,702.767295597484,998.301886792453,4032.76729559748,186.163522012579,518.930817610063,702.767295597484
2019-04-16 14:00:00,258.301886792452,702.767295597484,998.301886792453,4032.76729559748,0.0,518.930817610063,702.767295597484
2019-04-16 15:00:00,0.0,0.0,0.0,0.0,0.0,0.0,0.0
2019-04-16 16:00:00,0.0,0.0,0.0,0.0,0.0,0.0,0.0
2019-04-16 17:00:00,0.0,0.0,0.0,0.0,0.0,0.0,0.0
2019-04-16 18:00:00,0.0,0.0,0.0,0.0,0.0,0.0,0.0
2019-04-16 19:00:00,0.0,0.0,0.0,0.0,0.0,0.0,0.0
2019-04-16 20:00:00,0.0,0.0,0.0,0.0,0.0,0.0,0.0
2019-04-16 21:00:00,0.0,0.0,0.0,0.0,0.0,0.0,0.0
2019-04-16 22:00:00,0.0,0.0,0.0,0.0,0.0,0.0,0.0
2019-04-16 23:00:00,0.0,0.0,0.0,0.0,0.0,0.0,0.0
2019-04-17 00:00:00,0.0,0.0,0.0,0.0,0.0,0.0,0.0
2019-04-17 01:00:00,0.0,0.0,0.0,0.0,0.0,0.0,0.0
2019-04-17 02:00:00,0.0,0.0,0.0,0.0,0.0,0.0,0.0
2019-04-17 03:00:00,0.0,0.0,0.0,0.0,0.0,0.0,0.0
2019-04-17 04:00:00,0.0,0.0,0.0,0.0,0.0,0.0,0.0
2019-04-17 05:00:00,0.0,0.0,0.0,0.0,0.0,0.0,0.0
2019-04-17 06:00:00,0.0,0.0,0.0,0.0,0.0,0.0,0.0
2019-04-17 07:00:00,258.301886792452,702.767295597484,998.301886792453,4032.76729559748,0.0,518.930817610063,702.767295597484
2019-04-17 08:00:00,258.301886792452,702.767295597484,998.301886792453,4032.76729559748,186.163522012579,518.930817610063,702.767295597484
2019-04-17 09:00:00,258.301886792452,702.767295597484,998.301886792453,4032.76729559748,186.163522012579,518.930817610063,702.767295597484
2019-04-17 10:00:00,258.301886792452,702.767295597484,998.301886792453,4032.76729559748,186.163522012579,518.930817610063,702.767295597484
2019-04-17 11:00:00,258.301886792452,702.767295597484,998.301886792453,4032.76729559748,186.163522012579,518.930817610063,702.767295597484
2019-04-17 12:00:00,258.301886792452,702.767295597484,998.301886792453,4032.76729559748,186.163522012579,518.930817610063,702.767295597484
2019-04-17 13:00:00,258.301886792452,702.767295597484,998.301886792453,4032.76729559748,186.163522012579,518.930817610063,702.767295597484
2019-04-17 14:00:00,258.301886792452,702.767295597484,998.301886792453,4032.76729559748,0.0,518.930817610063,702.767295597484
2019-04-17 15:00:00,0.0,702.767295597484,316.88483070325583,4032.76729559748,0.0,0.0,0.0
2019-04-17 16:00:00,0.0,0.0,0.0,0.0,0.0,0.0,0.0
2019-04-17 17:00:00,0.0,0.0,0.0,0.0,0.0,0.0,0.0
2019-04-17 18:00:00,0.0,0.0,0.0,0.0,0.0,0.0,0.0
2019-04-17 19:00:00,0.0,0.0,0.0,0.0,0.0,0.0,0.0
2019-04-17 20:00:00,0.0,0.0,0.0,0.0,0.0,0.0,0.0
2019-04-17 21:00:00,0.0,0.0,0.0,0.0,0.0,0.0,0.0
2019-04-17 22:00:00,0.0,0.0,0.0,0.0,0.0,0.0,0.0
2019-04-17 23:00:00,0.0,0.0,0.0,0.0,0.0,0.0,0.0
2019-04-18 00:00:00,0.0,0.0,0.0,0.0,0.0,0.0,0.0
2019-04-18 01:00:00,0.0,0.0,0.0,0.0,0.0,0.0,0.0
2019-04-18 02:00:00,0.0,0.0,0.0,0.0,0.0,0.0,0.0
2019-04-18 03:00:00,0.0,0.0,0.0,0.0,0.0,0.0,0.0
2019-04-18 04:00:00,0.0,0.0,0.0,0.0,0.0,0.0,0.0
2019-04-18 05:00:00,0.0,0.0,0.0,0.0,0.0,0.0,0.0
2019-04-18 06:00:00,0.0,0.0,0.0,0.0,0.0,0.0,0.0
2019-04-18 07:00:00,258.301886792452,702.767295597484,998.301886792453,4032.76729559748,186.163522012579,518.930817610063,702.767295597484
2019-04-18 08:00:00,258.301886792452,702.767295597484,998.301886792453,4032.76729559748,186.163522012579,518.930817610063,702.767295597484
2019-04-18 09:00:00,258.301886792452,702.767295597484,998.301886792453,4032.76729559748,186.163522012579,518.930817610063,702.767295597484
2019-04-18 10:00:00,258.301886792452,702.767295597484,998.301886792453,4032.76729559748,186.163522012579,518.930817610063,702.767295597484
2019-04-18 11:00:00,258.301886792452,702.767295597484,998.301886792453,4032.76729559748,186.163522012579,518.930817610063,702.767295597484
2019-04-18 12:00:00,258.301886792452,702.767295597484,998.301886792453,4032.76729559748,186.163522012579,518.930817610063,702.767295597484
2019-04-18 13:00:00,258.301886792452,702.767295597484,998.301886792453,4032.76729559748,186.163522012579,518.930817610063,702.767295597484
2019-04-18 14:00:00,258.301886792452,702.767295597484,998.301886792453,4032.76729559748,186.163522012579,518.930817610063,702.767295597484
2019-04-18 15:00:00,258.301886792452,702.767295597484,998.301886792453,4032.76729559748,186.163522012579,0.0,0.0
2019-04-18 16:00:00,0.0,0.0,0.0,0.0,186.163522012579,0.0,0.0
2019-04-18 17:00:00,0.0,0.0,0.0,0.0,186.163522012579,0.0,0.0
2019-04-18 18:00:00,0.0,0.0,0.0,0.0,186.163522012579,0.0,0.0
2019-04-18 19:00:00,0.0,0.0,0.0,0.0,186.163522012579,0.0,0.0
2019-04-18 20:00:00,0.0,0.0,0.0,0.0,186.163522012579,0.0,0.0
2019-04-18 21:00:00,0.0,0.0,0.0,0.0,186.163522012579,0.0,0.0
2019-04-18 22:00:00,0.0,0.0,0.0,0.0,186.163522012579,0.0,0.0
2019-04-18 23:00:00,0.0,0.0,0.0,0.0,186.163522012579,0.0,0.0
2019-04-19 00:00:00,0.0,0.0,0.0,0.0,186.163522012579,0.0,0.0
2019-04-19 01:00:00,0.0,0.0,0.0,0.0,186.163522012579,0.0,0.0
2019-04-19 02:00:00,0.0,0.0,0.0,0.0,186.163522012579,0.0,0.0
2019-04-19 03:00:00,0.0,0.0,0.0,0.0,186.163522012579,0.0,0.0
2019-04-19 04:00:00,0.0,0.0,0.0,0.0,186.163522012579,0.0,0.0
2019-04-19 05:00:00,0.0,0.0,0.0,0.0,186.163522012579,0.0,0.0
2019-04-19 06:00:00,0.0,0.0,0.0,0.0,186.163522012579,0.0,0.0
2019-04-19 07:00:00,258.301886792452,702.767295597484,998.301886792453,4032.76729559748,186.163522012579,518.930817610063,702.767295597484
2019-04-19 08:00:00,258.301886792452,702.767295597484,998.301886792453,4032.76729559748,186.163522012579,518.930817610063,702.767295597484
2019-04-19 09:00:00,258.301886792452,702.767295597484,998.301886792453,4032.76729559748,186.163522012579,518.930817610063,702.767295597484
2019-04-19 10:00:00,258.301886792452,702.767295597484,998.301886792453,4032.76729559748,186.163522012579,518.930817610063,702.767295597484
2019-04-19 11:00:00,258.301886792452,702.767295597484,998.301886792453,4032.76729559748,186.163522012579,518.930817610063,702.767295597484
2019-04-19 12:00:00,258.301886792452,702.767295597484,998.301886792453,4032.76729559748,186.163522012579,518.930817610063,702.767295597484
2019-04-19 13:00:00,258.301886792452,702.767295597484,998.301886792453,4032.76729559748,186.163522012579,518.930817610063,702.767295597484
2019-04-19 14:00:00,258.301886792452,702.767295597484,998.301886792453,4032.76729559748,186.163522012579,518.930817610063,702.767295597484
2019-04-19 15:00:00,258.301886792452,702.767295597484,998.301886792453,4032.76729559748,186.163522012579,518.930817610063,702.767295597484
2019-04-19 16:00:00,0.0,702.767295597484,0.0,4032.76729559748,186.163522012579,0.0,0.0
2019-04-19 17:00:00,0.0,0.0,0.0,4032.76729559748,186.163522012579,0.0,0.0
2019-04-19 18:00:00,0.0,0.0,0.0,4032.76729559748,186.163522012579,0.0,0.0
2019-04-19 19:00:00,0.0,0.0,0.0,669.5823112561943,186.163522012579,0.0,0.0
2019-04-19 20:00:00,0.0,702.767295597484,0.0,3546.8366353039773,186.163522012579,0.0,0.0
2019-04-19 21:00:00,0.0,0.0,0.0,4032.76729559748,186.163522012579,0.0,0.0
2019-04-19 22:00:00,0.0,0.0,0.0,4032.76729559748,186.163522012579,0.0,0.0
2019-04-19 23:00:00,0.0,246.30342753071318,0.0,4032.76729559748,186.163522012579,0.0,0.0
2019-04-20 00:00:00,0.0,702.767295597484,0.0,4032.76729559748,186.163522012579,0.0,0.0
2019-04-20 01:00:00,0.0,702.767295597484,0.0,3877.3847636374553,186.163522012579,0.0,0.0
2019-04-20 02:00:00,0.0,702.767295597484,0.0,4032.76729559748,186.163522012579,0.0,0.0
2019-04-20 03:00:00,0.0,702.767295597484,0.0,2471.0617478714953,186.163522012579,0.0,0.0
2019-04-20 04:00:00,0.0,0.0,0.0,3724.769330854642,186.163522012579,0.0,0.0
2019-04-20 05:00:00,0.0,0.0,0.0,3418.4124350332204,186.163522012579,0.0,0.0
2019-04-20 06:00:00,258.301886792452,702.767295597484,998.301886792453,4032.76729559748,186.163522012579,518.930817610063,702.767295597484
2019-04-20 07:00:00,258.301886792452,702.767295597484,998.301886792453,4032.76729559748,186.163522012579,518.930817610063,702.767295597484
2019-04-20 08:00:00,258.301886792452,702.767295597484,998.301886792453,4032.76729559748,186.163522012579,518.930817610063,702.767295597484
2019-04-20 09:00:00,258.301886792452,702.767295597484,998.301886792453,4032.76729559748,186.163522012579,518.930817610063,702.767295597484
2019-04-20 10:00:00,258.301886792452,702.767295597484,998.301886792453,4032.76729559748,186.163522012579,518.930817610063,702.767295597484
2019-04-20 11:00:00,258.301886792452,702.767295597484,998.301886792453,4032.76729559748,186.163522012579,518.930817610063,702.767295597484
2019-04-20 12:00:00,258.301886792452,702.767295597484,998.301886792453,4032.76729559748,186.163522012579,518.930817610063,702.767295597484
2019-04-20 13:00:00,258.301886792452,702.767295597484,998.301886792453,4032.76729559748,186.163522012579,518.930817610063,702.767295597484
2019-04-20 14:00:00,258.301886792452,702.767295597484,998.301886792453,4032.76729559748,186.163522012579,518.930817610063,702.767295597484
2019-04-20 15:00:00,258.301886792452,702.767295597484,998.301886792453,4032.76729559748,186.163522012579,518.930817610063,702.767295597484
2019-04-20 16:00:00,258.301886792452,702.767295597484,998.301886792453,4032.76729559748,186.163522012579,518.930817610063,702.767295597484
2019-04-20 17:00:00,258.301886792452,702.767295597484,998.301886792453,4032.76729559748,186.163522012579,518.930817610063,702.767295597484
2019-04-20 18:00:00,258.301886792452,702.767295597484,998.301886792453,4032.76729559748,186.163522012579,518.930817610063,702.767295597484
2019-04-20 19:00:00,258.301886792452,702.767295597484,998.301886792453,4032.76729559748,186.163522012579,518.930817610063,702.767295597484
2019-04-20 20:00:00,258.301886792452,702.767295597484,998.301886792453,4032.76729559748,186.163522012579,518.930817610063,702.767295597484
2019-04-20 21:00:00,258.301886792452,702.767295597484,998.301886792453,4032.76729559748,186.163522012579,518.930817610063,702.767295597484
2019-04-20 22:00:00,258.301886792452,702.767295597484,998.301886792453,4032.76729559748,186.163522012579,518.930817610063,702.767295597484
2019-04-20 23:00:00,258.301886792452,702.767295597484,998.301886792453,4032.76729559748,186.163522012579,518.930817610063,702.767295597484
2019-04-21 00:00:00,258.301886792452,702.767295597484,998.301886792453,4032.76729559748,186.163522012579,518.930817610063,702.767295597484
2019-04-21 01:00:00,258.301886792452,702.767295597484,998.301886792453,4032.76729559748,186.163522012579,518.930817610063,702.767295597484
2019-04-21 02:00:00,258.301886792452,702.767295597484,998.301886792453,4032.76729559748,186.163522012579,518.930817610063,702.767295597484
2019-04-21 03:00:00,258.301886792452,702.767295597484,998.301886792453,4032.76729559748,186.163522012579,518.930817610063,702.767295597484
2019-04-21 04:00:00,258.301886792452,702.767295597484,998.301886792453,4032.76729559748,186.163522012579,518.930817610063,702.767295597484
2019-04-21 05:00:00,258.301886792452,702.767295597484,998.301886792453,4032.76729559748,186.163522012579,518.930817610063,702.767295597484
2019-04-21 06:00:00,258.301886792452,702.767295597484,998.301886792453,4032.76729559748,186.163522012579,518.930817610063,702.767295597484
2019-04-21 07:00:00,258.301886792452,702.767295597484,998.301886792453,4032.76729559748,186.163522012579,518.930817610063,702.767295597484
2019-04-21 08:00:00,258.301886792452,702.767295597484,998.301886792453,4032.76729559748,186.163522012579,518.930817610063,702.767295597484
2019-04-21 09:00:00,258.301886792452,702.767295597484,998.301886792453,4032.76729559748,186.163522012579,518.930817610063,702.767295597484
2019-04-21 10:00:00,258.301886792452,702.767295597484,998.301886792453,4032.76729559748,186.163522012579,518.930817610063,702.767295597484
2019-04-21 11:00:00,258.301886792452,702.767295597484,998.301886792453,4032.76729559748,186.163522012579,518.930817610063,702.767295597484
2019-04-21 12:00:00,258.301886792452,702.767295597484,998.301886792453,4032.76729559748,186.163522012579,518.930817610063,702.767295597484
2019-04-21 13:00:00,258.301886792452,702.767295597484,998.301886792453,4032.76729559748,186.163522012579,518.930817610063,702.767295597484
2019-04-21 14:00:00,258.301886792452,702.767295597484,998.301886792453,4032.76729559748,186.163522012579,518.930817610063,702.767295597484
2019-04-21 15:00:00,258.301886792452,702.767295597484,998.301886792453,4032.76729559748,186.163522012579,518.930817610063,702.767295597484
2019-04-21 16:00:00,258.301886792452,702.767295597484,998.301886792453,4032.76729559748,186.163522012579,518.930817610063,702.767295597484
2019-04-21 17:00:00,258.301886792452,702.767295597484,998.301886792453,4032.76729559748,186.163522012579,518.930817610063,702.767295597484
2019-04-21 18:00:00,258.301886792452,702.767295597484,998.301886792453,4032.76729559748,186.163522012579,518.930817610063,702.767295597484
2019-04-21 19:00:00,258.301886792452,702.767295597484,998.301886792453,4032.76729559748,186.163522012579,518.930817610063,702.767295597484
2019-04-21 20:00:00,258.301886792452,702.767295597484,998.301886792453,4032.76729559748,186.163522012579,518.930817610063,702.767295597484
2019-04-21 21:00:00,258.301886792452,702.767295597484,998.301886792453,4032.76729559748,186.163522012579,518.930817610063,702.767295597484
2019-04-21 22:00:00,258.301886792452,702.767295597484,998.301886792453,4032.76729559748,186.163522012579,518.930817610063,702.767295597484
2019-04-21 23:00:00,258.301886792452,702.767295597484,998.301886792453,4032.76729559748,186.163522012579,518.930817610063,702.767295597484
2019-04-22 00:00:00,258.301886792452,702.767295597484,998.301886792453,4032.76729559748,186.163522012579,518.930817610063,702.767295597484
2019-04-22 01:00:00,258.301886792452,702.767295597484,998.301886792453,4032.76729559748,186.163522012579,518.930817610063,702.767295597484
2019-04-22 02:00:00,258.301886792452,702.767295597484,998.301886792453,4032.76729559748,186.163522012579,518.930817610063,702.767295597484
2019-04-22 03:00:00,258.301886792452,702.767295597484,998.301886792453,4032.76729559748,186.163522012579,518.930817610063,702.767295597484
2019-04-22 04:00:00,258.301886792452,702.767295597484,998.301886792453,4032.76729559748,186.163522012579,518.930817610063,702.767295597484
2019-04-22 05:00:00,258.301886792452,702.767295597484,998.301886792453,4032.76729559748,186.163522012579,518.930817610063,702.767295597484
2019-04-22 06:00:00,258.301886792452,702.767295597484,998.301886792453,4032.76729559748,186.163522012579,518.930817610063,702.767295597484
2019-04-22 07:00:00,258.301886792452,702.767295597484,998.301886792453,4032.76729559748,186.163522012579,518.930817610063,702.767295597484
2019-04-22 08:00:00,258.301886792452,702.767295597484,998.301886792453,4032.76729559748,186.163522012579,518.930817610063,702.767295597484
2019-04-22 09:00:00,258.301886792452,702.767295597484,998.301886792453,4032.76729559748,186.163522012579,518.930817610063,702.767295597484
2019-04-22 10:00:00,258.301886792452,702.767295597484,998.301886792453,4032.76729559748,186.163522012579,518.930817610063,702.767295597484
2019-04-22 11:00:00,258.301886792452,702.767295597484,998.301886792453,4032.76729559748,186.163522012579,518.930817610063,702.767295597484
2019-04-22 12:00:00,258.301886792452,702.767295597484,998.301886792453,4032.76729559748,186.163522012579,518.930817610063,702.767295597484
2019-04-22 13:00:00,258.301886792452,702.767295597484,998.301886792453,4032.76729559748,186.163522012579,518.930817610063,702.767295597484
2019-04-22 14:00:00,258.301886792452,702.767295597484,998.301886792453,4032.76729559748,186.163522012579,518.930817610063,702.767295597484
2019-04-22 15:00:00,258.301886792452,702.767295597484,998.301886792453,4032.76729559748,186.163522012579,518.930817610063,702.767295597484
2019-04-22 16:00:00,258.301886792452,702.767295597484,998.301886792453,4032.76729559748,186.163522012579,518.930817610063,702.767295597484
2019-04-22 17:00:00,258.301886792452,702.767295597484,998.301886792453,4032.76729559748,186.163522012579,518.930817610063,702.767295597484
2019-04-22 18:00:00,258.301886792452,702.767295597484,998.301886792453,4032.76729559748,186.163522012579,518.930817610063,702.767295597484
2019-04-22 19:00:00,258.301886792452,702.767295597484,998.301886792453,4032.76729559748,186.163522012579,518.930817610063,702.767295597484
2019-04-22 20:00:00,258.301886792452,702.767295597484,998.301886792453,4032.76729559748,186.163522012579,518.930817610063,702.767295597484
2019-04-22 21:00:00,258.301886792452,702.767295597484,998.301886792453,4032.76729559748,186.163522012579,518.930817610063,702.767295597484
2019-04-22 22:00:00,258.301886792452,702.767295597484,998.301886792453,4032.76729559748,186.163522012579,518.930817610063,702.767295597484
2019-04-22 23:00:00,258.301886792452,702.767295597484,998.301886792453,4032.76729559748,186.163522012579,518.930817610063,702.767295597484
2019-04-23 00:00:00,258.301886792452,702.767295597484,998.301886792453,4032.76729559748,186.163522012579,518.930817610063,702.767295597484
2019-04-23 01:00:00,258.301886792452,702.767295597484,998.301886792453,4032.76729559748,186.163522012579,518.930817610063,702.767295597484
2019-04-23 02:00:00,258.301886792452,702.767295597484,998.301886792453,4032.76729559748,186.163522012579,518.930817610063,702.767295597484
2019-04-23 03:00:00,258.301886792452,702.767295597484,998.301886792453,4032.76729559748,186.163522012579,518.930817610063,702.767295597484
2019-04-23 04:00:00,258.301886792452,702.767295597484,998.301886792453,4032.76729559748,186.163522012579,518.930817610063,702.767295597484
2019-04-23 05:00:00,258.301886792452,702.767295597484,998.301886792453,4032.76729559748,186.163522012579,518.930817610063,702.767295597484
2019-04-23 06:00:00,258.301886792452,702.767295597484,998.301886792453,4032.76729559748,186.163522012579,518.930817610063,702.767295597484
2019-04-23 07:00:00,258.301886792452,702.767295597484,998.301886792453,4032.76729559748,186.163522012579,518.930817610063,702.767295597484
2019-04-23 08:00:00,258.301886792452,702.767295597484,998.301886792453,1340.5811435764463,186.163522012579,518.930817610063,702.767295597484
2019-04-23 09:00:00,258.301886792452,702.767295597484,998.301886792453,4032.76729559748,186.163522012579,518.930817610063,702.767295597484
2019-04-23 10:00:00,258.301886792452,517.192355244757,998.301886792453,4032.76729559748,186.163522012579,518.930817610063,702.767295597484
2019-04-23 11:00:00,258.301886792452,702.767295597484,998.301886792453,4032.76729559748,186.163522012579,518.930817610063,702.767295597484
2019-04-23 12:00:00,258.301886792452,702.767295597484,998.301886792453,4032.76729559748,186.163522012579,518.930817610063,702.767295597484
2019-04-23 13:00:00,258.301886792452,702.767295597484,998.301886792453,4032.76729559748,186.163522012579,518.930817610063,702.767295597484
2019-04-23 14:00:00,258.301886792452,702.767295597484,998.301886792453,4032.76729559748,186.163522012579,518.930817610063,702.767295597484
2019-04-23 15:00:00,258.301886792452,702.767295597484,998.301886792453,3625.080003207301,186.163522012579,518.930817610063,702.767295597484
2019-04-23 16:00:00,258.301886792452,702.767295597484,998.301886792453,3454.0743201572513,186.163522012579,518.930817610063,702.767295597484
2019-04-23 17:00:00,258.301886792452,702.767295597484,998.301886792453,1425.4414066993477,186.163522012579,518.930817610063,702.767295597484
2019-04-23 18:00:00,258.301886792452,0.0,998.301886792453,4032.76729559748,186.163522012579,518.930817610063,702.767295597484
2019-04-23 19:00:00,258.301886792452,702.767295597484,998.301886792453,3872.012927520929,186.163522012579,518.930817610063,702.767295597484
2019-04-23 20:00:00,258.301886792452,702.767295597484,998.301886792453,3199.189684439902,186.163522012579,518.930817610063,702.767295597484
2019-04-23 21:00:00,258.301886792452,702.767295597484,998.301886792453,4032.76729559748,186.163522012579,518.930817610063,702.767295597484
2019-04-23 22:00:00,258.301886792452,702.767295597484,998.301886792453,4032.76729559748,186.163522012579,518.930817610063,702.767295597484
2019-04-23 23:00:00,258.301886792452,702.767295597484,998.301886792453,4032.76729559748,186.163522012579,518.930817610063,702.767295597484
2019-04-24 00:00:00,258.301886792452,702.767295597484,998.301886792453,4032.76729559748,186.163522012579,518.930817610063,702.767295597484
2019-04-24 01:00:00,258.301886792452,702.767295597484,998.301886792453,4032.76729559748,186.163522012579,518.930817610063,702.767295597484
2019-04-24 02:00:00,258.301886792452,702.767295597484,998.301886792453,4032.76729559748,186.163522012579,518.930817610063,702.767295597484
2019-04-24 03:00:00,258.301886792452,702.767295597484,998.301886792453,4032.76729559748,186.163522012579,518.930817610063,702.767295597484
2019-04-24 04:00:00,258.301886792452,702.767295597484,998.301886792453,4032.76729559748,186.163522012579,518.930817610063,702.767295597484
2019-04-24 05:00:00,258.301886792452,702.767295597484,998.301886792453,4032.76729559748,186.163522012579,518.930817610063,702.767295597484
2019-04-24 06:00:00,258.301886792452,702.767295597484,998.301886792453,4032.76729559748,186.163522012579,518.930817610063,702.767295597484
2019-04-24 07:00:00,258.301886792452,702.767295597484,998.301886792453,4032.76729559748,186.163522012579,518.930817610063,702.767295597484
2019-04-24 08:00:00,258.301886792452,702.767295597484,998.301886792453,4032.76729559748,186.163522012579,518.930817610063,702.767295597484
2019-04-24 09:00:00,258.301886792452,702.767295597484,998.301886792453,4032.76729559748,186.163522012579,518.930817610063,702.767295597484
2019-04-24 10:00:00,258.301886792452,702.767295597484,998.301886792453,4032.76729559748,186.163522012579,518.930817610063,702.767295597484
2019-04-24 11:00:00,258.301886792452,702.767295597484,998.301886792453,4032.76729559748,186.163522012579,518.930817610063,702.767295597484
2019-04-24 12:00:00,258.301886792452,702.767295597484,998.301886792453,4032.76729559748,186.163522012579,518.930817610063,702.767295597484
2019-04-24 13:00:00,258.301886792452,702.767295597484,998.301886792453,4032.76729559748,186.163522012579,518.930817610063,702.767295597484
2019-04-24 14:00:00,258.301886792452,702.767295597484,998.301886792453,4032.76729559748,186.163522012579,518.930817610063,702.767295597484
2019-04-24 15:00:00,258.301886792452,702.767295597484,998.301886792453,4032.76729559748,186.163522012579,518.930817610063,702.767295597484
2019-04-24 16:00:00,0.0,702.767295597484,0.0,4032.76729559748,0.0,0.0,0.0
2019-04-24 17:00:00,0.0,702.767295597484,0.0,4032.76729559748,0.0,0.0,0.0
2019-04-24 18:00:00,0.0,702.767295597484,0.0,4032.76729559748,0.0,0.0,0.0
2019-04-24 19:00:00,0.0,702.767295597484,0.0,4032.76729559748,0.0,0.0,0.0
2019-04-24 20:00:00,0.0,702.767295597484,0.0,4032.76729559748,0.0,0.0,0.0
2019-04-24 21:00:00,0.0,702.767295597484,0.0,4032.76729559748,0.0,0.0,0.0
2019-04-24 22:00:00,0.0,0.0,0.0,4032.76729559748,0.0,0.0,0.0
2019-04-24 23:00:00,0.0,702.767295597484,0.0,4032.76729559748,0.0,0.0,0.0
2019-04-25 00:00:00,0.0,702.767295597484,0.0,4032.76729559748,0.0,0.0,0.0
2019-04-25 01:00:00,0.0,702.767295597484,0.0,4032.76729559748,0.0,0.0,0.0
2019-04-25 02:00:00,0.0,702.767295597484,0.0,4032.76729559748,0.0,0.0,0.0
2019-04-25 03:00:00,0.0,702.767295597484,0.0,4032.76729559748,0.0,0.0,0.0
2019-04-25 04:00:00,0.0,702.767295597484,0.0,4032.76729559748,0.0,0.0,0.0
2019-04-25 05:00:00,0.0,702.767295597484,0.0,4032.76729559748,0.0,0.0,0.0
2019-04-25 06:00:00,258.301886792452,702.767295597484,998.301886792453,4032.76729559748,186.163522012579,518.930817610063,702.767295597484
2019-04-25 07:00:00,258.301886792452,702.767295597484,998.301886792453,4032.76729559748,186.163522012579,518.930817610063,702.767295597484
2019-04-25 08:00:00,258.301886792452,702.767295597484,998.301886792453,4032.76729559748,186.163522012579,518.930817610063,702.767295597484
2019-04-25 09:00:00,258.301886792452,702.767295597484,998.301886792453,4032.76729559748,186.163522012579,518.930817610063,702.767295597484
2019-04-25 10:00:00,258.301886792452,702.767295597484,998.301886792453,4032.76729559748,186.163522012579,518.930817610063,702.767295597484
2019-04-25 11:00:00,258.301886792452,702.767295597484,998.301886792453,4032.76729559748,186.163522012579,518.930817610063,702.767295597484
2019-04-25 12:00:00,258.301886792452,702.767295597484,998.301886792453,4032.76729559748,186.163522012579,518.930817610063,702.767295597484
2019-04-25 13:00:00,258.301886792452,702.767295597484,998.301886792453,4032.76729559748,186.163522012579,518.930817610063,702.767295597484
2019-04-25 14:00:00,258.301886792452,702.767295597484,998.301886792453,4032.76729559748,186.163522012579,518.930817610063,702.767295597484
2019-04-25 15:00:00,258.301886792452,702.767295597484,998.301886792453,4032.76729559748,186.163522012579,518.930817610063,702.767295597484
2019-04-25 16:00:00,258.301886792452,702.767295597484,998.301886792453,4032.76729559748,0.0,518.930817610063,702.767295597484
2019-04-25 17:00:00,258.301886792452,702.767295597484,998.301886792453,4032.76729559748,0.0,0.0,702.767295597484
2019-04-25 18:00:00,0.0,702.767295597484,300.0447221825384,4032.76729559748,0.0,0.0,702.767295597484
2019-04-25 19:00:00,0.0,702.767295597484,998.301886792453,4032.76729559748,0.0,0.0,0.0
2019-04-25 20:00:00,0.0,702.767295597484,0.0,4032.76729559748,0.0,0.0,0.0
2019-04-25 21:00:00,0.0,702.767295597484,0.0,4032.76729559748,0.0,0.0,0.0
2019-04-25 22:00:00,0.0,702.767295597484,0.0,4032.76729559748,0.0,0.0,0.0
2019-04-25 23:00:00,0.0,702.767295597484,0.0,4032.76729559748,0.0,0.0,0.0
2019-04-26 00:00:00,0.0,702.767295597484,0.0,4032.76729559748,0.0,0.0,0.0
2019-04-26 01:00:00,0.0,702.767295597484,0.0,4032.76729559748,0.0,0.0,0.0
2019-04-26 02:00:00,0.0,702.767295597484,0.0,4032.76729559748,0.0,0.0,0.0
2019-04-26 03:00:00,0.0,702.767295597484,0.0,4032.76729559748,0.0,0.0,0.0
2019-04-26 04:00:00,0.0,702.767295597484,0.0,4032.76729559748,0.0,0.0,0.0
2019-04-26 05:00:00,0.0,702.767295597484,0.0,4032.76729559748,0.0,0.0,0.0
2019-04-26 06:00:00,0.0,702.767295597484,0.0,4032.76729559748,0.0,0.0,0.0
2019-04-26 07:00:00,258.301886792452,702.767295597484,998.301886792453,4032.76729559748,0.0,518.930817610063,702.767295597484
2019-04-26 08:00:00,258.301886792452,702.767295597484,998.301886792453,4032.76729559748,186.163522012579,518.930817610063,702.767295597484
2019-04-26 09:00:00,258.301886792452,702.767295597484,998.301886792453,4032.76729559748,186.163522012579,518.930817610063,702.767295597484
2019-04-26 10:00:00,258.301886792452,702.767295597484,998.301886792453,4032.76729559748,186.163522012579,518.930817610063,702.767295597484
2019-04-26 11:00:00,258.301886792452,702.767295597484,998.301886792453,4032.76729559748,186.163522012579,518.930817610063,702.767295597484
2019-04-26 12:00:00,258.301886792452,702.767295597484,998.301886792453,4032.76729559748,186.163522012579,518.930817610063,702.767295597484
2019-04-26 13:00:00,258.301886792452,702.767295597484,998.301886792453,4032.76729559748,186.163522012579,518.930817610063,702.767295597484
2019-04-26 14:00:00,258.301886792452,702.767295597484,998.301886792453,4032.76729559748,186.163522012579,518.930817610063,702.767295597484
2019-04-26 15:00:00,258.301886792452,702.767295597484,998.301886792453,4032.76729559748,186.163522012579,518.930817610063,702.767295597484
2019-04-26 16:00:00,0.0,702.767295597484,998.301886792453,4032.76729559748,186.163522012579,518.930817610063,702.767295597484
2019-04-26 17:00:00,258.301886792452,702.767295597484,998.301886792453,4032.76729559748,186.163522012579,0.0,702.767295597484
2019-04-26 18:00:00,0.0,702.767295597484,998.301886792453,4032.76729559748,186.163522012579,0.0,702.767295597484
2019-04-26 19:00:00,0.0,702.767295597484,998.301886792453,4032.76729559748,186.163522012579,0.0,702.767295597484
2019-04-26 20:00:00,258.301886792452,702.767295597484,998.301886792453,4032.76729559748,186.163522012579,0.0,702.767295597484
2019-04-26 21:00:00,0.0,702.767295597484,998.301886792453,4032.76729559748,186.163522012579,0.0,0.0
2019-04-26 22:00:00,0.0,702.767295597484,998.301886792453,4032.76729559748,186.163522012579,0.0,0.0
2019-04-26 23:00:00,0.0,702.767295597484,0.0,4032.76729559748,186.163522012579,0.0,0.0
2019-04-27 00:00:00,0.0,702.767295597484,0.0,4032.76729559748,186.163522012579,0.0,0.0
2019-04-27 01:00:00,0.0,702.767295597484,0.0,4032.76729559748,186.163522012579,0.0,0.0
2019-04-27 02:00:00,0.0,702.767295597484,0.0,4032.76729559748,186.163522012579,0.0,0.0
2019-04-27 03:00:00,0.0,702.767295597484,0.0,4032.76729559748,186.163522012579,0.0,0.0
2019-04-27 04:00:00,0.0,702.767295597484,0.0,4032.76729559748,186.163522012579,0.0,0.0
2019-04-27 05:00:00,0.0,702.767295597484,0.0,4032.76729559748,186.163522012579,0.0,0.0
2019-04-27 06:00:00,258.301886792452,702.767295597484,998.301886792453,4032.76729559748,186.163522012579,518.930817610063,702.767295597484
2019-04-27 07:00:00,258.301886792452,702.767295597484,998.301886792453,4032.76729559748,186.163522012579,518.930817610063,702.767295597484
2019-04-27 08:00:00,258.301886792452,702.767295597484,998.301886792453,4032.76729559748,186.163522012579,518.930817610063,702.767295597484
2019-04-27 09:00:00,258.301886792452,702.767295597484,998.301886792453,4032.76729559748,186.163522012579,518.930817610063,702.767295597484
2019-04-27 10:00:00,258.301886792452,702.767295597484,998.301886792453,4032.76729559748,186.163522012579,518.930817610063,702.767295597484
2019-04-27 11:00:00,258.301886792452,702.767295597484,998.301886792453,4032.76729559748,186.163522012579,518.930817610063,702.767295597484
2019-04-27 12:00:00,258.301886792452,702.767295597484,998.301886792453,4032.76729559748,186.163522012579,518.930817610063,702.767295597484
2019-04-27 13:00:00,258.301886792452,702.767295597484,998.301886792453,4032.76729559748,186.163522012579,518.930817610063,702.767295597484
2019-04-27 14:00:00,258.301886792452,702.767295597484,998.301886792453,4032.76729559748,186.163522012579,518.930817610063,702.767295597484
2019-04-27 15:00:00,258.301886792452,702.767295597484,998.301886792453,4032.76729559748,186.163522012579,518.930817610063,702.767295597484
2019-04-27 16:00:00,258.301886792452,702.767295597484,998.301886792453,4032.76729559748,186.163522012579,518.930817610063,702.767295597484
2019-04-27 17:00:00,258.301886792452,702.767295597484,998.301886792453,4032.76729559748,186.163522012579,518.930817610063,702.767295597484
2019-04-27 18:00:00,258.301886792452,702.767295597484,998.301886792453,4032.76729559748,186.163522012579,518.930817610063,702.767295597484
2019-04-27 19:00:00,258.301886792452,702.767295597484,998.301886792453,4032.76729559748,186.163522012579,518.930817610063,702.767295597484
2019-04-27 20:00:00,258.301886792452,702.767295597484,998.301886792453,4032.76729559748,186.163522012579,0.0,702.767295597484
2019-04-27 21:00:00,258.301886792452,702.767295597484,998.301886792453,4032.76729559748,186.163522012579,0.0,702.767295597484
2019-04-27 22:00:00,258.301886792452,702.767295597484,998.301886792453,4032.76729559748,186.163522012579,0.0,702.767295597484
2019-04-27 23:00:00,258.301886792452,702.767295597484,998.301886792453,4032.76729559748,186.163522012579,0.0,702.767295597484
2019-04-28 00:00:00,258.301886792452,702.767295597484,998.301886792453,4032.76729559748,186.163522012579,0.0,702.767295597484
2019-04-28 01:00:00,258.301886792452,702.767295597484,998.301886792453,4032.76729559748,186.163522012579,0.0,702.767295597484
2019-04-28 02:00:00,258.301886792452,702.767295597484,0.0,4032.76729559748,186.163522012579,0.0,0.0
2019-04-28 03:00:00,258.301886792452,702.767295597484,0.0,4032.76729559748,186.163522012579,0.0,0.0
2019-04-28 04:00:00,0.0,702.767295597484,0.0,4032.76729559748,186.163522012579,0.0,0.0
2019-04-28 05:00:00,0.0,702.767295597484,0.0,4032.76729559748,186.163522012579,0.0,0.0
2019-04-28 06:00:00,258.301886792452,702.767295597484,998.301886792453,4032.76729559748,186.163522012579,518.930817610063,702.767295597484
2019-04-28 07:00:00,258.301886792452,702.767295597484,998.301886792453,4032.76729559748,186.163522012579,518.930817610063,702.767295597484
2019-04-28 08:00:00,258.301886792452,702.767295597484,998.301886792453,4032.76729559748,186.163522012579,518.930817610063,702.767295597484
2019-04-28 09:00:00,258.301886792452,702.767295597484,998.301886792453,4032.76729559748,186.163522012579,518.930817610063,702.767295597484
2019-04-28 10:00:00,258.301886792452,702.767295597484,998.301886792453,4032.76729559748,186.163522012579,518.930817610063,702.767295597484
2019-04-28 11:00:00,258.301886792452,702.767295597484,998.301886792453,4032.76729559748,186.163522012579,518.930817610063,702.767295597484
2019-04-28 12:00:00,258.301886792452,702.767295597484,998.301886792453,4032.76729559748,186.163522012579,518.930817610063,702.767295597484
2019-04-28 13:00:00,258.301886792452,702.767295597484,998.301886792453,4032.76729559748,186.163522012579,518.930817610063,702.767295597484
2019-04-28 14:00:00,258.301886792452,702.767295597484,998.301886792453,4032.76729559748,186.163522012579,518.930817610063,702.767295597484
2019-04-28 15:00:00,258.301886792452,702.767295597484,998.301886792453,4032.76729559748,186.163522012579,518.930817610063,702.767295597484
2019-04-28 16:00:00,258.301886792452,702.767295597484,998.301886792453,4032.76729559748,186.163522012579,518.930817610063,702.767295597484
2019-04-28 17:00:00,258.301886792452,702.767295597484,998.301886792453,4032.76729559748,186.163522012579,518.930817610063,702.767295597484
2019-04-28 18:00:00,258.301886792452,702.767295597484,998.301886792453,4032.76729559748,186.163522012579,518.930817610063,702.767295597484
2019-04-28 19:00:00,258.301886792452,702.767295597484,998.301886792453,4032.76729559748,186.163522012579,518.930817610063,702.767295597484
2019-04-28 20:00:00,258.301886792452,702.767295597484,998.301886792453,4032.76729559748,186.163522012579,518.930817610063,702.767295597484
2019-04-28 21:00:00,258.301886792452,702.767295597484,998.301886792453,4032.76729559748,186.163522012579,518.930817610063,702.767295597484
2019-04-28 22:00:00,258.301886792452,702.767295597484,998.301886792453,4032.76729559748,186.163522012579,518.930817610063,702.767295597484
2019-04-28 23:00:00,258.301886792452,702.767295597484,998.301886792453,4032.76729559748,186.163522012579,518.930817610063,702.767295597484
2019-04-29 00:00:00,258.301886792452,702.767295597484,998.301886792453,4032.76729559748,186.163522012579,518.930817610063,702.767295597484
2019-04-29 01:00:00,258.301886792452,702.767295597484,998.301886792453,4032.76729559748,186.163522012579,518.930817610063,702.767295597484
2019-04-29 02:00:00,258.301886792452,702.767295597484,998.301886792453,4032.76729559748,186.163522012579,518.930817610063,702.767295597484
2019-04-29 03:00:00,258.301886792452,702.767295597484,998.301886792453,4032.76729559748,186.163522012579,518.930817610063,702.767295597484
2019-04-29 04:00:00,258.301886792452,702.767295597484,998.301886792453,4032.76729559748,186.163522012579,518.930817610063,702.767295597484
2019-04-29 05:00:00,258.301886792452,702.767295597484,998.301886792453,4032.76729559748,186.163522012579,518.930817610063,702.767295597484
2019-04-29 06:00:00,258.301886792452,702.767295597484,998.301886792453,4032.76729559748,186.163522012579,518.930817610063,702.767295597484
2019-04-29 07:00:00,258.301886792452,702.767295597484,998.301886792453,4032.76729559748,186.163522012579,518.930817610063,702.767295597484
2019-04-29 08:00:00,258.301886792452,702.767295597484,998.301886792453,4032.76729559748,186.163522012579,518.930817610063,702.767295597484
2019-04-29 09:00:00,258.301886792452,702.767295597484,998.301886792453,4032.76729559748,186.163522012579,518.930817610063,702.767295597484
2019-04-29 10:00:00,258.301886792452,702.767295597484,998.301886792453,4032.76729559748,186.163522012579,518.930817610063,702.767295597484
2019-04-29 11:00:00,258.301886792452,702.767295597484,998.301886792453,4032.76729559748,186.163522012579,518.930817610063,702.767295597484
2019-04-29 12:00:00,258.301886792452,702.767295597484,998.301886792453,4032.76729559748,186.163522012579,518.930817610063,702.767295597484
2019-04-29 13:00:00,258.301886792452,702.767295597484,998.301886792453,4032.76729559748,186.163522012579,518.930817610063,702.767295597484
2019-04-29 14:00:00,258.301886792452,702.767295597484,998.301886792453,4032.76729559748,186.163522012579,518.930817610063,702.767295597484
2019-04-29 15:00:00,258.301886792452,702.767295597484,998.301886792453,4032.76729559748,186.163522012579,518.930817610063,702.767295597484
2019-04-29 16:00:00,0.0,702.767295597484,0.0,4032.76729559748,0.0,0.0,0.0
2019-04-29 17:00:00,0.0,702.767295597484,0.0,4032.76729559748,0.0,0.0,0.0
2019-04-29 18:00:00,0.0,702.767295597484,0.0,2992.7641090359193,0.0,0.0,0.0
2019-04-29 19:00:00,0.0,702.767295597484,0.0,4032.76729559748,0.0,0.0,0.0
2019-04-29 20:00:00,0.0,702.767295597484,0.0,4032.76729559748,0.0,0.0,0.0
2019-04-29 21:00:00,0.0,556.0712800514739,0.0,4032.76729559748,0.0,0.0,0.0
2019-04-29 22:00:00,0.0,702.767295597484,0.0,4032.76729559748,0.0,0.0,0.0
2019-04-29 23:00:00,0.0,702.767295597484,0.0,4032.76729559748,0.0,0.0,0.0
2019-04-30 00:00:00,0.0,702.767295597484,0.0,4032.76729559748,0.0,0.0,0.0
2019-04-30 01:00:00,0.0,702.767295597484,0.0,4032.76729559748,0.0,0.0,0.0
2019-04-30 02:00:00,0.0,702.767295597484,0.0,4032.76729559748,0.0,0.0,0.0
2019-04-30 03:00:00,0.0,702.767295597484,0.0,4032.76729559748,0.0,0.0,0.0
2019-04-30 04:00:00,0.0,702.767295597484,0.0,4031.11259016161,0.0,0.0,0.0
2019-04-30 05:00:00,0.0,7.818168708869962,0.0,4032.76729559748,0.0,0.0,0.0
2019-04-30 06:00:00,0.0,702.767295597484,0.0,3909.788313574462,0.0,0.0,0.0
2019-04-30 07:00:00,258.301886792452,702.767295597484,998.301886792453,4032.76729559748,0.0,518.930817610063,702.767295597484
2019-04-30 08:00:00,258.301886792452,702.767295597484,998.301886792453,4032.76729559748,186.163522012579,518.930817610063,702.767295597484
2019-04-30 09:00:00,258.301886792452,702.767295597484,998.301886792453,4032.76729559748,186.163522012579,518.930817610063,702.767295597484
2019-04-30 10:00:00,258.301886792452,702.767295597484,998.301886792453,4032.76729559748,186.163522012579,518.930817610063,702.767295597484
2019-04-30 11:00:00,258.301886792452,702.767295597484,998.301886792453,4032.76729559748,186.163522012579,518.930817610063,702.767295597484
2019-04-30 12:00:00,258.301886792452,702.767295597484,998.301886792453,4032.76729559748,186.163522012579,518.930817610063,702.767295597484
2019-04-30 13:00:00,258.301886792452,702.767295597484,998.301886792453,4032.76729559748,186.163522012579,518.930817610063,702.767295597484
2019-04-30 14:00:00,258.301886792452,702.767295597484,998.301886792453,4032.76729559748,186.163522012579,518.930817610063,702.767295597484
2019-04-30 15:00:00,258.301886792452,702.767295597484,998.301886792453,4032.76729559748,0.0,518.930817610063,702.767295597484
2019-04-30 16:00:00,0.0,702.767295597484,0.0,3202.927024522074,0.0,0.0,0.0
2019-04-30 17:00:00,0.0,702.767295597484,0.0,0.0,0.0,0.0,0.0
2019-04-30 18:00:00,0.0,702.767295597484,0.0,0.0,0.0,0.0,0.0
2019-04-30 19:00:00,0.0,702.767295597484,0.0,2299.359760856673,0.0,0.0,0.0
2019-04-30 20:00:00,0.0,0.0,0.0,0.0,0.0,0.0,0.0
2019-04-30 21:00:00,0.0,0.0,0.0,3055.4525754947845,0.0,0.0,0.0
2019-04-30 22:00:00,0.0,0.0,0.0,265.25733665380767,0.0,0.0,0.0
2019-04-30 23:00:00,0.0,0.0,0.0,201.46007081259017,0.0,0.0,0.0
2019-05-01 00:00:00,0.0,702.767295597484,0.0,2503.8514326905874,0.0,0.0,0.0
2019-05-01 01:00:00,0.0,702.767295597484,0.0,1984.3732583337237,0.0,0.0,0.0
2019-05-01 02:00:00,0.0,702.767295597484,0.0,2567.955294770214,0.0,0.0,0.0
2019-05-01 03:00:00,0.0,0.0,0.0,2706.3001149770785,0.0,0.0,0.0
2019-05-01 04:00:00,0.0,0.0,0.0,3339.7399023880553,0.0,0.0,0.0
2019-05-01 05:00:00,0.0,0.0,0.0,4032.76729559748,0.0,0.0,0.0
2019-05-01 06:00:00,258.301886792452,702.767295597484,998.301886792453,4032.76729559748,186.163522012579,518.930817610063,702.767295597484
2019-05-01 07:00:00,258.301886792452,702.767295597484,998.301886792453,4032.76729559748,186.163522012579,518.930817610063,702.767295597484
2019-05-01 08:00:00,258.301886792452,702.767295597484,998.301886792453,4032.76729559748,186.163522012579,518.930817610063,702.767295597484
2019-05-01 09:00:00,258.301886792452,702.767295597484,998.301886792453,4032.76729559748,186.163522012579,518.930817610063,702.767295597484
2019-05-01 10:00:00,258.301886792452,702.767295597484,998.301886792453,4032.76729559748,186.163522012579,518.930817610063,702.767295597484
2019-05-01 11:00:00,258.301886792452,702.767295597484,998.301886792453,4032.76729559748,186.163522012579,518.930817610063,702.767295597484
2019-05-01 12:00:00,258.301886792452,702.767295597484,998.301886792453,4032.76729559748,186.163522012579,518.930817610063,702.767295597484
2019-05-01 13:00:00,258.301886792452,702.767295597484,998.301886792453,4032.76729559748,186.163522012579,518.930817610063,702.767295597484
2019-05-01 14:00:00,258.301886792452,702.767295597484,998.301886792453,4032.76729559748,186.163522012579,518.930817610063,702.767295597484
2019-05-01 15:00:00,258.301886792452,702.767295597484,998.301886792453,4032.76729559748,186.163522012579,518.930817610063,702.767295597484
2019-05-01 16:00:00,258.301886792452,702.767295597484,998.301886792453,4032.76729559748,186.163522012579,518.930817610063,702.767295597484
2019-05-01 17:00:00,0.0,702.767295597484,0.0,2267.863886213048,0.0,0.0,0.0
2019-05-01 18:00:00,0.0,416.5847015518575,0.0,0.0,0.0,0.0,0.0
2019-05-01 19:00:00,0.0,0.0,0.0,1057.2396970857294,0.0,0.0,0.0
2019-05-01 20:00:00,0.0,0.0,0.0,4032.76729559748,0.0,0.0,0.0
2019-05-01 21:00:00,0.0,0.0,0.0,3582.437769645799,0.0,0.0,0.0
2019-05-01 22:00:00,0.0,702.767295597484,0.0,275.17645090686256,0.0,0.0,0.0
2019-05-01 23:00:00,0.0,702.767295597484,0.0,436.9859996573173,0.0,0.0,0.0
2019-05-02 00:00:00,0.0,0.0,0.0,3597.559640801862,0.0,0.0,0.0
2019-05-02 01:00:00,0.0,68.45930678831519,0.0,0.0,0.0,0.0,0.0
2019-05-02 02:00:00,0.0,702.767295597484,0.0,182.99705586210825,0.0,0.0,0.0
2019-05-02 03:00:00,0.0,0.0,0.0,4032.76729559748,0.0,0.0,0.0
2019-05-02 04:00:00,0.0,0.0,0.0,2158.959788601688,0.0,0.0,0.0
2019-05-02 05:00:00,0.0,39.99572354605971,0.0,0.0,0.0,0.0,0.0
2019-05-02 06:00:00,0.0,0.0,0.0,622.5750121047613,0.0,0.0,0.0
2019-05-02 07:00:00,258.301886792452,702.767295597484,998.301886792453,4032.76729559748,0.0,518.930817610063,702.767295597484
2019-05-02 08:00:00,258.301886792452,702.767295597484,998.301886792453,4032.76729559748,186.163522012579,518.930817610063,702.767295597484
2019-05-02 09:00:00,258.301886792452,702.767295597484,998.301886792453,4032.76729559748,186.163522012579,518.930817610063,702.767295597484
2019-05-02 10:00:00,258.301886792452,702.767295597484,998.301886792453,4032.76729559748,186.163522012579,518.930817610063,702.767295597484
2019-05-02 11:00:00,258.301886792452,702.767295597484,998.301886792453,4032.76729559748,186.163522012579,518.930817610063,702.767295597484
2019-05-02 12:00:00,258.301886792452,702.767295597484,998.301886792453,4032.76729559748,186.163522012579,518.930817610063,702.767295597484
2019-05-02 13:00:00,258.301886792452,702.767295597484,998.301886792453,4032.76729559748,186.163522012579,518.930817610063,702.767295597484
2019-05-02 14:00:00,258.301886792452,702.767295597484,998.301886792453,4032.76729559748,0.0,518.930817610063,702.767295597484
2019-05-02 15:00:00,0.0,702.767295597484,998.301886792453,4032.76729559748,0.0,0.0,0.0
2019-05-02 16:00:00,0.0,0.0,0.0,0.0,0.0,0.0,0.0
2019-05-02 17:00:00,0.0,0.0,0.0,0.0,0.0,0.0,0.0
2019-05-02 18:00:00,0.0,0.0,0.0,0.0,0.0,0.0,0.0
2019-05-02 19:00:00,0.0,0.0,0.0,0.0,0.0,0.0,0.0
2019-05-02 20:00:00,0.0,0.0,0.0,3229.2666422974844,0.0,0.0,0.0
2019-05-02 21:00:00,0.0,169.2828751297443,0.0,0.0,0.0,0.0,0.0
2019-05-02 22:00:00,0.0,0.0,0.0,0.0,0.0,0.0,0.0
2019-05-02 23:00:00,0.0,0.0,0.0,3355.8166123187,0.0,0.0,0.0
2019-05-03 00:00:00,0.0,0.0,0.0,0.0,0.0,0.0,0.0
2019-05-03 01:00:00,0.0,0.0,0.0,0.0,0.0,0.0,0.0
2019-05-03 02:00:00,0.0,0.0,0.0,51.34247388878612,0.0,0.0,0.0
2019-05-03 03:00:00,0.0,3.822950391120685,0.0,0.0,0.0,0.0,0.0
2019-05-03 04:00:00,0.0,392.3538226685205,0.0,0.0,0.0,0.0,0.0
2019-05-03 05:00:00,0.0,0.0,0.0,0.0,0.0,0.0,0.0
2019-05-03 06:00:00,0.0,0.0,0.0,0.0,0.0,0.0,0.0
2019-05-03 07:00:00,258.301886792452,702.767295597484,998.301886792453,4032.76729559748,0.0,518.930817610063,702.767295597484
2019-05-03 08:00:00,258.301886792452,702.767295597484,998.301886792453,4032.76729559748,0.0,518.930817610063,702.767295597484
2019-05-03 09:00:00,258.301886792452,702.767295597484,998.301886792453,4032.76729559748,0.0,518.930817610063,702.767295597484
2019-05-03 10:00:00,258.301886792452,702.767295597484,998.301886792453,4032.76729559748,186.163522012579,518.930817610063,702.767295597484
2019-05-03 11:00:00,258.301886792452,702.767295597484,998.301886792453,4032.76729559748,0.0,518.930817610063,702.767295597484
2019-05-03 12:00:00,258.301886792452,702.767295597484,998.301886792453,4032.76729559748,0.0,518.930817610063,702.767295597484
2019-05-03 13:00:00,258.301886792452,702.767295597484,998.301886792453,4032.76729559748,0.0,518.930817610063,702.767295597484
2019-05-03 14:00:00,258.301886792452,702.767295597484,998.301886792453,4032.76729559748,0.0,518.930817610063,702.767295597484
2019-05-03 15:00:00,258.301886792452,702.767295597484,998.301886792453,3828.8004655811565,0.0,518.930817610063,702.767295597484
2019-05-03 16:00:00,258.301886792452,0.0,998.301886792453,2839.602210978815,0.0,0.0,702.767295597484
2019-05-03 17:00:00,258.301886792452,0.0,998.301886792453,0.0,0.0,0.0,702.767295597484
2019-05-03 18:00:00,258.301886792452,0.0,998.301886792453,0.0,0.0,0.0,702.767295597484
2019-05-03 19:00:00,258.301886792452,0.0,998.301886792453,0.0,0.0,0.0,702.767295597484
2019-05-03 20:00:00,258.301886792452,249.92512629497332,195.45433023805828,0.0,0.0,0.0,702.767295597484
2019-05-03 21:00:00,0.0,702.767295597484,90.77541307027204,393.6015835991034,0.0,0.0,702.767295597484
2019-05-03 22:00:00,0.0,0.0,0.0,3728.321720439071,0.0,0.0,0.0
2019-05-03 23:00:00,0.0,702.767295597484,0.0,3848.4736595899662,0.0,0.0,0.0
2019-05-04 00:00:00,0.0,702.767295597484,0.0,4032.76729559748,0.0,0.0,0.0
2019-05-04 01:00:00,0.0,702.767295597484,0.0,4032.76729559748,0.0,0.0,0.0
2019-05-04 02:00:00,0.0,702.767295597484,0.0,4032.76729559748,0.0,0.0,0.0
2019-05-04 03:00:00,0.0,702.767295597484,0.0,4032.76729559748,0.0,0.0,0.0
2019-05-04 04:00:00,0.0,702.767295597484,0.0,4032.76729559748,0.0,0.0,0.0
2019-05-04 05:00:00,0.0,702.767295597484,0.0,4032.76729559748,0.0,0.0,0.0
2019-05-04 06:00:00,0.0,702.767295597484,0.0,4032.76729559748,0.0,0.0,0.0
2019-05-04 07:00:00,258.301886792452,702.767295597484,998.301886792453,4032.76729559748,186.163522012579,518.930817610063,702.767295597484
2019-05-04 08:00:00,258.301886792452,702.767295597484,998.301886792453,4032.76729559748,186.163522012579,518.930817610063,702.767295597484
2019-05-04 09:00:00,258.301886792452,702.767295597484,998.301886792453,4032.76729559748,186.163522012579,518.930817610063,702.767295597484
2019-05-04 10:00:00,258.301886792452,702.767295597484,998.301886792453,4032.76729559748,186.163522012579,518.930817610063,702.767295597484
2019-05-04 11:00:00,258.301886792452,702.767295597484,998.301886792453,4032.76729559748,186.163522012579,518.930817610063,702.767295597484
2019-05-04 12:00:00,258.301886792452,702.767295597484,998.301886792453,4032.76729559748,186.163522012579,518.930817610063,702.767295597484
2019-05-04 13:00:00,258.301886792452,702.767295597484,998.301886792453,4032.76729559748,186.163522012579,518.930817610063,702.767295597484
2019-05-04 14:00:00,258.301886792452,702.767295597484,998.301886792453,4032.76729559748,186.163522012579,518.930817610063,702.767295597484
2019-05-04 15:00:00,258.301886792452,702.767295597484,998.301886792453,4032.76729559748,186.163522012579,518.930817610063,702.767295597484
2019-05-04 16:00:00,258.301886792452,702.767295597484,998.301886792453,4032.76729559748,186.163522012579,518.930817610063,702.767295597484
2019-05-04 17:00:00,258.301886792452,702.767295597484,998.301886792453,4032.76729559748,186.163522012579,518.930817610063,702.767295597484
2019-05-04 18:00:00,258.301886792452,702.767295597484,998.301886792453,4032.76729559748,186.163522012579,518.930817610063,702.767295597484
2019-05-04 19:00:00,258.301886792452,702.767295597484,998.301886792453,4032.76729559748,186.163522012579,518.930817610063,702.767295597484
2019-05-04 20:00:00,258.301886792452,702.767295597484,998.301886792453,4032.76729559748,186.163522012579,518.930817610063,702.767295597484
2019-05-04 21:00:00,258.301886792452,702.767295597484,998.301886792453,4032.76729559748,186.163522012579,518.930817610063,702.767295597484
2019-05-04 22:00:00,258.301886792452,702.767295597484,998.301886792453,4032.76729559748,186.163522012579,518.930817610063,702.767295597484
2019-05-04 23:00:00,258.301886792452,702.767295597484,998.301886792453,4032.76729559748,186.163522012579,518.930817610063,702.767295597484
2019-05-05 00:00:00,258.301886792452,702.767295597484,998.301886792453,4032.76729559748,186.163522012579,518.930817610063,702.767295597484
2019-05-05 01:00:00,258.301886792452,702.767295597484,998.301886792453,4032.76729559748,186.163522012579,518.930817610063,702.767295597484
2019-05-05 02:00:00,258.301886792452,702.767295597484,998.301886792453,4032.76729559748,186.163522012579,518.930817610063,702.767295597484
2019-05-05 03:00:00,258.301886792452,702.767295597484,998.301886792453,4032.76729559748,186.163522012579,518.930817610063,702.767295597484
2019-05-05 04:00:00,258.301886792452,702.767295597484,998.301886792453,4032.76729559748,186.163522012579,518.930817610063,702.767295597484
2019-05-05 05:00:00,258.301886792452,702.767295597484,998.301886792453,4032.76729559748,186.163522012579,518.930817610063,702.767295597484
2019-05-05 06:00:00,258.301886792452,702.767295597484,998.301886792453,4032.76729559748,186.163522012579,518.930817610063,702.767295597484
2019-05-05 07:00:00,258.301886792452,702.767295597484,998.301886792453,4032.76729559748,186.163522012579,518.930817610063,702.767295597484
2019-05-05 08:00:00,258.301886792452,702.767295597484,998.301886792453,4032.76729559748,186.163522012579,518.930817610063,702.767295597484
2019-05-05 09:00:00,258.301886792452,702.767295597484,998.301886792453,4032.76729559748,186.163522012579,518.930817610063,702.767295597484
2019-05-05 10:00:00,258.301886792452,702.767295597484,998.301886792453,4032.76729559748,186.163522012579,518.930817610063,702.767295597484
2019-05-05 11:00:00,258.301886792452,702.767295597484,998.301886792453,4032.76729559748,186.163522012579,518.930817610063,702.767295597484
2019-05-05 12:00:00,258.301886792452,702.767295597484,998.301886792453,4032.76729559748,186.163522012579,518.930817610063,702.767295597484
2019-05-05 13:00:00,258.301886792452,702.767295597484,998.301886792453,4032.76729559748,186.163522012579,518.930817610063,702.767295597484
2019-05-05 14:00:00,258.301886792452,702.767295597484,998.301886792453,4032.76729559748,186.163522012579,518.930817610063,702.767295597484
2019-05-05 15:00:00,258.301886792452,702.767295597484,998.301886792453,4032.76729559748,186.163522012579,518.930817610063,702.767295597484
2019-05-05 16:00:00,258.301886792452,702.767295597484,998.301886792453,4032.76729559748,186.163522012579,518.930817610063,702.767295597484
2019-05-05 17:00:00,258.301886792452,702.767295597484,998.301886792453,4032.76729559748,186.163522012579,518.930817610063,702.767295597484
2019-05-05 18:00:00,258.301886792452,702.767295597484,998.301886792453,4032.76729559748,186.163522012579,518.930817610063,702.767295597484
2019-05-05 19:00:00,258.301886792452,702.767295597484,998.301886792453,4032.76729559748,186.163522012579,518.930817610063,702.767295597484
2019-05-05 20:00:00,258.301886792452,702.767295597484,998.301886792453,4032.76729559748,186.163522012579,518.930817610063,702.767295597484
2019-05-05 21:00:00,258.301886792452,702.767295597484,998.301886792453,4032.76729559748,186.163522012579,518.930817610063,702.767295597484
2019-05-05 22:00:00,258.301886792452,702.767295597484,998.301886792453,4032.76729559748,186.163522012579,518.930817610063,702.767295597484
2019-05-05 23:00:00,258.301886792452,702.767295597484,998.301886792453,4032.76729559748,186.163522012579,518.930817610063,702.767295597484
2019-05-06 00:00:00,258.301886792452,702.767295597484,998.301886792453,4032.76729559748,186.163522012579,518.930817610063,702.767295597484
2019-05-06 01:00:00,258.301886792452,702.767295597484,998.301886792453,4032.76729559748,186.163522012579,518.930817610063,702.767295597484
2019-05-06 02:00:00,258.301886792452,702.767295597484,998.301886792453,4032.76729559748,186.163522012579,518.930817610063,702.767295597484
2019-05-06 03:00:00,258.301886792452,702.767295597484,998.301886792453,4032.76729559748,186.163522012579,518.930817610063,702.767295597484
2019-05-06 04:00:00,258.301886792452,702.767295597484,998.301886792453,4032.76729559748,186.163522012579,518.930817610063,702.767295597484
2019-05-06 05:00:00,258.301886792452,702.767295597484,998.301886792453,4032.76729559748,186.163522012579,518.930817610063,702.767295597484
2019-05-06 06:00:00,258.301886792452,702.767295597484,998.301886792453,4032.76729559748,186.163522012579,518.930817610063,702.767295597484
2019-05-06 07:00:00,258.301886792452,702.767295597484,998.301886792453,4032.76729559748,186.163522012579,518.930817610063,702.767295597484
2019-05-06 08:00:00,258.301886792452,702.767295597484,998.301886792453,4032.76729559748,186.163522012579,518.930817610063,702.767295597484
2019-05-06 09:00:00,258.301886792452,702.767295597484,998.301886792453,4032.76729559748,186.163522012579,518.930817610063,702.767295597484
2019-05-06 10:00:00,258.301886792452,702.767295597484,998.301886792453,4032.76729559748,186.163522012579,518.930817610063,702.767295597484
2019-05-06 11:00:00,258.301886792452,702.767295597484,998.301886792453,4032.76729559748,186.163522012579,518.930817610063,702.767295597484
2019-05-06 12:00:00,258.301886792452,702.767295597484,998.301886792453,4032.76729559748,186.163522012579,518.930817610063,702.767295597484
2019-05-06 13:00:00,258.301886792452,702.767295597484,998.301886792453,4032.76729559748,186.163522012579,518.930817610063,702.767295597484
2019-05-06 14:00:00,258.301886792452,702.767295597484,998.301886792453,4032.76729559748,186.163522012579,518.930817610063,702.767295597484
2019-05-06 15:00:00,258.301886792452,702.767295597484,998.301886792453,4032.76729559748,186.163522012579,518.930817610063,702.767295597484
2019-05-06 16:00:00,258.301886792452,702.767295597484,998.301886792453,4032.76729559748,186.163522012579,518.930817610063,702.767295597484
2019-05-06 17:00:00,258.301886792452,702.767295597484,998.301886792453,40.02020716172598,186.163522012579,518.930817610063,702.767295597484
2019-05-06 18:00:00,258.301886792452,0.0,998.301886792453,0.0,186.163522012579,518.930817610063,702.767295597484
2019-05-06 19:00:00,258.301886792452,0.0,998.301886792453,3908.2814339997212,186.163522012579,518.930817610063,702.767295597484
2019-05-06 20:00:00,258.301886792452,0.0,998.301886792453,4032.76729559748,186.163522012579,518.930817610063,702.767295597484
2019-05-06 21:00:00,258.301886792452,0.0,998.301886792453,3457.467050442982,186.163522012579,518.930817610063,702.767295597484
2019-05-06 22:00:00,258.301886792452,702.767295597484,998.301886792453,4032.76729559748,186.163522012579,518.930817610063,702.767295597484
2019-05-06 23:00:00,258.301886792452,702.767295597484,998.301886792453,4032.76729559748,186.163522012579,518.930817610063,702.767295597484
2019-05-07 00:00:00,258.301886792452,702.767295597484,998.301886792453,4032.76729559748,186.163522012579,518.930817610063,702.767295597484
2019-05-07 01:00:00,258.301886792452,668.2330910886412,998.301886792453,4032.76729559748,186.163522012579,518.930817610063,702.767295597484
2019-05-07 02:00:00,258.301886792452,702.767295597484,998.301886792453,4032.76729559748,186.163522012579,518.930817610063,702.767295597484
2019-05-07 03:00:00,258.301886792452,702.767295597484,998.301886792453,4016.5932869319686,186.163522012579,518.930817610063,702.767295597484
2019-05-07 04:00:00,258.301886792452,702.767295597484,998.301886792453,3345.1493267543947,186.163522012579,518.930817610063,702.767295597484
2019-05-07 05:00:00,258.301886792452,0.0,998.301886792453,2236.4711427447787,186.163522012579,518.930817610063,702.767295597484
2019-05-07 06:00:00,258.301886792452,702.767295597484,998.301886792453,3844.428626225574,186.163522012579,518.930817610063,702.767295597484
2019-05-07 07:00:00,258.301886792452,702.767295597484,998.301886792453,4032.76729559748,186.163522012579,518.930817610063,702.767295597484
2019-05-07 08:00:00,258.301886792452,702.767295597484,998.301886792453,4032.76729559748,186.163522012579,518.930817610063,702.767295597484
2019-05-07 09:00:00,258.301886792452,702.767295597484,998.301886792453,4032.76729559748,186.163522012579,518.930817610063,702.767295597484
2019-05-07 10:00:00,258.301886792452,702.767295597484,998.301886792453,4032.76729559748,186.163522012579,518.930817610063,702.767295597484
2019-05-07 11:00:00,258.301886792452,702.767295597484,998.301886792453,4032.76729559748,186.163522012579,518.930817610063,702.767295597484
2019-05-07 12:00:00,258.301886792452,702.767295597484,998.301886792453,4032.76729559748,186.163522012579,518.930817610063,702.767295597484
2019-05-07 13:00:00,258.301886792452,702.767295597484,998.301886792453,4032.76729559748,186.163522012579,518.930817610063,702.767295597484
2019-05-07 14:00:00,258.301886792452,702.767295597484,998.301886792453,4032.76729559748,186.163522012579,518.930817610063,702.767295597484
2019-05-07 15:00:00,258.301886792452,702.767295597484,998.301886792453,4032.76729559748,186.163522012579,518.930817610063,702.767295597484
2019-05-07 16:00:00,0.0,702.767295597484,0.0,4032.76729559748,0.0,0.0,0.0
2019-05-07 17:00:00,0.0,702.767295597484,0.0,386.4627430383116,0.0,0.0,0.0
2019-05-07 18:00:00,0.0,0.0,0.0,0.0,0.0,0.0,0.0
2019-05-07 19:00:00,0.0,0.0,0.0,0.0,0.0,0.0,0.0
2019-05-07 20:00:00,0.0,0.0,0.0,2067.8228514166185,0.0,0.0,0.0
2019-05-07 21:00:00,0.0,0.0,0.0,0.0,0.0,0.0,0.0
2019-05-07 22:00:00,0.0,0.0,0.0,0.0,0.0,0.0,0.0
2019-05-07 23:00:00,0.0,702.767295597484,0.0,0.0,0.0,0.0,0.0
2019-05-08 00:00:00,0.0,0.0,0.0,3038.075581200348,0.0,0.0,0.0
2019-05-08 01:00:00,0.0,457.5068222945947,0.0,0.0,0.0,0.0,0.0
2019-05-08 02:00:00,0.0,702.767295597484,0.0,0.0,0.0,0.0,0.0
2019-05-08 03:00:00,0.0,0.0,0.0,0.0,0.0,0.0,0.0
2019-05-08 04:00:00,0.0,0.0,0.0,4032.76729559748,0.0,0.0,0.0
2019-05-08 05:00:00,0.0,0.0,0.0,4032.76729559748,0.0,0.0,0.0
2019-05-08 06:00:00,0.0,0.0,0.0,2408.0851761182194,0.0,0.0,0.0
2019-05-08 07:00:00,258.301886792452,702.767295597484,998.301886792453,4032.76729559748,0.0,518.930817610063,702.767295597484
2019-05-08 08:00:00,258.301886792452,702.767295597484,998.301886792453,4032.76729559748,186.163522012579,518.930817610063,702.767295597484
2019-05-08 09:00:00,258.301886792452,702.767295597484,998.301886792453,4032.76729559748,186.163522012579,518.930817610063,702.767295597484
2019-05-08 10:00:00,258.301886792452,702.767295597484,998.301886792453,4032.76729559748,186.163522012579,518.930817610063,702.767295597484
2019-05-08 11:00:00,258.301886792452,702.767295597484,998.301886792453,4032.76729559748,186.163522012579,518.930817610063,702.767295597484
2019-05-08 12:00:00,258.301886792452,702.767295597484,998.301886792453,4032.76729559748,186.163522012579,518.930817610063,702.767295597484
2019-05-08 13:00:00,258.301886792452,702.767295597484,998.301886792453,3987.235878979639,186.163522012579,518.930817610063,702.767295597484
2019-05-08 14:00:00,258.301886792452,702.767295597484,998.301886792453,2239.2422304615693,186.163522012579,518.930817610063,702.767295597484
2019-05-08 15:00:00,258.301886792452,0.0,998.301886792453,2926.487529445145,186.163522012579,518.930817610063,702.767295597484
2019-05-08 16:00:00,258.301886792452,0.0,998.301886792453,0.0,186.163522012579,518.930817610063,702.767295597484
2019-05-08 17:00:00,258.301886792452,0.0,998.301886792453,1629.8840592234437,186.163522012579,0.0,332.35550289005823
2019-05-08 18:00:00,0.0,702.767295597484,616.529508264458,147.1018099876644,186.163522012579,0.0,702.767295597484
2019-05-08 19:00:00,258.301886792452,203.5874792521231,998.301886792453,0.0,186.163522012579,0.0,702.767295597484
2019-05-08 20:00:00,258.301886792452,0.0,998.301886792453,4032.76729559748,186.163522012579,518.930817610063,702.767295597484
2019-05-08 21:00:00,258.301886792452,702.767295597484,998.301886792453,4032.76729559748,186.163522012579,0.0,702.767295597484
2019-05-08 22:00:00,258.301886792452,702.767295597484,998.301886792453,4032.76729559748,186.163522012579,0.0,702.767295597484
2019-05-08 23:00:00,258.301886792452,702.767295597484,998.301886792453,4032.76729559748,0.0,0.0,702.767295597484
2019-05-09 00:00:00,258.301886792452,702.767295597484,998.301886792453,4032.76729559748,0.0,216.2847780168472,702.767295597484
2019-05-09 01:00:00,258.301886792452,702.767295597484,998.301886792453,4032.76729559748,136.0299935551118,298.49329241387113,702.767295597484
2019-05-09 02:00:00,258.301886792452,702.767295597484,998.301886792453,4032.76729559748,58.17689531340554,111.64401799903999,702.767295597484
2019-05-09 03:00:00,59.307547788263946,702.767295597484,998.301886792453,4032.76729559748,186.163522012579,0.0,0.0
2019-05-09 04:00:00,0.0,702.767295597484,0.0,4032.76729559748,186.163522012579,0.0,0.0
2019-05-09 05:00:00,0.0,0.0,0.0,3505.729267616309,186.163522012579,0.0,0.0
2019-05-09 06:00:00,258.301886792452,0.0,998.301886792453,3062.867134793637,186.163522012579,518.930817610063,702.767295597484
2019-05-09 07:00:00,258.301886792452,702.767295597484,998.301886792453,4032.76729559748,186.163522012579,518.930817610063,702.767295597484
2019-05-09 08:00:00,258.301886792452,702.767295597484,998.301886792453,4032.76729559748,186.163522012579,518.930817610063,702.767295597484
2019-05-09 09:00:00,258.301886792452,702.767295597484,998.301886792453,4032.76729559748,186.163522012579,518.930817610063,702.767295597484
2019-05-09 10:00:00,258.301886792452,702.767295597484,998.301886792453,4032.76729559748,186.163522012579,518.930817610063,702.767295597484
2019-05-09 11:00:00,258.301886792452,702.767295597484,998.301886792453,4032.76729559748,186.163522012579,518.930817610063,702.767295597484
2019-05-09 12:00:00,258.301886792452,702.767295597484,998.301886792453,4032.76729559748,186.163522012579,518.930817610063,702.767295597484
2019-05-09 13:00:00,258.301886792452,702.767295597484,998.301886792453,4032.76729559748,186.163522012579,518.930817610063,702.767295597484
2019-05-09 14:00:00,258.301886792452,702.767295597484,998.301886792453,4032.76729559748,186.163522012579,518.930817610063,702.767295597484
2019-05-09 15:00:00,258.301886792452,702.767295597484,998.301886792453,4032.76729559748,186.163522012579,518.930817610063,702.767295597484
2019-05-09 16:00:00,0.0,0.0,0.0,3448.7922273523745,186.163522012579,0.0,0.0
2019-05-09 17:00:00,0.0,0.0,0.0,0.0,70.2603757382859,0.0,0.0
2019-05-09 18:00:00,0.0,0.0,0.0,0.0,0.0,0.0,0.0
2019-05-09 19:00:00,0.0,0.0,0.0,0.0,0.0,0.0,0.0
2019-05-09 20:00:00,0.0,0.0,0.0,0.0,0.0,0.0,0.0
2019-05-09 21:00:00,0.0,0.0,0.0,0.0,0.0,0.0,0.0
2019-05-09 22:00:00,0.0,0.0,0.0,0.0,0.0,0.0,0.0
2019-05-09 23:00:00,0.0,0.0,0.0,0.0,0.0,0.0,0.0
2019-05-10 00:00:00,0.0,0.0,0.0,0.0,0.0,0.0,0.0
2019-05-10 01:00:00,0.0,0.0,0.0,0.0,0.0,0.0,0.0
2019-05-10 02:00:00,0.0,0.0,0.0,0.0,0.0,0.0,0.0
2019-05-10 03:00:00,0.0,0.0,0.0,0.0,0.0,0.0,0.0
2019-05-10 04:00:00,0.0,0.0,0.0,0.0,0.0,0.0,0.0
2019-05-10 05:00:00,0.0,0.0,0.0,1112.507337611361,0.0,0.0,0.0
2019-05-10 06:00:00,0.0,0.0,0.0,0.0,0.0,0.0,0.0
2019-05-10 07:00:00,258.301886792452,702.767295597484,998.301886792453,4032.76729559748,0.0,518.930817610063,702.767295597484
2019-05-10 08:00:00,258.301886792452,702.767295597484,998.301886792453,4032.76729559748,186.163522012579,518.930817610063,702.767295597484
2019-05-10 09:00:00,258.301886792452,702.767295597484,998.301886792453,4032.76729559748,186.163522012579,518.930817610063,702.767295597484
2019-05-10 10:00:00,258.301886792452,702.767295597484,998.301886792453,4032.76729559748,186.163522012579,518.930817610063,702.767295597484
2019-05-10 11:00:00,258.301886792452,702.767295597484,998.301886792453,4032.76729559748,186.163522012579,518.930817610063,702.767295597484
2019-05-10 12:00:00,258.301886792452,702.767295597484,998.301886792453,4032.76729559748,186.163522012579,518.930817610063,702.767295597484
2019-05-10 13:00:00,258.301886792452,702.767295597484,998.301886792453,4032.76729559748,186.163522012579,518.930817610063,702.767295597484
2019-05-10 14:00:00,258.301886792452,702.767295597484,998.301886792453,4032.76729559748,0.0,518.930817610063,702.767295597484
2019-05-10 15:00:00,258.301886792452,702.767295597484,998.301886792453,4032.76729559748,0.0,518.930817610063,702.767295597484
2019-05-10 16:00:00,0.0,0.0,0.0,19.844222139296107,0.0,0.0,0.0
2019-05-10 17:00:00,0.0,0.0,0.0,0.0,0.0,0.0,0.0
2019-05-10 18:00:00,0.0,0.0,0.0,0.0,0.0,0.0,0.0
2019-05-10 19:00:00,0.0,0.0,0.0,0.0,0.0,0.0,0.0
2019-05-10 20:00:00,0.0,0.0,0.0,0.0,0.0,0.0,0.0
2019-05-10 21:00:00,0.0,0.0,0.0,0.0,0.0,0.0,0.0
2019-05-10 22:00:00,0.0,0.0,0.0,0.0,0.0,0.0,0.0
2019-05-10 23:00:00,0.0,0.0,0.0,0.0,0.0,0.0,0.0
2019-05-11 00:00:00,0.0,0.0,0.0,0.0,0.0,0.0,0.0
2019-05-11 01:00:00,0.0,0.0,0.0,0.0,0.0,0.0,0.0
2019-05-11 02:00:00,0.0,0.0,0.0,0.0,0.0,0.0,0.0
2019-05-11 03:00:00,0.0,0.0,0.0,0.0,0.0,0.0,0.0
2019-05-11 04:00:00,0.0,0.0,0.0,0.0,0.0,0.0,0.0
2019-05-11 05:00:00,0.0,0.0,0.0,0.0,0.0,0.0,0.0
2019-05-11 06:00:00,0.0,0.0,0.0,3084.3106756877187,0.0,0.0,0.0
2019-05-11 07:00:00,258.301886792452,702.767295597484,998.301886792453,4032.76729559748,186.163522012579,518.930817610063,702.767295597484
2019-05-11 08:00:00,258.301886792452,702.767295597484,998.301886792453,4032.76729559748,186.163522012579,518.930817610063,702.767295597484
2019-05-11 09:00:00,258.301886792452,702.767295597484,998.301886792453,4032.76729559748,186.163522012579,518.930817610063,702.767295597484
2019-05-11 10:00:00,258.301886792452,702.767295597484,998.301886792453,4032.76729559748,186.163522012579,518.930817610063,702.767295597484
2019-05-11 11:00:00,258.301886792452,702.767295597484,998.301886792453,4032.76729559748,186.163522012579,518.930817610063,702.767295597484
2019-05-11 12:00:00,258.301886792452,702.767295597484,998.301886792453,4032.76729559748,186.163522012579,518.930817610063,702.767295597484
2019-05-11 13:00:00,258.301886792452,702.767295597484,998.301886792453,4032.76729559748,186.163522012579,518.930817610063,702.767295597484
2019-05-11 14:00:00,258.301886792452,702.767295597484,998.301886792453,4032.76729559748,186.163522012579,518.930817610063,702.767295597484
2019-05-11 15:00:00,258.301886792452,702.767295597484,998.301886792453,4032.76729559748,186.163522012579,518.930817610063,702.767295597484
2019-05-11 16:00:00,258.301886792452,702.767295597484,998.301886792453,4032.76729559748,186.163522012579,518.930817610063,702.767295597484
2019-05-11 17:00:00,258.301886792452,702.767295597484,998.301886792453,4032.76729559748,186.163522012579,518.930817610063,702.767295597484
2019-05-11 18:00:00,258.301886792452,702.767295597484,998.301886792453,4032.76729559748,186.163522012579,518.930817610063,702.767295597484
2019-05-11 19:00:00,258.301886792452,702.767295597484,998.301886792453,4032.76729559748,186.163522012579,518.930817610063,702.767295597484
2019-05-11 20:00:00,258.301886792452,702.767295597484,998.301886792453,4032.76729559748,186.163522012579,518.930817610063,702.767295597484
2019-05-11 21:00:00,258.301886792452,702.767295597484,998.301886792453,4032.76729559748,186.163522012579,518.930817610063,702.767295597484
2019-05-11 22:00:00,258.301886792452,702.767295597484,998.301886792453,4032.76729559748,186.163522012579,518.930817610063,702.767295597484
2019-05-11 23:00:00,258.301886792452,702.767295597484,998.301886792453,4032.76729559748,186.163522012579,518.930817610063,702.767295597484
2019-05-12 00:00:00,258.301886792452,702.767295597484,998.301886792453,4032.76729559748,186.163522012579,518.930817610063,702.767295597484
2019-05-12 01:00:00,258.301886792452,702.767295597484,998.301886792453,4032.76729559748,186.163522012579,518.930817610063,702.767295597484
2019-05-12 02:00:00,258.301886792452,702.767295597484,998.301886792453,4032.76729559748,186.163522012579,518.930817610063,702.767295597484
2019-05-12 03:00:00,258.301886792452,702.767295597484,998.301886792453,4032.76729559748,186.163522012579,518.930817610063,702.767295597484
2019-05-12 04:00:00,258.301886792452,702.767295597484,998.301886792453,4032.76729559748,186.163522012579,518.930817610063,702.767295597484
2019-05-12 05:00:00,258.301886792452,702.767295597484,998.301886792453,4032.76729559748,186.163522012579,518.930817610063,702.767295597484
2019-05-12 06:00:00,258.301886792452,702.767295597484,998.301886792453,4032.76729559748,186.163522012579,518.930817610063,702.767295597484
2019-05-12 07:00:00,258.301886792452,702.767295597484,998.301886792453,4032.76729559748,186.163522012579,518.930817610063,702.767295597484
2019-05-12 08:00:00,258.301886792452,702.767295597484,998.301886792453,4032.76729559748,186.163522012579,518.930817610063,702.767295597484
2019-05-12 09:00:00,258.301886792452,702.767295597484,998.301886792453,4032.76729559748,186.163522012579,518.930817610063,702.767295597484
2019-05-12 10:00:00,258.301886792452,702.767295597484,998.301886792453,4032.76729559748,186.163522012579,518.930817610063,702.767295597484
2019-05-12 11:00:00,258.301886792452,702.767295597484,998.301886792453,4032.76729559748,186.163522012579,518.930817610063,702.767295597484
2019-05-12 12:00:00,258.301886792452,702.767295597484,998.301886792453,4032.76729559748,186.163522012579,518.930817610063,702.767295597484
2019-05-12 13:00:00,258.301886792452,702.767295597484,998.301886792453,4032.76729559748,186.163522012579,518.930817610063,702.767295597484
2019-05-12 14:00:00,258.301886792452,702.767295597484,998.301886792453,4032.76729559748,186.163522012579,518.930817610063,702.767295597484
2019-05-12 15:00:00,258.301886792452,702.767295597484,998.301886792453,4032.76729559748,186.163522012579,518.930817610063,702.767295597484
2019-05-12 16:00:00,258.301886792452,702.767295597484,998.301886792453,4032.76729559748,186.163522012579,518.930817610063,702.767295597484
2019-05-12 17:00:00,258.301886792452,702.767295597484,998.301886792453,4032.76729559748,186.163522012579,518.930817610063,702.767295597484
2019-05-12 18:00:00,258.301886792452,702.767295597484,998.301886792453,4032.76729559748,186.163522012579,0.0,702.767295597484
2019-05-12 19:00:00,258.301886792452,702.767295597484,998.301886792453,4032.76729559748,186.163522012579,497.84809456003404,702.767295597484
2019-05-12 20:00:00,258.301886792452,702.767295597484,998.301886792453,4032.76729559748,186.163522012579,0.0,702.767295597484
2019-05-12 21:00:00,258.301886792452,702.767295597484,998.301886792453,4032.76729559748,186.163522012579,94.7702903100544,702.767295597484
2019-05-12 22:00:00,258.301886792452,702.767295597484,998.301886792453,4032.76729559748,186.163522012579,0.0,702.767295597484
2019-05-12 23:00:00,0.0,702.767295597484,840.1659332351833,4032.76729559748,186.163522012579,0.0,702.767295597484
2019-05-13 00:00:00,258.301886792452,702.767295597484,998.301886792453,4032.76729559748,186.163522012579,0.0,0.0
2019-05-13 01:00:00,0.0,702.767295597484,0.0,4032.76729559748,186.163522012579,0.0,0.0
2019-05-13 02:00:00,0.0,702.767295597484,0.0,4032.76729559748,186.163522012579,0.0,0.0
2019-05-13 03:00:00,0.0,702.767295597484,0.0,4032.76729559748,186.163522012579,0.0,0.0
2019-05-13 04:00:00,0.0,702.767295597484,0.0,4032.76729559748,186.163522012579,0.0,0.0
2019-05-13 05:00:00,0.0,702.767295597484,0.0,4032.76729559748,186.163522012579,0.0,0.0
2019-05-13 06:00:00,0.0,702.767295597484,0.0,4032.76729559748,186.163522012579,0.0,0.0
2019-05-13 07:00:00,258.301886792452,702.767295597484,998.301886792453,4032.76729559748,186.163522012579,518.930817610063,702.767295597484
2019-05-13 08:00:00,258.301886792452,702.767295597484,998.301886792453,4032.76729559748,186.163522012579,518.930817610063,702.767295597484
2019-05-13 09:00:00,258.301886792452,702.767295597484,998.301886792453,4032.76729559748,186.163522012579,518.930817610063,702.767295597484
2019-05-13 10:00:00,258.301886792452,702.767295597484,998.301886792453,4032.76729559748,186.163522012579,518.930817610063,702.767295597484
2019-05-13 11:00:00,258.301886792452,702.767295597484,998.301886792453,4032.76729559748,186.163522012579,518.930817610063,702.767295597484
2019-05-13 12:00:00,258.301886792452,702.767295597484,998.301886792453,4032.76729559748,186.163522012579,518.930817610063,702.767295597484
2019-05-13 13:00:00,258.301886792452,702.767295597484,998.301886792453,4032.76729559748,186.163522012579,518.930817610063,702.767295597484
2019-05-13 14:00:00,258.301886792452,702.767295597484,998.301886792453,3728.9030122380664,186.163522012579,518.930817610063,702.767295597484
2019-05-13 15:00:00,0.0,0.0,0.0,3411.623339243956,186.163522012579,0.0,0.0
2019-05-13 16:00:00,0.0,0.0,0.0,2014.8159843676171,186.163522012579,0.0,0.0
2019-05-13 17:00:00,0.0,0.0,0.0,0.0,0.0,0.0,0.0
2019-05-13 18:00:00,0.0,293.8660191829076,0.0,0.0,0.0,0.0,0.0
2019-05-13 19:00:00,0.0,201.73993042148322,0.0,4032.76729559748,0.0,0.0,0.0
2019-05-13 20:00:00,0.0,0.0,0.0,1655.2421069194297,0.0,0.0,0.0
2019-05-13 21:00:00,0.0,219.67493837073653,0.0,4032.76729559748,0.0,0.0,0.0
2019-05-13 22:00:00,0.0,702.767295597484,0.0,4032.76729559748,0.0,0.0,0.0
2019-05-13 23:00:00,0.0,702.767295597484,0.0,4032.76729559748,0.0,0.0,0.0
2019-05-14 00:00:00,0.0,702.767295597484,0.0,4032.76729559748,0.0,0.0,0.0
2019-05-14 01:00:00,0.0,702.767295597484,0.0,4032.76729559748,0.0,0.0,0.0
2019-05-14 02:00:00,0.0,702.767295597484,0.0,4032.76729559748,0.0,0.0,0.0
2019-05-14 03:00:00,0.0,702.767295597484,0.0,4032.76729559748,0.0,0.0,0.0
2019-05-14 04:00:00,0.0,702.767295597484,0.0,3956.5565051162616,0.0,0.0,0.0
2019-05-14 05:00:00,0.0,702.767295597484,0.0,4032.76729559748,0.0,0.0,0.0
2019-05-14 06:00:00,0.0,702.767295597484,0.0,4032.76729559748,0.0,0.0,0.0
2019-05-14 07:00:00,258.301886792452,702.767295597484,998.301886792453,4032.76729559748,186.163522012579,518.930817610063,702.767295597484
2019-05-14 08:00:00,258.301886792452,702.767295597484,998.301886792453,4032.76729559748,186.163522012579,518.930817610063,702.767295597484
2019-05-14 09:00:00,258.301886792452,702.767295597484,998.301886792453,4032.76729559748,186.163522012579,518.930817610063,702.767295597484
2019-05-14 10:00:00,258.301886792452,702.767295597484,998.301886792453,4032.76729559748,186.163522012579,518.930817610063,702.767295597484
2019-05-14 11:00:00,258.301886792452,702.767295597484,998.301886792453,4032.76729559748,186.163522012579,518.930817610063,702.767295597484
2019-05-14 12:00:00,258.301886792452,702.767295597484,998.301886792453,4032.76729559748,186.163522012579,518.930817610063,702.767295597484
2019-05-14 13:00:00,258.301886792452,702.767295597484,998.301886792453,4032.76729559748,186.163522012579,518.930817610063,702.767295597484
2019-05-14 14:00:00,258.301886792452,702.767295597484,998.301886792453,4032.76729559748,0.0,518.930817610063,702.767295597484
2019-05-14 15:00:00,258.301886792452,702.767295597484,998.301886792453,4032.76729559748,0.0,518.930817610063,702.767295597484
2019-05-14 16:00:00,0.0,702.767295597484,0.0,4032.76729559748,0.0,0.0,0.0
2019-05-14 17:00:00,0.0,702.767295597484,0.0,4032.76729559748,0.0,0.0,0.0
2019-05-14 18:00:00,0.0,702.767295597484,0.0,4032.76729559748,0.0,0.0,0.0
2019-05-14 19:00:00,0.0,702.767295597484,0.0,4032.76729559748,0.0,0.0,0.0
2019-05-14 20:00:00,0.0,702.767295597484,0.0,4032.76729559748,0.0,0.0,0.0
2019-05-14 21:00:00,0.0,702.767295597484,0.0,4032.76729559748,0.0,0.0,0.0
2019-05-14 22:00:00,0.0,702.767295597484,0.0,4032.76729559748,0.0,0.0,0.0
2019-05-14 23:00:00,0.0,702.767295597484,0.0,4032.76729559748,0.0,0.0,0.0
2019-05-15 00:00:00,0.0,702.767295597484,0.0,4032.76729559748,0.0,0.0,0.0
2019-05-15 01:00:00,0.0,702.767295597484,0.0,4032.76729559748,0.0,0.0,0.0
2019-05-15 02:00:00,0.0,702.767295597484,0.0,4032.76729559748,0.0,0.0,0.0
2019-05-15 03:00:00,0.0,702.767295597484,0.0,4032.76729559748,0.0,0.0,0.0
2019-05-15 04:00:00,0.0,702.767295597484,0.0,4032.76729559748,0.0,0.0,0.0
2019-05-15 05:00:00,0.0,702.767295597484,0.0,4032.76729559748,0.0,0.0,0.0
2019-05-15 06:00:00,0.0,702.767295597484,0.0,4032.76729559748,0.0,0.0,0.0
2019-05-15 07:00:00,258.301886792452,702.767295597484,998.301886792453,4032.76729559748,0.0,518.930817610063,702.767295597484
2019-05-15 08:00:00,258.301886792452,702.767295597484,998.301886792453,4032.76729559748,0.0,518.930817610063,702.767295597484
2019-05-15 09:00:00,258.301886792452,702.767295597484,998.301886792453,4032.76729559748,0.0,518.930817610063,702.767295597484
2019-05-15 10:00:00,258.301886792452,702.767295597484,998.301886792453,4032.76729559748,0.0,518.930817610063,702.767295597484
2019-05-15 11:00:00,258.301886792452,702.767295597484,998.301886792453,4032.76729559748,0.0,518.930817610063,702.767295597484
2019-05-15 12:00:00,258.301886792452,702.767295597484,998.301886792453,4032.76729559748,0.0,518.930817610063,702.767295597484
2019-05-15 13:00:00,258.301886792452,702.767295597484,998.301886792453,4032.76729559748,0.0,518.930817610063,702.767295597484
2019-05-15 14:00:00,258.301886792452,702.767295597484,998.301886792453,4032.76729559748,0.0,518.930817610063,702.767295597484
2019-05-15 15:00:00,0.0,702.767295597484,0.0,4032.76729559748,0.0,0.0,0.0
2019-05-15 16:00:00,0.0,702.767295597484,0.0,4032.76729559748,0.0,0.0,0.0
2019-05-15 17:00:00,0.0,702.767295597484,0.0,4032.76729559748,0.0,0.0,0.0
2019-05-15 18:00:00,0.0,702.767295597484,0.0,4032.76729559748,0.0,0.0,0.0
2019-05-15 19:00:00,0.0,702.767295597484,0.0,4032.76729559748,0.0,0.0,0.0
2019-05-15 20:00:00,0.0,702.767295597484,0.0,4032.76729559748,0.0,0.0,0.0
2019-05-15 21:00:00,0.0,702.767295597484,0.0,4032.76729559748,0.0,0.0,0.0
2019-05-15 22:00:00,0.0,702.767295597484,0.0,4032.76729559748,0.0,0.0,0.0
2019-05-15 23:00:00,0.0,682.1765741036957,0.0,4032.76729559748,0.0,0.0,0.0
2019-05-16 00:00:00,0.0,303.3030645840181,0.0,4032.76729559748,0.0,0.0,0.0
2019-05-16 01:00:00,0.0,702.767295597484,0.0,4032.76729559748,0.0,0.0,0.0
2019-05-16 02:00:00,0.0,702.767295597484,0.0,4032.76729559748,0.0,0.0,0.0
2019-05-16 03:00:00,0.0,702.767295597484,0.0,4032.76729559748,0.0,0.0,0.0
2019-05-16 04:00:00,0.0,702.767295597484,0.0,4032.76729559748,0.0,0.0,0.0
2019-05-16 05:00:00,0.0,702.767295597484,0.0,4032.76729559748,0.0,0.0,0.0
2019-05-16 06:00:00,0.0,0.0,0.0,4024.434499486803,0.0,0.0,0.0
2019-05-16 07:00:00,258.301886792452,702.767295597484,998.301886792453,4032.76729559748,0.0,518.930817610063,702.767295597484
2019-05-16 08:00:00,258.301886792452,702.767295597484,998.301886792453,4032.76729559748,0.0,518.930817610063,702.767295597484
2019-05-16 09:00:00,258.301886792452,702.767295597484,998.301886792453,4032.76729559748,186.163522012579,518.930817610063,702.767295597484
2019-05-16 10:00:00,258.301886792452,702.767295597484,998.301886792453,4032.76729559748,186.163522012579,518.930817610063,702.767295597484
2019-05-16 11:00:00,258.301886792452,702.767295597484,998.301886792453,4032.76729559748,186.163522012579,518.930817610063,702.767295597484
2019-05-16 12:00:00,258.301886792452,702.767295597484,998.301886792453,4032.76729559748,186.163522012579,518.930817610063,702.767295597484
2019-05-16 13:00:00,258.301886792452,702.767295597484,998.301886792453,4032.76729559748,0.0,518.930817610063,702.767295597484
2019-05-16 14:00:00,258.301886792452,702.767295597484,998.301886792453,4032.76729559748,0.0,518.930817610063,702.767295597484
2019-05-16 15:00:00,258.301886792452,702.767295597484,998.301886792453,4032.76729559748,0.0,518.930817610063,702.767295597484
2019-05-16 16:00:00,0.0,0.0,0.0,0.0,0.0,0.0,0.0
2019-05-16 17:00:00,0.0,0.0,0.0,0.0,0.0,0.0,0.0
2019-05-16 18:00:00,0.0,0.0,0.0,0.0,0.0,0.0,0.0
2019-05-16 19:00:00,0.0,0.0,0.0,0.0,0.0,0.0,0.0
2019-05-16 20:00:00,0.0,0.0,0.0,0.0,0.0,0.0,0.0
2019-05-16 21:00:00,0.0,0.0,0.0,0.0,0.0,0.0,0.0
2019-05-16 22:00:00,0.0,0.0,0.0,0.0,0.0,0.0,0.0
2019-05-16 23:00:00,0.0,0.0,0.0,0.0,0.0,0.0,0.0
2019-05-17 00:00:00,0.0,0.0,0.0,0.0,0.0,0.0,0.0
2019-05-17 01:00:00,0.0,0.0,0.0,0.0,0.0,0.0,0.0
2019-05-17 02:00:00,0.0,0.0,0.0,0.0,0.0,0.0,0.0
2019-05-17 03:00:00,0.0,0.0,0.0,0.0,0.0,0.0,0.0
2019-05-17 04:00:00,0.0,0.0,0.0,0.0,0.0,0.0,0.0
2019-05-17 05:00:00,0.0,0.0,0.0,0.0,0.0,0.0,0.0
2019-05-17 06:00:00,0.0,0.0,0.0,0.0,0.0,0.0,0.0
2019-05-17 07:00:00,258.301886792452,702.767295597484,998.301886792453,4032.76729559748,186.163522012579,518.930817610063,702.767295597484
2019-05-17 08:00:00,258.301886792452,702.767295597484,998.301886792453,4032.76729559748,186.163522012579,518.930817610063,702.767295597484
2019-05-17 09:00:00,258.301886792452,702.767295597484,998.301886792453,4032.76729559748,186.163522012579,518.930817610063,702.767295597484
2019-05-17 10:00:00,258.301886792452,702.767295597484,998.301886792453,4032.76729559748,186.163522012579,518.930817610063,702.767295597484
2019-05-17 11:00:00,258.301886792452,702.767295597484,998.301886792453,4032.76729559748,186.163522012579,518.930817610063,702.767295597484
2019-05-17 12:00:00,258.301886792452,702.767295597484,998.301886792453,4032.76729559748,186.163522012579,518.930817610063,702.767295597484
2019-05-17 13:00:00,258.301886792452,702.767295597484,998.301886792453,4032.76729559748,186.163522012579,518.930817610063,702.767295597484
2019-05-17 14:00:00,258.301886792452,702.767295597484,998.301886792453,4032.76729559748,186.163522012579,518.930817610063,702.767295597484
2019-05-17 15:00:00,258.301886792452,702.767295597484,998.301886792453,4032.76729559748,186.163522012579,518.930817610063,702.767295597484
2019-05-17 16:00:00,258.301886792452,702.767295597484,998.301886792453,3860.1324307599784,186.163522012579,518.930817610063,702.767295597484
2019-05-17 17:00:00,258.301886792452,0.0,161.5813597194665,764.4801449091356,186.163522012579,518.930817610063,0.0
2019-05-17 18:00:00,0.0,702.767295597484,0.0,3287.3073363095996,186.163522012579,518.930817610063,0.0
2019-05-17 19:00:00,217.2903260203106,702.767295597484,0.0,2209.1953677077563,186.163522012579,518.930817610063,0.0
2019-05-17 20:00:00,258.301886792452,702.767295597484,998.301886792453,4032.76729559748,186.163522012579,0.0,702.767295597484
2019-05-17 21:00:00,0.0,702.767295597484,696.6895302306748,2781.476893943692,186.163522012579,518.930817610063,702.767295597484
2019-05-17 22:00:00,0.0,702.767295597484,0.0,4032.76729559748,186.163522012579,0.0,0.0
2019-05-17 23:00:00,0.0,702.767295597484,0.0,4032.76729559748,186.163522012579,0.0,0.0
2019-05-18 00:00:00,0.0,702.767295597484,0.0,4032.76729559748,186.163522012579,0.0,0.0
2019-05-18 01:00:00,0.0,702.767295597484,0.0,4032.76729559748,186.163522012579,0.0,0.0
2019-05-18 02:00:00,0.0,702.767295597484,0.0,4032.76729559748,186.163522012579,0.0,0.0
2019-05-18 03:00:00,0.0,702.767295597484,0.0,4032.76729559748,186.163522012579,0.0,0.0
2019-05-18 04:00:00,0.0,702.767295597484,0.0,4032.76729559748,186.163522012579,0.0,0.0
2019-05-18 05:00:00,0.0,702.767295597484,0.0,4032.76729559748,186.163522012579,0.0,0.0
2019-05-18 06:00:00,0.0,702.767295597484,0.0,4032.76729559748,186.163522012579,0.0,0.0
2019-05-18 07:00:00,0.0,702.767295597484,998.301886792453,4032.76729559748,186.163522012579,0.0,108.240434981818
2019-05-18 08:00:00,258.301886792452,702.767295597484,998.301886792453,4032.76729559748,186.163522012579,518.930817610063,702.767295597484
2019-05-18 09:00:00,258.301886792452,702.767295597484,998.301886792453,4032.76729559748,186.163522012579,518.930817610063,702.767295597484
2019-05-18 10:00:00,258.301886792452,702.767295597484,998.301886792453,4032.76729559748,186.163522012579,518.930817610063,702.767295597484
2019-05-18 11:00:00,258.301886792452,702.767295597484,998.301886792453,4032.76729559748,186.163522012579,518.930817610063,702.767295597484
2019-05-18 12:00:00,258.301886792452,702.767295597484,998.301886792453,4032.76729559748,186.163522012579,518.930817610063,702.767295597484
2019-05-18 13:00:00,258.301886792452,702.767295597484,998.301886792453,4032.76729559748,186.163522012579,518.930817610063,702.767295597484
2019-05-18 14:00:00,258.301886792452,702.767295597484,998.301886792453,4032.76729559748,186.163522012579,518.930817610063,702.767295597484
2019-05-18 15:00:00,258.301886792452,702.767295597484,998.301886792453,4032.76729559748,186.163522012579,518.930817610063,702.767295597484
2019-05-18 16:00:00,258.301886792452,702.767295597484,998.301886792453,4032.76729559748,186.163522012579,518.930817610063,702.767295597484
2019-05-18 17:00:00,258.301886792452,702.767295597484,998.301886792453,4032.76729559748,186.163522012579,518.930817610063,702.767295597484
2019-05-18 18:00:00,258.301886792452,702.767295597484,998.301886792453,4032.76729559748,186.163522012579,518.930817610063,702.767295597484
2019-05-18 19:00:00,258.301886792452,702.767295597484,998.301886792453,4032.76729559748,186.163522012579,518.930817610063,702.767295597484
2019-05-18 20:00:00,258.301886792452,702.767295597484,998.301886792453,4032.76729559748,186.163522012579,518.930817610063,702.767295597484
2019-05-18 21:00:00,258.301886792452,702.767295597484,998.301886792453,4032.76729559748,186.163522012579,518.930817610063,702.767295597484
2019-05-18 22:00:00,258.301886792452,702.767295597484,998.301886792453,4032.76729559748,186.163522012579,0.0,702.767295597484
2019-05-18 23:00:00,258.301886792452,702.767295597484,998.301886792453,4032.76729559748,186.163522012579,0.0,702.767295597484
2019-05-19 00:00:00,0.0,702.767295597484,998.301886792453,4032.76729559748,186.163522012579,0.0,0.0
2019-05-19 01:00:00,0.0,702.767295597484,0.0,4032.76729559748,186.163522012579,0.0,0.0
2019-05-19 02:00:00,0.0,702.767295597484,0.0,4032.76729559748,186.163522012579,0.0,0.0
2019-05-19 03:00:00,0.0,702.767295597484,0.0,4032.76729559748,186.163522012579,0.0,0.0
2019-05-19 04:00:00,0.0,702.767295597484,0.0,4032.76729559748,186.163522012579,0.0,0.0
2019-05-19 05:00:00,0.0,702.767295597484,0.0,4032.76729559748,186.163522012579,0.0,0.0
2019-05-19 06:00:00,258.301886792452,702.767295597484,998.301886792453,4032.76729559748,186.163522012579,518.930817610063,702.767295597484
2019-05-19 07:00:00,258.301886792452,702.767295597484,998.301886792453,4032.76729559748,186.163522012579,518.930817610063,702.767295597484
2019-05-19 08:00:00,258.301886792452,702.767295597484,998.301886792453,4032.76729559748,186.163522012579,518.930817610063,702.767295597484
2019-05-19 09:00:00,258.301886792452,702.767295597484,998.301886792453,4032.76729559748,186.163522012579,518.930817610063,702.767295597484
2019-05-19 10:00:00,258.301886792452,702.767295597484,998.301886792453,4032.76729559748,186.163522012579,518.930817610063,702.767295597484
2019-05-19 11:00:00,258.301886792452,702.767295597484,998.301886792453,4032.76729559748,186.163522012579,518.930817610063,702.767295597484
2019-05-19 12:00:00,258.301886792452,702.767295597484,998.301886792453,4032.76729559748,186.163522012579,518.930817610063,702.767295597484
2019-05-19 13:00:00,258.301886792452,702.767295597484,998.301886792453,4032.76729559748,186.163522012579,518.930817610063,702.767295597484
2019-05-19 14:00:00,258.301886792452,702.767295597484,998.301886792453,4032.76729559748,186.163522012579,518.930817610063,702.767295597484
2019-05-19 15:00:00,258.301886792452,702.767295597484,998.301886792453,4032.76729559748,186.163522012579,518.930817610063,702.767295597484
2019-05-19 16:00:00,0.0,702.767295597484,0.0,4032.76729559748,186.163522012579,0.0,0.0
2019-05-19 17:00:00,0.0,702.767295597484,0.0,4032.76729559748,0.0,0.0,0.0
2019-05-19 18:00:00,0.0,702.767295597484,0.0,4032.76729559748,0.0,0.0,0.0
2019-05-19 19:00:00,0.0,702.767295597484,0.0,0.0,0.0,0.0,0.0
2019-05-19 20:00:00,0.0,0.0,0.0,2052.289654331596,0.0,0.0,0.0
2019-05-19 21:00:00,0.0,702.767295597484,0.0,0.0,0.0,0.0,0.0
2019-05-19 22:00:00,0.0,702.767295597484,0.0,4032.76729559748,0.0,0.0,0.0
2019-05-19 23:00:00,0.0,702.767295597484,0.0,4032.76729559748,0.0,0.0,0.0
2019-05-20 00:00:00,0.0,702.767295597484,0.0,4032.76729559748,0.0,0.0,0.0
2019-05-20 01:00:00,0.0,186.6511607190131,0.0,4032.76729559748,0.0,0.0,0.0
2019-05-20 02:00:00,0.0,702.767295597484,0.0,0.0,0.0,0.0,0.0
2019-05-20 03:00:00,0.0,702.767295597484,0.0,3311.4470746593347,0.0,0.0,0.0
2019-05-20 04:00:00,0.0,0.0,0.0,4032.76729559748,0.0,0.0,0.0
2019-05-20 05:00:00,0.0,0.0,0.0,0.0,0.0,0.0,0.0
2019-05-20 06:00:00,0.0,0.0,0.0,629.9925457530444,186.163522012579,0.0,0.0
2019-05-20 07:00:00,258.301886792452,702.767295597484,998.301886792453,4032.76729559748,186.163522012579,0.0,103.37098358000912
2019-05-20 08:00:00,258.301886792452,702.767295597484,998.301886792453,4032.76729559748,186.163522012579,518.930817610063,702.767295597484
2019-05-20 09:00:00,258.301886792452,702.767295597484,998.301886792453,4032.76729559748,186.163522012579,518.930817610063,702.767295597484
2019-05-20 10:00:00,258.301886792452,702.767295597484,998.301886792453,4032.76729559748,186.163522012579,518.930817610063,702.767295597484
2019-05-20 11:00:00,258.301886792452,702.767295597484,998.301886792453,4032.76729559748,186.163522012579,518.930817610063,702.767295597484
2019-05-20 12:00:00,258.301886792452,702.767295597484,998.301886792453,4032.76729559748,186.163522012579,518.930817610063,702.767295597484
2019-05-20 13:00:00,258.301886792452,702.767295597484,998.301886792453,4032.76729559748,186.163522012579,518.930817610063,702.767295597484
2019-05-20 14:00:00,258.301886792452,702.767295597484,998.301886792453,4032.76729559748,186.163522012579,518.930817610063,702.767295597484
2019-05-20 15:00:00,258.301886792452,702.767295597484,998.301886792453,3376.9436714996336,186.163522012579,518.930817610063,702.767295597484
2019-05-20 16:00:00,0.0,0.0,0.0,566.5164269462695,186.163522012579,0.0,0.0
2019-05-20 17:00:00,0.0,0.0,0.0,0.0,186.163522012579,0.0,0.0
2019-05-20 18:00:00,0.0,0.0,0.0,0.0,186.163522012579,0.0,0.0
2019-05-20 19:00:00,0.0,0.0,0.0,0.0,186.163522012579,0.0,0.0
2019-05-20 20:00:00,0.0,0.0,0.0,0.0,186.163522012579,0.0,0.0
2019-05-20 21:00:00,0.0,166.2852981792489,0.0,0.0,186.163522012579,0.0,0.0
2019-05-20 22:00:00,0.0,702.767295597484,0.0,0.0,186.163522012579,0.0,0.0
2019-05-20 23:00:00,0.0,0.0,0.0,1118.429164861528,186.163522012579,0.0,0.0
2019-05-21 00:00:00,0.0,0.0,0.0,4032.76729559748,186.163522012579,0.0,0.0
2019-05-21 01:00:00,0.0,0.0,0.0,1634.4293802957664,186.163522012579,0.0,0.0
2019-05-21 02:00:00,0.0,702.767295597484,0.0,0.0,186.163522012579,0.0,0.0
2019-05-21 03:00:00,0.0,0.0,0.0,663.0984571877752,186.163522012579,0.0,0.0
2019-05-21 04:00:00,0.0,0.0,0.0,0.0,186.163522012579,0.0,0.0
2019-05-21 05:00:00,0.0,0.0,0.0,0.0,186.163522012579,0.0,0.0
2019-05-21 06:00:00,0.0,0.0,0.0,0.0,186.163522012579,0.0,0.0
2019-05-21 07:00:00,258.301886792452,702.767295597484,998.301886792453,4032.76729559748,186.163522012579,518.930817610063,702.767295597484
2019-05-21 08:00:00,258.301886792452,702.767295597484,998.301886792453,4032.76729559748,186.163522012579,518.930817610063,702.767295597484
2019-05-21 09:00:00,258.301886792452,702.767295597484,998.301886792453,4032.76729559748,186.163522012579,518.930817610063,702.767295597484
2019-05-21 10:00:00,258.301886792452,702.767295597484,998.301886792453,4032.76729559748,186.163522012579,518.930817610063,702.767295597484
2019-05-21 11:00:00,258.301886792452,702.767295597484,998.301886792453,4032.76729559748,186.163522012579,518.930817610063,702.767295597484
2019-05-21 12:00:00,258.301886792452,702.767295597484,998.301886792453,4032.76729559748,186.163522012579,518.930817610063,702.767295597484
2019-05-21 13:00:00,258.301886792452,702.767295597484,998.301886792453,4032.76729559748,186.163522012579,518.930817610063,702.767295597484
2019-05-21 14:00:00,258.301886792452,702.767295597484,998.301886792453,4032.76729559748,186.163522012579,518.930817610063,702.767295597484
2019-05-21 15:00:00,258.301886792452,702.767295597484,998.301886792453,4032.76729559748,186.163522012579,518.930817610063,702.767295597484
2019-05-21 16:00:00,0.0,0.0,0.0,0.0,186.163522012579,0.0,0.0
2019-05-21 17:00:00,0.0,0.0,0.0,0.0,0.0,0.0,0.0
2019-05-21 18:00:00,0.0,0.0,0.0,0.0,0.0,0.0,0.0
2019-05-21 19:00:00,0.0,0.0,0.0,0.0,0.0,0.0,0.0
2019-05-21 20:00:00,0.0,0.0,0.0,0.0,0.0,0.0,0.0
2019-05-21 21:00:00,0.0,0.0,0.0,0.0,0.0,0.0,0.0
2019-05-21 22:00:00,0.0,0.0,0.0,0.0,0.0,0.0,0.0
2019-05-21 23:00:00,0.0,0.0,0.0,0.0,0.0,0.0,0.0
2019-05-22 00:00:00,0.0,0.0,0.0,0.0,0.0,0.0,0.0
2019-05-22 01:00:00,0.0,0.0,0.0,0.0,0.0,0.0,0.0
2019-05-22 02:00:00,0.0,0.0,0.0,0.0,0.0,0.0,0.0
2019-05-22 03:00:00,0.0,0.0,0.0,0.0,0.0,0.0,0.0
2019-05-22 04:00:00,0.0,0.0,0.0,334.0496768142284,0.0,0.0,0.0
2019-05-22 05:00:00,0.0,0.0,0.0,0.0,0.0,0.0,0.0
2019-05-22 06:00:00,0.0,0.0,0.0,2905.8867216992976,0.0,0.0,0.0
2019-05-22 07:00:00,258.301886792452,702.767295597484,998.301886792453,4032.76729559748,0.0,518.930817610063,702.767295597484
2019-05-22 08:00:00,258.301886792452,702.767295597484,998.301886792453,4032.76729559748,186.163522012579,518.930817610063,702.767295597484
2019-05-22 09:00:00,258.301886792452,702.767295597484,998.301886792453,4032.76729559748,186.163522012579,518.930817610063,702.767295597484
2019-05-22 10:00:00,258.301886792452,702.767295597484,998.301886792453,4032.76729559748,186.163522012579,518.930817610063,702.767295597484
2019-05-22 11:00:00,258.301886792452,702.767295597484,998.301886792453,4032.76729559748,186.163522012579,518.930817610063,702.767295597484
2019-05-22 12:00:00,258.301886792452,702.767295597484,998.301886792453,4032.76729559748,186.163522012579,518.930817610063,702.767295597484
2019-05-22 13:00:00,258.301886792452,702.767295597484,998.301886792453,4032.76729559748,186.163522012579,518.930817610063,702.767295597484
2019-05-22 14:00:00,258.301886792452,702.767295597484,998.301886792453,4032.76729559748,186.163522012579,518.930817610063,702.767295597484
2019-05-22 15:00:00,258.301886792452,702.767295597484,998.301886792453,4032.76729559748,0.0,244.9281671993076,702.767295597484
2019-05-22 16:00:00,0.0,0.0,0.0,0.0,0.0,0.0,0.0
2019-05-22 17:00:00,0.0,0.0,0.0,0.0,0.0,0.0,0.0
2019-05-22 18:00:00,0.0,0.0,0.0,0.0,0.0,0.0,0.0
2019-05-22 19:00:00,0.0,0.0,0.0,0.0,0.0,0.0,0.0
2019-05-22 20:00:00,0.0,0.0,0.0,0.0,0.0,0.0,0.0
2019-05-22 21:00:00,0.0,0.0,0.0,0.0,0.0,0.0,0.0
2019-05-22 22:00:00,0.0,0.0,0.0,0.0,0.0,0.0,0.0
2019-05-22 23:00:00,0.0,0.0,0.0,0.0,0.0,0.0,0.0
2019-05-23 00:00:00,0.0,0.0,0.0,0.0,0.0,0.0,0.0
2019-05-23 01:00:00,0.0,0.0,0.0,0.0,0.0,0.0,0.0
2019-05-23 02:00:00,0.0,0.0,0.0,0.0,0.0,0.0,0.0
2019-05-23 03:00:00,0.0,0.0,0.0,0.0,0.0,0.0,0.0
2019-05-23 04:00:00,0.0,0.0,0.0,0.0,0.0,0.0,0.0
2019-05-23 05:00:00,0.0,0.0,0.0,0.0,0.0,0.0,0.0
2019-05-23 06:00:00,0.0,0.0,0.0,0.0,0.0,0.0,0.0
2019-05-23 07:00:00,258.301886792452,702.767295597484,998.301886792453,4032.76729559748,0.0,518.930817610063,702.767295597484
2019-05-23 08:00:00,258.301886792452,702.767295597484,998.301886792453,4032.76729559748,186.163522012579,518.930817610063,702.767295597484
2019-05-23 09:00:00,258.301886792452,702.767295597484,998.301886792453,4032.76729559748,186.163522012579,518.930817610063,702.767295597484
2019-05-23 10:00:00,258.301886792452,702.767295597484,998.301886792453,4032.76729559748,186.163522012579,518.930817610063,702.767295597484
2019-05-23 11:00:00,258.301886792452,702.767295597484,998.301886792453,4032.76729559748,186.163522012579,518.930817610063,702.767295597484
2019-05-23 12:00:00,258.301886792452,702.767295597484,998.301886792453,4032.76729559748,186.163522012579,518.930817610063,702.767295597484
2019-05-23 13:00:00,258.301886792452,702.767295597484,998.301886792453,4032.76729559748,186.163522012579,518.930817610063,702.767295597484
2019-05-23 14:00:00,258.301886792452,702.767295597484,998.301886792453,4032.76729559748,0.0,518.930817610063,702.767295597484
2019-05-23 15:00:00,258.301886792452,702.767295597484,998.301886792453,4032.76729559748,0.0,518.930817610063,702.767295597484
2019-05-23 16:00:00,0.0,0.0,0.0,0.0,0.0,0.0,0.0
2019-05-23 17:00:00,0.0,0.0,0.0,0.0,0.0,0.0,0.0
2019-05-23 18:00:00,0.0,0.0,0.0,0.0,0.0,0.0,0.0
2019-05-23 19:00:00,0.0,0.0,0.0,0.0,0.0,0.0,0.0
2019-05-23 20:00:00,0.0,0.0,0.0,0.0,0.0,0.0,0.0
2019-05-23 21:00:00,0.0,0.0,0.0,0.0,0.0,0.0,0.0
2019-05-23 22:00:00,0.0,0.0,0.0,0.0,0.0,0.0,0.0
2019-05-23 23:00:00,0.0,0.0,0.0,0.0,0.0,0.0,0.0
2019-05-24 00:00:00,0.0,0.0,0.0,0.0,0.0,0.0,0.0
2019-05-24 01:00:00,0.0,0.0,0.0,0.0,0.0,0.0,0.0
2019-05-24 02:00:00,0.0,0.0,0.0,0.0,0.0,0.0,0.0
2019-05-24 03:00:00,0.0,0.0,0.0,0.0,0.0,0.0,0.0
2019-05-24 04:00:00,0.0,0.0,0.0,0.0,0.0,0.0,0.0
2019-05-24 05:00:00,0.0,0.0,0.0,0.0,0.0,0.0,0.0
2019-05-24 06:00:00,0.0,0.0,0.0,0.0,0.0,0.0,0.0
2019-05-24 07:00:00,258.301886792452,702.767295597484,998.301886792453,4032.76729559748,0.0,518.930817610063,702.767295597484
2019-05-24 08:00:00,258.301886792452,702.767295597484,998.301886792453,4032.76729559748,186.163522012579,518.930817610063,702.767295597484
2019-05-24 09:00:00,258.301886792452,702.767295597484,998.301886792453,4032.76729559748,186.163522012579,518.930817610063,702.767295597484
2019-05-24 10:00:00,258.301886792452,702.767295597484,998.301886792453,4032.76729559748,186.163522012579,518.930817610063,702.767295597484
2019-05-24 11:00:00,258.301886792452,702.767295597484,998.301886792453,4032.76729559748,186.163522012579,518.930817610063,702.767295597484
2019-05-24 12:00:00,258.301886792452,702.767295597484,998.301886792453,4032.76729559748,186.163522012579,518.930817610063,702.767295597484
2019-05-24 13:00:00,258.301886792452,702.767295597484,998.301886792453,4032.76729559748,186.163522012579,518.930817610063,702.767295597484
2019-05-24 14:00:00,258.301886792452,702.767295597484,998.301886792453,4032.76729559748,0.0,518.930817610063,702.767295597484
2019-05-24 15:00:00,258.301886792452,702.767295597484,998.301886792453,4032.76729559748,0.0,0.0,702.767295597484
2019-05-24 16:00:00,0.0,0.0,0.0,0.0,0.0,0.0,0.0
2019-05-24 17:00:00,0.0,0.0,0.0,0.0,0.0,0.0,0.0
2019-05-24 18:00:00,0.0,0.0,0.0,0.0,0.0,0.0,0.0
2019-05-24 19:00:00,0.0,0.0,0.0,0.0,0.0,0.0,0.0
2019-05-24 20:00:00,0.0,0.0,0.0,0.0,0.0,0.0,0.0
2019-05-24 21:00:00,0.0,0.0,0.0,0.0,0.0,0.0,0.0
2019-05-24 22:00:00,0.0,0.0,0.0,0.0,0.0,0.0,0.0
2019-05-24 23:00:00,0.0,0.0,0.0,0.0,0.0,0.0,0.0
2019-05-25 00:00:00,0.0,0.0,0.0,0.0,0.0,0.0,0.0
2019-05-25 01:00:00,0.0,0.0,0.0,0.0,0.0,0.0,0.0
2019-05-25 02:00:00,0.0,0.0,0.0,0.0,0.0,0.0,0.0
2019-05-25 03:00:00,0.0,0.0,0.0,0.0,0.0,0.0,0.0
2019-05-25 04:00:00,0.0,0.0,0.0,0.0,0.0,0.0,0.0
2019-05-25 05:00:00,0.0,0.0,0.0,0.0,0.0,0.0,0.0
2019-05-25 06:00:00,0.0,702.767295597484,998.301886792453,4032.76729559748,0.0,0.0,702.767295597484
2019-05-25 07:00:00,258.301886792452,702.767295597484,998.301886792453,4032.76729559748,0.0,518.930817610063,702.767295597484
2019-05-25 08:00:00,258.301886792452,702.767295597484,998.301886792453,4032.76729559748,186.163522012579,518.930817610063,702.767295597484
2019-05-25 09:00:00,258.301886792452,702.767295597484,998.301886792453,4032.76729559748,186.163522012579,518.930817610063,702.767295597484
2019-05-25 10:00:00,258.301886792452,702.767295597484,998.301886792453,4032.76729559748,186.163522012579,518.930817610063,702.767295597484
2019-05-25 11:00:00,258.301886792452,702.767295597484,998.301886792453,4032.76729559748,186.163522012579,518.930817610063,702.767295597484
2019-05-25 12:00:00,258.301886792452,702.767295597484,998.301886792453,4032.76729559748,186.163522012579,518.930817610063,702.767295597484
2019-05-25 13:00:00,258.301886792452,702.767295597484,998.301886792453,4032.76729559748,186.163522012579,518.930817610063,702.767295597484
2019-05-25 14:00:00,258.301886792452,702.767295597484,998.301886792453,4032.76729559748,0.0,518.930817610063,702.767295597484
2019-05-25 15:00:00,258.301886792452,702.767295597484,998.301886792453,4032.76729559748,0.0,518.930817610063,702.767295597484
2019-05-25 16:00:00,0.0,702.767295597484,998.301886792453,4032.76729559748,0.0,518.930817610063,702.767295597484
2019-05-25 17:00:00,258.301886792452,702.767295597484,998.301886792453,4032.76729559748,0.0,518.930817610063,702.767295597484
2019-05-25 18:00:00,0.0,702.767295597484,998.301886792453,4032.76729559748,0.0,518.930817610063,330.0672621542326
2019-05-25 19:00:00,258.301886792452,702.767295597484,998.301886792453,4032.76729559748,0.0,518.930817610063,702.767295597484
2019-05-25 20:00:00,0.0,702.767295597484,998.301886792453,4032.76729559748,0.0,518.930817610063,702.767295597484
2019-05-25 21:00:00,0.0,702.767295597484,998.301886792453,4032.76729559748,0.0,518.930817610063,702.767295597484
2019-05-25 22:00:00,0.0,702.767295597484,998.301886792453,4032.76729559748,0.0,518.930817610063,702.767295597484
2019-05-25 23:00:00,0.0,702.767295597484,998.301886792453,4032.76729559748,0.0,0.0,702.767295597484
2019-05-26 00:00:00,0.0,702.767295597484,0.0,4032.76729559748,0.0,261.00382150406347,0.0
2019-05-26 01:00:00,0.0,702.767295597484,0.0,4032.76729559748,0.0,0.0,0.0
2019-05-26 02:00:00,0.0,702.767295597484,0.0,4032.76729559748,0.0,0.0,0.0
2019-05-26 03:00:00,0.0,702.767295597484,0.0,4032.76729559748,0.0,0.0,0.0
2019-05-26 04:00:00,0.0,702.767295597484,0.0,4032.76729559748,0.0,0.0,0.0
2019-05-26 05:00:00,0.0,702.767295597484,0.0,4032.76729559748,0.0,0.0,0.0
2019-05-26 06:00:00,258.301886792452,702.767295597484,998.301886792453,4032.76729559748,0.0,122.26010388867155,702.767295597484
2019-05-26 07:00:00,258.301886792452,702.767295597484,998.301886792453,4032.76729559748,186.163522012579,518.930817610063,702.767295597484
2019-05-26 08:00:00,258.301886792452,702.767295597484,998.301886792453,4032.76729559748,186.163522012579,518.930817610063,702.767295597484
2019-05-26 09:00:00,258.301886792452,702.767295597484,998.301886792453,4032.76729559748,186.163522012579,518.930817610063,702.767295597484
2019-05-26 10:00:00,258.301886792452,702.767295597484,998.301886792453,4032.76729559748,186.163522012579,518.930817610063,702.767295597484
2019-05-26 11:00:00,258.301886792452,702.767295597484,998.301886792453,4032.76729559748,186.163522012579,518.930817610063,702.767295597484
2019-05-26 12:00:00,258.301886792452,702.767295597484,998.301886792453,4032.76729559748,186.163522012579,518.930817610063,702.767295597484
2019-05-26 13:00:00,258.301886792452,702.767295597484,998.301886792453,4032.76729559748,186.163522012579,518.930817610063,702.767295597484
2019-05-26 14:00:00,258.301886792452,702.767295597484,998.301886792453,4032.76729559748,186.163522012579,518.930817610063,702.767295597484
2019-05-26 15:00:00,258.301886792452,702.767295597484,998.301886792453,4032.76729559748,186.163522012579,518.930817610063,702.767295597484
2019-05-26 16:00:00,258.301886792452,702.767295597484,998.301886792453,4032.76729559748,186.163522012579,518.930817610063,702.767295597484
2019-05-26 17:00:00,258.301886792452,702.767295597484,998.301886792453,4032.76729559748,186.163522012579,518.930817610063,702.767295597484
2019-05-26 18:00:00,258.301886792452,702.767295597484,998.301886792453,4032.76729559748,186.163522012579,518.930817610063,702.767295597484
2019-05-26 19:00:00,258.301886792452,702.767295597484,998.301886792453,4032.76729559748,186.163522012579,518.930817610063,702.767295597484
2019-05-26 20:00:00,258.301886792452,702.767295597484,998.301886792453,4032.76729559748,186.163522012579,518.930817610063,702.767295597484
2019-05-26 21:00:00,258.301886792452,702.767295597484,998.301886792453,4032.76729559748,186.163522012579,518.930817610063,702.767295597484
2019-05-26 22:00:00,258.301886792452,702.767295597484,998.301886792453,4032.76729559748,186.163522012579,518.930817610063,702.767295597484
2019-05-26 23:00:00,258.301886792452,702.767295597484,998.301886792453,4032.76729559748,186.163522012579,518.930817610063,702.767295597484
2019-05-27 00:00:00,258.301886792452,702.767295597484,998.301886792453,4032.76729559748,186.163522012579,518.930817610063,702.767295597484
2019-05-27 01:00:00,258.301886792452,702.767295597484,998.301886792453,4032.76729559748,186.163522012579,518.930817610063,702.767295597484
2019-05-27 02:00:00,258.301886792452,702.767295597484,998.301886792453,4032.76729559748,186.163522012579,518.930817610063,702.767295597484
2019-05-27 03:00:00,258.301886792452,702.767295597484,998.301886792453,4032.76729559748,186.163522012579,518.930817610063,702.767295597484
2019-05-27 04:00:00,258.301886792452,702.767295597484,998.301886792453,4032.76729559748,186.163522012579,518.930817610063,702.767295597484
2019-05-27 05:00:00,258.301886792452,0.0,998.301886792453,4032.76729559748,186.163522012579,518.930817610063,702.767295597484
2019-05-27 06:00:00,258.301886792452,702.767295597484,998.301886792453,1196.3417467743138,186.163522012579,518.930817610063,702.767295597484
2019-05-27 07:00:00,258.301886792452,702.767295597484,998.301886792453,243.14740098374796,186.163522012579,518.930817610063,702.767295597484
2019-05-27 08:00:00,258.301886792452,702.767295597484,998.301886792453,3057.7151977514377,186.163522012579,518.930817610063,702.767295597484
2019-05-27 09:00:00,258.301886792452,169.05707734119096,998.301886792453,4032.76729559748,186.163522012579,518.930817610063,702.767295597484
2019-05-27 10:00:00,258.301886792452,702.767295597484,998.301886792453,4032.76729559748,186.163522012579,518.930817610063,702.767295597484
2019-05-27 11:00:00,258.301886792452,702.767295597484,998.301886792453,4032.76729559748,186.163522012579,518.930817610063,702.767295597484
2019-05-27 12:00:00,258.301886792452,468.3449424736246,998.301886792453,2724.5487165273325,186.163522012579,518.930817610063,702.767295597484
2019-05-27 13:00:00,258.301886792452,702.767295597484,998.301886792453,1554.5107975447327,186.163522012579,518.930817610063,702.767295597484
2019-05-27 14:00:00,258.301886792452,0.0,998.301886792453,3760.783362424891,186.163522012579,518.930817610063,702.767295597484
2019-05-27 15:00:00,258.301886792452,702.767295597484,998.301886792453,626.5277325513239,186.163522012579,518.930817610063,702.767295597484
2019-05-27 16:00:00,258.301886792452,702.767295597484,998.301886792453,4032.76729559748,186.163522012579,518.930817610063,702.767295597484
2019-05-27 17:00:00,258.301886792452,702.767295597484,998.301886792453,3983.023645356235,186.163522012579,0.0,702.767295597484
2019-05-27 18:00:00,258.301886792452,702.767295597484,998.301886792453,219.79002319069036,186.163522012579,0.0,702.767295597484
2019-05-27 19:00:00,258.301886792452,702.767295597484,998.301886792453,406.77594602833466,186.163522012579,518.930817610063,702.767295597484
2019-05-27 20:00:00,258.301886792452,702.767295597484,998.301886792453,4032.76729559748,186.163522012579,0.0,702.767295597484
2019-05-27 21:00:00,258.301886792452,702.767295597484,998.301886792453,4032.76729559748,186.163522012579,0.0,702.767295597484
2019-05-27 22:00:00,258.301886792452,702.767295597484,998.301886792453,4032.76729559748,155.28703138668448,0.0,702.767295597484
2019-05-27 23:00:00,258.301886792452,702.767295597484,998.301886792453,4032.76729559748,186.163522012579,518.930817610063,702.767295597484
2019-05-28 00:00:00,258.301886792452,702.767295597484,998.301886792453,4032.76729559748,186.163522012579,0.0,617.4877159658781
2019-05-28 01:00:00,0.0,702.767295597484,998.301886792453,4032.76729559748,0.0,0.0,702.767295597484
2019-05-28 02:00:00,0.0,702.767295597484,0.0,4032.76729559748,0.0,0.0,0.0
2019-05-28 03:00:00,0.0,702.767295597484,0.0,4032.76729559748,0.0,0.0,0.0
2019-05-28 04:00:00,0.0,702.767295597484,0.0,4032.76729559748,0.0,0.0,0.0
2019-05-28 05:00:00,0.0,702.767295597484,0.0,4032.76729559748,18.30630124168374,0.0,0.0
2019-05-28 06:00:00,0.0,508.4969743568886,0.0,4032.76729559748,186.163522012579,0.0,0.0
2019-05-28 07:00:00,258.301886792452,702.767295597484,998.301886792453,4032.76729559748,186.163522012579,518.930817610063,702.767295597484
2019-05-28 08:00:00,258.301886792452,702.767295597484,998.301886792453,4032.76729559748,186.163522012579,518.930817610063,702.767295597484
2019-05-28 09:00:00,258.301886792452,702.767295597484,998.301886792453,4032.76729559748,186.163522012579,518.930817610063,702.767295597484
2019-05-28 10:00:00,258.301886792452,702.767295597484,998.301886792453,4032.76729559748,186.163522012579,518.930817610063,702.767295597484
2019-05-28 11:00:00,258.301886792452,702.767295597484,998.301886792453,4032.76729559748,186.163522012579,518.930817610063,702.767295597484
2019-05-28 12:00:00,258.301886792452,702.767295597484,998.301886792453,4032.76729559748,186.163522012579,518.930817610063,702.767295597484
2019-05-28 13:00:00,258.301886792452,702.767295597484,998.301886792453,4032.76729559748,186.163522012579,518.930817610063,702.767295597484
2019-05-28 14:00:00,258.301886792452,702.767295597484,998.301886792453,4032.76729559748,186.163522012579,518.930817610063,702.767295597484
2019-05-28 15:00:00,258.301886792452,702.767295597484,998.301886792453,4032.76729559748,186.163522012579,518.930817610063,702.767295597484
2019-05-28 16:00:00,0.0,702.767295597484,0.0,4032.76729559748,186.163522012579,0.0,0.0
2019-05-28 17:00:00,0.0,702.767295597484,0.0,1590.9534171368925,186.163522012579,0.0,0.0
2019-05-28 18:00:00,0.0,585.0484258522038,0.0,4032.76729559748,186.163522012579,0.0,0.0
2019-05-28 19:00:00,0.0,702.767295597484,0.0,4032.76729559748,186.163522012579,0.0,0.0
2019-05-28 20:00:00,0.0,702.767295597484,0.0,4013.7186583992375,186.163522012579,0.0,0.0
2019-05-28 21:00:00,0.0,702.767295597484,0.0,4032.76729559748,186.163522012579,0.0,0.0
2019-05-28 22:00:00,0.0,702.767295597484,0.0,4032.76729559748,186.163522012579,0.0,0.0
2019-05-28 23:00:00,0.0,702.767295597484,0.0,4032.76729559748,186.163522012579,0.0,0.0
2019-05-29 00:00:00,0.0,702.767295597484,0.0,4032.76729559748,186.163522012579,0.0,0.0
2019-05-29 01:00:00,0.0,702.767295597484,0.0,4032.76729559748,186.163522012579,0.0,0.0
2019-05-29 02:00:00,0.0,702.767295597484,0.0,4032.76729559748,186.163522012579,0.0,0.0
2019-05-29 03:00:00,0.0,702.767295597484,0.0,4032.76729559748,186.163522012579,0.0,0.0
2019-05-29 04:00:00,0.0,702.767295597484,0.0,4032.76729559748,186.163522012579,0.0,0.0
2019-05-29 05:00:00,0.0,702.767295597484,0.0,4032.76729559748,186.163522012579,0.0,0.0
2019-05-29 06:00:00,0.0,702.767295597484,0.0,4032.76729559748,186.163522012579,0.0,0.0
2019-05-29 07:00:00,258.301886792452,702.767295597484,998.301886792453,4032.76729559748,186.163522012579,518.930817610063,702.767295597484
2019-05-29 08:00:00,258.301886792452,702.767295597484,998.301886792453,4032.76729559748,186.163522012579,518.930817610063,702.767295597484
2019-05-29 09:00:00,258.301886792452,702.767295597484,998.301886792453,4032.76729559748,186.163522012579,518.930817610063,702.767295597484
2019-05-29 10:00:00,258.301886792452,702.767295597484,998.301886792453,4032.76729559748,186.163522012579,518.930817610063,702.767295597484
2019-05-29 11:00:00,258.301886792452,702.767295597484,998.301886792453,4032.76729559748,186.163522012579,518.930817610063,702.767295597484
2019-05-29 12:00:00,258.301886792452,702.767295597484,998.301886792453,4032.76729559748,186.163522012579,518.930817610063,702.767295597484
2019-05-29 13:00:00,258.301886792452,702.767295597484,998.301886792453,4032.76729559748,186.163522012579,518.930817610063,702.767295597484
2019-05-29 14:00:00,258.301886792452,702.767295597484,998.301886792453,4032.76729559748,186.163522012579,518.930817610063,702.767295597484
2019-05-29 15:00:00,258.301886792452,702.767295597484,998.301886792453,4032.76729559748,186.163522012579,518.930817610063,702.767295597484
2019-05-29 16:00:00,0.0,702.767295597484,0.0,4032.76729559748,186.163522012579,0.0,0.0
2019-05-29 17:00:00,0.0,702.767295597484,0.0,4032.76729559748,186.163522012579,0.0,0.0
2019-05-29 18:00:00,0.0,0.0,0.0,2259.0913498954524,0.0,0.0,0.0
2019-05-29 19:00:00,0.0,702.767295597484,0.0,2163.225854033109,0.0,0.0,0.0
2019-05-29 20:00:00,0.0,0.0,0.0,4032.76729559748,0.0,0.0,0.0
2019-05-29 21:00:00,0.0,702.767295597484,0.0,4032.76729559748,0.0,0.0,0.0
2019-05-29 22:00:00,0.0,702.767295597484,0.0,4032.76729559748,0.0,0.0,0.0
2019-05-29 23:00:00,0.0,702.767295597484,0.0,4032.76729559748,0.0,0.0,0.0
2019-05-30 00:00:00,0.0,702.767295597484,0.0,4032.76729559748,0.0,0.0,0.0
2019-05-30 01:00:00,0.0,702.767295597484,0.0,4032.76729559748,0.0,0.0,0.0
2019-05-30 02:00:00,0.0,0.0,0.0,4032.76729559748,0.0,0.0,0.0
2019-05-30 03:00:00,0.0,702.767295597484,0.0,4032.76729559748,0.0,0.0,0.0
2019-05-30 04:00:00,0.0,702.767295597484,0.0,2803.6416863079385,0.0,0.0,0.0
2019-05-30 05:00:00,0.0,702.767295597484,0.0,0.0,0.0,0.0,0.0
2019-05-30 06:00:00,0.0,702.767295597484,0.0,4021.5154535070296,0.0,0.0,0.0
2019-05-30 07:00:00,258.301886792452,702.767295597484,998.301886792453,4032.76729559748,0.0,518.930817610063,702.767295597484
2019-05-30 08:00:00,258.301886792452,702.767295597484,998.301886792453,4032.76729559748,186.163522012579,518.930817610063,702.767295597484
2019-05-30 09:00:00,258.301886792452,702.767295597484,998.301886792453,4032.76729559748,186.163522012579,518.930817610063,702.767295597484
2019-05-30 10:00:00,258.301886792452,702.767295597484,998.301886792453,4032.76729559748,186.163522012579,518.930817610063,702.767295597484
2019-05-30 11:00:00,258.301886792452,702.767295597484,998.301886792453,4032.76729559748,186.163522012579,518.930817610063,702.767295597484
2019-05-30 12:00:00,258.301886792452,702.767295597484,998.301886792453,4032.76729559748,186.163522012579,518.930817610063,702.767295597484
2019-05-30 13:00:00,258.301886792452,702.767295597484,998.301886792453,4032.76729559748,186.163522012579,518.930817610063,702.767295597484
2019-05-30 14:00:00,258.301886792452,702.767295597484,998.301886792453,4032.76729559748,0.0,518.930817610063,702.767295597484
2019-05-30 15:00:00,0.0,702.767295597484,451.34455189139317,4032.76729559748,0.0,0.0,702.767295597484
2019-05-30 16:00:00,0.0,0.0,0.0,0.0,0.0,0.0,0.0
2019-05-30 17:00:00,0.0,0.0,0.0,0.0,0.0,0.0,0.0
2019-05-30 18:00:00,0.0,0.0,0.0,0.0,0.0,0.0,0.0
2019-05-30 19:00:00,0.0,0.0,0.0,0.0,0.0,0.0,0.0
2019-05-30 20:00:00,0.0,0.0,0.0,0.0,0.0,0.0,0.0
2019-05-30 21:00:00,0.0,0.0,0.0,0.0,0.0,0.0,0.0
2019-05-30 22:00:00,0.0,0.0,0.0,0.0,0.0,0.0,0.0
2019-05-30 23:00:00,0.0,0.0,0.0,0.0,0.0,0.0,0.0
2019-05-31 00:00:00,0.0,0.0,0.0,0.0,0.0,0.0,0.0
2019-05-31 01:00:00,0.0,0.0,0.0,0.0,0.0,0.0,0.0
2019-05-31 02:00:00,0.0,0.0,0.0,0.0,0.0,0.0,0.0
2019-05-31 03:00:00,0.0,0.0,0.0,0.0,0.0,0.0,0.0
2019-05-31 04:00:00,0.0,0.0,0.0,0.0,0.0,0.0,0.0
2019-05-31 05:00:00,0.0,0.0,0.0,0.0,0.0,0.0,0.0
2019-05-31 06:00:00,0.0,702.767295597484,0.0,4032.76729559748,0.0,0.0,0.0
2019-05-31 07:00:00,258.301886792452,702.767295597484,998.301886792453,4032.76729559748,186.163522012579,518.930817610063,702.767295597484
2019-05-31 08:00:00,258.301886792452,702.767295597484,998.301886792453,4032.76729559748,186.163522012579,518.930817610063,702.767295597484
2019-05-31 09:00:00,258.301886792452,702.767295597484,998.301886792453,4032.76729559748,186.163522012579,518.930817610063,702.767295597484
2019-05-31 10:00:00,258.301886792452,702.767295597484,998.301886792453,4032.76729559748,186.163522012579,518.930817610063,702.767295597484
2019-05-31 11:00:00,258.301886792452,702.767295597484,998.301886792453,4032.76729559748,186.163522012579,518.930817610063,702.767295597484
2019-05-31 12:00:00,258.301886792452,702.767295597484,998.301886792453,4032.76729559748,186.163522012579,518.930817610063,702.767295597484
2019-05-31 13:00:00,258.301886792452,702.767295597484,998.301886792453,4032.76729559748,186.163522012579,518.930817610063,702.767295597484
2019-05-31 14:00:00,258.301886792452,702.767295597484,998.301886792453,4032.76729559748,186.163522012579,518.930817610063,702.767295597484
2019-05-31 15:00:00,258.301886792452,702.767295597484,998.301886792453,4032.76729559748,186.163522012579,518.930817610063,702.767295597484
2019-05-31 16:00:00,258.301886792452,702.767295597484,998.301886792453,4032.76729559748,0.0,518.930817610063,702.767295597484
2019-05-31 17:00:00,258.301886792452,702.767295597484,998.301886792453,4032.76729559748,0.0,518.930817610063,702.767295597484
2019-05-31 18:00:00,258.301886792452,702.767295597484,998.301886792453,4032.76729559748,0.0,518.930817610063,702.767295597484
2019-05-31 19:00:00,258.301886792452,702.767295597484,998.301886792453,4032.76729559748,0.0,0.0,702.767295597484
2019-05-31 20:00:00,258.301886792452,702.767295597484,998.301886792453,4032.76729559748,0.0,0.0,702.767295597484
2019-05-31 21:00:00,258.301886792452,702.767295597484,998.301886792453,4032.76729559748,0.0,0.0,702.767295597484
2019-05-31 22:00:00,258.301886792452,702.767295597484,998.301886792453,4032.76729559748,0.0,0.0,702.767295597484
2019-05-31 23:00:00,258.301886792452,702.767295597484,998.301886792453,4032.76729559748,0.0,0.0,702.767295597484
2019-06-01 00:00:00,0.0,702.767295597484,998.301886792453,4032.76729559748,0.0,0.0,702.767295597484
2019-06-01 01:00:00,0.0,702.767295597484,0.0,4032.76729559748,0.0,0.0,0.0
2019-06-01 02:00:00,0.0,702.767295597484,0.0,4032.76729559748,0.0,0.0,0.0
2019-06-01 03:00:00,0.0,702.767295597484,0.0,4032.76729559748,0.0,0.0,0.0
2019-06-01 04:00:00,0.0,702.767295597484,0.0,4032.76729559748,0.0,0.0,0.0
2019-06-01 05:00:00,0.0,702.767295597484,0.0,4032.76729559748,0.0,0.0,0.0
2019-06-01 06:00:00,258.301886792452,702.767295597484,998.301886792453,4032.76729559748,186.163522012579,518.930817610063,702.767295597484
2019-06-01 07:00:00,258.301886792452,702.767295597484,998.301886792453,4032.76729559748,186.163522012579,518.930817610063,702.767295597484
2019-06-01 08:00:00,258.301886792452,702.767295597484,998.301886792453,4032.76729559748,186.163522012579,518.930817610063,702.767295597484
2019-06-01 09:00:00,258.301886792452,702.767295597484,998.301886792453,4032.76729559748,186.163522012579,518.930817610063,702.767295597484
2019-06-01 10:00:00,258.301886792452,702.767295597484,998.301886792453,4032.76729559748,186.163522012579,518.930817610063,702.767295597484
2019-06-01 11:00:00,258.301886792452,702.767295597484,998.301886792453,4032.76729559748,186.163522012579,518.930817610063,702.767295597484
2019-06-01 12:00:00,258.301886792452,702.767295597484,998.301886792453,4032.76729559748,186.163522012579,518.930817610063,702.767295597484
2019-06-01 13:00:00,258.301886792452,702.767295597484,998.301886792453,4032.76729559748,186.163522012579,518.930817610063,702.767295597484
2019-06-01 14:00:00,258.301886792452,702.767295597484,998.301886792453,4032.76729559748,186.163522012579,518.930817610063,702.767295597484
2019-06-01 15:00:00,258.301886792452,702.767295597484,998.301886792453,4032.76729559748,186.163522012579,518.930817610063,702.767295597484
2019-06-01 16:00:00,258.301886792452,702.767295597484,998.301886792453,4032.76729559748,186.163522012579,518.930817610063,702.767295597484
2019-06-01 17:00:00,258.301886792452,702.767295597484,998.301886792453,4032.76729559748,186.163522012579,518.930817610063,702.767295597484
2019-06-01 18:00:00,258.301886792452,702.767295597484,998.301886792453,4032.76729559748,186.163522012579,518.930817610063,702.767295597484
2019-06-01 19:00:00,258.301886792452,702.767295597484,998.301886792453,4032.76729559748,186.163522012579,518.930817610063,702.767295597484
2019-06-01 20:00:00,258.301886792452,702.767295597484,998.301886792453,4032.76729559748,186.163522012579,518.930817610063,702.767295597484
2019-06-01 21:00:00,258.301886792452,702.767295597484,998.301886792453,4032.76729559748,186.163522012579,518.930817610063,702.767295597484
2019-06-01 22:00:00,258.301886792452,702.767295597484,998.301886792453,4032.76729559748,186.163522012579,518.930817610063,702.767295597484
2019-06-01 23:00:00,258.301886792452,702.767295597484,998.301886792453,4032.76729559748,186.163522012579,518.930817610063,702.767295597484
2019-06-02 00:00:00,258.301886792452,702.767295597484,998.301886792453,4032.76729559748,186.163522012579,518.930817610063,702.767295597484
2019-06-02 01:00:00,258.301886792452,702.767295597484,998.301886792453,4032.76729559748,186.163522012579,518.930817610063,702.767295597484
2019-06-02 02:00:00,258.301886792452,702.767295597484,998.301886792453,4032.76729559748,186.163522012579,518.930817610063,702.767295597484
2019-06-02 03:00:00,258.301886792452,702.767295597484,998.301886792453,4032.76729559748,186.163522012579,518.930817610063,702.767295597484
2019-06-02 04:00:00,258.301886792452,702.767295597484,998.301886792453,4032.76729559748,186.163522012579,518.930817610063,702.767295597484
2019-06-02 05:00:00,258.301886792452,702.767295597484,998.301886792453,4032.76729559748,186.163522012579,518.930817610063,702.767295597484
2019-06-02 06:00:00,258.301886792452,702.767295597484,998.301886792453,4032.76729559748,186.163522012579,518.930817610063,702.767295597484
2019-06-02 07:00:00,258.301886792452,702.767295597484,998.301886792453,4032.76729559748,186.163522012579,518.930817610063,702.767295597484
2019-06-02 08:00:00,258.301886792452,702.767295597484,998.301886792453,4032.76729559748,186.163522012579,518.930817610063,702.767295597484
2019-06-02 09:00:00,258.301886792452,702.767295597484,998.301886792453,4032.76729559748,186.163522012579,518.930817610063,702.767295597484
2019-06-02 10:00:00,258.301886792452,702.767295597484,998.301886792453,4032.76729559748,186.163522012579,518.930817610063,702.767295597484
2019-06-02 11:00:00,258.301886792452,702.767295597484,998.301886792453,4032.76729559748,186.163522012579,518.930817610063,702.767295597484
2019-06-02 12:00:00,258.301886792452,702.767295597484,998.301886792453,4032.76729559748,186.163522012579,518.930817610063,702.767295597484
2019-06-02 13:00:00,258.301886792452,702.767295597484,998.301886792453,4032.76729559748,186.163522012579,518.930817610063,702.767295597484
2019-06-02 14:00:00,258.301886792452,702.767295597484,998.301886792453,4032.76729559748,186.163522012579,518.930817610063,702.767295597484
2019-06-02 15:00:00,258.301886792452,702.767295597484,998.301886792453,4032.76729559748,186.163522012579,518.930817610063,702.767295597484
2019-06-02 16:00:00,258.301886792452,702.767295597484,998.301886792453,4032.76729559748,186.163522012579,518.930817610063,702.767295597484
2019-06-02 17:00:00,258.301886792452,702.767295597484,998.301886792453,4032.76729559748,0.0,0.0,702.767295597484
2019-06-02 18:00:00,258.301886792452,702.767295597484,998.301886792453,4032.76729559748,0.0,0.0,331.5147788931881
2019-06-02 19:00:00,0.0,702.767295597484,0.0,4032.76729559748,0.0,0.0,0.0
2019-06-02 20:00:00,0.0,702.767295597484,0.0,4032.76729559748,0.0,0.0,0.0
2019-06-02 21:00:00,0.0,702.767295597484,0.0,4032.76729559748,0.0,0.0,0.0
2019-06-02 22:00:00,0.0,702.767295597484,0.0,4032.76729559748,0.0,0.0,0.0
2019-06-02 23:00:00,0.0,702.767295597484,0.0,4032.76729559748,0.0,0.0,0.0
2019-06-03 00:00:00,0.0,702.767295597484,0.0,4032.76729559748,0.0,0.0,0.0
2019-06-03 01:00:00,0.0,702.767295597484,0.0,4032.76729559748,0.0,0.0,0.0
2019-06-03 02:00:00,0.0,702.767295597484,0.0,4032.76729559748,0.0,0.0,0.0
2019-06-03 03:00:00,0.0,702.767295597484,0.0,4032.76729559748,0.0,0.0,0.0
2019-06-03 04:00:00,0.0,702.767295597484,0.0,4032.76729559748,0.0,0.0,0.0
2019-06-03 05:00:00,0.0,702.767295597484,0.0,4032.76729559748,0.0,0.0,0.0
2019-06-03 06:00:00,0.0,702.767295597484,0.0,4032.76729559748,0.0,0.0,0.0
2019-06-03 07:00:00,258.301886792452,702.767295597484,998.301886792453,4032.76729559748,0.0,518.930817610063,702.767295597484
2019-06-03 08:00:00,258.301886792452,702.767295597484,998.301886792453,4032.76729559748,186.163522012579,518.930817610063,702.767295597484
2019-06-03 09:00:00,258.301886792452,702.767295597484,998.301886792453,4032.76729559748,186.163522012579,518.930817610063,702.767295597484
2019-06-03 10:00:00,258.301886792452,702.767295597484,998.301886792453,4032.76729559748,186.163522012579,518.930817610063,702.767295597484
2019-06-03 11:00:00,258.301886792452,702.767295597484,998.301886792453,4032.76729559748,186.163522012579,518.930817610063,702.767295597484
2019-06-03 12:00:00,258.301886792452,702.767295597484,998.301886792453,4032.76729559748,186.163522012579,518.930817610063,702.767295597484
2019-06-03 13:00:00,258.301886792452,702.767295597484,998.301886792453,4032.76729559748,186.163522012579,518.930817610063,702.767295597484
2019-06-03 14:00:00,258.301886792452,702.767295597484,998.301886792453,4032.76729559748,186.163522012579,518.930817610063,702.767295597484
2019-06-03 15:00:00,258.301886792452,702.767295597484,998.301886792453,4032.76729559748,0.0,518.930817610063,702.767295597484
2019-06-03 16:00:00,0.0,0.0,0.0,0.0,0.0,0.0,0.0
2019-06-03 17:00:00,0.0,0.0,0.0,0.0,0.0,0.0,0.0
2019-06-03 18:00:00,0.0,0.0,0.0,0.0,0.0,0.0,0.0
2019-06-03 19:00:00,0.0,0.0,0.0,0.0,0.0,0.0,0.0
2019-06-03 20:00:00,0.0,0.0,0.0,0.0,0.0,0.0,0.0
2019-06-03 21:00:00,0.0,0.0,0.0,0.0,0.0,0.0,0.0
2019-06-03 22:00:00,0.0,0.0,0.0,0.0,0.0,0.0,0.0
2019-06-03 23:00:00,0.0,0.0,0.0,0.0,0.0,0.0,0.0
2019-06-04 00:00:00,0.0,0.0,0.0,0.0,0.0,0.0,0.0
2019-06-04 01:00:00,0.0,0.0,0.0,0.0,0.0,0.0,0.0
2019-06-04 02:00:00,0.0,0.0,0.0,0.0,0.0,0.0,0.0
2019-06-04 03:00:00,0.0,0.0,0.0,0.0,0.0,0.0,0.0
2019-06-04 04:00:00,0.0,0.0,0.0,0.0,0.0,0.0,0.0
2019-06-04 05:00:00,0.0,0.0,0.0,0.0,0.0,0.0,0.0
2019-06-04 06:00:00,0.0,0.0,0.0,0.0,0.0,0.0,0.0
2019-06-04 07:00:00,258.301886792452,702.767295597484,998.301886792453,4032.76729559748,0.0,518.930817610063,702.767295597484
2019-06-04 08:00:00,258.301886792452,702.767295597484,998.301886792453,4032.76729559748,186.163522012579,518.930817610063,702.767295597484
2019-06-04 09:00:00,258.301886792452,702.767295597484,998.301886792453,4032.76729559748,186.163522012579,518.930817610063,702.767295597484
2019-06-04 10:00:00,258.301886792452,702.767295597484,998.301886792453,4032.76729559748,186.163522012579,518.930817610063,702.767295597484
2019-06-04 11:00:00,258.301886792452,702.767295597484,998.301886792453,4032.76729559748,186.163522012579,518.930817610063,702.767295597484
2019-06-04 12:00:00,258.301886792452,702.767295597484,998.301886792453,4032.76729559748,186.163522012579,518.930817610063,702.767295597484
2019-06-04 13:00:00,258.301886792452,702.767295597484,998.301886792453,4032.76729559748,186.163522012579,518.930817610063,702.767295597484
2019-06-04 14:00:00,258.301886792452,702.767295597484,998.301886792453,4032.76729559748,0.0,518.930817610063,702.767295597484
2019-06-04 15:00:00,0.0,702.767295597484,998.301886792453,4032.76729559748,0.0,0.0,702.767295597484
2019-06-04 16:00:00,0.0,0.0,0.0,0.0,0.0,0.0,0.0
2019-06-04 17:00:00,0.0,0.0,0.0,0.0,0.0,0.0,0.0
2019-06-04 18:00:00,0.0,0.0,0.0,0.0,0.0,0.0,0.0
2019-06-04 19:00:00,0.0,0.0,0.0,0.0,0.0,0.0,0.0
2019-06-04 20:00:00,0.0,0.0,0.0,0.0,0.0,0.0,0.0
2019-06-04 21:00:00,0.0,0.0,0.0,0.0,0.0,0.0,0.0
2019-06-04 22:00:00,0.0,0.0,0.0,0.0,0.0,0.0,0.0
2019-06-04 23:00:00,0.0,0.0,0.0,0.0,0.0,0.0,0.0
2019-06-05 00:00:00,0.0,0.0,0.0,0.0,0.0,0.0,0.0
2019-06-05 01:00:00,0.0,0.0,0.0,0.0,0.0,0.0,0.0
2019-06-05 02:00:00,0.0,0.0,0.0,0.0,0.0,0.0,0.0
2019-06-05 03:00:00,0.0,0.0,0.0,0.0,0.0,0.0,0.0
2019-06-05 04:00:00,0.0,0.0,0.0,0.0,0.0,0.0,0.0
2019-06-05 05:00:00,0.0,0.0,0.0,0.0,0.0,0.0,0.0
2019-06-05 06:00:00,0.0,0.0,0.0,0.0,0.0,0.0,0.0
2019-06-05 07:00:00,258.301886792452,702.767295597484,998.301886792453,4032.76729559748,0.0,518.930817610063,702.767295597484
2019-06-05 08:00:00,258.301886792452,702.767295597484,998.301886792453,4032.76729559748,186.163522012579,518.930817610063,702.767295597484
2019-06-05 09:00:00,258.301886792452,702.767295597484,998.301886792453,4032.76729559748,186.163522012579,518.930817610063,702.767295597484
2019-06-05 10:00:00,258.301886792452,702.767295597484,998.301886792453,4032.76729559748,186.163522012579,518.930817610063,702.767295597484
2019-06-05 11:00:00,258.301886792452,702.767295597484,998.301886792453,4032.76729559748,186.163522012579,518.930817610063,702.767295597484
2019-06-05 12:00:00,258.301886792452,702.767295597484,998.301886792453,4032.76729559748,186.163522012579,518.930817610063,702.767295597484
2019-06-05 13:00:00,258.301886792452,702.767295597484,998.301886792453,4032.76729559748,186.163522012579,518.930817610063,702.767295597484
2019-06-05 14:00:00,258.301886792452,702.767295597484,998.301886792453,4032.76729559748,186.163522012579,518.930817610063,702.767295597484
2019-06-05 15:00:00,258.301886792452,702.767295597484,998.301886792453,4032.76729559748,0.0,518.930817610063,702.767295597484
2019-06-05 16:00:00,0.0,0.0,0.0,0.0,0.0,0.0,0.0
2019-06-05 17:00:00,0.0,0.0,0.0,0.0,0.0,0.0,0.0
2019-06-05 18:00:00,0.0,0.0,0.0,0.0,0.0,0.0,0.0
2019-06-05 19:00:00,0.0,0.0,0.0,0.0,0.0,0.0,0.0
2019-06-05 20:00:00,0.0,0.0,0.0,0.0,0.0,0.0,0.0
2019-06-05 21:00:00,0.0,0.0,0.0,0.0,0.0,0.0,0.0
2019-06-05 22:00:00,0.0,0.0,0.0,0.0,0.0,0.0,0.0
2019-06-05 23:00:00,0.0,0.0,0.0,0.0,0.0,0.0,0.0
2019-06-06 00:00:00,0.0,0.0,0.0,0.0,0.0,0.0,0.0
2019-06-06 01:00:00,0.0,0.0,0.0,0.0,0.0,0.0,0.0
2019-06-06 02:00:00,0.0,0.0,0.0,0.0,0.0,0.0,0.0
2019-06-06 03:00:00,0.0,0.0,0.0,0.0,0.0,0.0,0.0
2019-06-06 04:00:00,0.0,0.0,0.0,0.0,0.0,0.0,0.0
2019-06-06 05:00:00,0.0,0.0,0.0,0.0,0.0,0.0,0.0
2019-06-06 06:00:00,0.0,0.0,0.0,0.0,0.0,0.0,0.0
2019-06-06 07:00:00,258.301886792452,702.767295597484,998.301886792453,4032.76729559748,0.0,518.930817610063,702.767295597484
2019-06-06 08:00:00,258.301886792452,702.767295597484,998.301886792453,4032.76729559748,186.163522012579,518.930817610063,702.767295597484
2019-06-06 09:00:00,258.301886792452,702.767295597484,998.301886792453,4032.76729559748,186.163522012579,518.930817610063,702.767295597484
2019-06-06 10:00:00,258.301886792452,702.767295597484,998.301886792453,4032.76729559748,186.163522012579,518.930817610063,702.767295597484
2019-06-06 11:00:00,258.301886792452,702.767295597484,998.301886792453,4032.76729559748,186.163522012579,518.930817610063,702.767295597484
2019-06-06 12:00:00,258.301886792452,702.767295597484,998.301886792453,4032.76729559748,83.76040403134672,518.930817610063,702.767295597484
2019-06-06 13:00:00,258.301886792452,702.767295597484,998.301886792453,4032.76729559748,186.163522012579,518.930817610063,702.767295597484
2019-06-06 14:00:00,258.301886792452,702.767295597484,998.301886792453,4032.76729559748,0.0,518.930817610063,702.767295597484
2019-06-06 15:00:00,258.301886792452,702.767295597484,998.301886792453,4032.76729559748,0.0,518.930817610063,702.767295597484
2019-06-06 16:00:00,0.0,0.0,0.0,0.0,0.0,0.0,0.0
2019-06-06 17:00:00,0.0,0.0,0.0,0.0,0.0,0.0,0.0
2019-06-06 18:00:00,0.0,0.0,0.0,0.0,0.0,0.0,0.0
2019-06-06 19:00:00,0.0,0.0,0.0,0.0,0.0,0.0,0.0
2019-06-06 20:00:00,0.0,0.0,0.0,0.0,0.0,0.0,0.0
2019-06-06 21:00:00,0.0,0.0,0.0,0.0,0.0,0.0,0.0
2019-06-06 22:00:00,0.0,0.0,0.0,0.0,0.0,0.0,0.0
2019-06-06 23:00:00,0.0,0.0,0.0,0.0,0.0,0.0,0.0
2019-06-07 00:00:00,0.0,0.0,0.0,0.0,0.0,0.0,0.0
2019-06-07 01:00:00,0.0,0.0,0.0,0.0,0.0,0.0,0.0
2019-06-07 02:00:00,0.0,0.0,0.0,0.0,0.0,0.0,0.0
2019-06-07 03:00:00,0.0,0.0,0.0,0.0,0.0,0.0,0.0
2019-06-07 04:00:00,0.0,0.0,0.0,0.0,0.0,0.0,0.0
2019-06-07 05:00:00,0.0,0.0,0.0,0.0,0.0,0.0,0.0
2019-06-07 06:00:00,0.0,0.0,0.0,3357.0843412862787,0.0,0.0,0.0
2019-06-07 07:00:00,258.301886792452,702.767295597484,998.301886792453,4032.76729559748,0.0,518.930817610063,702.767295597484
2019-06-07 08:00:00,258.301886792452,702.767295597484,998.301886792453,4032.76729559748,186.163522012579,518.930817610063,702.767295597484
2019-06-07 09:00:00,258.301886792452,702.767295597484,998.301886792453,4032.76729559748,186.163522012579,518.930817610063,702.767295597484
2019-06-07 10:00:00,258.301886792452,702.767295597484,998.301886792453,4032.76729559748,186.163522012579,518.930817610063,702.767295597484
2019-06-07 11:00:00,258.301886792452,702.767295597484,998.301886792453,4032.76729559748,186.163522012579,518.930817610063,702.767295597484
2019-06-07 12:00:00,258.301886792452,702.767295597484,998.301886792453,4032.76729559748,186.163522012579,518.930817610063,702.767295597484
2019-06-07 13:00:00,258.301886792452,702.767295597484,998.301886792453,4032.76729559748,186.163522012579,518.930817610063,702.767295597484
2019-06-07 14:00:00,258.301886792452,702.767295597484,998.301886792453,4032.76729559748,186.163522012579,518.930817610063,702.767295597484
2019-06-07 15:00:00,258.301886792452,702.767295597484,998.301886792453,4032.76729559748,0.0,518.930817610063,702.767295597484
2019-06-07 16:00:00,0.0,0.0,0.0,0.0,0.0,0.0,0.0
2019-06-07 17:00:00,0.0,0.0,0.0,0.0,0.0,0.0,0.0
2019-06-07 18:00:00,0.0,0.0,0.0,0.0,0.0,0.0,0.0
2019-06-07 19:00:00,0.0,0.0,0.0,0.0,0.0,0.0,0.0
2019-06-07 20:00:00,0.0,0.0,0.0,0.0,0.0,0.0,0.0
2019-06-07 21:00:00,0.0,0.0,0.0,0.0,0.0,0.0,0.0
2019-06-07 22:00:00,0.0,0.0,0.0,0.0,0.0,0.0,0.0
2019-06-07 23:00:00,0.0,0.0,0.0,0.0,0.0,0.0,0.0
2019-06-08 00:00:00,0.0,0.0,0.0,0.0,0.0,0.0,0.0
2019-06-08 01:00:00,0.0,0.0,0.0,0.0,0.0,0.0,0.0
2019-06-08 02:00:00,0.0,0.0,0.0,0.0,0.0,0.0,0.0
2019-06-08 03:00:00,0.0,0.0,0.0,0.0,0.0,0.0,0.0
2019-06-08 04:00:00,0.0,0.0,0.0,0.0,0.0,0.0,0.0
2019-06-08 05:00:00,0.0,0.0,0.0,0.0,0.0,0.0,0.0
2019-06-08 06:00:00,258.301886792452,702.767295597484,998.301886792453,4032.76729559748,0.0,277.7198602261483,702.767295597484
2019-06-08 07:00:00,258.301886792452,702.767295597484,998.301886792453,4032.76729559748,186.163522012579,518.930817610063,702.767295597484
2019-06-08 08:00:00,258.301886792452,702.767295597484,998.301886792453,4032.76729559748,186.163522012579,518.930817610063,702.767295597484
2019-06-08 09:00:00,258.301886792452,702.767295597484,998.301886792453,4032.76729559748,186.163522012579,518.930817610063,702.767295597484
2019-06-08 10:00:00,258.301886792452,702.767295597484,998.301886792453,4032.76729559748,186.163522012579,518.930817610063,702.767295597484
2019-06-08 11:00:00,258.301886792452,702.767295597484,998.301886792453,4032.76729559748,186.163522012579,518.930817610063,702.767295597484
2019-06-08 12:00:00,258.301886792452,702.767295597484,998.301886792453,4032.76729559748,186.163522012579,518.930817610063,702.767295597484
2019-06-08 13:00:00,258.301886792452,702.767295597484,998.301886792453,4032.76729559748,186.163522012579,518.930817610063,702.767295597484
2019-06-08 14:00:00,258.301886792452,702.767295597484,998.301886792453,4032.76729559748,186.163522012579,518.930817610063,702.767295597484
2019-06-08 15:00:00,258.301886792452,702.767295597484,998.301886792453,4032.76729559748,186.163522012579,518.930817610063,702.767295597484
2019-06-08 16:00:00,0.0,702.767295597484,998.301886792453,4032.76729559748,0.0,0.0,702.767295597484
2019-06-08 17:00:00,0.0,702.767295597484,0.0,4032.76729559748,0.0,0.0,0.0
2019-06-08 18:00:00,0.0,702.767295597484,0.0,4032.76729559748,0.0,0.0,0.0
2019-06-08 19:00:00,0.0,702.767295597484,0.0,4032.76729559748,0.0,0.0,0.0
2019-06-08 20:00:00,0.0,702.767295597484,0.0,4032.76729559748,0.0,0.0,0.0
2019-06-08 21:00:00,0.0,702.767295597484,0.0,4032.76729559748,0.0,0.0,0.0
2019-06-08 22:00:00,0.0,702.767295597484,0.0,4032.76729559748,0.0,0.0,0.0
2019-06-08 23:00:00,0.0,702.767295597484,0.0,4032.76729559748,0.0,0.0,0.0
2019-06-09 00:00:00,0.0,702.767295597484,0.0,4032.76729559748,0.0,0.0,0.0
2019-06-09 01:00:00,0.0,702.767295597484,0.0,4032.76729559748,0.0,0.0,0.0
2019-06-09 02:00:00,0.0,702.767295597484,0.0,4032.76729559748,0.0,0.0,0.0
2019-06-09 03:00:00,0.0,702.767295597484,0.0,4032.76729559748,0.0,0.0,0.0
2019-06-09 04:00:00,0.0,702.767295597484,0.0,4032.76729559748,0.0,0.0,0.0
2019-06-09 05:00:00,0.0,702.767295597484,0.0,4032.76729559748,0.0,0.0,0.0
2019-06-09 06:00:00,258.301886792452,702.767295597484,998.301886792453,4032.76729559748,186.163522012579,518.930817610063,702.767295597484
2019-06-09 07:00:00,258.301886792452,702.767295597484,998.301886792453,4032.76729559748,186.163522012579,518.930817610063,702.767295597484
2019-06-09 08:00:00,258.301886792452,702.767295597484,998.301886792453,4032.76729559748,186.163522012579,518.930817610063,702.767295597484
2019-06-09 09:00:00,258.301886792452,702.767295597484,998.301886792453,4032.76729559748,186.163522012579,518.930817610063,702.767295597484
2019-06-09 10:00:00,258.301886792452,702.767295597484,998.301886792453,4032.76729559748,186.163522012579,518.930817610063,702.767295597484
2019-06-09 11:00:00,258.301886792452,702.767295597484,998.301886792453,4032.76729559748,186.163522012579,518.930817610063,702.767295597484
2019-06-09 12:00:00,258.301886792452,702.767295597484,998.301886792453,4032.76729559748,186.163522012579,518.930817610063,702.767295597484
2019-06-09 13:00:00,258.301886792452,702.767295597484,998.301886792453,4032.76729559748,186.163522012579,518.930817610063,702.767295597484
2019-06-09 14:00:00,258.301886792452,702.767295597484,998.301886792453,4032.76729559748,186.163522012579,518.930817610063,702.767295597484
2019-06-09 15:00:00,258.301886792452,702.767295597484,998.301886792453,4032.76729559748,186.163522012579,518.930817610063,702.767295597484
2019-06-09 16:00:00,258.301886792452,702.767295597484,998.301886792453,4032.76729559748,0.0,518.930817610063,702.767295597484
2019-06-09 17:00:00,0.0,702.767295597484,0.0,4032.76729559748,0.0,0.0,0.0
2019-06-09 18:00:00,0.0,702.767295597484,0.0,4032.76729559748,0.0,0.0,0.0
2019-06-09 19:00:00,0.0,702.767295597484,0.0,4032.76729559748,0.0,0.0,0.0
2019-06-09 20:00:00,0.0,702.767295597484,0.0,4032.76729559748,0.0,0.0,0.0
2019-06-09 21:00:00,0.0,702.767295597484,0.0,4032.76729559748,0.0,0.0,0.0
2019-06-09 22:00:00,0.0,702.767295597484,0.0,4032.76729559748,0.0,0.0,0.0
2019-06-09 23:00:00,0.0,702.767295597484,0.0,4032.76729559748,0.0,0.0,0.0
2019-06-10 00:00:00,0.0,702.767295597484,0.0,4032.76729559748,0.0,0.0,0.0
2019-06-10 01:00:00,0.0,702.767295597484,0.0,4032.76729559748,0.0,0.0,0.0
2019-06-10 02:00:00,0.0,702.767295597484,0.0,4032.76729559748,0.0,0.0,0.0
2019-06-10 03:00:00,0.0,702.767295597484,0.0,4032.76729559748,0.0,0.0,0.0
2019-06-10 04:00:00,0.0,702.767295597484,0.0,4032.76729559748,0.0,0.0,0.0
2019-06-10 05:00:00,0.0,702.767295597484,0.0,4032.76729559748,0.0,0.0,0.0
2019-06-10 06:00:00,0.0,702.767295597484,0.0,4032.76729559748,0.0,0.0,0.0
2019-06-10 07:00:00,258.301886792452,702.767295597484,998.301886792453,4032.76729559748,0.0,518.930817610063,702.767295597484
2019-06-10 08:00:00,258.301886792452,702.767295597484,998.301886792453,4032.76729559748,0.0,518.930817610063,702.767295597484
2019-06-10 09:00:00,258.301886792452,702.767295597484,998.301886792453,4032.76729559748,186.163522012579,518.930817610063,702.767295597484
2019-06-10 10:00:00,258.301886792452,702.767295597484,998.301886792453,4032.76729559748,186.163522012579,518.930817610063,702.767295597484
2019-06-10 11:00:00,258.301886792452,702.767295597484,998.301886792453,4032.76729559748,186.163522012579,518.930817610063,702.767295597484
2019-06-10 12:00:00,258.301886792452,702.767295597484,998.301886792453,4032.76729559748,186.163522012579,518.930817610063,702.767295597484
2019-06-10 13:00:00,258.301886792452,702.767295597484,998.301886792453,4032.76729559748,186.163522012579,518.930817610063,702.767295597484
2019-06-10 14:00:00,258.301886792452,702.767295597484,998.301886792453,4032.76729559748,0.0,518.930817610063,702.767295597484
2019-06-10 15:00:00,0.0,702.767295597484,998.301886792453,4032.76729559748,0.0,0.0,0.0
2019-06-10 16:00:00,0.0,0.0,0.0,0.0,0.0,0.0,0.0
2019-06-10 17:00:00,0.0,0.0,0.0,0.0,0.0,0.0,0.0
2019-06-10 18:00:00,0.0,0.0,0.0,0.0,0.0,0.0,0.0
2019-06-10 19:00:00,0.0,0.0,0.0,0.0,0.0,0.0,0.0
2019-06-10 20:00:00,0.0,0.0,0.0,0.0,0.0,0.0,0.0
2019-06-10 21:00:00,0.0,0.0,0.0,0.0,0.0,0.0,0.0
2019-06-10 22:00:00,0.0,0.0,0.0,0.0,0.0,0.0,0.0
2019-06-10 23:00:00,0.0,0.0,0.0,0.0,0.0,0.0,0.0
2019-06-11 00:00:00,0.0,0.0,0.0,0.0,0.0,0.0,0.0
2019-06-11 01:00:00,0.0,0.0,0.0,0.0,0.0,0.0,0.0
2019-06-11 02:00:00,0.0,0.0,0.0,0.0,0.0,0.0,0.0
2019-06-11 03:00:00,0.0,0.0,0.0,0.0,0.0,0.0,0.0
2019-06-11 04:00:00,0.0,0.0,0.0,0.0,0.0,0.0,0.0
2019-06-11 05:00:00,0.0,0.0,0.0,0.0,0.0,0.0,0.0
2019-06-11 06:00:00,0.0,0.0,0.0,0.0,0.0,0.0,0.0
2019-06-11 07:00:00,258.301886792452,702.767295597484,998.301886792453,4032.76729559748,0.0,394.5271235821924,702.767295597484
2019-06-11 08:00:00,258.301886792452,702.767295597484,998.301886792453,4032.76729559748,0.0,518.930817610063,702.767295597484
2019-06-11 09:00:00,258.301886792452,702.767295597484,998.301886792453,4032.76729559748,0.0,518.930817610063,702.767295597484
2019-06-11 10:00:00,258.301886792452,702.767295597484,998.301886792453,4032.76729559748,0.0,518.930817610063,702.767295597484
2019-06-11 11:00:00,258.301886792452,702.767295597484,998.301886792453,4032.76729559748,0.0,518.930817610063,702.767295597484
2019-06-11 12:00:00,258.301886792452,702.767295597484,998.301886792453,4032.76729559748,0.0,518.930817610063,702.767295597484
2019-06-11 13:00:00,258.301886792452,702.767295597484,998.301886792453,4032.76729559748,0.0,518.930817610063,702.767295597484
2019-06-11 14:00:00,258.301886792452,702.767295597484,998.301886792453,4032.76729559748,0.0,518.930817610063,702.767295597484
2019-06-11 15:00:00,0.0,0.0,0.0,0.0,0.0,0.0,0.0
2019-06-11 16:00:00,0.0,0.0,0.0,0.0,0.0,0.0,0.0
2019-06-11 17:00:00,0.0,0.0,0.0,0.0,0.0,0.0,0.0
2019-06-11 18:00:00,0.0,0.0,0.0,0.0,0.0,0.0,0.0
2019-06-11 19:00:00,0.0,0.0,0.0,0.0,0.0,0.0,0.0
2019-06-11 20:00:00,0.0,0.0,0.0,0.0,0.0,0.0,0.0
2019-06-11 21:00:00,0.0,0.0,0.0,0.0,0.0,0.0,0.0
2019-06-11 22:00:00,0.0,0.0,0.0,0.0,0.0,0.0,0.0
2019-06-11 23:00:00,0.0,0.0,0.0,0.0,0.0,0.0,0.0
2019-06-12 00:00:00,0.0,0.0,0.0,0.0,0.0,0.0,0.0
2019-06-12 01:00:00,0.0,0.0,0.0,0.0,0.0,0.0,0.0
2019-06-12 02:00:00,0.0,0.0,0.0,0.0,0.0,0.0,0.0
2019-06-12 03:00:00,0.0,0.0,0.0,0.0,0.0,0.0,0.0
2019-06-12 04:00:00,0.0,0.0,0.0,0.0,0.0,0.0,0.0
2019-06-12 05:00:00,0.0,0.0,0.0,0.0,0.0,0.0,0.0
2019-06-12 06:00:00,0.0,0.0,0.0,0.0,0.0,0.0,0.0
2019-06-12 07:00:00,258.301886792452,702.767295597484,998.301886792453,4032.76729559748,0.0,518.930817610063,702.767295597484
2019-06-12 08:00:00,258.301886792452,702.767295597484,998.301886792453,4032.76729559748,186.163522012579,518.930817610063,702.767295597484
2019-06-12 09:00:00,258.301886792452,702.767295597484,998.301886792453,4032.76729559748,186.163522012579,518.930817610063,702.767295597484
2019-06-12 10:00:00,258.301886792452,702.767295597484,998.301886792453,4032.76729559748,186.163522012579,518.930817610063,702.767295597484
2019-06-12 11:00:00,258.301886792452,702.767295597484,998.301886792453,4032.76729559748,186.163522012579,518.930817610063,702.767295597484
2019-06-12 12:00:00,258.301886792452,702.767295597484,998.301886792453,4032.76729559748,186.163522012579,518.930817610063,702.767295597484
2019-06-12 13:00:00,258.301886792452,702.767295597484,998.301886792453,4032.76729559748,186.163522012579,518.930817610063,702.767295597484
2019-06-12 14:00:00,258.301886792452,702.767295597484,998.301886792453,4032.76729559748,186.163522012579,518.930817610063,702.767295597484
2019-06-12 15:00:00,258.301886792452,702.767295597484,998.301886792453,4032.76729559748,0.0,518.930817610063,702.767295597484
2019-06-12 16:00:00,0.0,0.0,0.0,0.0,0.0,0.0,0.0
2019-06-12 17:00:00,0.0,0.0,0.0,0.0,0.0,0.0,0.0
2019-06-12 18:00:00,0.0,0.0,0.0,0.0,0.0,0.0,0.0
2019-06-12 19:00:00,0.0,0.0,0.0,0.0,0.0,0.0,0.0
2019-06-12 20:00:00,0.0,0.0,0.0,0.0,0.0,0.0,0.0
2019-06-12 21:00:00,0.0,0.0,0.0,0.0,0.0,0.0,0.0
2019-06-12 22:00:00,0.0,0.0,0.0,0.0,0.0,0.0,0.0
2019-06-12 23:00:00,0.0,0.0,0.0,0.0,0.0,0.0,0.0
2019-06-13 00:00:00,0.0,0.0,0.0,0.0,0.0,0.0,0.0
2019-06-13 01:00:00,0.0,0.0,0.0,0.0,0.0,0.0,0.0
2019-06-13 02:00:00,0.0,0.0,0.0,0.0,0.0,0.0,0.0
2019-06-13 03:00:00,0.0,0.0,0.0,0.0,0.0,0.0,0.0
2019-06-13 04:00:00,0.0,0.0,0.0,0.0,0.0,0.0,0.0
2019-06-13 05:00:00,0.0,0.0,0.0,0.0,0.0,0.0,0.0
2019-06-13 06:00:00,0.0,0.0,0.0,0.0,0.0,0.0,0.0
2019-06-13 07:00:00,258.301886792452,702.767295597484,998.301886792453,4032.76729559748,0.0,518.930817610063,702.767295597484
2019-06-13 08:00:00,258.301886792452,702.767295597484,998.301886792453,4032.76729559748,186.163522012579,518.930817610063,702.767295597484
2019-06-13 09:00:00,258.301886792452,702.767295597484,998.301886792453,4032.76729559748,186.163522012579,518.930817610063,702.767295597484
2019-06-13 10:00:00,258.301886792452,702.767295597484,998.301886792453,4032.76729559748,186.163522012579,518.930817610063,702.767295597484
2019-06-13 11:00:00,258.301886792452,702.767295597484,998.301886792453,4032.76729559748,186.163522012579,518.930817610063,702.767295597484
2019-06-13 12:00:00,258.301886792452,702.767295597484,998.301886792453,4032.76729559748,186.163522012579,518.930817610063,702.767295597484
2019-06-13 13:00:00,258.301886792452,702.767295597484,998.301886792453,4032.76729559748,186.163522012579,518.930817610063,702.767295597484
2019-06-13 14:00:00,258.301886792452,702.767295597484,998.301886792453,4032.76729559748,186.163522012579,518.930817610063,702.767295597484
2019-06-13 15:00:00,258.301886792452,702.767295597484,998.301886792453,4032.76729559748,186.163522012579,518.930817610063,702.767295597484
2019-06-13 16:00:00,0.0,0.0,0.0,0.0,186.163522012579,0.0,0.0
2019-06-13 17:00:00,0.0,0.0,0.0,0.0,186.163522012579,0.0,0.0
2019-06-13 18:00:00,0.0,0.0,0.0,0.0,186.163522012579,0.0,0.0
2019-06-13 19:00:00,0.0,0.0,0.0,0.0,186.163522012579,0.0,0.0
2019-06-13 20:00:00,0.0,0.0,0.0,0.0,186.163522012579,0.0,0.0
2019-06-13 21:00:00,0.0,0.0,0.0,0.0,186.163522012579,0.0,0.0
2019-06-13 22:00:00,0.0,0.0,0.0,0.0,186.163522012579,0.0,0.0
2019-06-13 23:00:00,0.0,0.0,0.0,0.0,186.163522012579,0.0,0.0
2019-06-14 00:00:00,0.0,0.0,0.0,0.0,186.163522012579,0.0,0.0
2019-06-14 01:00:00,0.0,0.0,0.0,0.0,186.163522012579,0.0,0.0
2019-06-14 02:00:00,0.0,0.0,0.0,0.0,186.163522012579,0.0,0.0
2019-06-14 03:00:00,0.0,0.0,0.0,0.0,186.163522012579,0.0,0.0
2019-06-14 04:00:00,0.0,0.0,0.0,0.0,186.163522012579,0.0,0.0
2019-06-14 05:00:00,0.0,0.0,0.0,0.0,186.163522012579,0.0,0.0
2019-06-14 06:00:00,0.0,0.0,0.0,2607.7928581420097,186.163522012579,0.0,0.0
2019-06-14 07:00:00,258.301886792452,702.767295597484,998.301886792453,4032.76729559748,186.163522012579,518.930817610063,702.767295597484
2019-06-14 08:00:00,258.301886792452,702.767295597484,998.301886792453,4032.76729559748,186.163522012579,518.930817610063,702.767295597484
2019-06-14 09:00:00,258.301886792452,702.767295597484,998.301886792453,4032.76729559748,186.163522012579,518.930817610063,702.767295597484
2019-06-14 10:00:00,258.301886792452,702.767295597484,998.301886792453,4032.76729559748,186.163522012579,518.930817610063,702.767295597484
2019-06-14 11:00:00,258.301886792452,702.767295597484,998.301886792453,4032.76729559748,186.163522012579,518.930817610063,702.767295597484
2019-06-14 12:00:00,258.301886792452,702.767295597484,998.301886792453,4032.76729559748,186.163522012579,518.930817610063,702.767295597484
2019-06-14 13:00:00,258.301886792452,702.767295597484,998.301886792453,4032.76729559748,186.163522012579,518.930817610063,702.767295597484
2019-06-14 14:00:00,258.301886792452,702.767295597484,998.301886792453,4032.76729559748,0.0,518.930817610063,702.767295597484
2019-06-14 15:00:00,0.0,702.767295597484,998.301886792453,4032.76729559748,0.0,0.0,0.0
2019-06-14 16:00:00,0.0,0.0,0.0,0.0,0.0,0.0,0.0
2019-06-14 17:00:00,0.0,0.0,0.0,0.0,0.0,0.0,0.0
2019-06-14 18:00:00,0.0,0.0,0.0,0.0,0.0,0.0,0.0
2019-06-14 19:00:00,0.0,0.0,0.0,0.0,0.0,0.0,0.0
2019-06-14 20:00:00,0.0,0.0,0.0,0.0,0.0,0.0,0.0
2019-06-14 21:00:00,0.0,0.0,0.0,0.0,0.0,0.0,0.0
2019-06-14 22:00:00,0.0,0.0,0.0,0.0,0.0,0.0,0.0
2019-06-14 23:00:00,0.0,0.0,0.0,0.0,0.0,0.0,0.0
2019-06-15 00:00:00,0.0,0.0,0.0,0.0,0.0,0.0,0.0
2019-06-15 01:00:00,0.0,0.0,0.0,0.0,0.0,0.0,0.0
2019-06-15 02:00:00,0.0,0.0,0.0,0.0,0.0,0.0,0.0
2019-06-15 03:00:00,0.0,0.0,0.0,0.0,0.0,0.0,0.0
2019-06-15 04:00:00,0.0,0.0,0.0,0.0,0.0,0.0,0.0
2019-06-15 05:00:00,0.0,0.0,0.0,0.0,0.0,0.0,0.0
2019-06-15 06:00:00,0.0,0.0,0.0,2389.32457661646,0.0,0.0,0.0
2019-06-15 07:00:00,258.301886792452,702.767295597484,998.301886792453,4032.76729559748,0.0,518.930817610063,702.767295597484
2019-06-15 08:00:00,258.301886792452,702.767295597484,998.301886792453,4032.76729559748,186.163522012579,518.930817610063,702.767295597484
2019-06-15 09:00:00,258.301886792452,702.767295597484,998.301886792453,4032.76729559748,186.163522012579,518.930817610063,702.767295597484
2019-06-15 10:00:00,258.301886792452,702.767295597484,998.301886792453,4032.76729559748,186.163522012579,518.930817610063,702.767295597484
2019-06-15 11:00:00,258.301886792452,702.767295597484,998.301886792453,4032.76729559748,186.163522012579,518.930817610063,702.767295597484
2019-06-15 12:00:00,258.301886792452,702.767295597484,998.301886792453,4032.76729559748,186.163522012579,518.930817610063,702.767295597484
2019-06-15 13:00:00,258.301886792452,702.767295597484,998.301886792453,4032.76729559748,186.163522012579,518.930817610063,702.767295597484
2019-06-15 14:00:00,258.301886792452,702.767295597484,998.301886792453,4032.76729559748,186.163522012579,518.930817610063,702.767295597484
2019-06-15 15:00:00,258.301886792452,702.767295597484,998.301886792453,4032.76729559748,0.0,518.930817610063,702.767295597484
2019-06-15 16:00:00,0.0,702.767295597484,0.0,4032.76729559748,0.0,0.0,0.0
2019-06-15 17:00:00,0.0,702.767295597484,0.0,4032.76729559748,0.0,0.0,0.0
2019-06-15 18:00:00,0.0,702.767295597484,0.0,4032.76729559748,0.0,0.0,0.0
2019-06-15 19:00:00,0.0,702.767295597484,0.0,4032.76729559748,0.0,0.0,0.0
2019-06-15 20:00:00,0.0,702.767295597484,0.0,4032.76729559748,0.0,0.0,0.0
2019-06-15 21:00:00,0.0,702.767295597484,0.0,4032.76729559748,0.0,0.0,0.0
2019-06-15 22:00:00,0.0,702.767295597484,0.0,4032.76729559748,0.0,0.0,0.0
2019-06-15 23:00:00,0.0,702.767295597484,0.0,0.0,0.0,0.0,0.0
2019-06-16 00:00:00,0.0,702.767295597484,0.0,977.9040890009244,0.0,0.0,0.0
2019-06-16 01:00:00,0.0,0.0,0.0,0.0,0.0,0.0,0.0
2019-06-16 02:00:00,0.0,0.0,0.0,0.0,0.0,0.0,0.0
2019-06-16 03:00:00,0.0,702.767295597484,0.0,0.0,0.0,0.0,0.0
2019-06-16 04:00:00,0.0,7.593987964366079,0.0,0.0,0.0,0.0,0.0
2019-06-16 05:00:00,0.0,702.767295597484,0.0,1172.9020826861279,0.0,0.0,0.0
2019-06-16 06:00:00,258.301886792452,702.767295597484,998.301886792453,4032.76729559748,186.163522012579,518.930817610063,702.767295597484
2019-06-16 07:00:00,258.301886792452,702.767295597484,998.301886792453,4032.76729559748,186.163522012579,518.930817610063,702.767295597484
2019-06-16 08:00:00,258.301886792452,702.767295597484,998.301886792453,4032.76729559748,186.163522012579,518.930817610063,702.767295597484
2019-06-16 09:00:00,258.301886792452,702.767295597484,998.301886792453,4032.76729559748,186.163522012579,518.930817610063,702.767295597484
2019-06-16 10:00:00,258.301886792452,702.767295597484,998.301886792453,4032.76729559748,186.163522012579,518.930817610063,702.767295597484
2019-06-16 11:00:00,258.301886792452,702.767295597484,998.301886792453,4032.76729559748,186.163522012579,518.930817610063,702.767295597484
2019-06-16 12:00:00,258.301886792452,702.767295597484,998.301886792453,4032.76729559748,186.163522012579,518.930817610063,702.767295597484
2019-06-16 13:00:00,258.301886792452,702.767295597484,998.301886792453,4032.76729559748,186.163522012579,518.930817610063,702.767295597484
2019-06-16 14:00:00,258.301886792452,702.767295597484,998.301886792453,4032.76729559748,186.163522012579,518.930817610063,702.767295597484
2019-06-16 15:00:00,258.301886792452,702.767295597484,998.301886792453,4032.76729559748,186.163522012579,518.930817610063,702.767295597484
2019-06-16 16:00:00,258.301886792452,702.767295597484,998.301886792453,4032.76729559748,186.163522012579,518.930817610063,702.767295597484
2019-06-16 17:00:00,0.0,0.0,0.0,0.0,0.0,0.0,0.0
2019-06-16 18:00:00,0.0,0.0,0.0,0.0,0.0,0.0,0.0
2019-06-16 19:00:00,0.0,0.0,0.0,0.0,0.0,0.0,0.0
2019-06-16 20:00:00,0.0,0.0,0.0,0.0,0.0,0.0,0.0
2019-06-16 21:00:00,0.0,0.0,0.0,0.0,0.0,0.0,0.0
2019-06-16 22:00:00,0.0,0.0,0.0,0.0,0.0,0.0,0.0
2019-06-16 23:00:00,0.0,0.0,0.0,0.0,0.0,0.0,0.0
2019-06-17 00:00:00,0.0,0.0,0.0,0.0,0.0,0.0,0.0
2019-06-17 01:00:00,0.0,0.0,0.0,0.0,0.0,0.0,0.0
2019-06-17 02:00:00,0.0,0.0,0.0,0.0,0.0,0.0,0.0
2019-06-17 03:00:00,0.0,0.0,0.0,0.0,0.0,0.0,0.0
2019-06-17 04:00:00,0.0,0.0,0.0,0.0,0.0,0.0,0.0
2019-06-17 05:00:00,0.0,0.0,0.0,0.0,0.0,0.0,0.0
2019-06-17 06:00:00,0.0,0.0,0.0,0.0,0.0,0.0,0.0
2019-06-17 07:00:00,258.301886792452,702.767295597484,998.301886792453,4032.76729559748,0.0,518.930817610063,702.767295597484
2019-06-17 08:00:00,258.301886792452,702.767295597484,998.301886792453,4032.76729559748,186.163522012579,518.930817610063,702.767295597484
2019-06-17 09:00:00,258.301886792452,702.767295597484,998.301886792453,4032.76729559748,186.163522012579,518.930817610063,702.767295597484
2019-06-17 10:00:00,258.301886792452,702.767295597484,998.301886792453,4032.76729559748,186.163522012579,518.930817610063,702.767295597484
2019-06-17 11:00:00,258.301886792452,702.767295597484,998.301886792453,4032.76729559748,186.163522012579,518.930817610063,702.767295597484
2019-06-17 12:00:00,258.301886792452,702.767295597484,998.301886792453,4032.76729559748,186.163522012579,518.930817610063,702.767295597484
2019-06-17 13:00:00,258.301886792452,702.767295597484,998.301886792453,4032.76729559748,186.163522012579,518.930817610063,702.767295597484
2019-06-17 14:00:00,258.301886792452,702.767295597484,998.301886792453,4032.76729559748,0.0,518.930817610063,702.767295597484
2019-06-17 15:00:00,0.0,0.0,0.0,3382.5046399535613,0.0,0.0,0.0
2019-06-17 16:00:00,0.0,0.0,0.0,0.0,0.0,0.0,0.0
2019-06-17 17:00:00,0.0,0.0,0.0,0.0,0.0,0.0,0.0
2019-06-17 18:00:00,0.0,0.0,0.0,0.0,0.0,0.0,0.0
2019-06-17 19:00:00,0.0,0.0,0.0,0.0,0.0,0.0,0.0
2019-06-17 20:00:00,0.0,0.0,0.0,0.0,0.0,0.0,0.0
2019-06-17 21:00:00,0.0,0.0,0.0,0.0,0.0,0.0,0.0
2019-06-17 22:00:00,0.0,0.0,0.0,0.0,0.0,0.0,0.0
2019-06-17 23:00:00,0.0,0.0,0.0,0.0,0.0,0.0,0.0
2019-06-18 00:00:00,0.0,0.0,0.0,0.0,0.0,0.0,0.0
2019-06-18 01:00:00,0.0,0.0,0.0,0.0,0.0,0.0,0.0
2019-06-18 02:00:00,0.0,0.0,0.0,0.0,0.0,0.0,0.0
2019-06-18 03:00:00,0.0,0.0,0.0,0.0,0.0,0.0,0.0
2019-06-18 04:00:00,0.0,0.0,0.0,0.0,0.0,0.0,0.0
2019-06-18 05:00:00,0.0,0.0,0.0,0.0,0.0,0.0,0.0
2019-06-18 06:00:00,0.0,0.0,0.0,0.0,0.0,0.0,0.0
2019-06-18 07:00:00,258.301886792452,702.767295597484,998.301886792453,4032.76729559748,0.0,518.930817610063,702.767295597484
2019-06-18 08:00:00,258.301886792452,702.767295597484,998.301886792453,4032.76729559748,0.0,518.930817610063,702.767295597484
2019-06-18 09:00:00,258.301886792452,702.767295597484,998.301886792453,4032.76729559748,186.163522012579,518.930817610063,702.767295597484
2019-06-18 10:00:00,258.301886792452,702.767295597484,998.301886792453,4032.76729559748,186.163522012579,518.930817610063,702.767295597484
2019-06-18 11:00:00,258.301886792452,702.767295597484,998.301886792453,4032.76729559748,186.163522012579,518.930817610063,702.767295597484
2019-06-18 12:00:00,258.301886792452,702.767295597484,998.301886792453,4032.76729559748,0.0,518.930817610063,702.767295597484
2019-06-18 13:00:00,258.301886792452,702.767295597484,998.301886792453,4032.76729559748,0.0,518.930817610063,702.767295597484
2019-06-18 14:00:00,258.301886792452,702.767295597484,998.301886792453,4032.76729559748,0.0,518.930817610063,702.767295597484
2019-06-18 15:00:00,0.0,0.0,0.0,0.0,0.0,0.0,0.0
2019-06-18 16:00:00,0.0,0.0,0.0,0.0,0.0,0.0,0.0
2019-06-18 17:00:00,0.0,0.0,0.0,0.0,0.0,0.0,0.0
2019-06-18 18:00:00,0.0,0.0,0.0,0.0,0.0,0.0,0.0
2019-06-18 19:00:00,0.0,0.0,0.0,0.0,0.0,0.0,0.0
2019-06-18 20:00:00,0.0,0.0,0.0,0.0,0.0,0.0,0.0
2019-06-18 21:00:00,0.0,0.0,0.0,0.0,0.0,0.0,0.0
2019-06-18 22:00:00,0.0,0.0,0.0,0.0,0.0,0.0,0.0
2019-06-18 23:00:00,0.0,0.0,0.0,0.0,0.0,0.0,0.0
2019-06-19 00:00:00,0.0,0.0,0.0,0.0,0.0,0.0,0.0
2019-06-19 01:00:00,0.0,0.0,0.0,0.0,0.0,0.0,0.0
2019-06-19 02:00:00,0.0,0.0,0.0,0.0,0.0,0.0,0.0
2019-06-19 03:00:00,0.0,0.0,0.0,0.0,0.0,0.0,0.0
2019-06-19 04:00:00,0.0,0.0,0.0,0.0,0.0,0.0,0.0
2019-06-19 05:00:00,0.0,0.0,0.0,0.0,0.0,0.0,0.0
2019-06-19 06:00:00,0.0,0.0,0.0,0.0,0.0,0.0,0.0
2019-06-19 07:00:00,258.301886792452,702.767295597484,998.301886792453,4032.76729559748,0.0,518.930817610063,702.767295597484
2019-06-19 08:00:00,258.301886792452,702.767295597484,998.301886792453,4032.76729559748,0.0,518.930817610063,702.767295597484
2019-06-19 09:00:00,258.301886792452,702.767295597484,998.301886792453,4032.76729559748,186.163522012579,518.930817610063,702.767295597484
2019-06-19 10:00:00,258.301886792452,702.767295597484,998.301886792453,4032.76729559748,186.163522012579,518.930817610063,702.767295597484
2019-06-19 11:00:00,258.301886792452,702.767295597484,998.301886792453,4032.76729559748,186.163522012579,518.930817610063,702.767295597484
2019-06-19 12:00:00,258.301886792452,702.767295597484,998.301886792453,4032.76729559748,186.163522012579,518.930817610063,702.767295597484
2019-06-19 13:00:00,258.301886792452,702.767295597484,998.301886792453,4032.76729559748,0.0,518.930817610063,702.767295597484
2019-06-19 14:00:00,258.301886792452,702.767295597484,998.301886792453,4032.76729559748,0.0,518.930817610063,702.767295597484
2019-06-19 15:00:00,0.0,0.0,0.0,196.11743546462822,0.0,0.0,0.0
2019-06-19 16:00:00,0.0,0.0,0.0,0.0,0.0,0.0,0.0
2019-06-19 17:00:00,0.0,0.0,0.0,0.0,0.0,0.0,0.0
2019-06-19 18:00:00,0.0,0.0,0.0,0.0,0.0,0.0,0.0
2019-06-19 19:00:00,0.0,0.0,0.0,0.0,0.0,0.0,0.0
2019-06-19 20:00:00,0.0,0.0,0.0,0.0,0.0,0.0,0.0
2019-06-19 21:00:00,0.0,0.0,0.0,0.0,0.0,0.0,0.0
2019-06-19 22:00:00,0.0,0.0,0.0,0.0,0.0,0.0,0.0
2019-06-19 23:00:00,0.0,0.0,0.0,0.0,0.0,0.0,0.0
2019-06-20 00:00:00,0.0,0.0,0.0,0.0,0.0,0.0,0.0
2019-06-20 01:00:00,0.0,0.0,0.0,0.0,0.0,0.0,0.0
2019-06-20 02:00:00,0.0,0.0,0.0,0.0,0.0,0.0,0.0
2019-06-20 03:00:00,0.0,0.0,0.0,0.0,0.0,0.0,0.0
2019-06-20 04:00:00,0.0,0.0,0.0,0.0,0.0,0.0,0.0
2019-06-20 05:00:00,0.0,0.0,0.0,0.0,0.0,0.0,0.0
2019-06-20 06:00:00,0.0,0.0,0.0,0.0,0.0,0.0,0.0
2019-06-20 07:00:00,258.301886792452,702.767295597484,998.301886792453,4032.76729559748,0.0,518.930817610063,702.767295597484
2019-06-20 08:00:00,258.301886792452,702.767295597484,998.301886792453,4032.76729559748,0.0,518.930817610063,702.767295597484
2019-06-20 09:00:00,258.301886792452,702.767295597484,998.301886792453,4032.76729559748,0.0,518.930817610063,702.767295597484
2019-06-20 10:00:00,258.301886792452,702.767295597484,998.301886792453,4032.76729559748,0.0,518.930817610063,702.767295597484
2019-06-20 11:00:00,258.301886792452,702.767295597484,998.301886792453,4032.76729559748,0.0,518.930817610063,702.767295597484
2019-06-20 12:00:00,258.301886792452,702.767295597484,998.301886792453,4032.76729559748,0.0,518.930817610063,702.767295597484
2019-06-20 13:00:00,258.301886792452,702.767295597484,998.301886792453,4032.76729559748,0.0,518.930817610063,702.767295597484
2019-06-20 14:00:00,258.301886792452,702.767295597484,998.301886792453,4032.76729559748,0.0,518.930817610063,702.767295597484
2019-06-20 15:00:00,0.0,0.0,0.0,2773.654298020754,0.0,0.0,0.0
2019-06-20 16:00:00,0.0,0.0,0.0,0.0,0.0,0.0,0.0
2019-06-20 17:00:00,0.0,0.0,0.0,0.0,0.0,0.0,0.0
2019-06-20 18:00:00,0.0,0.0,0.0,0.0,0.0,0.0,0.0
2019-06-20 19:00:00,0.0,0.0,0.0,0.0,0.0,0.0,0.0
2019-06-20 20:00:00,0.0,0.0,0.0,0.0,0.0,0.0,0.0
2019-06-20 21:00:00,0.0,0.0,0.0,0.0,0.0,0.0,0.0
2019-06-20 22:00:00,0.0,0.0,0.0,0.0,0.0,0.0,0.0
2019-06-20 23:00:00,0.0,0.0,0.0,0.0,0.0,0.0,0.0
2019-06-21 00:00:00,0.0,0.0,0.0,0.0,0.0,0.0,0.0
2019-06-21 01:00:00,0.0,0.0,0.0,0.0,0.0,0.0,0.0
2019-06-21 02:00:00,0.0,0.0,0.0,0.0,0.0,0.0,0.0
2019-06-21 03:00:00,0.0,0.0,0.0,0.0,0.0,0.0,0.0
2019-06-21 04:00:00,0.0,0.0,0.0,0.0,0.0,0.0,0.0
2019-06-21 05:00:00,0.0,0.0,0.0,0.0,0.0,0.0,0.0
2019-06-21 06:00:00,0.0,0.0,0.0,0.0,0.0,0.0,0.0
2019-06-21 07:00:00,258.301886792452,702.767295597484,998.301886792453,4032.76729559748,0.0,518.930817610063,702.767295597484
2019-06-21 08:00:00,258.301886792452,702.767295597484,998.301886792453,4032.76729559748,0.0,518.930817610063,702.767295597484
2019-06-21 09:00:00,258.301886792452,702.767295597484,998.301886792453,4032.76729559748,0.0,518.930817610063,702.767295597484
2019-06-21 10:00:00,258.301886792452,702.767295597484,998.301886792453,4032.76729559748,104.73504865549376,518.930817610063,702.767295597484
2019-06-21 11:00:00,258.301886792452,702.767295597484,998.301886792453,4032.76729559748,0.0,518.930817610063,702.767295597484
2019-06-21 12:00:00,258.301886792452,702.767295597484,998.301886792453,4032.76729559748,0.0,518.930817610063,702.767295597484
2019-06-21 13:00:00,258.301886792452,702.767295597484,998.301886792453,4032.76729559748,0.0,518.930817610063,702.767295597484
2019-06-21 14:00:00,258.301886792452,702.767295597484,998.301886792453,4032.76729559748,0.0,518.930817610063,702.767295597484
2019-06-21 15:00:00,0.0,0.0,0.0,897.4161264426757,0.0,0.0,0.0
2019-06-21 16:00:00,0.0,0.0,0.0,0.0,0.0,0.0,0.0
2019-06-21 17:00:00,0.0,0.0,0.0,0.0,0.0,0.0,0.0
2019-06-21 18:00:00,0.0,0.0,0.0,0.0,0.0,0.0,0.0
2019-06-21 19:00:00,0.0,0.0,0.0,0.0,0.0,0.0,0.0
2019-06-21 20:00:00,0.0,0.0,0.0,0.0,0.0,0.0,0.0
2019-06-21 21:00:00,0.0,0.0,0.0,0.0,0.0,0.0,0.0
2019-06-21 22:00:00,0.0,0.0,0.0,0.0,0.0,0.0,0.0
2019-06-21 23:00:00,0.0,0.0,0.0,0.0,0.0,0.0,0.0
2019-06-22 00:00:00,0.0,0.0,0.0,0.0,0.0,0.0,0.0
2019-06-22 01:00:00,0.0,0.0,0.0,0.0,0.0,0.0,0.0
2019-06-22 02:00:00,0.0,0.0,0.0,0.0,0.0,0.0,0.0
2019-06-22 03:00:00,0.0,0.0,0.0,0.0,0.0,0.0,0.0
2019-06-22 04:00:00,0.0,0.0,0.0,0.0,0.0,0.0,0.0
2019-06-22 05:00:00,0.0,0.0,0.0,0.0,0.0,0.0,0.0
2019-06-22 06:00:00,0.0,0.0,0.0,0.0,0.0,0.0,0.0
2019-06-22 07:00:00,0.0,702.767295597484,0.0,4032.76729559748,0.0,0.0,0.0
2019-06-22 08:00:00,258.301886792452,702.767295597484,998.301886792453,4032.76729559748,0.0,518.930817610063,702.767295597484
2019-06-22 09:00:00,258.301886792452,702.767295597484,998.301886792453,4032.76729559748,0.0,518.930817610063,702.767295597484
2019-06-22 10:00:00,258.301886792452,702.767295597484,998.301886792453,4032.76729559748,0.0,518.930817610063,702.767295597484
2019-06-22 11:00:00,258.301886792452,702.767295597484,998.301886792453,4032.76729559748,0.0,518.930817610063,702.767295597484
2019-06-22 12:00:00,258.301886792452,702.767295597484,998.301886792453,4032.76729559748,77.86352564916615,518.930817610063,702.767295597484
2019-06-22 13:00:00,258.301886792452,702.767295597484,998.301886792453,4032.76729559748,0.0,518.930817610063,702.767295597484
2019-06-22 14:00:00,258.301886792452,702.767295597484,998.301886792453,4032.76729559748,0.0,518.930817610063,702.767295597484
2019-06-22 15:00:00,258.301886792452,702.767295597484,998.301886792453,4032.76729559748,0.0,518.930817610063,702.767295597484
2019-06-22 16:00:00,0.0,702.767295597484,0.0,4032.76729559748,0.0,0.0,0.0
2019-06-22 17:00:00,0.0,702.767295597484,0.0,4032.76729559748,0.0,0.0,0.0
2019-06-22 18:00:00,0.0,702.767295597484,0.0,4032.76729559748,0.0,0.0,0.0
2019-06-22 19:00:00,0.0,702.767295597484,0.0,4032.76729559748,0.0,0.0,0.0
2019-06-22 20:00:00,0.0,702.767295597484,0.0,4032.76729559748,0.0,0.0,0.0
2019-06-22 21:00:00,0.0,702.767295597484,0.0,4032.76729559748,0.0,0.0,0.0
2019-06-22 22:00:00,0.0,702.767295597484,0.0,4032.76729559748,0.0,0.0,0.0
2019-06-22 23:00:00,0.0,702.767295597484,0.0,4032.76729559748,0.0,0.0,0.0
2019-06-23 00:00:00,0.0,702.767295597484,0.0,4032.76729559748,0.0,0.0,0.0
2019-06-23 01:00:00,0.0,702.767295597484,0.0,4032.76729559748,0.0,0.0,0.0
2019-06-23 02:00:00,0.0,702.767295597484,0.0,4032.76729559748,0.0,0.0,0.0
2019-06-23 03:00:00,0.0,702.767295597484,0.0,4032.76729559748,0.0,0.0,0.0
2019-06-23 04:00:00,0.0,702.767295597484,0.0,4032.76729559748,0.0,0.0,0.0
2019-06-23 05:00:00,0.0,702.767295597484,0.0,4032.76729559748,0.0,0.0,0.0
2019-06-23 06:00:00,258.301886792452,702.767295597484,998.301886792453,4032.76729559748,186.163522012579,518.930817610063,702.767295597484
2019-06-23 07:00:00,258.301886792452,702.767295597484,998.301886792453,4032.76729559748,186.163522012579,518.930817610063,702.767295597484
2019-06-23 08:00:00,258.301886792452,702.767295597484,998.301886792453,4032.76729559748,186.163522012579,518.930817610063,702.767295597484
2019-06-23 09:00:00,258.301886792452,702.767295597484,998.301886792453,4032.76729559748,186.163522012579,518.930817610063,702.767295597484
2019-06-23 10:00:00,258.301886792452,702.767295597484,998.301886792453,4032.76729559748,186.163522012579,518.930817610063,702.767295597484
2019-06-23 11:00:00,258.301886792452,702.767295597484,998.301886792453,4032.76729559748,186.163522012579,518.930817610063,702.767295597484
2019-06-23 12:00:00,258.301886792452,702.767295597484,998.301886792453,4032.76729559748,186.163522012579,518.930817610063,702.767295597484
2019-06-23 13:00:00,258.301886792452,702.767295597484,998.301886792453,4032.76729559748,186.163522012579,518.930817610063,702.767295597484
2019-06-23 14:00:00,258.301886792452,702.767295597484,998.301886792453,4032.76729559748,186.163522012579,518.930817610063,702.767295597484
2019-06-23 15:00:00,258.301886792452,702.767295597484,998.301886792453,4032.76729559748,186.163522012579,518.930817610063,702.767295597484
2019-06-23 16:00:00,0.0,702.767295597484,0.0,2515.7195402022708,0.0,0.0,0.0
2019-06-23 17:00:00,0.0,0.0,0.0,0.0,0.0,0.0,0.0
2019-06-23 18:00:00,0.0,0.0,0.0,0.0,0.0,0.0,0.0
2019-06-23 19:00:00,0.0,0.0,0.0,0.0,0.0,0.0,0.0
2019-06-23 20:00:00,0.0,0.0,0.0,0.0,0.0,0.0,0.0
2019-06-23 21:00:00,0.0,0.0,0.0,0.0,0.0,0.0,0.0
2019-06-23 22:00:00,0.0,0.0,0.0,0.0,0.0,0.0,0.0
2019-06-23 23:00:00,0.0,0.0,0.0,0.0,0.0,0.0,0.0
2019-06-24 00:00:00,0.0,0.0,0.0,0.0,0.0,0.0,0.0
2019-06-24 01:00:00,0.0,0.0,0.0,0.0,0.0,0.0,0.0
2019-06-24 02:00:00,0.0,0.0,0.0,0.0,0.0,0.0,0.0
2019-06-24 03:00:00,0.0,0.0,0.0,0.0,0.0,0.0,0.0
2019-06-24 04:00:00,0.0,0.0,0.0,0.0,0.0,0.0,0.0
2019-06-24 05:00:00,0.0,0.0,0.0,0.0,0.0,0.0,0.0
2019-06-24 06:00:00,0.0,0.0,0.0,0.0,0.0,0.0,0.0
2019-06-24 07:00:00,258.301886792452,702.767295597484,998.301886792453,4032.76729559748,0.0,518.930817610063,702.767295597484
2019-06-24 08:00:00,258.301886792452,702.767295597484,998.301886792453,4032.76729559748,186.163522012579,518.930817610063,702.767295597484
2019-06-24 09:00:00,258.301886792452,702.767295597484,998.301886792453,4032.76729559748,186.163522012579,518.930817610063,702.767295597484
2019-06-24 10:00:00,258.301886792452,702.767295597484,998.301886792453,4032.76729559748,186.163522012579,518.930817610063,702.767295597484
2019-06-24 11:00:00,258.301886792452,702.767295597484,998.301886792453,4032.76729559748,186.163522012579,518.930817610063,702.767295597484
2019-06-24 12:00:00,258.301886792452,702.767295597484,998.301886792453,4032.76729559748,186.163522012579,518.930817610063,702.767295597484
2019-06-24 13:00:00,258.301886792452,702.767295597484,998.301886792453,4032.76729559748,186.163522012579,518.930817610063,702.767295597484
2019-06-24 14:00:00,258.301886792452,702.767295597484,998.301886792453,4032.76729559748,186.163522012579,518.930817610063,702.767295597484
2019-06-24 15:00:00,258.301886792452,702.767295597484,998.301886792453,4032.76729559748,0.0,518.930817610063,702.767295597484
2019-06-24 16:00:00,0.0,0.0,0.0,0.0,0.0,0.0,0.0
2019-06-24 17:00:00,0.0,0.0,0.0,0.0,0.0,0.0,0.0
2019-06-24 18:00:00,0.0,0.0,0.0,0.0,0.0,0.0,0.0
2019-06-24 19:00:00,0.0,0.0,0.0,0.0,0.0,0.0,0.0
2019-06-24 20:00:00,0.0,0.0,0.0,0.0,0.0,0.0,0.0
2019-06-24 21:00:00,0.0,0.0,0.0,0.0,0.0,0.0,0.0
2019-06-24 22:00:00,0.0,0.0,0.0,0.0,0.0,0.0,0.0
2019-06-24 23:00:00,0.0,0.0,0.0,0.0,0.0,0.0,0.0
2019-06-25 00:00:00,0.0,0.0,0.0,0.0,0.0,0.0,0.0
2019-06-25 01:00:00,0.0,0.0,0.0,0.0,0.0,0.0,0.0
2019-06-25 02:00:00,0.0,0.0,0.0,0.0,0.0,0.0,0.0
2019-06-25 03:00:00,0.0,0.0,0.0,0.0,0.0,0.0,0.0
2019-06-25 04:00:00,0.0,0.0,0.0,0.0,0.0,0.0,0.0
2019-06-25 05:00:00,0.0,0.0,0.0,0.0,0.0,0.0,0.0
2019-06-25 06:00:00,0.0,0.0,0.0,0.0,0.0,0.0,0.0
2019-06-25 07:00:00,258.301886792452,702.767295597484,998.301886792453,4032.76729559748,0.0,518.930817610063,702.767295597484
2019-06-25 08:00:00,258.301886792452,702.767295597484,998.301886792453,4032.76729559748,186.163522012579,518.930817610063,702.767295597484
2019-06-25 09:00:00,258.301886792452,702.767295597484,998.301886792453,4032.76729559748,186.163522012579,518.930817610063,702.767295597484
2019-06-25 10:00:00,258.301886792452,702.767295597484,998.301886792453,4032.76729559748,186.163522012579,518.930817610063,702.767295597484
2019-06-25 11:00:00,258.301886792452,702.767295597484,998.301886792453,4032.76729559748,186.163522012579,518.930817610063,702.767295597484
2019-06-25 12:00:00,258.301886792452,702.767295597484,998.301886792453,4032.76729559748,186.163522012579,518.930817610063,702.767295597484
2019-06-25 13:00:00,258.301886792452,702.767295597484,998.301886792453,4032.76729559748,186.163522012579,518.930817610063,702.767295597484
2019-06-25 14:00:00,258.301886792452,702.767295597484,998.301886792453,4032.76729559748,0.0,518.930817610063,702.767295597484
2019-06-25 15:00:00,258.301886792452,702.767295597484,998.301886792453,4032.76729559748,0.0,518.930817610063,702.767295597484
2019-06-25 16:00:00,0.0,0.0,0.0,0.0,0.0,0.0,0.0
2019-06-25 17:00:00,0.0,0.0,0.0,0.0,0.0,0.0,0.0
2019-06-25 18:00:00,0.0,0.0,0.0,0.0,0.0,0.0,0.0
2019-06-25 19:00:00,0.0,0.0,0.0,0.0,0.0,0.0,0.0
2019-06-25 20:00:00,0.0,0.0,0.0,0.0,0.0,0.0,0.0
2019-06-25 21:00:00,0.0,0.0,0.0,0.0,0.0,0.0,0.0
2019-06-25 22:00:00,0.0,0.0,0.0,0.0,0.0,0.0,0.0
2019-06-25 23:00:00,0.0,0.0,0.0,0.0,0.0,0.0,0.0
2019-06-26 00:00:00,0.0,0.0,0.0,0.0,0.0,0.0,0.0
2019-06-26 01:00:00,0.0,0.0,0.0,0.0,0.0,0.0,0.0
2019-06-26 02:00:00,0.0,0.0,0.0,0.0,0.0,0.0,0.0
2019-06-26 03:00:00,0.0,0.0,0.0,0.0,0.0,0.0,0.0
2019-06-26 04:00:00,0.0,0.0,0.0,0.0,0.0,0.0,0.0
2019-06-26 05:00:00,0.0,0.0,0.0,0.0,0.0,0.0,0.0
2019-06-26 06:00:00,0.0,0.0,0.0,0.0,0.0,0.0,0.0
2019-06-26 07:00:00,258.301886792452,702.767295597484,998.301886792453,4032.76729559748,0.0,518.930817610063,702.767295597484
2019-06-26 08:00:00,258.301886792452,702.767295597484,998.301886792453,4032.76729559748,0.0,518.930817610063,702.767295597484
2019-06-26 09:00:00,258.301886792452,702.767295597484,998.301886792453,4032.76729559748,186.163522012579,518.930817610063,702.767295597484
2019-06-26 10:00:00,258.301886792452,702.767295597484,998.301886792453,4032.76729559748,186.163522012579,518.930817610063,702.767295597484
2019-06-26 11:00:00,258.301886792452,702.767295597484,998.301886792453,4032.76729559748,186.163522012579,518.930817610063,702.767295597484
2019-06-26 12:00:00,258.301886792452,702.767295597484,998.301886792453,4032.76729559748,186.163522012579,518.930817610063,702.767295597484
2019-06-26 13:00:00,258.301886792452,702.767295597484,998.301886792453,4032.76729559748,0.0,518.930817610063,702.767295597484
2019-06-26 14:00:00,258.301886792452,702.767295597484,998.301886792453,4032.76729559748,0.0,518.930817610063,702.767295597484
2019-06-26 15:00:00,0.0,0.0,0.0,2703.8061108035986,0.0,0.0,0.0
2019-06-26 16:00:00,0.0,0.0,0.0,0.0,0.0,0.0,0.0
2019-06-26 17:00:00,0.0,0.0,0.0,0.0,0.0,0.0,0.0
2019-06-26 18:00:00,0.0,0.0,0.0,0.0,0.0,0.0,0.0
2019-06-26 19:00:00,0.0,0.0,0.0,0.0,0.0,0.0,0.0
2019-06-26 20:00:00,0.0,0.0,0.0,0.0,0.0,0.0,0.0
2019-06-26 21:00:00,0.0,0.0,0.0,0.0,0.0,0.0,0.0
2019-06-26 22:00:00,0.0,0.0,0.0,0.0,0.0,0.0,0.0
2019-06-26 23:00:00,0.0,0.0,0.0,0.0,0.0,0.0,0.0
2019-06-27 00:00:00,0.0,0.0,0.0,0.0,0.0,0.0,0.0
2019-06-27 01:00:00,0.0,0.0,0.0,0.0,0.0,0.0,0.0
2019-06-27 02:00:00,0.0,0.0,0.0,0.0,0.0,0.0,0.0
2019-06-27 03:00:00,0.0,0.0,0.0,0.0,0.0,0.0,0.0
2019-06-27 04:00:00,0.0,0.0,0.0,0.0,0.0,0.0,0.0
2019-06-27 05:00:00,0.0,0.0,0.0,0.0,0.0,0.0,0.0
2019-06-27 06:00:00,0.0,0.0,0.0,0.0,0.0,0.0,0.0
2019-06-27 07:00:00,258.301886792452,702.767295597484,998.301886792453,4032.76729559748,0.0,0.0,444.9106582229915
2019-06-27 08:00:00,258.301886792452,702.767295597484,998.301886792453,4032.76729559748,0.0,518.930817610063,702.767295597484
2019-06-27 09:00:00,258.301886792452,702.767295597484,998.301886792453,4032.76729559748,0.0,518.930817610063,702.767295597484
2019-06-27 10:00:00,258.301886792452,702.767295597484,998.301886792453,4032.76729559748,0.0,518.930817610063,702.767295597484
2019-06-27 11:00:00,258.301886792452,702.767295597484,998.301886792453,4032.76729559748,0.0,518.930817610063,702.767295597484
2019-06-27 12:00:00,258.301886792452,702.767295597484,998.301886792453,4032.76729559748,0.0,518.930817610063,702.767295597484
2019-06-27 13:00:00,258.301886792452,702.767295597484,998.301886792453,4032.76729559748,0.0,518.930817610063,702.767295597484
2019-06-27 14:00:00,258.301886792452,702.767295597484,998.301886792453,4032.76729559748,0.0,518.930817610063,702.767295597484
2019-06-27 15:00:00,0.0,0.0,0.0,0.0,0.0,0.0,0.0
2019-06-27 16:00:00,0.0,0.0,0.0,0.0,0.0,0.0,0.0
2019-06-27 17:00:00,0.0,0.0,0.0,0.0,0.0,0.0,0.0
2019-06-27 18:00:00,0.0,0.0,0.0,0.0,0.0,0.0,0.0
2019-06-27 19:00:00,0.0,0.0,0.0,0.0,0.0,0.0,0.0
2019-06-27 20:00:00,0.0,0.0,0.0,0.0,0.0,0.0,0.0
2019-06-27 21:00:00,0.0,0.0,0.0,0.0,0.0,0.0,0.0
2019-06-27 22:00:00,0.0,0.0,0.0,0.0,0.0,0.0,0.0
2019-06-27 23:00:00,0.0,0.0,0.0,0.0,0.0,0.0,0.0
2019-06-28 00:00:00,0.0,0.0,0.0,0.0,0.0,0.0,0.0
2019-06-28 01:00:00,0.0,0.0,0.0,0.0,0.0,0.0,0.0
2019-06-28 02:00:00,0.0,0.0,0.0,0.0,0.0,0.0,0.0
2019-06-28 03:00:00,0.0,0.0,0.0,0.0,0.0,0.0,0.0
2019-06-28 04:00:00,0.0,0.0,0.0,0.0,0.0,0.0,0.0
2019-06-28 05:00:00,0.0,0.0,0.0,0.0,0.0,0.0,0.0
2019-06-28 06:00:00,0.0,0.0,0.0,0.0,0.0,0.0,0.0
2019-06-28 07:00:00,0.0,702.767295597484,781.8806126082354,4032.76729559748,0.0,0.0,0.0
2019-06-28 08:00:00,258.301886792452,702.767295597484,998.301886792453,4032.76729559748,0.0,518.930817610063,702.767295597484
2019-06-28 09:00:00,258.301886792452,702.767295597484,998.301886792453,4032.76729559748,0.0,518.930817610063,702.767295597484
2019-06-28 10:00:00,258.301886792452,702.767295597484,998.301886792453,4032.76729559748,0.0,518.930817610063,702.767295597484
2019-06-28 11:00:00,258.301886792452,702.767295597484,998.301886792453,4032.76729559748,0.0,518.930817610063,702.767295597484
2019-06-28 12:00:00,258.301886792452,702.767295597484,998.301886792453,4032.76729559748,0.0,518.930817610063,702.767295597484
2019-06-28 13:00:00,258.301886792452,702.767295597484,998.301886792453,4032.76729559748,0.0,518.930817610063,702.767295597484
2019-06-28 14:00:00,258.301886792452,702.767295597484,998.301886792453,4032.76729559748,0.0,518.930817610063,702.767295597484
2019-06-28 15:00:00,0.0,702.767295597484,0.0,782.154463453136,0.0,0.0,0.0
2019-06-28 16:00:00,0.0,0.0,0.0,0.0,0.0,0.0,0.0
2019-06-28 17:00:00,0.0,0.0,0.0,0.0,0.0,0.0,0.0
2019-06-28 18:00:00,0.0,0.0,0.0,0.0,0.0,0.0,0.0
2019-06-28 19:00:00,0.0,0.0,0.0,0.0,0.0,0.0,0.0
2019-06-28 20:00:00,0.0,0.0,0.0,0.0,0.0,0.0,0.0
2019-06-28 21:00:00,0.0,0.0,0.0,0.0,0.0,0.0,0.0
2019-06-28 22:00:00,0.0,0.0,0.0,0.0,0.0,0.0,0.0
2019-06-28 23:00:00,0.0,0.0,0.0,0.0,0.0,0.0,0.0
2019-06-29 00:00:00,0.0,0.0,0.0,0.0,0.0,0.0,0.0
2019-06-29 01:00:00,0.0,0.0,0.0,0.0,0.0,0.0,0.0
2019-06-29 02:00:00,0.0,0.0,0.0,0.0,0.0,0.0,0.0
2019-06-29 03:00:00,0.0,0.0,0.0,0.0,0.0,0.0,0.0
2019-06-29 04:00:00,0.0,0.0,0.0,0.0,0.0,0.0,0.0
2019-06-29 05:00:00,0.0,0.0,0.0,0.0,0.0,0.0,0.0
2019-06-29 06:00:00,258.301886792452,702.767295597484,0.0,4032.76729559748,0.0,0.0,500.92904385966835
2019-06-29 07:00:00,258.301886792452,702.767295597484,998.301886792453,4032.76729559748,0.0,518.930817610063,702.767295597484
2019-06-29 08:00:00,258.301886792452,702.767295597484,998.301886792453,4032.76729559748,186.163522012579,518.930817610063,702.767295597484
2019-06-29 09:00:00,258.301886792452,702.767295597484,998.301886792453,4032.76729559748,186.163522012579,518.930817610063,702.767295597484
2019-06-29 10:00:00,258.301886792452,702.767295597484,998.301886792453,4032.76729559748,186.163522012579,518.930817610063,702.767295597484
2019-06-29 11:00:00,258.301886792452,702.767295597484,998.301886792453,4032.76729559748,186.163522012579,518.930817610063,702.767295597484
2019-06-29 12:00:00,258.301886792452,702.767295597484,998.301886792453,4032.76729559748,186.163522012579,518.930817610063,702.767295597484
2019-06-29 13:00:00,258.301886792452,702.767295597484,998.301886792453,4032.76729559748,186.163522012579,518.930817610063,702.767295597484
2019-06-29 14:00:00,258.301886792452,702.767295597484,998.301886792453,4032.76729559748,186.163522012579,518.930817610063,702.767295597484
2019-06-29 15:00:00,258.301886792452,702.767295597484,998.301886792453,4032.76729559748,0.0,518.930817610063,702.767295597484
2019-06-29 16:00:00,0.0,0.0,0.0,1384.1787335307185,0.0,0.0,0.0
2019-06-29 17:00:00,0.0,0.0,0.0,0.0,0.0,0.0,0.0
2019-06-29 18:00:00,0.0,0.0,0.0,0.0,0.0,0.0,0.0
2019-06-29 19:00:00,0.0,0.0,0.0,0.0,0.0,0.0,0.0
2019-06-29 20:00:00,0.0,0.0,0.0,0.0,0.0,0.0,0.0
2019-06-29 21:00:00,0.0,0.0,0.0,0.0,0.0,0.0,0.0
2019-06-29 22:00:00,0.0,0.0,0.0,0.0,0.0,0.0,0.0
2019-06-29 23:00:00,0.0,0.0,0.0,0.0,0.0,0.0,0.0
2019-06-30 00:00:00,0.0,0.0,0.0,0.0,0.0,0.0,0.0
2019-06-30 01:00:00,0.0,0.0,0.0,0.0,0.0,0.0,0.0
2019-06-30 02:00:00,0.0,0.0,0.0,0.0,0.0,0.0,0.0
2019-06-30 03:00:00,0.0,0.0,0.0,0.0,0.0,0.0,0.0
2019-06-30 04:00:00,0.0,0.0,0.0,0.0,0.0,0.0,0.0
2019-06-30 05:00:00,0.0,0.0,0.0,0.0,0.0,0.0,0.0
2019-06-30 06:00:00,258.301886792452,702.767295597484,998.301886792453,4032.76729559748,0.0,518.930817610063,702.767295597484
2019-06-30 07:00:00,258.301886792452,702.767295597484,998.301886792453,4032.76729559748,186.163522012579,518.930817610063,702.767295597484
2019-06-30 08:00:00,258.301886792452,702.767295597484,998.301886792453,4032.76729559748,186.163522012579,518.930817610063,702.767295597484
2019-06-30 09:00:00,258.301886792452,702.767295597484,998.301886792453,4032.76729559748,186.163522012579,518.930817610063,702.767295597484
2019-06-30 10:00:00,258.301886792452,702.767295597484,998.301886792453,4032.76729559748,186.163522012579,518.930817610063,702.767295597484
2019-06-30 11:00:00,258.301886792452,702.767295597484,998.301886792453,4032.76729559748,186.163522012579,518.930817610063,702.767295597484
2019-06-30 12:00:00,258.301886792452,702.767295597484,998.301886792453,4032.76729559748,186.163522012579,518.930817610063,702.767295597484
2019-06-30 13:00:00,258.301886792452,702.767295597484,998.301886792453,4032.76729559748,186.163522012579,518.930817610063,702.767295597484
2019-06-30 14:00:00,258.301886792452,702.767295597484,998.301886792453,4032.76729559748,186.163522012579,518.930817610063,702.767295597484
2019-06-30 15:00:00,258.301886792452,702.767295597484,998.301886792453,4032.76729559748,0.0,518.930817610063,702.767295597484
2019-06-30 16:00:00,0.0,0.0,0.0,0.0,0.0,0.0,0.0
2019-06-30 17:00:00,0.0,0.0,0.0,0.0,0.0,0.0,0.0
2019-06-30 18:00:00,0.0,0.0,0.0,0.0,0.0,0.0,0.0
2019-06-30 19:00:00,0.0,0.0,0.0,0.0,0.0,0.0,0.0
2019-06-30 20:00:00,0.0,0.0,0.0,0.0,0.0,0.0,0.0
2019-06-30 21:00:00,0.0,0.0,0.0,0.0,0.0,0.0,0.0
2019-06-30 22:00:00,0.0,0.0,0.0,0.0,0.0,0.0,0.0
2019-06-30 23:00:00,0.0,0.0,0.0,0.0,0.0,0.0,0.0
2019-07-01 00:00:00,0.0,0.0,0.0,0.0,0.0,0.0,0.0
2019-07-01 01:00:00,0.0,0.0,0.0,0.0,0.0,0.0,0.0
2019-07-01 02:00:00,0.0,0.0,0.0,0.0,0.0,0.0,0.0
2019-07-01 03:00:00,0.0,0.0,0.0,0.0,0.0,0.0,0.0
2019-07-01 04:00:00,0.0,0.0,0.0,0.0,0.0,0.0,0.0
2019-07-01 05:00:00,0.0,0.0,0.0,0.0,0.0,0.0,0.0
2019-07-01 06:00:00,0.0,0.0,0.0,0.0,0.0,0.0,0.0
2019-07-01 07:00:00,258.301886792452,702.767295597484,998.301886792453,4032.76729559748,0.0,0.0,0.0
2019-07-01 08:00:00,258.301886792452,702.767295597484,0.0,4032.76729559748,0.0,518.930817610063,702.767295597484
2019-07-01 09:00:00,258.301886792452,702.767295597484,998.301886792453,4032.76729559748,0.0,518.930817610063,702.767295597484
2019-07-01 10:00:00,258.301886792452,702.767295597484,998.301886792453,4032.76729559748,0.0,518.930817610063,702.767295597484
2019-07-01 11:00:00,258.301886792452,702.767295597484,998.301886792453,4032.76729559748,0.0,518.930817610063,702.767295597484
2019-07-01 12:00:00,258.301886792452,702.767295597484,998.301886792453,4032.76729559748,0.0,518.930817610063,702.767295597484
2019-07-01 13:00:00,258.301886792452,702.767295597484,0.0,4032.76729559748,0.0,518.930817610063,702.767295597484
2019-07-01 14:00:00,258.301886792452,702.767295597484,998.301886792453,4032.76729559748,0.0,518.930817610063,702.767295597484
2019-07-01 15:00:00,0.0,0.0,0.0,0.0,0.0,0.0,0.0
2019-07-01 16:00:00,0.0,0.0,0.0,0.0,0.0,0.0,0.0
2019-07-01 17:00:00,0.0,0.0,0.0,0.0,0.0,0.0,0.0
2019-07-01 18:00:00,0.0,0.0,0.0,0.0,0.0,0.0,0.0
2019-07-01 19:00:00,0.0,0.0,0.0,0.0,0.0,0.0,0.0
2019-07-01 20:00:00,0.0,0.0,0.0,0.0,0.0,0.0,0.0
2019-07-01 21:00:00,0.0,0.0,0.0,0.0,0.0,0.0,0.0
2019-07-01 22:00:00,0.0,0.0,0.0,0.0,0.0,0.0,0.0
2019-07-01 23:00:00,0.0,0.0,0.0,0.0,0.0,0.0,0.0
2019-07-02 00:00:00,0.0,0.0,0.0,0.0,0.0,0.0,0.0
2019-07-02 01:00:00,0.0,0.0,0.0,0.0,0.0,0.0,0.0
2019-07-02 02:00:00,0.0,0.0,0.0,0.0,0.0,0.0,0.0
2019-07-02 03:00:00,0.0,0.0,0.0,0.0,0.0,0.0,0.0
2019-07-02 04:00:00,0.0,0.0,0.0,0.0,0.0,0.0,0.0
2019-07-02 05:00:00,0.0,0.0,0.0,0.0,0.0,0.0,0.0
2019-07-02 06:00:00,0.0,0.0,0.0,0.0,0.0,0.0,0.0
2019-07-02 07:00:00,0.0,702.767295597484,0.0,4032.76729559748,0.0,0.0,0.0
2019-07-02 08:00:00,0.0,702.767295597484,0.0,4032.76729559748,0.0,0.0,0.0
2019-07-02 09:00:00,258.301886792452,702.767295597484,998.301886792453,4032.76729559748,0.0,518.930817610063,702.767295597484
2019-07-02 10:00:00,258.301886792452,702.767295597484,998.301886792453,4032.76729559748,0.0,518.930817610063,702.767295597484
2019-07-02 11:00:00,258.301886792452,702.767295597484,998.301886792453,4032.76729559748,0.0,518.930817610063,702.767295597484
2019-07-02 12:00:00,258.301886792452,702.767295597484,998.301886792453,4032.76729559748,0.0,518.930817610063,702.767295597484
2019-07-02 13:00:00,258.301886792452,702.767295597484,998.301886792453,4032.76729559748,0.0,518.930817610063,702.767295597484
2019-07-02 14:00:00,0.0,702.767295597484,0.0,4032.76729559748,0.0,0.0,0.0
2019-07-02 15:00:00,0.0,0.0,0.0,1162.4890154520199,0.0,0.0,0.0
2019-07-02 16:00:00,0.0,0.0,0.0,0.0,0.0,0.0,0.0
2019-07-02 17:00:00,0.0,0.0,0.0,0.0,0.0,0.0,0.0
2019-07-02 18:00:00,0.0,0.0,0.0,0.0,0.0,0.0,0.0
2019-07-02 19:00:00,0.0,0.0,0.0,0.0,0.0,0.0,0.0
2019-07-02 20:00:00,0.0,0.0,0.0,0.0,0.0,0.0,0.0
2019-07-02 21:00:00,0.0,0.0,0.0,0.0,0.0,0.0,0.0
2019-07-02 22:00:00,0.0,0.0,0.0,0.0,0.0,0.0,0.0
2019-07-02 23:00:00,0.0,0.0,0.0,0.0,0.0,0.0,0.0
2019-07-03 00:00:00,0.0,0.0,0.0,0.0,0.0,0.0,0.0
2019-07-03 01:00:00,0.0,0.0,0.0,0.0,0.0,0.0,0.0
2019-07-03 02:00:00,0.0,0.0,0.0,0.0,0.0,0.0,0.0
2019-07-03 03:00:00,0.0,0.0,0.0,0.0,0.0,0.0,0.0
2019-07-03 04:00:00,0.0,0.0,0.0,0.0,0.0,0.0,0.0
2019-07-03 05:00:00,0.0,0.0,0.0,0.0,0.0,0.0,0.0
2019-07-03 06:00:00,0.0,0.0,0.0,0.0,0.0,0.0,0.0
2019-07-03 07:00:00,0.0,702.767295597484,0.0,4032.76729559748,0.0,0.0,0.0
2019-07-03 08:00:00,0.0,702.767295597484,998.301886792453,4032.76729559748,0.0,0.0,0.0
2019-07-03 09:00:00,258.301886792452,702.767295597484,998.301886792453,4032.76729559748,0.0,518.930817610063,702.767295597484
2019-07-03 10:00:00,258.301886792452,702.767295597484,998.301886792453,4032.76729559748,186.163522012579,518.930817610063,702.767295597484
2019-07-03 11:00:00,258.301886792452,702.767295597484,998.301886792453,4032.76729559748,186.163522012579,518.930817610063,702.767295597484
2019-07-03 12:00:00,258.301886792452,702.767295597484,998.301886792453,4032.76729559748,0.0,518.930817610063,702.767295597484
2019-07-03 13:00:00,0.0,702.767295597484,998.301886792453,4032.76729559748,0.0,0.0,0.0
2019-07-03 14:00:00,0.0,702.767295597484,0.0,4032.76729559748,0.0,0.0,0.0
2019-07-03 15:00:00,0.0,0.0,0.0,0.0,0.0,0.0,0.0
2019-07-03 16:00:00,0.0,0.0,0.0,0.0,0.0,0.0,0.0
2019-07-03 17:00:00,0.0,0.0,0.0,0.0,0.0,0.0,0.0
2019-07-03 18:00:00,0.0,0.0,0.0,0.0,0.0,0.0,0.0
2019-07-03 19:00:00,0.0,0.0,0.0,0.0,0.0,0.0,0.0
2019-07-03 20:00:00,0.0,0.0,0.0,0.0,0.0,0.0,0.0
2019-07-03 21:00:00,0.0,0.0,0.0,0.0,0.0,0.0,0.0
2019-07-03 22:00:00,0.0,0.0,0.0,0.0,0.0,0.0,0.0
2019-07-03 23:00:00,0.0,0.0,0.0,0.0,0.0,0.0,0.0
2019-07-04 00:00:00,0.0,0.0,0.0,0.0,0.0,0.0,0.0
2019-07-04 01:00:00,0.0,0.0,0.0,0.0,0.0,0.0,0.0
2019-07-04 02:00:00,0.0,0.0,0.0,0.0,0.0,0.0,0.0
2019-07-04 03:00:00,0.0,0.0,0.0,0.0,0.0,0.0,0.0
2019-07-04 04:00:00,0.0,0.0,0.0,0.0,0.0,0.0,0.0
2019-07-04 05:00:00,0.0,0.0,0.0,0.0,0.0,0.0,0.0
2019-07-04 06:00:00,0.0,0.0,0.0,0.0,0.0,0.0,0.0
2019-07-04 07:00:00,0.0,702.767295597484,0.0,4032.76729559748,0.0,0.0,0.0
2019-07-04 08:00:00,258.301886792452,702.767295597484,998.301886792453,4032.76729559748,0.0,0.0,0.0
2019-07-04 09:00:00,258.301886792452,702.767295597484,998.301886792453,4032.76729559748,0.0,518.930817610063,702.767295597484
2019-07-04 10:00:00,258.301886792452,702.767295597484,998.301886792453,4032.76729559748,186.163522012579,518.930817610063,702.767295597484
2019-07-04 11:00:00,258.301886792452,702.767295597484,998.301886792453,4032.76729559748,51.35037117505726,518.930817610063,702.767295597484
2019-07-04 12:00:00,258.301886792452,702.767295597484,998.301886792453,4032.76729559748,0.0,518.930817610063,702.767295597484
2019-07-04 13:00:00,0.0,702.767295597484,0.0,4032.76729559748,0.0,0.0,0.0
2019-07-04 14:00:00,0.0,702.767295597484,0.0,4032.76729559748,0.0,0.0,0.0
2019-07-04 15:00:00,0.0,0.0,0.0,0.0,0.0,0.0,0.0
2019-07-04 16:00:00,0.0,0.0,0.0,0.0,0.0,0.0,0.0
2019-07-04 17:00:00,0.0,0.0,0.0,0.0,0.0,0.0,0.0
2019-07-04 18:00:00,0.0,0.0,0.0,0.0,0.0,0.0,0.0
2019-07-04 19:00:00,0.0,0.0,0.0,0.0,0.0,0.0,0.0
2019-07-04 20:00:00,0.0,0.0,0.0,0.0,0.0,0.0,0.0
2019-07-04 21:00:00,0.0,0.0,0.0,0.0,0.0,0.0,0.0
2019-07-04 22:00:00,0.0,0.0,0.0,0.0,0.0,0.0,0.0
2019-07-04 23:00:00,0.0,0.0,0.0,0.0,0.0,0.0,0.0
2019-07-05 00:00:00,0.0,0.0,0.0,0.0,0.0,0.0,0.0
2019-07-05 01:00:00,0.0,0.0,0.0,0.0,0.0,0.0,0.0
2019-07-05 02:00:00,0.0,0.0,0.0,0.0,0.0,0.0,0.0
2019-07-05 03:00:00,0.0,0.0,0.0,0.0,0.0,0.0,0.0
2019-07-05 04:00:00,0.0,0.0,0.0,0.0,0.0,0.0,0.0
2019-07-05 05:00:00,0.0,0.0,0.0,0.0,0.0,0.0,0.0
2019-07-05 06:00:00,0.0,0.0,0.0,0.0,0.0,0.0,0.0
2019-07-05 07:00:00,0.0,702.767295597484,0.0,4032.76729559748,0.0,0.0,0.0
2019-07-05 08:00:00,0.0,702.767295597484,0.0,4032.76729559748,0.0,0.0,0.0
2019-07-05 09:00:00,258.301886792452,702.767295597484,998.301886792453,4032.76729559748,0.0,518.930817610063,702.767295597484
2019-07-05 10:00:00,258.301886792452,702.767295597484,998.301886792453,4032.76729559748,186.163522012579,518.930817610063,702.767295597484
2019-07-05 11:00:00,258.301886792452,702.767295597484,998.301886792453,4032.76729559748,186.163522012579,518.930817610063,702.767295597484
2019-07-05 12:00:00,258.301886792452,702.767295597484,998.301886792453,4032.76729559748,186.163522012579,518.930817610063,702.767295597484
2019-07-05 13:00:00,258.301886792452,702.767295597484,998.301886792453,4032.76729559748,0.0,518.930817610063,702.767295597484
2019-07-05 14:00:00,0.0,702.767295597484,0.0,4032.76729559748,0.0,0.0,0.0
2019-07-05 15:00:00,0.0,702.767295597484,0.0,4032.76729559748,0.0,0.0,0.0
2019-07-05 16:00:00,0.0,0.0,0.0,0.0,0.0,0.0,0.0
2019-07-05 17:00:00,0.0,0.0,0.0,0.0,0.0,0.0,0.0
2019-07-05 18:00:00,0.0,0.0,0.0,0.0,0.0,0.0,0.0
2019-07-05 19:00:00,0.0,0.0,0.0,0.0,0.0,0.0,0.0
2019-07-05 20:00:00,0.0,0.0,0.0,0.0,0.0,0.0,0.0
2019-07-05 21:00:00,0.0,0.0,0.0,0.0,0.0,0.0,0.0
2019-07-05 22:00:00,0.0,0.0,0.0,0.0,0.0,0.0,0.0
2019-07-05 23:00:00,0.0,0.0,0.0,0.0,0.0,0.0,0.0
2019-07-06 00:00:00,0.0,0.0,0.0,0.0,0.0,0.0,0.0
2019-07-06 01:00:00,0.0,0.0,0.0,0.0,0.0,0.0,0.0
2019-07-06 02:00:00,0.0,0.0,0.0,0.0,0.0,0.0,0.0
2019-07-06 03:00:00,0.0,0.0,0.0,0.0,0.0,0.0,0.0
2019-07-06 04:00:00,0.0,0.0,0.0,0.0,0.0,0.0,0.0
2019-07-06 05:00:00,0.0,0.0,0.0,0.0,0.0,0.0,0.0
2019-07-06 06:00:00,0.0,702.767295597484,0.0,0.0,0.0,0.0,0.0
2019-07-06 07:00:00,258.301886792452,702.767295597484,998.301886792453,4032.76729559748,0.0,518.930817610063,702.767295597484
2019-07-06 08:00:00,258.301886792452,702.767295597484,998.301886792453,4032.76729559748,0.0,518.930817610063,702.767295597484
2019-07-06 09:00:00,258.301886792452,702.767295597484,998.301886792453,4032.76729559748,186.163522012579,518.930817610063,702.767295597484
2019-07-06 10:00:00,258.301886792452,702.767295597484,998.301886792453,4032.76729559748,186.163522012579,518.930817610063,702.767295597484
2019-07-06 11:00:00,258.301886792452,702.767295597484,998.301886792453,4032.76729559748,186.163522012579,518.930817610063,702.767295597484
2019-07-06 12:00:00,258.301886792452,702.767295597484,998.301886792453,4032.76729559748,186.163522012579,518.930817610063,702.767295597484
2019-07-06 13:00:00,258.301886792452,702.767295597484,998.301886792453,4032.76729559748,186.163522012579,518.930817610063,702.767295597484
2019-07-06 14:00:00,258.301886792452,702.767295597484,998.301886792453,4032.76729559748,0.0,518.930817610063,702.767295597484
2019-07-06 15:00:00,258.301886792452,702.767295597484,998.301886792453,4032.76729559748,0.0,518.930817610063,702.767295597484
2019-07-06 16:00:00,0.0,0.0,0.0,0.0,0.0,0.0,0.0
2019-07-06 17:00:00,0.0,0.0,0.0,0.0,0.0,0.0,0.0
2019-07-06 18:00:00,0.0,0.0,0.0,0.0,0.0,0.0,0.0
2019-07-06 19:00:00,0.0,0.0,0.0,0.0,0.0,0.0,0.0
2019-07-06 20:00:00,0.0,0.0,0.0,0.0,0.0,0.0,0.0
2019-07-06 21:00:00,0.0,0.0,0.0,0.0,0.0,0.0,0.0
2019-07-06 22:00:00,0.0,0.0,0.0,0.0,0.0,0.0,0.0
2019-07-06 23:00:00,0.0,0.0,0.0,0.0,0.0,0.0,0.0
2019-07-07 00:00:00,0.0,0.0,0.0,0.0,0.0,0.0,0.0
2019-07-07 01:00:00,0.0,0.0,0.0,0.0,0.0,0.0,0.0
2019-07-07 02:00:00,0.0,0.0,0.0,0.0,0.0,0.0,0.0
2019-07-07 03:00:00,0.0,0.0,0.0,0.0,0.0,0.0,0.0
2019-07-07 04:00:00,0.0,0.0,0.0,0.0,0.0,0.0,0.0
2019-07-07 05:00:00,0.0,0.0,0.0,0.0,0.0,0.0,0.0
2019-07-07 06:00:00,0.0,702.767295597484,0.0,4032.76729559748,0.0,0.0,0.0
2019-07-07 07:00:00,258.301886792452,702.767295597484,998.301886792453,4032.76729559748,0.0,518.930817610063,702.767295597484
2019-07-07 08:00:00,258.301886792452,702.767295597484,998.301886792453,4032.76729559748,186.163522012579,518.930817610063,702.767295597484
2019-07-07 09:00:00,258.301886792452,702.767295597484,998.301886792453,4032.76729559748,186.163522012579,518.930817610063,702.767295597484
2019-07-07 10:00:00,258.301886792452,702.767295597484,998.301886792453,4032.76729559748,186.163522012579,518.930817610063,702.767295597484
2019-07-07 11:00:00,258.301886792452,702.767295597484,998.301886792453,4032.76729559748,186.163522012579,518.930817610063,702.767295597484
2019-07-07 12:00:00,258.301886792452,702.767295597484,998.301886792453,4032.76729559748,186.163522012579,518.930817610063,702.767295597484
2019-07-07 13:00:00,258.301886792452,702.767295597484,998.301886792453,4032.76729559748,186.163522012579,518.930817610063,702.767295597484
2019-07-07 14:00:00,258.301886792452,702.767295597484,998.301886792453,4032.76729559748,186.163522012579,518.930817610063,702.767295597484
2019-07-07 15:00:00,258.301886792452,702.767295597484,998.301886792453,4032.76729559748,0.0,518.930817610063,702.767295597484
2019-07-07 16:00:00,0.0,0.0,0.0,2992.4970135949907,0.0,0.0,0.0
2019-07-07 17:00:00,0.0,0.0,0.0,0.0,0.0,0.0,0.0
2019-07-07 18:00:00,0.0,0.0,0.0,0.0,0.0,0.0,0.0
2019-07-07 19:00:00,0.0,0.0,0.0,0.0,0.0,0.0,0.0
2019-07-07 20:00:00,0.0,0.0,0.0,0.0,0.0,0.0,0.0
2019-07-07 21:00:00,0.0,0.0,0.0,0.0,0.0,0.0,0.0
2019-07-07 22:00:00,0.0,0.0,0.0,0.0,0.0,0.0,0.0
2019-07-07 23:00:00,0.0,0.0,0.0,0.0,0.0,0.0,0.0
2019-07-08 00:00:00,0.0,0.0,0.0,0.0,0.0,0.0,0.0
2019-07-08 01:00:00,0.0,0.0,0.0,0.0,0.0,0.0,0.0
2019-07-08 02:00:00,0.0,0.0,0.0,0.0,0.0,0.0,0.0
2019-07-08 03:00:00,0.0,0.0,0.0,0.0,0.0,0.0,0.0
2019-07-08 04:00:00,0.0,0.0,0.0,0.0,0.0,0.0,0.0
2019-07-08 05:00:00,0.0,0.0,0.0,0.0,0.0,0.0,0.0
2019-07-08 06:00:00,0.0,0.0,0.0,0.0,0.0,0.0,0.0
2019-07-08 07:00:00,0.0,702.767295597484,998.301886792453,4032.76729559748,0.0,0.0,0.0
2019-07-08 08:00:00,258.301886792452,702.767295597484,998.301886792453,4032.76729559748,0.0,518.930817610063,702.767295597484
2019-07-08 09:00:00,258.301886792452,702.767295597484,998.301886792453,4032.76729559748,0.0,518.930817610063,702.767295597484
2019-07-08 10:00:00,258.301886792452,702.767295597484,998.301886792453,4032.76729559748,0.0,518.930817610063,702.767295597484
2019-07-08 11:00:00,258.301886792452,702.767295597484,998.301886792453,4032.76729559748,0.0,518.930817610063,702.767295597484
2019-07-08 12:00:00,258.301886792452,702.767295597484,998.301886792453,4032.76729559748,0.0,518.930817610063,702.767295597484
2019-07-08 13:00:00,258.301886792452,702.767295597484,998.301886792453,4032.76729559748,0.0,518.930817610063,702.767295597484
2019-07-08 14:00:00,0.0,702.767295597484,0.0,4032.76729559748,0.0,0.0,0.0
2019-07-08 15:00:00,0.0,0.0,0.0,0.0,0.0,0.0,0.0
2019-07-08 16:00:00,0.0,0.0,0.0,0.0,0.0,0.0,0.0
2019-07-08 17:00:00,0.0,0.0,0.0,0.0,0.0,0.0,0.0
2019-07-08 18:00:00,0.0,0.0,0.0,0.0,0.0,0.0,0.0
2019-07-08 19:00:00,0.0,0.0,0.0,0.0,0.0,0.0,0.0
2019-07-08 20:00:00,0.0,0.0,0.0,0.0,0.0,0.0,0.0
2019-07-08 21:00:00,0.0,0.0,0.0,0.0,0.0,0.0,0.0
2019-07-08 22:00:00,0.0,0.0,0.0,0.0,0.0,0.0,0.0
2019-07-08 23:00:00,0.0,0.0,0.0,0.0,0.0,0.0,0.0
2019-07-09 00:00:00,0.0,0.0,0.0,0.0,0.0,0.0,0.0
2019-07-09 01:00:00,0.0,0.0,0.0,0.0,0.0,0.0,0.0
2019-07-09 02:00:00,0.0,0.0,0.0,0.0,0.0,0.0,0.0
2019-07-09 03:00:00,0.0,0.0,0.0,0.0,0.0,0.0,0.0
2019-07-09 04:00:00,0.0,0.0,0.0,0.0,0.0,0.0,0.0
2019-07-09 05:00:00,0.0,0.0,0.0,0.0,0.0,0.0,0.0
2019-07-09 06:00:00,0.0,0.0,0.0,0.0,0.0,0.0,0.0
2019-07-09 07:00:00,0.0,0.0,0.0,0.0,0.0,0.0,0.0
2019-07-09 08:00:00,0.0,702.767295597484,998.301886792453,4032.76729559748,0.0,0.0,702.767295597484
2019-07-09 09:00:00,258.301886792452,702.767295597484,998.301886792453,4032.76729559748,0.0,518.930817610063,702.767295597484
2019-07-09 10:00:00,258.301886792452,702.767295597484,998.301886792453,4032.76729559748,0.0,518.930817610063,702.767295597484
2019-07-09 11:00:00,258.301886792452,702.767295597484,998.301886792453,4032.76729559748,0.0,518.930817610063,702.767295597484
2019-07-09 12:00:00,258.301886792452,702.767295597484,998.301886792453,4032.76729559748,0.0,518.930817610063,702.767295597484
2019-07-09 13:00:00,258.301886792452,0.0,104.06018547168424,434.73514960317857,0.0,0.0,0.0
2019-07-09 14:00:00,0.0,0.0,0.0,0.0,0.0,0.0,0.0
2019-07-09 15:00:00,0.0,0.0,0.0,0.0,0.0,0.0,0.0
2019-07-09 16:00:00,0.0,0.0,0.0,0.0,0.0,0.0,0.0
2019-07-09 17:00:00,0.0,0.0,0.0,0.0,0.0,0.0,0.0
2019-07-09 18:00:00,0.0,0.0,0.0,0.0,0.0,0.0,0.0
2019-07-09 19:00:00,0.0,0.0,0.0,0.0,0.0,0.0,0.0
2019-07-09 20:00:00,0.0,0.0,0.0,0.0,0.0,0.0,0.0
2019-07-09 21:00:00,0.0,0.0,0.0,0.0,0.0,0.0,0.0
2019-07-09 22:00:00,0.0,0.0,0.0,0.0,0.0,0.0,0.0
2019-07-09 23:00:00,0.0,0.0,0.0,0.0,0.0,0.0,0.0
2019-07-10 00:00:00,0.0,0.0,0.0,0.0,0.0,0.0,0.0
2019-07-10 01:00:00,0.0,0.0,0.0,0.0,0.0,0.0,0.0
2019-07-10 02:00:00,0.0,0.0,0.0,0.0,0.0,0.0,0.0
2019-07-10 03:00:00,0.0,0.0,0.0,0.0,0.0,0.0,0.0
2019-07-10 04:00:00,0.0,0.0,0.0,0.0,0.0,0.0,0.0
2019-07-10 05:00:00,0.0,0.0,0.0,0.0,0.0,0.0,0.0
2019-07-10 06:00:00,0.0,0.0,0.0,0.0,186.163522012579,0.0,0.0
2019-07-10 07:00:00,0.0,0.0,0.0,0.0,186.163522012579,0.0,0.0
2019-07-10 08:00:00,258.301886792452,702.767295597484,998.301886792453,4032.76729559748,186.163522012579,518.930817610063,702.767295597484
2019-07-10 09:00:00,258.301886792452,702.767295597484,998.301886792453,4032.76729559748,186.163522012579,518.930817610063,702.767295597484
2019-07-10 10:00:00,258.301886792452,702.767295597484,998.301886792453,4032.76729559748,186.163522012579,518.930817610063,702.767295597484
2019-07-10 11:00:00,258.301886792452,702.767295597484,998.301886792453,4032.76729559748,186.163522012579,518.930817610063,702.767295597484
2019-07-10 12:00:00,258.301886792452,702.767295597484,998.301886792453,4032.76729559748,186.163522012579,518.930817610063,702.767295597484
2019-07-10 13:00:00,258.301886792452,702.767295597484,998.301886792453,4032.76729559748,186.163522012579,518.930817610063,702.767295597484
2019-07-10 14:00:00,258.301886792452,702.767295597484,998.301886792453,4032.76729559748,186.163522012579,518.930817610063,702.767295597484
2019-07-10 15:00:00,125.06992732842059,702.767295597484,0.0,4032.76729559748,186.163522012579,518.930817610063,0.0
2019-07-10 16:00:00,0.0,0.0,0.0,0.0,186.163522012579,0.0,0.0
2019-07-10 17:00:00,0.0,0.0,0.0,0.0,0.0,0.0,0.0
2019-07-10 18:00:00,0.0,0.0,0.0,0.0,0.0,0.0,0.0
2019-07-10 19:00:00,0.0,0.0,0.0,0.0,0.0,0.0,0.0
2019-07-10 20:00:00,0.0,35.47691853271999,0.0,0.0,0.0,0.0,0.0
2019-07-10 21:00:00,0.0,0.0,0.0,0.0,0.0,0.0,0.0
2019-07-10 22:00:00,0.0,0.0,0.0,0.0,0.0,0.0,0.0
2019-07-10 23:00:00,0.0,0.0,0.0,0.0,0.0,0.0,0.0
2019-07-11 00:00:00,0.0,0.0,0.0,171.756777872459,0.0,0.0,0.0
2019-07-11 01:00:00,0.0,0.0,0.0,142.84008405391467,0.0,0.0,0.0
2019-07-11 02:00:00,0.0,0.0,0.0,0.0,0.0,0.0,0.0
2019-07-11 03:00:00,0.0,0.0,0.0,0.0,0.0,0.0,0.0
2019-07-11 04:00:00,0.0,0.0,0.0,0.0,0.0,0.0,0.0
2019-07-11 05:00:00,0.0,0.0,0.0,0.0,0.0,0.0,0.0
2019-07-11 06:00:00,0.0,0.0,0.0,1132.3476630295233,0.0,0.0,0.0
2019-07-11 07:00:00,258.301886792452,702.767295597484,998.301886792453,4032.76729559748,0.0,518.930817610063,702.767295597484
2019-07-11 08:00:00,258.301886792452,702.767295597484,998.301886792453,4032.76729559748,0.0,518.930817610063,702.767295597484
2019-07-11 09:00:00,258.301886792452,702.767295597484,998.301886792453,4032.76729559748,186.163522012579,518.930817610063,702.767295597484
2019-07-11 10:00:00,258.301886792452,702.767295597484,998.301886792453,4032.76729559748,186.163522012579,518.930817610063,702.767295597484
2019-07-11 11:00:00,258.301886792452,702.767295597484,998.301886792453,4032.76729559748,186.163522012579,518.930817610063,702.767295597484
2019-07-11 12:00:00,258.301886792452,702.767295597484,998.301886792453,4032.76729559748,186.163522012579,518.930817610063,702.767295597484
2019-07-11 13:00:00,258.301886792452,702.767295597484,998.301886792453,4032.76729559748,0.0,518.930817610063,702.767295597484
2019-07-11 14:00:00,258.301886792452,449.81825246365406,998.301886792453,4032.76729559748,0.0,518.930817610063,702.767295597484
2019-07-11 15:00:00,0.0,0.0,998.301886792453,1178.165371644393,0.0,0.0,0.0
2019-07-11 16:00:00,0.0,0.0,0.0,0.0,0.0,0.0,0.0
2019-07-11 17:00:00,0.0,0.0,0.0,0.0,0.0,0.0,0.0
2019-07-11 18:00:00,0.0,0.0,0.0,0.0,0.0,0.0,0.0
2019-07-11 19:00:00,0.0,0.0,0.0,0.0,0.0,0.0,0.0
2019-07-11 20:00:00,0.0,0.0,0.0,0.0,0.0,0.0,0.0
2019-07-11 21:00:00,0.0,0.0,0.0,0.0,0.0,0.0,0.0
2019-07-11 22:00:00,0.0,0.0,0.0,0.0,0.0,0.0,0.0
2019-07-11 23:00:00,0.0,0.0,0.0,0.0,0.0,0.0,0.0
2019-07-12 00:00:00,0.0,0.0,0.0,0.0,0.0,0.0,0.0
2019-07-12 01:00:00,0.0,0.0,0.0,0.0,0.0,0.0,0.0
2019-07-12 02:00:00,0.0,0.0,0.0,0.0,0.0,0.0,0.0
2019-07-12 03:00:00,0.0,0.0,0.0,0.0,0.0,0.0,0.0
2019-07-12 04:00:00,0.0,0.0,0.0,0.0,0.0,0.0,0.0
2019-07-12 05:00:00,0.0,0.0,0.0,0.0,0.0,0.0,0.0
2019-07-12 06:00:00,0.0,0.0,0.0,0.0,0.0,0.0,0.0
2019-07-12 07:00:00,0.0,702.767295597484,0.0,4032.76729559748,186.163522012579,0.0,0.0
2019-07-12 08:00:00,258.301886792452,702.767295597484,998.301886792453,4032.76729559748,186.163522012579,518.930817610063,702.767295597484
2019-07-12 09:00:00,258.301886792452,702.767295597484,998.301886792453,4032.76729559748,186.163522012579,518.930817610063,702.767295597484
2019-07-12 10:00:00,258.301886792452,702.767295597484,998.301886792453,4032.76729559748,186.163522012579,518.930817610063,702.767295597484
2019-07-12 11:00:00,258.301886792452,702.767295597484,998.301886792453,4032.76729559748,186.163522012579,518.930817610063,702.767295597484
2019-07-12 12:00:00,258.301886792452,702.767295597484,998.301886792453,4032.76729559748,186.163522012579,518.930817610063,702.767295597484
2019-07-12 13:00:00,258.301886792452,702.767295597484,998.301886792453,4032.76729559748,186.163522012579,518.930817610063,702.767295597484
2019-07-12 14:00:00,258.301886792452,702.767295597484,998.301886792453,4032.76729559748,186.163522012579,518.930817610063,702.767295597484
2019-07-12 15:00:00,0.0,0.0,0.0,0.0,186.163522012579,0.0,0.0
2019-07-12 16:00:00,0.0,0.0,0.0,0.0,186.163522012579,0.0,0.0
2019-07-12 17:00:00,0.0,0.0,0.0,0.0,186.163522012579,0.0,0.0
2019-07-12 18:00:00,0.0,0.0,0.0,0.0,186.163522012579,0.0,0.0
2019-07-12 19:00:00,0.0,0.0,0.0,0.0,186.163522012579,0.0,0.0
2019-07-12 20:00:00,0.0,0.0,0.0,0.0,186.163522012579,0.0,0.0
2019-07-12 21:00:00,0.0,0.0,0.0,0.0,186.163522012579,0.0,0.0
2019-07-12 22:00:00,0.0,0.0,0.0,0.0,186.163522012579,0.0,0.0
2019-07-12 23:00:00,0.0,0.0,0.0,0.0,186.163522012579,0.0,0.0
2019-07-13 00:00:00,0.0,0.0,0.0,0.0,186.163522012579,0.0,0.0
2019-07-13 01:00:00,0.0,0.0,0.0,0.0,186.163522012579,0.0,0.0
2019-07-13 02:00:00,0.0,0.0,0.0,0.0,186.163522012579,0.0,0.0
2019-07-13 03:00:00,0.0,0.0,0.0,0.0,186.163522012579,0.0,0.0
2019-07-13 04:00:00,0.0,0.0,0.0,166.10910952334996,186.163522012579,0.0,0.0
2019-07-13 05:00:00,0.0,0.0,0.0,0.0,186.163522012579,0.0,0.0
2019-07-13 06:00:00,0.0,702.767295597484,0.0,162.53612867035952,186.163522012579,0.0,0.0
2019-07-13 07:00:00,258.301886792452,702.767295597484,998.301886792453,4032.76729559748,186.163522012579,518.930817610063,702.767295597484
2019-07-13 08:00:00,258.301886792452,702.767295597484,998.301886792453,4032.76729559748,186.163522012579,518.930817610063,702.767295597484
2019-07-13 09:00:00,258.301886792452,702.767295597484,998.301886792453,4032.76729559748,186.163522012579,518.930817610063,702.767295597484
2019-07-13 10:00:00,258.301886792452,702.767295597484,998.301886792453,4032.76729559748,186.163522012579,518.930817610063,702.767295597484
2019-07-13 11:00:00,258.301886792452,702.767295597484,998.301886792453,4032.76729559748,186.163522012579,518.930817610063,702.767295597484
2019-07-13 12:00:00,258.301886792452,702.767295597484,998.301886792453,4032.76729559748,186.163522012579,518.930817610063,702.767295597484
2019-07-13 13:00:00,258.301886792452,702.767295597484,998.301886792453,4032.76729559748,186.163522012579,518.930817610063,702.767295597484
2019-07-13 14:00:00,258.301886792452,702.767295597484,998.301886792453,4032.76729559748,186.163522012579,518.930817610063,702.767295597484
2019-07-13 15:00:00,258.301886792452,702.767295597484,998.301886792453,4032.76729559748,186.163522012579,518.930817610063,702.767295597484
2019-07-13 16:00:00,0.0,0.0,0.0,0.0,186.163522012579,0.0,0.0
2019-07-13 17:00:00,0.0,0.0,0.0,0.0,186.163522012579,0.0,0.0
2019-07-13 18:00:00,0.0,0.0,0.0,0.0,186.163522012579,0.0,0.0
2019-07-13 19:00:00,0.0,0.0,0.0,0.0,0.0,0.0,0.0
2019-07-13 20:00:00,0.0,0.0,0.0,0.0,0.0,0.0,0.0
2019-07-13 21:00:00,0.0,0.0,0.0,0.0,0.0,0.0,0.0
2019-07-13 22:00:00,0.0,0.0,0.0,0.0,0.0,0.0,0.0
2019-07-13 23:00:00,0.0,0.0,0.0,0.0,0.0,0.0,0.0
2019-07-14 00:00:00,0.0,0.0,0.0,0.0,0.0,0.0,0.0
2019-07-14 01:00:00,0.0,0.0,0.0,0.0,0.0,0.0,0.0
2019-07-14 02:00:00,0.0,0.0,0.0,0.0,0.0,0.0,0.0
2019-07-14 03:00:00,0.0,0.0,0.0,0.0,0.0,0.0,0.0
2019-07-14 04:00:00,0.0,0.0,0.0,0.0,0.0,0.0,0.0
2019-07-14 05:00:00,0.0,0.0,0.0,0.0,0.0,0.0,0.0
2019-07-14 06:00:00,258.301886792452,702.767295597484,998.301886792453,4032.76729559748,186.163522012579,518.930817610063,702.767295597484
2019-07-14 07:00:00,258.301886792452,702.767295597484,998.301886792453,4032.76729559748,186.163522012579,518.930817610063,702.767295597484
2019-07-14 08:00:00,258.301886792452,702.767295597484,998.301886792453,4032.76729559748,186.163522012579,518.930817610063,702.767295597484
2019-07-14 09:00:00,258.301886792452,702.767295597484,998.301886792453,4032.76729559748,186.163522012579,518.930817610063,702.767295597484
2019-07-14 10:00:00,258.301886792452,702.767295597484,998.301886792453,4032.76729559748,186.163522012579,518.930817610063,702.767295597484
2019-07-14 11:00:00,258.301886792452,702.767295597484,998.301886792453,4032.76729559748,186.163522012579,518.930817610063,702.767295597484
2019-07-14 12:00:00,258.301886792452,702.767295597484,998.301886792453,4032.76729559748,186.163522012579,518.930817610063,702.767295597484
2019-07-14 13:00:00,258.301886792452,702.767295597484,998.301886792453,4032.76729559748,186.163522012579,518.930817610063,702.767295597484
2019-07-14 14:00:00,258.301886792452,702.767295597484,998.301886792453,4032.76729559748,186.163522012579,518.930817610063,702.767295597484
2019-07-14 15:00:00,258.301886792452,702.767295597484,998.301886792453,4032.76729559748,186.163522012579,518.930817610063,702.767295597484
2019-07-14 16:00:00,258.301886792452,702.767295597484,998.301886792453,4032.76729559748,115.5387991668863,518.930817610063,702.767295597484
2019-07-14 17:00:00,0.0,0.0,0.0,0.0,0.0,0.0,0.0
2019-07-14 18:00:00,0.0,0.0,0.0,0.0,0.0,0.0,0.0
2019-07-14 19:00:00,0.0,0.0,0.0,0.0,0.0,0.0,0.0
2019-07-14 20:00:00,0.0,0.0,0.0,0.0,0.0,0.0,0.0
2019-07-14 21:00:00,0.0,0.0,0.0,0.0,0.0,0.0,0.0
2019-07-14 22:00:00,0.0,0.0,0.0,0.0,0.0,0.0,0.0
2019-07-14 23:00:00,0.0,0.0,0.0,0.0,0.0,0.0,0.0
2019-07-15 00:00:00,0.0,492.2307222136824,0.0,0.0,0.0,0.0,0.0
2019-07-15 01:00:00,0.0,0.0,0.0,0.0,0.0,0.0,0.0
2019-07-15 02:00:00,0.0,0.0,0.0,0.0,0.0,0.0,0.0
2019-07-15 03:00:00,0.0,0.0,0.0,0.0,0.0,0.0,0.0
2019-07-15 04:00:00,0.0,0.0,0.0,0.0,0.0,0.0,0.0
2019-07-15 05:00:00,0.0,90.03654179209616,0.0,0.0,0.0,0.0,0.0
2019-07-15 06:00:00,0.0,0.0,0.0,0.0,0.0,0.0,0.0
2019-07-15 07:00:00,0.0,265.99065521800094,0.0,0.0,186.163522012579,0.0,0.0
2019-07-15 08:00:00,258.301886792452,0.0,998.301886792453,1330.9438199669353,186.163522012579,0.0,702.767295597484
2019-07-15 09:00:00,258.301886792452,0.0,998.301886792453,4032.76729559748,186.163522012579,518.930817610063,702.767295597484
2019-07-15 10:00:00,258.301886792452,702.767295597484,998.301886792453,4032.76729559748,186.163522012579,518.930817610063,702.767295597484
2019-07-15 11:00:00,258.301886792452,702.767295597484,998.301886792453,4032.76729559748,186.163522012579,518.930817610063,702.767295597484
2019-07-15 12:00:00,258.301886792452,702.767295597484,998.301886792453,4032.76729559748,186.163522012579,518.930817610063,702.767295597484
2019-07-15 13:00:00,258.301886792452,702.767295597484,998.301886792453,4032.76729559748,186.163522012579,518.930817610063,702.767295597484
2019-07-15 14:00:00,0.0,702.767295597484,0.0,4032.76729559748,186.163522012579,0.0,0.0
2019-07-15 15:00:00,0.0,0.0,0.0,0.0,186.163522012579,0.0,0.0
2019-07-15 16:00:00,0.0,0.0,0.0,0.0,186.163522012579,0.0,0.0
2019-07-15 17:00:00,0.0,0.0,0.0,0.0,186.163522012579,0.0,0.0
2019-07-15 18:00:00,0.0,0.0,0.0,0.0,186.163522012579,0.0,0.0
2019-07-15 19:00:00,0.0,0.0,0.0,0.0,186.163522012579,0.0,0.0
2019-07-15 20:00:00,0.0,0.0,0.0,0.0,186.163522012579,0.0,0.0
2019-07-15 21:00:00,0.0,0.0,0.0,0.0,186.163522012579,0.0,0.0
2019-07-15 22:00:00,0.0,0.0,0.0,1317.2762325591134,186.163522012579,0.0,0.0
2019-07-15 23:00:00,0.0,702.767295597484,0.0,2576.6184455384587,186.163522012579,0.0,0.0
2019-07-16 00:00:00,0.0,702.767295597484,0.0,2813.812336426412,186.163522012579,0.0,0.0
2019-07-16 01:00:00,0.0,702.767295597484,0.0,4032.76729559748,186.163522012579,0.0,0.0
2019-07-16 02:00:00,0.0,702.767295597484,0.0,4032.76729559748,186.163522012579,0.0,0.0
2019-07-16 03:00:00,0.0,702.767295597484,0.0,4032.76729559748,186.163522012579,0.0,0.0
2019-07-16 04:00:00,0.0,702.767295597484,0.0,439.4246862107543,186.163522012579,0.0,0.0
2019-07-16 05:00:00,0.0,0.0,0.0,0.0,186.163522012579,0.0,0.0
2019-07-16 06:00:00,0.0,702.767295597484,0.0,4032.76729559748,186.163522012579,482.4455033793462,0.0
2019-07-16 07:00:00,258.301886792452,702.767295597484,998.301886792453,4032.76729559748,186.163522012579,518.930817610063,702.767295597484
2019-07-16 08:00:00,258.301886792452,702.767295597484,998.301886792453,4032.76729559748,186.163522012579,518.930817610063,702.767295597484
2019-07-16 09:00:00,258.301886792452,702.767295597484,998.301886792453,4032.76729559748,186.163522012579,518.930817610063,702.767295597484
2019-07-16 10:00:00,258.301886792452,702.767295597484,998.301886792453,4032.76729559748,186.163522012579,518.930817610063,702.767295597484
2019-07-16 11:00:00,258.301886792452,702.767295597484,998.301886792453,4032.76729559748,186.163522012579,518.930817610063,702.767295597484
2019-07-16 12:00:00,258.301886792452,702.767295597484,998.301886792453,4032.76729559748,186.163522012579,518.930817610063,702.767295597484
2019-07-16 13:00:00,258.301886792452,702.767295597484,998.301886792453,4032.76729559748,186.163522012579,518.930817610063,702.767295597484
2019-07-16 14:00:00,258.301886792452,702.767295597484,998.301886792453,4032.76729559748,186.163522012579,518.930817610063,702.767295597484
2019-07-16 15:00:00,258.301886792452,702.767295597484,998.301886792453,4032.76729559748,186.163522012579,518.930817610063,702.767295597484
2019-07-16 16:00:00,258.301886792452,0.0,998.301886792453,3112.029070017199,0.0,518.930817610063,702.767295597484
2019-07-16 17:00:00,0.0,0.0,0.0,0.0,0.0,0.0,0.0
2019-07-16 18:00:00,0.0,0.0,0.0,0.0,0.0,0.0,0.0
2019-07-16 19:00:00,0.0,0.0,0.0,0.0,0.0,0.0,0.0
2019-07-16 20:00:00,0.0,0.0,0.0,0.0,0.0,0.0,0.0
2019-07-16 21:00:00,0.0,0.0,0.0,0.0,0.0,0.0,0.0
2019-07-16 22:00:00,0.0,0.0,0.0,0.0,0.0,0.0,0.0
2019-07-16 23:00:00,0.0,0.0,0.0,0.0,0.0,0.0,0.0
2019-07-17 00:00:00,0.0,0.0,0.0,0.0,0.0,0.0,0.0
2019-07-17 01:00:00,0.0,0.0,0.0,0.0,0.0,0.0,0.0
2019-07-17 02:00:00,0.0,0.0,0.0,0.0,0.0,0.0,0.0
2019-07-17 03:00:00,0.0,0.0,0.0,0.0,0.0,0.0,0.0
2019-07-17 04:00:00,0.0,0.0,0.0,0.0,0.0,0.0,0.0
2019-07-17 05:00:00,0.0,0.0,0.0,0.0,0.0,0.0,0.0
2019-07-17 06:00:00,0.0,0.0,0.0,0.0,0.0,0.0,0.0
2019-07-17 07:00:00,258.301886792452,702.767295597484,998.301886792453,4032.76729559748,0.0,518.930817610063,702.767295597484
2019-07-17 08:00:00,258.301886792452,702.767295597484,998.301886792453,4032.76729559748,186.163522012579,518.930817610063,702.767295597484
2019-07-17 09:00:00,258.301886792452,702.767295597484,998.301886792453,4032.76729559748,186.163522012579,518.930817610063,702.767295597484
2019-07-17 10:00:00,258.301886792452,702.767295597484,998.301886792453,4032.76729559748,186.163522012579,518.930817610063,702.767295597484
2019-07-17 11:00:00,258.301886792452,702.767295597484,998.301886792453,4032.76729559748,186.163522012579,518.930817610063,702.767295597484
2019-07-17 12:00:00,258.301886792452,702.767295597484,998.301886792453,4032.76729559748,186.163522012579,518.930817610063,702.767295597484
2019-07-17 13:00:00,258.301886792452,702.767295597484,998.301886792453,4032.76729559748,186.163522012579,518.930817610063,702.767295597484
2019-07-17 14:00:00,258.301886792452,702.767295597484,998.301886792453,4032.76729559748,0.0,518.930817610063,702.767295597484
2019-07-17 15:00:00,258.301886792452,702.767295597484,998.301886792453,4032.76729559748,0.0,518.930817610063,702.767295597484
2019-07-17 16:00:00,0.0,0.0,0.0,0.0,0.0,0.0,0.0
2019-07-17 17:00:00,0.0,0.0,0.0,0.0,0.0,0.0,0.0
2019-07-17 18:00:00,0.0,0.0,0.0,0.0,0.0,0.0,0.0
2019-07-17 19:00:00,0.0,0.0,0.0,0.0,0.0,0.0,0.0
2019-07-17 20:00:00,0.0,0.0,0.0,0.0,0.0,0.0,0.0
2019-07-17 21:00:00,0.0,0.0,0.0,0.0,0.0,0.0,0.0
2019-07-17 22:00:00,0.0,0.0,0.0,0.0,0.0,0.0,0.0
2019-07-17 23:00:00,0.0,0.0,0.0,0.0,0.0,0.0,0.0
2019-07-18 00:00:00,0.0,0.0,0.0,0.0,0.0,0.0,0.0
2019-07-18 01:00:00,0.0,0.0,0.0,0.0,0.0,0.0,0.0
2019-07-18 02:00:00,0.0,0.0,0.0,0.0,0.0,0.0,0.0
2019-07-18 03:00:00,0.0,0.0,0.0,0.0,0.0,0.0,0.0
2019-07-18 04:00:00,0.0,0.0,0.0,0.0,0.0,0.0,0.0
2019-07-18 05:00:00,0.0,0.0,0.0,0.0,0.0,0.0,0.0
2019-07-18 06:00:00,0.0,0.0,0.0,0.0,0.0,0.0,0.0
2019-07-18 07:00:00,0.0,702.767295597484,0.0,4032.76729559748,0.0,0.0,0.0
2019-07-18 08:00:00,258.301886792452,702.767295597484,998.301886792453,4032.76729559748,0.0,396.5936693122285,702.767295597484
2019-07-18 09:00:00,258.301886792452,702.767295597484,998.301886792453,4032.76729559748,0.0,518.930817610063,702.767295597484
2019-07-18 10:00:00,258.301886792452,702.767295597484,998.301886792453,4032.76729559748,0.0,518.930817610063,702.767295597484
2019-07-18 11:00:00,258.301886792452,702.767295597484,998.301886792453,4032.76729559748,0.0,518.930817610063,702.767295597484
2019-07-18 12:00:00,258.301886792452,702.767295597484,998.301886792453,4032.76729559748,0.0,518.930817610063,702.767295597484
2019-07-18 13:00:00,258.301886792452,702.767295597484,998.301886792453,4032.76729559748,0.0,518.930817610063,702.767295597484
2019-07-18 14:00:00,0.0,702.767295597484,998.301886792453,4032.76729559748,0.0,518.930817610063,702.767295597484
2019-07-18 15:00:00,0.0,702.767295597484,0.0,1561.7444331246634,0.0,0.0,0.0
2019-07-18 16:00:00,0.0,0.0,0.0,0.0,0.0,0.0,0.0
2019-07-18 17:00:00,0.0,0.0,0.0,0.0,0.0,0.0,0.0
2019-07-18 18:00:00,0.0,0.0,0.0,0.0,0.0,0.0,0.0
2019-07-18 19:00:00,0.0,0.0,0.0,0.0,0.0,0.0,0.0
2019-07-18 20:00:00,0.0,0.0,0.0,0.0,0.0,0.0,0.0
2019-07-18 21:00:00,0.0,0.0,0.0,0.0,0.0,0.0,0.0
2019-07-18 22:00:00,0.0,0.0,0.0,0.0,0.0,0.0,0.0
2019-07-18 23:00:00,0.0,0.0,0.0,0.0,0.0,0.0,0.0
2019-07-19 00:00:00,0.0,0.0,0.0,0.0,0.0,0.0,0.0
2019-07-19 01:00:00,0.0,0.0,0.0,0.0,0.0,0.0,0.0
2019-07-19 02:00:00,0.0,0.0,0.0,0.0,0.0,0.0,0.0
2019-07-19 03:00:00,0.0,0.0,0.0,0.0,0.0,0.0,0.0
2019-07-19 04:00:00,0.0,0.0,0.0,0.0,0.0,0.0,0.0
2019-07-19 05:00:00,0.0,0.0,0.0,0.0,0.0,0.0,0.0
2019-07-19 06:00:00,0.0,0.0,0.0,0.0,0.0,0.0,0.0
2019-07-19 07:00:00,258.301886792452,702.767295597484,998.301886792453,4032.76729559748,0.0,77.15615306485552,702.767295597484
2019-07-19 08:00:00,258.301886792452,702.767295597484,998.301886792453,4032.76729559748,0.0,478.4588793344551,702.767295597484
2019-07-19 09:00:00,258.301886792452,702.767295597484,998.301886792453,4032.76729559748,0.0,518.930817610063,702.767295597484
2019-07-19 10:00:00,258.301886792452,702.767295597484,998.301886792453,4032.76729559748,186.163522012579,518.930817610063,702.767295597484
2019-07-19 11:00:00,258.301886792452,702.767295597484,998.301886792453,4032.76729559748,186.163522012579,518.930817610063,702.767295597484
2019-07-19 12:00:00,258.301886792452,702.767295597484,998.301886792453,4032.76729559748,186.163522012579,518.930817610063,702.767295597484
2019-07-19 13:00:00,258.301886792452,702.767295597484,998.301886792453,4032.76729559748,0.0,518.930817610063,702.767295597484
2019-07-19 14:00:00,258.301886792452,702.767295597484,998.301886792453,4032.76729559748,0.0,518.930817610063,702.767295597484
2019-07-19 15:00:00,0.0,702.767295597484,0.0,1983.0622125055843,0.0,0.0,0.0
2019-07-19 16:00:00,0.0,0.0,0.0,0.0,0.0,0.0,0.0
2019-07-19 17:00:00,0.0,0.0,0.0,0.0,0.0,0.0,0.0
2019-07-19 18:00:00,0.0,0.0,0.0,0.0,0.0,0.0,0.0
2019-07-19 19:00:00,0.0,0.0,0.0,0.0,0.0,0.0,0.0
2019-07-19 20:00:00,0.0,0.0,0.0,0.0,0.0,0.0,0.0
2019-07-19 21:00:00,0.0,0.0,0.0,0.0,0.0,0.0,0.0
2019-07-19 22:00:00,0.0,0.0,0.0,0.0,0.0,0.0,0.0
2019-07-19 23:00:00,0.0,0.0,0.0,0.0,0.0,0.0,0.0
2019-07-20 00:00:00,0.0,0.0,0.0,0.0,0.0,0.0,0.0
2019-07-20 01:00:00,0.0,0.0,0.0,0.0,0.0,0.0,0.0
2019-07-20 02:00:00,0.0,0.0,0.0,0.0,0.0,0.0,0.0
2019-07-20 03:00:00,0.0,0.0,0.0,0.0,0.0,0.0,0.0
2019-07-20 04:00:00,0.0,0.0,0.0,0.0,0.0,0.0,0.0
2019-07-20 05:00:00,0.0,0.0,0.0,0.0,0.0,0.0,0.0
2019-07-20 06:00:00,0.0,0.0,0.0,0.0,0.0,0.0,0.0
2019-07-20 07:00:00,258.301886792452,702.767295597484,998.301886792453,4032.76729559748,0.0,518.930817610063,702.767295597484
2019-07-20 08:00:00,258.301886792452,702.767295597484,998.301886792453,4032.76729559748,186.163522012579,518.930817610063,702.767295597484
2019-07-20 09:00:00,258.301886792452,702.767295597484,998.301886792453,4032.76729559748,186.163522012579,518.930817610063,702.767295597484
2019-07-20 10:00:00,258.301886792452,702.767295597484,998.301886792453,4032.76729559748,186.163522012579,518.930817610063,702.767295597484
2019-07-20 11:00:00,258.301886792452,702.767295597484,998.301886792453,4032.76729559748,186.163522012579,518.930817610063,702.767295597484
2019-07-20 12:00:00,258.301886792452,702.767295597484,998.301886792453,4032.76729559748,186.163522012579,518.930817610063,702.767295597484
2019-07-20 13:00:00,258.301886792452,702.767295597484,998.301886792453,4032.76729559748,186.163522012579,518.930817610063,702.767295597484
2019-07-20 14:00:00,258.301886792452,702.767295597484,998.301886792453,4032.76729559748,186.163522012579,518.930817610063,702.767295597484
2019-07-20 15:00:00,258.301886792452,702.767295597484,998.301886792453,4032.76729559748,0.0,518.930817610063,702.767295597484
2019-07-20 16:00:00,0.0,0.0,0.0,0.0,0.0,0.0,0.0
2019-07-20 17:00:00,0.0,0.0,0.0,0.0,0.0,0.0,0.0
2019-07-20 18:00:00,0.0,0.0,0.0,0.0,0.0,0.0,0.0
2019-07-20 19:00:00,0.0,0.0,0.0,0.0,0.0,0.0,0.0
2019-07-20 20:00:00,0.0,0.0,0.0,0.0,0.0,0.0,0.0
2019-07-20 21:00:00,0.0,0.0,0.0,0.0,0.0,0.0,0.0
2019-07-20 22:00:00,0.0,0.0,0.0,0.0,0.0,0.0,0.0
2019-07-20 23:00:00,0.0,0.0,0.0,0.0,0.0,0.0,0.0
2019-07-21 00:00:00,0.0,0.0,0.0,0.0,0.0,0.0,0.0
2019-07-21 01:00:00,0.0,0.0,0.0,0.0,0.0,0.0,0.0
2019-07-21 02:00:00,0.0,0.0,0.0,0.0,0.0,0.0,0.0
2019-07-21 03:00:00,0.0,0.0,0.0,0.0,0.0,0.0,0.0
2019-07-21 04:00:00,0.0,0.0,0.0,0.0,0.0,0.0,0.0
2019-07-21 05:00:00,0.0,0.0,0.0,0.0,0.0,0.0,0.0
2019-07-21 06:00:00,0.0,702.767295597484,0.0,3772.6216120956215,0.0,0.0,0.0
2019-07-21 07:00:00,258.301886792452,702.767295597484,998.301886792453,4032.76729559748,186.163522012579,518.930817610063,702.767295597484
2019-07-21 08:00:00,258.301886792452,702.767295597484,998.301886792453,4032.76729559748,186.163522012579,518.930817610063,702.767295597484
2019-07-21 09:00:00,258.301886792452,702.767295597484,998.301886792453,4032.76729559748,186.163522012579,518.930817610063,702.767295597484
2019-07-21 10:00:00,258.301886792452,702.767295597484,998.301886792453,4032.76729559748,186.163522012579,518.930817610063,702.767295597484
2019-07-21 11:00:00,258.301886792452,702.767295597484,998.301886792453,4032.76729559748,186.163522012579,518.930817610063,702.767295597484
2019-07-21 12:00:00,258.301886792452,702.767295597484,998.301886792453,4032.76729559748,186.163522012579,518.930817610063,702.767295597484
2019-07-21 13:00:00,258.301886792452,702.767295597484,998.301886792453,4032.76729559748,186.163522012579,518.930817610063,702.767295597484
2019-07-21 14:00:00,258.301886792452,702.767295597484,998.301886792453,4032.76729559748,186.163522012579,518.930817610063,702.767295597484
2019-07-21 15:00:00,258.301886792452,702.767295597484,998.301886792453,4032.76729559748,186.163522012579,518.930817610063,702.767295597484
2019-07-21 16:00:00,0.0,0.0,0.0,261.4168794627908,0.0,0.0,0.0
2019-07-21 17:00:00,0.0,0.0,0.0,0.0,0.0,0.0,0.0
2019-07-21 18:00:00,0.0,0.0,0.0,0.0,0.0,0.0,0.0
2019-07-21 19:00:00,0.0,0.0,0.0,0.0,0.0,0.0,0.0
2019-07-21 20:00:00,0.0,0.0,0.0,0.0,0.0,0.0,0.0
2019-07-21 21:00:00,0.0,0.0,0.0,0.0,0.0,0.0,0.0
2019-07-21 22:00:00,0.0,0.0,0.0,0.0,0.0,0.0,0.0
2019-07-21 23:00:00,0.0,0.0,0.0,0.0,0.0,0.0,0.0
2019-07-22 00:00:00,0.0,0.0,0.0,0.0,0.0,0.0,0.0
2019-07-22 01:00:00,0.0,0.0,0.0,0.0,0.0,0.0,0.0
2019-07-22 02:00:00,0.0,0.0,0.0,0.0,0.0,0.0,0.0
2019-07-22 03:00:00,0.0,0.0,0.0,0.0,0.0,0.0,0.0
2019-07-22 04:00:00,0.0,0.0,0.0,0.0,0.0,0.0,0.0
2019-07-22 05:00:00,0.0,0.0,0.0,0.0,0.0,0.0,0.0
2019-07-22 06:00:00,0.0,0.0,0.0,0.0,0.0,0.0,0.0
2019-07-22 07:00:00,0.0,702.767295597484,944.4238540256588,4032.76729559748,0.0,0.0,0.0
2019-07-22 08:00:00,258.301886792452,702.767295597484,998.301886792453,4032.76729559748,0.0,518.930817610063,702.767295597484
2019-07-22 09:00:00,258.301886792452,702.767295597484,998.301886792453,4032.76729559748,186.163522012579,518.930817610063,702.767295597484
2019-07-22 10:00:00,258.301886792452,702.767295597484,998.301886792453,4032.76729559748,0.0,518.930817610063,702.767295597484
2019-07-22 11:00:00,258.301886792452,702.767295597484,998.301886792453,4032.76729559748,0.0,518.930817610063,702.767295597484
2019-07-22 12:00:00,258.301886792452,702.767295597484,998.301886792453,4032.76729559748,0.0,518.930817610063,702.767295597484
2019-07-22 13:00:00,258.301886792452,702.767295597484,998.301886792453,4032.76729559748,186.163522012579,518.930817610063,702.767295597484
2019-07-22 14:00:00,258.301886792452,702.767295597484,998.301886792453,4032.76729559748,0.0,518.930817610063,702.767295597484
2019-07-22 15:00:00,0.0,702.767295597484,0.0,1428.8070883944129,0.0,0.0,0.0
2019-07-22 16:00:00,0.0,0.0,0.0,0.0,0.0,0.0,0.0
2019-07-22 17:00:00,0.0,0.0,0.0,0.0,0.0,0.0,0.0
2019-07-22 18:00:00,0.0,0.0,0.0,0.0,0.0,0.0,0.0
2019-07-22 19:00:00,0.0,0.0,0.0,0.0,0.0,0.0,0.0
2019-07-22 20:00:00,0.0,0.0,0.0,0.0,0.0,0.0,0.0
2019-07-22 21:00:00,0.0,0.0,0.0,0.0,0.0,0.0,0.0
2019-07-22 22:00:00,0.0,0.0,0.0,0.0,0.0,0.0,0.0
2019-07-22 23:00:00,0.0,0.0,0.0,0.0,0.0,0.0,0.0
2019-07-23 00:00:00,0.0,0.0,0.0,0.0,0.0,0.0,0.0
2019-07-23 01:00:00,0.0,0.0,0.0,0.0,0.0,0.0,0.0
2019-07-23 02:00:00,0.0,0.0,0.0,0.0,0.0,0.0,0.0
2019-07-23 03:00:00,0.0,0.0,0.0,0.0,0.0,0.0,0.0
2019-07-23 04:00:00,0.0,0.0,0.0,0.0,0.0,0.0,0.0
2019-07-23 05:00:00,0.0,0.0,0.0,0.0,0.0,0.0,0.0
2019-07-23 06:00:00,0.0,0.0,0.0,0.0,0.0,0.0,0.0
2019-07-23 07:00:00,258.301886792452,702.767295597484,998.301886792453,4032.76729559748,0.0,518.930817610063,702.767295597484
2019-07-23 08:00:00,258.301886792452,702.767295597484,998.301886792453,4032.76729559748,0.0,518.930817610063,702.767295597484
2019-07-23 09:00:00,258.301886792452,702.767295597484,998.301886792453,4032.76729559748,186.163522012579,518.930817610063,702.767295597484
2019-07-23 10:00:00,258.301886792452,702.767295597484,998.301886792453,4032.76729559748,186.163522012579,518.930817610063,702.767295597484
2019-07-23 11:00:00,258.301886792452,702.767295597484,998.301886792453,4032.76729559748,186.163522012579,518.930817610063,702.767295597484
2019-07-23 12:00:00,258.301886792452,702.767295597484,998.301886792453,4032.76729559748,186.163522012579,518.930817610063,702.767295597484
2019-07-23 13:00:00,258.301886792452,702.767295597484,998.301886792453,4032.76729559748,186.163522012579,518.930817610063,702.767295597484
2019-07-23 14:00:00,258.301886792452,702.767295597484,998.301886792453,4032.76729559748,0.0,518.930817610063,702.767295597484
2019-07-23 15:00:00,0.0,359.1667448312046,230.17616876383,4032.76729559748,0.0,0.0,0.0
2019-07-23 16:00:00,0.0,0.0,0.0,0.0,0.0,0.0,0.0
2019-07-23 17:00:00,0.0,0.0,0.0,0.0,0.0,0.0,0.0
2019-07-23 18:00:00,0.0,0.0,0.0,0.0,0.0,0.0,0.0
2019-07-23 19:00:00,0.0,0.0,0.0,0.0,0.0,0.0,0.0
2019-07-23 20:00:00,0.0,0.0,0.0,0.0,0.0,0.0,0.0
2019-07-23 21:00:00,0.0,0.0,0.0,0.0,0.0,0.0,0.0
2019-07-23 22:00:00,0.0,0.0,0.0,0.0,0.0,0.0,0.0
2019-07-23 23:00:00,0.0,0.0,0.0,0.0,0.0,0.0,0.0
2019-07-24 00:00:00,0.0,0.0,0.0,0.0,0.0,0.0,0.0
2019-07-24 01:00:00,0.0,0.0,0.0,0.0,0.0,0.0,0.0
2019-07-24 02:00:00,0.0,0.0,0.0,0.0,0.0,0.0,0.0
2019-07-24 03:00:00,0.0,0.0,0.0,0.0,0.0,0.0,0.0
2019-07-24 04:00:00,0.0,0.0,0.0,0.0,0.0,0.0,0.0
2019-07-24 05:00:00,0.0,0.0,0.0,0.0,0.0,0.0,0.0
2019-07-24 06:00:00,0.0,0.0,0.0,0.0,0.0,0.0,0.0
2019-07-24 07:00:00,258.301886792452,702.767295597484,0.0,4032.76729559748,0.0,0.0,702.767295597484
2019-07-24 08:00:00,258.301886792452,702.767295597484,998.301886792453,4032.76729559748,0.0,518.930817610063,702.767295597484
2019-07-24 09:00:00,258.301886792452,702.767295597484,998.301886792453,4032.76729559748,0.0,518.930817610063,702.767295597484
2019-07-24 10:00:00,258.301886792452,702.767295597484,998.301886792453,4032.76729559748,186.163522012579,518.930817610063,702.767295597484
2019-07-24 11:00:00,258.301886792452,702.767295597484,998.301886792453,4032.76729559748,186.163522012579,518.930817610063,702.767295597484
2019-07-24 12:00:00,258.301886792452,702.767295597484,998.301886792453,4032.76729559748,186.163522012579,518.930817610063,702.767295597484
2019-07-24 13:00:00,258.301886792452,702.767295597484,998.301886792453,4032.76729559748,0.0,518.930817610063,702.767295597484
2019-07-24 14:00:00,258.301886792452,702.767295597484,998.301886792453,4032.76729559748,0.0,518.930817610063,702.767295597484
2019-07-24 15:00:00,0.0,0.0,0.0,2846.944355835217,0.0,0.0,0.0
2019-07-24 16:00:00,0.0,0.0,0.0,0.0,0.0,0.0,0.0
2019-07-24 17:00:00,0.0,0.0,0.0,0.0,0.0,0.0,0.0
2019-07-24 18:00:00,0.0,0.0,0.0,0.0,0.0,0.0,0.0
2019-07-24 19:00:00,0.0,0.0,0.0,0.0,0.0,0.0,0.0
2019-07-24 20:00:00,0.0,0.0,0.0,0.0,0.0,0.0,0.0
2019-07-24 21:00:00,0.0,0.0,0.0,0.0,0.0,0.0,0.0
2019-07-24 22:00:00,0.0,0.0,0.0,0.0,0.0,0.0,0.0
2019-07-24 23:00:00,0.0,0.0,0.0,0.0,0.0,0.0,0.0
2019-07-25 00:00:00,0.0,0.0,0.0,0.0,0.0,0.0,0.0
2019-07-25 01:00:00,0.0,0.0,0.0,0.0,0.0,0.0,0.0
2019-07-25 02:00:00,0.0,0.0,0.0,0.0,0.0,0.0,0.0
2019-07-25 03:00:00,0.0,0.0,0.0,0.0,0.0,0.0,0.0
2019-07-25 04:00:00,0.0,0.0,0.0,0.0,0.0,0.0,0.0
2019-07-25 05:00:00,0.0,0.0,0.0,0.0,0.0,0.0,0.0
2019-07-25 06:00:00,0.0,0.0,0.0,0.0,0.0,0.0,0.0
2019-07-25 07:00:00,0.0,702.767295597484,0.0,4032.76729559748,0.0,0.0,0.0
2019-07-25 08:00:00,0.0,702.767295597484,998.301886792453,4032.76729559748,0.0,518.930817610063,0.0
2019-07-25 09:00:00,258.301886792452,702.767295597484,568.2352260940202,4032.76729559748,0.0,518.930817610063,702.767295597484
2019-07-25 10:00:00,258.301886792452,702.767295597484,998.301886792453,4032.76729559748,0.0,518.930817610063,702.767295597484
2019-07-25 11:00:00,258.301886792452,702.767295597484,998.301886792453,4032.76729559748,0.0,518.930817610063,702.767295597484
2019-07-25 12:00:00,258.301886792452,702.767295597484,998.301886792453,4032.76729559748,0.0,518.930817610063,702.767295597484
2019-07-25 13:00:00,0.0,702.767295597484,0.0,4032.76729559748,0.0,0.0,0.0
2019-07-25 14:00:00,258.301886792452,702.767295597484,998.301886792453,4032.76729559748,0.0,0.0,0.0
2019-07-25 15:00:00,0.0,0.0,0.0,0.0,0.0,0.0,0.0
2019-07-25 16:00:00,0.0,0.0,0.0,0.0,0.0,0.0,0.0
2019-07-25 17:00:00,0.0,0.0,0.0,0.0,0.0,0.0,0.0
2019-07-25 18:00:00,0.0,0.0,0.0,0.0,0.0,0.0,0.0
2019-07-25 19:00:00,0.0,0.0,0.0,0.0,0.0,0.0,0.0
2019-07-25 20:00:00,0.0,0.0,0.0,0.0,0.0,0.0,0.0
2019-07-25 21:00:00,0.0,0.0,0.0,0.0,0.0,0.0,0.0
2019-07-25 22:00:00,0.0,0.0,0.0,0.0,0.0,0.0,0.0
2019-07-25 23:00:00,0.0,0.0,0.0,0.0,0.0,0.0,0.0
2019-07-26 00:00:00,0.0,0.0,0.0,0.0,0.0,0.0,0.0
2019-07-26 01:00:00,0.0,0.0,0.0,0.0,0.0,0.0,0.0
2019-07-26 02:00:00,0.0,0.0,0.0,0.0,0.0,0.0,0.0
2019-07-26 03:00:00,0.0,0.0,0.0,0.0,0.0,0.0,0.0
2019-07-26 04:00:00,0.0,0.0,0.0,0.0,0.0,0.0,0.0
2019-07-26 05:00:00,0.0,0.0,0.0,0.0,0.0,0.0,0.0
2019-07-26 06:00:00,0.0,0.0,0.0,0.0,0.0,0.0,0.0
2019-07-26 07:00:00,0.0,702.767295597484,0.0,4032.76729559748,0.0,0.0,0.0
2019-07-26 08:00:00,258.301886792452,702.767295597484,998.301886792453,4032.76729559748,0.0,518.930817610063,702.767295597484
2019-07-26 09:00:00,258.301886792452,702.767295597484,998.301886792453,4032.76729559748,0.0,518.930817610063,702.767295597484
2019-07-26 10:00:00,258.301886792452,702.767295597484,998.301886792453,4032.76729559748,0.0,518.930817610063,702.767295597484
2019-07-26 11:00:00,258.301886792452,702.767295597484,998.301886792453,4032.76729559748,0.0,518.930817610063,702.767295597484
2019-07-26 12:00:00,258.301886792452,702.767295597484,998.301886792453,4032.76729559748,0.0,518.930817610063,702.767295597484
2019-07-26 13:00:00,258.301886792452,702.767295597484,998.301886792453,4032.76729559748,0.0,0.0,702.767295597484
2019-07-26 14:00:00,0.0,702.767295597484,0.0,4032.76729559748,0.0,0.0,0.0
2019-07-26 15:00:00,0.0,0.0,0.0,1383.8889871548004,0.0,0.0,0.0
2019-07-26 16:00:00,0.0,0.0,0.0,0.0,0.0,0.0,0.0
2019-07-26 17:00:00,0.0,0.0,0.0,0.0,0.0,0.0,0.0
2019-07-26 18:00:00,0.0,0.0,0.0,0.0,0.0,0.0,0.0
2019-07-26 19:00:00,0.0,0.0,0.0,0.0,0.0,0.0,0.0
2019-07-26 20:00:00,0.0,0.0,0.0,0.0,0.0,0.0,0.0
2019-07-26 21:00:00,0.0,0.0,0.0,0.0,0.0,0.0,0.0
2019-07-26 22:00:00,0.0,0.0,0.0,0.0,0.0,0.0,0.0
2019-07-26 23:00:00,0.0,0.0,0.0,0.0,0.0,0.0,0.0
2019-07-27 00:00:00,0.0,0.0,0.0,0.0,0.0,0.0,0.0
2019-07-27 01:00:00,0.0,0.0,0.0,0.0,0.0,0.0,0.0
2019-07-27 02:00:00,0.0,0.0,0.0,0.0,0.0,0.0,0.0
2019-07-27 03:00:00,0.0,0.0,0.0,0.0,0.0,0.0,0.0
2019-07-27 04:00:00,0.0,0.0,0.0,0.0,0.0,0.0,0.0
2019-07-27 05:00:00,0.0,0.0,0.0,0.0,0.0,0.0,0.0
2019-07-27 06:00:00,0.0,702.767295597484,0.0,1626.287755555477,0.0,0.0,0.0
2019-07-27 07:00:00,258.301886792452,702.767295597484,998.301886792453,4032.76729559748,0.0,518.930817610063,702.767295597484
2019-07-27 08:00:00,258.301886792452,702.767295597484,998.301886792453,4032.76729559748,186.163522012579,518.930817610063,702.767295597484
2019-07-27 09:00:00,258.301886792452,702.767295597484,998.301886792453,4032.76729559748,186.163522012579,518.930817610063,702.767295597484
2019-07-27 10:00:00,258.301886792452,702.767295597484,998.301886792453,4032.76729559748,186.163522012579,518.930817610063,702.767295597484
2019-07-27 11:00:00,258.301886792452,702.767295597484,998.301886792453,4032.76729559748,186.163522012579,518.930817610063,702.767295597484
2019-07-27 12:00:00,258.301886792452,702.767295597484,998.301886792453,4032.76729559748,186.163522012579,518.930817610063,702.767295597484
2019-07-27 13:00:00,258.301886792452,702.767295597484,998.301886792453,4032.76729559748,186.163522012579,518.930817610063,702.767295597484
2019-07-27 14:00:00,258.301886792452,0.0,998.301886792453,3809.900233615981,186.163522012579,518.930817610063,702.767295597484
2019-07-27 15:00:00,258.301886792452,0.0,998.301886792453,0.0,186.163522012579,518.930817610063,702.767295597484
2019-07-27 16:00:00,0.0,0.0,0.0,0.0,186.163522012579,0.0,0.0
2019-07-27 17:00:00,0.0,0.0,0.0,0.0,186.163522012579,0.0,0.0
2019-07-27 18:00:00,0.0,0.0,0.0,0.0,186.163522012579,0.0,0.0
2019-07-27 19:00:00,0.0,0.0,0.0,0.0,186.163522012579,0.0,0.0
2019-07-27 20:00:00,0.0,0.0,0.0,0.0,186.163522012579,0.0,0.0
2019-07-27 21:00:00,0.0,0.0,0.0,0.0,186.163522012579,0.0,0.0
2019-07-27 22:00:00,0.0,0.0,0.0,0.0,186.163522012579,0.0,0.0
2019-07-27 23:00:00,0.0,0.0,0.0,915.2072859941211,186.163522012579,0.0,0.0
2019-07-28 00:00:00,0.0,0.0,0.0,1407.0974497867965,186.163522012579,0.0,0.0
2019-07-28 01:00:00,0.0,702.767295597484,0.0,2617.043583763183,186.163522012579,0.0,0.0
2019-07-28 02:00:00,0.0,702.767295597484,0.0,772.1614375828717,186.163522012579,0.0,0.0
2019-07-28 03:00:00,0.0,0.0,0.0,2280.4865143422735,186.163522012579,0.0,0.0
2019-07-28 04:00:00,0.0,0.0,0.0,0.0,186.163522012579,0.0,0.0
2019-07-28 05:00:00,0.0,702.767295597484,0.0,0.0,186.163522012579,0.0,0.0
2019-07-28 06:00:00,258.301886792452,702.767295597484,998.301886792453,4032.76729559748,186.163522012579,518.930817610063,702.767295597484
2019-07-28 07:00:00,258.301886792452,702.767295597484,998.301886792453,4032.76729559748,186.163522012579,518.930817610063,702.767295597484
2019-07-28 08:00:00,258.301886792452,702.767295597484,998.301886792453,4032.76729559748,186.163522012579,518.930817610063,702.767295597484
2019-07-28 09:00:00,258.301886792452,702.767295597484,998.301886792453,4032.76729559748,186.163522012579,518.930817610063,702.767295597484
2019-07-28 10:00:00,258.301886792452,702.767295597484,998.301886792453,4032.76729559748,186.163522012579,518.930817610063,702.767295597484
2019-07-28 11:00:00,258.301886792452,702.767295597484,998.301886792453,4032.76729559748,186.163522012579,518.930817610063,702.767295597484
2019-07-28 12:00:00,258.301886792452,702.767295597484,998.301886792453,4032.76729559748,186.163522012579,518.930817610063,702.767295597484
2019-07-28 13:00:00,258.301886792452,702.767295597484,998.301886792453,4032.76729559748,186.163522012579,518.930817610063,702.767295597484
2019-07-28 14:00:00,258.301886792452,702.767295597484,998.301886792453,4032.76729559748,186.163522012579,518.930817610063,702.767295597484
2019-07-28 15:00:00,258.301886792452,702.767295597484,998.301886792453,4032.76729559748,186.163522012579,518.930817610063,702.767295597484
2019-07-28 16:00:00,258.301886792452,702.767295597484,998.301886792453,4032.76729559748,186.163522012579,518.930817610063,702.767295597484
2019-07-28 17:00:00,258.301886792452,702.767295597484,998.301886792453,4032.76729559748,186.163522012579,518.930817610063,702.767295597484
2019-07-28 18:00:00,258.301886792452,0.0,998.301886792453,3365.0698764260483,186.163522012579,518.930817610063,702.767295597484
2019-07-28 19:00:00,258.301886792452,0.0,998.301886792453,3271.9519035545245,186.163522012579,518.930817610063,702.767295597484
2019-07-28 20:00:00,258.301886792452,0.0,998.301886792453,0.0,186.163522012579,518.930817610063,702.767295597484
2019-07-28 21:00:00,258.301886792452,269.2917510957518,998.301886792453,0.0,186.163522012579,0.0,702.767295597484
2019-07-28 22:00:00,258.301886792452,702.767295597484,501.7985677838791,2371.570364280132,186.163522012579,518.930817610063,702.767295597484
2019-07-28 23:00:00,258.301886792452,702.767295597484,0.0,3157.1451966400223,186.163522012579,0.0,0.0
2019-07-29 00:00:00,0.0,0.0,0.0,3938.0614382938775,186.163522012579,0.0,0.0
2019-07-29 01:00:00,0.0,0.0,0.0,3716.6515286540166,186.163522012579,0.0,0.0
2019-07-29 02:00:00,0.0,702.767295597484,0.0,2213.4509242327185,186.163522012579,0.0,0.0
2019-07-29 03:00:00,0.0,702.767295597484,0.0,680.8517773152562,186.163522012579,0.0,0.0
2019-07-29 04:00:00,0.0,0.0,0.0,0.0,186.163522012579,0.0,0.0
2019-07-29 05:00:00,0.0,0.0,0.0,0.0,186.163522012579,0.0,0.0
2019-07-29 06:00:00,0.0,0.0,0.0,0.0,186.163522012579,0.0,0.0
2019-07-29 07:00:00,258.301886792452,702.767295597484,998.301886792453,3803.4482565912945,186.163522012579,518.930817610063,702.767295597484
2019-07-29 08:00:00,258.301886792452,702.767295597484,998.301886792453,4032.76729559748,186.163522012579,518.930817610063,702.767295597484
2019-07-29 09:00:00,258.301886792452,702.767295597484,998.301886792453,4032.76729559748,186.163522012579,518.930817610063,702.767295597484
2019-07-29 10:00:00,258.301886792452,702.767295597484,998.301886792453,4032.76729559748,186.163522012579,518.930817610063,702.767295597484
2019-07-29 11:00:00,258.301886792452,702.767295597484,998.301886792453,4032.76729559748,186.163522012579,518.930817610063,702.767295597484
2019-07-29 12:00:00,258.301886792452,702.767295597484,998.301886792453,4032.76729559748,186.163522012579,518.930817610063,702.767295597484
2019-07-29 13:00:00,258.301886792452,702.767295597484,998.301886792453,4032.76729559748,186.163522012579,518.930817610063,702.767295597484
2019-07-29 14:00:00,258.301886792452,702.767295597484,998.301886792453,4032.76729559748,186.163522012579,518.930817610063,702.767295597484
2019-07-29 15:00:00,0.0,0.0,0.0,2628.0110042442752,186.163522012579,518.930817610063,0.0
2019-07-29 16:00:00,0.0,0.0,0.0,0.0,186.163522012579,0.0,0.0
2019-07-29 17:00:00,0.0,0.0,0.0,0.0,0.0,0.0,0.0
2019-07-29 18:00:00,0.0,0.0,0.0,0.0,0.0,0.0,0.0
2019-07-29 19:00:00,0.0,0.0,0.0,0.0,0.0,0.0,0.0
2019-07-29 20:00:00,0.0,0.0,0.0,0.0,0.0,0.0,0.0
2019-07-29 21:00:00,0.0,0.0,0.0,0.0,0.0,0.0,0.0
2019-07-29 22:00:00,0.0,0.0,0.0,0.0,0.0,0.0,0.0
2019-07-29 23:00:00,0.0,0.0,0.0,0.0,0.0,0.0,0.0
2019-07-30 00:00:00,0.0,0.0,0.0,0.0,0.0,0.0,0.0
2019-07-30 01:00:00,0.0,0.0,0.0,0.0,0.0,0.0,0.0
2019-07-30 02:00:00,0.0,0.0,0.0,0.0,0.0,0.0,0.0
2019-07-30 03:00:00,0.0,0.0,0.0,0.0,0.0,0.0,0.0
2019-07-30 04:00:00,0.0,0.0,0.0,0.0,0.0,0.0,0.0
2019-07-30 05:00:00,0.0,0.0,0.0,0.0,0.0,0.0,0.0
2019-07-30 06:00:00,0.0,0.0,0.0,0.0,0.0,0.0,0.0
2019-07-30 07:00:00,0.0,702.767295597484,998.301886792453,4032.76729559748,0.0,518.930817610063,702.767295597484
2019-07-30 08:00:00,0.0,702.767295597484,149.16371125695423,4032.76729559748,0.0,518.930817610063,702.767295597484
2019-07-30 09:00:00,258.301886792452,702.767295597484,998.301886792453,4032.76729559748,0.0,518.930817610063,702.767295597484
2019-07-30 10:00:00,258.301886792452,702.767295597484,998.301886792453,4032.76729559748,186.163522012579,518.930817610063,702.767295597484
2019-07-30 11:00:00,258.301886792452,702.767295597484,998.301886792453,4032.76729559748,186.163522012579,518.930817610063,702.767295597484
2019-07-30 12:00:00,258.301886792452,702.767295597484,998.301886792453,4032.76729559748,186.163522012579,518.930817610063,702.767295597484
2019-07-30 13:00:00,258.301886792452,702.767295597484,998.301886792453,4032.76729559748,0.0,518.930817610063,702.767295597484
2019-07-30 14:00:00,0.0,702.767295597484,0.0,4032.76729559748,0.0,518.930817610063,0.0
2019-07-30 15:00:00,0.0,702.767295597484,0.0,4032.76729559748,0.0,0.0,0.0
2019-07-30 16:00:00,0.0,0.0,0.0,0.0,0.0,0.0,0.0
2019-07-30 17:00:00,0.0,0.0,0.0,0.0,0.0,0.0,0.0
2019-07-30 18:00:00,0.0,0.0,0.0,0.0,0.0,0.0,0.0
2019-07-30 19:00:00,0.0,0.0,0.0,0.0,0.0,0.0,0.0
2019-07-30 20:00:00,0.0,0.0,0.0,0.0,0.0,0.0,0.0
2019-07-30 21:00:00,0.0,0.0,0.0,0.0,0.0,0.0,0.0
2019-07-30 22:00:00,0.0,0.0,0.0,0.0,0.0,0.0,0.0
2019-07-30 23:00:00,0.0,0.0,0.0,0.0,0.0,0.0,0.0
2019-07-31 00:00:00,0.0,0.0,0.0,0.0,0.0,0.0,0.0
2019-07-31 01:00:00,0.0,0.0,0.0,0.0,0.0,0.0,0.0
2019-07-31 02:00:00,0.0,0.0,0.0,0.0,0.0,0.0,0.0
2019-07-31 03:00:00,0.0,0.0,0.0,0.0,0.0,0.0,0.0
2019-07-31 04:00:00,0.0,0.0,0.0,0.0,0.0,0.0,0.0
2019-07-31 05:00:00,0.0,0.0,0.0,0.0,0.0,0.0,0.0
2019-07-31 06:00:00,0.0,0.0,0.0,0.0,0.0,0.0,0.0
2019-07-31 07:00:00,0.0,702.767295597484,998.301886792453,4032.76729559748,0.0,116.01326958150639,702.767295597484
2019-07-31 08:00:00,0.0,702.767295597484,0.0,4032.76729559748,0.0,518.930817610063,702.767295597484
2019-07-31 09:00:00,258.301886792452,702.767295597484,998.301886792453,4032.76729559748,0.0,518.930817610063,702.767295597484
2019-07-31 10:00:00,258.301886792452,702.767295597484,998.301886792453,4032.76729559748,0.0,518.930817610063,702.767295597484
2019-07-31 11:00:00,258.301886792452,702.767295597484,998.301886792453,4032.76729559748,0.0,518.930817610063,702.767295597484
2019-07-31 12:00:00,258.301886792452,702.767295597484,998.301886792453,4032.76729559748,0.0,518.930817610063,702.767295597484
2019-07-31 13:00:00,258.301886792452,702.767295597484,998.301886792453,4032.76729559748,0.0,518.930817610063,702.767295597484
2019-07-31 14:00:00,0.0,702.767295597484,0.0,4032.76729559748,0.0,0.0,702.767295597484
2019-07-31 15:00:00,0.0,0.0,0.0,4032.76729559748,0.0,0.0,0.0
2019-07-31 16:00:00,0.0,0.0,0.0,0.0,0.0,0.0,0.0
2019-07-31 17:00:00,0.0,0.0,0.0,0.0,0.0,0.0,0.0
2019-07-31 18:00:00,0.0,0.0,0.0,0.0,0.0,0.0,0.0
2019-07-31 19:00:00,0.0,0.0,0.0,0.0,0.0,0.0,0.0
2019-07-31 20:00:00,0.0,0.0,0.0,0.0,0.0,0.0,0.0
2019-07-31 21:00:00,0.0,0.0,0.0,0.0,0.0,0.0,0.0
2019-07-31 22:00:00,0.0,0.0,0.0,0.0,0.0,0.0,0.0
2019-07-31 23:00:00,0.0,0.0,0.0,0.0,0.0,0.0,0.0
2019-08-01 00:00:00,0.0,0.0,0.0,0.0,0.0,0.0,0.0
2019-08-01 01:00:00,0.0,0.0,0.0,0.0,0.0,0.0,0.0
2019-08-01 02:00:00,0.0,0.0,0.0,0.0,0.0,0.0,0.0
2019-08-01 03:00:00,0.0,0.0,0.0,0.0,0.0,0.0,0.0
2019-08-01 04:00:00,0.0,0.0,0.0,0.0,0.0,0.0,0.0
2019-08-01 05:00:00,0.0,0.0,0.0,0.0,0.0,0.0,0.0
2019-08-01 06:00:00,0.0,0.0,0.0,0.0,0.0,0.0,0.0
2019-08-01 07:00:00,0.0,702.767295597484,0.0,4032.76729559748,0.0,518.930817610063,702.767295597484
2019-08-01 08:00:00,258.301886792452,702.767295597484,998.301886792453,4032.76729559748,0.0,518.930817610063,702.767295597484
2019-08-01 09:00:00,258.301886792452,702.767295597484,998.301886792453,4032.76729559748,0.0,518.930817610063,702.767295597484
2019-08-01 10:00:00,258.301886792452,702.767295597484,998.301886792453,4032.76729559748,186.163522012579,518.930817610063,702.767295597484
2019-08-01 11:00:00,258.301886792452,702.767295597484,998.301886792453,4032.76729559748,186.163522012579,518.930817610063,702.767295597484
2019-08-01 12:00:00,258.301886792452,702.767295597484,998.301886792453,4032.76729559748,186.163522012579,518.930817610063,702.767295597484
2019-08-01 13:00:00,258.301886792452,702.767295597484,998.301886792453,4032.76729559748,0.0,518.930817610063,702.767295597484
2019-08-01 14:00:00,258.301886792452,702.767295597484,998.301886792453,4032.76729559748,0.0,518.930817610063,702.767295597484
2019-08-01 15:00:00,0.0,702.767295597484,0.0,4032.76729559748,0.0,0.0,0.0
2019-08-01 16:00:00,0.0,0.0,0.0,0.0,0.0,0.0,0.0
2019-08-01 17:00:00,0.0,0.0,0.0,0.0,0.0,0.0,0.0
2019-08-01 18:00:00,0.0,0.0,0.0,0.0,0.0,0.0,0.0
2019-08-01 19:00:00,0.0,0.0,0.0,0.0,0.0,0.0,0.0
2019-08-01 20:00:00,0.0,0.0,0.0,0.0,0.0,0.0,0.0
2019-08-01 21:00:00,0.0,0.0,0.0,0.0,0.0,0.0,0.0
2019-08-01 22:00:00,0.0,0.0,0.0,0.0,0.0,0.0,0.0
2019-08-01 23:00:00,0.0,0.0,0.0,0.0,0.0,0.0,0.0
2019-08-02 00:00:00,0.0,0.0,0.0,0.0,0.0,0.0,0.0
2019-08-02 01:00:00,0.0,0.0,0.0,0.0,0.0,0.0,0.0
2019-08-02 02:00:00,0.0,0.0,0.0,0.0,0.0,0.0,0.0
2019-08-02 03:00:00,0.0,0.0,0.0,0.0,0.0,0.0,0.0
2019-08-02 04:00:00,0.0,0.0,0.0,0.0,0.0,0.0,0.0
2019-08-02 05:00:00,0.0,0.0,0.0,0.0,0.0,0.0,0.0
2019-08-02 06:00:00,0.0,0.0,0.0,0.0,0.0,0.0,0.0
2019-08-02 07:00:00,0.0,702.767295597484,0.0,4032.76729559748,0.0,0.0,0.0
2019-08-02 08:00:00,258.301886792452,702.767295597484,998.301886792453,4032.76729559748,0.0,518.930817610063,702.767295597484
2019-08-02 09:00:00,258.301886792452,702.767295597484,998.301886792453,4032.76729559748,0.0,518.930817610063,702.767295597484
2019-08-02 10:00:00,258.301886792452,702.767295597484,998.301886792453,4032.76729559748,0.0,518.930817610063,702.767295597484
2019-08-02 11:00:00,258.301886792452,702.767295597484,998.301886792453,4032.76729559748,0.0,518.930817610063,702.767295597484
2019-08-02 12:00:00,258.301886792452,702.767295597484,998.301886792453,4032.76729559748,0.0,518.930817610063,702.767295597484
2019-08-02 13:00:00,258.301886792452,702.767295597484,998.301886792453,4032.76729559748,0.0,518.930817610063,702.767295597484
2019-08-02 14:00:00,258.301886792452,702.767295597484,998.301886792453,4032.76729559748,0.0,518.930817610063,702.767295597484
2019-08-02 15:00:00,0.0,702.767295597484,0.0,1746.4376185620267,0.0,0.0,0.0
2019-08-02 16:00:00,0.0,0.0,0.0,0.0,0.0,0.0,0.0
2019-08-02 17:00:00,0.0,0.0,0.0,0.0,0.0,0.0,0.0
2019-08-02 18:00:00,0.0,0.0,0.0,0.0,0.0,0.0,0.0
2019-08-02 19:00:00,0.0,0.0,0.0,0.0,0.0,0.0,0.0
2019-08-02 20:00:00,0.0,0.0,0.0,0.0,0.0,0.0,0.0
2019-08-02 21:00:00,0.0,0.0,0.0,0.0,0.0,0.0,0.0
2019-08-02 22:00:00,0.0,0.0,0.0,0.0,0.0,0.0,0.0
2019-08-02 23:00:00,0.0,0.0,0.0,0.0,0.0,0.0,0.0
2019-08-03 00:00:00,0.0,0.0,0.0,0.0,0.0,0.0,0.0
2019-08-03 01:00:00,0.0,0.0,0.0,0.0,0.0,0.0,0.0
2019-08-03 02:00:00,0.0,0.0,0.0,0.0,0.0,0.0,0.0
2019-08-03 03:00:00,0.0,0.0,0.0,0.0,0.0,0.0,0.0
2019-08-03 04:00:00,0.0,0.0,0.0,0.0,0.0,0.0,0.0
2019-08-03 05:00:00,0.0,0.0,0.0,0.0,0.0,0.0,0.0
2019-08-03 06:00:00,0.0,702.767295597484,0.0,4032.76729559748,0.0,0.0,0.0
2019-08-03 07:00:00,258.301886792452,702.767295597484,998.301886792453,4032.76729559748,186.163522012579,518.930817610063,702.767295597484
2019-08-03 08:00:00,258.301886792452,702.767295597484,998.301886792453,4032.76729559748,186.163522012579,518.930817610063,702.767295597484
2019-08-03 09:00:00,258.301886792452,702.767295597484,998.301886792453,4032.76729559748,186.163522012579,518.930817610063,702.767295597484
2019-08-03 10:00:00,258.301886792452,702.767295597484,998.301886792453,4032.76729559748,186.163522012579,518.930817610063,702.767295597484
2019-08-03 11:00:00,258.301886792452,702.767295597484,998.301886792453,4032.76729559748,186.163522012579,518.930817610063,702.767295597484
2019-08-03 12:00:00,258.301886792452,702.767295597484,998.301886792453,4032.76729559748,186.163522012579,518.930817610063,702.767295597484
2019-08-03 13:00:00,258.301886792452,702.767295597484,998.301886792453,4032.76729559748,186.163522012579,518.930817610063,702.767295597484
2019-08-03 14:00:00,258.301886792452,702.767295597484,998.301886792453,4032.76729559748,186.163522012579,518.930817610063,702.767295597484
2019-08-03 15:00:00,258.301886792452,702.767295597484,998.301886792453,4032.76729559748,186.163522012579,518.930817610063,702.767295597484
2019-08-03 16:00:00,0.0,702.767295597484,0.0,4032.76729559748,0.0,0.0,0.0
2019-08-03 17:00:00,0.0,702.767295597484,0.0,4032.76729559748,0.0,0.0,0.0
2019-08-03 18:00:00,0.0,0.0,0.0,2655.1547431878903,0.0,0.0,0.0
2019-08-03 19:00:00,0.0,0.0,0.0,0.0,0.0,0.0,0.0
2019-08-03 20:00:00,0.0,0.0,0.0,0.0,0.0,0.0,0.0
2019-08-03 21:00:00,0.0,0.0,0.0,0.0,0.0,0.0,0.0
2019-08-03 22:00:00,0.0,702.767295597484,0.0,0.0,0.0,0.0,0.0
2019-08-03 23:00:00,0.0,0.0,0.0,0.0,0.0,0.0,0.0
2019-08-04 00:00:00,0.0,0.0,0.0,0.0,0.0,0.0,0.0
2019-08-04 01:00:00,0.0,0.0,0.0,0.0,0.0,0.0,0.0
2019-08-04 02:00:00,0.0,0.0,0.0,0.0,0.0,0.0,0.0
2019-08-04 03:00:00,0.0,0.0,0.0,0.0,0.0,0.0,0.0
2019-08-04 04:00:00,0.0,0.0,0.0,0.0,0.0,0.0,0.0
2019-08-04 05:00:00,0.0,0.0,0.0,0.0,0.0,0.0,0.0
2019-08-04 06:00:00,258.301886792452,702.767295597484,998.301886792453,4032.76729559748,22.342917673534473,518.930817610063,702.767295597484
2019-08-04 07:00:00,258.301886792452,702.767295597484,998.301886792453,4032.76729559748,186.163522012579,518.930817610063,702.767295597484
2019-08-04 08:00:00,258.301886792452,702.767295597484,998.301886792453,4032.76729559748,186.163522012579,518.930817610063,702.767295597484
2019-08-04 09:00:00,258.301886792452,702.767295597484,998.301886792453,4032.76729559748,186.163522012579,518.930817610063,702.767295597484
2019-08-04 10:00:00,258.301886792452,702.767295597484,998.301886792453,4032.76729559748,186.163522012579,518.930817610063,702.767295597484
2019-08-04 11:00:00,258.301886792452,702.767295597484,998.301886792453,4032.76729559748,186.163522012579,518.930817610063,702.767295597484
2019-08-04 12:00:00,258.301886792452,702.767295597484,998.301886792453,4032.76729559748,186.163522012579,518.930817610063,702.767295597484
2019-08-04 13:00:00,258.301886792452,702.767295597484,998.301886792453,4032.76729559748,186.163522012579,518.930817610063,702.767295597484
2019-08-04 14:00:00,258.301886792452,702.767295597484,998.301886792453,4032.76729559748,186.163522012579,518.930817610063,702.767295597484
2019-08-04 15:00:00,258.301886792452,702.767295597484,998.301886792453,4032.76729559748,186.163522012579,518.930817610063,702.767295597484
2019-08-04 16:00:00,0.0,702.767295597484,998.301886792453,4032.76729559748,0.0,0.0,294.8101848291203
2019-08-04 17:00:00,0.0,0.0,0.0,0.0,0.0,0.0,0.0
2019-08-04 18:00:00,0.0,0.0,0.0,0.0,0.0,0.0,0.0
2019-08-04 19:00:00,0.0,0.0,0.0,0.0,0.0,0.0,0.0
2019-08-04 20:00:00,0.0,0.0,0.0,0.0,0.0,0.0,0.0
2019-08-04 21:00:00,0.0,0.0,0.0,0.0,0.0,0.0,0.0
2019-08-04 22:00:00,0.0,0.0,0.0,0.0,0.0,0.0,0.0
2019-08-04 23:00:00,0.0,0.0,0.0,0.0,0.0,0.0,0.0
2019-08-05 00:00:00,0.0,0.0,0.0,0.0,0.0,0.0,0.0
2019-08-05 01:00:00,0.0,0.0,0.0,0.0,0.0,0.0,0.0
2019-08-05 02:00:00,0.0,0.0,0.0,0.0,0.0,0.0,0.0
2019-08-05 03:00:00,0.0,0.0,0.0,0.0,0.0,0.0,0.0
2019-08-05 04:00:00,0.0,0.0,0.0,0.0,0.0,0.0,0.0
2019-08-05 05:00:00,0.0,0.0,0.0,0.0,0.0,0.0,0.0
2019-08-05 06:00:00,0.0,0.0,0.0,0.0,0.0,0.0,0.0
2019-08-05 07:00:00,258.301886792452,702.767295597484,998.301886792453,4032.76729559748,0.0,518.930817610063,702.767295597484
2019-08-05 08:00:00,258.301886792452,702.767295597484,998.301886792453,4032.76729559748,186.163522012579,518.930817610063,702.767295597484
2019-08-05 09:00:00,258.301886792452,702.767295597484,998.301886792453,4032.76729559748,186.163522012579,518.930817610063,702.767295597484
2019-08-05 10:00:00,258.301886792452,702.767295597484,998.301886792453,4032.76729559748,186.163522012579,518.930817610063,702.767295597484
2019-08-05 11:00:00,258.301886792452,702.767295597484,998.301886792453,4032.76729559748,186.163522012579,518.930817610063,702.767295597484
2019-08-05 12:00:00,258.301886792452,702.767295597484,998.301886792453,4032.76729559748,186.163522012579,518.930817610063,702.767295597484
2019-08-05 13:00:00,258.301886792452,702.767295597484,998.301886792453,4032.76729559748,186.163522012579,518.930817610063,702.767295597484
2019-08-05 14:00:00,258.301886792452,702.767295597484,998.301886792453,4032.76729559748,0.0,518.930817610063,702.767295597484
2019-08-05 15:00:00,258.301886792452,702.767295597484,0.0,4032.76729559748,0.0,0.0,702.767295597484
2019-08-05 16:00:00,0.0,0.0,0.0,0.0,0.0,0.0,0.0
2019-08-05 17:00:00,0.0,0.0,0.0,0.0,0.0,0.0,0.0
2019-08-05 18:00:00,0.0,0.0,0.0,0.0,0.0,0.0,0.0
2019-08-05 19:00:00,0.0,0.0,0.0,0.0,0.0,0.0,0.0
2019-08-05 20:00:00,0.0,0.0,0.0,0.0,0.0,0.0,0.0
2019-08-05 21:00:00,0.0,0.0,0.0,0.0,0.0,0.0,0.0
2019-08-05 22:00:00,0.0,0.0,0.0,0.0,0.0,0.0,0.0
2019-08-05 23:00:00,0.0,0.0,0.0,0.0,0.0,0.0,0.0
2019-08-06 00:00:00,0.0,0.0,0.0,0.0,0.0,0.0,0.0
2019-08-06 01:00:00,0.0,0.0,0.0,0.0,0.0,0.0,0.0
2019-08-06 02:00:00,0.0,0.0,0.0,0.0,0.0,0.0,0.0
2019-08-06 03:00:00,0.0,0.0,0.0,0.0,0.0,0.0,0.0
2019-08-06 04:00:00,0.0,0.0,0.0,0.0,0.0,0.0,0.0
2019-08-06 05:00:00,0.0,0.0,0.0,0.0,0.0,0.0,0.0
2019-08-06 06:00:00,0.0,0.0,0.0,0.0,0.0,0.0,0.0
2019-08-06 07:00:00,258.301886792452,702.767295597484,998.301886792453,4032.76729559748,0.0,181.28966971616592,702.767295597484
2019-08-06 08:00:00,258.301886792452,702.767295597484,998.301886792453,4032.76729559748,0.0,518.930817610063,702.767295597484
2019-08-06 09:00:00,258.301886792452,702.767295597484,998.301886792453,4032.76729559748,186.163522012579,518.930817610063,702.767295597484
2019-08-06 10:00:00,258.301886792452,702.767295597484,998.301886792453,4032.76729559748,186.163522012579,518.930817610063,702.767295597484
2019-08-06 11:00:00,258.301886792452,702.767295597484,998.301886792453,4032.76729559748,186.163522012579,518.930817610063,702.767295597484
2019-08-06 12:00:00,258.301886792452,702.767295597484,998.301886792453,4032.76729559748,186.163522012579,518.930817610063,702.767295597484
2019-08-06 13:00:00,258.301886792452,702.767295597484,998.301886792453,4032.76729559748,186.163522012579,518.930817610063,702.767295597484
2019-08-06 14:00:00,258.301886792452,702.767295597484,998.301886792453,4032.76729559748,0.0,518.930817610063,702.767295597484
2019-08-06 15:00:00,0.0,702.767295597484,0.0,4032.76729559748,0.0,0.0,0.0
2019-08-06 16:00:00,0.0,0.0,0.0,0.0,0.0,0.0,0.0
2019-08-06 17:00:00,0.0,0.0,0.0,0.0,0.0,0.0,0.0
2019-08-06 18:00:00,0.0,0.0,0.0,0.0,0.0,0.0,0.0
2019-08-06 19:00:00,0.0,0.0,0.0,0.0,0.0,0.0,0.0
2019-08-06 20:00:00,0.0,0.0,0.0,0.0,0.0,0.0,0.0
2019-08-06 21:00:00,0.0,0.0,0.0,0.0,0.0,0.0,0.0
2019-08-06 22:00:00,0.0,0.0,0.0,0.0,0.0,0.0,0.0
2019-08-06 23:00:00,0.0,0.0,0.0,0.0,0.0,0.0,0.0
2019-08-07 00:00:00,0.0,0.0,0.0,0.0,0.0,0.0,0.0
2019-08-07 01:00:00,0.0,0.0,0.0,0.0,0.0,0.0,0.0
2019-08-07 02:00:00,0.0,0.0,0.0,0.0,0.0,0.0,0.0
2019-08-07 03:00:00,0.0,0.0,0.0,0.0,0.0,0.0,0.0
2019-08-07 04:00:00,0.0,0.0,0.0,0.0,0.0,0.0,0.0
2019-08-07 05:00:00,0.0,0.0,0.0,0.0,0.0,0.0,0.0
2019-08-07 06:00:00,0.0,0.0,0.0,0.0,0.0,0.0,0.0
2019-08-07 07:00:00,258.301886792452,702.767295597484,998.301886792453,4032.76729559748,0.0,518.930817610063,702.767295597484
2019-08-07 08:00:00,258.301886792452,702.767295597484,998.301886792453,4032.76729559748,0.0,518.930817610063,702.767295597484
2019-08-07 09:00:00,258.301886792452,702.767295597484,998.301886792453,4032.76729559748,186.163522012579,518.930817610063,702.767295597484
2019-08-07 10:00:00,258.301886792452,702.767295597484,998.301886792453,4032.76729559748,186.163522012579,518.930817610063,702.767295597484
2019-08-07 11:00:00,258.301886792452,702.767295597484,998.301886792453,4032.76729559748,186.163522012579,518.930817610063,702.767295597484
2019-08-07 12:00:00,258.301886792452,702.767295597484,998.301886792453,4032.76729559748,186.163522012579,518.930817610063,702.767295597484
2019-08-07 13:00:00,258.301886792452,702.767295597484,998.301886792453,4032.76729559748,186.163522012579,518.930817610063,702.767295597484
2019-08-07 14:00:00,258.301886792452,702.767295597484,998.301886792453,4032.76729559748,0.0,518.930817610063,702.767295597484
2019-08-07 15:00:00,258.301886792452,313.81494952012326,998.301886792453,3127.272830386019,0.0,518.930817610063,702.767295597484
2019-08-07 16:00:00,0.0,0.0,0.0,0.0,0.0,0.0,0.0
2019-08-07 17:00:00,0.0,0.0,0.0,0.0,0.0,0.0,0.0
2019-08-07 18:00:00,0.0,0.0,0.0,0.0,0.0,0.0,0.0
2019-08-07 19:00:00,0.0,0.0,0.0,0.0,0.0,0.0,0.0
2019-08-07 20:00:00,0.0,0.0,0.0,0.0,0.0,0.0,0.0
2019-08-07 21:00:00,0.0,0.0,0.0,0.0,0.0,0.0,0.0
2019-08-07 22:00:00,0.0,0.0,0.0,0.0,0.0,0.0,0.0
2019-08-07 23:00:00,0.0,0.0,0.0,0.0,0.0,0.0,0.0
2019-08-08 00:00:00,0.0,0.0,0.0,0.0,0.0,0.0,0.0
2019-08-08 01:00:00,0.0,0.0,0.0,0.0,0.0,0.0,0.0
2019-08-08 02:00:00,0.0,0.0,0.0,0.0,0.0,0.0,0.0
2019-08-08 03:00:00,0.0,0.0,0.0,0.0,0.0,0.0,0.0
2019-08-08 04:00:00,0.0,0.0,0.0,0.0,0.0,0.0,0.0
2019-08-08 05:00:00,0.0,0.0,0.0,0.0,0.0,0.0,0.0
2019-08-08 06:00:00,0.0,0.0,0.0,0.0,0.0,0.0,0.0
2019-08-08 07:00:00,258.301886792452,702.767295597484,998.301886792453,4032.76729559748,0.0,518.930817610063,702.767295597484
2019-08-08 08:00:00,258.301886792452,702.767295597484,998.301886792453,4032.76729559748,0.0,518.930817610063,702.767295597484
2019-08-08 09:00:00,258.301886792452,702.767295597484,998.301886792453,4032.76729559748,186.163522012579,518.930817610063,702.767295597484
2019-08-08 10:00:00,258.301886792452,702.767295597484,998.301886792453,4032.76729559748,186.163522012579,518.930817610063,702.767295597484
2019-08-08 11:00:00,258.301886792452,702.767295597484,998.301886792453,4032.76729559748,186.163522012579,518.930817610063,702.767295597484
2019-08-08 12:00:00,258.301886792452,702.767295597484,998.301886792453,4032.76729559748,186.163522012579,518.930817610063,702.767295597484
2019-08-08 13:00:00,258.301886792452,702.767295597484,998.301886792453,4032.76729559748,0.0,518.930817610063,702.767295597484
2019-08-08 14:00:00,258.301886792452,702.767295597484,998.301886792453,4032.76729559748,0.0,518.930817610063,702.767295597484
2019-08-08 15:00:00,0.0,702.767295597484,0.0,1960.1166791150972,0.0,0.0,0.0
2019-08-08 16:00:00,0.0,0.0,0.0,0.0,0.0,0.0,0.0
2019-08-08 17:00:00,0.0,0.0,0.0,0.0,0.0,0.0,0.0
2019-08-08 18:00:00,0.0,0.0,0.0,0.0,0.0,0.0,0.0
2019-08-08 19:00:00,0.0,0.0,0.0,0.0,0.0,0.0,0.0
2019-08-08 20:00:00,0.0,0.0,0.0,0.0,0.0,0.0,0.0
2019-08-08 21:00:00,0.0,0.0,0.0,0.0,0.0,0.0,0.0
2019-08-08 22:00:00,0.0,0.0,0.0,0.0,0.0,0.0,0.0
2019-08-08 23:00:00,0.0,0.0,0.0,0.0,0.0,0.0,0.0
2019-08-09 00:00:00,0.0,0.0,0.0,0.0,0.0,0.0,0.0
2019-08-09 01:00:00,0.0,0.0,0.0,0.0,0.0,0.0,0.0
2019-08-09 02:00:00,0.0,0.0,0.0,0.0,0.0,0.0,0.0
2019-08-09 03:00:00,0.0,0.0,0.0,0.0,0.0,0.0,0.0
2019-08-09 04:00:00,0.0,0.0,0.0,0.0,0.0,0.0,0.0
2019-08-09 05:00:00,0.0,0.0,0.0,0.0,0.0,0.0,0.0
2019-08-09 06:00:00,0.0,0.0,0.0,0.0,0.0,0.0,0.0
2019-08-09 07:00:00,258.301886792452,702.767295597484,998.301886792453,4032.76729559748,0.0,518.930817610063,702.767295597484
2019-08-09 08:00:00,258.301886792452,702.767295597484,998.301886792453,4032.76729559748,0.0,518.930817610063,702.767295597484
2019-08-09 09:00:00,258.301886792452,702.767295597484,998.301886792453,4032.76729559748,186.163522012579,518.930817610063,702.767295597484
2019-08-09 10:00:00,258.301886792452,702.767295597484,998.301886792453,4032.76729559748,186.163522012579,518.930817610063,702.767295597484
2019-08-09 11:00:00,258.301886792452,702.767295597484,998.301886792453,4032.76729559748,186.163522012579,518.930817610063,702.767295597484
2019-08-09 12:00:00,258.301886792452,702.767295597484,998.301886792453,4032.76729559748,186.163522012579,518.930817610063,702.767295597484
2019-08-09 13:00:00,258.301886792452,702.767295597484,998.301886792453,4032.76729559748,186.163522012579,518.930817610063,702.767295597484
2019-08-09 14:00:00,258.301886792452,702.767295597484,998.301886792453,4032.76729559748,0.0,518.930817610063,702.767295597484
2019-08-09 15:00:00,258.301886792452,702.767295597484,998.301886792453,4032.76729559748,0.0,518.930817610063,702.767295597484
2019-08-09 16:00:00,0.0,0.0,0.0,0.0,0.0,0.0,0.0
2019-08-09 17:00:00,0.0,0.0,0.0,0.0,0.0,0.0,0.0
2019-08-09 18:00:00,0.0,0.0,0.0,0.0,0.0,0.0,0.0
2019-08-09 19:00:00,0.0,0.0,0.0,0.0,0.0,0.0,0.0
2019-08-09 20:00:00,0.0,0.0,0.0,0.0,0.0,0.0,0.0
2019-08-09 21:00:00,0.0,0.0,0.0,0.0,0.0,0.0,0.0
2019-08-09 22:00:00,0.0,0.0,0.0,0.0,0.0,0.0,0.0
2019-08-09 23:00:00,0.0,0.0,0.0,0.0,0.0,0.0,0.0
2019-08-10 00:00:00,0.0,0.0,0.0,0.0,0.0,0.0,0.0
2019-08-10 01:00:00,0.0,0.0,0.0,0.0,0.0,0.0,0.0
2019-08-10 02:00:00,0.0,0.0,0.0,0.0,0.0,0.0,0.0
2019-08-10 03:00:00,0.0,0.0,0.0,0.0,0.0,0.0,0.0
2019-08-10 04:00:00,0.0,0.0,0.0,0.0,0.0,0.0,0.0
2019-08-10 05:00:00,0.0,0.0,0.0,0.0,0.0,0.0,0.0
2019-08-10 06:00:00,0.0,0.0,0.0,0.0,0.0,0.0,0.0
2019-08-10 07:00:00,258.301886792452,702.767295597484,998.301886792453,4032.76729559748,0.0,518.930817610063,702.767295597484
2019-08-10 08:00:00,258.301886792452,702.767295597484,998.301886792453,4032.76729559748,186.163522012579,518.930817610063,702.767295597484
2019-08-10 09:00:00,258.301886792452,702.767295597484,998.301886792453,4032.76729559748,186.163522012579,518.930817610063,702.767295597484
2019-08-10 10:00:00,258.301886792452,702.767295597484,998.301886792453,4032.76729559748,186.163522012579,518.930817610063,702.767295597484
2019-08-10 11:00:00,258.301886792452,702.767295597484,998.301886792453,4032.76729559748,186.163522012579,518.930817610063,702.767295597484
2019-08-10 12:00:00,258.301886792452,702.767295597484,998.301886792453,4032.76729559748,186.163522012579,518.930817610063,702.767295597484
2019-08-10 13:00:00,258.301886792452,702.767295597484,998.301886792453,4032.76729559748,186.163522012579,518.930817610063,702.767295597484
2019-08-10 14:00:00,258.301886792452,702.767295597484,998.301886792453,4032.76729559748,186.163522012579,518.930817610063,702.767295597484
2019-08-10 15:00:00,258.301886792452,702.767295597484,998.301886792453,4032.76729559748,0.0,518.930817610063,702.767295597484
2019-08-10 16:00:00,0.0,0.0,0.0,0.0,0.0,0.0,0.0
2019-08-10 17:00:00,0.0,0.0,0.0,0.0,0.0,0.0,0.0
2019-08-10 18:00:00,0.0,0.0,0.0,0.0,0.0,0.0,0.0
2019-08-10 19:00:00,0.0,0.0,0.0,0.0,0.0,0.0,0.0
2019-08-10 20:00:00,0.0,0.0,0.0,0.0,0.0,0.0,0.0
2019-08-10 21:00:00,0.0,0.0,0.0,0.0,0.0,0.0,0.0
2019-08-10 22:00:00,0.0,0.0,0.0,0.0,0.0,0.0,0.0
2019-08-10 23:00:00,0.0,0.0,0.0,0.0,0.0,0.0,0.0
2019-08-11 00:00:00,0.0,0.0,0.0,0.0,0.0,0.0,0.0
2019-08-11 01:00:00,0.0,0.0,0.0,0.0,0.0,0.0,0.0
2019-08-11 02:00:00,0.0,0.0,0.0,0.0,0.0,0.0,0.0
2019-08-11 03:00:00,0.0,0.0,0.0,0.0,0.0,0.0,0.0
2019-08-11 04:00:00,0.0,0.0,0.0,0.0,0.0,0.0,0.0
2019-08-11 05:00:00,0.0,0.0,0.0,0.0,0.0,0.0,0.0
2019-08-11 06:00:00,0.0,702.767295597484,0.0,4032.76729559748,0.0,0.0,0.0
2019-08-11 07:00:00,258.301886792452,702.767295597484,998.301886792453,4032.76729559748,0.0,518.930817610063,702.767295597484
2019-08-11 08:00:00,258.301886792452,702.767295597484,998.301886792453,4032.76729559748,186.163522012579,518.930817610063,702.767295597484
2019-08-11 09:00:00,258.301886792452,702.767295597484,998.301886792453,4032.76729559748,186.163522012579,518.930817610063,702.767295597484
2019-08-11 10:00:00,258.301886792452,702.767295597484,998.301886792453,4032.76729559748,186.163522012579,518.930817610063,702.767295597484
2019-08-11 11:00:00,258.301886792452,702.767295597484,998.301886792453,4032.76729559748,186.163522012579,518.930817610063,702.767295597484
2019-08-11 12:00:00,258.301886792452,702.767295597484,998.301886792453,4032.76729559748,186.163522012579,518.930817610063,702.767295597484
2019-08-11 13:00:00,258.301886792452,702.767295597484,998.301886792453,4032.76729559748,186.163522012579,518.930817610063,702.767295597484
2019-08-11 14:00:00,258.301886792452,702.767295597484,998.301886792453,4032.76729559748,186.163522012579,518.930817610063,702.767295597484
2019-08-11 15:00:00,258.301886792452,702.767295597484,998.301886792453,4032.76729559748,0.0,518.930817610063,702.767295597484
2019-08-11 16:00:00,0.0,0.0,0.0,0.0,0.0,0.0,0.0
2019-08-11 17:00:00,0.0,0.0,0.0,0.0,0.0,0.0,0.0
2019-08-11 18:00:00,0.0,0.0,0.0,0.0,0.0,0.0,0.0
2019-08-11 19:00:00,0.0,0.0,0.0,0.0,0.0,0.0,0.0
2019-08-11 20:00:00,0.0,0.0,0.0,0.0,0.0,0.0,0.0
2019-08-11 21:00:00,0.0,0.0,0.0,0.0,0.0,0.0,0.0
2019-08-11 22:00:00,0.0,0.0,0.0,0.0,0.0,0.0,0.0
2019-08-11 23:00:00,0.0,0.0,0.0,0.0,0.0,0.0,0.0
2019-08-12 00:00:00,0.0,0.0,0.0,0.0,0.0,0.0,0.0
2019-08-12 01:00:00,0.0,0.0,0.0,0.0,0.0,0.0,0.0
2019-08-12 02:00:00,0.0,0.0,0.0,0.0,0.0,0.0,0.0
2019-08-12 03:00:00,0.0,0.0,0.0,0.0,0.0,0.0,0.0
2019-08-12 04:00:00,0.0,0.0,0.0,0.0,0.0,0.0,0.0
2019-08-12 05:00:00,0.0,0.0,0.0,0.0,0.0,0.0,0.0
2019-08-12 06:00:00,0.0,0.0,0.0,0.0,0.0,0.0,0.0
2019-08-12 07:00:00,258.301886792452,702.767295597484,998.301886792453,4032.76729559748,0.0,518.930817610063,702.767295597484
2019-08-12 08:00:00,258.301886792452,702.767295597484,998.301886792453,4032.76729559748,0.0,518.930817610063,702.767295597484
2019-08-12 09:00:00,258.301886792452,702.767295597484,998.301886792453,4032.76729559748,0.0,518.930817610063,702.767295597484
2019-08-12 10:00:00,258.301886792452,702.767295597484,998.301886792453,4032.76729559748,0.0,518.930817610063,702.767295597484
2019-08-12 11:00:00,258.301886792452,702.767295597484,998.301886792453,4032.76729559748,0.0,518.930817610063,702.767295597484
2019-08-12 12:00:00,258.301886792452,702.767295597484,998.301886792453,4032.76729559748,0.0,518.930817610063,702.767295597484
2019-08-12 13:00:00,258.301886792452,702.767295597484,998.301886792453,4032.76729559748,0.0,518.930817610063,702.767295597484
2019-08-12 14:00:00,258.301886792452,702.767295597484,998.301886792453,3043.0826241143022,0.0,518.930817610063,702.767295597484
2019-08-12 15:00:00,0.0,0.0,0.0,0.0,0.0,0.0,0.0
2019-08-12 16:00:00,0.0,0.0,0.0,0.0,0.0,0.0,0.0
2019-08-12 17:00:00,0.0,0.0,0.0,0.0,0.0,0.0,0.0
2019-08-12 18:00:00,0.0,0.0,0.0,0.0,0.0,0.0,0.0
2019-08-12 19:00:00,0.0,0.0,0.0,0.0,0.0,0.0,0.0
2019-08-12 20:00:00,0.0,0.0,0.0,0.0,0.0,0.0,0.0
2019-08-12 21:00:00,0.0,0.0,0.0,0.0,0.0,0.0,0.0
2019-08-12 22:00:00,0.0,0.0,0.0,0.0,0.0,0.0,0.0
2019-08-12 23:00:00,0.0,0.0,0.0,0.0,0.0,0.0,0.0
2019-08-13 00:00:00,0.0,0.0,0.0,0.0,0.0,0.0,0.0
2019-08-13 01:00:00,0.0,0.0,0.0,0.0,0.0,0.0,0.0
2019-08-13 02:00:00,0.0,0.0,0.0,0.0,0.0,0.0,0.0
2019-08-13 03:00:00,0.0,0.0,0.0,0.0,0.0,0.0,0.0
2019-08-13 04:00:00,0.0,0.0,0.0,0.0,0.0,0.0,0.0
2019-08-13 05:00:00,0.0,0.0,0.0,0.0,0.0,0.0,0.0
2019-08-13 06:00:00,0.0,0.0,0.0,0.0,0.0,0.0,0.0
2019-08-13 07:00:00,258.301886792452,702.767295597484,998.301886792453,4032.76729559748,186.163522012579,518.930817610063,702.767295597484
2019-08-13 08:00:00,258.301886792452,702.767295597484,998.301886792453,4032.76729559748,186.163522012579,518.930817610063,702.767295597484
2019-08-13 09:00:00,258.301886792452,702.767295597484,998.301886792453,4032.76729559748,186.163522012579,518.930817610063,702.767295597484
2019-08-13 10:00:00,258.301886792452,702.767295597484,998.301886792453,4032.76729559748,186.163522012579,518.930817610063,702.767295597484
2019-08-13 11:00:00,258.301886792452,702.767295597484,998.301886792453,4032.76729559748,186.163522012579,518.930817610063,702.767295597484
2019-08-13 12:00:00,258.301886792452,702.767295597484,998.301886792453,4032.76729559748,186.163522012579,518.930817610063,702.767295597484
2019-08-13 13:00:00,258.301886792452,702.767295597484,998.301886792453,4032.76729559748,186.163522012579,518.930817610063,702.767295597484
2019-08-13 14:00:00,258.301886792452,702.767295597484,998.301886792453,4032.76729559748,186.163522012579,518.930817610063,702.767295597484
2019-08-13 15:00:00,0.0,702.767295597484,0.0,4032.76729559748,186.163522012579,0.0,0.0
2019-08-13 16:00:00,0.0,0.0,0.0,0.0,186.163522012579,0.0,0.0
2019-08-13 17:00:00,0.0,0.0,0.0,0.0,186.163522012579,0.0,0.0
2019-08-13 18:00:00,0.0,0.0,0.0,0.0,186.163522012579,0.0,0.0
2019-08-13 19:00:00,0.0,0.0,0.0,0.0,186.163522012579,0.0,0.0
2019-08-13 20:00:00,0.0,0.0,0.0,0.0,186.163522012579,0.0,0.0
2019-08-13 21:00:00,0.0,0.0,0.0,0.0,186.163522012579,0.0,0.0
2019-08-13 22:00:00,0.0,0.0,0.0,0.0,186.163522012579,0.0,0.0
2019-08-13 23:00:00,0.0,0.0,0.0,0.0,186.163522012579,0.0,0.0
2019-08-14 00:00:00,0.0,0.0,0.0,0.0,186.163522012579,0.0,0.0
2019-08-14 01:00:00,0.0,0.0,0.0,0.0,186.163522012579,0.0,0.0
2019-08-14 02:00:00,0.0,0.0,0.0,0.0,186.163522012579,0.0,0.0
2019-08-14 03:00:00,0.0,0.0,0.0,0.0,186.163522012579,0.0,0.0
2019-08-14 04:00:00,0.0,0.0,0.0,0.0,186.163522012579,0.0,0.0
2019-08-14 05:00:00,0.0,0.0,0.0,0.0,186.163522012579,0.0,0.0
2019-08-14 06:00:00,0.0,702.767295597484,0.0,4032.76729559748,186.163522012579,0.0,0.0
2019-08-14 07:00:00,258.301886792452,702.767295597484,998.301886792453,4032.76729559748,186.163522012579,518.930817610063,702.767295597484
2019-08-14 08:00:00,258.301886792452,702.767295597484,998.301886792453,4032.76729559748,186.163522012579,518.930817610063,702.767295597484
2019-08-14 09:00:00,258.301886792452,702.767295597484,998.301886792453,4032.76729559748,186.163522012579,518.930817610063,702.767295597484
2019-08-14 10:00:00,258.301886792452,702.767295597484,998.301886792453,4032.76729559748,186.163522012579,518.930817610063,702.767295597484
2019-08-14 11:00:00,258.301886792452,702.767295597484,998.301886792453,4032.76729559748,186.163522012579,518.930817610063,702.767295597484
2019-08-14 12:00:00,258.301886792452,702.767295597484,998.301886792453,4032.76729559748,186.163522012579,518.930817610063,702.767295597484
2019-08-14 13:00:00,258.301886792452,702.767295597484,998.301886792453,4032.76729559748,186.163522012579,518.930817610063,702.767295597484
2019-08-14 14:00:00,258.301886792452,702.767295597484,998.301886792453,4032.76729559748,186.163522012579,518.930817610063,702.767295597484
2019-08-14 15:00:00,258.301886792452,702.767295597484,998.301886792453,4032.76729559748,186.163522012579,518.930817610063,702.767295597484
2019-08-14 16:00:00,258.301886792452,702.767295597484,998.301886792453,4032.76729559748,186.163522012579,518.930817610063,702.767295597484
2019-08-14 17:00:00,258.301886792452,702.767295597484,998.301886792453,4032.76729559748,186.163522012579,518.930817610063,702.767295597484
2019-08-14 18:00:00,258.301886792452,702.767295597484,998.301886792453,4032.76729559748,186.163522012579,518.930817610063,702.767295597484
2019-08-14 19:00:00,258.301886792452,702.767295597484,998.301886792453,4032.76729559748,186.163522012579,518.930817610063,702.767295597484
2019-08-14 20:00:00,258.301886792452,702.767295597484,998.301886792453,4032.76729559748,186.163522012579,518.930817610063,702.767295597484
2019-08-14 21:00:00,258.301886792452,702.767295597484,998.301886792453,4032.76729559748,186.163522012579,518.930817610063,702.767295597484
2019-08-14 22:00:00,258.301886792452,702.767295597484,998.301886792453,4032.76729559748,186.163522012579,518.930817610063,702.767295597484
2019-08-14 23:00:00,258.301886792452,702.767295597484,998.301886792453,4032.76729559748,186.163522012579,518.930817610063,702.767295597484
2019-08-15 00:00:00,258.301886792452,702.767295597484,998.301886792453,4032.76729559748,186.163522012579,518.930817610063,702.767295597484
2019-08-15 01:00:00,258.301886792452,702.767295597484,998.301886792453,4032.76729559748,186.163522012579,518.930817610063,702.767295597484
2019-08-15 02:00:00,258.301886792452,702.767295597484,998.301886792453,4032.76729559748,186.163522012579,518.930817610063,702.767295597484
2019-08-15 03:00:00,258.301886792452,702.767295597484,998.301886792453,4032.76729559748,186.163522012579,518.930817610063,702.767295597484
2019-08-15 04:00:00,258.301886792452,702.767295597484,998.301886792453,4032.76729559748,186.163522012579,518.930817610063,702.767295597484
2019-08-15 05:00:00,258.301886792452,702.767295597484,998.301886792453,4032.76729559748,186.163522012579,518.930817610063,702.767295597484
2019-08-15 06:00:00,258.301886792452,702.767295597484,998.301886792453,4032.76729559748,186.163522012579,518.930817610063,702.767295597484
2019-08-15 07:00:00,258.301886792452,702.767295597484,998.301886792453,4032.76729559748,186.163522012579,518.930817610063,702.767295597484
2019-08-15 08:00:00,258.301886792452,702.767295597484,998.301886792453,4032.76729559748,186.163522012579,518.930817610063,702.767295597484
2019-08-15 09:00:00,258.301886792452,702.767295597484,998.301886792453,4032.76729559748,186.163522012579,518.930817610063,702.767295597484
2019-08-15 10:00:00,258.301886792452,702.767295597484,998.301886792453,4032.76729559748,186.163522012579,518.930817610063,702.767295597484
2019-08-15 11:00:00,258.301886792452,702.767295597484,998.301886792453,4032.76729559748,186.163522012579,518.930817610063,702.767295597484
2019-08-15 12:00:00,258.301886792452,702.767295597484,998.301886792453,4032.76729559748,186.163522012579,518.930817610063,702.767295597484
2019-08-15 13:00:00,258.301886792452,702.767295597484,998.301886792453,4032.76729559748,186.163522012579,518.930817610063,702.767295597484
2019-08-15 14:00:00,258.301886792452,702.767295597484,998.301886792453,4032.76729559748,186.163522012579,518.930817610063,702.767295597484
2019-08-15 15:00:00,258.301886792452,702.767295597484,998.301886792453,4032.76729559748,186.163522012579,518.930817610063,702.767295597484
2019-08-15 16:00:00,258.301886792452,702.767295597484,998.301886792453,4032.76729559748,186.163522012579,518.930817610063,702.767295597484
2019-08-15 17:00:00,0.0,702.767295597484,998.301886792453,4032.76729559748,186.163522012579,518.930817610063,702.767295597484
2019-08-15 18:00:00,258.301886792452,702.767295597484,998.301886792453,4032.76729559748,186.163522012579,0.0,702.767295597484
2019-08-15 19:00:00,258.301886792452,702.767295597484,998.301886792453,4032.76729559748,186.163522012579,0.0,702.767295597484
2019-08-15 20:00:00,0.0,702.767295597484,998.301886792453,4032.76729559748,186.163522012579,0.0,702.767295597484
2019-08-15 21:00:00,0.0,702.767295597484,698.9899977685835,4032.76729559748,186.163522012579,0.0,0.0
2019-08-15 22:00:00,0.0,702.767295597484,0.0,4032.76729559748,186.163522012579,0.0,0.0
2019-08-15 23:00:00,0.0,702.767295597484,0.0,4032.76729559748,186.163522012579,0.0,0.0
2019-08-16 00:00:00,0.0,702.767295597484,0.0,4032.76729559748,186.163522012579,0.0,0.0
2019-08-16 01:00:00,0.0,702.767295597484,0.0,4032.76729559748,186.163522012579,0.0,0.0
2019-08-16 02:00:00,0.0,702.767295597484,0.0,4032.76729559748,186.163522012579,0.0,0.0
2019-08-16 03:00:00,0.0,702.767295597484,0.0,4032.76729559748,186.163522012579,0.0,0.0
2019-08-16 04:00:00,0.0,702.767295597484,0.0,4032.76729559748,186.163522012579,0.0,0.0
2019-08-16 05:00:00,0.0,702.767295597484,0.0,4032.76729559748,186.163522012579,0.0,0.0
2019-08-16 06:00:00,0.0,702.767295597484,0.0,4032.76729559748,186.163522012579,0.0,0.0
2019-08-16 07:00:00,258.301886792452,702.767295597484,998.301886792453,4032.76729559748,186.163522012579,518.930817610063,702.767295597484
2019-08-16 08:00:00,258.301886792452,702.767295597484,998.301886792453,4032.76729559748,186.163522012579,518.930817610063,702.767295597484
2019-08-16 09:00:00,258.301886792452,702.767295597484,998.301886792453,4032.76729559748,186.163522012579,518.930817610063,702.767295597484
2019-08-16 10:00:00,258.301886792452,702.767295597484,998.301886792453,4032.76729559748,186.163522012579,518.930817610063,702.767295597484
2019-08-16 11:00:00,258.301886792452,702.767295597484,998.301886792453,4032.76729559748,186.163522012579,518.930817610063,702.767295597484
2019-08-16 12:00:00,258.301886792452,702.767295597484,998.301886792453,4032.76729559748,186.163522012579,518.930817610063,702.767295597484
2019-08-16 13:00:00,258.301886792452,702.767295597484,998.301886792453,4032.76729559748,186.163522012579,518.930817610063,702.767295597484
2019-08-16 14:00:00,258.301886792452,702.767295597484,998.301886792453,4032.76729559748,186.163522012579,518.930817610063,702.767295597484
2019-08-16 15:00:00,258.301886792452,702.767295597484,998.301886792453,4032.76729559748,186.163522012579,518.930817610063,702.767295597484
2019-08-16 16:00:00,0.0,702.767295597484,0.0,4032.76729559748,186.163522012579,0.0,0.0
2019-08-16 17:00:00,0.0,260.88945452664393,0.0,4032.76729559748,0.0,0.0,0.0
2019-08-16 18:00:00,0.0,702.767295597484,0.0,1456.4445864536146,0.0,0.0,0.0
2019-08-16 19:00:00,0.0,702.767295597484,0.0,820.460969859969,0.0,0.0,0.0
2019-08-16 20:00:00,0.0,702.767295597484,0.0,1370.3180957689842,0.0,0.0,0.0
2019-08-16 21:00:00,0.0,702.767295597484,0.0,0.0,0.0,0.0,0.0
2019-08-16 22:00:00,0.0,0.0,0.0,0.0,0.0,0.0,0.0
2019-08-16 23:00:00,0.0,702.767295597484,0.0,0.0,0.0,0.0,0.0
2019-08-17 00:00:00,0.0,0.0,0.0,0.0,0.0,0.0,0.0
2019-08-17 01:00:00,0.0,0.0,0.0,0.0,0.0,0.0,0.0
2019-08-17 02:00:00,0.0,0.0,0.0,0.0,0.0,0.0,0.0
2019-08-17 03:00:00,0.0,0.0,0.0,0.0,0.0,0.0,0.0
2019-08-17 04:00:00,0.0,0.0,0.0,0.0,0.0,0.0,0.0
2019-08-17 05:00:00,0.0,0.0,0.0,0.0,0.0,0.0,0.0
2019-08-17 06:00:00,0.0,702.767295597484,0.0,4032.76729559748,0.0,0.0,0.0
2019-08-17 07:00:00,258.301886792452,702.767295597484,998.301886792453,4032.76729559748,0.0,518.930817610063,702.767295597484
2019-08-17 08:00:00,258.301886792452,702.767295597484,998.301886792453,4032.76729559748,186.163522012579,518.930817610063,702.767295597484
2019-08-17 09:00:00,258.301886792452,702.767295597484,998.301886792453,4032.76729559748,186.163522012579,518.930817610063,702.767295597484
2019-08-17 10:00:00,258.301886792452,702.767295597484,998.301886792453,4032.76729559748,186.163522012579,518.930817610063,702.767295597484
2019-08-17 11:00:00,258.301886792452,702.767295597484,998.301886792453,4032.76729559748,186.163522012579,518.930817610063,702.767295597484
2019-08-17 12:00:00,258.301886792452,702.767295597484,998.301886792453,4032.76729559748,186.163522012579,518.930817610063,702.767295597484
2019-08-17 13:00:00,258.301886792452,702.767295597484,998.301886792453,4032.76729559748,186.163522012579,518.930817610063,702.767295597484
2019-08-17 14:00:00,258.301886792452,702.767295597484,998.301886792453,4032.76729559748,186.163522012579,518.930817610063,702.767295597484
2019-08-17 15:00:00,258.301886792452,702.767295597484,998.301886792453,4032.76729559748,186.163522012579,518.930817610063,702.767295597484
2019-08-17 16:00:00,0.0,702.767295597484,0.0,3138.927633589273,0.0,0.0,0.0
2019-08-17 17:00:00,0.0,0.0,0.0,0.0,0.0,0.0,0.0
2019-08-17 18:00:00,0.0,0.0,0.0,0.0,0.0,0.0,0.0
2019-08-17 19:00:00,0.0,0.0,0.0,0.0,0.0,0.0,0.0
2019-08-17 20:00:00,0.0,0.0,0.0,0.0,0.0,0.0,0.0
2019-08-17 21:00:00,0.0,0.0,0.0,0.0,0.0,0.0,0.0
2019-08-17 22:00:00,0.0,0.0,0.0,0.0,0.0,0.0,0.0
2019-08-17 23:00:00,0.0,0.0,0.0,0.0,0.0,0.0,0.0
2019-08-18 00:00:00,0.0,644.9527985223012,0.0,0.0,0.0,0.0,0.0
2019-08-18 01:00:00,0.0,0.0,0.0,0.0,0.0,0.0,0.0
2019-08-18 02:00:00,0.0,0.0,0.0,0.0,0.0,0.0,0.0
2019-08-18 03:00:00,0.0,0.0,0.0,0.0,0.0,0.0,0.0
2019-08-18 04:00:00,0.0,0.0,0.0,0.0,0.0,0.0,0.0
2019-08-18 05:00:00,0.0,0.0,0.0,0.0,0.0,0.0,0.0
2019-08-18 06:00:00,258.301886792452,702.767295597484,998.301886792453,4032.76729559748,0.0,518.930817610063,702.767295597484
2019-08-18 07:00:00,258.301886792452,702.767295597484,998.301886792453,4032.76729559748,186.163522012579,518.930817610063,702.767295597484
2019-08-18 08:00:00,258.301886792452,702.767295597484,998.301886792453,4032.76729559748,186.163522012579,518.930817610063,702.767295597484
2019-08-18 09:00:00,258.301886792452,702.767295597484,998.301886792453,4032.76729559748,186.163522012579,518.930817610063,702.767295597484
2019-08-18 10:00:00,258.301886792452,702.767295597484,998.301886792453,4032.76729559748,186.163522012579,518.930817610063,702.767295597484
2019-08-18 11:00:00,258.301886792452,702.767295597484,998.301886792453,4032.76729559748,186.163522012579,518.930817610063,702.767295597484
2019-08-18 12:00:00,258.301886792452,702.767295597484,998.301886792453,4032.76729559748,186.163522012579,518.930817610063,702.767295597484
2019-08-18 13:00:00,258.301886792452,702.767295597484,998.301886792453,4032.76729559748,186.163522012579,518.930817610063,702.767295597484
2019-08-18 14:00:00,258.301886792452,702.767295597484,998.301886792453,4032.76729559748,186.163522012579,518.930817610063,702.767295597484
2019-08-18 15:00:00,258.301886792452,702.767295597484,998.301886792453,4032.76729559748,186.163522012579,518.930817610063,702.767295597484
2019-08-18 16:00:00,0.0,0.0,0.0,0.0,0.0,0.0,0.0
2019-08-18 17:00:00,0.0,0.0,0.0,0.0,0.0,0.0,0.0
2019-08-18 18:00:00,0.0,0.0,0.0,0.0,0.0,0.0,0.0
2019-08-18 19:00:00,0.0,0.0,0.0,0.0,0.0,0.0,0.0
2019-08-18 20:00:00,0.0,0.0,0.0,0.0,0.0,0.0,0.0
2019-08-18 21:00:00,0.0,0.0,0.0,0.0,0.0,0.0,0.0
2019-08-18 22:00:00,0.0,0.0,0.0,0.0,0.0,0.0,0.0
2019-08-18 23:00:00,0.0,0.0,0.0,0.0,0.0,0.0,0.0
2019-08-19 00:00:00,0.0,0.0,0.0,0.0,0.0,0.0,0.0
2019-08-19 01:00:00,0.0,0.0,0.0,0.0,0.0,0.0,0.0
2019-08-19 02:00:00,0.0,0.0,0.0,0.0,0.0,0.0,0.0
2019-08-19 03:00:00,0.0,0.0,0.0,0.0,0.0,0.0,0.0
2019-08-19 04:00:00,0.0,0.0,0.0,0.0,0.0,0.0,0.0
2019-08-19 05:00:00,0.0,0.0,0.0,0.0,0.0,0.0,0.0
2019-08-19 06:00:00,0.0,0.0,0.0,0.0,0.0,0.0,0.0
2019-08-19 07:00:00,258.301886792452,702.767295597484,998.301886792453,4032.76729559748,0.0,518.930817610063,702.767295597484
2019-08-19 08:00:00,258.301886792452,702.767295597484,998.301886792453,4032.76729559748,186.163522012579,518.930817610063,702.767295597484
2019-08-19 09:00:00,258.301886792452,702.767295597484,998.301886792453,4032.76729559748,186.163522012579,518.930817610063,702.767295597484
2019-08-19 10:00:00,258.301886792452,702.767295597484,998.301886792453,4032.76729559748,186.163522012579,518.930817610063,702.767295597484
2019-08-19 11:00:00,258.301886792452,702.767295597484,998.301886792453,4032.76729559748,186.163522012579,518.930817610063,702.767295597484
2019-08-19 12:00:00,258.301886792452,702.767295597484,998.301886792453,4032.76729559748,186.163522012579,518.930817610063,702.767295597484
2019-08-19 13:00:00,258.301886792452,702.767295597484,998.301886792453,4032.76729559748,186.163522012579,518.930817610063,702.767295597484
2019-08-19 14:00:00,258.301886792452,702.767295597484,998.301886792453,4032.76729559748,0.0,518.930817610063,702.767295597484
2019-08-19 15:00:00,258.301886792452,702.767295597484,998.301886792453,4032.76729559748,0.0,0.0,332.7770920246269
2019-08-19 16:00:00,0.0,0.0,0.0,0.0,0.0,0.0,0.0
2019-08-19 17:00:00,0.0,0.0,0.0,0.0,0.0,0.0,0.0
2019-08-19 18:00:00,0.0,0.0,0.0,0.0,0.0,0.0,0.0
2019-08-19 19:00:00,0.0,0.0,0.0,0.0,0.0,0.0,0.0
2019-08-19 20:00:00,0.0,0.0,0.0,0.0,0.0,0.0,0.0
2019-08-19 21:00:00,0.0,0.0,0.0,0.0,0.0,0.0,0.0
2019-08-19 22:00:00,0.0,0.0,0.0,0.0,0.0,0.0,0.0
2019-08-19 23:00:00,0.0,0.0,0.0,0.0,0.0,0.0,0.0
2019-08-20 00:00:00,0.0,0.0,0.0,0.0,0.0,0.0,0.0
2019-08-20 01:00:00,0.0,0.0,0.0,0.0,0.0,0.0,0.0
2019-08-20 02:00:00,0.0,0.0,0.0,0.0,0.0,0.0,0.0
2019-08-20 03:00:00,0.0,0.0,0.0,0.0,0.0,0.0,0.0
2019-08-20 04:00:00,0.0,0.0,0.0,0.0,0.0,0.0,0.0
2019-08-20 05:00:00,0.0,0.0,0.0,0.0,0.0,0.0,0.0
2019-08-20 06:00:00,0.0,0.0,0.0,0.0,0.0,0.0,0.0
2019-08-20 07:00:00,258.301886792452,702.767295597484,998.301886792453,4032.76729559748,0.0,518.930817610063,702.767295597484
2019-08-20 08:00:00,258.301886792452,702.767295597484,998.301886792453,4032.76729559748,0.0,518.930817610063,702.767295597484
2019-08-20 09:00:00,258.301886792452,702.767295597484,998.301886792453,4032.76729559748,186.163522012579,518.930817610063,702.767295597484
2019-08-20 10:00:00,258.301886792452,702.767295597484,998.301886792453,4032.76729559748,186.163522012579,518.930817610063,702.767295597484
2019-08-20 11:00:00,258.301886792452,702.767295597484,998.301886792453,4032.76729559748,186.163522012579,518.930817610063,702.767295597484
2019-08-20 12:00:00,258.301886792452,702.767295597484,998.301886792453,4032.76729559748,186.163522012579,518.930817610063,702.767295597484
2019-08-20 13:00:00,258.301886792452,702.767295597484,998.301886792453,4032.76729559748,186.163522012579,518.930817610063,702.767295597484
2019-08-20 14:00:00,258.301886792452,702.767295597484,998.301886792453,4032.76729559748,0.0,518.930817610063,702.767295597484
2019-08-20 15:00:00,0.0,702.767295597484,0.0,3833.6312263409836,0.0,0.0,0.0
2019-08-20 16:00:00,0.0,0.0,0.0,0.0,0.0,0.0,0.0
2019-08-20 17:00:00,0.0,0.0,0.0,0.0,0.0,0.0,0.0
2019-08-20 18:00:00,0.0,0.0,0.0,0.0,0.0,0.0,0.0
2019-08-20 19:00:00,0.0,0.0,0.0,0.0,0.0,0.0,0.0
2019-08-20 20:00:00,0.0,0.0,0.0,0.0,0.0,0.0,0.0
2019-08-20 21:00:00,0.0,0.0,0.0,0.0,0.0,0.0,0.0
2019-08-20 22:00:00,0.0,0.0,0.0,0.0,0.0,0.0,0.0
2019-08-20 23:00:00,0.0,0.0,0.0,0.0,0.0,0.0,0.0
2019-08-21 00:00:00,0.0,0.0,0.0,0.0,0.0,0.0,0.0
2019-08-21 01:00:00,0.0,0.0,0.0,0.0,0.0,0.0,0.0
2019-08-21 02:00:00,0.0,0.0,0.0,0.0,0.0,0.0,0.0
2019-08-21 03:00:00,0.0,0.0,0.0,0.0,0.0,0.0,0.0
2019-08-21 04:00:00,0.0,0.0,0.0,0.0,0.0,0.0,0.0
2019-08-21 05:00:00,0.0,0.0,0.0,0.0,0.0,0.0,0.0
2019-08-21 06:00:00,0.0,0.0,0.0,0.0,0.0,0.0,0.0
2019-08-21 07:00:00,258.301886792452,702.767295597484,998.301886792453,4032.76729559748,0.0,518.930817610063,702.767295597484
2019-08-21 08:00:00,258.301886792452,702.767295597484,998.301886792453,4032.76729559748,0.0,518.930817610063,702.767295597484
2019-08-21 09:00:00,258.301886792452,702.767295597484,998.301886792453,4032.76729559748,186.163522012579,518.930817610063,702.767295597484
2019-08-21 10:00:00,258.301886792452,702.767295597484,998.301886792453,4032.76729559748,186.163522012579,518.930817610063,702.767295597484
2019-08-21 11:00:00,258.301886792452,702.767295597484,998.301886792453,4032.76729559748,186.163522012579,518.930817610063,702.767295597484
2019-08-21 12:00:00,258.301886792452,702.767295597484,998.301886792453,4032.76729559748,186.163522012579,518.930817610063,702.767295597484
2019-08-21 13:00:00,258.301886792452,702.767295597484,998.301886792453,4032.76729559748,186.163522012579,518.930817610063,702.767295597484
2019-08-21 14:00:00,258.301886792452,702.767295597484,998.301886792453,4032.76729559748,0.0,518.930817610063,702.767295597484
2019-08-21 15:00:00,0.0,702.767295597484,0.0,3987.620474596617,0.0,0.0,0.0
2019-08-21 16:00:00,0.0,0.0,0.0,0.0,0.0,0.0,0.0
2019-08-21 17:00:00,0.0,0.0,0.0,0.0,0.0,0.0,0.0
2019-08-21 18:00:00,0.0,0.0,0.0,0.0,0.0,0.0,0.0
2019-08-21 19:00:00,0.0,0.0,0.0,0.0,0.0,0.0,0.0
2019-08-21 20:00:00,0.0,0.0,0.0,0.0,0.0,0.0,0.0
2019-08-21 21:00:00,0.0,0.0,0.0,0.0,0.0,0.0,0.0
2019-08-21 22:00:00,0.0,0.0,0.0,0.0,0.0,0.0,0.0
2019-08-21 23:00:00,0.0,0.0,0.0,0.0,0.0,0.0,0.0
2019-08-22 00:00:00,0.0,0.0,0.0,0.0,0.0,0.0,0.0
2019-08-22 01:00:00,0.0,0.0,0.0,0.0,0.0,0.0,0.0
2019-08-22 02:00:00,0.0,0.0,0.0,0.0,0.0,0.0,0.0
2019-08-22 03:00:00,0.0,0.0,0.0,0.0,0.0,0.0,0.0
2019-08-22 04:00:00,0.0,0.0,0.0,0.0,0.0,0.0,0.0
2019-08-22 05:00:00,0.0,0.0,0.0,0.0,0.0,0.0,0.0
2019-08-22 06:00:00,0.0,0.0,0.0,0.0,0.0,0.0,0.0
2019-08-22 07:00:00,258.301886792452,702.767295597484,998.301886792453,4032.76729559748,0.0,518.930817610063,702.767295597484
2019-08-22 08:00:00,258.301886792452,702.767295597484,998.301886792453,4032.76729559748,0.0,518.930817610063,702.767295597484
2019-08-22 09:00:00,258.301886792452,702.767295597484,998.301886792453,4032.76729559748,0.0,518.930817610063,702.767295597484
2019-08-22 10:00:00,258.301886792452,702.767295597484,998.301886792453,4032.76729559748,0.0,518.930817610063,702.767295597484
2019-08-22 11:00:00,258.301886792452,702.767295597484,998.301886792453,4032.76729559748,0.0,518.930817610063,702.767295597484
2019-08-22 12:00:00,258.301886792452,702.767295597484,998.301886792453,4032.76729559748,0.0,518.930817610063,702.767295597484
2019-08-22 13:00:00,258.301886792452,702.767295597484,998.301886792453,4032.76729559748,0.0,518.930817610063,702.767295597484
2019-08-22 14:00:00,258.301886792452,702.767295597484,998.301886792453,4032.76729559748,0.0,518.930817610063,702.767295597484
2019-08-22 15:00:00,0.0,702.767295597484,0.0,3541.4017798879445,0.0,0.0,0.0
2019-08-22 16:00:00,0.0,0.0,0.0,0.0,0.0,0.0,0.0
2019-08-22 17:00:00,0.0,0.0,0.0,0.0,0.0,0.0,0.0
2019-08-22 18:00:00,0.0,0.0,0.0,0.0,0.0,0.0,0.0
2019-08-22 19:00:00,0.0,0.0,0.0,0.0,0.0,0.0,0.0
2019-08-22 20:00:00,0.0,0.0,0.0,0.0,0.0,0.0,0.0
2019-08-22 21:00:00,0.0,0.0,0.0,0.0,0.0,0.0,0.0
2019-08-22 22:00:00,0.0,0.0,0.0,0.0,0.0,0.0,0.0
2019-08-22 23:00:00,0.0,0.0,0.0,0.0,0.0,0.0,0.0
2019-08-23 00:00:00,0.0,0.0,0.0,0.0,0.0,0.0,0.0
2019-08-23 01:00:00,0.0,0.0,0.0,0.0,0.0,0.0,0.0
2019-08-23 02:00:00,0.0,0.0,0.0,0.0,0.0,0.0,0.0
2019-08-23 03:00:00,0.0,0.0,0.0,0.0,0.0,0.0,0.0
2019-08-23 04:00:00,0.0,0.0,0.0,0.0,0.0,0.0,0.0
2019-08-23 05:00:00,0.0,0.0,0.0,0.0,0.0,0.0,0.0
2019-08-23 06:00:00,0.0,0.0,0.0,1967.6156173984818,0.0,0.0,0.0
2019-08-23 07:00:00,258.301886792452,702.767295597484,998.301886792453,4032.76729559748,0.0,518.930817610063,702.767295597484
2019-08-23 08:00:00,258.301886792452,702.767295597484,998.301886792453,4032.76729559748,0.0,518.930817610063,702.767295597484
2019-08-23 09:00:00,258.301886792452,702.767295597484,998.301886792453,4032.76729559748,0.0,518.930817610063,702.767295597484
2019-08-23 10:00:00,258.301886792452,702.767295597484,998.301886792453,4032.76729559748,0.0,518.930817610063,702.767295597484
2019-08-23 11:00:00,258.301886792452,702.767295597484,998.301886792453,4032.76729559748,0.0,518.930817610063,702.767295597484
2019-08-23 12:00:00,258.301886792452,702.767295597484,998.301886792453,4032.76729559748,0.0,518.930817610063,702.767295597484
2019-08-23 13:00:00,258.301886792452,702.767295597484,998.301886792453,4032.76729559748,0.0,518.930817610063,702.767295597484
2019-08-23 14:00:00,0.0,702.767295597484,0.0,4032.76729559748,0.0,0.0,0.0
2019-08-23 15:00:00,0.0,0.0,0.0,424.79660643121224,0.0,0.0,0.0
2019-08-23 16:00:00,0.0,0.0,0.0,0.0,0.0,0.0,0.0
2019-08-23 17:00:00,0.0,0.0,0.0,0.0,0.0,0.0,0.0
2019-08-23 18:00:00,0.0,0.0,0.0,0.0,0.0,0.0,0.0
2019-08-23 19:00:00,0.0,0.0,0.0,0.0,0.0,0.0,0.0
2019-08-23 20:00:00,0.0,0.0,0.0,0.0,0.0,0.0,0.0
2019-08-23 21:00:00,0.0,0.0,0.0,0.0,0.0,0.0,0.0
2019-08-23 22:00:00,0.0,0.0,0.0,0.0,0.0,0.0,0.0
2019-08-23 23:00:00,0.0,0.0,0.0,0.0,0.0,0.0,0.0
2019-08-24 00:00:00,0.0,0.0,0.0,0.0,0.0,0.0,0.0
2019-08-24 01:00:00,0.0,0.0,0.0,0.0,0.0,0.0,0.0
2019-08-24 02:00:00,0.0,0.0,0.0,0.0,0.0,0.0,0.0
2019-08-24 03:00:00,0.0,0.0,0.0,0.0,0.0,0.0,0.0
2019-08-24 04:00:00,0.0,0.0,0.0,0.0,0.0,0.0,0.0
2019-08-24 05:00:00,0.0,0.0,0.0,0.0,0.0,0.0,0.0
2019-08-24 06:00:00,0.0,702.767295597484,0.0,4032.76729559748,0.0,0.0,0.0
2019-08-24 07:00:00,258.301886792452,702.767295597484,998.301886792453,4032.76729559748,0.0,518.930817610063,702.767295597484
2019-08-24 08:00:00,258.301886792452,702.767295597484,998.301886792453,4032.76729559748,186.163522012579,518.930817610063,702.767295597484
2019-08-24 09:00:00,258.301886792452,702.767295597484,998.301886792453,4032.76729559748,186.163522012579,518.930817610063,702.767295597484
2019-08-24 10:00:00,258.301886792452,702.767295597484,998.301886792453,4032.76729559748,186.163522012579,518.930817610063,702.767295597484
2019-08-24 11:00:00,258.301886792452,702.767295597484,998.301886792453,4032.76729559748,186.163522012579,518.930817610063,702.767295597484
2019-08-24 12:00:00,258.301886792452,702.767295597484,998.301886792453,4032.76729559748,186.163522012579,518.930817610063,702.767295597484
2019-08-24 13:00:00,258.301886792452,702.767295597484,998.301886792453,4032.76729559748,186.163522012579,518.930817610063,702.767295597484
2019-08-24 14:00:00,258.301886792452,702.767295597484,998.301886792453,4032.76729559748,0.0,518.930817610063,702.767295597484
2019-08-24 15:00:00,0.0,112.22211101244511,0.0,0.0,0.0,0.0,0.0
2019-08-24 16:00:00,0.0,0.0,0.0,0.0,0.0,0.0,0.0
2019-08-24 17:00:00,0.0,0.0,0.0,0.0,0.0,0.0,0.0
2019-08-24 18:00:00,0.0,0.0,0.0,0.0,0.0,0.0,0.0
2019-08-24 19:00:00,0.0,0.0,0.0,0.0,0.0,0.0,0.0
2019-08-24 20:00:00,0.0,0.0,0.0,0.0,0.0,0.0,0.0
2019-08-24 21:00:00,0.0,0.0,0.0,0.0,0.0,0.0,0.0
2019-08-24 22:00:00,0.0,0.0,0.0,0.0,0.0,0.0,0.0
2019-08-24 23:00:00,0.0,0.0,0.0,0.0,0.0,0.0,0.0
2019-08-25 00:00:00,0.0,0.0,0.0,0.0,0.0,0.0,0.0
2019-08-25 01:00:00,0.0,0.0,0.0,0.0,0.0,0.0,0.0
2019-08-25 02:00:00,0.0,0.0,0.0,0.0,0.0,0.0,0.0
2019-08-25 03:00:00,0.0,0.0,0.0,0.0,0.0,0.0,0.0
2019-08-25 04:00:00,0.0,0.0,0.0,0.0,0.0,0.0,0.0
2019-08-25 05:00:00,0.0,0.0,0.0,0.0,0.0,0.0,0.0
2019-08-25 06:00:00,0.0,702.767295597484,0.0,4032.76729559748,0.0,0.0,0.0
2019-08-25 07:00:00,258.301886792452,702.767295597484,998.301886792453,4032.76729559748,0.0,518.930817610063,702.767295597484
2019-08-25 08:00:00,258.301886792452,702.767295597484,998.301886792453,4032.76729559748,186.163522012579,518.930817610063,702.767295597484
2019-08-25 09:00:00,258.301886792452,702.767295597484,998.301886792453,4032.76729559748,186.163522012579,518.930817610063,702.767295597484
2019-08-25 10:00:00,258.301886792452,702.767295597484,998.301886792453,4032.76729559748,186.163522012579,518.930817610063,702.767295597484
2019-08-25 11:00:00,258.301886792452,702.767295597484,998.301886792453,4032.76729559748,186.163522012579,518.930817610063,702.767295597484
2019-08-25 12:00:00,258.301886792452,702.767295597484,998.301886792453,4032.76729559748,186.163522012579,518.930817610063,702.767295597484
2019-08-25 13:00:00,258.301886792452,702.767295597484,998.301886792453,4032.76729559748,186.163522012579,518.930817610063,702.767295597484
2019-08-25 14:00:00,258.301886792452,702.767295597484,998.301886792453,4032.76729559748,0.0,518.930817610063,702.767295597484
2019-08-25 15:00:00,0.0,702.767295597484,998.301886792453,4032.76729559748,0.0,0.0,702.767295597484
2019-08-25 16:00:00,0.0,0.0,0.0,0.0,0.0,0.0,0.0
2019-08-25 17:00:00,0.0,0.0,0.0,0.0,0.0,0.0,0.0
2019-08-25 18:00:00,0.0,0.0,0.0,0.0,0.0,0.0,0.0
2019-08-25 19:00:00,0.0,0.0,0.0,0.0,0.0,0.0,0.0
2019-08-25 20:00:00,0.0,0.0,0.0,0.0,0.0,0.0,0.0
2019-08-25 21:00:00,0.0,0.0,0.0,0.0,0.0,0.0,0.0
2019-08-25 22:00:00,0.0,0.0,0.0,0.0,0.0,0.0,0.0
2019-08-25 23:00:00,0.0,0.0,0.0,0.0,0.0,0.0,0.0
2019-08-26 00:00:00,0.0,0.0,0.0,0.0,0.0,0.0,0.0
2019-08-26 01:00:00,0.0,0.0,0.0,0.0,0.0,0.0,0.0
2019-08-26 02:00:00,0.0,0.0,0.0,0.0,0.0,0.0,0.0
2019-08-26 03:00:00,0.0,0.0,0.0,0.0,0.0,0.0,0.0
2019-08-26 04:00:00,0.0,0.0,0.0,0.0,0.0,0.0,0.0
2019-08-26 05:00:00,0.0,0.0,0.0,0.0,0.0,0.0,0.0
2019-08-26 06:00:00,0.0,0.0,0.0,0.0,0.0,0.0,0.0
2019-08-26 07:00:00,258.301886792452,702.767295597484,998.301886792453,4032.76729559748,0.0,518.930817610063,702.767295597484
2019-08-26 08:00:00,258.301886792452,702.767295597484,998.301886792453,4032.76729559748,0.0,518.930817610063,702.767295597484
2019-08-26 09:00:00,258.301886792452,702.767295597484,998.301886792453,4032.76729559748,0.0,518.930817610063,702.767295597484
2019-08-26 10:00:00,258.301886792452,702.767295597484,998.301886792453,4032.76729559748,186.163522012579,518.930817610063,702.767295597484
2019-08-26 11:00:00,258.301886792452,702.767295597484,998.301886792453,4032.76729559748,0.0,518.930817610063,702.767295597484
2019-08-26 12:00:00,258.301886792452,702.767295597484,998.301886792453,4032.76729559748,0.0,518.930817610063,702.767295597484
2019-08-26 13:00:00,258.301886792452,702.767295597484,998.301886792453,4032.76729559748,0.0,518.930817610063,702.767295597484
2019-08-26 14:00:00,0.0,702.767295597484,0.0,4032.76729559748,0.0,0.0,0.0
2019-08-26 15:00:00,0.0,0.0,0.0,0.0,0.0,0.0,0.0
2019-08-26 16:00:00,0.0,0.0,0.0,0.0,0.0,0.0,0.0
2019-08-26 17:00:00,0.0,0.0,0.0,0.0,0.0,0.0,0.0
2019-08-26 18:00:00,0.0,0.0,0.0,0.0,0.0,0.0,0.0
2019-08-26 19:00:00,0.0,0.0,0.0,0.0,0.0,0.0,0.0
2019-08-26 20:00:00,0.0,0.0,0.0,0.0,0.0,0.0,0.0
2019-08-26 21:00:00,0.0,0.0,0.0,0.0,0.0,0.0,0.0
2019-08-26 22:00:00,0.0,0.0,0.0,0.0,0.0,0.0,0.0
2019-08-26 23:00:00,0.0,0.0,0.0,0.0,0.0,0.0,0.0
2019-08-27 00:00:00,0.0,0.0,0.0,0.0,0.0,0.0,0.0
2019-08-27 01:00:00,0.0,0.0,0.0,0.0,0.0,0.0,0.0
2019-08-27 02:00:00,0.0,0.0,0.0,0.0,0.0,0.0,0.0
2019-08-27 03:00:00,0.0,0.0,0.0,0.0,0.0,0.0,0.0
2019-08-27 04:00:00,0.0,0.0,0.0,0.0,0.0,0.0,0.0
2019-08-27 05:00:00,0.0,0.0,0.0,0.0,0.0,0.0,0.0
2019-08-27 06:00:00,0.0,0.0,0.0,0.0,0.0,0.0,0.0
2019-08-27 07:00:00,258.301886792452,702.767295597484,998.301886792453,4032.76729559748,0.0,518.930817610063,702.767295597484
2019-08-27 08:00:00,258.301886792452,702.767295597484,998.301886792453,4032.76729559748,0.0,518.930817610063,702.767295597484
2019-08-27 09:00:00,258.301886792452,702.767295597484,998.301886792453,4032.76729559748,186.163522012579,518.930817610063,702.767295597484
2019-08-27 10:00:00,258.301886792452,702.767295597484,998.301886792453,4032.76729559748,186.163522012579,518.930817610063,702.767295597484
2019-08-27 11:00:00,258.301886792452,702.767295597484,998.301886792453,4032.76729559748,186.163522012579,518.930817610063,702.767295597484
2019-08-27 12:00:00,258.301886792452,702.767295597484,998.301886792453,4032.76729559748,0.0,518.930817610063,702.767295597484
2019-08-27 13:00:00,258.301886792452,702.767295597484,998.301886792453,4032.76729559748,0.0,518.930817610063,702.767295597484
2019-08-27 14:00:00,258.301886792452,702.767295597484,998.301886792453,4032.76729559748,0.0,518.930817610063,702.767295597484
2019-08-27 15:00:00,0.0,0.0,0.0,0.0,0.0,0.0,0.0
2019-08-27 16:00:00,0.0,0.0,0.0,0.0,0.0,0.0,0.0
2019-08-27 17:00:00,0.0,0.0,0.0,0.0,0.0,0.0,0.0
2019-08-27 18:00:00,0.0,0.0,0.0,0.0,0.0,0.0,0.0
2019-08-27 19:00:00,0.0,0.0,0.0,0.0,0.0,0.0,0.0
2019-08-27 20:00:00,0.0,0.0,0.0,0.0,0.0,0.0,0.0
2019-08-27 21:00:00,0.0,0.0,0.0,0.0,0.0,0.0,0.0
2019-08-27 22:00:00,0.0,0.0,0.0,0.0,0.0,0.0,0.0
2019-08-27 23:00:00,0.0,0.0,0.0,0.0,0.0,0.0,0.0
2019-08-28 00:00:00,0.0,0.0,0.0,0.0,0.0,0.0,0.0
2019-08-28 01:00:00,0.0,0.0,0.0,0.0,0.0,0.0,0.0
2019-08-28 02:00:00,0.0,0.0,0.0,0.0,0.0,0.0,0.0
2019-08-28 03:00:00,0.0,0.0,0.0,0.0,0.0,0.0,0.0
2019-08-28 04:00:00,0.0,0.0,0.0,0.0,0.0,0.0,0.0
2019-08-28 05:00:00,0.0,0.0,0.0,0.0,0.0,0.0,0.0
2019-08-28 06:00:00,0.0,0.0,0.0,0.0,0.0,0.0,0.0
2019-08-28 07:00:00,0.0,0.0,0.0,3877.3019440593903,0.0,0.0,0.0
2019-08-28 08:00:00,258.301886792452,702.767295597484,998.301886792453,4032.76729559748,0.0,518.930817610063,578.1460597341238
2019-08-28 09:00:00,258.301886792452,702.767295597484,998.301886792453,4032.76729559748,0.0,518.930817610063,702.767295597484
2019-08-28 10:00:00,258.301886792452,702.767295597484,998.301886792453,4032.76729559748,0.0,518.930817610063,702.767295597484
2019-08-28 11:00:00,258.301886792452,702.767295597484,998.301886792453,4032.76729559748,0.0,518.930817610063,702.767295597484
2019-08-28 12:00:00,258.301886792452,702.767295597484,998.301886792453,4032.76729559748,0.0,518.930817610063,702.767295597484
2019-08-28 13:00:00,258.301886792452,702.767295597484,998.301886792453,4032.76729559748,0.0,109.02095397133917,702.767295597484
2019-08-28 14:00:00,0.0,0.0,0.0,656.6251343730146,0.0,0.0,0.0
2019-08-28 15:00:00,0.0,0.0,0.0,0.0,0.0,0.0,0.0
2019-08-28 16:00:00,0.0,0.0,0.0,0.0,0.0,0.0,0.0
2019-08-28 17:00:00,0.0,0.0,0.0,0.0,0.0,0.0,0.0
2019-08-28 18:00:00,0.0,0.0,0.0,0.0,0.0,0.0,0.0
2019-08-28 19:00:00,0.0,0.0,0.0,0.0,0.0,0.0,0.0
2019-08-28 20:00:00,0.0,0.0,0.0,0.0,0.0,0.0,0.0
2019-08-28 21:00:00,0.0,0.0,0.0,0.0,0.0,0.0,0.0
2019-08-28 22:00:00,0.0,0.0,0.0,0.0,0.0,0.0,0.0
2019-08-28 23:00:00,0.0,0.0,0.0,0.0,0.0,0.0,0.0
2019-08-29 00:00:00,0.0,0.0,0.0,0.0,0.0,0.0,0.0
2019-08-29 01:00:00,0.0,0.0,0.0,0.0,0.0,0.0,0.0
2019-08-29 02:00:00,0.0,0.0,0.0,0.0,0.0,0.0,0.0
2019-08-29 03:00:00,0.0,0.0,0.0,0.0,0.0,0.0,0.0
2019-08-29 04:00:00,0.0,0.0,0.0,0.0,0.0,0.0,0.0
2019-08-29 05:00:00,0.0,0.0,0.0,0.0,0.0,0.0,0.0
2019-08-29 06:00:00,0.0,0.0,0.0,0.0,0.0,0.0,0.0
2019-08-29 07:00:00,0.0,702.767295597484,0.0,4032.76729559748,0.0,0.0,0.0
2019-08-29 08:00:00,258.301886792452,702.767295597484,998.301886792453,4032.76729559748,0.0,518.930817610063,702.767295597484
2019-08-29 09:00:00,258.301886792452,702.767295597484,998.301886792453,4032.76729559748,0.0,518.930817610063,702.767295597484
2019-08-29 10:00:00,258.301886792452,702.767295597484,998.301886792453,4032.76729559748,0.0,518.930817610063,702.767295597484
2019-08-29 11:00:00,258.301886792452,702.767295597484,998.301886792453,4032.76729559748,0.0,518.930817610063,702.767295597484
2019-08-29 12:00:00,258.301886792452,702.767295597484,998.301886792453,4032.76729559748,0.0,518.930817610063,702.767295597484
2019-08-29 13:00:00,258.301886792452,702.767295597484,998.301886792453,4032.76729559748,0.0,518.930817610063,631.7157385342732
2019-08-29 14:00:00,0.0,386.9522993740725,0.0,4032.76729559748,0.0,0.0,0.0
2019-08-29 15:00:00,0.0,0.0,0.0,0.0,0.0,0.0,0.0
2019-08-29 16:00:00,0.0,0.0,0.0,0.0,0.0,0.0,0.0
2019-08-29 17:00:00,0.0,0.0,0.0,0.0,0.0,0.0,0.0
2019-08-29 18:00:00,0.0,0.0,0.0,0.0,0.0,0.0,0.0
2019-08-29 19:00:00,0.0,0.0,0.0,0.0,0.0,0.0,0.0
2019-08-29 20:00:00,0.0,0.0,0.0,0.0,0.0,0.0,0.0
2019-08-29 21:00:00,0.0,0.0,0.0,0.0,0.0,0.0,0.0
2019-08-29 22:00:00,0.0,0.0,0.0,0.0,0.0,0.0,0.0
2019-08-29 23:00:00,0.0,0.0,0.0,0.0,0.0,0.0,0.0
2019-08-30 00:00:00,0.0,0.0,0.0,0.0,0.0,0.0,0.0
2019-08-30 01:00:00,0.0,0.0,0.0,0.0,0.0,0.0,0.0
2019-08-30 02:00:00,0.0,0.0,0.0,0.0,0.0,0.0,0.0
2019-08-30 03:00:00,0.0,0.0,0.0,0.0,0.0,0.0,0.0
2019-08-30 04:00:00,0.0,0.0,0.0,0.0,0.0,0.0,0.0
2019-08-30 05:00:00,0.0,0.0,0.0,0.0,0.0,0.0,0.0
2019-08-30 06:00:00,0.0,0.0,0.0,0.0,0.0,0.0,0.0
2019-08-30 07:00:00,0.0,702.767295597484,0.0,4032.76729559748,0.0,0.0,0.0
2019-08-30 08:00:00,258.301886792452,702.767295597484,998.301886792453,4032.76729559748,0.0,518.930817610063,702.767295597484
2019-08-30 09:00:00,258.301886792452,702.767295597484,998.301886792453,4032.76729559748,0.0,518.930817610063,702.767295597484
2019-08-30 10:00:00,258.301886792452,702.767295597484,998.301886792453,4032.76729559748,0.0,518.930817610063,702.767295597484
2019-08-30 11:00:00,258.301886792452,702.767295597484,998.301886792453,4032.76729559748,0.0,518.930817610063,702.767295597484
2019-08-30 12:00:00,258.301886792452,702.767295597484,998.301886792453,4032.76729559748,0.0,518.930817610063,702.767295597484
2019-08-30 13:00:00,258.301886792452,702.767295597484,998.301886792453,4032.76729559748,0.0,518.930817610063,702.767295597484
2019-08-30 14:00:00,0.0,702.767295597484,0.0,4032.76729559748,0.0,0.0,0.0
2019-08-30 15:00:00,0.0,0.0,0.0,0.0,0.0,0.0,0.0
2019-08-30 16:00:00,0.0,0.0,0.0,0.0,0.0,0.0,0.0
2019-08-30 17:00:00,0.0,0.0,0.0,0.0,0.0,0.0,0.0
2019-08-30 18:00:00,0.0,0.0,0.0,0.0,0.0,0.0,0.0
2019-08-30 19:00:00,0.0,0.0,0.0,0.0,0.0,0.0,0.0
2019-08-30 20:00:00,0.0,0.0,0.0,0.0,0.0,0.0,0.0
2019-08-30 21:00:00,0.0,0.0,0.0,0.0,0.0,0.0,0.0
2019-08-30 22:00:00,0.0,0.0,0.0,0.0,0.0,0.0,0.0
2019-08-30 23:00:00,0.0,0.0,0.0,0.0,0.0,0.0,0.0
2019-08-31 00:00:00,0.0,0.0,0.0,0.0,0.0,0.0,0.0
2019-08-31 01:00:00,0.0,0.0,0.0,0.0,0.0,0.0,0.0
2019-08-31 02:00:00,0.0,0.0,0.0,0.0,0.0,0.0,0.0
2019-08-31 03:00:00,0.0,0.0,0.0,0.0,0.0,0.0,0.0
2019-08-31 04:00:00,0.0,0.0,0.0,0.0,0.0,0.0,0.0
2019-08-31 05:00:00,0.0,0.0,0.0,0.0,0.0,0.0,0.0
2019-08-31 06:00:00,0.0,702.767295597484,0.0,32.68055563292228,0.0,0.0,0.0
2019-08-31 07:00:00,258.301886792452,702.767295597484,998.301886792453,4032.76729559748,0.0,518.930817610063,702.767295597484
2019-08-31 08:00:00,258.301886792452,702.767295597484,998.301886792453,4032.76729559748,0.0,518.930817610063,702.767295597484
2019-08-31 09:00:00,258.301886792452,702.767295597484,998.301886792453,4032.76729559748,0.0,518.930817610063,702.767295597484
2019-08-31 10:00:00,258.301886792452,702.767295597484,998.301886792453,4032.76729559748,93.25906437258254,518.930817610063,702.767295597484
2019-08-31 11:00:00,258.301886792452,702.767295597484,998.301886792453,4032.76729559748,0.0,518.930817610063,702.767295597484
2019-08-31 12:00:00,258.301886792452,702.767295597484,998.301886792453,4032.76729559748,0.0,518.930817610063,702.767295597484
2019-08-31 13:00:00,258.301886792452,702.767295597484,998.301886792453,4032.76729559748,0.0,518.930817610063,702.767295597484
2019-08-31 14:00:00,0.0,702.767295597484,0.0,704.3492568047059,0.0,0.0,0.0
2019-08-31 15:00:00,0.0,0.0,0.0,0.0,0.0,0.0,0.0
2019-08-31 16:00:00,0.0,0.0,0.0,0.0,0.0,0.0,0.0
2019-08-31 17:00:00,0.0,0.0,0.0,0.0,0.0,0.0,0.0
2019-08-31 18:00:00,0.0,0.0,0.0,0.0,0.0,0.0,0.0
2019-08-31 19:00:00,0.0,0.0,0.0,0.0,0.0,0.0,0.0
2019-08-31 20:00:00,0.0,0.0,0.0,0.0,0.0,0.0,0.0
2019-08-31 21:00:00,0.0,0.0,0.0,0.0,0.0,0.0,0.0
2019-08-31 22:00:00,0.0,0.0,0.0,0.0,0.0,0.0,0.0
2019-08-31 23:00:00,0.0,0.0,0.0,0.0,0.0,0.0,0.0
2019-09-01 00:00:00,0.0,0.0,0.0,0.0,0.0,0.0,0.0
2019-09-01 01:00:00,0.0,0.0,0.0,0.0,0.0,0.0,0.0
2019-09-01 02:00:00,0.0,0.0,0.0,0.0,0.0,0.0,0.0
2019-09-01 03:00:00,0.0,0.0,0.0,0.0,0.0,0.0,0.0
2019-09-01 04:00:00,0.0,0.0,0.0,0.0,0.0,0.0,0.0
2019-09-01 05:00:00,0.0,0.0,0.0,0.0,0.0,0.0,0.0
2019-09-01 06:00:00,0.0,0.0,0.0,447.0535951299589,0.0,0.0,0.0
2019-09-01 07:00:00,258.301886792452,702.767295597484,998.301886792453,4032.76729559748,0.0,518.930817610063,702.767295597484
2019-09-01 08:00:00,258.301886792452,702.767295597484,998.301886792453,4032.76729559748,0.0,518.930817610063,702.767295597484
2019-09-01 09:00:00,258.301886792452,702.767295597484,998.301886792453,4032.76729559748,186.163522012579,518.930817610063,702.767295597484
2019-09-01 10:00:00,258.301886792452,702.767295597484,998.301886792453,4032.76729559748,186.163522012579,518.930817610063,702.767295597484
2019-09-01 11:00:00,258.301886792452,702.767295597484,998.301886792453,4032.76729559748,186.163522012579,518.930817610063,702.767295597484
2019-09-01 12:00:00,258.301886792452,702.767295597484,998.301886792453,4032.76729559748,186.163522012579,518.930817610063,702.767295597484
2019-09-01 13:00:00,258.301886792452,702.767295597484,998.301886792453,4032.76729559748,0.0,518.930817610063,702.767295597484
2019-09-01 14:00:00,258.301886792452,702.767295597484,998.301886792453,4032.76729559748,0.0,518.930817610063,702.767295597484
2019-09-01 15:00:00,0.0,702.767295597484,0.0,4032.76729559748,0.0,0.0,0.0
2019-09-01 16:00:00,0.0,0.0,0.0,0.0,0.0,0.0,0.0
2019-09-01 17:00:00,0.0,0.0,0.0,0.0,0.0,0.0,0.0
2019-09-01 18:00:00,0.0,0.0,0.0,0.0,0.0,0.0,0.0
2019-09-01 19:00:00,0.0,0.0,0.0,0.0,0.0,0.0,0.0
2019-09-01 20:00:00,0.0,0.0,0.0,0.0,0.0,0.0,0.0
2019-09-01 21:00:00,0.0,0.0,0.0,0.0,0.0,0.0,0.0
2019-09-01 22:00:00,0.0,0.0,0.0,0.0,0.0,0.0,0.0
2019-09-01 23:00:00,0.0,0.0,0.0,0.0,0.0,0.0,0.0
2019-09-02 00:00:00,0.0,0.0,0.0,0.0,0.0,0.0,0.0
2019-09-02 01:00:00,0.0,0.0,0.0,0.0,0.0,0.0,0.0
2019-09-02 02:00:00,0.0,0.0,0.0,0.0,0.0,0.0,0.0
2019-09-02 03:00:00,0.0,0.0,0.0,0.0,0.0,0.0,0.0
2019-09-02 04:00:00,0.0,0.0,0.0,0.0,0.0,0.0,0.0
2019-09-02 05:00:00,0.0,0.0,0.0,0.0,0.0,0.0,0.0
2019-09-02 06:00:00,0.0,0.0,0.0,0.0,0.0,0.0,0.0
2019-09-02 07:00:00,0.0,0.0,0.0,0.0,0.0,0.0,0.0
2019-09-02 08:00:00,0.0,702.767295597484,0.0,4032.76729559748,0.0,0.0,0.0
2019-09-02 09:00:00,258.301886792452,702.767295597484,998.301886792453,4032.76729559748,0.0,518.930817610063,702.767295597484
2019-09-02 10:00:00,258.301886792452,702.767295597484,998.301886792453,4032.76729559748,0.0,518.930817610063,702.767295597484
2019-09-02 11:00:00,258.301886792452,702.767295597484,998.301886792453,4032.76729559748,0.0,518.930817610063,702.767295597484
2019-09-02 12:00:00,258.301886792452,702.767295597484,998.301886792453,4032.76729559748,0.0,518.930817610063,702.767295597484
2019-09-02 13:00:00,0.0,702.767295597484,0.0,4032.76729559748,0.0,0.0,0.0
2019-09-02 14:00:00,0.0,702.767295597484,0.0,0.0,0.0,0.0,0.0
2019-09-02 15:00:00,0.0,0.0,0.0,0.0,0.0,0.0,0.0
2019-09-02 16:00:00,0.0,0.0,0.0,0.0,0.0,0.0,0.0
2019-09-02 17:00:00,0.0,0.0,0.0,0.0,0.0,0.0,0.0
2019-09-02 18:00:00,0.0,0.0,0.0,0.0,0.0,0.0,0.0
2019-09-02 19:00:00,0.0,0.0,0.0,0.0,0.0,0.0,0.0
2019-09-02 20:00:00,0.0,0.0,0.0,0.0,0.0,0.0,0.0
2019-09-02 21:00:00,0.0,0.0,0.0,0.0,0.0,0.0,0.0
2019-09-02 22:00:00,0.0,0.0,0.0,0.0,0.0,0.0,0.0
2019-09-02 23:00:00,0.0,0.0,0.0,0.0,0.0,0.0,0.0
2019-09-03 00:00:00,0.0,0.0,0.0,0.0,0.0,0.0,0.0
2019-09-03 01:00:00,0.0,0.0,0.0,0.0,0.0,0.0,0.0
2019-09-03 02:00:00,0.0,0.0,0.0,0.0,0.0,0.0,0.0
2019-09-03 03:00:00,0.0,0.0,0.0,0.0,0.0,0.0,0.0
2019-09-03 04:00:00,0.0,0.0,0.0,0.0,0.0,0.0,0.0
2019-09-03 05:00:00,0.0,0.0,0.0,0.0,0.0,0.0,0.0
2019-09-03 06:00:00,0.0,0.0,0.0,0.0,0.0,0.0,0.0
2019-09-03 07:00:00,0.0,702.767295597484,0.0,4032.76729559748,0.0,0.0,702.767295597484
2019-09-03 08:00:00,258.301886792452,702.767295597484,998.301886792453,4032.76729559748,0.0,518.930817610063,702.767295597484
2019-09-03 09:00:00,258.301886792452,702.767295597484,998.301886792453,4032.76729559748,0.0,518.930817610063,702.767295597484
2019-09-03 10:00:00,258.301886792452,702.767295597484,998.301886792453,4032.76729559748,0.0,518.930817610063,702.767295597484
2019-09-03 11:00:00,258.301886792452,702.767295597484,998.301886792453,4032.76729559748,0.0,518.930817610063,702.767295597484
2019-09-03 12:00:00,258.301886792452,702.767295597484,998.301886792453,4032.76729559748,0.0,518.930817610063,702.767295597484
2019-09-03 13:00:00,258.301886792452,702.767295597484,998.301886792453,4032.76729559748,0.0,518.930817610063,702.767295597484
2019-09-03 14:00:00,258.301886792452,702.767295597484,998.301886792453,4032.76729559748,0.0,518.930817610063,702.767295597484
2019-09-03 15:00:00,0.0,157.22439286128792,0.0,4032.76729559748,0.0,0.0,0.0
2019-09-03 16:00:00,0.0,0.0,0.0,0.0,0.0,0.0,0.0
2019-09-03 17:00:00,0.0,0.0,0.0,0.0,0.0,0.0,0.0
2019-09-03 18:00:00,0.0,0.0,0.0,0.0,0.0,0.0,0.0
2019-09-03 19:00:00,0.0,0.0,0.0,0.0,0.0,0.0,0.0
2019-09-03 20:00:00,0.0,0.0,0.0,0.0,0.0,0.0,0.0
2019-09-03 21:00:00,0.0,0.0,0.0,0.0,0.0,0.0,0.0
2019-09-03 22:00:00,0.0,0.0,0.0,0.0,0.0,0.0,0.0
2019-09-03 23:00:00,0.0,0.0,0.0,0.0,0.0,0.0,0.0
2019-09-04 00:00:00,0.0,0.0,0.0,2452.687466676162,0.0,0.0,0.0
2019-09-04 01:00:00,0.0,0.0,0.0,3250.7109599857013,0.0,0.0,0.0
2019-09-04 02:00:00,0.0,0.0,0.0,3862.409771166266,0.0,0.0,0.0
2019-09-04 03:00:00,0.0,702.767295597484,0.0,950.1892709991753,0.0,0.0,0.0
2019-09-04 04:00:00,0.0,0.0,0.0,2389.739182473545,0.0,0.0,0.0
2019-09-04 05:00:00,0.0,0.0,0.0,0.0,0.0,0.0,0.0
2019-09-04 06:00:00,0.0,0.0,0.0,1146.472076324716,0.0,0.0,0.0
2019-09-04 07:00:00,258.301886792452,702.767295597484,998.301886792453,4032.76729559748,0.0,518.930817610063,702.767295597484
2019-09-04 08:00:00,258.301886792452,702.767295597484,998.301886792453,4032.76729559748,186.163522012579,518.930817610063,702.767295597484
2019-09-04 09:00:00,258.301886792452,702.767295597484,998.301886792453,4032.76729559748,186.163522012579,518.930817610063,702.767295597484
2019-09-04 10:00:00,258.301886792452,702.767295597484,998.301886792453,4032.76729559748,186.163522012579,518.930817610063,702.767295597484
2019-09-04 11:00:00,258.301886792452,702.767295597484,998.301886792453,4032.76729559748,186.163522012579,518.930817610063,702.767295597484
2019-09-04 12:00:00,258.301886792452,702.767295597484,998.301886792453,4032.76729559748,186.163522012579,518.930817610063,702.767295597484
2019-09-04 13:00:00,258.301886792452,702.767295597484,998.301886792453,4032.76729559748,0.0,518.930817610063,702.767295597484
2019-09-04 14:00:00,258.301886792452,702.767295597484,998.301886792453,4032.76729559748,0.0,518.930817610063,702.767295597484
2019-09-04 15:00:00,0.0,702.767295597484,0.0,4032.76729559748,0.0,0.0,0.0
2019-09-04 16:00:00,0.0,0.0,0.0,0.0,0.0,0.0,0.0
2019-09-04 17:00:00,0.0,0.0,0.0,0.0,0.0,0.0,0.0
2019-09-04 18:00:00,0.0,0.0,0.0,0.0,0.0,0.0,0.0
2019-09-04 19:00:00,0.0,0.0,0.0,0.0,0.0,0.0,0.0
2019-09-04 20:00:00,0.0,0.0,0.0,0.0,0.0,0.0,0.0
2019-09-04 21:00:00,0.0,0.0,0.0,0.0,0.0,0.0,0.0
2019-09-04 22:00:00,0.0,0.0,0.0,0.0,0.0,0.0,0.0
2019-09-04 23:00:00,0.0,0.0,0.0,0.0,0.0,0.0,0.0
2019-09-05 00:00:00,0.0,0.0,0.0,0.0,0.0,0.0,0.0
2019-09-05 01:00:00,0.0,0.0,0.0,0.0,0.0,0.0,0.0
2019-09-05 02:00:00,0.0,0.0,0.0,0.0,0.0,0.0,0.0
2019-09-05 03:00:00,0.0,0.0,0.0,0.0,0.0,0.0,0.0
2019-09-05 04:00:00,0.0,0.0,0.0,0.0,0.0,0.0,0.0
2019-09-05 05:00:00,0.0,0.0,0.0,0.0,0.0,0.0,0.0
2019-09-05 06:00:00,0.0,0.0,0.0,0.0,0.0,0.0,0.0
2019-09-05 07:00:00,258.301886792452,702.767295597484,998.301886792453,4032.76729559748,0.0,518.930817610063,702.767295597484
2019-09-05 08:00:00,258.301886792452,702.767295597484,998.301886792453,4032.76729559748,186.163522012579,518.930817610063,702.767295597484
2019-09-05 09:00:00,258.301886792452,702.767295597484,998.301886792453,4032.76729559748,186.163522012579,518.930817610063,702.767295597484
2019-09-05 10:00:00,258.301886792452,702.767295597484,998.301886792453,4032.76729559748,186.163522012579,518.930817610063,702.767295597484
2019-09-05 11:00:00,258.301886792452,702.767295597484,998.301886792453,4032.76729559748,186.163522012579,518.930817610063,702.767295597484
2019-09-05 12:00:00,258.301886792452,702.767295597484,998.301886792453,4032.76729559748,186.163522012579,518.930817610063,702.767295597484
2019-09-05 13:00:00,258.301886792452,702.767295597484,998.301886792453,4032.76729559748,186.163522012579,518.930817610063,702.767295597484
2019-09-05 14:00:00,0.0,702.767295597484,998.301886792453,4032.76729559748,186.163522012579,0.0,442.4550486210265
2019-09-05 15:00:00,0.0,0.0,0.0,0.0,186.163522012579,0.0,0.0
2019-09-05 16:00:00,0.0,0.0,0.0,45.59727750356126,186.163522012579,0.0,0.0
2019-09-05 17:00:00,0.0,0.0,0.0,0.0,186.163522012579,0.0,0.0
2019-09-05 18:00:00,0.0,0.0,0.0,0.0,186.163522012579,0.0,0.0
2019-09-05 19:00:00,0.0,0.0,0.0,0.0,186.163522012579,0.0,0.0
2019-09-05 20:00:00,0.0,0.0,0.0,0.0,186.163522012579,0.0,0.0
2019-09-05 21:00:00,0.0,0.0,0.0,0.0,186.163522012579,0.0,0.0
2019-09-05 22:00:00,0.0,0.0,0.0,0.0,186.163522012579,0.0,0.0
2019-09-05 23:00:00,0.0,0.0,0.0,0.0,186.163522012579,0.0,0.0
2019-09-06 00:00:00,0.0,0.0,0.0,0.0,186.163522012579,0.0,0.0
2019-09-06 01:00:00,0.0,0.0,0.0,0.0,186.163522012579,0.0,0.0
2019-09-06 02:00:00,0.0,0.0,0.0,0.0,186.163522012579,0.0,0.0
2019-09-06 03:00:00,0.0,0.0,0.0,0.0,186.163522012579,0.0,0.0
2019-09-06 04:00:00,0.0,0.0,0.0,0.0,186.163522012579,0.0,0.0
2019-09-06 05:00:00,0.0,0.0,0.0,0.0,186.163522012579,0.0,0.0
2019-09-06 06:00:00,0.0,0.0,0.0,0.0,186.163522012579,0.0,0.0
2019-09-06 07:00:00,0.0,0.0,0.0,0.0,186.163522012579,0.0,0.0
2019-09-06 08:00:00,258.301886792452,0.0,998.301886792453,869.9989901975855,186.163522012579,518.930817610063,702.767295597484
2019-09-06 09:00:00,258.301886792452,110.30570762323896,998.301886792453,3082.097018353247,186.163522012579,518.930817610063,702.767295597484
2019-09-06 10:00:00,258.301886792452,561.7581456211019,998.301886792453,4032.76729559748,186.163522012579,518.930817610063,702.767295597484
2019-09-06 11:00:00,258.301886792452,702.767295597484,998.301886792453,4032.76729559748,186.163522012579,518.930817610063,702.767295597484
2019-09-06 12:00:00,258.301886792452,487.086773151138,998.301886792453,4032.76729559748,186.163522012579,518.930817610063,702.767295597484
2019-09-06 13:00:00,258.301886792452,0.0,998.301886792453,4032.76729559748,186.163522012579,518.930817610063,702.767295597484
2019-09-06 14:00:00,0.0,702.767295597484,0.0,1020.5162330168741,186.163522012579,0.0,0.0
2019-09-06 15:00:00,0.0,0.0,0.0,0.0,186.163522012579,0.0,0.0
2019-09-06 16:00:00,0.0,0.0,0.0,0.0,186.163522012579,0.0,0.0
2019-09-06 17:00:00,0.0,0.0,0.0,0.0,0.0,0.0,0.0
2019-09-06 18:00:00,0.0,0.0,0.0,0.0,0.0,0.0,0.0
2019-09-06 19:00:00,0.0,0.0,0.0,0.0,0.0,0.0,0.0
2019-09-06 20:00:00,0.0,0.0,0.0,0.0,0.0,0.0,0.0
2019-09-06 21:00:00,0.0,0.0,0.0,0.0,0.0,0.0,0.0
2019-09-06 22:00:00,0.0,0.0,0.0,0.0,0.0,0.0,0.0
2019-09-06 23:00:00,0.0,0.0,0.0,0.0,0.0,0.0,0.0
2019-09-07 00:00:00,0.0,0.0,0.0,0.0,0.0,0.0,0.0
2019-09-07 01:00:00,0.0,0.0,0.0,0.0,0.0,0.0,0.0
2019-09-07 02:00:00,0.0,0.0,0.0,0.0,0.0,0.0,0.0
2019-09-07 03:00:00,0.0,702.767295597484,0.0,0.0,0.0,0.0,0.0
2019-09-07 04:00:00,0.0,0.0,0.0,0.0,0.0,0.0,0.0
2019-09-07 05:00:00,0.0,0.0,0.0,0.0,0.0,0.0,0.0
2019-09-07 06:00:00,0.0,702.767295597484,0.0,4032.76729559748,0.0,0.0,0.0
2019-09-07 07:00:00,258.301886792452,702.767295597484,998.301886792453,4032.76729559748,0.0,518.930817610063,702.767295597484
2019-09-07 08:00:00,258.301886792452,702.767295597484,998.301886792453,4032.76729559748,186.163522012579,518.930817610063,702.767295597484
2019-09-07 09:00:00,258.301886792452,702.767295597484,998.301886792453,4032.76729559748,186.163522012579,518.930817610063,702.767295597484
2019-09-07 10:00:00,258.301886792452,702.767295597484,998.301886792453,4032.76729559748,186.163522012579,518.930817610063,702.767295597484
2019-09-07 11:00:00,258.301886792452,702.767295597484,998.301886792453,4032.76729559748,186.163522012579,518.930817610063,702.767295597484
2019-09-07 12:00:00,258.301886792452,702.767295597484,998.301886792453,4032.76729559748,186.163522012579,518.930817610063,702.767295597484
2019-09-07 13:00:00,258.301886792452,702.767295597484,998.301886792453,4032.76729559748,186.163522012579,518.930817610063,702.767295597484
2019-09-07 14:00:00,258.301886792452,702.767295597484,998.301886792453,4032.76729559748,0.0,518.930817610063,702.767295597484
2019-09-07 15:00:00,0.0,702.767295597484,480.0916508022601,4032.76729559748,0.0,518.930817610063,0.0
2019-09-07 16:00:00,0.0,0.0,0.0,0.0,0.0,0.0,0.0
2019-09-07 17:00:00,0.0,0.0,0.0,0.0,0.0,0.0,0.0
2019-09-07 18:00:00,0.0,0.0,0.0,0.0,0.0,0.0,0.0
2019-09-07 19:00:00,0.0,0.0,0.0,0.0,0.0,0.0,0.0
2019-09-07 20:00:00,0.0,0.0,0.0,0.0,0.0,0.0,0.0
2019-09-07 21:00:00,0.0,0.0,0.0,0.0,0.0,0.0,0.0
2019-09-07 22:00:00,0.0,0.0,0.0,0.0,0.0,0.0,0.0
2019-09-07 23:00:00,0.0,0.0,0.0,0.0,0.0,0.0,0.0
2019-09-08 00:00:00,0.0,0.0,0.0,0.0,0.0,0.0,0.0
2019-09-08 01:00:00,0.0,0.0,0.0,0.0,0.0,0.0,0.0
2019-09-08 02:00:00,0.0,0.0,0.0,0.0,0.0,0.0,0.0
2019-09-08 03:00:00,0.0,0.0,0.0,0.0,0.0,0.0,0.0
2019-09-08 04:00:00,0.0,0.0,0.0,0.0,0.0,0.0,0.0
2019-09-08 05:00:00,0.0,0.0,0.0,0.0,0.0,0.0,0.0
2019-09-08 06:00:00,0.0,702.767295597484,0.0,4032.76729559748,0.0,0.0,0.0
2019-09-08 07:00:00,258.301886792452,702.767295597484,998.301886792453,4032.76729559748,186.163522012579,518.930817610063,702.767295597484
2019-09-08 08:00:00,258.301886792452,702.767295597484,998.301886792453,4032.76729559748,186.163522012579,518.930817610063,702.767295597484
2019-09-08 09:00:00,258.301886792452,702.767295597484,998.301886792453,4032.76729559748,186.163522012579,518.930817610063,702.767295597484
2019-09-08 10:00:00,258.301886792452,702.767295597484,998.301886792453,4032.76729559748,186.163522012579,518.930817610063,702.767295597484
2019-09-08 11:00:00,258.301886792452,702.767295597484,998.301886792453,4032.76729559748,186.163522012579,518.930817610063,702.767295597484
2019-09-08 12:00:00,258.301886792452,702.767295597484,998.301886792453,4032.76729559748,186.163522012579,518.930817610063,702.767295597484
2019-09-08 13:00:00,258.301886792452,702.767295597484,998.301886792453,4032.76729559748,186.163522012579,518.930817610063,702.767295597484
2019-09-08 14:00:00,258.301886792452,702.767295597484,998.301886792453,4032.76729559748,186.163522012579,518.930817610063,702.767295597484
2019-09-08 15:00:00,258.301886792452,702.767295597484,998.301886792453,4032.76729559748,186.163522012579,518.930817610063,702.767295597484
2019-09-08 16:00:00,0.0,702.767295597484,0.0,3598.6227296851334,186.163522012579,0.0,0.0
2019-09-08 17:00:00,0.0,702.767295597484,0.0,4032.76729559748,186.163522012579,0.0,0.0
2019-09-08 18:00:00,0.0,339.72939071836936,0.0,4032.76729559748,186.163522012579,0.0,0.0
2019-09-08 19:00:00,0.0,312.24217245722866,0.0,3712.125142343102,186.163522012579,0.0,0.0
2019-09-08 20:00:00,0.0,702.767295597484,0.0,2421.703715724817,186.163522012579,0.0,0.0
2019-09-08 21:00:00,0.0,0.0,0.0,3705.4810665745217,186.163522012579,0.0,0.0
2019-09-08 22:00:00,0.0,702.767295597484,0.0,3346.0935732060852,186.163522012579,0.0,0.0
2019-09-08 23:00:00,0.0,0.0,0.0,0.0,186.163522012579,0.0,0.0
2019-09-09 00:00:00,0.0,0.0,0.0,0.0,186.163522012579,0.0,0.0
2019-09-09 01:00:00,0.0,0.0,0.0,0.0,186.163522012579,0.0,0.0
2019-09-09 02:00:00,0.0,0.0,0.0,0.0,186.163522012579,0.0,0.0
2019-09-09 03:00:00,0.0,0.0,0.0,0.0,186.163522012579,0.0,0.0
2019-09-09 04:00:00,0.0,0.0,0.0,0.0,186.163522012579,0.0,0.0
2019-09-09 05:00:00,0.0,0.0,0.0,0.0,186.163522012579,0.0,0.0
2019-09-09 06:00:00,0.0,0.0,0.0,0.0,186.163522012579,0.0,0.0
2019-09-09 07:00:00,258.301886792452,702.767295597484,998.301886792453,4032.76729559748,186.163522012579,518.930817610063,702.767295597484
2019-09-09 08:00:00,258.301886792452,702.767295597484,998.301886792453,4032.76729559748,186.163522012579,518.930817610063,702.767295597484
2019-09-09 09:00:00,258.301886792452,702.767295597484,998.301886792453,4032.76729559748,186.163522012579,518.930817610063,702.767295597484
2019-09-09 10:00:00,258.301886792452,702.767295597484,998.301886792453,4032.76729559748,186.163522012579,518.930817610063,702.767295597484
2019-09-09 11:00:00,258.301886792452,702.767295597484,998.301886792453,4032.76729559748,186.163522012579,518.930817610063,702.767295597484
2019-09-09 12:00:00,258.301886792452,702.767295597484,998.301886792453,4032.76729559748,186.163522012579,518.930817610063,702.767295597484
2019-09-09 13:00:00,258.301886792452,702.767295597484,998.301886792453,4032.76729559748,186.163522012579,518.930817610063,702.767295597484
2019-09-09 14:00:00,258.301886792452,702.767295597484,998.301886792453,4032.76729559748,186.163522012579,518.930817610063,702.767295597484
2019-09-09 15:00:00,0.0,702.767295597484,0.0,4032.76729559748,186.163522012579,0.0,0.0
2019-09-09 16:00:00,0.0,0.0,0.0,0.0,0.0,0.0,0.0
2019-09-09 17:00:00,0.0,0.0,0.0,0.0,0.0,0.0,0.0
2019-09-09 18:00:00,0.0,0.0,0.0,0.0,0.0,0.0,0.0
2019-09-09 19:00:00,0.0,0.0,0.0,0.0,0.0,0.0,0.0
2019-09-09 20:00:00,0.0,0.0,0.0,0.0,0.0,0.0,0.0
2019-09-09 21:00:00,0.0,0.0,0.0,0.0,0.0,0.0,0.0
2019-09-09 22:00:00,0.0,0.0,0.0,0.0,0.0,0.0,0.0
2019-09-09 23:00:00,0.0,0.0,0.0,0.0,0.0,0.0,0.0
2019-09-10 00:00:00,0.0,0.0,0.0,0.0,0.0,0.0,0.0
2019-09-10 01:00:00,0.0,0.0,0.0,0.0,0.0,0.0,0.0
2019-09-10 02:00:00,0.0,0.0,0.0,0.0,0.0,0.0,0.0
2019-09-10 03:00:00,0.0,0.0,0.0,0.0,0.0,0.0,0.0
2019-09-10 04:00:00,0.0,0.0,0.0,0.0,0.0,0.0,0.0
2019-09-10 05:00:00,0.0,0.0,0.0,0.0,0.0,0.0,0.0
2019-09-10 06:00:00,0.0,0.0,0.0,0.0,0.0,0.0,0.0
2019-09-10 07:00:00,0.0,702.767295597484,0.0,1996.0378633471796,0.0,0.0,0.0
2019-09-10 08:00:00,258.301886792452,702.767295597484,998.301886792453,4032.76729559748,0.0,518.930817610063,702.767295597484
2019-09-10 09:00:00,258.301886792452,702.767295597484,998.301886792453,4032.76729559748,0.0,518.930817610063,702.767295597484
2019-09-10 10:00:00,258.301886792452,702.767295597484,998.301886792453,4032.76729559748,0.0,518.930817610063,702.767295597484
2019-09-10 11:00:00,258.301886792452,702.767295597484,998.301886792453,4032.76729559748,0.0,518.930817610063,702.767295597484
2019-09-10 12:00:00,258.301886792452,702.767295597484,998.301886792453,4032.76729559748,0.0,518.930817610063,702.767295597484
2019-09-10 13:00:00,258.301886792452,702.767295597484,998.301886792453,4032.76729559748,0.0,518.930817610063,702.767295597484
2019-09-10 14:00:00,0.0,702.767295597484,0.0,4032.76729559748,0.0,0.0,0.0
2019-09-10 15:00:00,0.0,0.0,0.0,0.0,0.0,0.0,0.0
2019-09-10 16:00:00,0.0,0.0,0.0,0.0,0.0,0.0,0.0
2019-09-10 17:00:00,0.0,0.0,0.0,0.0,0.0,0.0,0.0
2019-09-10 18:00:00,0.0,0.0,0.0,0.0,0.0,0.0,0.0
2019-09-10 19:00:00,0.0,0.0,0.0,0.0,0.0,0.0,0.0
2019-09-10 20:00:00,0.0,0.0,0.0,0.0,0.0,0.0,0.0
2019-09-10 21:00:00,0.0,0.0,0.0,0.0,0.0,0.0,0.0
2019-09-10 22:00:00,0.0,0.0,0.0,0.0,0.0,0.0,0.0
2019-09-10 23:00:00,0.0,0.0,0.0,0.0,0.0,0.0,0.0
2019-09-11 00:00:00,0.0,0.0,0.0,0.0,0.0,0.0,0.0
2019-09-11 01:00:00,0.0,0.0,0.0,0.0,0.0,0.0,0.0
2019-09-11 02:00:00,0.0,0.0,0.0,0.0,0.0,0.0,0.0
2019-09-11 03:00:00,0.0,0.0,0.0,0.0,0.0,0.0,0.0
2019-09-11 04:00:00,0.0,0.0,0.0,0.0,0.0,0.0,0.0
2019-09-11 05:00:00,0.0,0.0,0.0,0.0,0.0,0.0,0.0
2019-09-11 06:00:00,0.0,0.0,0.0,0.0,0.0,0.0,0.0
2019-09-11 07:00:00,258.301886792452,702.767295597484,998.301886792453,4032.76729559748,0.0,518.930817610063,702.767295597484
2019-09-11 08:00:00,258.301886792452,702.767295597484,998.301886792453,4032.76729559748,186.163522012579,518.930817610063,702.767295597484
2019-09-11 09:00:00,258.301886792452,702.767295597484,998.301886792453,4032.76729559748,186.163522012579,518.930817610063,702.767295597484
2019-09-11 10:00:00,258.301886792452,702.767295597484,998.301886792453,4032.76729559748,186.163522012579,518.930817610063,702.767295597484
2019-09-11 11:00:00,258.301886792452,702.767295597484,998.301886792453,4032.76729559748,186.163522012579,518.930817610063,702.767295597484
2019-09-11 12:00:00,258.301886792452,702.767295597484,998.301886792453,4032.76729559748,186.163522012579,518.930817610063,702.767295597484
2019-09-11 13:00:00,258.301886792452,702.767295597484,998.301886792453,4032.76729559748,0.0,518.930817610063,702.767295597484
2019-09-11 14:00:00,258.301886792452,702.767295597484,998.301886792453,4032.76729559748,0.0,518.930817610063,702.767295597484
2019-09-11 15:00:00,0.0,0.0,0.0,0.0,0.0,0.0,0.0
2019-09-11 16:00:00,0.0,0.0,0.0,0.0,0.0,0.0,0.0
2019-09-11 17:00:00,0.0,0.0,0.0,0.0,0.0,0.0,0.0
2019-09-11 18:00:00,0.0,0.0,0.0,0.0,0.0,0.0,0.0
2019-09-11 19:00:00,0.0,0.0,0.0,0.0,0.0,0.0,0.0
2019-09-11 20:00:00,0.0,0.0,0.0,0.0,0.0,0.0,0.0
2019-09-11 21:00:00,0.0,0.0,0.0,0.0,0.0,0.0,0.0
2019-09-11 22:00:00,0.0,0.0,0.0,0.0,0.0,0.0,0.0
2019-09-11 23:00:00,0.0,0.0,0.0,0.0,0.0,0.0,0.0
2019-09-12 00:00:00,0.0,0.0,0.0,0.0,0.0,0.0,0.0
2019-09-12 01:00:00,0.0,0.0,0.0,0.0,0.0,0.0,0.0
2019-09-12 02:00:00,0.0,0.0,0.0,0.0,0.0,0.0,0.0
2019-09-12 03:00:00,0.0,0.0,0.0,0.0,0.0,0.0,0.0
2019-09-12 04:00:00,0.0,0.0,0.0,0.0,0.0,0.0,0.0
2019-09-12 05:00:00,0.0,0.0,0.0,0.0,0.0,0.0,0.0
2019-09-12 06:00:00,0.0,0.0,0.0,0.0,0.0,0.0,0.0
2019-09-12 07:00:00,258.301886792452,702.767295597484,998.301886792453,4032.76729559748,0.0,518.930817610063,702.767295597484
2019-09-12 08:00:00,258.301886792452,702.767295597484,998.301886792453,4032.76729559748,186.163522012579,518.930817610063,702.767295597484
2019-09-12 09:00:00,258.301886792452,702.767295597484,998.301886792453,4032.76729559748,186.163522012579,518.930817610063,702.767295597484
2019-09-12 10:00:00,258.301886792452,702.767295597484,998.301886792453,4032.76729559748,186.163522012579,518.930817610063,702.767295597484
2019-09-12 11:00:00,258.301886792452,702.767295597484,998.301886792453,4032.76729559748,186.163522012579,518.930817610063,702.767295597484
2019-09-12 12:00:00,258.301886792452,702.767295597484,998.301886792453,4032.76729559748,186.163522012579,518.930817610063,702.767295597484
2019-09-12 13:00:00,258.301886792452,702.767295597484,998.301886792453,4032.76729559748,186.163522012579,518.930817610063,702.767295597484
2019-09-12 14:00:00,258.301886792452,702.767295597484,998.301886792453,4032.76729559748,186.163522012579,518.930817610063,702.767295597484
2019-09-12 15:00:00,258.301886792452,702.767295597484,998.301886792453,4032.76729559748,0.0,466.7713316415011,702.767295597484
2019-09-12 16:00:00,0.0,0.0,0.0,0.0,0.0,0.0,0.0
2019-09-12 17:00:00,0.0,0.0,0.0,0.0,0.0,0.0,0.0
2019-09-12 18:00:00,0.0,0.0,0.0,0.0,0.0,0.0,0.0
2019-09-12 19:00:00,0.0,0.0,0.0,0.0,0.0,0.0,0.0
2019-09-12 20:00:00,0.0,0.0,0.0,0.0,0.0,0.0,0.0
2019-09-12 21:00:00,0.0,0.0,0.0,0.0,0.0,0.0,0.0
2019-09-12 22:00:00,0.0,0.0,0.0,0.0,0.0,0.0,0.0
2019-09-12 23:00:00,0.0,0.0,0.0,0.0,0.0,0.0,0.0
2019-09-13 00:00:00,0.0,0.0,0.0,0.0,0.0,0.0,0.0
2019-09-13 01:00:00,0.0,0.0,0.0,0.0,0.0,0.0,0.0
2019-09-13 02:00:00,0.0,0.0,0.0,0.0,0.0,0.0,0.0
2019-09-13 03:00:00,0.0,0.0,0.0,0.0,0.0,0.0,0.0
2019-09-13 04:00:00,0.0,0.0,0.0,1868.0138139315286,0.0,0.0,0.0
2019-09-13 05:00:00,0.0,0.0,0.0,0.0,0.0,0.0,0.0
2019-09-13 06:00:00,0.0,0.0,0.0,0.0,0.0,0.0,0.0
2019-09-13 07:00:00,258.301886792452,702.767295597484,998.301886792453,4032.76729559748,0.0,518.930817610063,702.767295597484
2019-09-13 08:00:00,258.301886792452,702.767295597484,998.301886792453,4032.76729559748,186.163522012579,518.930817610063,702.767295597484
2019-09-13 09:00:00,258.301886792452,702.767295597484,998.301886792453,4032.76729559748,186.163522012579,518.930817610063,702.767295597484
2019-09-13 10:00:00,258.301886792452,702.767295597484,998.301886792453,4032.76729559748,186.163522012579,518.930817610063,702.767295597484
2019-09-13 11:00:00,258.301886792452,702.767295597484,998.301886792453,4032.76729559748,186.163522012579,518.930817610063,702.767295597484
2019-09-13 12:00:00,258.301886792452,702.767295597484,998.301886792453,4032.76729559748,186.163522012579,518.930817610063,702.767295597484
2019-09-13 13:00:00,258.301886792452,702.767295597484,998.301886792453,4032.76729559748,186.163522012579,518.930817610063,702.767295597484
2019-09-13 14:00:00,258.301886792452,702.767295597484,998.301886792453,4032.76729559748,0.0,518.930817610063,702.767295597484
2019-09-13 15:00:00,258.301886792452,702.767295597484,998.301886792453,4032.76729559748,0.0,518.930817610063,702.767295597484
2019-09-13 16:00:00,0.0,0.0,0.0,0.0,0.0,0.0,0.0
2019-09-13 17:00:00,0.0,0.0,0.0,0.0,0.0,0.0,0.0
2019-09-13 18:00:00,0.0,0.0,0.0,0.0,0.0,0.0,0.0
2019-09-13 19:00:00,0.0,0.0,0.0,0.0,0.0,0.0,0.0
2019-09-13 20:00:00,0.0,0.0,0.0,0.0,0.0,0.0,0.0
2019-09-13 21:00:00,0.0,0.0,0.0,0.0,0.0,0.0,0.0
2019-09-13 22:00:00,0.0,0.0,0.0,0.0,0.0,0.0,0.0
2019-09-13 23:00:00,0.0,0.0,0.0,0.0,0.0,0.0,0.0
2019-09-14 00:00:00,0.0,0.0,0.0,0.0,0.0,0.0,0.0
2019-09-14 01:00:00,0.0,0.0,0.0,0.0,0.0,0.0,0.0
2019-09-14 02:00:00,0.0,0.0,0.0,0.0,0.0,0.0,0.0
2019-09-14 03:00:00,0.0,0.0,0.0,0.0,0.0,0.0,0.0
2019-09-14 04:00:00,0.0,0.0,0.0,0.0,0.0,0.0,0.0
2019-09-14 05:00:00,0.0,0.0,0.0,0.0,0.0,0.0,0.0
2019-09-14 06:00:00,0.0,0.0,0.0,4032.76729559748,0.0,0.0,0.0
2019-09-14 07:00:00,258.301886792452,702.767295597484,998.301886792453,4032.76729559748,0.0,518.930817610063,702.767295597484
2019-09-14 08:00:00,258.301886792452,702.767295597484,998.301886792453,4032.76729559748,186.163522012579,518.930817610063,702.767295597484
2019-09-14 09:00:00,258.301886792452,702.767295597484,998.301886792453,4032.76729559748,186.163522012579,518.930817610063,702.767295597484
2019-09-14 10:00:00,258.301886792452,702.767295597484,998.301886792453,4032.76729559748,186.163522012579,518.930817610063,702.767295597484
2019-09-14 11:00:00,258.301886792452,702.767295597484,998.301886792453,4032.76729559748,186.163522012579,518.930817610063,702.767295597484
2019-09-14 12:00:00,258.301886792452,702.767295597484,998.301886792453,4032.76729559748,186.163522012579,518.930817610063,702.767295597484
2019-09-14 13:00:00,258.301886792452,702.767295597484,998.301886792453,4032.76729559748,186.163522012579,518.930817610063,702.767295597484
2019-09-14 14:00:00,258.301886792452,702.767295597484,998.301886792453,4032.76729559748,186.163522012579,518.930817610063,702.767295597484
2019-09-14 15:00:00,258.301886792452,702.767295597484,998.301886792453,4032.76729559748,0.0,518.930817610063,702.767295597484
2019-09-14 16:00:00,0.0,702.767295597484,0.0,3058.087000419291,0.0,0.0,0.0
2019-09-14 17:00:00,0.0,0.0,0.0,0.0,0.0,0.0,0.0
2019-09-14 18:00:00,0.0,0.0,0.0,0.0,0.0,0.0,0.0
2019-09-14 19:00:00,0.0,0.0,0.0,0.0,0.0,0.0,0.0
2019-09-14 20:00:00,0.0,0.0,0.0,0.0,0.0,0.0,0.0
2019-09-14 21:00:00,0.0,0.0,0.0,0.0,0.0,0.0,0.0
2019-09-14 22:00:00,0.0,0.0,0.0,0.0,0.0,0.0,0.0
2019-09-14 23:00:00,0.0,64.55397934120265,0.0,0.0,0.0,0.0,0.0
2019-09-15 00:00:00,0.0,702.767295597484,0.0,0.0,0.0,0.0,0.0
2019-09-15 01:00:00,0.0,0.0,0.0,0.0,0.0,0.0,0.0
2019-09-15 02:00:00,0.0,0.0,0.0,0.0,0.0,0.0,0.0
2019-09-15 03:00:00,0.0,0.0,0.0,0.0,0.0,0.0,0.0
2019-09-15 04:00:00,0.0,259.9677654438665,0.0,0.0,0.0,0.0,0.0
2019-09-15 05:00:00,0.0,0.0,0.0,0.0,0.0,0.0,0.0
2019-09-15 06:00:00,0.0,702.767295597484,0.0,2730.218750131977,0.0,0.0,0.0
2019-09-15 07:00:00,258.301886792452,702.767295597484,998.301886792453,4032.76729559748,186.163522012579,518.930817610063,702.767295597484
2019-09-15 08:00:00,258.301886792452,702.767295597484,998.301886792453,4032.76729559748,186.163522012579,518.930817610063,702.767295597484
2019-09-15 09:00:00,258.301886792452,702.767295597484,998.301886792453,4032.76729559748,186.163522012579,518.930817610063,702.767295597484
2019-09-15 10:00:00,258.301886792452,702.767295597484,998.301886792453,4032.76729559748,186.163522012579,518.930817610063,702.767295597484
2019-09-15 11:00:00,258.301886792452,702.767295597484,998.301886792453,4032.76729559748,186.163522012579,518.930817610063,702.767295597484
2019-09-15 12:00:00,258.301886792452,702.767295597484,998.301886792453,4032.76729559748,186.163522012579,518.930817610063,702.767295597484
2019-09-15 13:00:00,258.301886792452,702.767295597484,998.301886792453,4032.76729559748,186.163522012579,518.930817610063,702.767295597484
2019-09-15 14:00:00,258.301886792452,702.767295597484,998.301886792453,4032.76729559748,186.163522012579,518.930817610063,702.767295597484
2019-09-15 15:00:00,258.301886792452,702.767295597484,998.301886792453,4032.76729559748,0.0,518.930817610063,702.767295597484
2019-09-15 16:00:00,0.0,0.0,0.0,0.0,0.0,0.0,0.0
2019-09-15 17:00:00,0.0,0.0,0.0,0.0,0.0,0.0,0.0
2019-09-15 18:00:00,0.0,0.0,0.0,0.0,0.0,0.0,0.0
2019-09-15 19:00:00,0.0,0.0,0.0,0.0,0.0,0.0,0.0
2019-09-15 20:00:00,0.0,0.0,0.0,0.0,0.0,0.0,0.0
2019-09-15 21:00:00,0.0,0.0,0.0,0.0,0.0,0.0,0.0
2019-09-15 22:00:00,0.0,0.0,0.0,0.0,0.0,0.0,0.0
2019-09-15 23:00:00,0.0,0.0,0.0,0.0,0.0,0.0,0.0
2019-09-16 00:00:00,0.0,0.0,0.0,0.0,0.0,0.0,0.0
2019-09-16 01:00:00,0.0,0.0,0.0,0.0,0.0,0.0,0.0
2019-09-16 02:00:00,0.0,0.0,0.0,0.0,0.0,0.0,0.0
2019-09-16 03:00:00,0.0,0.0,0.0,0.0,0.0,0.0,0.0
2019-09-16 04:00:00,0.0,0.0,0.0,0.0,0.0,0.0,0.0
2019-09-16 05:00:00,0.0,0.0,0.0,0.0,0.0,0.0,0.0
2019-09-16 06:00:00,0.0,0.0,0.0,0.0,0.0,0.0,0.0
2019-09-16 07:00:00,0.0,702.767295597484,612.8537415934807,4032.76729559748,0.0,0.0,0.0
2019-09-16 08:00:00,258.301886792452,702.767295597484,998.301886792453,4032.76729559748,0.0,518.930817610063,702.767295597484
2019-09-16 09:00:00,258.301886792452,702.767295597484,998.301886792453,4032.76729559748,186.163522012579,518.930817610063,702.767295597484
2019-09-16 10:00:00,258.301886792452,702.767295597484,998.301886792453,4032.76729559748,186.163522012579,518.930817610063,702.767295597484
2019-09-16 11:00:00,258.301886792452,702.767295597484,998.301886792453,4032.76729559748,186.163522012579,518.930817610063,702.767295597484
2019-09-16 12:00:00,258.301886792452,702.767295597484,998.301886792453,4032.76729559748,186.163522012579,518.930817610063,702.767295597484
2019-09-16 13:00:00,258.301886792452,702.767295597484,998.301886792453,4032.76729559748,0.0,518.930817610063,702.767295597484
2019-09-16 14:00:00,258.301886792452,702.767295597484,998.301886792453,4032.76729559748,0.0,518.930817610063,702.767295597484
2019-09-16 15:00:00,0.0,0.0,0.0,0.0,0.0,0.0,0.0
2019-09-16 16:00:00,0.0,0.0,0.0,0.0,0.0,0.0,0.0
2019-09-16 17:00:00,0.0,0.0,0.0,0.0,0.0,0.0,0.0
2019-09-16 18:00:00,0.0,0.0,0.0,0.0,0.0,0.0,0.0
2019-09-16 19:00:00,0.0,0.0,0.0,0.0,0.0,0.0,0.0
2019-09-16 20:00:00,0.0,0.0,0.0,0.0,0.0,0.0,0.0
2019-09-16 21:00:00,0.0,0.0,0.0,0.0,0.0,0.0,0.0
2019-09-16 22:00:00,0.0,0.0,0.0,0.0,0.0,0.0,0.0
2019-09-16 23:00:00,0.0,0.0,0.0,0.0,0.0,0.0,0.0
2019-09-17 00:00:00,0.0,0.0,0.0,0.0,0.0,0.0,0.0
2019-09-17 01:00:00,0.0,0.0,0.0,0.0,0.0,0.0,0.0
2019-09-17 02:00:00,0.0,0.0,0.0,0.0,0.0,0.0,0.0
2019-09-17 03:00:00,0.0,0.0,0.0,0.0,0.0,0.0,0.0
2019-09-17 04:00:00,0.0,0.0,0.0,0.0,0.0,0.0,0.0
2019-09-17 05:00:00,0.0,0.0,0.0,0.0,0.0,0.0,0.0
2019-09-17 06:00:00,0.0,0.0,0.0,0.0,0.0,0.0,0.0
2019-09-17 07:00:00,0.0,0.0,0.0,1116.930316450772,0.0,0.0,0.0
2019-09-17 08:00:00,258.301886792452,702.767295597484,998.301886792453,4032.76729559748,0.0,518.930817610063,702.767295597484
2019-09-17 09:00:00,258.301886792452,702.767295597484,998.301886792453,4032.76729559748,0.0,518.930817610063,702.767295597484
2019-09-17 10:00:00,258.301886792452,702.767295597484,998.301886792453,4032.76729559748,133.25823412127693,518.930817610063,702.767295597484
2019-09-17 11:00:00,258.301886792452,702.767295597484,998.301886792453,4032.76729559748,0.0,518.930817610063,702.767295597484
2019-09-17 12:00:00,258.301886792452,702.767295597484,998.301886792453,4032.76729559748,0.0,518.930817610063,702.767295597484
2019-09-17 13:00:00,258.301886792452,702.767295597484,998.301886792453,4032.76729559748,0.0,518.930817610063,702.767295597484
2019-09-17 14:00:00,258.301886792452,702.767295597484,998.301886792453,4032.76729559748,0.0,518.930817610063,702.767295597484
2019-09-17 15:00:00,0.0,0.0,0.0,0.0,0.0,0.0,0.0
2019-09-17 16:00:00,0.0,0.0,0.0,0.0,0.0,0.0,0.0
2019-09-17 17:00:00,0.0,0.0,0.0,0.0,0.0,0.0,0.0
2019-09-17 18:00:00,0.0,0.0,0.0,0.0,0.0,0.0,0.0
2019-09-17 19:00:00,0.0,0.0,0.0,0.0,0.0,0.0,0.0
2019-09-17 20:00:00,0.0,0.0,0.0,0.0,0.0,0.0,0.0
2019-09-17 21:00:00,0.0,0.0,0.0,0.0,0.0,0.0,0.0
2019-09-17 22:00:00,0.0,0.0,0.0,0.0,0.0,0.0,0.0
2019-09-17 23:00:00,0.0,0.0,0.0,0.0,0.0,0.0,0.0
2019-09-18 00:00:00,0.0,0.0,0.0,0.0,0.0,0.0,0.0
2019-09-18 01:00:00,0.0,0.0,0.0,0.0,0.0,0.0,0.0
2019-09-18 02:00:00,0.0,0.0,0.0,0.0,0.0,0.0,0.0
2019-09-18 03:00:00,0.0,0.0,0.0,0.0,0.0,0.0,0.0
2019-09-18 04:00:00,0.0,0.0,0.0,0.0,0.0,0.0,0.0
2019-09-18 05:00:00,0.0,0.0,0.0,0.0,0.0,0.0,0.0
2019-09-18 06:00:00,0.0,0.0,0.0,0.0,0.0,0.0,0.0
2019-09-18 07:00:00,0.0,702.767295597484,0.0,3941.2005440076036,0.0,0.0,0.0
2019-09-18 08:00:00,258.301886792452,702.767295597484,998.301886792453,4032.76729559748,0.0,518.930817610063,702.767295597484
2019-09-18 09:00:00,258.301886792452,702.767295597484,998.301886792453,4032.76729559748,0.0,518.930817610063,702.767295597484
2019-09-18 10:00:00,258.301886792452,702.767295597484,998.301886792453,4032.76729559748,0.0,518.930817610063,702.767295597484
2019-09-18 11:00:00,258.301886792452,702.767295597484,998.301886792453,4032.76729559748,0.0,518.930817610063,702.767295597484
2019-09-18 12:00:00,258.301886792452,702.767295597484,998.301886792453,4032.76729559748,0.0,518.930817610063,702.767295597484
2019-09-18 13:00:00,258.301886792452,702.767295597484,998.301886792453,4032.76729559748,0.0,518.930817610063,702.767295597484
2019-09-18 14:00:00,0.0,23.892710050068672,0.0,4032.76729559748,0.0,0.0,0.0
2019-09-18 15:00:00,0.0,0.0,0.0,0.0,0.0,0.0,0.0
2019-09-18 16:00:00,0.0,0.0,0.0,0.0,0.0,0.0,0.0
2019-09-18 17:00:00,0.0,0.0,0.0,0.0,0.0,0.0,0.0
2019-09-18 18:00:00,0.0,0.0,0.0,0.0,0.0,0.0,0.0
2019-09-18 19:00:00,0.0,0.0,0.0,0.0,0.0,0.0,0.0
2019-09-18 20:00:00,0.0,0.0,0.0,0.0,0.0,0.0,0.0
2019-09-18 21:00:00,0.0,0.0,0.0,0.0,0.0,0.0,0.0
2019-09-18 22:00:00,0.0,0.0,0.0,0.0,0.0,0.0,0.0
2019-09-18 23:00:00,0.0,0.0,0.0,0.0,0.0,0.0,0.0
2019-09-19 00:00:00,0.0,0.0,0.0,0.0,0.0,0.0,0.0
2019-09-19 01:00:00,0.0,0.0,0.0,0.0,0.0,0.0,0.0
2019-09-19 02:00:00,0.0,0.0,0.0,0.0,0.0,0.0,0.0
2019-09-19 03:00:00,0.0,0.0,0.0,0.0,0.0,0.0,0.0
2019-09-19 04:00:00,0.0,0.0,0.0,0.0,0.0,0.0,0.0
2019-09-19 05:00:00,0.0,0.0,0.0,0.0,0.0,0.0,0.0
2019-09-19 06:00:00,0.0,0.0,0.0,0.0,0.0,0.0,0.0
2019-09-19 07:00:00,0.0,642.2724431026318,0.0,0.0,0.0,0.0,0.0
2019-09-19 08:00:00,0.0,702.767295597484,998.301886792453,4032.76729559748,0.0,0.0,416.48841840253317
2019-09-19 09:00:00,258.301886792452,702.767295597484,998.301886792453,4032.76729559748,0.0,518.930817610063,702.767295597484
2019-09-19 10:00:00,258.301886792452,702.767295597484,998.301886792453,4032.76729559748,0.0,518.930817610063,702.767295597484
2019-09-19 11:00:00,258.301886792452,702.767295597484,998.301886792453,4032.76729559748,0.0,518.930817610063,702.767295597484
2019-09-19 12:00:00,258.301886792452,702.767295597484,998.301886792453,4032.76729559748,0.0,518.930817610063,702.767295597484
2019-09-19 13:00:00,0.0,702.767295597484,0.0,4032.76729559748,0.0,0.0,0.0
2019-09-19 14:00:00,0.0,702.767295597484,0.0,1704.6939013989786,0.0,0.0,0.0
2019-09-19 15:00:00,0.0,0.0,0.0,0.0,0.0,0.0,0.0
2019-09-19 16:00:00,0.0,0.0,0.0,0.0,0.0,0.0,0.0
2019-09-19 17:00:00,0.0,0.0,0.0,0.0,0.0,0.0,0.0
2019-09-19 18:00:00,0.0,0.0,0.0,0.0,0.0,0.0,0.0
2019-09-19 19:00:00,0.0,0.0,0.0,0.0,0.0,0.0,0.0
2019-09-19 20:00:00,0.0,0.0,0.0,0.0,0.0,0.0,0.0
2019-09-19 21:00:00,0.0,0.0,0.0,0.0,0.0,0.0,0.0
2019-09-19 22:00:00,0.0,0.0,0.0,0.0,0.0,0.0,0.0
2019-09-19 23:00:00,0.0,0.0,0.0,0.0,0.0,0.0,0.0
2019-09-20 00:00:00,0.0,0.0,0.0,0.0,0.0,0.0,0.0
2019-09-20 01:00:00,0.0,0.0,0.0,0.0,0.0,0.0,0.0
2019-09-20 02:00:00,0.0,0.0,0.0,0.0,0.0,0.0,0.0
2019-09-20 03:00:00,0.0,0.0,0.0,0.0,0.0,0.0,0.0
2019-09-20 04:00:00,0.0,0.0,0.0,0.0,0.0,0.0,0.0
2019-09-20 05:00:00,0.0,0.0,0.0,0.0,0.0,0.0,0.0
2019-09-20 06:00:00,0.0,0.0,0.0,0.0,0.0,0.0,0.0
2019-09-20 07:00:00,258.301886792452,702.767295597484,998.301886792453,4014.176001981618,0.0,518.930817610063,702.767295597484
2019-09-20 08:00:00,258.301886792452,702.767295597484,998.301886792453,4032.76729559748,186.163522012579,518.930817610063,702.767295597484
2019-09-20 09:00:00,258.301886792452,702.767295597484,998.301886792453,4032.76729559748,186.163522012579,518.930817610063,702.767295597484
2019-09-20 10:00:00,258.301886792452,702.767295597484,998.301886792453,4032.76729559748,186.163522012579,518.930817610063,702.767295597484
2019-09-20 11:00:00,258.301886792452,702.767295597484,998.301886792453,4032.76729559748,186.163522012579,518.930817610063,702.767295597484
2019-09-20 12:00:00,258.301886792452,702.767295597484,998.301886792453,4032.76729559748,186.163522012579,518.930817610063,702.767295597484
2019-09-20 13:00:00,258.301886792452,702.767295597484,998.301886792453,4032.76729559748,186.163522012579,518.930817610063,702.767295597484
2019-09-20 14:00:00,258.301886792452,702.767295597484,998.301886792453,4032.76729559748,0.0,518.930817610063,702.767295597484
2019-09-20 15:00:00,0.0,0.0,0.0,3558.0186153814834,0.0,0.0,0.0
2019-09-20 16:00:00,0.0,0.0,0.0,0.0,0.0,0.0,0.0
2019-09-20 17:00:00,0.0,0.0,0.0,0.0,0.0,0.0,0.0
2019-09-20 18:00:00,0.0,0.0,0.0,0.0,0.0,0.0,0.0
2019-09-20 19:00:00,0.0,0.0,0.0,0.0,0.0,0.0,0.0
2019-09-20 20:00:00,0.0,0.0,0.0,0.0,0.0,0.0,0.0
2019-09-20 21:00:00,0.0,0.0,0.0,0.0,0.0,0.0,0.0
2019-09-20 22:00:00,0.0,0.0,0.0,0.0,0.0,0.0,0.0
2019-09-20 23:00:00,0.0,0.0,0.0,0.0,0.0,0.0,0.0
2019-09-21 00:00:00,0.0,0.0,0.0,0.0,0.0,0.0,0.0
2019-09-21 01:00:00,0.0,0.0,0.0,0.0,0.0,0.0,0.0
2019-09-21 02:00:00,0.0,0.0,0.0,0.0,0.0,0.0,0.0
2019-09-21 03:00:00,0.0,0.0,0.0,0.0,0.0,0.0,0.0
2019-09-21 04:00:00,0.0,0.0,0.0,0.0,0.0,0.0,0.0
2019-09-21 05:00:00,0.0,0.0,0.0,0.0,0.0,0.0,0.0
2019-09-21 06:00:00,0.0,702.767295597484,0.0,0.0,0.0,0.0,0.0
2019-09-21 07:00:00,258.301886792452,702.767295597484,998.301886792453,4032.76729559748,186.163522012579,518.930817610063,702.767295597484
2019-09-21 08:00:00,258.301886792452,702.767295597484,998.301886792453,4032.76729559748,186.163522012579,518.930817610063,702.767295597484
2019-09-21 09:00:00,258.301886792452,702.767295597484,998.301886792453,4032.76729559748,186.163522012579,518.930817610063,702.767295597484
2019-09-21 10:00:00,258.301886792452,702.767295597484,998.301886792453,4032.76729559748,186.163522012579,518.930817610063,702.767295597484
2019-09-21 11:00:00,258.301886792452,702.767295597484,998.301886792453,4032.76729559748,186.163522012579,518.930817610063,702.767295597484
2019-09-21 12:00:00,258.301886792452,702.767295597484,998.301886792453,4032.76729559748,186.163522012579,518.930817610063,702.767295597484
2019-09-21 13:00:00,258.301886792452,702.767295597484,998.301886792453,4032.76729559748,186.163522012579,518.930817610063,702.767295597484
2019-09-21 14:00:00,258.301886792452,702.767295597484,998.301886792453,4032.76729559748,186.163522012579,518.930817610063,702.767295597484
2019-09-21 15:00:00,258.301886792452,702.767295597484,998.301886792453,4032.76729559748,186.163522012579,518.930817610063,702.767295597484
2019-09-21 16:00:00,0.0,0.0,0.0,0.0,186.163522012579,0.0,0.0
2019-09-21 17:00:00,0.0,0.0,0.0,0.0,186.163522012579,0.0,0.0
2019-09-21 18:00:00,0.0,0.0,0.0,0.0,186.163522012579,0.0,0.0
2019-09-21 19:00:00,0.0,0.0,0.0,0.0,186.163522012579,0.0,0.0
2019-09-21 20:00:00,0.0,0.0,0.0,0.0,0.0,0.0,0.0
2019-09-21 21:00:00,0.0,702.767295597484,0.0,0.0,0.0,0.0,0.0
2019-09-21 22:00:00,0.0,0.0,0.0,0.0,0.0,0.0,0.0
2019-09-21 23:00:00,0.0,0.0,0.0,0.0,0.0,0.0,0.0
2019-09-22 00:00:00,0.0,0.0,0.0,0.0,0.0,0.0,0.0
2019-09-22 01:00:00,0.0,0.0,0.0,0.0,0.0,0.0,0.0
2019-09-22 02:00:00,0.0,0.0,0.0,0.0,0.0,0.0,0.0
2019-09-22 03:00:00,0.0,0.0,0.0,0.0,0.0,0.0,0.0
2019-09-22 04:00:00,0.0,0.0,0.0,0.0,0.0,0.0,0.0
2019-09-22 05:00:00,0.0,0.0,0.0,0.0,0.0,0.0,0.0
2019-09-22 06:00:00,0.0,702.767295597484,0.0,2242.538937700015,0.0,0.0,0.0
2019-09-22 07:00:00,258.301886792452,702.767295597484,998.301886792453,4032.76729559748,0.0,518.930817610063,702.767295597484
2019-09-22 08:00:00,258.301886792452,702.767295597484,998.301886792453,4032.76729559748,0.0,518.930817610063,702.767295597484
2019-09-22 09:00:00,258.301886792452,702.767295597484,998.301886792453,4032.76729559748,0.0,518.930817610063,702.767295597484
2019-09-22 10:00:00,258.301886792452,702.767295597484,998.301886792453,4032.76729559748,0.0,518.930817610063,702.767295597484
2019-09-22 11:00:00,258.301886792452,702.767295597484,998.301886792453,4032.76729559748,0.0,518.930817610063,702.767295597484
2019-09-22 12:00:00,258.301886792452,702.767295597484,998.301886792453,4032.76729559748,0.0,518.930817610063,702.767295597484
2019-09-22 13:00:00,258.301886792452,702.767295597484,998.301886792453,4032.76729559748,0.0,518.930817610063,702.767295597484
2019-09-22 14:00:00,258.301886792452,702.767295597484,998.301886792453,4032.76729559748,0.0,518.930817610063,702.767295597484
2019-09-22 15:00:00,0.0,0.0,0.0,111.63266162683146,0.0,0.0,0.0
2019-09-22 16:00:00,0.0,0.0,0.0,1745.990095060183,0.0,0.0,0.0
2019-09-22 17:00:00,0.0,0.0,0.0,0.0,0.0,0.0,0.0
2019-09-22 18:00:00,0.0,0.0,0.0,0.0,0.0,0.0,0.0
2019-09-22 19:00:00,0.0,0.0,0.0,0.0,0.0,0.0,0.0
2019-09-22 20:00:00,0.0,204.59917224117908,0.0,0.0,0.0,0.0,0.0
2019-09-22 21:00:00,0.0,702.767295597484,0.0,2356.5531789258707,0.0,0.0,0.0
2019-09-22 22:00:00,0.0,0.0,0.0,3333.4376260457734,0.0,0.0,0.0
2019-09-22 23:00:00,0.0,702.767295597484,0.0,0.0,0.0,0.0,0.0
2019-09-23 00:00:00,0.0,702.767295597484,0.0,331.1285163906474,0.0,0.0,0.0
2019-09-23 01:00:00,0.0,0.0,0.0,1111.8767749398257,0.0,0.0,0.0
2019-09-23 02:00:00,0.0,702.767295597484,0.0,3362.1650636087466,0.0,0.0,0.0
2019-09-23 03:00:00,0.0,0.0,0.0,0.0,0.0,0.0,0.0
2019-09-23 04:00:00,0.0,0.0,0.0,0.0,0.0,0.0,0.0
2019-09-23 05:00:00,0.0,0.0,0.0,0.0,0.0,0.0,0.0
2019-09-23 06:00:00,0.0,0.0,0.0,0.0,0.0,0.0,0.0
2019-09-23 07:00:00,258.301886792452,0.0,998.301886792453,0.0,0.0,518.930817610063,702.767295597484
2019-09-23 08:00:00,258.301886792452,0.0,998.301886792453,0.0,186.163522012579,518.930817610063,702.767295597484
2019-09-23 09:00:00,258.301886792452,0.0,998.301886792453,0.0,186.163522012579,518.930817610063,702.767295597484
2019-09-23 10:00:00,258.301886792452,702.767295597484,998.301886792453,4032.76729559748,186.163522012579,518.930817610063,702.767295597484
2019-09-23 11:00:00,258.301886792452,702.767295597484,998.301886792453,4032.76729559748,186.163522012579,518.930817610063,702.767295597484
2019-09-23 12:00:00,258.301886792452,702.767295597484,998.301886792453,4032.76729559748,186.163522012579,518.930817610063,702.767295597484
2019-09-23 13:00:00,258.301886792452,0.0,998.301886792453,3143.9390841845193,186.163522012579,518.930817610063,702.767295597484
2019-09-23 14:00:00,0.0,0.0,0.0,0.0,186.163522012579,0.0,0.0
2019-09-23 15:00:00,0.0,702.767295597484,0.0,0.0,186.163522012579,0.0,0.0
2019-09-23 16:00:00,0.0,0.0,0.0,0.0,186.163522012579,0.0,0.0
2019-09-23 17:00:00,0.0,0.0,0.0,0.0,186.163522012579,0.0,0.0
2019-09-23 18:00:00,0.0,0.0,0.0,0.0,186.163522012579,0.0,0.0
2019-09-23 19:00:00,0.0,0.0,0.0,0.0,186.163522012579,0.0,0.0
2019-09-23 20:00:00,0.0,0.0,0.0,0.0,186.163522012579,0.0,0.0
2019-09-23 21:00:00,0.0,0.0,0.0,0.0,186.163522012579,0.0,0.0
2019-09-23 22:00:00,0.0,0.0,0.0,1012.6235997762648,186.163522012579,0.0,0.0
2019-09-23 23:00:00,0.0,702.767295597484,0.0,656.2893644546607,186.163522012579,0.0,0.0
2019-09-24 00:00:00,0.0,702.767295597484,0.0,4032.76729559748,186.163522012579,0.0,0.0
2019-09-24 01:00:00,0.0,702.767295597484,0.0,1501.1239211469097,186.163522012579,0.0,0.0
2019-09-24 02:00:00,0.0,702.767295597484,0.0,4032.76729559748,186.163522012579,0.0,0.0
2019-09-24 03:00:00,0.0,702.767295597484,0.0,5.783141826335395,186.163522012579,0.0,0.0
2019-09-24 04:00:00,0.0,0.0,0.0,0.0,186.163522012579,0.0,0.0
2019-09-24 05:00:00,0.0,0.0,0.0,0.0,186.163522012579,0.0,0.0
2019-09-24 06:00:00,0.0,0.0,0.0,0.0,186.163522012579,0.0,0.0
2019-09-24 07:00:00,258.301886792452,0.0,998.301886792453,3097.813054147628,186.163522012579,518.930817610063,702.767295597484
2019-09-24 08:00:00,258.301886792452,702.767295597484,998.301886792453,4032.76729559748,186.163522012579,518.930817610063,702.767295597484
2019-09-24 09:00:00,258.301886792452,702.767295597484,998.301886792453,4032.76729559748,186.163522012579,518.930817610063,702.767295597484
2019-09-24 10:00:00,258.301886792452,702.767295597484,998.301886792453,4032.76729559748,186.163522012579,518.930817610063,702.767295597484
2019-09-24 11:00:00,258.301886792452,702.767295597484,998.301886792453,4032.76729559748,186.163522012579,518.930817610063,702.767295597484
2019-09-24 12:00:00,258.301886792452,702.767295597484,998.301886792453,4032.76729559748,186.163522012579,518.930817610063,702.767295597484
2019-09-24 13:00:00,258.301886792452,702.767295597484,998.301886792453,4032.76729559748,186.163522012579,518.930817610063,702.767295597484
2019-09-24 14:00:00,258.301886792452,702.767295597484,998.301886792453,4032.76729559748,186.163522012579,518.930817610063,702.767295597484
2019-09-24 15:00:00,0.0,0.0,0.0,494.5318279576891,186.163522012579,0.0,0.0
2019-09-24 16:00:00,0.0,0.0,0.0,0.0,0.0,0.0,0.0
2019-09-24 17:00:00,0.0,0.0,0.0,0.0,0.0,0.0,0.0
2019-09-24 18:00:00,0.0,0.0,0.0,0.0,0.0,0.0,0.0
2019-09-24 19:00:00,0.0,0.0,0.0,0.0,0.0,0.0,0.0
2019-09-24 20:00:00,0.0,702.767295597484,0.0,0.0,0.0,0.0,0.0
2019-09-24 21:00:00,0.0,0.0,0.0,0.0,0.0,0.0,0.0
2019-09-24 22:00:00,0.0,0.0,0.0,0.0,0.0,0.0,0.0
2019-09-24 23:00:00,0.0,0.0,0.0,0.0,0.0,0.0,0.0
2019-09-25 00:00:00,0.0,0.0,0.0,0.0,0.0,0.0,0.0
2019-09-25 01:00:00,0.0,0.0,0.0,0.0,0.0,0.0,0.0
2019-09-25 02:00:00,0.0,0.0,0.0,0.0,0.0,0.0,0.0
2019-09-25 03:00:00,0.0,0.0,0.0,0.0,0.0,0.0,0.0
2019-09-25 04:00:00,0.0,0.0,0.0,0.0,0.0,0.0,0.0
2019-09-25 05:00:00,0.0,0.0,0.0,0.0,0.0,0.0,0.0
2019-09-25 06:00:00,0.0,0.0,0.0,0.0,0.0,0.0,0.0
2019-09-25 07:00:00,0.0,0.0,307.6700986853366,0.0,0.0,0.0,0.0
2019-09-25 08:00:00,258.301886792452,702.767295597484,998.301886792453,4032.76729559748,0.0,518.930817610063,702.767295597484
2019-09-25 09:00:00,258.301886792452,702.767295597484,998.301886792453,4032.76729559748,0.0,518.930817610063,702.767295597484
2019-09-25 10:00:00,258.301886792452,702.767295597484,998.301886792453,4032.76729559748,0.0,518.930817610063,702.767295597484
2019-09-25 11:00:00,258.301886792452,702.767295597484,998.301886792453,4032.76729559748,0.0,518.930817610063,702.767295597484
2019-09-25 12:00:00,258.301886792452,702.767295597484,998.301886792453,4032.76729559748,0.0,518.930817610063,702.767295597484
2019-09-25 13:00:00,258.301886792452,702.767295597484,998.301886792453,4032.76729559748,0.0,518.930817610063,702.767295597484
2019-09-25 14:00:00,0.0,0.0,0.0,0.0,0.0,0.0,0.0
2019-09-25 15:00:00,0.0,0.0,0.0,0.0,0.0,0.0,0.0
2019-09-25 16:00:00,0.0,0.0,0.0,0.0,0.0,0.0,0.0
2019-09-25 17:00:00,0.0,0.0,0.0,0.0,0.0,0.0,0.0
2019-09-25 18:00:00,0.0,0.0,0.0,0.0,0.0,0.0,0.0
2019-09-25 19:00:00,0.0,0.0,0.0,22.463262699670395,0.0,0.0,0.0
2019-09-25 20:00:00,0.0,0.0,0.0,0.0,0.0,0.0,0.0
2019-09-25 21:00:00,0.0,0.0,0.0,0.0,0.0,0.0,0.0
2019-09-25 22:00:00,0.0,0.0,0.0,0.0,0.0,0.0,0.0
2019-09-25 23:00:00,0.0,0.0,0.0,0.0,0.0,0.0,0.0
2019-09-26 00:00:00,0.0,0.0,0.0,0.0,0.0,0.0,0.0
2019-09-26 01:00:00,0.0,0.0,0.0,0.0,0.0,0.0,0.0
2019-09-26 02:00:00,0.0,0.0,0.0,0.0,0.0,0.0,0.0
2019-09-26 03:00:00,0.0,0.0,0.0,0.0,186.163522012579,0.0,0.0
2019-09-26 04:00:00,0.0,0.0,0.0,0.0,186.163522012579,0.0,0.0
2019-09-26 05:00:00,0.0,0.0,0.0,0.0,186.163522012579,0.0,0.0
2019-09-26 06:00:00,0.0,0.0,0.0,0.0,186.163522012579,0.0,0.0
2019-09-26 07:00:00,0.0,702.767295597484,0.0,288.3784052432842,186.163522012579,0.0,0.0
2019-09-26 08:00:00,258.301886792452,702.767295597484,998.301886792453,4032.76729559748,186.163522012579,518.930817610063,702.767295597484
2019-09-26 09:00:00,258.301886792452,702.767295597484,998.301886792453,4032.76729559748,186.163522012579,518.930817610063,702.767295597484
2019-09-26 10:00:00,258.301886792452,702.767295597484,998.301886792453,4032.76729559748,186.163522012579,518.930817610063,702.767295597484
2019-09-26 11:00:00,258.301886792452,702.767295597484,998.301886792453,4032.76729559748,186.163522012579,518.930817610063,702.767295597484
2019-09-26 12:00:00,258.301886792452,702.767295597484,998.301886792453,4032.76729559748,186.163522012579,518.930817610063,702.767295597484
2019-09-26 13:00:00,258.301886792452,702.767295597484,998.301886792453,4032.76729559748,186.163522012579,518.930817610063,702.767295597484
2019-09-26 14:00:00,0.0,306.1635435237222,0.0,3153.2458625841355,186.163522012579,518.930817610063,0.0
2019-09-26 15:00:00,0.0,0.0,0.0,0.0,186.163522012579,0.0,0.0
2019-09-26 16:00:00,0.0,0.0,0.0,0.0,186.163522012579,0.0,0.0
2019-09-26 17:00:00,0.0,0.0,0.0,0.0,0.0,0.0,0.0
2019-09-26 18:00:00,0.0,0.0,0.0,0.0,0.0,0.0,0.0
2019-09-26 19:00:00,0.0,0.0,0.0,0.0,0.0,0.0,0.0
2019-09-26 20:00:00,0.0,0.0,0.0,0.0,0.0,0.0,0.0
2019-09-26 21:00:00,0.0,0.0,0.0,0.0,0.0,0.0,0.0
2019-09-26 22:00:00,0.0,0.0,0.0,0.0,0.0,0.0,0.0
2019-09-26 23:00:00,0.0,0.0,0.0,0.0,0.0,0.0,0.0
2019-09-27 00:00:00,0.0,0.0,0.0,0.0,0.0,0.0,0.0
2019-09-27 01:00:00,0.0,0.0,0.0,0.0,0.0,0.0,0.0
2019-09-27 02:00:00,0.0,0.0,0.0,0.0,0.0,0.0,0.0
2019-09-27 03:00:00,0.0,0.0,0.0,0.0,0.0,0.0,0.0
2019-09-27 04:00:00,0.0,0.0,0.0,0.0,0.0,0.0,0.0
2019-09-27 05:00:00,0.0,0.0,0.0,0.0,0.0,0.0,0.0
2019-09-27 06:00:00,0.0,0.0,0.0,0.0,0.0,0.0,0.0
2019-09-27 07:00:00,258.301886792452,0.0,998.301886792453,3578.857576179323,0.0,518.930817610063,702.767295597484
2019-09-27 08:00:00,258.301886792452,702.767295597484,998.301886792453,4032.76729559748,0.0,518.930817610063,702.767295597484
2019-09-27 09:00:00,258.301886792452,702.767295597484,998.301886792453,4032.76729559748,186.163522012579,518.930817610063,702.767295597484
2019-09-27 10:00:00,258.301886792452,702.767295597484,998.301886792453,4032.76729559748,0.0,518.930817610063,702.767295597484
2019-09-27 11:00:00,258.301886792452,702.767295597484,998.301886792453,4032.76729559748,0.0,518.930817610063,702.767295597484
2019-09-27 12:00:00,258.301886792452,702.767295597484,998.301886792453,4032.76729559748,0.0,518.930817610063,702.767295597484
2019-09-27 13:00:00,258.301886792452,702.767295597484,998.301886792453,4032.76729559748,0.0,518.930817610063,702.767295597484
2019-09-27 14:00:00,0.0,702.767295597484,998.301886792453,4032.76729559748,0.0,0.0,0.0
2019-09-27 15:00:00,0.0,0.0,0.0,0.0,0.0,0.0,0.0
2019-09-27 16:00:00,0.0,0.0,0.0,0.0,0.0,0.0,0.0
2019-09-27 17:00:00,0.0,0.0,0.0,0.0,0.0,0.0,0.0
2019-09-27 18:00:00,0.0,0.0,0.0,0.0,0.0,0.0,0.0
2019-09-27 19:00:00,0.0,0.0,0.0,0.0,0.0,0.0,0.0
2019-09-27 20:00:00,0.0,0.0,0.0,0.0,0.0,0.0,0.0
2019-09-27 21:00:00,0.0,0.0,0.0,0.0,0.0,0.0,0.0
2019-09-27 22:00:00,0.0,0.0,0.0,0.0,0.0,0.0,0.0
2019-09-27 23:00:00,0.0,0.0,0.0,0.0,0.0,0.0,0.0
2019-09-28 00:00:00,0.0,0.0,0.0,0.0,0.0,0.0,0.0
2019-09-28 01:00:00,0.0,0.0,0.0,0.0,0.0,0.0,0.0
2019-09-28 02:00:00,0.0,0.0,0.0,0.0,0.0,0.0,0.0
2019-09-28 03:00:00,0.0,0.0,0.0,0.0,0.0,0.0,0.0
2019-09-28 04:00:00,0.0,0.0,0.0,0.0,0.0,0.0,0.0
2019-09-28 05:00:00,0.0,0.0,0.0,0.0,0.0,0.0,0.0
2019-09-28 06:00:00,0.0,0.0,0.0,0.0,0.0,0.0,0.0
2019-09-28 07:00:00,258.301886792452,702.767295597484,998.301886792453,4032.76729559748,0.0,518.930817610063,702.767295597484
2019-09-28 08:00:00,258.301886792452,702.767295597484,998.301886792453,4032.76729559748,186.163522012579,518.930817610063,702.767295597484
2019-09-28 09:00:00,258.301886792452,702.767295597484,998.301886792453,4032.76729559748,186.163522012579,518.930817610063,702.767295597484
2019-09-28 10:00:00,258.301886792452,702.767295597484,998.301886792453,4032.76729559748,186.163522012579,518.930817610063,702.767295597484
2019-09-28 11:00:00,258.301886792452,702.767295597484,998.301886792453,4032.76729559748,186.163522012579,518.930817610063,702.767295597484
2019-09-28 12:00:00,258.301886792452,702.767295597484,998.301886792453,4032.76729559748,186.163522012579,518.930817610063,702.767295597484
2019-09-28 13:00:00,258.301886792452,702.767295597484,998.301886792453,4032.76729559748,0.0,518.930817610063,702.767295597484
2019-09-28 14:00:00,258.301886792452,702.767295597484,998.301886792453,4032.76729559748,0.0,518.930817610063,702.767295597484
2019-09-28 15:00:00,0.0,0.0,0.0,0.0,0.0,0.0,0.0
2019-09-28 16:00:00,0.0,0.0,0.0,0.0,0.0,0.0,0.0
2019-09-28 17:00:00,0.0,0.0,0.0,0.0,0.0,0.0,0.0
2019-09-28 18:00:00,0.0,0.0,0.0,0.0,0.0,0.0,0.0
2019-09-28 19:00:00,0.0,0.0,0.0,0.0,0.0,0.0,0.0
2019-09-28 20:00:00,0.0,0.0,0.0,0.0,0.0,0.0,0.0
2019-09-28 21:00:00,0.0,0.0,0.0,0.0,0.0,0.0,0.0
2019-09-28 22:00:00,0.0,0.0,0.0,0.0,0.0,0.0,0.0
2019-09-28 23:00:00,0.0,0.0,0.0,0.0,0.0,0.0,0.0
2019-09-29 00:00:00,0.0,0.0,0.0,0.0,0.0,0.0,0.0
2019-09-29 01:00:00,0.0,0.0,0.0,0.0,0.0,0.0,0.0
2019-09-29 02:00:00,0.0,0.0,0.0,0.0,0.0,0.0,0.0
2019-09-29 03:00:00,0.0,0.0,0.0,0.0,0.0,0.0,0.0
2019-09-29 04:00:00,0.0,0.0,0.0,0.0,0.0,0.0,0.0
2019-09-29 05:00:00,0.0,0.0,0.0,0.0,0.0,0.0,0.0
2019-09-29 06:00:00,0.0,702.767295597484,0.0,0.0,0.0,0.0,0.0
2019-09-29 07:00:00,258.301886792452,702.767295597484,998.301886792453,4032.76729559748,0.0,518.930817610063,702.767295597484
2019-09-29 08:00:00,258.301886792452,702.767295597484,998.301886792453,4032.76729559748,186.163522012579,518.930817610063,702.767295597484
2019-09-29 09:00:00,258.301886792452,702.767295597484,998.301886792453,4032.76729559748,186.163522012579,518.930817610063,702.767295597484
2019-09-29 10:00:00,258.301886792452,702.767295597484,998.301886792453,4032.76729559748,186.163522012579,518.930817610063,702.767295597484
2019-09-29 11:00:00,258.301886792452,702.767295597484,998.301886792453,4032.76729559748,186.163522012579,518.930817610063,702.767295597484
2019-09-29 12:00:00,258.301886792452,702.767295597484,998.301886792453,4032.76729559748,186.163522012579,518.930817610063,702.767295597484
2019-09-29 13:00:00,258.301886792452,702.767295597484,998.301886792453,4032.76729559748,186.163522012579,518.930817610063,702.767295597484
2019-09-29 14:00:00,258.301886792452,702.767295597484,998.301886792453,4032.76729559748,0.0,518.930817610063,702.767295597484
2019-09-29 15:00:00,0.0,702.767295597484,0.0,4032.76729559748,0.0,0.0,0.0
2019-09-29 16:00:00,0.0,0.0,0.0,0.0,0.0,0.0,0.0
2019-09-29 17:00:00,0.0,0.0,0.0,0.0,0.0,0.0,0.0
2019-09-29 18:00:00,0.0,0.0,0.0,0.0,0.0,0.0,0.0
2019-09-29 19:00:00,0.0,0.0,0.0,0.0,0.0,0.0,0.0
2019-09-29 20:00:00,0.0,0.0,0.0,0.0,0.0,0.0,0.0
2019-09-29 21:00:00,0.0,0.0,0.0,0.0,0.0,0.0,0.0
2019-09-29 22:00:00,0.0,0.0,0.0,0.0,0.0,0.0,0.0
2019-09-29 23:00:00,0.0,0.0,0.0,0.0,0.0,0.0,0.0
2019-09-30 00:00:00,0.0,0.0,0.0,0.0,0.0,0.0,0.0
2019-09-30 01:00:00,0.0,0.0,0.0,0.0,0.0,0.0,0.0
2019-09-30 02:00:00,0.0,0.0,0.0,0.0,0.0,0.0,0.0
2019-09-30 03:00:00,0.0,0.0,0.0,0.0,0.0,0.0,0.0
2019-09-30 04:00:00,0.0,0.0,0.0,0.0,0.0,0.0,0.0
2019-09-30 05:00:00,0.0,0.0,0.0,0.0,0.0,0.0,0.0
2019-09-30 06:00:00,0.0,0.0,0.0,0.0,0.0,0.0,0.0
2019-09-30 07:00:00,258.301886792452,702.767295597484,998.301886792453,4032.76729559748,0.0,0.0,702.767295597484
2019-09-30 08:00:00,258.301886792452,702.767295597484,998.301886792453,4032.76729559748,186.163522012579,518.930817610063,702.767295597484
2019-09-30 09:00:00,258.301886792452,702.767295597484,998.301886792453,4032.76729559748,186.163522012579,518.930817610063,702.767295597484
2019-09-30 10:00:00,258.301886792452,702.767295597484,998.301886792453,4032.76729559748,186.163522012579,518.930817610063,702.767295597484
2019-09-30 11:00:00,258.301886792452,702.767295597484,998.301886792453,4032.76729559748,186.163522012579,518.930817610063,702.767295597484
2019-09-30 12:00:00,258.301886792452,702.767295597484,998.301886792453,4032.76729559748,186.163522012579,518.930817610063,702.767295597484
2019-09-30 13:00:00,258.301886792452,702.767295597484,998.301886792453,4032.76729559748,186.163522012579,518.930817610063,702.767295597484
2019-09-30 14:00:00,258.301886792452,702.767295597484,998.301886792453,4032.76729559748,0.0,518.930817610063,702.767295597484
2019-09-30 15:00:00,0.0,0.0,0.0,1561.0601687438952,0.0,0.0,0.0
2019-09-30 16:00:00,0.0,0.0,0.0,0.0,0.0,0.0,0.0
2019-09-30 17:00:00,0.0,0.0,0.0,0.0,0.0,0.0,0.0
2019-09-30 18:00:00,0.0,0.0,0.0,0.0,0.0,0.0,0.0
2019-09-30 19:00:00,0.0,0.0,0.0,0.0,0.0,0.0,0.0
2019-09-30 20:00:00,0.0,0.0,0.0,0.0,0.0,0.0,0.0
2019-09-30 21:00:00,0.0,0.0,0.0,0.0,0.0,0.0,0.0
2019-09-30 22:00:00,0.0,0.0,0.0,0.0,0.0,0.0,0.0
2019-09-30 23:00:00,0.0,0.0,0.0,0.0,0.0,0.0,0.0
2019-10-01 00:00:00,0.0,0.0,0.0,0.0,0.0,0.0,0.0
2019-10-01 01:00:00,0.0,0.0,0.0,0.0,0.0,0.0,0.0
2019-10-01 02:00:00,0.0,0.0,0.0,0.0,0.0,0.0,0.0
2019-10-01 03:00:00,0.0,0.0,0.0,0.0,0.0,0.0,0.0
2019-10-01 04:00:00,0.0,0.0,0.0,0.0,0.0,0.0,0.0
2019-10-01 05:00:00,0.0,0.0,0.0,0.0,0.0,0.0,0.0
2019-10-01 06:00:00,0.0,0.0,0.0,0.0,0.0,0.0,0.0
2019-10-01 07:00:00,258.301886792452,702.767295597484,998.301886792453,4032.76729559748,0.0,0.0,702.767295597484
2019-10-01 08:00:00,258.301886792452,702.767295597484,998.301886792453,4032.76729559748,0.0,518.930817610063,702.767295597484
2019-10-01 09:00:00,258.301886792452,702.767295597484,998.301886792453,4032.76729559748,0.0,518.930817610063,702.767295597484
2019-10-01 10:00:00,258.301886792452,702.767295597484,998.301886792453,4032.76729559748,186.163522012579,518.930817610063,702.767295597484
2019-10-01 11:00:00,258.301886792452,702.767295597484,998.301886792453,4032.76729559748,0.0,518.930817610063,702.767295597484
2019-10-01 12:00:00,258.301886792452,702.767295597484,998.301886792453,4032.76729559748,0.0,518.930817610063,702.767295597484
2019-10-01 13:00:00,258.301886792452,702.767295597484,998.301886792453,4032.76729559748,0.0,518.930817610063,702.767295597484
2019-10-01 14:00:00,0.0,702.767295597484,0.0,4032.76729559748,0.0,0.0,0.0
2019-10-01 15:00:00,0.0,0.0,0.0,0.0,0.0,0.0,0.0
2019-10-01 16:00:00,0.0,0.0,0.0,0.0,0.0,0.0,0.0
2019-10-01 17:00:00,0.0,0.0,0.0,0.0,0.0,0.0,0.0
2019-10-01 18:00:00,0.0,0.0,0.0,0.0,0.0,0.0,0.0
2019-10-01 19:00:00,0.0,0.0,0.0,0.0,0.0,0.0,0.0
2019-10-01 20:00:00,0.0,0.0,0.0,0.0,0.0,0.0,0.0
2019-10-01 21:00:00,0.0,0.0,0.0,0.0,0.0,0.0,0.0
2019-10-01 22:00:00,0.0,0.0,0.0,0.0,0.0,0.0,0.0
2019-10-01 23:00:00,0.0,0.0,0.0,0.0,0.0,0.0,0.0
2019-10-02 00:00:00,0.0,0.0,0.0,0.0,0.0,0.0,0.0
2019-10-02 01:00:00,0.0,0.0,0.0,0.0,0.0,0.0,0.0
2019-10-02 02:00:00,0.0,0.0,0.0,0.0,0.0,0.0,0.0
2019-10-02 03:00:00,0.0,0.0,0.0,0.0,0.0,0.0,0.0
2019-10-02 04:00:00,0.0,0.0,0.0,0.0,0.0,0.0,0.0
2019-10-02 05:00:00,0.0,0.0,0.0,0.0,0.0,0.0,0.0
2019-10-02 06:00:00,0.0,0.0,0.0,0.0,0.0,0.0,0.0
2019-10-02 07:00:00,258.301886792452,0.0,998.301886792453,0.0,0.0,518.930817610063,702.767295597484
2019-10-02 08:00:00,258.301886792452,702.767295597484,998.301886792453,4032.76729559748,186.163522012579,518.930817610063,702.767295597484
2019-10-02 09:00:00,258.301886792452,702.767295597484,998.301886792453,4032.76729559748,186.163522012579,518.930817610063,702.767295597484
2019-10-02 10:00:00,258.301886792452,702.767295597484,998.301886792453,4032.76729559748,186.163522012579,518.930817610063,702.767295597484
2019-10-02 11:00:00,258.301886792452,702.767295597484,998.301886792453,4032.76729559748,186.163522012579,518.930817610063,702.767295597484
2019-10-02 12:00:00,258.301886792452,702.767295597484,998.301886792453,4032.76729559748,186.163522012579,518.930817610063,702.767295597484
2019-10-02 13:00:00,258.301886792452,702.767295597484,998.301886792453,4032.76729559748,186.163522012579,518.930817610063,702.767295597484
2019-10-02 14:00:00,0.0,484.8719928291166,0.0,0.0,186.163522012579,0.0,0.0
2019-10-02 15:00:00,0.0,0.0,0.0,0.0,186.163522012579,0.0,0.0
2019-10-02 16:00:00,0.0,0.0,0.0,0.0,186.163522012579,0.0,0.0
2019-10-02 17:00:00,0.0,0.0,0.0,0.0,186.163522012579,0.0,0.0
2019-10-02 18:00:00,0.0,0.0,0.0,0.0,186.163522012579,0.0,0.0
2019-10-02 19:00:00,0.0,0.0,0.0,0.0,186.163522012579,0.0,0.0
2019-10-02 20:00:00,0.0,0.0,0.0,0.0,186.163522012579,0.0,0.0
2019-10-02 21:00:00,0.0,0.0,0.0,0.0,186.163522012579,0.0,0.0
2019-10-02 22:00:00,0.0,702.767295597484,0.0,449.15026548761216,0.0,0.0,0.0
2019-10-02 23:00:00,0.0,0.0,0.0,0.0,0.0,0.0,0.0
2019-10-03 00:00:00,0.0,702.767295597484,0.0,0.0,0.0,0.0,0.0
2019-10-03 01:00:00,0.0,0.0,0.0,0.0,0.0,0.0,0.0
2019-10-03 02:00:00,0.0,0.0,0.0,0.0,0.0,0.0,0.0
2019-10-03 03:00:00,0.0,0.0,0.0,0.0,0.0,0.0,0.0
2019-10-03 04:00:00,0.0,0.0,0.0,0.0,0.0,0.0,0.0
2019-10-03 05:00:00,0.0,0.0,0.0,0.0,0.0,0.0,0.0
2019-10-03 06:00:00,0.0,0.0,0.0,0.0,0.0,0.0,0.0
2019-10-03 07:00:00,0.0,702.767295597484,0.0,4032.76729559748,186.163522012579,0.0,0.0
2019-10-03 08:00:00,258.301886792452,702.767295597484,998.301886792453,4032.76729559748,0.0,518.930817610063,702.767295597484
2019-10-03 09:00:00,258.301886792452,702.767295597484,998.301886792453,4032.76729559748,186.163522012579,518.930817610063,702.767295597484
2019-10-03 10:00:00,258.301886792452,702.767295597484,998.301886792453,4032.76729559748,0.0,518.930817610063,702.767295597484
2019-10-03 11:00:00,258.301886792452,702.767295597484,998.301886792453,4032.76729559748,0.0,518.930817610063,702.767295597484
2019-10-03 12:00:00,258.301886792452,702.767295597484,998.301886792453,4032.76729559748,0.0,518.930817610063,702.767295597484
2019-10-03 13:00:00,258.301886792452,702.767295597484,998.301886792453,4032.76729559748,0.0,518.930817610063,702.767295597484
2019-10-03 14:00:00,258.301886792452,702.767295597484,998.301886792453,4032.76729559748,0.0,518.930817610063,702.767295597484
2019-10-03 15:00:00,258.301886792452,702.767295597484,998.301886792453,4032.76729559748,0.0,518.930817610063,702.767295597484
2019-10-03 16:00:00,258.301886792452,702.767295597484,998.301886792453,4032.76729559748,0.0,518.930817610063,702.767295597484
2019-10-03 17:00:00,258.301886792452,0.0,998.301886792453,0.0,0.0,0.0,702.767295597484
2019-10-03 18:00:00,0.0,0.0,998.301886792453,0.0,0.0,0.0,702.767295597484
2019-10-03 19:00:00,0.0,0.0,998.301886792453,0.0,0.0,0.0,0.0
2019-10-03 20:00:00,258.301886792452,0.0,0.0,0.0,0.0,0.0,702.767295597484
2019-10-03 21:00:00,0.0,0.0,0.0,0.0,0.0,0.0,0.0
2019-10-03 22:00:00,0.0,0.0,0.0,0.0,0.0,0.0,0.0
2019-10-03 23:00:00,0.0,0.0,0.0,0.0,0.0,0.0,0.0
2019-10-04 00:00:00,0.0,702.767295597484,0.0,0.0,0.0,0.0,702.767295597484
2019-10-04 01:00:00,0.0,702.767295597484,0.0,0.0,0.0,0.0,0.0
2019-10-04 02:00:00,0.0,0.0,0.0,0.0,0.0,0.0,0.0
2019-10-04 03:00:00,0.0,0.0,0.0,0.0,0.0,0.0,0.0
2019-10-04 04:00:00,0.0,0.0,0.0,0.0,0.0,0.0,0.0
2019-10-04 05:00:00,0.0,0.0,0.0,0.0,0.0,0.0,0.0
2019-10-04 06:00:00,258.301886792452,0.0,838.3046182636185,0.0,0.0,518.930817610063,702.767295597484
2019-10-04 07:00:00,258.301886792452,702.767295597484,998.301886792453,4032.76729559748,186.163522012579,518.930817610063,702.767295597484
2019-10-04 08:00:00,258.301886792452,702.767295597484,998.301886792453,4032.76729559748,186.163522012579,518.930817610063,702.767295597484
2019-10-04 09:00:00,258.301886792452,702.767295597484,998.301886792453,4032.76729559748,186.163522012579,518.930817610063,702.767295597484
2019-10-04 10:00:00,258.301886792452,702.767295597484,998.301886792453,4032.76729559748,186.163522012579,518.930817610063,702.767295597484
2019-10-04 11:00:00,258.301886792452,702.767295597484,998.301886792453,4032.76729559748,186.163522012579,518.930817610063,702.767295597484
2019-10-04 12:00:00,258.301886792452,702.767295597484,998.301886792453,4032.76729559748,186.163522012579,518.930817610063,702.767295597484
2019-10-04 13:00:00,258.301886792452,702.767295597484,998.301886792453,4032.76729559748,186.163522012579,518.930817610063,702.767295597484
2019-10-04 14:00:00,258.301886792452,702.767295597484,998.301886792453,4032.76729559748,186.163522012579,518.930817610063,702.767295597484
2019-10-04 15:00:00,258.301886792452,0.0,998.301886792453,0.0,186.163522012579,518.930817610063,702.767295597484
2019-10-04 16:00:00,0.0,0.0,0.0,0.0,186.163522012579,0.0,0.0
2019-10-04 17:00:00,0.0,0.0,0.0,0.0,186.163522012579,0.0,0.0
2019-10-04 18:00:00,0.0,0.0,0.0,0.0,186.163522012579,0.0,0.0
2019-10-04 19:00:00,0.0,0.0,0.0,0.0,186.163522012579,0.0,0.0
2019-10-04 20:00:00,0.0,0.0,0.0,0.0,186.163522012579,0.0,0.0
2019-10-04 21:00:00,0.0,0.0,0.0,0.0,186.163522012579,0.0,0.0
2019-10-04 22:00:00,0.0,0.0,0.0,0.0,186.163522012579,0.0,0.0
2019-10-04 23:00:00,0.0,0.0,0.0,0.0,186.163522012579,0.0,0.0
2019-10-05 00:00:00,0.0,0.0,0.0,0.0,186.163522012579,0.0,0.0
2019-10-05 01:00:00,0.0,702.767295597484,0.0,0.0,186.163522012579,0.0,0.0
2019-10-05 02:00:00,0.0,0.0,0.0,0.0,186.163522012579,0.0,0.0
2019-10-05 03:00:00,0.0,0.0,0.0,0.0,186.163522012579,0.0,0.0
2019-10-05 04:00:00,0.0,702.767295597484,0.0,0.0,186.163522012579,0.0,0.0
2019-10-05 05:00:00,0.0,0.0,0.0,0.0,186.163522012579,0.0,0.0
2019-10-05 06:00:00,0.0,0.0,0.0,0.0,186.163522012579,0.0,0.0
2019-10-05 07:00:00,258.301886792452,702.767295597484,998.301886792453,4032.76729559748,186.163522012579,518.930817610063,702.767295597484
2019-10-05 08:00:00,258.301886792452,702.767295597484,998.301886792453,4032.76729559748,186.163522012579,518.930817610063,702.767295597484
2019-10-05 09:00:00,258.301886792452,702.767295597484,998.301886792453,4032.76729559748,186.163522012579,518.930817610063,702.767295597484
2019-10-05 10:00:00,258.301886792452,702.767295597484,998.301886792453,4032.76729559748,186.163522012579,518.930817610063,702.767295597484
2019-10-05 11:00:00,258.301886792452,702.767295597484,998.301886792453,4032.76729559748,186.163522012579,518.930817610063,702.767295597484
2019-10-05 12:00:00,258.301886792452,702.767295597484,998.301886792453,4032.76729559748,186.163522012579,518.930817610063,702.767295597484
2019-10-05 13:00:00,258.301886792452,702.767295597484,998.301886792453,4032.76729559748,186.163522012579,518.930817610063,702.767295597484
2019-10-05 14:00:00,258.301886792452,702.767295597484,998.301886792453,4032.76729559748,186.163522012579,518.930817610063,702.767295597484
2019-10-05 15:00:00,0.0,0.0,0.0,0.0,186.163522012579,377.3742647165218,0.0
2019-10-05 16:00:00,0.0,0.0,0.0,0.0,186.163522012579,0.0,0.0
2019-10-05 17:00:00,0.0,0.0,0.0,0.0,186.163522012579,0.0,0.0
2019-10-05 18:00:00,0.0,0.0,0.0,0.0,186.163522012579,0.0,0.0
2019-10-05 19:00:00,0.0,0.0,0.0,0.0,186.163522012579,0.0,0.0
2019-10-05 20:00:00,0.0,0.0,0.0,0.0,186.163522012579,0.0,0.0
2019-10-05 21:00:00,0.0,0.0,0.0,0.0,186.163522012579,0.0,0.0
2019-10-05 22:00:00,0.0,0.0,0.0,0.0,186.163522012579,0.0,0.0
2019-10-05 23:00:00,0.0,0.0,0.0,1619.2230881425025,186.163522012579,0.0,0.0
2019-10-06 00:00:00,0.0,0.0,0.0,0.0,186.163522012579,0.0,0.0
2019-10-06 01:00:00,0.0,0.0,0.0,0.0,186.163522012579,0.0,0.0
2019-10-06 02:00:00,0.0,0.0,0.0,0.0,186.163522012579,0.0,0.0
2019-10-06 03:00:00,0.0,542.3730737426336,0.0,0.0,186.163522012579,0.0,0.0
2019-10-06 04:00:00,0.0,0.0,0.0,0.0,186.163522012579,0.0,0.0
2019-10-06 05:00:00,0.0,0.0,0.0,0.0,186.163522012579,0.0,0.0
2019-10-06 06:00:00,0.0,0.0,0.0,0.0,186.163522012579,0.0,0.0
2019-10-06 07:00:00,258.301886792452,702.767295597484,998.301886792453,4032.76729559748,186.163522012579,518.930817610063,702.767295597484
2019-10-06 08:00:00,258.301886792452,702.767295597484,998.301886792453,4032.76729559748,186.163522012579,518.930817610063,702.767295597484
2019-10-06 09:00:00,258.301886792452,702.767295597484,998.301886792453,4032.76729559748,186.163522012579,518.930817610063,702.767295597484
2019-10-06 10:00:00,258.301886792452,702.767295597484,998.301886792453,4032.76729559748,186.163522012579,518.930817610063,702.767295597484
2019-10-06 11:00:00,258.301886792452,702.767295597484,998.301886792453,4032.76729559748,186.163522012579,518.930817610063,702.767295597484
2019-10-06 12:00:00,258.301886792452,702.767295597484,998.301886792453,4032.76729559748,186.163522012579,518.930817610063,702.767295597484
2019-10-06 13:00:00,258.301886792452,702.767295597484,998.301886792453,4032.76729559748,186.163522012579,518.930817610063,702.767295597484
2019-10-06 14:00:00,258.301886792452,702.767295597484,998.301886792453,4032.76729559748,186.163522012579,518.930817610063,702.767295597484
2019-10-06 15:00:00,0.0,325.6413529388773,0.0,4032.76729559748,186.163522012579,0.0,0.0
2019-10-06 16:00:00,0.0,0.0,0.0,0.0,186.163522012579,0.0,0.0
2019-10-06 17:00:00,0.0,59.777523373667464,0.0,0.0,186.163522012579,0.0,0.0
2019-10-06 18:00:00,0.0,0.0,0.0,0.0,186.163522012579,0.0,0.0
2019-10-06 19:00:00,0.0,0.0,0.0,0.0,186.163522012579,0.0,0.0
2019-10-06 20:00:00,0.0,0.0,0.0,2979.105988510438,186.163522012579,0.0,0.0
2019-10-06 21:00:00,0.0,0.0,0.0,0.0,186.163522012579,0.0,0.0
2019-10-06 22:00:00,0.0,0.0,0.0,0.0,186.163522012579,0.0,0.0
2019-10-06 23:00:00,0.0,0.0,0.0,0.0,186.163522012579,0.0,0.0
2019-10-07 00:00:00,0.0,0.0,0.0,0.0,186.163522012579,0.0,0.0
2019-10-07 01:00:00,0.0,163.3171400666688,0.0,0.0,186.163522012579,0.0,0.0
2019-10-07 02:00:00,0.0,0.0,0.0,0.0,186.163522012579,0.0,0.0
2019-10-07 03:00:00,0.0,0.0,0.0,0.0,186.163522012579,0.0,0.0
2019-10-07 04:00:00,0.0,702.767295597484,0.0,0.0,186.163522012579,0.0,0.0
2019-10-07 05:00:00,0.0,0.0,0.0,0.0,186.163522012579,0.0,0.0
2019-10-07 06:00:00,0.0,0.0,0.0,0.0,186.163522012579,0.0,0.0
2019-10-07 07:00:00,0.0,0.0,0.0,0.0,186.163522012579,0.0,0.0
2019-10-07 08:00:00,0.0,702.767295597484,0.0,4032.76729559748,186.163522012579,0.0,0.0
2019-10-07 09:00:00,258.301886792452,702.767295597484,998.301886792453,4032.76729559748,186.163522012579,518.930817610063,702.767295597484
2019-10-07 10:00:00,258.301886792452,702.767295597484,998.301886792453,4032.76729559748,186.163522012579,518.930817610063,702.767295597484
2019-10-07 11:00:00,258.301886792452,702.767295597484,998.301886792453,4032.76729559748,186.163522012579,518.930817610063,702.767295597484
2019-10-07 12:00:00,258.301886792452,702.767295597484,998.301886792453,4032.76729559748,186.163522012579,518.930817610063,702.767295597484
2019-10-07 13:00:00,258.301886792452,702.767295597484,998.301886792453,4032.76729559748,186.163522012579,518.930817610063,702.767295597484
2019-10-07 14:00:00,258.301886792452,702.767295597484,998.301886792453,4032.76729559748,186.163522012579,518.930817610063,702.767295597484
2019-10-07 15:00:00,0.0,0.0,0.0,1017.3273799419403,186.163522012579,0.0,0.0
2019-10-07 16:00:00,0.0,0.0,0.0,0.0,186.163522012579,0.0,0.0
2019-10-07 17:00:00,0.0,0.0,0.0,0.0,186.163522012579,0.0,0.0
2019-10-07 18:00:00,0.0,0.0,0.0,0.0,186.163522012579,0.0,0.0
2019-10-07 19:00:00,0.0,0.0,0.0,0.0,186.163522012579,0.0,0.0
2019-10-07 20:00:00,0.0,0.0,0.0,0.0,186.163522012579,0.0,0.0
2019-10-07 21:00:00,0.0,0.0,0.0,0.0,186.163522012579,0.0,0.0
2019-10-07 22:00:00,0.0,0.0,0.0,0.0,0.0,0.0,0.0
2019-10-07 23:00:00,0.0,0.0,0.0,0.0,0.0,0.0,0.0
2019-10-08 00:00:00,0.0,702.767295597484,998.301886792453,3135.4128021110664,0.0,0.0,0.0
2019-10-08 01:00:00,258.301886792452,702.767295597484,268.9743446355542,3394.187248142123,0.0,0.0,0.0
2019-10-08 02:00:00,0.0,86.57981261325313,726.9287271948428,0.0,0.0,0.0,702.767295597484
2019-10-08 03:00:00,0.0,0.0,998.301886792453,2275.0241988966427,0.0,0.0,702.767295597484
2019-10-08 04:00:00,0.0,0.0,857.1821026326693,3569.5111604852177,0.0,0.0,0.0
2019-10-08 05:00:00,0.0,0.0,0.0,0.0,0.0,0.0,0.0
2019-10-08 06:00:00,258.301886792452,0.0,998.301886792453,0.0,0.0,518.930817610063,702.767295597484
2019-10-08 07:00:00,258.301886792452,702.767295597484,998.301886792453,4032.76729559748,0.0,518.930817610063,702.767295597484
2019-10-08 08:00:00,258.301886792452,702.767295597484,998.301886792453,4032.76729559748,186.163522012579,518.930817610063,702.767295597484
2019-10-08 09:00:00,258.301886792452,702.767295597484,998.301886792453,4032.76729559748,186.163522012579,518.930817610063,702.767295597484
2019-10-08 10:00:00,258.301886792452,702.767295597484,998.301886792453,4032.76729559748,186.163522012579,518.930817610063,702.767295597484
2019-10-08 11:00:00,258.301886792452,702.767295597484,998.301886792453,4032.76729559748,186.163522012579,518.930817610063,702.767295597484
2019-10-08 12:00:00,258.301886792452,702.767295597484,998.301886792453,4032.76729559748,186.163522012579,518.930817610063,702.767295597484
2019-10-08 13:00:00,258.301886792452,702.767295597484,998.301886792453,4032.76729559748,186.163522012579,518.930817610063,702.767295597484
2019-10-08 14:00:00,258.301886792452,702.767295597484,998.301886792453,4032.76729559748,0.0,518.930817610063,702.767295597484
2019-10-08 15:00:00,0.0,0.0,0.0,0.0,0.0,0.0,0.0
2019-10-08 16:00:00,0.0,0.0,0.0,0.0,0.0,0.0,0.0
2019-10-08 17:00:00,0.0,0.0,0.0,0.0,0.0,0.0,0.0
2019-10-08 18:00:00,0.0,0.0,0.0,0.0,0.0,0.0,0.0
2019-10-08 19:00:00,0.0,0.0,0.0,0.0,0.0,0.0,0.0
2019-10-08 20:00:00,0.0,0.0,0.0,0.0,0.0,0.0,0.0
2019-10-08 21:00:00,0.0,0.0,0.0,8.599109109257483,0.0,0.0,0.0
2019-10-08 22:00:00,0.0,0.0,0.0,0.0,0.0,0.0,0.0
2019-10-08 23:00:00,0.0,0.0,0.0,0.0,0.0,0.0,0.0
2019-10-09 00:00:00,0.0,0.0,0.0,0.0,0.0,0.0,0.0
2019-10-09 01:00:00,0.0,0.0,0.0,0.0,0.0,0.0,0.0
2019-10-09 02:00:00,0.0,702.767295597484,0.0,0.0,0.0,0.0,0.0
2019-10-09 03:00:00,0.0,702.767295597484,0.0,0.0,0.0,0.0,0.0
2019-10-09 04:00:00,0.0,0.0,0.0,0.0,0.0,0.0,0.0
2019-10-09 05:00:00,0.0,0.0,0.0,0.0,0.0,0.0,0.0
2019-10-09 06:00:00,0.0,0.0,0.0,0.0,0.0,0.0,0.0
2019-10-09 07:00:00,258.301886792452,702.767295597484,998.301886792453,715.3004086880023,0.0,518.930817610063,702.767295597484
2019-10-09 08:00:00,258.301886792452,702.767295597484,998.301886792453,4032.76729559748,0.0,518.930817610063,702.767295597484
2019-10-09 09:00:00,258.301886792452,702.767295597484,998.301886792453,4032.76729559748,0.0,518.930817610063,702.767295597484
2019-10-09 10:00:00,258.301886792452,702.767295597484,998.301886792453,4032.76729559748,0.0,518.930817610063,702.767295597484
2019-10-09 11:00:00,258.301886792452,702.767295597484,998.301886792453,4032.76729559748,0.0,518.930817610063,702.767295597484
2019-10-09 12:00:00,258.301886792452,702.767295597484,998.301886792453,1819.9956169434558,0.0,518.930817610063,702.767295597484
2019-10-09 13:00:00,258.301886792452,702.767295597484,998.301886792453,0.0,0.0,518.930817610063,702.767295597484
2019-10-09 14:00:00,258.301886792452,0.0,998.301886792453,0.0,0.0,210.2236517182048,702.767295597484
2019-10-09 15:00:00,0.0,0.0,0.0,849.9683831944544,0.0,0.0,0.0
2019-10-09 16:00:00,0.0,0.0,0.0,0.0,0.0,0.0,0.0
2019-10-09 17:00:00,0.0,0.0,0.0,0.0,0.0,0.0,0.0
2019-10-09 18:00:00,0.0,0.0,0.0,0.0,0.0,0.0,0.0
2019-10-09 19:00:00,0.0,0.0,0.0,0.0,0.0,0.0,0.0
2019-10-09 20:00:00,0.0,0.0,0.0,0.0,0.0,0.0,0.0
2019-10-09 21:00:00,0.0,0.0,0.0,0.0,0.0,0.0,0.0
2019-10-09 22:00:00,0.0,702.767295597484,0.0,0.0,0.0,0.0,0.0
2019-10-09 23:00:00,0.0,0.0,0.0,0.0,0.0,0.0,0.0
2019-10-10 00:00:00,0.0,0.0,0.0,0.0,0.0,0.0,0.0
2019-10-10 01:00:00,0.0,0.0,0.0,0.0,0.0,0.0,0.0
2019-10-10 02:00:00,0.0,702.767295597484,0.0,0.0,0.0,0.0,0.0
2019-10-10 03:00:00,0.0,0.0,0.0,0.0,0.0,0.0,0.0
2019-10-10 04:00:00,0.0,0.0,0.0,0.0,0.0,0.0,0.0
2019-10-10 05:00:00,0.0,0.0,0.0,0.0,0.0,0.0,0.0
2019-10-10 06:00:00,0.0,0.0,0.0,0.0,0.0,0.0,0.0
2019-10-10 07:00:00,258.301886792452,702.767295597484,998.301886792453,9.831935317423358,186.163522012579,518.930817610063,702.767295597484
2019-10-10 08:00:00,258.301886792452,702.767295597484,998.301886792453,4032.76729559748,186.163522012579,518.930817610063,702.767295597484
2019-10-10 09:00:00,258.301886792452,702.767295597484,998.301886792453,4032.76729559748,186.163522012579,518.930817610063,702.767295597484
2019-10-10 10:00:00,258.301886792452,702.767295597484,998.301886792453,4032.76729559748,186.163522012579,518.930817610063,702.767295597484
2019-10-10 11:00:00,258.301886792452,702.767295597484,998.301886792453,4032.76729559748,186.163522012579,518.930817610063,702.767295597484
2019-10-10 12:00:00,258.301886792452,702.767295597484,998.301886792453,4032.76729559748,186.163522012579,518.930817610063,702.767295597484
2019-10-10 13:00:00,258.301886792452,702.767295597484,998.301886792453,4032.76729559748,186.163522012579,518.930817610063,702.767295597484
2019-10-10 14:00:00,0.0,702.767295597484,998.301886792453,4032.76729559748,186.163522012579,518.930817610063,0.0
2019-10-10 15:00:00,0.0,0.0,0.0,0.0,186.163522012579,0.0,0.0
2019-10-10 16:00:00,0.0,0.0,0.0,0.0,186.163522012579,0.0,0.0
2019-10-10 17:00:00,0.0,0.0,0.0,0.0,0.0,0.0,0.0
2019-10-10 18:00:00,0.0,0.0,0.0,0.0,0.0,0.0,0.0
2019-10-10 19:00:00,0.0,0.0,0.0,0.0,0.0,0.0,0.0
2019-10-10 20:00:00,0.0,0.0,0.0,0.0,0.0,0.0,0.0
2019-10-10 21:00:00,0.0,0.0,0.0,0.0,0.0,0.0,0.0
2019-10-10 22:00:00,0.0,0.0,0.0,0.0,0.0,0.0,0.0
2019-10-10 23:00:00,0.0,0.0,0.0,0.0,0.0,0.0,0.0
2019-10-11 00:00:00,0.0,0.0,0.0,0.0,0.0,0.0,0.0
2019-10-11 01:00:00,0.0,702.767295597484,0.0,1457.3121600025368,0.0,0.0,0.0
2019-10-11 02:00:00,0.0,0.0,0.0,0.0,0.0,0.0,0.0
2019-10-11 03:00:00,0.0,0.0,0.0,0.0,0.0,0.0,0.0
2019-10-11 04:00:00,0.0,0.0,0.0,0.0,0.0,0.0,0.0
2019-10-11 05:00:00,0.0,0.0,0.0,0.0,0.0,0.0,0.0
2019-10-11 06:00:00,0.0,0.0,0.0,0.0,0.0,0.0,0.0
2019-10-11 07:00:00,0.0,702.767295597484,0.0,4032.76729559748,0.0,0.0,0.0
2019-10-11 08:00:00,258.301886792452,702.767295597484,998.301886792453,4032.76729559748,0.0,518.930817610063,702.767295597484
2019-10-11 09:00:00,258.301886792452,702.767295597484,998.301886792453,4032.76729559748,0.0,518.930817610063,702.767295597484
2019-10-11 10:00:00,258.301886792452,702.767295597484,998.301886792453,4032.76729559748,186.163522012579,518.930817610063,702.767295597484
2019-10-11 11:00:00,258.301886792452,702.767295597484,998.301886792453,4032.76729559748,186.163522012579,518.930817610063,702.767295597484
2019-10-11 12:00:00,258.301886792452,702.767295597484,998.301886792453,4032.76729559748,0.0,518.930817610063,702.767295597484
2019-10-11 13:00:00,258.301886792452,702.767295597484,998.301886792453,4032.76729559748,0.0,518.930817610063,702.767295597484
2019-10-11 14:00:00,0.0,702.767295597484,0.0,4032.76729559748,0.0,0.0,0.0
2019-10-11 15:00:00,0.0,0.0,0.0,0.0,0.0,0.0,0.0
2019-10-11 16:00:00,0.0,0.0,0.0,0.0,0.0,0.0,0.0
2019-10-11 17:00:00,0.0,0.0,0.0,0.0,0.0,0.0,0.0
2019-10-11 18:00:00,0.0,0.0,0.0,0.0,0.0,0.0,0.0
2019-10-11 19:00:00,0.0,0.0,0.0,0.0,0.0,0.0,0.0
2019-10-11 20:00:00,0.0,0.0,0.0,0.0,0.0,0.0,0.0
2019-10-11 21:00:00,0.0,0.0,0.0,0.0,0.0,0.0,0.0
2019-10-11 22:00:00,0.0,0.0,0.0,0.0,0.0,0.0,0.0
2019-10-11 23:00:00,0.0,0.0,0.0,0.0,0.0,0.0,0.0
2019-10-12 00:00:00,0.0,0.0,0.0,0.0,0.0,0.0,0.0
2019-10-12 01:00:00,0.0,0.0,0.0,0.0,0.0,0.0,0.0
2019-10-12 02:00:00,0.0,0.0,0.0,0.0,0.0,0.0,0.0
2019-10-12 03:00:00,0.0,0.0,0.0,0.0,0.0,0.0,0.0
2019-10-12 04:00:00,0.0,0.0,0.0,0.0,0.0,0.0,0.0
2019-10-12 05:00:00,0.0,0.0,0.0,0.0,0.0,0.0,0.0
2019-10-12 06:00:00,0.0,0.0,0.0,0.0,0.0,0.0,0.0
2019-10-12 07:00:00,258.301886792452,702.767295597484,998.301886792453,4032.76729559748,0.0,518.930817610063,702.767295597484
2019-10-12 08:00:00,258.301886792452,702.767295597484,998.301886792453,4032.76729559748,186.163522012579,518.930817610063,702.767295597484
2019-10-12 09:00:00,258.301886792452,702.767295597484,998.301886792453,4032.76729559748,186.163522012579,518.930817610063,702.767295597484
2019-10-12 10:00:00,258.301886792452,702.767295597484,998.301886792453,4032.76729559748,186.163522012579,518.930817610063,702.767295597484
2019-10-12 11:00:00,258.301886792452,702.767295597484,998.301886792453,4032.76729559748,186.163522012579,518.930817610063,702.767295597484
2019-10-12 12:00:00,258.301886792452,702.767295597484,998.301886792453,4032.76729559748,186.163522012579,518.930817610063,702.767295597484
2019-10-12 13:00:00,258.301886792452,702.767295597484,998.301886792453,4032.76729559748,186.163522012579,518.930817610063,702.767295597484
2019-10-12 14:00:00,258.301886792452,702.767295597484,998.301886792453,4032.76729559748,0.0,518.930817610063,702.767295597484
2019-10-12 15:00:00,0.0,0.0,0.0,0.0,0.0,0.0,0.0
2019-10-12 16:00:00,0.0,0.0,0.0,0.0,0.0,0.0,0.0
2019-10-12 17:00:00,0.0,0.0,0.0,0.0,0.0,0.0,0.0
2019-10-12 18:00:00,0.0,0.0,0.0,0.0,0.0,0.0,0.0
2019-10-12 19:00:00,0.0,0.0,0.0,0.0,0.0,0.0,0.0
2019-10-12 20:00:00,0.0,0.0,0.0,0.0,0.0,0.0,0.0
2019-10-12 21:00:00,0.0,0.0,0.0,0.0,0.0,0.0,0.0
2019-10-12 22:00:00,0.0,0.0,0.0,0.0,0.0,0.0,0.0
2019-10-12 23:00:00,0.0,0.0,0.0,0.0,0.0,0.0,0.0
2019-10-13 00:00:00,0.0,0.0,0.0,0.0,0.0,0.0,0.0
2019-10-13 01:00:00,0.0,0.0,0.0,0.0,0.0,0.0,0.0
2019-10-13 02:00:00,0.0,0.0,0.0,0.0,0.0,0.0,0.0
2019-10-13 03:00:00,0.0,0.0,0.0,0.0,0.0,0.0,0.0
2019-10-13 04:00:00,0.0,0.0,0.0,0.0,0.0,0.0,0.0
2019-10-13 05:00:00,0.0,0.0,0.0,0.0,0.0,0.0,0.0
2019-10-13 06:00:00,0.0,0.0,0.0,0.0,0.0,0.0,0.0
2019-10-13 07:00:00,258.301886792452,702.767295597484,998.301886792453,4032.76729559748,0.0,518.930817610063,702.767295597484
2019-10-13 08:00:00,258.301886792452,702.767295597484,998.301886792453,4032.76729559748,186.163522012579,518.930817610063,702.767295597484
2019-10-13 09:00:00,258.301886792452,702.767295597484,998.301886792453,4032.76729559748,186.163522012579,518.930817610063,702.767295597484
2019-10-13 10:00:00,258.301886792452,702.767295597484,998.301886792453,4032.76729559748,186.163522012579,518.930817610063,702.767295597484
2019-10-13 11:00:00,258.301886792452,702.767295597484,998.301886792453,4032.76729559748,186.163522012579,518.930817610063,702.767295597484
2019-10-13 12:00:00,258.301886792452,702.767295597484,998.301886792453,4032.76729559748,186.163522012579,518.930817610063,702.767295597484
2019-10-13 13:00:00,258.301886792452,702.767295597484,998.301886792453,4032.76729559748,186.163522012579,518.930817610063,702.767295597484
2019-10-13 14:00:00,258.301886792452,702.767295597484,998.301886792453,4032.76729559748,0.0,518.930817610063,702.767295597484
2019-10-13 15:00:00,0.0,0.0,0.0,0.0,0.0,0.0,0.0
2019-10-13 16:00:00,0.0,0.0,0.0,0.0,0.0,0.0,0.0
2019-10-13 17:00:00,0.0,0.0,0.0,0.0,0.0,0.0,0.0
2019-10-13 18:00:00,0.0,0.0,0.0,0.0,0.0,0.0,0.0
2019-10-13 19:00:00,0.0,0.0,0.0,0.0,0.0,0.0,0.0
2019-10-13 20:00:00,0.0,0.0,0.0,0.0,0.0,0.0,0.0
2019-10-13 21:00:00,0.0,0.0,0.0,0.0,0.0,0.0,0.0
2019-10-13 22:00:00,0.0,0.0,0.0,0.0,0.0,0.0,0.0
2019-10-13 23:00:00,0.0,0.0,0.0,3277.806459418905,0.0,0.0,0.0
2019-10-14 00:00:00,0.0,0.0,0.0,4032.76729559748,0.0,0.0,0.0
2019-10-14 01:00:00,0.0,209.28459901970473,0.0,0.0,0.0,0.0,0.0
2019-10-14 02:00:00,0.0,0.0,0.0,0.0,0.0,0.0,0.0
2019-10-14 03:00:00,0.0,0.0,0.0,0.0,0.0,0.0,0.0
2019-10-14 04:00:00,0.0,0.0,0.0,0.0,0.0,0.0,0.0
2019-10-14 05:00:00,0.0,0.0,0.0,0.0,0.0,0.0,0.0
2019-10-14 06:00:00,0.0,0.0,0.0,0.0,0.0,0.0,0.0
2019-10-14 07:00:00,0.0,702.767295597484,998.301886792453,4032.76729559748,0.0,0.0,653.0756287453787
2019-10-14 08:00:00,258.301886792452,702.767295597484,998.301886792453,4032.76729559748,0.0,518.930817610063,702.767295597484
2019-10-14 09:00:00,258.301886792452,702.767295597484,998.301886792453,4032.76729559748,0.0,518.930817610063,702.767295597484
2019-10-14 10:00:00,258.301886792452,702.767295597484,998.301886792453,4032.76729559748,186.163522012579,518.930817610063,702.767295597484
2019-10-14 11:00:00,258.301886792452,702.767295597484,998.301886792453,4032.76729559748,186.163522012579,518.930817610063,702.767295597484
2019-10-14 12:00:00,258.301886792452,702.767295597484,998.301886792453,4032.76729559748,0.0,518.930817610063,702.767295597484
2019-10-14 13:00:00,258.301886792452,702.767295597484,998.301886792453,4032.76729559748,0.0,518.930817610063,702.767295597484
2019-10-14 14:00:00,0.0,702.767295597484,0.0,4032.76729559748,0.0,0.0,0.0
2019-10-14 15:00:00,0.0,0.0,0.0,0.0,0.0,0.0,0.0
2019-10-14 16:00:00,0.0,0.0,0.0,0.0,0.0,0.0,0.0
2019-10-14 17:00:00,0.0,0.0,0.0,0.0,0.0,0.0,0.0
2019-10-14 18:00:00,0.0,0.0,0.0,0.0,0.0,0.0,0.0
2019-10-14 19:00:00,0.0,0.0,0.0,0.0,0.0,0.0,0.0
2019-10-14 20:00:00,0.0,0.0,0.0,0.0,0.0,0.0,0.0
2019-10-14 21:00:00,0.0,0.0,0.0,0.0,0.0,0.0,0.0
2019-10-14 22:00:00,0.0,0.0,0.0,0.0,0.0,0.0,0.0
2019-10-14 23:00:00,0.0,0.0,0.0,0.0,0.0,0.0,0.0
2019-10-15 00:00:00,0.0,0.0,0.0,4032.76729559748,0.0,0.0,0.0
2019-10-15 01:00:00,0.0,702.767295597484,0.0,615.0762948351239,0.0,0.0,0.0
2019-10-15 02:00:00,0.0,702.767295597484,0.0,0.0,0.0,0.0,0.0
2019-10-15 03:00:00,0.0,0.0,0.0,0.0,0.0,0.0,0.0
2019-10-15 04:00:00,0.0,0.0,0.0,4032.76729559748,0.0,0.0,0.0
2019-10-15 05:00:00,0.0,654.2808246040854,0.0,0.0,0.0,0.0,0.0
2019-10-15 06:00:00,0.0,0.0,0.0,0.0,0.0,0.0,0.0
2019-10-15 07:00:00,258.301886792452,205.22651050235618,998.301886792453,0.0,0.0,518.930817610063,702.767295597484
2019-10-15 08:00:00,258.301886792452,702.767295597484,998.301886792453,4032.76729559748,186.163522012579,518.930817610063,702.767295597484
2019-10-15 09:00:00,258.301886792452,702.767295597484,998.301886792453,4032.76729559748,38.39355648808091,518.930817610063,702.767295597484
2019-10-15 10:00:00,258.301886792452,702.767295597484,998.301886792453,4032.76729559748,186.163522012579,518.930817610063,702.767295597484
2019-10-15 11:00:00,258.301886792452,702.767295597484,998.301886792453,4032.76729559748,186.163522012579,518.930817610063,702.767295597484
2019-10-15 12:00:00,258.301886792452,702.767295597484,998.301886792453,4032.76729559748,186.163522012579,518.930817610063,702.767295597484
2019-10-15 13:00:00,258.301886792452,0.0,998.301886792453,1796.8276565478054,186.163522012579,518.930817610063,702.767295597484
2019-10-15 14:00:00,0.0,0.0,0.0,2283.667573491417,186.163522012579,0.0,0.0
2019-10-15 15:00:00,0.0,0.0,0.0,0.0,186.163522012579,0.0,0.0
2019-10-15 16:00:00,0.0,0.0,0.0,0.0,186.163522012579,0.0,0.0
2019-10-15 17:00:00,0.0,0.0,0.0,0.0,186.163522012579,0.0,0.0
2019-10-15 18:00:00,0.0,0.0,0.0,0.0,186.163522012579,0.0,0.0
2019-10-15 19:00:00,0.0,0.0,0.0,0.0,186.163522012579,0.0,0.0
2019-10-15 20:00:00,0.0,0.0,0.0,0.0,186.163522012579,0.0,0.0
2019-10-15 21:00:00,0.0,702.767295597484,0.0,0.0,186.163522012579,0.0,0.0
2019-10-15 22:00:00,0.0,702.767295597484,0.0,0.0,186.163522012579,0.0,0.0
2019-10-15 23:00:00,0.0,0.0,0.0,0.0,186.163522012579,0.0,0.0
2019-10-16 00:00:00,0.0,0.0,0.0,0.0,186.163522012579,0.0,0.0
2019-10-16 01:00:00,0.0,0.0,0.0,0.0,186.163522012579,0.0,0.0
2019-10-16 02:00:00,0.0,0.0,0.0,0.0,186.163522012579,0.0,0.0
2019-10-16 03:00:00,0.0,0.0,0.0,0.0,186.163522012579,0.0,0.0
2019-10-16 04:00:00,0.0,0.0,0.0,0.0,186.163522012579,0.0,0.0
2019-10-16 05:00:00,0.0,0.0,0.0,0.0,186.163522012579,0.0,0.0
2019-10-16 06:00:00,0.0,0.0,0.0,0.0,186.163522012579,0.0,0.0
2019-10-16 07:00:00,0.0,8.8183248685109,0.0,2053.106939279041,186.163522012579,0.0,0.0
2019-10-16 08:00:00,258.301886792452,702.767295597484,998.301886792453,4032.76729559748,186.163522012579,518.930817610063,702.767295597484
2019-10-16 09:00:00,258.301886792452,702.767295597484,998.301886792453,4032.76729559748,186.163522012579,518.930817610063,702.767295597484
2019-10-16 10:00:00,258.301886792452,702.767295597484,998.301886792453,4032.76729559748,186.163522012579,518.930817610063,702.767295597484
2019-10-16 11:00:00,258.301886792452,702.767295597484,998.301886792453,4032.76729559748,186.163522012579,518.930817610063,702.767295597484
2019-10-16 12:00:00,258.301886792452,702.767295597484,998.301886792453,4032.76729559748,186.163522012579,518.930817610063,702.767295597484
2019-10-16 13:00:00,258.301886792452,702.767295597484,998.301886792453,4032.76729559748,186.163522012579,518.930817610063,702.767295597484
2019-10-16 14:00:00,0.0,702.767295597484,0.0,4032.76729559748,186.163522012579,0.0,0.0
2019-10-16 15:00:00,0.0,0.0,0.0,0.0,0.0,0.0,0.0
2019-10-16 16:00:00,0.0,0.0,0.0,0.0,0.0,0.0,0.0
2019-10-16 17:00:00,0.0,0.0,0.0,0.0,0.0,0.0,0.0
2019-10-16 18:00:00,0.0,0.0,0.0,0.0,0.0,0.0,0.0
2019-10-16 19:00:00,0.0,0.0,0.0,0.0,0.0,0.0,0.0
2019-10-16 20:00:00,0.0,0.0,0.0,0.0,0.0,0.0,0.0
2019-10-16 21:00:00,0.0,0.0,0.0,0.0,0.0,0.0,0.0
2019-10-16 22:00:00,0.0,0.0,0.0,0.0,0.0,0.0,0.0
2019-10-16 23:00:00,0.0,0.0,0.0,0.0,0.0,0.0,0.0
2019-10-17 00:00:00,0.0,0.0,0.0,0.0,0.0,0.0,0.0
2019-10-17 01:00:00,0.0,0.0,0.0,0.0,0.0,0.0,0.0
2019-10-17 02:00:00,0.0,0.0,0.0,0.0,0.0,0.0,0.0
2019-10-17 03:00:00,0.0,0.0,0.0,0.0,0.0,0.0,0.0
2019-10-17 04:00:00,0.0,0.0,0.0,0.0,0.0,0.0,0.0
2019-10-17 05:00:00,0.0,0.0,0.0,0.0,0.0,0.0,0.0
2019-10-17 06:00:00,0.0,0.0,0.0,0.0,0.0,0.0,0.0
2019-10-17 07:00:00,0.0,702.767295597484,0.0,4032.76729559748,0.0,0.0,0.0
2019-10-17 08:00:00,258.301886792452,702.767295597484,998.301886792453,4032.76729559748,0.0,518.930817610063,702.767295597484
2019-10-17 09:00:00,258.301886792452,702.767295597484,998.301886792453,4032.76729559748,0.0,518.930817610063,702.767295597484
2019-10-17 10:00:00,258.301886792452,702.767295597484,998.301886792453,4032.76729559748,0.0,518.930817610063,702.767295597484
2019-10-17 11:00:00,258.301886792452,702.767295597484,998.301886792453,4032.76729559748,186.163522012579,518.930817610063,702.767295597484
2019-10-17 12:00:00,258.301886792452,702.767295597484,998.301886792453,4032.76729559748,0.0,518.930817610063,702.767295597484
2019-10-17 13:00:00,258.301886792452,702.767295597484,998.301886792453,4032.76729559748,0.0,518.930817610063,702.767295597484
2019-10-17 14:00:00,0.0,702.767295597484,0.0,4032.76729559748,0.0,0.0,0.0
2019-10-17 15:00:00,0.0,0.0,0.0,0.0,0.0,0.0,0.0
2019-10-17 16:00:00,0.0,0.0,0.0,0.0,0.0,0.0,0.0
2019-10-17 17:00:00,0.0,0.0,0.0,0.0,0.0,0.0,0.0
2019-10-17 18:00:00,0.0,0.0,0.0,0.0,0.0,0.0,0.0
2019-10-17 19:00:00,0.0,0.0,0.0,0.0,0.0,0.0,0.0
2019-10-17 20:00:00,0.0,0.0,0.0,0.0,0.0,0.0,0.0
2019-10-17 21:00:00,0.0,0.0,0.0,0.0,0.0,0.0,0.0
2019-10-17 22:00:00,0.0,0.0,0.0,0.0,0.0,0.0,0.0
2019-10-17 23:00:00,0.0,0.0,0.0,0.0,0.0,0.0,0.0
2019-10-18 00:00:00,0.0,0.0,0.0,0.0,0.0,0.0,0.0
2019-10-18 01:00:00,0.0,0.0,0.0,0.0,0.0,0.0,0.0
2019-10-18 02:00:00,0.0,0.0,0.0,0.0,0.0,0.0,0.0
2019-10-18 03:00:00,0.0,0.0,0.0,0.0,0.0,0.0,0.0
2019-10-18 04:00:00,0.0,0.0,0.0,0.0,0.0,0.0,0.0
2019-10-18 05:00:00,0.0,0.0,0.0,0.0,0.0,0.0,0.0
2019-10-18 06:00:00,0.0,0.0,0.0,0.0,0.0,0.0,0.0
2019-10-18 07:00:00,0.0,0.0,0.0,0.0,0.0,0.0,0.0
2019-10-18 08:00:00,258.301886792452,702.767295597484,998.301886792453,4032.76729559748,0.0,518.930817610063,702.767295597484
2019-10-18 09:00:00,258.301886792452,702.767295597484,998.301886792453,4032.76729559748,0.0,518.930817610063,702.767295597484
2019-10-18 10:00:00,258.301886792452,702.767295597484,998.301886792453,4032.76729559748,0.0,518.930817610063,702.767295597484
2019-10-18 11:00:00,258.301886792452,702.767295597484,998.301886792453,4032.76729559748,0.0,518.930817610063,702.767295597484
2019-10-18 12:00:00,258.301886792452,702.767295597484,998.301886792453,4032.76729559748,0.0,518.930817610063,702.767295597484
2019-10-18 13:00:00,258.301886792452,702.767295597484,998.301886792453,4032.76729559748,0.0,518.930817610063,702.767295597484
2019-10-18 14:00:00,0.0,0.0,0.0,0.0,0.0,0.0,0.0
2019-10-18 15:00:00,0.0,0.0,0.0,0.0,0.0,0.0,0.0
2019-10-18 16:00:00,0.0,0.0,0.0,0.0,0.0,0.0,0.0
2019-10-18 17:00:00,0.0,0.0,0.0,0.0,0.0,0.0,0.0
2019-10-18 18:00:00,0.0,0.0,0.0,0.0,0.0,0.0,0.0
2019-10-18 19:00:00,0.0,0.0,0.0,0.0,0.0,0.0,0.0
2019-10-18 20:00:00,0.0,0.0,0.0,0.0,0.0,0.0,0.0
2019-10-18 21:00:00,0.0,0.0,0.0,0.0,0.0,0.0,0.0
2019-10-18 22:00:00,0.0,0.0,0.0,0.0,0.0,0.0,0.0
2019-10-18 23:00:00,0.0,0.0,0.0,0.0,0.0,0.0,0.0
2019-10-19 00:00:00,0.0,0.0,0.0,0.0,0.0,0.0,0.0
2019-10-19 01:00:00,0.0,0.0,0.0,0.0,0.0,0.0,0.0
2019-10-19 02:00:00,0.0,0.0,0.0,0.0,0.0,0.0,0.0
2019-10-19 03:00:00,0.0,0.0,0.0,0.0,0.0,0.0,0.0
2019-10-19 04:00:00,0.0,0.0,0.0,0.0,0.0,0.0,0.0
2019-10-19 05:00:00,0.0,0.0,0.0,0.0,0.0,0.0,0.0
2019-10-19 06:00:00,0.0,0.0,0.0,0.0,0.0,0.0,0.0
2019-10-19 07:00:00,258.301886792452,702.767295597484,998.301886792453,2171.7482967265387,0.0,518.930817610063,702.767295597484
2019-10-19 08:00:00,258.301886792452,702.767295597484,998.301886792453,4032.76729559748,0.0,518.930817610063,702.767295597484
2019-10-19 09:00:00,258.301886792452,702.767295597484,998.301886792453,4032.76729559748,0.0,518.930817610063,702.767295597484
2019-10-19 10:00:00,258.301886792452,702.767295597484,998.301886792453,4032.76729559748,0.0,518.930817610063,702.767295597484
2019-10-19 11:00:00,258.301886792452,702.767295597484,998.301886792453,4032.76729559748,0.0,518.930817610063,702.767295597484
2019-10-19 12:00:00,258.301886792452,702.767295597484,998.301886792453,4032.76729559748,0.0,518.930817610063,702.767295597484
2019-10-19 13:00:00,258.301886792452,702.767295597484,998.301886792453,4032.76729559748,0.0,518.930817610063,702.767295597484
2019-10-19 14:00:00,258.301886792452,702.767295597484,998.301886792453,4032.76729559748,0.0,518.930817610063,702.767295597484
2019-10-19 15:00:00,0.0,0.0,0.0,0.0,0.0,0.0,0.0
2019-10-19 16:00:00,0.0,0.0,0.0,0.0,0.0,0.0,0.0
2019-10-19 17:00:00,0.0,0.0,0.0,0.0,0.0,0.0,0.0
2019-10-19 18:00:00,0.0,0.0,0.0,0.0,0.0,0.0,0.0
2019-10-19 19:00:00,0.0,0.0,0.0,0.0,0.0,0.0,0.0
2019-10-19 20:00:00,0.0,0.0,0.0,4032.76729559748,0.0,0.0,0.0
2019-10-19 21:00:00,0.0,0.0,0.0,0.0,0.0,0.0,0.0
2019-10-19 22:00:00,0.0,195.17672765830855,0.0,0.0,0.0,0.0,0.0
2019-10-19 23:00:00,0.0,0.0,0.0,0.0,0.0,0.0,0.0
2019-10-20 00:00:00,0.0,702.767295597484,0.0,4032.76729559748,0.0,0.0,0.0
2019-10-20 01:00:00,0.0,0.0,0.0,78.33661196673461,0.0,0.0,0.0
2019-10-20 02:00:00,0.0,702.767295597484,0.0,299.09298921345453,0.0,0.0,0.0
2019-10-20 03:00:00,0.0,702.767295597484,0.0,349.23005951446066,0.0,0.0,0.0
2019-10-20 04:00:00,0.0,0.0,0.0,0.0,0.0,0.0,0.0
2019-10-20 05:00:00,0.0,0.0,0.0,0.0,0.0,0.0,0.0
2019-10-20 06:00:00,0.0,0.0,0.0,2164.286418359251,0.0,0.0,0.0
2019-10-20 07:00:00,258.301886792452,702.767295597484,998.301886792453,4032.76729559748,0.0,518.930817610063,702.767295597484
2019-10-20 08:00:00,258.301886792452,702.767295597484,998.301886792453,4032.76729559748,186.163522012579,518.930817610063,702.767295597484
2019-10-20 09:00:00,258.301886792452,702.767295597484,998.301886792453,4032.76729559748,186.163522012579,518.930817610063,702.767295597484
2019-10-20 10:00:00,258.301886792452,702.767295597484,998.301886792453,4032.76729559748,186.163522012579,518.930817610063,702.767295597484
2019-10-20 11:00:00,258.301886792452,702.767295597484,998.301886792453,4032.76729559748,186.163522012579,518.930817610063,702.767295597484
2019-10-20 12:00:00,258.301886792452,702.767295597484,998.301886792453,4032.76729559748,186.163522012579,518.930817610063,702.767295597484
2019-10-20 13:00:00,258.301886792452,702.767295597484,998.301886792453,4032.76729559748,186.163522012579,518.930817610063,702.767295597484
2019-10-20 14:00:00,258.301886792452,702.767295597484,998.301886792453,4032.76729559748,0.0,518.930817610063,702.767295597484
2019-10-20 15:00:00,0.0,702.767295597484,0.0,0.0,0.0,0.0,0.0
2019-10-20 16:00:00,0.0,0.0,0.0,0.0,0.0,0.0,0.0
2019-10-20 17:00:00,0.0,0.0,0.0,0.0,0.0,0.0,0.0
2019-10-20 18:00:00,0.0,0.0,0.0,0.0,0.0,0.0,0.0
2019-10-20 19:00:00,0.0,0.0,0.0,0.0,0.0,0.0,0.0
2019-10-20 20:00:00,0.0,0.0,0.0,0.0,0.0,0.0,0.0
2019-10-20 21:00:00,0.0,0.0,0.0,0.0,0.0,0.0,0.0
2019-10-20 22:00:00,0.0,0.0,0.0,4032.76729559748,0.0,0.0,0.0
2019-10-20 23:00:00,0.0,0.0,0.0,2304.973222302143,0.0,0.0,0.0
2019-10-21 00:00:00,0.0,0.0,0.0,0.0,0.0,0.0,0.0
2019-10-21 01:00:00,0.0,702.767295597484,0.0,900.9896867176828,0.0,0.0,0.0
2019-10-21 02:00:00,0.0,0.0,0.0,710.1859779895649,0.0,0.0,0.0
2019-10-21 03:00:00,0.0,0.0,0.0,0.0,0.0,0.0,0.0
2019-10-21 04:00:00,0.0,0.0,0.0,0.0,0.0,0.0,0.0
2019-10-21 05:00:00,0.0,0.0,0.0,0.0,0.0,0.0,0.0
2019-10-21 06:00:00,0.0,0.0,0.0,0.0,0.0,0.0,0.0
2019-10-21 07:00:00,258.301886792452,702.767295597484,998.301886792453,2713.6895547980903,0.0,518.930817610063,702.767295597484
2019-10-21 08:00:00,258.301886792452,702.767295597484,998.301886792453,4032.76729559748,0.0,518.930817610063,702.767295597484
2019-10-21 09:00:00,258.301886792452,702.767295597484,998.301886792453,4032.76729559748,0.0,518.930817610063,702.767295597484
2019-10-21 10:00:00,258.301886792452,702.767295597484,998.301886792453,4032.76729559748,0.0,518.930817610063,702.767295597484
2019-10-21 11:00:00,258.301886792452,702.767295597484,998.301886792453,4032.76729559748,0.0,518.930817610063,702.767295597484
2019-10-21 12:00:00,258.301886792452,702.767295597484,998.301886792453,4032.76729559748,0.0,518.930817610063,702.767295597484
2019-10-21 13:00:00,258.301886792452,702.767295597484,998.301886792453,4032.76729559748,0.0,518.930817610063,702.767295597484
2019-10-21 14:00:00,0.0,702.767295597484,0.0,2909.6002043652115,0.0,0.0,0.0
2019-10-21 15:00:00,0.0,0.0,0.0,0.0,0.0,0.0,0.0
2019-10-21 16:00:00,0.0,0.0,0.0,0.0,0.0,0.0,0.0
2019-10-21 17:00:00,0.0,0.0,0.0,0.0,0.0,0.0,0.0
2019-10-21 18:00:00,0.0,0.0,0.0,0.0,0.0,0.0,0.0
2019-10-21 19:00:00,0.0,0.0,0.0,0.0,0.0,0.0,0.0
2019-10-21 20:00:00,0.0,0.0,0.0,0.0,0.0,0.0,0.0
2019-10-21 21:00:00,0.0,0.0,0.0,0.0,0.0,0.0,0.0
2019-10-21 22:00:00,0.0,0.0,0.0,0.0,0.0,0.0,0.0
2019-10-21 23:00:00,0.0,0.0,0.0,0.0,0.0,0.0,0.0
2019-10-22 00:00:00,0.0,0.0,0.0,0.0,0.0,0.0,0.0
2019-10-22 01:00:00,0.0,0.0,0.0,0.0,0.0,0.0,0.0
2019-10-22 02:00:00,0.0,0.0,0.0,0.0,0.0,0.0,0.0
2019-10-22 03:00:00,0.0,0.0,0.0,4032.76729559748,0.0,0.0,0.0
2019-10-22 04:00:00,0.0,0.0,0.0,0.0,0.0,0.0,0.0
2019-10-22 05:00:00,0.0,0.0,0.0,0.0,0.0,0.0,0.0
2019-10-22 06:00:00,0.0,0.0,0.0,0.0,0.0,0.0,0.0
2019-10-22 07:00:00,0.0,0.0,0.0,4032.76729559748,186.163522012579,310.2725792587857,294.7956747766548
2019-10-22 08:00:00,258.301886792452,702.767295597484,998.301886792453,4032.76729559748,186.163522012579,518.930817610063,702.767295597484
2019-10-22 09:00:00,258.301886792452,702.767295597484,998.301886792453,4032.76729559748,186.163522012579,518.930817610063,702.767295597484
2019-10-22 10:00:00,258.301886792452,702.767295597484,998.301886792453,4032.76729559748,186.163522012579,518.930817610063,702.767295597484
2019-10-22 11:00:00,258.301886792452,702.767295597484,998.301886792453,4032.76729559748,186.163522012579,518.930817610063,702.767295597484
2019-10-22 12:00:00,258.301886792452,702.767295597484,998.301886792453,4032.76729559748,186.163522012579,518.930817610063,702.767295597484
2019-10-22 13:00:00,258.301886792452,702.767295597484,998.301886792453,4032.76729559748,186.163522012579,518.930817610063,702.767295597484
2019-10-22 14:00:00,0.0,0.0,0.0,0.0,186.163522012579,0.0,0.0
2019-10-22 15:00:00,0.0,0.0,0.0,0.0,186.163522012579,0.0,0.0
2019-10-22 16:00:00,0.0,0.0,0.0,0.0,186.163522012579,0.0,0.0
2019-10-22 17:00:00,0.0,0.0,0.0,0.0,186.163522012579,0.0,0.0
2019-10-22 18:00:00,0.0,0.0,0.0,0.0,186.163522012579,0.0,0.0
2019-10-22 19:00:00,0.0,0.0,0.0,0.0,186.163522012579,0.0,0.0
2019-10-22 20:00:00,0.0,0.0,0.0,0.0,186.163522012579,0.0,0.0
2019-10-22 21:00:00,0.0,0.0,0.0,0.0,186.163522012579,0.0,0.0
2019-10-22 22:00:00,0.0,0.0,0.0,0.0,186.163522012579,0.0,0.0
2019-10-22 23:00:00,0.0,0.0,0.0,0.0,186.163522012579,0.0,0.0
2019-10-23 00:00:00,0.0,702.767295597484,0.0,0.0,186.163522012579,0.0,0.0
2019-10-23 01:00:00,0.0,0.0,0.0,0.0,186.163522012579,0.0,0.0
2019-10-23 02:00:00,0.0,0.0,0.0,4032.76729559748,186.163522012579,0.0,0.0
2019-10-23 03:00:00,0.0,0.0,0.0,0.0,186.163522012579,0.0,0.0
2019-10-23 04:00:00,0.0,0.0,0.0,0.0,186.163522012579,0.0,0.0
2019-10-23 05:00:00,0.0,0.0,0.0,0.0,186.163522012579,0.0,0.0
2019-10-23 06:00:00,0.0,0.0,0.0,3798.7285537914404,186.163522012579,0.0,0.0
2019-10-23 07:00:00,0.0,702.767295597484,0.0,4032.76729559748,186.163522012579,518.930817610063,668.8027840150571
2019-10-23 08:00:00,258.301886792452,702.767295597484,998.301886792453,4032.76729559748,186.163522012579,518.930817610063,702.767295597484
2019-10-23 09:00:00,258.301886792452,702.767295597484,998.301886792453,4032.76729559748,186.163522012579,518.930817610063,702.767295597484
2019-10-23 10:00:00,258.301886792452,702.767295597484,998.301886792453,4032.76729559748,186.163522012579,518.930817610063,702.767295597484
2019-10-23 11:00:00,258.301886792452,702.767295597484,998.301886792453,4032.76729559748,186.163522012579,518.930817610063,702.767295597484
2019-10-23 12:00:00,258.301886792452,702.767295597484,998.301886792453,4032.76729559748,186.163522012579,518.930817610063,702.767295597484
2019-10-23 13:00:00,258.301886792452,702.767295597484,998.301886792453,4032.76729559748,186.163522012579,518.930817610063,702.767295597484
2019-10-23 14:00:00,0.0,702.767295597484,0.0,4032.76729559748,186.163522012579,518.930817610063,0.0
2019-10-23 15:00:00,0.0,0.0,0.0,0.0,186.163522012579,0.0,0.0
2019-10-23 16:00:00,0.0,0.0,0.0,0.0,186.163522012579,0.0,0.0
2019-10-23 17:00:00,0.0,0.0,0.0,0.0,186.163522012579,0.0,0.0
2019-10-23 18:00:00,0.0,0.0,0.0,0.0,186.163522012579,0.0,0.0
2019-10-23 19:00:00,0.0,0.0,0.0,0.0,0.0,0.0,0.0
2019-10-23 20:00:00,0.0,0.0,0.0,0.0,0.0,0.0,0.0
2019-10-23 21:00:00,0.0,0.0,0.0,0.0,0.0,0.0,0.0
2019-10-23 22:00:00,0.0,0.0,0.0,54.423301678640826,0.0,0.0,0.0
2019-10-23 23:00:00,0.0,0.0,0.0,3966.4035614314002,0.0,0.0,0.0
2019-10-24 00:00:00,0.0,0.0,0.0,0.0,0.0,0.0,0.0
2019-10-24 01:00:00,0.0,0.0,0.0,0.0,0.0,0.0,0.0
2019-10-24 02:00:00,0.0,0.0,0.0,4032.76729559748,0.0,0.0,0.0
2019-10-24 03:00:00,0.0,0.0,0.0,77.44177620219762,0.0,0.0,0.0
2019-10-24 04:00:00,0.0,0.0,0.0,0.0,0.0,0.0,0.0
2019-10-24 05:00:00,0.0,0.0,0.0,0.0,0.0,0.0,0.0
2019-10-24 06:00:00,0.0,0.0,0.0,0.0,0.0,0.0,0.0
2019-10-24 07:00:00,258.301886792452,0.0,998.301886792453,0.0,0.0,236.74546296019997,702.767295597484
2019-10-24 08:00:00,258.301886792452,702.767295597484,998.301886792453,4032.76729559748,0.0,518.930817610063,702.767295597484
2019-10-24 09:00:00,258.301886792452,702.767295597484,998.301886792453,4032.76729559748,0.0,518.930817610063,702.767295597484
2019-10-24 10:00:00,258.301886792452,702.767295597484,998.301886792453,4032.76729559748,0.0,518.930817610063,702.767295597484
2019-10-24 11:00:00,258.301886792452,702.767295597484,998.301886792453,4032.76729559748,0.0,518.930817610063,702.767295597484
2019-10-24 12:00:00,258.301886792452,702.767295597484,998.301886792453,4032.76729559748,0.0,518.930817610063,702.767295597484
2019-10-24 13:00:00,258.301886792452,0.0,998.301886792453,3187.015807543363,0.0,518.930817610063,702.767295597484
2019-10-24 14:00:00,0.0,0.0,0.0,0.0,0.0,0.0,0.0
2019-10-24 15:00:00,0.0,0.0,0.0,0.0,0.0,0.0,0.0
2019-10-24 16:00:00,0.0,0.0,0.0,0.0,0.0,0.0,0.0
2019-10-24 17:00:00,0.0,0.0,0.0,0.0,0.0,0.0,0.0
2019-10-24 18:00:00,0.0,0.0,0.0,0.0,0.0,0.0,0.0
2019-10-24 19:00:00,0.0,0.0,0.0,0.0,0.0,0.0,0.0
2019-10-24 20:00:00,0.0,0.0,0.0,0.0,0.0,0.0,0.0
2019-10-24 21:00:00,0.0,0.0,0.0,0.0,0.0,0.0,0.0
2019-10-24 22:00:00,0.0,0.0,0.0,0.0,0.0,0.0,0.0
2019-10-24 23:00:00,0.0,0.0,0.0,0.0,0.0,0.0,0.0
2019-10-25 00:00:00,0.0,0.0,0.0,0.0,0.0,0.0,0.0
2019-10-25 01:00:00,0.0,0.0,0.0,0.0,0.0,0.0,0.0
2019-10-25 02:00:00,0.0,0.0,0.0,0.0,0.0,0.0,0.0
2019-10-25 03:00:00,0.0,0.0,0.0,48.26471123525516,0.0,0.0,0.0
2019-10-25 04:00:00,0.0,0.0,0.0,0.0,0.0,0.0,0.0
2019-10-25 05:00:00,0.0,0.0,0.0,0.0,0.0,0.0,0.0
2019-10-25 06:00:00,0.0,0.0,0.0,0.0,0.0,0.0,0.0
2019-10-25 07:00:00,0.0,0.0,0.0,0.0,0.0,0.0,0.0
2019-10-25 08:00:00,258.301886792452,702.767295597484,998.301886792453,4032.76729559748,0.0,518.930817610063,702.767295597484
2019-10-25 09:00:00,258.301886792452,702.767295597484,998.301886792453,4032.76729559748,0.0,518.930817610063,702.767295597484
2019-10-25 10:00:00,258.301886792452,702.767295597484,998.301886792453,4032.76729559748,0.0,518.930817610063,702.767295597484
2019-10-25 11:00:00,258.301886792452,702.767295597484,998.301886792453,4032.76729559748,0.0,518.930817610063,702.767295597484
2019-10-25 12:00:00,258.301886792452,702.767295597484,998.301886792453,4032.76729559748,0.0,518.930817610063,702.767295597484
2019-10-25 13:00:00,258.301886792452,702.767295597484,998.301886792453,4032.76729559748,0.0,518.930817610063,702.767295597484
2019-10-25 14:00:00,0.0,702.767295597484,0.0,4032.76729559748,0.0,0.0,0.0
2019-10-25 15:00:00,0.0,0.0,0.0,0.0,0.0,0.0,0.0
2019-10-25 16:00:00,0.0,0.0,0.0,0.0,0.0,0.0,0.0
2019-10-25 17:00:00,0.0,0.0,0.0,0.0,0.0,0.0,0.0
2019-10-25 18:00:00,0.0,0.0,0.0,0.0,0.0,0.0,0.0
2019-10-25 19:00:00,0.0,0.0,0.0,0.0,0.0,0.0,0.0
2019-10-25 20:00:00,0.0,0.0,0.0,0.0,0.0,0.0,0.0
2019-10-25 21:00:00,0.0,0.0,0.0,0.0,0.0,0.0,0.0
2019-10-25 22:00:00,0.0,0.0,0.0,0.0,0.0,0.0,0.0
2019-10-25 23:00:00,0.0,0.0,0.0,0.0,0.0,0.0,0.0
2019-10-26 00:00:00,0.0,0.0,0.0,0.0,0.0,0.0,0.0
2019-10-26 01:00:00,0.0,0.0,0.0,0.0,0.0,0.0,0.0
2019-10-26 02:00:00,0.0,702.767295597484,0.0,0.0,0.0,0.0,0.0
2019-10-26 03:00:00,0.0,702.767295597484,0.0,0.0,0.0,0.0,0.0
2019-10-26 04:00:00,0.0,0.0,0.0,2421.5160120221326,0.0,0.0,0.0
2019-10-26 05:00:00,0.0,0.0,0.0,0.0,0.0,0.0,0.0
2019-10-26 06:00:00,0.0,0.0,0.0,0.0,0.0,0.0,0.0
2019-10-26 07:00:00,258.301886792452,702.767295597484,998.301886792453,4032.76729559748,0.0,518.930817610063,702.767295597484
2019-10-26 08:00:00,258.301886792452,702.767295597484,998.301886792453,4032.76729559748,186.163522012579,518.930817610063,702.767295597484
2019-10-26 09:00:00,258.301886792452,702.767295597484,998.301886792453,4032.76729559748,186.163522012579,518.930817610063,702.767295597484
2019-10-26 10:00:00,258.301886792452,702.767295597484,998.301886792453,4032.76729559748,186.163522012579,518.930817610063,702.767295597484
2019-10-26 11:00:00,258.301886792452,702.767295597484,998.301886792453,4032.76729559748,186.163522012579,518.930817610063,702.767295597484
2019-10-26 12:00:00,258.301886792452,702.767295597484,998.301886792453,4032.76729559748,186.163522012579,518.930817610063,702.767295597484
2019-10-26 13:00:00,258.301886792452,702.767295597484,998.301886792453,4032.76729559748,186.163522012579,518.930817610063,702.767295597484
2019-10-26 14:00:00,258.301886792452,702.767295597484,998.301886792453,4032.76729559748,0.0,518.930817610063,702.767295597484
2019-10-26 15:00:00,0.0,0.0,0.0,0.0,0.0,0.0,0.0
2019-10-26 16:00:00,0.0,0.0,0.0,0.0,0.0,0.0,0.0
2019-10-26 17:00:00,0.0,0.0,0.0,0.0,0.0,0.0,0.0
2019-10-26 18:00:00,0.0,0.0,0.0,0.0,0.0,0.0,0.0
2019-10-26 19:00:00,0.0,0.0,0.0,0.0,0.0,0.0,0.0
2019-10-26 20:00:00,0.0,0.0,0.0,0.0,0.0,0.0,0.0
2019-10-26 21:00:00,0.0,0.0,0.0,0.0,0.0,0.0,0.0
2019-10-26 22:00:00,0.0,0.0,0.0,0.0,0.0,0.0,0.0
2019-10-26 23:00:00,0.0,0.0,0.0,0.0,0.0,0.0,0.0
2019-10-27 00:00:00,0.0,0.0,0.0,0.0,0.0,0.0,0.0
2019-10-27 01:00:00,0.0,0.0,0.0,0.0,0.0,0.0,0.0
2019-10-27 02:00:00,0.0,0.0,0.0,0.0,0.0,0.0,0.0
2019-10-27 03:00:00,0.0,0.0,0.0,0.0,0.0,0.0,0.0
2019-10-27 04:00:00,0.0,0.0,0.0,0.0,0.0,0.0,0.0
2019-10-27 05:00:00,0.0,0.0,0.0,0.0,0.0,0.0,0.0
2019-10-27 06:00:00,0.0,0.0,0.0,0.0,0.0,0.0,0.0
2019-10-27 07:00:00,258.301886792452,702.767295597484,998.301886792453,4032.76729559748,0.0,518.930817610063,702.767295597484
2019-10-27 08:00:00,258.301886792452,702.767295597484,998.301886792453,4032.76729559748,186.163522012579,518.930817610063,702.767295597484
2019-10-27 09:00:00,258.301886792452,702.767295597484,998.301886792453,4032.76729559748,186.163522012579,518.930817610063,702.767295597484
2019-10-27 10:00:00,258.301886792452,702.767295597484,998.301886792453,4032.76729559748,186.163522012579,518.930817610063,702.767295597484
2019-10-27 11:00:00,258.301886792452,702.767295597484,998.301886792453,4032.76729559748,186.163522012579,518.930817610063,702.767295597484
2019-10-27 12:00:00,258.301886792452,702.767295597484,998.301886792453,4032.76729559748,186.163522012579,518.930817610063,702.767295597484
2019-10-27 13:00:00,258.301886792452,702.767295597484,998.301886792453,4032.76729559748,186.163522012579,518.930817610063,702.767295597484
2019-10-27 14:00:00,258.301886792452,702.767295597484,998.301886792453,4032.76729559748,0.0,518.930817610063,702.767295597484
2019-10-27 15:00:00,0.0,0.0,0.0,0.0,0.0,0.0,0.0
2019-10-27 16:00:00,0.0,0.0,0.0,0.0,0.0,0.0,0.0
2019-10-27 17:00:00,0.0,0.0,0.0,0.0,0.0,0.0,0.0
2019-10-27 18:00:00,0.0,0.0,0.0,0.0,0.0,0.0,0.0
2019-10-27 19:00:00,0.0,0.0,0.0,0.0,0.0,0.0,0.0
2019-10-27 20:00:00,0.0,0.0,0.0,0.0,0.0,0.0,0.0
2019-10-27 21:00:00,0.0,0.0,0.0,0.0,0.0,0.0,0.0
2019-10-27 22:00:00,0.0,0.0,0.0,0.0,0.0,0.0,0.0
2019-10-27 23:00:00,0.0,0.0,0.0,0.0,0.0,0.0,0.0
2019-10-28 00:00:00,0.0,0.0,0.0,0.0,0.0,0.0,0.0
2019-10-28 01:00:00,0.0,0.0,0.0,0.0,0.0,0.0,0.0
2019-10-28 02:00:00,0.0,0.0,0.0,0.0,0.0,0.0,0.0
2019-10-28 03:00:00,0.0,702.767295597484,0.0,0.0,0.0,0.0,0.0
2019-10-28 04:00:00,0.0,0.0,0.0,0.0,0.0,0.0,0.0
2019-10-28 05:00:00,0.0,0.0,0.0,0.0,0.0,0.0,0.0
2019-10-28 06:00:00,0.0,0.0,0.0,0.0,0.0,0.0,0.0
2019-10-28 07:00:00,0.0,0.0,0.0,0.0,0.0,0.0,0.0
2019-10-28 08:00:00,258.301886792452,702.767295597484,998.301886792453,4032.76729559748,0.0,518.930817610063,702.767295597484
2019-10-28 09:00:00,258.301886792452,702.767295597484,998.301886792453,4032.76729559748,0.0,518.930817610063,702.767295597484
2019-10-28 10:00:00,258.301886792452,702.767295597484,998.301886792453,4032.76729559748,0.0,518.930817610063,702.767295597484
2019-10-28 11:00:00,258.301886792452,702.767295597484,998.301886792453,4032.76729559748,0.0,518.930817610063,702.767295597484
2019-10-28 12:00:00,258.301886792452,702.767295597484,998.301886792453,4032.76729559748,0.0,518.930817610063,702.767295597484
2019-10-28 13:00:00,258.301886792452,249.31501910217594,998.301886792453,4032.76729559748,0.0,518.930817610063,702.767295597484
2019-10-28 14:00:00,0.0,0.0,0.0,0.0,0.0,0.0,0.0
2019-10-28 15:00:00,0.0,0.0,0.0,0.0,0.0,0.0,0.0
2019-10-28 16:00:00,0.0,0.0,0.0,0.0,0.0,0.0,0.0
2019-10-28 17:00:00,0.0,0.0,0.0,0.0,0.0,0.0,0.0
2019-10-28 18:00:00,0.0,0.0,0.0,0.0,0.0,0.0,0.0
2019-10-28 19:00:00,0.0,0.0,0.0,0.0,0.0,0.0,0.0
2019-10-28 20:00:00,0.0,19.51063845388944,0.0,0.0,0.0,0.0,0.0
2019-10-28 21:00:00,0.0,0.0,0.0,0.0,0.0,0.0,0.0
2019-10-28 22:00:00,0.0,0.0,0.0,0.0,0.0,0.0,0.0
2019-10-28 23:00:00,0.0,0.0,0.0,0.0,0.0,0.0,0.0
2019-10-29 00:00:00,0.0,0.0,0.0,0.0,0.0,0.0,0.0
2019-10-29 01:00:00,0.0,0.0,0.0,0.0,0.0,0.0,0.0
2019-10-29 02:00:00,0.0,0.0,0.0,0.0,0.0,0.0,0.0
2019-10-29 03:00:00,0.0,0.0,0.0,0.0,0.0,0.0,0.0
2019-10-29 04:00:00,0.0,0.0,0.0,0.0,0.0,0.0,0.0
2019-10-29 05:00:00,0.0,0.0,0.0,0.0,0.0,0.0,0.0
2019-10-29 06:00:00,0.0,0.0,0.0,0.0,0.0,0.0,0.0
2019-10-29 07:00:00,0.0,0.0,0.0,0.0,0.0,0.0,0.0
2019-10-29 08:00:00,258.301886792452,0.0,998.301886792453,0.0,0.0,518.930817610063,702.767295597484
2019-10-29 09:00:00,258.301886792452,100.61117875706441,998.301886792453,0.0,0.0,518.930817610063,702.767295597484
2019-10-29 10:00:00,258.301886792452,0.0,998.301886792453,2697.373402646481,0.0,518.930817610063,702.767295597484
2019-10-29 11:00:00,258.301886792452,702.767295597484,998.301886792453,4032.76729559748,0.0,518.930817610063,702.767295597484
2019-10-29 12:00:00,258.301886792452,0.0,998.301886792453,0.0,0.0,518.930817610063,702.767295597484
2019-10-29 13:00:00,258.301886792452,0.0,998.301886792453,0.0,0.0,518.930817610063,702.767295597484
2019-10-29 14:00:00,0.0,0.0,0.0,0.0,0.0,0.0,0.0
2019-10-29 15:00:00,0.0,0.0,0.0,0.0,0.0,0.0,0.0
2019-10-29 16:00:00,0.0,0.0,0.0,0.0,0.0,0.0,0.0
2019-10-29 17:00:00,0.0,0.0,0.0,0.0,0.0,0.0,0.0
2019-10-29 18:00:00,0.0,0.0,0.0,0.0,0.0,0.0,0.0
2019-10-29 19:00:00,0.0,0.0,0.0,0.0,0.0,0.0,0.0
2019-10-29 20:00:00,0.0,0.0,0.0,0.0,0.0,0.0,0.0
2019-10-29 21:00:00,0.0,0.0,0.0,0.0,0.0,0.0,0.0
2019-10-29 22:00:00,0.0,0.0,0.0,0.0,0.0,0.0,0.0
2019-10-29 23:00:00,0.0,0.0,0.0,0.0,0.0,0.0,0.0
2019-10-30 00:00:00,0.0,0.0,0.0,0.0,0.0,0.0,0.0
2019-10-30 01:00:00,0.0,0.0,0.0,0.0,0.0,0.0,0.0
2019-10-30 02:00:00,0.0,0.0,0.0,0.0,0.0,0.0,0.0
2019-10-30 03:00:00,0.0,0.0,0.0,0.0,0.0,0.0,0.0
2019-10-30 04:00:00,0.0,0.0,0.0,0.0,0.0,0.0,0.0
2019-10-30 05:00:00,0.0,0.0,0.0,0.0,0.0,0.0,0.0
2019-10-30 06:00:00,0.0,0.0,0.0,0.0,0.0,0.0,0.0
2019-10-30 07:00:00,0.0,702.767295597484,0.0,0.0,0.0,0.0,0.0
2019-10-30 08:00:00,258.301886792452,0.0,998.301886792453,0.0,0.0,518.930817610063,702.767295597484
2019-10-30 09:00:00,258.301886792452,0.0,998.301886792453,0.0,0.0,518.930817610063,702.767295597484
2019-10-30 10:00:00,258.301886792452,0.0,998.301886792453,0.0,0.0,518.930817610063,702.767295597484
2019-10-30 11:00:00,258.301886792452,0.0,998.301886792453,0.0,0.0,518.930817610063,702.767295597484
2019-10-30 12:00:00,258.301886792452,0.0,998.301886792453,0.0,0.0,518.930817610063,702.767295597484
2019-10-30 13:00:00,0.0,0.0,0.0,0.0,0.0,0.0,0.0
2019-10-30 14:00:00,0.0,0.0,0.0,0.0,0.0,0.0,0.0
2019-10-30 15:00:00,0.0,0.0,0.0,0.0,0.0,0.0,0.0
2019-10-30 16:00:00,0.0,0.0,0.0,0.0,0.0,0.0,0.0
2019-10-30 17:00:00,0.0,0.0,0.0,0.0,0.0,0.0,0.0
2019-10-30 18:00:00,0.0,0.0,0.0,0.0,0.0,0.0,0.0
2019-10-30 19:00:00,0.0,0.0,0.0,0.0,0.0,0.0,0.0
2019-10-30 20:00:00,0.0,0.0,0.0,0.0,0.0,0.0,0.0
2019-10-30 21:00:00,0.0,0.0,0.0,0.0,0.0,0.0,0.0
2019-10-30 22:00:00,0.0,0.0,0.0,0.0,0.0,0.0,0.0
2019-10-30 23:00:00,0.0,0.0,0.0,0.0,0.0,0.0,0.0
2019-10-31 00:00:00,0.0,0.0,0.0,0.0,0.0,0.0,0.0
2019-10-31 01:00:00,0.0,0.0,0.0,0.0,0.0,0.0,0.0
2019-10-31 02:00:00,0.0,0.0,0.0,0.0,0.0,0.0,0.0
2019-10-31 03:00:00,0.0,0.0,0.0,0.0,0.0,0.0,0.0
2019-10-31 04:00:00,0.0,0.0,0.0,0.0,0.0,0.0,0.0
2019-10-31 05:00:00,0.0,0.0,0.0,0.0,0.0,0.0,0.0
2019-10-31 06:00:00,0.0,0.0,0.0,0.0,0.0,0.0,0.0
2019-10-31 07:00:00,0.0,0.0,0.0,0.0,0.0,0.0,0.0
2019-10-31 08:00:00,0.0,0.0,998.301886792453,0.0,0.0,0.0,0.0
2019-10-31 09:00:00,258.301886792452,0.0,998.301886792453,0.0,0.0,518.930817610063,702.767295597484
2019-10-31 10:00:00,258.301886792452,0.0,998.301886792453,0.0,0.0,518.930817610063,702.767295597484
2019-10-31 11:00:00,127.48057279119053,0.0,998.301886792453,1205.613392899173,0.0,518.930817610063,702.767295597484
2019-10-31 12:00:00,0.0,0.0,0.0,0.0,0.0,274.31774631809674,0.0
2019-10-31 13:00:00,0.0,0.0,0.0,0.0,0.0,0.0,0.0
2019-10-31 14:00:00,0.0,0.0,0.0,0.0,0.0,0.0,0.0
2019-10-31 15:00:00,0.0,0.0,0.0,0.0,0.0,0.0,0.0
2019-10-31 16:00:00,0.0,0.0,0.0,0.0,0.0,0.0,0.0
2019-10-31 17:00:00,0.0,0.0,0.0,0.0,0.0,0.0,0.0
2019-10-31 18:00:00,0.0,0.0,0.0,0.0,0.0,0.0,0.0
2019-10-31 19:00:00,0.0,0.0,0.0,0.0,0.0,0.0,0.0
2019-10-31 20:00:00,0.0,0.0,0.0,0.0,0.0,0.0,0.0
2019-10-31 21:00:00,0.0,0.0,0.0,0.0,0.0,0.0,0.0
2019-10-31 22:00:00,0.0,0.0,0.0,0.0,0.0,0.0,0.0
2019-10-31 23:00:00,0.0,0.0,0.0,0.0,0.0,0.0,0.0
2019-11-01 00:00:00,0.0,0.0,0.0,0.0,0.0,0.0,0.0
2019-11-01 01:00:00,0.0,0.0,0.0,0.0,0.0,0.0,0.0
2019-11-01 02:00:00,0.0,0.0,0.0,0.0,0.0,0.0,0.0
2019-11-01 03:00:00,0.0,0.0,0.0,0.0,0.0,0.0,0.0
2019-11-01 04:00:00,0.0,0.0,0.0,0.0,0.0,0.0,0.0
2019-11-01 05:00:00,0.0,0.0,0.0,0.0,0.0,0.0,0.0
2019-11-01 06:00:00,0.0,0.0,0.0,0.0,0.0,0.0,0.0
2019-11-01 07:00:00,0.0,702.767295597484,0.0,4032.76729559748,0.0,0.0,0.0
2019-11-01 08:00:00,258.301886792452,702.767295597484,998.301886792453,4032.76729559748,0.0,518.930817610063,702.767295597484
2019-11-01 09:00:00,258.301886792452,702.767295597484,998.301886792453,4032.76729559748,0.0,518.930817610063,702.767295597484
2019-11-01 10:00:00,258.301886792452,702.767295597484,998.301886792453,4032.76729559748,0.0,518.930817610063,702.767295597484
2019-11-01 11:00:00,258.301886792452,702.767295597484,998.301886792453,4032.76729559748,0.0,518.930817610063,702.767295597484
2019-11-01 12:00:00,258.301886792452,702.767295597484,998.301886792453,4032.76729559748,0.0,518.930817610063,702.767295597484
2019-11-01 13:00:00,0.0,702.767295597484,0.0,4032.76729559748,0.0,0.0,0.0
2019-11-01 14:00:00,0.0,0.0,0.0,0.0,0.0,0.0,0.0
2019-11-01 15:00:00,0.0,702.767295597484,0.0,0.0,0.0,0.0,0.0
2019-11-01 16:00:00,0.0,0.0,0.0,0.0,0.0,0.0,0.0
2019-11-01 17:00:00,0.0,0.0,0.0,0.0,0.0,0.0,0.0
2019-11-01 18:00:00,0.0,0.0,0.0,0.0,0.0,0.0,0.0
2019-11-01 19:00:00,0.0,0.0,0.0,0.0,0.0,0.0,0.0
2019-11-01 20:00:00,0.0,702.767295597484,0.0,337.428739783787,0.0,0.0,0.0
2019-11-01 21:00:00,0.0,0.0,0.0,4032.76729559748,0.0,0.0,0.0
2019-11-01 22:00:00,0.0,0.0,0.0,0.0,0.0,0.0,0.0
2019-11-01 23:00:00,0.0,0.0,0.0,0.0,0.0,0.0,0.0
2019-11-02 00:00:00,0.0,0.0,0.0,0.0,0.0,0.0,0.0
2019-11-02 01:00:00,0.0,702.767295597484,0.0,288.6714468203136,0.0,0.0,0.0
2019-11-02 02:00:00,0.0,702.767295597484,0.0,0.0,0.0,0.0,0.0
2019-11-02 03:00:00,0.0,0.0,0.0,0.0,0.0,0.0,0.0
2019-11-02 04:00:00,0.0,0.0,0.0,0.0,0.0,0.0,0.0
2019-11-02 05:00:00,0.0,43.33747904691381,0.0,0.0,0.0,0.0,0.0
2019-11-02 06:00:00,0.0,0.0,0.0,0.0,0.0,0.0,0.0
2019-11-02 07:00:00,258.301886792452,0.0,998.301886792453,1192.0143125865832,0.0,518.930817610063,702.767295597484
2019-11-02 08:00:00,258.301886792452,702.767295597484,998.301886792453,4032.76729559748,186.163522012579,518.930817610063,702.767295597484
2019-11-02 09:00:00,258.301886792452,702.767295597484,998.301886792453,4032.76729559748,186.163522012579,518.930817610063,702.767295597484
2019-11-02 10:00:00,258.301886792452,702.767295597484,998.301886792453,4032.76729559748,186.163522012579,518.930817610063,702.767295597484
2019-11-02 11:00:00,258.301886792452,702.767295597484,998.301886792453,4032.76729559748,186.163522012579,518.930817610063,702.767295597484
2019-11-02 12:00:00,258.301886792452,702.767295597484,998.301886792453,4032.76729559748,186.163522012579,518.930817610063,702.767295597484
2019-11-02 13:00:00,258.301886792452,702.767295597484,998.301886792453,4032.76729559748,186.163522012579,518.930817610063,702.767295597484
2019-11-02 14:00:00,258.301886792452,702.767295597484,998.301886792453,2452.4679882592472,186.163522012579,518.930817610063,702.767295597484
2019-11-02 15:00:00,258.301886792452,0.0,998.301886792453,1219.561070560923,186.163522012579,518.930817610063,702.767295597484
2019-11-02 16:00:00,258.301886792452,0.0,998.301886792453,0.0,186.163522012579,518.930817610063,702.767295597484
2019-11-02 17:00:00,258.301886792452,0.0,998.301886792453,0.0,186.163522012579,518.930817610063,702.767295597484
2019-11-02 18:00:00,258.301886792452,0.0,998.301886792453,0.0,186.163522012579,518.930817610063,702.767295597484
2019-11-02 19:00:00,258.301886792452,0.0,998.301886792453,4032.76729559748,186.163522012579,518.930817610063,702.767295597484
2019-11-02 20:00:00,258.301886792452,702.767295597484,998.301886792453,4032.76729559748,186.163522012579,518.930817610063,702.767295597484
2019-11-02 21:00:00,258.301886792452,702.767295597484,998.301886792453,4032.76729559748,186.163522012579,518.930817610063,702.767295597484
2019-11-02 22:00:00,258.301886792452,702.767295597484,998.301886792453,3709.9582474980743,186.163522012579,518.930817610063,702.767295597484
2019-11-02 23:00:00,258.301886792452,0.0,998.301886792453,4032.76729559748,186.163522012579,518.930817610063,702.767295597484
2019-11-03 00:00:00,258.301886792452,279.2640089352717,998.301886792453,4032.76729559748,186.163522012579,518.930817610063,702.767295597484
2019-11-03 01:00:00,258.301886792452,702.767295597484,998.301886792453,4032.76729559748,186.163522012579,518.930817610063,702.767295597484
2019-11-03 02:00:00,258.301886792452,702.767295597484,998.301886792453,4032.76729559748,186.163522012579,518.930817610063,702.767295597484
2019-11-03 03:00:00,258.301886792452,702.767295597484,998.301886792453,4032.76729559748,186.163522012579,518.930817610063,702.767295597484
2019-11-03 04:00:00,258.301886792452,702.767295597484,998.301886792453,4032.76729559748,186.163522012579,518.930817610063,702.767295597484
2019-11-03 05:00:00,258.301886792452,702.767295597484,998.301886792453,4032.76729559748,186.163522012579,518.930817610063,702.767295597484
2019-11-03 06:00:00,258.301886792452,702.767295597484,998.301886792453,4032.76729559748,186.163522012579,518.930817610063,702.767295597484
2019-11-03 07:00:00,258.301886792452,702.767295597484,998.301886792453,4032.76729559748,186.163522012579,518.930817610063,702.767295597484
2019-11-03 08:00:00,258.301886792452,702.767295597484,998.301886792453,4032.76729559748,186.163522012579,518.930817610063,702.767295597484
2019-11-03 09:00:00,258.301886792452,702.767295597484,998.301886792453,4032.76729559748,186.163522012579,518.930817610063,702.767295597484
2019-11-03 10:00:00,258.301886792452,702.767295597484,998.301886792453,4032.76729559748,186.163522012579,518.930817610063,702.767295597484
2019-11-03 11:00:00,258.301886792452,702.767295597484,998.301886792453,4032.76729559748,186.163522012579,518.930817610063,702.767295597484
2019-11-03 12:00:00,258.301886792452,702.767295597484,998.301886792453,4032.76729559748,186.163522012579,518.930817610063,702.767295597484
2019-11-03 13:00:00,258.301886792452,702.767295597484,998.301886792453,4032.76729559748,186.163522012579,518.930817610063,702.767295597484
2019-11-03 14:00:00,258.301886792452,702.767295597484,998.301886792453,4032.76729559748,186.163522012579,518.930817610063,702.767295597484
2019-11-03 15:00:00,258.301886792452,702.767295597484,998.301886792453,4032.76729559748,186.163522012579,518.930817610063,702.767295597484
2019-11-03 16:00:00,258.301886792452,702.767295597484,998.301886792453,4032.76729559748,186.163522012579,518.930817610063,702.767295597484
2019-11-03 17:00:00,258.301886792452,702.767295597484,998.301886792453,4032.76729559748,186.163522012579,518.930817610063,702.767295597484
2019-11-03 18:00:00,258.301886792452,702.767295597484,998.301886792453,4032.76729559748,186.163522012579,518.930817610063,702.767295597484
2019-11-03 19:00:00,258.301886792452,702.767295597484,998.301886792453,4032.76729559748,186.163522012579,518.930817610063,702.767295597484
2019-11-03 20:00:00,258.301886792452,702.767295597484,998.301886792453,4032.76729559748,186.163522012579,518.930817610063,702.767295597484
2019-11-03 21:00:00,258.301886792452,702.767295597484,998.301886792453,4032.76729559748,186.163522012579,518.930817610063,702.767295597484
2019-11-03 22:00:00,258.301886792452,702.767295597484,998.301886792453,4032.76729559748,186.163522012579,518.930817610063,702.767295597484
2019-11-03 23:00:00,258.301886792452,702.767295597484,998.301886792453,4032.76729559748,186.163522012579,518.930817610063,702.767295597484
2019-11-04 00:00:00,258.301886792452,702.767295597484,998.301886792453,4032.76729559748,186.163522012579,518.930817610063,702.767295597484
2019-11-04 01:00:00,258.301886792452,702.767295597484,998.301886792453,4032.76729559748,186.163522012579,518.930817610063,702.767295597484
2019-11-04 02:00:00,258.301886792452,702.767295597484,998.301886792453,4032.76729559748,186.163522012579,518.930817610063,702.767295597484
2019-11-04 03:00:00,258.301886792452,702.767295597484,998.301886792453,4032.76729559748,186.163522012579,518.930817610063,702.767295597484
2019-11-04 04:00:00,258.301886792452,702.767295597484,998.301886792453,4032.76729559748,186.163522012579,518.930817610063,702.767295597484
2019-11-04 05:00:00,258.301886792452,702.767295597484,998.301886792453,4032.76729559748,186.163522012579,518.930817610063,702.767295597484
2019-11-04 06:00:00,258.301886792452,702.767295597484,998.301886792453,4032.76729559748,186.163522012579,518.930817610063,702.767295597484
2019-11-04 07:00:00,258.301886792452,702.767295597484,998.301886792453,4032.76729559748,186.163522012579,518.930817610063,702.767295597484
2019-11-04 08:00:00,258.301886792452,702.767295597484,998.301886792453,4032.76729559748,186.163522012579,518.930817610063,702.767295597484
2019-11-04 09:00:00,258.301886792452,702.767295597484,998.301886792453,4032.76729559748,186.163522012579,518.930817610063,702.767295597484
2019-11-04 10:00:00,258.301886792452,702.767295597484,998.301886792453,4032.76729559748,186.163522012579,518.930817610063,702.767295597484
2019-11-04 11:00:00,258.301886792452,702.767295597484,998.301886792453,4032.76729559748,186.163522012579,518.930817610063,702.767295597484
2019-11-04 12:00:00,258.301886792452,702.767295597484,998.301886792453,4032.76729559748,186.163522012579,518.930817610063,702.767295597484
2019-11-04 13:00:00,258.301886792452,702.767295597484,998.301886792453,4032.76729559748,186.163522012579,518.930817610063,702.767295597484
2019-11-04 14:00:00,258.301886792452,702.767295597484,998.301886792453,4032.76729559748,186.163522012579,518.930817610063,702.767295597484
2019-11-04 15:00:00,258.301886792452,0.0,998.301886792453,0.0,186.163522012579,518.930817610063,702.767295597484
2019-11-04 16:00:00,258.301886792452,0.0,998.301886792453,0.0,186.163522012579,518.930817610063,702.767295597484
2019-11-04 17:00:00,258.301886792452,0.0,998.301886792453,0.0,186.163522012579,518.930817610063,702.767295597484
2019-11-04 18:00:00,0.0,0.0,998.301886792453,0.0,186.163522012579,518.930817610063,702.767295597484
2019-11-04 19:00:00,258.301886792452,0.0,998.301886792453,0.0,186.163522012579,518.930817610063,702.767295597484
2019-11-04 20:00:00,258.301886792452,702.767295597484,998.301886792453,1109.3250990540753,186.163522012579,518.930817610063,702.767295597484
2019-11-04 21:00:00,258.301886792452,702.767295597484,998.301886792453,4032.76729559748,186.163522012579,0.0,702.767295597484
2019-11-04 22:00:00,258.301886792452,702.767295597484,998.301886792453,3220.6520163198,186.163522012579,0.0,702.767295597484
2019-11-04 23:00:00,0.0,510.56098318991735,0.0,4032.76729559748,186.163522012579,0.0,0.0
2019-11-05 00:00:00,0.0,702.767295597484,998.301886792453,4032.76729559748,186.163522012579,0.0,0.0
2019-11-05 01:00:00,0.0,702.767295597484,0.0,4032.76729559748,186.163522012579,0.0,0.0
2019-11-05 02:00:00,0.0,702.767295597484,0.0,4032.76729559748,186.163522012579,0.0,0.0
2019-11-05 03:00:00,0.0,702.767295597484,0.0,4032.76729559748,186.163522012579,0.0,0.0
2019-11-05 04:00:00,0.0,702.767295597484,0.0,4032.76729559748,186.163522012579,0.0,0.0
2019-11-05 05:00:00,0.0,0.0,0.0,3710.171179315589,186.163522012579,0.0,0.0
2019-11-05 06:00:00,0.0,0.0,582.4784048572396,0.0,186.163522012579,0.0,0.0
2019-11-05 07:00:00,258.301886792452,702.767295597484,998.301886792453,4032.76729559748,186.163522012579,518.930817610063,702.767295597484
2019-11-05 08:00:00,258.301886792452,702.767295597484,998.301886792453,4032.76729559748,186.163522012579,518.930817610063,702.767295597484
2019-11-05 09:00:00,258.301886792452,702.767295597484,998.301886792453,4032.76729559748,186.163522012579,518.930817610063,702.767295597484
2019-11-05 10:00:00,258.301886792452,702.767295597484,998.301886792453,4032.76729559748,186.163522012579,518.930817610063,702.767295597484
2019-11-05 11:00:00,258.301886792452,702.767295597484,998.301886792453,4032.76729559748,186.163522012579,518.930817610063,702.767295597484
2019-11-05 12:00:00,258.301886792452,702.767295597484,998.301886792453,4032.76729559748,186.163522012579,518.930817610063,702.767295597484
2019-11-05 13:00:00,258.301886792452,702.767295597484,998.301886792453,4032.76729559748,186.163522012579,518.930817610063,702.767295597484
2019-11-05 14:00:00,258.301886792452,702.767295597484,998.301886792453,755.1871757381889,186.163522012579,518.930817610063,702.767295597484
2019-11-05 15:00:00,258.301886792452,0.0,998.301886792453,0.0,186.163522012579,518.930817610063,702.767295597484
2019-11-05 16:00:00,258.301886792452,0.0,998.301886792453,0.0,186.163522012579,0.0,499.8056017906665
2019-11-05 17:00:00,0.0,0.0,998.301886792453,0.0,186.163522012579,0.0,652.8902268607665
2019-11-05 18:00:00,60.4951898313725,0.0,998.301886792453,0.0,186.163522012579,0.0,702.767295597484
2019-11-05 19:00:00,258.301886792452,0.0,998.301886792453,0.0,186.163522012579,518.930817610063,702.767295597484
2019-11-05 20:00:00,258.301886792452,0.0,998.301886792453,0.0,186.163522012579,518.930817610063,702.767295597484
2019-11-05 21:00:00,258.301886792452,0.0,998.301886792453,3293.857618927612,186.163522012579,518.930817610063,702.767295597484
2019-11-05 22:00:00,258.301886792452,0.0,998.301886792453,2091.555081747733,186.163522012579,518.930817610063,702.767295597484
2019-11-05 23:00:00,258.301886792452,702.767295597484,998.301886792453,3511.29558072745,186.163522012579,518.930817610063,702.767295597484
2019-11-06 00:00:00,258.301886792452,702.767295597484,998.301886792453,4032.76729559748,186.163522012579,518.930817610063,702.767295597484
2019-11-06 01:00:00,258.301886792452,702.767295597484,998.301886792453,4032.76729559748,186.163522012579,518.930817610063,702.767295597484
2019-11-06 02:00:00,258.301886792452,702.767295597484,998.301886792453,4032.76729559748,186.163522012579,0.0,0.0
2019-11-06 03:00:00,258.301886792452,702.767295597484,0.0,4032.76729559748,186.163522012579,0.0,0.0
2019-11-06 04:00:00,258.301886792452,323.13994146690357,0.0,4032.76729559748,186.163522012579,0.0,0.0
2019-11-06 05:00:00,0.0,702.767295597484,0.0,71.20821701334967,186.163522012579,0.0,0.0
2019-11-06 06:00:00,0.0,0.0,0.0,0.0,186.163522012579,0.0,0.0
2019-11-06 07:00:00,0.0,702.767295597484,0.0,0.0,186.163522012579,0.0,0.0
2019-11-06 08:00:00,258.301886792452,0.0,998.301886792453,4032.76729559748,186.163522012579,188.68737198515828,702.767295597484
2019-11-06 09:00:00,258.301886792452,702.767295597484,998.301886792453,2054.858256228862,186.163522012579,518.930817610063,702.767295597484
2019-11-06 10:00:00,258.301886792452,702.767295597484,998.301886792453,4032.76729559748,186.163522012579,518.930817610063,702.767295597484
2019-11-06 11:00:00,258.301886792452,167.4996682597066,566.6251646465689,4032.76729559748,186.163522012579,0.0,702.767295597484
2019-11-06 12:00:00,0.0,0.0,0.0,4032.76729559748,186.163522012579,0.0,0.0
2019-11-06 13:00:00,0.0,702.767295597484,0.0,1402.4053780102818,186.163522012579,0.0,0.0
2019-11-06 14:00:00,0.0,0.0,0.0,0.0,186.163522012579,0.0,0.0
2019-11-06 15:00:00,0.0,0.0,0.0,0.0,186.163522012579,0.0,0.0
2019-11-06 16:00:00,0.0,0.0,0.0,0.0,186.163522012579,0.0,0.0
2019-11-06 17:00:00,0.0,0.0,0.0,0.0,186.163522012579,0.0,0.0
2019-11-06 18:00:00,0.0,0.0,0.0,0.0,186.163522012579,0.0,0.0
2019-11-06 19:00:00,0.0,0.0,0.0,0.0,186.163522012579,0.0,0.0
2019-11-06 20:00:00,0.0,0.0,0.0,0.0,186.163522012579,0.0,0.0
2019-11-06 21:00:00,0.0,0.0,0.0,0.0,186.163522012579,0.0,0.0
2019-11-06 22:00:00,0.0,0.0,0.0,0.0,186.163522012579,0.0,0.0
2019-11-06 23:00:00,0.0,0.0,0.0,0.0,186.163522012579,0.0,0.0
2019-11-07 00:00:00,0.0,0.0,0.0,0.0,186.163522012579,0.0,0.0
2019-11-07 01:00:00,0.0,0.0,0.0,0.0,186.163522012579,0.0,0.0
2019-11-07 02:00:00,0.0,0.0,0.0,0.0,186.163522012579,0.0,0.0
2019-11-07 03:00:00,0.0,0.0,0.0,0.0,186.163522012579,0.0,0.0
2019-11-07 04:00:00,0.0,0.0,0.0,0.0,186.163522012579,0.0,0.0
2019-11-07 05:00:00,0.0,0.0,0.0,0.0,186.163522012579,0.0,0.0
2019-11-07 06:00:00,0.0,0.0,0.0,0.0,186.163522012579,0.0,0.0
2019-11-07 07:00:00,0.0,0.0,0.0,4032.76729559748,186.163522012579,0.0,0.0
2019-11-07 08:00:00,0.0,702.767295597484,0.0,4032.76729559748,186.163522012579,0.0,84.70603228481559
2019-11-07 09:00:00,258.301886792452,702.767295597484,998.301886792453,4032.76729559748,186.163522012579,518.930817610063,702.767295597484
2019-11-07 10:00:00,258.301886792452,702.767295597484,998.301886792453,4032.76729559748,186.163522012579,518.930817610063,702.767295597484
2019-11-07 11:00:00,258.301886792452,702.767295597484,998.301886792453,4032.76729559748,186.163522012579,518.930817610063,702.767295597484
2019-11-07 12:00:00,258.301886792452,702.767295597484,998.301886792453,4032.76729559748,186.163522012579,518.930817610063,702.767295597484
2019-11-07 13:00:00,258.301886792452,702.767295597484,0.0,3065.3328746888265,186.163522012579,518.930817610063,166.45296776506893
2019-11-07 14:00:00,0.0,0.0,0.0,0.0,0.0,0.0,0.0
2019-11-07 15:00:00,0.0,0.0,0.0,0.0,0.0,0.0,0.0
2019-11-07 16:00:00,0.0,0.0,0.0,0.0,0.0,0.0,0.0
2019-11-07 17:00:00,0.0,0.0,0.0,0.0,0.0,0.0,0.0
2019-11-07 18:00:00,0.0,0.0,0.0,0.0,0.0,0.0,0.0
2019-11-07 19:00:00,0.0,0.0,0.0,0.0,0.0,0.0,0.0
2019-11-07 20:00:00,0.0,0.0,0.0,0.0,0.0,0.0,0.0
2019-11-07 21:00:00,0.0,702.767295597484,0.0,2632.8050290670917,0.0,0.0,0.0
2019-11-07 22:00:00,0.0,0.0,0.0,0.0,0.0,0.0,0.0
2019-11-07 23:00:00,0.0,0.0,0.0,3522.055071873604,0.0,0.0,0.0
2019-11-08 00:00:00,0.0,702.767295597484,0.0,1769.404208957818,0.0,0.0,0.0
2019-11-08 01:00:00,0.0,702.767295597484,0.0,4032.76729559748,0.0,0.0,0.0
2019-11-08 02:00:00,0.0,702.767295597484,0.0,4032.76729559748,0.0,0.0,0.0
2019-11-08 03:00:00,0.0,702.767295597484,0.0,4032.76729559748,0.0,0.0,0.0
2019-11-08 04:00:00,0.0,0.0,0.0,3203.209615390684,0.0,0.0,0.0
2019-11-08 05:00:00,0.0,0.0,0.0,0.0,0.0,0.0,0.0
2019-11-08 06:00:00,0.0,0.0,0.0,0.0,0.0,0.0,0.0
2019-11-08 07:00:00,258.301886792452,0.0,998.301886792453,0.0,0.0,518.930817610063,702.767295597484
2019-11-08 08:00:00,258.301886792452,0.0,998.301886792453,0.0,0.0,518.930817610063,702.767295597484
2019-11-08 09:00:00,258.301886792452,702.767295597484,998.301886792453,4032.76729559748,0.0,518.930817610063,702.767295597484
2019-11-08 10:00:00,258.301886792452,702.767295597484,998.301886792453,4032.76729559748,0.0,518.930817610063,702.767295597484
2019-11-08 11:00:00,258.301886792452,702.767295597484,998.301886792453,4032.76729559748,0.0,518.930817610063,702.767295597484
2019-11-08 12:00:00,258.301886792452,702.767295597484,998.301886792453,4032.76729559748,0.0,518.930817610063,702.767295597484
2019-11-08 13:00:00,258.301886792452,702.767295597484,998.301886792453,4032.76729559748,0.0,518.930817610063,702.767295597484
2019-11-08 14:00:00,0.0,0.0,809.0512801019185,0.0,0.0,0.0,702.767295597484
2019-11-08 15:00:00,0.0,0.0,0.0,0.0,0.0,0.0,0.0
2019-11-08 16:00:00,0.0,0.0,0.0,0.0,0.0,0.0,0.0
2019-11-08 17:00:00,0.0,0.0,0.0,0.0,0.0,0.0,0.0
2019-11-08 18:00:00,0.0,0.0,0.0,0.0,0.0,0.0,0.0
2019-11-08 19:00:00,0.0,0.0,0.0,0.0,0.0,0.0,0.0
2019-11-08 20:00:00,0.0,0.0,0.0,0.0,0.0,0.0,0.0
2019-11-08 21:00:00,0.0,0.0,0.0,4032.76729559748,0.0,0.0,0.0
2019-11-08 22:00:00,0.0,105.2488747578559,0.0,4032.76729559748,0.0,0.0,0.0
2019-11-08 23:00:00,0.0,0.0,0.0,2624.4223824279325,0.0,0.0,0.0
2019-11-09 00:00:00,0.0,702.767295597484,0.0,4032.76729559748,0.0,0.0,0.0
2019-11-09 01:00:00,0.0,702.767295597484,0.0,4032.76729559748,0.0,0.0,0.0
2019-11-09 02:00:00,0.0,702.767295597484,0.0,1802.5991858790137,0.0,0.0,0.0
2019-11-09 03:00:00,0.0,702.767295597484,0.0,4032.76729559748,0.0,0.0,0.0
2019-11-09 04:00:00,0.0,702.767295597484,0.0,2856.4154282942914,0.0,0.0,0.0
2019-11-09 05:00:00,0.0,702.767295597484,0.0,3599.201574296677,0.0,0.0,0.0
2019-11-09 06:00:00,0.0,702.767295597484,0.0,4032.76729559748,0.0,0.0,0.0
2019-11-09 07:00:00,258.301886792452,702.767295597484,998.301886792453,4032.76729559748,0.0,518.930817610063,702.767295597484
2019-11-09 08:00:00,258.301886792452,702.767295597484,998.301886792453,4032.76729559748,0.0,518.930817610063,702.767295597484
2019-11-09 09:00:00,258.301886792452,702.767295597484,998.301886792453,4032.76729559748,0.0,518.930817610063,702.767295597484
2019-11-09 10:00:00,258.301886792452,702.767295597484,998.301886792453,4032.76729559748,0.0,518.930817610063,702.767295597484
2019-11-09 11:00:00,258.301886792452,702.767295597484,998.301886792453,4032.76729559748,0.0,518.930817610063,702.767295597484
2019-11-09 12:00:00,258.301886792452,702.767295597484,998.301886792453,4032.76729559748,0.0,518.930817610063,702.767295597484
2019-11-09 13:00:00,258.301886792452,702.767295597484,998.301886792453,4032.76729559748,0.0,518.930817610063,702.767295597484
2019-11-09 14:00:00,258.301886792452,702.767295597484,998.301886792453,4032.76729559748,0.0,518.930817610063,702.767295597484
2019-11-09 15:00:00,0.0,291.43138010254916,0.0,4032.76729559748,0.0,518.930817610063,0.0
2019-11-09 16:00:00,0.0,0.0,0.0,4032.76729559748,0.0,518.930817610063,0.0
2019-11-09 17:00:00,0.0,0.0,0.0,0.0,0.0,518.930817610063,0.0
2019-11-09 18:00:00,0.0,702.767295597484,0.0,812.8369124605613,0.0,518.930817610063,0.0
2019-11-09 19:00:00,0.0,702.767295597484,0.0,2572.3616391469195,0.0,518.930817610063,0.0
2019-11-09 20:00:00,0.0,702.767295597484,0.0,2624.7860629082497,0.0,85.82866479928907,0.0
2019-11-09 21:00:00,0.0,702.767295597484,0.0,2965.405894863389,0.0,518.930817610063,0.0
2019-11-09 22:00:00,0.0,169.56759672590533,0.0,4032.76729559748,0.0,518.930817610063,0.0
2019-11-09 23:00:00,0.0,702.767295597484,0.0,4032.76729559748,0.0,518.930817610063,0.0
2019-11-10 00:00:00,0.0,702.767295597484,0.0,4032.76729559748,0.0,518.930817610063,0.0
2019-11-10 01:00:00,0.0,702.767295597484,0.0,4032.76729559748,0.0,518.930817610063,0.0
2019-11-10 02:00:00,0.0,702.767295597484,0.0,4032.76729559748,0.0,518.930817610063,0.0
2019-11-10 03:00:00,0.0,702.767295597484,0.0,4032.76729559748,0.0,0.0,0.0
2019-11-10 04:00:00,0.0,702.767295597484,0.0,4032.76729559748,0.0,0.0,0.0
2019-11-10 05:00:00,0.0,702.767295597484,0.0,4032.76729559748,0.0,0.0,0.0
2019-11-10 06:00:00,0.0,702.767295597484,0.0,4032.76729559748,0.0,0.0,0.0
2019-11-10 07:00:00,258.301886792452,702.767295597484,998.301886792453,4032.76729559748,0.0,518.930817610063,702.767295597484
2019-11-10 08:00:00,258.301886792452,702.767295597484,998.301886792453,4032.76729559748,186.163522012579,518.930817610063,702.767295597484
2019-11-10 09:00:00,258.301886792452,702.767295597484,998.301886792453,4032.76729559748,186.163522012579,518.930817610063,702.767295597484
2019-11-10 10:00:00,258.301886792452,702.767295597484,998.301886792453,4032.76729559748,186.163522012579,518.930817610063,702.767295597484
2019-11-10 11:00:00,258.301886792452,702.767295597484,998.301886792453,4032.76729559748,186.163522012579,518.930817610063,702.767295597484
2019-11-10 12:00:00,258.301886792452,702.767295597484,998.301886792453,4032.76729559748,186.163522012579,518.930817610063,702.767295597484
2019-11-10 13:00:00,258.301886792452,702.767295597484,998.301886792453,4032.76729559748,186.163522012579,518.930817610063,702.767295597484
2019-11-10 14:00:00,258.301886792452,702.767295597484,998.301886792453,4032.76729559748,0.0,518.930817610063,702.767295597484
2019-11-10 15:00:00,0.0,0.0,0.0,206.8779096402243,0.0,0.0,0.0
2019-11-10 16:00:00,0.0,0.0,0.0,0.0,0.0,0.0,0.0
2019-11-10 17:00:00,0.0,0.0,0.0,0.0,0.0,0.0,0.0
2019-11-10 18:00:00,0.0,0.0,0.0,0.0,0.0,0.0,0.0
2019-11-10 19:00:00,0.0,0.0,0.0,0.0,0.0,0.0,0.0
2019-11-10 20:00:00,0.0,0.0,0.0,2911.981661446791,0.0,0.0,0.0
2019-11-10 21:00:00,0.0,702.767295597484,0.0,2889.4999151061556,0.0,13.55888995647183,0.0
2019-11-10 22:00:00,0.0,666.631603465582,0.0,4032.76729559748,0.0,0.0,0.0
2019-11-10 23:00:00,0.0,702.767295597484,998.301886792453,4032.76729559748,0.0,0.0,136.01084311275554
2019-11-11 00:00:00,258.301886792452,702.767295597484,998.301886792453,4032.76729559748,0.0,0.0,702.767295597484
2019-11-11 01:00:00,245.02314611812608,702.767295597484,998.301886792453,4032.76729559748,0.0,0.0,0.0
2019-11-11 02:00:00,0.0,702.767295597484,0.0,4032.76729559748,0.0,0.0,0.0
2019-11-11 03:00:00,0.0,702.767295597484,0.0,4032.76729559748,0.0,0.0,0.0
2019-11-11 04:00:00,0.0,702.767295597484,0.0,4032.76729559748,0.0,0.0,0.0
2019-11-11 05:00:00,0.0,0.0,0.0,4032.76729559748,0.0,0.0,0.0
2019-11-11 06:00:00,0.0,0.0,0.0,0.0,0.0,0.0,0.0
2019-11-11 07:00:00,0.0,0.0,0.0,0.0,0.0,0.0,0.0
2019-11-11 08:00:00,258.301886792452,0.0,998.301886792453,0.0,0.0,518.930817610063,702.767295597484
2019-11-11 09:00:00,258.301886792452,0.0,998.301886792453,3522.6603439353203,0.0,518.930817610063,702.767295597484
2019-11-11 10:00:00,258.301886792452,702.767295597484,998.301886792453,4032.76729559748,0.0,518.930817610063,702.767295597484
2019-11-11 11:00:00,258.301886792452,702.767295597484,998.301886792453,4032.76729559748,0.0,518.930817610063,702.767295597484
2019-11-11 12:00:00,258.301886792452,24.662769854899125,998.301886792453,1295.4455184187805,0.0,518.930817610063,702.767295597484
2019-11-11 13:00:00,258.301886792452,0.0,998.301886792453,0.0,0.0,0.0,0.0
2019-11-11 14:00:00,0.0,0.0,0.0,0.0,0.0,0.0,0.0
2019-11-11 15:00:00,0.0,0.0,0.0,0.0,0.0,0.0,0.0
2019-11-11 16:00:00,0.0,0.0,0.0,0.0,0.0,0.0,0.0
2019-11-11 17:00:00,0.0,0.0,0.0,0.0,0.0,0.0,0.0
2019-11-11 18:00:00,0.0,0.0,0.0,0.0,0.0,0.0,0.0
2019-11-11 19:00:00,0.0,0.0,0.0,0.0,0.0,0.0,0.0
2019-11-11 20:00:00,0.0,0.0,0.0,0.0,0.0,0.0,0.0
2019-11-11 21:00:00,0.0,0.0,0.0,0.0,0.0,0.0,0.0
2019-11-11 22:00:00,0.0,0.0,0.0,4032.76729559748,0.0,0.0,0.0
2019-11-11 23:00:00,0.0,0.0,0.0,920.3831036292668,0.0,0.0,0.0
2019-11-12 00:00:00,0.0,341.6174534362344,0.0,4032.76729559748,0.0,0.0,0.0
2019-11-12 01:00:00,258.301886792452,702.767295597484,0.0,2702.3179539823554,0.0,0.0,567.4005312263868
2019-11-12 02:00:00,258.301886792452,248.4610639015691,998.301886792453,4032.76729559748,0.0,208.25373305571455,702.767295597484
2019-11-12 03:00:00,258.301886792452,0.0,998.301886792453,3577.895445915269,0.0,453.7678397348768,702.767295597484
2019-11-12 04:00:00,258.301886792452,702.767295597484,998.301886792453,1237.9481823126057,0.0,518.930817610063,702.767295597484
2019-11-12 05:00:00,258.301886792452,0.0,998.301886792453,0.0,0.0,518.930817610063,702.767295597484
2019-11-12 06:00:00,258.301886792452,0.0,998.301886792453,0.0,0.0,518.930817610063,702.767295597484
2019-11-12 07:00:00,258.301886792452,0.0,998.301886792453,0.0,0.0,518.930817610063,702.767295597484
2019-11-12 08:00:00,258.301886792452,0.0,998.301886792453,0.0,186.163522012579,518.930817610063,702.767295597484
2019-11-12 09:00:00,258.301886792452,702.767295597484,998.301886792453,0.0,186.163522012579,518.930817610063,702.767295597484
2019-11-12 10:00:00,258.301886792452,702.767295597484,998.301886792453,2103.0725237131423,186.163522012579,518.930817610063,702.767295597484
2019-11-12 11:00:00,258.301886792452,702.767295597484,998.301886792453,3585.8109216342073,186.163522012579,518.930817610063,702.767295597484
2019-11-12 12:00:00,258.301886792452,329.568080827265,998.301886792453,4032.76729559748,186.163522012579,518.930817610063,702.767295597484
2019-11-12 13:00:00,258.301886792452,0.0,754.5962188202619,0.0,186.163522012579,518.930817610063,702.767295597484
2019-11-12 14:00:00,258.301886792452,0.0,430.1776622578899,0.0,186.163522012579,518.930817610063,702.767295597484
2019-11-12 15:00:00,258.301886792452,0.0,0.0,0.0,186.163522012579,518.930817610063,702.767295597484
2019-11-12 16:00:00,258.301886792452,0.0,0.0,0.0,186.163522012579,518.930817610063,702.767295597484
2019-11-12 17:00:00,258.301886792452,0.0,0.0,0.0,186.163522012579,518.930817610063,702.767295597484
2019-11-12 18:00:00,258.301886792452,0.0,0.0,0.0,186.163522012579,518.930817610063,702.767295597484
2019-11-12 19:00:00,258.301886792452,0.0,0.0,0.0,186.163522012579,518.930817610063,702.767295597484
2019-11-12 20:00:00,258.301886792452,0.0,0.0,0.0,186.163522012579,518.930817610063,702.767295597484
2019-11-12 21:00:00,258.301886792452,702.767295597484,151.22320117657995,4032.76729559748,186.163522012579,518.930817610063,702.767295597484
2019-11-12 22:00:00,258.301886792452,702.767295597484,490.9406424459693,2178.300804763956,186.163522012579,518.930817610063,702.767295597484
2019-11-12 23:00:00,258.301886792452,66.20444496114624,355.83420367002566,4032.76729559748,186.163522012579,518.930817610063,702.767295597484
2019-11-13 00:00:00,258.301886792452,702.767295597484,489.3096374047808,2312.8719923482336,186.163522012579,518.930817610063,702.767295597484
2019-11-13 01:00:00,258.301886792452,0.0,344.02474411921406,2287.8702643995207,186.163522012579,518.930817610063,702.767295597484
2019-11-13 02:00:00,258.301886792452,0.0,0.0,2287.773077351573,186.163522012579,518.930817610063,702.767295597484
2019-11-13 03:00:00,258.301886792452,0.0,0.0,1963.339459828915,186.163522012579,518.930817610063,702.767295597484
2019-11-13 04:00:00,258.301886792452,702.767295597484,0.0,3131.0735983321074,186.163522012579,518.930817610063,702.767295597484
2019-11-13 05:00:00,258.301886792452,0.0,0.0,0.0,186.163522012579,518.930817610063,702.767295597484
2019-11-13 06:00:00,258.301886792452,0.0,0.0,0.0,186.163522012579,518.930817610063,702.767295597484
2019-11-13 07:00:00,258.301886792452,0.0,941.3151970321396,0.0,186.163522012579,518.930817610063,702.767295597484
2019-11-13 08:00:00,258.301886792452,702.767295597484,998.301886792453,4032.76729559748,186.163522012579,518.930817610063,702.767295597484
2019-11-13 09:00:00,258.301886792452,702.767295597484,998.301886792453,4032.76729559748,186.163522012579,518.930817610063,702.767295597484
2019-11-13 10:00:00,258.301886792452,702.767295597484,998.301886792453,4032.76729559748,186.163522012579,518.930817610063,702.767295597484
2019-11-13 11:00:00,258.301886792452,702.767295597484,998.301886792453,4032.76729559748,186.163522012579,518.930817610063,702.767295597484
2019-11-13 12:00:00,258.301886792452,702.767295597484,998.301886792453,4032.76729559748,186.163522012579,518.930817610063,702.767295597484
2019-11-13 13:00:00,258.301886792452,702.767295597484,998.301886792453,4032.76729559748,186.163522012579,518.930817610063,702.767295597484
2019-11-13 14:00:00,0.0,0.0,998.301886792453,2278.3738559956237,186.163522012579,518.930817610063,114.37582751946138
2019-11-13 15:00:00,0.0,0.0,0.0,0.0,160.5427395401744,0.0,0.0
2019-11-13 16:00:00,0.0,0.0,0.0,0.0,0.0,0.0,0.0
2019-11-13 17:00:00,0.0,0.0,0.0,0.0,0.0,0.0,0.0
2019-11-13 18:00:00,0.0,0.0,0.0,0.0,0.0,0.0,0.0
2019-11-13 19:00:00,0.0,0.0,0.0,0.0,0.0,0.0,0.0
2019-11-13 20:00:00,0.0,0.0,0.0,0.0,0.0,0.0,0.0
2019-11-13 21:00:00,0.0,0.0,0.0,0.0,0.0,0.0,0.0
2019-11-13 22:00:00,0.0,0.0,0.0,0.0,0.0,0.0,0.0
2019-11-13 23:00:00,0.0,0.0,0.0,0.0,0.0,0.0,0.0
2019-11-14 00:00:00,0.0,0.0,0.0,0.0,0.0,0.0,0.0
2019-11-14 01:00:00,0.0,0.0,0.0,0.0,0.0,0.0,0.0
2019-11-14 02:00:00,0.0,0.0,0.0,0.0,0.0,0.0,0.0
2019-11-14 03:00:00,0.0,0.0,0.0,0.0,0.0,0.0,0.0
2019-11-14 04:00:00,0.0,0.0,0.0,0.0,0.0,0.0,0.0
2019-11-14 05:00:00,0.0,0.0,0.0,0.0,0.0,0.0,0.0
2019-11-14 06:00:00,0.0,0.0,0.0,0.0,0.0,0.0,0.0
2019-11-14 07:00:00,0.0,0.0,0.0,0.0,0.0,0.0,0.0
2019-11-14 08:00:00,0.0,0.0,0.0,1383.8664251275814,0.0,0.0,0.0
2019-11-14 09:00:00,0.0,702.767295597484,0.0,4032.76729559748,0.0,0.0,0.0
2019-11-14 10:00:00,258.301886792452,702.767295597484,998.301886792453,4032.76729559748,0.0,518.930817610063,702.767295597484
2019-11-14 11:00:00,258.301886792452,702.767295597484,998.301886792453,4032.76729559748,0.0,518.930817610063,702.767295597484
2019-11-14 12:00:00,0.0,702.767295597484,0.0,4032.76729559748,0.0,0.0,0.0
2019-11-14 13:00:00,0.0,0.0,0.0,0.0,0.0,0.0,0.0
2019-11-14 14:00:00,0.0,0.0,0.0,0.0,0.0,0.0,0.0
2019-11-14 15:00:00,0.0,0.0,0.0,0.0,0.0,0.0,0.0
2019-11-14 16:00:00,0.0,0.0,0.0,0.0,0.0,0.0,0.0
2019-11-14 17:00:00,0.0,0.0,0.0,0.0,0.0,0.0,0.0
2019-11-14 18:00:00,0.0,0.0,0.0,0.0,0.0,0.0,0.0
2019-11-14 19:00:00,0.0,0.0,0.0,0.0,0.0,0.0,0.0
2019-11-14 20:00:00,0.0,0.0,0.0,0.0,0.0,0.0,0.0
2019-11-14 21:00:00,0.0,0.0,0.0,0.0,0.0,0.0,0.0
2019-11-14 22:00:00,0.0,0.0,0.0,0.0,0.0,0.0,0.0
2019-11-14 23:00:00,0.0,0.0,0.0,0.0,0.0,0.0,0.0
2019-11-15 00:00:00,0.0,0.0,0.0,0.0,0.0,0.0,0.0
2019-11-15 01:00:00,0.0,0.0,0.0,1073.545895703659,0.0,0.0,0.0
2019-11-15 02:00:00,0.0,0.0,0.0,4032.76729559748,0.0,0.0,0.0
2019-11-15 03:00:00,0.0,0.0,0.0,0.0,0.0,0.0,0.0
2019-11-15 04:00:00,0.0,0.0,998.301886792453,0.0,0.0,0.0,0.0
2019-11-15 05:00:00,0.0,0.0,0.0,0.0,0.0,0.0,0.0
2019-11-15 06:00:00,0.0,0.0,998.301886792453,0.0,0.0,0.0,0.0
2019-11-15 07:00:00,258.301886792452,0.0,998.301886792453,0.0,186.163522012579,518.930817610063,702.767295597484
2019-11-15 08:00:00,258.301886792452,0.0,998.301886792453,0.0,186.163522012579,518.930817610063,702.767295597484
2019-11-15 09:00:00,258.301886792452,0.0,998.301886792453,0.0,186.163522012579,518.930817610063,702.767295597484
2019-11-15 10:00:00,258.301886792452,702.767295597484,998.301886792453,2758.245705682932,186.163522012579,518.930817610063,702.767295597484
2019-11-15 11:00:00,258.301886792452,0.0,998.301886792453,1615.694688208406,186.163522012579,518.930817610063,702.767295597484
2019-11-15 12:00:00,258.301886792452,702.767295597484,998.301886792453,3863.545825149819,186.163522012579,518.930817610063,702.767295597484
2019-11-15 13:00:00,258.301886792452,0.0,998.301886792453,0.0,186.163522012579,518.930817610063,702.767295597484
2019-11-15 14:00:00,258.301886792452,0.0,998.301886792453,0.0,186.163522012579,518.930817610063,702.767295597484
2019-11-15 15:00:00,258.301886792452,0.0,998.301886792453,0.0,186.163522012579,518.930817610063,702.767295597484
2019-11-15 16:00:00,258.301886792452,0.0,998.301886792453,0.0,186.163522012579,518.930817610063,702.767295597484
2019-11-15 17:00:00,258.301886792452,0.0,998.301886792453,0.0,186.163522012579,518.930817610063,702.767295597484
2019-11-15 18:00:00,258.301886792452,0.0,998.301886792453,0.0,186.163522012579,518.930817610063,702.767295597484
2019-11-15 19:00:00,258.301886792452,0.0,998.301886792453,0.0,186.163522012579,518.930817610063,702.767295597484
2019-11-15 20:00:00,258.301886792452,0.0,998.301886792453,0.0,186.163522012579,518.930817610063,702.767295597484
2019-11-15 21:00:00,258.301886792452,0.0,998.301886792453,0.0,186.163522012579,518.930817610063,702.767295597484
2019-11-15 22:00:00,258.301886792452,702.767295597484,998.301886792453,4032.76729559748,186.163522012579,518.930817610063,702.767295597484
2019-11-15 23:00:00,258.301886792452,0.0,998.301886792453,2190.8923924638866,186.163522012579,518.930817610063,702.767295597484
2019-11-16 00:00:00,258.301886792452,0.0,998.301886792453,4032.76729559748,186.163522012579,518.930817610063,702.767295597484
2019-11-16 01:00:00,258.301886792452,255.0201469129479,998.301886792453,4032.76729559748,186.163522012579,518.930817610063,702.767295597484
2019-11-16 02:00:00,258.301886792452,702.767295597484,998.301886792453,3836.9467735280487,186.163522012579,518.930817610063,702.767295597484
2019-11-16 03:00:00,258.301886792452,272.4775694390637,998.301886792453,4032.76729559748,186.163522012579,518.930817610063,702.767295597484
2019-11-16 04:00:00,258.301886792452,702.767295597484,998.301886792453,4032.76729559748,186.163522012579,518.930817610063,702.767295597484
2019-11-16 05:00:00,258.301886792452,0.0,998.301886792453,2806.8990645727645,186.163522012579,518.930817610063,702.767295597484
2019-11-16 06:00:00,258.301886792452,0.0,998.301886792453,0.0,186.163522012579,518.930817610063,702.767295597484
2019-11-16 07:00:00,258.301886792452,702.767295597484,998.301886792453,2233.5800603228995,186.163522012579,518.930817610063,702.767295597484
2019-11-16 08:00:00,258.301886792452,702.767295597484,998.301886792453,4032.76729559748,186.163522012579,518.930817610063,702.767295597484
2019-11-16 09:00:00,258.301886792452,702.767295597484,998.301886792453,4032.76729559748,186.163522012579,518.930817610063,702.767295597484
2019-11-16 10:00:00,258.301886792452,702.767295597484,998.301886792453,4032.76729559748,186.163522012579,518.930817610063,702.767295597484
2019-11-16 11:00:00,258.301886792452,702.767295597484,998.301886792453,4032.76729559748,186.163522012579,518.930817610063,702.767295597484
2019-11-16 12:00:00,258.301886792452,702.767295597484,998.301886792453,4032.76729559748,186.163522012579,518.930817610063,702.767295597484
2019-11-16 13:00:00,258.301886792452,702.767295597484,998.301886792453,4032.76729559748,186.163522012579,518.930817610063,702.767295597484
2019-11-16 14:00:00,258.301886792452,0.0,998.301886792453,1920.6396318699194,186.163522012579,518.930817610063,702.767295597484
2019-11-16 15:00:00,258.301886792452,0.0,998.301886792453,0.0,186.163522012579,518.930817610063,702.767295597484
2019-11-16 16:00:00,258.301886792452,0.0,998.301886792453,0.0,186.163522012579,518.930817610063,702.767295597484
2019-11-16 17:00:00,258.301886792452,0.0,998.301886792453,0.0,186.163522012579,518.930817610063,702.767295597484
2019-11-16 18:00:00,258.301886792452,702.767295597484,998.301886792453,0.0,186.163522012579,518.930817610063,702.767295597484
2019-11-16 19:00:00,258.301886792452,0.0,998.301886792453,0.0,186.163522012579,518.930817610063,702.767295597484
2019-11-16 20:00:00,258.301886792452,0.0,998.301886792453,0.0,186.163522012579,518.930817610063,702.767295597484
2019-11-16 21:00:00,258.301886792452,0.0,998.301886792453,0.0,186.163522012579,518.930817610063,702.767295597484
2019-11-16 22:00:00,258.301886792452,0.0,998.301886792453,0.0,186.163522012579,518.930817610063,702.767295597484
2019-11-16 23:00:00,258.301886792452,0.0,998.301886792453,2624.218054840756,186.163522012579,518.930817610063,702.767295597484
2019-11-17 00:00:00,258.301886792452,221.8476278883154,998.301886792453,3915.969526252672,186.163522012579,518.930817610063,702.767295597484
2019-11-17 01:00:00,258.301886792452,702.767295597484,998.301886792453,829.000672675591,186.163522012579,518.930817610063,702.767295597484
2019-11-17 02:00:00,258.301886792452,702.767295597484,998.301886792453,4032.76729559748,186.163522012579,518.930817610063,702.767295597484
2019-11-17 03:00:00,258.301886792452,702.767295597484,998.301886792453,4032.76729559748,186.163522012579,518.930817610063,702.767295597484
2019-11-17 04:00:00,258.301886792452,702.767295597484,998.301886792453,4032.76729559748,186.163522012579,518.930817610063,702.767295597484
2019-11-17 05:00:00,258.301886792452,702.767295597484,998.301886792453,4032.76729559748,186.163522012579,518.930817610063,702.767295597484
2019-11-17 06:00:00,258.301886792452,702.767295597484,998.301886792453,4032.76729559748,186.163522012579,518.930817610063,702.767295597484
2019-11-17 07:00:00,258.301886792452,702.767295597484,998.301886792453,4032.76729559748,186.163522012579,518.930817610063,702.767295597484
2019-11-17 08:00:00,258.301886792452,702.767295597484,998.301886792453,4032.76729559748,186.163522012579,518.930817610063,702.767295597484
2019-11-17 09:00:00,258.301886792452,702.767295597484,998.301886792453,4032.76729559748,186.163522012579,518.930817610063,702.767295597484
2019-11-17 10:00:00,258.301886792452,702.767295597484,998.301886792453,4032.76729559748,186.163522012579,518.930817610063,702.767295597484
2019-11-17 11:00:00,258.301886792452,702.767295597484,998.301886792453,4032.76729559748,186.163522012579,518.930817610063,702.767295597484
2019-11-17 12:00:00,258.301886792452,702.767295597484,998.301886792453,4032.76729559748,186.163522012579,518.930817610063,702.767295597484
2019-11-17 13:00:00,258.301886792452,702.767295597484,998.301886792453,4032.76729559748,186.163522012579,518.930817610063,702.767295597484
2019-11-17 14:00:00,258.301886792452,702.767295597484,998.301886792453,4032.76729559748,186.163522012579,518.930817610063,702.767295597484
2019-11-17 15:00:00,258.301886792452,0.0,998.1920452869405,1018.5086301614756,186.163522012579,518.930817610063,702.767295597484
2019-11-17 16:00:00,258.301886792452,0.0,136.7251114568859,0.0,186.163522012579,518.930817610063,702.767295597484
2019-11-17 17:00:00,258.301886792452,0.0,0.0,0.0,0.0,0.0,441.52834283534474
2019-11-17 18:00:00,113.58579214130101,0.0,0.0,0.0,0.0,0.0,0.0
2019-11-17 19:00:00,0.0,0.0,0.0,0.0,0.0,0.0,0.0
2019-11-17 20:00:00,0.0,0.0,0.0,0.0,0.0,0.0,0.0
2019-11-17 21:00:00,0.0,702.767295597484,185.04842168172763,0.0,0.0,0.0,0.0
2019-11-17 22:00:00,0.0,702.767295597484,0.0,0.0,0.0,0.0,0.0
2019-11-17 23:00:00,0.0,0.0,0.0,4032.76729559748,0.0,0.0,0.0
2019-11-18 00:00:00,0.0,702.767295597484,0.0,2793.353868102159,0.0,0.0,0.0
2019-11-18 01:00:00,0.0,702.767295597484,0.0,3300.0099821224594,0.0,0.0,0.0
2019-11-18 02:00:00,0.0,702.767295597484,0.0,1176.4093740312087,0.0,0.0,0.0
2019-11-18 03:00:00,0.0,69.0414575361574,0.0,0.0,0.0,0.0,0.0
2019-11-18 04:00:00,0.0,0.0,0.0,0.0,0.0,0.0,0.0
2019-11-18 05:00:00,0.0,0.0,0.0,0.0,0.0,0.0,0.0
2019-11-18 06:00:00,0.0,0.0,0.0,0.0,0.0,0.0,0.0
2019-11-18 07:00:00,0.0,0.0,0.0,0.0,0.0,0.0,0.0
2019-11-18 08:00:00,258.301886792452,0.0,998.301886792453,1072.7273919724812,0.0,518.930817610063,702.767295597484
2019-11-18 09:00:00,258.301886792452,702.767295597484,998.301886792453,4032.76729559748,0.0,518.930817610063,702.767295597484
2019-11-18 10:00:00,258.301886792452,702.767295597484,998.301886792453,4032.76729559748,0.0,518.930817610063,702.767295597484
2019-11-18 11:00:00,258.301886792452,702.767295597484,998.301886792453,4032.76729559748,0.0,518.930817610063,702.767295597484
2019-11-18 12:00:00,258.301886792452,702.767295597484,998.301886792453,4032.76729559748,0.0,518.930817610063,702.767295597484
2019-11-18 13:00:00,258.301886792452,0.0,998.301886792453,0.0,0.0,518.930817610063,702.767295597484
2019-11-18 14:00:00,0.0,0.0,0.0,0.0,0.0,518.930817610063,0.0
2019-11-18 15:00:00,0.0,0.0,0.0,0.0,0.0,0.0,0.0
2019-11-18 16:00:00,0.0,0.0,0.0,0.0,0.0,0.0,0.0
2019-11-18 17:00:00,0.0,0.0,0.0,0.0,0.0,0.0,0.0
2019-11-18 18:00:00,0.0,0.0,0.0,0.0,0.0,0.0,0.0
2019-11-18 19:00:00,0.0,0.0,0.0,0.0,0.0,0.0,0.0
2019-11-18 20:00:00,0.0,0.0,0.0,0.0,0.0,0.0,0.0
2019-11-18 21:00:00,258.301886792452,0.0,517.5780879410083,0.0,0.0,0.0,0.0
2019-11-18 22:00:00,258.301886792452,0.0,998.301886792453,0.0,0.0,518.930817610063,702.767295597484
2019-11-18 23:00:00,258.301886792452,0.0,998.301886792453,0.0,0.0,518.930817610063,702.767295597484
2019-11-19 00:00:00,258.301886792452,0.0,998.301886792453,4032.76729559748,0.0,518.930817610063,702.767295597484
2019-11-19 01:00:00,258.301886792452,18.34884409715596,998.301886792453,0.0,0.0,518.930817610063,702.767295597484
2019-11-19 02:00:00,258.301886792452,56.34579614914037,998.301886792453,3890.9590309872465,0.0,518.930817610063,702.767295597484
2019-11-19 03:00:00,258.301886792452,13.300298020320042,998.301886792453,0.0,0.0,0.0,220.9586751949355
2019-11-19 04:00:00,0.0,0.0,0.0,2645.227408917229,0.0,0.0,0.0
2019-11-19 05:00:00,0.0,0.0,0.0,0.0,0.0,0.0,0.0
2019-11-19 06:00:00,0.0,0.0,0.0,0.0,0.0,0.0,0.0
2019-11-19 07:00:00,0.0,0.0,0.0,0.0,0.0,0.0,0.0
2019-11-19 08:00:00,0.0,0.0,0.0,0.0,0.0,0.0,0.0
2019-11-19 09:00:00,258.301886792452,0.0,0.0,0.0,0.0,0.0,702.767295597484
2019-11-19 10:00:00,0.0,0.0,998.301886792453,120.76771623814125,0.0,0.0,0.0
2019-11-19 11:00:00,117.45950350893963,702.767295597484,0.0,1307.5087098738047,0.0,0.0,702.767295597484
2019-11-19 12:00:00,0.0,0.0,0.0,0.0,0.0,0.0,0.0
2019-11-19 13:00:00,0.0,0.0,0.0,0.0,0.0,0.0,0.0
2019-11-19 14:00:00,0.0,0.0,0.0,0.0,0.0,0.0,0.0
2019-11-19 15:00:00,0.0,0.0,0.0,0.0,0.0,0.0,0.0
2019-11-19 16:00:00,0.0,0.0,0.0,0.0,0.0,0.0,0.0
2019-11-19 17:00:00,0.0,0.0,0.0,0.0,0.0,0.0,0.0
2019-11-19 18:00:00,0.0,0.0,0.0,0.0,0.0,0.0,0.0
2019-11-19 19:00:00,0.0,0.0,0.0,0.0,0.0,0.0,0.0
2019-11-19 20:00:00,0.0,0.0,0.0,0.0,0.0,0.0,0.0
2019-11-19 21:00:00,0.0,0.0,0.0,0.0,0.0,0.0,0.0
2019-11-19 22:00:00,0.0,0.0,0.0,0.0,0.0,0.0,0.0
2019-11-19 23:00:00,0.0,0.0,0.0,0.0,0.0,0.0,0.0
2019-11-20 00:00:00,0.0,0.0,0.0,2452.411868206393,0.0,0.0,0.0
2019-11-20 01:00:00,0.0,702.767295597484,0.0,1570.0070827739942,0.0,0.0,0.0
2019-11-20 02:00:00,0.0,702.767295597484,0.0,4032.76729559748,0.0,0.0,0.0
2019-11-20 03:00:00,0.0,702.767295597484,0.0,2558.5582739052984,0.0,0.0,0.0
2019-11-20 04:00:00,0.0,0.0,0.0,4032.76729559748,0.0,0.0,0.0
2019-11-20 05:00:00,0.0,0.0,0.0,0.0,0.0,0.0,0.0
2019-11-20 06:00:00,0.0,0.0,0.0,0.0,0.0,0.0,0.0
2019-11-20 07:00:00,0.0,0.0,0.0,0.0,0.0,0.0,0.0
2019-11-20 08:00:00,258.301886792452,0.0,998.301886792453,737.3005293479177,0.0,518.930817610063,702.767295597484
2019-11-20 09:00:00,258.301886792452,702.767295597484,998.301886792453,4032.76729559748,0.0,518.930817610063,702.767295597484
2019-11-20 10:00:00,258.301886792452,702.767295597484,998.301886792453,4032.76729559748,0.0,518.930817610063,702.767295597484
2019-11-20 11:00:00,258.301886792452,702.767295597484,998.301886792453,4032.76729559748,0.0,518.930817610063,702.767295597484
2019-11-20 12:00:00,258.301886792452,702.767295597484,998.301886792453,4032.76729559748,0.0,518.930817610063,702.767295597484
2019-11-20 13:00:00,0.0,702.767295597484,201.6948544321831,3381.256450213648,0.0,487.7031389505163,0.0
2019-11-20 14:00:00,0.0,0.0,0.0,0.0,0.0,0.0,0.0
2019-11-20 15:00:00,0.0,0.0,0.0,0.0,0.0,0.0,0.0
2019-11-20 16:00:00,0.0,0.0,0.0,0.0,0.0,0.0,0.0
2019-11-20 17:00:00,0.0,0.0,0.0,0.0,0.0,0.0,0.0
2019-11-20 18:00:00,0.0,0.0,0.0,0.0,0.0,0.0,0.0
2019-11-20 19:00:00,0.0,0.0,0.0,0.0,0.0,0.0,0.0
2019-11-20 20:00:00,0.0,0.0,0.0,0.0,0.0,0.0,0.0
2019-11-20 21:00:00,0.0,0.0,0.0,0.0,0.0,0.0,0.0
2019-11-20 22:00:00,0.0,0.0,0.0,0.0,0.0,0.0,0.0
2019-11-20 23:00:00,0.0,0.0,0.0,0.0,0.0,0.0,0.0
2019-11-21 00:00:00,0.0,0.0,0.0,0.0,0.0,0.0,0.0
2019-11-21 01:00:00,0.0,0.0,0.0,0.0,0.0,0.0,0.0
2019-11-21 02:00:00,0.0,0.0,0.0,0.0,0.0,0.0,0.0
2019-11-21 03:00:00,0.0,0.0,0.0,0.0,0.0,0.0,0.0
2019-11-21 04:00:00,0.0,0.0,0.0,0.0,0.0,0.0,0.0
2019-11-21 05:00:00,0.0,0.0,0.0,0.0,0.0,0.0,0.0
2019-11-21 06:00:00,0.0,0.0,0.0,0.0,0.0,0.0,0.0
2019-11-21 07:00:00,0.0,0.0,0.0,0.0,0.0,0.0,0.0
2019-11-21 08:00:00,35.607210478923434,0.0,998.301886792453,0.0,0.0,0.0,0.0
2019-11-21 09:00:00,258.301886792452,702.767295597484,998.301886792453,859.3275124180805,0.0,518.930817610063,702.767295597484
2019-11-21 10:00:00,258.301886792452,0.0,998.301886792453,300.8388564539382,0.0,518.930817610063,702.767295597484
2019-11-21 11:00:00,258.301886792452,238.9129929439223,998.301886792453,638.3231410499354,0.0,518.930817610063,702.767295597484
2019-11-21 12:00:00,0.0,0.0,0.0,3732.049304759399,0.0,0.0,0.0
2019-11-21 13:00:00,0.0,0.0,0.0,4032.76729559748,0.0,0.0,0.0
2019-11-21 14:00:00,0.0,0.0,0.0,0.0,0.0,0.0,0.0
2019-11-21 15:00:00,0.0,0.0,0.0,0.0,0.0,0.0,0.0
2019-11-21 16:00:00,0.0,0.0,0.0,0.0,0.0,0.0,0.0
2019-11-21 17:00:00,0.0,0.0,0.0,0.0,0.0,0.0,0.0
2019-11-21 18:00:00,0.0,0.0,0.0,0.0,0.0,0.0,0.0
2019-11-21 19:00:00,0.0,0.0,0.0,0.0,0.0,0.0,0.0
2019-11-21 20:00:00,0.0,0.0,0.0,0.0,0.0,0.0,0.0
2019-11-21 21:00:00,0.0,0.0,0.0,0.0,0.0,0.0,0.0
2019-11-21 22:00:00,0.0,0.0,0.0,0.0,0.0,0.0,0.0
2019-11-21 23:00:00,0.0,0.0,0.0,0.0,0.0,0.0,0.0
2019-11-22 00:00:00,0.0,0.0,0.0,0.0,0.0,0.0,0.0
2019-11-22 01:00:00,0.0,0.0,0.0,0.0,0.0,0.0,0.0
2019-11-22 02:00:00,0.0,0.0,0.0,2259.8385627584157,0.0,0.0,0.0
2019-11-22 03:00:00,0.0,0.0,0.0,0.0,0.0,0.0,0.0
2019-11-22 04:00:00,0.0,0.0,0.0,0.0,0.0,0.0,0.0
2019-11-22 05:00:00,0.0,0.0,0.0,0.0,0.0,0.0,0.0
2019-11-22 06:00:00,0.0,0.0,0.0,0.0,0.0,0.0,0.0
2019-11-22 07:00:00,0.0,0.0,0.0,0.0,0.0,0.0,0.0
2019-11-22 08:00:00,258.301886792452,702.767295597484,998.301886792453,0.0,0.0,518.930817610063,702.767295597484
2019-11-22 09:00:00,258.301886792452,702.767295597484,998.301886792453,4032.76729559748,0.0,518.930817610063,702.767295597484
2019-11-22 10:00:00,258.301886792452,702.767295597484,998.301886792453,4032.76729559748,0.0,518.930817610063,702.767295597484
2019-11-22 11:00:00,258.301886792452,702.767295597484,998.301886792453,4032.76729559748,0.0,518.930817610063,702.767295597484
2019-11-22 12:00:00,258.301886792452,702.767295597484,998.301886792453,4032.76729559748,0.0,518.930817610063,702.767295597484
2019-11-22 13:00:00,0.0,0.0,0.0,1784.3463844687567,0.0,0.0,0.0
2019-11-22 14:00:00,0.0,0.0,0.0,0.0,0.0,0.0,0.0
2019-11-22 15:00:00,0.0,0.0,0.0,0.0,0.0,0.0,0.0
2019-11-22 16:00:00,0.0,0.0,0.0,0.0,0.0,0.0,0.0
2019-11-22 17:00:00,0.0,0.0,0.0,0.0,0.0,0.0,0.0
2019-11-22 18:00:00,0.0,0.0,0.0,0.0,0.0,0.0,0.0
2019-11-22 19:00:00,0.0,0.0,0.0,0.0,0.0,0.0,0.0
2019-11-22 20:00:00,0.0,0.0,0.0,0.0,0.0,0.0,0.0
2019-11-22 21:00:00,0.0,0.0,0.0,0.0,0.0,0.0,0.0
2019-11-22 22:00:00,0.0,0.0,0.0,0.0,186.163522012579,0.0,0.0
2019-11-22 23:00:00,0.0,702.767295597484,0.0,2196.761470411879,186.163522012579,0.0,0.0
2019-11-23 00:00:00,0.0,702.767295597484,0.0,4032.76729559748,186.163522012579,0.0,0.0
2019-11-23 01:00:00,0.0,702.767295597484,0.0,4032.76729559748,186.163522012579,0.0,0.0
2019-11-23 02:00:00,0.0,702.767295597484,0.0,4032.76729559748,186.163522012579,0.0,0.0
2019-11-23 03:00:00,0.0,702.767295597484,0.0,4032.76729559748,186.163522012579,0.0,0.0
2019-11-23 04:00:00,0.0,702.767295597484,0.0,4032.76729559748,186.163522012579,0.0,0.0
2019-11-23 05:00:00,0.0,702.767295597484,0.0,4032.76729559748,186.163522012579,0.0,0.0
2019-11-23 06:00:00,0.0,702.767295597484,0.0,580.7541047738952,186.163522012579,0.0,0.0
2019-11-23 07:00:00,258.301886792452,702.767295597484,998.301886792453,4032.76729559748,186.163522012579,518.930817610063,702.767295597484
2019-11-23 08:00:00,258.301886792452,702.767295597484,998.301886792453,4032.76729559748,186.163522012579,518.930817610063,702.767295597484
2019-11-23 09:00:00,258.301886792452,702.767295597484,998.301886792453,4032.76729559748,186.163522012579,518.930817610063,702.767295597484
2019-11-23 10:00:00,258.301886792452,702.767295597484,998.301886792453,4032.76729559748,186.163522012579,518.930817610063,702.767295597484
2019-11-23 11:00:00,258.301886792452,702.767295597484,998.301886792453,4032.76729559748,186.163522012579,518.930817610063,702.767295597484
2019-11-23 12:00:00,258.301886792452,702.767295597484,998.301886792453,4032.76729559748,186.163522012579,518.930817610063,702.767295597484
2019-11-23 13:00:00,258.301886792452,702.767295597484,998.301886792453,4032.76729559748,186.163522012579,518.930817610063,702.767295597484
2019-11-23 14:00:00,258.301886792452,702.767295597484,998.301886792453,4032.76729559748,186.163522012579,518.930817610063,702.767295597484
2019-11-23 15:00:00,258.301886792452,0.0,998.301886792453,1996.1138294090217,186.163522012579,518.930817610063,702.767295597484
2019-11-23 16:00:00,258.301886792452,1.6031709465751192,998.301886792453,0.0,186.163522012579,518.930817610063,702.767295597484
2019-11-23 17:00:00,258.301886792452,0.0,998.301886792453,0.0,186.163522012579,518.930817610063,702.767295597484
2019-11-23 18:00:00,258.301886792452,0.0,998.301886792453,0.0,186.163522012579,518.930817610063,702.767295597484
2019-11-23 19:00:00,258.301886792452,0.0,998.301886792453,0.0,186.163522012579,518.930817610063,702.767295597484
2019-11-23 20:00:00,258.301886792452,702.767295597484,998.301886792453,4032.76729559748,186.163522012579,518.930817610063,702.767295597484
2019-11-23 21:00:00,258.301886792452,702.767295597484,998.301886792453,4032.76729559748,186.163522012579,518.930817610063,702.767295597484
2019-11-23 22:00:00,258.301886792452,702.767295597484,998.301886792453,4032.76729559748,186.163522012579,518.930817610063,702.767295597484
2019-11-23 23:00:00,258.301886792452,702.767295597484,998.301886792453,4032.76729559748,186.163522012579,518.930817610063,702.767295597484
2019-11-24 00:00:00,258.301886792452,702.767295597484,998.301886792453,4032.76729559748,186.163522012579,518.930817610063,702.767295597484
2019-11-24 01:00:00,258.301886792452,702.767295597484,998.301886792453,4032.76729559748,186.163522012579,518.930817610063,702.767295597484
2019-11-24 02:00:00,258.301886792452,702.767295597484,998.301886792453,4032.76729559748,186.163522012579,518.930817610063,702.767295597484
2019-11-24 03:00:00,258.301886792452,702.767295597484,998.301886792453,4032.76729559748,186.163522012579,518.930817610063,702.767295597484
2019-11-24 04:00:00,258.301886792452,702.767295597484,998.301886792453,4032.76729559748,186.163522012579,518.930817610063,702.767295597484
2019-11-24 05:00:00,258.301886792452,702.767295597484,998.301886792453,4032.76729559748,186.163522012579,518.930817610063,702.767295597484
2019-11-24 06:00:00,258.301886792452,702.767295597484,998.301886792453,4032.76729559748,186.163522012579,518.930817610063,702.767295597484
2019-11-24 07:00:00,258.301886792452,702.767295597484,998.301886792453,4032.76729559748,186.163522012579,518.930817610063,702.767295597484
2019-11-24 08:00:00,258.301886792452,702.767295597484,998.301886792453,4032.76729559748,186.163522012579,518.930817610063,702.767295597484
2019-11-24 09:00:00,258.301886792452,702.767295597484,998.301886792453,4032.76729559748,186.163522012579,518.930817610063,702.767295597484
2019-11-24 10:00:00,258.301886792452,702.767295597484,998.301886792453,4032.76729559748,186.163522012579,518.930817610063,702.767295597484
2019-11-24 11:00:00,258.301886792452,702.767295597484,998.301886792453,4032.76729559748,186.163522012579,518.930817610063,702.767295597484
2019-11-24 12:00:00,258.301886792452,702.767295597484,998.301886792453,4032.76729559748,186.163522012579,518.930817610063,702.767295597484
2019-11-24 13:00:00,258.301886792452,702.767295597484,998.301886792453,4032.76729559748,186.163522012579,518.930817610063,702.767295597484
2019-11-24 14:00:00,258.301886792452,702.767295597484,756.89694050511,4032.76729559748,186.163522012579,518.930817610063,702.767295597484
2019-11-24 15:00:00,258.301886792452,702.767295597484,0.0,2120.0957155114193,0.0,518.930817610063,702.767295597484
2019-11-24 16:00:00,258.301886792452,0.0,0.0,1553.9615816822457,0.0,518.930817610063,702.767295597484
2019-11-24 17:00:00,258.301886792452,0.0,0.0,3572.7787746442727,0.0,518.930817610063,702.767295597484
2019-11-24 18:00:00,258.301886792452,212.08273356728978,0.0,0.0,0.0,518.930817610063,702.767295597484
2019-11-24 19:00:00,258.301886792452,0.0,0.0,1155.8467673346515,0.0,518.930817610063,702.767295597484
2019-11-24 20:00:00,258.301886792452,0.0,0.0,3273.147929119824,0.0,518.930817610063,702.767295597484
2019-11-24 21:00:00,258.301886792452,702.767295597484,167.6405510373335,3429.109770128626,0.0,518.930817610063,702.767295597484
2019-11-24 22:00:00,258.301886792452,702.767295597484,205.37069401268317,4032.76729559748,0.0,518.930817610063,702.767295597484
2019-11-24 23:00:00,258.301886792452,702.767295597484,998.301886792453,4032.76729559748,0.0,518.930817610063,702.767295597484
2019-11-25 00:00:00,258.301886792452,702.767295597484,998.301886792453,4032.76729559748,0.0,518.930817610063,702.767295597484
2019-11-25 01:00:00,258.301886792452,702.767295597484,998.301886792453,4032.76729559748,0.0,518.930817610063,702.767295597484
2019-11-25 02:00:00,258.301886792452,702.767295597484,998.301886792453,4032.76729559748,186.163522012579,518.930817610063,702.767295597484
2019-11-25 03:00:00,258.301886792452,702.767295597484,998.301886792453,4032.76729559748,186.163522012579,518.930817610063,702.767295597484
2019-11-25 04:00:00,258.301886792452,702.767295597484,998.301886792453,4032.76729559748,0.0,518.930817610063,702.767295597484
2019-11-25 05:00:00,0.0,702.767295597484,0.0,987.7653341534813,0.0,518.930817610063,0.0
2019-11-25 06:00:00,0.0,0.0,0.0,0.0,0.0,518.930817610063,0.0
2019-11-25 07:00:00,0.0,0.0,0.0,0.0,0.0,518.930817610063,0.0
2019-11-25 08:00:00,0.0,0.0,0.0,2484.9914106000933,0.0,518.930817610063,0.0
2019-11-25 09:00:00,258.301886792452,702.767295597484,998.301886792453,4032.76729559748,121.89431503453778,518.930817610063,702.767295597484
2019-11-25 10:00:00,258.301886792452,702.767295597484,998.301886792453,4032.76729559748,186.163522012579,518.930817610063,702.767295597484
2019-11-25 11:00:00,258.301886792452,702.767295597484,998.301886792453,4032.76729559748,0.0,518.930817610063,702.767295597484
2019-11-25 12:00:00,258.301886792452,702.767295597484,998.301886792453,4032.76729559748,0.0,518.930817610063,702.767295597484
2019-11-25 13:00:00,0.0,702.767295597484,0.0,4006.8527114412473,0.0,518.930817610063,0.0
2019-11-25 14:00:00,0.0,0.0,0.0,0.0,0.0,0.0,0.0
2019-11-25 15:00:00,0.0,0.0,0.0,0.0,0.0,0.0,0.0
2019-11-25 16:00:00,0.0,0.0,0.0,0.0,0.0,0.0,0.0
2019-11-25 17:00:00,0.0,0.0,0.0,0.0,0.0,0.0,0.0
2019-11-25 18:00:00,0.0,0.0,0.0,0.0,0.0,0.0,0.0
2019-11-25 19:00:00,0.0,0.0,0.0,0.0,0.0,0.0,0.0
2019-11-25 20:00:00,0.0,0.0,0.0,0.0,0.0,0.0,0.0
2019-11-25 21:00:00,0.0,0.0,0.0,0.0,0.0,0.0,0.0
2019-11-25 22:00:00,0.0,0.0,0.0,0.0,0.0,0.0,0.0
2019-11-25 23:00:00,0.0,0.0,0.0,0.0,0.0,0.0,0.0
2019-11-26 00:00:00,0.0,0.0,0.0,0.0,0.0,0.0,0.0
2019-11-26 01:00:00,0.0,702.767295597484,0.0,747.6902545659611,0.0,0.0,0.0
2019-11-26 02:00:00,0.0,702.767295597484,0.0,0.0,0.0,0.0,0.0
2019-11-26 03:00:00,0.0,702.767295597484,0.0,1001.5854253944135,0.0,0.0,0.0
2019-11-26 04:00:00,0.0,0.0,0.0,0.0,0.0,0.0,0.0
2019-11-26 05:00:00,0.0,0.0,0.0,0.0,0.0,0.0,0.0
2019-11-26 06:00:00,0.0,0.0,0.0,0.0,0.0,0.0,0.0
2019-11-26 07:00:00,0.0,0.0,0.0,0.0,0.0,0.0,0.0
2019-11-26 08:00:00,258.301886792452,702.767295597484,998.301886792453,4032.76729559748,0.0,518.930817610063,702.767295597484
2019-11-26 09:00:00,258.301886792452,702.767295597484,998.301886792453,4032.76729559748,0.0,518.930817610063,702.767295597484
2019-11-26 10:00:00,258.301886792452,702.767295597484,998.301886792453,4032.76729559748,0.0,518.930817610063,702.767295597484
2019-11-26 11:00:00,258.301886792452,702.767295597484,998.301886792453,4032.76729559748,0.0,518.930817610063,702.767295597484
2019-11-26 12:00:00,258.301886792452,702.767295597484,998.301886792453,4032.76729559748,0.0,518.930817610063,702.767295597484
2019-11-26 13:00:00,258.301886792452,0.0,998.301886792453,4032.76729559748,0.0,0.0,335.73503974843516
2019-11-26 14:00:00,0.0,0.0,0.0,0.0,0.0,0.0,0.0
2019-11-26 15:00:00,0.0,0.0,0.0,0.0,0.0,0.0,0.0
2019-11-26 16:00:00,0.0,0.0,0.0,0.0,0.0,0.0,0.0
2019-11-26 17:00:00,0.0,0.0,0.0,0.0,0.0,0.0,0.0
2019-11-26 18:00:00,0.0,0.0,0.0,0.0,0.0,0.0,0.0
2019-11-26 19:00:00,0.0,0.0,0.0,0.0,0.0,0.0,0.0
2019-11-26 20:00:00,0.0,0.0,0.0,0.0,0.0,0.0,0.0
2019-11-26 21:00:00,0.0,0.0,0.0,0.0,0.0,0.0,0.0
2019-11-26 22:00:00,0.0,0.0,0.0,0.0,0.0,0.0,0.0
2019-11-26 23:00:00,0.0,0.0,0.0,0.0,0.0,0.0,0.0
2019-11-27 00:00:00,0.0,0.0,0.0,0.0,0.0,0.0,0.0
2019-11-27 01:00:00,0.0,0.0,0.0,0.0,0.0,0.0,0.0
2019-11-27 02:00:00,0.0,0.0,0.0,0.0,0.0,0.0,0.0
2019-11-27 03:00:00,0.0,0.0,0.0,0.0,0.0,0.0,0.0
2019-11-27 04:00:00,0.0,0.0,0.0,0.0,0.0,0.0,0.0
2019-11-27 05:00:00,0.0,0.0,0.0,0.0,0.0,0.0,0.0
2019-11-27 06:00:00,0.0,0.0,0.0,0.0,0.0,0.0,0.0
2019-11-27 07:00:00,0.0,0.0,0.0,0.0,0.0,0.0,0.0
2019-11-27 08:00:00,0.0,0.0,998.301886792453,0.0,0.0,307.8505397511402,672.3295869707208
2019-11-27 09:00:00,258.301886792452,0.0,998.301886792453,0.0,0.0,518.930817610063,702.767295597484
2019-11-27 10:00:00,258.301886792452,0.0,998.301886792453,282.89562858502563,0.0,518.930817610063,702.767295597484
2019-11-27 11:00:00,258.301886792452,264.65711529387045,998.301886792453,0.0,0.0,518.930817610063,702.767295597484
2019-11-27 12:00:00,258.301886792452,702.767295597484,998.301886792453,1297.9934002182686,0.0,518.930817610063,702.767295597484
2019-11-27 13:00:00,258.301886792452,0.0,998.301886792453,23.146371007202106,0.0,518.930817610063,702.767295597484
2019-11-27 14:00:00,0.0,0.0,0.0,0.0,0.0,0.0,0.0
2019-11-27 15:00:00,0.0,0.0,0.0,0.0,0.0,0.0,0.0
2019-11-27 16:00:00,0.0,0.0,0.0,0.0,0.0,0.0,0.0
2019-11-27 17:00:00,0.0,0.0,0.0,0.0,0.0,0.0,0.0
2019-11-27 18:00:00,0.0,0.0,0.0,0.0,0.0,0.0,0.0
2019-11-27 19:00:00,0.0,0.0,0.0,0.0,0.0,0.0,0.0
2019-11-27 20:00:00,0.0,0.0,0.0,0.0,0.0,0.0,0.0
2019-11-27 21:00:00,0.0,702.767295597484,0.0,214.87946089255138,0.0,0.0,0.0
2019-11-27 22:00:00,0.0,364.0181798983681,0.0,0.0,0.0,0.0,0.0
2019-11-27 23:00:00,0.0,0.0,0.0,0.0,0.0,0.0,0.0
2019-11-28 00:00:00,0.0,0.0,0.0,3617.032402176047,0.0,0.0,0.0
2019-11-28 01:00:00,0.0,702.767295597484,0.0,3569.5453544951074,0.0,0.0,0.0
2019-11-28 02:00:00,0.0,0.0,0.0,1564.5293910179525,0.0,0.0,0.0
2019-11-28 03:00:00,0.0,0.0,0.0,4032.76729559748,0.0,0.0,0.0
2019-11-28 04:00:00,0.0,702.767295597484,0.0,5.844412134160166,0.0,0.0,0.0
2019-11-28 05:00:00,0.0,0.0,0.0,1842.39409236015,0.0,0.0,0.0
2019-11-28 06:00:00,0.0,0.0,0.0,4032.76729559748,0.0,0.0,0.0
2019-11-28 07:00:00,0.0,0.0,0.0,0.0,0.0,0.0,0.0
2019-11-28 08:00:00,258.301886792452,0.0,998.301886792453,0.0,186.163522012579,518.930817610063,702.767295597484
2019-11-28 09:00:00,258.301886792452,0.0,998.301886792453,0.0,186.163522012579,518.930817610063,702.767295597484
2019-11-28 10:00:00,258.301886792452,0.0,998.301886792453,0.0,186.163522012579,518.930817610063,702.767295597484
2019-11-28 11:00:00,258.301886792452,0.0,998.301886792453,0.0,186.163522012579,518.930817610063,702.767295597484
2019-11-28 12:00:00,258.301886792452,0.0,998.301886792453,0.0,186.163522012579,518.930817610063,702.767295597484
2019-11-28 13:00:00,0.0,0.0,998.301886792453,0.0,186.163522012579,518.930817610063,440.14822536737347
2019-11-28 14:00:00,0.0,0.0,0.0,2510.5450218984874,186.163522012579,363.06941850229066,0.0
2019-11-28 15:00:00,0.0,0.0,0.0,0.0,186.163522012579,0.0,0.0
2019-11-28 16:00:00,0.0,0.0,0.0,0.0,186.163522012579,0.0,0.0
2019-11-28 17:00:00,0.0,0.0,0.0,0.0,186.163522012579,0.0,0.0
2019-11-28 18:00:00,0.0,0.0,0.0,0.0,186.163522012579,0.0,0.0
2019-11-28 19:00:00,258.301886792452,0.0,0.0,0.0,186.163522012579,281.5859204739645,0.0
2019-11-28 20:00:00,258.301886792452,0.0,19.148999719688504,0.0,186.163522012579,518.930817610063,702.767295597484
2019-11-28 21:00:00,258.301886792452,0.0,481.81188372548326,0.0,186.163522012579,518.930817610063,702.767295597484
2019-11-28 22:00:00,258.301886792452,702.767295597484,998.301886792453,77.0808275487172,186.163522012579,518.930817610063,702.767295597484
2019-11-28 23:00:00,258.301886792452,0.0,998.301886792453,3228.772688776617,186.163522012579,518.930817610063,702.767295597484
2019-11-29 00:00:00,258.301886792452,538.1008663365674,998.301886792453,4032.76729559748,186.163522012579,518.930817610063,702.767295597484
2019-11-29 01:00:00,0.0,702.767295597484,156.02983493402178,4032.76729559748,186.163522012579,0.0,0.0
2019-11-29 02:00:00,0.0,702.767295597484,0.0,3731.0223880649,186.163522012579,0.0,0.0
2019-11-29 03:00:00,0.0,702.767295597484,0.0,4032.76729559748,186.163522012579,0.0,0.0
2019-11-29 04:00:00,0.0,702.767295597484,0.0,923.1104095067398,186.163522012579,0.0,0.0
2019-11-29 05:00:00,0.0,0.0,0.0,1757.5874789027685,186.163522012579,0.0,0.0
2019-11-29 06:00:00,0.0,0.0,0.0,0.0,186.163522012579,0.0,0.0
2019-11-29 07:00:00,0.0,156.31980186911505,0.0,0.0,186.163522012579,0.0,0.0
2019-11-29 08:00:00,258.301886792452,0.0,998.301886792453,1961.7936465103085,186.163522012579,518.930817610063,702.767295597484
2019-11-29 09:00:00,258.301886792452,702.767295597484,998.301886792453,4032.76729559748,186.163522012579,518.930817610063,702.767295597484
2019-11-29 10:00:00,258.301886792452,702.767295597484,998.301886792453,4032.76729559748,186.163522012579,518.930817610063,702.767295597484
2019-11-29 11:00:00,258.301886792452,702.767295597484,998.301886792453,4032.76729559748,186.163522012579,518.930817610063,702.767295597484
2019-11-29 12:00:00,258.301886792452,702.767295597484,998.301886792453,4032.76729559748,186.163522012579,518.930817610063,702.767295597484
2019-11-29 13:00:00,258.301886792452,0.0,998.301886792453,2422.307841242074,186.163522012579,518.930817610063,702.767295597484
2019-11-29 14:00:00,0.0,0.0,0.0,0.0,186.163522012579,0.0,0.0
2019-11-29 15:00:00,0.0,0.0,0.0,0.0,186.163522012579,0.0,0.0
2019-11-29 16:00:00,0.0,0.0,0.0,0.0,186.163522012579,0.0,0.0
2019-11-29 17:00:00,0.0,0.0,0.0,0.0,186.163522012579,0.0,0.0
2019-11-29 18:00:00,0.0,0.0,0.0,0.0,186.163522012579,0.0,0.0
2019-11-29 19:00:00,0.0,0.0,0.0,0.0,186.163522012579,0.0,0.0
2019-11-29 20:00:00,0.0,702.767295597484,0.0,382.96265610288674,186.163522012579,0.0,0.0
2019-11-29 21:00:00,0.0,0.0,0.0,0.0,186.163522012579,0.0,0.0
2019-11-29 22:00:00,0.0,0.0,0.0,3852.4513092291686,186.163522012579,0.0,0.0
2019-11-29 23:00:00,0.0,702.767295597484,0.0,2858.52343636519,186.163522012579,0.0,0.0
2019-11-30 00:00:00,0.0,702.767295597484,0.0,3953.4615548562842,186.163522012579,0.0,0.0
2019-11-30 01:00:00,0.0,702.767295597484,0.0,4032.76729559748,186.163522012579,0.0,0.0
2019-11-30 02:00:00,0.0,702.767295597484,0.0,4032.76729559748,186.163522012579,0.0,0.0
2019-11-30 03:00:00,0.0,702.767295597484,0.0,3886.806846632541,186.163522012579,0.0,0.0
2019-11-30 04:00:00,0.0,702.767295597484,0.0,2289.1059380581023,186.163522012579,0.0,0.0
2019-11-30 05:00:00,0.0,0.0,0.0,0.0,186.163522012579,0.0,0.0
2019-11-30 06:00:00,0.0,0.0,0.0,0.0,186.163522012579,0.0,0.0
2019-11-30 07:00:00,0.0,0.0,998.301886792453,0.0,186.163522012579,68.52864535722992,702.767295597484
2019-11-30 08:00:00,258.301886792452,702.767295597484,998.301886792453,4032.76729559748,186.163522012579,518.930817610063,702.767295597484
2019-11-30 09:00:00,258.301886792452,702.767295597484,998.301886792453,4032.76729559748,186.163522012579,518.930817610063,702.767295597484
2019-11-30 10:00:00,258.301886792452,702.767295597484,998.301886792453,4032.76729559748,186.163522012579,518.930817610063,702.767295597484
2019-11-30 11:00:00,258.301886792452,702.767295597484,998.301886792453,4032.76729559748,186.163522012579,518.930817610063,702.767295597484
2019-11-30 12:00:00,258.301886792452,702.767295597484,998.301886792453,4032.76729559748,186.163522012579,518.930817610063,702.767295597484
2019-11-30 13:00:00,258.301886792452,702.767295597484,998.301886792453,4032.76729559748,186.163522012579,518.930817610063,702.767295597484
2019-11-30 14:00:00,0.0,702.767295597484,0.0,4032.76729559748,186.163522012579,0.0,0.0
2019-11-30 15:00:00,0.0,126.1460068479165,0.0,0.0,0.0,0.0,0.0
2019-11-30 16:00:00,0.0,0.0,0.0,0.0,0.0,0.0,0.0
2019-11-30 17:00:00,0.0,0.0,0.0,0.0,0.0,0.0,0.0
2019-11-30 18:00:00,0.0,289.91696638234225,0.0,0.0,0.0,0.0,0.0
2019-11-30 19:00:00,0.0,0.0,0.0,2940.469939688308,0.0,0.0,0.0
2019-11-30 20:00:00,0.0,0.0,0.0,0.0,0.0,0.0,0.0
2019-11-30 21:00:00,0.0,0.0,0.0,0.0,0.0,0.0,0.0
2019-11-30 22:00:00,0.0,0.0,0.0,165.30890741249573,0.0,0.0,0.0
2019-11-30 23:00:00,0.0,0.0,0.0,3186.6008339234286,0.0,0.0,0.0
2019-12-01 00:00:00,0.0,0.0,0.0,0.0,0.0,0.0,0.0
2019-12-01 01:00:00,0.0,0.0,0.0,1879.617082906257,0.0,0.0,0.0
2019-12-01 02:00:00,0.0,702.767295597484,0.0,2353.1106857715013,0.0,0.0,0.0
2019-12-01 03:00:00,0.0,0.0,0.0,0.0,0.0,0.0,0.0
2019-12-01 04:00:00,0.0,702.767295597484,0.0,0.0,0.0,0.0,0.0
2019-12-01 05:00:00,0.0,165.38712826465826,0.0,0.0,0.0,0.0,0.0
2019-12-01 06:00:00,0.0,0.0,0.0,0.0,0.0,0.0,0.0
2019-12-01 07:00:00,0.0,186.99225706688776,0.0,3733.6759293374053,0.0,0.0,0.0
2019-12-01 08:00:00,258.301886792452,702.767295597484,998.301886792453,4032.76729559748,0.0,518.930817610063,702.767295597484
2019-12-01 09:00:00,258.301886792452,702.767295597484,998.301886792453,4032.76729559748,186.163522012579,518.930817610063,702.767295597484
2019-12-01 10:00:00,258.301886792452,702.767295597484,998.301886792453,4032.76729559748,186.163522012579,518.930817610063,702.767295597484
2019-12-01 11:00:00,258.301886792452,702.767295597484,998.301886792453,4032.76729559748,186.163522012579,518.930817610063,702.767295597484
2019-12-01 12:00:00,258.301886792452,702.767295597484,998.301886792453,4032.76729559748,186.163522012579,518.930817610063,702.767295597484
2019-12-01 13:00:00,258.301886792452,702.767295597484,998.301886792453,4032.76729559748,0.0,518.930817610063,702.767295597484
2019-12-01 14:00:00,258.301886792452,702.767295597484,998.301886792453,2992.612807956146,0.0,518.930817610063,612.1347626901043
2019-12-01 15:00:00,0.0,702.767295597484,0.0,2797.8605115785776,0.0,0.0,0.0
2019-12-01 16:00:00,0.0,0.0,0.0,0.0,0.0,0.0,0.0
2019-12-01 17:00:00,0.0,0.0,0.0,0.0,0.0,0.0,0.0
2019-12-01 18:00:00,0.0,0.0,0.0,0.0,0.0,0.0,0.0
2019-12-01 19:00:00,0.0,0.0,0.0,0.0,0.0,0.0,0.0
2019-12-01 20:00:00,0.0,702.767295597484,0.0,1157.7297921963182,0.0,0.0,0.0
2019-12-01 21:00:00,0.0,702.767295597484,0.0,339.5725959183505,0.0,0.0,0.0
2019-12-01 22:00:00,0.0,702.767295597484,0.0,3117.5806231545803,0.0,0.0,0.0
2019-12-01 23:00:00,0.0,702.767295597484,0.0,4032.76729559748,0.0,0.0,0.0
2019-12-02 00:00:00,258.301886792452,702.767295597484,0.0,4032.76729559748,0.0,0.0,0.0
2019-12-02 01:00:00,0.0,702.767295597484,115.2680307380424,4032.76729559748,0.0,0.0,0.0
2019-12-02 02:00:00,0.0,702.767295597484,998.301886792453,4032.76729559748,0.0,0.0,29.567287341018528
2019-12-02 03:00:00,258.301886792452,702.767295597484,713.6688231425587,4032.76729559748,0.0,0.0,0.0
2019-12-02 04:00:00,0.0,702.767295597484,998.301886792453,3212.1572931950022,0.0,0.0,0.0
2019-12-02 05:00:00,0.0,0.0,0.0,0.0,0.0,0.0,0.0
2019-12-02 06:00:00,0.0,0.0,0.0,0.0,0.0,0.0,0.0
2019-12-02 07:00:00,258.301886792452,0.0,998.301886792453,1857.3005534018148,0.0,474.3364071028366,702.767295597484
2019-12-02 08:00:00,258.301886792452,0.0,998.301886792453,0.0,0.0,518.930817610063,702.767295597484
2019-12-02 09:00:00,258.301886792452,0.0,998.301886792453,0.0,0.0,518.930817610063,702.767295597484
2019-12-02 10:00:00,258.301886792452,0.0,998.301886792453,0.0,0.0,518.930817610063,702.767295597484
2019-12-02 11:00:00,258.301886792452,0.0,998.301886792453,1005.6489328587443,0.0,518.930817610063,702.767295597484
2019-12-02 12:00:00,258.301886792452,702.767295597484,998.301886792453,0.0,0.0,518.930817610063,702.767295597484
2019-12-02 13:00:00,258.301886792452,0.0,998.301886792453,0.0,0.0,518.930817610063,702.767295597484
2019-12-02 14:00:00,258.301886792452,0.0,998.301886792453,0.0,0.0,518.930817610063,702.767295597484
2019-12-02 15:00:00,0.0,0.0,0.0,0.0,0.0,0.0,0.0
2019-12-02 16:00:00,0.0,0.0,0.0,0.0,0.0,0.0,0.0
2019-12-02 17:00:00,0.0,0.0,0.0,0.0,0.0,0.0,0.0
2019-12-02 18:00:00,0.0,0.0,0.0,0.0,0.0,0.0,0.0
2019-12-02 19:00:00,0.0,0.0,0.0,0.0,0.0,0.0,0.0
2019-12-02 20:00:00,0.0,0.0,0.0,0.0,0.0,0.0,0.0
2019-12-02 21:00:00,0.0,0.0,0.0,0.0,0.0,0.0,0.0
2019-12-02 22:00:00,0.0,0.0,0.0,0.0,0.0,0.0,0.0
2019-12-02 23:00:00,0.0,0.0,0.0,0.0,0.0,0.0,0.0
2019-12-03 00:00:00,0.0,702.767295597484,0.0,205.6904707753256,0.0,0.0,0.0
2019-12-03 01:00:00,0.0,160.61409437813563,0.0,0.0,0.0,0.0,0.0
2019-12-03 02:00:00,0.0,0.0,0.0,0.0,0.0,0.0,0.0
2019-12-03 03:00:00,0.0,179.05891355544645,0.0,0.0,0.0,0.0,0.0
2019-12-03 04:00:00,0.0,0.0,0.0,0.0,0.0,0.0,0.0
2019-12-03 05:00:00,0.0,0.0,0.0,0.0,0.0,0.0,0.0
2019-12-03 06:00:00,0.0,0.0,0.0,0.0,0.0,0.0,0.0
2019-12-03 07:00:00,0.0,0.0,0.0,0.0,0.0,0.0,0.0
2019-12-03 08:00:00,0.0,543.3736993694174,0.0,0.0,186.163522012579,518.930817610063,0.0
2019-12-03 09:00:00,258.301886792452,702.767295597484,998.301886792453,4032.76729559748,186.163522012579,518.930817610063,702.767295597484
2019-12-03 10:00:00,258.301886792452,702.767295597484,998.301886792453,4032.76729559748,186.163522012579,518.930817610063,702.767295597484
2019-12-03 11:00:00,258.301886792452,702.767295597484,998.301886792453,4032.76729559748,186.163522012579,518.930817610063,702.767295597484
2019-12-03 12:00:00,258.301886792452,702.767295597484,998.301886792453,4032.76729559748,186.163522012579,518.930817610063,702.767295597484
2019-12-03 13:00:00,0.0,702.767295597484,0.0,4032.76729559748,186.163522012579,0.0,0.0
2019-12-03 14:00:00,0.0,0.0,0.0,0.0,186.163522012579,0.0,0.0
2019-12-03 15:00:00,0.0,0.0,0.0,0.0,186.163522012579,0.0,0.0
2019-12-03 16:00:00,0.0,0.0,0.0,0.0,186.163522012579,0.0,0.0
2019-12-03 17:00:00,0.0,0.0,0.0,0.0,186.163522012579,0.0,0.0
2019-12-03 18:00:00,0.0,0.0,0.0,0.0,186.163522012579,0.0,0.0
2019-12-03 19:00:00,0.0,0.0,0.0,0.0,186.163522012579,0.0,0.0
2019-12-03 20:00:00,0.0,0.0,0.0,0.0,186.163522012579,0.0,0.0
2019-12-03 21:00:00,0.0,0.0,0.0,0.0,186.163522012579,0.0,0.0
2019-12-03 22:00:00,258.301886792452,0.0,0.0,0.0,186.163522012579,0.0,354.58488952427956
2019-12-03 23:00:00,0.0,0.0,470.42363294445204,560.5698411449584,186.163522012579,0.0,0.0
2019-12-04 00:00:00,0.0,0.0,998.301886792453,0.0,186.163522012579,0.0,204.69973463004771
2019-12-04 01:00:00,258.301886792452,0.0,998.301886792453,0.0,186.163522012579,518.930817610063,702.767295597484
2019-12-04 02:00:00,258.301886792452,656.3624150198902,998.301886792453,0.0,186.163522012579,518.930817610063,702.767295597484
2019-12-04 03:00:00,258.301886792452,0.0,998.301886792453,195.1169758882254,186.163522012579,387.8764739122648,702.767295597484
2019-12-04 04:00:00,258.301886792452,702.767295597484,998.301886792453,1485.6516510276022,186.163522012579,0.0,0.0
2019-12-04 05:00:00,0.0,0.0,0.0,0.0,186.163522012579,0.0,0.0
2019-12-04 06:00:00,0.0,0.0,0.0,0.0,186.163522012579,0.0,0.0
2019-12-04 07:00:00,258.301886792452,0.0,998.301886792453,0.0,186.163522012579,518.930817610063,702.767295597484
2019-12-04 08:00:00,258.301886792452,702.767295597484,998.301886792453,737.2770703092508,186.163522012579,518.930817610063,702.767295597484
2019-12-04 09:00:00,258.301886792452,702.767295597484,998.301886792453,4032.76729559748,186.163522012579,518.930817610063,702.767295597484
2019-12-04 10:00:00,258.301886792452,702.767295597484,998.301886792453,4032.76729559748,186.163522012579,518.930817610063,702.767295597484
2019-12-04 11:00:00,258.301886792452,702.767295597484,998.301886792453,4032.76729559748,186.163522012579,518.930817610063,702.767295597484
2019-12-04 12:00:00,258.301886792452,702.767295597484,998.301886792453,4032.76729559748,186.163522012579,518.930817610063,702.767295597484
2019-12-04 13:00:00,258.301886792452,702.767295597484,998.301886792453,4032.76729559748,186.163522012579,518.930817610063,702.767295597484
2019-12-04 14:00:00,258.301886792452,0.0,18.193749140113596,0.0,186.163522012579,0.0,702.767295597484
2019-12-04 15:00:00,0.0,0.0,0.0,0.0,186.163522012579,0.0,0.0
2019-12-04 16:00:00,0.0,0.0,0.0,0.0,186.163522012579,0.0,0.0
2019-12-04 17:00:00,0.0,0.0,0.0,0.0,186.163522012579,0.0,0.0
2019-12-04 18:00:00,0.0,0.0,0.0,0.0,186.163522012579,0.0,0.0
2019-12-04 19:00:00,0.0,0.0,0.0,0.0,186.163522012579,245.43696633541475,0.0
2019-12-04 20:00:00,0.0,0.0,0.0,0.0,186.163522012579,518.930817610063,0.0
2019-12-04 21:00:00,0.0,0.0,0.0,0.0,186.163522012579,518.930817610063,0.0
2019-12-04 22:00:00,0.0,0.0,0.0,0.0,186.163522012579,518.930817610063,0.0
2019-12-04 23:00:00,0.0,0.0,0.0,616.0576078598015,186.163522012579,518.930817610063,0.0
2019-12-05 00:00:00,0.0,0.0,0.0,3653.752356872653,186.163522012579,518.930817610063,0.0
2019-12-05 01:00:00,0.0,702.767295597484,0.0,2189.6320717759263,186.163522012579,518.9308176100634,0.0
2019-12-05 02:00:00,0.0,702.767295597484,0.0,1892.8761718046815,186.163522012579,518.930817610063,0.0
2019-12-05 03:00:00,0.0,702.767295597484,0.0,2517.7111643243884,186.163522012579,270.24687763763467,0.0
2019-12-05 04:00:00,0.0,702.767295597484,0.0,0.0,186.163522012579,0.0,0.0
2019-12-05 05:00:00,0.0,0.0,0.0,0.0,186.163522012579,0.0,0.0
2019-12-05 06:00:00,0.0,0.0,0.0,0.0,0.0,0.0,0.0
2019-12-05 07:00:00,0.0,0.0,0.0,0.0,0.0,0.0,0.0
2019-12-05 08:00:00,0.0,702.767295597484,0.0,0.0,0.0,0.0,0.0
2019-12-05 09:00:00,0.0,702.767295597484,0.0,4032.76729559748,0.0,0.0,0.0
2019-12-05 10:00:00,0.0,702.767295597484,0.0,4032.76729559748,0.0,0.0,0.0
2019-12-05 11:00:00,143.94624867656694,702.767295597484,998.301886792453,4032.76729559748,0.0,0.0,0.0
2019-12-05 12:00:00,0.0,702.767295597484,0.0,4032.76729559748,0.0,0.0,0.0
2019-12-05 13:00:00,0.0,702.767295597484,0.0,0.0,0.0,0.0,0.0
2019-12-05 14:00:00,0.0,0.0,0.0,0.0,0.0,0.0,0.0
2019-12-05 15:00:00,0.0,0.0,0.0,0.0,0.0,0.0,0.0
2019-12-05 16:00:00,0.0,0.0,0.0,0.0,0.0,0.0,0.0
2019-12-05 17:00:00,0.0,0.0,0.0,0.0,0.0,0.0,0.0
2019-12-05 18:00:00,0.0,0.0,0.0,0.0,0.0,0.0,0.0
2019-12-05 19:00:00,0.0,0.0,0.0,0.0,0.0,0.0,0.0
2019-12-05 20:00:00,0.0,0.0,0.0,0.0,0.0,0.0,0.0
2019-12-05 21:00:00,0.0,0.0,0.0,0.0,0.0,0.0,0.0
2019-12-05 22:00:00,0.0,0.0,0.0,0.0,0.0,0.0,0.0
2019-12-05 23:00:00,0.0,0.0,0.0,0.0,0.0,0.0,0.0
2019-12-06 00:00:00,0.0,0.0,0.0,0.0,0.0,0.0,0.0
2019-12-06 01:00:00,0.0,0.0,0.0,0.0,0.0,0.0,0.0
2019-12-06 02:00:00,0.0,0.0,0.0,0.0,0.0,0.0,0.0
2019-12-06 03:00:00,0.0,0.0,0.0,0.0,0.0,0.0,0.0
2019-12-06 04:00:00,0.0,0.0,0.0,0.0,0.0,0.0,0.0
2019-12-06 05:00:00,0.0,0.0,0.0,0.0,0.0,0.0,0.0
2019-12-06 06:00:00,0.0,0.0,0.0,0.0,0.0,0.0,0.0
2019-12-06 07:00:00,0.0,0.0,0.0,0.0,0.0,0.0,0.0
2019-12-06 08:00:00,0.0,0.0,0.0,0.0,0.0,0.0,0.0
2019-12-06 09:00:00,0.0,702.767295597484,0.0,4032.76729559748,0.0,0.0,0.0
2019-12-06 10:00:00,0.0,702.767295597484,0.0,4032.76729559748,0.0,85.25269788310231,0.0
2019-12-06 11:00:00,0.0,702.767295597484,0.0,4032.76729559748,0.0,0.0,349.5450166723581
2019-12-06 12:00:00,0.0,702.767295597484,0.0,4032.76729559748,0.0,0.0,0.0
2019-12-06 13:00:00,0.0,0.0,0.0,2322.5358451104757,0.0,0.0,0.0
2019-12-06 14:00:00,0.0,0.0,0.0,0.0,0.0,0.0,0.0
2019-12-06 15:00:00,0.0,0.0,0.0,0.0,0.0,0.0,0.0
2019-12-06 16:00:00,0.0,0.0,0.0,0.0,0.0,0.0,0.0
2019-12-06 17:00:00,0.0,0.0,0.0,0.0,0.0,0.0,0.0
2019-12-06 18:00:00,0.0,0.0,0.0,0.0,0.0,0.0,0.0
2019-12-06 19:00:00,0.0,0.0,0.0,0.0,0.0,0.0,0.0
2019-12-06 20:00:00,0.0,0.0,0.0,0.0,0.0,0.0,0.0
2019-12-06 21:00:00,0.0,0.0,0.0,0.0,0.0,0.0,0.0
2019-12-06 22:00:00,0.0,0.0,0.0,0.0,0.0,0.0,0.0
2019-12-06 23:00:00,0.0,0.0,0.0,0.0,0.0,0.0,0.0
2019-12-07 00:00:00,0.0,0.0,0.0,0.0,0.0,0.0,0.0
2019-12-07 01:00:00,0.0,0.0,0.0,0.0,0.0,0.0,0.0
2019-12-07 02:00:00,0.0,0.0,0.0,0.0,0.0,0.0,0.0
2019-12-07 03:00:00,0.0,0.0,0.0,0.0,0.0,0.0,0.0
2019-12-07 04:00:00,0.0,0.0,0.0,0.0,0.0,0.0,0.0
2019-12-07 05:00:00,0.0,0.0,0.0,0.0,0.0,0.0,0.0
2019-12-07 06:00:00,0.0,0.0,0.0,0.0,0.0,0.0,0.0
2019-12-07 07:00:00,0.0,0.0,0.0,0.0,0.0,0.0,0.0
2019-12-07 08:00:00,258.301886792452,702.767295597484,998.301886792453,4032.76729559748,0.0,518.930817610063,702.767295597484
2019-12-07 09:00:00,258.301886792452,702.767295597484,998.301886792453,4032.76729559748,0.0,518.930817610063,702.767295597484
2019-12-07 10:00:00,258.301886792452,702.767295597484,998.301886792453,4032.76729559748,0.0,518.930817610063,702.767295597484
2019-12-07 11:00:00,258.301886792452,702.767295597484,998.301886792453,4032.76729559748,0.0,518.930817610063,702.767295597484
2019-12-07 12:00:00,258.301886792452,702.767295597484,998.301886792453,4032.76729559748,0.0,518.930817610063,702.767295597484
2019-12-07 13:00:00,258.301886792452,702.767295597484,998.301886792453,4032.76729559748,0.0,518.930817610063,702.767295597484
2019-12-07 14:00:00,0.0,0.0,0.0,0.0,0.0,0.0,0.0
2019-12-07 15:00:00,0.0,0.0,0.0,0.0,0.0,0.0,0.0
2019-12-07 16:00:00,0.0,0.0,0.0,0.0,0.0,0.0,0.0
2019-12-07 17:00:00,0.0,0.0,0.0,0.0,0.0,0.0,0.0
2019-12-07 18:00:00,0.0,0.0,0.0,0.0,0.0,0.0,0.0
2019-12-07 19:00:00,0.0,0.0,0.0,0.0,0.0,0.0,0.0
2019-12-07 20:00:00,0.0,0.0,0.0,0.0,0.0,0.0,0.0
2019-12-07 21:00:00,0.0,0.0,0.0,0.0,0.0,0.0,0.0
2019-12-07 22:00:00,0.0,702.767295597484,0.0,0.0,0.0,0.0,0.0
2019-12-07 23:00:00,0.0,0.0,0.0,0.0,0.0,0.0,0.0
2019-12-08 00:00:00,0.0,0.0,0.0,4032.76729559748,0.0,0.0,0.0
2019-12-08 01:00:00,0.0,0.0,0.0,4032.76729559748,0.0,0.0,0.0
2019-12-08 02:00:00,0.0,702.767295597484,0.0,1289.1047271295847,0.0,0.0,0.0
2019-12-08 03:00:00,0.0,702.767295597484,0.0,4032.76729559748,0.0,0.0,0.0
2019-12-08 04:00:00,0.0,702.767295597484,0.0,870.0009665385148,0.0,0.0,0.0
2019-12-08 05:00:00,0.0,702.767295597484,0.0,0.0,0.0,0.0,0.0
2019-12-08 06:00:00,0.0,0.0,0.0,502.34647038512776,0.0,0.0,0.0
2019-12-08 07:00:00,0.0,702.767295597484,0.0,0.0,0.0,0.0,0.0
2019-12-08 08:00:00,258.301886792452,702.767295597484,998.301886792453,4032.76729559748,0.0,518.930817610063,702.767295597484
2019-12-08 09:00:00,258.301886792452,702.767295597484,998.301886792453,4032.76729559748,186.163522012579,518.930817610063,702.767295597484
2019-12-08 10:00:00,258.301886792452,702.767295597484,998.301886792453,4032.76729559748,186.163522012579,518.930817610063,702.767295597484
2019-12-08 11:00:00,258.301886792452,702.767295597484,998.301886792453,4032.76729559748,0.0,518.930817610063,702.767295597484
2019-12-08 12:00:00,258.301886792452,702.767295597484,998.301886792453,4032.76729559748,0.0,518.930817610063,702.767295597484
2019-12-08 13:00:00,258.301886792452,702.767295597484,998.301886792453,4032.76729559748,0.0,518.930817610063,702.767295597484
2019-12-08 14:00:00,0.0,166.31162792356372,0.0,4032.76729559748,0.0,0.0,0.0
2019-12-08 15:00:00,0.0,0.0,0.0,0.0,0.0,0.0,0.0
2019-12-08 16:00:00,0.0,0.0,0.0,0.0,0.0,0.0,0.0
2019-12-08 17:00:00,0.0,0.0,0.0,0.0,0.0,0.0,0.0
2019-12-08 18:00:00,0.0,0.0,0.0,0.0,0.0,0.0,0.0
2019-12-08 19:00:00,0.0,0.0,0.0,0.0,0.0,0.0,0.0
2019-12-08 20:00:00,0.0,0.0,0.0,0.0,0.0,0.0,0.0
2019-12-08 21:00:00,0.0,0.0,0.0,0.0,0.0,0.0,0.0
2019-12-08 22:00:00,0.0,0.0,0.0,0.0,0.0,0.0,0.0
2019-12-08 23:00:00,0.0,702.767295597484,0.0,781.742939120244,0.0,0.0,0.0
2019-12-09 00:00:00,0.0,702.767295597484,0.0,1892.5114543011255,0.0,0.0,0.0
2019-12-09 01:00:00,0.0,702.767295597484,0.0,4032.76729559748,0.0,0.0,0.0
2019-12-09 02:00:00,0.0,0.0,0.0,0.0,168.7662810171344,0.0,0.0
2019-12-09 03:00:00,0.0,0.0,0.0,0.0,186.163522012579,0.0,0.0
2019-12-09 04:00:00,0.0,0.0,0.0,0.0,186.163522012579,0.0,0.0
2019-12-09 05:00:00,0.0,702.767295597484,0.0,0.0,186.163522012579,0.0,0.0
2019-12-09 06:00:00,0.0,0.0,0.0,0.0,186.163522012579,0.0,0.0
2019-12-09 07:00:00,0.0,0.0,0.0,0.0,186.163522012579,0.0,0.0
2019-12-09 08:00:00,0.0,0.0,0.0,0.0,186.163522012579,0.0,0.0
2019-12-09 09:00:00,0.0,0.0,877.5223434086374,0.0,186.163522012579,0.0,0.0
2019-12-09 10:00:00,258.301886792452,689.4053146714868,998.301886792453,0.0,186.163522012579,518.930817610063,702.767295597484
2019-12-09 11:00:00,258.301886792452,702.767295597484,998.301886792453,4032.76729559748,186.163522012579,518.930817610063,702.767295597484
2019-12-09 12:00:00,0.0,702.767295597484,721.5051997367682,2077.8476044415092,186.163522012579,0.0,0.0
2019-12-09 13:00:00,0.0,0.0,0.0,0.0,186.163522012579,0.0,0.0
2019-12-09 14:00:00,0.0,0.0,0.0,0.0,186.163522012579,0.0,0.0
2019-12-09 15:00:00,0.0,0.0,0.0,0.0,186.163522012579,0.0,0.0
2019-12-09 16:00:00,0.0,0.0,0.0,0.0,186.163522012579,0.0,0.0
2019-12-09 17:00:00,0.0,0.0,0.0,0.0,186.163522012579,0.0,0.0
2019-12-09 18:00:00,0.0,0.0,0.0,0.0,186.163522012579,0.0,0.0
2019-12-09 19:00:00,0.0,0.0,0.0,0.0,186.163522012579,0.0,0.0
2019-12-09 20:00:00,0.0,0.0,0.0,0.0,186.163522012579,0.0,0.0
2019-12-09 21:00:00,0.0,0.0,0.0,0.0,186.163522012579,0.0,0.0
2019-12-09 22:00:00,0.0,0.0,0.0,0.0,186.163522012579,0.0,0.0
2019-12-09 23:00:00,0.0,702.767295597484,0.0,0.0,186.163522012579,0.0,0.0
2019-12-10 00:00:00,0.0,0.0,0.0,4032.76729559748,186.163522012579,0.0,0.0
2019-12-10 01:00:00,0.0,0.0,0.0,3396.1135764273677,186.163522012579,0.0,0.0
2019-12-10 02:00:00,0.0,702.767295597484,0.0,0.0,186.163522012579,0.0,0.0
2019-12-10 03:00:00,0.0,613.5840077447128,0.0,0.0,186.163522012579,0.0,0.0
2019-12-10 04:00:00,0.0,0.0,0.0,2008.3508884845917,186.163522012579,0.0,0.0
2019-12-10 05:00:00,0.0,0.0,0.0,0.0,186.163522012579,0.0,0.0
2019-12-10 06:00:00,0.0,0.0,0.0,0.0,186.163522012579,0.0,0.0
2019-12-10 07:00:00,0.0,0.0,0.0,0.0,186.163522012579,0.0,0.0
2019-12-10 08:00:00,258.301886792452,702.767295597484,998.301886792453,4032.76729559748,186.163522012579,518.930817610063,702.767295597484
2019-12-10 09:00:00,258.301886792452,702.767295597484,998.301886792453,4032.76729559748,186.163522012579,518.930817610063,702.767295597484
2019-12-10 10:00:00,258.301886792452,702.767295597484,998.301886792453,4032.76729559748,186.163522012579,518.930817610063,702.767295597484
2019-12-10 11:00:00,258.301886792452,702.767295597484,998.301886792453,4032.76729559748,186.163522012579,518.930817610063,702.767295597484
2019-12-10 12:00:00,258.301886792452,702.767295597484,998.301886792453,4032.76729559748,186.163522012579,518.930817610063,702.767295597484
2019-12-10 13:00:00,258.301886792452,702.767295597484,998.301886792453,4032.76729559748,186.163522012579,518.930817610063,702.767295597484
2019-12-10 14:00:00,0.0,0.0,0.0,599.3149369616963,186.163522012579,0.0,0.0
2019-12-10 15:00:00,0.0,0.0,0.0,0.0,186.163522012579,0.0,0.0
2019-12-10 16:00:00,0.0,0.0,0.0,0.0,186.163522012579,0.0,0.0
2019-12-10 17:00:00,0.0,0.0,0.0,0.0,186.163522012579,0.0,0.0
2019-12-10 18:00:00,0.0,0.0,0.0,0.0,186.163522012579,0.0,0.0
2019-12-10 19:00:00,0.0,0.0,0.0,0.0,186.163522012579,0.0,0.0
2019-12-10 20:00:00,0.0,0.0,0.0,0.0,186.163522012579,0.0,0.0
2019-12-10 21:00:00,0.0,0.0,0.0,0.0,91.63012830292368,0.0,0.0
2019-12-10 22:00:00,258.301886792452,0.0,12.585217777565049,0.0,0.0,518.930817610063,702.767295597484
2019-12-10 23:00:00,258.301886792452,702.767295597484,998.301886792453,3449.3986212774043,0.0,518.930817610063,702.767295597484
2019-12-11 00:00:00,258.301886792452,0.0,998.301886792453,434.88554082355586,0.0,518.930817610063,702.767295597484
2019-12-11 01:00:00,258.301886792452,0.0,998.301886792453,4032.76729559748,0.0,518.930817610063,702.767295597484
2019-12-11 02:00:00,258.301886792452,0.0,998.301886792453,1108.352920694876,0.0,518.930817610063,702.767295597484
2019-12-11 03:00:00,258.301886792452,0.0,998.301886792453,576.1952465503091,0.0,518.930817610063,702.767295597484
2019-12-11 04:00:00,258.301886792452,0.0,998.301886792453,4032.76729559748,0.0,518.930817610063,702.767295597484
2019-12-11 05:00:00,258.301886792452,0.0,998.301886792453,0.0,0.0,518.930817610063,702.767295597484
2019-12-11 06:00:00,258.301886792452,0.0,998.301886792453,0.0,0.0,518.930817610063,702.767295597484
2019-12-11 07:00:00,258.301886792452,0.0,998.301886792453,0.0,0.0,518.930817610063,702.767295597484
2019-12-11 08:00:00,258.301886792452,702.767295597484,998.301886792453,4032.76729559748,0.0,518.930817610063,702.767295597484
2019-12-11 09:00:00,258.301886792452,702.767295597484,998.301886792453,4032.76729559748,0.0,518.930817610063,702.767295597484
2019-12-11 10:00:00,258.301886792452,702.767295597484,998.301886792453,4032.76729559748,0.0,518.930817610063,702.767295597484
2019-12-11 11:00:00,258.301886792452,702.767295597484,998.301886792453,4032.76729559748,0.0,518.930817610063,702.767295597484
2019-12-11 12:00:00,258.301886792452,702.767295597484,998.301886792453,4032.76729559748,0.0,518.930817610063,702.767295597484
2019-12-11 13:00:00,258.301886792452,702.767295597484,998.301886792453,4032.76729559748,0.0,518.930817610063,702.767295597484
2019-12-11 14:00:00,0.0,459.87685842214523,707.247219006781,0.0,0.0,518.930817610063,0.0
2019-12-11 15:00:00,0.0,0.0,0.0,0.0,0.0,0.0,0.0
2019-12-11 16:00:00,0.0,0.0,0.0,0.0,0.0,0.0,0.0
2019-12-11 17:00:00,0.0,0.0,0.0,0.0,0.0,0.0,0.0
2019-12-11 18:00:00,0.0,0.0,0.0,0.0,0.0,0.0,0.0
2019-12-11 19:00:00,0.0,0.0,0.0,0.0,0.0,0.0,0.0
2019-12-11 20:00:00,0.0,0.0,0.0,0.0,0.0,0.0,0.0
2019-12-11 21:00:00,0.0,0.0,0.0,0.0,0.0,0.0,0.0
2019-12-11 22:00:00,0.0,0.0,0.0,0.0,0.0,0.0,0.0
2019-12-11 23:00:00,0.0,0.0,0.0,0.0,0.0,0.0,0.0
2019-12-12 00:00:00,0.0,0.0,0.0,0.0,186.163522012579,0.0,0.0
2019-12-12 01:00:00,0.0,0.0,0.0,0.0,186.163522012579,0.0,0.0
2019-12-12 02:00:00,0.0,0.0,0.0,0.0,186.163522012579,0.0,0.0
2019-12-12 03:00:00,0.0,0.0,0.0,0.0,186.163522012579,0.0,0.0
2019-12-12 04:00:00,0.0,0.0,0.0,0.0,186.163522012579,0.0,0.0
2019-12-12 05:00:00,0.0,0.0,0.0,0.0,186.163522012579,0.0,0.0
2019-12-12 06:00:00,0.0,0.0,0.0,0.0,186.163522012579,0.0,0.0
2019-12-12 07:00:00,0.0,0.0,0.0,0.0,186.163522012579,0.0,0.0
2019-12-12 08:00:00,0.0,0.0,0.0,0.0,186.163522012579,0.0,0.0
2019-12-12 09:00:00,0.0,0.0,0.0,0.0,186.163522012579,391.13378211751933,0.0
2019-12-12 10:00:00,0.0,0.0,0.0,0.0,186.163522012579,518.930817610063,0.0
2019-12-12 11:00:00,0.0,0.0,0.0,0.0,186.163522012579,518.930817610063,0.0
2019-12-12 12:00:00,0.0,0.0,0.0,0.0,186.163522012579,518.930817610063,0.0
2019-12-12 13:00:00,0.0,0.0,0.0,0.0,186.163522012579,518.930817610063,0.0
2019-12-12 14:00:00,0.0,0.0,0.0,0.0,186.163522012579,518.930817610063,0.0
2019-12-12 15:00:00,0.0,0.0,0.0,0.0,186.163522012579,0.0,0.0
2019-12-12 16:00:00,0.0,0.0,0.0,0.0,186.163522012579,0.0,0.0
2019-12-12 17:00:00,0.0,0.0,0.0,0.0,186.163522012579,0.0,0.0
2019-12-12 18:00:00,0.0,0.0,0.0,0.0,186.163522012579,0.0,0.0
2019-12-12 19:00:00,0.0,0.0,0.0,0.0,186.163522012579,0.0,0.0
2019-12-12 20:00:00,0.0,0.0,0.0,0.0,186.163522012579,0.0,0.0
2019-12-12 21:00:00,0.0,0.0,0.0,0.0,186.163522012579,0.0,0.0
2019-12-12 22:00:00,0.0,0.0,0.0,0.0,186.163522012579,0.0,0.0
2019-12-12 23:00:00,0.0,0.0,0.0,0.0,186.163522012579,0.0,0.0
2019-12-13 00:00:00,0.0,0.0,0.0,0.0,186.163522012579,0.0,0.0
2019-12-13 01:00:00,0.0,0.0,0.0,0.0,186.163522012579,0.0,0.0
2019-12-13 02:00:00,0.0,0.0,0.0,0.0,186.163522012579,0.0,0.0
2019-12-13 03:00:00,0.0,0.0,0.0,0.0,186.163522012579,0.0,0.0
2019-12-13 04:00:00,0.0,0.0,0.0,0.0,186.163522012579,0.0,0.0
2019-12-13 05:00:00,0.0,0.0,0.0,0.0,186.163522012579,0.0,0.0
2019-12-13 06:00:00,0.0,0.0,0.0,0.0,186.163522012579,0.0,0.0
2019-12-13 07:00:00,0.0,0.0,0.0,0.0,186.163522012579,0.0,0.0
2019-12-13 08:00:00,0.0,0.0,0.0,0.0,186.163522012579,74.80990079218554,476.6591641514665
2019-12-13 09:00:00,0.0,0.0,0.0,0.0,186.163522012579,67.68486651684088,0.0
2019-12-13 10:00:00,0.0,0.0,998.301886792453,0.0,186.163522012579,518.930817610063,0.0
2019-12-13 11:00:00,258.301886792452,0.0,998.301886792453,0.0,186.163522012579,518.930817610063,702.767295597484
2019-12-13 12:00:00,258.301886792452,0.0,998.301886792453,0.0,186.163522012579,518.930817610063,702.767295597484
2019-12-13 13:00:00,258.301886792452,0.0,998.301886792453,0.0,186.163522012579,518.930817610063,702.767295597484
2019-12-13 14:00:00,258.301886792452,0.0,998.301886792453,0.0,186.163522012579,518.930817610063,702.767295597484
2019-12-13 15:00:00,258.301886792452,0.0,998.301886792453,0.0,186.163522012579,518.930817610063,702.767295597484
2019-12-13 16:00:00,258.301886792452,0.0,998.301886792453,0.0,186.163522012579,518.930817610063,702.767295597484
2019-12-13 17:00:00,258.301886792452,0.0,998.301886792453,0.0,186.163522012579,518.930817610063,702.767295597484
2019-12-13 18:00:00,258.301886792452,0.0,998.301886792453,0.0,186.163522012579,518.930817610063,702.767295597484
2019-12-13 19:00:00,258.301886792452,0.0,998.301886792453,0.0,186.163522012579,518.930817610063,702.767295597484
2019-12-13 20:00:00,258.301886792452,0.0,998.301886792453,0.0,186.163522012579,518.930817610063,702.767295597484
2019-12-13 21:00:00,258.301886792452,0.0,998.301886792453,0.0,186.163522012579,518.930817610063,702.767295597484
2019-12-13 22:00:00,258.301886792452,702.767295597484,998.301886792453,1510.2457777618429,186.163522012579,518.930817610063,702.767295597484
2019-12-13 23:00:00,258.301886792452,0.0,998.301886792453,1310.2032196458758,186.163522012579,518.930817610063,702.767295597484
2019-12-14 00:00:00,258.301886792452,0.0,998.301886792453,3226.06927572048,186.163522012579,518.930817610063,702.767295597484
2019-12-14 01:00:00,258.301886792452,0.0,998.301886792453,3647.738104521899,186.163522012579,518.930817610063,702.767295597484
2019-12-14 02:00:00,258.301886792452,0.0,998.301886792453,4032.76729559748,186.163522012579,518.930817610063,702.767295597484
2019-12-14 03:00:00,258.301886792452,0.0,998.301886792453,3026.0218966998327,186.163522012579,518.930817610063,702.767295597484
2019-12-14 04:00:00,258.301886792452,0.0,998.301886792453,2350.9728385095314,186.163522012579,518.930817610063,702.767295597484
2019-12-14 05:00:00,258.301886792452,0.0,998.301886792453,0.0,186.163522012579,518.930817610063,702.767295597484
2019-12-14 06:00:00,258.301886792452,0.0,998.301886792453,0.0,186.163522012579,518.930817610063,702.767295597484
2019-12-14 07:00:00,258.301886792452,0.0,998.301886792453,0.0,186.163522012579,518.930817610063,702.767295597484
2019-12-14 08:00:00,258.301886792452,702.767295597484,998.301886792453,4032.76729559748,186.163522012579,518.930817610063,702.767295597484
2019-12-14 09:00:00,258.301886792452,702.767295597484,998.301886792453,4032.76729559748,186.163522012579,518.930817610063,702.767295597484
2019-12-14 10:00:00,258.301886792452,702.767295597484,998.301886792453,4032.76729559748,186.163522012579,518.930817610063,702.767295597484
2019-12-14 11:00:00,258.301886792452,702.767295597484,998.301886792453,4032.76729559748,186.163522012579,518.930817610063,702.767295597484
2019-12-14 12:00:00,258.301886792452,702.767295597484,998.301886792453,4032.76729559748,186.163522012579,518.930817610063,702.767295597484
2019-12-14 13:00:00,258.301886792452,702.767295597484,998.301886792453,4032.76729559748,186.163522012579,518.930817610063,702.767295597484
2019-12-14 14:00:00,258.301886792452,702.767295597484,998.301886792453,4032.76729559748,186.163522012579,518.930817610063,702.767295597484
2019-12-14 15:00:00,258.301886792452,0.0,0.0,0.0,186.163522012579,518.930817610063,702.767295597484
2019-12-14 16:00:00,258.301886792452,0.0,0.0,0.0,186.163522012579,518.930817610063,702.767295597484
2019-12-14 17:00:00,258.301886792452,0.0,0.0,0.0,186.163522012579,0.0,354.712103489087
2019-12-14 18:00:00,0.0,0.0,0.0,0.0,186.163522012579,0.0,0.0
2019-12-14 19:00:00,0.0,0.0,0.0,0.0,186.163522012579,0.0,0.0
2019-12-14 20:00:00,0.0,0.0,0.0,0.0,186.163522012579,0.0,0.0
2019-12-14 21:00:00,0.0,0.0,0.0,0.0,186.163522012579,0.0,0.0
2019-12-14 22:00:00,0.0,0.0,0.0,0.0,97.73467826050992,0.0,0.0
2019-12-14 23:00:00,0.0,702.767295597484,0.0,2945.267582392178,160.09082936885324,0.0,0.0
2019-12-15 00:00:00,0.0,702.767295597484,0.0,1336.5294112222055,0.0,0.0,0.0
2019-12-15 01:00:00,0.0,702.767295597484,0.0,2342.199434965056,0.0,0.0,0.0
2019-12-15 02:00:00,0.0,702.767295597484,0.0,2807.8898169899285,0.0,0.0,0.0
2019-12-15 03:00:00,0.0,0.0,0.0,3607.3917563237255,0.0,0.0,0.0
2019-12-15 04:00:00,0.0,702.767295597484,0.0,1995.7071353959375,0.0,0.0,0.0
2019-12-15 05:00:00,0.0,702.767295597484,0.0,13.095834670312001,0.0,0.0,0.0
2019-12-15 06:00:00,0.0,0.0,0.0,0.0,0.0,0.0,0.0
2019-12-15 07:00:00,0.0,0.0,0.0,0.0,0.0,0.0,0.0
2019-12-15 08:00:00,258.301886792452,702.767295597484,998.301886792453,4032.76729559748,0.0,518.930817610063,702.767295597484
2019-12-15 09:00:00,258.301886792452,702.767295597484,998.301886792453,4032.76729559748,0.0,518.930817610063,702.767295597484
2019-12-15 10:00:00,258.301886792452,702.767295597484,998.301886792453,4032.76729559748,0.0,518.930817610063,702.767295597484
2019-12-15 11:00:00,258.301886792452,702.767295597484,998.301886792453,4032.76729559748,0.0,518.930817610063,702.767295597484
2019-12-15 12:00:00,258.301886792452,702.767295597484,998.301886792453,4032.76729559748,0.0,518.930817610063,702.767295597484
2019-12-15 13:00:00,258.301886792452,702.767295597484,998.301886792453,4032.76729559748,0.0,518.930817610063,702.767295597484
2019-12-15 14:00:00,0.0,0.0,0.0,1051.8527362388968,0.0,0.0,0.0
2019-12-15 15:00:00,0.0,0.0,0.0,0.0,0.0,0.0,0.0
2019-12-15 16:00:00,0.0,0.0,0.0,0.0,0.0,0.0,0.0
2019-12-15 17:00:00,0.0,0.0,0.0,0.0,0.0,0.0,0.0
2019-12-15 18:00:00,0.0,0.0,0.0,0.0,0.0,0.0,0.0
2019-12-15 19:00:00,0.0,0.0,0.0,0.0,0.0,0.0,0.0
2019-12-15 20:00:00,0.0,0.0,0.0,0.0,0.0,0.0,0.0
2019-12-15 21:00:00,0.0,0.0,0.0,0.0,0.0,0.0,0.0
2019-12-15 22:00:00,0.0,702.767295597484,0.0,0.0,0.0,0.0,0.0
2019-12-15 23:00:00,0.0,702.767295597484,0.0,1212.5169200316861,0.0,0.0,0.0
2019-12-16 00:00:00,0.0,702.767295597484,0.0,2009.7173324396713,0.0,0.0,0.0
2019-12-16 01:00:00,0.0,702.767295597484,0.0,4032.76729559748,0.0,0.0,0.0
2019-12-16 02:00:00,0.0,702.767295597484,0.0,2114.605143734556,0.0,0.0,0.0
2019-12-16 03:00:00,0.0,702.767295597484,0.0,1585.9148736179504,0.0,0.0,0.0
2019-12-16 04:00:00,0.0,702.767295597484,0.0,0.0,0.0,0.0,0.0
2019-12-16 05:00:00,0.0,0.0,0.0,0.0,0.0,0.0,0.0
2019-12-16 06:00:00,0.0,0.0,0.0,0.0,0.0,0.0,0.0
2019-12-16 07:00:00,0.0,0.0,0.0,0.0,0.0,0.0,0.0
2019-12-16 08:00:00,258.301886792452,0.0,998.301886792453,0.0,186.163522012579,518.930817610063,702.767295597484
2019-12-16 09:00:00,258.301886792452,0.0,998.301886792453,0.0,186.163522012579,518.930817610063,702.767295597484
2019-12-16 10:00:00,258.301886792452,702.767295597484,998.301886792453,0.0,186.163522012579,518.930817610063,702.767295597484
2019-12-16 11:00:00,258.301886792452,702.767295597484,998.301886792453,1377.6850329037588,186.163522012579,518.930817610063,702.767295597484
2019-12-16 12:00:00,258.301886792452,0.0,998.301886792453,0.0,186.163522012579,518.930817610063,702.767295597484
2019-12-16 13:00:00,258.301886792452,0.0,998.301886792453,0.0,186.163522012579,518.930817610063,702.767295597484
2019-12-16 14:00:00,258.301886792452,0.0,998.301886792453,0.0,186.163522012579,518.930817610063,702.767295597484
2019-12-16 15:00:00,258.301886792452,0.0,998.301886792453,0.0,186.163522012579,518.930817610063,702.767295597484
2019-12-16 16:00:00,258.301886792452,0.0,998.301886792453,0.0,186.163522012579,518.930817610063,702.767295597484
2019-12-16 17:00:00,258.301886792452,0.0,998.301886792453,0.0,186.163522012579,518.930817610063,702.767295597484
2019-12-16 18:00:00,258.301886792452,0.0,998.301886792453,0.0,186.163522012579,518.930817610063,702.767295597484
2019-12-16 19:00:00,258.301886792452,0.0,998.301886792453,0.0,186.163522012579,518.930817610063,702.767295597484
2019-12-16 20:00:00,258.301886792452,0.0,998.301886792453,0.0,186.163522012579,518.930817610063,702.767295597484
2019-12-16 21:00:00,258.301886792452,0.0,998.301886792453,0.0,186.163522012579,518.930817610063,702.767295597484
2019-12-16 22:00:00,258.301886792452,0.0,998.301886792453,0.0,186.163522012579,518.930817610063,702.767295597484
2019-12-16 23:00:00,258.301886792452,0.0,998.301886792453,0.0,186.163522012579,518.930817610063,702.767295597484
2019-12-17 00:00:00,258.301886792452,0.0,998.301886792453,3139.3124104680196,186.163522012579,518.930817610063,702.767295597484
2019-12-17 01:00:00,258.301886792452,51.95748605305016,998.301886792453,4032.76729559748,186.163522012579,518.930817610063,702.767295597484
2019-12-17 02:00:00,258.301886792452,702.767295597484,998.301886792453,2971.054427755409,186.163522012579,518.930817610063,702.767295597484
2019-12-17 03:00:00,258.301886792452,30.060336327574078,998.301886792453,1086.5911055495103,186.163522012579,518.930817610063,702.767295597484
2019-12-17 04:00:00,258.301886792452,702.767295597484,998.301886792453,0.0,186.163522012579,518.930817610063,702.767295597484
2019-12-17 05:00:00,258.301886792452,0.0,998.301886792453,0.0,186.163522012579,518.930817610063,702.767295597484
2019-12-17 06:00:00,258.301886792452,0.0,998.301886792453,0.0,186.163522012579,518.930817610063,702.767295597484
2019-12-17 07:00:00,258.301886792452,0.0,998.301886792453,0.0,186.163522012579,518.930817610063,702.767295597484
2019-12-17 08:00:00,258.301886792452,0.0,998.301886792453,0.0,186.163522012579,518.930817610063,702.767295597484
2019-12-17 09:00:00,258.301886792452,0.0,998.301886792453,0.0,186.163522012579,518.930817610063,702.767295597484
2019-12-17 10:00:00,258.301886792452,260.00237559179186,998.301886792453,309.4029712901298,186.163522012579,518.930817610063,702.767295597484
2019-12-17 11:00:00,258.301886792452,586.9950413725674,998.301886792453,2254.610922190539,186.163522012579,518.930817610063,702.767295597484
2019-12-17 12:00:00,258.301886792452,702.767295597484,998.301886792453,4032.76729559748,186.163522012579,518.930817610063,702.767295597484
2019-12-17 13:00:00,258.301886792452,0.0,998.301886792453,0.0,186.163522012579,518.930817610063,702.767295597484
2019-12-17 14:00:00,258.301886792452,702.767295597484,998.301886792453,0.0,186.163522012579,518.930817610063,702.767295597484
2019-12-17 15:00:00,258.301886792452,0.0,998.301886792453,0.0,186.163522012579,518.930817610063,702.767295597484
2019-12-17 16:00:00,258.301886792452,0.0,998.301886792453,0.0,186.163522012579,518.930817610063,702.767295597484
2019-12-17 17:00:00,258.301886792452,0.0,998.301886792453,0.0,186.163522012579,518.930817610063,702.767295597484
2019-12-17 18:00:00,258.301886792452,0.0,998.301886792453,0.0,186.163522012579,518.930817610063,702.767295597484
2019-12-17 19:00:00,258.301886792452,0.0,998.301886792453,0.0,186.163522012579,518.930817610063,702.767295597484
2019-12-17 20:00:00,258.301886792452,0.0,998.301886792453,0.0,186.163522012579,518.930817610063,702.767295597484
2019-12-17 21:00:00,258.301886792452,0.0,998.301886792453,0.0,186.163522012579,518.930817610063,702.767295597484
2019-12-17 22:00:00,258.301886792452,0.0,998.301886792453,0.0,186.163522012579,518.930817610063,702.767295597484
2019-12-17 23:00:00,258.301886792452,0.0,998.301886792453,586.1517582326551,186.163522012579,518.930817610063,702.767295597484
2019-12-18 00:00:00,258.301886792452,272.09417218063027,998.301886792453,4032.76729559748,186.163522012579,518.930817610063,702.767295597484
2019-12-18 01:00:00,258.301886792452,214.0626088837016,998.301886792453,4032.76729559748,186.163522012579,518.930817610063,702.767295597484
2019-12-18 02:00:00,258.301886792452,382.5053676158486,998.301886792453,4032.76729559748,186.163522012579,518.930817610063,702.767295597484
2019-12-18 03:00:00,258.301886792452,0.0,998.301886792453,3880.500253496246,186.163522012579,518.930817610063,702.767295597484
2019-12-18 04:00:00,258.301886792452,702.767295597484,998.301886792453,0.0,186.163522012579,518.930817610063,702.767295597484
2019-12-18 05:00:00,258.301886792452,0.0,998.301886792453,0.0,186.163522012579,518.930817610063,702.767295597484
2019-12-18 06:00:00,258.301886792452,0.0,998.301886792453,0.0,186.163522012579,518.930817610063,702.767295597484
2019-12-18 07:00:00,258.301886792452,0.0,998.301886792453,0.0,186.163522012579,518.930817610063,702.767295597484
2019-12-18 08:00:00,258.301886792452,0.0,998.301886792453,0.0,186.163522012579,518.930817610063,702.767295597484
2019-12-18 09:00:00,258.301886792452,0.0,998.301886792453,0.0,186.163522012579,518.930817610063,702.767295597484
2019-12-18 10:00:00,258.301886792452,0.0,998.301886792453,0.0,186.163522012579,518.930817610063,702.767295597484
2019-12-18 11:00:00,258.301886792452,0.0,998.301886792453,0.0,186.163522012579,518.930817610063,702.767295597484
2019-12-18 12:00:00,258.301886792452,0.0,998.301886792453,0.0,186.163522012579,518.930817610063,702.767295597484
2019-12-18 13:00:00,258.301886792452,0.0,0.0,0.0,186.163522012579,518.930817610063,702.767295597484
2019-12-18 14:00:00,258.301886792452,702.767295597484,0.0,0.0,186.163522012579,518.930817610063,702.767295597484
2019-12-18 15:00:00,0.0,0.0,0.0,0.0,0.0,0.0,702.767295597484
2019-12-18 16:00:00,0.0,0.0,0.0,0.0,0.0,0.0,0.0
2019-12-18 17:00:00,0.0,0.0,0.0,0.0,0.0,0.0,0.0
2019-12-18 18:00:00,0.0,0.0,0.0,0.0,0.0,0.0,0.0
2019-12-18 19:00:00,0.0,0.0,0.0,0.0,0.0,0.0,0.0
2019-12-18 20:00:00,0.0,702.767295597484,0.0,0.0,0.0,0.0,0.0
2019-12-18 21:00:00,0.0,0.0,0.0,0.0,0.0,0.0,0.0
2019-12-18 22:00:00,258.301886792452,0.0,0.0,0.0,0.0,0.0,702.767295597484
2019-12-18 23:00:00,258.301886792452,0.0,162.57529380365645,0.0,0.0,518.930817610063,702.767295597484
2019-12-19 00:00:00,258.301886792452,0.0,579.0175444031943,1285.3296848379384,0.0,0.0,702.767295597484
2019-12-19 01:00:00,258.301886792452,0.0,295.93903254744987,1372.3072155520908,0.0,0.0,0.0
2019-12-19 02:00:00,258.301886792452,702.767295597484,234.144358072655,920.3585382316244,0.0,0.0,0.0
2019-12-19 03:00:00,258.301886792452,0.0,998.301886792453,1349.2641314363036,0.0,0.0,0.0
2019-12-19 04:00:00,258.301886792452,702.767295597484,0.0,0.0,0.0,0.0,0.0
2019-12-19 05:00:00,0.0,0.0,0.0,0.0,0.0,0.0,0.0
2019-12-19 06:00:00,0.0,0.0,0.0,0.0,0.0,0.0,0.0
2019-12-19 07:00:00,0.0,0.0,0.0,0.0,0.0,0.0,0.0
2019-12-19 08:00:00,258.301886792452,0.0,0.0,0.0,0.0,518.930817610063,444.80385257213925
2019-12-19 09:00:00,258.301886792452,0.0,0.0,0.0,0.0,518.930817610063,702.767295597484
2019-12-19 10:00:00,258.301886792452,0.0,0.0,0.0,0.0,97.28846952181127,702.767295597484
2019-12-19 11:00:00,258.301886792452,0.0,62.4352688506242,4032.76729559748,0.0,518.930817610063,702.767295597484
2019-12-19 12:00:00,258.301886792452,0.0,0.0,0.0,0.0,518.930817610063,702.767295597484
2019-12-19 13:00:00,258.301886792452,0.0,0.0,0.0,0.0,518.930817610063,702.767295597484
2019-12-19 14:00:00,0.0,0.0,0.0,0.0,0.0,0.0,0.0
2019-12-19 15:00:00,0.0,0.0,0.0,0.0,0.0,0.0,0.0
2019-12-19 16:00:00,0.0,0.0,0.0,0.0,0.0,0.0,0.0
2019-12-19 17:00:00,0.0,0.0,0.0,0.0,0.0,0.0,0.0
2019-12-19 18:00:00,0.0,0.0,0.0,0.0,0.0,0.0,0.0
2019-12-19 19:00:00,0.0,702.767295597484,0.0,0.0,0.0,0.0,0.0
2019-12-19 20:00:00,0.0,0.0,0.0,0.0,0.0,0.0,0.0
2019-12-19 21:00:00,258.301886792452,0.0,0.0,0.0,0.0,0.0,537.8592121777499
2019-12-19 22:00:00,258.301886792452,0.0,0.0,0.0,0.0,0.0,77.07863409530569
2019-12-19 23:00:00,0.0,0.0,0.0,0.0,0.0,0.0,0.0
2019-12-20 00:00:00,0.0,0.0,0.0,1047.9530282071225,0.0,0.0,0.0
2019-12-20 01:00:00,0.0,702.767295597484,0.0,441.9979369016195,0.0,0.0,0.0
2019-12-20 02:00:00,0.0,702.767295597484,0.0,1105.0601472410758,0.0,0.0,0.0
2019-12-20 03:00:00,0.0,702.767295597484,0.0,636.2767271780367,0.0,0.0,0.0
2019-12-20 04:00:00,0.0,0.0,0.0,4032.76729559748,0.0,0.0,0.0
2019-12-20 05:00:00,0.0,702.767295597484,0.0,0.0,0.0,0.0,0.0
2019-12-20 06:00:00,0.0,0.0,0.0,0.0,0.0,0.0,0.0
2019-12-20 07:00:00,0.0,0.0,0.0,0.0,0.0,0.0,0.0
2019-12-20 08:00:00,258.301886792452,0.0,998.301886792453,0.0,186.163522012579,518.930817610063,702.767295597484
2019-12-20 09:00:00,258.301886792452,0.0,998.301886792453,0.0,186.163522012579,518.930817610063,702.767295597484
2019-12-20 10:00:00,258.301886792452,0.0,998.301886792453,1905.5287389756666,186.163522012579,518.930817610063,702.767295597484
2019-12-20 11:00:00,258.301886792452,0.0,998.301886792453,4032.76729559748,186.163522012579,518.930817610063,702.767295597484
2019-12-20 12:00:00,258.301886792452,0.0,998.301886792453,3725.6886211843394,186.163522012579,518.930817610063,702.767295597484
2019-12-20 13:00:00,258.301886792452,0.0,998.301886792453,0.0,186.163522012579,518.930817610063,702.767295597484
2019-12-20 14:00:00,258.301886792452,0.0,998.301886792453,0.0,186.163522012579,518.930817610063,702.767295597484
2019-12-20 15:00:00,258.301886792452,0.0,998.301886792453,0.0,186.163522012579,518.930817610063,702.767295597484
2019-12-20 16:00:00,258.301886792452,0.0,998.301886792453,0.0,186.163522012579,518.930817610063,702.767295597484
2019-12-20 17:00:00,258.301886792452,0.0,998.301886792453,0.0,186.163522012579,518.930817610063,702.767295597484
2019-12-20 18:00:00,258.301886792452,0.0,998.301886792453,0.0,186.163522012579,518.930817610063,702.767295597484
2019-12-20 19:00:00,258.301886792452,0.0,998.301886792453,0.0,186.163522012579,518.930817610063,702.767295597484
2019-12-20 20:00:00,258.301886792452,0.0,998.301886792453,0.0,186.163522012579,518.930817610063,702.767295597484
2019-12-20 21:00:00,258.301886792452,0.0,998.301886792453,672.4944264554686,186.163522012579,518.930817610063,702.767295597484
2019-12-20 22:00:00,258.301886792452,702.767295597484,998.301886792453,4032.76729559748,186.163522012579,518.930817610063,702.767295597484
2019-12-20 23:00:00,258.301886792452,702.767295597484,998.301886792453,4032.76729559748,186.163522012579,518.930817610063,702.767295597484
2019-12-21 00:00:00,258.301886792452,702.767295597484,998.301886792453,4032.76729559748,186.163522012579,518.930817610063,702.767295597484
2019-12-21 01:00:00,258.301886792452,702.767295597484,998.301886792453,4032.76729559748,186.163522012579,518.930817610063,702.767295597484
2019-12-21 02:00:00,258.301886792452,702.767295597484,998.301886792453,4032.76729559748,186.163522012579,518.930817610063,702.767295597484
2019-12-21 03:00:00,258.301886792452,702.767295597484,998.301886792453,4032.76729559748,186.163522012579,518.930817610063,702.767295597484
2019-12-21 04:00:00,258.301886792452,702.767295597484,998.301886792453,4032.76729559748,186.163522012579,518.930817610063,702.767295597484
2019-12-21 05:00:00,258.301886792452,702.767295597484,998.301886792453,4032.76729559748,186.163522012579,518.930817610063,702.767295597484
2019-12-21 06:00:00,258.301886792452,0.0,998.301886792453,1677.413574474669,186.163522012579,518.930817610063,702.767295597484
2019-12-21 07:00:00,258.301886792452,0.0,998.301886792453,0.0,186.163522012579,518.930817610063,702.767295597484
2019-12-21 08:00:00,258.301886792452,702.767295597484,998.301886792453,4032.76729559748,186.163522012579,518.930817610063,702.767295597484
2019-12-21 09:00:00,258.301886792452,702.767295597484,998.301886792453,4032.76729559748,186.163522012579,518.930817610063,702.767295597484
2019-12-21 10:00:00,258.301886792452,702.767295597484,998.301886792453,4032.76729559748,186.163522012579,518.930817610063,702.767295597484
2019-12-21 11:00:00,258.301886792452,702.767295597484,998.301886792453,4032.76729559748,186.163522012579,518.930817610063,702.767295597484
2019-12-21 12:00:00,258.301886792452,702.767295597484,998.301886792453,4032.76729559748,186.163522012579,518.930817610063,702.767295597484
2019-12-21 13:00:00,258.301886792452,702.767295597484,998.301886792453,4032.76729559748,186.163522012579,518.930817610063,702.767295597484
2019-12-21 14:00:00,258.301886792452,702.767295597484,998.301886792453,4032.76729559748,186.163522012579,518.930817610063,702.767295597484
2019-12-21 15:00:00,258.301886792452,702.767295597484,998.301886792453,4032.76729559748,186.163522012579,518.930817610063,702.767295597484
2019-12-21 16:00:00,258.301886792452,702.767295597484,998.301886792453,4032.76729559748,186.163522012579,518.930817610063,702.767295597484
2019-12-21 17:00:00,258.301886792452,0.0,998.301886792453,4032.76729559748,186.163522012579,518.930817610063,702.767295597484
2019-12-21 18:00:00,258.301886792452,702.767295597484,998.301886792453,4032.76729559748,186.163522012579,518.930817610063,702.767295597484
2019-12-21 19:00:00,258.301886792452,0.0,998.301886792453,4032.76729559748,186.163522012579,518.930817610063,702.767295597484
2019-12-21 20:00:00,258.301886792452,702.767295597484,998.301886792453,4032.76729559748,186.163522012579,518.930817610063,702.767295597484
2019-12-21 21:00:00,258.301886792452,702.767295597484,998.301886792453,4032.76729559748,186.163522012579,518.930817610063,702.767295597484
2019-12-21 22:00:00,258.301886792452,702.767295597484,998.301886792453,4032.76729559748,186.163522012579,518.930817610063,702.767295597484
2019-12-21 23:00:00,258.301886792452,702.767295597484,998.301886792453,4032.76729559748,186.163522012579,518.930817610063,702.767295597484
2019-12-22 00:00:00,258.301886792452,702.767295597484,998.301886792453,4032.76729559748,186.163522012579,518.930817610063,702.767295597484
2019-12-22 01:00:00,258.301886792452,702.767295597484,998.301886792453,4032.76729559748,186.163522012579,518.930817610063,702.767295597484
2019-12-22 02:00:00,258.301886792452,702.767295597484,998.301886792453,4032.76729559748,186.163522012579,518.930817610063,702.767295597484
2019-12-22 03:00:00,258.301886792452,702.767295597484,998.301886792453,4032.76729559748,186.163522012579,518.930817610063,702.767295597484
2019-12-22 04:00:00,258.301886792452,702.767295597484,998.301886792453,4032.76729559748,186.163522012579,518.930817610063,702.767295597484
2019-12-22 05:00:00,258.301886792452,702.767295597484,998.301886792453,4032.76729559748,186.163522012579,518.930817610063,702.767295597484
2019-12-22 06:00:00,258.301886792452,702.767295597484,998.301886792453,4032.76729559748,186.163522012579,518.930817610063,702.767295597484
2019-12-22 07:00:00,258.301886792452,702.767295597484,998.301886792453,4032.76729559748,186.163522012579,518.930817610063,702.767295597484
2019-12-22 08:00:00,258.301886792452,702.767295597484,998.301886792453,4032.76729559748,186.163522012579,518.930817610063,702.767295597484
2019-12-22 09:00:00,258.301886792452,702.767295597484,998.301886792453,4032.76729559748,186.163522012579,518.930817610063,702.767295597484
2019-12-22 10:00:00,258.301886792452,702.767295597484,998.301886792453,4032.76729559748,186.163522012579,518.930817610063,702.767295597484
2019-12-22 11:00:00,258.301886792452,702.767295597484,998.301886792453,4032.76729559748,186.163522012579,518.930817610063,702.767295597484
2019-12-22 12:00:00,258.301886792452,702.767295597484,998.301886792453,4032.76729559748,186.163522012579,518.930817610063,702.767295597484
2019-12-22 13:00:00,258.301886792452,702.767295597484,998.301886792453,4032.76729559748,186.163522012579,518.930817610063,702.767295597484
2019-12-22 14:00:00,258.301886792452,702.767295597484,998.301886792453,4032.76729559748,186.163522012579,518.930817610063,702.767295597484
2019-12-22 15:00:00,258.301886792452,702.767295597484,998.301886792453,4032.76729559748,186.163522012579,518.930817610063,702.767295597484
2019-12-22 16:00:00,258.301886792452,702.767295597484,998.301886792453,4032.76729559748,186.163522012579,518.930817610063,702.767295597484
2019-12-22 17:00:00,258.301886792452,702.767295597484,998.301886792453,4032.76729559748,186.163522012579,518.930817610063,702.767295597484
2019-12-22 18:00:00,258.301886792452,702.767295597484,998.301886792453,4032.76729559748,186.163522012579,518.930817610063,702.767295597484
2019-12-22 19:00:00,258.301886792452,702.767295597484,998.301886792453,4032.76729559748,186.163522012579,518.930817610063,702.767295597484
2019-12-22 20:00:00,258.301886792452,702.767295597484,998.301886792453,4032.76729559748,186.163522012579,518.930817610063,702.767295597484
2019-12-22 21:00:00,258.301886792452,702.767295597484,998.301886792453,4032.76729559748,186.163522012579,518.930817610063,702.767295597484
2019-12-22 22:00:00,258.301886792452,702.767295597484,998.301886792453,4032.76729559748,186.163522012579,518.930817610063,702.767295597484
2019-12-22 23:00:00,258.301886792452,702.767295597484,998.301886792453,4032.76729559748,186.163522012579,518.930817610063,702.767295597484
2019-12-23 00:00:00,258.301886792452,702.767295597484,998.301886792453,4032.76729559748,186.163522012579,518.930817610063,702.767295597484
2019-12-23 01:00:00,258.301886792452,702.767295597484,998.301886792453,4032.76729559748,186.163522012579,518.930817610063,702.767295597484
2019-12-23 02:00:00,258.301886792452,702.767295597484,998.301886792453,4032.76729559748,186.163522012579,518.930817610063,702.767295597484
2019-12-23 03:00:00,258.301886792452,702.767295597484,998.301886792453,4032.76729559748,186.163522012579,518.930817610063,702.767295597484
2019-12-23 04:00:00,258.301886792452,702.767295597484,998.301886792453,4032.76729559748,186.163522012579,518.930817610063,702.767295597484
2019-12-23 05:00:00,258.301886792452,702.767295597484,998.301886792453,4032.76729559748,186.163522012579,518.930817610063,702.767295597484
2019-12-23 06:00:00,258.301886792452,702.767295597484,998.301886792453,4032.76729559748,186.163522012579,518.930817610063,702.767295597484
2019-12-23 07:00:00,258.301886792452,702.767295597484,998.301886792453,4032.76729559748,186.163522012579,518.930817610063,702.767295597484
2019-12-23 08:00:00,258.301886792452,702.767295597484,998.301886792453,4032.76729559748,186.163522012579,518.930817610063,702.767295597484
2019-12-23 09:00:00,258.301886792452,702.767295597484,998.301886792453,4032.76729559748,186.163522012579,518.930817610063,702.767295597484
2019-12-23 10:00:00,258.301886792452,702.767295597484,998.301886792453,4032.76729559748,186.163522012579,518.930817610063,702.767295597484
2019-12-23 11:00:00,258.301886792452,702.767295597484,998.301886792453,4032.76729559748,186.163522012579,518.930817610063,702.767295597484
2019-12-23 12:00:00,258.301886792452,702.767295597484,998.301886792453,4032.76729559748,186.163522012579,518.930817610063,702.767295597484
2019-12-23 13:00:00,258.301886792452,702.767295597484,998.301886792453,4032.76729559748,186.163522012579,518.930817610063,702.767295597484
2019-12-23 14:00:00,258.301886792452,702.767295597484,998.301886792453,4032.76729559748,186.163522012579,518.930817610063,702.767295597484
2019-12-23 15:00:00,258.301886792452,702.767295597484,998.301886792453,4032.76729559748,186.163522012579,518.930817610063,702.767295597484
2019-12-23 16:00:00,258.301886792452,702.767295597484,998.301886792453,4032.76729559748,186.163522012579,518.930817610063,702.767295597484
2019-12-23 17:00:00,258.301886792452,702.767295597484,998.301886792453,4032.76729559748,186.163522012579,518.930817610063,702.767295597484
2019-12-23 18:00:00,258.301886792452,702.767295597484,998.301886792453,4032.76729559748,186.163522012579,518.930817610063,702.767295597484
2019-12-23 19:00:00,258.301886792452,702.767295597484,998.301886792453,4032.76729559748,186.163522012579,518.930817610063,702.767295597484
2019-12-23 20:00:00,258.301886792452,702.767295597484,998.301886792453,4032.76729559748,186.163522012579,518.930817610063,702.767295597484
2019-12-23 21:00:00,258.301886792452,702.767295597484,998.301886792453,4032.76729559748,186.163522012579,518.930817610063,702.767295597484
2019-12-23 22:00:00,258.301886792452,702.767295597484,998.301886792453,4032.76729559748,186.163522012579,518.930817610063,702.767295597484
2019-12-23 23:00:00,258.301886792452,702.767295597484,998.301886792453,4032.76729559748,186.163522012579,518.930817610063,702.767295597484
2019-12-24 00:00:00,258.301886792452,702.767295597484,998.301886792453,4032.76729559748,186.163522012579,518.930817610063,702.767295597484
2019-12-24 01:00:00,258.301886792452,702.767295597484,998.301886792453,4032.76729559748,186.163522012579,518.930817610063,702.767295597484
2019-12-24 02:00:00,258.301886792452,702.767295597484,998.301886792453,4032.76729559748,186.163522012579,518.930817610063,702.767295597484
2019-12-24 03:00:00,258.301886792452,702.767295597484,998.301886792453,4032.76729559748,186.163522012579,518.930817610063,702.767295597484
2019-12-24 04:00:00,258.301886792452,702.767295597484,998.301886792453,4032.76729559748,186.163522012579,518.930817610063,702.767295597484
2019-12-24 05:00:00,258.301886792452,702.767295597484,998.301886792453,4032.76729559748,186.163522012579,518.930817610063,702.767295597484
2019-12-24 06:00:00,258.301886792452,702.767295597484,998.301886792453,4032.76729559748,186.163522012579,518.930817610063,702.767295597484
2019-12-24 07:00:00,258.301886792452,702.767295597484,998.301886792453,4032.76729559748,186.163522012579,518.930817610063,702.767295597484
2019-12-24 08:00:00,258.301886792452,702.767295597484,998.301886792453,4032.76729559748,186.163522012579,518.930817610063,702.767295597484
2019-12-24 09:00:00,258.301886792452,702.767295597484,998.301886792453,4032.76729559748,186.163522012579,518.930817610063,702.767295597484
2019-12-24 10:00:00,258.301886792452,702.767295597484,998.301886792453,4032.76729559748,186.163522012579,518.930817610063,702.767295597484
2019-12-24 11:00:00,258.301886792452,702.767295597484,998.301886792453,4032.76729559748,186.163522012579,518.930817610063,702.767295597484
2019-12-24 12:00:00,258.301886792452,702.767295597484,998.301886792453,4032.76729559748,186.163522012579,518.930817610063,702.767295597484
2019-12-24 13:00:00,258.301886792452,702.767295597484,998.301886792453,4032.76729559748,186.163522012579,518.930817610063,702.767295597484
2019-12-24 14:00:00,258.301886792452,702.767295597484,998.301886792453,4032.76729559748,186.163522012579,518.930817610063,702.767295597484
2019-12-24 15:00:00,258.301886792452,702.767295597484,998.301886792453,4032.76729559748,186.163522012579,518.930817610063,702.767295597484
2019-12-24 16:00:00,258.301886792452,702.767295597484,998.301886792453,4032.76729559748,186.163522012579,518.930817610063,702.767295597484
2019-12-24 17:00:00,258.301886792452,702.767295597484,998.301886792453,4032.76729559748,186.163522012579,518.930817610063,702.767295597484
2019-12-24 18:00:00,258.301886792452,702.767295597484,998.301886792453,4032.76729559748,186.163522012579,518.930817610063,702.767295597484
2019-12-24 19:00:00,258.301886792452,702.767295597484,998.301886792453,4032.76729559748,186.163522012579,518.930817610063,702.767295597484
2019-12-24 20:00:00,258.301886792452,702.767295597484,998.301886792453,4032.76729559748,186.163522012579,518.930817610063,702.767295597484
2019-12-24 21:00:00,258.301886792452,702.767295597484,998.301886792453,4032.76729559748,186.163522012579,518.930817610063,702.767295597484
2019-12-24 22:00:00,258.301886792452,702.767295597484,998.301886792453,4032.76729559748,186.163522012579,518.930817610063,702.767295597484
2019-12-24 23:00:00,258.301886792452,702.767295597484,998.301886792453,4032.76729559748,186.163522012579,518.930817610063,702.767295597484
2019-12-25 00:00:00,258.301886792452,702.767295597484,998.301886792453,4032.76729559748,186.163522012579,518.930817610063,702.767295597484
2019-12-25 01:00:00,258.301886792452,702.767295597484,998.301886792453,4032.76729559748,186.163522012579,518.930817610063,702.767295597484
2019-12-25 02:00:00,258.301886792452,702.767295597484,998.301886792453,4032.76729559748,186.163522012579,518.930817610063,702.767295597484
2019-12-25 03:00:00,258.301886792452,702.767295597484,998.301886792453,4032.76729559748,186.163522012579,518.930817610063,702.767295597484
2019-12-25 04:00:00,258.301886792452,702.767295597484,998.301886792453,4032.76729559748,186.163522012579,518.930817610063,702.767295597484
2019-12-25 05:00:00,258.301886792452,702.767295597484,998.301886792453,4032.76729559748,186.163522012579,518.930817610063,702.767295597484
2019-12-25 06:00:00,258.301886792452,702.767295597484,998.301886792453,4032.76729559748,186.163522012579,518.930817610063,702.767295597484
2019-12-25 07:00:00,258.301886792452,702.767295597484,998.301886792453,4032.76729559748,186.163522012579,518.930817610063,702.767295597484
2019-12-25 08:00:00,258.301886792452,702.767295597484,998.301886792453,4032.76729559748,186.163522012579,518.930817610063,702.767295597484
2019-12-25 09:00:00,258.301886792452,702.767295597484,998.301886792453,4032.76729559748,186.163522012579,518.930817610063,702.767295597484
2019-12-25 10:00:00,258.301886792452,702.767295597484,998.301886792453,4032.76729559748,186.163522012579,518.930817610063,702.767295597484
2019-12-25 11:00:00,258.301886792452,702.767295597484,998.301886792453,4032.76729559748,186.163522012579,518.930817610063,702.767295597484
2019-12-25 12:00:00,258.301886792452,702.767295597484,998.301886792453,4032.76729559748,186.163522012579,518.930817610063,702.767295597484
2019-12-25 13:00:00,258.301886792452,702.767295597484,998.301886792453,4032.76729559748,186.163522012579,518.930817610063,702.767295597484
2019-12-25 14:00:00,258.301886792452,702.767295597484,998.301886792453,4032.76729559748,186.163522012579,518.930817610063,702.767295597484
2019-12-25 15:00:00,258.301886792452,702.767295597484,998.301886792453,4032.76729559748,186.163522012579,0.0,702.767295597484
2019-12-25 16:00:00,258.301886792452,702.767295597484,998.301886792453,4032.76729559748,186.163522012579,518.930817610063,702.767295597484
2019-12-25 17:00:00,258.301886792452,702.767295597484,998.301886792453,4032.76729559748,186.163522012579,518.930817610063,702.767295597484
2019-12-25 18:00:00,258.301886792452,702.767295597484,998.301886792453,4032.76729559748,186.163522012579,518.930817610063,702.767295597484
2019-12-25 19:00:00,258.301886792452,702.767295597484,998.301886792453,4032.76729559748,186.163522012579,518.930817610063,702.767295597484
2019-12-25 20:00:00,0.0,702.767295597484,998.301886792453,4032.76729559748,186.163522012579,0.0,0.0
2019-12-25 21:00:00,0.0,702.767295597484,998.301886792453,4032.76729559748,186.163522012579,0.0,702.767295597484
2019-12-25 22:00:00,0.0,702.767295597484,0.0,4032.76729559748,186.163522012579,0.0,0.0
2019-12-25 23:00:00,0.0,702.767295597484,0.0,4032.76729559748,186.163522012579,0.0,0.0
2019-12-26 00:00:00,0.0,702.767295597484,0.0,4032.76729559748,186.163522012579,0.0,0.0
2019-12-26 01:00:00,0.0,702.767295597484,0.0,4032.76729559748,186.163522012579,0.0,0.0
2019-12-26 02:00:00,0.0,702.767295597484,0.0,4032.76729559748,186.163522012579,0.0,0.0
2019-12-26 03:00:00,0.0,702.767295597484,0.0,4032.76729559748,186.163522012579,0.0,0.0
2019-12-26 04:00:00,0.0,702.767295597484,0.0,4032.76729559748,186.163522012579,0.0,0.0
2019-12-26 05:00:00,0.0,702.767295597484,0.0,4032.76729559748,0.0,0.0,0.0
2019-12-26 06:00:00,0.0,702.767295597484,0.0,4032.76729559748,163.35525227509197,0.0,0.0
2019-12-26 07:00:00,258.301886792452,702.767295597484,998.301886792453,4032.76729559748,0.0,518.930817610063,702.767295597484
2019-12-26 08:00:00,258.301886792452,702.767295597484,998.301886792453,4032.76729559748,186.163522012579,518.930817610063,702.767295597484
2019-12-26 09:00:00,258.301886792452,702.767295597484,998.301886792453,4032.76729559748,186.163522012579,518.930817610063,702.767295597484
2019-12-26 10:00:00,258.301886792452,702.767295597484,998.301886792453,4032.76729559748,186.163522012579,518.930817610063,702.767295597484
2019-12-26 11:00:00,258.301886792452,702.767295597484,998.301886792453,4032.76729559748,186.163522012579,518.930817610063,702.767295597484
2019-12-26 12:00:00,258.301886792452,702.767295597484,998.301886792453,4032.76729559748,186.163522012579,518.930817610063,702.767295597484
2019-12-26 13:00:00,258.301886792452,702.767295597484,998.301886792453,4032.76729559748,186.163522012579,518.930817610063,702.767295597484
2019-12-26 14:00:00,258.301886792452,702.767295597484,998.301886792453,4032.76729559748,0.0,518.930817610063,702.767295597484
2019-12-26 15:00:00,0.0,121.64009271556597,0.0,0.0,0.0,0.0,0.0
2019-12-26 16:00:00,0.0,0.0,0.0,0.0,0.0,0.0,0.0
2019-12-26 17:00:00,0.0,0.0,0.0,0.0,0.0,0.0,0.0
2019-12-26 18:00:00,0.0,0.0,0.0,0.0,0.0,0.0,0.0
2019-12-26 19:00:00,0.0,60.86216615764624,0.0,0.0,0.0,0.0,0.0
2019-12-26 20:00:00,0.0,0.0,0.0,0.0,0.0,0.0,0.0
2019-12-26 21:00:00,0.0,0.0,0.0,0.0,0.0,0.0,0.0
2019-12-26 22:00:00,0.0,0.0,0.0,0.0,0.0,0.0,0.0
2019-12-26 23:00:00,0.0,0.0,0.0,75.58652693027307,0.0,0.0,0.0
2019-12-27 00:00:00,0.0,0.0,0.0,0.0,0.0,0.0,0.0
2019-12-27 01:00:00,0.0,0.0,0.0,0.0,0.0,0.0,0.0
2019-12-27 02:00:00,0.0,0.0,0.0,0.0,0.0,0.0,0.0
2019-12-27 03:00:00,0.0,0.0,0.0,0.0,0.0,0.0,0.0
2019-12-27 04:00:00,0.0,0.0,0.0,43.738841488604294,0.0,0.0,0.0
2019-12-27 05:00:00,0.0,0.0,0.0,0.0,0.0,0.0,0.0
2019-12-27 06:00:00,0.0,0.0,0.0,0.0,0.0,0.0,0.0
2019-12-27 07:00:00,0.0,0.0,0.0,0.0,0.0,0.0,0.0
2019-12-27 08:00:00,258.301886792452,702.767295597484,998.301886792453,4032.76729559748,0.0,518.930817610063,702.767295597484
2019-12-27 09:00:00,258.301886792452,702.767295597484,998.301886792453,4032.76729559748,0.0,518.930817610063,702.767295597484
2019-12-27 10:00:00,258.301886792452,702.767295597484,998.301886792453,4032.76729559748,186.163522012579,518.930817610063,702.767295597484
2019-12-27 11:00:00,258.301886792452,702.767295597484,998.301886792453,4032.76729559748,186.163522012579,518.930817610063,702.767295597484
2019-12-27 12:00:00,258.301886792452,702.767295597484,998.301886792453,4032.76729559748,186.163522012579,518.930817610063,702.767295597484
2019-12-27 13:00:00,258.301886792452,702.767295597484,998.301886792453,4032.76729559748,186.163522012579,518.930817610063,702.767295597484
2019-12-27 14:00:00,0.0,702.767295597484,0.0,4032.76729559748,0.0,0.0,0.0
2019-12-27 15:00:00,0.0,0.0,0.0,23.16838459039036,0.0,0.0,0.0
2019-12-27 16:00:00,0.0,0.0,0.0,0.0,0.0,0.0,0.0
2019-12-27 17:00:00,0.0,0.0,0.0,0.0,0.0,0.0,0.0
2019-12-27 18:00:00,0.0,0.0,0.0,0.0,0.0,0.0,0.0
2019-12-27 19:00:00,0.0,0.0,0.0,0.0,0.0,0.0,0.0
2019-12-27 20:00:00,0.0,0.0,0.0,0.0,0.0,0.0,0.0
2019-12-27 21:00:00,0.0,91.27970658619688,0.0,0.0,0.0,0.0,0.0
2019-12-27 22:00:00,0.0,0.0,0.0,0.0,0.0,0.0,0.0
2019-12-27 23:00:00,0.0,0.0,0.0,0.0,0.0,0.0,0.0
2019-12-28 00:00:00,0.0,0.0,0.0,0.0,0.0,0.0,0.0
2019-12-28 01:00:00,0.0,702.767295597484,0.0,2482.5955802819644,0.0,0.0,0.0
2019-12-28 02:00:00,0.0,702.767295597484,0.0,4032.76729559748,0.0,0.0,0.0
2019-12-28 03:00:00,0.0,702.767295597484,0.0,4032.76729559748,0.0,0.0,0.0
2019-12-28 04:00:00,0.0,702.767295597484,0.0,3224.687394356657,0.0,0.0,0.0
2019-12-28 05:00:00,0.0,702.767295597484,0.0,1320.633471123568,0.0,0.0,0.0
2019-12-28 06:00:00,0.0,0.0,0.0,1288.871093137327,0.0,0.0,0.0
2019-12-28 07:00:00,258.301886792452,0.0,998.301886792453,0.0,186.163522012579,518.930817610063,702.767295597484
2019-12-28 08:00:00,258.301886792452,702.767295597484,998.301886792453,4032.76729559748,186.163522012579,518.930817610063,702.767295597484
2019-12-28 09:00:00,258.301886792452,702.767295597484,998.301886792453,4032.76729559748,186.163522012579,518.930817610063,702.767295597484
2019-12-28 10:00:00,258.301886792452,702.767295597484,998.301886792453,4032.76729559748,186.163522012579,518.930817610063,702.767295597484
2019-12-28 11:00:00,258.301886792452,702.767295597484,998.301886792453,4032.76729559748,186.163522012579,518.930817610063,702.767295597484
2019-12-28 12:00:00,258.301886792452,702.767295597484,998.301886792453,4032.76729559748,186.163522012579,518.930817610063,702.767295597484
2019-12-28 13:00:00,258.301886792452,702.767295597484,998.301886792453,4032.76729559748,186.163522012579,518.930817610063,702.767295597484
2019-12-28 14:00:00,258.301886792452,702.767295597484,998.301886792453,4032.76729559748,186.163522012579,518.930817610063,702.767295597484
2019-12-28 15:00:00,258.301886792452,702.767295597484,998.301886792453,4032.76729559748,186.163522012579,518.930817610063,702.767295597484
2019-12-28 16:00:00,258.301886792452,0.0,998.301886792453,4032.76729559748,186.163522012579,518.930817610063,702.767295597484
2019-12-28 17:00:00,258.301886792452,0.0,998.301886792453,4032.76729559748,186.163522012579,518.930817610063,702.767295597484
2019-12-28 18:00:00,258.301886792452,0.0,998.301886792453,2796.340376539457,186.163522012579,518.930817610063,702.767295597484
2019-12-28 19:00:00,258.301886792452,702.767295597484,998.301886792453,1815.4016729231682,186.163522012579,518.930817610063,702.767295597484
2019-12-28 20:00:00,258.301886792452,702.767295597484,998.301886792453,4032.76729559748,186.163522012579,518.930817610063,702.767295597484
2019-12-28 21:00:00,258.301886792452,702.767295597484,998.301886792453,4032.76729559748,186.163522012579,518.930817610063,702.767295597484
2019-12-28 22:00:00,258.301886792452,702.767295597484,998.301886792453,4032.76729559748,186.163522012579,518.930817610063,702.767295597484
2019-12-28 23:00:00,258.301886792452,702.767295597484,998.301886792453,4032.76729559748,186.163522012579,518.930817610063,702.767295597484
2019-12-29 00:00:00,258.301886792452,702.767295597484,998.301886792453,4032.76729559748,186.163522012579,518.930817610063,702.767295597484
2019-12-29 01:00:00,258.301886792452,702.767295597484,998.301886792453,4032.76729559748,186.163522012579,518.930817610063,702.767295597484
2019-12-29 02:00:00,258.301886792452,702.767295597484,998.301886792453,4032.76729559748,186.163522012579,518.930817610063,702.767295597484
2019-12-29 03:00:00,258.301886792452,702.767295597484,998.301886792453,4032.76729559748,186.163522012579,518.930817610063,702.767295597484
2019-12-29 04:00:00,258.301886792452,702.767295597484,998.301886792453,4032.76729559748,186.163522012579,518.930817610063,702.767295597484
2019-12-29 05:00:00,258.301886792452,702.767295597484,998.301886792453,4032.76729559748,186.163522012579,518.930817610063,702.767295597484
2019-12-29 06:00:00,258.301886792452,702.767295597484,998.301886792453,4032.76729559748,186.163522012579,518.930817610063,702.767295597484
2019-12-29 07:00:00,258.301886792452,702.767295597484,998.301886792453,4032.76729559748,186.163522012579,518.930817610063,702.767295597484
2019-12-29 08:00:00,258.301886792452,702.767295597484,998.301886792453,4032.76729559748,186.163522012579,518.930817610063,702.767295597484
2019-12-29 09:00:00,258.301886792452,702.767295597484,998.301886792453,4032.76729559748,186.163522012579,518.930817610063,702.767295597484
2019-12-29 10:00:00,258.301886792452,702.767295597484,998.301886792453,4032.76729559748,186.163522012579,518.930817610063,702.767295597484
2019-12-29 11:00:00,258.301886792452,702.767295597484,998.301886792453,4032.76729559748,186.163522012579,518.930817610063,702.767295597484
2019-12-29 12:00:00,258.301886792452,702.767295597484,998.301886792453,4032.76729559748,186.163522012579,518.930817610063,702.767295597484
2019-12-29 13:00:00,258.301886792452,702.767295597484,998.301886792453,4032.76729559748,186.163522012579,518.930817610063,702.767295597484
2019-12-29 14:00:00,258.301886792452,702.767295597484,998.301886792453,4032.76729559748,186.163522012579,518.930817610063,702.767295597484
2019-12-29 15:00:00,258.301886792452,0.0,998.301886792453,0.0,186.163522012579,518.930817610063,702.767295597484
2019-12-29 16:00:00,258.301886792452,0.0,998.301886792453,0.0,186.163522012579,518.930817610063,702.767295597484
2019-12-29 17:00:00,258.301886792452,0.0,998.301886792453,0.0,186.163522012579,518.930817610063,702.767295597484
2019-12-29 18:00:00,258.301886792452,0.0,998.301886792453,0.0,186.163522012579,518.930817610063,702.767295597484
2019-12-29 19:00:00,258.301886792452,0.0,998.301886792453,0.0,186.163522012579,518.930817610063,702.767295597484
2019-12-29 20:00:00,258.301886792452,0.0,998.301886792453,0.0,186.163522012579,518.930817610063,702.767295597484
2019-12-29 21:00:00,258.301886792452,0.0,998.301886792453,0.0,186.163522012579,518.930817610063,702.767295597484
2019-12-29 22:00:00,258.301886792452,0.0,998.301886792453,0.0,186.163522012579,518.930817610063,702.767295597484
2019-12-29 23:00:00,258.301886792452,0.0,998.301886792453,0.0,186.163522012579,518.930817610063,702.767295597484
2019-12-30 00:00:00,258.301886792452,156.7273484232419,998.301886792453,0.0,186.163522012579,518.930817610063,702.767295597484
2019-12-30 01:00:00,258.301886792452,702.767295597484,998.301886792453,2501.3244130200655,186.163522012579,518.930817610063,702.767295597484
2019-12-30 02:00:00,258.301886792452,593.8675636118942,998.301886792453,2969.189000620896,186.163522012579,518.930817610063,702.767295597484
2019-12-30 03:00:00,258.301886792452,702.767295597484,998.301886792453,2482.6851059359797,186.163522012579,518.930817610063,702.767295597484
2019-12-30 04:00:00,258.301886792452,702.767295597484,998.301886792453,1074.9488280587193,186.163522012579,518.930817610063,702.767295597484
2019-12-30 05:00:00,258.301886792452,72.5970557386081,998.301886792453,0.0,186.163522012579,518.930817610063,702.767295597484
2019-12-30 06:00:00,258.301886792452,0.0,998.301886792453,0.0,186.163522012579,518.930817610063,702.767295597484
2019-12-30 07:00:00,258.301886792452,0.0,998.301886792453,0.0,186.163522012579,518.930817610063,702.767295597484
2019-12-30 08:00:00,258.301886792452,702.767295597484,998.301886792453,4032.76729559748,186.163522012579,518.930817610063,702.767295597484
2019-12-30 09:00:00,258.301886792452,702.767295597484,998.301886792453,4032.76729559748,186.163522012579,518.930817610063,702.767295597484
2019-12-30 10:00:00,258.301886792452,702.767295597484,998.301886792453,4032.76729559748,186.163522012579,518.930817610063,702.767295597484
2019-12-30 11:00:00,258.301886792452,702.767295597484,998.301886792453,4032.76729559748,186.163522012579,518.930817610063,702.767295597484
2019-12-30 12:00:00,258.301886792452,702.767295597484,998.301886792453,4032.76729559748,186.163522012579,518.930817610063,702.767295597484
2019-12-30 13:00:00,258.301886792452,702.767295597484,998.301886792453,4032.76729559748,186.163522012579,518.930817610063,702.767295597484
2019-12-30 14:00:00,258.301886792452,702.767295597484,998.301886792453,4032.76729559748,186.163522012579,518.930817610063,702.767295597484
2019-12-30 15:00:00,258.301886792452,0.0,998.301886792453,0.0,186.163522012579,518.930817610063,702.767295597484
2019-12-30 16:00:00,258.301886792452,0.0,998.301886792453,0.0,186.163522012579,518.930817610063,702.767295597484
2019-12-30 17:00:00,258.301886792452,0.0,998.301886792453,0.0,186.163522012579,518.930817610063,702.767295597484
2019-12-30 18:00:00,258.301886792452,0.0,998.301886792453,0.0,186.163522012579,518.930817610063,702.767295597484
2019-12-30 19:00:00,258.301886792452,0.0,998.301886792453,0.0,186.163522012579,518.930817610063,702.767295597484
2019-12-30 20:00:00,258.301886792452,0.0,998.301886792453,0.0,186.163522012579,518.930817610063,702.767295597484
2019-12-30 21:00:00,258.301886792452,0.0,998.301886792453,0.0,186.163522012579,518.930817610063,702.767295597484
2019-12-30 22:00:00,258.301886792452,0.0,998.301886792453,0.0,186.163522012579,518.930817610063,702.767295597484
2019-12-30 23:00:00,258.301886792452,0.0,998.301886792453,0.0,186.163522012579,518.930817610063,702.767295597484
2019-12-31 00:00:00,258.301886792452,0.0,998.301886792453,0.0,186.163522012579,518.930817610063,702.767295597484
2019-12-31 01:00:00,258.301886792452,0.0,998.301886792453,0.0,186.163522012579,518.930817610063,702.767295597484
2019-12-31 02:00:00,258.301886792452,0.0,998.301886792453,0.0,186.163522012579,518.930817610063,702.767295597484
2019-12-31 03:00:00,258.301886792452,0.0,998.301886792453,0.0,186.163522012579,518.930817610063,702.767295597484
2019-12-31 04:00:00,258.301886792452,0.0,998.301886792453,0.0,186.163522012579,518.930817610063,702.767295597484
2019-12-31 05:00:00,258.301886792452,0.0,998.301886792453,0.0,186.163522012579,518.930817610063,702.767295597484
2019-12-31 06:00:00,258.301886792452,0.0,998.301886792453,0.0,186.163522012579,518.930817610063,702.767295597484
2019-12-31 07:00:00,258.301886792452,0.0,998.301886792453,0.0,186.163522012579,518.930817610063,702.767295597484
2019-12-31 08:00:00,258.301886792452,702.767295597484,998.301886792453,162.65448692159225,186.163522012579,518.930817610063,702.767295597484
2019-12-31 09:00:00,258.301886792452,702.767295597484,998.301886792453,4032.76729559748,186.163522012579,518.930817610063,702.767295597484
2019-12-31 10:00:00,258.301886792452,702.767295597484,998.301886792453,4032.76729559748,186.163522012579,518.930817610063,702.767295597484
2019-12-31 11:00:00,258.301886792452,702.767295597484,998.301886792453,4032.76729559748,186.163522012579,518.930817610063,702.767295597484
2019-12-31 12:00:00,258.301886792452,702.767295597484,998.301886792453,4032.76729559748,186.163522012579,518.930817610063,702.767295597484
2019-12-31 13:00:00,258.301886792452,702.767295597484,998.301886792453,4032.76729559748,186.163522012579,518.930817610063,702.767295597484
2019-12-31 14:00:00,258.301886792452,702.767295597484,998.301886792453,4032.76729559748,186.163522012579,518.930817610063,702.767295597484
2019-12-31 15:00:00,258.301886792452,0.0,998.301886792453,0.0,0.0,0.0,702.767295597484
2019-12-31 16:00:00,258.301886792452,0.0,998.301886792453,0.0,0.0,0.0,702.767295597484
2019-12-31 17:00:00,258.301886792452,0.0,998.301886792453,0.0,0.0,0.0,702.767295597484
2019-12-31 18:00:00,258.301886792452,0.0,0.0,0.0,0.0,0.0,702.767295597484
2019-12-31 19:00:00,0.0,0.0,998.301886792453,0.0,0.0,0.0,702.767295597484
2019-12-31 20:00:00,258.301886792452,0.0,998.301886792453,0.0,0.0,0.0,0.0
2019-12-31 21:00:00,0.0,0.0,998.301886792453,0.0,0.0,0.0,702.767295597484
2019-12-31 22:00:00,0.0,0.0,0.0,0.0,0.0,0.0,0.0
2019-12-31 23:00:00,0.0,0.0,0.0,0.0,0.0,0.0,0.0
