year,scenario,zone,technology,resource_classes,class_id,p_nom_max_MW,annual_CF,CF_priority_diagnostic_MW,native_reported_heuristic_MW,native_heuristic_exceeds_physical_cap,native_0P1_MW_truncated_increment_MW,status
2040,Slow,NORD,WIND_ONSHORE,1,NORD__RC1__C01,182405.49380345075,0.0653608955219412,480.0,480.0,False,480.0,ONSHORE_EQUAL_COST_ORDER
2040,Base,NORD,WIND_ONSHORE,1,NORD__RC1__C01,182405.49380345075,0.0653608955219412,600.0,600.0,False,600.0,ONSHORE_EQUAL_COST_ORDER
2040,High,NORD,WIND_ONSHORE,1,NORD__RC1__C01,182405.49380345075,0.0653608955219412,660.0,660.0,False,660.0,ONSHORE_EQUAL_COST_ORDER
2050,Slow,NORD,WIND_ONSHORE,1,NORD__RC1__C01,182405.49380345075,0.0653608955219412,506.744868035,506.7448680350001,False,506.7448680350001,ONSHORE_EQUAL_COST_ORDER
2050,Base,NORD,WIND_ONSHORE,1,NORD__RC1__C01,182405.49380345075,0.0653608955219412,633.431085044,633.431085044,False,633.431085044,ONSHORE_EQUAL_COST_ORDER
2050,High,NORD,WIND_ONSHORE,1,NORD__RC1__C01,182405.49380345075,0.0653608955219412,696.774193548,696.774193548,False,696.774193548,ONSHORE_EQUAL_COST_ORDER
2040,Slow,NORD,WIND_ONSHORE,4,NORD__RC4__C01,134867.72839667607,0.0303680259523175,0.0,247.56848888396243,False,247.56848888396243,ONSHORE_EQUAL_COST_ORDER
2040,Slow,NORD,WIND_ONSHORE,4,NORD__RC4__C02,39950.15269346083,0.0722211622105546,0.0,174.40289021545783,False,174.40289021545783,ONSHORE_EQUAL_COST_ORDER
2040,Slow,NORD,WIND_ONSHORE,4,NORD__RC4__C03,7321.630486964195,0.1240873319301767,214.01777365034098,54.91690012001229,False,54.91690012001229,ONSHORE_EQUAL_COST_ORDER
2040,Slow,NORD,WIND_ONSHORE,4,NORD__RC4__C04,265.982226349659,0.193542899065796,265.982226349659,3.1117207805674516,False,3.1117207805674516,ONSHORE_EQUAL_COST_ORDER
2040,Base,NORD,WIND_ONSHORE,4,NORD__RC4__C01,134867.72839667607,0.0303680259523175,0.0,309.460611104953,False,309.460611104953,ONSHORE_EQUAL_COST_ORDER
2040,Base,NORD,WIND_ONSHORE,4,NORD__RC4__C02,39950.15269346083,0.0722211622105546,0.0,218.00361276932227,False,218.00361276932227,ONSHORE_EQUAL_COST_ORDER
2040,Base,NORD,WIND_ONSHORE,4,NORD__RC4__C03,7321.630486964195,0.1240873319301767,334.017773650341,68.64612515001537,False,68.64612515001537,ONSHORE_EQUAL_COST_ORDER
2040,Base,NORD,WIND_ONSHORE,4,NORD__RC4__C04,265.982226349659,0.193542899065796,265.982226349659,3.8896509757093143,False,3.8896509757093143,ONSHORE_EQUAL_COST_ORDER
2040,High,NORD,WIND_ONSHORE,4,NORD__RC4__C01,134867.72839667607,0.0303680259523175,0.0,340.4066722154483,False,340.4066722154483,ONSHORE_EQUAL_COST_ORDER
2040,High,NORD,WIND_ONSHORE,4,NORD__RC4__C02,39950.15269346083,0.0722211622105546,0.0,239.80397404625452,False,239.80397404625452,ONSHORE_EQUAL_COST_ORDER
2040,High,NORD,WIND_ONSHORE,4,NORD__RC4__C03,7321.630486964195,0.1240873319301767,394.017773650341,75.5107376650169,False,75.5107376650169,ONSHORE_EQUAL_COST_ORDER
2040,High,NORD,WIND_ONSHORE,4,NORD__RC4__C04,265.982226349659,0.193542899065796,265.982226349659,4.278616073280246,False,4.278616073280246,ONSHORE_EQUAL_COST_ORDER
2050,Slow,NORD,WIND_ONSHORE,4,NORD__RC4__C01,134867.72839667607,0.0303680259523175,0.0,261.3626275606831,False,261.3626275606831,ONSHORE_EQUAL_COST_ORDER
2050,Slow,NORD,WIND_ONSHORE,4,NORD__RC4__C02,39950.15269346083,0.0722211622105546,0.0,184.12035330657244,False,184.12035330657244,ONSHORE_EQUAL_COST_ORDER
2050,Slow,NORD,WIND_ONSHORE,4,NORD__RC4__C03,7321.630486964195,0.1240873319301767,240.762641685341,57.97678605043106,False,57.97678605043106,ONSHORE_EQUAL_COST_ORDER
2050,Slow,NORD,WIND_ONSHORE,4,NORD__RC4__C04,265.982226349659,0.193542899065796,265.982226349659,3.2851011173133764,False,3.2851011173133764,ONSHORE_EQUAL_COST_ORDER
2050,Base,NORD,WIND_ONSHORE,4,NORD__RC4__C01,134867.72839667607,0.0303680259523175,0.0,326.70328445098284,False,326.70328445098284,ONSHORE_EQUAL_COST_ORDER
2050,Base,NORD,WIND_ONSHORE,4,NORD__RC4__C02,39950.15269346083,0.0722211622105546,0.0,230.15044163330637,False,230.15044163330637,ONSHORE_EQUAL_COST_ORDER
2050,Base,NORD,WIND_ONSHORE,4,NORD__RC4__C03,7321.630486964195,0.1240873319301767,367.448858694341,72.47098256306742,False,72.47098256306742,ONSHORE_EQUAL_COST_ORDER
2050,Base,NORD,WIND_ONSHORE,4,NORD__RC4__C04,265.982226349659,0.193542899065796,265.982226349659,4.106376396643341,False,4.106376396643341,ONSHORE_EQUAL_COST_ORDER
2050,High,NORD,WIND_ONSHORE,4,NORD__RC4__C01,134867.72839667607,0.0303680259523175,0.0,359.3736128958748,False,359.3736128958748,ONSHORE_EQUAL_COST_ORDER
2050,High,NORD,WIND_ONSHORE,4,NORD__RC4__C02,39950.15269346083,0.0722211622105546,0.0,253.16548579649168,False,253.16548579649168,ONSHORE_EQUAL_COST_ORDER
2050,High,NORD,WIND_ONSHORE,4,NORD__RC4__C03,7321.630486964195,0.1240873319301767,430.79196719834096,79.71808081932839,False,79.71808081932839,ONSHORE_EQUAL_COST_ORDER
2050,High,NORD,WIND_ONSHORE,4,NORD__RC4__C04,265.982226349659,0.193542899065796,265.982226349659,4.517014036305081,False,4.517014036305081,ONSHORE_EQUAL_COST_ORDER
2040,Slow,NORD,WIND_ONSHORE,8,NORD__RC8__C01,98019.40802094471,0.0110316580952064,0.0,81.58465164344233,False,81.58465164344233,ONSHORE_EQUAL_COST_ORDER
2040,Slow,NORD,WIND_ONSHORE,8,NORD__RC8__C02,36848.320375731375,0.0406684523554599,0.0,113.06571594491977,False,113.06571594491977,ONSHORE_EQUAL_COST_ORDER
2040,Slow,NORD,WIND_ONSHORE,8,NORD__RC8__C03,29081.765345120584,0.0652068176487149,0.0,143.07684873070636,False,143.07684873070636,ONSHORE_EQUAL_COST_ORDER
2040,Slow,NORD,WIND_ONSHORE,8,NORD__RC8__C04,10868.387348340237,0.0863093500257177,0.0,70.77478344891455,False,70.77478344891455,ONSHORE_EQUAL_COST_ORDER
2040,Slow,NORD,WIND_ONSHORE,8,NORD__RC8__C05,6052.574650610576,0.1159788453761915,0.0,52.96323821459644,False,52.96323821459644,ONSHORE_EQUAL_COST_ORDER
2040,Slow,NORD,WIND_ONSHORE,8,NORD__RC8__C06,1269.05583635362,0.1533048397993363,214.01777365034098,14.67885536682361,False,14.67885536682361,ONSHORE_EQUAL_COST_ORDER
2040,Slow,NORD,WIND_ONSHORE,8,NORD__RC8__C07,142.55578035719884,0.1763260508741288,142.55578035719884,1.8965177317917303,False,1.8965177317917303,ONSHORE_EQUAL_COST_ORDER
2040,Slow,NORD,WIND_ONSHORE,8,NORD__RC8__C08,123.42644599246016,0.2104053743857138,123.42644599246016,1.9593889188052558,False,1.9593889188052558,ONSHORE_EQUAL_COST_ORDER
2040,Base,NORD,WIND_ONSHORE,8,NORD__RC8__C01,98019.40802094471,0.0110316580952064,0.0,101.9808145543029,False,101.9808145543029,ONSHORE_EQUAL_COST_ORDER
2040,Base,NORD,WIND_ONSHORE,8,NORD__RC8__C02,36848.320375731375,0.0406684523554599,0.0,141.3321449311497,False,141.3321449311497,ONSHORE_EQUAL_COST_ORDER
2040,Base,NORD,WIND_ONSHORE,8,NORD__RC8__C03,29081.765345120584,0.0652068176487149,0.0,178.84606091338296,False,178.84606091338296,ONSHORE_EQUAL_COST_ORDER
2040,Base,NORD,WIND_ONSHORE,8,NORD__RC8__C04,10868.387348340237,0.0863093500257177,0.0,88.46847931114318,False,88.46847931114318,ONSHORE_EQUAL_COST_ORDER
2040,Base,NORD,WIND_ONSHORE,8,NORD__RC8__C05,6052.574650610576,0.1159788453761915,0.0,66.20404776824554,False,66.20404776824554,ONSHORE_EQUAL_COST_ORDER
2040,Base,NORD,WIND_ONSHORE,8,NORD__RC8__C06,1269.05583635362,0.1533048397993363,334.017773650341,18.34856920852951,False,18.34856920852951,ONSHORE_EQUAL_COST_ORDER
2040,Base,NORD,WIND_ONSHORE,8,NORD__RC8__C07,142.55578035719884,0.1763260508741288,142.55578035719884,2.3706471647396627,False,2.3706471647396627,ONSHORE_EQUAL_COST_ORDER
2040,Base,NORD,WIND_ONSHORE,8,NORD__RC8__C08,123.42644599246016,0.2104053743857138,123.42644599246016,2.4492361485065697,False,2.4492361485065697,ONSHORE_EQUAL_COST_ORDER
2040,High,NORD,WIND_ONSHORE,8,NORD__RC8__C01,98019.40802094471,0.0110316580952064,0.0,112.1788960097332,False,112.1788960097332,ONSHORE_EQUAL_COST_ORDER
2040,High,NORD,WIND_ONSHORE,8,NORD__RC8__C02,36848.320375731375,0.0406684523554599,0.0,155.46535942426468,False,155.46535942426468,ONSHORE_EQUAL_COST_ORDER
2040,High,NORD,WIND_ONSHORE,8,NORD__RC8__C03,29081.765345120584,0.0652068176487149,0.0,196.73066700472125,False,196.73066700472125,ONSHORE_EQUAL_COST_ORDER
2040,High,NORD,WIND_ONSHORE,8,NORD__RC8__C04,10868.387348340237,0.0863093500257177,0.0,97.3153272422575,False,97.3153272422575,ONSHORE_EQUAL_COST_ORDER
2040,High,NORD,WIND_ONSHORE,8,NORD__RC8__C05,6052.574650610576,0.1159788453761915,0.0,72.8244525450701,False,72.8244525450701,ONSHORE_EQUAL_COST_ORDER
2040,High,NORD,WIND_ONSHORE,8,NORD__RC8__C06,1269.05583635362,0.1533048397993363,394.01777365034104,20.18342612938246,False,20.18342612938246,ONSHORE_EQUAL_COST_ORDER
2040,High,NORD,WIND_ONSHORE,8,NORD__RC8__C07,142.55578035719884,0.1763260508741288,142.55578035719884,2.607711881213629,False,2.607711881213629,ONSHORE_EQUAL_COST_ORDER
2040,High,NORD,WIND_ONSHORE,8,NORD__RC8__C08,123.42644599246016,0.2104053743857138,123.42644599246016,2.6941597633572263,False,2.6941597633572263,ONSHORE_EQUAL_COST_ORDER
2050,Slow,NORD,WIND_ONSHORE,8,NORD__RC8__C01,98019.40802094471,0.0110316580952064,0.0,86.13042402237006,False,86.13042402237006,ONSHORE_EQUAL_COST_ORDER
2050,Slow,NORD,WIND_ONSHORE,8,NORD__RC8__C02,36848.320375731375,0.0406684523554599,0.0,119.36556522039825,False,119.36556522039825,ONSHORE_EQUAL_COST_ORDER
2050,Slow,NORD,WIND_ONSHORE,8,NORD__RC8__C03,29081.765345120584,0.0652068176487149,0.0,151.0488725602197,False,151.0488725602197,ONSHORE_EQUAL_COST_ORDER
2050,Slow,NORD,WIND_ONSHORE,8,NORD__RC8__C04,10868.387348340237,0.0863093500257177,0.0,74.71824645630397,False,74.71824645630397,ONSHORE_EQUAL_COST_ORDER
2050,Slow,NORD,WIND_ONSHORE,8,NORD__RC8__C05,6052.574650610576,0.1159788453761915,0.0,55.91426908283738,False,55.91426908283738,ONSHORE_EQUAL_COST_ORDER
2050,Slow,NORD,WIND_ONSHORE,8,NORD__RC8__C06,1269.05583635362,0.1533048397993363,240.762641685341,15.49673880367892,False,15.49673880367892,ONSHORE_EQUAL_COST_ORDER
2050,Slow,NORD,WIND_ONSHORE,8,NORD__RC8__C07,142.55578035719884,0.1763260508741288,142.55578035719884,2.0021888077559122,False,2.0021888077559122,ONSHORE_EQUAL_COST_ORDER
2050,Slow,NORD,WIND_ONSHORE,8,NORD__RC8__C08,123.42644599246016,0.2104053743857138,123.42644599246016,2.0685630814358555,False,2.0685630814358555,ONSHORE_EQUAL_COST_ORDER
2050,Base,NORD,WIND_ONSHORE,8,NORD__RC8__C01,98019.40802094471,0.0110316580952064,0.0,107.66303002800507,False,107.66303002800507,ONSHORE_EQUAL_COST_ORDER
2050,Base,NORD,WIND_ONSHORE,8,NORD__RC8__C02,36848.320375731375,0.0406684523554599,0.0,149.20695652555673,False,149.20695652555673,ONSHORE_EQUAL_COST_ORDER
2050,Base,NORD,WIND_ONSHORE,8,NORD__RC8__C03,29081.765345120584,0.0652068176487149,0.0,188.81109070034918,False,188.81109070034918,ONSHORE_EQUAL_COST_ORDER
2050,Base,NORD,WIND_ONSHORE,8,NORD__RC8__C04,10868.387348340237,0.0863093500257177,0.0,93.39780807041683,False,93.39780807041683,ONSHORE_EQUAL_COST_ORDER
2050,Base,NORD,WIND_ONSHORE,8,NORD__RC8__C05,6052.574650610576,0.1159788453761915,0.0,69.89283635357431,False,69.89283635357431,ONSHORE_EQUAL_COST_ORDER
2050,Base,NORD,WIND_ONSHORE,8,NORD__RC8__C06,1269.05583635362,0.1533048397993363,367.448858694341,19.370923504606296,False,19.370923504606296,ONSHORE_EQUAL_COST_ORDER
2050,Base,NORD,WIND_ONSHORE,8,NORD__RC8__C07,142.55578035719884,0.1763260508741288,142.55578035719884,2.5027360096958784,False,2.5027360096958784,ONSHORE_EQUAL_COST_ORDER
2050,Base,NORD,WIND_ONSHORE,8,NORD__RC8__C08,123.42644599246016,0.2104053743857138,123.42644599246016,2.58570385179584,False,2.58570385179584,ONSHORE_EQUAL_COST_ORDER
2050,High,NORD,WIND_ONSHORE,8,NORD__RC8__C01,98019.40802094471,0.0110316580952064,0.0,118.42933303073757,False,118.42933303073757,ONSHORE_EQUAL_COST_ORDER
2050,High,NORD,WIND_ONSHORE,8,NORD__RC8__C02,36848.320375731375,0.0406684523554599,0.0,164.12765217801817,False,164.12765217801817,ONSHORE_EQUAL_COST_ORDER
2050,High,NORD,WIND_ONSHORE,8,NORD__RC8__C03,29081.765345120584,0.0652068176487149,0.0,207.6921997702648,False,207.6921997702648,ONSHORE_EQUAL_COST_ORDER
2050,High,NORD,WIND_ONSHORE,8,NORD__RC8__C04,10868.387348340237,0.0863093500257177,0.0,102.73758887739952,False,102.73758887739952,ONSHORE_EQUAL_COST_ORDER
2050,High,NORD,WIND_ONSHORE,8,NORD__RC8__C05,6052.574650610576,0.1159788453761915,0.0,76.8821199888876,False,76.8821199888876,ONSHORE_EQUAL_COST_ORDER
2050,High,NORD,WIND_ONSHORE,8,NORD__RC8__C06,1269.05583635362,0.1533048397993363,430.791967198341,21.30801585505469,False,21.30801585505469,ONSHORE_EQUAL_COST_ORDER
2050,High,NORD,WIND_ONSHORE,8,NORD__RC8__C07,142.55578035719884,0.1763260508741288,142.55578035719884,2.7530096106638853,False,2.7530096106638853,ONSHORE_EQUAL_COST_ORDER
2050,High,NORD,WIND_ONSHORE,8,NORD__RC8__C08,123.42644599246016,0.2104053743857138,123.42644599246016,2.844274236973791,False,2.844274236973791,ONSHORE_EQUAL_COST_ORDER
2040,Slow,CNOR,WIND_ONSHORE,1,CNOR__RC1__C01,59569.74215065193,0.1131608959171386,320.0,320.0,False,320.0,ONSHORE_EQUAL_COST_ORDER
2040,Base,CNOR,WIND_ONSHORE,1,CNOR__RC1__C01,59569.74215065193,0.1131608959171386,400.0,400.0,False,400.0,ONSHORE_EQUAL_COST_ORDER
2040,High,CNOR,WIND_ONSHORE,1,CNOR__RC1__C01,59569.74215065193,0.1131608959171386,440.0,440.0,False,440.0,ONSHORE_EQUAL_COST_ORDER
2050,Slow,CNOR,WIND_ONSHORE,1,CNOR__RC1__C01,59569.74215065193,0.1131608959171386,337.829912023,337.829912023,False,337.829912023,ONSHORE_EQUAL_COST_ORDER
2050,Base,CNOR,WIND_ONSHORE,1,CNOR__RC1__C01,59569.74215065193,0.1131608959171386,422.287390029,422.287390029,False,422.287390029,ONSHORE_EQUAL_COST_ORDER
2050,High,CNOR,WIND_ONSHORE,1,CNOR__RC1__C01,59569.74215065193,0.1131608959171386,464.516129032,464.516129032,False,464.516129032,ONSHORE_EQUAL_COST_ORDER
2040,Slow,CNOR,WIND_ONSHORE,4,CNOR__RC4__C01,27087.35945096392,0.0532234608050053,0.0,84.51495531961625,False,84.51495531961625,ONSHORE_EQUAL_COST_ORDER
2040,Slow,CNOR,WIND_ONSHORE,4,CNOR__RC4__C02,24042.50691432848,0.1046301873927683,0.0,147.46893279298982,False,147.46893279298982,ONSHORE_EQUAL_COST_ORDER
2040,Slow,CNOR,WIND_ONSHORE,4,CNOR__RC4__C03,7162.720584754278,0.1687260904617874,0.0,70.84741976369871,False,70.84741976369871,ONSHORE_EQUAL_COST_ORDER
2040,Slow,CNOR,WIND_ONSHORE,4,CNOR__RC4__C04,1277.1552006052614,0.2293135681061797,320.0,17.16869212369524,False,17.16869212369524,ONSHORE_EQUAL_COST_ORDER
2040,Base,CNOR,WIND_ONSHORE,4,CNOR__RC4__C01,27087.35945096392,0.0532234608050053,0.0,105.64369414952031,False,105.64369414952031,ONSHORE_EQUAL_COST_ORDER
2040,Base,CNOR,WIND_ONSHORE,4,CNOR__RC4__C02,24042.50691432848,0.1046301873927683,0.0,184.33616599123727,False,184.33616599123727,ONSHORE_EQUAL_COST_ORDER
2040,Base,CNOR,WIND_ONSHORE,4,CNOR__RC4__C03,7162.720584754278,0.1687260904617874,0.0,88.55927470462338,False,88.55927470462338,ONSHORE_EQUAL_COST_ORDER
2040,Base,CNOR,WIND_ONSHORE,4,CNOR__RC4__C04,1277.1552006052614,0.2293135681061797,400.0,21.46086515461905,False,21.46086515461905,ONSHORE_EQUAL_COST_ORDER
2040,High,CNOR,WIND_ONSHORE,4,CNOR__RC4__C01,27087.35945096392,0.0532234608050053,0.0,116.20806356447235,False,116.20806356447235,ONSHORE_EQUAL_COST_ORDER
2040,High,CNOR,WIND_ONSHORE,4,CNOR__RC4__C02,24042.50691432848,0.1046301873927683,0.0,202.76978259036096,False,202.76978259036096,ONSHORE_EQUAL_COST_ORDER
2040,High,CNOR,WIND_ONSHORE,4,CNOR__RC4__C03,7162.720584754278,0.1687260904617874,0.0,97.41520217508571,False,97.41520217508571,ONSHORE_EQUAL_COST_ORDER
2040,High,CNOR,WIND_ONSHORE,4,CNOR__RC4__C04,1277.1552006052614,0.2293135681061797,440.0,23.606951670080953,False,23.606951670080953,ONSHORE_EQUAL_COST_ORDER
2050,Slow,CNOR,WIND_ONSHORE,4,CNOR__RC4__C01,27087.35945096392,0.0532234608050053,0.0,89.22399975079293,False,89.22399975079293,ONSHORE_EQUAL_COST_ORDER
2050,Slow,CNOR,WIND_ONSHORE,4,CNOR__RC4__C02,24042.50691432848,0.1046301873927683,0.0,155.68567684869203,False,155.68567684869203,ONSHORE_EQUAL_COST_ORDER
2050,Slow,CNOR,WIND_ONSHORE,4,CNOR__RC4__C03,7162.720584754278,0.1687260904617874,0.0,74.79492995570901,False,74.79492995570901,ONSHORE_EQUAL_COST_ORDER
2050,Slow,CNOR,WIND_ONSHORE,4,CNOR__RC4__C04,1277.1552006052614,0.2293135681061797,337.829912023,18.12530546780605,False,18.12530546780605,ONSHORE_EQUAL_COST_ORDER
2050,Base,CNOR,WIND_ONSHORE,4,CNOR__RC4__C01,27087.35945096392,0.0532234608050053,0.0,111.52999968855717,False,111.52999968855717,ONSHORE_EQUAL_COST_ORDER
2050,Base,CNOR,WIND_ONSHORE,4,CNOR__RC4__C02,24042.50691432848,0.1046301873927683,0.0,194.6070960609802,False,194.6070960609802,ONSHORE_EQUAL_COST_ORDER
2050,Base,CNOR,WIND_ONSHORE,4,CNOR__RC4__C03,7162.720584754278,0.1687260904617874,0.0,93.49366244469161,False,93.49366244469161,ONSHORE_EQUAL_COST_ORDER
2050,Base,CNOR,WIND_ONSHORE,4,CNOR__RC4__C04,1277.1552006052614,0.2293135681061797,422.287390029,22.656631834770973,False,22.656631834770973,ONSHORE_EQUAL_COST_ORDER
2050,High,CNOR,WIND_ONSHORE,4,CNOR__RC4__C01,27087.35945096392,0.0532234608050053,0.0,122.68299965743931,False,122.68299965743931,ONSHORE_EQUAL_COST_ORDER
2050,High,CNOR,WIND_ONSHORE,4,CNOR__RC4__C02,24042.50691432848,0.1046301873927683,0.0,214.06780566712436,False,214.06780566712436,ONSHORE_EQUAL_COST_ORDER
2050,High,CNOR,WIND_ONSHORE,4,CNOR__RC4__C03,7162.720584754278,0.1687260904617874,0.0,102.8430286891829,False,102.8430286891829,ONSHORE_EQUAL_COST_ORDER
2050,High,CNOR,WIND_ONSHORE,4,CNOR__RC4__C04,1277.1552006052614,0.2293135681061797,464.516129032,24.92229501825344,False,24.92229501825344,ONSHORE_EQUAL_COST_ORDER
2040,Slow,CNOR,WIND_ONSHORE,8,CNOR__RC8__C01,8755.527611069878,0.0302873573604182,0.0,16.028642936480303,False,16.028642936480303,ONSHORE_EQUAL_COST_ORDER
2040,Slow,CNOR,WIND_ONSHORE,8,CNOR__RC8__C02,18331.83183989404,0.0587611329857343,0.0,65.11020703819875,False,65.11020703819875,ONSHORE_EQUAL_COST_ORDER
2040,Slow,CNOR,WIND_ONSHORE,8,CNOR__RC8__C03,16076.391692826495,0.0918862303296542,0.0,89.28778809694431,False,89.28778809694431,ONSHORE_EQUAL_COST_ORDER
2040,Slow,CNOR,WIND_ONSHORE,8,CNOR__RC8__C04,7966.115221501983,0.123802806140894,0.0,59.61151000603688,False,59.61151000603688,ONSHORE_EQUAL_COST_ORDER
2040,Slow,CNOR,WIND_ONSHORE,8,CNOR__RC8__C05,3234.9330308342164,0.1488457625185539,0.0,29.104143315463162,False,29.104143315463162,ONSHORE_EQUAL_COST_ORDER
2040,Slow,CNOR,WIND_ONSHORE,8,CNOR__RC8__C06,3927.7875539200622,0.1823936650779812,0.0,43.30228265738422,False,43.30228265738422,ONSHORE_EQUAL_COST_ORDER
2040,Slow,CNOR,WIND_ONSHORE,8,CNOR__RC8__C07,844.5343613354377,0.211884557233986,0.0,10.816074753072908,False,10.816074753072908,ONSHORE_EQUAL_COST_ORDER
2040,Slow,CNOR,WIND_ONSHORE,8,CNOR__RC8__C08,432.62083926982353,0.2577256255849625,320.0,6.739351196419474,False,6.739351196419474,ONSHORE_EQUAL_COST_ORDER
2040,Base,CNOR,WIND_ONSHORE,8,CNOR__RC8__C01,8755.527611069878,0.0302873573604182,0.0,20.03580367060038,False,20.03580367060038,ONSHORE_EQUAL_COST_ORDER
2040,Base,CNOR,WIND_ONSHORE,8,CNOR__RC8__C02,18331.83183989404,0.0587611329857343,0.0,81.38775879774845,False,81.38775879774845,ONSHORE_EQUAL_COST_ORDER
2040,Base,CNOR,WIND_ONSHORE,8,CNOR__RC8__C03,16076.391692826495,0.0918862303296542,0.0,111.60973512118038,False,111.60973512118038,ONSHORE_EQUAL_COST_ORDER
2040,Base,CNOR,WIND_ONSHORE,8,CNOR__RC8__C04,7966.115221501983,0.123802806140894,0.0,74.51438750754609,False,74.51438750754609,ONSHORE_EQUAL_COST_ORDER
2040,Base,CNOR,WIND_ONSHORE,8,CNOR__RC8__C05,3234.9330308342164,0.1488457625185539,0.0,36.38017914432895,False,36.38017914432895,ONSHORE_EQUAL_COST_ORDER
2040,Base,CNOR,WIND_ONSHORE,8,CNOR__RC8__C06,3927.7875539200622,0.1823936650779812,0.0,54.127853321730264,False,54.127853321730264,ONSHORE_EQUAL_COST_ORDER
2040,Base,CNOR,WIND_ONSHORE,8,CNOR__RC8__C07,844.5343613354377,0.211884557233986,0.0,13.520093441341135,False,13.520093441341135,ONSHORE_EQUAL_COST_ORDER
2040,Base,CNOR,WIND_ONSHORE,8,CNOR__RC8__C08,432.62083926982353,0.2577256255849625,400.0,8.424188995524341,False,8.424188995524341,ONSHORE_EQUAL_COST_ORDER
2040,High,CNOR,WIND_ONSHORE,8,CNOR__RC8__C01,8755.527611069878,0.0302873573604182,0.0,22.039384037660415,False,22.039384037660415,ONSHORE_EQUAL_COST_ORDER
2040,High,CNOR,WIND_ONSHORE,8,CNOR__RC8__C02,18331.83183989404,0.0587611329857343,0.0,89.5265346775233,False,89.5265346775233,ONSHORE_EQUAL_COST_ORDER
2040,High,CNOR,WIND_ONSHORE,8,CNOR__RC8__C03,16076.391692826495,0.0918862303296542,0.0,122.77070863329841,False,122.77070863329841,ONSHORE_EQUAL_COST_ORDER
2040,High,CNOR,WIND_ONSHORE,8,CNOR__RC8__C04,7966.115221501983,0.123802806140894,0.0,81.9658262583007,False,81.9658262583007,ONSHORE_EQUAL_COST_ORDER
2040,High,CNOR,WIND_ONSHORE,8,CNOR__RC8__C05,3234.9330308342164,0.1488457625185539,0.0,40.01819705876184,False,40.01819705876184,ONSHORE_EQUAL_COST_ORDER
2040,High,CNOR,WIND_ONSHORE,8,CNOR__RC8__C06,3927.7875539200622,0.1823936650779812,0.0,59.5406386539033,False,59.5406386539033,ONSHORE_EQUAL_COST_ORDER
2040,High,CNOR,WIND_ONSHORE,8,CNOR__RC8__C07,844.5343613354377,0.211884557233986,7.379160730176466,14.872102785475247,False,14.872102785475247,ONSHORE_EQUAL_COST_ORDER
2040,High,CNOR,WIND_ONSHORE,8,CNOR__RC8__C08,432.62083926982353,0.2577256255849625,432.62083926982353,9.266607895076776,False,9.266607895076776,ONSHORE_EQUAL_COST_ORDER
2050,Slow,CNOR,WIND_ONSHORE,8,CNOR__RC8__C01,8755.527611069878,0.0302873573604182,0.0,16.921734478372567,False,16.921734478372567,ONSHORE_EQUAL_COST_ORDER
2050,Slow,CNOR,WIND_ONSHORE,8,CNOR__RC8__C02,18331.83183989404,0.0587611329857343,0.0,68.73804848598127,False,68.73804848598127,ONSHORE_EQUAL_COST_ORDER
2050,Slow,CNOR,WIND_ONSHORE,8,CNOR__RC8__C03,16076.391692826495,0.0918862303296542,0.0,94.26276749224677,False,94.26276749224677,ONSHORE_EQUAL_COST_ORDER
2050,Slow,CNOR,WIND_ONSHORE,8,CNOR__RC8__C04,7966.115221501983,0.123802806140894,0.0,62.93297244030507,False,62.93297244030507,ONSHORE_EQUAL_COST_ORDER
2050,Slow,CNOR,WIND_ONSHORE,8,CNOR__RC8__C05,3234.9330308342164,0.1488457625185539,0.0,30.72578179927407,False,30.72578179927407,ONSHORE_EQUAL_COST_ORDER
2050,Slow,CNOR,WIND_ONSHORE,8,CNOR__RC8__C06,3927.7875539200622,0.1823936650779812,0.0,45.71501981418497,False,45.71501981418497,ONSHORE_EQUAL_COST_ORDER
2050,Slow,CNOR,WIND_ONSHORE,8,CNOR__RC8__C07,844.5343613354377,0.211884557233986,0.0,11.418729944577539,False,11.418729944577539,ONSHORE_EQUAL_COST_ORDER
2050,Slow,CNOR,WIND_ONSHORE,8,CNOR__RC8__C08,432.62083926982353,0.2577256255849625,337.829912023,7.114857568057783,False,7.114857568057783,ONSHORE_EQUAL_COST_ORDER
2050,Base,CNOR,WIND_ONSHORE,8,CNOR__RC8__C01,8755.527611069878,0.0302873573604182,0.0,21.152168097978226,False,21.152168097978226,ONSHORE_EQUAL_COST_ORDER
2050,Base,CNOR,WIND_ONSHORE,8,CNOR__RC8__C02,18331.83183989404,0.0587611329857343,0.0,85.92256060752744,False,85.92256060752744,ONSHORE_EQUAL_COST_ORDER
2050,Base,CNOR,WIND_ONSHORE,8,CNOR__RC8__C03,16076.391692826495,0.0918862303296542,0.0,117.8284593653782,False,117.8284593653782,ONSHORE_EQUAL_COST_ORDER
2050,Base,CNOR,WIND_ONSHORE,8,CNOR__RC8__C04,7966.115221501983,0.123802806140894,0.0,78.6662155504279,False,78.6662155504279,ONSHORE_EQUAL_COST_ORDER
2050,Base,CNOR,WIND_ONSHORE,8,CNOR__RC8__C05,3234.9330308342164,0.1488457625185539,0.0,38.40722724911532,False,38.40722724911532,ONSHORE_EQUAL_COST_ORDER
2050,Base,CNOR,WIND_ONSHORE,8,CNOR__RC8__C06,3927.7875539200622,0.1823936650779812,0.0,57.14377476776504,False,57.14377476776504,ONSHORE_EQUAL_COST_ORDER
2050,Base,CNOR,WIND_ONSHORE,8,CNOR__RC8__C07,844.5343613354377,0.211884557233986,0.0,14.273412430730373,False,14.273412430730373,ONSHORE_EQUAL_COST_ORDER
2050,Base,CNOR,WIND_ONSHORE,8,CNOR__RC8__C08,432.62083926982353,0.2577256255849625,422.287390029,8.893571960077493,False,8.893571960077493,ONSHORE_EQUAL_COST_ORDER
2050,High,CNOR,WIND_ONSHORE,8,CNOR__RC8__C01,8755.527611069878,0.0302873573604182,0.0,23.26738490778106,False,23.26738490778106,ONSHORE_EQUAL_COST_ORDER
2050,High,CNOR,WIND_ONSHORE,8,CNOR__RC8__C02,18331.83183989404,0.0587611329857343,0.0,94.51481666830053,False,94.51481666830053,ONSHORE_EQUAL_COST_ORDER
2050,High,CNOR,WIND_ONSHORE,8,CNOR__RC8__C03,16076.391692826495,0.0918862303296542,0.0,129.6113053019439,False,129.6113053019439,ONSHORE_EQUAL_COST_ORDER
2050,High,CNOR,WIND_ONSHORE,8,CNOR__RC8__C04,7966.115221501983,0.123802806140894,0.0,86.53283710548932,False,86.53283710548932,ONSHORE_EQUAL_COST_ORDER
2050,High,CNOR,WIND_ONSHORE,8,CNOR__RC8__C05,3234.9330308342164,0.1488457625185539,0.0,42.247949974035954,False,42.247949974035954,ONSHORE_EQUAL_COST_ORDER
2050,High,CNOR,WIND_ONSHORE,8,CNOR__RC8__C06,3927.7875539200622,0.1823936650779812,0.0,62.858152244555065,False,62.858152244555065,ONSHORE_EQUAL_COST_ORDER
2050,High,CNOR,WIND_ONSHORE,8,CNOR__RC8__C07,844.5343613354377,0.211884557233986,31.895289762176446,15.700753673806789,False,15.700753673806789,ONSHORE_EQUAL_COST_ORDER
2050,High,CNOR,WIND_ONSHORE,8,CNOR__RC8__C08,432.62083926982353,0.2577256255849625,432.62083926982353,9.782929156087349,False,9.782929156087349,ONSHORE_EQUAL_COST_ORDER
2040,Slow,CSUD,WIND_ONSHORE,1,CSUD__RC1__C01,74192.93856185056,0.1043284252604152,5440.0,5440.0,False,5440.0,ONSHORE_EQUAL_COST_ORDER
2040,Base,CSUD,WIND_ONSHORE,1,CSUD__RC1__C01,74192.93856185056,0.1043284252604152,6800.0,6800.0,False,6800.0,ONSHORE_EQUAL_COST_ORDER
2040,High,CSUD,WIND_ONSHORE,1,CSUD__RC1__C01,74192.93856185056,0.1043284252604152,7480.0,7480.0,False,7480.0,ONSHORE_EQUAL_COST_ORDER
2050,Slow,CSUD,WIND_ONSHORE,1,CSUD__RC1__C01,74192.93856185056,0.1043284252604152,5743.108504399,5743.108504399,False,5743.108504399,ONSHORE_EQUAL_COST_ORDER
2050,Base,CSUD,WIND_ONSHORE,1,CSUD__RC1__C01,74192.93856185056,0.1043284252604152,7178.885630499,7178.885630499,False,7178.885630499,ONSHORE_EQUAL_COST_ORDER
2050,High,CSUD,WIND_ONSHORE,1,CSUD__RC1__C01,74192.93856185056,0.1043284252604152,7896.774193548,7896.774193548,False,7896.774193548,ONSHORE_EQUAL_COST_ORDER
2040,Slow,CSUD,WIND_ONSHORE,4,CSUD__RC4__C01,47222.47718046612,0.0469014172271468,0.0,2150.667526048282,False,2150.667526048282,ONSHORE_EQUAL_COST_ORDER
2040,Slow,CSUD,WIND_ONSHORE,4,CSUD__RC4__C02,22462.147380521183,0.1123959710957954,931.6859991367555,2451.548911948055,False,2451.548911948055,ONSHORE_EQUAL_COST_ORDER
2040,Slow,CSUD,WIND_ONSHORE,4,CSUD__RC4__C03,2649.3335956497194,0.1660811243050104,2649.3335956497194,427.26318046818307,False,427.26318046818307,ONSHORE_EQUAL_COST_ORDER
2040,Slow,CSUD,WIND_ONSHORE,4,CSUD__RC4__C04,1858.9804052135248,0.2274161828722113,1858.9804052135248,410.52038153547954,False,410.52038153547954,ONSHORE_EQUAL_COST_ORDER
2040,Base,CSUD,WIND_ONSHORE,4,CSUD__RC4__C01,47222.47718046612,0.0469014172271468,0.0,2688.334407560353,False,2688.334407560353,ONSHORE_EQUAL_COST_ORDER
2040,Base,CSUD,WIND_ONSHORE,4,CSUD__RC4__C02,22462.147380521183,0.1123959710957954,2291.6859991367555,3064.4361399350682,False,3064.4361399350682,ONSHORE_EQUAL_COST_ORDER
2040,Base,CSUD,WIND_ONSHORE,4,CSUD__RC4__C03,2649.3335956497194,0.1660811243050104,2649.3335956497194,534.0789755852289,False,534.0789755852289,ONSHORE_EQUAL_COST_ORDER
2040,Base,CSUD,WIND_ONSHORE,4,CSUD__RC4__C04,1858.9804052135248,0.2274161828722113,1858.9804052135248,513.1504769193494,False,513.1504769193494,ONSHORE_EQUAL_COST_ORDER
2040,High,CSUD,WIND_ONSHORE,4,CSUD__RC4__C01,47222.47718046612,0.0469014172271468,0.0,2957.1678483163882,False,2957.1678483163882,ONSHORE_EQUAL_COST_ORDER
2040,High,CSUD,WIND_ONSHORE,4,CSUD__RC4__C02,22462.147380521183,0.1123959710957954,2971.6859991367555,3370.8797539285756,False,3370.8797539285756,ONSHORE_EQUAL_COST_ORDER
2040,High,CSUD,WIND_ONSHORE,4,CSUD__RC4__C03,2649.3335956497194,0.1660811243050104,2649.3335956497194,587.4868731437518,False,587.4868731437518,ONSHORE_EQUAL_COST_ORDER
2040,High,CSUD,WIND_ONSHORE,4,CSUD__RC4__C04,1858.9804052135248,0.2274161828722113,1858.9804052135248,564.4655246112844,False,564.4655246112844,ONSHORE_EQUAL_COST_ORDER
2050,Slow,CSUD,WIND_ONSHORE,4,CSUD__RC4__C01,47222.47718046612,0.0469014172271468,0.0,2270.499440989457,False,2270.499440989457,ONSHORE_EQUAL_COST_ORDER
2050,Slow,CSUD,WIND_ONSHORE,4,CSUD__RC4__C02,22462.147380521183,0.1123959710957954,1234.7945035357552,2588.14547888952,False,2588.14547888952,ONSHORE_EQUAL_COST_ORDER
2050,Slow,CSUD,WIND_ONSHORE,4,CSUD__RC4__C03,2649.3335956497194,0.1660811243050104,2649.3335956497194,451.06963333885795,False,451.06963333885795,ONSHORE_EQUAL_COST_ORDER
2050,Slow,CSUD,WIND_ONSHORE,4,CSUD__RC4__C04,1858.9804052135248,0.2274161828722113,1858.9804052135248,433.3939511811645,False,433.3939511811645,ONSHORE_EQUAL_COST_ORDER
2050,Base,CSUD,WIND_ONSHORE,4,CSUD__RC4__C01,47222.47718046612,0.0469014172271468,0.0,2838.124301236921,False,2838.124301236921,ONSHORE_EQUAL_COST_ORDER
2050,Base,CSUD,WIND_ONSHORE,4,CSUD__RC4__C02,22462.147380521183,0.1123959710957954,2670.571629635756,3235.181848612013,False,3235.181848612013,ONSHORE_EQUAL_COST_ORDER
2050,Base,CSUD,WIND_ONSHORE,4,CSUD__RC4__C03,2649.3335956497194,0.1660811243050104,2649.3335956497194,563.8370416735921,False,563.8370416735921,ONSHORE_EQUAL_COST_ORDER
2050,Base,CSUD,WIND_ONSHORE,4,CSUD__RC4__C04,1858.9804052135248,0.2274161828722113,1858.9804052135248,541.7424389764745,False,541.7424389764745,ONSHORE_EQUAL_COST_ORDER
2050,High,CSUD,WIND_ONSHORE,4,CSUD__RC4__C01,47222.47718046612,0.0469014172271468,0.0,3121.936731360257,False,3121.936731360257,ONSHORE_EQUAL_COST_ORDER
2050,High,CSUD,WIND_ONSHORE,4,CSUD__RC4__C02,22462.147380521183,0.1123959710957954,3388.4601926847554,3558.7000334728086,False,3558.7000334728086,ONSHORE_EQUAL_COST_ORDER
2050,High,CSUD,WIND_ONSHORE,4,CSUD__RC4__C03,2649.3335956497194,0.1660811243050104,2649.3335956497194,620.2207458408806,False,620.2207458408806,ONSHORE_EQUAL_COST_ORDER
2050,High,CSUD,WIND_ONSHORE,4,CSUD__RC4__C04,1858.9804052135248,0.2274161828722113,1858.9804052135248,595.916682874054,False,595.916682874054,ONSHORE_EQUAL_COST_ORDER
2040,Slow,CSUD,WIND_ONSHORE,8,CSUD__RC8__C01,28892.58921544958,0.0253705453965988,0.0,769.569832969038,False,769.569832969038,ONSHORE_EQUAL_COST_ORDER
2040,Slow,CSUD,WIND_ONSHORE,8,CSUD__RC8__C02,18329.88796501654,0.059874271805118,0.0,1152.2104869560671,False,1152.2104869560671,ONSHORE_EQUAL_COST_ORDER
2040,Slow,CSUD,WIND_ONSHORE,8,CSUD__RC8__C03,16087.974593464023,0.1024415784283046,0.0,1730.2521671969753,False,1730.2521671969753,ONSHORE_EQUAL_COST_ORDER
2040,Slow,CSUD,WIND_ONSHORE,8,CSUD__RC8__C04,6374.172787057165,0.1321152170489085,931.6859991367564,884.1143571016875,False,884.1143571016875,ONSHORE_EQUAL_COST_ORDER
2040,Slow,CSUD,WIND_ONSHORE,8,CSUD__RC8__C05,2571.42435424737,0.1646210169504081,2571.42435424737,444.41714156014734,False,444.41714156014734,ONSHORE_EQUAL_COST_ORDER
2040,Slow,CSUD,WIND_ONSHORE,8,CSUD__RC8__C06,77.90924140234944,0.2043164022503415,77.90924140234944,16.711828759897696,False,16.711828759897696,ONSHORE_EQUAL_COST_ORDER
2040,Slow,CSUD,WIND_ONSHORE,8,CSUD__RC8__C07,1669.7256006559758,0.2227556893389732,1669.7256006559758,390.4861904184735,False,390.4861904184735,ONSHORE_EQUAL_COST_ORDER
2040,Slow,CSUD,WIND_ONSHORE,8,CSUD__RC8__C08,189.2548045575489,0.2629104312426071,189.2548045575489,52.23799503771441,False,52.23799503771441,ONSHORE_EQUAL_COST_ORDER
2040,Base,CSUD,WIND_ONSHORE,8,CSUD__RC8__C01,28892.58921544958,0.0253705453965988,0.0,961.9622912112976,False,961.9622912112976,ONSHORE_EQUAL_COST_ORDER
2040,Base,CSUD,WIND_ONSHORE,8,CSUD__RC8__C02,18329.88796501654,0.059874271805118,0.0,1440.263108695084,False,1440.263108695084,ONSHORE_EQUAL_COST_ORDER
2040,Base,CSUD,WIND_ONSHORE,8,CSUD__RC8__C03,16087.974593464023,0.1024415784283046,0.0,2162.815208996219,False,2162.815208996219,ONSHORE_EQUAL_COST_ORDER
2040,Base,CSUD,WIND_ONSHORE,8,CSUD__RC8__C04,6374.172787057165,0.1321152170489085,2291.685999136756,1105.1429463771092,False,1105.1429463771092,ONSHORE_EQUAL_COST_ORDER
2040,Base,CSUD,WIND_ONSHORE,8,CSUD__RC8__C05,2571.42435424737,0.1646210169504081,2571.42435424737,555.5214269501843,False,555.5214269501843,ONSHORE_EQUAL_COST_ORDER
2040,Base,CSUD,WIND_ONSHORE,8,CSUD__RC8__C06,77.90924140234944,0.2043164022503415,77.90924140234944,20.88978594987212,False,20.88978594987212,ONSHORE_EQUAL_COST_ORDER
2040,Base,CSUD,WIND_ONSHORE,8,CSUD__RC8__C07,1669.7256006559758,0.2227556893389732,1669.7256006559758,488.1077380230919,False,488.1077380230919,ONSHORE_EQUAL_COST_ORDER
2040,Base,CSUD,WIND_ONSHORE,8,CSUD__RC8__C08,189.2548045575489,0.2629104312426071,189.2548045575489,65.297493797143,False,65.297493797143,ONSHORE_EQUAL_COST_ORDER
2040,High,CSUD,WIND_ONSHORE,8,CSUD__RC8__C01,28892.58921544958,0.0253705453965988,0.0,1058.1585203324273,False,1058.1585203324273,ONSHORE_EQUAL_COST_ORDER
2040,High,CSUD,WIND_ONSHORE,8,CSUD__RC8__C02,18329.88796501654,0.059874271805118,0.0,1584.2894195645922,False,1584.2894195645922,ONSHORE_EQUAL_COST_ORDER
2040,High,CSUD,WIND_ONSHORE,8,CSUD__RC8__C03,16087.974593464023,0.1024415784283046,0.0,2379.096729895841,False,2379.096729895841,ONSHORE_EQUAL_COST_ORDER
2040,High,CSUD,WIND_ONSHORE,8,CSUD__RC8__C04,6374.172787057165,0.1321152170489085,2971.685999136756,1215.6572410148203,False,1215.6572410148203,ONSHORE_EQUAL_COST_ORDER
2040,High,CSUD,WIND_ONSHORE,8,CSUD__RC8__C05,2571.42435424737,0.1646210169504081,2571.42435424737,611.0735696452026,False,611.0735696452026,ONSHORE_EQUAL_COST_ORDER
2040,High,CSUD,WIND_ONSHORE,8,CSUD__RC8__C06,77.90924140234944,0.2043164022503415,77.90924140234944,22.97876454485933,False,22.97876454485933,ONSHORE_EQUAL_COST_ORDER
2040,High,CSUD,WIND_ONSHORE,8,CSUD__RC8__C07,1669.7256006559758,0.2227556893389732,1669.7256006559758,536.9185118254011,False,536.9185118254011,ONSHORE_EQUAL_COST_ORDER
2040,High,CSUD,WIND_ONSHORE,8,CSUD__RC8__C08,189.2548045575489,0.2629104312426071,189.2548045575489,71.82724317685731,False,71.82724317685731,ONSHORE_EQUAL_COST_ORDER
2050,Slow,CSUD,WIND_ONSHORE,8,CSUD__RC8__C01,28892.58921544958,0.0253705453965988,0.0,812.449090524522,False,812.449090524522,ONSHORE_EQUAL_COST_ORDER
2050,Slow,CSUD,WIND_ONSHORE,8,CSUD__RC8__C02,18329.88796501654,0.059874271805118,0.0,1216.409898252776,False,1216.409898252776,ONSHORE_EQUAL_COST_ORDER
2050,Slow,CSUD,WIND_ONSHORE,8,CSUD__RC8__C03,16087.974593464023,0.1024415784283046,0.0,1826.6591794455421,False,1826.6591794455421,ONSHORE_EQUAL_COST_ORDER
2050,Slow,CSUD,WIND_ONSHORE,8,CSUD__RC8__C04,6374.172787057165,0.1321152170489085,1234.7945035357561,933.3758608698448,False,933.3758608698448,ONSHORE_EQUAL_COST_ORDER
2050,Slow,CSUD,WIND_ONSHORE,8,CSUD__RC8__C05,2571.42435424737,0.1646210169504081,2571.42435424737,469.17938698433386,False,469.17938698433386,ONSHORE_EQUAL_COST_ORDER
2050,Slow,CSUD,WIND_ONSHORE,8,CSUD__RC8__C06,77.90924140234944,0.2043164022503415,77.90924140234944,17.642986374086075,False,17.642986374086075,ONSHORE_EQUAL_COST_ORDER
2050,Slow,CSUD,WIND_ONSHORE,8,CSUD__RC8__C07,1669.7256006559758,0.2227556893389732,1669.7256006559758,412.24348548579087,False,412.24348548579087,ONSHORE_EQUAL_COST_ORDER
2050,Slow,CSUD,WIND_ONSHORE,8,CSUD__RC8__C08,189.2548045575489,0.2629104312426071,189.2548045575489,55.14861646210485,False,55.14861646210485,ONSHORE_EQUAL_COST_ORDER
2050,Base,CSUD,WIND_ONSHORE,8,CSUD__RC8__C01,28892.58921544958,0.0253705453965988,0.0,1015.5613631556881,False,1015.5613631556881,ONSHORE_EQUAL_COST_ORDER
2050,Base,CSUD,WIND_ONSHORE,8,CSUD__RC8__C02,18329.88796501654,0.059874271805118,0.0,1520.5123728160231,False,1520.5123728160231,ONSHORE_EQUAL_COST_ORDER
2050,Base,CSUD,WIND_ONSHORE,8,CSUD__RC8__C03,16087.974593464023,0.1024415784283046,0.0,2283.3239743070076,False,2283.3239743070076,ONSHORE_EQUAL_COST_ORDER
2050,Base,CSUD,WIND_ONSHORE,8,CSUD__RC8__C04,6374.172787057165,0.1321152170489085,2670.5716296357564,1166.7198260873467,False,1166.7198260873467,ONSHORE_EQUAL_COST_ORDER
2050,Base,CSUD,WIND_ONSHORE,8,CSUD__RC8__C05,2571.42435424737,0.1646210169504081,2571.42435424737,586.4742337304378,False,586.4742337304378,ONSHORE_EQUAL_COST_ORDER
2050,Base,CSUD,WIND_ONSHORE,8,CSUD__RC8__C06,77.90924140234944,0.2043164022503415,77.90924140234944,22.05373296760836,False,22.05373296760836,ONSHORE_EQUAL_COST_ORDER
2050,Base,CSUD,WIND_ONSHORE,8,CSUD__RC8__C07,1669.7256006559758,0.2227556893389732,1669.7256006559758,515.3043568572566,False,515.3043568572566,ONSHORE_EQUAL_COST_ORDER
2050,Base,CSUD,WIND_ONSHORE,8,CSUD__RC8__C08,189.2548045575489,0.2629104312426071,189.2548045575489,68.93577057763348,False,68.93577057763348,ONSHORE_EQUAL_COST_ORDER
2050,High,CSUD,WIND_ONSHORE,8,CSUD__RC8__C01,28892.58921544958,0.0253705453965988,0.0,1117.1174994711293,False,1117.1174994711293,ONSHORE_EQUAL_COST_ORDER
2050,High,CSUD,WIND_ONSHORE,8,CSUD__RC8__C02,18329.88796501654,0.059874271805118,0.0,1672.5636100974348,False,1672.5636100974348,ONSHORE_EQUAL_COST_ORDER
2050,High,CSUD,WIND_ONSHORE,8,CSUD__RC8__C03,16087.974593464023,0.1024415784283046,0.0,2511.6563717374215,False,2511.6563717374215,ONSHORE_EQUAL_COST_ORDER
2050,High,CSUD,WIND_ONSHORE,8,CSUD__RC8__C04,6374.172787057165,0.1321152170489085,3388.460192684756,1283.391808695935,False,1283.391808695935,ONSHORE_EQUAL_COST_ORDER
2050,High,CSUD,WIND_ONSHORE,8,CSUD__RC8__C05,2571.42435424737,0.1646210169504081,2571.42435424737,645.1216571034081,False,645.1216571034081,ONSHORE_EQUAL_COST_ORDER
2050,High,CSUD,WIND_ONSHORE,8,CSUD__RC8__C06,77.90924140234944,0.2043164022503415,77.90924140234944,24.259106264366434,False,24.259106264366434,ONSHORE_EQUAL_COST_ORDER
2050,High,CSUD,WIND_ONSHORE,8,CSUD__RC8__C07,1669.7256006559758,0.2227556893389732,1669.7256006559758,566.8347925429176,False,566.8347925429176,ONSHORE_EQUAL_COST_ORDER
2050,High,CSUD,WIND_ONSHORE,8,CSUD__RC8__C08,189.2548045575489,0.2629104312426071,189.2548045575489,75.82934763538817,False,75.82934763538817,ONSHORE_EQUAL_COST_ORDER
2040,Slow,SUD,WIND_ONSHORE,1,SUD__RC1__C01,64354.64135496722,0.1797994643749834,10560.0,10560.0,False,10560.0,ONSHORE_EQUAL_COST_ORDER
2040,Base,SUD,WIND_ONSHORE,1,SUD__RC1__C01,64354.64135496722,0.1797994643749834,13200.0,13200.000000000002,False,13200.000000000002,ONSHORE_EQUAL_COST_ORDER
2040,High,SUD,WIND_ONSHORE,1,SUD__RC1__C01,64354.64135496722,0.1797994643749834,14520.0,14520.0,False,14520.0,ONSHORE_EQUAL_COST_ORDER
2050,Slow,SUD,WIND_ONSHORE,1,SUD__RC1__C01,64354.64135496722,0.1797994643749834,11148.387096774,11148.387096774,False,11148.387096774,ONSHORE_EQUAL_COST_ORDER
2050,Base,SUD,WIND_ONSHORE,1,SUD__RC1__C01,64354.64135496722,0.1797994643749834,13935.483870968,13935.483870968,False,13935.483870968,ONSHORE_EQUAL_COST_ORDER
2050,High,SUD,WIND_ONSHORE,1,SUD__RC1__C01,64354.64135496722,0.1797994643749834,15329.032258065,15329.032258065,False,15329.032258065,ONSHORE_EQUAL_COST_ORDER
2040,Slow,SUD,WIND_ONSHORE,4,SUD__RC4__C01,15811.643658390534,0.0621222604534895,0.0,1083.758040029801,False,1083.758040029801,ONSHORE_EQUAL_COST_ORDER
2040,Slow,SUD,WIND_ONSHORE,4,SUD__RC4__C02,28968.28900239744,0.1373656099707349,0.0,4390.448907968959,False,4390.448907968959,ONSHORE_EQUAL_COST_ORDER
2040,Slow,SUD,WIND_ONSHORE,4,SUD__RC4__C03,15398.20751886689,0.2210112092484953,6383.498824687629,3754.8494876509358,False,3754.8494876509358,ONSHORE_EQUAL_COST_ORDER
2040,Slow,SUD,WIND_ONSHORE,4,SUD__RC4__C04,4176.501175312371,0.2888277842662523,4176.501175312371,1330.9435643503064,False,1330.9435643503064,ONSHORE_EQUAL_COST_ORDER
2040,Base,SUD,WIND_ONSHORE,4,SUD__RC4__C01,15811.643658390534,0.0621222604534895,0.0,1354.6975500372512,False,1354.6975500372512,ONSHORE_EQUAL_COST_ORDER
2040,Base,SUD,WIND_ONSHORE,4,SUD__RC4__C02,28968.28900239744,0.1373656099707349,0.0,5488.061134961198,False,5488.061134961198,ONSHORE_EQUAL_COST_ORDER
2040,Base,SUD,WIND_ONSHORE,4,SUD__RC4__C03,15398.20751886689,0.2210112092484953,9023.49882468763,4693.56185956367,False,4693.56185956367,ONSHORE_EQUAL_COST_ORDER
2040,Base,SUD,WIND_ONSHORE,4,SUD__RC4__C04,4176.501175312371,0.2888277842662523,4176.501175312371,1663.6794554378828,False,1663.6794554378828,ONSHORE_EQUAL_COST_ORDER
2040,High,SUD,WIND_ONSHORE,4,SUD__RC4__C01,15811.643658390534,0.0621222604534895,0.0,1490.1673050409763,False,1490.1673050409763,ONSHORE_EQUAL_COST_ORDER
2040,High,SUD,WIND_ONSHORE,4,SUD__RC4__C02,28968.28900239744,0.1373656099707349,0.0,6036.867248457318,False,6036.867248457318,ONSHORE_EQUAL_COST_ORDER
2040,High,SUD,WIND_ONSHORE,4,SUD__RC4__C03,15398.20751886689,0.2210112092484953,10343.49882468763,5162.918045520038,False,5162.918045520038,ONSHORE_EQUAL_COST_ORDER
2040,High,SUD,WIND_ONSHORE,4,SUD__RC4__C04,4176.501175312371,0.2888277842662523,4176.501175312371,1830.0474009816712,False,1830.0474009816712,ONSHORE_EQUAL_COST_ORDER
2050,Slow,SUD,WIND_ONSHORE,4,SUD__RC4__C01,15811.643658390534,0.0621222604534895,0.0,1144.143385368685,False,1144.143385368685,ONSHORE_EQUAL_COST_ORDER
2050,Slow,SUD,WIND_ONSHORE,4,SUD__RC4__C02,28968.28900239744,0.1373656099707349,0.0,4635.078026008205,False,4635.078026008205,ONSHORE_EQUAL_COST_ORDER
2050,Slow,SUD,WIND_ONSHORE,4,SUD__RC4__C03,15398.20751886689,0.2210112092484953,6971.88592146163,3964.063975232591,False,3964.063975232591,ONSHORE_EQUAL_COST_ORDER
2050,Slow,SUD,WIND_ONSHORE,4,SUD__RC4__C04,4176.501175312371,0.2888277842662523,4176.501175312371,1405.1017101645218,False,1405.1017101645218,ONSHORE_EQUAL_COST_ORDER
2050,Base,SUD,WIND_ONSHORE,4,SUD__RC4__C01,15811.643658390534,0.0621222604534895,0.0,1430.1792317109075,False,1430.1792317109075,ONSHORE_EQUAL_COST_ORDER
2050,Base,SUD,WIND_ONSHORE,4,SUD__RC4__C02,28968.28900239744,0.1373656099707349,0.0,5793.847532510464,False,5793.847532510464,ONSHORE_EQUAL_COST_ORDER
2050,Base,SUD,WIND_ONSHORE,4,SUD__RC4__C03,15398.20751886689,0.2210112092484953,9758.98269565563,4955.079969040917,False,4955.079969040917,ONSHORE_EQUAL_COST_ORDER
2050,Base,SUD,WIND_ONSHORE,4,SUD__RC4__C04,4176.501175312371,0.2888277842662523,4176.501175312371,1756.3771377057155,False,1756.3771377057155,ONSHORE_EQUAL_COST_ORDER
2050,High,SUD,WIND_ONSHORE,4,SUD__RC4__C01,15811.643658390534,0.0621222604534895,0.0,1573.1971548820188,False,1573.1971548820188,ONSHORE_EQUAL_COST_ORDER
2050,High,SUD,WIND_ONSHORE,4,SUD__RC4__C02,28968.28900239744,0.1373656099707349,0.0,6373.232285761594,False,6373.232285761594,ONSHORE_EQUAL_COST_ORDER
2050,High,SUD,WIND_ONSHORE,4,SUD__RC4__C03,15398.20751886689,0.2210112092484953,11152.53108275263,5450.58796594508,False,5450.58796594508,ONSHORE_EQUAL_COST_ORDER
2050,High,SUD,WIND_ONSHORE,4,SUD__RC4__C04,4176.501175312371,0.2888277842662523,4176.501175312371,1932.0148514763123,False,1932.0148514763123,ONSHORE_EQUAL_COST_ORDER
2040,Slow,SUD,WIND_ONSHORE,8,SUD__RC8__C01,4620.843762989596,0.0308422952383227,0.0,160.77065731924054,False,160.77065731924054,ONSHORE_EQUAL_COST_ORDER
2040,Slow,SUD,WIND_ONSHORE,8,SUD__RC8__C02,11190.799895400936,0.0681210763118482,0.0,859.9663223023982,False,859.9663223023982,ONSHORE_EQUAL_COST_ORDER
2040,Slow,SUD,WIND_ONSHORE,8,SUD__RC8__C03,17163.542462605987,0.1175878800611694,0.0,2276.713077356869,False,2276.713077356869,ONSHORE_EQUAL_COST_ORDER
2040,Slow,SUD,WIND_ONSHORE,8,SUD__RC8__C04,11804.74653979145,0.1585319498830061,0.0,2111.116891564234,False,2111.116891564234,ONSHORE_EQUAL_COST_ORDER
2040,Slow,SUD,WIND_ONSHORE,8,SUD__RC8__C05,6856.52344189382,0.192650412880851,0.0,1490.0907606271714,False,1490.0907606271714,ONSHORE_EQUAL_COST_ORDER
2040,Slow,SUD,WIND_ONSHORE,8,SUD__RC8__C06,8541.68407697307,0.2392264724654375,6383.498824687629,2305.1094626050112,False,2305.1094626050112,ONSHORE_EQUAL_COST_ORDER
2040,Slow,SUD,WIND_ONSHORE,8,SUD__RC8__C07,2952.144317656525,0.2770452046559927,2952.144317656525,922.6288582082965,False,922.6288582082965,ONSHORE_EQUAL_COST_ORDER
2040,Slow,SUD,WIND_ONSHORE,8,SUD__RC8__C08,1224.3568576558462,0.3139398303373483,1224.3568576558462,433.60397001678115,False,433.60397001678115,ONSHORE_EQUAL_COST_ORDER
2040,Base,SUD,WIND_ONSHORE,8,SUD__RC8__C01,4620.843762989596,0.0308422952383227,0.0,200.96332164905067,False,200.96332164905067,ONSHORE_EQUAL_COST_ORDER
2040,Base,SUD,WIND_ONSHORE,8,SUD__RC8__C02,11190.799895400936,0.0681210763118482,0.0,1074.9579028779976,False,1074.9579028779976,ONSHORE_EQUAL_COST_ORDER
2040,Base,SUD,WIND_ONSHORE,8,SUD__RC8__C03,17163.542462605987,0.1175878800611694,0.0,2845.8913466960857,False,2845.8913466960857,ONSHORE_EQUAL_COST_ORDER
2040,Base,SUD,WIND_ONSHORE,8,SUD__RC8__C04,11804.74653979145,0.1585319498830061,0.0,2638.8961144552923,False,2638.8961144552923,ONSHORE_EQUAL_COST_ORDER
2040,Base,SUD,WIND_ONSHORE,8,SUD__RC8__C05,6856.52344189382,0.192650412880851,481.8147477145594,1862.6134507839645,False,1862.6134507839645,ONSHORE_EQUAL_COST_ORDER
2040,Base,SUD,WIND_ONSHORE,8,SUD__RC8__C06,8541.68407697307,0.2392264724654375,8541.68407697307,2881.386828256264,False,2881.386828256264,ONSHORE_EQUAL_COST_ORDER
2040,Base,SUD,WIND_ONSHORE,8,SUD__RC8__C07,2952.144317656525,0.2770452046559927,2952.144317656525,1153.2860727603706,False,1153.2860727603706,ONSHORE_EQUAL_COST_ORDER
2040,Base,SUD,WIND_ONSHORE,8,SUD__RC8__C08,1224.3568576558462,0.3139398303373483,1224.3568576558462,542.0049625209764,False,542.0049625209764,ONSHORE_EQUAL_COST_ORDER
2040,High,SUD,WIND_ONSHORE,8,SUD__RC8__C01,4620.843762989596,0.0308422952383227,0.0,221.05965381395575,False,221.05965381395575,ONSHORE_EQUAL_COST_ORDER
2040,High,SUD,WIND_ONSHORE,8,SUD__RC8__C02,11190.799895400936,0.0681210763118482,0.0,1182.4536931657976,False,1182.4536931657976,ONSHORE_EQUAL_COST_ORDER
2040,High,SUD,WIND_ONSHORE,8,SUD__RC8__C03,17163.542462605987,0.1175878800611694,0.0,3130.4804813656942,False,3130.4804813656942,ONSHORE_EQUAL_COST_ORDER
2040,High,SUD,WIND_ONSHORE,8,SUD__RC8__C04,11804.74653979145,0.1585319498830061,0.0,2902.7857259008215,False,2902.7857259008215,ONSHORE_EQUAL_COST_ORDER
2040,High,SUD,WIND_ONSHORE,8,SUD__RC8__C05,6856.52344189382,0.192650412880851,1801.8147477145594,2048.8747958623608,False,2048.8747958623608,ONSHORE_EQUAL_COST_ORDER
2040,High,SUD,WIND_ONSHORE,8,SUD__RC8__C06,8541.68407697307,0.2392264724654375,8541.68407697307,3169.5255110818903,False,3169.5255110818903,ONSHORE_EQUAL_COST_ORDER
2040,High,SUD,WIND_ONSHORE,8,SUD__RC8__C07,2952.144317656525,0.2770452046559927,2952.144317656525,1268.6146800364077,False,1268.6146800364077,ONSHORE_EQUAL_COST_ORDER
2040,High,SUD,WIND_ONSHORE,8,SUD__RC8__C08,1224.3568576558462,0.3139398303373483,1224.3568576558462,596.205458773074,False,596.205458773074,ONSHORE_EQUAL_COST_ORDER
2050,Slow,SUD,WIND_ONSHORE,8,SUD__RC8__C01,4620.843762989596,0.0308422952383227,0.0,169.72855318159998,False,169.72855318159998,ONSHORE_EQUAL_COST_ORDER
2050,Slow,SUD,WIND_ONSHORE,8,SUD__RC8__C02,11190.799895400936,0.0681210763118482,0.0,907.8823343954781,False,907.8823343954781,ONSHORE_EQUAL_COST_ORDER
2050,Slow,SUD,WIND_ONSHORE,8,SUD__RC8__C03,17163.542462605987,0.1175878800611694,0.0,2403.5680582066234,False,2403.5680582066234,ONSHORE_EQUAL_COST_ORDER
2050,Slow,SUD,WIND_ONSHORE,8,SUD__RC8__C04,11804.74653979145,0.1585319498830061,0.0,2228.745105463669,False,2228.745105463669,ONSHORE_EQUAL_COST_ORDER
2050,Slow,SUD,WIND_ONSHORE,8,SUD__RC8__C05,6856.52344189382,0.192650412880851,0.0,1573.1163455301246,False,1573.1163455301246,ONSHORE_EQUAL_COST_ORDER
2050,Slow,SUD,WIND_ONSHORE,8,SUD__RC8__C06,8541.68407697307,0.2392264724654375,6971.88592146163,2433.546646738386,False,2433.546646738386,ONSHORE_EQUAL_COST_ORDER
2050,Slow,SUD,WIND_ONSHORE,8,SUD__RC8__C07,2952.144317656525,0.2770452046559927,2952.144317656525,974.0363312462785,False,974.0363312462785,ONSHORE_EQUAL_COST_ORDER
2050,Slow,SUD,WIND_ONSHORE,8,SUD__RC8__C08,1224.3568576558462,0.3139398303373483,1224.3568576558462,457.7637220118431,False,457.7637220118431,ONSHORE_EQUAL_COST_ORDER
2050,Base,SUD,WIND_ONSHORE,8,SUD__RC8__C01,4620.843762989596,0.0308422952383227,0.0,212.1606914770076,False,212.1606914770076,ONSHORE_EQUAL_COST_ORDER
2050,Base,SUD,WIND_ONSHORE,8,SUD__RC8__C02,11190.799895400936,0.0681210763118482,0.0,1134.8529179943882,False,1134.8529179943882,ONSHORE_EQUAL_COST_ORDER
2050,Base,SUD,WIND_ONSHORE,8,SUD__RC8__C03,17163.542462605987,0.1175878800611694,0.0,3004.4600727583866,False,3004.4600727583866,ONSHORE_EQUAL_COST_ORDER
2050,Base,SUD,WIND_ONSHORE,8,SUD__RC8__C04,11804.74653979145,0.1585319498830061,0.0,2785.9313818296855,False,2785.9313818296855,ONSHORE_EQUAL_COST_ORDER
2050,Base,SUD,WIND_ONSHORE,8,SUD__RC8__C05,6856.52344189382,0.192650412880851,1217.2986186825601,1966.395431912726,False,1966.395431912726,ONSHORE_EQUAL_COST_ORDER
2050,Base,SUD,WIND_ONSHORE,8,SUD__RC8__C06,8541.68407697307,0.2392264724654375,8541.68407697307,3041.9333084230916,False,3041.9333084230916,ONSHORE_EQUAL_COST_ORDER
2050,Base,SUD,WIND_ONSHORE,8,SUD__RC8__C07,2952.144317656525,0.2770452046559927,2952.144317656525,1217.5454140578918,False,1217.5454140578918,ONSHORE_EQUAL_COST_ORDER
2050,Base,SUD,WIND_ONSHORE,8,SUD__RC8__C08,1224.3568576558462,0.3139398303373483,1224.3568576558462,572.2046525148244,False,572.2046525148244,ONSHORE_EQUAL_COST_ORDER
2050,High,SUD,WIND_ONSHORE,8,SUD__RC8__C01,4620.843762989596,0.0308422952383227,0.0,233.37676062471138,False,233.37676062471138,ONSHORE_EQUAL_COST_ORDER
2050,High,SUD,WIND_ONSHORE,8,SUD__RC8__C02,11190.799895400936,0.0681210763118482,0.0,1248.3382097938434,False,1248.3382097938434,ONSHORE_EQUAL_COST_ORDER
2050,High,SUD,WIND_ONSHORE,8,SUD__RC8__C03,17163.542462605987,0.1175878800611694,0.0,3304.906080034269,False,3304.906080034269,ONSHORE_EQUAL_COST_ORDER
2050,High,SUD,WIND_ONSHORE,8,SUD__RC8__C04,11804.74653979145,0.1585319498830061,0.0,3064.5245200126947,False,3064.5245200126947,ONSHORE_EQUAL_COST_ORDER
2050,High,SUD,WIND_ONSHORE,8,SUD__RC8__C05,6856.52344189382,0.192650412880851,2610.8470057795603,2163.034975104027,False,2163.034975104027,ONSHORE_EQUAL_COST_ORDER
2050,High,SUD,WIND_ONSHORE,8,SUD__RC8__C06,8541.68407697307,0.2392264724654375,8541.68407697307,3346.1266392654443,False,3346.1266392654443,ONSHORE_EQUAL_COST_ORDER
2050,High,SUD,WIND_ONSHORE,8,SUD__RC8__C07,2952.144317656525,0.2770452046559927,2952.144317656525,1339.2999554636986,False,1339.2999554636986,ONSHORE_EQUAL_COST_ORDER
2050,High,SUD,WIND_ONSHORE,8,SUD__RC8__C08,1224.3568576558462,0.3139398303373483,1224.3568576558462,629.4251177663151,False,629.4251177663151,ONSHORE_EQUAL_COST_ORDER
2040,Slow,CALA,WIND_ONSHORE,1,CALA__RC1__C01,26553.54341454807,0.1145586176805623,2640.0,2640.0,False,2640.0,ONSHORE_EQUAL_COST_ORDER
2040,Base,CALA,WIND_ONSHORE,1,CALA__RC1__C01,26553.54341454807,0.1145586176805623,3300.0,3300.0000000000005,False,3300.0000000000005,ONSHORE_EQUAL_COST_ORDER
2040,High,CALA,WIND_ONSHORE,1,CALA__RC1__C01,26553.54341454807,0.1145586176805623,3630.0,3630.0,False,3630.0,ONSHORE_EQUAL_COST_ORDER
2050,Slow,CALA,WIND_ONSHORE,1,CALA__RC1__C01,26553.54341454807,0.1145586176805623,2787.096774194,2787.096774194,False,2787.096774194,ONSHORE_EQUAL_COST_ORDER
2050,Base,CALA,WIND_ONSHORE,1,CALA__RC1__C01,26553.54341454807,0.1145586176805623,3483.870967742,3483.870967742,False,3483.870967742,ONSHORE_EQUAL_COST_ORDER
2050,High,CALA,WIND_ONSHORE,1,CALA__RC1__C01,26553.54341454807,0.1145586176805623,3832.258064516,3832.258064516,False,3832.258064516,ONSHORE_EQUAL_COST_ORDER
2040,Slow,CALA,WIND_ONSHORE,4,CALA__RC4__C01,9862.035626898592,0.0612287191056331,0.0,614.2417514539583,False,614.2417514539583,ONSHORE_EQUAL_COST_ORDER
2040,Slow,CALA,WIND_ONSHORE,4,CALA__RC4__C02,12699.480016819303,0.1025590835962642,0.0,1324.8834116676533,False,1324.8834116676533,ONSHORE_EQUAL_COST_ORDER
2040,Slow,CALA,WIND_ONSHORE,4,CALA__RC4__C03,2433.767702478944,0.1425797512624226,1081.7399316487752,352.98363250303686,False,352.98363250303686,ONSHORE_EQUAL_COST_ORDER
2040,Slow,CALA,WIND_ONSHORE,4,CALA__RC4__C04,1558.2600683512248,0.2194754333592661,1558.2600683512248,347.89120437535183,False,347.89120437535183,ONSHORE_EQUAL_COST_ORDER
2040,Base,CALA,WIND_ONSHORE,4,CALA__RC4__C01,9862.035626898592,0.0612287191056331,0.0,767.8021893174479,False,767.8021893174479,ONSHORE_EQUAL_COST_ORDER
2040,Base,CALA,WIND_ONSHORE,4,CALA__RC4__C02,12699.480016819303,0.1025590835962642,0.0,1656.1042645845666,False,1656.1042645845666,ONSHORE_EQUAL_COST_ORDER
2040,Base,CALA,WIND_ONSHORE,4,CALA__RC4__C03,2433.767702478944,0.1425797512624226,1741.7399316487752,441.2295406287961,False,441.2295406287961,ONSHORE_EQUAL_COST_ORDER
2040,Base,CALA,WIND_ONSHORE,4,CALA__RC4__C04,1558.2600683512248,0.2194754333592661,1558.2600683512248,434.86400546918975,False,434.86400546918975,ONSHORE_EQUAL_COST_ORDER
2040,High,CALA,WIND_ONSHORE,4,CALA__RC4__C01,9862.035626898592,0.0612287191056331,0.0,844.5824082491926,False,844.5824082491926,ONSHORE_EQUAL_COST_ORDER
2040,High,CALA,WIND_ONSHORE,4,CALA__RC4__C02,12699.480016819303,0.1025590835962642,0.0,1821.7146910430233,False,1821.7146910430233,ONSHORE_EQUAL_COST_ORDER
2040,High,CALA,WIND_ONSHORE,4,CALA__RC4__C03,2433.767702478944,0.1425797512624226,2071.7399316487754,485.35249469167564,False,485.35249469167564,ONSHORE_EQUAL_COST_ORDER
2040,High,CALA,WIND_ONSHORE,4,CALA__RC4__C04,1558.2600683512248,0.2194754333592661,1558.2600683512248,478.35040601610876,False,478.35040601610876,ONSHORE_EQUAL_COST_ORDER
2050,Slow,CALA,WIND_ONSHORE,4,CALA__RC4__C01,9862.035626898592,0.0612287191056331,0.0,648.4663651714393,False,648.4663651714393,ONSHORE_EQUAL_COST_ORDER
2050,Slow,CALA,WIND_ONSHORE,4,CALA__RC4__C02,12699.480016819303,0.1025590835962642,0.0,1398.703895015931,False,1398.703895015931,ONSHORE_EQUAL_COST_ORDER
2050,Slow,CALA,WIND_ONSHORE,4,CALA__RC4__C03,2433.767702478944,0.1425797512624226,1228.836705842775,372.6513422320054,False,372.6513422320054,ONSHORE_EQUAL_COST_ORDER
2050,Slow,CALA,WIND_ONSHORE,4,CALA__RC4__C04,1558.2600683512248,0.2194754333592661,1558.2600683512248,367.2751717746245,False,367.2751717746245,ONSHORE_EQUAL_COST_ORDER
2050,Base,CALA,WIND_ONSHORE,4,CALA__RC4__C01,9862.035626898592,0.0612287191056331,0.0,810.5829564641829,False,810.5829564641829,ONSHORE_EQUAL_COST_ORDER
2050,Base,CALA,WIND_ONSHORE,4,CALA__RC4__C02,12699.480016819303,0.1025590835962642,0.0,1748.379868769663,False,1748.379868769663,ONSHORE_EQUAL_COST_ORDER
2050,Base,CALA,WIND_ONSHORE,4,CALA__RC4__C03,2433.767702478944,0.1425797512624226,1925.6108993907753,465.81417778994,False,465.81417778994,ONSHORE_EQUAL_COST_ORDER
2050,Base,CALA,WIND_ONSHORE,4,CALA__RC4__C04,1558.2600683512248,0.2194754333592661,1558.2600683512248,459.0939647182147,False,459.0939647182147,ONSHORE_EQUAL_COST_ORDER
2050,High,CALA,WIND_ONSHORE,4,CALA__RC4__C01,9862.035626898592,0.0612287191056331,0.0,891.6412521105547,False,891.6412521105547,ONSHORE_EQUAL_COST_ORDER
2050,High,CALA,WIND_ONSHORE,4,CALA__RC4__C02,12699.480016819303,0.1025590835962642,0.0,1923.2178556465287,False,1923.2178556465287,ONSHORE_EQUAL_COST_ORDER
2050,High,CALA,WIND_ONSHORE,4,CALA__RC4__C03,2433.767702478944,0.1425797512624226,2273.997996164775,512.3955955689072,False,512.3955955689072,ONSHORE_EQUAL_COST_ORDER
2050,High,CALA,WIND_ONSHORE,4,CALA__RC4__C04,1558.2600683512248,0.2194754333592661,1558.2600683512248,505.0033611900099,False,505.0033611900099,ONSHORE_EQUAL_COST_ORDER
2040,Slow,CALA,WIND_ONSHORE,8,CALA__RC8__C01,4093.9520075045775,0.037936861705664,0.0,161.48690029163845,False,161.48690029163845,ONSHORE_EQUAL_COST_ORDER
2040,Slow,CALA,WIND_ONSHORE,8,CALA__RC8__C02,5768.083619394014,0.0703082029481407,0.0,421.66804961861885,False,421.66804961861885,ONSHORE_EQUAL_COST_ORDER
2040,Slow,CALA,WIND_ONSHORE,8,CALA__RC8__C03,7391.895402631392,0.0928698265996928,0.0,713.7787219932436,False,713.7787219932436,ONSHORE_EQUAL_COST_ORDER
2040,Slow,CALA,WIND_ONSHORE,8,CALA__RC8__C04,5307.584614187912,0.1137168315753987,0.0,627.5593824571831,False,627.5593824571831,ONSHORE_EQUAL_COST_ORDER
2040,Slow,CALA,WIND_ONSHORE,8,CALA__RC8__C05,1967.746268662601,0.1384660702118085,615.7184978324321,283.29937347250035,False,283.29937347250035,ONSHORE_EQUAL_COST_ORDER
2040,Slow,CALA,WIND_ONSHORE,8,CALA__RC8__C06,466.021433816343,0.1579505678552437,466.021433816343,76.53502583582609,False,76.53502583582609,ONSHORE_EQUAL_COST_ORDER
2040,Slow,CALA,WIND_ONSHORE,8,CALA__RC8__C07,10.701474302891013,0.2008594095930963,10.701474302891013,2.2349558304087274,False,2.2349558304087274,ONSHORE_EQUAL_COST_ORDER
2040,Slow,CALA,WIND_ONSHORE,8,CALA__RC8__C08,1547.5585940483338,0.2196506468904197,1547.5585940483338,353.4375905005808,False,353.4375905005808,ONSHORE_EQUAL_COST_ORDER
2040,Base,CALA,WIND_ONSHORE,8,CALA__RC8__C01,4093.9520075045775,0.037936861705664,0.0,201.8586253645481,False,201.8586253645481,ONSHORE_EQUAL_COST_ORDER
2040,Base,CALA,WIND_ONSHORE,8,CALA__RC8__C02,5768.083619394014,0.0703082029481407,0.0,527.0850620232736,False,527.0850620232736,ONSHORE_EQUAL_COST_ORDER
2040,Base,CALA,WIND_ONSHORE,8,CALA__RC8__C03,7391.895402631392,0.0928698265996928,0.0,892.2234024915546,False,892.2234024915546,ONSHORE_EQUAL_COST_ORDER
2040,Base,CALA,WIND_ONSHORE,8,CALA__RC8__C04,5307.584614187912,0.1137168315753987,0.0,784.4492280714788,False,784.4492280714788,ONSHORE_EQUAL_COST_ORDER
2040,Base,CALA,WIND_ONSHORE,8,CALA__RC8__C05,1967.746268662601,0.1384660702118085,1275.7184978324321,354.1242168406254,False,354.1242168406254,ONSHORE_EQUAL_COST_ORDER
2040,Base,CALA,WIND_ONSHORE,8,CALA__RC8__C06,466.021433816343,0.1579505678552437,466.021433816343,95.6687822947826,False,95.6687822947826,ONSHORE_EQUAL_COST_ORDER
2040,Base,CALA,WIND_ONSHORE,8,CALA__RC8__C07,10.701474302891013,0.2008594095930963,10.701474302891013,2.7936947880109093,False,2.7936947880109093,ONSHORE_EQUAL_COST_ORDER
2040,Base,CALA,WIND_ONSHORE,8,CALA__RC8__C08,1547.5585940483338,0.2196506468904197,1547.5585940483338,441.796988125726,False,441.796988125726,ONSHORE_EQUAL_COST_ORDER
2040,High,CALA,WIND_ONSHORE,8,CALA__RC8__C01,4093.9520075045775,0.037936861705664,0.0,222.04448790100287,False,222.04448790100287,ONSHORE_EQUAL_COST_ORDER
2040,High,CALA,WIND_ONSHORE,8,CALA__RC8__C02,5768.083619394014,0.0703082029481407,0.0,579.793568225601,False,579.793568225601,ONSHORE_EQUAL_COST_ORDER
2040,High,CALA,WIND_ONSHORE,8,CALA__RC8__C03,7391.895402631392,0.0928698265996928,0.0,981.4457427407099,False,981.4457427407099,ONSHORE_EQUAL_COST_ORDER
2040,High,CALA,WIND_ONSHORE,8,CALA__RC8__C04,5307.584614187912,0.1137168315753987,0.0,862.8941508786266,False,862.8941508786266,ONSHORE_EQUAL_COST_ORDER
2040,High,CALA,WIND_ONSHORE,8,CALA__RC8__C05,1967.746268662601,0.1384660702118085,1605.7184978324324,389.536638524688,False,389.536638524688,ONSHORE_EQUAL_COST_ORDER
2040,High,CALA,WIND_ONSHORE,8,CALA__RC8__C06,466.021433816343,0.1579505678552437,466.021433816343,105.23566052426088,False,105.23566052426088,ONSHORE_EQUAL_COST_ORDER
2040,High,CALA,WIND_ONSHORE,8,CALA__RC8__C07,10.701474302891013,0.2008594095930963,10.701474302891013,3.073064266812,False,3.073064266812,ONSHORE_EQUAL_COST_ORDER
2040,High,CALA,WIND_ONSHORE,8,CALA__RC8__C08,1547.5585940483338,0.2196506468904197,1547.5585940483338,485.97668693829866,False,485.97668693829866,ONSHORE_EQUAL_COST_ORDER
2050,Slow,CALA,WIND_ONSHORE,8,CALA__RC8__C01,4093.9520075045775,0.037936861705664,0.0,170.48470412023244,False,170.48470412023244,ONSHORE_EQUAL_COST_ORDER
2050,Slow,CALA,WIND_ONSHORE,8,CALA__RC8__C02,5768.083619394014,0.0703082029481407,0.0,445.16275033057894,False,445.16275033057894,ONSHORE_EQUAL_COST_ORDER
2050,Slow,CALA,WIND_ONSHORE,8,CALA__RC8__C03,7391.895402631392,0.0928698265996928,0.0,753.5493839226081,False,753.5493839226081,ONSHORE_EQUAL_COST_ORDER
2050,Slow,CALA,WIND_ONSHORE,8,CALA__RC8__C04,5307.584614187912,0.1137168315753987,0.0,662.5260342657551,False,662.5260342657551,ONSHORE_EQUAL_COST_ORDER
2050,Slow,CALA,WIND_ONSHORE,8,CALA__RC8__C05,1967.746268662601,0.1384660702118085,762.815272026432,299.0843825516617,False,299.0843825516617,ONSHORE_EQUAL_COST_ORDER
2050,Slow,CALA,WIND_ONSHORE,8,CALA__RC8__C06,466.021433816343,0.1579505678552437,466.021433816343,80.79944076510807,False,80.79944076510807,ONSHORE_EQUAL_COST_ORDER
2050,Slow,CALA,WIND_ONSHORE,8,CALA__RC8__C07,10.701474302891013,0.2008594095930963,10.701474302891013,2.3594841611356956,False,2.3594841611356956,ONSHORE_EQUAL_COST_ORDER
2050,Slow,CALA,WIND_ONSHORE,8,CALA__RC8__C08,1547.5585940483338,0.2196506468904197,1547.5585940483338,373.13059407692,False,373.13059407692,ONSHORE_EQUAL_COST_ORDER
2050,Base,CALA,WIND_ONSHORE,8,CALA__RC8__C01,4093.9520075045775,0.037936861705664,0.0,213.10588015026,False,213.10588015026,ONSHORE_EQUAL_COST_ORDER
2050,Base,CALA,WIND_ONSHORE,8,CALA__RC8__C02,5768.083619394014,0.0703082029481407,0.0,556.4534379131438,False,556.4534379131438,ONSHORE_EQUAL_COST_ORDER
2050,Base,CALA,WIND_ONSHORE,8,CALA__RC8__C03,7391.895402631392,0.0928698265996928,0.0,941.936729903125,False,941.936729903125,ONSHORE_EQUAL_COST_ORDER
2050,Base,CALA,WIND_ONSHORE,8,CALA__RC8__C04,5307.584614187912,0.1137168315753987,0.0,828.1575428320753,False,828.1575428320753,ONSHORE_EQUAL_COST_ORDER
2050,Base,CALA,WIND_ONSHORE,8,CALA__RC8__C05,1967.746268662601,0.1384660702118085,1459.5894655744323,373.8554781895235,False,373.8554781895235,ONSHORE_EQUAL_COST_ORDER
2050,Base,CALA,WIND_ONSHORE,8,CALA__RC8__C06,466.021433816343,0.1579505678552437,466.021433816343,100.9993009563706,False,100.9993009563706,ONSHORE_EQUAL_COST_ORDER
2050,Base,CALA,WIND_ONSHORE,8,CALA__RC8__C07,10.701474302891013,0.2008594095930963,10.701474302891013,2.949355201419196,False,2.949355201419196,ONSHORE_EQUAL_COST_ORDER
2050,Base,CALA,WIND_ONSHORE,8,CALA__RC8__C08,1547.5585940483338,0.2196506468904197,1547.5585940483338,466.413242596083,False,466.413242596083,ONSHORE_EQUAL_COST_ORDER
2050,High,CALA,WIND_ONSHORE,8,CALA__RC8__C01,4093.9520075045775,0.037936861705664,0.0,234.41646816527376,False,234.41646816527376,ONSHORE_EQUAL_COST_ORDER
2050,High,CALA,WIND_ONSHORE,8,CALA__RC8__C02,5768.083619394014,0.0703082029481407,0.0,612.0987817044263,False,612.0987817044263,ONSHORE_EQUAL_COST_ORDER
2050,High,CALA,WIND_ONSHORE,8,CALA__RC8__C03,7391.895402631392,0.0928698265996928,0.0,1036.1304028933832,False,1036.1304028933832,ONSHORE_EQUAL_COST_ORDER
2050,High,CALA,WIND_ONSHORE,8,CALA__RC8__C04,5307.584614187912,0.1137168315753987,0.0,910.973297115235,False,910.973297115235,ONSHORE_EQUAL_COST_ORDER
2050,High,CALA,WIND_ONSHORE,8,CALA__RC8__C05,1967.746268662601,0.1384660702118085,1807.9765623484325,411.2410260084544,False,411.2410260084544,ONSHORE_EQUAL_COST_ORDER
2050,High,CALA,WIND_ONSHORE,8,CALA__RC8__C06,466.021433816343,0.1579505678552437,466.021433816343,111.09923105200187,False,111.09923105200187,ONSHORE_EQUAL_COST_ORDER
2050,High,CALA,WIND_ONSHORE,8,CALA__RC8__C07,10.701474302891013,0.2008594095930963,10.701474302891013,3.244290721560947,False,3.244290721560947,ONSHORE_EQUAL_COST_ORDER
2050,High,CALA,WIND_ONSHORE,8,CALA__RC8__C08,1547.5585940483338,0.2196506468904197,1547.5585940483338,513.0545668556646,False,513.0545668556646,ONSHORE_EQUAL_COST_ORDER
2040,Slow,SICI,WIND_ONSHORE,1,SICI__RC1__C01,48606.88503791302,0.1510563382762167,5040.0,5040.0,False,5040.0,ONSHORE_EQUAL_COST_ORDER
2040,Base,SICI,WIND_ONSHORE,1,SICI__RC1__C01,48606.88503791302,0.1510563382762167,6300.0,6300.0,False,6300.0,ONSHORE_EQUAL_COST_ORDER
2040,High,SICI,WIND_ONSHORE,1,SICI__RC1__C01,48606.88503791302,0.1510563382762167,6930.0,6930.0,False,6930.0,ONSHORE_EQUAL_COST_ORDER
2050,Slow,SICI,WIND_ONSHORE,1,SICI__RC1__C01,48606.88503791302,0.1510563382762167,5320.82111437,5320.82111437,False,5320.82111437,ONSHORE_EQUAL_COST_ORDER
2050,Base,SICI,WIND_ONSHORE,1,SICI__RC1__C01,48606.88503791302,0.1510563382762167,6651.026392962,6651.026392962,False,6651.026392962,ONSHORE_EQUAL_COST_ORDER
2050,High,SICI,WIND_ONSHORE,1,SICI__RC1__C01,48606.88503791302,0.1510563382762167,7316.129032258,7316.129032258,False,7316.129032258,ONSHORE_EQUAL_COST_ORDER
2040,Slow,SICI,WIND_ONSHORE,4,SICI__RC4__C01,28606.62963486225,0.0879345413178592,0.0,2059.195195810872,False,2059.195195810872,ONSHORE_EQUAL_COST_ORDER
2040,Slow,SICI,WIND_ONSHORE,4,SICI__RC4__C02,15985.272146803303,0.1612843896731124,1025.0167437525388,2110.491901833337,False,2110.491901833337,ONSHORE_EQUAL_COST_ORDER
2040,Slow,SICI,WIND_ONSHORE,4,SICI__RC4__C03,3259.371143193058,0.2505188628568032,3259.371143193058,668.414047311449,False,668.414047311449,ONSHORE_EQUAL_COST_ORDER
2040,Slow,SICI,WIND_ONSHORE,4,SICI__RC4__C04,755.6121130544037,0.3264101268315919,755.6121130544037,201.89885504434216,False,201.89885504434216,ONSHORE_EQUAL_COST_ORDER
2040,Base,SICI,WIND_ONSHORE,4,SICI__RC4__C01,28606.62963486225,0.0879345413178592,0.0,2573.9939947635903,False,2573.9939947635903,ONSHORE_EQUAL_COST_ORDER
2040,Base,SICI,WIND_ONSHORE,4,SICI__RC4__C02,15985.272146803303,0.1612843896731124,2285.016743752539,2638.1148772916713,False,2638.1148772916713,ONSHORE_EQUAL_COST_ORDER
2040,Base,SICI,WIND_ONSHORE,4,SICI__RC4__C03,3259.371143193058,0.2505188628568032,3259.371143193058,835.5175591393113,False,835.5175591393113,ONSHORE_EQUAL_COST_ORDER
2040,Base,SICI,WIND_ONSHORE,4,SICI__RC4__C04,755.6121130544037,0.3264101268315919,755.6121130544037,252.37356880542768,False,252.37356880542768,ONSHORE_EQUAL_COST_ORDER
2040,High,SICI,WIND_ONSHORE,4,SICI__RC4__C01,28606.62963486225,0.0879345413178592,0.0,2831.39339423995,False,2831.39339423995,ONSHORE_EQUAL_COST_ORDER
2040,High,SICI,WIND_ONSHORE,4,SICI__RC4__C02,15985.272146803303,0.1612843896731124,2915.016743752539,2901.9263650208386,False,2901.9263650208386,ONSHORE_EQUAL_COST_ORDER
2040,High,SICI,WIND_ONSHORE,4,SICI__RC4__C03,3259.371143193058,0.2505188628568032,3259.371143193058,919.0693150532425,False,919.0693150532425,ONSHORE_EQUAL_COST_ORDER
2040,High,SICI,WIND_ONSHORE,4,SICI__RC4__C04,755.6121130544037,0.3264101268315919,755.6121130544037,277.6109256859704,False,277.6109256859704,ONSHORE_EQUAL_COST_ORDER
2050,Slow,SICI,WIND_ONSHORE,4,SICI__RC4__C01,28606.62963486225,0.0879345413178592,0.0,2173.9304119999515,False,2173.9304119999515,ONSHORE_EQUAL_COST_ORDER
2050,Slow,SICI,WIND_ONSHORE,4,SICI__RC4__C02,15985.272146803303,0.1612843896731124,1305.8378581225388,2228.085292258277,False,2228.085292258277,ONSHORE_EQUAL_COST_ORDER
2050,Slow,SICI,WIND_ONSHORE,4,SICI__RC4__C03,3259.371143193058,0.2505188628568032,3259.371143193058,705.6570587452909,False,705.6570587452909,ONSHORE_EQUAL_COST_ORDER
2050,Slow,SICI,WIND_ONSHORE,4,SICI__RC4__C04,755.6121130544037,0.3264101268315919,755.6121130544037,213.14835136648088,False,213.14835136648088,ONSHORE_EQUAL_COST_ORDER
2050,Base,SICI,WIND_ONSHORE,4,SICI__RC4__C01,28606.62963486225,0.0879345413178592,0.0,2717.413014999735,False,2717.413014999735,ONSHORE_EQUAL_COST_ORDER
2050,Base,SICI,WIND_ONSHORE,4,SICI__RC4__C02,15985.272146803303,0.1612843896731124,2636.0431367145384,2785.106615322637,False,2785.106615322637,ONSHORE_EQUAL_COST_ORDER
2050,Base,SICI,WIND_ONSHORE,4,SICI__RC4__C03,3259.371143193058,0.2505188628568032,3259.371143193058,882.0713234315473,False,882.0713234315473,ONSHORE_EQUAL_COST_ORDER
2050,Base,SICI,WIND_ONSHORE,4,SICI__RC4__C04,755.6121130544037,0.3264101268315919,755.6121130544037,266.43543920808105,False,266.43543920808105,ONSHORE_EQUAL_COST_ORDER
2050,High,SICI,WIND_ONSHORE,4,SICI__RC4__C01,28606.62963486225,0.0879345413178592,0.0,2989.1543164996265,False,2989.1543164996265,ONSHORE_EQUAL_COST_ORDER
2050,High,SICI,WIND_ONSHORE,4,SICI__RC4__C02,15985.272146803303,0.1612843896731124,3301.1457760105386,3063.6172768548167,False,3063.6172768548167,ONSHORE_EQUAL_COST_ORDER
2050,High,SICI,WIND_ONSHORE,4,SICI__RC4__C03,3259.371143193058,0.2505188628568032,3259.371143193058,970.2784557746755,False,970.2784557746755,ONSHORE_EQUAL_COST_ORDER
2050,High,SICI,WIND_ONSHORE,4,SICI__RC4__C04,755.6121130544037,0.3264101268315919,755.6121130544037,293.07898312888113,False,293.07898312888113,ONSHORE_EQUAL_COST_ORDER
2040,Slow,SICI,WIND_ONSHORE,8,SICI__RC8__C01,8143.877389073083,0.0569388788182835,0.0,390.0288216372161,False,390.0288216372161,ONSHORE_EQUAL_COST_ORDER
2040,Slow,SICI,WIND_ONSHORE,8,SICI__RC8__C02,20462.752245789165,0.0949906663234988,0.0,1634.9389611722302,False,1634.9389611722302,ONSHORE_EQUAL_COST_ORDER
2040,Slow,SICI,WIND_ONSHORE,8,SICI__RC8__C03,7101.837258343876,0.1333633656146582,0.0,796.6431501382065,False,796.6431501382065,ONSHORE_EQUAL_COST_ORDER
2040,Slow,SICI,WIND_ONSHORE,8,SICI__RC8__C04,8883.434888459431,0.1780003537245195,1025.0167437525379,1330.0205525062277,False,1330.0205525062277,ONSHORE_EQUAL_COST_ORDER
2040,Slow,SICI,WIND_ONSHORE,8,SICI__RC8__C05,1076.3085256128174,0.2202882649393648,1076.3085256128174,199.42734428529783,False,199.42734428529783,ONSHORE_EQUAL_COST_ORDER
2040,Slow,SICI,WIND_ONSHORE,8,SICI__RC8__C06,2183.0626175802404,0.2629502873105681,2183.0626175802404,482.83240055198803,False,482.83240055198803,ONSHORE_EQUAL_COST_ORDER
2040,Slow,SICI,WIND_ONSHORE,8,SICI__RC8__C07,604.8510414008604,0.3109846933208211,604.8510414008604,158.2136717310666,False,158.2136717310666,ONSHORE_EQUAL_COST_ORDER
2040,Slow,SICI,WIND_ONSHORE,8,SICI__RC8__C08,150.76107165354338,0.377698523359396,150.76107165354338,47.895097977766845,False,47.895097977766845,ONSHORE_EQUAL_COST_ORDER
2040,Base,SICI,WIND_ONSHORE,8,SICI__RC8__C01,8143.877389073083,0.0569388788182835,0.0,487.5360270465202,False,487.5360270465202,ONSHORE_EQUAL_COST_ORDER
2040,Base,SICI,WIND_ONSHORE,8,SICI__RC8__C02,20462.752245789165,0.0949906663234988,0.0,2043.6737014652879,False,2043.6737014652879,ONSHORE_EQUAL_COST_ORDER
2040,Base,SICI,WIND_ONSHORE,8,SICI__RC8__C03,7101.837258343876,0.1333633656146582,0.0,995.803937672758,False,995.803937672758,ONSHORE_EQUAL_COST_ORDER
2040,Base,SICI,WIND_ONSHORE,8,SICI__RC8__C04,8883.434888459431,0.1780003537245195,2285.016743752538,1662.5256906327843,False,1662.5256906327843,ONSHORE_EQUAL_COST_ORDER
2040,Base,SICI,WIND_ONSHORE,8,SICI__RC8__C05,1076.3085256128174,0.2202882649393648,1076.3085256128174,249.2841803566223,False,249.2841803566223,ONSHORE_EQUAL_COST_ORDER
2040,Base,SICI,WIND_ONSHORE,8,SICI__RC8__C06,2183.0626175802404,0.2629502873105681,2183.0626175802404,603.540500689985,False,603.540500689985,ONSHORE_EQUAL_COST_ORDER
2040,Base,SICI,WIND_ONSHORE,8,SICI__RC8__C07,604.8510414008604,0.3109846933208211,604.8510414008604,197.76708966383327,False,197.76708966383327,ONSHORE_EQUAL_COST_ORDER
2040,Base,SICI,WIND_ONSHORE,8,SICI__RC8__C08,150.76107165354338,0.377698523359396,150.76107165354338,59.86887247220855,False,59.86887247220855,ONSHORE_EQUAL_COST_ORDER
2040,High,SICI,WIND_ONSHORE,8,SICI__RC8__C01,8143.877389073083,0.0569388788182835,0.0,536.2896297511721,False,536.2896297511721,ONSHORE_EQUAL_COST_ORDER
2040,High,SICI,WIND_ONSHORE,8,SICI__RC8__C02,20462.752245789165,0.0949906663234988,0.0,2248.0410716118167,False,2248.0410716118167,ONSHORE_EQUAL_COST_ORDER
2040,High,SICI,WIND_ONSHORE,8,SICI__RC8__C03,7101.837258343876,0.1333633656146582,0.0,1095.384331440034,False,1095.384331440034,ONSHORE_EQUAL_COST_ORDER
2040,High,SICI,WIND_ONSHORE,8,SICI__RC8__C04,8883.434888459431,0.1780003537245195,2915.016743752538,1828.778259696063,False,1828.778259696063,ONSHORE_EQUAL_COST_ORDER
2040,High,SICI,WIND_ONSHORE,8,SICI__RC8__C05,1076.3085256128174,0.2202882649393648,1076.3085256128174,274.2125983922845,False,274.2125983922845,ONSHORE_EQUAL_COST_ORDER
2040,High,SICI,WIND_ONSHORE,8,SICI__RC8__C06,2183.0626175802404,0.2629502873105681,2183.0626175802404,663.8945507589835,False,663.8945507589835,ONSHORE_EQUAL_COST_ORDER
2040,High,SICI,WIND_ONSHORE,8,SICI__RC8__C07,604.8510414008604,0.3109846933208211,604.8510414008604,217.54379863021654,False,217.54379863021654,ONSHORE_EQUAL_COST_ORDER
2040,High,SICI,WIND_ONSHORE,8,SICI__RC8__C08,150.76107165354338,0.377698523359396,150.76107165354338,65.8557597194294,False,65.8557597194294,ONSHORE_EQUAL_COST_ORDER
2050,Slow,SICI,WIND_ONSHORE,8,SICI__RC8__C01,8143.877389073083,0.0569388788182835,0.0,411.76063281352185,False,411.76063281352185,ONSHORE_EQUAL_COST_ORDER
2050,Slow,SICI,WIND_ONSHORE,8,SICI__RC8__C02,20462.752245789165,0.0949906663234988,0.0,1726.0352669268564,False,1726.0352669268564,ONSHORE_EQUAL_COST_ORDER
2050,Slow,SICI,WIND_ONSHORE,8,SICI__RC8__C03,7101.837258343876,0.1333633656146582,0.0,841.0308916415871,False,841.0308916415871,ONSHORE_EQUAL_COST_ORDER
2050,Slow,SICI,WIND_ONSHORE,8,SICI__RC8__C04,8883.434888459431,0.1780003537245195,1305.837858122538,1404.1272695081723,False,1404.1272695081723,ONSHORE_EQUAL_COST_ORDER
2050,Slow,SICI,WIND_ONSHORE,8,SICI__RC8__C05,1076.3085256128174,0.2202882649393648,1076.3085256128174,210.5391317968151,False,210.5391317968151,ONSHORE_EQUAL_COST_ORDER
2050,Slow,SICI,WIND_ONSHORE,8,SICI__RC8__C06,2183.0626175802404,0.2629502873105681,2183.0626175802404,509.73508562677995,False,509.73508562677995,ONSHORE_EQUAL_COST_ORDER
2050,Slow,SICI,WIND_ONSHORE,8,SICI__RC8__C07,604.8510414008604,0.3109846933208211,604.8510414008604,167.02909625568714,False,167.02909625568714,ONSHORE_EQUAL_COST_ORDER
2050,Slow,SICI,WIND_ONSHORE,8,SICI__RC8__C08,150.76107165354338,0.377698523359396,150.76107165354338,50.563739800579704,False,50.563739800579704,ONSHORE_EQUAL_COST_ORDER
2050,Base,SICI,WIND_ONSHORE,8,SICI__RC8__C01,8143.877389073083,0.0569388788182835,0.0,514.7007910168636,False,514.7007910168636,ONSHORE_EQUAL_COST_ORDER
2050,Base,SICI,WIND_ONSHORE,8,SICI__RC8__C02,20462.752245789165,0.0949906663234988,0.0,2157.544083658408,False,2157.544083658408,ONSHORE_EQUAL_COST_ORDER
2050,Base,SICI,WIND_ONSHORE,8,SICI__RC8__C03,7101.837258343876,0.1333633656146582,0.0,1051.2886145519046,False,1051.2886145519046,ONSHORE_EQUAL_COST_ORDER
2050,Base,SICI,WIND_ONSHORE,8,SICI__RC8__C04,8883.434888459431,0.1780003537245195,2636.0431367145375,1755.1590868850835,False,1755.1590868850835,ONSHORE_EQUAL_COST_ORDER
2050,Base,SICI,WIND_ONSHORE,8,SICI__RC8__C05,1076.3085256128174,0.2202882649393648,1076.3085256128174,263.17391474599907,False,263.17391474599907,ONSHORE_EQUAL_COST_ORDER
2050,Base,SICI,WIND_ONSHORE,8,SICI__RC8__C06,2183.0626175802404,0.2629502873105681,2183.0626175802404,637.168857033427,False,637.168857033427,ONSHORE_EQUAL_COST_ORDER
2050,Base,SICI,WIND_ONSHORE,8,SICI__RC8__C07,604.8510414008604,0.3109846933208211,604.8510414008604,208.7863703195932,False,208.7863703195932,ONSHORE_EQUAL_COST_ORDER
2050,Base,SICI,WIND_ONSHORE,8,SICI__RC8__C08,150.76107165354338,0.377698523359396,150.76107165354338,63.20467475071987,False,63.20467475071987,ONSHORE_EQUAL_COST_ORDER
2050,High,SICI,WIND_ONSHORE,8,SICI__RC8__C01,8143.877389073083,0.0569388788182835,0.0,566.1708701185345,False,566.1708701185345,ONSHORE_EQUAL_COST_ORDER
2050,High,SICI,WIND_ONSHORE,8,SICI__RC8__C02,20462.752245789165,0.0949906663234988,0.0,2373.2984920241843,False,2373.2984920241843,ONSHORE_EQUAL_COST_ORDER
2050,High,SICI,WIND_ONSHORE,8,SICI__RC8__C03,7101.837258343876,0.1333633656146582,0.0,1156.4174760070637,False,1156.4174760070637,ONSHORE_EQUAL_COST_ORDER
2050,High,SICI,WIND_ONSHORE,8,SICI__RC8__C04,8883.434888459431,0.1780003537245195,3301.1457760105372,1930.674995573539,False,1930.674995573539,ONSHORE_EQUAL_COST_ORDER
2050,High,SICI,WIND_ONSHORE,8,SICI__RC8__C05,1076.3085256128174,0.2202882649393648,1076.3085256128174,289.49130622059107,False,289.49130622059107,ONSHORE_EQUAL_COST_ORDER
2050,High,SICI,WIND_ONSHORE,8,SICI__RC8__C06,2183.0626175802404,0.2629502873105681,2183.0626175802404,700.8857427367506,False,700.8857427367506,ONSHORE_EQUAL_COST_ORDER
2050,High,SICI,WIND_ONSHORE,8,SICI__RC8__C07,604.8510414008604,0.3109846933208211,604.8510414008604,229.66500735154625,False,229.66500735154625,ONSHORE_EQUAL_COST_ORDER
2050,High,SICI,WIND_ONSHORE,8,SICI__RC8__C08,150.76107165354338,0.377698523359396,150.76107165354338,69.52514222578996,False,69.52514222578996,ONSHORE_EQUAL_COST_ORDER
2040,Slow,SARD,WIND_ONSHORE,1,SARD__RC1__C01,47449.75580395546,0.1973225379879893,2800.0,2800.0,False,2800.0,ONSHORE_EQUAL_COST_ORDER
2040,Base,SARD,WIND_ONSHORE,1,SARD__RC1__C01,47449.75580395546,0.1973225379879893,3500.0,3500.0,False,3500.0,ONSHORE_EQUAL_COST_ORDER
2040,High,SARD,WIND_ONSHORE,1,SARD__RC1__C01,47449.75580395546,0.1973225379879893,3850.0,3850.0,False,3850.0,ONSHORE_EQUAL_COST_ORDER
2050,Slow,SARD,WIND_ONSHORE,1,SARD__RC1__C01,47449.75580395546,0.1973225379879893,2956.011730205,2956.011730205,False,2956.011730205,ONSHORE_EQUAL_COST_ORDER
2050,Base,SARD,WIND_ONSHORE,1,SARD__RC1__C01,47449.75580395546,0.1973225379879893,3695.014662757,3695.014662757,False,3695.014662757,ONSHORE_EQUAL_COST_ORDER
2050,High,SARD,WIND_ONSHORE,1,SARD__RC1__C01,47449.75580395546,0.1973225379879893,4064.516129032,4064.516129032,False,4064.516129032,ONSHORE_EQUAL_COST_ORDER
2040,Slow,SARD,WIND_ONSHORE,4,SARD__RC4__C01,24534.41878928296,0.1451138814106445,0.0,1143.5833355411671,False,1143.5833355411671,ONSHORE_EQUAL_COST_ORDER
2040,Slow,SARD,WIND_ONSHORE,4,SARD__RC4__C02,12678.456254257691,0.1885178652200074,0.0,767.7184452481328,False,767.7184452481328,ONSHORE_EQUAL_COST_ORDER
2040,Slow,SARD,WIND_ONSHORE,4,SARD__RC4__C03,9502.418957734504,0.2650040829142877,2065.5381973197027,808.8534179104679,False,808.8534179104679,ONSHORE_EQUAL_COST_ORDER
2040,Slow,SARD,WIND_ONSHORE,4,SARD__RC4__C04,734.4618026802971,0.3384498646246326,734.4618026802971,79.84480130023263,False,79.84480130023263,ONSHORE_EQUAL_COST_ORDER
2040,Base,SARD,WIND_ONSHORE,4,SARD__RC4__C01,24534.41878928296,0.1451138814106445,0.0,1429.4791694264586,False,1429.4791694264586,ONSHORE_EQUAL_COST_ORDER
2040,Base,SARD,WIND_ONSHORE,4,SARD__RC4__C02,12678.456254257691,0.1885178652200074,0.0,959.648056560166,False,959.648056560166,ONSHORE_EQUAL_COST_ORDER
2040,Base,SARD,WIND_ONSHORE,4,SARD__RC4__C03,9502.418957734504,0.2650040829142877,2765.5381973197027,1011.0667723880849,False,1011.0667723880849,ONSHORE_EQUAL_COST_ORDER
2040,Base,SARD,WIND_ONSHORE,4,SARD__RC4__C04,734.4618026802971,0.3384498646246326,734.4618026802971,99.80600162529079,False,99.80600162529079,ONSHORE_EQUAL_COST_ORDER
2040,High,SARD,WIND_ONSHORE,4,SARD__RC4__C01,24534.41878928296,0.1451138814106445,0.0,1572.4270863691045,False,1572.4270863691045,ONSHORE_EQUAL_COST_ORDER
2040,High,SARD,WIND_ONSHORE,4,SARD__RC4__C02,12678.456254257691,0.1885178652200074,0.0,1055.6128622161825,False,1055.6128622161825,ONSHORE_EQUAL_COST_ORDER
2040,High,SARD,WIND_ONSHORE,4,SARD__RC4__C03,9502.418957734504,0.2650040829142877,3115.5381973197027,1112.1734496268932,False,1112.1734496268932,ONSHORE_EQUAL_COST_ORDER
2040,High,SARD,WIND_ONSHORE,4,SARD__RC4__C04,734.4618026802971,0.3384498646246326,734.4618026802971,109.78660178781986,False,109.78660178781986,ONSHORE_EQUAL_COST_ORDER
2050,Slow,SARD,WIND_ONSHORE,4,SARD__RC4__C01,24534.41878928296,0.1451138814106445,0.0,1207.3020551166608,False,1207.3020551166608,ONSHORE_EQUAL_COST_ORDER
2050,Slow,SARD,WIND_ONSHORE,4,SARD__RC4__C02,12678.456254257691,0.1885178652200074,0.0,810.4945463029376,False,810.4945463029376,ONSHORE_EQUAL_COST_ORDER
2050,Slow,SARD,WIND_ONSHORE,4,SARD__RC4__C03,9502.418957734504,0.2650040829142877,2221.549927524703,853.9214969141964,False,853.9214969141964,ONSHORE_EQUAL_COST_ORDER
2050,Slow,SARD,WIND_ONSHORE,4,SARD__RC4__C04,734.4618026802971,0.3384498646246326,734.4618026802971,84.29363187120539,False,84.29363187120539,ONSHORE_EQUAL_COST_ORDER
2050,Base,SARD,WIND_ONSHORE,4,SARD__RC4__C01,24534.41878928296,0.1451138814106445,0.0,1509.1275688961323,False,1509.1275688961323,ONSHORE_EQUAL_COST_ORDER
2050,Base,SARD,WIND_ONSHORE,4,SARD__RC4__C02,12678.456254257691,0.1885178652200074,0.0,1013.1181828788777,False,1013.1181828788777,ONSHORE_EQUAL_COST_ORDER
2050,Base,SARD,WIND_ONSHORE,4,SARD__RC4__C03,9502.418957734504,0.2650040829142877,2960.552860076703,1067.4018711429624,False,1067.4018711429624,ONSHORE_EQUAL_COST_ORDER
2050,Base,SARD,WIND_ONSHORE,4,SARD__RC4__C04,734.4618026802971,0.3384498646246326,734.4618026802971,105.36703983902812,False,105.36703983902812,ONSHORE_EQUAL_COST_ORDER
2050,High,SARD,WIND_ONSHORE,4,SARD__RC4__C01,24534.41878928296,0.1451138814106445,0.0,1660.0403257854598,False,1660.0403257854598,ONSHORE_EQUAL_COST_ORDER
2050,High,SARD,WIND_ONSHORE,4,SARD__RC4__C02,12678.456254257691,0.1885178652200074,0.0,1114.4300011665737,False,1114.4300011665737,ONSHORE_EQUAL_COST_ORDER
2050,High,SARD,WIND_ONSHORE,4,SARD__RC4__C03,9502.418957734504,0.2650040829142877,3330.054326351703,1174.142058257056,False,1174.142058257056,ONSHORE_EQUAL_COST_ORDER
2050,High,SARD,WIND_ONSHORE,4,SARD__RC4__C04,734.4618026802971,0.3384498646246326,734.4618026802971,115.90374382291098,False,115.90374382291098,ONSHORE_EQUAL_COST_ORDER
2040,Slow,SARD,WIND_ONSHORE,8,SARD__RC8__C01,8127.073024866362,0.1225545631122327,0.0,321.88708000510235,False,321.88708000510235,ONSHORE_EQUAL_COST_ORDER
2040,Slow,SARD,WIND_ONSHORE,8,SARD__RC8__C02,16407.345764416597,0.1540714347226728,0.0,816.9591743072963,False,816.9591743072963,ONSHORE_EQUAL_COST_ORDER
2040,Slow,SARD,WIND_ONSHORE,8,SARD__RC8__C03,10753.07674702571,0.1825504146918247,0.0,634.3887406053196,False,634.3887406053196,ONSHORE_EQUAL_COST_ORDER
2040,Slow,SARD,WIND_ONSHORE,8,SARD__RC8__C04,1925.3795072319813,0.2168591492332612,0.0,134.9379138839342,False,134.9379138839342,ONSHORE_EQUAL_COST_ORDER
2040,Slow,SARD,WIND_ONSHORE,8,SARD__RC8__C05,5621.538333812734,0.2531188302064993,0.0,459.85353382414456,False,459.85353382414456,ONSHORE_EQUAL_COST_ORDER
2040,Slow,SARD,WIND_ONSHORE,8,SARD__RC8__C06,3880.880623921772,0.2805576242964744,2065.5381973197027,351.87811468672874,False,351.87811468672874,ONSHORE_EQUAL_COST_ORDER
2040,Slow,SARD,WIND_ONSHORE,8,SARD__RC8__C07,379.4311456175738,0.3200154081771919,379.4311456175738,39.2413340674583,False,39.2413340674583,ONSHORE_EQUAL_COST_ORDER
2040,Slow,SARD,WIND_ONSHORE,8,SARD__RC8__C08,355.0306570627233,0.3560655738581786,355.0306570627233,40.85410862001568,False,40.85410862001568,ONSHORE_EQUAL_COST_ORDER
2040,Base,SARD,WIND_ONSHORE,8,SARD__RC8__C01,8127.073024866362,0.1225545631122327,0.0,402.3588500063779,False,402.3588500063779,ONSHORE_EQUAL_COST_ORDER
2040,Base,SARD,WIND_ONSHORE,8,SARD__RC8__C02,16407.345764416597,0.1540714347226728,0.0,1021.1989678841202,False,1021.1989678841202,ONSHORE_EQUAL_COST_ORDER
2040,Base,SARD,WIND_ONSHORE,8,SARD__RC8__C03,10753.07674702571,0.1825504146918247,0.0,792.9859257566495,False,792.9859257566495,ONSHORE_EQUAL_COST_ORDER
2040,Base,SARD,WIND_ONSHORE,8,SARD__RC8__C04,1925.3795072319813,0.2168591492332612,0.0,168.67239235491775,False,168.67239235491775,ONSHORE_EQUAL_COST_ORDER
2040,Base,SARD,WIND_ONSHORE,8,SARD__RC8__C05,5621.538333812734,0.2531188302064993,0.0,574.8169172801807,False,574.8169172801807,ONSHORE_EQUAL_COST_ORDER
2040,Base,SARD,WIND_ONSHORE,8,SARD__RC8__C06,3880.880623921772,0.2805576242964744,2765.5381973197027,439.8476433584109,False,439.8476433584109,ONSHORE_EQUAL_COST_ORDER
2040,Base,SARD,WIND_ONSHORE,8,SARD__RC8__C07,379.4311456175738,0.3200154081771919,379.4311456175738,49.05166758432287,False,49.05166758432287,ONSHORE_EQUAL_COST_ORDER
2040,Base,SARD,WIND_ONSHORE,8,SARD__RC8__C08,355.0306570627233,0.3560655738581786,355.0306570627233,51.067635775019596,False,51.067635775019596,ONSHORE_EQUAL_COST_ORDER
2040,High,SARD,WIND_ONSHORE,8,SARD__RC8__C01,8127.073024866362,0.1225545631122327,0.0,442.5947350070157,False,442.5947350070157,ONSHORE_EQUAL_COST_ORDER
2040,High,SARD,WIND_ONSHORE,8,SARD__RC8__C02,16407.345764416597,0.1540714347226728,0.0,1123.3188646725323,False,1123.3188646725323,ONSHORE_EQUAL_COST_ORDER
2040,High,SARD,WIND_ONSHORE,8,SARD__RC8__C03,10753.07674702571,0.1825504146918247,0.0,872.2845183323144,False,872.2845183323144,ONSHORE_EQUAL_COST_ORDER
2040,High,SARD,WIND_ONSHORE,8,SARD__RC8__C04,1925.3795072319813,0.2168591492332612,0.0,185.5396315904095,False,185.5396315904095,ONSHORE_EQUAL_COST_ORDER
2040,High,SARD,WIND_ONSHORE,8,SARD__RC8__C05,5621.538333812734,0.2531188302064993,0.0,632.2986090081989,False,632.2986090081989,ONSHORE_EQUAL_COST_ORDER
2040,High,SARD,WIND_ONSHORE,8,SARD__RC8__C06,3880.880623921772,0.2805576242964744,3115.5381973197027,483.83240769425197,False,483.83240769425197,ONSHORE_EQUAL_COST_ORDER
2040,High,SARD,WIND_ONSHORE,8,SARD__RC8__C07,379.4311456175738,0.3200154081771919,379.4311456175738,53.95683434275516,False,53.95683434275516,ONSHORE_EQUAL_COST_ORDER
2040,High,SARD,WIND_ONSHORE,8,SARD__RC8__C08,355.0306570627233,0.3560655738581786,355.0306570627233,56.17439935252156,False,56.17439935252156,ONSHORE_EQUAL_COST_ORDER
2050,Slow,SARD,WIND_ONSHORE,8,SARD__RC8__C01,8127.073024866362,0.1225545631122327,0.0,339.8221372487563,False,339.8221372487563,ONSHORE_EQUAL_COST_ORDER
2050,Slow,SARD,WIND_ONSHORE,8,SARD__RC8__C02,16407.345764416597,0.1540714347226728,0.0,862.478893696771,False,862.478893696771,ONSHORE_EQUAL_COST_ORDER
2050,Slow,SARD,WIND_ONSHORE,8,SARD__RC8__C03,10753.07674702571,0.1825504146918247,0.0,669.7359138354649,False,669.7359138354649,ONSHORE_EQUAL_COST_ORDER
2050,Slow,SARD,WIND_ONSHORE,8,SARD__RC8__C04,1925.3795072319813,0.2168591492332612,0.0,142.4564486751077,False,142.4564486751077,ONSHORE_EQUAL_COST_ORDER
2050,Slow,SARD,WIND_ONSHORE,8,SARD__RC8__C05,5621.538333812734,0.2531188302064993,0.0,485.4758714858547,False,485.4758714858547,ONSHORE_EQUAL_COST_ORDER
2050,Slow,SARD,WIND_ONSHORE,8,SARD__RC8__C06,3880.880623921772,0.2805576242964744,2221.549927524703,371.48422664871083,False,371.48422664871083,ONSHORE_EQUAL_COST_ORDER
2050,Slow,SARD,WIND_ONSHORE,8,SARD__RC8__C07,379.4311456175738,0.3200154081771919,379.4311456175738,41.42780136153564,False,41.42780136153564,ONSHORE_EQUAL_COST_ORDER
2050,Slow,SARD,WIND_ONSHORE,8,SARD__RC8__C08,355.0306570627233,0.3560655738581786,355.0306570627233,43.13043725279841,False,43.13043725279841,ONSHORE_EQUAL_COST_ORDER
2050,Base,SARD,WIND_ONSHORE,8,SARD__RC8__C01,8127.073024866362,0.1225545631122327,0.0,424.7776715610317,False,424.7776715610317,ONSHORE_EQUAL_COST_ORDER
2050,Base,SARD,WIND_ONSHORE,8,SARD__RC8__C02,16407.345764416597,0.1540714347226728,0.0,1078.0986171211828,False,1078.0986171211828,ONSHORE_EQUAL_COST_ORDER
2050,Base,SARD,WIND_ONSHORE,8,SARD__RC8__C03,10753.07674702571,0.1825504146918247,0.0,837.169892294501,False,837.169892294501,ONSHORE_EQUAL_COST_ORDER
2050,Base,SARD,WIND_ONSHORE,8,SARD__RC8__C04,1925.3795072319813,0.2168591492332612,0.0,178.0705608439208,False,178.0705608439208,ONSHORE_EQUAL_COST_ORDER
2050,Base,SARD,WIND_ONSHORE,8,SARD__RC8__C05,5621.538333812734,0.2531188302064993,0.0,606.8448393574416,False,606.8448393574416,ONSHORE_EQUAL_COST_ORDER
2050,Base,SARD,WIND_ONSHORE,8,SARD__RC8__C06,3880.880623921772,0.2805576242964744,2960.552860076703,464.3552833109828,False,464.3552833109828,ONSHORE_EQUAL_COST_ORDER
2050,Base,SARD,WIND_ONSHORE,8,SARD__RC8__C07,379.4311456175738,0.3200154081771919,379.4311456175738,51.78475170193008,False,51.78475170193008,ONSHORE_EQUAL_COST_ORDER
2050,Base,SARD,WIND_ONSHORE,8,SARD__RC8__C08,355.0306570627233,0.3560655738581786,355.0306570627233,53.913046566008965,False,53.913046566008965,ONSHORE_EQUAL_COST_ORDER
2050,High,SARD,WIND_ONSHORE,8,SARD__RC8__C01,8127.073024866362,0.1225545631122327,0.0,467.2554387170544,False,467.2554387170544,ONSHORE_EQUAL_COST_ORDER
2050,High,SARD,WIND_ONSHORE,8,SARD__RC8__C02,16407.345764416597,0.1540714347226728,0.0,1185.9084788330968,False,1185.9084788330968,ONSHORE_EQUAL_COST_ORDER
2050,High,SARD,WIND_ONSHORE,8,SARD__RC8__C03,10753.07674702571,0.1825504146918247,0.0,920.8868815237926,False,920.8868815237926,ONSHORE_EQUAL_COST_ORDER
2050,High,SARD,WIND_ONSHORE,8,SARD__RC8__C04,1925.3795072319813,0.2168591492332612,0.0,195.8776169282791,False,195.8776169282791,ONSHORE_EQUAL_COST_ORDER
2050,High,SARD,WIND_ONSHORE,8,SARD__RC8__C05,5621.538333812734,0.2531188302064993,0.0,667.5293232930708,False,667.5293232930708,ONSHORE_EQUAL_COST_ORDER
2050,High,SARD,WIND_ONSHORE,8,SARD__RC8__C06,3880.880623921772,0.2805576242964744,3330.054326351703,510.7908116419931,False,510.7908116419931,ONSHORE_EQUAL_COST_ORDER
2050,High,SARD,WIND_ONSHORE,8,SARD__RC8__C07,379.4311456175738,0.3200154081771919,379.4311456175738,56.96322687211327,False,56.96322687211327,ONSHORE_EQUAL_COST_ORDER
2050,High,SARD,WIND_ONSHORE,8,SARD__RC8__C08,355.0306570627233,0.3560655738581786,355.0306570627233,59.30435122259964,False,59.30435122259964,ONSHORE_EQUAL_COST_ORDER
2040,Slow,NORD,WIND_OFFSHORE,1,NORD__RC1__C01,9981.74032576172,0.1839280633886859,1200.0,1200.0,False,1200.0,OFFSHORE_CF_ONLY_DIAGNOSTIC_NOT_SELECTED
2040,Base,NORD,WIND_OFFSHORE,1,NORD__RC1__C01,9981.74032576172,0.1839280633886859,1500.0,1500.0,False,1500.0,OFFSHORE_CF_ONLY_DIAGNOSTIC_NOT_SELECTED
2040,High,NORD,WIND_OFFSHORE,1,NORD__RC1__C01,9981.74032576172,0.1839280633886859,1650.0,1650.0,False,1650.0,OFFSHORE_CF_ONLY_DIAGNOSTIC_NOT_SELECTED
2050,Slow,NORD,WIND_OFFSHORE,1,NORD__RC1__C01,9981.74032576172,0.1839280633886859,1184.210526316,1184.210526316,False,1184.210526316,OFFSHORE_CF_ONLY_DIAGNOSTIC_NOT_SELECTED
2050,Base,NORD,WIND_OFFSHORE,1,NORD__RC1__C01,9981.74032576172,0.1839280633886859,1480.263157895,1480.263157895,False,1480.263157895,OFFSHORE_CF_ONLY_DIAGNOSTIC_NOT_SELECTED
2050,High,NORD,WIND_OFFSHORE,1,NORD__RC1__C01,9981.74032576172,0.1839280633886859,1628.289473684,1628.2894736839999,False,1628.2894736839999,OFFSHORE_CF_ONLY_DIAGNOSTIC_NOT_SELECTED
2040,Slow,NORD,WIND_OFFSHORE,4,NORD__RC4__C01,2218.299730425592,0.1362033468292168,0.0,201.3118464772961,False,201.3118464772961,OFFSHORE_CF_ONLY_DIAGNOSTIC_NOT_SELECTED
2040,Slow,NORD,WIND_OFFSHORE,4,NORD__RC4__C02,7383.999337430811,0.1911766062455308,820.5587420946842,940.5626382596548,False,940.5626382596548,OFFSHORE_CF_ONLY_DIAGNOSTIC_NOT_SELECTED
2040,Slow,NORD,WIND_OFFSHORE,4,NORD__RC4__C03,379.44125790531575,0.2299116286087623,379.44125790531575,58.12551526304905,False,58.12551526304905,OFFSHORE_CF_ONLY_DIAGNOSTIC_NOT_SELECTED
2040,Slow,NORD,WIND_OFFSHORE,4,NORD__RC4__C04,0.0,0.0,0.0,0.0,False,0.0,OFFSHORE_CF_ONLY_DIAGNOSTIC_NOT_SELECTED
2040,Base,NORD,WIND_OFFSHORE,4,NORD__RC4__C01,2218.299730425592,0.1362033468292168,0.0,251.63980809662007,False,251.63980809662007,OFFSHORE_CF_ONLY_DIAGNOSTIC_NOT_SELECTED
2040,Base,NORD,WIND_OFFSHORE,4,NORD__RC4__C02,7383.999337430811,0.1911766062455308,1120.5587420946842,1175.7032978245684,False,1175.7032978245684,OFFSHORE_CF_ONLY_DIAGNOSTIC_NOT_SELECTED
2040,Base,NORD,WIND_OFFSHORE,4,NORD__RC4__C03,379.44125790531575,0.2299116286087623,379.44125790531575,72.65689407881132,False,72.65689407881132,OFFSHORE_CF_ONLY_DIAGNOSTIC_NOT_SELECTED
2040,Base,NORD,WIND_OFFSHORE,4,NORD__RC4__C04,0.0,0.0,0.0,0.0,False,0.0,OFFSHORE_CF_ONLY_DIAGNOSTIC_NOT_SELECTED
2040,High,NORD,WIND_OFFSHORE,4,NORD__RC4__C01,2218.299730425592,0.1362033468292168,0.0,276.80378890628214,False,276.80378890628214,OFFSHORE_CF_ONLY_DIAGNOSTIC_NOT_SELECTED
2040,High,NORD,WIND_OFFSHORE,4,NORD__RC4__C02,7383.999337430811,0.1911766062455308,1270.5587420946842,1293.2736276070254,False,1293.2736276070254,OFFSHORE_CF_ONLY_DIAGNOSTIC_NOT_SELECTED
2040,High,NORD,WIND_OFFSHORE,4,NORD__RC4__C03,379.44125790531575,0.2299116286087623,379.44125790531575,79.92258348669245,False,79.92258348669245,OFFSHORE_CF_ONLY_DIAGNOSTIC_NOT_SELECTED
2040,High,NORD,WIND_OFFSHORE,4,NORD__RC4__C04,0.0,0.0,0.0,0.0,False,0.0,OFFSHORE_CF_ONLY_DIAGNOSTIC_NOT_SELECTED
2050,Slow,NORD,WIND_OFFSHORE,4,NORD__RC4__C01,2218.299730425592,0.1362033468292168,0.0,198.6630063921038,False,198.6630063921038,OFFSHORE_CF_ONLY_DIAGNOSTIC_NOT_SELECTED
2050,Slow,NORD,WIND_OFFSHORE,4,NORD__RC4__C02,7383.999337430811,0.1911766062455308,804.7692684106842,928.1868140721928,False,928.1868140721928,OFFSHORE_CF_ONLY_DIAGNOSTIC_NOT_SELECTED
2050,Slow,NORD,WIND_OFFSHORE,4,NORD__RC4__C03,379.44125790531575,0.2299116286087623,379.44125790531575,57.360705851703344,False,57.360705851703344,OFFSHORE_CF_ONLY_DIAGNOSTIC_NOT_SELECTED
2050,Slow,NORD,WIND_OFFSHORE,4,NORD__RC4__C04,0.0,0.0,0.0,0.0,False,0.0,OFFSHORE_CF_ONLY_DIAGNOSTIC_NOT_SELECTED
2050,Base,NORD,WIND_OFFSHORE,4,NORD__RC4__C01,2218.299730425592,0.1362033468292168,0.0,248.32875799012976,False,248.32875799012976,OFFSHORE_CF_ONLY_DIAGNOSTIC_NOT_SELECTED
2050,Base,NORD,WIND_OFFSHORE,4,NORD__RC4__C02,7383.999337430811,0.1911766062455308,1100.8218999896842,1160.233517590241,False,1160.233517590241,OFFSHORE_CF_ONLY_DIAGNOSTIC_NOT_SELECTED
2050,Base,NORD,WIND_OFFSHORE,4,NORD__RC4__C03,379.44125790531575,0.2299116286087623,379.44125790531575,71.70088231462917,False,71.70088231462917,OFFSHORE_CF_ONLY_DIAGNOSTIC_NOT_SELECTED
2050,Base,NORD,WIND_OFFSHORE,4,NORD__RC4__C04,0.0,0.0,0.0,0.0,False,0.0,OFFSHORE_CF_ONLY_DIAGNOSTIC_NOT_SELECTED
2050,High,NORD,WIND_OFFSHORE,4,NORD__RC4__C01,2218.299730425592,0.1362033468292168,0.0,273.1616337890589,False,273.1616337890589,OFFSHORE_CF_ONLY_DIAGNOSTIC_NOT_SELECTED
2050,High,NORD,WIND_OFFSHORE,4,NORD__RC4__C02,7383.999337430811,0.1911766062455308,1248.8482157786843,1276.2568693488734,False,1276.2568693488734,OFFSHORE_CF_ONLY_DIAGNOSTIC_NOT_SELECTED
2050,High,NORD,WIND_OFFSHORE,4,NORD__RC4__C03,379.44125790531575,0.2299116286087623,379.44125790531575,78.8709705460679,False,78.8709705460679,OFFSHORE_CF_ONLY_DIAGNOSTIC_NOT_SELECTED
2050,High,NORD,WIND_OFFSHORE,4,NORD__RC4__C04,0.0,0.0,0.0,0.0,False,0.0,OFFSHORE_CF_ONLY_DIAGNOSTIC_NOT_SELECTED
2040,Slow,NORD,WIND_OFFSHORE,8,NORD__RC8__C01,359.28377933169827,0.0962063845785825,0.0,23.254545905040246,False,23.254545905040246,OFFSHORE_CF_ONLY_DIAGNOSTIC_NOT_SELECTED
2040,Slow,NORD,WIND_OFFSHORE,8,NORD__RC8__C02,1859.0159510938936,0.1414572009867305,0.0,176.9190242080765,False,176.9190242080765,OFFSHORE_CF_ONLY_DIAGNOSTIC_NOT_SELECTED
2040,Slow,NORD,WIND_OFFSHORE,8,NORD__RC8__C03,3865.76388236668,0.1720574944051628,0.0,447.48169766474075,False,447.48169766474075,OFFSHORE_CF_ONLY_DIAGNOSTIC_NOT_SELECTED
2040,Slow,NORD,WIND_OFFSHORE,8,NORD__RC8__C04,3518.2354550641303,0.2085600512716975,820.5587420946842,493.65368645157764,False,493.65368645157764,OFFSHORE_CF_ONLY_DIAGNOSTIC_NOT_SELECTED
2040,Slow,NORD,WIND_OFFSHORE,8,NORD__RC8__C05,379.44125790531575,0.2299116286087623,379.44125790531575,58.69104577056481,False,58.69104577056481,OFFSHORE_CF_ONLY_DIAGNOSTIC_NOT_SELECTED
2040,Slow,NORD,WIND_OFFSHORE,8,NORD__RC8__C06,0.0,0.0,0.0,0.0,False,0.0,OFFSHORE_CF_ONLY_DIAGNOSTIC_NOT_SELECTED
2040,Slow,NORD,WIND_OFFSHORE,8,NORD__RC8__C07,0.0,0.0,0.0,0.0,False,0.0,OFFSHORE_CF_ONLY_DIAGNOSTIC_NOT_SELECTED
2040,Slow,NORD,WIND_OFFSHORE,8,NORD__RC8__C08,0.0,0.0,0.0,0.0,False,0.0,OFFSHORE_CF_ONLY_DIAGNOSTIC_NOT_SELECTED
2040,Base,NORD,WIND_OFFSHORE,8,NORD__RC8__C01,359.28377933169827,0.0962063845785825,0.0,29.068182381300307,False,29.068182381300307,OFFSHORE_CF_ONLY_DIAGNOSTIC_NOT_SELECTED
2040,Base,NORD,WIND_OFFSHORE,8,NORD__RC8__C02,1859.0159510938936,0.1414572009867305,0.0,221.14878026009566,False,221.14878026009566,OFFSHORE_CF_ONLY_DIAGNOSTIC_NOT_SELECTED
2040,Base,NORD,WIND_OFFSHORE,8,NORD__RC8__C03,3865.76388236668,0.1720574944051628,0.0,559.3521220809259,False,559.3521220809259,OFFSHORE_CF_ONLY_DIAGNOSTIC_NOT_SELECTED
2040,Base,NORD,WIND_OFFSHORE,8,NORD__RC8__C04,3518.2354550641303,0.2085600512716975,1120.5587420946842,617.0671080644721,False,617.0671080644721,OFFSHORE_CF_ONLY_DIAGNOSTIC_NOT_SELECTED
2040,Base,NORD,WIND_OFFSHORE,8,NORD__RC8__C05,379.44125790531575,0.2299116286087623,379.44125790531575,73.36380721320602,False,73.36380721320602,OFFSHORE_CF_ONLY_DIAGNOSTIC_NOT_SELECTED
2040,Base,NORD,WIND_OFFSHORE,8,NORD__RC8__C06,0.0,0.0,0.0,0.0,False,0.0,OFFSHORE_CF_ONLY_DIAGNOSTIC_NOT_SELECTED
2040,Base,NORD,WIND_OFFSHORE,8,NORD__RC8__C07,0.0,0.0,0.0,0.0,False,0.0,OFFSHORE_CF_ONLY_DIAGNOSTIC_NOT_SELECTED
2040,Base,NORD,WIND_OFFSHORE,8,NORD__RC8__C08,0.0,0.0,0.0,0.0,False,0.0,OFFSHORE_CF_ONLY_DIAGNOSTIC_NOT_SELECTED
2040,High,NORD,WIND_OFFSHORE,8,NORD__RC8__C01,359.28377933169827,0.0962063845785825,0.0,31.975000619430343,False,31.975000619430343,OFFSHORE_CF_ONLY_DIAGNOSTIC_NOT_SELECTED
2040,High,NORD,WIND_OFFSHORE,8,NORD__RC8__C02,1859.0159510938936,0.1414572009867305,0.0,243.26365828610523,False,243.26365828610523,OFFSHORE_CF_ONLY_DIAGNOSTIC_NOT_SELECTED
2040,High,NORD,WIND_OFFSHORE,8,NORD__RC8__C03,3865.76388236668,0.1720574944051628,0.0,615.2873342890185,False,615.2873342890185,OFFSHORE_CF_ONLY_DIAGNOSTIC_NOT_SELECTED
2040,High,NORD,WIND_OFFSHORE,8,NORD__RC8__C04,3518.2354550641303,0.2085600512716975,1270.5587420946842,678.7738188709192,False,678.7738188709192,OFFSHORE_CF_ONLY_DIAGNOSTIC_NOT_SELECTED
2040,High,NORD,WIND_OFFSHORE,8,NORD__RC8__C05,379.44125790531575,0.2299116286087623,379.44125790531575,80.70018793452661,False,80.70018793452661,OFFSHORE_CF_ONLY_DIAGNOSTIC_NOT_SELECTED
2040,High,NORD,WIND_OFFSHORE,8,NORD__RC8__C06,0.0,0.0,0.0,0.0,False,0.0,OFFSHORE_CF_ONLY_DIAGNOSTIC_NOT_SELECTED
2040,High,NORD,WIND_OFFSHORE,8,NORD__RC8__C07,0.0,0.0,0.0,0.0,False,0.0,OFFSHORE_CF_ONLY_DIAGNOSTIC_NOT_SELECTED
2040,High,NORD,WIND_OFFSHORE,8,NORD__RC8__C08,0.0,0.0,0.0,0.0,False,0.0,OFFSHORE_CF_ONLY_DIAGNOSTIC_NOT_SELECTED
2050,Slow,NORD,WIND_OFFSHORE,8,NORD__RC8__C01,359.28377933169827,0.0962063845785825,0.0,22.948565037872743,False,22.948565037872743,OFFSHORE_CF_ONLY_DIAGNOSTIC_NOT_SELECTED
2050,Slow,NORD,WIND_OFFSHORE,8,NORD__RC8__C02,1859.0159510938936,0.1414572009867305,0.0,174.59114231063285,False,174.59114231063285,OFFSHORE_CF_ONLY_DIAGNOSTIC_NOT_SELECTED
2050,Slow,NORD,WIND_OFFSHORE,8,NORD__RC8__C03,3865.76388236668,0.1720574944051628,0.0,441.59378059028313,False,441.59378059028313,OFFSHORE_CF_ONLY_DIAGNOSTIC_NOT_SELECTED
2050,Slow,NORD,WIND_OFFSHORE,8,NORD__RC8__C04,3518.2354550641303,0.2085600512716975,804.7692684106842,487.1582432088803,False,487.1582432088803,OFFSHORE_CF_ONLY_DIAGNOSTIC_NOT_SELECTED
2050,Slow,NORD,WIND_OFFSHORE,8,NORD__RC8__C05,379.44125790531575,0.2299116286087623,379.44125790531575,57.91879516833084,False,57.91879516833084,OFFSHORE_CF_ONLY_DIAGNOSTIC_NOT_SELECTED
2050,Slow,NORD,WIND_OFFSHORE,8,NORD__RC8__C06,0.0,0.0,0.0,0.0,False,0.0,OFFSHORE_CF_ONLY_DIAGNOSTIC_NOT_SELECTED
2050,Slow,NORD,WIND_OFFSHORE,8,NORD__RC8__C07,0.0,0.0,0.0,0.0,False,0.0,OFFSHORE_CF_ONLY_DIAGNOSTIC_NOT_SELECTED
2050,Slow,NORD,WIND_OFFSHORE,8,NORD__RC8__C08,0.0,0.0,0.0,0.0,False,0.0,OFFSHORE_CF_ONLY_DIAGNOSTIC_NOT_SELECTED
2050,Base,NORD,WIND_OFFSHORE,8,NORD__RC8__C01,359.28377933169827,0.0962063845785825,0.0,28.685706297340932,False,28.685706297340932,OFFSHORE_CF_ONLY_DIAGNOSTIC_NOT_SELECTED
2050,Base,NORD,WIND_OFFSHORE,8,NORD__RC8__C02,1859.0159510938936,0.1414572009867305,0.0,218.2389278882911,False,218.2389278882911,OFFSHORE_CF_ONLY_DIAGNOSTIC_NOT_SELECTED
2050,Base,NORD,WIND_OFFSHORE,8,NORD__RC8__C03,3865.76388236668,0.1720574944051628,0.0,551.9922257378539,False,551.9922257378539,OFFSHORE_CF_ONLY_DIAGNOSTIC_NOT_SELECTED
2050,Base,NORD,WIND_OFFSHORE,8,NORD__RC8__C04,3518.2354550641303,0.2085600512716975,1100.8218999896842,608.9478040111004,False,608.9478040111004,OFFSHORE_CF_ONLY_DIAGNOSTIC_NOT_SELECTED
2050,Base,NORD,WIND_OFFSHORE,8,NORD__RC8__C05,379.44125790531575,0.2299116286087623,379.44125790531575,72.39849396041355,False,72.39849396041355,OFFSHORE_CF_ONLY_DIAGNOSTIC_NOT_SELECTED
2050,Base,NORD,WIND_OFFSHORE,8,NORD__RC8__C06,0.0,0.0,0.0,0.0,False,0.0,OFFSHORE_CF_ONLY_DIAGNOSTIC_NOT_SELECTED
2050,Base,NORD,WIND_OFFSHORE,8,NORD__RC8__C07,0.0,0.0,0.0,0.0,False,0.0,OFFSHORE_CF_ONLY_DIAGNOSTIC_NOT_SELECTED
2050,Base,NORD,WIND_OFFSHORE,8,NORD__RC8__C08,0.0,0.0,0.0,0.0,False,0.0,OFFSHORE_CF_ONLY_DIAGNOSTIC_NOT_SELECTED
2050,High,NORD,WIND_OFFSHORE,8,NORD__RC8__C01,359.28377933169827,0.0962063845785825,0.0,31.554276927065334,False,31.554276927065334,OFFSHORE_CF_ONLY_DIAGNOSTIC_NOT_SELECTED
2050,High,NORD,WIND_OFFSHORE,8,NORD__RC8__C02,1859.0159510938936,0.1414572009867305,0.0,240.0628206770465,False,240.0628206770465,OFFSHORE_CF_ONLY_DIAGNOSTIC_NOT_SELECTED
2050,High,NORD,WIND_OFFSHORE,8,NORD__RC8__C03,3865.76388236668,0.1720574944051628,0.0,607.191448311453,False,607.191448311453,OFFSHORE_CF_ONLY_DIAGNOSTIC_NOT_SELECTED
2050,High,NORD,WIND_OFFSHORE,8,NORD__RC8__C04,3518.2354550641303,0.2085600512716975,1248.8482157786843,669.8425844120047,False,669.8425844120047,OFFSHORE_CF_ONLY_DIAGNOSTIC_NOT_SELECTED
2050,High,NORD,WIND_OFFSHORE,8,NORD__RC8__C05,379.44125790531575,0.2299116286087623,379.44125790531575,79.63834335643045,False,79.63834335643045,OFFSHORE_CF_ONLY_DIAGNOSTIC_NOT_SELECTED
2050,High,NORD,WIND_OFFSHORE,8,NORD__RC8__C06,0.0,0.0,0.0,0.0,False,0.0,OFFSHORE_CF_ONLY_DIAGNOSTIC_NOT_SELECTED
2050,High,NORD,WIND_OFFSHORE,8,NORD__RC8__C07,0.0,0.0,0.0,0.0,False,0.0,OFFSHORE_CF_ONLY_DIAGNOSTIC_NOT_SELECTED
2050,High,NORD,WIND_OFFSHORE,8,NORD__RC8__C08,0.0,0.0,0.0,0.0,False,0.0,OFFSHORE_CF_ONLY_DIAGNOSTIC_NOT_SELECTED
2040,Slow,CNOR,WIND_OFFSHORE,1,CNOR__RC1__C01,9585.027367089197,0.2061878054044583,640.0,640.0,False,640.0,OFFSHORE_CF_ONLY_DIAGNOSTIC_NOT_SELECTED
2040,Base,CNOR,WIND_OFFSHORE,1,CNOR__RC1__C01,9585.027367089197,0.2061878054044583,800.0,800.0,False,800.0,OFFSHORE_CF_ONLY_DIAGNOSTIC_NOT_SELECTED
2040,High,CNOR,WIND_OFFSHORE,1,CNOR__RC1__C01,9585.027367089197,0.2061878054044583,880.0,880.0,False,880.0,OFFSHORE_CF_ONLY_DIAGNOSTIC_NOT_SELECTED
2050,Slow,CNOR,WIND_OFFSHORE,1,CNOR__RC1__C01,9585.027367089197,0.2061878054044583,631.578947368,631.578947368,False,631.578947368,OFFSHORE_CF_ONLY_DIAGNOSTIC_NOT_SELECTED
2050,Base,CNOR,WIND_OFFSHORE,1,CNOR__RC1__C01,9585.027367089197,0.2061878054044583,789.473684211,789.473684211,False,789.473684211,OFFSHORE_CF_ONLY_DIAGNOSTIC_NOT_SELECTED
2050,High,CNOR,WIND_OFFSHORE,1,CNOR__RC1__C01,9585.027367089197,0.2061878054044583,868.421052632,868.421052632,False,868.421052632,OFFSHORE_CF_ONLY_DIAGNOSTIC_NOT_SELECTED
2040,Slow,CNOR,WIND_OFFSHORE,4,CNOR__RC4__C01,1228.641668248912,0.111387844243804,0.0,46.00066888615113,False,46.00066888615113,OFFSHORE_CF_ONLY_DIAGNOSTIC_NOT_SELECTED
2040,Slow,CNOR,WIND_OFFSHORE,4,CNOR__RC4__C02,7558.055935739286,0.2052540454116923,0.0,521.4383095146701,False,521.4383095146701,OFFSHORE_CF_ONLY_DIAGNOSTIC_NOT_SELECTED
2040,Slow,CNOR,WIND_OFFSHORE,4,CNOR__RC4__C03,798.3297631010003,0.2704082638983283,640.0,72.56102159917872,False,72.56102159917872,OFFSHORE_CF_ONLY_DIAGNOSTIC_NOT_SELECTED
2040,Slow,CNOR,WIND_OFFSHORE,4,CNOR__RC4__C04,0.0,0.0,0.0,0.0,False,0.0,OFFSHORE_CF_ONLY_DIAGNOSTIC_NOT_SELECTED
2040,Base,CNOR,WIND_OFFSHORE,4,CNOR__RC4__C01,1228.641668248912,0.111387844243804,0.0,57.50083610768891,False,57.50083610768891,OFFSHORE_CF_ONLY_DIAGNOSTIC_NOT_SELECTED
2040,Base,CNOR,WIND_OFFSHORE,4,CNOR__RC4__C02,7558.055935739286,0.2052540454116923,1.6702368989997467,651.7978868933377,False,651.7978868933377,OFFSHORE_CF_ONLY_DIAGNOSTIC_NOT_SELECTED
2040,Base,CNOR,WIND_OFFSHORE,4,CNOR__RC4__C03,798.3297631010003,0.2704082638983283,798.3297631010003,90.7012769989734,False,90.7012769989734,OFFSHORE_CF_ONLY_DIAGNOSTIC_NOT_SELECTED
2040,Base,CNOR,WIND_OFFSHORE,4,CNOR__RC4__C04,0.0,0.0,0.0,0.0,False,0.0,OFFSHORE_CF_ONLY_DIAGNOSTIC_NOT_SELECTED
2040,High,CNOR,WIND_OFFSHORE,4,CNOR__RC4__C01,1228.641668248912,0.111387844243804,0.0,63.2509197184578,False,63.2509197184578,OFFSHORE_CF_ONLY_DIAGNOSTIC_NOT_SELECTED
2040,High,CNOR,WIND_OFFSHORE,4,CNOR__RC4__C02,7558.055935739286,0.2052540454116923,81.67023689899975,716.9776755826714,False,716.9776755826714,OFFSHORE_CF_ONLY_DIAGNOSTIC_NOT_SELECTED
2040,High,CNOR,WIND_OFFSHORE,4,CNOR__RC4__C03,798.3297631010003,0.2704082638983283,798.3297631010003,99.77140469887074,False,99.77140469887074,OFFSHORE_CF_ONLY_DIAGNOSTIC_NOT_SELECTED
2040,High,CNOR,WIND_OFFSHORE,4,CNOR__RC4__C04,0.0,0.0,0.0,0.0,False,0.0,OFFSHORE_CF_ONLY_DIAGNOSTIC_NOT_SELECTED
2050,Slow,CNOR,WIND_OFFSHORE,4,CNOR__RC4__C01,1228.641668248912,0.111387844243804,0.0,45.395396927092555,False,45.395396927092555,OFFSHORE_CF_ONLY_DIAGNOSTIC_NOT_SELECTED
2050,Slow,CNOR,WIND_OFFSHORE,4,CNOR__RC4__C02,7558.055935739286,0.2052540454116923,0.0,514.5772791259761,False,514.5772791259761,OFFSHORE_CF_ONLY_DIAGNOSTIC_NOT_SELECTED
2050,Slow,CNOR,WIND_OFFSHORE,4,CNOR__RC4__C03,798.3297631010003,0.2704082638983283,631.578947368,71.60627131493125,False,71.60627131493125,OFFSHORE_CF_ONLY_DIAGNOSTIC_NOT_SELECTED
2050,Slow,CNOR,WIND_OFFSHORE,4,CNOR__RC4__C04,0.0,0.0,0.0,0.0,False,0.0,OFFSHORE_CF_ONLY_DIAGNOSTIC_NOT_SELECTED
2050,Base,CNOR,WIND_OFFSHORE,4,CNOR__RC4__C01,1228.641668248912,0.111387844243804,0.0,56.74424615893758,False,56.74424615893758,OFFSHORE_CF_ONLY_DIAGNOSTIC_NOT_SELECTED
2050,Base,CNOR,WIND_OFFSHORE,4,CNOR__RC4__C02,7558.055935739286,0.2052540454116923,0.0,643.2215989082849,False,643.2215989082849,OFFSHORE_CF_ONLY_DIAGNOSTIC_NOT_SELECTED
2050,Base,CNOR,WIND_OFFSHORE,4,CNOR__RC4__C03,798.3297631010003,0.2704082638983283,789.473684211,89.50783914377745,False,89.50783914377745,OFFSHORE_CF_ONLY_DIAGNOSTIC_NOT_SELECTED
2050,Base,CNOR,WIND_OFFSHORE,4,CNOR__RC4__C04,0.0,0.0,0.0,0.0,False,0.0,OFFSHORE_CF_ONLY_DIAGNOSTIC_NOT_SELECTED
2050,High,CNOR,WIND_OFFSHORE,4,CNOR__RC4__C01,1228.641668248912,0.111387844243804,0.0,62.41867077482415,False,62.41867077482415,OFFSHORE_CF_ONLY_DIAGNOSTIC_NOT_SELECTED
2050,High,CNOR,WIND_OFFSHORE,4,CNOR__RC4__C02,7558.055935739286,0.2052540454116923,70.0912895309998,707.543758799032,False,707.543758799032,OFFSHORE_CF_ONLY_DIAGNOSTIC_NOT_SELECTED
2050,High,CNOR,WIND_OFFSHORE,4,CNOR__RC4__C03,798.3297631010003,0.2704082638983283,798.3297631010003,98.45862305814386,False,98.45862305814386,OFFSHORE_CF_ONLY_DIAGNOSTIC_NOT_SELECTED
2050,High,CNOR,WIND_OFFSHORE,4,CNOR__RC4__C04,0.0,0.0,0.0,0.0,False,0.0,OFFSHORE_CF_ONLY_DIAGNOSTIC_NOT_SELECTED
2040,Slow,CNOR,WIND_OFFSHORE,8,CNOR__RC8__C01,277.5297272131795,0.070014115228366,0.0,6.612580738106177,False,6.612580738106177,OFFSHORE_CF_ONLY_DIAGNOSTIC_NOT_SELECTED
2040,Slow,CNOR,WIND_OFFSHORE,8,CNOR__RC8__C02,951.1119410357326,0.1186391156209469,0.0,38.40036998320755,False,38.40036998320755,OFFSHORE_CF_ONLY_DIAGNOSTIC_NOT_SELECTED
2040,Slow,CNOR,WIND_OFFSHORE,8,CNOR__RC8__C03,2834.795826482467,0.173877137542892,0.0,167.7413525790229,False,167.7413525790229,OFFSHORE_CF_ONLY_DIAGNOSTIC_NOT_SELECTED
2040,Slow,CNOR,WIND_OFFSHORE,8,CNOR__RC8__C04,4723.260109256819,0.2201072797985752,0.0,353.79536848304326,False,353.79536848304326,OFFSHORE_CF_ONLY_DIAGNOSTIC_NOT_SELECTED
2040,Slow,CNOR,WIND_OFFSHORE,8,CNOR__RC8__C05,790.0519440267606,0.2699673728483442,631.7221809257603,72.58431794820713,False,72.58431794820713,OFFSHORE_CF_ONLY_DIAGNOSTIC_NOT_SELECTED
2040,Slow,CNOR,WIND_OFFSHORE,8,CNOR__RC8__C06,8.277819074239714,0.3074193767013276,8.277819074239714,0.866010268412894,False,0.866010268412894,OFFSHORE_CF_ONLY_DIAGNOSTIC_NOT_SELECTED
2040,Slow,CNOR,WIND_OFFSHORE,8,CNOR__RC8__C07,0.0,0.0,0.0,0.0,False,0.0,OFFSHORE_CF_ONLY_DIAGNOSTIC_NOT_SELECTED
2040,Slow,CNOR,WIND_OFFSHORE,8,CNOR__RC8__C08,0.0,0.0,0.0,0.0,False,0.0,OFFSHORE_CF_ONLY_DIAGNOSTIC_NOT_SELECTED
2040,Base,CNOR,WIND_OFFSHORE,8,CNOR__RC8__C01,277.5297272131795,0.070014115228366,0.0,8.265725922632722,False,8.265725922632722,OFFSHORE_CF_ONLY_DIAGNOSTIC_NOT_SELECTED
2040,Base,CNOR,WIND_OFFSHORE,8,CNOR__RC8__C02,951.1119410357326,0.1186391156209469,0.0,48.00046247900943,False,48.00046247900943,OFFSHORE_CF_ONLY_DIAGNOSTIC_NOT_SELECTED
2040,Base,CNOR,WIND_OFFSHORE,8,CNOR__RC8__C03,2834.795826482467,0.173877137542892,0.0,209.67669072377865,False,209.67669072377865,OFFSHORE_CF_ONLY_DIAGNOSTIC_NOT_SELECTED
2040,Base,CNOR,WIND_OFFSHORE,8,CNOR__RC8__C04,4723.260109256819,0.2201072797985752,1.6702368989997467,442.24421060380416,False,442.24421060380416,OFFSHORE_CF_ONLY_DIAGNOSTIC_NOT_SELECTED
2040,Base,CNOR,WIND_OFFSHORE,8,CNOR__RC8__C05,790.0519440267606,0.2699673728483442,790.0519440267606,90.73039743525891,False,90.73039743525891,OFFSHORE_CF_ONLY_DIAGNOSTIC_NOT_SELECTED
2040,Base,CNOR,WIND_OFFSHORE,8,CNOR__RC8__C06,8.277819074239714,0.3074193767013276,8.277819074239714,1.0825128355161175,False,1.0825128355161175,OFFSHORE_CF_ONLY_DIAGNOSTIC_NOT_SELECTED
2040,Base,CNOR,WIND_OFFSHORE,8,CNOR__RC8__C07,0.0,0.0,0.0,0.0,False,0.0,OFFSHORE_CF_ONLY_DIAGNOSTIC_NOT_SELECTED
2040,Base,CNOR,WIND_OFFSHORE,8,CNOR__RC8__C08,0.0,0.0,0.0,0.0,False,0.0,OFFSHORE_CF_ONLY_DIAGNOSTIC_NOT_SELECTED
2040,High,CNOR,WIND_OFFSHORE,8,CNOR__RC8__C01,277.5297272131795,0.070014115228366,0.0,9.092298514895994,False,9.092298514895994,OFFSHORE_CF_ONLY_DIAGNOSTIC_NOT_SELECTED
2040,High,CNOR,WIND_OFFSHORE,8,CNOR__RC8__C02,951.1119410357326,0.1186391156209469,0.0,52.80050872691037,False,52.80050872691037,OFFSHORE_CF_ONLY_DIAGNOSTIC_NOT_SELECTED
2040,High,CNOR,WIND_OFFSHORE,8,CNOR__RC8__C03,2834.795826482467,0.173877137542892,0.0,230.64435979615646,False,230.64435979615646,OFFSHORE_CF_ONLY_DIAGNOSTIC_NOT_SELECTED
2040,High,CNOR,WIND_OFFSHORE,8,CNOR__RC8__C04,4723.260109256819,0.2201072797985752,81.67023689899975,486.46863166418456,False,486.46863166418456,OFFSHORE_CF_ONLY_DIAGNOSTIC_NOT_SELECTED
2040,High,CNOR,WIND_OFFSHORE,8,CNOR__RC8__C05,790.0519440267606,0.2699673728483442,790.0519440267606,99.80343717878479,False,99.80343717878479,OFFSHORE_CF_ONLY_DIAGNOSTIC_NOT_SELECTED
2040,High,CNOR,WIND_OFFSHORE,8,CNOR__RC8__C06,8.277819074239714,0.3074193767013276,8.277819074239714,1.1907641190677294,False,1.1907641190677294,OFFSHORE_CF_ONLY_DIAGNOSTIC_NOT_SELECTED
2040,High,CNOR,WIND_OFFSHORE,8,CNOR__RC8__C07,0.0,0.0,0.0,0.0,False,0.0,OFFSHORE_CF_ONLY_DIAGNOSTIC_NOT_SELECTED
2040,High,CNOR,WIND_OFFSHORE,8,CNOR__RC8__C08,0.0,0.0,0.0,0.0,False,0.0,OFFSHORE_CF_ONLY_DIAGNOSTIC_NOT_SELECTED
2050,Slow,CNOR,WIND_OFFSHORE,8,CNOR__RC8__C01,277.5297272131795,0.070014115228366,0.0,6.525573096810956,False,6.525573096810956,OFFSHORE_CF_ONLY_DIAGNOSTIC_NOT_SELECTED
2050,Slow,CNOR,WIND_OFFSHORE,8,CNOR__RC8__C02,951.1119410357326,0.1186391156209469,0.0,37.89510195708744,False,37.89510195708744,OFFSHORE_CF_ONLY_DIAGNOSTIC_NOT_SELECTED
2050,Slow,CNOR,WIND_OFFSHORE,8,CNOR__RC8__C03,2834.795826482467,0.173877137542892,0.0,165.53422951866222,False,165.53422951866222,OFFSHORE_CF_ONLY_DIAGNOSTIC_NOT_SELECTED
2050,Slow,CNOR,WIND_OFFSHORE,8,CNOR__RC8__C04,4723.260109256819,0.2201072797985752,0.0,349.14016626592837,False,349.14016626592837,OFFSHORE_CF_ONLY_DIAGNOSTIC_NOT_SELECTED
2050,Slow,CNOR,WIND_OFFSHORE,8,CNOR__RC8__C05,790.0519440267606,0.2699673728483442,623.3011282937603,71.62926113305137,False,71.62926113305137,OFFSHORE_CF_ONLY_DIAGNOSTIC_NOT_SELECTED
2050,Slow,CNOR,WIND_OFFSHORE,8,CNOR__RC8__C06,8.277819074239714,0.3074193767013276,8.277819074239714,0.854615396459523,False,0.854615396459523,OFFSHORE_CF_ONLY_DIAGNOSTIC_NOT_SELECTED
2050,Slow,CNOR,WIND_OFFSHORE,8,CNOR__RC8__C07,0.0,0.0,0.0,0.0,False,0.0,OFFSHORE_CF_ONLY_DIAGNOSTIC_NOT_SELECTED
2050,Slow,CNOR,WIND_OFFSHORE,8,CNOR__RC8__C08,0.0,0.0,0.0,0.0,False,0.0,OFFSHORE_CF_ONLY_DIAGNOSTIC_NOT_SELECTED
2050,Base,CNOR,WIND_OFFSHORE,8,CNOR__RC8__C01,277.5297272131795,0.070014115228366,0.0,8.156966371024028,False,8.156966371024028,OFFSHORE_CF_ONLY_DIAGNOSTIC_NOT_SELECTED
2050,Base,CNOR,WIND_OFFSHORE,8,CNOR__RC8__C02,951.1119410357326,0.1186391156209469,0.0,47.368877446419305,False,47.368877446419305,OFFSHORE_CF_ONLY_DIAGNOSTIC_NOT_SELECTED
2050,Base,CNOR,WIND_OFFSHORE,8,CNOR__RC8__C03,2834.795826482467,0.173877137542892,0.0,206.9177868985899,False,206.9177868985899,OFFSHORE_CF_ONLY_DIAGNOSTIC_NOT_SELECTED
2050,Base,CNOR,WIND_OFFSHORE,8,CNOR__RC8__C04,4723.260109256819,0.2201072797985752,0.0,436.42520783296334,False,436.42520783296334,OFFSHORE_CF_ONLY_DIAGNOSTIC_NOT_SELECTED
2050,Base,CNOR,WIND_OFFSHORE,8,CNOR__RC8__C05,790.0519440267606,0.2699673728483442,781.1958651367603,89.53657641642765,False,89.53657641642765,OFFSHORE_CF_ONLY_DIAGNOSTIC_NOT_SELECTED
2050,Base,CNOR,WIND_OFFSHORE,8,CNOR__RC8__C06,8.277819074239714,0.3074193767013276,8.277819074239714,1.068269245575757,False,1.068269245575757,OFFSHORE_CF_ONLY_DIAGNOSTIC_NOT_SELECTED
2050,Base,CNOR,WIND_OFFSHORE,8,CNOR__RC8__C07,0.0,0.0,0.0,0.0,False,0.0,OFFSHORE_CF_ONLY_DIAGNOSTIC_NOT_SELECTED
2050,Base,CNOR,WIND_OFFSHORE,8,CNOR__RC8__C08,0.0,0.0,0.0,0.0,False,0.0,OFFSHORE_CF_ONLY_DIAGNOSTIC_NOT_SELECTED
2050,High,CNOR,WIND_OFFSHORE,8,CNOR__RC8__C01,277.5297272131795,0.070014115228366,0.0,8.972663008125398,False,8.972663008125398,OFFSHORE_CF_ONLY_DIAGNOSTIC_NOT_SELECTED
2050,High,CNOR,WIND_OFFSHORE,8,CNOR__RC8__C02,951.1119410357326,0.1186391156209469,0.0,52.10576519105524,False,52.10576519105524,OFFSHORE_CF_ONLY_DIAGNOSTIC_NOT_SELECTED
2050,High,CNOR,WIND_OFFSHORE,8,CNOR__RC8__C03,2834.795826482467,0.173877137542892,0.0,227.6095655884227,False,227.6095655884227,OFFSHORE_CF_ONLY_DIAGNOSTIC_NOT_SELECTED
2050,High,CNOR,WIND_OFFSHORE,8,CNOR__RC8__C04,4723.260109256819,0.2201072797985752,70.0912895309998,480.06772861620436,False,480.06772861620436,OFFSHORE_CF_ONLY_DIAGNOSTIC_NOT_SELECTED
2050,High,CNOR,WIND_OFFSHORE,8,CNOR__RC8__C05,790.0519440267606,0.2699673728483442,790.0519440267606,98.49023405805907,False,98.49023405805907,OFFSHORE_CF_ONLY_DIAGNOSTIC_NOT_SELECTED
2050,High,CNOR,WIND_OFFSHORE,8,CNOR__RC8__C06,8.277819074239714,0.3074193767013276,8.277819074239714,1.1750961701331972,False,1.1750961701331972,OFFSHORE_CF_ONLY_DIAGNOSTIC_NOT_SELECTED
2050,High,CNOR,WIND_OFFSHORE,8,CNOR__RC8__C07,0.0,0.0,0.0,0.0,False,0.0,OFFSHORE_CF_ONLY_DIAGNOSTIC_NOT_SELECTED
2050,High,CNOR,WIND_OFFSHORE,8,CNOR__RC8__C08,0.0,0.0,0.0,0.0,False,0.0,OFFSHORE_CF_ONLY_DIAGNOSTIC_NOT_SELECTED
2040,Slow,CSUD,WIND_OFFSHORE,1,CSUD__RC1__C01,7984.249130426506,0.1953651247356301,1280.0,1280.0,False,1280.0,OFFSHORE_CF_ONLY_DIAGNOSTIC_NOT_SELECTED
2040,Base,CSUD,WIND_OFFSHORE,1,CSUD__RC1__C01,7984.249130426506,0.1953651247356301,1600.0,1600.0,False,1600.0,OFFSHORE_CF_ONLY_DIAGNOSTIC_NOT_SELECTED
2040,High,CSUD,WIND_OFFSHORE,1,CSUD__RC1__C01,7984.249130426506,0.1953651247356301,1760.0,1760.0,False,1760.0,OFFSHORE_CF_ONLY_DIAGNOSTIC_NOT_SELECTED
2050,Slow,CSUD,WIND_OFFSHORE,1,CSUD__RC1__C01,7984.249130426506,0.1953651247356301,1263.157894737,1263.157894737,False,1263.157894737,OFFSHORE_CF_ONLY_DIAGNOSTIC_NOT_SELECTED
2050,Base,CSUD,WIND_OFFSHORE,1,CSUD__RC1__C01,7984.249130426506,0.1953651247356301,1578.947368421,1578.947368421,False,1578.947368421,OFFSHORE_CF_ONLY_DIAGNOSTIC_NOT_SELECTED
2050,High,CSUD,WIND_OFFSHORE,1,CSUD__RC1__C01,7984.249130426506,0.1953651247356301,1736.842105263,1736.8421052629997,False,1736.8421052629997,OFFSHORE_CF_ONLY_DIAGNOSTIC_NOT_SELECTED
2040,Slow,CSUD,WIND_OFFSHORE,4,CSUD__RC4__C01,2409.183158012597,0.098150422349536,0.0,217.01308452700772,False,217.01308452700772,OFFSHORE_CF_ONLY_DIAGNOSTIC_NOT_SELECTED
2040,Slow,CSUD,WIND_OFFSHORE,4,CSUD__RC4__C02,4066.122054114093,0.184927944412483,0.0,690.0918235382228,False,690.0918235382228,OFFSHORE_CF_ONLY_DIAGNOSTIC_NOT_SELECTED
2040,Slow,CSUD,WIND_OFFSHORE,4,CSUD__RC4__C03,1508.9439182998158,0.2692710349270221,1280.0,372.89509193476954,False,372.89509193476954,OFFSHORE_CF_ONLY_DIAGNOSTIC_NOT_SELECTED
2040,Slow,CSUD,WIND_OFFSHORE,4,CSUD__RC4__C04,0.0,0.0,0.0,0.0,False,0.0,OFFSHORE_CF_ONLY_DIAGNOSTIC_NOT_SELECTED
2040,Base,CSUD,WIND_OFFSHORE,4,CSUD__RC4__C01,2409.183158012597,0.098150422349536,0.0,271.26635565875966,False,271.26635565875966,OFFSHORE_CF_ONLY_DIAGNOSTIC_NOT_SELECTED
2040,Base,CSUD,WIND_OFFSHORE,4,CSUD__RC4__C02,4066.122054114093,0.184927944412483,91.05608170018422,862.6147794227784,False,862.6147794227784,OFFSHORE_CF_ONLY_DIAGNOSTIC_NOT_SELECTED
2040,Base,CSUD,WIND_OFFSHORE,4,CSUD__RC4__C03,1508.9439182998158,0.2692710349270221,1508.9439182998158,466.11886491846195,False,466.11886491846195,OFFSHORE_CF_ONLY_DIAGNOSTIC_NOT_SELECTED
2040,Base,CSUD,WIND_OFFSHORE,4,CSUD__RC4__C04,0.0,0.0,0.0,0.0,False,0.0,OFFSHORE_CF_ONLY_DIAGNOSTIC_NOT_SELECTED
2040,High,CSUD,WIND_OFFSHORE,4,CSUD__RC4__C01,2409.183158012597,0.098150422349536,0.0,298.39299122463564,False,298.39299122463564,OFFSHORE_CF_ONLY_DIAGNOSTIC_NOT_SELECTED
2040,High,CSUD,WIND_OFFSHORE,4,CSUD__RC4__C02,4066.122054114093,0.184927944412483,251.05608170018422,948.8762573650563,False,948.8762573650563,OFFSHORE_CF_ONLY_DIAGNOSTIC_NOT_SELECTED
2040,High,CSUD,WIND_OFFSHORE,4,CSUD__RC4__C03,1508.9439182998158,0.2692710349270221,1508.9439182998158,512.7307514103082,False,512.7307514103082,OFFSHORE_CF_ONLY_DIAGNOSTIC_NOT_SELECTED
2040,High,CSUD,WIND_OFFSHORE,4,CSUD__RC4__C04,0.0,0.0,0.0,0.0,False,0.0,OFFSHORE_CF_ONLY_DIAGNOSTIC_NOT_SELECTED
2050,Slow,CSUD,WIND_OFFSHORE,4,CSUD__RC4__C01,2409.183158012597,0.098150422349536,0.0,214.15764920431076,False,214.15764920431076,OFFSHORE_CF_ONLY_DIAGNOSTIC_NOT_SELECTED
2050,Slow,CSUD,WIND_OFFSHORE,4,CSUD__RC4__C02,4066.122054114093,0.184927944412483,0.0,681.0116679654367,False,681.0116679654367,OFFSHORE_CF_ONLY_DIAGNOSTIC_NOT_SELECTED
2050,Slow,CSUD,WIND_OFFSHORE,4,CSUD__RC4__C03,1508.9439182998158,0.2692710349270221,1263.157894737,367.98857756725283,False,367.98857756725283,OFFSHORE_CF_ONLY_DIAGNOSTIC_NOT_SELECTED
2050,Slow,CSUD,WIND_OFFSHORE,4,CSUD__RC4__C04,0.0,0.0,0.0,0.0,False,0.0,OFFSHORE_CF_ONLY_DIAGNOSTIC_NOT_SELECTED
2050,Base,CSUD,WIND_OFFSHORE,4,CSUD__RC4__C01,2409.183158012597,0.098150422349536,0.0,267.697061505346,False,267.697061505346,OFFSHORE_CF_ONLY_DIAGNOSTIC_NOT_SELECTED
2050,Base,CSUD,WIND_OFFSHORE,4,CSUD__RC4__C02,4066.122054114093,0.184927944412483,70.00345012118419,851.2645849566609,False,851.2645849566609,OFFSHORE_CF_ONLY_DIAGNOSTIC_NOT_SELECTED
2050,Base,CSUD,WIND_OFFSHORE,4,CSUD__RC4__C03,1508.9439182998158,0.2692710349270221,1508.9439182998158,459.98572195899317,False,459.98572195899317,OFFSHORE_CF_ONLY_DIAGNOSTIC_NOT_SELECTED
2050,Base,CSUD,WIND_OFFSHORE,4,CSUD__RC4__C04,0.0,0.0,0.0,0.0,False,0.0,OFFSHORE_CF_ONLY_DIAGNOSTIC_NOT_SELECTED
2050,High,CSUD,WIND_OFFSHORE,4,CSUD__RC4__C01,2409.183158012597,0.098150422349536,0.0,294.46676765586363,False,294.46676765586363,OFFSHORE_CF_ONLY_DIAGNOSTIC_NOT_SELECTED
2050,High,CSUD,WIND_OFFSHORE,4,CSUD__RC4__C02,4066.122054114093,0.184927944412483,227.89818696318412,936.391043452273,False,936.391043452273,OFFSHORE_CF_ONLY_DIAGNOSTIC_NOT_SELECTED
2050,High,CSUD,WIND_OFFSHORE,4,CSUD__RC4__C03,1508.9439182998158,0.2692710349270221,1508.9439182998158,505.98429415486333,False,505.98429415486333,OFFSHORE_CF_ONLY_DIAGNOSTIC_NOT_SELECTED
2050,High,CSUD,WIND_OFFSHORE,4,CSUD__RC4__C04,0.0,0.0,0.0,0.0,False,0.0,OFFSHORE_CF_ONLY_DIAGNOSTIC_NOT_SELECTED
2040,Slow,CSUD,WIND_OFFSHORE,8,CSUD__RC8__C01,234.981297287637,0.0666567807084604,0.0,14.557441639487907,False,14.557441639487907,OFFSHORE_CF_ONLY_DIAGNOSTIC_NOT_SELECTED
2040,Slow,CSUD,WIND_OFFSHORE,8,CSUD__RC8__C02,2174.20186072496,0.1004668080368916,0.0,203.01582537730616,False,203.01582537730616,OFFSHORE_CF_ONLY_DIAGNOSTIC_NOT_SELECTED
2040,Slow,CSUD,WIND_OFFSHORE,8,CSUD__RC8__C03,2235.936170582981,0.1585738859358502,0.0,329.5326843884605,False,329.5326843884605,OFFSHORE_CF_ONLY_DIAGNOSTIC_NOT_SELECTED
2040,Slow,CSUD,WIND_OFFSHORE,8,CSUD__RC8__C04,1830.1858835311111,0.2092938092307607,0.0,356.0073868520583,False,356.0073868520583,OFFSHORE_CF_ONLY_DIAGNOSTIC_NOT_SELECTED
2040,Slow,CSUD,WIND_OFFSHORE,8,CSUD__RC8__C05,1299.7271242675126,0.2637473838125974,1070.783205967697,318.60146503964467,False,318.60146503964467,OFFSHORE_CF_ONLY_DIAGNOSTIC_NOT_SELECTED
2040,Slow,CSUD,WIND_OFFSHORE,8,CSUD__RC8__C06,209.21679403230303,0.2997466223338718,209.21679403230303,58.285196703042494,False,58.285196703042494,OFFSHORE_CF_ONLY_DIAGNOSTIC_NOT_SELECTED
2040,Slow,CSUD,WIND_OFFSHORE,8,CSUD__RC8__C07,0.0,0.0,0.0,0.0,False,0.0,OFFSHORE_CF_ONLY_DIAGNOSTIC_NOT_SELECTED
2040,Slow,CSUD,WIND_OFFSHORE,8,CSUD__RC8__C08,0.0,0.0,0.0,0.0,False,0.0,OFFSHORE_CF_ONLY_DIAGNOSTIC_NOT_SELECTED
2040,Base,CSUD,WIND_OFFSHORE,8,CSUD__RC8__C01,234.981297287637,0.0666567807084604,0.0,18.196802049359885,False,18.196802049359885,OFFSHORE_CF_ONLY_DIAGNOSTIC_NOT_SELECTED
2040,Base,CSUD,WIND_OFFSHORE,8,CSUD__RC8__C02,2174.20186072496,0.1004668080368916,0.0,253.76978172163268,False,253.76978172163268,OFFSHORE_CF_ONLY_DIAGNOSTIC_NOT_SELECTED
2040,Base,CSUD,WIND_OFFSHORE,8,CSUD__RC8__C03,2235.936170582981,0.1585738859358502,0.0,411.9158554855756,False,411.9158554855756,OFFSHORE_CF_ONLY_DIAGNOSTIC_NOT_SELECTED
2040,Base,CSUD,WIND_OFFSHORE,8,CSUD__RC8__C04,1830.1858835311111,0.2092938092307607,91.05608170018445,445.00923356507286,False,445.00923356507286,OFFSHORE_CF_ONLY_DIAGNOSTIC_NOT_SELECTED
2040,Base,CSUD,WIND_OFFSHORE,8,CSUD__RC8__C05,1299.7271242675126,0.2637473838125974,1299.7271242675126,398.2518312995559,False,398.2518312995559,OFFSHORE_CF_ONLY_DIAGNOSTIC_NOT_SELECTED
2040,Base,CSUD,WIND_OFFSHORE,8,CSUD__RC8__C06,209.21679403230303,0.2997466223338718,209.21679403230303,72.8564958788031,False,72.8564958788031,OFFSHORE_CF_ONLY_DIAGNOSTIC_NOT_SELECTED
2040,Base,CSUD,WIND_OFFSHORE,8,CSUD__RC8__C07,0.0,0.0,0.0,0.0,False,0.0,OFFSHORE_CF_ONLY_DIAGNOSTIC_NOT_SELECTED
2040,Base,CSUD,WIND_OFFSHORE,8,CSUD__RC8__C08,0.0,0.0,0.0,0.0,False,0.0,OFFSHORE_CF_ONLY_DIAGNOSTIC_NOT_SELECTED
2040,High,CSUD,WIND_OFFSHORE,8,CSUD__RC8__C01,234.981297287637,0.0666567807084604,0.0,20.016482254295873,False,20.016482254295873,OFFSHORE_CF_ONLY_DIAGNOSTIC_NOT_SELECTED
2040,High,CSUD,WIND_OFFSHORE,8,CSUD__RC8__C02,2174.20186072496,0.1004668080368916,0.0,279.14675989379595,False,279.14675989379595,OFFSHORE_CF_ONLY_DIAGNOSTIC_NOT_SELECTED
2040,High,CSUD,WIND_OFFSHORE,8,CSUD__RC8__C03,2235.936170582981,0.1585738859358502,0.0,453.1074410341332,False,453.1074410341332,OFFSHORE_CF_ONLY_DIAGNOSTIC_NOT_SELECTED
2040,High,CSUD,WIND_OFFSHORE,8,CSUD__RC8__C04,1830.1858835311111,0.2092938092307607,251.05608170018445,489.5101569215801,False,489.5101569215801,OFFSHORE_CF_ONLY_DIAGNOSTIC_NOT_SELECTED
2040,High,CSUD,WIND_OFFSHORE,8,CSUD__RC8__C05,1299.7271242675126,0.2637473838125974,1299.7271242675126,438.0770144295114,False,438.0770144295114,OFFSHORE_CF_ONLY_DIAGNOSTIC_NOT_SELECTED
2040,High,CSUD,WIND_OFFSHORE,8,CSUD__RC8__C06,209.21679403230303,0.2997466223338718,209.21679403230303,80.14214546668343,False,80.14214546668343,OFFSHORE_CF_ONLY_DIAGNOSTIC_NOT_SELECTED
2040,High,CSUD,WIND_OFFSHORE,8,CSUD__RC8__C07,0.0,0.0,0.0,0.0,False,0.0,OFFSHORE_CF_ONLY_DIAGNOSTIC_NOT_SELECTED
2040,High,CSUD,WIND_OFFSHORE,8,CSUD__RC8__C08,0.0,0.0,0.0,0.0,False,0.0,OFFSHORE_CF_ONLY_DIAGNOSTIC_NOT_SELECTED
2050,Slow,CSUD,WIND_OFFSHORE,8,CSUD__RC8__C01,234.981297287637,0.0666567807084604,0.0,14.3658963547596,False,14.3658963547596,OFFSHORE_CF_ONLY_DIAGNOSTIC_NOT_SELECTED
2050,Slow,CSUD,WIND_OFFSHORE,8,CSUD__RC8__C02,2174.20186072496,0.1004668080368916,0.0,200.34456451710352,False,200.34456451710352,OFFSHORE_CF_ONLY_DIAGNOSTIC_NOT_SELECTED
2050,Slow,CSUD,WIND_OFFSHORE,8,CSUD__RC8__C03,2235.936170582981,0.1585738859358502,0.0,325.1967280149688,False,325.1967280149688,OFFSHORE_CF_ONLY_DIAGNOSTIC_NOT_SELECTED
2050,Slow,CSUD,WIND_OFFSHORE,8,CSUD__RC8__C04,1830.1858835311111,0.2092938092307607,0.0,351.3230791303646,False,351.3230791303646,OFFSHORE_CF_ONLY_DIAGNOSTIC_NOT_SELECTED
2050,Slow,CSUD,WIND_OFFSHORE,8,CSUD__RC8__C05,1299.7271242675126,0.2637473838125974,1053.941100704697,314.40934049968865,False,314.40934049968865,OFFSHORE_CF_ONLY_DIAGNOSTIC_NOT_SELECTED
2050,Slow,CSUD,WIND_OFFSHORE,8,CSUD__RC8__C06,209.21679403230303,0.2997466223338718,209.21679403230303,57.51828622011491,False,57.51828622011491,OFFSHORE_CF_ONLY_DIAGNOSTIC_NOT_SELECTED
2050,Slow,CSUD,WIND_OFFSHORE,8,CSUD__RC8__C07,0.0,0.0,0.0,0.0,False,0.0,OFFSHORE_CF_ONLY_DIAGNOSTIC_NOT_SELECTED
2050,Slow,CSUD,WIND_OFFSHORE,8,CSUD__RC8__C08,0.0,0.0,0.0,0.0,False,0.0,OFFSHORE_CF_ONLY_DIAGNOSTIC_NOT_SELECTED
2050,Base,CSUD,WIND_OFFSHORE,8,CSUD__RC8__C01,234.981297287637,0.0666567807084604,0.0,17.957370443446656,False,17.957370443446656,OFFSHORE_CF_ONLY_DIAGNOSTIC_NOT_SELECTED
2050,Base,CSUD,WIND_OFFSHORE,8,CSUD__RC8__C02,2174.20186072496,0.1004668080368916,0.0,250.43070564633967,False,250.43070564633967,OFFSHORE_CF_ONLY_DIAGNOSTIC_NOT_SELECTED
2050,Base,CSUD,WIND_OFFSHORE,8,CSUD__RC8__C03,2235.936170582981,0.1585738859358502,0.0,406.4959100186466,False,406.4959100186466,OFFSHORE_CF_ONLY_DIAGNOSTIC_NOT_SELECTED
2050,Base,CSUD,WIND_OFFSHORE,8,CSUD__RC8__C04,1830.1858835311111,0.2092938092307607,70.00345012118419,439.1538489128862,False,439.1538489128862,OFFSHORE_CF_ONLY_DIAGNOSTIC_NOT_SELECTED
2050,Base,CSUD,WIND_OFFSHORE,8,CSUD__RC8__C05,1299.7271242675126,0.2637473838125974,1299.7271242675126,393.0116756245485,False,393.0116756245485,OFFSHORE_CF_ONLY_DIAGNOSTIC_NOT_SELECTED
2050,Base,CSUD,WIND_OFFSHORE,8,CSUD__RC8__C06,209.21679403230303,0.2997466223338718,209.21679403230303,71.89785777513225,False,71.89785777513225,OFFSHORE_CF_ONLY_DIAGNOSTIC_NOT_SELECTED
2050,Base,CSUD,WIND_OFFSHORE,8,CSUD__RC8__C07,0.0,0.0,0.0,0.0,False,0.0,OFFSHORE_CF_ONLY_DIAGNOSTIC_NOT_SELECTED
2050,Base,CSUD,WIND_OFFSHORE,8,CSUD__RC8__C08,0.0,0.0,0.0,0.0,False,0.0,OFFSHORE_CF_ONLY_DIAGNOSTIC_NOT_SELECTED
2050,High,CSUD,WIND_OFFSHORE,8,CSUD__RC8__C01,234.981297287637,0.0666567807084604,0.0,19.753107487790185,False,19.753107487790185,OFFSHORE_CF_ONLY_DIAGNOSTIC_NOT_SELECTED
2050,High,CSUD,WIND_OFFSHORE,8,CSUD__RC8__C02,2174.20186072496,0.1004668080368916,0.0,275.4737762109578,False,275.4737762109578,OFFSHORE_CF_ONLY_DIAGNOSTIC_NOT_SELECTED
2050,High,CSUD,WIND_OFFSHORE,8,CSUD__RC8__C03,2235.936170582981,0.1585738859358502,0.0,447.14550102048554,False,447.14550102048554,OFFSHORE_CF_ONLY_DIAGNOSTIC_NOT_SELECTED
2050,High,CSUD,WIND_OFFSHORE,8,CSUD__RC8__C04,1830.1858835311111,0.2092938092307607,227.89818696318412,483.06923380414696,False,483.06923380414696,OFFSHORE_CF_ONLY_DIAGNOSTIC_NOT_SELECTED
2050,High,CSUD,WIND_OFFSHORE,8,CSUD__RC8__C05,1299.7271242675126,0.2637473838125974,1299.7271242675126,432.3128431869785,False,432.3128431869785,OFFSHORE_CF_ONLY_DIAGNOSTIC_NOT_SELECTED
2050,High,CSUD,WIND_OFFSHORE,8,CSUD__RC8__C06,209.21679403230303,0.2997466223338718,209.21679403230303,79.08764355264093,False,79.08764355264093,OFFSHORE_CF_ONLY_DIAGNOSTIC_NOT_SELECTED
2050,High,CSUD,WIND_OFFSHORE,8,CSUD__RC8__C07,0.0,0.0,0.0,0.0,False,0.0,OFFSHORE_CF_ONLY_DIAGNOSTIC_NOT_SELECTED
2050,High,CSUD,WIND_OFFSHORE,8,CSUD__RC8__C08,0.0,0.0,0.0,0.0,False,0.0,OFFSHORE_CF_ONLY_DIAGNOSTIC_NOT_SELECTED
2040,Slow,SUD,WIND_OFFSHORE,1,SUD__RC1__C01,8320.077902713838,0.27805105472951,3760.0,3760.0,False,3760.0,OFFSHORE_CF_ONLY_DIAGNOSTIC_NOT_SELECTED
2040,Base,SUD,WIND_OFFSHORE,1,SUD__RC1__C01,8320.077902713838,0.27805105472951,4700.0,4700.0,False,4700.0,OFFSHORE_CF_ONLY_DIAGNOSTIC_NOT_SELECTED
2040,High,SUD,WIND_OFFSHORE,1,SUD__RC1__C01,8320.077902713838,0.27805105472951,5170.0,5170.0,False,5170.0,OFFSHORE_CF_ONLY_DIAGNOSTIC_NOT_SELECTED
2050,Slow,SUD,WIND_OFFSHORE,1,SUD__RC1__C01,8320.077902713838,0.27805105472951,3710.526315789,3710.5263157890004,False,3710.5263157890004,OFFSHORE_CF_ONLY_DIAGNOSTIC_NOT_SELECTED
2050,Base,SUD,WIND_OFFSHORE,1,SUD__RC1__C01,8320.077902713838,0.27805105472951,4638.157894737,4638.157894737,False,4638.157894737,OFFSHORE_CF_ONLY_DIAGNOSTIC_NOT_SELECTED
2050,High,SUD,WIND_OFFSHORE,1,SUD__RC1__C01,8320.077902713838,0.27805105472951,5101.973684211,5101.973684211,False,5101.973684211,OFFSHORE_CF_ONLY_DIAGNOSTIC_NOT_SELECTED
2040,Slow,SUD,WIND_OFFSHORE,4,SUD__RC4__C01,259.5885593366675,0.0757421456735962,0.0,33.271508346255864,False,33.271508346255864,OFFSHORE_CF_ONLY_DIAGNOSTIC_NOT_SELECTED
2040,Slow,SUD,WIND_OFFSHORE,4,SUD__RC4__C02,987.4186067717002,0.1842288945189784,0.0,307.828191271131,False,307.828191271131,OFFSHORE_CF_ONLY_DIAGNOSTIC_NOT_SELECTED
2040,Slow,SUD,WIND_OFFSHORE,4,SUD__RC4__C03,5846.67871222434,0.2734817001912932,2533.6079756188706,2705.744833952326,False,2705.744833952326,OFFSHORE_CF_ONLY_DIAGNOSTIC_NOT_SELECTED
2040,Slow,SUD,WIND_OFFSHORE,4,SUD__RC4__C04,1226.3920243811294,0.3436414637769541,1226.3920243811294,713.1554664302872,False,713.1554664302872,OFFSHORE_CF_ONLY_DIAGNOSTIC_NOT_SELECTED
2040,Base,SUD,WIND_OFFSHORE,4,SUD__RC4__C01,259.5885593366675,0.0757421456735962,0.0,41.58938543281983,False,41.58938543281983,OFFSHORE_CF_ONLY_DIAGNOSTIC_NOT_SELECTED
2040,Base,SUD,WIND_OFFSHORE,4,SUD__RC4__C02,987.4186067717002,0.1842288945189784,0.0,384.7852390889138,False,384.7852390889138,OFFSHORE_CF_ONLY_DIAGNOSTIC_NOT_SELECTED
2040,Base,SUD,WIND_OFFSHORE,4,SUD__RC4__C03,5846.67871222434,0.2734817001912932,3473.6079756188706,3382.1810424404075,False,3382.1810424404075,OFFSHORE_CF_ONLY_DIAGNOSTIC_NOT_SELECTED
2040,Base,SUD,WIND_OFFSHORE,4,SUD__RC4__C04,1226.3920243811294,0.3436414637769541,1226.3920243811294,891.4443330378589,False,891.4443330378589,OFFSHORE_CF_ONLY_DIAGNOSTIC_NOT_SELECTED
2040,High,SUD,WIND_OFFSHORE,4,SUD__RC4__C01,259.5885593366675,0.0757421456735962,0.0,45.748323976101815,False,45.748323976101815,OFFSHORE_CF_ONLY_DIAGNOSTIC_NOT_SELECTED
2040,High,SUD,WIND_OFFSHORE,4,SUD__RC4__C02,987.4186067717002,0.1842288945189784,0.0,423.2637629978052,False,423.2637629978052,OFFSHORE_CF_ONLY_DIAGNOSTIC_NOT_SELECTED
2040,High,SUD,WIND_OFFSHORE,4,SUD__RC4__C03,5846.67871222434,0.2734817001912932,3943.6079756188706,3720.399146684448,False,3720.399146684448,OFFSHORE_CF_ONLY_DIAGNOSTIC_NOT_SELECTED
2040,High,SUD,WIND_OFFSHORE,4,SUD__RC4__C04,1226.3920243811294,0.3436414637769541,1226.3920243811294,980.5887663416447,False,980.5887663416447,OFFSHORE_CF_ONLY_DIAGNOSTIC_NOT_SELECTED
2050,Slow,SUD,WIND_OFFSHORE,4,SUD__RC4__C01,259.5885593366675,0.0757421456735962,0.0,32.833725341695676,False,32.833725341695676,OFFSHORE_CF_ONLY_DIAGNOSTIC_NOT_SELECTED
2050,Slow,SUD,WIND_OFFSHORE,4,SUD__RC4__C02,987.4186067717002,0.1842288945189784,0.0,303.7778203333142,False,303.7778203333142,OFFSHORE_CF_ONLY_DIAGNOSTIC_NOT_SELECTED
2050,Slow,SUD,WIND_OFFSHORE,4,SUD__RC4__C03,5846.67871222434,0.2734817001912932,2484.1342914078705,2670.142928242086,False,2670.142928242086,OFFSHORE_CF_ONLY_DIAGNOSTIC_NOT_SELECTED
2050,Slow,SUD,WIND_OFFSHORE,4,SUD__RC4__C04,1226.3920243811294,0.3436414637769541,1226.3920243811294,703.771841871904,False,703.771841871904,OFFSHORE_CF_ONLY_DIAGNOSTIC_NOT_SELECTED
2050,Base,SUD,WIND_OFFSHORE,4,SUD__RC4__C01,259.5885593366675,0.0757421456735962,0.0,41.04215667712623,False,41.04215667712623,OFFSHORE_CF_ONLY_DIAGNOSTIC_NOT_SELECTED
2050,Base,SUD,WIND_OFFSHORE,4,SUD__RC4__C02,987.4186067717002,0.1842288945189784,0.0,379.7222754167041,False,379.7222754167041,OFFSHORE_CF_ONLY_DIAGNOSTIC_NOT_SELECTED
2050,Base,SUD,WIND_OFFSHORE,4,SUD__RC4__C03,5846.67871222434,0.2734817001912932,3411.7658703558704,3337.6786603031474,False,3337.6786603031474,OFFSHORE_CF_ONLY_DIAGNOSTIC_NOT_SELECTED
2050,Base,SUD,WIND_OFFSHORE,4,SUD__RC4__C04,1226.3920243811294,0.3436414637769541,1226.3920243811294,879.7148023400223,False,879.7148023400223,OFFSHORE_CF_ONLY_DIAGNOSTIC_NOT_SELECTED
2050,High,SUD,WIND_OFFSHORE,4,SUD__RC4__C01,259.5885593366675,0.0757421456735962,0.0,45.14637234484151,False,45.14637234484151,OFFSHORE_CF_ONLY_DIAGNOSTIC_NOT_SELECTED
2050,High,SUD,WIND_OFFSHORE,4,SUD__RC4__C02,987.4186067717002,0.1842288945189784,0.0,417.6945029583991,False,417.6945029583991,OFFSHORE_CF_ONLY_DIAGNOSTIC_NOT_SELECTED
2050,High,SUD,WIND_OFFSHORE,4,SUD__RC4__C03,5846.67871222434,0.2734817001912932,3875.58165982987,3671.446526333678,False,3671.446526333678,OFFSHORE_CF_ONLY_DIAGNOSTIC_NOT_SELECTED
2050,High,SUD,WIND_OFFSHORE,4,SUD__RC4__C04,1226.3920243811294,0.3436414637769541,1226.3920243811294,967.6862825740814,False,967.6862825740814,OFFSHORE_CF_ONLY_DIAGNOSTIC_NOT_SELECTED
2040,Slow,SUD,WIND_OFFSHORE,8,SUD__RC8__C01,206.8172655506885,0.0602291756665984,0.0,21.256240563069152,False,21.256240563069152,OFFSHORE_CF_ONLY_DIAGNOSTIC_NOT_SELECTED
2040,Slow,SUD,WIND_OFFSHORE,8,SUD__RC8__C02,52.77129378597902,0.1086425831538496,0.0,9.783417124857378,False,9.783417124857378,OFFSHORE_CF_ONLY_DIAGNOSTIC_NOT_SELECTED
2040,Slow,SUD,WIND_OFFSHORE,8,SUD__RC8__C03,126.4929770860617,0.1328761448632147,0.0,28.681785199413813,False,28.681785199413813,OFFSHORE_CF_ONLY_DIAGNOSTIC_NOT_SELECTED
2040,Slow,SUD,WIND_OFFSHORE,8,SUD__RC8__C04,860.9256296856385,0.1896119940302604,0.0,278.56348549899604,False,278.56348549899604,OFFSHORE_CF_ONLY_DIAGNOSTIC_NOT_SELECTED
2040,Slow,SUD,WIND_OFFSHORE,8,SUD__RC8__C05,1720.7210580293577,0.2303186704543885,0.0,676.2890628651313,False,676.2890628651313,OFFSHORE_CF_ONLY_DIAGNOSTIC_NOT_SELECTED
2040,Slow,SUD,WIND_OFFSHORE,8,SUD__RC8__C06,4125.957654194984,0.287922602475925,2533.6079756188706,2027.1844726589657,False,2027.1844726589657,OFFSHORE_CF_ONLY_DIAGNOSTIC_NOT_SELECTED
2040,Slow,SUD,WIND_OFFSHORE,8,SUD__RC8__C07,713.6904955562709,0.3332284531744944,713.6904955562709,405.83054924105335,False,405.83054924105335,OFFSHORE_CF_ONLY_DIAGNOSTIC_NOT_SELECTED
2040,Slow,SUD,WIND_OFFSHORE,8,SUD__RC8__C08,512.7015288248585,0.3570828075550327,512.7015288248585,312.41098684851363,False,312.41098684851363,OFFSHORE_CF_ONLY_DIAGNOSTIC_NOT_SELECTED
2040,Base,SUD,WIND_OFFSHORE,8,SUD__RC8__C01,206.8172655506885,0.0602291756665984,0.0,26.570300703836438,False,26.570300703836438,OFFSHORE_CF_ONLY_DIAGNOSTIC_NOT_SELECTED
2040,Base,SUD,WIND_OFFSHORE,8,SUD__RC8__C02,52.77129378597902,0.1086425831538496,0.0,12.229271406071721,False,12.229271406071721,OFFSHORE_CF_ONLY_DIAGNOSTIC_NOT_SELECTED
2040,Base,SUD,WIND_OFFSHORE,8,SUD__RC8__C03,126.4929770860617,0.1328761448632147,0.0,35.85223149926726,False,35.85223149926726,OFFSHORE_CF_ONLY_DIAGNOSTIC_NOT_SELECTED
2040,Base,SUD,WIND_OFFSHORE,8,SUD__RC8__C04,860.9256296856385,0.1896119940302604,0.0,348.20435687374504,False,348.20435687374504,OFFSHORE_CF_ONLY_DIAGNOSTIC_NOT_SELECTED
2040,Base,SUD,WIND_OFFSHORE,8,SUD__RC8__C05,1720.7210580293577,0.2303186704543885,0.0,845.3613285814141,False,845.3613285814141,OFFSHORE_CF_ONLY_DIAGNOSTIC_NOT_SELECTED
2040,Base,SUD,WIND_OFFSHORE,8,SUD__RC8__C06,4125.957654194984,0.287922602475925,3473.6079756188706,2533.980590823707,False,2533.980590823707,OFFSHORE_CF_ONLY_DIAGNOSTIC_NOT_SELECTED
2040,Base,SUD,WIND_OFFSHORE,8,SUD__RC8__C07,713.6904955562709,0.3332284531744944,713.6904955562709,507.28818655131664,False,507.28818655131664,OFFSHORE_CF_ONLY_DIAGNOSTIC_NOT_SELECTED
2040,Base,SUD,WIND_OFFSHORE,8,SUD__RC8__C08,512.7015288248585,0.3570828075550327,512.7015288248585,390.51373356064204,False,390.51373356064204,OFFSHORE_CF_ONLY_DIAGNOSTIC_NOT_SELECTED
2040,High,SUD,WIND_OFFSHORE,8,SUD__RC8__C01,206.8172655506885,0.0602291756665984,0.0,29.227330774220082,False,29.227330774220082,OFFSHORE_CF_ONLY_DIAGNOSTIC_NOT_SELECTED
2040,High,SUD,WIND_OFFSHORE,8,SUD__RC8__C02,52.77129378597902,0.1086425831538496,0.0,13.452198546678893,False,13.452198546678893,OFFSHORE_CF_ONLY_DIAGNOSTIC_NOT_SELECTED
2040,High,SUD,WIND_OFFSHORE,8,SUD__RC8__C03,126.4929770860617,0.1328761448632147,0.0,39.43745464919399,False,39.43745464919399,OFFSHORE_CF_ONLY_DIAGNOSTIC_NOT_SELECTED
2040,High,SUD,WIND_OFFSHORE,8,SUD__RC8__C04,860.9256296856385,0.1896119940302604,0.0,383.02479256111957,False,383.02479256111957,OFFSHORE_CF_ONLY_DIAGNOSTIC_NOT_SELECTED
2040,High,SUD,WIND_OFFSHORE,8,SUD__RC8__C05,1720.7210580293577,0.2303186704543885,0.0,929.8974614395556,False,929.8974614395556,OFFSHORE_CF_ONLY_DIAGNOSTIC_NOT_SELECTED
2040,High,SUD,WIND_OFFSHORE,8,SUD__RC8__C06,4125.957654194984,0.287922602475925,3943.6079756188706,2787.3786499060775,False,2787.3786499060775,OFFSHORE_CF_ONLY_DIAGNOSTIC_NOT_SELECTED
2040,High,SUD,WIND_OFFSHORE,8,SUD__RC8__C07,713.6904955562709,0.3332284531744944,713.6904955562709,558.0170052064484,False,558.0170052064484,OFFSHORE_CF_ONLY_DIAGNOSTIC_NOT_SELECTED
2040,High,SUD,WIND_OFFSHORE,8,SUD__RC8__C08,512.7015288248585,0.3570828075550327,512.7015288248585,429.56510691670627,False,429.56510691670627,OFFSHORE_CF_ONLY_DIAGNOSTIC_NOT_SELECTED
2050,Slow,SUD,WIND_OFFSHORE,8,SUD__RC8__C01,206.8172655506885,0.0602291756665984,0.0,20.976553187236615,False,20.976553187236615,OFFSHORE_CF_ONLY_DIAGNOSTIC_NOT_SELECTED
2050,Slow,SUD,WIND_OFFSHORE,8,SUD__RC8__C02,52.77129378597902,0.1086425831538496,0.0,9.654687952160652,False,9.654687952160652,OFFSHORE_CF_ONLY_DIAGNOSTIC_NOT_SELECTED
2050,Slow,SUD,WIND_OFFSHORE,8,SUD__RC8__C03,126.4929770860617,0.1328761448632147,0.0,28.304393288891596,False,28.304393288891596,OFFSHORE_CF_ONLY_DIAGNOSTIC_NOT_SELECTED
2050,Slow,SUD,WIND_OFFSHORE,8,SUD__RC8__C04,860.9256296856385,0.1896119940302604,0.0,274.8981764792373,False,274.8981764792373,OFFSHORE_CF_ONLY_DIAGNOSTIC_NOT_SELECTED
2050,Slow,SUD,WIND_OFFSHORE,8,SUD__RC8__C05,1720.7210580293577,0.2303186704543885,0.0,667.3905225641892,False,667.3905225641892,OFFSHORE_CF_ONLY_DIAGNOSTIC_NOT_SELECTED
2050,Slow,SUD,WIND_OFFSHORE,8,SUD__RC8__C06,4125.957654194984,0.287922602475925,2484.1342914078705,2000.5109927553028,False,2000.5109927553028,OFFSHORE_CF_ONLY_DIAGNOSTIC_NOT_SELECTED
2050,Slow,SUD,WIND_OFFSHORE,8,SUD__RC8__C07,713.6904955562709,0.3332284531744944,713.6904955562709,400.4906735930936,False,400.4906735930936,OFFSHORE_CF_ONLY_DIAGNOSTIC_NOT_SELECTED
2050,Slow,SUD,WIND_OFFSHORE,8,SUD__RC8__C08,512.7015288248585,0.3570828075550327,512.7015288248585,308.3003159688886,False,308.3003159688886,OFFSHORE_CF_ONLY_DIAGNOSTIC_NOT_SELECTED
2050,Base,SUD,WIND_OFFSHORE,8,SUD__RC8__C01,206.8172655506885,0.0602291756665984,0.0,26.220691484050008,False,26.220691484050008,OFFSHORE_CF_ONLY_DIAGNOSTIC_NOT_SELECTED
2050,Base,SUD,WIND_OFFSHORE,8,SUD__RC8__C02,52.77129378597902,0.1086425831538496,0.0,12.068359940202768,False,12.068359940202768,OFFSHORE_CF_ONLY_DIAGNOSTIC_NOT_SELECTED
2050,Base,SUD,WIND_OFFSHORE,8,SUD__RC8__C03,126.4929770860617,0.1328761448632147,0.0,35.38049161112021,False,35.38049161112021,OFFSHORE_CF_ONLY_DIAGNOSTIC_NOT_SELECTED
2050,Base,SUD,WIND_OFFSHORE,8,SUD__RC8__C04,860.9256296856385,0.1896119940302604,0.0,343.6227205991022,False,343.6227205991022,OFFSHORE_CF_ONLY_DIAGNOSTIC_NOT_SELECTED
2050,Base,SUD,WIND_OFFSHORE,8,SUD__RC8__C05,1720.7210580293577,0.2303186704543885,0.0,834.2381532053713,False,834.2381532053713,OFFSHORE_CF_ONLY_DIAGNOSTIC_NOT_SELECTED
2050,Base,SUD,WIND_OFFSHORE,8,SUD__RC8__C06,4125.957654194984,0.287922602475925,3411.7658703558704,2500.638740944533,False,2500.638740944533,OFFSHORE_CF_ONLY_DIAGNOSTIC_NOT_SELECTED
2050,Base,SUD,WIND_OFFSHORE,8,SUD__RC8__C07,713.6904955562709,0.3332284531744944,713.6904955562709,500.61334199144795,False,500.61334199144795,OFFSHORE_CF_ONLY_DIAGNOSTIC_NOT_SELECTED
2050,Base,SUD,WIND_OFFSHORE,8,SUD__RC8__C08,512.7015288248585,0.3570828075550327,512.7015288248585,385.375394961173,False,385.375394961173,OFFSHORE_CF_ONLY_DIAGNOSTIC_NOT_SELECTED
2050,High,SUD,WIND_OFFSHORE,8,SUD__RC8__C01,206.8172655506885,0.0602291756665984,0.0,28.842760632456702,False,28.842760632456702,OFFSHORE_CF_ONLY_DIAGNOSTIC_NOT_SELECTED
2050,High,SUD,WIND_OFFSHORE,8,SUD__RC8__C02,52.77129378597902,0.1086425831538496,0.0,13.275195934223824,False,13.275195934223824,OFFSHORE_CF_ONLY_DIAGNOSTIC_NOT_SELECTED
2050,High,SUD,WIND_OFFSHORE,8,SUD__RC8__C03,126.4929770860617,0.1328761448632147,0.0,38.91854077223453,False,38.91854077223453,OFFSHORE_CF_ONLY_DIAGNOSTIC_NOT_SELECTED
2050,High,SUD,WIND_OFFSHORE,8,SUD__RC8__C04,860.9256296856385,0.1896119940302604,0.0,377.9849926590346,False,377.9849926590346,OFFSHORE_CF_ONLY_DIAGNOSTIC_NOT_SELECTED
2050,High,SUD,WIND_OFFSHORE,8,SUD__RC8__C05,1720.7210580293577,0.2303186704543885,0.0,917.6619685259623,False,917.6619685259623,OFFSHORE_CF_ONLY_DIAGNOSTIC_NOT_SELECTED
2050,High,SUD,WIND_OFFSHORE,8,SUD__RC8__C06,4125.957654194984,0.287922602475925,3875.58165982987,2750.7026150391475,False,2750.7026150391475,OFFSHORE_CF_ONLY_DIAGNOSTIC_NOT_SELECTED
2050,High,SUD,WIND_OFFSHORE,8,SUD__RC8__C07,713.6904955562709,0.3332284531744944,713.6904955562709,550.6746761906251,False,550.6746761906251,OFFSHORE_CF_ONLY_DIAGNOSTIC_NOT_SELECTED
2050,High,SUD,WIND_OFFSHORE,8,SUD__RC8__C08,512.7015288248585,0.3570828075550327,512.7015288248585,423.91293445731526,False,423.91293445731526,OFFSHORE_CF_ONLY_DIAGNOSTIC_NOT_SELECTED
2040,Slow,CALA,WIND_OFFSHORE,1,CALA__RC1__C01,1895.886461766118,0.1718534768289114,480.0,480.0,False,480.0,OFFSHORE_CF_ONLY_DIAGNOSTIC_NOT_SELECTED
2040,Base,CALA,WIND_OFFSHORE,1,CALA__RC1__C01,1895.886461766118,0.1718534768289114,600.0,600.0,False,600.0,OFFSHORE_CF_ONLY_DIAGNOSTIC_NOT_SELECTED
2040,High,CALA,WIND_OFFSHORE,1,CALA__RC1__C01,1895.886461766118,0.1718534768289114,660.0,660.0,False,660.0,OFFSHORE_CF_ONLY_DIAGNOSTIC_NOT_SELECTED
2050,Slow,CALA,WIND_OFFSHORE,1,CALA__RC1__C01,1895.886461766118,0.1718534768289114,473.684210526,473.684210526,False,473.684210526,OFFSHORE_CF_ONLY_DIAGNOSTIC_NOT_SELECTED
2050,Base,CALA,WIND_OFFSHORE,1,CALA__RC1__C01,1895.886461766118,0.1718534768289114,592.105263158,592.105263158,False,592.105263158,OFFSHORE_CF_ONLY_DIAGNOSTIC_NOT_SELECTED
2050,High,CALA,WIND_OFFSHORE,1,CALA__RC1__C01,1895.886461766118,0.1718534768289114,651.315789474,651.315789474,False,651.315789474,OFFSHORE_CF_ONLY_DIAGNOSTIC_NOT_SELECTED
2040,Slow,CALA,WIND_OFFSHORE,4,CALA__RC4__C01,897.4139797744787,0.1062767930419408,0.0,157.7665897082925,False,157.7665897082925,OFFSHORE_CF_ONLY_DIAGNOSTIC_NOT_SELECTED
2040,Slow,CALA,WIND_OFFSHORE,4,CALA__RC4__C02,605.8528925058631,0.1643101161171651,87.38041051422363,164.67029163184554,False,164.67029163184554,OFFSHORE_CF_ONLY_DIAGNOSTIC_NOT_SELECTED
2040,Slow,CALA,WIND_OFFSHORE,4,CALA__RC4__C03,392.6195894857764,0.2426044916232642,392.6195894857764,157.56311865986197,False,157.56311865986197,OFFSHORE_CF_ONLY_DIAGNOSTIC_NOT_SELECTED
2040,Slow,CALA,WIND_OFFSHORE,4,CALA__RC4__C04,0.0,0.0,0.0,0.0,False,0.0,OFFSHORE_CF_ONLY_DIAGNOSTIC_NOT_SELECTED
2040,Base,CALA,WIND_OFFSHORE,4,CALA__RC4__C01,897.4139797744787,0.1062767930419408,0.0,197.20823713536564,False,197.20823713536564,OFFSHORE_CF_ONLY_DIAGNOSTIC_NOT_SELECTED
2040,Base,CALA,WIND_OFFSHORE,4,CALA__RC4__C02,605.8528925058631,0.1643101161171651,207.38041051422363,205.8378645398069,False,205.8378645398069,OFFSHORE_CF_ONLY_DIAGNOSTIC_NOT_SELECTED
2040,Base,CALA,WIND_OFFSHORE,4,CALA__RC4__C03,392.6195894857764,0.2426044916232642,392.6195894857764,196.95389832482746,False,196.95389832482746,OFFSHORE_CF_ONLY_DIAGNOSTIC_NOT_SELECTED
2040,Base,CALA,WIND_OFFSHORE,4,CALA__RC4__C04,0.0,0.0,0.0,0.0,False,0.0,OFFSHORE_CF_ONLY_DIAGNOSTIC_NOT_SELECTED
2040,High,CALA,WIND_OFFSHORE,4,CALA__RC4__C01,897.4139797744787,0.1062767930419408,0.0,216.9290608489022,False,216.9290608489022,OFFSHORE_CF_ONLY_DIAGNOSTIC_NOT_SELECTED
2040,High,CALA,WIND_OFFSHORE,4,CALA__RC4__C02,605.8528925058631,0.1643101161171651,267.3804105142236,226.4216509937876,False,226.4216509937876,OFFSHORE_CF_ONLY_DIAGNOSTIC_NOT_SELECTED
2040,High,CALA,WIND_OFFSHORE,4,CALA__RC4__C03,392.6195894857764,0.2426044916232642,392.6195894857764,216.6492881573102,False,216.6492881573102,OFFSHORE_CF_ONLY_DIAGNOSTIC_NOT_SELECTED
2040,High,CALA,WIND_OFFSHORE,4,CALA__RC4__C04,0.0,0.0,0.0,0.0,False,0.0,OFFSHORE_CF_ONLY_DIAGNOSTIC_NOT_SELECTED
2050,Slow,CALA,WIND_OFFSHORE,4,CALA__RC4__C01,897.4139797744787,0.1062767930419408,0.0,155.69071352781646,False,155.69071352781646,OFFSHORE_CF_ONLY_DIAGNOSTIC_NOT_SELECTED
2050,Slow,CALA,WIND_OFFSHORE,4,CALA__RC4__C02,605.8528925058631,0.1643101161171651,81.06462104022364,162.50357726816029,False,162.50357726816029,OFFSHORE_CF_ONLY_DIAGNOSTIC_NOT_SELECTED
2050,Slow,CALA,WIND_OFFSHORE,4,CALA__RC4__C03,392.6195894857764,0.2426044916232642,392.6195894857764,155.48991973002327,False,155.48991973002327,OFFSHORE_CF_ONLY_DIAGNOSTIC_NOT_SELECTED
2050,Slow,CALA,WIND_OFFSHORE,4,CALA__RC4__C04,0.0,0.0,0.0,0.0,False,0.0,OFFSHORE_CF_ONLY_DIAGNOSTIC_NOT_SELECTED
2050,Base,CALA,WIND_OFFSHORE,4,CALA__RC4__C01,897.4139797744787,0.1062767930419408,0.0,194.6133919099349,False,194.6133919099349,OFFSHORE_CF_ONLY_DIAGNOSTIC_NOT_SELECTED
2050,Base,CALA,WIND_OFFSHORE,4,CALA__RC4__C02,605.8528925058631,0.1643101161171651,199.48567367222358,203.12947158537187,False,203.12947158537187,OFFSHORE_CF_ONLY_DIAGNOSTIC_NOT_SELECTED
2050,Base,CALA,WIND_OFFSHORE,4,CALA__RC4__C03,392.6195894857764,0.2426044916232642,392.6195894857764,194.3623996626932,False,194.3623996626932,OFFSHORE_CF_ONLY_DIAGNOSTIC_NOT_SELECTED
2050,Base,CALA,WIND_OFFSHORE,4,CALA__RC4__C04,0.0,0.0,0.0,0.0,False,0.0,OFFSHORE_CF_ONLY_DIAGNOSTIC_NOT_SELECTED
2050,High,CALA,WIND_OFFSHORE,4,CALA__RC4__C01,897.4139797744787,0.1062767930419408,0.0,214.07473110099414,False,214.07473110099414,OFFSHORE_CF_ONLY_DIAGNOSTIC_NOT_SELECTED
2050,High,CALA,WIND_OFFSHORE,4,CALA__RC4__C02,605.8528925058631,0.1643101161171651,258.6961999882236,223.44241874397767,False,223.44241874397767,OFFSHORE_CF_ONLY_DIAGNOSTIC_NOT_SELECTED
2050,High,CALA,WIND_OFFSHORE,4,CALA__RC4__C03,392.6195894857764,0.2426044916232642,392.6195894857764,213.7986396290282,False,213.7986396290282,OFFSHORE_CF_ONLY_DIAGNOSTIC_NOT_SELECTED
2050,High,CALA,WIND_OFFSHORE,4,CALA__RC4__C04,0.0,0.0,0.0,0.0,False,0.0,OFFSHORE_CF_ONLY_DIAGNOSTIC_NOT_SELECTED
2040,Slow,CALA,WIND_OFFSHORE,8,CALA__RC8__C01,199.67633148129443,0.0635758754488231,0.0,21.34984147503663,False,21.34984147503663,OFFSHORE_CF_ONLY_DIAGNOSTIC_NOT_SELECTED
2040,Slow,CALA,WIND_OFFSHORE,8,CALA__RC8__C02,697.7376482931843,0.1130338419107187,0.0,132.6405648499887,False,132.6405648499887,OFFSHORE_CF_ONLY_DIAGNOSTIC_NOT_SELECTED
2040,Slow,CALA,WIND_OFFSHORE,8,CALA__RC8__C03,414.7620879064965,0.1518495801785249,0.0,105.92253451564278,False,105.92253451564278,OFFSHORE_CF_ONLY_DIAGNOSTIC_NOT_SELECTED
2040,Slow,CALA,WIND_OFFSHORE,8,CALA__RC8__C04,191.0908045993667,0.186363244063781,87.38041051422363,59.89295863166263,False,59.89295863166263,OFFSHORE_CF_ONLY_DIAGNOSTIC_NOT_SELECTED
2040,Slow,CALA,WIND_OFFSHORE,8,CALA__RC8__C05,392.6195894857764,0.2426044916232642,392.6195894857764,160.19410052766935,False,160.19410052766935,OFFSHORE_CF_ONLY_DIAGNOSTIC_NOT_SELECTED
2040,Slow,CALA,WIND_OFFSHORE,8,CALA__RC8__C06,0.0,0.0,0.0,0.0,False,0.0,OFFSHORE_CF_ONLY_DIAGNOSTIC_NOT_SELECTED
2040,Slow,CALA,WIND_OFFSHORE,8,CALA__RC8__C07,0.0,0.0,0.0,0.0,False,0.0,OFFSHORE_CF_ONLY_DIAGNOSTIC_NOT_SELECTED
2040,Slow,CALA,WIND_OFFSHORE,8,CALA__RC8__C08,0.0,0.0,0.0,0.0,False,0.0,OFFSHORE_CF_ONLY_DIAGNOSTIC_NOT_SELECTED
2040,Base,CALA,WIND_OFFSHORE,8,CALA__RC8__C01,199.67633148129443,0.0635758754488231,0.0,26.687301843795787,False,26.687301843795787,OFFSHORE_CF_ONLY_DIAGNOSTIC_NOT_SELECTED
2040,Base,CALA,WIND_OFFSHORE,8,CALA__RC8__C02,697.7376482931843,0.1130338419107187,0.0,165.80070606248586,False,165.80070606248586,OFFSHORE_CF_ONLY_DIAGNOSTIC_NOT_SELECTED
2040,Base,CALA,WIND_OFFSHORE,8,CALA__RC8__C03,414.7620879064965,0.1518495801785249,16.289605914856935,132.4031681445535,False,132.4031681445535,OFFSHORE_CF_ONLY_DIAGNOSTIC_NOT_SELECTED
2040,Base,CALA,WIND_OFFSHORE,8,CALA__RC8__C04,191.0908045993667,0.186363244063781,191.0908045993667,74.86619828957829,False,74.86619828957829,OFFSHORE_CF_ONLY_DIAGNOSTIC_NOT_SELECTED
2040,Base,CALA,WIND_OFFSHORE,8,CALA__RC8__C05,392.6195894857764,0.2426044916232642,392.6195894857764,200.24262565958668,False,200.24262565958668,OFFSHORE_CF_ONLY_DIAGNOSTIC_NOT_SELECTED
2040,Base,CALA,WIND_OFFSHORE,8,CALA__RC8__C06,0.0,0.0,0.0,0.0,False,0.0,OFFSHORE_CF_ONLY_DIAGNOSTIC_NOT_SELECTED
2040,Base,CALA,WIND_OFFSHORE,8,CALA__RC8__C07,0.0,0.0,0.0,0.0,False,0.0,OFFSHORE_CF_ONLY_DIAGNOSTIC_NOT_SELECTED
2040,Base,CALA,WIND_OFFSHORE,8,CALA__RC8__C08,0.0,0.0,0.0,0.0,False,0.0,OFFSHORE_CF_ONLY_DIAGNOSTIC_NOT_SELECTED
2040,High,CALA,WIND_OFFSHORE,8,CALA__RC8__C01,199.67633148129443,0.0635758754488231,0.0,29.35603202817537,False,29.35603202817537,OFFSHORE_CF_ONLY_DIAGNOSTIC_NOT_SELECTED
2040,High,CALA,WIND_OFFSHORE,8,CALA__RC8__C02,697.7376482931843,0.1130338419107187,0.0,182.38077666873443,False,182.38077666873443,OFFSHORE_CF_ONLY_DIAGNOSTIC_NOT_SELECTED
2040,High,CALA,WIND_OFFSHORE,8,CALA__RC8__C03,414.7620879064965,0.1518495801785249,76.28960591485693,145.64348495900884,False,145.64348495900884,OFFSHORE_CF_ONLY_DIAGNOSTIC_NOT_SELECTED
2040,High,CALA,WIND_OFFSHORE,8,CALA__RC8__C04,191.0908045993667,0.186363244063781,191.0908045993667,82.35281811853612,False,82.35281811853612,OFFSHORE_CF_ONLY_DIAGNOSTIC_NOT_SELECTED
2040,High,CALA,WIND_OFFSHORE,8,CALA__RC8__C05,392.6195894857764,0.2426044916232642,392.6195894857764,220.26688822554533,False,220.26688822554533,OFFSHORE_CF_ONLY_DIAGNOSTIC_NOT_SELECTED
2040,High,CALA,WIND_OFFSHORE,8,CALA__RC8__C06,0.0,0.0,0.0,0.0,False,0.0,OFFSHORE_CF_ONLY_DIAGNOSTIC_NOT_SELECTED
2040,High,CALA,WIND_OFFSHORE,8,CALA__RC8__C07,0.0,0.0,0.0,0.0,False,0.0,OFFSHORE_CF_ONLY_DIAGNOSTIC_NOT_SELECTED
2040,High,CALA,WIND_OFFSHORE,8,CALA__RC8__C08,0.0,0.0,0.0,0.0,False,0.0,OFFSHORE_CF_ONLY_DIAGNOSTIC_NOT_SELECTED
2050,Slow,CALA,WIND_OFFSHORE,8,CALA__RC8__C01,199.67633148129443,0.0635758754488231,0.0,21.068922508245787,False,21.068922508245787,OFFSHORE_CF_ONLY_DIAGNOSTIC_NOT_SELECTED
2050,Slow,CALA,WIND_OFFSHORE,8,CALA__RC8__C02,697.7376482931843,0.1130338419107187,0.0,130.89529425977,False,130.89529425977,OFFSHORE_CF_ONLY_DIAGNOSTIC_NOT_SELECTED
2050,Slow,CALA,WIND_OFFSHORE,8,CALA__RC8__C03,414.7620879064965,0.1518495801785249,0.0,104.52881695615675,False,104.52881695615675,OFFSHORE_CF_ONLY_DIAGNOSTIC_NOT_SELECTED
2050,Slow,CALA,WIND_OFFSHORE,8,CALA__RC8__C04,191.0908045993667,0.186363244063781,81.06462104022364,59.104893386469776,False,59.104893386469776,OFFSHORE_CF_ONLY_DIAGNOSTIC_NOT_SELECTED
2050,Slow,CALA,WIND_OFFSHORE,8,CALA__RC8__C05,392.6195894857764,0.2426044916232642,392.6195894857764,158.08628341535777,False,158.08628341535777,OFFSHORE_CF_ONLY_DIAGNOSTIC_NOT_SELECTED
2050,Slow,CALA,WIND_OFFSHORE,8,CALA__RC8__C06,0.0,0.0,0.0,0.0,False,0.0,OFFSHORE_CF_ONLY_DIAGNOSTIC_NOT_SELECTED
2050,Slow,CALA,WIND_OFFSHORE,8,CALA__RC8__C07,0.0,0.0,0.0,0.0,False,0.0,OFFSHORE_CF_ONLY_DIAGNOSTIC_NOT_SELECTED
2050,Slow,CALA,WIND_OFFSHORE,8,CALA__RC8__C08,0.0,0.0,0.0,0.0,False,0.0,OFFSHORE_CF_ONLY_DIAGNOSTIC_NOT_SELECTED
2050,Base,CALA,WIND_OFFSHORE,8,CALA__RC8__C01,199.67633148129443,0.0635758754488231,0.0,26.33615313532947,False,26.33615313532947,OFFSHORE_CF_ONLY_DIAGNOSTIC_NOT_SELECTED
2050,Base,CALA,WIND_OFFSHORE,8,CALA__RC8__C02,697.7376482931843,0.1130338419107187,0.0,163.61911782485063,False,163.61911782485063,OFFSHORE_CF_ONLY_DIAGNOSTIC_NOT_SELECTED
2050,Base,CALA,WIND_OFFSHORE,8,CALA__RC8__C03,414.7620879064965,0.1518495801785249,8.394869072856892,130.66102119530626,False,130.66102119530626,OFFSHORE_CF_ONLY_DIAGNOSTIC_NOT_SELECTED
2050,Base,CALA,WIND_OFFSHORE,8,CALA__RC8__C04,191.0908045993667,0.186363244063781,191.0908045993667,73.8811167331496,False,73.8811167331496,OFFSHORE_CF_ONLY_DIAGNOSTIC_NOT_SELECTED
2050,Base,CALA,WIND_OFFSHORE,8,CALA__RC8__C05,392.6195894857764,0.2426044916232642,392.6195894857764,197.60785426936405,False,197.60785426936405,OFFSHORE_CF_ONLY_DIAGNOSTIC_NOT_SELECTED
2050,Base,CALA,WIND_OFFSHORE,8,CALA__RC8__C06,0.0,0.0,0.0,0.0,False,0.0,OFFSHORE_CF_ONLY_DIAGNOSTIC_NOT_SELECTED
2050,Base,CALA,WIND_OFFSHORE,8,CALA__RC8__C07,0.0,0.0,0.0,0.0,False,0.0,OFFSHORE_CF_ONLY_DIAGNOSTIC_NOT_SELECTED
2050,Base,CALA,WIND_OFFSHORE,8,CALA__RC8__C08,0.0,0.0,0.0,0.0,False,0.0,OFFSHORE_CF_ONLY_DIAGNOSTIC_NOT_SELECTED
2050,High,CALA,WIND_OFFSHORE,8,CALA__RC8__C01,199.67633148129443,0.0635758754488231,0.0,28.969768448871317,False,28.969768448871317,OFFSHORE_CF_ONLY_DIAGNOSTIC_NOT_SELECTED
2050,High,CALA,WIND_OFFSHORE,8,CALA__RC8__C02,697.7376482931843,0.1130338419107187,0.0,179.98102960739095,False,179.98102960739095,OFFSHORE_CF_ONLY_DIAGNOSTIC_NOT_SELECTED
2050,High,CALA,WIND_OFFSHORE,8,CALA__RC8__C03,414.7620879064965,0.1518495801785249,67.60539538885692,143.72712331488106,False,143.72712331488106,OFFSHORE_CF_ONLY_DIAGNOSTIC_NOT_SELECTED
2050,High,CALA,WIND_OFFSHORE,8,CALA__RC8__C04,191.0908045993667,0.186363244063781,191.0908045993667,81.26922840648953,False,81.26922840648953,OFFSHORE_CF_ONLY_DIAGNOSTIC_NOT_SELECTED
2050,High,CALA,WIND_OFFSHORE,8,CALA__RC8__C05,392.6195894857764,0.2426044916232642,392.6195894857764,217.3686396963672,False,217.3686396963672,OFFSHORE_CF_ONLY_DIAGNOSTIC_NOT_SELECTED
2050,High,CALA,WIND_OFFSHORE,8,CALA__RC8__C06,0.0,0.0,0.0,0.0,False,0.0,OFFSHORE_CF_ONLY_DIAGNOSTIC_NOT_SELECTED
2050,High,CALA,WIND_OFFSHORE,8,CALA__RC8__C07,0.0,0.0,0.0,0.0,False,0.0,OFFSHORE_CF_ONLY_DIAGNOSTIC_NOT_SELECTED
2050,High,CALA,WIND_OFFSHORE,8,CALA__RC8__C08,0.0,0.0,0.0,0.0,False,0.0,OFFSHORE_CF_ONLY_DIAGNOSTIC_NOT_SELECTED
2040,Slow,SICI,WIND_OFFSHORE,1,SICI__RC1__C01,5929.283067376244,0.2784850875065242,2400.0,2400.0,False,2400.0,OFFSHORE_CF_ONLY_DIAGNOSTIC_NOT_SELECTED
2040,Base,SICI,WIND_OFFSHORE,1,SICI__RC1__C01,5929.283067376244,0.2784850875065242,3000.0,3000.0,False,3000.0,OFFSHORE_CF_ONLY_DIAGNOSTIC_NOT_SELECTED
2040,High,SICI,WIND_OFFSHORE,1,SICI__RC1__C01,5929.283067376244,0.2784850875065242,3300.0,3300.0,False,3300.0,OFFSHORE_CF_ONLY_DIAGNOSTIC_NOT_SELECTED
2050,Slow,SICI,WIND_OFFSHORE,1,SICI__RC1__C01,5929.283067376244,0.2784850875065242,2368.421052632,2368.421052632,False,2368.421052632,OFFSHORE_CF_ONLY_DIAGNOSTIC_NOT_SELECTED
2050,Base,SICI,WIND_OFFSHORE,1,SICI__RC1__C01,5929.283067376244,0.2784850875065242,2960.526315789,2960.526315789,False,2960.526315789,OFFSHORE_CF_ONLY_DIAGNOSTIC_NOT_SELECTED
2050,High,SICI,WIND_OFFSHORE,1,SICI__RC1__C01,5929.283067376244,0.2784850875065242,3256.578947368,3256.5789473680006,False,3256.5789473680006,OFFSHORE_CF_ONLY_DIAGNOSTIC_NOT_SELECTED
2040,Slow,SICI,WIND_OFFSHORE,4,SICI__RC4__C01,1275.632320003784,0.133384768118749,0.0,275.9265751841651,False,275.9265751841651,OFFSHORE_CF_ONLY_DIAGNOSTIC_NOT_SELECTED
2040,Slow,SICI,WIND_OFFSHORE,4,SICI__RC4__C02,2359.146240731533,0.2260180147438214,105.49549335907432,864.6885281667714,False,864.6885281667714,OFFSHORE_CF_ONLY_DIAGNOSTIC_NOT_SELECTED
2040,Slow,SICI,WIND_OFFSHORE,4,SICI__RC4__C03,1498.2809962917029,0.3081548587985564,1498.2809962917029,748.7279904243557,False,748.7279904243557,OFFSHORE_CF_ONLY_DIAGNOSTIC_NOT_SELECTED
2040,Slow,SICI,WIND_OFFSHORE,4,SICI__RC4__C04,796.2235103492228,0.3954872023231908,796.2235103492228,510.65690622470794,False,510.65690622470794,OFFSHORE_CF_ONLY_DIAGNOSTIC_NOT_SELECTED
2040,Base,SICI,WIND_OFFSHORE,4,SICI__RC4__C01,1275.632320003784,0.133384768118749,0.0,344.9082189802063,False,344.9082189802063,OFFSHORE_CF_ONLY_DIAGNOSTIC_NOT_SELECTED
2040,Base,SICI,WIND_OFFSHORE,4,SICI__RC4__C02,2359.146240731533,0.2260180147438214,705.4954933590741,1080.8606602084642,False,1080.8606602084642,OFFSHORE_CF_ONLY_DIAGNOSTIC_NOT_SELECTED
2040,Base,SICI,WIND_OFFSHORE,4,SICI__RC4__C03,1498.2809962917029,0.3081548587985564,1498.2809962917029,935.9099880304445,False,935.9099880304445,OFFSHORE_CF_ONLY_DIAGNOSTIC_NOT_SELECTED
2040,Base,SICI,WIND_OFFSHORE,4,SICI__RC4__C04,796.2235103492228,0.3954872023231908,796.2235103492228,638.3211327808849,False,638.3211327808849,OFFSHORE_CF_ONLY_DIAGNOSTIC_NOT_SELECTED
2040,High,SICI,WIND_OFFSHORE,4,SICI__RC4__C01,1275.632320003784,0.133384768118749,0.0,379.39904087822697,False,379.39904087822697,OFFSHORE_CF_ONLY_DIAGNOSTIC_NOT_SELECTED
2040,High,SICI,WIND_OFFSHORE,4,SICI__RC4__C02,2359.146240731533,0.2260180147438214,1005.4954933590741,1188.9467262293108,False,1188.9467262293108,OFFSHORE_CF_ONLY_DIAGNOSTIC_NOT_SELECTED
2040,High,SICI,WIND_OFFSHORE,4,SICI__RC4__C03,1498.2809962917029,0.3081548587985564,1498.2809962917029,1029.500986833489,False,1029.500986833489,OFFSHORE_CF_ONLY_DIAGNOSTIC_NOT_SELECTED
2040,High,SICI,WIND_OFFSHORE,4,SICI__RC4__C04,796.2235103492228,0.3954872023231908,796.2235103492228,702.1532460589733,False,702.1532460589733,OFFSHORE_CF_ONLY_DIAGNOSTIC_NOT_SELECTED
2050,Slow,SICI,WIND_OFFSHORE,4,SICI__RC4__C01,1275.632320003784,0.133384768118749,0.0,272.2959623528429,False,272.2959623528429,OFFSHORE_CF_ONLY_DIAGNOSTIC_NOT_SELECTED
2050,Slow,SICI,WIND_OFFSHORE,4,SICI__RC4__C02,2359.146240731533,0.2260180147438214,73.91654599107414,853.3110475331497,False,853.3110475331497,OFFSHORE_CF_ONLY_DIAGNOSTIC_NOT_SELECTED
2050,Slow,SICI,WIND_OFFSHORE,4,SICI__RC4__C03,1498.2809962917029,0.3081548587985564,1498.2809962917029,738.8763063399559,False,738.8763063399559,OFFSHORE_CF_ONLY_DIAGNOSTIC_NOT_SELECTED
2050,Slow,SICI,WIND_OFFSHORE,4,SICI__RC4__C04,796.2235103492228,0.3954872023231908,796.2235103492228,503.93773640605133,False,503.93773640605133,OFFSHORE_CF_ONLY_DIAGNOSTIC_NOT_SELECTED
2050,Base,SICI,WIND_OFFSHORE,4,SICI__RC4__C01,1275.632320003784,0.133384768118749,0.0,340.3699529409386,False,340.3699529409386,OFFSHORE_CF_ONLY_DIAGNOSTIC_NOT_SELECTED
2050,Base,SICI,WIND_OFFSHORE,4,SICI__RC4__C02,2359.146240731533,0.2260180147438214,666.0218091480745,1066.638809416077,False,1066.638809416077,OFFSHORE_CF_ONLY_DIAGNOSTIC_NOT_SELECTED
2050,Base,SICI,WIND_OFFSHORE,4,SICI__RC4__C03,1498.2809962917029,0.3081548587985564,1498.2809962917029,923.595382924633,False,923.595382924633,OFFSHORE_CF_ONLY_DIAGNOSTIC_NOT_SELECTED
2050,Base,SICI,WIND_OFFSHORE,4,SICI__RC4__C04,796.2235103492228,0.3954872023231908,796.2235103492228,629.9221705073513,False,629.9221705073513,OFFSHORE_CF_ONLY_DIAGNOSTIC_NOT_SELECTED
2050,High,SICI,WIND_OFFSHORE,4,SICI__RC4__C01,1275.632320003784,0.133384768118749,0.0,374.406948235044,False,374.406948235044,OFFSHORE_CF_ONLY_DIAGNOSTIC_NOT_SELECTED
2050,High,SICI,WIND_OFFSHORE,4,SICI__RC4__C02,2359.146240731533,0.2260180147438214,962.0744407270747,1173.3026903577208,False,1173.3026903577208,OFFSHORE_CF_ONLY_DIAGNOSTIC_NOT_SELECTED
2050,High,SICI,WIND_OFFSHORE,4,SICI__RC4__C03,1498.2809962917029,0.3081548587985564,1498.2809962917029,1015.9549212171275,False,1015.9549212171275,OFFSHORE_CF_ONLY_DIAGNOSTIC_NOT_SELECTED
2050,High,SICI,WIND_OFFSHORE,4,SICI__RC4__C04,796.2235103492228,0.3954872023231908,796.2235103492228,692.9143875581078,False,692.9143875581078,OFFSHORE_CF_ONLY_DIAGNOSTIC_NOT_SELECTED
2040,Slow,SICI,WIND_OFFSHORE,8,SICI__RC8__C01,639.2624368670896,0.0938551909372307,0.0,98.51383894363339,False,98.51383894363339,OFFSHORE_CF_ONLY_DIAGNOSTIC_NOT_SELECTED
2040,Slow,SICI,WIND_OFFSHORE,8,SICI__RC8__C02,636.3698831366943,0.1568753094951555,0.0,163.91699106138674,False,163.91699106138674,OFFSHORE_CF_ONLY_DIAGNOSTIC_NOT_SELECTED
2040,Slow,SICI,WIND_OFFSHORE,8,SICI__RC8__C03,1411.2622173966458,0.2033539162543754,0.0,471.21598544952366,False,471.21598544952366,OFFSHORE_CF_ONLY_DIAGNOSTIC_NOT_SELECTED
2040,Slow,SICI,WIND_OFFSHORE,8,SICI__RC8__C04,947.8840233348876,0.2531344437247203,105.49549335907409,393.9727701183352,False,393.9727701183352,OFFSHORE_CF_ONLY_DIAGNOSTIC_NOT_SELECTED
2040,Slow,SICI,WIND_OFFSHORE,8,SICI__RC8__C05,933.7304191712622,0.2932894703344151,933.7304191712622,449.65325176912205,False,449.65325176912205,OFFSHORE_CF_ONLY_DIAGNOSTIC_NOT_SELECTED
2040,Slow,SICI,WIND_OFFSHORE,8,SICI__RC8__C06,564.5505771204407,0.3299326594414723,564.5505771204407,305.8355198296636,False,305.8355198296636,OFFSHORE_CF_ONLY_DIAGNOSTIC_NOT_SELECTED
2040,Slow,SICI,WIND_OFFSHORE,8,SICI__RC8__C07,766.1778070819641,0.3939590895321274,766.1778070819641,495.61044771497217,False,495.61044771497217,OFFSHORE_CF_ONLY_DIAGNOSTIC_NOT_SELECTED
2040,Slow,SICI,WIND_OFFSHORE,8,SICI__RC8__C08,30.04570326725875,0.4313739150355231,30.04570326725875,21.28119511336339,False,21.28119511336339,OFFSHORE_CF_ONLY_DIAGNOSTIC_NOT_SELECTED
2040,Base,SICI,WIND_OFFSHORE,8,SICI__RC8__C01,639.2624368670896,0.0938551909372307,0.0,123.14229867954172,False,123.14229867954172,OFFSHORE_CF_ONLY_DIAGNOSTIC_NOT_SELECTED
2040,Base,SICI,WIND_OFFSHORE,8,SICI__RC8__C02,636.3698831366943,0.1568753094951555,0.0,204.89623882673342,False,204.89623882673342,OFFSHORE_CF_ONLY_DIAGNOSTIC_NOT_SELECTED
2040,Base,SICI,WIND_OFFSHORE,8,SICI__RC8__C03,1411.2622173966458,0.2033539162543754,0.0,589.0199818119047,False,589.0199818119047,OFFSHORE_CF_ONLY_DIAGNOSTIC_NOT_SELECTED
2040,Base,SICI,WIND_OFFSHORE,8,SICI__RC8__C04,947.8840233348876,0.2531344437247203,705.4954933590741,492.46596264791907,False,492.46596264791907,OFFSHORE_CF_ONLY_DIAGNOSTIC_NOT_SELECTED
2040,Base,SICI,WIND_OFFSHORE,8,SICI__RC8__C05,933.7304191712622,0.2932894703344151,933.7304191712622,562.0665647114025,False,562.0665647114025,OFFSHORE_CF_ONLY_DIAGNOSTIC_NOT_SELECTED
2040,Base,SICI,WIND_OFFSHORE,8,SICI__RC8__C06,564.5505771204407,0.3299326594414723,564.5505771204407,382.2943997870795,False,382.2943997870795,OFFSHORE_CF_ONLY_DIAGNOSTIC_NOT_SELECTED
2040,Base,SICI,WIND_OFFSHORE,8,SICI__RC8__C07,766.1778070819641,0.3939590895321274,766.1778070819641,619.5130596437152,False,619.5130596437152,OFFSHORE_CF_ONLY_DIAGNOSTIC_NOT_SELECTED
2040,Base,SICI,WIND_OFFSHORE,8,SICI__RC8__C08,30.04570326725875,0.4313739150355231,30.04570326725875,26.601493891704237,False,26.601493891704237,OFFSHORE_CF_ONLY_DIAGNOSTIC_NOT_SELECTED
2040,High,SICI,WIND_OFFSHORE,8,SICI__RC8__C01,639.2624368670896,0.0938551909372307,0.0,135.4565285474959,False,135.4565285474959,OFFSHORE_CF_ONLY_DIAGNOSTIC_NOT_SELECTED
2040,High,SICI,WIND_OFFSHORE,8,SICI__RC8__C02,636.3698831366943,0.1568753094951555,0.0,225.38586270940678,False,225.38586270940678,OFFSHORE_CF_ONLY_DIAGNOSTIC_NOT_SELECTED
2040,High,SICI,WIND_OFFSHORE,8,SICI__RC8__C03,1411.2622173966458,0.2033539162543754,57.611470024186474,647.9219799930951,False,647.9219799930951,OFFSHORE_CF_ONLY_DIAGNOSTIC_NOT_SELECTED
2040,High,SICI,WIND_OFFSHORE,8,SICI__RC8__C04,947.8840233348876,0.2531344437247203,947.8840233348876,541.712558912711,False,541.712558912711,OFFSHORE_CF_ONLY_DIAGNOSTIC_NOT_SELECTED
2040,High,SICI,WIND_OFFSHORE,8,SICI__RC8__C05,933.7304191712622,0.2932894703344151,933.7304191712622,618.2732211825428,False,618.2732211825428,OFFSHORE_CF_ONLY_DIAGNOSTIC_NOT_SELECTED
2040,High,SICI,WIND_OFFSHORE,8,SICI__RC8__C06,564.5505771204407,0.3299326594414723,564.5505771204407,420.52383976578744,False,420.52383976578744,OFFSHORE_CF_ONLY_DIAGNOSTIC_NOT_SELECTED
2040,High,SICI,WIND_OFFSHORE,8,SICI__RC8__C07,766.1778070819641,0.3939590895321274,766.1778070819641,681.4643656080866,False,681.4643656080866,OFFSHORE_CF_ONLY_DIAGNOSTIC_NOT_SELECTED
2040,High,SICI,WIND_OFFSHORE,8,SICI__RC8__C08,30.04570326725875,0.4313739150355231,30.04570326725875,29.261643280874658,False,29.261643280874658,OFFSHORE_CF_ONLY_DIAGNOSTIC_NOT_SELECTED
2050,Slow,SICI,WIND_OFFSHORE,8,SICI__RC8__C01,639.2624368670896,0.0938551909372307,0.0,97.21760422070811,False,97.21760422070811,OFFSHORE_CF_ONLY_DIAGNOSTIC_NOT_SELECTED
2050,Slow,SICI,WIND_OFFSHORE,8,SICI__RC8__C02,636.3698831366943,0.1568753094951555,0.0,161.76018854744987,False,161.76018854744987,OFFSHORE_CF_ONLY_DIAGNOSTIC_NOT_SELECTED
2050,Slow,SICI,WIND_OFFSHORE,8,SICI__RC8__C03,1411.2622173966458,0.2033539162543754,0.0,465.0157751147442,False,465.0157751147442,OFFSHORE_CF_ONLY_DIAGNOSTIC_NOT_SELECTED
2050,Slow,SICI,WIND_OFFSHORE,8,SICI__RC8__C04,947.8840233348876,0.2531344437247203,73.91654599107392,388.78891788000516,False,388.78891788000516,OFFSHORE_CF_ONLY_DIAGNOSTIC_NOT_SELECTED
2050,Slow,SICI,WIND_OFFSHORE,8,SICI__RC8__C05,933.7304191712622,0.2932894703344151,933.7304191712622,443.73676161434406,False,443.73676161434406,OFFSHORE_CF_ONLY_DIAGNOSTIC_NOT_SELECTED
2050,Slow,SICI,WIND_OFFSHORE,8,SICI__RC8__C06,564.5505771204407,0.3299326594414723,564.5505771204407,301.81136825301115,False,301.81136825301115,OFFSHORE_CF_ONLY_DIAGNOSTIC_NOT_SELECTED
2050,Slow,SICI,WIND_OFFSHORE,8,SICI__RC8__C07,766.1778070819641,0.3939590895321274,766.1778070819641,489.0892576135463,False,489.0892576135463,OFFSHORE_CF_ONLY_DIAGNOSTIC_NOT_SELECTED
2050,Slow,SICI,WIND_OFFSHORE,8,SICI__RC8__C08,30.04570326725875,0.4313739150355231,30.04570326725875,21.001179388191286,False,21.001179388191286,OFFSHORE_CF_ONLY_DIAGNOSTIC_NOT_SELECTED
2050,Base,SICI,WIND_OFFSHORE,8,SICI__RC8__C01,639.2624368670896,0.0938551909372307,0.0,121.52200527584411,False,121.52200527584411,OFFSHORE_CF_ONLY_DIAGNOSTIC_NOT_SELECTED
2050,Base,SICI,WIND_OFFSHORE,8,SICI__RC8__C02,636.3698831366943,0.1568753094951555,0.0,202.20023568424403,False,202.20023568424403,OFFSHORE_CF_ONLY_DIAGNOSTIC_NOT_SELECTED
2050,Base,SICI,WIND_OFFSHORE,8,SICI__RC8__C03,1411.2622173966458,0.2033539162543754,0.0,581.2697188932339,False,581.2697188932339,OFFSHORE_CF_ONLY_DIAGNOSTIC_NOT_SELECTED
2050,Base,SICI,WIND_OFFSHORE,8,SICI__RC8__C04,947.8840233348876,0.2531344437247203,666.021809148074,485.9861473498423,False,485.9861473498423,OFFSHORE_CF_ONLY_DIAGNOSTIC_NOT_SELECTED
2050,Base,SICI,WIND_OFFSHORE,8,SICI__RC8__C05,933.7304191712622,0.2932894703344151,933.7304191712622,554.6709520177427,False,554.6709520177427,OFFSHORE_CF_ONLY_DIAGNOSTIC_NOT_SELECTED
2050,Base,SICI,WIND_OFFSHORE,8,SICI__RC8__C06,564.5505771204407,0.3299326594414723,564.5505771204407,377.26421031613654,False,377.26421031613654,OFFSHORE_CF_ONLY_DIAGNOSTIC_NOT_SELECTED
2050,Base,SICI,WIND_OFFSHORE,8,SICI__RC8__C07,766.1778070819641,0.3939590895321274,766.1778070819641,611.3615720167263,False,611.3615720167263,OFFSHORE_CF_ONLY_DIAGNOSTIC_NOT_SELECTED
2050,Base,SICI,WIND_OFFSHORE,8,SICI__RC8__C08,30.04570326725875,0.4313739150355231,30.04570326725875,26.25147423523024,False,26.25147423523024,OFFSHORE_CF_ONLY_DIAGNOSTIC_NOT_SELECTED
2050,High,SICI,WIND_OFFSHORE,8,SICI__RC8__C01,639.2624368670896,0.0938551909372307,0.0,133.67420580343264,False,133.67420580343264,OFFSHORE_CF_ONLY_DIAGNOSTIC_NOT_SELECTED
2050,High,SICI,WIND_OFFSHORE,8,SICI__RC8__C02,636.3698831366943,0.1568753094951555,0.0,222.42025925267532,False,222.42025925267532,OFFSHORE_CF_ONLY_DIAGNOSTIC_NOT_SELECTED
2050,High,SICI,WIND_OFFSHORE,8,SICI__RC8__C03,1411.2622173966458,0.2033539162543754,14.190417392186646,639.396690782577,False,639.396690782577,OFFSHORE_CF_ONLY_DIAGNOSTIC_NOT_SELECTED
2050,High,SICI,WIND_OFFSHORE,8,SICI__RC8__C04,947.8840233348876,0.2531344437247203,947.8840233348876,534.584762084843,False,534.584762084843,OFFSHORE_CF_ONLY_DIAGNOSTIC_NOT_SELECTED
2050,High,SICI,WIND_OFFSHORE,8,SICI__RC8__C05,933.7304191712622,0.2932894703344151,933.7304191712622,610.1380472195357,False,610.1380472195357,OFFSHORE_CF_ONLY_DIAGNOSTIC_NOT_SELECTED
2050,High,SICI,WIND_OFFSHORE,8,SICI__RC8__C06,564.5505771204407,0.3299326594414723,564.5505771204407,414.9906313477629,False,414.9906313477629,OFFSHORE_CF_ONLY_DIAGNOSTIC_NOT_SELECTED
2050,High,SICI,WIND_OFFSHORE,8,SICI__RC8__C07,766.1778070819641,0.3939590895321274,766.1778070819641,672.4977292184197,False,672.4977292184197,OFFSHORE_CF_ONLY_DIAGNOSTIC_NOT_SELECTED
2050,High,SICI,WIND_OFFSHORE,8,SICI__RC8__C08,30.04570326725875,0.4313739150355231,30.04570326725875,28.876621658754154,False,28.876621658754154,OFFSHORE_CF_ONLY_DIAGNOSTIC_NOT_SELECTED
2040,Slow,SARD,WIND_OFFSHORE,1,SARD__RC1__C01,6761.068340370948,0.2961365320574358,2400.0,2400.0,False,2400.0,OFFSHORE_CF_ONLY_DIAGNOSTIC_NOT_SELECTED
2040,Base,SARD,WIND_OFFSHORE,1,SARD__RC1__C01,6761.068340370948,0.2961365320574358,3000.0,3000.0,False,3000.0,OFFSHORE_CF_ONLY_DIAGNOSTIC_NOT_SELECTED
2040,High,SARD,WIND_OFFSHORE,1,SARD__RC1__C01,6761.068340370948,0.2961365320574358,3300.0,3300.0,False,3300.0,OFFSHORE_CF_ONLY_DIAGNOSTIC_NOT_SELECTED
2050,Slow,SARD,WIND_OFFSHORE,1,SARD__RC1__C01,6761.068340370948,0.2961365320574358,2368.421052632,2368.421052632,False,2368.421052632,OFFSHORE_CF_ONLY_DIAGNOSTIC_NOT_SELECTED
2050,Base,SARD,WIND_OFFSHORE,1,SARD__RC1__C01,6761.068340370948,0.2961365320574358,2960.526315789,2960.526315789,False,2960.526315789,OFFSHORE_CF_ONLY_DIAGNOSTIC_NOT_SELECTED
2050,High,SARD,WIND_OFFSHORE,1,SARD__RC1__C01,6761.068340370948,0.2961365320574358,3256.578947368,3256.578947368,False,3256.578947368,OFFSHORE_CF_ONLY_DIAGNOSTIC_NOT_SELECTED
2040,Slow,SARD,WIND_OFFSHORE,4,SARD__RC4__C01,1420.7516127081944,0.2266017755233285,0.0,394.4256988907617,False,394.4256988907617,OFFSHORE_CF_ONLY_DIAGNOSTIC_NOT_SELECTED
2040,Slow,SARD,WIND_OFFSHORE,4,SARD__RC4__C02,3988.6323389095614,0.2883097172466102,1048.315611246809,1408.8573560419206,False,1408.8573560419206,OFFSHORE_CF_ONLY_DIAGNOSTIC_NOT_SELECTED
2040,Slow,SARD,WIND_OFFSHORE,4,SARD__RC4__C03,1348.448438729256,0.3601702737638473,1348.448438729256,595.012306696904,False,595.012306696904,OFFSHORE_CF_ONLY_DIAGNOSTIC_NOT_SELECTED
2040,Slow,SARD,WIND_OFFSHORE,4,SARD__RC4__C04,3.235950023934824,0.4299784764885294,3.235950023934824,1.7046383704138166,False,1.7046383704138166,OFFSHORE_CF_ONLY_DIAGNOSTIC_NOT_SELECTED
2040,Base,SARD,WIND_OFFSHORE,4,SARD__RC4__C01,1420.7516127081944,0.2266017755233285,0.0,493.0321236134521,False,493.0321236134521,OFFSHORE_CF_ONLY_DIAGNOSTIC_NOT_SELECTED
2040,Base,SARD,WIND_OFFSHORE,4,SARD__RC4__C02,3988.6323389095614,0.2883097172466102,1648.315611246809,1761.0716950524006,False,1761.0716950524006,OFFSHORE_CF_ONLY_DIAGNOSTIC_NOT_SELECTED
2040,Base,SARD,WIND_OFFSHORE,4,SARD__RC4__C03,1348.448438729256,0.3601702737638473,1348.448438729256,743.76538337113,False,743.76538337113,OFFSHORE_CF_ONLY_DIAGNOSTIC_NOT_SELECTED
2040,Base,SARD,WIND_OFFSHORE,4,SARD__RC4__C04,3.235950023934824,0.4299784764885294,3.235950023934824,2.1307979630172706,False,2.1307979630172706,OFFSHORE_CF_ONLY_DIAGNOSTIC_NOT_SELECTED
2040,High,SARD,WIND_OFFSHORE,4,SARD__RC4__C01,1420.7516127081944,0.2266017755233285,0.0,542.3353359747973,False,542.3353359747973,OFFSHORE_CF_ONLY_DIAGNOSTIC_NOT_SELECTED
2040,High,SARD,WIND_OFFSHORE,4,SARD__RC4__C02,3988.6323389095614,0.2883097172466102,1948.315611246809,1937.178864557641,False,1937.178864557641,OFFSHORE_CF_ONLY_DIAGNOSTIC_NOT_SELECTED
2040,High,SARD,WIND_OFFSHORE,4,SARD__RC4__C03,1348.448438729256,0.3601702737638473,1348.448438729256,818.1419217082431,False,818.1419217082431,OFFSHORE_CF_ONLY_DIAGNOSTIC_NOT_SELECTED
2040,High,SARD,WIND_OFFSHORE,4,SARD__RC4__C04,3.235950023934824,0.4299784764885294,3.235950023934824,2.343877759318998,False,2.343877759318998,OFFSHORE_CF_ONLY_DIAGNOSTIC_NOT_SELECTED
2050,Slow,SARD,WIND_OFFSHORE,4,SARD__RC4__C01,1420.7516127081944,0.2266017755233285,0.0,389.2358870633208,False,389.2358870633208,OFFSHORE_CF_ONLY_DIAGNOSTIC_NOT_SELECTED
2050,Slow,SARD,WIND_OFFSHORE,4,SARD__RC4__C02,3988.6323389095614,0.2883097172466102,1016.7366638788089,1390.3197592521424,False,1390.3197592521424,OFFSHORE_CF_ONLY_DIAGNOSTIC_NOT_SELECTED
2050,Slow,SARD,WIND_OFFSHORE,4,SARD__RC4__C03,1348.448438729256,0.3601702737638473,1348.448438729256,587.1831973983649,False,587.1831973983649,OFFSHORE_CF_ONLY_DIAGNOSTIC_NOT_SELECTED
2050,Slow,SARD,WIND_OFFSHORE,4,SARD__RC4__C04,3.235950023934824,0.4299784764885294,3.235950023934824,1.6822089181718285,False,1.6822089181718285,OFFSHORE_CF_ONLY_DIAGNOSTIC_NOT_SELECTED
2050,Base,SARD,WIND_OFFSHORE,4,SARD__RC4__C01,1420.7516127081944,0.2266017755233285,0.0,486.54485882898666,False,486.54485882898666,OFFSHORE_CF_ONLY_DIAGNOSTIC_NOT_SELECTED
2050,Base,SARD,WIND_OFFSHORE,4,SARD__RC4__C02,3988.6323389095614,0.2883097172466102,1608.841927035809,1737.8996990645912,False,1737.8996990645912,OFFSHORE_CF_ONLY_DIAGNOSTIC_NOT_SELECTED
2050,Base,SARD,WIND_OFFSHORE,4,SARD__RC4__C03,1348.448438729256,0.3601702737638473,1348.448438729256,733.9789967477083,False,733.9789967477083,OFFSHORE_CF_ONLY_DIAGNOSTIC_NOT_SELECTED
2050,Base,SARD,WIND_OFFSHORE,4,SARD__RC4__C04,3.235950023934824,0.4299784764885294,3.235950023934824,2.1027611477140753,False,2.1027611477140753,OFFSHORE_CF_ONLY_DIAGNOSTIC_NOT_SELECTED
2050,High,SARD,WIND_OFFSHORE,4,SARD__RC4__C01,1420.7516127081944,0.2266017755233285,0.0,535.1993447119019,False,535.1993447119019,OFFSHORE_CF_ONLY_DIAGNOSTIC_NOT_SELECTED
2050,High,SARD,WIND_OFFSHORE,4,SARD__RC4__C02,3988.6323389095614,0.2883097172466102,1904.8945586148093,1911.689668971109,False,1911.689668971109,OFFSHORE_CF_ONLY_DIAGNOSTIC_NOT_SELECTED
2050,High,SARD,WIND_OFFSHORE,4,SARD__RC4__C03,1348.448438729256,0.3601702737638473,1348.448438729256,807.376896422504,False,807.376896422504,OFFSHORE_CF_ONLY_DIAGNOSTIC_NOT_SELECTED
2050,High,SARD,WIND_OFFSHORE,4,SARD__RC4__C04,3.235950023934824,0.4299784764885294,3.235950023934824,2.313037262485554,False,2.313037262485554,OFFSHORE_CF_ONLY_DIAGNOSTIC_NOT_SELECTED
2040,Slow,SARD,WIND_OFFSHORE,8,SARD__RC8__C01,555.5282330061651,0.2000580690025563,0.0,136.73443778780305,False,136.73443778780305,OFFSHORE_CF_ONLY_DIAGNOSTIC_NOT_SELECTED
2040,Slow,SARD,WIND_OFFSHORE,8,SARD__RC8__C02,865.2233797020295,0.2408786889675287,0.0,256.41434986021034,False,256.41434986021034,OFFSHORE_CF_ONLY_DIAGNOSTIC_NOT_SELECTED
2040,Slow,SARD,WIND_OFFSHORE,8,SARD__RC8__C03,2419.2569076508016,0.2734628952540884,0.0,813.9469468556298,False,813.9469468556298,OFFSHORE_CF_ONLY_DIAGNOSTIC_NOT_SELECTED
2040,Slow,SARD,WIND_OFFSHORE,8,SARD__RC8__C04,1569.3754312587605,0.3085065904017761,1048.315611246809,595.6717398227039,False,595.6717398227039,OFFSHORE_CF_ONLY_DIAGNOSTIC_NOT_SELECTED
2040,Slow,SARD,WIND_OFFSHORE,8,SARD__RC8__C05,853.734395799809,0.3433511340759152,853.734395799809,360.64255093275307,False,360.64255093275307,OFFSHORE_CF_ONLY_DIAGNOSTIC_NOT_SELECTED
2040,Slow,SARD,WIND_OFFSHORE,8,SARD__RC8__C06,494.7140429294469,0.3858980690810313,494.7140429294469,234.87811079449872,False,234.87811079449872,OFFSHORE_CF_ONLY_DIAGNOSTIC_NOT_SELECTED
2040,Slow,SARD,WIND_OFFSHORE,8,SARD__RC8__C07,3.0093070492884384,0.4281085647094447,3.0093070492884384,1.5850250125992382,False,1.5850250125992382,OFFSHORE_CF_ONLY_DIAGNOSTIC_NOT_SELECTED
2040,Slow,SARD,WIND_OFFSHORE,8,SARD__RC8__C08,0.2266429746463847,0.4548776722897457,0.2266429746463847,0.1268389338019336,False,0.1268389338019336,OFFSHORE_CF_ONLY_DIAGNOSTIC_NOT_SELECTED
2040,Base,SARD,WIND_OFFSHORE,8,SARD__RC8__C01,555.5282330061651,0.2000580690025563,0.0,170.9180472347538,False,170.9180472347538,OFFSHORE_CF_ONLY_DIAGNOSTIC_NOT_SELECTED
2040,Base,SARD,WIND_OFFSHORE,8,SARD__RC8__C02,865.2233797020295,0.2408786889675287,0.0,320.5179373252629,False,320.5179373252629,OFFSHORE_CF_ONLY_DIAGNOSTIC_NOT_SELECTED
2040,Base,SARD,WIND_OFFSHORE,8,SARD__RC8__C03,2419.2569076508016,0.2734628952540884,78.94017998804861,1017.4336835695373,False,1017.4336835695373,OFFSHORE_CF_ONLY_DIAGNOSTIC_NOT_SELECTED
2040,Base,SARD,WIND_OFFSHORE,8,SARD__RC8__C04,1569.3754312587605,0.3085065904017761,1569.3754312587605,744.5896747783798,False,744.5896747783798,OFFSHORE_CF_ONLY_DIAGNOSTIC_NOT_SELECTED
2040,Base,SARD,WIND_OFFSHORE,8,SARD__RC8__C05,853.734395799809,0.3433511340759152,853.734395799809,450.80318866594126,False,450.80318866594126,OFFSHORE_CF_ONLY_DIAGNOSTIC_NOT_SELECTED
2040,Base,SARD,WIND_OFFSHORE,8,SARD__RC8__C06,494.7140429294469,0.3858980690810313,494.7140429294469,293.5976384931234,False,293.5976384931234,OFFSHORE_CF_ONLY_DIAGNOSTIC_NOT_SELECTED
2040,Base,SARD,WIND_OFFSHORE,8,SARD__RC8__C07,3.0093070492884384,0.4281085647094447,3.0093070492884384,1.9812812657490475,False,1.9812812657490475,OFFSHORE_CF_ONLY_DIAGNOSTIC_NOT_SELECTED
2040,Base,SARD,WIND_OFFSHORE,8,SARD__RC8__C08,0.2266429746463847,0.4548776722897457,0.2266429746463847,0.15854866725241698,False,0.15854866725241698,OFFSHORE_CF_ONLY_DIAGNOSTIC_NOT_SELECTED
2040,High,SARD,WIND_OFFSHORE,8,SARD__RC8__C01,555.5282330061651,0.2000580690025563,0.0,188.00985195822918,False,188.00985195822918,OFFSHORE_CF_ONLY_DIAGNOSTIC_NOT_SELECTED
2040,High,SARD,WIND_OFFSHORE,8,SARD__RC8__C02,865.2233797020295,0.2408786889675287,0.0,352.5697310577892,False,352.5697310577892,OFFSHORE_CF_ONLY_DIAGNOSTIC_NOT_SELECTED
2040,High,SARD,WIND_OFFSHORE,8,SARD__RC8__C03,2419.2569076508016,0.2734628952540884,378.9401799880486,1119.177051926491,False,1119.177051926491,OFFSHORE_CF_ONLY_DIAGNOSTIC_NOT_SELECTED
2040,High,SARD,WIND_OFFSHORE,8,SARD__RC8__C04,1569.3754312587605,0.3085065904017761,1569.3754312587605,819.0486422562178,False,819.0486422562178,OFFSHORE_CF_ONLY_DIAGNOSTIC_NOT_SELECTED
2040,High,SARD,WIND_OFFSHORE,8,SARD__RC8__C05,853.734395799809,0.3433511340759152,853.734395799809,495.8835075325354,False,495.8835075325354,OFFSHORE_CF_ONLY_DIAGNOSTIC_NOT_SELECTED
2040,High,SARD,WIND_OFFSHORE,8,SARD__RC8__C06,494.7140429294469,0.3858980690810313,494.7140429294469,322.9574023424357,False,322.9574023424357,OFFSHORE_CF_ONLY_DIAGNOSTIC_NOT_SELECTED
2040,High,SARD,WIND_OFFSHORE,8,SARD__RC8__C07,3.0093070492884384,0.4281085647094447,3.0093070492884384,2.1794093923239526,False,2.1794093923239526,OFFSHORE_CF_ONLY_DIAGNOSTIC_NOT_SELECTED
2040,High,SARD,WIND_OFFSHORE,8,SARD__RC8__C08,0.2266429746463847,0.4548776722897457,0.2266429746463847,0.17440353397765865,False,0.17440353397765865,OFFSHORE_CF_ONLY_DIAGNOSTIC_NOT_SELECTED
2050,Slow,SARD,WIND_OFFSHORE,8,SARD__RC8__C01,555.5282330061651,0.2000580690025563,0.0,134.9353004485138,False,134.9353004485138,OFFSHORE_CF_ONLY_DIAGNOSTIC_NOT_SELECTED
2050,Slow,SARD,WIND_OFFSHORE,8,SARD__RC8__C02,865.2233797020295,0.2408786889675287,0.0,253.04047683577886,False,253.04047683577886,OFFSHORE_CF_ONLY_DIAGNOSTIC_NOT_SELECTED
2050,Slow,SARD,WIND_OFFSHORE,8,SARD__RC8__C03,2419.2569076508016,0.2734628952540884,0.0,803.2371186076722,False,803.2371186076722,OFFSHORE_CF_ONLY_DIAGNOSTIC_NOT_SELECTED
2050,Slow,SARD,WIND_OFFSHORE,8,SARD__RC8__C04,1569.3754312587605,0.3085065904017761,1016.736663878809,587.8339537725095,False,587.8339537725095,OFFSHORE_CF_ONLY_DIAGNOSTIC_NOT_SELECTED
2050,Slow,SARD,WIND_OFFSHORE,8,SARD__RC8__C05,853.734395799809,0.3433511340759152,853.734395799809,355.8972542100169,False,355.8972542100169,OFFSHORE_CF_ONLY_DIAGNOSTIC_NOT_SELECTED
2050,Slow,SARD,WIND_OFFSHORE,8,SARD__RC8__C06,494.7140429294469,0.3858980690810313,494.7140429294469,231.78760933671754,False,231.78760933671754,OFFSHORE_CF_ONLY_DIAGNOSTIC_NOT_SELECTED
2050,Slow,SARD,WIND_OFFSHORE,8,SARD__RC8__C07,3.0093070492884384,0.4281085647094447,3.0093070492884384,1.5641694203284735,False,1.5641694203284735,OFFSHORE_CF_ONLY_DIAGNOSTIC_NOT_SELECTED
2050,Slow,SARD,WIND_OFFSHORE,8,SARD__RC8__C08,0.2266429746463847,0.4548776722897457,0.2266429746463847,0.1251700004624567,False,0.1251700004624567,OFFSHORE_CF_ONLY_DIAGNOSTIC_NOT_SELECTED
2050,Base,SARD,WIND_OFFSHORE,8,SARD__RC8__C01,555.5282330061651,0.2000580690025563,0.0,168.6691255605853,False,168.6691255605853,OFFSHORE_CF_ONLY_DIAGNOSTIC_NOT_SELECTED
2050,Base,SARD,WIND_OFFSHORE,8,SARD__RC8__C02,865.2233797020295,0.2408786889675287,0.0,316.3005960446167,False,316.3005960446167,OFFSHORE_CF_ONLY_DIAGNOSTIC_NOT_SELECTED
2050,Base,SARD,WIND_OFFSHORE,8,SARD__RC8__C03,2419.2569076508016,0.2734628952540884,39.46649577704852,1004.0463982592511,False,1004.0463982592511,OFFSHORE_CF_ONLY_DIAGNOSTIC_NOT_SELECTED
2050,Base,SARD,WIND_OFFSHORE,8,SARD__RC8__C04,1569.3754312587605,0.3085065904017761,1569.3754312587605,734.7924422153887,False,734.7924422153887,OFFSHORE_CF_ONLY_DIAGNOSTIC_NOT_SELECTED
2050,Base,SARD,WIND_OFFSHORE,8,SARD__RC8__C05,853.734395799809,0.3433511340759152,853.734395799809,444.8715677623709,False,444.8715677623709,OFFSHORE_CF_ONLY_DIAGNOSTIC_NOT_SELECTED
2050,Base,SARD,WIND_OFFSHORE,8,SARD__RC8__C06,494.7140429294469,0.3858980690810313,494.7140429294469,289.73451167079907,False,289.73451167079907,OFFSHORE_CF_ONLY_DIAGNOSTIC_NOT_SELECTED
2050,Base,SARD,WIND_OFFSHORE,8,SARD__RC8__C07,3.0093070492884384,0.4281085647094447,3.0093070492884384,1.9552117754099314,False,1.9552117754099314,OFFSHORE_CF_ONLY_DIAGNOSTIC_NOT_SELECTED
2050,Base,SARD,WIND_OFFSHORE,8,SARD__RC8__C08,0.2266429746463847,0.4548776722897457,0.2266429746463847,0.15646250057801803,False,0.15646250057801803,OFFSHORE_CF_ONLY_DIAGNOSTIC_NOT_SELECTED
2050,High,SARD,WIND_OFFSHORE,8,SARD__RC8__C01,555.5282330061651,0.2000580690025563,0.0,185.53603811664954,False,185.53603811664954,OFFSHORE_CF_ONLY_DIAGNOSTIC_NOT_SELECTED
2050,High,SARD,WIND_OFFSHORE,8,SARD__RC8__C02,865.2233797020295,0.2408786889675287,0.0,347.9306556490891,False,347.9306556490891,OFFSHORE_CF_ONLY_DIAGNOSTIC_NOT_SELECTED
2050,High,SARD,WIND_OFFSHORE,8,SARD__RC8__C03,2419.2569076508016,0.2734628952540884,335.5191273560488,1104.4510380852103,False,1104.4510380852103,OFFSHORE_CF_ONLY_DIAGNOSTIC_NOT_SELECTED
2050,High,SARD,WIND_OFFSHORE,8,SARD__RC8__C04,1569.3754312587605,0.3085065904017761,1569.3754312587605,808.2716864369527,False,808.2716864369527,OFFSHORE_CF_ONLY_DIAGNOSTIC_NOT_SELECTED
2050,High,SARD,WIND_OFFSHORE,8,SARD__RC8__C05,853.734395799809,0.3433511340759152,853.734395799809,489.35872453862305,False,489.35872453862305,OFFSHORE_CF_ONLY_DIAGNOSTIC_NOT_SELECTED
2050,High,SARD,WIND_OFFSHORE,8,SARD__RC8__C06,494.7140429294469,0.3858980690810313,494.7140429294469,318.7079628378888,False,318.7079628378888,OFFSHORE_CF_ONLY_DIAGNOSTIC_NOT_SELECTED
2050,High,SARD,WIND_OFFSHORE,8,SARD__RC8__C07,3.0093070492884384,0.4281085647094447,3.0093070492884384,2.1507329529509907,False,2.1507329529509907,OFFSHORE_CF_ONLY_DIAGNOSTIC_NOT_SELECTED
2050,High,SARD,WIND_OFFSHORE,8,SARD__RC8__C08,0.2266429746463847,0.4548776722897457,0.2266429746463847,0.17210875063582515,False,0.17210875063582515,OFFSHORE_CF_ONLY_DIAGNOSTIC_NOT_SELECTED
