technology,zone,site_id,hourly_column,y_index,x_index,latitude,longitude,eligible_area_fraction,cell_area_km2,capacity_per_sqkm,p_nom_max_MW,annual_CF,raw_CF_before_accepted_threshold,accepted_low_threshold,distance_km,weather_year,connection_cost_EUR_per_MW_year,selected_MW,SITE_LCOE,year,scenario,frozen_zone_MW,marginal_cell_partial
WIND_OFFSHORE,CALA,WIND_OFFSHORE__Y016__X073,27,16,73,37.8,15.9,0.0078161560264991,879.7620399761713,2.0,13.752714741289855,0.1961928184827935,0.1962763683043833,0.01,13.981212107138315,2019,87751.53228611447,13.752714741289855,168.0427188581044,2040,Base,600.0,False
WIND_OFFSHORE,CALA,WIND_OFFSHORE__Y016__X074,28,16,74,37.8,16.2,0.0035560789714497,879.7620395142088,2.0,6.257006577192503,0.2151407749711125,0.2152249706147899,0.01,18.22866454376388,2019,89944.47999892863,6.257006577192503,154.40639339353584,2040,Base,600.0,False
WIND_OFFSHORE,CALA,WIND_OFFSHORE__Y018__X072,44,18,72,38.4,15.6,0.0004505162182443,872.6868034006367,2.0,0.7863191167595458,0.208860110103542,0.2089277153759494,0.01,18.24361309319147,2019,89952.19789283474,0.7863191167595458,159.05379039026724,2040,Base,600.0,False
WIND_OFFSHORE,CALA,WIND_OFFSHORE__Y018__X073,45,18,73,38.4,15.9,0.0104877860402955,872.6868029674325,2.0,18.305104939424,0.170497994329683,0.1705685091554304,0.01,0.0,2019,80533.0719101163,16.2896059148569,188.53447283989246,2040,Base,600.0,True
WIND_OFFSHORE,CALA,WIND_OFFSHORE__Y019__X073,49,19,73,38.7,15.9,0.0212645795667569,869.1127397493641,2.0,36.96263401376496,0.1785854289683217,0.1786828689784156,0.01,2.129004125963906,2019,81632.27073535697,36.96263401376496,180.69911406310672,2040,Base,600.0,False
WIND_OFFSHORE,CALA,WIND_OFFSHORE__Y019__X076,52,19,76,38.7,16.8,0.0109607533370878,869.1127383244511,2.0,19.052260693790643,0.1923993330031448,0.1924747191531693,0.01,19.24704088384188,2019,90470.26483091425,19.052260693790643,172.96906239367033,2040,Base,600.0,False
WIND_OFFSHORE,CALA,WIND_OFFSHORE__Y020__X077,62,20,77,39.0,17.1,0.105624773342556,865.5144930061093,2.0,182.83954429693517,0.2574446375785501,0.2575212530465449,0.01,0.0,2019,80533.0719101163,182.83954429693517,124.86082360677617,2040,Base,600.0,False
WIND_OFFSHORE,CALA,WIND_OFFSHORE__Y021__X077,71,21,77,39.3,17.1,0.0773550490573479,861.8921537088293,2.0,133.3434196645795,0.2257659865760744,0.2258391936685872,0.01,0.0,2019,80533.0719101163,133.3434196645795,142.3808341048496,2040,Base,600.0,False
WIND_OFFSHORE,CALA,WIND_OFFSHORE__Y022__X077,80,22,77,39.6,17.1,0.044530730493222,858.2458077562425,2.0,76.43662552426174,0.2329199304299833,0.2329977163716542,0.01,14.556570200272306,2019,88048.58804676466,76.43662552426174,141.69111699594976,2040,Base,600.0,False
WIND_OFFSHORE,CALA,WIND_OFFSHORE__Y023__X076,92,23,76,39.9,16.8,0.0668635267099003,854.5755442454694,2.0,114.2798694565692,0.1852830365875545,0.1853749098739889,0.01,16.113811142231462,2019,88852.5871527989,114.2798694565692,178.6157353777584,2040,Base,600.0,False
WIND_ONSHORE,CALA,WIND_ONSHORE__Y016__X073,32,16,73,37.8,15.9,0.0253038192331129,879.7620399761713,3.0,66.78401888313523,0.1706221916880884,0.1709662277696028,0.01,151.09664798262264,2019,0.0,66.78401888313523,79.49677631583087,2040,Base,3300.0,False
WIND_ONSHORE,CALA,WIND_ONSHORE__Y016__X074,33,16,74,37.8,16.2,0.004054685177066,879.7620395142088,3.0,10.701474302891013,0.200859409593097,0.2011372917651287,0.01,141.44547422338604,2019,0.0,10.701474302891013,67.5293939906659,2040,Base,3300.0,False
WIND_ONSHORE,CALA,WIND_ONSHORE__Y018__X073,48,18,73,38.4,15.9,0.3761470144520128,872.6868029674325,3.0,984.7756064636152,0.1407382256036881,0.1410907491910734,0.01,95.72247530510032,2019,0.0,984.7756064636152,96.37690221660245,2040,Base,3300.0,False
WIND_ONSHORE,CALA,WIND_ONSHORE__Y018__X075,50,18,75,38.4,16.5,0.3754575944499306,872.6868020333969,3.0,982.970662198986,0.1364388823768726,0.1368209533672105,0.01,70.68241884848675,2019,0.0,290.9428913688171,99.41384721752868,2040,Base,3300.0,True
WIND_ONSHORE,CALA,WIND_ONSHORE__Y019__X073,51,19,73,38.7,15.9,0.148933145044817,869.1127397493641,3.0,388.3190811881712,0.155978731737765,0.1562894210974982,0.01,74.91087115139673,2019,0.0,388.3190811881712,86.96002369059359,2040,Base,3300.0,False
WIND_ONSHORE,CALA,WIND_ONSHORE__Y019__X076,54,19,76,38.7,16.8,0.0021330271816099,869.1127383244511,3.0,5.561523284188551,0.1621907878687974,0.1625198600546054,0.01,38.55540076637103,2019,0.0,5.561523284188551,83.6293749193522,2040,Base,3300.0,False
WIND_ONSHORE,CALA,WIND_ONSHORE__Y020__X077,63,20,77,39.0,17.1,0.3332849909789659,865.5144930061093,3.0,865.3889699811161,0.2293664515412272,0.2296376818896354,0.01,39.52337200584908,2019,0.0,865.3889699811161,59.13643480117558,2040,Base,3300.0,False
WIND_ONSHORE,CALA,WIND_ONSHORE__Y021__X077,73,21,77,39.3,17.1,0.2487980292349393,861.8921537088293,3.0,643.3112077674424,0.2054092593158225,0.2057076101668654,0.01,49.630090518118266,2019,0.0,643.3112077674424,66.0336065293429,2040,Base,3300.0,False
WIND_ONSHORE,CALA,WIND_ONSHORE__Y022__X077,83,22,77,39.6,17.1,0.0150921860802578,858.2458077562425,3.0,38.85841629977518,0.2170630876490916,0.2173513281213506,0.01,74.55991552835661,2019,0.0,38.85841629977518,62.48835006471698,2040,Base,3300.0,False
WIND_ONSHORE,CALA,WIND_ONSHORE__Y024__X076,108,24,76,40.2,16.8,0.0020985338013779,850.8814515052895,3.0,5.356810460848121,0.1694048142026273,0.1696775792703059,0.01,130.14331845175715,2019,0.0,5.356810460848121,80.06805633587727,2040,Base,3300.0,False
WIND_OFFSHORE,CNOR,WIND_OFFSHORE__Y031__X056,178,31,56,42.3,10.8,0.0050207350457633,824.3632654171671,2.0,8.277819074239714,0.3074193767013323,0.3074781443595306,0.01,26.64729695893163,2019,94290.99616957991,8.277819074239714,109.67197039432801,2040,Base,800.0,False
WIND_OFFSHORE,CNOR,WIND_OFFSHORE__Y032__X054,186,32,54,42.6,10.2,0.0189881085301488,820.481849206131,2.0,31.158796799486492,0.2753661770631795,0.2754351136911493,0.01,44.13126747431367,2019,103317.9208319966,31.158796799486492,126.1802012239627,2040,Base,800.0,False
WIND_OFFSHORE,CNOR,WIND_OFFSHORE__Y032__X055,187,32,55,42.6,10.5,0.0216956570035669,820.4818491826162,2.0,35.6017855550367,0.2821185373521645,0.2821876615970491,0.01,29.444590158713915,2019,95735.23075868023,35.6017855550367,120.09191618686594,2040,Base,800.0,False
WIND_OFFSHORE,CNOR,WIND_OFFSHORE__Y032__X056,188,32,56,42.6,10.8,0.0588453494372888,820.4818491389336,2.0,96.56308223906689,0.2689364977223236,0.268993392483612,0.01,18.530007821195337,2019,90100.06268310819,96.56308223906689,123.586318692536,2040,Base,800.0,False
WIND_OFFSHORE,CNOR,WIND_OFFSHORE__Y032__X057,189,32,57,42.6,11.1,0.0728935786063393,820.4818490750928,2.0,119.6157163212598,0.2443815508376643,0.2444520448256292,0.01,0.1688228065944675,2019,80620.23464898532,119.6157163212598,131.57580617413706,2040,Base,800.0,False
WIND_OFFSHORE,CNOR,WIND_OFFSHORE__Y033__X053,192,33,53,42.9,9.9,9.803890019309173e-05,816.5774420355704,2.0,0.1601127086793108,0.2720017055967736,0.2720632736063669,0.01,48.39492305468573,2019,105519.23418222505,0.1601127086793108,128.66482227991236,2040,Base,800.0,False
WIND_OFFSHORE,CNOR,WIND_OFFSHORE__Y033__X054,193,33,54,42.9,10.2,0.0444787005214267,816.577442032212,2.0,72.64060699340698,0.2783820708490838,0.2784480661150427,0.01,24.293856080426664,2019,93075.92128204074,72.64060699340698,120.61330494050016,2040,Base,800.0,False
WIND_OFFSHORE,CNOR,WIND_OFFSHORE__Y033__X055,194,33,55,42.9,10.5,0.1987620912019136,816.5774420089228,2.0,324.6092800040058,0.2754448686907617,0.275510710036496,0.01,3.0858743780809648,2019,82126.30014761028,324.6092800040058,117.36150687590178,2040,Base,800.0,False
WIND_OFFSHORE,CNOR,WIND_OFFSHORE__Y034__X054,198,34,54,43.2,10.2,0.0450926680427831,812.6501408076139,2.0,73.28912606871748,0.2577441919571245,0.2578050456575775,0.01,25.13664705268592,2019,93511.05188387149,73.28912606871748,130.46367326101964,2040,Base,800.0,False
WIND_OFFSHORE,CNOR,WIND_OFFSHORE__Y035__X067,206,35,67,43.5,14.1,0.0876231415769656,808.700041305203,2.0,141.72167642516754,0.2576299909464936,0.2576852556316785,0.01,35.772890423684046,2019,99002.51433610218,38.08367423610086,132.95475885376462,2040,Base,800.0,True
WIND_ONSHORE,CNOR,WIND_ONSHORE__Y031__X057,220,31,57,42.3,11.1,0.0003021885523783,824.3632653527178,3.0,0.7473394253724039,0.274083685571821,0.2743126553113262,0.01,124.3420735494455,2019,0.0,0.7473394253724039,49.48822174091237,2040,Base,400.0,False
WIND_ONSHORE,CNOR,WIND_ONSHORE__Y031__X058,221,31,58,42.3,11.4,0.0858854819837965,824.3632652678933,3.0,212.402509101808,0.2547693195696121,0.2550261553273103,0.01,124.88772692208336,2019,0.0,179.78166983198452,53.239982860018735,2040,Base,400.0,True
WIND_ONSHORE,CNOR,WIND_ONSHORE__Y033__X055,245,33,55,42.9,10.5,0.0895897843249691,816.5774420089228,3.0,219.4709907426431,0.2605483836717361,0.2608016979897981,0.01,81.93103186781457,2019,0.0,219.4709907426431,52.05909941177723,2040,Base,400.0,False
WIND_OFFSHORE,CSUD,WIND_OFFSHORE__Y025__X067,114,25,67,40.5,14.1,0.0012530388926956,847.1636236393036,2.0,2.1230579377940595,0.2517740610396573,0.251843036778899,0.01,20.63562658898329,2019,91187.18771388254,2.1230579377940595,132.50361299618206,2040,Base,1600.0,False
WIND_OFFSHORE,CSUD,WIND_OFFSHORE__Y028__X061,153,28,61,41.4,12.3,0.0060193248919169,835.8686111522286,2.0,10.062729474961396,0.2654594308816105,0.2655191149118141,0.01,25.90067551392301,2019,93905.51762341626,10.062729474961396,126.84154512107351,2040,Base,1600.0,False
WIND_OFFSHORE,CSUD,WIND_OFFSHORE__Y029__X060,162,29,60,41.7,12.0,0.0636388159078724,832.0567412748568,2.0,105.90221156578968,0.2808630421698318,0.28092254752163,0.01,19.430454927151565,2019,90564.9609841438,105.90221156578968,118.52731509525505,2040,Base,1600.0,False
WIND_OFFSHORE,CSUD,WIND_OFFSHORE__Y029__X061,163,29,61,41.7,12.3,0.3479273199515136,832.0567411262899,2.0,578.9905439753207,0.2326149375232315,0.2326876808981976,0.01,1.9578528225921477,2019,81543.90580016951,307.71935886405606,138.68473719391008,2040,Base,1600.0,True
WIND_OFFSHORE,CSUD,WIND_OFFSHORE__Y030__X059,168,30,59,42.0,11.7,0.0457948059536192,828.221594448887,2.0,75.85649440876774,0.3001794107782316,0.3002417203192451,0.01,11.37682262262043,2019,86406.89334110767,75.85649440876774,109.31888018817078,2040,Base,1600.0,False
WIND_OFFSHORE,CSUD,WIND_OFFSHORE__Y030__X060,169,30,60,42.0,12.0,0.2449499616898098,828.2215943222219,2.0,405.7456955998029,0.2601213258152697,0.2601803862615287,0.01,0.0,2019,80533.0719101163,405.7456955998029,123.57598663030798,2040,Base,1600.0,False
WIND_OFFSHORE,CSUD,WIND_OFFSHORE__Y031__X056,178,31,56,42.3,10.8,0.0092690493152553,824.3632654171671,2.0,15.282127521673264,0.3074193767013323,0.3074781443595306,0.01,54.43350591598605,2019,108636.93748129901,15.282127521673264,114.99910543335425,2040,Base,1600.0,False
WIND_OFFSHORE,CSUD,WIND_OFFSHORE__Y031__X057,179,31,57,42.3,11.1,0.0716178031364245,824.3632653527178,2.0,118.07817210186204,0.2987745420890588,0.2988318670046875,0.01,30.19540572118705,2019,96122.87471586105,118.07817210186204,113.54517389112301,2040,Base,1600.0,False
WIND_OFFSHORE,CSUD,WIND_OFFSHORE__Y031__X058,180,31,58,42.3,11.4,0.2239080156486583,824.3632652678933,2.0,369.16308579956507,0.2793039801828914,0.2793577385242677,0.01,9.543901611434338,2019,85460.56139290513,369.16308579956507,117.10269312737255,2040,Base,1600.0,False
WIND_OFFSHORE,CSUD,WIND_OFFSHORE__Y031__X059,181,31,59,42.3,11.7,0.1133439298946595,824.3632651627398,2.0,186.87314426867653,0.2511153089964345,0.2511615016315742,0.01,0.0,2019,80533.0719101163,186.87314426867653,128.007924366181,2040,Base,1600.0,False
WIND_OFFSHORE,CSUD,WIND_OFFSHORE__Y031__X070,185,31,70,42.3,15.0,0.001937205720892,824.3632626638059,2.0,3.19392245705114,0.27445598725165,0.2745174705560993,0.01,27.48473414732354,2019,94723.36262790064,3.19392245705114,123.02389909573047,2040,Base,1600.0,False
WIND_ONSHORE,CSUD,WIND_ONSHORE__Y025__X068,121,25,68,40.5,14.4,0.020220910594504,847.1636233354916,3.0,51.391259659149256,0.223872111348619,0.2241286217938803,0.01,176.5397082832729,2019,0.0,51.391259659149256,60.5877798955616,2040,Base,6800.0,False
WIND_ONSHORE,CSUD,WIND_ONSHORE__Y025__X069,122,25,69,40.5,14.7,0.003142043861354,847.1636230102939,3.0,7.985475783725775,0.1854517828971693,0.1857179503655955,0.01,192.1668860688357,2019,0.0,7.985475783725775,73.13984257927467,2040,Base,6800.0,False
WIND_ONSHORE,CSUD,WIND_ONSHORE__Y026__X067,141,26,67,40.8,14.1,0.0133579884438631,843.4221444498029,3.0,33.79926977657613,0.1551209523845851,0.1554010592512461,0.01,134.86193901838186,2019,0.0,33.79926977657613,87.44089047052982,2040,Base,6800.0,False
WIND_ONSHORE,CSUD,WIND_ONSHORE__Y027__X063,159,27,63,41.1,12.9,2.3480755870067243e-05,839.6571100454173,3.0,0.0591473508466278,0.1786661775441612,0.1789715860659926,0.01,81.92960541540928,2019,0.0,0.0591473508466278,75.9176380979672,2040,Base,6800.0,False
WIND_ONSHORE,CSUD,WIND_ONSHORE__Y027__X064,160,27,64,41.1,13.2,0.0002425585087743,839.6571098309729,3.0,0.61099792932707,0.1595590791067753,0.159875416670781,0.01,78.16361896164983,2019,0.0,0.61099792932707,85.0087270688492,2040,Base,6800.0,False
WIND_ONSHORE,CSUD,WIND_ONSHORE__Y028__X062,176,28,62,41.4,12.6,0.0658255270043361,835.868610981437,3.0,165.06447547270645,0.1686002434692591,0.1689252752359835,0.01,66.88484443296116,2019,0.0,165.06447547270645,80.45014602614076,2040,Base,6800.0,False
WIND_ONSHORE,CSUD,WIND_ONSHORE__Y028__X070,184,28,70,41.4,15.0,0.3864014943846265,835.8686088629254,3.0,968.9426387215,0.1436991982364715,0.144003170759266,0.01,157.81004781347906,2019,0.0,968.9426387215,94.39102217413904,2040,Base,6800.0,False
WIND_ONSHORE,CSUD,WIND_ONSHORE__Y028__X071,185,28,71,41.4,15.3,0.021991991738095,835.8686085041835,3.0,55.14724659707092,0.1534765105778938,0.1537496369681128,0.01,182.00056524474925,2019,0.0,55.14724659707092,88.37778599521069,2040,Base,6800.0,False
WIND_ONSHORE,CSUD,WIND_ONSHORE__Y029__X061,190,29,61,41.7,12.3,0.0280124187700522,832.0567411262899,3.0,69.92376561862366,0.2065233489375367,0.2067952648037626,0.01,75.2607655484916,2019,0.0,69.92376561862366,65.67738842568937,2040,Base,6800.0,False
WIND_ONSHORE,CSUD,WIND_ONSHORE__Y030__X059,204,30,59,42.0,11.7,0.0168557056740367,828.221594448887,3.0,41.88077828673549,0.2885397531482051,0.2887636946088485,0.01,125.87072007745395,2019,0.0,41.88077828673549,47.00882307949378,2040,Base,6800.0,False
WIND_ONSHORE,CSUD,WIND_ONSHORE__Y030__X060,205,30,60,42.0,12.0,0.0726811181115162,828.2215943222219,3.0,180.58821455832503,0.2299379856991411,0.2301818552525416,0.01,101.33815881486318,2019,0.0,180.58821455832503,58.98944520150874,2040,Base,6800.0,False
WIND_ONSHORE,CSUD,WIND_ONSHORE__Y030__X061,206,30,61,42.0,12.3,0.3912612593461043,828.221594175007,3.0,972.153071863654,0.1430008619402454,0.1432820842264627,0.01,77.09730423250647,2019,0.0,972.153071863654,94.8519751776925,2040,Base,6800.0,False
WIND_ONSHORE,CSUD,WIND_ONSHORE__Y031__X058,221,31,58,42.3,11.4,0.0595910534752424,824.3632652678933,3.0,147.37402627081346,0.2547693195696121,0.2550261553273103,0.01,158.30574857495324,2019,0.0,147.37402627081346,53.239982860018735,2040,Base,6800.0,False
WIND_ONSHORE,CSUD,WIND_ONSHORE__Y031__X059,222,31,59,42.3,11.7,0.5813562164469132,824.3632651627398,3.0,1437.7461264385015,0.2221503993749939,0.2224259303428076,0.01,135.18195044863907,2019,0.0,1437.7461264385015,61.057347838698455,2040,Base,6800.0,False
WIND_ONSHORE,CSUD,WIND_ONSHORE__Y031__X060,223,31,60,42.3,12.0,0.515876016375926,824.3632650372388,3.0,1275.807711642187,0.1698228341590154,0.170113685006355,0.01,112.8293005417882,2019,0.0,1275.807711642187,79.87096832010275,2040,Base,6800.0,False
WIND_ONSHORE,CSUD,WIND_ONSHORE__Y031__X069,232,31,69,42.3,14.7,0.0483561508541471,824.3632629925783,3.0,119.58910291165836,0.1696517186406592,0.1699605008148667,0.01,136.98040663051643,2019,0.0,119.58910291165836,79.95152843617593,2040,Base,6800.0,False
WIND_ONSHORE,CSUD,WIND_ONSHORE__Y032__X059,236,32,59,42.6,11.7,0.3743111050402501,820.4818488869251,3.0,921.3464025669977,0.1578594274099606,0.158166465761559,0.01,151.36865469662047,2019,0.0,921.3464025669977,85.92400485477076,2040,Base,6800.0,False
WIND_ONSHORE,CSUD,WIND_ONSHORE__Y032__X060,237,32,60,42.6,12.0,0.6702636956899438,820.481848762606,3.0,1649.8175885944256,0.1405561327444595,0.1408421753994958,0.01,131.90564585827087,2019,0.0,350.5902885516029,96.5017601316969,2040,Base,6800.0,True
WIND_OFFSHORE,NORD,WIND_OFFSHORE__Y036__X047,209,36,47,43.8,8.1,0.0438813665169988,804.7272469536192,2.0,70.62506253957443,0.2272770755359738,0.2273494271277396,0.01,10.31233191504596,2019,85857.2997912522,70.62506253957443,144.10841029555377,2040,Base,1500.0,False
WIND_OFFSHORE,NORD,WIND_OFFSHORE__Y038__X063,233,38,63,44.4,12.9,0.0269501503387669,796.7139576807909,2.0,42.94312187298259,0.2403554455542487,0.240416884141666,0.01,44.35339499220991,2019,103432.60464296132,42.94312187298259,144.61437023486425,2040,Base,1500.0,False
WIND_OFFSHORE,NORD,WIND_OFFSHORE__Y039__X062,235,39,62,44.7,12.6,0.5259088225416756,792.6736653175541,2.0,833.7481479738982,0.2226679479521795,0.2227337950628786,0.01,18.665551606938827,2019,90170.0435573775,833.7481479738982,149.30240614146496,2040,Base,1500.0,False
WIND_OFFSHORE,NORD,WIND_OFFSHORE__Y039__X063,236,39,63,44.7,12.9,0.0162364450061594,792.673665145879,2.0,25.7404047439438,0.2384860231028838,0.2385581670361539,0.01,40.50047429533503,2019,101443.35255457803,25.7404047439438,144.79577197158213,2040,Base,1500.0,False
WIND_OFFSHORE,NORD,WIND_OFFSHORE__Y040__X062,238,40,62,45.0,12.6,0.6807260687879749,788.6110755525739,2.0,1073.656234527121,0.2128492205346987,0.2129202922820707,0.01,9.015374124337953,2019,85187.68414206339,286.81059412078605,153.51758313901533,2040,Base,1500.0,True
WIND_OFFSHORE,NORD,WIND_OFFSHORE__Y040__X063,239,40,63,45.0,12.9,0.152250378066419,788.6110753828711,2.0,240.1326687488149,0.2282285820248278,0.2283127000437573,0.01,32.20794911616384,2019,97161.94519417812,240.1326687488149,149.16196028175617,2040,Base,1500.0,False
WIND_ONSHORE,NORD,WIND_ONSHORE__Y036__X047,285,36,47,43.8,8.1,0.0511255817668674,804.7272469536192,3.0,123.42644599246016,0.2104053743857136,0.2107040616228808,0.01,218.35183149863923,2019,0.0,123.42644599246016,64.46562615971735,2040,Base,600.0,False
WIND_ONSHORE,NORD,WIND_ONSHORE__Y037__X048,302,37,48,44.1,8.4,0.0593439530573707,800.7318522657397,3.0,142.55578035719884,0.1763260508741286,0.1766347892844832,0.01,177.29605557480423,2019,0.0,142.55578035719884,76.92518569946004,2040,Base,600.0,False
WIND_ONSHORE,NORD,WIND_ONSHORE__Y040__X061,371,40,61,45.0,12.3,0.3564710737952849,788.6110757038293,3.0,843.3511108889963,0.1549873085994683,0.1553046495801732,0.01,210.8952623771692,2019,0.0,222.30280806406253,87.51628975116817,2040,Base,600.0,True
WIND_ONSHORE,NORD,WIND_ONSHORE__Y042__X065,413,42,65,45.6,13.5,0.0477157810865342,780.4194129099508,3.0,111.71496558627844,0.1561551631731881,0.1564569785440785,0.01,299.50537535675267,2019,0.0,111.71496558627844,86.86177217272899,2040,Base,600.0,False
WIND_OFFSHORE,SARD,WIND_OFFSHORE__Y019__X048,48,19,48,38.7,8.4,0.000130387556891,869.1127437712943,2.0,0.2266429746463847,0.4548776722897579,0.4549160912952922,0.01,28.076670345376392,2019,95028.97761736081,0.2266429746463847,74.30466540070175,2040,Base,3000.0,False
WIND_OFFSHORE,SARD,WIND_OFFSHORE__Y020__X047,53,20,47,39.0,8.1,0.0017384498199977,865.5144987999279,2.0,3.0093070492884384,0.4281085647094566,0.4281486052967257,0.01,32.22783047451212,2019,97172.20988341667,3.0093070492884384,79.52233910207215,2040,Base,3000.0,False
WIND_OFFSHORE,SARD,WIND_OFFSHORE__Y020__X048,54,20,48,39.0,8.4,0.1664640297378745,865.5144989299874,2.0,288.1540625768861,0.3937901807263811,0.3938254831058622,0.01,9.341724050323332,2019,85356.17768835847,288.1540625768861,83.02729202717501,2040,Base,3000.0,False
WIND_OFFSHORE,SARD,WIND_OFFSHORE__Y020__X049,55,20,49,39.0,8.7,0.1001398222102471,865.514499037728,2.0,173.34493610805842,0.3074799218683379,0.3075198114585772,0.01,0.0,2019,80533.0719101163,173.34493610805842,104.5425967519598,2040,Base,3000.0,False
WIND_OFFSHORE,SARD,WIND_OFFSHORE__Y020__X050,56,20,50,39.0,9.0,0.2120659649368044,865.5144991231973,2.0,367.0923348467117,0.3033222194348317,0.3033745955878586,0.01,0.0,2019,80533.0719101163,367.0923348467117,105.97558444976369,2040,Base,3000.0,False
WIND_OFFSHORE,SARD,WIND_OFFSHORE__Y020__X051,57,20,51,39.0,9.3,0.0444916056768071,865.5144991863606,2.0,77.01625961071751,0.3261269517677896,0.3261683240978652,0.01,17.871926069570865,2019,89760.29693090683,77.01625961071751,101.794977357258,2040,Base,3000.0,False
WIND_OFFSHORE,SARD,WIND_OFFSHORE__Y020__X052,58,20,52,39.0,9.6,0.0009260918475278,865.5144992272551,2.0,1.603091843303022,0.3602254391110434,0.3602704118178788,0.01,12.749632887486207,2019,87115.6714087573,1.603091843303022,91.32111230488854,2040,Base,3000.0,False
WIND_OFFSHORE,SARD,WIND_OFFSHORE__Y021__X047,63,21,47,39.3,8.1,0.0023237310270781,861.8921594601228,2.0,4.005611105865703,0.378618174153176,0.3786680269956324,0.01,24.641870372970164,2019,93255.60007968402,4.005611105865703,88.73608076184426,2040,Base,3000.0,False
WIND_OFFSHORE,SARD,WIND_OFFSHORE__Y021__X048,64,21,48,39.3,8.4,0.1520862366262653,861.8921595892126,2.0,262.16386985921565,0.2957267641265316,0.2957845241570322,0.01,2.951791863629404,2019,82057.07372358738,262.16386985921565,109.2857536463444,2040,Base,3000.0,False
WIND_OFFSHORE,SARD,WIND_OFFSHORE__Y021__X053,68,21,53,39.3,9.9,0.0013806201427617,861.8921599027768,2.0,2.379891353700473,0.3216211921987098,0.3216783108859951,0.01,23.137439641401453,2019,92478.86673631973,2.379891353700473,104.1859973859362,2040,Base,3000.0,False
WIND_OFFSHORE,SARD,WIND_OFFSHORE__Y022__X047,72,22,47,39.6,8.1,0.000552659338164,858.2458134643003,2.0,0.9486351265025272,0.3519472448892659,0.352003457447701,0.01,28.511536255681573,2019,95253.49766028381,0.9486351265025272,96.1086181830155,2040,Base,3000.0,False
WIND_OFFSHORE,SARD,WIND_OFFSHORE__Y023__X047,83,23,47,39.9,8.1,0.0349397843272992,854.5755494051614,2.0,59.717370775199136,0.3488460120262052,0.348907747343409,0.01,25.850821985536783,2019,93879.77838732558,59.717370775199136,96.5134900510057,2040,Base,3000.0,False
WIND_OFFSHORE,SARD,WIND_OFFSHORE__Y025__X047,110,25,47,40.5,8.1,0.0428663682055148,847.1636252121973,2.0,72.62965577732966,0.3084174178052545,0.3084907405273162,0.01,8.77782108987945,2019,85065.03618040624,72.62965577732966,105.90224518794601,2040,Base,3000.0,False
WIND_OFFSHORE,SARD,WIND_OFFSHORE__Y026__X047,123,26,47,40.8,8.1,0.111574988063199,843.4221460097367,2.0,188.2096317465482,0.3349510248707282,0.3350125575446331,0.01,5.590335602030566,2019,83419.34641353982,188.2096317465482,96.95218244082315,2040,Base,3000.0,False
WIND_OFFSHORE,SARD,WIND_OFFSHORE__Y026__X048,124,26,48,40.8,8.4,0.2780012586802848,843.4221461338573,2.0,468.94483644807895,0.2919599280523529,0.2920074544768605,0.01,0.0,2019,80533.0719101163,78.94017998804878,110.09986779912384,2040,Base,3000.0,True
WIND_OFFSHORE,SARD,WIND_OFFSHORE__Y026__X053,127,26,53,40.8,9.9,0.0753412196677885,843.4221464352942,2.0,127.08890641451843,0.3391541501219975,0.3392000607933229,0.01,15.655162004619656,2019,88615.78789669962,127.08890641451843,97.49971787951083,2040,Base,3000.0,False
WIND_OFFSHORE,SARD,WIND_OFFSHORE__Y027__X047,135,27,47,41.1,8.1,0.0115850886302762,839.6571106079696,2.0,19.455004090869984,0.3566026117736474,0.3566643374200646,0.01,16.700885526894197,2019,89155.69200171881,19.455004090869984,92.90191868894507,2040,Base,3000.0,False
WIND_OFFSHORE,SARD,WIND_OFFSHORE__Y027__X048,136,27,48,41.1,8.4,0.2000307727422072,839.6571107310396,2.0,335.9145213960378,0.343462573006298,0.3435190749138381,0.01,21.38664591441351,2019,91574.93687330335,335.9145213960378,97.26019361223659,2040,Base,3000.0,False
WIND_OFFSHORE,SARD,WIND_OFFSHORE__Y027__X049,137,27,49,41.1,8.7,0.0798219641347719,839.6571108330194,2.0,134.04615957283906,0.3213246197849194,0.3213772300064712,0.01,17.392662774738596,2019,89512.85464357819,134.04615957283906,103.22843875624318,2040,Base,3000.0,False
WIND_OFFSHORE,SARD,WIND_OFFSHORE__Y027__X050,138,27,50,41.1,9.0,0.2261821302913222,839.657110913882,2.0,379.83086812151777,0.310517852165237,0.3105725954918023,0.01,0.0,2019,80533.0719101163,379.83086812151777,103.51981136369724,2040,Base,3000.0,False
WIND_OFFSHORE,SARD,WIND_OFFSHORE__Y027__X051,139,27,51,41.1,9.3,0.0600670527828311,839.6571109736715,2.0,100.87145600867004,0.3233440654323811,0.3233896086035562,0.01,0.0,2019,80533.0719101163,100.87145600867004,99.41345123567139,2040,Base,3000.0,False
WIND_OFFSHORE,SARD,WIND_OFFSHORE__Y027__X052,140,27,52,41.1,9.6,0.1186820485762642,839.6571110123677,2.0,199.304452073151,0.3738689180243235,0.3739204653794817,0.01,2.6547875782351067,2019,81903.7312487582,199.304452073151,86.39717260512269,2040,Base,3000.0,False
WIND_OFFSHORE,SARD,WIND_OFFSHORE__Y028__X050,150,28,50,41.4,9.0,0.0095440624790984,835.8686116507187,2.0,15.955164507823412,0.3453820555440726,0.345429362348888,0.01,22.693840625382016,2019,92249.83781554876,15.955164507823412,96.94273138470759,2040,Base,3000.0,False
WIND_OFFSHORE,SARD,WIND_OFFSHORE__Y028__X051,151,28,51,41.4,9.3,0.062714443651932,835.8686117099651,2.0,104.84206989900647,0.3575376280548374,0.3575770729509584,0.01,16.82560891256568,2019,89220.08633395057,104.84206989900647,92.67952571791001,2040,Base,3000.0,False
WIND_OFFSHORE,SARD,WIND_OFFSHORE__Y028__X052,152,28,52,41.4,9.6,0.001944035897428,835.8686117483287,2.0,3.2499171735441346,0.4054499823290434,0.4054914232737442,0.01,27.754144782270554,2019,94862.45857883358,3.2499171735441346,83.31613192096029,2040,Base,3000.0,False
WIND_ONSHORE,SARD,WIND_ONSHORE__Y020__X048,55,20,48,39.0,8.4,0.0407399246609406,865.5144989299874,3.0,105.78298643807844,0.3654721518851208,0.3656337709496699,0.01,131.9766485027404,2019,0.0,105.78298643807844,37.113400124145,2040,Base,3500.0,False
WIND_ONSHORE,SARD,WIND_ONSHORE__Y020__X051,58,20,51,39.0,9.3,0.0005722159746604,865.5144991863606,3.0,1.4857836682040413,0.2869470505891034,0.2871196937099659,0.01,118.69341510017992,2019,0.0,1.4857836682040413,47.2697460360649,2040,Base,3500.0,False
WIND_ONSHORE,SARD,WIND_ONSHORE__Y020__X052,59,20,52,39.0,9.6,0.0020146338694356,865.5144992272551,3.0,5.231084473892651,0.3224339011232143,0.3226209515102841,0.01,125.16012710204892,2019,0.0,5.231084473892651,42.06727071779433,2040,Base,3500.0,False
WIND_ONSHORE,SARD,WIND_ONSHORE__Y025__X047,114,25,47,40.5,8.1,0.0195027875145006,847.1636252121973,3.0,49.56615651758254,0.2913063865146865,0.2915369494644382,0.01,98.14583129054851,2019,0.0,49.56615651758254,46.5623646959108,2040,Base,3500.0,False
WIND_ONSHORE,SARD,WIND_ONSHORE__Y026__X047,135,26,47,40.8,8.1,0.147889588036879,843.4221460097367,3.0,374.2000611436811,0.3201612425584056,0.3203966060380693,0.01,117.91811280939862,2019,0.0,374.2000611436811,42.36588444858493,2040,Base,3500.0,False
WIND_ONSHORE,SARD,WIND_ONSHORE__Y026__X048,136,26,48,40.8,8.4,0.4442929578279418,843.4221461338573,3.0,1124.179560010206,0.2688793046849143,0.2691143121260284,0.01,100.9572947904765,2019,0.0,8.837133408137902,50.446107122448986,2040,Base,3500.0,True
WIND_ONSHORE,SARD,WIND_ONSHORE__Y027__X049,155,27,49,41.1,8.7,1.2657673876108571e-05,839.6571108330194,3.0,0.0318843176300397,0.2930058655900798,0.2932261106245116,0.01,119.5253783816224,2019,0.0,0.0318843176300397,46.29229582086569,2040,Base,3500.0,False
WIND_ONSHORE,SARD,WIND_ONSHORE__Y027__X050,156,27,50,41.1,9.0,0.3790183041929584,839.657110913882,3.0,954.7362428464148,0.2763986952607748,0.2766133645634928,0.01,114.87794497162952,2019,0.0,954.7362428464148,49.07372733560697,2040,Base,3500.0,False
WIND_ONSHORE,SARD,WIND_ONSHORE__Y027__X051,157,27,51,41.1,9.3,0.6950777778528354,839.6571109736715,3.0,1750.8809965617338,0.2896606875606046,0.2898558384248598,0.01,115.80955620547904,2019,0.0,1750.8809965617338,46.82690744599872,2040,Base,3500.0,False
WIND_ONSHORE,SARD,WIND_ONSHORE__Y027__X052,158,27,52,41.1,9.6,0.0976617677155462,839.6571110123677,3.0,246.00719320918927,0.3521381296919689,0.352346036173546,0.01,122.1927460971668,2019,0.0,246.00719320918927,38.518731893674094,2040,Base,3500.0,False
WIND_ONSHORE,SARD,WIND_ONSHORE__Y028__X051,175,28,51,41.4,9.3,0.0012922594811587,835.8686117099651,3.0,3.2404774154555063,0.3348613226964419,0.3350283744873993,0.01,148.70116346322,2019,0.0,3.2404774154555063,40.50606411610196,2040,Base,3500.0,False
WIND_OFFSHORE,SICI,WIND_OFFSHORE__Y012__X068,0,12,68,36.6,14.4,0.0017315776548074,893.6185876104291,2.0,3.0947399564537124,0.3166034726352466,0.316649798806692,0.01,22.310766184221343,2019,92052.05756206386,3.0947399564537124,105.6833075856629,2040,Base,3000.0,False
WIND_OFFSHORE,SICI,WIND_OFFSHORE__Y012__X069,1,12,69,36.6,14.7,0.069302590775291,893.6185872541407,2.0,123.8601665233349,0.3052350031704963,0.3053029563758442,0.01,12.910586704058325,2019,87198.7714102728,123.8601665233349,107.80439248410836,2040,Base,3000.0,False
WIND_OFFSHORE,SICI,WIND_OFFSHORE__Y012__X070,2,12,70,36.6,15.0,0.1098948965891018,893.61858687432,2.0,196.40824438930548,0.3052782586013083,0.3053331538699754,0.01,8.582863137554748,2019,84964.37993951257,196.40824438930548,106.95359280343833,2040,Base,3000.0,False
WIND_OFFSHORE,SICI,WIND_OFFSHORE__Y012__X071,3,12,71,36.6,15.3,0.0064544681392454,893.6185864710498,2.0,11.535665390029898,0.3207018712230735,0.320749935807692,0.01,16.903741775823395,2019,89260.42611087172,11.535665390029898,103.33903779670209,2040,Base,3000.0,False
WIND_OFFSHORE,SICI,WIND_OFFSHORE__Y013__X066,4,13,66,36.9,13.8,0.0250579564776921,890.1914017540676,2.0,44.61275480393846,0.3278304186708636,0.3278807103391496,0.01,23.41231165586025,2019,92620.78238209043,44.61275480393846,102.26209404783307,2040,Base,3000.0,False
WIND_OFFSHORE,SICI,WIND_OFFSHORE__Y013__X067,5,13,67,36.9,14.1,0.1879700034106496,890.1914014465718,2.0,334.6585615320862,0.2799678824866022,0.2800375277014389,0.01,21.71945963963619,2019,91746.76766091309,334.6585615320862,119.38816495303692,2040,Base,3000.0,False
WIND_OFFSHORE,SICI,WIND_OFFSHORE__Y013__X068,6,13,68,36.9,14.4,0.2435016338942291,890.1914011157479,2.0,433.5261213005554,0.2445982139233534,0.2446560115631768,0.01,1.89312984885558,2019,81510.48951138467,292.2709978170176,131.87474395482084,2040,Base,3000.0,True
WIND_OFFSHORE,SICI,WIND_OFFSHORE__Y014__X064,10,14,64,37.2,13.2,0.0673058094169073,886.739527313267,2.0,119.36544325557044,0.3397652735765682,0.3398254468996949,0.01,21.172961634622222,2019,91464.6122823575,119.36544325557044,98.28150436403483,2040,Base,3000.0,False
WIND_OFFSHORE,SICI,WIND_OFFSHORE__Y014__X065,11,14,65,37.2,13.5,0.2330021854979692,886.7395270540454,2.0,413.2244955420565,0.2651890707269882,0.2652517071329697,0.01,9.684479786487396,2019,85533.14150817515,413.2244955420565,123.36682500606523,2040,Base,3000.0,False
WIND_OFFSHORE,SICI,WIND_OFFSHORE__Y015__X061,17,15,61,37.5,12.3,0.0170083551927616,883.2630470948031,2.0,30.04570326725875,0.4313739150355354,0.4314131111688311,0.01,26.3413826044999,2019,94133.05345123813,30.04570326725875,78.11612528026205,2040,Base,3000.0,False
WIND_OFFSHORE,SICI,WIND_OFFSHORE__Y015__X062,18,15,62,37.5,12.6,0.2025592419202363,883.2630469064355,2.0,357.8261863950515,0.3910737657053747,0.3911129979330638,0.01,9.223819498479386,2019,85295.30390079888,357.8261863950515,83.58623394524265,2040,Base,3000.0,False
WIND_OFFSHORE,SICI,WIND_OFFSHORE__Y015__X063,19,15,63,37.5,12.9,0.2202269839809366,883.2630466949906,2.0,389.036713670902,0.3277023262093254,0.3277483904486402,0.01,8.160987715006987,2019,84746.5668487782,389.036713670902,99.55907982561016,2040,Base,3000.0,False
WIND_OFFSHORE,SICI,WIND_OFFSHORE__Y016__X061,23,16,61,37.8,12.3,0.2100846525689911,879.762043733812,2.0,369.64900660240687,0.3987700788138488,0.3988135562600307,0.01,11.124654458200157,2019,86276.6996290742,369.64900660240687,82.25395155898507,2040,Base,3000.0,False
WIND_OFFSHORE,SICI,WIND_OFFSHORE__Y016__X062,24,16,62,37.8,12.6,0.066693969642532,879.7620435466742,2.0,117.34964604990778,0.3019700866719449,0.3020232120387614,0.01,0.0,2019,80533.0719101163,117.34964604990778,106.4501117825199,2040,Base,3000.0,False
WIND_OFFSHORE,SICI,WIND_OFFSHORE__Y017__X061,29,17,61,38.1,12.3,0.0220845682531631,876.236601975738,2.0,38.7026140845058,0.3742601906881601,0.3743102671649788,0.01,20.41624687536184,2019,91073.92258651453,38.7026140845058,89.10390088803688,2040,Base,3000.0,False
WIND_OFFSHORE,SICI,WIND_OFFSHORE__Y017__X062,30,17,62,38.1,12.6,0.0903631852382698,876.2366017898362,2.0,158.3590607201741,0.2890658830286087,0.2891179421467933,0.01,3.4894109733289604,2019,82334.64495353562,158.3590607201741,111.91361694256199,2040,Base,3000.0,False
WIND_ONSHORE,SICI,WIND_ONSHORE__Y012__X069,0,12,69,36.6,14.7,0.0130266706690286,893.6185872541407,3.0,34.922625119647066,0.2890684467799748,0.289317610094658,0.01,108.42081517929716,2019,0.0,34.922625119647066,46.92284598418655,2040,Base,6300.0,False
WIND_ONSHORE,SICI,WIND_ONSHORE__Y012__X070,1,12,70,36.6,15.0,0.0764344488315716,893.61858687432,3.0,204.9097324601597,0.285720652976637,0.2859806662175482,0.01,123.10773117333892,2019,0.0,204.9097324601597,47.47264177733027,2040,Base,6300.0,False
WIND_ONSHORE,SICI,WIND_ONSHORE__Y013__X068,2,13,68,36.9,14.4,0.2718758324600055,890.1914011157479,3.0,726.064584681248,0.2182949964041721,0.2185398351344759,0.01,67.36560243455756,2019,0.0,726.064584681248,62.135708241481005,2040,Base,6300.0,False
WIND_ONSHORE,SICI,WIND_ONSHORE__Y013__X071,5,13,71,36.9,15.3,0.0566688105811484,890.1913999832144,3.0,151.33826347984848,0.2151592401737688,0.2154421554500345,0.01,121.3777023849833,2019,0.0,151.33826347984848,63.04128140715767,2040,Base,6300.0,False
WIND_ONSHORE,SICI,WIND_ONSHORE__Y014__X065,6,14,65,37.2,13.5,0.0747704263327217,886.7395270540454,3.0,198.90567745172103,0.2324874761683835,0.2327159262453928,0.01,64.66238569278504,2019,0.0,198.90567745172103,58.34255862161306,2040,Base,6300.0,False
WIND_ONSHORE,SICI,WIND_ONSHORE__Y015__X062,13,15,62,37.5,12.6,0.0568954975838636,883.2630469064355,3.0,150.76107165354338,0.3776985233593967,0.3778775244168545,0.01,137.08117502238784,2019,0.0,150.76107165354338,35.912012804556625,2040,Base,6300.0,False
WIND_ONSHORE,SICI,WIND_ONSHORE__Y015__X063,14,15,63,37.5,12.9,0.2282638389035983,883.2630466949906,3.0,604.8510414008604,0.3109846933208215,0.3111782584196959,0.01,110.35182461166195,2019,0.0,604.8510414008604,43.61601872524261,2040,Base,6300.0,False
WIND_ONSHORE,SICI,WIND_ONSHORE__Y015__X064,15,15,64,37.5,13.2,0.4135422732568354,883.2630464605031,3.0,1095.7998243511029,0.184574563699097,0.184844409358789,0.01,83.62687727108643,2019,0.0,1095.7998243511029,73.48745100791558,2040,Base,6300.0,False
WIND_ONSHORE,SICI,WIND_ONSHORE__Y016__X062,22,16,62,37.8,12.6,0.6101331044906985,879.7620435466742,3.0,1610.3158405266404,0.2608530254687493,0.2610467729740721,0.01,141.22384238824506,2019,0.0,1610.3158405266404,51.99830127624787,2040,Base,6300.0,False
WIND_ONSHORE,SICI,WIND_ONSHORE__Y016__X063,23,16,63,37.8,12.9,0.8344564318201811,879.7620433365959,3.0,2202.369286600462,0.1797054697762444,0.1799979709239741,0.01,115.61011144809324,2019,0.0,1188.4847111770302,75.47858295038841,2040,Base,6300.0,True
WIND_ONSHORE,SICI,WIND_ONSHORE__Y017__X062,34,17,62,38.1,12.6,0.1266455577537578,876.2366017898362,3.0,332.9144194737936,0.255931351114795,0.2561751717278179,0.01,152.59129382680973,2019,0.0,332.9144194737936,52.998251867395695,2040,Base,6300.0,False
WIND_ONSHORE,SICI,WIND_ONSHORE__Y018__X071,47,18,71,38.4,15.3,0.0002796758322329,872.6868038112628,3.0,0.7322082244038324,0.1816655646196543,0.1819740593366308,0.01,145.29087919614904,2019,0.0,0.7322082244038324,74.66420086571162,2040,Base,6300.0,False
WIND_OFFSHORE,SUD,WIND_OFFSHORE__Y022__X080,81,22,80,39.6,18.0,0.000548210467995,858.2458060998702,2.0,0.9409986700336826,0.3581937990786686,0.3582440320723716,0.01,31.765254942068538,2019,96933.3834407404,0.9409986700336826,94.96795100942788,2040,Base,4700.0,False
WIND_OFFSHORE,SUD,WIND_OFFSHORE__Y022__X081,82,22,81,39.6,18.3,0.0005584861306736,858.2458055040064,2.0,0.9586367581656946,0.3481473365996433,0.3482038134013035,0.01,21.55293765929784,2019,91660.79283215044,0.9586367581656946,95.97958606852634,2040,Base,4700.0,False
WIND_OFFSHORE,SUD,WIND_OFFSHORE__Y023__X080,93,23,80,39.9,18.0,0.0988149135592229,854.5755420975499,2.0,168.88961664439103,0.3421244684856889,0.3421759745519233,0.01,5.256479081547404,2019,83246.97723367838,168.88961664439103,94.86183834977287,2040,Base,4700.0,False
WIND_OFFSHORE,SUD,WIND_OFFSHORE__Y023__X081,94,23,81,39.9,18.3,0.1269370063602993,854.5755415063121,2.0,216.95452189508603,0.3314084544090859,0.3314760921818584,0.01,0.0,2019,80533.0719101163,216.95452189508603,96.99435561630764,2040,Base,4700.0,False
WIND_OFFSHORE,SUD,WIND_OFFSHORE__Y023__X082,95,23,82,39.9,18.6,0.0098896213805004,854.5755408933657,2.0,16.902857080943456,0.3645448967941283,0.3645850267465133,0.01,17.40816319109847,2019,89520.85746482486,16.902857080943456,90.99222809074915,2040,Base,4700.0,False
WIND_OFFSHORE,SUD,WIND_OFFSHORE__Y024__X078,105,24,78,40.2,17.4,0.0540531912858214,850.8814504828965,2.0,91.98571560901838,0.2948479223225652,0.2949052803863126,0.01,13.903683797383204,2019,87711.50463846154,91.98571560901838,111.80070394408183,2040,Base,4700.0,False
WIND_OFFSHORE,SUD,WIND_OFFSHORE__Y024__X079,106,24,79,40.2,17.7,0.2143588225828695,850.881449939397,2.0,364.787891533228,0.2975438100496579,0.2975893902912729,0.01,11.186281788489977,2019,86308.51764587894,364.787891533228,110.24946858800858,2040,Base,4700.0,False
WIND_OFFSHORE,SUD,WIND_OFFSHORE__Y024__X080,107,24,80,40.2,18.0,0.2043238566740681,850.8814493743637,2.0,347.7107586171816,0.2982764094015687,0.298322413018539,0.01,0.0,2019,80533.0719101163,347.7107586171816,107.7683265186734,2040,Base,4700.0,False
WIND_OFFSHORE,SUD,WIND_OFFSHORE__Y024__X081,108,24,81,40.2,18.3,0.0198831262783939,850.8814487878468,2.0,33.83636658838313,0.3144760934671787,0.3145298212975982,0.01,0.0,2019,80533.0719101163,33.83636658838313,102.216830305928,2040,Base,4700.0,False
WIND_OFFSHORE,SUD,WIND_OFFSHORE__Y024__X082,109,24,82,40.2,18.6,0.0287692514728304,850.8814481797785,2.0,48.95844471250041,0.3660683710909231,0.3661243731288353,0.01,10.164577240310097,2019,85781.01446943774,48.95844471250041,89.44730620802177,2040,Base,4700.0,False
WIND_OFFSHORE,SUD,WIND_OFFSHORE__Y025__X080,121,25,80,40.5,18.0,0.0586349115309311,847.1636180209601,2.0,99.34672758976508,0.2949157206957182,0.2949591937391185,0.01,0.0,2019,80533.0719101163,99.34672758976508,108.99639193656745,2040,Base,4700.0,False
WIND_OFFSHORE,SUD,WIND_OFFSHORE__Y025__X081,122,25,81,40.5,18.3,0.0864453837961972,847.1636174391907,2.0,146.46676809541128,0.3341263414024593,0.3341707306409497,0.01,8.250297378911023,2019,84792.67717634815,146.46676809541128,97.66068024799004,2040,Base,4700.0,False
WIND_OFFSHORE,SUD,WIND_OFFSHORE__Y026__X078,132,26,78,40.8,17.4,0.0457561014267197,843.4221399684062,2.0,77.18341796387085,0.29097687062869,0.2910230697044503,0.01,0.0,2019,80533.0719101163,77.18341796387085,110.47183720050745,2040,Base,4700.0,False
WIND_OFFSHORE,SUD,WIND_OFFSHORE__Y026__X079,133,26,79,40.8,17.7,0.0507264021982671,843.4221394338122,2.0,85.567541335685,0.3325944471416777,0.3326466344789323,0.01,3.9976770674634334,2019,82597.0613043397,85.567541335685,97.35690113630649,2040,Base,4700.0,False
WIND_OFFSHORE,SUD,WIND_OFFSHORE__Y026__X080,134,26,80,40.8,18.0,0.03310448331629,843.4221388780715,2.0,55.84210825015749,0.3584917272950506,0.3585365705373953,0.01,14.017818587823555,2019,87770.43210884131,55.84210825015749,91.97124966054493,2040,Base,4700.0,False
WIND_OFFSHORE,SUD,WIND_OFFSHORE__Y027__X077,148,27,77,41.1,17.1,0.0670603682068938,839.6571051268537,2.0,112.61542927468278,0.2987566489235,0.2988104633450327,0.01,3.9596152411351615,2019,82577.41009076228,112.61542927468278,108.37623710234628,2040,Base,4700.0,False
WIND_OFFSHORE,SUD,WIND_OFFSHORE__Y027__X078,149,27,78,41.1,17.4,0.0351084768156135,839.6571046178339,2.0,58.95816398108091,0.325908505450328,0.3259459730182051,0.01,17.57161881062585,2019,89605.24914014965,58.95816398108091,101.80889911250857,2040,Base,4700.0,False
WIND_OFFSHORE,SUD,WIND_OFFSHORE__Y028__X076,161,28,76,41.4,16.8,0.0018050187512354,835.8686063976363,2.0,3.017517016233481,0.3184666636148104,0.3185192753529043,0.01,25.785382880638068,2019,93845.99236204161,3.017517016233481,105.70804767038487,2040,Base,4700.0,False
WIND_OFFSHORE,SUD,WIND_OFFSHORE__Y029__X074,166,29,74,41.7,16.2,0.5026590850092469,832.0567373109653,2.0,836.4817565050183,0.2896474175474334,0.2897102073593854,0.01,6.75007367235388,2019,84018.11590813115,836.4817565050183,112.35241049131481,2040,Base,4700.0,False
WIND_OFFSHORE,SUD,WIND_OFFSHORE__Y029__X075,167,29,75,41.7,16.5,0.1141365934722223,832.0567368727505,2.0,189.93624304453795,0.357062939647121,0.3571126459071994,0.01,27.285412317963367,2019,94620.45332960215,189.93624304453795,94.52926724468072,2040,Base,4700.0,False
WIND_OFFSHORE,SUD,WIND_OFFSHORE__Y030__X071,173,30,71,42.0,15.3,0.4030202826372405,828.2215915742116,2.0,667.5801998450079,0.2783605033380063,0.2784295282182678,0.01,8.887597505260661,2019,85121.71343403604,534.996511144077,117.36064066207959,2040,Base,4700.0,True
WIND_OFFSHORE,SUD,WIND_OFFSHORE__Y030__X072,174,30,72,42.0,15.6,0.3649111303254292,828.2215912013794,2.0,604.4545540104418,0.2850028711693225,0.2850731057526623,0.01,8.106516787280905,2019,84718.44366243202,604.4545540104418,114.46387017389313,2040,Base,4700.0,False
WIND_OFFSHORE,SUD,WIND_OFFSHORE__Y030__X073,175,30,73,42.0,15.9,0.2439233762170862,828.2215908080815,2.0,404.04521337158656,0.298412802091312,0.2984605062152893,0.01,7.5823916728194,2019,84447.83934416449,404.04521337158656,109.21663049438311,2040,Base,4700.0,False
WIND_OFFSHORE,SUD,WIND_OFFSHORE__Y030__X074,176,30,74,42.0,16.2,0.1197181355963538,828.2215903943181,2.0,198.3062893253096,0.3541648889315597,0.3541930221216019,0.01,10.781603105996885,2019,86099.58318353027,198.3062893253096,92.55631204012207,2040,Base,4700.0,False
WIND_OFFSHORE,SUD,WIND_OFFSHORE__Y030__X075,177,30,75,42.0,16.5,0.00051674032263,828.2215899600852,2.0,0.8559509832103155,0.3747436951996362,0.3747804394089482,0.01,29.49479714895767,2019,95761.15248613102,0.8559509832103155,90.41677092316137,2040,Base,4700.0,False
WIND_ONSHORE,SUD,WIND_ONSHORE__Y023__X080,94,23,80,39.9,18.0,0.110409607320317,854.5755420975499,3.0,283.0600500856127,0.330580262006871,0.3307753433531576,0.01,174.60926511180023,2019,0.0,283.0600500856127,41.03062331913471,2040,Base,13200.0,False
WIND_ONSHORE,SUD,WIND_ONSHORE__Y023__X081,95,23,81,39.9,18.3,0.2799131349427307,854.5755415063121,3.0,717.6207566052406,0.3016163359278848,0.3018527583193058,0.01,194.69562045691148,2019,0.0,717.6207566052406,44.970754536279024,2040,Base,13200.0,False
WIND_ONSHORE,SUD,WIND_ONSHORE__Y023__X082,96,23,82,39.9,18.6,7.190427933594762e-05,854.5755408933657,3.0,0.1843429152181953,0.3415733259629545,0.3417760680749463,0.01,215.93714155504892,2019,0.0,0.1843429152181953,39.71010959039543,2040,Base,13200.0,False
WIND_ONSHORE,SUD,WIND_ONSHORE__Y024__X078,109,24,78,40.2,17.4,0.0116688237781715,850.8814504828965,3.0,29.78635710539977,0.2688490150181893,0.2690679595079258,0.01,114.584164513632,2019,0.0,29.78635710539977,50.45179059416344,2040,Base,13200.0,False
WIND_ONSHORE,SUD,WIND_ONSHORE__Y024__X079,110,24,79,40.2,17.7,0.0694755873195492,850.881449939397,3.0,177.34646542154775,0.2646463799900768,0.2648743445139701,0.01,133.90002448197671,2019,0.0,177.34646542154775,51.252974658687485,2040,Base,13200.0,False
WIND_ONSHORE,SUD,WIND_ONSHORE__Y024__X080,111,24,80,40.2,18.0,0.4109123679773085,850.8814493743637,3.0,1048.9131336911526,0.2539278210359904,0.2541308693360016,0.01,155.01145963230712,2019,0.0,1048.9131336911526,53.41641633360965,2040,Base,13200.0,False
WIND_ONSHORE,SUD,WIND_ONSHORE__Y024__X081,112,24,81,40.2,18.3,0.4811975751040783,850.8814487878468,3.0,1228.3262695732706,0.2752005606672815,0.2753999079912186,0.01,177.27724955051443,2019,0.0,1228.3262695732706,49.28737853678869,2040,Base,13200.0,False
WIND_ONSHORE,SUD,WIND_ONSHORE__Y024__X082,113,24,82,40.2,18.6,0.0567572683768894,850.8814481797785,3.0,144.88112013376806,0.3330469084296627,0.333222392721349,0.01,200.31196159591352,2019,0.0,144.88112013376806,40.72673807752638,2040,Base,13200.0,False
WIND_ONSHORE,SUD,WIND_ONSHORE__Y025__X078,131,25,78,40.5,17.4,0.5730682348064301,847.1636191204628,3.0,1456.4476794047716,0.2215547693938289,0.2218167820207389,0.01,94.27670552348528,2019,0.0,1456.4476794047716,61.22149500214092,2040,Base,13200.0,False
WIND_ONSHORE,SUD,WIND_ONSHORE__Y025__X079,132,25,79,40.5,17.7,0.8124176789322952,847.1636185813763,3.0,2064.752102051298,0.2341457647496416,0.2343500241054928,0.01,116.95744474189472,2019,0.0,2064.752102051298,57.92935960916434,2040,Base,13200.0,False
WIND_ONSHORE,SUD,WIND_ONSHORE__Y025__X080,133,25,80,40.5,18.0,0.5544732164046023,847.1636180209601,3.0,1409.188608315125,0.2439079661993916,0.2440995303283767,0.01,140.58489718327348,2019,0.0,1409.188608315125,55.61078803000824,2040,Base,13200.0,False
WIND_ONSHORE,SUD,WIND_ONSHORE__Y025__X081,134,25,81,40.5,18.3,0.087589920184238,847.1636174391907,3.0,222.6089809034673,0.2921816734237252,0.2923870906604759,0.01,164.75130288635967,2019,0.0,222.6089809034673,46.42287809569166,2040,Base,13200.0,False
WIND_ONSHORE,SUD,WIND_ONSHORE__Y026__X077,151,26,77,40.8,17.1,0.4867706947634854,843.4221404817944,3.0,1231.659543903687,0.2118240732030891,0.2120522309077193,0.01,57.89691400644244,2019,0.0,481.8147477145615,64.03386547165583,2040,Base,13200.0,True
WIND_ONSHORE,SUD,WIND_ONSHORE__Y026__X078,152,26,78,40.8,17.4,0.4820688201249236,843.4221399684062,3.0,1219.7625476454232,0.2535154453849145,0.2537241771160003,0.01,82.73464011179873,2019,0.0,1219.7625476454232,53.50330504143677,2040,Base,13200.0,False
WIND_ONSHORE,SUD,WIND_ONSHORE__Y026__X079,153,26,79,40.8,17.7,0.2455444163882948,843.4221394338122,3.0,621.2927909887273,0.2922075706132208,0.2924015842891739,0.01,107.82777529044986,2019,0.0,621.2927909887273,46.41876382148427,2040,Base,13200.0,False
WIND_ONSHORE,SUD,WIND_ONSHORE__Y026__X080,154,26,80,40.8,18.0,0.0085780805665097,843.4221388780715,3.0,21.70482917662233,0.3180429040565893,0.3182332580772055,0.01,133.03081130078175,2019,0.0,21.70482917662233,42.64806425214681,2040,Base,13200.0,False
WIND_ONSHORE,SUD,WIND_ONSHORE__Y027__X076,172,27,76,41.1,16.8,0.2998938729969861,839.6571056149154,3.0,755.4240641768893,0.2194592474543639,0.2196976417865242,0.01,36.16320693631084,2019,0.0,755.4240641768893,61.80607271956208,2040,Base,13200.0,False
WIND_ONSHORE,SUD,WIND_ONSHORE__Y027__X077,173,27,77,41.1,17.1,0.1930123431081582,839.6571051268537,3.0,486.1925558038415,0.2623026216404801,0.2625280912087592,0.01,59.273297342850086,2019,0.0,486.1925558038415,51.71093648364634,2040,Base,13200.0,False
WIND_ONSHORE,SUD,WIND_ONSHORE__Y027__X078,174,27,78,41.1,17.4,0.0024996755151606,839.6571046178339,3.0,6.296610916631668,0.2932572134292268,0.293454583169278,0.01,83.68009310732951,2019,0.0,6.296610916631668,46.25261915481656,2040,Base,13200.0,False
WIND_ONSHORE,SUD,WIND_ONSHORE__Y028__X075,189,28,75,41.4,16.5,0.012711855907281,835.8686068606274,3.0,31.87632386349611,0.2430215171786533,0.2432649655083892,0.01,52.360742820326,2019,0.0,31.87632386349611,55.81363479503542,2040,Base,13200.0,False
WIND_ONSHORE,SUD,WIND_ONSHORE__Y029__X074,203,29,74,41.7,16.2,0.022128311646785,832.0567373109653,3.0,55.23603237307263,0.2551909737606678,0.2553958768969405,0.01,87.40549274975015,2019,0.0,55.23603237307263,53.15201398880892,2040,Base,13200.0,False
WIND_ONSHORE,SUD,WIND_ONSHORE__Y030__X071,216,30,71,42.0,15.3,0.1098799712468913,828.2215915742116,3.0,273.0148940046869,0.252836053655586,0.2530687497608137,0.01,151.56880871409484,2019,0.0,273.0148940046869,53.64707291951958,2040,Base,13200.0,False
WIND_ONSHORE,SUD,WIND_ONSHORE__Y030__X072,217,30,72,42.0,15.6,0.0913880592100069,828.2215912013794,3.0,227.06869144715347,0.2563051087960115,0.2565422025808692,0.01,137.2836673260877,2019,0.0,227.06869144715347,52.92096701022084,2040,Base,13200.0,False
WIND_ONSHORE,SUD,WIND_ONSHORE__Y030__X073,218,30,73,42.0,15.9,0.0725628217313713,828.2215908080815,3.0,180.2942869436389,0.2678268158705297,0.2680111957364023,0.01,126.44262648882324,2019,0.0,180.2942869436389,50.64434703096244,2040,Base,13200.0,False
WIND_ONSHORE,SUD,WIND_ONSHORE__Y030__X074,219,30,74,42.0,16.2,0.0229027913138927,828.2215903943181,3.0,56.90575873938434,0.3270647022986662,0.3272225266483882,0.01,119.98253157749772,2019,0.0,56.90575873938434,41.47165411557804,2040,Base,13200.0,False
WIND_OFFSHORE,CALA,WIND_OFFSHORE__Y016__X073,27,16,73,37.8,15.9,0.0078161560264991,879.7620399761713,2.0,13.752714741289855,0.1961928184827935,0.1962763683043833,0.01,13.981212107138315,2019,87751.53228611447,13.752714741289855,168.0427188581044,2040,High,660.0,False
WIND_OFFSHORE,CALA,WIND_OFFSHORE__Y016__X074,28,16,74,37.8,16.2,0.0035560789714497,879.7620395142088,2.0,6.257006577192503,0.2151407749711125,0.2152249706147899,0.01,18.22866454376388,2019,89944.47999892863,6.257006577192503,154.40639339353584,2040,High,660.0,False
WIND_OFFSHORE,CALA,WIND_OFFSHORE__Y018__X072,44,18,72,38.4,15.6,0.0004505162182443,872.6868034006367,2.0,0.7863191167595458,0.208860110103542,0.2089277153759494,0.01,18.24361309319147,2019,89952.19789283474,0.7863191167595458,159.05379039026724,2040,High,660.0,False
WIND_OFFSHORE,CALA,WIND_OFFSHORE__Y018__X073,45,18,73,38.4,15.9,0.0104877860402955,872.6868029674325,2.0,18.305104939424,0.170497994329683,0.1705685091554304,0.01,0.0,2019,80533.0719101163,18.305104939424,188.53447283989246,2040,High,660.0,False
WIND_OFFSHORE,CALA,WIND_OFFSHORE__Y018__X075,47,18,75,38.4,16.5,0.0877948865104018,872.6868020333969,2.0,153.23487748729528,0.1609079162786375,0.1610110323073111,0.01,0.0,2019,80533.0719101163,57.98450097543291,199.77108786582036,2040,High,660.0,True
WIND_OFFSHORE,CALA,WIND_OFFSHORE__Y019__X073,49,19,73,38.7,15.9,0.0212645795667569,869.1127397493641,2.0,36.96263401376496,0.1785854289683217,0.1786828689784156,0.01,2.129004125963906,2019,81632.27073535697,36.96263401376496,180.69911406310672,2040,High,660.0,False
WIND_OFFSHORE,CALA,WIND_OFFSHORE__Y019__X076,52,19,76,38.7,16.8,0.0109607533370878,869.1127383244511,2.0,19.052260693790643,0.1923993330031448,0.1924747191531693,0.01,19.24704088384188,2019,90470.26483091425,19.052260693790643,172.96906239367033,2040,High,660.0,False
WIND_OFFSHORE,CALA,WIND_OFFSHORE__Y020__X077,62,20,77,39.0,17.1,0.105624773342556,865.5144930061093,2.0,182.83954429693517,0.2574446375785501,0.2575212530465449,0.01,0.0,2019,80533.0719101163,182.83954429693517,124.86082360677617,2040,High,660.0,False
WIND_OFFSHORE,CALA,WIND_OFFSHORE__Y021__X077,71,21,77,39.3,17.1,0.0773550490573479,861.8921537088293,2.0,133.3434196645795,0.2257659865760744,0.2258391936685872,0.01,0.0,2019,80533.0719101163,133.3434196645795,142.3808341048496,2040,High,660.0,False
WIND_OFFSHORE,CALA,WIND_OFFSHORE__Y022__X077,80,22,77,39.6,17.1,0.044530730493222,858.2458077562425,2.0,76.43662552426174,0.2329199304299833,0.2329977163716542,0.01,14.556570200272306,2019,88048.58804676466,76.43662552426174,141.69111699594976,2040,High,660.0,False
WIND_OFFSHORE,CALA,WIND_OFFSHORE__Y023__X076,92,23,76,39.9,16.8,0.0668635267099003,854.5755442454694,2.0,114.2798694565692,0.1852830365875545,0.1853749098739889,0.01,16.113811142231462,2019,88852.5871527989,114.2798694565692,178.6157353777584,2040,High,660.0,False
WIND_ONSHORE,CALA,WIND_ONSHORE__Y016__X073,32,16,73,37.8,15.9,0.0253038192331129,879.7620399761713,3.0,66.78401888313523,0.1706221916880884,0.1709662277696028,0.01,151.09664798262264,2019,0.0,66.78401888313523,79.49677631583087,2040,High,3630.0,False
WIND_ONSHORE,CALA,WIND_ONSHORE__Y016__X074,33,16,74,37.8,16.2,0.004054685177066,879.7620395142088,3.0,10.701474302891013,0.200859409593097,0.2011372917651287,0.01,141.44547422338604,2019,0.0,10.701474302891013,67.5293939906659,2040,High,3630.0,False
WIND_ONSHORE,CALA,WIND_ONSHORE__Y018__X073,48,18,73,38.4,15.9,0.3761470144520128,872.6868029674325,3.0,984.7756064636152,0.1407382256036881,0.1410907491910734,0.01,95.72247530510032,2019,0.0,984.7756064636152,96.37690221660245,2040,High,3630.0,False
WIND_ONSHORE,CALA,WIND_ONSHORE__Y018__X075,50,18,75,38.4,16.5,0.3754575944499306,872.6868020333969,3.0,982.970662198986,0.1364388823768726,0.1368209533672105,0.01,70.68241884848675,2019,0.0,620.9428913688173,99.41384721752868,2040,High,3630.0,True
WIND_ONSHORE,CALA,WIND_ONSHORE__Y019__X073,51,19,73,38.7,15.9,0.148933145044817,869.1127397493641,3.0,388.3190811881712,0.155978731737765,0.1562894210974982,0.01,74.91087115139673,2019,0.0,388.3190811881712,86.96002369059359,2040,High,3630.0,False
WIND_ONSHORE,CALA,WIND_ONSHORE__Y019__X076,54,19,76,38.7,16.8,0.0021330271816099,869.1127383244511,3.0,5.561523284188551,0.1621907878687974,0.1625198600546054,0.01,38.55540076637103,2019,0.0,5.561523284188551,83.6293749193522,2040,High,3630.0,False
WIND_ONSHORE,CALA,WIND_ONSHORE__Y020__X077,63,20,77,39.0,17.1,0.3332849909789659,865.5144930061093,3.0,865.3889699811161,0.2293664515412272,0.2296376818896354,0.01,39.52337200584908,2019,0.0,865.3889699811161,59.13643480117558,2040,High,3630.0,False
WIND_ONSHORE,CALA,WIND_ONSHORE__Y021__X077,73,21,77,39.3,17.1,0.2487980292349393,861.8921537088293,3.0,643.3112077674424,0.2054092593158225,0.2057076101668654,0.01,49.630090518118266,2019,0.0,643.3112077674424,66.0336065293429,2040,High,3630.0,False
WIND_ONSHORE,CALA,WIND_ONSHORE__Y022__X077,83,22,77,39.6,17.1,0.0150921860802578,858.2458077562425,3.0,38.85841629977518,0.2170630876490916,0.2173513281213506,0.01,74.55991552835661,2019,0.0,38.85841629977518,62.48835006471698,2040,High,3630.0,False
WIND_ONSHORE,CALA,WIND_ONSHORE__Y024__X076,108,24,76,40.2,16.8,0.0020985338013779,850.8814515052895,3.0,5.356810460848121,0.1694048142026273,0.1696775792703059,0.01,130.14331845175715,2019,0.0,5.356810460848121,80.06805633587727,2040,High,3630.0,False
WIND_OFFSHORE,CNOR,WIND_OFFSHORE__Y031__X056,178,31,56,42.3,10.8,0.0050207350457633,824.3632654171671,2.0,8.277819074239714,0.3074193767013323,0.3074781443595306,0.01,26.64729695893163,2019,94290.99616957991,8.277819074239714,109.67197039432801,2040,High,880.0,False
WIND_OFFSHORE,CNOR,WIND_OFFSHORE__Y032__X054,186,32,54,42.6,10.2,0.0189881085301488,820.481849206131,2.0,31.158796799486492,0.2753661770631795,0.2754351136911493,0.01,44.13126747431367,2019,103317.9208319966,31.158796799486492,126.1802012239627,2040,High,880.0,False
WIND_OFFSHORE,CNOR,WIND_OFFSHORE__Y032__X055,187,32,55,42.6,10.5,0.0216956570035669,820.4818491826162,2.0,35.6017855550367,0.2821185373521645,0.2821876615970491,0.01,29.444590158713915,2019,95735.23075868023,35.6017855550367,120.09191618686594,2040,High,880.0,False
WIND_OFFSHORE,CNOR,WIND_OFFSHORE__Y032__X056,188,32,56,42.6,10.8,0.0588453494372888,820.4818491389336,2.0,96.56308223906689,0.2689364977223236,0.268993392483612,0.01,18.530007821195337,2019,90100.06268310819,96.56308223906689,123.586318692536,2040,High,880.0,False
WIND_OFFSHORE,CNOR,WIND_OFFSHORE__Y032__X057,189,32,57,42.6,11.1,0.0728935786063393,820.4818490750928,2.0,119.6157163212598,0.2443815508376643,0.2444520448256292,0.01,0.1688228065944675,2019,80620.23464898532,119.6157163212598,131.57580617413706,2040,High,880.0,False
WIND_OFFSHORE,CNOR,WIND_OFFSHORE__Y033__X053,192,33,53,42.9,9.9,9.803890019309173e-05,816.5774420355704,2.0,0.1601127086793108,0.2720017055967736,0.2720632736063669,0.01,48.39492305468573,2019,105519.23418222505,0.1601127086793108,128.66482227991236,2040,High,880.0,False
WIND_OFFSHORE,CNOR,WIND_OFFSHORE__Y033__X054,193,33,54,42.9,10.2,0.0444787005214267,816.577442032212,2.0,72.64060699340698,0.2783820708490838,0.2784480661150427,0.01,24.293856080426664,2019,93075.92128204074,72.64060699340698,120.61330494050016,2040,High,880.0,False
WIND_OFFSHORE,CNOR,WIND_OFFSHORE__Y033__X055,194,33,55,42.9,10.5,0.1987620912019136,816.5774420089228,2.0,324.6092800040058,0.2754448686907617,0.275510710036496,0.01,3.0858743780809648,2019,82126.30014761028,324.6092800040058,117.36150687590178,2040,High,880.0,False
WIND_OFFSHORE,CNOR,WIND_OFFSHORE__Y034__X054,198,34,54,43.2,10.2,0.0450926680427831,812.6501408076139,2.0,73.28912606871748,0.2577441919571245,0.2578050456575775,0.01,25.13664705268592,2019,93511.05188387149,73.28912606871748,130.46367326101964,2040,High,880.0,False
WIND_OFFSHORE,CNOR,WIND_OFFSHORE__Y035__X067,206,35,67,43.5,14.1,0.0876231415769656,808.700041305203,2.0,141.72167642516754,0.2576299909464936,0.2576852556316785,0.01,35.772890423684046,2019,99002.51433610218,118.08367423610086,132.95475885376462,2040,High,880.0,True
WIND_ONSHORE,CNOR,WIND_ONSHORE__Y031__X057,220,31,57,42.3,11.1,0.0003021885523783,824.3632653527178,3.0,0.7473394253724039,0.274083685571821,0.2743126553113262,0.01,124.3420735494455,2019,0.0,0.7473394253724039,49.48822174091237,2040,High,440.0,False
WIND_ONSHORE,CNOR,WIND_ONSHORE__Y031__X058,221,31,58,42.3,11.4,0.0858854819837965,824.3632652678933,3.0,212.402509101808,0.2547693195696121,0.2550261553273103,0.01,124.88772692208336,2019,0.0,212.402509101808,53.239982860018735,2040,High,440.0,False
WIND_ONSHORE,CNOR,WIND_ONSHORE__Y031__X059,222,31,59,42.3,11.7,0.0087121722167075,824.3632651627398,3.0,21.54598420567531,0.2221503993749939,0.2224259303428076,0.01,130.15638137329816,2019,0.0,5.669489967102178,61.057347838698455,2040,High,440.0,True
WIND_ONSHORE,CNOR,WIND_ONSHORE__Y032__X056,233,32,56,42.6,10.8,0.0006945799653656,820.4818491389336,3.0,1.7096707630743162,0.238334364488565,0.238591960051987,0.01,96.91425973636686,2019,0.0,1.7096707630743162,56.91128191375678,2040,High,440.0,False
WIND_ONSHORE,CNOR,WIND_ONSHORE__Y033__X055,245,33,55,42.9,10.5,0.0895897843249691,816.5774420089228,3.0,219.4709907426431,0.2605483836717361,0.2608016979897981,0.01,81.93103186781457,2019,0.0,219.4709907426431,52.05909941177723,2040,High,440.0,False
WIND_OFFSHORE,CSUD,WIND_OFFSHORE__Y025__X067,114,25,67,40.5,14.1,0.0012530388926956,847.1636236393036,2.0,2.1230579377940595,0.2517740610396573,0.251843036778899,0.01,20.63562658898329,2019,91187.18771388254,2.1230579377940595,132.50361299618206,2040,High,1760.0,False
WIND_OFFSHORE,CSUD,WIND_OFFSHORE__Y028__X061,153,28,61,41.4,12.3,0.0060193248919169,835.8686111522286,2.0,10.062729474961396,0.2654594308816105,0.2655191149118141,0.01,25.90067551392301,2019,93905.51762341626,10.062729474961396,126.84154512107351,2040,High,1760.0,False
WIND_OFFSHORE,CSUD,WIND_OFFSHORE__Y029__X060,162,29,60,41.7,12.0,0.0636388159078724,832.0567412748568,2.0,105.90221156578968,0.2808630421698318,0.28092254752163,0.01,19.430454927151565,2019,90564.9609841438,105.90221156578968,118.52731509525505,2040,High,1760.0,False
WIND_OFFSHORE,CSUD,WIND_OFFSHORE__Y029__X061,163,29,61,41.7,12.3,0.3479273199515136,832.0567411262899,2.0,578.9905439753207,0.2326149375232315,0.2326876808981976,0.01,1.9578528225921477,2019,81543.90580016951,467.71935886405606,138.68473719391008,2040,High,1760.0,True
WIND_OFFSHORE,CSUD,WIND_OFFSHORE__Y030__X059,168,30,59,42.0,11.7,0.0457948059536192,828.221594448887,2.0,75.85649440876774,0.3001794107782316,0.3002417203192451,0.01,11.37682262262043,2019,86406.89334110767,75.85649440876774,109.31888018817078,2040,High,1760.0,False
WIND_OFFSHORE,CSUD,WIND_OFFSHORE__Y030__X060,169,30,60,42.0,12.0,0.2449499616898098,828.2215943222219,2.0,405.7456955998029,0.2601213258152697,0.2601803862615287,0.01,0.0,2019,80533.0719101163,405.7456955998029,123.57598663030798,2040,High,1760.0,False
WIND_OFFSHORE,CSUD,WIND_OFFSHORE__Y031__X056,178,31,56,42.3,10.8,0.0092690493152553,824.3632654171671,2.0,15.282127521673264,0.3074193767013323,0.3074781443595306,0.01,54.43350591598605,2019,108636.93748129901,15.282127521673264,114.99910543335425,2040,High,1760.0,False
WIND_OFFSHORE,CSUD,WIND_OFFSHORE__Y031__X057,179,31,57,42.3,11.1,0.0716178031364245,824.3632653527178,2.0,118.07817210186204,0.2987745420890588,0.2988318670046875,0.01,30.19540572118705,2019,96122.87471586105,118.07817210186204,113.54517389112301,2040,High,1760.0,False
WIND_OFFSHORE,CSUD,WIND_OFFSHORE__Y031__X058,180,31,58,42.3,11.4,0.2239080156486583,824.3632652678933,2.0,369.16308579956507,0.2793039801828914,0.2793577385242677,0.01,9.543901611434338,2019,85460.56139290513,369.16308579956507,117.10269312737255,2040,High,1760.0,False
WIND_OFFSHORE,CSUD,WIND_OFFSHORE__Y031__X059,181,31,59,42.3,11.7,0.1133439298946595,824.3632651627398,2.0,186.87314426867653,0.2511153089964345,0.2511615016315742,0.01,0.0,2019,80533.0719101163,186.87314426867653,128.007924366181,2040,High,1760.0,False
WIND_OFFSHORE,CSUD,WIND_OFFSHORE__Y031__X070,185,31,70,42.3,15.0,0.001937205720892,824.3632626638059,2.0,3.19392245705114,0.27445598725165,0.2745174705560993,0.01,27.48473414732354,2019,94723.36262790064,3.19392245705114,123.02389909573047,2040,High,1760.0,False
WIND_ONSHORE,CSUD,WIND_ONSHORE__Y025__X068,121,25,68,40.5,14.4,0.020220910594504,847.1636233354916,3.0,51.391259659149256,0.223872111348619,0.2241286217938803,0.01,176.5397082832729,2019,0.0,51.391259659149256,60.5877798955616,2040,High,7480.0,False
WIND_ONSHORE,CSUD,WIND_ONSHORE__Y025__X069,122,25,69,40.5,14.7,0.003142043861354,847.1636230102939,3.0,7.985475783725775,0.1854517828971693,0.1857179503655955,0.01,192.1668860688357,2019,0.0,7.985475783725775,73.13984257927467,2040,High,7480.0,False
WIND_ONSHORE,CSUD,WIND_ONSHORE__Y026__X067,141,26,67,40.8,14.1,0.0133579884438631,843.4221444498029,3.0,33.79926977657613,0.1551209523845851,0.1554010592512461,0.01,134.86193901838186,2019,0.0,33.79926977657613,87.44089047052982,2040,High,7480.0,False
WIND_ONSHORE,CSUD,WIND_ONSHORE__Y027__X063,159,27,63,41.1,12.9,2.3480755870067243e-05,839.6571100454173,3.0,0.0591473508466278,0.1786661775441612,0.1789715860659926,0.01,81.92960541540928,2019,0.0,0.0591473508466278,75.9176380979672,2040,High,7480.0,False
WIND_ONSHORE,CSUD,WIND_ONSHORE__Y027__X064,160,27,64,41.1,13.2,0.0002425585087743,839.6571098309729,3.0,0.61099792932707,0.1595590791067753,0.159875416670781,0.01,78.16361896164983,2019,0.0,0.61099792932707,85.0087270688492,2040,High,7480.0,False
WIND_ONSHORE,CSUD,WIND_ONSHORE__Y028__X062,176,28,62,41.4,12.6,0.0658255270043361,835.868610981437,3.0,165.06447547270645,0.1686002434692591,0.1689252752359835,0.01,66.88484443296116,2019,0.0,165.06447547270645,80.45014602614076,2040,High,7480.0,False
WIND_ONSHORE,CSUD,WIND_ONSHORE__Y028__X070,184,28,70,41.4,15.0,0.3864014943846265,835.8686088629254,3.0,968.9426387215,0.1436991982364715,0.144003170759266,0.01,157.81004781347906,2019,0.0,968.9426387215,94.39102217413904,2040,High,7480.0,False
WIND_ONSHORE,CSUD,WIND_ONSHORE__Y028__X071,185,28,71,41.4,15.3,0.021991991738095,835.8686085041835,3.0,55.14724659707092,0.1534765105778938,0.1537496369681128,0.01,182.00056524474925,2019,0.0,55.14724659707092,88.37778599521069,2040,High,7480.0,False
WIND_ONSHORE,CSUD,WIND_ONSHORE__Y029__X061,190,29,61,41.7,12.3,0.0280124187700522,832.0567411262899,3.0,69.92376561862366,0.2065233489375367,0.2067952648037626,0.01,75.2607655484916,2019,0.0,69.92376561862366,65.67738842568937,2040,High,7480.0,False
WIND_ONSHORE,CSUD,WIND_ONSHORE__Y030__X059,204,30,59,42.0,11.7,0.0168557056740367,828.221594448887,3.0,41.88077828673549,0.2885397531482051,0.2887636946088485,0.01,125.87072007745395,2019,0.0,41.88077828673549,47.00882307949378,2040,High,7480.0,False
WIND_ONSHORE,CSUD,WIND_ONSHORE__Y030__X060,205,30,60,42.0,12.0,0.0726811181115162,828.2215943222219,3.0,180.58821455832503,0.2299379856991411,0.2301818552525416,0.01,101.33815881486318,2019,0.0,180.58821455832503,58.98944520150874,2040,High,7480.0,False
WIND_ONSHORE,CSUD,WIND_ONSHORE__Y030__X061,206,30,61,42.0,12.3,0.3912612593461043,828.221594175007,3.0,972.153071863654,0.1430008619402454,0.1432820842264627,0.01,77.09730423250647,2019,0.0,972.153071863654,94.8519751776925,2040,High,7480.0,False
WIND_ONSHORE,CSUD,WIND_ONSHORE__Y031__X058,221,31,58,42.3,11.4,0.0595910534752424,824.3632652678933,3.0,147.37402627081346,0.2547693195696121,0.2550261553273103,0.01,158.30574857495324,2019,0.0,147.37402627081346,53.239982860018735,2040,High,7480.0,False
WIND_ONSHORE,CSUD,WIND_ONSHORE__Y031__X059,222,31,59,42.3,11.7,0.5813562164469132,824.3632651627398,3.0,1437.7461264385015,0.2221503993749939,0.2224259303428076,0.01,135.18195044863907,2019,0.0,1437.7461264385015,61.057347838698455,2040,High,7480.0,False
WIND_ONSHORE,CSUD,WIND_ONSHORE__Y031__X060,223,31,60,42.3,12.0,0.515876016375926,824.3632650372388,3.0,1275.807711642187,0.1698228341590154,0.170113685006355,0.01,112.8293005417882,2019,0.0,1275.807711642187,79.87096832010275,2040,High,7480.0,False
WIND_ONSHORE,CSUD,WIND_ONSHORE__Y031__X069,232,31,69,42.3,14.7,0.0483561508541471,824.3632629925783,3.0,119.58910291165836,0.1696517186406592,0.1699605008148667,0.01,136.98040663051643,2019,0.0,119.58910291165836,79.95152843617593,2040,High,7480.0,False
WIND_ONSHORE,CSUD,WIND_ONSHORE__Y032__X059,236,32,59,42.6,11.7,0.3743111050402501,820.4818488869251,3.0,921.3464025669977,0.1578594274099606,0.158166465761559,0.01,151.36865469662047,2019,0.0,921.3464025669977,85.92400485477076,2040,High,7480.0,False
WIND_ONSHORE,CSUD,WIND_ONSHORE__Y032__X060,237,32,60,42.6,12.0,0.6702636956899438,820.481848762606,3.0,1649.8175885944256,0.1405561327444595,0.1408421753994958,0.01,131.90564585827087,2019,0.0,1030.590288551603,96.5017601316969,2040,High,7480.0,True
WIND_OFFSHORE,NORD,WIND_OFFSHORE__Y036__X047,209,36,47,43.8,8.1,0.0438813665169988,804.7272469536192,2.0,70.62506253957443,0.2272770755359738,0.2273494271277396,0.01,10.31233191504596,2019,85857.2997912522,70.62506253957443,144.10841029555377,2040,High,1650.0,False
WIND_OFFSHORE,NORD,WIND_OFFSHORE__Y038__X063,233,38,63,44.4,12.9,0.0269501503387669,796.7139576807909,2.0,42.94312187298259,0.2403554455542487,0.240416884141666,0.01,44.35339499220991,2019,103432.60464296132,42.94312187298259,144.61437023486425,2040,High,1650.0,False
WIND_OFFSHORE,NORD,WIND_OFFSHORE__Y039__X062,235,39,62,44.7,12.6,0.5259088225416756,792.6736653175541,2.0,833.7481479738982,0.2226679479521795,0.2227337950628786,0.01,18.665551606938827,2019,90170.0435573775,833.7481479738982,149.30240614146496,2040,High,1650.0,False
WIND_OFFSHORE,NORD,WIND_OFFSHORE__Y039__X063,236,39,63,44.7,12.9,0.0162364450061594,792.673665145879,2.0,25.7404047439438,0.2384860231028838,0.2385581670361539,0.01,40.50047429533503,2019,101443.35255457803,25.7404047439438,144.79577197158213,2040,High,1650.0,False
WIND_OFFSHORE,NORD,WIND_OFFSHORE__Y040__X062,238,40,62,45.0,12.6,0.6807260687879749,788.6110755525739,2.0,1073.656234527121,0.2128492205346987,0.2129202922820707,0.01,9.015374124337953,2019,85187.68414206339,436.81059412078605,153.51758313901533,2040,High,1650.0,True
WIND_OFFSHORE,NORD,WIND_OFFSHORE__Y040__X063,239,40,63,45.0,12.9,0.152250378066419,788.6110753828711,2.0,240.1326687488149,0.2282285820248278,0.2283127000437573,0.01,32.20794911616384,2019,97161.94519417812,240.1326687488149,149.16196028175617,2040,High,1650.0,False
WIND_ONSHORE,NORD,WIND_ONSHORE__Y036__X047,285,36,47,43.8,8.1,0.0511255817668674,804.7272469536192,3.0,123.42644599246016,0.2104053743857136,0.2107040616228808,0.01,218.35183149863923,2019,0.0,123.42644599246016,64.46562615971735,2040,High,660.0,False
WIND_ONSHORE,NORD,WIND_ONSHORE__Y037__X048,302,37,48,44.1,8.4,0.0593439530573707,800.7318522657397,3.0,142.55578035719884,0.1763260508741286,0.1766347892844832,0.01,177.29605557480423,2019,0.0,142.55578035719884,76.92518569946004,2040,High,660.0,False
WIND_ONSHORE,NORD,WIND_ONSHORE__Y040__X061,371,40,61,45.0,12.3,0.3564710737952849,788.6110757038293,3.0,843.3511108889963,0.1549873085994683,0.1553046495801732,0.01,210.8952623771692,2019,0.0,282.30280806406245,87.51628975116817,2040,High,660.0,True
WIND_ONSHORE,NORD,WIND_ONSHORE__Y042__X065,413,42,65,45.6,13.5,0.0477157810865342,780.4194129099508,3.0,111.71496558627844,0.1561551631731881,0.1564569785440785,0.01,299.50537535675267,2019,0.0,111.71496558627844,86.86177217272899,2040,High,660.0,False
WIND_OFFSHORE,SARD,WIND_OFFSHORE__Y019__X048,48,19,48,38.7,8.4,0.000130387556891,869.1127437712943,2.0,0.2266429746463847,0.4548776722897579,0.4549160912952922,0.01,28.076670345376392,2019,95028.97761736081,0.2266429746463847,74.30466540070175,2040,High,3300.0,False
WIND_OFFSHORE,SARD,WIND_OFFSHORE__Y020__X047,53,20,47,39.0,8.1,0.0017384498199977,865.5144987999279,2.0,3.0093070492884384,0.4281085647094566,0.4281486052967257,0.01,32.22783047451212,2019,97172.20988341667,3.0093070492884384,79.52233910207215,2040,High,3300.0,False
WIND_OFFSHORE,SARD,WIND_OFFSHORE__Y020__X048,54,20,48,39.0,8.4,0.1664640297378745,865.5144989299874,2.0,288.1540625768861,0.3937901807263811,0.3938254831058622,0.01,9.341724050323332,2019,85356.17768835847,288.1540625768861,83.02729202717501,2040,High,3300.0,False
WIND_OFFSHORE,SARD,WIND_OFFSHORE__Y020__X049,55,20,49,39.0,8.7,0.1001398222102471,865.514499037728,2.0,173.34493610805842,0.3074799218683379,0.3075198114585772,0.01,0.0,2019,80533.0719101163,173.34493610805842,104.5425967519598,2040,High,3300.0,False
WIND_OFFSHORE,SARD,WIND_OFFSHORE__Y020__X050,56,20,50,39.0,9.0,0.2120659649368044,865.5144991231973,2.0,367.0923348467117,0.3033222194348317,0.3033745955878586,0.01,0.0,2019,80533.0719101163,367.0923348467117,105.97558444976369,2040,High,3300.0,False
WIND_OFFSHORE,SARD,WIND_OFFSHORE__Y020__X051,57,20,51,39.0,9.3,0.0444916056768071,865.5144991863606,2.0,77.01625961071751,0.3261269517677896,0.3261683240978652,0.01,17.871926069570865,2019,89760.29693090683,77.01625961071751,101.794977357258,2040,High,3300.0,False
WIND_OFFSHORE,SARD,WIND_OFFSHORE__Y020__X052,58,20,52,39.0,9.6,0.0009260918475278,865.5144992272551,2.0,1.603091843303022,0.3602254391110434,0.3602704118178788,0.01,12.749632887486207,2019,87115.6714087573,1.603091843303022,91.32111230488854,2040,High,3300.0,False
WIND_OFFSHORE,SARD,WIND_OFFSHORE__Y021__X047,63,21,47,39.3,8.1,0.0023237310270781,861.8921594601228,2.0,4.005611105865703,0.378618174153176,0.3786680269956324,0.01,24.641870372970164,2019,93255.60007968402,4.005611105865703,88.73608076184426,2040,High,3300.0,False
WIND_OFFSHORE,SARD,WIND_OFFSHORE__Y021__X048,64,21,48,39.3,8.4,0.1520862366262653,861.8921595892126,2.0,262.16386985921565,0.2957267641265316,0.2957845241570322,0.01,2.951791863629404,2019,82057.07372358738,262.16386985921565,109.2857536463444,2040,High,3300.0,False
WIND_OFFSHORE,SARD,WIND_OFFSHORE__Y021__X053,68,21,53,39.3,9.9,0.0013806201427617,861.8921599027768,2.0,2.379891353700473,0.3216211921987098,0.3216783108859951,0.01,23.137439641401453,2019,92478.86673631973,2.379891353700473,104.1859973859362,2040,High,3300.0,False
WIND_OFFSHORE,SARD,WIND_OFFSHORE__Y022__X047,72,22,47,39.6,8.1,0.000552659338164,858.2458134643003,2.0,0.9486351265025272,0.3519472448892659,0.352003457447701,0.01,28.511536255681573,2019,95253.49766028381,0.9486351265025272,96.1086181830155,2040,High,3300.0,False
WIND_OFFSHORE,SARD,WIND_OFFSHORE__Y023__X047,83,23,47,39.9,8.1,0.0349397843272992,854.5755494051614,2.0,59.717370775199136,0.3488460120262052,0.348907747343409,0.01,25.850821985536783,2019,93879.77838732558,59.717370775199136,96.5134900510057,2040,High,3300.0,False
WIND_OFFSHORE,SARD,WIND_OFFSHORE__Y025__X047,110,25,47,40.5,8.1,0.0428663682055148,847.1636252121973,2.0,72.62965577732966,0.3084174178052545,0.3084907405273162,0.01,8.77782108987945,2019,85065.03618040624,72.62965577732966,105.90224518794601,2040,High,3300.0,False
WIND_OFFSHORE,SARD,WIND_OFFSHORE__Y026__X047,123,26,47,40.8,8.1,0.111574988063199,843.4221460097367,2.0,188.2096317465482,0.3349510248707282,0.3350125575446331,0.01,5.590335602030566,2019,83419.34641353982,188.2096317465482,96.95218244082315,2040,High,3300.0,False
WIND_OFFSHORE,SARD,WIND_OFFSHORE__Y026__X048,124,26,48,40.8,8.4,0.2780012586802848,843.4221461338573,2.0,468.94483644807895,0.2919599280523529,0.2920074544768605,0.01,0.0,2019,80533.0719101163,378.9401799880487,110.09986779912384,2040,High,3300.0,True
WIND_OFFSHORE,SARD,WIND_OFFSHORE__Y026__X053,127,26,53,40.8,9.9,0.0753412196677885,843.4221464352942,2.0,127.08890641451843,0.3391541501219975,0.3392000607933229,0.01,15.655162004619656,2019,88615.78789669962,127.08890641451843,97.49971787951083,2040,High,3300.0,False
WIND_OFFSHORE,SARD,WIND_OFFSHORE__Y027__X047,135,27,47,41.1,8.1,0.0115850886302762,839.6571106079696,2.0,19.455004090869984,0.3566026117736474,0.3566643374200646,0.01,16.700885526894197,2019,89155.69200171881,19.455004090869984,92.90191868894507,2040,High,3300.0,False
WIND_OFFSHORE,SARD,WIND_OFFSHORE__Y027__X048,136,27,48,41.1,8.4,0.2000307727422072,839.6571107310396,2.0,335.9145213960378,0.343462573006298,0.3435190749138381,0.01,21.38664591441351,2019,91574.93687330335,335.9145213960378,97.26019361223659,2040,High,3300.0,False
WIND_OFFSHORE,SARD,WIND_OFFSHORE__Y027__X049,137,27,49,41.1,8.7,0.0798219641347719,839.6571108330194,2.0,134.04615957283906,0.3213246197849194,0.3213772300064712,0.01,17.392662774738596,2019,89512.85464357819,134.04615957283906,103.22843875624318,2040,High,3300.0,False
WIND_OFFSHORE,SARD,WIND_OFFSHORE__Y027__X050,138,27,50,41.1,9.0,0.2261821302913222,839.657110913882,2.0,379.83086812151777,0.310517852165237,0.3105725954918023,0.01,0.0,2019,80533.0719101163,379.83086812151777,103.51981136369724,2040,High,3300.0,False
WIND_OFFSHORE,SARD,WIND_OFFSHORE__Y027__X051,139,27,51,41.1,9.3,0.0600670527828311,839.6571109736715,2.0,100.87145600867004,0.3233440654323811,0.3233896086035562,0.01,0.0,2019,80533.0719101163,100.87145600867004,99.41345123567139,2040,High,3300.0,False
WIND_OFFSHORE,SARD,WIND_OFFSHORE__Y027__X052,140,27,52,41.1,9.6,0.1186820485762642,839.6571110123677,2.0,199.304452073151,0.3738689180243235,0.3739204653794817,0.01,2.6547875782351067,2019,81903.7312487582,199.304452073151,86.39717260512269,2040,High,3300.0,False
WIND_OFFSHORE,SARD,WIND_OFFSHORE__Y028__X050,150,28,50,41.4,9.0,0.0095440624790984,835.8686116507187,2.0,15.955164507823412,0.3453820555440726,0.345429362348888,0.01,22.693840625382016,2019,92249.83781554876,15.955164507823412,96.94273138470759,2040,High,3300.0,False
WIND_OFFSHORE,SARD,WIND_OFFSHORE__Y028__X051,151,28,51,41.4,9.3,0.062714443651932,835.8686117099651,2.0,104.84206989900647,0.3575376280548374,0.3575770729509584,0.01,16.82560891256568,2019,89220.08633395057,104.84206989900647,92.67952571791001,2040,High,3300.0,False
WIND_OFFSHORE,SARD,WIND_OFFSHORE__Y028__X052,152,28,52,41.4,9.6,0.001944035897428,835.8686117483287,2.0,3.2499171735441346,0.4054499823290434,0.4054914232737442,0.01,27.754144782270554,2019,94862.45857883358,3.2499171735441346,83.31613192096029,2040,High,3300.0,False
WIND_ONSHORE,SARD,WIND_ONSHORE__Y020__X048,55,20,48,39.0,8.4,0.0407399246609406,865.5144989299874,3.0,105.78298643807844,0.3654721518851208,0.3656337709496699,0.01,131.9766485027404,2019,0.0,105.78298643807844,37.113400124145,2040,High,3850.0,False
WIND_ONSHORE,SARD,WIND_ONSHORE__Y020__X051,58,20,51,39.0,9.3,0.0005722159746604,865.5144991863606,3.0,1.4857836682040413,0.2869470505891034,0.2871196937099659,0.01,118.69341510017992,2019,0.0,1.4857836682040413,47.2697460360649,2040,High,3850.0,False
WIND_ONSHORE,SARD,WIND_ONSHORE__Y020__X052,59,20,52,39.0,9.6,0.0020146338694356,865.5144992272551,3.0,5.231084473892651,0.3224339011232143,0.3226209515102841,0.01,125.16012710204892,2019,0.0,5.231084473892651,42.06727071779433,2040,High,3850.0,False
WIND_ONSHORE,SARD,WIND_ONSHORE__Y025__X047,114,25,47,40.5,8.1,0.0195027875145006,847.1636252121973,3.0,49.56615651758254,0.2913063865146865,0.2915369494644382,0.01,98.14583129054851,2019,0.0,49.56615651758254,46.5623646959108,2040,High,3850.0,False
WIND_ONSHORE,SARD,WIND_ONSHORE__Y026__X047,135,26,47,40.8,8.1,0.147889588036879,843.4221460097367,3.0,374.2000611436811,0.3201612425584056,0.3203966060380693,0.01,117.91811280939862,2019,0.0,374.2000611436811,42.36588444858493,2040,High,3850.0,False
WIND_ONSHORE,SARD,WIND_ONSHORE__Y026__X048,136,26,48,40.8,8.4,0.4442929578279418,843.4221461338573,3.0,1124.179560010206,0.2688793046849143,0.2691143121260284,0.01,100.9572947904765,2019,0.0,358.8371334081379,50.446107122448986,2040,High,3850.0,True
WIND_ONSHORE,SARD,WIND_ONSHORE__Y027__X049,155,27,49,41.1,8.7,1.2657673876108571e-05,839.6571108330194,3.0,0.0318843176300397,0.2930058655900798,0.2932261106245116,0.01,119.5253783816224,2019,0.0,0.0318843176300397,46.29229582086569,2040,High,3850.0,False
WIND_ONSHORE,SARD,WIND_ONSHORE__Y027__X050,156,27,50,41.1,9.0,0.3790183041929584,839.657110913882,3.0,954.7362428464148,0.2763986952607748,0.2766133645634928,0.01,114.87794497162952,2019,0.0,954.7362428464148,49.07372733560697,2040,High,3850.0,False
WIND_ONSHORE,SARD,WIND_ONSHORE__Y027__X051,157,27,51,41.1,9.3,0.6950777778528354,839.6571109736715,3.0,1750.8809965617338,0.2896606875606046,0.2898558384248598,0.01,115.80955620547904,2019,0.0,1750.8809965617338,46.82690744599872,2040,High,3850.0,False
WIND_ONSHORE,SARD,WIND_ONSHORE__Y027__X052,158,27,52,41.1,9.6,0.0976617677155462,839.6571110123677,3.0,246.00719320918927,0.3521381296919689,0.352346036173546,0.01,122.1927460971668,2019,0.0,246.00719320918927,38.518731893674094,2040,High,3850.0,False
WIND_ONSHORE,SARD,WIND_ONSHORE__Y028__X051,175,28,51,41.4,9.3,0.0012922594811587,835.8686117099651,3.0,3.2404774154555063,0.3348613226964419,0.3350283744873993,0.01,148.70116346322,2019,0.0,3.2404774154555063,40.50606411610196,2040,High,3850.0,False
WIND_OFFSHORE,SICI,WIND_OFFSHORE__Y012__X068,0,12,68,36.6,14.4,0.0017315776548074,893.6185876104291,2.0,3.0947399564537124,0.3166034726352466,0.316649798806692,0.01,22.310766184221343,2019,92052.05756206386,3.0947399564537124,105.6833075856629,2040,High,3300.0,False
WIND_OFFSHORE,SICI,WIND_OFFSHORE__Y012__X069,1,12,69,36.6,14.7,0.069302590775291,893.6185872541407,2.0,123.8601665233349,0.3052350031704963,0.3053029563758442,0.01,12.910586704058325,2019,87198.7714102728,123.8601665233349,107.80439248410836,2040,High,3300.0,False
WIND_OFFSHORE,SICI,WIND_OFFSHORE__Y012__X070,2,12,70,36.6,15.0,0.1098948965891018,893.61858687432,2.0,196.40824438930548,0.3052782586013083,0.3053331538699754,0.01,8.582863137554748,2019,84964.37993951257,196.40824438930548,106.95359280343833,2040,High,3300.0,False
WIND_OFFSHORE,SICI,WIND_OFFSHORE__Y012__X071,3,12,71,36.6,15.3,0.0064544681392454,893.6185864710498,2.0,11.535665390029898,0.3207018712230735,0.320749935807692,0.01,16.903741775823395,2019,89260.42611087172,11.535665390029898,103.33903779670209,2040,High,3300.0,False
WIND_OFFSHORE,SICI,WIND_OFFSHORE__Y013__X066,4,13,66,36.9,13.8,0.0250579564776921,890.1914017540676,2.0,44.61275480393846,0.3278304186708636,0.3278807103391496,0.01,23.41231165586025,2019,92620.78238209043,44.61275480393846,102.26209404783307,2040,High,3300.0,False
WIND_OFFSHORE,SICI,WIND_OFFSHORE__Y013__X067,5,13,67,36.9,14.1,0.1879700034106496,890.1914014465718,2.0,334.6585615320862,0.2799678824866022,0.2800375277014389,0.01,21.71945963963619,2019,91746.76766091309,334.6585615320862,119.38816495303692,2040,High,3300.0,False
WIND_OFFSHORE,SICI,WIND_OFFSHORE__Y013__X068,6,13,68,36.9,14.4,0.2435016338942291,890.1914011157479,2.0,433.5261213005554,0.2445982139233534,0.2446560115631768,0.01,1.89312984885558,2019,81510.48951138467,433.5261213005554,131.87474395482084,2040,High,3300.0,False
WIND_OFFSHORE,SICI,WIND_OFFSHORE__Y013__X071,9,13,71,36.9,15.3,0.0568043043856539,890.1913999832144,2.0,101.13340649227582,0.2392788912442221,0.2393457899050908,0.01,8.956889346735327,2019,85157.48861634727,101.13340649227582,136.54631531346038,2040,High,3300.0,False
WIND_OFFSHORE,SICI,WIND_OFFSHORE__Y014__X064,10,14,64,37.2,13.2,0.0673058094169073,886.739527313267,2.0,119.36544325557044,0.3397652735765682,0.3398254468996949,0.01,21.172961634622222,2019,91464.6122823575,119.36544325557044,98.28150436403483,2040,High,3300.0,False
WIND_OFFSHORE,SICI,WIND_OFFSHORE__Y014__X065,11,14,65,37.2,13.5,0.2330021854979692,886.7395270540454,2.0,413.2244955420565,0.2651890707269882,0.2652517071329697,0.01,9.684479786487396,2019,85533.14150817515,413.2244955420565,123.36682500606523,2040,High,3300.0,False
WIND_OFFSHORE,SICI,WIND_OFFSHORE__Y015__X061,17,15,61,37.5,12.3,0.0170083551927616,883.2630470948031,2.0,30.04570326725875,0.4313739150355354,0.4314131111688311,0.01,26.3413826044999,2019,94133.05345123813,30.04570326725875,78.11612528026205,2040,High,3300.0,False
WIND_OFFSHORE,SICI,WIND_OFFSHORE__Y015__X062,18,15,62,37.5,12.6,0.2025592419202363,883.2630469064355,2.0,357.8261863950515,0.3910737657053747,0.3911129979330638,0.01,9.223819498479386,2019,85295.30390079888,357.8261863950515,83.58623394524265,2040,High,3300.0,False
WIND_OFFSHORE,SICI,WIND_OFFSHORE__Y015__X063,19,15,63,37.5,12.9,0.2202269839809366,883.2630466949906,2.0,389.036713670902,0.3277023262093254,0.3277483904486402,0.01,8.160987715006987,2019,84746.5668487782,389.036713670902,99.55907982561016,2040,High,3300.0,False
WIND_OFFSHORE,SICI,WIND_OFFSHORE__Y015__X064,20,15,64,37.5,13.2,0.2506421309055072,883.2630464605031,2.0,442.7658642299011,0.2189122965519224,0.218978614937498,0.01,0.0,2019,80533.0719101163,57.611470024186346,146.83848275092922,2040,High,3300.0,True
WIND_OFFSHORE,SICI,WIND_OFFSHORE__Y016__X061,23,16,61,37.8,12.3,0.2100846525689911,879.762043733812,2.0,369.64900660240687,0.3987700788138488,0.3988135562600307,0.01,11.124654458200157,2019,86276.6996290742,369.64900660240687,82.25395155898507,2040,High,3300.0,False
WIND_OFFSHORE,SICI,WIND_OFFSHORE__Y016__X062,24,16,62,37.8,12.6,0.066693969642532,879.7620435466742,2.0,117.34964604990778,0.3019700866719449,0.3020232120387614,0.01,0.0,2019,80533.0719101163,117.34964604990778,106.4501117825199,2040,High,3300.0,False
WIND_OFFSHORE,SICI,WIND_OFFSHORE__Y017__X061,29,17,61,38.1,12.3,0.0220845682531631,876.236601975738,2.0,38.7026140845058,0.3742601906881601,0.3743102671649788,0.01,20.41624687536184,2019,91073.92258651453,38.7026140845058,89.10390088803688,2040,High,3300.0,False
WIND_OFFSHORE,SICI,WIND_OFFSHORE__Y017__X062,30,17,62,38.1,12.6,0.0903631852382698,876.2366017898362,2.0,158.3590607201741,0.2890658830286087,0.2891179421467933,0.01,3.4894109733289604,2019,82334.64495353562,158.3590607201741,111.91361694256199,2040,High,3300.0,False
WIND_ONSHORE,SICI,WIND_ONSHORE__Y012__X069,0,12,69,36.6,14.7,0.0130266706690286,893.6185872541407,3.0,34.922625119647066,0.2890684467799748,0.289317610094658,0.01,108.42081517929716,2019,0.0,34.922625119647066,46.92284598418655,2040,High,6930.0,False
WIND_ONSHORE,SICI,WIND_ONSHORE__Y012__X070,1,12,70,36.6,15.0,0.0764344488315716,893.61858687432,3.0,204.9097324601597,0.285720652976637,0.2859806662175482,0.01,123.10773117333892,2019,0.0,204.9097324601597,47.47264177733027,2040,High,6930.0,False
WIND_ONSHORE,SICI,WIND_ONSHORE__Y013__X068,2,13,68,36.9,14.4,0.2718758324600055,890.1914011157479,3.0,726.064584681248,0.2182949964041721,0.2185398351344759,0.01,67.36560243455756,2019,0.0,726.064584681248,62.135708241481005,2040,High,6930.0,False
WIND_ONSHORE,SICI,WIND_ONSHORE__Y013__X071,5,13,71,36.9,15.3,0.0566688105811484,890.1913999832144,3.0,151.33826347984848,0.2151592401737688,0.2154421554500345,0.01,121.3777023849833,2019,0.0,151.33826347984848,63.04128140715767,2040,High,6930.0,False
WIND_ONSHORE,SICI,WIND_ONSHORE__Y014__X065,6,14,65,37.2,13.5,0.0747704263327217,886.7395270540454,3.0,198.90567745172103,0.2324874761683835,0.2327159262453928,0.01,64.66238569278504,2019,0.0,198.90567745172103,58.34255862161306,2040,High,6930.0,False
WIND_ONSHORE,SICI,WIND_ONSHORE__Y015__X062,13,15,62,37.5,12.6,0.0568954975838636,883.2630469064355,3.0,150.76107165354338,0.3776985233593967,0.3778775244168545,0.01,137.08117502238784,2019,0.0,150.76107165354338,35.912012804556625,2040,High,6930.0,False
WIND_ONSHORE,SICI,WIND_ONSHORE__Y015__X063,14,15,63,37.5,12.9,0.2282638389035983,883.2630466949906,3.0,604.8510414008604,0.3109846933208215,0.3111782584196959,0.01,110.35182461166195,2019,0.0,604.8510414008604,43.61601872524261,2040,High,6930.0,False
WIND_ONSHORE,SICI,WIND_ONSHORE__Y015__X064,15,15,64,37.5,13.2,0.4135422732568354,883.2630464605031,3.0,1095.7998243511029,0.184574563699097,0.184844409358789,0.01,83.62687727108643,2019,0.0,1095.7998243511029,73.48745100791558,2040,High,6930.0,False
WIND_ONSHORE,SICI,WIND_ONSHORE__Y016__X062,22,16,62,37.8,12.6,0.6101331044906985,879.7620435466742,3.0,1610.3158405266404,0.2608530254687493,0.2610467729740721,0.01,141.22384238824506,2019,0.0,1610.3158405266404,51.99830127624787,2040,High,6930.0,False
WIND_ONSHORE,SICI,WIND_ONSHORE__Y016__X063,23,16,63,37.8,12.9,0.8344564318201811,879.7620433365959,3.0,2202.369286600462,0.1797054697762444,0.1799979709239741,0.01,115.61011144809324,2019,0.0,1818.4847111770305,75.47858295038841,2040,High,6930.0,True
WIND_ONSHORE,SICI,WIND_ONSHORE__Y017__X062,34,17,62,38.1,12.6,0.1266455577537578,876.2366017898362,3.0,332.9144194737936,0.255931351114795,0.2561751717278179,0.01,152.59129382680973,2019,0.0,332.9144194737936,52.998251867395695,2040,High,6930.0,False
WIND_ONSHORE,SICI,WIND_ONSHORE__Y018__X071,47,18,71,38.4,15.3,0.0002796758322329,872.6868038112628,3.0,0.7322082244038324,0.1816655646196543,0.1819740593366308,0.01,145.29087919614904,2019,0.0,0.7322082244038324,74.66420086571162,2040,High,6930.0,False
WIND_OFFSHORE,SUD,WIND_OFFSHORE__Y022__X080,81,22,80,39.6,18.0,0.000548210467995,858.2458060998702,2.0,0.9409986700336826,0.3581937990786686,0.3582440320723716,0.01,31.765254942068538,2019,96933.3834407404,0.9409986700336826,94.96795100942788,2040,High,5170.0,False
WIND_OFFSHORE,SUD,WIND_OFFSHORE__Y022__X081,82,22,81,39.6,18.3,0.0005584861306736,858.2458055040064,2.0,0.9586367581656946,0.3481473365996433,0.3482038134013035,0.01,21.55293765929784,2019,91660.79283215044,0.9586367581656946,95.97958606852634,2040,High,5170.0,False
WIND_OFFSHORE,SUD,WIND_OFFSHORE__Y023__X080,93,23,80,39.9,18.0,0.0988149135592229,854.5755420975499,2.0,168.88961664439103,0.3421244684856889,0.3421759745519233,0.01,5.256479081547404,2019,83246.97723367838,168.88961664439103,94.86183834977287,2040,High,5170.0,False
WIND_OFFSHORE,SUD,WIND_OFFSHORE__Y023__X081,94,23,81,39.9,18.3,0.1269370063602993,854.5755415063121,2.0,216.95452189508603,0.3314084544090859,0.3314760921818584,0.01,0.0,2019,80533.0719101163,216.95452189508603,96.99435561630764,2040,High,5170.0,False
WIND_OFFSHORE,SUD,WIND_OFFSHORE__Y023__X082,95,23,82,39.9,18.6,0.0098896213805004,854.5755408933657,2.0,16.902857080943456,0.3645448967941283,0.3645850267465133,0.01,17.40816319109847,2019,89520.85746482486,16.902857080943456,90.99222809074915,2040,High,5170.0,False
WIND_OFFSHORE,SUD,WIND_OFFSHORE__Y024__X078,105,24,78,40.2,17.4,0.0540531912858214,850.8814504828965,2.0,91.98571560901838,0.2948479223225652,0.2949052803863126,0.01,13.903683797383204,2019,87711.50463846154,91.98571560901838,111.80070394408183,2040,High,5170.0,False
WIND_OFFSHORE,SUD,WIND_OFFSHORE__Y024__X079,106,24,79,40.2,17.7,0.2143588225828695,850.881449939397,2.0,364.787891533228,0.2975438100496579,0.2975893902912729,0.01,11.186281788489977,2019,86308.51764587894,364.787891533228,110.24946858800858,2040,High,5170.0,False
WIND_OFFSHORE,SUD,WIND_OFFSHORE__Y024__X080,107,24,80,40.2,18.0,0.2043238566740681,850.8814493743637,2.0,347.7107586171816,0.2982764094015687,0.298322413018539,0.01,0.0,2019,80533.0719101163,347.7107586171816,107.7683265186734,2040,High,5170.0,False
WIND_OFFSHORE,SUD,WIND_OFFSHORE__Y024__X081,108,24,81,40.2,18.3,0.0198831262783939,850.8814487878468,2.0,33.83636658838313,0.3144760934671787,0.3145298212975982,0.01,0.0,2019,80533.0719101163,33.83636658838313,102.216830305928,2040,High,5170.0,False
WIND_OFFSHORE,SUD,WIND_OFFSHORE__Y024__X082,109,24,82,40.2,18.6,0.0287692514728304,850.8814481797785,2.0,48.95844471250041,0.3660683710909231,0.3661243731288353,0.01,10.164577240310097,2019,85781.01446943774,48.95844471250041,89.44730620802177,2040,High,5170.0,False
WIND_OFFSHORE,SUD,WIND_OFFSHORE__Y025__X080,121,25,80,40.5,18.0,0.0586349115309311,847.1636180209601,2.0,99.34672758976508,0.2949157206957182,0.2949591937391185,0.01,0.0,2019,80533.0719101163,99.34672758976508,108.99639193656745,2040,High,5170.0,False
WIND_OFFSHORE,SUD,WIND_OFFSHORE__Y025__X081,122,25,81,40.5,18.3,0.0864453837961972,847.1636174391907,2.0,146.46676809541128,0.3341263414024593,0.3341707306409497,0.01,8.250297378911023,2019,84792.67717634815,146.46676809541128,97.66068024799004,2040,High,5170.0,False
WIND_OFFSHORE,SUD,WIND_OFFSHORE__Y026__X078,132,26,78,40.8,17.4,0.0457561014267197,843.4221399684062,2.0,77.18341796387085,0.29097687062869,0.2910230697044503,0.01,0.0,2019,80533.0719101163,77.18341796387085,110.47183720050745,2040,High,5170.0,False
WIND_OFFSHORE,SUD,WIND_OFFSHORE__Y026__X079,133,26,79,40.8,17.7,0.0507264021982671,843.4221394338122,2.0,85.567541335685,0.3325944471416777,0.3326466344789323,0.01,3.9976770674634334,2019,82597.0613043397,85.567541335685,97.35690113630649,2040,High,5170.0,False
WIND_OFFSHORE,SUD,WIND_OFFSHORE__Y026__X080,134,26,80,40.8,18.0,0.03310448331629,843.4221388780715,2.0,55.84210825015749,0.3584917272950506,0.3585365705373953,0.01,14.017818587823555,2019,87770.43210884131,55.84210825015749,91.97124966054493,2040,High,5170.0,False
WIND_OFFSHORE,SUD,WIND_OFFSHORE__Y027__X077,148,27,77,41.1,17.1,0.0670603682068938,839.6571051268537,2.0,112.61542927468278,0.2987566489235,0.2988104633450327,0.01,3.9596152411351615,2019,82577.41009076228,112.61542927468278,108.37623710234628,2040,High,5170.0,False
WIND_OFFSHORE,SUD,WIND_OFFSHORE__Y027__X078,149,27,78,41.1,17.4,0.0351084768156135,839.6571046178339,2.0,58.95816398108091,0.325908505450328,0.3259459730182051,0.01,17.57161881062585,2019,89605.24914014965,58.95816398108091,101.80889911250857,2040,High,5170.0,False
WIND_OFFSHORE,SUD,WIND_OFFSHORE__Y028__X075,160,28,75,41.4,16.5,0.2283049923010153,835.8686068606274,2.0,381.665951707952,0.2761847840518571,0.276247913991898,0.01,14.837651145081928,2019,88193.70934576279,337.41631129906864,119.55492618802849,2040,High,5170.0,True
WIND_OFFSHORE,SUD,WIND_OFFSHORE__Y028__X076,161,28,76,41.4,16.8,0.0018050187512354,835.8686063976363,2.0,3.017517016233481,0.3184666636148104,0.3185192753529043,0.01,25.785382880638068,2019,93845.99236204161,3.017517016233481,105.70804767038487,2040,High,5170.0,False
WIND_OFFSHORE,SUD,WIND_OFFSHORE__Y029__X074,166,29,74,41.7,16.2,0.5026590850092469,832.0567373109653,2.0,836.4817565050183,0.2896474175474334,0.2897102073593854,0.01,6.75007367235388,2019,84018.11590813115,836.4817565050183,112.35241049131481,2040,High,5170.0,False
WIND_OFFSHORE,SUD,WIND_OFFSHORE__Y029__X075,167,29,75,41.7,16.5,0.1141365934722223,832.0567368727505,2.0,189.93624304453795,0.357062939647121,0.3571126459071994,0.01,27.285412317963367,2019,94620.45332960215,189.93624304453795,94.52926724468072,2040,High,5170.0,False
WIND_OFFSHORE,SUD,WIND_OFFSHORE__Y030__X071,173,30,71,42.0,15.3,0.4030202826372405,828.2215915742116,2.0,667.5801998450079,0.2783605033380063,0.2784295282182678,0.01,8.887597505260661,2019,85121.71343403604,667.5801998450079,117.36064066207959,2040,High,5170.0,False
WIND_OFFSHORE,SUD,WIND_OFFSHORE__Y030__X072,174,30,72,42.0,15.6,0.3649111303254292,828.2215912013794,2.0,604.4545540104418,0.2850028711693225,0.2850731057526623,0.01,8.106516787280905,2019,84718.44366243202,604.4545540104418,114.46387017389313,2040,High,5170.0,False
WIND_OFFSHORE,SUD,WIND_OFFSHORE__Y030__X073,175,30,73,42.0,15.9,0.2439233762170862,828.2215908080815,2.0,404.04521337158656,0.298412802091312,0.2984605062152893,0.01,7.5823916728194,2019,84447.83934416449,404.04521337158656,109.21663049438311,2040,High,5170.0,False
WIND_OFFSHORE,SUD,WIND_OFFSHORE__Y030__X074,176,30,74,42.0,16.2,0.1197181355963538,828.2215903943181,2.0,198.3062893253096,0.3541648889315597,0.3541930221216019,0.01,10.781603105996885,2019,86099.58318353027,198.3062893253096,92.55631204012207,2040,High,5170.0,False
WIND_OFFSHORE,SUD,WIND_OFFSHORE__Y030__X075,177,30,75,42.0,16.5,0.00051674032263,828.2215899600852,2.0,0.8559509832103155,0.3747436951996362,0.3747804394089482,0.01,29.49479714895767,2019,95761.15248613102,0.8559509832103155,90.41677092316137,2040,High,5170.0,False
WIND_ONSHORE,SUD,WIND_ONSHORE__Y023__X080,94,23,80,39.9,18.0,0.110409607320317,854.5755420975499,3.0,283.0600500856127,0.330580262006871,0.3307753433531576,0.01,174.60926511180023,2019,0.0,283.0600500856127,41.03062331913471,2040,High,14520.0,False
WIND_ONSHORE,SUD,WIND_ONSHORE__Y023__X081,95,23,81,39.9,18.3,0.2799131349427307,854.5755415063121,3.0,717.6207566052406,0.3016163359278848,0.3018527583193058,0.01,194.69562045691148,2019,0.0,717.6207566052406,44.970754536279024,2040,High,14520.0,False
WIND_ONSHORE,SUD,WIND_ONSHORE__Y023__X082,96,23,82,39.9,18.6,7.190427933594762e-05,854.5755408933657,3.0,0.1843429152181953,0.3415733259629545,0.3417760680749463,0.01,215.93714155504892,2019,0.0,0.1843429152181953,39.71010959039543,2040,High,14520.0,False
WIND_ONSHORE,SUD,WIND_ONSHORE__Y024__X078,109,24,78,40.2,17.4,0.0116688237781715,850.8814504828965,3.0,29.78635710539977,0.2688490150181893,0.2690679595079258,0.01,114.584164513632,2019,0.0,29.78635710539977,50.45179059416344,2040,High,14520.0,False
WIND_ONSHORE,SUD,WIND_ONSHORE__Y024__X079,110,24,79,40.2,17.7,0.0694755873195492,850.881449939397,3.0,177.34646542154775,0.2646463799900768,0.2648743445139701,0.01,133.90002448197671,2019,0.0,177.34646542154775,51.252974658687485,2040,High,14520.0,False
WIND_ONSHORE,SUD,WIND_ONSHORE__Y024__X080,111,24,80,40.2,18.0,0.4109123679773085,850.8814493743637,3.0,1048.9131336911526,0.2539278210359904,0.2541308693360016,0.01,155.01145963230712,2019,0.0,1048.9131336911526,53.41641633360965,2040,High,14520.0,False
WIND_ONSHORE,SUD,WIND_ONSHORE__Y024__X081,112,24,81,40.2,18.3,0.4811975751040783,850.8814487878468,3.0,1228.3262695732706,0.2752005606672815,0.2753999079912186,0.01,177.27724955051443,2019,0.0,1228.3262695732706,49.28737853678869,2040,High,14520.0,False
WIND_ONSHORE,SUD,WIND_ONSHORE__Y024__X082,113,24,82,40.2,18.6,0.0567572683768894,850.8814481797785,3.0,144.88112013376806,0.3330469084296627,0.333222392721349,0.01,200.31196159591352,2019,0.0,144.88112013376806,40.72673807752638,2040,High,14520.0,False
WIND_ONSHORE,SUD,WIND_ONSHORE__Y025__X077,130,25,77,40.5,17.1,0.2362346972704946,847.1636196381371,3.0,600.3883236713754,0.2057502204374598,0.205994772141451,0.01,73.42721871829075,2019,0.0,570.1552038108741,65.92417825023762,2040,High,14520.0,True
WIND_ONSHORE,SUD,WIND_ONSHORE__Y025__X078,131,25,78,40.5,17.4,0.5730682348064301,847.1636191204628,3.0,1456.4476794047716,0.2215547693938289,0.2218167820207389,0.01,94.27670552348528,2019,0.0,1456.4476794047716,61.22149500214092,2040,High,14520.0,False
WIND_ONSHORE,SUD,WIND_ONSHORE__Y025__X079,132,25,79,40.5,17.7,0.8124176789322952,847.1636185813763,3.0,2064.752102051298,0.2341457647496416,0.2343500241054928,0.01,116.95744474189472,2019,0.0,2064.752102051298,57.92935960916434,2040,High,14520.0,False
WIND_ONSHORE,SUD,WIND_ONSHORE__Y025__X080,133,25,80,40.5,18.0,0.5544732164046023,847.1636180209601,3.0,1409.188608315125,0.2439079661993916,0.2440995303283767,0.01,140.58489718327348,2019,0.0,1409.188608315125,55.61078803000824,2040,High,14520.0,False
WIND_ONSHORE,SUD,WIND_ONSHORE__Y025__X081,134,25,81,40.5,18.3,0.087589920184238,847.1636174391907,3.0,222.6089809034673,0.2921816734237252,0.2923870906604759,0.01,164.75130288635967,2019,0.0,222.6089809034673,46.42287809569166,2040,High,14520.0,False
WIND_ONSHORE,SUD,WIND_ONSHORE__Y026__X077,151,26,77,40.8,17.1,0.4867706947634854,843.4221404817944,3.0,1231.659543903687,0.2118240732030891,0.2120522309077193,0.01,57.89691400644244,2019,0.0,1231.659543903687,64.03386547165583,2040,High,14520.0,False
WIND_ONSHORE,SUD,WIND_ONSHORE__Y026__X078,152,26,78,40.8,17.4,0.4820688201249236,843.4221399684062,3.0,1219.7625476454232,0.2535154453849145,0.2537241771160003,0.01,82.73464011179873,2019,0.0,1219.7625476454232,53.50330504143677,2040,High,14520.0,False
WIND_ONSHORE,SUD,WIND_ONSHORE__Y026__X079,153,26,79,40.8,17.7,0.2455444163882948,843.4221394338122,3.0,621.2927909887273,0.2922075706132208,0.2924015842891739,0.01,107.82777529044986,2019,0.0,621.2927909887273,46.41876382148427,2040,High,14520.0,False
WIND_ONSHORE,SUD,WIND_ONSHORE__Y026__X080,154,26,80,40.8,18.0,0.0085780805665097,843.4221388780715,3.0,21.70482917662233,0.3180429040565893,0.3182332580772055,0.01,133.03081130078175,2019,0.0,21.70482917662233,42.64806425214681,2040,High,14520.0,False
WIND_ONSHORE,SUD,WIND_ONSHORE__Y027__X076,172,27,76,41.1,16.8,0.2998938729969861,839.6571056149154,3.0,755.4240641768893,0.2194592474543639,0.2196976417865242,0.01,36.16320693631084,2019,0.0,755.4240641768893,61.80607271956208,2040,High,14520.0,False
WIND_ONSHORE,SUD,WIND_ONSHORE__Y027__X077,173,27,77,41.1,17.1,0.1930123431081582,839.6571051268537,3.0,486.1925558038415,0.2623026216404801,0.2625280912087592,0.01,59.273297342850086,2019,0.0,486.1925558038415,51.71093648364634,2040,High,14520.0,False
WIND_ONSHORE,SUD,WIND_ONSHORE__Y027__X078,174,27,78,41.1,17.4,0.0024996755151606,839.6571046178339,3.0,6.296610916631668,0.2932572134292268,0.293454583169278,0.01,83.68009310732951,2019,0.0,6.296610916631668,46.25261915481656,2040,High,14520.0,False
WIND_ONSHORE,SUD,WIND_ONSHORE__Y028__X075,189,28,75,41.4,16.5,0.012711855907281,835.8686068606274,3.0,31.87632386349611,0.2430215171786533,0.2432649655083892,0.01,52.360742820326,2019,0.0,31.87632386349611,55.81363479503542,2040,High,14520.0,False
WIND_ONSHORE,SUD,WIND_ONSHORE__Y029__X074,203,29,74,41.7,16.2,0.022128311646785,832.0567373109653,3.0,55.23603237307263,0.2551909737606678,0.2553958768969405,0.01,87.40549274975015,2019,0.0,55.23603237307263,53.15201398880892,2040,High,14520.0,False
WIND_ONSHORE,SUD,WIND_ONSHORE__Y030__X071,216,30,71,42.0,15.3,0.1098799712468913,828.2215915742116,3.0,273.0148940046869,0.252836053655586,0.2530687497608137,0.01,151.56880871409484,2019,0.0,273.0148940046869,53.64707291951958,2040,High,14520.0,False
WIND_ONSHORE,SUD,WIND_ONSHORE__Y030__X072,217,30,72,42.0,15.6,0.0913880592100069,828.2215912013794,3.0,227.06869144715347,0.2563051087960115,0.2565422025808692,0.01,137.2836673260877,2019,0.0,227.06869144715347,52.92096701022084,2040,High,14520.0,False
WIND_ONSHORE,SUD,WIND_ONSHORE__Y030__X073,218,30,73,42.0,15.9,0.0725628217313713,828.2215908080815,3.0,180.2942869436389,0.2678268158705297,0.2680111957364023,0.01,126.44262648882324,2019,0.0,180.2942869436389,50.64434703096244,2040,High,14520.0,False
WIND_ONSHORE,SUD,WIND_ONSHORE__Y030__X074,219,30,74,42.0,16.2,0.0229027913138927,828.2215903943181,3.0,56.90575873938434,0.3270647022986662,0.3272225266483882,0.01,119.98253157749772,2019,0.0,56.90575873938434,41.47165411557804,2040,High,14520.0,False
WIND_OFFSHORE,CALA,WIND_OFFSHORE__Y016__X073,27,16,73,37.8,15.9,0.0078161560264991,879.7620399761713,2.0,13.752714741289855,0.1961928184827935,0.1962763683043833,0.01,13.981212107138315,2019,87751.53228611447,13.752714741289855,168.0427188581044,2040,Slow,480.0,False
WIND_OFFSHORE,CALA,WIND_OFFSHORE__Y016__X074,28,16,74,37.8,16.2,0.0035560789714497,879.7620395142088,2.0,6.257006577192503,0.2151407749711125,0.2152249706147899,0.01,18.22866454376388,2019,89944.47999892863,6.257006577192503,154.40639339353584,2040,Slow,480.0,False
WIND_OFFSHORE,CALA,WIND_OFFSHORE__Y018__X072,44,18,72,38.4,15.6,0.0004505162182443,872.6868034006367,2.0,0.7863191167595458,0.208860110103542,0.2089277153759494,0.01,18.24361309319147,2019,89952.19789283474,0.7863191167595458,159.05379039026724,2040,Slow,480.0,False
WIND_OFFSHORE,CALA,WIND_OFFSHORE__Y019__X076,52,19,76,38.7,16.8,0.0109607533370878,869.1127383244511,2.0,19.052260693790643,0.1923993330031448,0.1924747191531693,0.01,19.24704088384188,2019,90470.26483091425,19.052260693790643,172.96906239367033,2040,Slow,480.0,False
WIND_OFFSHORE,CALA,WIND_OFFSHORE__Y020__X077,62,20,77,39.0,17.1,0.105624773342556,865.5144930061093,2.0,182.83954429693517,0.2574446375785501,0.2575212530465449,0.01,0.0,2019,80533.0719101163,182.83954429693517,124.86082360677617,2040,Slow,480.0,False
WIND_OFFSHORE,CALA,WIND_OFFSHORE__Y021__X077,71,21,77,39.3,17.1,0.0773550490573479,861.8921537088293,2.0,133.3434196645795,0.2257659865760744,0.2258391936685872,0.01,0.0,2019,80533.0719101163,133.3434196645795,142.3808341048496,2040,Slow,480.0,False
WIND_OFFSHORE,CALA,WIND_OFFSHORE__Y022__X077,80,22,77,39.6,17.1,0.044530730493222,858.2458077562425,2.0,76.43662552426174,0.2329199304299833,0.2329977163716542,0.01,14.556570200272306,2019,88048.58804676466,76.43662552426174,141.69111699594976,2040,Slow,480.0,False
WIND_OFFSHORE,CALA,WIND_OFFSHORE__Y023__X076,92,23,76,39.9,16.8,0.0668635267099003,854.5755442454694,2.0,114.2798694565692,0.1852830365875545,0.1853749098739889,0.01,16.113811142231462,2019,88852.5871527989,47.53210938519106,178.6157353777584,2040,Slow,480.0,True
WIND_ONSHORE,CALA,WIND_ONSHORE__Y016__X073,32,16,73,37.8,15.9,0.0253038192331129,879.7620399761713,3.0,66.78401888313523,0.1706221916880884,0.1709662277696028,0.01,151.09664798262264,2019,0.0,66.78401888313523,79.49677631583087,2040,Slow,2640.0,False
WIND_ONSHORE,CALA,WIND_ONSHORE__Y016__X074,33,16,74,37.8,16.2,0.004054685177066,879.7620395142088,3.0,10.701474302891013,0.200859409593097,0.2011372917651287,0.01,141.44547422338604,2019,0.0,10.701474302891013,67.5293939906659,2040,Slow,2640.0,False
WIND_ONSHORE,CALA,WIND_ONSHORE__Y018__X073,48,18,73,38.4,15.9,0.3761470144520128,872.6868029674325,3.0,984.7756064636152,0.1407382256036881,0.1410907491910734,0.01,95.72247530510032,2019,0.0,615.7184978324321,96.37690221660245,2040,Slow,2640.0,True
WIND_ONSHORE,CALA,WIND_ONSHORE__Y019__X073,51,19,73,38.7,15.9,0.148933145044817,869.1127397493641,3.0,388.3190811881712,0.155978731737765,0.1562894210974982,0.01,74.91087115139673,2019,0.0,388.3190811881712,86.96002369059359,2040,Slow,2640.0,False
WIND_ONSHORE,CALA,WIND_ONSHORE__Y019__X076,54,19,76,38.7,16.8,0.0021330271816099,869.1127383244511,3.0,5.561523284188551,0.1621907878687974,0.1625198600546054,0.01,38.55540076637103,2019,0.0,5.561523284188551,83.6293749193522,2040,Slow,2640.0,False
WIND_ONSHORE,CALA,WIND_ONSHORE__Y020__X077,63,20,77,39.0,17.1,0.3332849909789659,865.5144930061093,3.0,865.3889699811161,0.2293664515412272,0.2296376818896354,0.01,39.52337200584908,2019,0.0,865.3889699811161,59.13643480117558,2040,Slow,2640.0,False
WIND_ONSHORE,CALA,WIND_ONSHORE__Y021__X077,73,21,77,39.3,17.1,0.2487980292349393,861.8921537088293,3.0,643.3112077674424,0.2054092593158225,0.2057076101668654,0.01,49.630090518118266,2019,0.0,643.3112077674424,66.0336065293429,2040,Slow,2640.0,False
WIND_ONSHORE,CALA,WIND_ONSHORE__Y022__X077,83,22,77,39.6,17.1,0.0150921860802578,858.2458077562425,3.0,38.85841629977518,0.2170630876490916,0.2173513281213506,0.01,74.55991552835661,2019,0.0,38.85841629977518,62.48835006471698,2040,Slow,2640.0,False
WIND_ONSHORE,CALA,WIND_ONSHORE__Y024__X076,108,24,76,40.2,16.8,0.0020985338013779,850.8814515052895,3.0,5.356810460848121,0.1694048142026273,0.1696775792703059,0.01,130.14331845175715,2019,0.0,5.356810460848121,80.06805633587727,2040,Slow,2640.0,False
WIND_OFFSHORE,CNOR,WIND_OFFSHORE__Y031__X056,178,31,56,42.3,10.8,0.0050207350457633,824.3632654171671,2.0,8.277819074239714,0.3074193767013323,0.3074781443595306,0.01,26.64729695893163,2019,94290.99616957991,8.277819074239714,109.67197039432801,2040,Slow,640.0,False
WIND_OFFSHORE,CNOR,WIND_OFFSHORE__Y032__X054,186,32,54,42.6,10.2,0.0189881085301488,820.481849206131,2.0,31.158796799486492,0.2753661770631795,0.2754351136911493,0.01,44.13126747431367,2019,103317.9208319966,31.158796799486492,126.1802012239627,2040,Slow,640.0,False
WIND_OFFSHORE,CNOR,WIND_OFFSHORE__Y032__X055,187,32,55,42.6,10.5,0.0216956570035669,820.4818491826162,2.0,35.6017855550367,0.2821185373521645,0.2821876615970491,0.01,29.444590158713915,2019,95735.23075868023,35.6017855550367,120.09191618686594,2040,Slow,640.0,False
WIND_OFFSHORE,CNOR,WIND_OFFSHORE__Y032__X056,188,32,56,42.6,10.8,0.0588453494372888,820.4818491389336,2.0,96.56308223906689,0.2689364977223236,0.268993392483612,0.01,18.530007821195337,2019,90100.06268310819,96.56308223906689,123.586318692536,2040,Slow,640.0,False
WIND_OFFSHORE,CNOR,WIND_OFFSHORE__Y033__X053,192,33,53,42.9,9.9,9.803890019309173e-05,816.5774420355704,2.0,0.1601127086793108,0.2720017055967736,0.2720632736063669,0.01,48.39492305468573,2019,105519.23418222505,0.1601127086793108,128.66482227991236,2040,Slow,640.0,False
WIND_OFFSHORE,CNOR,WIND_OFFSHORE__Y033__X054,193,33,54,42.9,10.2,0.0444787005214267,816.577442032212,2.0,72.64060699340698,0.2783820708490838,0.2784480661150427,0.01,24.293856080426664,2019,93075.92128204074,72.64060699340698,120.61330494050016,2040,Slow,640.0,False
WIND_OFFSHORE,CNOR,WIND_OFFSHORE__Y033__X055,194,33,55,42.9,10.5,0.1987620912019136,816.5774420089228,2.0,324.6092800040058,0.2754448686907617,0.275510710036496,0.01,3.0858743780809648,2019,82126.30014761028,324.6092800040058,117.36150687590178,2040,Slow,640.0,False
WIND_OFFSHORE,CNOR,WIND_OFFSHORE__Y034__X054,198,34,54,43.2,10.2,0.0450926680427831,812.6501408076139,2.0,73.28912606871748,0.2577441919571245,0.2578050456575775,0.01,25.13664705268592,2019,93511.05188387149,70.98851662607811,130.46367326101964,2040,Slow,640.0,True
WIND_ONSHORE,CNOR,WIND_ONSHORE__Y031__X057,220,31,57,42.3,11.1,0.0003021885523783,824.3632653527178,3.0,0.7473394253724039,0.274083685571821,0.2743126553113262,0.01,124.3420735494455,2019,0.0,0.7473394253724039,49.48822174091237,2040,Slow,320.0,False
WIND_ONSHORE,CNOR,WIND_ONSHORE__Y031__X058,221,31,58,42.3,11.4,0.0858854819837965,824.3632652678933,3.0,212.402509101808,0.2547693195696121,0.2550261553273103,0.01,124.88772692208336,2019,0.0,99.78166983198452,53.239982860018735,2040,Slow,320.0,True
WIND_ONSHORE,CNOR,WIND_ONSHORE__Y033__X055,245,33,55,42.9,10.5,0.0895897843249691,816.5774420089228,3.0,219.4709907426431,0.2605483836717361,0.2608016979897981,0.01,81.93103186781457,2019,0.0,219.4709907426431,52.05909941177723,2040,Slow,320.0,False
WIND_OFFSHORE,CSUD,WIND_OFFSHORE__Y028__X061,153,28,61,41.4,12.3,0.0060193248919169,835.8686111522286,2.0,10.062729474961396,0.2654594308816105,0.2655191149118141,0.01,25.90067551392301,2019,93905.51762341626,10.062729474961396,126.84154512107351,2040,Slow,1280.0,False
WIND_OFFSHORE,CSUD,WIND_OFFSHORE__Y029__X060,162,29,60,41.7,12.0,0.0636388159078724,832.0567412748568,2.0,105.90221156578968,0.2808630421698318,0.28092254752163,0.01,19.430454927151565,2019,90564.9609841438,105.90221156578968,118.52731509525505,2040,Slow,1280.0,False
WIND_OFFSHORE,CSUD,WIND_OFFSHORE__Y030__X059,168,30,59,42.0,11.7,0.0457948059536192,828.221594448887,2.0,75.85649440876774,0.3001794107782316,0.3002417203192451,0.01,11.37682262262043,2019,86406.89334110767,75.85649440876774,109.31888018817078,2040,Slow,1280.0,False
WIND_OFFSHORE,CSUD,WIND_OFFSHORE__Y030__X060,169,30,60,42.0,12.0,0.2449499616898098,828.2215943222219,2.0,405.7456955998029,0.2601213258152697,0.2601803862615287,0.01,0.0,2019,80533.0719101163,405.7456955998029,123.57598663030798,2040,Slow,1280.0,False
WIND_OFFSHORE,CSUD,WIND_OFFSHORE__Y031__X056,178,31,56,42.3,10.8,0.0092690493152553,824.3632654171671,2.0,15.282127521673264,0.3074193767013323,0.3074781443595306,0.01,54.43350591598605,2019,108636.93748129901,15.282127521673264,114.99910543335425,2040,Slow,1280.0,False
WIND_OFFSHORE,CSUD,WIND_OFFSHORE__Y031__X057,179,31,57,42.3,11.1,0.0716178031364245,824.3632653527178,2.0,118.07817210186204,0.2987745420890588,0.2988318670046875,0.01,30.19540572118705,2019,96122.87471586105,118.07817210186204,113.54517389112301,2040,Slow,1280.0,False
WIND_OFFSHORE,CSUD,WIND_OFFSHORE__Y031__X058,180,31,58,42.3,11.4,0.2239080156486583,824.3632652678933,2.0,369.16308579956507,0.2793039801828914,0.2793577385242677,0.01,9.543901611434338,2019,85460.56139290513,369.16308579956507,117.10269312737255,2040,Slow,1280.0,False
WIND_OFFSHORE,CSUD,WIND_OFFSHORE__Y031__X059,181,31,59,42.3,11.7,0.1133439298946595,824.3632651627398,2.0,186.87314426867653,0.2511153089964345,0.2511615016315742,0.01,0.0,2019,80533.0719101163,176.7155610705266,128.007924366181,2040,Slow,1280.0,True
WIND_OFFSHORE,CSUD,WIND_OFFSHORE__Y031__X070,185,31,70,42.3,15.0,0.001937205720892,824.3632626638059,2.0,3.19392245705114,0.27445598725165,0.2745174705560993,0.01,27.48473414732354,2019,94723.36262790064,3.19392245705114,123.02389909573047,2040,Slow,1280.0,False
WIND_ONSHORE,CSUD,WIND_ONSHORE__Y025__X068,121,25,68,40.5,14.4,0.020220910594504,847.1636233354916,3.0,51.391259659149256,0.223872111348619,0.2241286217938803,0.01,176.5397082832729,2019,0.0,51.391259659149256,60.5877798955616,2040,Slow,5440.0,False
WIND_ONSHORE,CSUD,WIND_ONSHORE__Y025__X069,122,25,69,40.5,14.7,0.003142043861354,847.1636230102939,3.0,7.985475783725775,0.1854517828971693,0.1857179503655955,0.01,192.1668860688357,2019,0.0,7.985475783725775,73.13984257927467,2040,Slow,5440.0,False
WIND_ONSHORE,CSUD,WIND_ONSHORE__Y026__X067,141,26,67,40.8,14.1,0.0133579884438631,843.4221444498029,3.0,33.79926977657613,0.1551209523845851,0.1554010592512461,0.01,134.86193901838186,2019,0.0,33.79926977657613,87.44089047052982,2040,Slow,5440.0,False
WIND_ONSHORE,CSUD,WIND_ONSHORE__Y027__X063,159,27,63,41.1,12.9,2.3480755870067243e-05,839.6571100454173,3.0,0.0591473508466278,0.1786661775441612,0.1789715860659926,0.01,81.92960541540928,2019,0.0,0.0591473508466278,75.9176380979672,2040,Slow,5440.0,False
WIND_ONSHORE,CSUD,WIND_ONSHORE__Y027__X064,160,27,64,41.1,13.2,0.0002425585087743,839.6571098309729,3.0,0.61099792932707,0.1595590791067753,0.159875416670781,0.01,78.16361896164983,2019,0.0,0.61099792932707,85.0087270688492,2040,Slow,5440.0,False
WIND_ONSHORE,CSUD,WIND_ONSHORE__Y028__X062,176,28,62,41.4,12.6,0.0658255270043361,835.868610981437,3.0,165.06447547270645,0.1686002434692591,0.1689252752359835,0.01,66.88484443296116,2019,0.0,165.06447547270645,80.45014602614076,2040,Slow,5440.0,False
WIND_ONSHORE,CSUD,WIND_ONSHORE__Y028__X070,184,28,70,41.4,15.0,0.3864014943846265,835.8686088629254,3.0,968.9426387215,0.1436991982364715,0.144003170759266,0.01,157.81004781347906,2019,0.0,931.6859991367568,94.39102217413904,2040,Slow,5440.0,True
WIND_ONSHORE,CSUD,WIND_ONSHORE__Y028__X071,185,28,71,41.4,15.3,0.021991991738095,835.8686085041835,3.0,55.14724659707092,0.1534765105778938,0.1537496369681128,0.01,182.00056524474925,2019,0.0,55.14724659707092,88.37778599521069,2040,Slow,5440.0,False
WIND_ONSHORE,CSUD,WIND_ONSHORE__Y029__X061,190,29,61,41.7,12.3,0.0280124187700522,832.0567411262899,3.0,69.92376561862366,0.2065233489375367,0.2067952648037626,0.01,75.2607655484916,2019,0.0,69.92376561862366,65.67738842568937,2040,Slow,5440.0,False
WIND_ONSHORE,CSUD,WIND_ONSHORE__Y030__X059,204,30,59,42.0,11.7,0.0168557056740367,828.221594448887,3.0,41.88077828673549,0.2885397531482051,0.2887636946088485,0.01,125.87072007745395,2019,0.0,41.88077828673549,47.00882307949378,2040,Slow,5440.0,False
WIND_ONSHORE,CSUD,WIND_ONSHORE__Y030__X060,205,30,60,42.0,12.0,0.0726811181115162,828.2215943222219,3.0,180.58821455832503,0.2299379856991411,0.2301818552525416,0.01,101.33815881486318,2019,0.0,180.58821455832503,58.98944520150874,2040,Slow,5440.0,False
WIND_ONSHORE,CSUD,WIND_ONSHORE__Y031__X058,221,31,58,42.3,11.4,0.0595910534752424,824.3632652678933,3.0,147.37402627081346,0.2547693195696121,0.2550261553273103,0.01,158.30574857495324,2019,0.0,147.37402627081346,53.239982860018735,2040,Slow,5440.0,False
WIND_ONSHORE,CSUD,WIND_ONSHORE__Y031__X059,222,31,59,42.3,11.7,0.5813562164469132,824.3632651627398,3.0,1437.7461264385015,0.2221503993749939,0.2224259303428076,0.01,135.18195044863907,2019,0.0,1437.7461264385015,61.057347838698455,2040,Slow,5440.0,False
WIND_ONSHORE,CSUD,WIND_ONSHORE__Y031__X060,223,31,60,42.3,12.0,0.515876016375926,824.3632650372388,3.0,1275.807711642187,0.1698228341590154,0.170113685006355,0.01,112.8293005417882,2019,0.0,1275.807711642187,79.87096832010275,2040,Slow,5440.0,False
WIND_ONSHORE,CSUD,WIND_ONSHORE__Y031__X069,232,31,69,42.3,14.7,0.0483561508541471,824.3632629925783,3.0,119.58910291165836,0.1696517186406592,0.1699605008148667,0.01,136.98040663051643,2019,0.0,119.58910291165836,79.95152843617593,2040,Slow,5440.0,False
WIND_ONSHORE,CSUD,WIND_ONSHORE__Y032__X059,236,32,59,42.6,11.7,0.3743111050402501,820.4818488869251,3.0,921.3464025669977,0.1578594274099606,0.158166465761559,0.01,151.36865469662047,2019,0.0,921.3464025669977,85.92400485477076,2040,Slow,5440.0,False
WIND_OFFSHORE,NORD,WIND_OFFSHORE__Y036__X047,209,36,47,43.8,8.1,0.0438813665169988,804.7272469536192,2.0,70.62506253957443,0.2272770755359738,0.2273494271277396,0.01,10.31233191504596,2019,85857.2997912522,70.62506253957443,144.10841029555377,2040,Slow,1200.0,False
WIND_OFFSHORE,NORD,WIND_OFFSHORE__Y038__X063,233,38,63,44.4,12.9,0.0269501503387669,796.7139576807909,2.0,42.94312187298259,0.2403554455542487,0.240416884141666,0.01,44.35339499220991,2019,103432.60464296132,42.94312187298259,144.61437023486425,2040,Slow,1200.0,False
WIND_OFFSHORE,NORD,WIND_OFFSHORE__Y039__X062,235,39,62,44.7,12.6,0.5259088225416756,792.6736653175541,2.0,833.7481479738982,0.2226679479521795,0.2227337950628786,0.01,18.665551606938827,2019,90170.0435573775,820.5587420946842,149.30240614146496,2040,Slow,1200.0,True
WIND_OFFSHORE,NORD,WIND_OFFSHORE__Y039__X063,236,39,63,44.7,12.9,0.0162364450061594,792.673665145879,2.0,25.7404047439438,0.2384860231028838,0.2385581670361539,0.01,40.50047429533503,2019,101443.35255457803,25.7404047439438,144.79577197158213,2040,Slow,1200.0,False
WIND_OFFSHORE,NORD,WIND_OFFSHORE__Y040__X063,239,40,63,45.0,12.9,0.152250378066419,788.6110753828711,2.0,240.1326687488149,0.2282285820248278,0.2283127000437573,0.01,32.20794911616384,2019,97161.94519417812,240.1326687488149,149.16196028175617,2040,Slow,1200.0,False
WIND_ONSHORE,NORD,WIND_ONSHORE__Y036__X047,285,36,47,43.8,8.1,0.0511255817668674,804.7272469536192,3.0,123.42644599246016,0.2104053743857136,0.2107040616228808,0.01,218.35183149863923,2019,0.0,123.42644599246016,64.46562615971735,2040,Slow,480.0,False
WIND_ONSHORE,NORD,WIND_ONSHORE__Y037__X048,302,37,48,44.1,8.4,0.0593439530573707,800.7318522657397,3.0,142.55578035719884,0.1763260508741286,0.1766347892844832,0.01,177.29605557480423,2019,0.0,142.55578035719884,76.92518569946004,2040,Slow,480.0,False
WIND_ONSHORE,NORD,WIND_ONSHORE__Y040__X061,371,40,61,45.0,12.3,0.3564710737952849,788.6110757038293,3.0,843.3511108889963,0.1549873085994683,0.1553046495801732,0.01,210.8952623771692,2019,0.0,102.30280806406252,87.51628975116817,2040,Slow,480.0,True
WIND_ONSHORE,NORD,WIND_ONSHORE__Y042__X065,413,42,65,45.6,13.5,0.0477157810865342,780.4194129099508,3.0,111.71496558627844,0.1561551631731881,0.1564569785440785,0.01,299.50537535675267,2019,0.0,111.71496558627844,86.86177217272899,2040,Slow,480.0,False
WIND_OFFSHORE,SARD,WIND_OFFSHORE__Y019__X048,48,19,48,38.7,8.4,0.000130387556891,869.1127437712943,2.0,0.2266429746463847,0.4548776722897579,0.4549160912952922,0.01,28.076670345376392,2019,95028.97761736081,0.2266429746463847,74.30466540070175,2040,Slow,2400.0,False
WIND_OFFSHORE,SARD,WIND_OFFSHORE__Y020__X047,53,20,47,39.0,8.1,0.0017384498199977,865.5144987999279,2.0,3.0093070492884384,0.4281085647094566,0.4281486052967257,0.01,32.22783047451212,2019,97172.20988341667,3.0093070492884384,79.52233910207215,2040,Slow,2400.0,False
WIND_OFFSHORE,SARD,WIND_OFFSHORE__Y020__X048,54,20,48,39.0,8.4,0.1664640297378745,865.5144989299874,2.0,288.1540625768861,0.3937901807263811,0.3938254831058622,0.01,9.341724050323332,2019,85356.17768835847,288.1540625768861,83.02729202717501,2040,Slow,2400.0,False
WIND_OFFSHORE,SARD,WIND_OFFSHORE__Y020__X049,55,20,49,39.0,8.7,0.1001398222102471,865.514499037728,2.0,173.34493610805842,0.3074799218683379,0.3075198114585772,0.01,0.0,2019,80533.0719101163,173.34493610805842,104.5425967519598,2040,Slow,2400.0,False
WIND_OFFSHORE,SARD,WIND_OFFSHORE__Y020__X050,56,20,50,39.0,9.0,0.2120659649368044,865.5144991231973,2.0,367.0923348467117,0.3033222194348317,0.3033745955878586,0.01,0.0,2019,80533.0719101163,108.19638469397613,105.97558444976369,2040,Slow,2400.0,True
WIND_OFFSHORE,SARD,WIND_OFFSHORE__Y020__X051,57,20,51,39.0,9.3,0.0444916056768071,865.5144991863606,2.0,77.01625961071751,0.3261269517677896,0.3261683240978652,0.01,17.871926069570865,2019,89760.29693090683,77.01625961071751,101.794977357258,2040,Slow,2400.0,False
WIND_OFFSHORE,SARD,WIND_OFFSHORE__Y020__X052,58,20,52,39.0,9.6,0.0009260918475278,865.5144992272551,2.0,1.603091843303022,0.3602254391110434,0.3602704118178788,0.01,12.749632887486207,2019,87115.6714087573,1.603091843303022,91.32111230488854,2040,Slow,2400.0,False
WIND_OFFSHORE,SARD,WIND_OFFSHORE__Y021__X047,63,21,47,39.3,8.1,0.0023237310270781,861.8921594601228,2.0,4.005611105865703,0.378618174153176,0.3786680269956324,0.01,24.641870372970164,2019,93255.60007968402,4.005611105865703,88.73608076184426,2040,Slow,2400.0,False
WIND_OFFSHORE,SARD,WIND_OFFSHORE__Y021__X053,68,21,53,39.3,9.9,0.0013806201427617,861.8921599027768,2.0,2.379891353700473,0.3216211921987098,0.3216783108859951,0.01,23.137439641401453,2019,92478.86673631973,2.379891353700473,104.1859973859362,2040,Slow,2400.0,False
WIND_OFFSHORE,SARD,WIND_OFFSHORE__Y022__X047,72,22,47,39.6,8.1,0.000552659338164,858.2458134643003,2.0,0.9486351265025272,0.3519472448892659,0.352003457447701,0.01,28.511536255681573,2019,95253.49766028381,0.9486351265025272,96.1086181830155,2040,Slow,2400.0,False
WIND_OFFSHORE,SARD,WIND_OFFSHORE__Y023__X047,83,23,47,39.9,8.1,0.0349397843272992,854.5755494051614,2.0,59.717370775199136,0.3488460120262052,0.348907747343409,0.01,25.850821985536783,2019,93879.77838732558,59.717370775199136,96.5134900510057,2040,Slow,2400.0,False
WIND_OFFSHORE,SARD,WIND_OFFSHORE__Y025__X047,110,25,47,40.5,8.1,0.0428663682055148,847.1636252121973,2.0,72.62965577732966,0.3084174178052545,0.3084907405273162,0.01,8.77782108987945,2019,85065.03618040624,72.62965577732966,105.90224518794601,2040,Slow,2400.0,False
WIND_OFFSHORE,SARD,WIND_OFFSHORE__Y026__X047,123,26,47,40.8,8.1,0.111574988063199,843.4221460097367,2.0,188.2096317465482,0.3349510248707282,0.3350125575446331,0.01,5.590335602030566,2019,83419.34641353982,188.2096317465482,96.95218244082315,2040,Slow,2400.0,False
WIND_OFFSHORE,SARD,WIND_OFFSHORE__Y026__X053,127,26,53,40.8,9.9,0.0753412196677885,843.4221464352942,2.0,127.08890641451843,0.3391541501219975,0.3392000607933229,0.01,15.655162004619656,2019,88615.78789669962,127.08890641451843,97.49971787951083,2040,Slow,2400.0,False
WIND_OFFSHORE,SARD,WIND_OFFSHORE__Y027__X047,135,27,47,41.1,8.1,0.0115850886302762,839.6571106079696,2.0,19.455004090869984,0.3566026117736474,0.3566643374200646,0.01,16.700885526894197,2019,89155.69200171881,19.455004090869984,92.90191868894507,2040,Slow,2400.0,False
WIND_OFFSHORE,SARD,WIND_OFFSHORE__Y027__X048,136,27,48,41.1,8.4,0.2000307727422072,839.6571107310396,2.0,335.9145213960378,0.343462573006298,0.3435190749138381,0.01,21.38664591441351,2019,91574.93687330335,335.9145213960378,97.26019361223659,2040,Slow,2400.0,False
WIND_OFFSHORE,SARD,WIND_OFFSHORE__Y027__X049,137,27,49,41.1,8.7,0.0798219641347719,839.6571108330194,2.0,134.04615957283906,0.3213246197849194,0.3213772300064712,0.01,17.392662774738596,2019,89512.85464357819,134.04615957283906,103.22843875624318,2040,Slow,2400.0,False
WIND_OFFSHORE,SARD,WIND_OFFSHORE__Y027__X050,138,27,50,41.1,9.0,0.2261821302913222,839.657110913882,2.0,379.83086812151777,0.310517852165237,0.3105725954918023,0.01,0.0,2019,80533.0719101163,379.83086812151777,103.51981136369724,2040,Slow,2400.0,False
WIND_OFFSHORE,SARD,WIND_OFFSHORE__Y027__X051,139,27,51,41.1,9.3,0.0600670527828311,839.6571109736715,2.0,100.87145600867004,0.3233440654323811,0.3233896086035562,0.01,0.0,2019,80533.0719101163,100.87145600867004,99.41345123567139,2040,Slow,2400.0,False
WIND_OFFSHORE,SARD,WIND_OFFSHORE__Y027__X052,140,27,52,41.1,9.6,0.1186820485762642,839.6571110123677,2.0,199.304452073151,0.3738689180243235,0.3739204653794817,0.01,2.6547875782351067,2019,81903.7312487582,199.304452073151,86.39717260512269,2040,Slow,2400.0,False
WIND_OFFSHORE,SARD,WIND_OFFSHORE__Y028__X050,150,28,50,41.4,9.0,0.0095440624790984,835.8686116507187,2.0,15.955164507823412,0.3453820555440726,0.345429362348888,0.01,22.693840625382016,2019,92249.83781554876,15.955164507823412,96.94273138470759,2040,Slow,2400.0,False
WIND_OFFSHORE,SARD,WIND_OFFSHORE__Y028__X051,151,28,51,41.4,9.3,0.062714443651932,835.8686117099651,2.0,104.84206989900647,0.3575376280548374,0.3575770729509584,0.01,16.82560891256568,2019,89220.08633395057,104.84206989900647,92.67952571791001,2040,Slow,2400.0,False
WIND_OFFSHORE,SARD,WIND_OFFSHORE__Y028__X052,152,28,52,41.4,9.6,0.001944035897428,835.8686117483287,2.0,3.2499171735441346,0.4054499823290434,0.4054914232737442,0.01,27.754144782270554,2019,94862.45857883358,3.2499171735441346,83.31613192096029,2040,Slow,2400.0,False
WIND_ONSHORE,SARD,WIND_ONSHORE__Y020__X048,55,20,48,39.0,8.4,0.0407399246609406,865.5144989299874,3.0,105.78298643807844,0.3654721518851208,0.3656337709496699,0.01,131.9766485027404,2019,0.0,105.78298643807844,37.113400124145,2040,Slow,2800.0,False
WIND_ONSHORE,SARD,WIND_ONSHORE__Y020__X051,58,20,51,39.0,9.3,0.0005722159746604,865.5144991863606,3.0,1.4857836682040413,0.2869470505891034,0.2871196937099659,0.01,118.69341510017992,2019,0.0,1.4857836682040413,47.2697460360649,2040,Slow,2800.0,False
WIND_ONSHORE,SARD,WIND_ONSHORE__Y020__X052,59,20,52,39.0,9.6,0.0020146338694356,865.5144992272551,3.0,5.231084473892651,0.3224339011232143,0.3226209515102841,0.01,125.16012710204892,2019,0.0,5.231084473892651,42.06727071779433,2040,Slow,2800.0,False
WIND_ONSHORE,SARD,WIND_ONSHORE__Y025__X047,114,25,47,40.5,8.1,0.0195027875145006,847.1636252121973,3.0,49.56615651758254,0.2913063865146865,0.2915369494644382,0.01,98.14583129054851,2019,0.0,49.56615651758254,46.5623646959108,2040,Slow,2800.0,False
WIND_ONSHORE,SARD,WIND_ONSHORE__Y026__X047,135,26,47,40.8,8.1,0.147889588036879,843.4221460097367,3.0,374.2000611436811,0.3201612425584056,0.3203966060380693,0.01,117.91811280939862,2019,0.0,374.2000611436811,42.36588444858493,2040,Slow,2800.0,False
WIND_ONSHORE,SARD,WIND_ONSHORE__Y027__X049,155,27,49,41.1,8.7,1.2657673876108571e-05,839.6571108330194,3.0,0.0318843176300397,0.2930058655900798,0.2932261106245116,0.01,119.5253783816224,2019,0.0,0.0318843176300397,46.29229582086569,2040,Slow,2800.0,False
WIND_ONSHORE,SARD,WIND_ONSHORE__Y027__X050,156,27,50,41.1,9.0,0.3790183041929584,839.657110913882,3.0,954.7362428464148,0.2763986952607748,0.2766133645634928,0.01,114.87794497162952,2019,0.0,263.5733762545526,49.07372733560697,2040,Slow,2800.0,True
WIND_ONSHORE,SARD,WIND_ONSHORE__Y027__X051,157,27,51,41.1,9.3,0.6950777778528354,839.6571109736715,3.0,1750.8809965617338,0.2896606875606046,0.2898558384248598,0.01,115.80955620547904,2019,0.0,1750.8809965617338,46.82690744599872,2040,Slow,2800.0,False
WIND_ONSHORE,SARD,WIND_ONSHORE__Y027__X052,158,27,52,41.1,9.6,0.0976617677155462,839.6571110123677,3.0,246.00719320918927,0.3521381296919689,0.352346036173546,0.01,122.1927460971668,2019,0.0,246.00719320918927,38.518731893674094,2040,Slow,2800.0,False
WIND_ONSHORE,SARD,WIND_ONSHORE__Y028__X051,175,28,51,41.4,9.3,0.0012922594811587,835.8686117099651,3.0,3.2404774154555063,0.3348613226964419,0.3350283744873993,0.01,148.70116346322,2019,0.0,3.2404774154555063,40.50606411610196,2040,Slow,2800.0,False
WIND_OFFSHORE,SICI,WIND_OFFSHORE__Y012__X068,0,12,68,36.6,14.4,0.0017315776548074,893.6185876104291,2.0,3.0947399564537124,0.3166034726352466,0.316649798806692,0.01,22.310766184221343,2019,92052.05756206386,3.0947399564537124,105.6833075856629,2040,Slow,2400.0,False
WIND_OFFSHORE,SICI,WIND_OFFSHORE__Y012__X069,1,12,69,36.6,14.7,0.069302590775291,893.6185872541407,2.0,123.8601665233349,0.3052350031704963,0.3053029563758442,0.01,12.910586704058325,2019,87198.7714102728,123.8601665233349,107.80439248410836,2040,Slow,2400.0,False
WIND_OFFSHORE,SICI,WIND_OFFSHORE__Y012__X070,2,12,70,36.6,15.0,0.1098948965891018,893.61858687432,2.0,196.40824438930548,0.3052782586013083,0.3053331538699754,0.01,8.582863137554748,2019,84964.37993951257,196.40824438930548,106.95359280343833,2040,Slow,2400.0,False
WIND_OFFSHORE,SICI,WIND_OFFSHORE__Y012__X071,3,12,71,36.6,15.3,0.0064544681392454,893.6185864710498,2.0,11.535665390029898,0.3207018712230735,0.320749935807692,0.01,16.903741775823395,2019,89260.42611087172,11.535665390029898,103.33903779670209,2040,Slow,2400.0,False
WIND_OFFSHORE,SICI,WIND_OFFSHORE__Y013__X066,4,13,66,36.9,13.8,0.0250579564776921,890.1914017540676,2.0,44.61275480393846,0.3278304186708636,0.3278807103391496,0.01,23.41231165586025,2019,92620.78238209043,44.61275480393846,102.26209404783307,2040,Slow,2400.0,False
WIND_OFFSHORE,SICI,WIND_OFFSHORE__Y013__X067,5,13,67,36.9,14.1,0.1879700034106496,890.1914014465718,2.0,334.6585615320862,0.2799678824866022,0.2800375277014389,0.01,21.71945963963619,2019,91746.76766091309,334.6585615320862,119.38816495303692,2040,Slow,2400.0,False
WIND_OFFSHORE,SICI,WIND_OFFSHORE__Y014__X064,10,14,64,37.2,13.2,0.0673058094169073,886.739527313267,2.0,119.36544325557044,0.3397652735765682,0.3398254468996949,0.01,21.172961634622222,2019,91464.6122823575,119.36544325557044,98.28150436403483,2040,Slow,2400.0,False
WIND_OFFSHORE,SICI,WIND_OFFSHORE__Y014__X065,11,14,65,37.2,13.5,0.2330021854979692,886.7395270540454,2.0,413.2244955420565,0.2651890707269882,0.2652517071329697,0.01,9.684479786487396,2019,85533.14150817515,105.49549335907415,123.36682500606523,2040,Slow,2400.0,True
WIND_OFFSHORE,SICI,WIND_OFFSHORE__Y015__X061,17,15,61,37.5,12.3,0.0170083551927616,883.2630470948031,2.0,30.04570326725875,0.4313739150355354,0.4314131111688311,0.01,26.3413826044999,2019,94133.05345123813,30.04570326725875,78.11612528026205,2040,Slow,2400.0,False
WIND_OFFSHORE,SICI,WIND_OFFSHORE__Y015__X062,18,15,62,37.5,12.6,0.2025592419202363,883.2630469064355,2.0,357.8261863950515,0.3910737657053747,0.3911129979330638,0.01,9.223819498479386,2019,85295.30390079888,357.8261863950515,83.58623394524265,2040,Slow,2400.0,False
WIND_OFFSHORE,SICI,WIND_OFFSHORE__Y015__X063,19,15,63,37.5,12.9,0.2202269839809366,883.2630466949906,2.0,389.036713670902,0.3277023262093254,0.3277483904486402,0.01,8.160987715006987,2019,84746.5668487782,389.036713670902,99.55907982561016,2040,Slow,2400.0,False
WIND_OFFSHORE,SICI,WIND_OFFSHORE__Y016__X061,23,16,61,37.8,12.3,0.2100846525689911,879.762043733812,2.0,369.64900660240687,0.3987700788138488,0.3988135562600307,0.01,11.124654458200157,2019,86276.6996290742,369.64900660240687,82.25395155898507,2040,Slow,2400.0,False
WIND_OFFSHORE,SICI,WIND_OFFSHORE__Y016__X062,24,16,62,37.8,12.6,0.066693969642532,879.7620435466742,2.0,117.34964604990778,0.3019700866719449,0.3020232120387614,0.01,0.0,2019,80533.0719101163,117.34964604990778,106.4501117825199,2040,Slow,2400.0,False
WIND_OFFSHORE,SICI,WIND_OFFSHORE__Y017__X061,29,17,61,38.1,12.3,0.0220845682531631,876.236601975738,2.0,38.7026140845058,0.3742601906881601,0.3743102671649788,0.01,20.41624687536184,2019,91073.92258651453,38.7026140845058,89.10390088803688,2040,Slow,2400.0,False
WIND_OFFSHORE,SICI,WIND_OFFSHORE__Y017__X062,30,17,62,38.1,12.6,0.0903631852382698,876.2366017898362,2.0,158.3590607201741,0.2890658830286087,0.2891179421467933,0.01,3.4894109733289604,2019,82334.64495353562,158.3590607201741,111.91361694256199,2040,Slow,2400.0,False
WIND_ONSHORE,SICI,WIND_ONSHORE__Y012__X069,0,12,69,36.6,14.7,0.0130266706690286,893.6185872541407,3.0,34.922625119647066,0.2890684467799748,0.289317610094658,0.01,108.42081517929716,2019,0.0,34.922625119647066,46.92284598418655,2040,Slow,5040.0,False
WIND_ONSHORE,SICI,WIND_ONSHORE__Y012__X070,1,12,70,36.6,15.0,0.0764344488315716,893.61858687432,3.0,204.9097324601597,0.285720652976637,0.2859806662175482,0.01,123.10773117333892,2019,0.0,204.9097324601597,47.47264177733027,2040,Slow,5040.0,False
WIND_ONSHORE,SICI,WIND_ONSHORE__Y013__X068,2,13,68,36.9,14.4,0.2718758324600055,890.1914011157479,3.0,726.064584681248,0.2182949964041721,0.2185398351344759,0.01,67.36560243455756,2019,0.0,726.064584681248,62.135708241481005,2040,Slow,5040.0,False
WIND_ONSHORE,SICI,WIND_ONSHORE__Y013__X071,5,13,71,36.9,15.3,0.0566688105811484,890.1913999832144,3.0,151.33826347984848,0.2151592401737688,0.2154421554500345,0.01,121.3777023849833,2019,0.0,151.33826347984848,63.04128140715767,2040,Slow,5040.0,False
WIND_ONSHORE,SICI,WIND_ONSHORE__Y014__X065,6,14,65,37.2,13.5,0.0747704263327217,886.7395270540454,3.0,198.90567745172103,0.2324874761683835,0.2327159262453928,0.01,64.66238569278504,2019,0.0,198.90567745172103,58.34255862161306,2040,Slow,5040.0,False
WIND_ONSHORE,SICI,WIND_ONSHORE__Y015__X062,13,15,62,37.5,12.6,0.0568954975838636,883.2630469064355,3.0,150.76107165354338,0.3776985233593967,0.3778775244168545,0.01,137.08117502238784,2019,0.0,150.76107165354338,35.912012804556625,2040,Slow,5040.0,False
WIND_ONSHORE,SICI,WIND_ONSHORE__Y015__X063,14,15,63,37.5,12.9,0.2282638389035983,883.2630466949906,3.0,604.8510414008604,0.3109846933208215,0.3111782584196959,0.01,110.35182461166195,2019,0.0,604.8510414008604,43.61601872524261,2040,Slow,5040.0,False
WIND_ONSHORE,SICI,WIND_ONSHORE__Y015__X064,15,15,64,37.5,13.2,0.4135422732568354,883.2630464605031,3.0,1095.7998243511029,0.184574563699097,0.184844409358789,0.01,83.62687727108643,2019,0.0,1025.0167437525374,73.48745100791558,2040,Slow,5040.0,True
WIND_ONSHORE,SICI,WIND_ONSHORE__Y016__X062,22,16,62,37.8,12.6,0.6101331044906985,879.7620435466742,3.0,1610.3158405266404,0.2608530254687493,0.2610467729740721,0.01,141.22384238824506,2019,0.0,1610.3158405266404,51.99830127624787,2040,Slow,5040.0,False
WIND_ONSHORE,SICI,WIND_ONSHORE__Y017__X062,34,17,62,38.1,12.6,0.1266455577537578,876.2366017898362,3.0,332.9144194737936,0.255931351114795,0.2561751717278179,0.01,152.59129382680973,2019,0.0,332.9144194737936,52.998251867395695,2040,Slow,5040.0,False
WIND_OFFSHORE,SUD,WIND_OFFSHORE__Y022__X080,81,22,80,39.6,18.0,0.000548210467995,858.2458060998702,2.0,0.9409986700336826,0.3581937990786686,0.3582440320723716,0.01,31.765254942068538,2019,96933.3834407404,0.9409986700336826,94.96795100942788,2040,Slow,3760.0,False
WIND_OFFSHORE,SUD,WIND_OFFSHORE__Y022__X081,82,22,81,39.6,18.3,0.0005584861306736,858.2458055040064,2.0,0.9586367581656946,0.3481473365996433,0.3482038134013035,0.01,21.55293765929784,2019,91660.79283215044,0.9586367581656946,95.97958606852634,2040,Slow,3760.0,False
WIND_OFFSHORE,SUD,WIND_OFFSHORE__Y023__X080,93,23,80,39.9,18.0,0.0988149135592229,854.5755420975499,2.0,168.88961664439103,0.3421244684856889,0.3421759745519233,0.01,5.256479081547404,2019,83246.97723367838,168.88961664439103,94.86183834977287,2040,Slow,3760.0,False
WIND_OFFSHORE,SUD,WIND_OFFSHORE__Y023__X081,94,23,81,39.9,18.3,0.1269370063602993,854.5755415063121,2.0,216.95452189508603,0.3314084544090859,0.3314760921818584,0.01,0.0,2019,80533.0719101163,216.95452189508603,96.99435561630764,2040,Slow,3760.0,False
WIND_OFFSHORE,SUD,WIND_OFFSHORE__Y023__X082,95,23,82,39.9,18.6,0.0098896213805004,854.5755408933657,2.0,16.902857080943456,0.3645448967941283,0.3645850267465133,0.01,17.40816319109847,2019,89520.85746482486,16.902857080943456,90.99222809074915,2040,Slow,3760.0,False
WIND_OFFSHORE,SUD,WIND_OFFSHORE__Y024__X078,105,24,78,40.2,17.4,0.0540531912858214,850.8814504828965,2.0,91.98571560901838,0.2948479223225652,0.2949052803863126,0.01,13.903683797383204,2019,87711.50463846154,91.98571560901838,111.80070394408183,2040,Slow,3760.0,False
WIND_OFFSHORE,SUD,WIND_OFFSHORE__Y024__X079,106,24,79,40.2,17.7,0.2143588225828695,850.881449939397,2.0,364.787891533228,0.2975438100496579,0.2975893902912729,0.01,11.186281788489977,2019,86308.51764587894,364.787891533228,110.24946858800858,2040,Slow,3760.0,False
WIND_OFFSHORE,SUD,WIND_OFFSHORE__Y024__X080,107,24,80,40.2,18.0,0.2043238566740681,850.8814493743637,2.0,347.7107586171816,0.2982764094015687,0.298322413018539,0.01,0.0,2019,80533.0719101163,347.7107586171816,107.7683265186734,2040,Slow,3760.0,False
WIND_OFFSHORE,SUD,WIND_OFFSHORE__Y024__X081,108,24,81,40.2,18.3,0.0198831262783939,850.8814487878468,2.0,33.83636658838313,0.3144760934671787,0.3145298212975982,0.01,0.0,2019,80533.0719101163,33.83636658838313,102.216830305928,2040,Slow,3760.0,False
WIND_OFFSHORE,SUD,WIND_OFFSHORE__Y024__X082,109,24,82,40.2,18.6,0.0287692514728304,850.8814481797785,2.0,48.95844471250041,0.3660683710909231,0.3661243731288353,0.01,10.164577240310097,2019,85781.01446943774,48.95844471250041,89.44730620802177,2040,Slow,3760.0,False
WIND_OFFSHORE,SUD,WIND_OFFSHORE__Y025__X080,121,25,80,40.5,18.0,0.0586349115309311,847.1636180209601,2.0,99.34672758976508,0.2949157206957182,0.2949591937391185,0.01,0.0,2019,80533.0719101163,99.34672758976508,108.99639193656745,2040,Slow,3760.0,False
WIND_OFFSHORE,SUD,WIND_OFFSHORE__Y025__X081,122,25,81,40.5,18.3,0.0864453837961972,847.1636174391907,2.0,146.46676809541128,0.3341263414024593,0.3341707306409497,0.01,8.250297378911023,2019,84792.67717634815,146.46676809541128,97.66068024799004,2040,Slow,3760.0,False
WIND_OFFSHORE,SUD,WIND_OFFSHORE__Y026__X078,132,26,78,40.8,17.4,0.0457561014267197,843.4221399684062,2.0,77.18341796387085,0.29097687062869,0.2910230697044503,0.01,0.0,2019,80533.0719101163,77.18341796387085,110.47183720050745,2040,Slow,3760.0,False
WIND_OFFSHORE,SUD,WIND_OFFSHORE__Y026__X079,133,26,79,40.8,17.7,0.0507264021982671,843.4221394338122,2.0,85.567541335685,0.3325944471416777,0.3326466344789323,0.01,3.9976770674634334,2019,82597.0613043397,85.567541335685,97.35690113630649,2040,Slow,3760.0,False
WIND_OFFSHORE,SUD,WIND_OFFSHORE__Y026__X080,134,26,80,40.8,18.0,0.03310448331629,843.4221388780715,2.0,55.84210825015749,0.3584917272950506,0.3585365705373953,0.01,14.017818587823555,2019,87770.43210884131,55.84210825015749,91.97124966054493,2040,Slow,3760.0,False
WIND_OFFSHORE,SUD,WIND_OFFSHORE__Y027__X077,148,27,77,41.1,17.1,0.0670603682068938,839.6571051268537,2.0,112.61542927468278,0.2987566489235,0.2988104633450327,0.01,3.9596152411351615,2019,82577.41009076228,112.61542927468278,108.37623710234628,2040,Slow,3760.0,False
WIND_OFFSHORE,SUD,WIND_OFFSHORE__Y027__X078,149,27,78,41.1,17.4,0.0351084768156135,839.6571046178339,2.0,58.95816398108091,0.325908505450328,0.3259459730182051,0.01,17.57161881062585,2019,89605.24914014965,58.95816398108091,101.80889911250857,2040,Slow,3760.0,False
WIND_OFFSHORE,SUD,WIND_OFFSHORE__Y028__X076,161,28,76,41.4,16.8,0.0018050187512354,835.8686063976363,2.0,3.017517016233481,0.3184666636148104,0.3185192753529043,0.01,25.785382880638068,2019,93845.99236204161,3.017517016233481,105.70804767038487,2040,Slow,3760.0,False
WIND_OFFSHORE,SUD,WIND_OFFSHORE__Y029__X074,166,29,74,41.7,16.2,0.5026590850092469,832.0567373109653,2.0,836.4817565050183,0.2896474175474334,0.2897102073593854,0.01,6.75007367235388,2019,84018.11590813115,836.4817565050183,112.35241049131481,2040,Slow,3760.0,False
WIND_OFFSHORE,SUD,WIND_OFFSHORE__Y029__X075,167,29,75,41.7,16.5,0.1141365934722223,832.0567368727505,2.0,189.93624304453795,0.357062939647121,0.3571126459071994,0.01,27.285412317963367,2019,94620.45332960215,189.93624304453795,94.52926724468072,2040,Slow,3760.0,False
WIND_OFFSHORE,SUD,WIND_OFFSHORE__Y030__X072,174,30,72,42.0,15.6,0.3649111303254292,828.2215912013794,2.0,604.4545540104418,0.2850028711693225,0.2850731057526623,0.01,8.106516787280905,2019,84718.44366243202,199.45106515451937,114.46387017389313,2040,Slow,3760.0,True
WIND_OFFSHORE,SUD,WIND_OFFSHORE__Y030__X073,175,30,73,42.0,15.9,0.2439233762170862,828.2215908080815,2.0,404.04521337158656,0.298412802091312,0.2984605062152893,0.01,7.5823916728194,2019,84447.83934416449,404.04521337158656,109.21663049438311,2040,Slow,3760.0,False
WIND_OFFSHORE,SUD,WIND_OFFSHORE__Y030__X074,176,30,74,42.0,16.2,0.1197181355963538,828.2215903943181,2.0,198.3062893253096,0.3541648889315597,0.3541930221216019,0.01,10.781603105996885,2019,86099.58318353027,198.3062893253096,92.55631204012207,2040,Slow,3760.0,False
WIND_OFFSHORE,SUD,WIND_OFFSHORE__Y030__X075,177,30,75,42.0,16.5,0.00051674032263,828.2215899600852,2.0,0.8559509832103155,0.3747436951996362,0.3747804394089482,0.01,29.49479714895767,2019,95761.15248613102,0.8559509832103155,90.41677092316137,2040,Slow,3760.0,False
WIND_ONSHORE,SUD,WIND_ONSHORE__Y023__X080,94,23,80,39.9,18.0,0.110409607320317,854.5755420975499,3.0,283.0600500856127,0.330580262006871,0.3307753433531576,0.01,174.60926511180023,2019,0.0,283.0600500856127,41.03062331913471,2040,Slow,10560.0,False
WIND_ONSHORE,SUD,WIND_ONSHORE__Y023__X081,95,23,81,39.9,18.3,0.2799131349427307,854.5755415063121,3.0,717.6207566052406,0.3016163359278848,0.3018527583193058,0.01,194.69562045691148,2019,0.0,717.6207566052406,44.970754536279024,2040,Slow,10560.0,False
WIND_ONSHORE,SUD,WIND_ONSHORE__Y023__X082,96,23,82,39.9,18.6,7.190427933594762e-05,854.5755408933657,3.0,0.1843429152181953,0.3415733259629545,0.3417760680749463,0.01,215.93714155504892,2019,0.0,0.1843429152181953,39.71010959039543,2040,Slow,10560.0,False
WIND_ONSHORE,SUD,WIND_ONSHORE__Y024__X078,109,24,78,40.2,17.4,0.0116688237781715,850.8814504828965,3.0,29.78635710539977,0.2688490150181893,0.2690679595079258,0.01,114.584164513632,2019,0.0,29.78635710539977,50.45179059416344,2040,Slow,10560.0,False
WIND_ONSHORE,SUD,WIND_ONSHORE__Y024__X079,110,24,79,40.2,17.7,0.0694755873195492,850.881449939397,3.0,177.34646542154775,0.2646463799900768,0.2648743445139701,0.01,133.90002448197671,2019,0.0,177.34646542154775,51.252974658687485,2040,Slow,10560.0,False
WIND_ONSHORE,SUD,WIND_ONSHORE__Y024__X080,111,24,80,40.2,18.0,0.4109123679773085,850.8814493743637,3.0,1048.9131336911526,0.2539278210359904,0.2541308693360016,0.01,155.01145963230712,2019,0.0,1048.9131336911526,53.41641633360965,2040,Slow,10560.0,False
WIND_ONSHORE,SUD,WIND_ONSHORE__Y024__X081,112,24,81,40.2,18.3,0.4811975751040783,850.8814487878468,3.0,1228.3262695732706,0.2752005606672815,0.2753999079912186,0.01,177.27724955051443,2019,0.0,1228.3262695732706,49.28737853678869,2040,Slow,10560.0,False
WIND_ONSHORE,SUD,WIND_ONSHORE__Y024__X082,113,24,82,40.2,18.6,0.0567572683768894,850.8814481797785,3.0,144.88112013376806,0.3330469084296627,0.333222392721349,0.01,200.31196159591352,2019,0.0,144.88112013376806,40.72673807752638,2040,Slow,10560.0,False
WIND_ONSHORE,SUD,WIND_ONSHORE__Y025__X078,131,25,78,40.5,17.4,0.5730682348064301,847.1636191204628,3.0,1456.4476794047716,0.2215547693938289,0.2218167820207389,0.01,94.27670552348528,2019,0.0,53.68649129622281,61.22149500214092,2040,Slow,10560.0,True
WIND_ONSHORE,SUD,WIND_ONSHORE__Y025__X079,132,25,79,40.5,17.7,0.8124176789322952,847.1636185813763,3.0,2064.752102051298,0.2341457647496416,0.2343500241054928,0.01,116.95744474189472,2019,0.0,2064.752102051298,57.92935960916434,2040,Slow,10560.0,False
WIND_ONSHORE,SUD,WIND_ONSHORE__Y025__X080,133,25,80,40.5,18.0,0.5544732164046023,847.1636180209601,3.0,1409.188608315125,0.2439079661993916,0.2440995303283767,0.01,140.58489718327348,2019,0.0,1409.188608315125,55.61078803000824,2040,Slow,10560.0,False
WIND_ONSHORE,SUD,WIND_ONSHORE__Y025__X081,134,25,81,40.5,18.3,0.087589920184238,847.1636174391907,3.0,222.6089809034673,0.2921816734237252,0.2923870906604759,0.01,164.75130288635967,2019,0.0,222.6089809034673,46.42287809569166,2040,Slow,10560.0,False
WIND_ONSHORE,SUD,WIND_ONSHORE__Y026__X078,152,26,78,40.8,17.4,0.4820688201249236,843.4221399684062,3.0,1219.7625476454232,0.2535154453849145,0.2537241771160003,0.01,82.73464011179873,2019,0.0,1219.7625476454232,53.50330504143677,2040,Slow,10560.0,False
WIND_ONSHORE,SUD,WIND_ONSHORE__Y026__X079,153,26,79,40.8,17.7,0.2455444163882948,843.4221394338122,3.0,621.2927909887273,0.2922075706132208,0.2924015842891739,0.01,107.82777529044986,2019,0.0,621.2927909887273,46.41876382148427,2040,Slow,10560.0,False
WIND_ONSHORE,SUD,WIND_ONSHORE__Y026__X080,154,26,80,40.8,18.0,0.0085780805665097,843.4221388780715,3.0,21.70482917662233,0.3180429040565893,0.3182332580772055,0.01,133.03081130078175,2019,0.0,21.70482917662233,42.64806425214681,2040,Slow,10560.0,False
WIND_ONSHORE,SUD,WIND_ONSHORE__Y027__X077,173,27,77,41.1,17.1,0.1930123431081582,839.6571051268537,3.0,486.1925558038415,0.2623026216404801,0.2625280912087592,0.01,59.273297342850086,2019,0.0,486.1925558038415,51.71093648364634,2040,Slow,10560.0,False
WIND_ONSHORE,SUD,WIND_ONSHORE__Y027__X078,174,27,78,41.1,17.4,0.0024996755151606,839.6571046178339,3.0,6.296610916631668,0.2932572134292268,0.293454583169278,0.01,83.68009310732951,2019,0.0,6.296610916631668,46.25261915481656,2040,Slow,10560.0,False
WIND_ONSHORE,SUD,WIND_ONSHORE__Y028__X075,189,28,75,41.4,16.5,0.012711855907281,835.8686068606274,3.0,31.87632386349611,0.2430215171786533,0.2432649655083892,0.01,52.360742820326,2019,0.0,31.87632386349611,55.81363479503542,2040,Slow,10560.0,False
WIND_ONSHORE,SUD,WIND_ONSHORE__Y029__X074,203,29,74,41.7,16.2,0.022128311646785,832.0567373109653,3.0,55.23603237307263,0.2551909737606678,0.2553958768969405,0.01,87.40549274975015,2019,0.0,55.23603237307263,53.15201398880892,2040,Slow,10560.0,False
WIND_ONSHORE,SUD,WIND_ONSHORE__Y030__X071,216,30,71,42.0,15.3,0.1098799712468913,828.2215915742116,3.0,273.0148940046869,0.252836053655586,0.2530687497608137,0.01,151.56880871409484,2019,0.0,273.0148940046869,53.64707291951958,2040,Slow,10560.0,False
WIND_ONSHORE,SUD,WIND_ONSHORE__Y030__X072,217,30,72,42.0,15.6,0.0913880592100069,828.2215912013794,3.0,227.06869144715347,0.2563051087960115,0.2565422025808692,0.01,137.2836673260877,2019,0.0,227.06869144715347,52.92096701022084,2040,Slow,10560.0,False
WIND_ONSHORE,SUD,WIND_ONSHORE__Y030__X073,218,30,73,42.0,15.9,0.0725628217313713,828.2215908080815,3.0,180.2942869436389,0.2678268158705297,0.2680111957364023,0.01,126.44262648882324,2019,0.0,180.2942869436389,50.64434703096244,2040,Slow,10560.0,False
WIND_ONSHORE,SUD,WIND_ONSHORE__Y030__X074,219,30,74,42.0,16.2,0.0229027913138927,828.2215903943181,3.0,56.90575873938434,0.3270647022986662,0.3272225266483882,0.01,119.98253157749772,2019,0.0,56.90575873938434,41.47165411557804,2040,Slow,10560.0,False
WIND_OFFSHORE,CALA,WIND_OFFSHORE__Y016__X073,27,16,73,37.8,15.9,0.0078161560264991,879.7620399761713,2.0,13.752714741289855,0.1961928184827935,0.1962763683043833,0.01,13.981212107138315,2019,79836.63747862147,13.752714741289855,160.4402567487512,2050,Base,592.105263158,False
WIND_OFFSHORE,CALA,WIND_OFFSHORE__Y016__X074,28,16,74,37.8,16.2,0.0035560789714497,879.7620395142088,2.0,6.257006577192503,0.2151407749711125,0.2152249706147899,0.01,18.22866454376388,2019,81827.81276265369,6.257006577192503,147.3664361788839,2050,Base,592.105263158,False
WIND_OFFSHORE,CALA,WIND_OFFSHORE__Y018__X072,44,18,72,38.4,15.6,0.0004505162182443,872.6868034006367,2.0,0.7863191167595458,0.208860110103542,0.2089277153759494,0.01,18.24361309319147,2019,81834.82053557085,0.7863191167595458,151.8017454008596,2050,Base,592.105263158,False
WIND_OFFSHORE,CALA,WIND_OFFSHORE__Y018__X073,45,18,73,38.4,15.9,0.0104877860402955,872.6868029674325,2.0,18.305104939424,0.170497994329683,0.1705685091554304,0.01,0.0,2019,73282.34536966428,8.394869072856878,180.23097238591757,2050,Base,592.105263158,True
WIND_OFFSHORE,CALA,WIND_OFFSHORE__Y019__X073,49,19,73,38.7,15.9,0.0212645795667569,869.1127397493641,2.0,36.96263401376496,0.1785854289683217,0.1786828689784156,0.01,2.129004125963906,2019,74280.40725698936,36.96263401376496,172.70699794192558,2050,Base,592.105263158,False
WIND_OFFSHORE,CALA,WIND_OFFSHORE__Y019__X076,52,19,76,38.7,16.8,0.0109607533370878,869.1127383244511,2.0,19.052260693790643,0.1923993330031448,0.1924747191531693,0.01,19.24704088384188,2019,82305.22029774959,19.052260693790643,165.06828462239372,2050,Base,592.105263158,False
WIND_OFFSHORE,CALA,WIND_OFFSHORE__Y020__X077,62,20,77,39.0,17.1,0.105624773342556,865.5144930061093,2.0,182.83954429693517,0.2574446375785501,0.2575212530465449,0.01,0.0,2019,73282.34536966428,182.83954429693517,119.36166003268008,2050,Base,592.105263158,False
WIND_OFFSHORE,CALA,WIND_OFFSHORE__Y021__X077,71,21,77,39.3,17.1,0.0773550490573479,861.8921537088293,2.0,133.3434196645795,0.2257659865760744,0.2258391936685872,0.01,0.0,2019,73282.34536966428,133.3434196645795,136.1100481694258,2050,Base,592.105263158,False
WIND_OFFSHORE,CALA,WIND_OFFSHORE__Y022__X077,80,22,77,39.6,17.1,0.044530730493222,858.2458077562425,2.0,76.43662552426174,0.2329199304299833,0.2329977163716542,0.01,14.556570200272306,2019,80106.36123223846,76.43662552426174,135.2740252597017,2050,Base,592.105263158,False
WIND_OFFSHORE,CALA,WIND_OFFSHORE__Y023__X076,92,23,76,39.9,16.8,0.0668635267099003,854.5755442454694,2.0,114.2798694565692,0.1852830365875545,0.1853749098739889,0.01,16.113811142231462,2019,80836.38463360126,114.2798694565692,170.50321032636452,2050,Base,592.105263158,False
WIND_ONSHORE,CALA,WIND_ONSHORE__Y016__X073,32,16,73,37.8,15.9,0.0253038192331129,879.7620399761713,3.0,66.78401888313523,0.1706221916880884,0.1709662277696028,0.01,151.09664798262264,2019,0.0,66.78401888313523,79.49677631583087,2050,Base,3483.870967742,False
WIND_ONSHORE,CALA,WIND_ONSHORE__Y016__X074,33,16,74,37.8,16.2,0.004054685177066,879.7620395142088,3.0,10.701474302891013,0.200859409593097,0.2011372917651287,0.01,141.44547422338604,2019,0.0,10.701474302891013,67.5293939906659,2050,Base,3483.870967742,False
WIND_ONSHORE,CALA,WIND_ONSHORE__Y018__X073,48,18,73,38.4,15.9,0.3761470144520128,872.6868029674325,3.0,984.7756064636152,0.1407382256036881,0.1410907491910734,0.01,95.72247530510032,2019,0.0,984.7756064636152,96.37690221660245,2050,Base,3483.870967742,False
WIND_ONSHORE,CALA,WIND_ONSHORE__Y018__X075,50,18,75,38.4,16.5,0.3754575944499306,872.6868020333969,3.0,982.970662198986,0.1364388823768726,0.1368209533672105,0.01,70.68241884848675,2019,0.0,474.8138591108173,99.41384721752868,2050,Base,3483.870967742,True
WIND_ONSHORE,CALA,WIND_ONSHORE__Y019__X073,51,19,73,38.7,15.9,0.148933145044817,869.1127397493641,3.0,388.3190811881712,0.155978731737765,0.1562894210974982,0.01,74.91087115139673,2019,0.0,388.3190811881712,86.96002369059359,2050,Base,3483.870967742,False
WIND_ONSHORE,CALA,WIND_ONSHORE__Y019__X076,54,19,76,38.7,16.8,0.0021330271816099,869.1127383244511,3.0,5.561523284188551,0.1621907878687974,0.1625198600546054,0.01,38.55540076637103,2019,0.0,5.561523284188551,83.6293749193522,2050,Base,3483.870967742,False
WIND_ONSHORE,CALA,WIND_ONSHORE__Y020__X077,63,20,77,39.0,17.1,0.3332849909789659,865.5144930061093,3.0,865.3889699811161,0.2293664515412272,0.2296376818896354,0.01,39.52337200584908,2019,0.0,865.3889699811161,59.13643480117558,2050,Base,3483.870967742,False
WIND_ONSHORE,CALA,WIND_ONSHORE__Y021__X077,73,21,77,39.3,17.1,0.2487980292349393,861.8921537088293,3.0,643.3112077674424,0.2054092593158225,0.2057076101668654,0.01,49.630090518118266,2019,0.0,643.3112077674424,66.0336065293429,2050,Base,3483.870967742,False
WIND_ONSHORE,CALA,WIND_ONSHORE__Y022__X077,83,22,77,39.6,17.1,0.0150921860802578,858.2458077562425,3.0,38.85841629977518,0.2170630876490916,0.2173513281213506,0.01,74.55991552835661,2019,0.0,38.85841629977518,62.48835006471698,2050,Base,3483.870967742,False
WIND_ONSHORE,CALA,WIND_ONSHORE__Y024__X076,108,24,76,40.2,16.8,0.0020985338013779,850.8814515052895,3.0,5.356810460848121,0.1694048142026273,0.1696775792703059,0.01,130.14331845175715,2019,0.0,5.356810460848121,80.06805633587727,2050,Base,3483.870967742,False
WIND_OFFSHORE,CNOR,WIND_OFFSHORE__Y031__X056,178,31,56,42.3,10.8,0.0050207350457633,824.3632654171671,2.0,8.277819074239714,0.3074193767013323,0.3074781443595306,0.01,26.64729695893163,2019,85774.40734859614,8.277819074239714,104.59670475361054,2050,Base,789.473684211,False
WIND_OFFSHORE,CNOR,WIND_OFFSHORE__Y032__X054,186,32,54,42.6,10.2,0.0189881085301488,820.481849206131,2.0,31.158796799486492,0.2753661770631795,0.2754351136911493,0.01,44.13126747431367,2019,93970.7675142287,31.158796799486492,120.16984687967091,2050,Base,789.473684211,False
WIND_OFFSHORE,CNOR,WIND_OFFSHORE__Y032__X055,187,32,55,42.6,10.5,0.0216956570035669,820.4818491826162,2.0,35.6017855550367,0.2821185373521645,0.2821876615970491,0.01,29.444590158713915,2019,87085.75836775504,35.6017855550367,114.50772320207194,2050,Base,789.473684211,False
WIND_OFFSHORE,CNOR,WIND_OFFSHORE__Y032__X056,188,32,56,42.6,10.8,0.0588453494372888,820.4818491389336,2.0,96.56308223906689,0.2689364977223236,0.268993392483612,0.01,18.530007821195337,2019,81969.08033303465,96.56308223906689,117.94849709087308,2050,Base,789.473684211,False
WIND_OFFSHORE,CNOR,WIND_OFFSHORE__Y032__X057,189,32,57,42.6,11.1,0.0728935786063393,820.4818490750928,2.0,119.6157163212598,0.2443815508376643,0.2444520448256292,0.01,0.1688228065944675,2019,73361.4882923662,119.6157163212598,125.77894600776534,2050,Base,789.473684211,False
WIND_OFFSHORE,CNOR,WIND_OFFSHORE__Y033__X053,192,33,53,42.9,9.9,9.803890019309173e-05,816.5774420355704,2.0,0.1601127086793108,0.2720017055967736,0.2720632736063669,0.01,48.39492305468573,2019,95969.53871601,0.1601127086793108,122.4951199807171,2050,Base,789.473684211,False
WIND_OFFSHORE,CNOR,WIND_OFFSHORE__Y033__X054,193,33,54,42.9,10.2,0.0444787005214267,816.577442032212,2.0,72.64060699340698,0.2783820708490838,0.2784480661150427,0.01,24.293856080426664,2019,84671.13111899035,72.64060699340698,115.05449653279815,2050,Base,789.473684211,False
WIND_OFFSHORE,CNOR,WIND_OFFSHORE__Y033__X055,194,33,55,42.9,10.5,0.1987620912019136,816.5774420089228,2.0,324.6092800040058,0.2754448686907617,0.275510710036496,0.01,3.0858743780809648,2019,74728.98117852685,324.6092800040058,112.1609581213254,2050,Base,789.473684211,False
WIND_OFFSHORE,CNOR,WIND_OFFSHORE__Y034__X054,198,34,54,43.2,10.2,0.0450926680427831,812.6501408076139,2.0,73.28912606871748,0.2577441919571245,0.2578050456575775,0.01,25.13664705268592,2019,85066.2254911127,73.28912606871748,124.44203246259312,2050,Base,789.473684211,False
WIND_OFFSHORE,CNOR,WIND_OFFSHORE__Y035__X067,206,35,67,43.5,14.1,0.0876231415769656,808.700041305203,2.0,141.72167642516754,0.2576299909464936,0.2576852556316785,0.01,35.772890423684046,2019,90052.42021166114,27.557358447100825,126.70656585132522,2050,Base,789.473684211,True
WIND_ONSHORE,CNOR,WIND_ONSHORE__Y031__X057,220,31,57,42.3,11.1,0.0003021885523783,824.3632653527178,3.0,0.7473394253724039,0.274083685571821,0.2743126553113262,0.01,124.3420735494455,2019,0.0,0.7473394253724039,49.48822174091237,2050,Base,422.287390029,False
WIND_ONSHORE,CNOR,WIND_ONSHORE__Y031__X058,221,31,58,42.3,11.4,0.0858854819837965,824.3632652678933,3.0,212.402509101808,0.2547693195696121,0.2550261553273103,0.01,124.88772692208336,2019,0.0,202.0690598609845,53.239982860018735,2050,Base,422.287390029,True
WIND_ONSHORE,CNOR,WIND_ONSHORE__Y033__X055,245,33,55,42.9,10.5,0.0895897843249691,816.5774420089228,3.0,219.4709907426431,0.2605483836717361,0.2608016979897981,0.01,81.93103186781457,2019,0.0,219.4709907426431,52.05909941177723,2050,Base,422.287390029,False
WIND_OFFSHORE,CSUD,WIND_OFFSHORE__Y025__X067,114,25,67,40.5,14.1,0.0012530388926956,847.1636236393036,2.0,2.1230579377940595,0.2517740610396573,0.251843036778899,0.01,20.63562658898329,2019,82956.17933192177,2.1230579377940595,126.436131354836,2050,Base,1578.947368421,False
WIND_OFFSHORE,CSUD,WIND_OFFSHORE__Y025__X068,115,25,68,40.5,14.4,0.0029249717862022,847.1636233354916,2.0,4.955859393106415,0.2355839866014917,0.2356729364788278,0.01,9.302320025194982,2019,77643.20637863221,4.955859393106415,132.55075161106828,2050,Base,1578.947368421,False
WIND_OFFSHORE,CSUD,WIND_OFFSHORE__Y028__X061,153,28,61,41.4,12.3,0.0060193248919169,835.8686111522286,2.0,10.062729474961396,0.2654594308816105,0.2655191149118141,0.01,25.90067551392301,2019,85424.39656212793,10.062729474961396,120.97930785310608,2050,Base,1578.947368421,False
WIND_OFFSHORE,CSUD,WIND_OFFSHORE__Y029__X060,162,29,60,41.7,12.0,0.0636388159078724,832.0567412748568,2.0,105.90221156578968,0.2808630421698318,0.28092254752163,0.01,19.430454927151565,2019,82391.20348772801,105.90221156578968,113.11151174798508,2050,Base,1578.947368421,False
WIND_OFFSHORE,CSUD,WIND_OFFSHORE__Y029__X061,163,29,61,41.7,12.3,0.3479273199515136,832.0567411262899,2.0,578.9905439753207,0.2326149375232315,0.2326876808981976,0.01,1.9578528225921477,2019,74200.17275167386,281.7108678919496,132.5529411459482,2050,Base,1578.947368421,True
WIND_OFFSHORE,CSUD,WIND_OFFSHORE__Y030__X059,168,30,59,42.0,11.7,0.0457948059536192,828.221594448887,2.0,75.85649440876774,0.3001794107782316,0.3002417203192451,0.01,11.37682262262043,2019,78615.71833969277,75.85649440876774,104.3970729287112,2050,Base,1578.947368421,False
WIND_OFFSHORE,CSUD,WIND_OFFSHORE__Y030__X060,169,30,60,42.0,12.0,0.2449499616898098,828.2215943222219,2.0,405.7456955998029,0.2601213258152697,0.2601803862615287,0.01,0.0,2019,73282.34536966428,405.7456955998029,118.1334102906666,2050,Base,1578.947368421,False
WIND_OFFSHORE,CSUD,WIND_OFFSHORE__Y031__X056,178,31,56,42.3,10.8,0.0092690493152553,824.3632654171671,2.0,15.282127521673264,0.3074193767013323,0.3074781443595306,0.01,54.43350591598605,2019,98800.38311589556,15.282127521673264,109.43369177451812,2050,Base,1578.947368421,False
WIND_OFFSHORE,CSUD,WIND_OFFSHORE__Y031__X057,179,31,57,42.3,11.1,0.0716178031364245,824.3632653527178,2.0,118.07817210186204,0.2987745420890588,0.2988318670046875,0.01,30.19540572118705,2019,87437.7353264543,118.07817210186204,108.25865944686149,2050,Base,1578.947368421,False
WIND_OFFSHORE,CSUD,WIND_OFFSHORE__Y031__X058,180,31,58,42.3,11.4,0.2239080156486583,824.3632652678933,2.0,369.16308579956507,0.2793039801828914,0.2793577385242677,0.01,9.543901611434338,2019,77756.45809616745,369.16308579956507,111.84861293190616,2050,Base,1578.947368421,False
WIND_OFFSHORE,CSUD,WIND_OFFSHORE__Y031__X059,181,31,59,42.3,11.7,0.1133439298946595,824.3632651627398,2.0,186.87314426867653,0.2511153089964345,0.2511615016315742,0.01,0.0,2019,73282.34536966428,186.87314426867653,122.3701550920726,2050,Base,1578.947368421,False
WIND_OFFSHORE,CSUD,WIND_OFFSHORE__Y031__X070,185,31,70,42.3,15.0,0.001937205720892,824.3632626638059,2.0,3.19392245705114,0.27445598725165,0.2745174705560993,0.01,27.48473414732354,2019,86166.99190518276,3.19392245705114,117.32252479336684,2050,Base,1578.947368421,False
WIND_ONSHORE,CSUD,WIND_ONSHORE__Y025__X068,121,25,68,40.5,14.4,0.020220910594504,847.1636233354916,3.0,51.391259659149256,0.223872111348619,0.2241286217938803,0.01,176.5397082832729,2019,0.0,51.391259659149256,60.5877798955616,2050,Base,7178.885630499,False
WIND_ONSHORE,CSUD,WIND_ONSHORE__Y025__X069,122,25,69,40.5,14.7,0.003142043861354,847.1636230102939,3.0,7.985475783725775,0.1854517828971693,0.1857179503655955,0.01,192.1668860688357,2019,0.0,7.985475783725775,73.13984257927467,2050,Base,7178.885630499,False
WIND_ONSHORE,CSUD,WIND_ONSHORE__Y026__X067,141,26,67,40.8,14.1,0.0133579884438631,843.4221444498029,3.0,33.79926977657613,0.1551209523845851,0.1554010592512461,0.01,134.86193901838186,2019,0.0,33.79926977657613,87.44089047052982,2050,Base,7178.885630499,False
WIND_ONSHORE,CSUD,WIND_ONSHORE__Y027__X063,159,27,63,41.1,12.9,2.3480755870067243e-05,839.6571100454173,3.0,0.0591473508466278,0.1786661775441612,0.1789715860659926,0.01,81.92960541540928,2019,0.0,0.0591473508466278,75.9176380979672,2050,Base,7178.885630499,False
WIND_ONSHORE,CSUD,WIND_ONSHORE__Y027__X064,160,27,64,41.1,13.2,0.0002425585087743,839.6571098309729,3.0,0.61099792932707,0.1595590791067753,0.159875416670781,0.01,78.16361896164983,2019,0.0,0.61099792932707,85.0087270688492,2050,Base,7178.885630499,False
WIND_ONSHORE,CSUD,WIND_ONSHORE__Y028__X062,176,28,62,41.4,12.6,0.0658255270043361,835.868610981437,3.0,165.06447547270645,0.1686002434692591,0.1689252752359835,0.01,66.88484443296116,2019,0.0,165.06447547270645,80.45014602614076,2050,Base,7178.885630499,False
WIND_ONSHORE,CSUD,WIND_ONSHORE__Y028__X070,184,28,70,41.4,15.0,0.3864014943846265,835.8686088629254,3.0,968.9426387215,0.1436991982364715,0.144003170759266,0.01,157.81004781347906,2019,0.0,968.9426387215,94.39102217413904,2050,Base,7178.885630499,False
WIND_ONSHORE,CSUD,WIND_ONSHORE__Y028__X071,185,28,71,41.4,15.3,0.021991991738095,835.8686085041835,3.0,55.14724659707092,0.1534765105778938,0.1537496369681128,0.01,182.00056524474925,2019,0.0,55.14724659707092,88.37778599521069,2050,Base,7178.885630499,False
WIND_ONSHORE,CSUD,WIND_ONSHORE__Y029__X061,190,29,61,41.7,12.3,0.0280124187700522,832.0567411262899,3.0,69.92376561862366,0.2065233489375367,0.2067952648037626,0.01,75.2607655484916,2019,0.0,69.92376561862366,65.67738842568937,2050,Base,7178.885630499,False
WIND_ONSHORE,CSUD,WIND_ONSHORE__Y030__X059,204,30,59,42.0,11.7,0.0168557056740367,828.221594448887,3.0,41.88077828673549,0.2885397531482051,0.2887636946088485,0.01,125.87072007745395,2019,0.0,41.88077828673549,47.00882307949378,2050,Base,7178.885630499,False
WIND_ONSHORE,CSUD,WIND_ONSHORE__Y030__X060,205,30,60,42.0,12.0,0.0726811181115162,828.2215943222219,3.0,180.58821455832503,0.2299379856991411,0.2301818552525416,0.01,101.33815881486318,2019,0.0,180.58821455832503,58.98944520150874,2050,Base,7178.885630499,False
WIND_ONSHORE,CSUD,WIND_ONSHORE__Y030__X061,206,30,61,42.0,12.3,0.3912612593461043,828.221594175007,3.0,972.153071863654,0.1430008619402454,0.1432820842264627,0.01,77.09730423250647,2019,0.0,972.153071863654,94.8519751776925,2050,Base,7178.885630499,False
WIND_ONSHORE,CSUD,WIND_ONSHORE__Y031__X058,221,31,58,42.3,11.4,0.0595910534752424,824.3632652678933,3.0,147.37402627081346,0.2547693195696121,0.2550261553273103,0.01,158.30574857495324,2019,0.0,147.37402627081346,53.239982860018735,2050,Base,7178.885630499,False
WIND_ONSHORE,CSUD,WIND_ONSHORE__Y031__X059,222,31,59,42.3,11.7,0.5813562164469132,824.3632651627398,3.0,1437.7461264385015,0.2221503993749939,0.2224259303428076,0.01,135.18195044863907,2019,0.0,1437.7461264385015,61.057347838698455,2050,Base,7178.885630499,False
WIND_ONSHORE,CSUD,WIND_ONSHORE__Y031__X060,223,31,60,42.3,12.0,0.515876016375926,824.3632650372388,3.0,1275.807711642187,0.1698228341590154,0.170113685006355,0.01,112.8293005417882,2019,0.0,1275.807711642187,79.87096832010275,2050,Base,7178.885630499,False
WIND_ONSHORE,CSUD,WIND_ONSHORE__Y031__X069,232,31,69,42.3,14.7,0.0483561508541471,824.3632629925783,3.0,119.58910291165836,0.1696517186406592,0.1699605008148667,0.01,136.98040663051643,2019,0.0,119.58910291165836,79.95152843617593,2050,Base,7178.885630499,False
WIND_ONSHORE,CSUD,WIND_ONSHORE__Y032__X059,236,32,59,42.6,11.7,0.3743111050402501,820.4818488869251,3.0,921.3464025669977,0.1578594274099606,0.158166465761559,0.01,151.36865469662047,2019,0.0,921.3464025669977,85.92400485477076,2050,Base,7178.885630499,False
WIND_ONSHORE,CSUD,WIND_ONSHORE__Y032__X060,237,32,60,42.6,12.0,0.6702636956899438,820.481848762606,3.0,1649.8175885944256,0.1405561327444595,0.1408421753994958,0.01,131.90564585827087,2019,0.0,729.4759190506034,96.5017601316969,2050,Base,7178.885630499,True
WIND_OFFSHORE,NORD,WIND_OFFSHORE__Y036__X047,209,36,47,43.8,8.1,0.0438813665169988,804.7272469536192,2.0,70.62506253957443,0.2272770755359738,0.2273494271277396,0.01,10.31233191504596,2019,78116.69271936396,70.62506253957443,137.6332627033768,2050,Base,1480.263157895,False
WIND_OFFSHORE,NORD,WIND_OFFSHORE__Y038__X063,233,38,63,44.4,12.9,0.0269501503387669,796.7139576807909,2.0,42.94312187298259,0.2403554455542487,0.240416884141666,0.01,44.35339499220991,2019,94074.8993038456,42.94312187298259,137.72352212692786,2050,Base,1480.263157895,False
WIND_OFFSHORE,NORD,WIND_OFFSHORE__Y039__X062,235,39,62,44.7,12.6,0.5259088225416756,792.6736653175541,2.0,833.7481479738982,0.2226679479521795,0.2227337950628786,0.01,18.665551606938827,2019,82032.62228909032,833.7481479738982,142.48979100483996,2050,Base,1480.263157895,False
WIND_OFFSHORE,NORD,WIND_OFFSHORE__Y039__X063,236,39,63,44.7,12.9,0.0162364450061594,792.673665145879,2.0,25.7404047439438,0.2384860231028838,0.2385581670361539,0.01,40.50047429533503,2019,92268.67767395765,25.7404047439438,137.93851904750565,2050,Base,1480.263157895,False
WIND_OFFSHORE,NORD,WIND_OFFSHORE__Y040__X062,238,40,62,45.0,12.6,0.6807260687879749,788.6110755525739,2.0,1073.656234527121,0.2128492205346987,0.2129202922820707,0.01,9.015374124337953,2019,77508.6881952821,267.073752015786,146.63656487042678,2050,Base,1480.263157895,True
WIND_OFFSHORE,NORD,WIND_OFFSHORE__Y040__X063,239,40,63,45.0,12.9,0.152250378066419,788.6110753828711,2.0,240.1326687488149,0.2282285820248278,0.2283127000437573,0.01,32.20794911616384,2019,88381.20125712962,240.1326687488149,142.19355308504169,2050,Base,1480.263157895,False
WIND_ONSHORE,NORD,WIND_ONSHORE__Y036__X047,285,36,47,43.8,8.1,0.0511255817668674,804.7272469536192,3.0,123.42644599246016,0.2104053743857136,0.2107040616228808,0.01,218.35183149863923,2019,0.0,123.42644599246016,64.46562615971735,2050,Base,633.431085044,False
WIND_ONSHORE,NORD,WIND_ONSHORE__Y037__X048,302,37,48,44.1,8.4,0.0593439530573707,800.7318522657397,3.0,142.55578035719884,0.1763260508741286,0.1766347892844832,0.01,177.29605557480423,2019,0.0,142.55578035719884,76.92518569946004,2050,Base,633.431085044,False
WIND_ONSHORE,NORD,WIND_ONSHORE__Y040__X061,371,40,61,45.0,12.3,0.3564710737952849,788.6110757038293,3.0,843.3511108889963,0.1549873085994683,0.1553046495801732,0.01,210.8952623771692,2019,0.0,255.73389310806257,87.51628975116817,2050,Base,633.431085044,True
WIND_ONSHORE,NORD,WIND_ONSHORE__Y042__X065,413,42,65,45.6,13.5,0.0477157810865342,780.4194129099508,3.0,111.71496558627844,0.1561551631731881,0.1564569785440785,0.01,299.50537535675267,2019,0.0,111.71496558627844,86.86177217272899,2050,Base,633.431085044,False
WIND_OFFSHORE,SARD,WIND_OFFSHORE__Y019__X048,48,19,48,38.7,8.4,0.000130387556891,869.1127437712943,2.0,0.2266429746463847,0.4548776722897579,0.4549160912952922,0.01,28.076670345376392,2019,86444.48735566111,0.2266429746463847,70.85761490471248,2050,Base,2960.526315789,False
WIND_OFFSHORE,SARD,WIND_OFFSHORE__Y020__X047,53,20,47,39.0,8.1,0.0017384498199977,865.5144987999279,2.0,3.0093070492884384,0.4281085647094566,0.4281486052967257,0.01,32.22783047451212,2019,88390.52149554234,3.0093070492884384,75.80716580583507,2050,Base,2960.526315789,False
WIND_OFFSHORE,SARD,WIND_OFFSHORE__Y020__X048,54,20,48,39.0,8.4,0.1664640297378745,865.5144989299874,2.0,288.1540625768861,0.3937901807263811,0.3938254831058622,0.01,9.341724050323332,2019,77661.67870341928,288.1540625768861,79.30350916020869,2050,Base,2960.526315789,False
WIND_OFFSHORE,SARD,WIND_OFFSHORE__Y020__X049,55,20,49,39.0,8.7,0.1001398222102471,865.514499037728,2.0,173.34493610805842,0.3074799218683379,0.3075198114585772,0.01,0.0,2019,73282.34536966428,173.34493610805842,99.93829555168652,2050,Base,2960.526315789,False
WIND_OFFSHORE,SARD,WIND_OFFSHORE__Y020__X050,56,20,50,39.0,9.0,0.2120659649368044,865.5144991231973,2.0,367.0923348467117,0.3033222194348317,0.3033745955878586,0.01,0.0,2019,73282.34536966428,367.0923348467117,101.30817110973142,2050,Base,2960.526315789,False
WIND_OFFSHORE,SARD,WIND_OFFSHORE__Y020__X051,57,20,51,39.0,9.3,0.0444916056768071,865.5144991863606,2.0,77.01625961071751,0.3261269517677896,0.3261683240978652,0.01,17.871926069570865,2019,81660.57632074527,77.01625961071751,97.15676117682791,2050,Base,2960.526315789,False
WIND_OFFSHORE,SARD,WIND_OFFSHORE__Y020__X052,58,20,52,39.0,9.6,0.0009260918475278,865.5144992272551,2.0,1.603091843303022,0.3602254391110434,0.3602704118178788,0.01,12.749632887486207,2019,79259.28196044003,1.603091843303022,87.19905535539286,2050,Base,2960.526315789,False
WIND_OFFSHORE,SARD,WIND_OFFSHORE__Y021__X047,63,21,47,39.3,8.1,0.0023237310270781,861.8921594601228,2.0,4.005611105865703,0.378618174153176,0.3786680269956324,0.01,24.641870372970164,2019,84834.27772701996,4.005611105865703,84.64393744169864,2050,Base,2960.526315789,False
WIND_OFFSHORE,SARD,WIND_OFFSHORE__Y021__X048,64,21,48,39.3,8.4,0.1520862366262653,861.8921595892126,2.0,262.16386985921565,0.2957267641265316,0.2957845241570322,0.01,2.951791863629404,2019,74666.1242559879,262.16386985921565,104.44433403046528,2050,Base,2960.526315789,False
WIND_OFFSHORE,SARD,WIND_OFFSHORE__Y021__X053,68,21,53,39.3,9.9,0.0013806201427617,861.8921599027768,2.0,2.379891353700473,0.3216211921987098,0.3216783108859951,0.01,23.137439641401453,2019,84129.01137408629,2.379891353700473,99.39401993734351,2050,Base,2960.526315789,False
WIND_OFFSHORE,SARD,WIND_OFFSHORE__Y022__X047,72,22,47,39.6,8.1,0.000552659338164,858.2458134643003,2.0,0.9486351265025272,0.3519472448892659,0.352003457447701,0.01,28.511536255681573,2019,86648.34938010696,0.9486351265025272,91.64674342771724,2050,Base,2960.526315789,False
WIND_OFFSHORE,SARD,WIND_OFFSHORE__Y023__X047,83,23,47,39.9,8.1,0.0349397843272992,854.5755494051614,2.0,59.717370775199136,0.3488460120262052,0.348907747343409,0.01,25.850821985536783,2019,85401.025585048,59.717370775199136,92.05331058497651,2050,Base,2960.526315789,False
WIND_OFFSHORE,SARD,WIND_OFFSHORE__Y025__X047,110,25,47,40.5,8.1,0.0428663682055148,847.1636252121973,2.0,72.62965577732966,0.3084174178052545,0.3084907405273162,0.01,8.77782108987945,2019,77397.32503397114,72.62965577732966,101.15760019950864,2050,Base,2960.526315789,False
WIND_OFFSHORE,SARD,WIND_OFFSHORE__Y026__X047,123,26,47,40.8,8.1,0.111574988063199,843.4221460097367,2.0,188.2096317465482,0.3349510248707282,0.3350125575446331,0.01,5.590335602030566,2019,75903.05466454037,188.2096317465482,92.63499655684916,2050,Base,2960.526315789,False
WIND_OFFSHORE,SARD,WIND_OFFSHORE__Y026__X048,124,26,48,40.8,8.4,0.2780012586802848,843.4221461338573,2.0,468.94483644807895,0.2919599280523529,0.2920074544768605,0.01,0.0,2019,73282.34536966428,39.46649577704829,105.2508113455119,2050,Base,2960.526315789,True
WIND_OFFSHORE,SARD,WIND_OFFSHORE__Y026__X053,127,26,53,40.8,9.9,0.0753412196677885,843.4221464352942,2.0,127.08890641451843,0.3391541501219975,0.3392000607933229,0.01,15.655162004619656,2019,80621.37320251839,127.08890641451843,93.07510423188631,2050,Base,2960.526315789,False
WIND_OFFSHORE,SARD,WIND_OFFSHORE__Y027__X047,135,27,47,41.1,8.1,0.0115850886302762,839.6571106079696,2.0,19.455004090869984,0.3566026117736474,0.3566643374200646,0.01,16.700885526894197,2019,81111.60090078037,19.455004090869984,88.67789773611037,2050,Base,2960.526315789,False
WIND_OFFSHORE,SARD,WIND_OFFSHORE__Y027__X048,136,27,48,41.1,8.4,0.2000307727422072,839.6571107310396,2.0,335.9145213960378,0.343462573006298,0.3435190749138381,0.01,21.38664591441351,2019,83308.25181323606,335.9145213960378,92.80058929533092,2050,Base,2960.526315789,False
WIND_OFFSHORE,SARD,WIND_OFFSHORE__Y027__X049,137,27,49,41.1,8.7,0.0798219641347719,839.6571108330194,2.0,134.04615957283906,0.3213246197849194,0.3213772300064712,0.01,17.392662774738596,2019,81435.90112038635,134.04615957283906,98.52899081775752,2050,Base,2960.526315789,False
WIND_OFFSHORE,SARD,WIND_OFFSHORE__Y027__X050,138,27,50,41.1,9.0,0.2261821302913222,839.657110913882,2.0,379.83086812151777,0.310517852165237,0.3105725954918023,0.01,0.0,2019,73282.34536966428,379.83086812151777,98.9605560312052,2050,Base,2960.526315789,False
WIND_OFFSHORE,SARD,WIND_OFFSHORE__Y027__X051,139,27,51,41.1,9.3,0.0600670527828311,839.6571109736715,2.0,100.87145600867004,0.3233440654323811,0.3233896086035562,0.01,0.0,2019,73282.34536966428,100.87145600867004,95.03504963604657,2050,Base,2960.526315789,False
WIND_OFFSHORE,SARD,WIND_OFFSHORE__Y027__X052,140,27,52,41.1,9.6,0.1186820485762642,839.6571110123677,2.0,199.304452073151,0.3738689180243235,0.3739204653794817,0.01,2.6547875782351067,2019,74526.89077400015,199.304452073151,82.57196362888881,2050,Base,2960.526315789,False
WIND_OFFSHORE,SARD,WIND_OFFSHORE__Y028__X050,150,28,50,41.4,9.0,0.0095440624790984,835.8686116507187,2.0,15.955164507823412,0.3453820555440726,0.345429362348888,0.01,22.693840625382016,2019,83921.05533222402,15.955164507823412,92.4873872360442,2050,Base,2960.526315789,False
WIND_OFFSHORE,SARD,WIND_OFFSHORE__Y028__X051,151,28,51,41.4,9.3,0.062714443651932,835.8686117099651,2.0,104.84206989900647,0.3575376280548374,0.3575770729509584,0.01,16.82560891256568,2019,81170.0703307729,104.84206989900647,88.46465952083538,2050,Base,2960.526315789,False
WIND_OFFSHORE,SARD,WIND_OFFSHORE__Y028__X052,152,28,52,41.4,9.6,0.001944035897428,835.8686117483287,2.0,3.2499171735441346,0.4054499823290434,0.4054914232737442,0.01,27.754144782270554,2019,86293.28968145358,3.2499171735441346,79.45317135874221,2050,Base,2960.526315789,False
WIND_ONSHORE,SARD,WIND_ONSHORE__Y020__X048,55,20,48,39.0,8.4,0.0407399246609406,865.5144989299874,3.0,105.78298643807844,0.3654721518851208,0.3656337709496699,0.01,131.9766485027404,2019,0.0,105.78298643807844,37.113400124145,2050,Base,3695.014662757,False
WIND_ONSHORE,SARD,WIND_ONSHORE__Y020__X051,58,20,51,39.0,9.3,0.0005722159746604,865.5144991863606,3.0,1.4857836682040413,0.2869470505891034,0.2871196937099659,0.01,118.69341510017992,2019,0.0,1.4857836682040413,47.2697460360649,2050,Base,3695.014662757,False
WIND_ONSHORE,SARD,WIND_ONSHORE__Y020__X052,59,20,52,39.0,9.6,0.0020146338694356,865.5144992272551,3.0,5.231084473892651,0.3224339011232143,0.3226209515102841,0.01,125.16012710204892,2019,0.0,5.231084473892651,42.06727071779433,2050,Base,3695.014662757,False
WIND_ONSHORE,SARD,WIND_ONSHORE__Y025__X047,114,25,47,40.5,8.1,0.0195027875145006,847.1636252121973,3.0,49.56615651758254,0.2913063865146865,0.2915369494644382,0.01,98.14583129054851,2019,0.0,49.56615651758254,46.5623646959108,2050,Base,3695.014662757,False
WIND_ONSHORE,SARD,WIND_ONSHORE__Y026__X047,135,26,47,40.8,8.1,0.147889588036879,843.4221460097367,3.0,374.2000611436811,0.3201612425584056,0.3203966060380693,0.01,117.91811280939862,2019,0.0,374.2000611436811,42.36588444858493,2050,Base,3695.014662757,False
WIND_ONSHORE,SARD,WIND_ONSHORE__Y026__X048,136,26,48,40.8,8.4,0.4442929578279418,843.4221461338573,3.0,1124.179560010206,0.2688793046849143,0.2691143121260284,0.01,100.9572947904765,2019,0.0,203.85179616513813,50.446107122448986,2050,Base,3695.014662757,True
WIND_ONSHORE,SARD,WIND_ONSHORE__Y027__X049,155,27,49,41.1,8.7,1.2657673876108571e-05,839.6571108330194,3.0,0.0318843176300397,0.2930058655900798,0.2932261106245116,0.01,119.5253783816224,2019,0.0,0.0318843176300397,46.29229582086569,2050,Base,3695.014662757,False
WIND_ONSHORE,SARD,WIND_ONSHORE__Y027__X050,156,27,50,41.1,9.0,0.3790183041929584,839.657110913882,3.0,954.7362428464148,0.2763986952607748,0.2766133645634928,0.01,114.87794497162952,2019,0.0,954.7362428464148,49.07372733560697,2050,Base,3695.014662757,False
WIND_ONSHORE,SARD,WIND_ONSHORE__Y027__X051,157,27,51,41.1,9.3,0.6950777778528354,839.6571109736715,3.0,1750.8809965617338,0.2896606875606046,0.2898558384248598,0.01,115.80955620547904,2019,0.0,1750.8809965617338,46.82690744599872,2050,Base,3695.014662757,False
WIND_ONSHORE,SARD,WIND_ONSHORE__Y027__X052,158,27,52,41.1,9.6,0.0976617677155462,839.6571110123677,3.0,246.00719320918927,0.3521381296919689,0.352346036173546,0.01,122.1927460971668,2019,0.0,246.00719320918927,38.518731893674094,2050,Base,3695.014662757,False
WIND_ONSHORE,SARD,WIND_ONSHORE__Y028__X051,175,28,51,41.4,9.3,0.0012922594811587,835.8686117099651,3.0,3.2404774154555063,0.3348613226964419,0.3350283744873993,0.01,148.70116346322,2019,0.0,3.2404774154555063,40.50606411610196,2050,Base,3695.014662757,False
WIND_OFFSHORE,SICI,WIND_OFFSHORE__Y012__X068,0,12,68,36.6,14.4,0.0017315776548074,893.6185876104291,2.0,3.0947399564537124,0.3166034726352466,0.316649798806692,0.01,22.310766184221343,2019,83741.47277760698,3.0947399564537124,100.82954352380256,2050,Base,2960.526315789,False
WIND_OFFSHORE,SICI,WIND_OFFSHORE__Y012__X069,1,12,69,36.6,14.7,0.069302590775291,893.6185872541407,2.0,123.8601665233349,0.3052350031704963,0.3053029563758442,0.01,12.910586704058325,2019,79334.73595697345,123.8601665233349,102.93685569815896,2050,Base,2960.526315789,False
WIND_OFFSHORE,SICI,WIND_OFFSHORE__Y012__X070,2,12,70,36.6,15.0,0.1098948965891018,893.61858687432,2.0,196.40824438930548,0.3052782586013083,0.3053331538699754,0.01,8.582863137554748,2019,77305.93014211852,196.40824438930548,102.1636220704733,2050,Base,2960.526315789,False
WIND_OFFSHORE,SICI,WIND_OFFSHORE__Y012__X071,3,12,71,36.6,15.3,0.0064544681392454,893.6185864710498,2.0,11.535665390029898,0.3207018712230735,0.320749935807692,0.01,16.903741775823395,2019,81206.69845751728,11.535665390029898,98.63873167974734,2050,Base,2960.526315789,False
WIND_OFFSHORE,SICI,WIND_OFFSHORE__Y013__X066,4,13,66,36.9,13.8,0.0250579564776921,890.1914017540676,2.0,44.61275480393846,0.3278304186708636,0.3278807103391496,0.01,23.41231165586025,2019,84257.86940596042,44.61275480393846,97.55633153362228,2050,Base,2960.526315789,False
WIND_OFFSHORE,SICI,WIND_OFFSHORE__Y013__X067,5,13,67,36.9,14.1,0.1879700034106496,890.1914014465718,2.0,334.6585615320862,0.2799678824866022,0.2800375277014389,0.01,21.71945963963619,2019,83464.272504165,334.6585615320862,113.91070816331046,2050,Base,2960.526315789,False
WIND_OFFSHORE,SICI,WIND_OFFSHORE__Y013__X068,6,13,68,36.9,14.4,0.2435016338942291,890.1914011157479,2.0,433.5261213005554,0.2445982139233534,0.2446560115631768,0.01,1.89312984885558,2019,74169.83108510167,252.7973136060171,126.04478981305492,2050,Base,2960.526315789,True
WIND_OFFSHORE,SICI,WIND_OFFSHORE__Y014__X064,10,14,64,37.2,13.2,0.0673058094169073,886.739527313267,2.0,119.36544325557044,0.3397652735765682,0.3398254468996949,0.01,21.172961634622222,2019,83208.07815317628,119.36544325557044,93.77678151493862,2050,Base,2960.526315789,False
WIND_OFFSHORE,SICI,WIND_OFFSHORE__Y014__X065,11,14,65,37.2,13.5,0.2330021854979692,886.7395270540454,2.0,413.2244955420565,0.2651890707269882,0.2652517071329697,0.01,9.684479786487396,2019,77822.36013787752,413.2244955420565,117.83021731732,2050,Base,2960.526315789,False
WIND_OFFSHORE,SICI,WIND_OFFSHORE__Y015__X061,17,15,61,37.5,12.3,0.0170083551927616,883.2630470948031,2.0,30.04570326725875,0.4313739150355354,0.4314131111688311,0.01,26.3413826044999,2019,85630.99689005336,30.04570326725875,74.50307402293777,2050,Base,2960.526315789,False
WIND_OFFSHORE,SICI,WIND_OFFSHORE__Y015__X062,18,15,62,37.5,12.6,0.2025592419202363,883.2630469064355,2.0,357.8261863950515,0.3910737657053747,0.3911129979330638,0.01,9.223819498479386,2019,77606.40589389182,357.8261863950515,79.83822046121153,2050,Base,2960.526315789,False
WIND_OFFSHORE,SICI,WIND_OFFSHORE__Y015__X063,19,15,63,37.5,12.9,0.2202269839809366,883.2630466949906,2.0,389.036713670902,0.3277023262093254,0.3277483904486402,0.01,8.160987715006987,2019,77108.15796530161,389.036713670902,95.1038592434503,2050,Base,2960.526315789,False
WIND_OFFSHORE,SICI,WIND_OFFSHORE__Y016__X061,23,16,61,37.8,12.3,0.2100846525689911,879.762043733812,2.0,369.64900660240687,0.3987700788138488,0.3988135562600307,0.01,11.124654458200157,2019,78497.50371012242,369.64900660240687,78.55242577667924,2050,Base,2960.526315789,False
WIND_OFFSHORE,SICI,WIND_OFFSHORE__Y016__X062,24,16,62,37.8,12.6,0.066693969642532,879.7620435466742,2.0,117.34964604990778,0.3019700866719449,0.3020232120387614,0.01,0.0,2019,73282.34536966428,117.34964604990778,101.76179914559184,2050,Base,2960.526315789,False
WIND_OFFSHORE,SICI,WIND_OFFSHORE__Y017__X061,29,17,61,38.1,12.3,0.0220845682531631,876.236601975738,2.0,38.7026140845058,0.3742601906881601,0.3743102671649788,0.01,20.41624687536184,2019,82853.33569327042,38.7026140845058,85.0253350575198,2050,Base,2960.526315789,False
WIND_OFFSHORE,SICI,WIND_OFFSHORE__Y017__X062,30,17,62,38.1,12.6,0.0903631852382698,876.2366017898362,2.0,158.3590607201741,0.2890658830286087,0.2891179421467933,0.01,3.4894109733289604,2019,74918.15624443971,158.3590607201741,106.95055184377392,2050,Base,2960.526315789,False
WIND_ONSHORE,SICI,WIND_ONSHORE__Y012__X069,0,12,69,36.6,14.7,0.0130266706690286,893.6185872541407,3.0,34.922625119647066,0.2890684467799748,0.289317610094658,0.01,108.42081517929716,2019,0.0,34.922625119647066,46.92284598418655,2050,Base,6651.026392962,False
WIND_ONSHORE,SICI,WIND_ONSHORE__Y012__X070,1,12,70,36.6,15.0,0.0764344488315716,893.61858687432,3.0,204.9097324601597,0.285720652976637,0.2859806662175482,0.01,123.10773117333892,2019,0.0,204.9097324601597,47.47264177733027,2050,Base,6651.026392962,False
WIND_ONSHORE,SICI,WIND_ONSHORE__Y013__X068,2,13,68,36.9,14.4,0.2718758324600055,890.1914011157479,3.0,726.064584681248,0.2182949964041721,0.2185398351344759,0.01,67.36560243455756,2019,0.0,726.064584681248,62.135708241481005,2050,Base,6651.026392962,False
WIND_ONSHORE,SICI,WIND_ONSHORE__Y013__X071,5,13,71,36.9,15.3,0.0566688105811484,890.1913999832144,3.0,151.33826347984848,0.2151592401737688,0.2154421554500345,0.01,121.3777023849833,2019,0.0,151.33826347984848,63.04128140715767,2050,Base,6651.026392962,False
WIND_ONSHORE,SICI,WIND_ONSHORE__Y014__X065,6,14,65,37.2,13.5,0.0747704263327217,886.7395270540454,3.0,198.90567745172103,0.2324874761683835,0.2327159262453928,0.01,64.66238569278504,2019,0.0,198.90567745172103,58.34255862161306,2050,Base,6651.026392962,False
WIND_ONSHORE,SICI,WIND_ONSHORE__Y015__X062,13,15,62,37.5,12.6,0.0568954975838636,883.2630469064355,3.0,150.76107165354338,0.3776985233593967,0.3778775244168545,0.01,137.08117502238784,2019,0.0,150.76107165354338,35.912012804556625,2050,Base,6651.026392962,False
WIND_ONSHORE,SICI,WIND_ONSHORE__Y015__X063,14,15,63,37.5,12.9,0.2282638389035983,883.2630466949906,3.0,604.8510414008604,0.3109846933208215,0.3111782584196959,0.01,110.35182461166195,2019,0.0,604.8510414008604,43.61601872524261,2050,Base,6651.026392962,False
WIND_ONSHORE,SICI,WIND_ONSHORE__Y015__X064,15,15,64,37.5,13.2,0.4135422732568354,883.2630464605031,3.0,1095.7998243511029,0.184574563699097,0.184844409358789,0.01,83.62687727108643,2019,0.0,1095.7998243511029,73.48745100791558,2050,Base,6651.026392962,False
WIND_ONSHORE,SICI,WIND_ONSHORE__Y016__X062,22,16,62,37.8,12.6,0.6101331044906985,879.7620435466742,3.0,1610.3158405266404,0.2608530254687493,0.2610467729740721,0.01,141.22384238824506,2019,0.0,1610.3158405266404,51.99830127624787,2050,Base,6651.026392962,False
WIND_ONSHORE,SICI,WIND_ONSHORE__Y016__X063,23,16,63,37.8,12.9,0.8344564318201811,879.7620433365959,3.0,2202.369286600462,0.1797054697762444,0.1799979709239741,0.01,115.61011144809324,2019,0.0,1539.5111041390298,75.47858295038841,2050,Base,6651.026392962,True
WIND_ONSHORE,SICI,WIND_ONSHORE__Y017__X062,34,17,62,38.1,12.6,0.1266455577537578,876.2366017898362,3.0,332.9144194737936,0.255931351114795,0.2561751717278179,0.01,152.59129382680973,2019,0.0,332.9144194737936,52.998251867395695,2050,Base,6651.026392962,False
WIND_ONSHORE,SICI,WIND_ONSHORE__Y018__X071,47,18,71,38.4,15.3,0.0002796758322329,872.6868038112628,3.0,0.7322082244038324,0.1816655646196543,0.1819740593366308,0.01,145.29087919614904,2019,0.0,0.7322082244038324,74.66420086571162,2050,Base,6651.026392962,False
WIND_OFFSHORE,SUD,WIND_OFFSHORE__Y022__X080,81,22,80,39.6,18.0,0.000548210467995,858.2458060998702,2.0,0.9409986700336826,0.3581937990786686,0.3582440320723716,0.01,31.765254942068538,2019,88173.66939868133,0.9409986700336826,90.53462741583608,2050,Base,4638.157894737,False
WIND_OFFSHORE,SUD,WIND_OFFSHORE__Y022__X081,82,22,81,39.6,18.3,0.0005584861306736,858.2458055040064,2.0,0.9586367581656946,0.3481473365996433,0.3482038134013035,0.01,21.55293765929784,2019,83386.20819233452,0.9586367581656946,91.57740115809868,2050,Base,4638.157894737,False
WIND_OFFSHORE,SUD,WIND_OFFSHORE__Y023__X080,93,23,80,39.9,18.0,0.0988149135592229,854.5755420975499,2.0,168.88961664439103,0.3421244684856889,0.3421759745519233,0.01,5.256479081547404,2019,75746.54511866134,168.88961664439103,90.64046423325114,2050,Base,4638.157894737,False
WIND_OFFSHORE,SUD,WIND_OFFSHORE__Y023__X081,94,23,81,39.9,18.3,0.1269370063602993,854.5755415063121,2.0,216.95452189508603,0.3314084544090859,0.3314760921818584,0.01,0.0,2019,73282.34536966428,216.95452189508603,92.72249666255033,2050,Base,4638.157894737,False
WIND_OFFSHORE,SUD,WIND_OFFSHORE__Y023__X082,95,23,82,39.9,18.6,0.0098896213805004,854.5755408933657,2.0,16.902857080943456,0.3645448967941283,0.3645850267465133,0.01,17.40816319109847,2019,81443.16760456916,16.902857080943456,86.84971398053739,2050,Base,4638.157894737,False
WIND_OFFSHORE,SUD,WIND_OFFSHORE__Y024__X078,105,24,78,40.2,17.4,0.0540531912858214,850.8814504828965,2.0,91.98571560901838,0.2948479223225652,0.2949052803863126,0.01,13.903683797383204,2019,79800.29276222958,91.98571560901838,106.74342549709893,2050,Base,4638.157894737,False
WIND_OFFSHORE,SUD,WIND_OFFSHORE__Y024__X079,106,24,79,40.2,17.7,0.2143588225828695,850.881449939397,2.0,364.787891533228,0.2975438100496579,0.2975893902912729,0.01,11.186281788489977,2019,78526.39416121632,364.787891533228,105.28753735275907,2050,Base,4638.157894737,False
WIND_OFFSHORE,SUD,WIND_OFFSHORE__Y024__X080,107,24,80,40.2,18.0,0.2043238566740681,850.8814493743637,2.0,347.7107586171816,0.2982764094015687,0.298322413018539,0.01,0.0,2019,73282.34536966428,347.7107586171816,103.0219566124555,2050,Base,4638.157894737,False
WIND_OFFSHORE,SUD,WIND_OFFSHORE__Y024__X081,108,24,81,40.2,18.3,0.0198831262783939,850.8814487878468,2.0,33.83636658838313,0.3144760934671787,0.3145298212975982,0.01,0.0,2019,73282.34536966428,33.83636658838313,97.71496131579414,2050,Base,4638.157894737,False
WIND_OFFSHORE,SUD,WIND_OFFSHORE__Y024__X082,109,24,82,40.2,18.6,0.0287692514728304,850.8814481797785,2.0,48.95844471250041,0.3660683710909231,0.3661243731288353,0.01,10.164577240310097,2019,78047.42638599731,48.95844471250041,85.4293372432585,2050,Base,4638.157894737,False
WIND_OFFSHORE,SUD,WIND_OFFSHORE__Y025__X080,121,25,80,40.5,18.0,0.0586349115309311,847.1636180209601,2.0,99.34672758976508,0.2949157206957182,0.2949591937391185,0.01,0.0,2019,73282.34536966428,99.34672758976508,104.19593514851096,2050,Base,4638.157894737,False
WIND_OFFSHORE,SUD,WIND_OFFSHORE__Y025__X081,122,25,81,40.5,18.3,0.0864453837961972,847.1636174391907,2.0,146.46676809541128,0.3341263414024593,0.3341707306409497,0.01,8.250297378911023,2019,77150.02569614598,146.46676809541128,93.28966760315042,2050,Base,4638.157894737,False
WIND_OFFSHORE,SUD,WIND_OFFSHORE__Y026__X078,132,26,78,40.8,17.4,0.0457561014267197,843.4221399684062,2.0,77.18341796387085,0.29097687062869,0.2910230697044503,0.01,0.0,2019,73282.34536966428,77.18341796387085,105.60639834188107,2050,Base,4638.157894737,False
WIND_OFFSHORE,SUD,WIND_OFFSHORE__Y026__X079,133,26,79,40.8,17.7,0.0507264021982671,843.4221394338122,2.0,85.567541335685,0.3325944471416777,0.3326466344789323,0.01,3.9976770674634334,2019,75156.4277494071,85.567541335685,93.03509399670143,2050,Base,4638.157894737,False
WIND_OFFSHORE,SUD,WIND_OFFSHORE__Y026__X080,134,26,80,40.8,18.0,0.03310448331629,843.4221388780715,2.0,55.84210825015749,0.3584917272950506,0.3585365705373953,0.01,14.017818587823555,2019,79853.79833460829,55.84210825015749,87.81007419330795,2050,Base,4638.157894737,False
WIND_OFFSHORE,SUD,WIND_OFFSHORE__Y027__X077,148,27,77,41.1,17.1,0.0670603682068938,839.6571051268537,2.0,112.61542927468278,0.2987566489235,0.2988104633450327,0.01,3.9596152411351615,2019,75138.58463780531,112.61542927468278,103.56562399266852,2050,Base,4638.157894737,False
WIND_OFFSHORE,SUD,WIND_OFFSHORE__Y027__X078,149,27,78,41.1,17.4,0.0351084768156135,839.6571046178339,2.0,58.95816398108091,0.325908505450328,0.3259459730182051,0.01,17.57161881062585,2019,81519.79442841127,58.95816398108091,97.17257096495504,2050,Base,4638.157894737,False
WIND_OFFSHORE,SUD,WIND_OFFSHORE__Y028__X076,161,28,76,41.4,16.8,0.0018050187512354,835.8686063976363,2.0,3.017517016233481,0.3184666636148104,0.3185192753529043,0.01,25.785382880638068,2019,85370.3482013156,3.017517016233481,100.82351459482912,2050,Base,4638.157894737,False
WIND_OFFSHORE,SUD,WIND_OFFSHORE__Y029__X074,166,29,74,41.7,16.2,0.5026590850092469,832.0567373109653,2.0,836.4817565050183,0.2896474175474334,0.2897102073593854,0.01,6.75007367235388,2019,76446.73156640901,836.4817565050183,107.33826274765342,2050,Base,4638.157894737,False
WIND_OFFSHORE,SUD,WIND_OFFSHORE__Y029__X075,167,29,75,41.7,16.5,0.1141365934722223,832.0567368727505,2.0,189.93624304453795,0.357062939647121,0.3571126459071994,0.01,27.285412317963367,2019,86073.55125902795,189.93624304453795,90.14994012092956,2050,Base,4638.157894737,False
WIND_OFFSHORE,SUD,WIND_OFFSHORE__Y030__X071,173,30,71,42.0,15.3,0.4030202826372405,828.2215915742116,2.0,667.5801998450079,0.2783605033380063,0.2784295282182678,0.01,8.887597505260661,2019,77448.78743133476,473.15440588107685,112.10153801853532,2050,Base,4638.157894737,True
WIND_OFFSHORE,SUD,WIND_OFFSHORE__Y030__X072,174,30,72,42.0,15.6,0.3649111303254292,828.2215912013794,2.0,604.4545540104418,0.2850028711693225,0.2850731057526623,0.01,8.106516787280905,2019,77082.6223844788,604.4545540104418,109.34219980684672,2050,Base,4638.157894737,False
WIND_OFFSHORE,SUD,WIND_OFFSHORE__Y030__X073,175,30,73,42.0,15.9,0.2439233762170862,828.2215908080815,2.0,404.04521337158656,0.298412802091312,0.2984605062152893,0.01,7.5823916728194,2019,76836.91628435695,404.04521337158656,104.33463988528088,2050,Base,4638.157894737,False
WIND_OFFSHORE,SUD,WIND_OFFSHORE__Y030__X074,176,30,74,42.0,16.2,0.1197181355963538,828.2215903943181,2.0,198.3062893253096,0.3541648889315597,0.3541930221216019,0.01,10.781603105996885,2019,78336.68369298206,198.3062893253096,88.39385141475682,2050,Base,4638.157894737,False
WIND_OFFSHORE,SUD,WIND_OFFSHORE__Y030__X075,177,30,75,42.0,16.5,0.00051674032263,828.2215899600852,2.0,0.8559509832103155,0.3747436951996362,0.3747804394089482,0.01,29.49479714895767,2019,87109.29504522245,0.8559509832103155,86.21209278360594,2050,Base,4638.157894737,False
WIND_ONSHORE,SUD,WIND_ONSHORE__Y023__X080,94,23,80,39.9,18.0,0.110409607320317,854.5755420975499,3.0,283.0600500856127,0.330580262006871,0.3307753433531576,0.01,174.60926511180023,2019,0.0,283.0600500856127,41.03062331913471,2050,Base,13935.483870968,False
WIND_ONSHORE,SUD,WIND_ONSHORE__Y023__X081,95,23,81,39.9,18.3,0.2799131349427307,854.5755415063121,3.0,717.6207566052406,0.3016163359278848,0.3018527583193058,0.01,194.69562045691148,2019,0.0,717.6207566052406,44.970754536279024,2050,Base,13935.483870968,False
WIND_ONSHORE,SUD,WIND_ONSHORE__Y023__X082,96,23,82,39.9,18.6,7.190427933594762e-05,854.5755408933657,3.0,0.1843429152181953,0.3415733259629545,0.3417760680749463,0.01,215.93714155504892,2019,0.0,0.1843429152181953,39.71010959039543,2050,Base,13935.483870968,False
WIND_ONSHORE,SUD,WIND_ONSHORE__Y024__X078,109,24,78,40.2,17.4,0.0116688237781715,850.8814504828965,3.0,29.78635710539977,0.2688490150181893,0.2690679595079258,0.01,114.584164513632,2019,0.0,29.78635710539977,50.45179059416344,2050,Base,13935.483870968,False
WIND_ONSHORE,SUD,WIND_ONSHORE__Y024__X079,110,24,79,40.2,17.7,0.0694755873195492,850.881449939397,3.0,177.34646542154775,0.2646463799900768,0.2648743445139701,0.01,133.90002448197671,2019,0.0,177.34646542154775,51.252974658687485,2050,Base,13935.483870968,False
WIND_ONSHORE,SUD,WIND_ONSHORE__Y024__X080,111,24,80,40.2,18.0,0.4109123679773085,850.8814493743637,3.0,1048.9131336911526,0.2539278210359904,0.2541308693360016,0.01,155.01145963230712,2019,0.0,1048.9131336911526,53.41641633360965,2050,Base,13935.483870968,False
WIND_ONSHORE,SUD,WIND_ONSHORE__Y024__X081,112,24,81,40.2,18.3,0.4811975751040783,850.8814487878468,3.0,1228.3262695732706,0.2752005606672815,0.2753999079912186,0.01,177.27724955051443,2019,0.0,1228.3262695732706,49.28737853678869,2050,Base,13935.483870968,False
WIND_ONSHORE,SUD,WIND_ONSHORE__Y024__X082,113,24,82,40.2,18.6,0.0567572683768894,850.8814481797785,3.0,144.88112013376806,0.3330469084296627,0.333222392721349,0.01,200.31196159591352,2019,0.0,144.88112013376806,40.72673807752638,2050,Base,13935.483870968,False
WIND_ONSHORE,SUD,WIND_ONSHORE__Y025__X078,131,25,78,40.5,17.4,0.5730682348064301,847.1636191204628,3.0,1456.4476794047716,0.2215547693938289,0.2218167820207389,0.01,94.27670552348528,2019,0.0,1456.4476794047716,61.22149500214092,2050,Base,13935.483870968,False
WIND_ONSHORE,SUD,WIND_ONSHORE__Y025__X079,132,25,79,40.5,17.7,0.8124176789322952,847.1636185813763,3.0,2064.752102051298,0.2341457647496416,0.2343500241054928,0.01,116.95744474189472,2019,0.0,2064.752102051298,57.92935960916434,2050,Base,13935.483870968,False
WIND_ONSHORE,SUD,WIND_ONSHORE__Y025__X080,133,25,80,40.5,18.0,0.5544732164046023,847.1636180209601,3.0,1409.188608315125,0.2439079661993916,0.2440995303283767,0.01,140.58489718327348,2019,0.0,1409.188608315125,55.61078803000824,2050,Base,13935.483870968,False
WIND_ONSHORE,SUD,WIND_ONSHORE__Y025__X081,134,25,81,40.5,18.3,0.087589920184238,847.1636174391907,3.0,222.6089809034673,0.2921816734237252,0.2923870906604759,0.01,164.75130288635967,2019,0.0,222.6089809034673,46.42287809569166,2050,Base,13935.483870968,False
WIND_ONSHORE,SUD,WIND_ONSHORE__Y026__X077,151,26,77,40.8,17.1,0.4867706947634854,843.4221404817944,3.0,1231.659543903687,0.2118240732030891,0.2120522309077193,0.01,57.89691400644244,2019,0.0,1217.2986186825622,64.03386547165583,2050,Base,13935.483870968,True
WIND_ONSHORE,SUD,WIND_ONSHORE__Y026__X078,152,26,78,40.8,17.4,0.4820688201249236,843.4221399684062,3.0,1219.7625476454232,0.2535154453849145,0.2537241771160003,0.01,82.73464011179873,2019,0.0,1219.7625476454232,53.50330504143677,2050,Base,13935.483870968,False
WIND_ONSHORE,SUD,WIND_ONSHORE__Y026__X079,153,26,79,40.8,17.7,0.2455444163882948,843.4221394338122,3.0,621.2927909887273,0.2922075706132208,0.2924015842891739,0.01,107.82777529044986,2019,0.0,621.2927909887273,46.41876382148427,2050,Base,13935.483870968,False
WIND_ONSHORE,SUD,WIND_ONSHORE__Y026__X080,154,26,80,40.8,18.0,0.0085780805665097,843.4221388780715,3.0,21.70482917662233,0.3180429040565893,0.3182332580772055,0.01,133.03081130078175,2019,0.0,21.70482917662233,42.64806425214681,2050,Base,13935.483870968,False
WIND_ONSHORE,SUD,WIND_ONSHORE__Y027__X076,172,27,76,41.1,16.8,0.2998938729969861,839.6571056149154,3.0,755.4240641768893,0.2194592474543639,0.2196976417865242,0.01,36.16320693631084,2019,0.0,755.4240641768893,61.80607271956208,2050,Base,13935.483870968,False
WIND_ONSHORE,SUD,WIND_ONSHORE__Y027__X077,173,27,77,41.1,17.1,0.1930123431081582,839.6571051268537,3.0,486.1925558038415,0.2623026216404801,0.2625280912087592,0.01,59.273297342850086,2019,0.0,486.1925558038415,51.71093648364634,2050,Base,13935.483870968,False
WIND_ONSHORE,SUD,WIND_ONSHORE__Y027__X078,174,27,78,41.1,17.4,0.0024996755151606,839.6571046178339,3.0,6.296610916631668,0.2932572134292268,0.293454583169278,0.01,83.68009310732951,2019,0.0,6.296610916631668,46.25261915481656,2050,Base,13935.483870968,False
WIND_ONSHORE,SUD,WIND_ONSHORE__Y028__X075,189,28,75,41.4,16.5,0.012711855907281,835.8686068606274,3.0,31.87632386349611,0.2430215171786533,0.2432649655083892,0.01,52.360742820326,2019,0.0,31.87632386349611,55.81363479503542,2050,Base,13935.483870968,False
WIND_ONSHORE,SUD,WIND_ONSHORE__Y029__X074,203,29,74,41.7,16.2,0.022128311646785,832.0567373109653,3.0,55.23603237307263,0.2551909737606678,0.2553958768969405,0.01,87.40549274975015,2019,0.0,55.23603237307263,53.15201398880892,2050,Base,13935.483870968,False
WIND_ONSHORE,SUD,WIND_ONSHORE__Y030__X071,216,30,71,42.0,15.3,0.1098799712468913,828.2215915742116,3.0,273.0148940046869,0.252836053655586,0.2530687497608137,0.01,151.56880871409484,2019,0.0,273.0148940046869,53.64707291951958,2050,Base,13935.483870968,False
WIND_ONSHORE,SUD,WIND_ONSHORE__Y030__X072,217,30,72,42.0,15.6,0.0913880592100069,828.2215912013794,3.0,227.06869144715347,0.2563051087960115,0.2565422025808692,0.01,137.2836673260877,2019,0.0,227.06869144715347,52.92096701022084,2050,Base,13935.483870968,False
WIND_ONSHORE,SUD,WIND_ONSHORE__Y030__X073,218,30,73,42.0,15.9,0.0725628217313713,828.2215908080815,3.0,180.2942869436389,0.2678268158705297,0.2680111957364023,0.01,126.44262648882324,2019,0.0,180.2942869436389,50.64434703096244,2050,Base,13935.483870968,False
WIND_ONSHORE,SUD,WIND_ONSHORE__Y030__X074,219,30,74,42.0,16.2,0.0229027913138927,828.2215903943181,3.0,56.90575873938434,0.3270647022986662,0.3272225266483882,0.01,119.98253157749772,2019,0.0,56.90575873938434,41.47165411557804,2050,Base,13935.483870968,False
WIND_OFFSHORE,CALA,WIND_OFFSHORE__Y016__X073,27,16,73,37.8,15.9,0.0078161560264991,879.7620399761713,2.0,13.752714741289855,0.1961928184827935,0.1962763683043833,0.01,13.981212107138315,2019,79836.63747862147,13.752714741289855,160.4402567487512,2050,High,651.315789474,False
WIND_OFFSHORE,CALA,WIND_OFFSHORE__Y016__X074,28,16,74,37.8,16.2,0.0035560789714497,879.7620395142088,2.0,6.257006577192503,0.2151407749711125,0.2152249706147899,0.01,18.22866454376388,2019,81827.81276265369,6.257006577192503,147.3664361788839,2050,High,651.315789474,False
WIND_OFFSHORE,CALA,WIND_OFFSHORE__Y018__X072,44,18,72,38.4,15.6,0.0004505162182443,872.6868034006367,2.0,0.7863191167595458,0.208860110103542,0.2089277153759494,0.01,18.24361309319147,2019,81834.82053557085,0.7863191167595458,151.8017454008596,2050,High,651.315789474,False
WIND_OFFSHORE,CALA,WIND_OFFSHORE__Y018__X073,45,18,73,38.4,15.9,0.0104877860402955,872.6868029674325,2.0,18.305104939424,0.170497994329683,0.1705685091554304,0.01,0.0,2019,73282.34536966428,18.305104939424,180.23097238591757,2050,High,651.315789474,False
WIND_OFFSHORE,CALA,WIND_OFFSHORE__Y018__X075,47,18,75,38.4,16.5,0.0877948865104018,872.6868020333969,2.0,153.23487748729528,0.1609079162786375,0.1610110323073111,0.01,0.0,2019,73282.34536966428,49.30029044943291,190.972700526898,2050,High,651.315789474,True
WIND_OFFSHORE,CALA,WIND_OFFSHORE__Y019__X073,49,19,73,38.7,15.9,0.0212645795667569,869.1127397493641,2.0,36.96263401376496,0.1785854289683217,0.1786828689784156,0.01,2.129004125963906,2019,74280.40725698936,36.96263401376496,172.70699794192558,2050,High,651.315789474,False
WIND_OFFSHORE,CALA,WIND_OFFSHORE__Y019__X076,52,19,76,38.7,16.8,0.0109607533370878,869.1127383244511,2.0,19.052260693790643,0.1923993330031448,0.1924747191531693,0.01,19.24704088384188,2019,82305.22029774959,19.052260693790643,165.06828462239372,2050,High,651.315789474,False
WIND_OFFSHORE,CALA,WIND_OFFSHORE__Y020__X077,62,20,77,39.0,17.1,0.105624773342556,865.5144930061093,2.0,182.83954429693517,0.2574446375785501,0.2575212530465449,0.01,0.0,2019,73282.34536966428,182.83954429693517,119.36166003268008,2050,High,651.315789474,False
WIND_OFFSHORE,CALA,WIND_OFFSHORE__Y021__X077,71,21,77,39.3,17.1,0.0773550490573479,861.8921537088293,2.0,133.3434196645795,0.2257659865760744,0.2258391936685872,0.01,0.0,2019,73282.34536966428,133.3434196645795,136.1100481694258,2050,High,651.315789474,False
WIND_OFFSHORE,CALA,WIND_OFFSHORE__Y022__X077,80,22,77,39.6,17.1,0.044530730493222,858.2458077562425,2.0,76.43662552426174,0.2329199304299833,0.2329977163716542,0.01,14.556570200272306,2019,80106.36123223846,76.43662552426174,135.2740252597017,2050,High,651.315789474,False
WIND_OFFSHORE,CALA,WIND_OFFSHORE__Y023__X076,92,23,76,39.9,16.8,0.0668635267099003,854.5755442454694,2.0,114.2798694565692,0.1852830365875545,0.1853749098739889,0.01,16.113811142231462,2019,80836.38463360126,114.2798694565692,170.50321032636452,2050,High,651.315789474,False
WIND_ONSHORE,CALA,WIND_ONSHORE__Y016__X073,32,16,73,37.8,15.9,0.0253038192331129,879.7620399761713,3.0,66.78401888313523,0.1706221916880884,0.1709662277696028,0.01,151.09664798262264,2019,0.0,66.78401888313523,79.49677631583087,2050,High,3832.258064516,False
WIND_ONSHORE,CALA,WIND_ONSHORE__Y016__X074,33,16,74,37.8,16.2,0.004054685177066,879.7620395142088,3.0,10.701474302891013,0.200859409593097,0.2011372917651287,0.01,141.44547422338604,2019,0.0,10.701474302891013,67.5293939906659,2050,High,3832.258064516,False
WIND_ONSHORE,CALA,WIND_ONSHORE__Y018__X073,48,18,73,38.4,15.9,0.3761470144520128,872.6868029674325,3.0,984.7756064636152,0.1407382256036881,0.1410907491910734,0.01,95.72247530510032,2019,0.0,984.7756064636152,96.37690221660245,2050,High,3832.258064516,False
WIND_ONSHORE,CALA,WIND_ONSHORE__Y018__X075,50,18,75,38.4,16.5,0.3754575944499306,872.6868020333969,3.0,982.970662198986,0.1364388823768726,0.1368209533672105,0.01,70.68241884848675,2019,0.0,823.2009558848174,99.41384721752868,2050,High,3832.258064516,True
WIND_ONSHORE,CALA,WIND_ONSHORE__Y019__X073,51,19,73,38.7,15.9,0.148933145044817,869.1127397493641,3.0,388.3190811881712,0.155978731737765,0.1562894210974982,0.01,74.91087115139673,2019,0.0,388.3190811881712,86.96002369059359,2050,High,3832.258064516,False
WIND_ONSHORE,CALA,WIND_ONSHORE__Y019__X076,54,19,76,38.7,16.8,0.0021330271816099,869.1127383244511,3.0,5.561523284188551,0.1621907878687974,0.1625198600546054,0.01,38.55540076637103,2019,0.0,5.561523284188551,83.6293749193522,2050,High,3832.258064516,False
WIND_ONSHORE,CALA,WIND_ONSHORE__Y020__X077,63,20,77,39.0,17.1,0.3332849909789659,865.5144930061093,3.0,865.3889699811161,0.2293664515412272,0.2296376818896354,0.01,39.52337200584908,2019,0.0,865.3889699811161,59.13643480117558,2050,High,3832.258064516,False
WIND_ONSHORE,CALA,WIND_ONSHORE__Y021__X077,73,21,77,39.3,17.1,0.2487980292349393,861.8921537088293,3.0,643.3112077674424,0.2054092593158225,0.2057076101668654,0.01,49.630090518118266,2019,0.0,643.3112077674424,66.0336065293429,2050,High,3832.258064516,False
WIND_ONSHORE,CALA,WIND_ONSHORE__Y022__X077,83,22,77,39.6,17.1,0.0150921860802578,858.2458077562425,3.0,38.85841629977518,0.2170630876490916,0.2173513281213506,0.01,74.55991552835661,2019,0.0,38.85841629977518,62.48835006471698,2050,High,3832.258064516,False
WIND_ONSHORE,CALA,WIND_ONSHORE__Y024__X076,108,24,76,40.2,16.8,0.0020985338013779,850.8814515052895,3.0,5.356810460848121,0.1694048142026273,0.1696775792703059,0.01,130.14331845175715,2019,0.0,5.356810460848121,80.06805633587727,2050,High,3832.258064516,False
WIND_OFFSHORE,CNOR,WIND_OFFSHORE__Y031__X056,178,31,56,42.3,10.8,0.0050207350457633,824.3632654171671,2.0,8.277819074239714,0.3074193767013323,0.3074781443595306,0.01,26.64729695893163,2019,85774.40734859614,8.277819074239714,104.59670475361054,2050,High,868.421052632,False
WIND_OFFSHORE,CNOR,WIND_OFFSHORE__Y032__X054,186,32,54,42.6,10.2,0.0189881085301488,820.481849206131,2.0,31.158796799486492,0.2753661770631795,0.2754351136911493,0.01,44.13126747431367,2019,93970.7675142287,31.158796799486492,120.16984687967091,2050,High,868.421052632,False
WIND_OFFSHORE,CNOR,WIND_OFFSHORE__Y032__X055,187,32,55,42.6,10.5,0.0216956570035669,820.4818491826162,2.0,35.6017855550367,0.2821185373521645,0.2821876615970491,0.01,29.444590158713915,2019,87085.75836775504,35.6017855550367,114.50772320207194,2050,High,868.421052632,False
WIND_OFFSHORE,CNOR,WIND_OFFSHORE__Y032__X056,188,32,56,42.6,10.8,0.0588453494372888,820.4818491389336,2.0,96.56308223906689,0.2689364977223236,0.268993392483612,0.01,18.530007821195337,2019,81969.08033303465,96.56308223906689,117.94849709087308,2050,High,868.421052632,False
WIND_OFFSHORE,CNOR,WIND_OFFSHORE__Y032__X057,189,32,57,42.6,11.1,0.0728935786063393,820.4818490750928,2.0,119.6157163212598,0.2443815508376643,0.2444520448256292,0.01,0.1688228065944675,2019,73361.4882923662,119.6157163212598,125.77894600776534,2050,High,868.421052632,False
WIND_OFFSHORE,CNOR,WIND_OFFSHORE__Y033__X053,192,33,53,42.9,9.9,9.803890019309173e-05,816.5774420355704,2.0,0.1601127086793108,0.2720017055967736,0.2720632736063669,0.01,48.39492305468573,2019,95969.53871601,0.1601127086793108,122.4951199807171,2050,High,868.421052632,False
WIND_OFFSHORE,CNOR,WIND_OFFSHORE__Y033__X054,193,33,54,42.9,10.2,0.0444787005214267,816.577442032212,2.0,72.64060699340698,0.2783820708490838,0.2784480661150427,0.01,24.293856080426664,2019,84671.13111899035,72.64060699340698,115.05449653279815,2050,High,868.421052632,False
WIND_OFFSHORE,CNOR,WIND_OFFSHORE__Y033__X055,194,33,55,42.9,10.5,0.1987620912019136,816.5774420089228,2.0,324.6092800040058,0.2754448686907617,0.275510710036496,0.01,3.0858743780809648,2019,74728.98117852685,324.6092800040058,112.1609581213254,2050,High,868.421052632,False
WIND_OFFSHORE,CNOR,WIND_OFFSHORE__Y034__X054,198,34,54,43.2,10.2,0.0450926680427831,812.6501408076139,2.0,73.28912606871748,0.2577441919571245,0.2578050456575775,0.01,25.13664705268592,2019,85066.2254911127,73.28912606871748,124.44203246259312,2050,High,868.421052632,False
WIND_OFFSHORE,CNOR,WIND_OFFSHORE__Y035__X067,206,35,67,43.5,14.1,0.0876231415769656,808.700041305203,2.0,141.72167642516754,0.2576299909464936,0.2576852556316785,0.01,35.772890423684046,2019,90052.42021166114,106.5047268681009,126.70656585132522,2050,High,868.421052632,True
WIND_ONSHORE,CNOR,WIND_ONSHORE__Y031__X057,220,31,57,42.3,11.1,0.0003021885523783,824.3632653527178,3.0,0.7473394253724039,0.274083685571821,0.2743126553113262,0.01,124.3420735494455,2019,0.0,0.7473394253724039,49.48822174091237,2050,High,464.516129032,False
WIND_ONSHORE,CNOR,WIND_ONSHORE__Y031__X058,221,31,58,42.3,11.4,0.0858854819837965,824.3632652678933,3.0,212.402509101808,0.2547693195696121,0.2550261553273103,0.01,124.88772692208336,2019,0.0,212.402509101808,53.239982860018735,2050,High,464.516129032,False
WIND_ONSHORE,CNOR,WIND_ONSHORE__Y031__X059,222,31,59,42.3,11.7,0.0087121722167075,824.3632651627398,3.0,21.54598420567531,0.2221503993749939,0.2224259303428076,0.01,130.15638137329816,2019,0.0,21.54598420567531,61.057347838698455,2050,High,464.516129032,False
WIND_ONSHORE,CNOR,WIND_ONSHORE__Y032__X056,233,32,56,42.6,10.8,0.0006945799653656,820.4818491389336,3.0,1.7096707630743162,0.238334364488565,0.238591960051987,0.01,96.91425973636686,2019,0.0,1.7096707630743162,56.91128191375678,2050,High,464.516129032,False
WIND_ONSHORE,CNOR,WIND_ONSHORE__Y032__X057,234,32,57,42.6,11.1,0.3336570688279062,820.4818490750928,3.0,821.278706366688,0.2116238081162689,0.2118746111592755,0.01,91.25358933672383,2019,0.0,8.639634793426847,64.09446237586174,2050,High,464.516129032,True
WIND_ONSHORE,CNOR,WIND_ONSHORE__Y033__X055,245,33,55,42.9,10.5,0.0895897843249691,816.5774420089228,3.0,219.4709907426431,0.2605483836717361,0.2608016979897981,0.01,81.93103186781457,2019,0.0,219.4709907426431,52.05909941177723,2050,High,464.516129032,False
WIND_OFFSHORE,CSUD,WIND_OFFSHORE__Y025__X067,114,25,67,40.5,14.1,0.0012530388926956,847.1636236393036,2.0,2.1230579377940595,0.2517740610396573,0.251843036778899,0.01,20.63562658898329,2019,82956.17933192177,2.1230579377940595,126.436131354836,2050,High,1736.842105263,False
WIND_OFFSHORE,CSUD,WIND_OFFSHORE__Y025__X068,115,25,68,40.5,14.4,0.0029249717862022,847.1636233354916,2.0,4.955859393106415,0.2355839866014917,0.2356729364788278,0.01,9.302320025194982,2019,77643.20637863221,4.955859393106415,132.55075161106828,2050,High,1736.842105263,False
WIND_OFFSHORE,CSUD,WIND_OFFSHORE__Y028__X061,153,28,61,41.4,12.3,0.0060193248919169,835.8686111522286,2.0,10.062729474961396,0.2654594308816105,0.2655191149118141,0.01,25.90067551392301,2019,85424.39656212793,10.062729474961396,120.97930785310608,2050,High,1736.842105263,False
WIND_OFFSHORE,CSUD,WIND_OFFSHORE__Y029__X060,162,29,60,41.7,12.0,0.0636388159078724,832.0567412748568,2.0,105.90221156578968,0.2808630421698318,0.28092254752163,0.01,19.430454927151565,2019,82391.20348772801,105.90221156578968,113.11151174798508,2050,High,1736.842105263,False
WIND_OFFSHORE,CSUD,WIND_OFFSHORE__Y029__X061,163,29,61,41.7,12.3,0.3479273199515136,832.0567411262899,2.0,578.9905439753207,0.2326149375232315,0.2326876808981976,0.01,1.9578528225921477,2019,74200.17275167386,439.6056047339495,132.5529411459482,2050,High,1736.842105263,True
WIND_OFFSHORE,CSUD,WIND_OFFSHORE__Y030__X059,168,30,59,42.0,11.7,0.0457948059536192,828.221594448887,2.0,75.85649440876774,0.3001794107782316,0.3002417203192451,0.01,11.37682262262043,2019,78615.71833969277,75.85649440876774,104.3970729287112,2050,High,1736.842105263,False
WIND_OFFSHORE,CSUD,WIND_OFFSHORE__Y030__X060,169,30,60,42.0,12.0,0.2449499616898098,828.2215943222219,2.0,405.7456955998029,0.2601213258152697,0.2601803862615287,0.01,0.0,2019,73282.34536966428,405.7456955998029,118.1334102906666,2050,High,1736.842105263,False
WIND_OFFSHORE,CSUD,WIND_OFFSHORE__Y031__X056,178,31,56,42.3,10.8,0.0092690493152553,824.3632654171671,2.0,15.282127521673264,0.3074193767013323,0.3074781443595306,0.01,54.43350591598605,2019,98800.38311589556,15.282127521673264,109.43369177451812,2050,High,1736.842105263,False
WIND_OFFSHORE,CSUD,WIND_OFFSHORE__Y031__X057,179,31,57,42.3,11.1,0.0716178031364245,824.3632653527178,2.0,118.07817210186204,0.2987745420890588,0.2988318670046875,0.01,30.19540572118705,2019,87437.7353264543,118.07817210186204,108.25865944686149,2050,High,1736.842105263,False
WIND_OFFSHORE,CSUD,WIND_OFFSHORE__Y031__X058,180,31,58,42.3,11.4,0.2239080156486583,824.3632652678933,2.0,369.16308579956507,0.2793039801828914,0.2793577385242677,0.01,9.543901611434338,2019,77756.45809616745,369.16308579956507,111.84861293190616,2050,High,1736.842105263,False
WIND_OFFSHORE,CSUD,WIND_OFFSHORE__Y031__X059,181,31,59,42.3,11.7,0.1133439298946595,824.3632651627398,2.0,186.87314426867653,0.2511153089964345,0.2511615016315742,0.01,0.0,2019,73282.34536966428,186.87314426867653,122.3701550920726,2050,High,1736.842105263,False
WIND_OFFSHORE,CSUD,WIND_OFFSHORE__Y031__X070,185,31,70,42.3,15.0,0.001937205720892,824.3632626638059,2.0,3.19392245705114,0.27445598725165,0.2745174705560993,0.01,27.48473414732354,2019,86166.99190518276,3.19392245705114,117.32252479336684,2050,High,1736.842105263,False
WIND_ONSHORE,CSUD,WIND_ONSHORE__Y025__X068,121,25,68,40.5,14.4,0.020220910594504,847.1636233354916,3.0,51.391259659149256,0.223872111348619,0.2241286217938803,0.01,176.5397082832729,2019,0.0,51.391259659149256,60.5877798955616,2050,High,7896.774193548,False
WIND_ONSHORE,CSUD,WIND_ONSHORE__Y025__X069,122,25,69,40.5,14.7,0.003142043861354,847.1636230102939,3.0,7.985475783725775,0.1854517828971693,0.1857179503655955,0.01,192.1668860688357,2019,0.0,7.985475783725775,73.13984257927467,2050,High,7896.774193548,False
WIND_ONSHORE,CSUD,WIND_ONSHORE__Y026__X067,141,26,67,40.8,14.1,0.0133579884438631,843.4221444498029,3.0,33.79926977657613,0.1551209523845851,0.1554010592512461,0.01,134.86193901838186,2019,0.0,33.79926977657613,87.44089047052982,2050,High,7896.774193548,False
WIND_ONSHORE,CSUD,WIND_ONSHORE__Y027__X063,159,27,63,41.1,12.9,2.3480755870067243e-05,839.6571100454173,3.0,0.0591473508466278,0.1786661775441612,0.1789715860659926,0.01,81.92960541540928,2019,0.0,0.0591473508466278,75.9176380979672,2050,High,7896.774193548,False
WIND_ONSHORE,CSUD,WIND_ONSHORE__Y027__X064,160,27,64,41.1,13.2,0.0002425585087743,839.6571098309729,3.0,0.61099792932707,0.1595590791067753,0.159875416670781,0.01,78.16361896164983,2019,0.0,0.61099792932707,85.0087270688492,2050,High,7896.774193548,False
WIND_ONSHORE,CSUD,WIND_ONSHORE__Y028__X062,176,28,62,41.4,12.6,0.0658255270043361,835.868610981437,3.0,165.06447547270645,0.1686002434692591,0.1689252752359835,0.01,66.88484443296116,2019,0.0,165.06447547270645,80.45014602614076,2050,High,7896.774193548,False
WIND_ONSHORE,CSUD,WIND_ONSHORE__Y028__X070,184,28,70,41.4,15.0,0.3864014943846265,835.8686088629254,3.0,968.9426387215,0.1436991982364715,0.144003170759266,0.01,157.81004781347906,2019,0.0,968.9426387215,94.39102217413904,2050,High,7896.774193548,False
WIND_ONSHORE,CSUD,WIND_ONSHORE__Y028__X071,185,28,71,41.4,15.3,0.021991991738095,835.8686085041835,3.0,55.14724659707092,0.1534765105778938,0.1537496369681128,0.01,182.00056524474925,2019,0.0,55.14724659707092,88.37778599521069,2050,High,7896.774193548,False
WIND_ONSHORE,CSUD,WIND_ONSHORE__Y029__X061,190,29,61,41.7,12.3,0.0280124187700522,832.0567411262899,3.0,69.92376561862366,0.2065233489375367,0.2067952648037626,0.01,75.2607655484916,2019,0.0,69.92376561862366,65.67738842568937,2050,High,7896.774193548,False
WIND_ONSHORE,CSUD,WIND_ONSHORE__Y030__X059,204,30,59,42.0,11.7,0.0168557056740367,828.221594448887,3.0,41.88077828673549,0.2885397531482051,0.2887636946088485,0.01,125.87072007745395,2019,0.0,41.88077828673549,47.00882307949378,2050,High,7896.774193548,False
WIND_ONSHORE,CSUD,WIND_ONSHORE__Y030__X060,205,30,60,42.0,12.0,0.0726811181115162,828.2215943222219,3.0,180.58821455832503,0.2299379856991411,0.2301818552525416,0.01,101.33815881486318,2019,0.0,180.58821455832503,58.98944520150874,2050,High,7896.774193548,False
WIND_ONSHORE,CSUD,WIND_ONSHORE__Y030__X061,206,30,61,42.0,12.3,0.3912612593461043,828.221594175007,3.0,972.153071863654,0.1430008619402454,0.1432820842264627,0.01,77.09730423250647,2019,0.0,972.153071863654,94.8519751776925,2050,High,7896.774193548,False
WIND_ONSHORE,CSUD,WIND_ONSHORE__Y031__X058,221,31,58,42.3,11.4,0.0595910534752424,824.3632652678933,3.0,147.37402627081346,0.2547693195696121,0.2550261553273103,0.01,158.30574857495324,2019,0.0,147.37402627081346,53.239982860018735,2050,High,7896.774193548,False
WIND_ONSHORE,CSUD,WIND_ONSHORE__Y031__X059,222,31,59,42.3,11.7,0.5813562164469132,824.3632651627398,3.0,1437.7461264385015,0.2221503993749939,0.2224259303428076,0.01,135.18195044863907,2019,0.0,1437.7461264385015,61.057347838698455,2050,High,7896.774193548,False
WIND_ONSHORE,CSUD,WIND_ONSHORE__Y031__X060,223,31,60,42.3,12.0,0.515876016375926,824.3632650372388,3.0,1275.807711642187,0.1698228341590154,0.170113685006355,0.01,112.8293005417882,2019,0.0,1275.807711642187,79.87096832010275,2050,High,7896.774193548,False
WIND_ONSHORE,CSUD,WIND_ONSHORE__Y031__X069,232,31,69,42.3,14.7,0.0483561508541471,824.3632629925783,3.0,119.58910291165836,0.1696517186406592,0.1699605008148667,0.01,136.98040663051643,2019,0.0,119.58910291165836,79.95152843617593,2050,High,7896.774193548,False
WIND_ONSHORE,CSUD,WIND_ONSHORE__Y032__X059,236,32,59,42.6,11.7,0.3743111050402501,820.4818488869251,3.0,921.3464025669977,0.1578594274099606,0.158166465761559,0.01,151.36865469662047,2019,0.0,921.3464025669977,85.92400485477076,2050,High,7896.774193548,False
WIND_ONSHORE,CSUD,WIND_ONSHORE__Y032__X060,237,32,60,42.6,12.0,0.6702636956899438,820.481848762606,3.0,1649.8175885944256,0.1405561327444595,0.1408421753994958,0.01,131.90564585827087,2019,0.0,1447.364482099602,96.5017601316969,2050,High,7896.774193548,True
WIND_OFFSHORE,NORD,WIND_OFFSHORE__Y036__X047,209,36,47,43.8,8.1,0.0438813665169988,804.7272469536192,2.0,70.62506253957443,0.2272770755359738,0.2273494271277396,0.01,10.31233191504596,2019,78116.69271936396,70.62506253957443,137.6332627033768,2050,High,1628.289473684,False
WIND_OFFSHORE,NORD,WIND_OFFSHORE__Y038__X063,233,38,63,44.4,12.9,0.0269501503387669,796.7139576807909,2.0,42.94312187298259,0.2403554455542487,0.240416884141666,0.01,44.35339499220991,2019,94074.8993038456,42.94312187298259,137.72352212692786,2050,High,1628.289473684,False
WIND_OFFSHORE,NORD,WIND_OFFSHORE__Y039__X062,235,39,62,44.7,12.6,0.5259088225416756,792.6736653175541,2.0,833.7481479738982,0.2226679479521795,0.2227337950628786,0.01,18.665551606938827,2019,82032.62228909032,833.7481479738982,142.48979100483996,2050,High,1628.289473684,False
WIND_OFFSHORE,NORD,WIND_OFFSHORE__Y039__X063,236,39,63,44.7,12.9,0.0162364450061594,792.673665145879,2.0,25.7404047439438,0.2384860231028838,0.2385581670361539,0.01,40.50047429533503,2019,92268.67767395765,25.7404047439438,137.93851904750565,2050,High,1628.289473684,False
WIND_OFFSHORE,NORD,WIND_OFFSHORE__Y040__X062,238,40,62,45.0,12.6,0.6807260687879749,788.6110755525739,2.0,1073.656234527121,0.2128492205346987,0.2129202922820707,0.01,9.015374124337953,2019,77508.6881952821,415.1000678047861,146.63656487042678,2050,High,1628.289473684,True
WIND_OFFSHORE,NORD,WIND_OFFSHORE__Y040__X063,239,40,63,45.0,12.9,0.152250378066419,788.6110753828711,2.0,240.1326687488149,0.2282285820248278,0.2283127000437573,0.01,32.20794911616384,2019,88381.20125712962,240.1326687488149,142.19355308504169,2050,High,1628.289473684,False
WIND_ONSHORE,NORD,WIND_ONSHORE__Y036__X047,285,36,47,43.8,8.1,0.0511255817668674,804.7272469536192,3.0,123.42644599246016,0.2104053743857136,0.2107040616228808,0.01,218.35183149863923,2019,0.0,123.42644599246016,64.46562615971735,2050,High,696.774193548,False
WIND_ONSHORE,NORD,WIND_ONSHORE__Y037__X048,302,37,48,44.1,8.4,0.0593439530573707,800.7318522657397,3.0,142.55578035719884,0.1763260508741286,0.1766347892844832,0.01,177.29605557480423,2019,0.0,142.55578035719884,76.92518569946004,2050,High,696.774193548,False
WIND_ONSHORE,NORD,WIND_ONSHORE__Y040__X061,371,40,61,45.0,12.3,0.3564710737952849,788.6110757038293,3.0,843.3511108889963,0.1549873085994683,0.1553046495801732,0.01,210.8952623771692,2019,0.0,319.07700161206253,87.51628975116817,2050,High,696.774193548,True
WIND_ONSHORE,NORD,WIND_ONSHORE__Y042__X065,413,42,65,45.6,13.5,0.0477157810865342,780.4194129099508,3.0,111.71496558627844,0.1561551631731881,0.1564569785440785,0.01,299.50537535675267,2019,0.0,111.71496558627844,86.86177217272899,2050,High,696.774193548,False
WIND_OFFSHORE,SARD,WIND_OFFSHORE__Y019__X048,48,19,48,38.7,8.4,0.000130387556891,869.1127437712943,2.0,0.2266429746463847,0.4548776722897579,0.4549160912952922,0.01,28.076670345376392,2019,86444.48735566111,0.2266429746463847,70.85761490471248,2050,High,3256.578947368,False
WIND_OFFSHORE,SARD,WIND_OFFSHORE__Y020__X047,53,20,47,39.0,8.1,0.0017384498199977,865.5144987999279,2.0,3.0093070492884384,0.4281085647094566,0.4281486052967257,0.01,32.22783047451212,2019,88390.52149554234,3.0093070492884384,75.80716580583507,2050,High,3256.578947368,False
WIND_OFFSHORE,SARD,WIND_OFFSHORE__Y020__X048,54,20,48,39.0,8.4,0.1664640297378745,865.5144989299874,2.0,288.1540625768861,0.3937901807263811,0.3938254831058622,0.01,9.341724050323332,2019,77661.67870341928,288.1540625768861,79.30350916020869,2050,High,3256.578947368,False
WIND_OFFSHORE,SARD,WIND_OFFSHORE__Y020__X049,55,20,49,39.0,8.7,0.1001398222102471,865.514499037728,2.0,173.34493610805842,0.3074799218683379,0.3075198114585772,0.01,0.0,2019,73282.34536966428,173.34493610805842,99.93829555168652,2050,High,3256.578947368,False
WIND_OFFSHORE,SARD,WIND_OFFSHORE__Y020__X050,56,20,50,39.0,9.0,0.2120659649368044,865.5144991231973,2.0,367.0923348467117,0.3033222194348317,0.3033745955878586,0.01,0.0,2019,73282.34536966428,367.0923348467117,101.30817110973142,2050,High,3256.578947368,False
WIND_OFFSHORE,SARD,WIND_OFFSHORE__Y020__X051,57,20,51,39.0,9.3,0.0444916056768071,865.5144991863606,2.0,77.01625961071751,0.3261269517677896,0.3261683240978652,0.01,17.871926069570865,2019,81660.57632074527,77.01625961071751,97.15676117682791,2050,High,3256.578947368,False
WIND_OFFSHORE,SARD,WIND_OFFSHORE__Y020__X052,58,20,52,39.0,9.6,0.0009260918475278,865.5144992272551,2.0,1.603091843303022,0.3602254391110434,0.3602704118178788,0.01,12.749632887486207,2019,79259.28196044003,1.603091843303022,87.19905535539286,2050,High,3256.578947368,False
WIND_OFFSHORE,SARD,WIND_OFFSHORE__Y021__X047,63,21,47,39.3,8.1,0.0023237310270781,861.8921594601228,2.0,4.005611105865703,0.378618174153176,0.3786680269956324,0.01,24.641870372970164,2019,84834.27772701996,4.005611105865703,84.64393744169864,2050,High,3256.578947368,False
WIND_OFFSHORE,SARD,WIND_OFFSHORE__Y021__X048,64,21,48,39.3,8.4,0.1520862366262653,861.8921595892126,2.0,262.16386985921565,0.2957267641265316,0.2957845241570322,0.01,2.951791863629404,2019,74666.1242559879,262.16386985921565,104.44433403046528,2050,High,3256.578947368,False
WIND_OFFSHORE,SARD,WIND_OFFSHORE__Y021__X053,68,21,53,39.3,9.9,0.0013806201427617,861.8921599027768,2.0,2.379891353700473,0.3216211921987098,0.3216783108859951,0.01,23.137439641401453,2019,84129.01137408629,2.379891353700473,99.39401993734351,2050,High,3256.578947368,False
WIND_OFFSHORE,SARD,WIND_OFFSHORE__Y022__X047,72,22,47,39.6,8.1,0.000552659338164,858.2458134643003,2.0,0.9486351265025272,0.3519472448892659,0.352003457447701,0.01,28.511536255681573,2019,86648.34938010696,0.9486351265025272,91.64674342771724,2050,High,3256.578947368,False
WIND_OFFSHORE,SARD,WIND_OFFSHORE__Y023__X047,83,23,47,39.9,8.1,0.0349397843272992,854.5755494051614,2.0,59.717370775199136,0.3488460120262052,0.348907747343409,0.01,25.850821985536783,2019,85401.025585048,59.717370775199136,92.05331058497651,2050,High,3256.578947368,False
WIND_OFFSHORE,SARD,WIND_OFFSHORE__Y025__X047,110,25,47,40.5,8.1,0.0428663682055148,847.1636252121973,2.0,72.62965577732966,0.3084174178052545,0.3084907405273162,0.01,8.77782108987945,2019,77397.32503397114,72.62965577732966,101.15760019950864,2050,High,3256.578947368,False
WIND_OFFSHORE,SARD,WIND_OFFSHORE__Y026__X047,123,26,47,40.8,8.1,0.111574988063199,843.4221460097367,2.0,188.2096317465482,0.3349510248707282,0.3350125575446331,0.01,5.590335602030566,2019,75903.05466454037,188.2096317465482,92.63499655684916,2050,High,3256.578947368,False
WIND_OFFSHORE,SARD,WIND_OFFSHORE__Y026__X048,124,26,48,40.8,8.4,0.2780012586802848,843.4221461338573,2.0,468.94483644807895,0.2919599280523529,0.2920074544768605,0.01,0.0,2019,73282.34536966428,335.51912735604856,105.2508113455119,2050,High,3256.578947368,True
WIND_OFFSHORE,SARD,WIND_OFFSHORE__Y026__X053,127,26,53,40.8,9.9,0.0753412196677885,843.4221464352942,2.0,127.08890641451843,0.3391541501219975,0.3392000607933229,0.01,15.655162004619656,2019,80621.37320251839,127.08890641451843,93.07510423188631,2050,High,3256.578947368,False
WIND_OFFSHORE,SARD,WIND_OFFSHORE__Y027__X047,135,27,47,41.1,8.1,0.0115850886302762,839.6571106079696,2.0,19.455004090869984,0.3566026117736474,0.3566643374200646,0.01,16.700885526894197,2019,81111.60090078037,19.455004090869984,88.67789773611037,2050,High,3256.578947368,False
WIND_OFFSHORE,SARD,WIND_OFFSHORE__Y027__X048,136,27,48,41.1,8.4,0.2000307727422072,839.6571107310396,2.0,335.9145213960378,0.343462573006298,0.3435190749138381,0.01,21.38664591441351,2019,83308.25181323606,335.9145213960378,92.80058929533092,2050,High,3256.578947368,False
WIND_OFFSHORE,SARD,WIND_OFFSHORE__Y027__X049,137,27,49,41.1,8.7,0.0798219641347719,839.6571108330194,2.0,134.04615957283906,0.3213246197849194,0.3213772300064712,0.01,17.392662774738596,2019,81435.90112038635,134.04615957283906,98.52899081775752,2050,High,3256.578947368,False
WIND_OFFSHORE,SARD,WIND_OFFSHORE__Y027__X050,138,27,50,41.1,9.0,0.2261821302913222,839.657110913882,2.0,379.83086812151777,0.310517852165237,0.3105725954918023,0.01,0.0,2019,73282.34536966428,379.83086812151777,98.9605560312052,2050,High,3256.578947368,False
WIND_OFFSHORE,SARD,WIND_OFFSHORE__Y027__X051,139,27,51,41.1,9.3,0.0600670527828311,839.6571109736715,2.0,100.87145600867004,0.3233440654323811,0.3233896086035562,0.01,0.0,2019,73282.34536966428,100.87145600867004,95.03504963604657,2050,High,3256.578947368,False
WIND_OFFSHORE,SARD,WIND_OFFSHORE__Y027__X052,140,27,52,41.1,9.6,0.1186820485762642,839.6571110123677,2.0,199.304452073151,0.3738689180243235,0.3739204653794817,0.01,2.6547875782351067,2019,74526.89077400015,199.304452073151,82.57196362888881,2050,High,3256.578947368,False
WIND_OFFSHORE,SARD,WIND_OFFSHORE__Y028__X050,150,28,50,41.4,9.0,0.0095440624790984,835.8686116507187,2.0,15.955164507823412,0.3453820555440726,0.345429362348888,0.01,22.693840625382016,2019,83921.05533222402,15.955164507823412,92.4873872360442,2050,High,3256.578947368,False
WIND_OFFSHORE,SARD,WIND_OFFSHORE__Y028__X051,151,28,51,41.4,9.3,0.062714443651932,835.8686117099651,2.0,104.84206989900647,0.3575376280548374,0.3575770729509584,0.01,16.82560891256568,2019,81170.0703307729,104.84206989900647,88.46465952083538,2050,High,3256.578947368,False
WIND_OFFSHORE,SARD,WIND_OFFSHORE__Y028__X052,152,28,52,41.4,9.6,0.001944035897428,835.8686117483287,2.0,3.2499171735441346,0.4054499823290434,0.4054914232737442,0.01,27.754144782270554,2019,86293.28968145358,3.2499171735441346,79.45317135874221,2050,High,3256.578947368,False
WIND_ONSHORE,SARD,WIND_ONSHORE__Y020__X048,55,20,48,39.0,8.4,0.0407399246609406,865.5144989299874,3.0,105.78298643807844,0.3654721518851208,0.3656337709496699,0.01,131.9766485027404,2019,0.0,105.78298643807844,37.113400124145,2050,High,4064.516129032,False
WIND_ONSHORE,SARD,WIND_ONSHORE__Y020__X051,58,20,51,39.0,9.3,0.0005722159746604,865.5144991863606,3.0,1.4857836682040413,0.2869470505891034,0.2871196937099659,0.01,118.69341510017992,2019,0.0,1.4857836682040413,47.2697460360649,2050,High,4064.516129032,False
WIND_ONSHORE,SARD,WIND_ONSHORE__Y020__X052,59,20,52,39.0,9.6,0.0020146338694356,865.5144992272551,3.0,5.231084473892651,0.3224339011232143,0.3226209515102841,0.01,125.16012710204892,2019,0.0,5.231084473892651,42.06727071779433,2050,High,4064.516129032,False
WIND_ONSHORE,SARD,WIND_ONSHORE__Y025__X047,114,25,47,40.5,8.1,0.0195027875145006,847.1636252121973,3.0,49.56615651758254,0.2913063865146865,0.2915369494644382,0.01,98.14583129054851,2019,0.0,49.56615651758254,46.5623646959108,2050,High,4064.516129032,False
WIND_ONSHORE,SARD,WIND_ONSHORE__Y026__X047,135,26,47,40.8,8.1,0.147889588036879,843.4221460097367,3.0,374.2000611436811,0.3201612425584056,0.3203966060380693,0.01,117.91811280939862,2019,0.0,374.2000611436811,42.36588444858493,2050,High,4064.516129032,False
WIND_ONSHORE,SARD,WIND_ONSHORE__Y026__X048,136,26,48,40.8,8.4,0.4442929578279418,843.4221461338573,3.0,1124.179560010206,0.2688793046849143,0.2691143121260284,0.01,100.9572947904765,2019,0.0,573.3532624401381,50.446107122448986,2050,High,4064.516129032,True
WIND_ONSHORE,SARD,WIND_ONSHORE__Y027__X049,155,27,49,41.1,8.7,1.2657673876108571e-05,839.6571108330194,3.0,0.0318843176300397,0.2930058655900798,0.2932261106245116,0.01,119.5253783816224,2019,0.0,0.0318843176300397,46.29229582086569,2050,High,4064.516129032,False
WIND_ONSHORE,SARD,WIND_ONSHORE__Y027__X050,156,27,50,41.1,9.0,0.3790183041929584,839.657110913882,3.0,954.7362428464148,0.2763986952607748,0.2766133645634928,0.01,114.87794497162952,2019,0.0,954.7362428464148,49.07372733560697,2050,High,4064.516129032,False
WIND_ONSHORE,SARD,WIND_ONSHORE__Y027__X051,157,27,51,41.1,9.3,0.6950777778528354,839.6571109736715,3.0,1750.8809965617338,0.2896606875606046,0.2898558384248598,0.01,115.80955620547904,2019,0.0,1750.8809965617338,46.82690744599872,2050,High,4064.516129032,False
WIND_ONSHORE,SARD,WIND_ONSHORE__Y027__X052,158,27,52,41.1,9.6,0.0976617677155462,839.6571110123677,3.0,246.00719320918927,0.3521381296919689,0.352346036173546,0.01,122.1927460971668,2019,0.0,246.00719320918927,38.518731893674094,2050,High,4064.516129032,False
WIND_ONSHORE,SARD,WIND_ONSHORE__Y028__X051,175,28,51,41.4,9.3,0.0012922594811587,835.8686117099651,3.0,3.2404774154555063,0.3348613226964419,0.3350283744873993,0.01,148.70116346322,2019,0.0,3.2404774154555063,40.50606411610196,2050,High,4064.516129032,False
WIND_OFFSHORE,SICI,WIND_OFFSHORE__Y012__X068,0,12,68,36.6,14.4,0.0017315776548074,893.6185876104291,2.0,3.0947399564537124,0.3166034726352466,0.316649798806692,0.01,22.310766184221343,2019,83741.47277760698,3.0947399564537124,100.82954352380256,2050,High,3256.578947368,False
WIND_OFFSHORE,SICI,WIND_OFFSHORE__Y012__X069,1,12,69,36.6,14.7,0.069302590775291,893.6185872541407,2.0,123.8601665233349,0.3052350031704963,0.3053029563758442,0.01,12.910586704058325,2019,79334.73595697345,123.8601665233349,102.93685569815896,2050,High,3256.578947368,False
WIND_OFFSHORE,SICI,WIND_OFFSHORE__Y012__X070,2,12,70,36.6,15.0,0.1098948965891018,893.61858687432,2.0,196.40824438930548,0.3052782586013083,0.3053331538699754,0.01,8.582863137554748,2019,77305.93014211852,196.40824438930548,102.1636220704733,2050,High,3256.578947368,False
WIND_OFFSHORE,SICI,WIND_OFFSHORE__Y012__X071,3,12,71,36.6,15.3,0.0064544681392454,893.6185864710498,2.0,11.535665390029898,0.3207018712230735,0.320749935807692,0.01,16.903741775823395,2019,81206.69845751728,11.535665390029898,98.63873167974734,2050,High,3256.578947368,False
WIND_OFFSHORE,SICI,WIND_OFFSHORE__Y013__X066,4,13,66,36.9,13.8,0.0250579564776921,890.1914017540676,2.0,44.61275480393846,0.3278304186708636,0.3278807103391496,0.01,23.41231165586025,2019,84257.86940596042,44.61275480393846,97.55633153362228,2050,High,3256.578947368,False
WIND_OFFSHORE,SICI,WIND_OFFSHORE__Y013__X067,5,13,67,36.9,14.1,0.1879700034106496,890.1914014465718,2.0,334.6585615320862,0.2799678824866022,0.2800375277014389,0.01,21.71945963963619,2019,83464.272504165,334.6585615320862,113.91070816331046,2050,High,3256.578947368,False
WIND_OFFSHORE,SICI,WIND_OFFSHORE__Y013__X068,6,13,68,36.9,14.4,0.2435016338942291,890.1914011157479,2.0,433.5261213005554,0.2445982139233534,0.2446560115631768,0.01,1.89312984885558,2019,74169.83108510167,433.5261213005554,126.04478981305492,2050,High,3256.578947368,False
WIND_OFFSHORE,SICI,WIND_OFFSHORE__Y013__X071,9,13,71,36.9,15.3,0.0568043043856539,890.1913999832144,2.0,101.13340649227582,0.2392788912442221,0.2393457899050908,0.01,8.956889346735327,2019,77481.27095038247,101.13340649227582,130.42666885406925,2050,High,3256.578947368,False
WIND_OFFSHORE,SICI,WIND_OFFSHORE__Y014__X064,10,14,64,37.2,13.2,0.0673058094169073,886.739527313267,2.0,119.36544325557044,0.3397652735765682,0.3398254468996949,0.01,21.172961634622222,2019,83208.07815317628,119.36544325557044,93.77678151493862,2050,High,3256.578947368,False
WIND_OFFSHORE,SICI,WIND_OFFSHORE__Y014__X065,11,14,65,37.2,13.5,0.2330021854979692,886.7395270540454,2.0,413.2244955420565,0.2651890707269882,0.2652517071329697,0.01,9.684479786487396,2019,77822.36013787752,413.2244955420565,117.83021731732,2050,High,3256.578947368,False
WIND_OFFSHORE,SICI,WIND_OFFSHORE__Y015__X061,17,15,61,37.5,12.3,0.0170083551927616,883.2630470948031,2.0,30.04570326725875,0.4313739150355354,0.4314131111688311,0.01,26.3413826044999,2019,85630.99689005336,30.04570326725875,74.50307402293777,2050,High,3256.578947368,False
WIND_OFFSHORE,SICI,WIND_OFFSHORE__Y015__X062,18,15,62,37.5,12.6,0.2025592419202363,883.2630469064355,2.0,357.8261863950515,0.3910737657053747,0.3911129979330638,0.01,9.223819498479386,2019,77606.40589389182,357.8261863950515,79.83822046121153,2050,High,3256.578947368,False
WIND_OFFSHORE,SICI,WIND_OFFSHORE__Y015__X063,19,15,63,37.5,12.9,0.2202269839809366,883.2630466949906,2.0,389.036713670902,0.3277023262093254,0.3277483904486402,0.01,8.160987715006987,2019,77108.15796530161,389.036713670902,95.1038592434503,2050,High,3256.578947368,False
WIND_OFFSHORE,SICI,WIND_OFFSHORE__Y015__X064,20,15,64,37.5,13.2,0.2506421309055072,883.2630464605031,2.0,442.7658642299011,0.2189122965519224,0.218978614937498,0.01,0.0,2019,73282.34536966428,14.190417392186063,140.37137151223936,2050,High,3256.578947368,True
WIND_OFFSHORE,SICI,WIND_OFFSHORE__Y016__X061,23,16,61,37.8,12.3,0.2100846525689911,879.762043733812,2.0,369.64900660240687,0.3987700788138488,0.3988135562600307,0.01,11.124654458200157,2019,78497.50371012242,369.64900660240687,78.55242577667924,2050,High,3256.578947368,False
WIND_OFFSHORE,SICI,WIND_OFFSHORE__Y016__X062,24,16,62,37.8,12.6,0.066693969642532,879.7620435466742,2.0,117.34964604990778,0.3019700866719449,0.3020232120387614,0.01,0.0,2019,73282.34536966428,117.34964604990778,101.76179914559184,2050,High,3256.578947368,False
WIND_OFFSHORE,SICI,WIND_OFFSHORE__Y017__X061,29,17,61,38.1,12.3,0.0220845682531631,876.236601975738,2.0,38.7026140845058,0.3742601906881601,0.3743102671649788,0.01,20.41624687536184,2019,82853.33569327042,38.7026140845058,85.0253350575198,2050,High,3256.578947368,False
WIND_OFFSHORE,SICI,WIND_OFFSHORE__Y017__X062,30,17,62,38.1,12.6,0.0903631852382698,876.2366017898362,2.0,158.3590607201741,0.2890658830286087,0.2891179421467933,0.01,3.4894109733289604,2019,74918.15624443971,158.3590607201741,106.95055184377392,2050,High,3256.578947368,False
WIND_ONSHORE,SICI,WIND_ONSHORE__Y012__X069,0,12,69,36.6,14.7,0.0130266706690286,893.6185872541407,3.0,34.922625119647066,0.2890684467799748,0.289317610094658,0.01,108.42081517929716,2019,0.0,34.922625119647066,46.92284598418655,2050,High,7316.129032258,False
WIND_ONSHORE,SICI,WIND_ONSHORE__Y012__X070,1,12,70,36.6,15.0,0.0764344488315716,893.61858687432,3.0,204.9097324601597,0.285720652976637,0.2859806662175482,0.01,123.10773117333892,2019,0.0,204.9097324601597,47.47264177733027,2050,High,7316.129032258,False
WIND_ONSHORE,SICI,WIND_ONSHORE__Y013__X068,2,13,68,36.9,14.4,0.2718758324600055,890.1914011157479,3.0,726.064584681248,0.2182949964041721,0.2185398351344759,0.01,67.36560243455756,2019,0.0,726.064584681248,62.135708241481005,2050,High,7316.129032258,False
WIND_ONSHORE,SICI,WIND_ONSHORE__Y013__X069,3,13,69,36.9,14.7,0.7195443964056549,890.1914007615918,3.0,1921.596702439512,0.1774592303162834,0.1777741205067678,0.01,80.59953675186314,2019,0.0,2.2444568345681546,76.43397406249301,2050,High,7316.129032258,True
WIND_ONSHORE,SICI,WIND_ONSHORE__Y013__X071,5,13,71,36.9,15.3,0.0566688105811484,890.1913999832144,3.0,151.33826347984848,0.2151592401737688,0.2154421554500345,0.01,121.3777023849833,2019,0.0,151.33826347984848,63.04128140715767,2050,High,7316.129032258,False
WIND_ONSHORE,SICI,WIND_ONSHORE__Y014__X065,6,14,65,37.2,13.5,0.0747704263327217,886.7395270540454,3.0,198.90567745172103,0.2324874761683835,0.2327159262453928,0.01,64.66238569278504,2019,0.0,198.90567745172103,58.34255862161306,2050,High,7316.129032258,False
WIND_ONSHORE,SICI,WIND_ONSHORE__Y015__X062,13,15,62,37.5,12.6,0.0568954975838636,883.2630469064355,3.0,150.76107165354338,0.3776985233593967,0.3778775244168545,0.01,137.08117502238784,2019,0.0,150.76107165354338,35.912012804556625,2050,High,7316.129032258,False
WIND_ONSHORE,SICI,WIND_ONSHORE__Y015__X063,14,15,63,37.5,12.9,0.2282638389035983,883.2630466949906,3.0,604.8510414008604,0.3109846933208215,0.3111782584196959,0.01,110.35182461166195,2019,0.0,604.8510414008604,43.61601872524261,2050,High,7316.129032258,False
WIND_ONSHORE,SICI,WIND_ONSHORE__Y015__X064,15,15,64,37.5,13.2,0.4135422732568354,883.2630464605031,3.0,1095.7998243511029,0.184574563699097,0.184844409358789,0.01,83.62687727108643,2019,0.0,1095.7998243511029,73.48745100791558,2050,High,7316.129032258,False
WIND_ONSHORE,SICI,WIND_ONSHORE__Y016__X062,22,16,62,37.8,12.6,0.6101331044906985,879.7620435466742,3.0,1610.3158405266404,0.2608530254687493,0.2610467729740721,0.01,141.22384238824506,2019,0.0,1610.3158405266404,51.99830127624787,2050,High,7316.129032258,False
WIND_ONSHORE,SICI,WIND_ONSHORE__Y016__X063,23,16,63,37.8,12.9,0.8344564318201811,879.7620433365959,3.0,2202.369286600462,0.1797054697762444,0.1799979709239741,0.01,115.61011144809324,2019,0.0,2202.369286600462,75.47858295038841,2050,High,7316.129032258,False
WIND_ONSHORE,SICI,WIND_ONSHORE__Y017__X062,34,17,62,38.1,12.6,0.1266455577537578,876.2366017898362,3.0,332.9144194737936,0.255931351114795,0.2561751717278179,0.01,152.59129382680973,2019,0.0,332.9144194737936,52.998251867395695,2050,High,7316.129032258,False
WIND_ONSHORE,SICI,WIND_ONSHORE__Y018__X071,47,18,71,38.4,15.3,0.0002796758322329,872.6868038112628,3.0,0.7322082244038324,0.1816655646196543,0.1819740593366308,0.01,145.29087919614904,2019,0.0,0.7322082244038324,74.66420086571162,2050,High,7316.129032258,False
WIND_OFFSHORE,SUD,WIND_OFFSHORE__Y022__X080,81,22,80,39.6,18.0,0.000548210467995,858.2458060998702,2.0,0.9409986700336826,0.3581937990786686,0.3582440320723716,0.01,31.765254942068538,2019,88173.66939868133,0.9409986700336826,90.53462741583608,2050,High,5101.973684211,False
WIND_OFFSHORE,SUD,WIND_OFFSHORE__Y022__X081,82,22,81,39.6,18.3,0.0005584861306736,858.2458055040064,2.0,0.9586367581656946,0.3481473365996433,0.3482038134013035,0.01,21.55293765929784,2019,83386.20819233452,0.9586367581656946,91.57740115809868,2050,High,5101.973684211,False
WIND_OFFSHORE,SUD,WIND_OFFSHORE__Y023__X080,93,23,80,39.9,18.0,0.0988149135592229,854.5755420975499,2.0,168.88961664439103,0.3421244684856889,0.3421759745519233,0.01,5.256479081547404,2019,75746.54511866134,168.88961664439103,90.64046423325114,2050,High,5101.973684211,False
WIND_OFFSHORE,SUD,WIND_OFFSHORE__Y023__X081,94,23,81,39.9,18.3,0.1269370063602993,854.5755415063121,2.0,216.95452189508603,0.3314084544090859,0.3314760921818584,0.01,0.0,2019,73282.34536966428,216.95452189508603,92.72249666255033,2050,High,5101.973684211,False
WIND_OFFSHORE,SUD,WIND_OFFSHORE__Y023__X082,95,23,82,39.9,18.6,0.0098896213805004,854.5755408933657,2.0,16.902857080943456,0.3645448967941283,0.3645850267465133,0.01,17.40816319109847,2019,81443.16760456916,16.902857080943456,86.84971398053739,2050,High,5101.973684211,False
WIND_OFFSHORE,SUD,WIND_OFFSHORE__Y024__X078,105,24,78,40.2,17.4,0.0540531912858214,850.8814504828965,2.0,91.98571560901838,0.2948479223225652,0.2949052803863126,0.01,13.903683797383204,2019,79800.29276222958,91.98571560901838,106.74342549709893,2050,High,5101.973684211,False
WIND_OFFSHORE,SUD,WIND_OFFSHORE__Y024__X079,106,24,79,40.2,17.7,0.2143588225828695,850.881449939397,2.0,364.787891533228,0.2975438100496579,0.2975893902912729,0.01,11.186281788489977,2019,78526.39416121632,364.787891533228,105.28753735275907,2050,High,5101.973684211,False
WIND_OFFSHORE,SUD,WIND_OFFSHORE__Y024__X080,107,24,80,40.2,18.0,0.2043238566740681,850.8814493743637,2.0,347.7107586171816,0.2982764094015687,0.298322413018539,0.01,0.0,2019,73282.34536966428,347.7107586171816,103.0219566124555,2050,High,5101.973684211,False
WIND_OFFSHORE,SUD,WIND_OFFSHORE__Y024__X081,108,24,81,40.2,18.3,0.0198831262783939,850.8814487878468,2.0,33.83636658838313,0.3144760934671787,0.3145298212975982,0.01,0.0,2019,73282.34536966428,33.83636658838313,97.71496131579414,2050,High,5101.973684211,False
WIND_OFFSHORE,SUD,WIND_OFFSHORE__Y024__X082,109,24,82,40.2,18.6,0.0287692514728304,850.8814481797785,2.0,48.95844471250041,0.3660683710909231,0.3661243731288353,0.01,10.164577240310097,2019,78047.42638599731,48.95844471250041,85.4293372432585,2050,High,5101.973684211,False
WIND_OFFSHORE,SUD,WIND_OFFSHORE__Y025__X080,121,25,80,40.5,18.0,0.0586349115309311,847.1636180209601,2.0,99.34672758976508,0.2949157206957182,0.2949591937391185,0.01,0.0,2019,73282.34536966428,99.34672758976508,104.19593514851096,2050,High,5101.973684211,False
WIND_OFFSHORE,SUD,WIND_OFFSHORE__Y025__X081,122,25,81,40.5,18.3,0.0864453837961972,847.1636174391907,2.0,146.46676809541128,0.3341263414024593,0.3341707306409497,0.01,8.250297378911023,2019,77150.02569614598,146.46676809541128,93.28966760315042,2050,High,5101.973684211,False
WIND_OFFSHORE,SUD,WIND_OFFSHORE__Y026__X078,132,26,78,40.8,17.4,0.0457561014267197,843.4221399684062,2.0,77.18341796387085,0.29097687062869,0.2910230697044503,0.01,0.0,2019,73282.34536966428,77.18341796387085,105.60639834188107,2050,High,5101.973684211,False
WIND_OFFSHORE,SUD,WIND_OFFSHORE__Y026__X079,133,26,79,40.8,17.7,0.0507264021982671,843.4221394338122,2.0,85.567541335685,0.3325944471416777,0.3326466344789323,0.01,3.9976770674634334,2019,75156.4277494071,85.567541335685,93.03509399670143,2050,High,5101.973684211,False
WIND_OFFSHORE,SUD,WIND_OFFSHORE__Y026__X080,134,26,80,40.8,18.0,0.03310448331629,843.4221388780715,2.0,55.84210825015749,0.3584917272950506,0.3585365705373953,0.01,14.017818587823555,2019,79853.79833460829,55.84210825015749,87.81007419330795,2050,High,5101.973684211,False
WIND_OFFSHORE,SUD,WIND_OFFSHORE__Y027__X077,148,27,77,41.1,17.1,0.0670603682068938,839.6571051268537,2.0,112.61542927468278,0.2987566489235,0.2988104633450327,0.01,3.9596152411351615,2019,75138.58463780531,112.61542927468278,103.56562399266852,2050,High,5101.973684211,False
WIND_OFFSHORE,SUD,WIND_OFFSHORE__Y027__X078,149,27,78,41.1,17.4,0.0351084768156135,839.6571046178339,2.0,58.95816398108091,0.325908505450328,0.3259459730182051,0.01,17.57161881062585,2019,81519.79442841127,58.95816398108091,97.17257096495504,2050,High,5101.973684211,False
WIND_OFFSHORE,SUD,WIND_OFFSHORE__Y028__X075,160,28,75,41.4,16.5,0.2283049923010153,835.8686068606274,2.0,381.665951707952,0.2761847840518571,0.276247913991898,0.01,14.837651145081928,2019,80238.12996619561,269.3899955100683,114.13756465117991,2050,High,5101.973684211,True
WIND_OFFSHORE,SUD,WIND_OFFSHORE__Y028__X076,161,28,76,41.4,16.8,0.0018050187512354,835.8686063976363,2.0,3.017517016233481,0.3184666636148104,0.3185192753529043,0.01,25.785382880638068,2019,85370.3482013156,3.017517016233481,100.82351459482912,2050,High,5101.973684211,False
WIND_OFFSHORE,SUD,WIND_OFFSHORE__Y029__X074,166,29,74,41.7,16.2,0.5026590850092469,832.0567373109653,2.0,836.4817565050183,0.2896474175474334,0.2897102073593854,0.01,6.75007367235388,2019,76446.73156640901,836.4817565050183,107.33826274765342,2050,High,5101.973684211,False
WIND_OFFSHORE,SUD,WIND_OFFSHORE__Y029__X075,167,29,75,41.7,16.5,0.1141365934722223,832.0567368727505,2.0,189.93624304453795,0.357062939647121,0.3571126459071994,0.01,27.285412317963367,2019,86073.55125902795,189.93624304453795,90.14994012092956,2050,High,5101.973684211,False
WIND_OFFSHORE,SUD,WIND_OFFSHORE__Y030__X071,173,30,71,42.0,15.3,0.4030202826372405,828.2215915742116,2.0,667.5801998450079,0.2783605033380063,0.2784295282182678,0.01,8.887597505260661,2019,77448.78743133476,667.5801998450079,112.10153801853532,2050,High,5101.973684211,False
WIND_OFFSHORE,SUD,WIND_OFFSHORE__Y030__X072,174,30,72,42.0,15.6,0.3649111303254292,828.2215912013794,2.0,604.4545540104418,0.2850028711693225,0.2850731057526623,0.01,8.106516787280905,2019,77082.6223844788,604.4545540104418,109.34219980684672,2050,High,5101.973684211,False
WIND_OFFSHORE,SUD,WIND_OFFSHORE__Y030__X073,175,30,73,42.0,15.9,0.2439233762170862,828.2215908080815,2.0,404.04521337158656,0.298412802091312,0.2984605062152893,0.01,7.5823916728194,2019,76836.91628435695,404.04521337158656,104.33463988528088,2050,High,5101.973684211,False
WIND_OFFSHORE,SUD,WIND_OFFSHORE__Y030__X074,176,30,74,42.0,16.2,0.1197181355963538,828.2215903943181,2.0,198.3062893253096,0.3541648889315597,0.3541930221216019,0.01,10.781603105996885,2019,78336.68369298206,198.3062893253096,88.39385141475682,2050,High,5101.973684211,False
WIND_OFFSHORE,SUD,WIND_OFFSHORE__Y030__X075,177,30,75,42.0,16.5,0.00051674032263,828.2215899600852,2.0,0.8559509832103155,0.3747436951996362,0.3747804394089482,0.01,29.49479714895767,2019,87109.29504522245,0.8559509832103155,86.21209278360594,2050,High,5101.973684211,False
WIND_ONSHORE,SUD,WIND_ONSHORE__Y023__X080,94,23,80,39.9,18.0,0.110409607320317,854.5755420975499,3.0,283.0600500856127,0.330580262006871,0.3307753433531576,0.01,174.60926511180023,2019,0.0,283.0600500856127,41.03062331913471,2050,High,15329.032258065,False
WIND_ONSHORE,SUD,WIND_ONSHORE__Y023__X081,95,23,81,39.9,18.3,0.2799131349427307,854.5755415063121,3.0,717.6207566052406,0.3016163359278848,0.3018527583193058,0.01,194.69562045691148,2019,0.0,717.6207566052406,44.970754536279024,2050,High,15329.032258065,False
WIND_ONSHORE,SUD,WIND_ONSHORE__Y023__X082,96,23,82,39.9,18.6,7.190427933594762e-05,854.5755408933657,3.0,0.1843429152181953,0.3415733259629545,0.3417760680749463,0.01,215.93714155504892,2019,0.0,0.1843429152181953,39.71010959039543,2050,High,15329.032258065,False
WIND_ONSHORE,SUD,WIND_ONSHORE__Y024__X078,109,24,78,40.2,17.4,0.0116688237781715,850.8814504828965,3.0,29.78635710539977,0.2688490150181893,0.2690679595079258,0.01,114.584164513632,2019,0.0,29.78635710539977,50.45179059416344,2050,High,15329.032258065,False
WIND_ONSHORE,SUD,WIND_ONSHORE__Y024__X079,110,24,79,40.2,17.7,0.0694755873195492,850.881449939397,3.0,177.34646542154775,0.2646463799900768,0.2648743445139701,0.01,133.90002448197671,2019,0.0,177.34646542154775,51.252974658687485,2050,High,15329.032258065,False
WIND_ONSHORE,SUD,WIND_ONSHORE__Y024__X080,111,24,80,40.2,18.0,0.4109123679773085,850.8814493743637,3.0,1048.9131336911526,0.2539278210359904,0.2541308693360016,0.01,155.01145963230712,2019,0.0,1048.9131336911526,53.41641633360965,2050,High,15329.032258065,False
WIND_ONSHORE,SUD,WIND_ONSHORE__Y024__X081,112,24,81,40.2,18.3,0.4811975751040783,850.8814487878468,3.0,1228.3262695732706,0.2752005606672815,0.2753999079912186,0.01,177.27724955051443,2019,0.0,1228.3262695732706,49.28737853678869,2050,High,15329.032258065,False
WIND_ONSHORE,SUD,WIND_ONSHORE__Y024__X082,113,24,82,40.2,18.6,0.0567572683768894,850.8814481797785,3.0,144.88112013376806,0.3330469084296627,0.333222392721349,0.01,200.31196159591352,2019,0.0,144.88112013376806,40.72673807752638,2050,High,15329.032258065,False
WIND_ONSHORE,SUD,WIND_ONSHORE__Y025__X077,130,25,77,40.5,17.1,0.2362346972704946,847.1636196381371,3.0,600.3883236713754,0.2057502204374598,0.205994772141451,0.01,73.42721871829075,2019,0.0,600.3883236713754,65.92417825023762,2050,High,15329.032258065,False
WIND_ONSHORE,SUD,WIND_ONSHORE__Y025__X078,131,25,78,40.5,17.4,0.5730682348064301,847.1636191204628,3.0,1456.4476794047716,0.2215547693938289,0.2218167820207389,0.01,94.27670552348528,2019,0.0,1456.4476794047716,61.22149500214092,2050,High,15329.032258065,False
WIND_ONSHORE,SUD,WIND_ONSHORE__Y025__X079,132,25,79,40.5,17.7,0.8124176789322952,847.1636185813763,3.0,2064.752102051298,0.2341457647496416,0.2343500241054928,0.01,116.95744474189472,2019,0.0,2064.752102051298,57.92935960916434,2050,High,15329.032258065,False
WIND_ONSHORE,SUD,WIND_ONSHORE__Y025__X080,133,25,80,40.5,18.0,0.5544732164046023,847.1636180209601,3.0,1409.188608315125,0.2439079661993916,0.2440995303283767,0.01,140.58489718327348,2019,0.0,1409.188608315125,55.61078803000824,2050,High,15329.032258065,False
WIND_ONSHORE,SUD,WIND_ONSHORE__Y025__X081,134,25,81,40.5,18.3,0.087589920184238,847.1636174391907,3.0,222.6089809034673,0.2921816734237252,0.2923870906604759,0.01,164.75130288635967,2019,0.0,222.6089809034673,46.42287809569166,2050,High,15329.032258065,False
WIND_ONSHORE,SUD,WIND_ONSHORE__Y026__X077,151,26,77,40.8,17.1,0.4867706947634854,843.4221404817944,3.0,1231.659543903687,0.2118240732030891,0.2120522309077193,0.01,57.89691400644244,2019,0.0,1231.659543903687,64.03386547165583,2050,High,15329.032258065,False
WIND_ONSHORE,SUD,WIND_ONSHORE__Y026__X078,152,26,78,40.8,17.4,0.4820688201249236,843.4221399684062,3.0,1219.7625476454232,0.2535154453849145,0.2537241771160003,0.01,82.73464011179873,2019,0.0,1219.7625476454232,53.50330504143677,2050,High,15329.032258065,False
WIND_ONSHORE,SUD,WIND_ONSHORE__Y026__X079,153,26,79,40.8,17.7,0.2455444163882948,843.4221394338122,3.0,621.2927909887273,0.2922075706132208,0.2924015842891739,0.01,107.82777529044986,2019,0.0,621.2927909887273,46.41876382148427,2050,High,15329.032258065,False
WIND_ONSHORE,SUD,WIND_ONSHORE__Y026__X080,154,26,80,40.8,18.0,0.0085780805665097,843.4221388780715,3.0,21.70482917662233,0.3180429040565893,0.3182332580772055,0.01,133.03081130078175,2019,0.0,21.70482917662233,42.64806425214681,2050,High,15329.032258065,False
WIND_ONSHORE,SUD,WIND_ONSHORE__Y027__X075,171,27,75,41.1,16.5,0.6276720103149194,839.657106081958,3.0,1581.0877912490105,0.1894493493132167,0.1897186713830818,0.01,19.64530182314011,2019,0.0,23.320609381360555,71.59652042256191,2050,High,15329.032258065,True
WIND_ONSHORE,SUD,WIND_ONSHORE__Y027__X076,172,27,76,41.1,16.8,0.2998938729969861,839.6571056149154,3.0,755.4240641768893,0.2194592474543639,0.2196976417865242,0.01,36.16320693631084,2019,0.0,755.4240641768893,61.80607271956208,2050,High,15329.032258065,False
WIND_ONSHORE,SUD,WIND_ONSHORE__Y027__X077,173,27,77,41.1,17.1,0.1930123431081582,839.6571051268537,3.0,486.1925558038415,0.2623026216404801,0.2625280912087592,0.01,59.273297342850086,2019,0.0,486.1925558038415,51.71093648364634,2050,High,15329.032258065,False
WIND_ONSHORE,SUD,WIND_ONSHORE__Y027__X078,174,27,78,41.1,17.4,0.0024996755151606,839.6571046178339,3.0,6.296610916631668,0.2932572134292268,0.293454583169278,0.01,83.68009310732951,2019,0.0,6.296610916631668,46.25261915481656,2050,High,15329.032258065,False
WIND_ONSHORE,SUD,WIND_ONSHORE__Y028__X075,189,28,75,41.4,16.5,0.012711855907281,835.8686068606274,3.0,31.87632386349611,0.2430215171786533,0.2432649655083892,0.01,52.360742820326,2019,0.0,31.87632386349611,55.81363479503542,2050,High,15329.032258065,False
WIND_ONSHORE,SUD,WIND_ONSHORE__Y029__X074,203,29,74,41.7,16.2,0.022128311646785,832.0567373109653,3.0,55.23603237307263,0.2551909737606678,0.2553958768969405,0.01,87.40549274975015,2019,0.0,55.23603237307263,53.15201398880892,2050,High,15329.032258065,False
WIND_ONSHORE,SUD,WIND_ONSHORE__Y030__X070,215,30,70,42.0,15.0,0.3040565215024118,828.2215919265585,3.0,755.4785288231382,0.2003962334375775,0.2006814054382414,0.01,168.42415625404556,2019,0.0,755.4785288231382,67.68547479396553,2050,High,15329.032258065,False
WIND_ONSHORE,SUD,WIND_ONSHORE__Y030__X071,216,30,71,42.0,15.3,0.1098799712468913,828.2215915742116,3.0,273.0148940046869,0.252836053655586,0.2530687497608137,0.01,151.56880871409484,2019,0.0,273.0148940046869,53.64707291951958,2050,High,15329.032258065,False
WIND_ONSHORE,SUD,WIND_ONSHORE__Y030__X072,217,30,72,42.0,15.6,0.0913880592100069,828.2215912013794,3.0,227.06869144715347,0.2563051087960115,0.2565422025808692,0.01,137.2836673260877,2019,0.0,227.06869144715347,52.92096701022084,2050,High,15329.032258065,False
WIND_ONSHORE,SUD,WIND_ONSHORE__Y030__X073,218,30,73,42.0,15.9,0.0725628217313713,828.2215908080815,3.0,180.2942869436389,0.2678268158705297,0.2680111957364023,0.01,126.44262648882324,2019,0.0,180.2942869436389,50.64434703096244,2050,High,15329.032258065,False
WIND_ONSHORE,SUD,WIND_ONSHORE__Y030__X074,219,30,74,42.0,16.2,0.0229027913138927,828.2215903943181,3.0,56.90575873938434,0.3270647022986662,0.3272225266483882,0.01,119.98253157749772,2019,0.0,56.90575873938434,41.47165411557804,2050,High,15329.032258065,False
WIND_OFFSHORE,CALA,WIND_OFFSHORE__Y016__X073,27,16,73,37.8,15.9,0.0078161560264991,879.7620399761713,2.0,13.752714741289855,0.1961928184827935,0.1962763683043833,0.01,13.981212107138315,2019,79836.63747862147,13.752714741289855,160.4402567487512,2050,Slow,473.684210526,False
WIND_OFFSHORE,CALA,WIND_OFFSHORE__Y016__X074,28,16,74,37.8,16.2,0.0035560789714497,879.7620395142088,2.0,6.257006577192503,0.2151407749711125,0.2152249706147899,0.01,18.22866454376388,2019,81827.81276265369,6.257006577192503,147.3664361788839,2050,Slow,473.684210526,False
WIND_OFFSHORE,CALA,WIND_OFFSHORE__Y018__X072,44,18,72,38.4,15.6,0.0004505162182443,872.6868034006367,2.0,0.7863191167595458,0.208860110103542,0.2089277153759494,0.01,18.24361309319147,2019,81834.82053557085,0.7863191167595458,151.8017454008596,2050,Slow,473.684210526,False
WIND_OFFSHORE,CALA,WIND_OFFSHORE__Y019__X076,52,19,76,38.7,16.8,0.0109607533370878,869.1127383244511,2.0,19.052260693790643,0.1923993330031448,0.1924747191531693,0.01,19.24704088384188,2019,82305.22029774959,19.052260693790643,165.06828462239372,2050,Slow,473.684210526,False
WIND_OFFSHORE,CALA,WIND_OFFSHORE__Y020__X077,62,20,77,39.0,17.1,0.105624773342556,865.5144930061093,2.0,182.83954429693517,0.2574446375785501,0.2575212530465449,0.01,0.0,2019,73282.34536966428,182.83954429693517,119.36166003268008,2050,Slow,473.684210526,False
WIND_OFFSHORE,CALA,WIND_OFFSHORE__Y021__X077,71,21,77,39.3,17.1,0.0773550490573479,861.8921537088293,2.0,133.3434196645795,0.2257659865760744,0.2258391936685872,0.01,0.0,2019,73282.34536966428,133.3434196645795,136.1100481694258,2050,Slow,473.684210526,False
WIND_OFFSHORE,CALA,WIND_OFFSHORE__Y022__X077,80,22,77,39.6,17.1,0.044530730493222,858.2458077562425,2.0,76.43662552426174,0.2329199304299833,0.2329977163716542,0.01,14.556570200272306,2019,80106.36123223846,76.43662552426174,135.2740252597017,2050,Slow,473.684210526,False
WIND_OFFSHORE,CALA,WIND_OFFSHORE__Y023__X076,92,23,76,39.9,16.8,0.0668635267099003,854.5755442454694,2.0,114.2798694565692,0.1852830365875545,0.1853749098739889,0.01,16.113811142231462,2019,80836.38463360126,41.21631991119107,170.50321032636452,2050,Slow,473.684210526,True
WIND_ONSHORE,CALA,WIND_ONSHORE__Y016__X073,32,16,73,37.8,15.9,0.0253038192331129,879.7620399761713,3.0,66.78401888313523,0.1706221916880884,0.1709662277696028,0.01,151.09664798262264,2019,0.0,66.78401888313523,79.49677631583087,2050,Slow,2787.096774194,False
WIND_ONSHORE,CALA,WIND_ONSHORE__Y016__X074,33,16,74,37.8,16.2,0.004054685177066,879.7620395142088,3.0,10.701474302891013,0.200859409593097,0.2011372917651287,0.01,141.44547422338604,2019,0.0,10.701474302891013,67.5293939906659,2050,Slow,2787.096774194,False
WIND_ONSHORE,CALA,WIND_ONSHORE__Y018__X073,48,18,73,38.4,15.9,0.3761470144520128,872.6868029674325,3.0,984.7756064636152,0.1407382256036881,0.1410907491910734,0.01,95.72247530510032,2019,0.0,762.815272026432,96.37690221660245,2050,Slow,2787.096774194,True
WIND_ONSHORE,CALA,WIND_ONSHORE__Y019__X073,51,19,73,38.7,15.9,0.148933145044817,869.1127397493641,3.0,388.3190811881712,0.155978731737765,0.1562894210974982,0.01,74.91087115139673,2019,0.0,388.3190811881712,86.96002369059359,2050,Slow,2787.096774194,False
WIND_ONSHORE,CALA,WIND_ONSHORE__Y019__X076,54,19,76,38.7,16.8,0.0021330271816099,869.1127383244511,3.0,5.561523284188551,0.1621907878687974,0.1625198600546054,0.01,38.55540076637103,2019,0.0,5.561523284188551,83.6293749193522,2050,Slow,2787.096774194,False
WIND_ONSHORE,CALA,WIND_ONSHORE__Y020__X077,63,20,77,39.0,17.1,0.3332849909789659,865.5144930061093,3.0,865.3889699811161,0.2293664515412272,0.2296376818896354,0.01,39.52337200584908,2019,0.0,865.3889699811161,59.13643480117558,2050,Slow,2787.096774194,False
WIND_ONSHORE,CALA,WIND_ONSHORE__Y021__X077,73,21,77,39.3,17.1,0.2487980292349393,861.8921537088293,3.0,643.3112077674424,0.2054092593158225,0.2057076101668654,0.01,49.630090518118266,2019,0.0,643.3112077674424,66.0336065293429,2050,Slow,2787.096774194,False
WIND_ONSHORE,CALA,WIND_ONSHORE__Y022__X077,83,22,77,39.6,17.1,0.0150921860802578,858.2458077562425,3.0,38.85841629977518,0.2170630876490916,0.2173513281213506,0.01,74.55991552835661,2019,0.0,38.85841629977518,62.48835006471698,2050,Slow,2787.096774194,False
WIND_ONSHORE,CALA,WIND_ONSHORE__Y024__X076,108,24,76,40.2,16.8,0.0020985338013779,850.8814515052895,3.0,5.356810460848121,0.1694048142026273,0.1696775792703059,0.01,130.14331845175715,2019,0.0,5.356810460848121,80.06805633587727,2050,Slow,2787.096774194,False
WIND_OFFSHORE,CNOR,WIND_OFFSHORE__Y031__X056,178,31,56,42.3,10.8,0.0050207350457633,824.3632654171671,2.0,8.277819074239714,0.3074193767013323,0.3074781443595306,0.01,26.64729695893163,2019,85774.40734859614,8.277819074239714,104.59670475361054,2050,Slow,631.578947368,False
WIND_OFFSHORE,CNOR,WIND_OFFSHORE__Y032__X054,186,32,54,42.6,10.2,0.0189881085301488,820.481849206131,2.0,31.158796799486492,0.2753661770631795,0.2754351136911493,0.01,44.13126747431367,2019,93970.7675142287,31.158796799486492,120.16984687967091,2050,Slow,631.578947368,False
WIND_OFFSHORE,CNOR,WIND_OFFSHORE__Y032__X055,187,32,55,42.6,10.5,0.0216956570035669,820.4818491826162,2.0,35.6017855550367,0.2821185373521645,0.2821876615970491,0.01,29.444590158713915,2019,87085.75836775504,35.6017855550367,114.50772320207194,2050,Slow,631.578947368,False
WIND_OFFSHORE,CNOR,WIND_OFFSHORE__Y032__X056,188,32,56,42.6,10.8,0.0588453494372888,820.4818491389336,2.0,96.56308223906689,0.2689364977223236,0.268993392483612,0.01,18.530007821195337,2019,81969.08033303465,96.56308223906689,117.94849709087308,2050,Slow,631.578947368,False
WIND_OFFSHORE,CNOR,WIND_OFFSHORE__Y033__X053,192,33,53,42.9,9.9,9.803890019309173e-05,816.5774420355704,2.0,0.1601127086793108,0.2720017055967736,0.2720632736063669,0.01,48.39492305468573,2019,95969.53871601,0.1601127086793108,122.4951199807171,2050,Slow,631.578947368,False
WIND_OFFSHORE,CNOR,WIND_OFFSHORE__Y033__X054,193,33,54,42.9,10.2,0.0444787005214267,816.577442032212,2.0,72.64060699340698,0.2783820708490838,0.2784480661150427,0.01,24.293856080426664,2019,84671.13111899035,72.64060699340698,115.05449653279815,2050,Slow,631.578947368,False
WIND_OFFSHORE,CNOR,WIND_OFFSHORE__Y033__X055,194,33,55,42.9,10.5,0.1987620912019136,816.5774420089228,2.0,324.6092800040058,0.2754448686907617,0.275510710036496,0.01,3.0858743780809648,2019,74728.98117852685,324.6092800040058,112.1609581213254,2050,Slow,631.578947368,False
WIND_OFFSHORE,CNOR,WIND_OFFSHORE__Y034__X054,198,34,54,43.2,10.2,0.0450926680427831,812.6501408076139,2.0,73.28912606871748,0.2577441919571245,0.2578050456575775,0.01,25.13664705268592,2019,85066.2254911127,62.56746399407805,124.44203246259312,2050,Slow,631.578947368,True
WIND_ONSHORE,CNOR,WIND_ONSHORE__Y031__X057,220,31,57,42.3,11.1,0.0003021885523783,824.3632653527178,3.0,0.7473394253724039,0.274083685571821,0.2743126553113262,0.01,124.3420735494455,2019,0.0,0.7473394253724039,49.48822174091237,2050,Slow,337.829912023,False
WIND_ONSHORE,CNOR,WIND_ONSHORE__Y031__X058,221,31,58,42.3,11.4,0.0858854819837965,824.3632652678933,3.0,212.402509101808,0.2547693195696121,0.2550261553273103,0.01,124.88772692208336,2019,0.0,117.61158185498454,53.239982860018735,2050,Slow,337.829912023,True
WIND_ONSHORE,CNOR,WIND_ONSHORE__Y033__X055,245,33,55,42.9,10.5,0.0895897843249691,816.5774420089228,3.0,219.4709907426431,0.2605483836717361,0.2608016979897981,0.01,81.93103186781457,2019,0.0,219.4709907426431,52.05909941177723,2050,Slow,337.829912023,False
WIND_OFFSHORE,CSUD,WIND_OFFSHORE__Y028__X061,153,28,61,41.4,12.3,0.0060193248919169,835.8686111522286,2.0,10.062729474961396,0.2654594308816105,0.2655191149118141,0.01,25.90067551392301,2019,85424.39656212793,10.062729474961396,120.97930785310608,2050,Slow,1263.157894737,False
WIND_OFFSHORE,CSUD,WIND_OFFSHORE__Y029__X060,162,29,60,41.7,12.0,0.0636388159078724,832.0567412748568,2.0,105.90221156578968,0.2808630421698318,0.28092254752163,0.01,19.430454927151565,2019,82391.20348772801,105.90221156578968,113.11151174798508,2050,Slow,1263.157894737,False
WIND_OFFSHORE,CSUD,WIND_OFFSHORE__Y030__X059,168,30,59,42.0,11.7,0.0457948059536192,828.221594448887,2.0,75.85649440876774,0.3001794107782316,0.3002417203192451,0.01,11.37682262262043,2019,78615.71833969277,75.85649440876774,104.3970729287112,2050,Slow,1263.157894737,False
WIND_OFFSHORE,CSUD,WIND_OFFSHORE__Y030__X060,169,30,60,42.0,12.0,0.2449499616898098,828.2215943222219,2.0,405.7456955998029,0.2601213258152697,0.2601803862615287,0.01,0.0,2019,73282.34536966428,405.7456955998029,118.1334102906666,2050,Slow,1263.157894737,False
WIND_OFFSHORE,CSUD,WIND_OFFSHORE__Y031__X056,178,31,56,42.3,10.8,0.0092690493152553,824.3632654171671,2.0,15.282127521673264,0.3074193767013323,0.3074781443595306,0.01,54.43350591598605,2019,98800.38311589556,15.282127521673264,109.43369177451812,2050,Slow,1263.157894737,False
WIND_OFFSHORE,CSUD,WIND_OFFSHORE__Y031__X057,179,31,57,42.3,11.1,0.0716178031364245,824.3632653527178,2.0,118.07817210186204,0.2987745420890588,0.2988318670046875,0.01,30.19540572118705,2019,87437.7353264543,118.07817210186204,108.25865944686149,2050,Slow,1263.157894737,False
WIND_OFFSHORE,CSUD,WIND_OFFSHORE__Y031__X058,180,31,58,42.3,11.4,0.2239080156486583,824.3632652678933,2.0,369.16308579956507,0.2793039801828914,0.2793577385242677,0.01,9.543901611434338,2019,77756.45809616745,369.16308579956507,111.84861293190616,2050,Slow,1263.157894737,False
WIND_OFFSHORE,CSUD,WIND_OFFSHORE__Y031__X059,181,31,59,42.3,11.7,0.1133439298946595,824.3632651627398,2.0,186.87314426867653,0.2511153089964345,0.2511615016315742,0.01,0.0,2019,73282.34536966428,159.8734558075267,122.3701550920726,2050,Slow,1263.157894737,True
WIND_OFFSHORE,CSUD,WIND_OFFSHORE__Y031__X070,185,31,70,42.3,15.0,0.001937205720892,824.3632626638059,2.0,3.19392245705114,0.27445598725165,0.2745174705560993,0.01,27.48473414732354,2019,86166.99190518276,3.19392245705114,117.32252479336684,2050,Slow,1263.157894737,False
WIND_ONSHORE,CSUD,WIND_ONSHORE__Y025__X068,121,25,68,40.5,14.4,0.020220910594504,847.1636233354916,3.0,51.391259659149256,0.223872111348619,0.2241286217938803,0.01,176.5397082832729,2019,0.0,51.391259659149256,60.5877798955616,2050,Slow,5743.108504399,False
WIND_ONSHORE,CSUD,WIND_ONSHORE__Y025__X069,122,25,69,40.5,14.7,0.003142043861354,847.1636230102939,3.0,7.985475783725775,0.1854517828971693,0.1857179503655955,0.01,192.1668860688357,2019,0.0,7.985475783725775,73.13984257927467,2050,Slow,5743.108504399,False
WIND_ONSHORE,CSUD,WIND_ONSHORE__Y026__X067,141,26,67,40.8,14.1,0.0133579884438631,843.4221444498029,3.0,33.79926977657613,0.1551209523845851,0.1554010592512461,0.01,134.86193901838186,2019,0.0,33.79926977657613,87.44089047052982,2050,Slow,5743.108504399,False
WIND_ONSHORE,CSUD,WIND_ONSHORE__Y027__X063,159,27,63,41.1,12.9,2.3480755870067243e-05,839.6571100454173,3.0,0.0591473508466278,0.1786661775441612,0.1789715860659926,0.01,81.92960541540928,2019,0.0,0.0591473508466278,75.9176380979672,2050,Slow,5743.108504399,False
WIND_ONSHORE,CSUD,WIND_ONSHORE__Y027__X064,160,27,64,41.1,13.2,0.0002425585087743,839.6571098309729,3.0,0.61099792932707,0.1595590791067753,0.159875416670781,0.01,78.16361896164983,2019,0.0,0.61099792932707,85.0087270688492,2050,Slow,5743.108504399,False
WIND_ONSHORE,CSUD,WIND_ONSHORE__Y028__X062,176,28,62,41.4,12.6,0.0658255270043361,835.868610981437,3.0,165.06447547270645,0.1686002434692591,0.1689252752359835,0.01,66.88484443296116,2019,0.0,165.06447547270645,80.45014602614076,2050,Slow,5743.108504399,False
WIND_ONSHORE,CSUD,WIND_ONSHORE__Y028__X070,184,28,70,41.4,15.0,0.3864014943846265,835.8686088629254,3.0,968.9426387215,0.1436991982364715,0.144003170759266,0.01,157.81004781347906,2019,0.0,968.9426387215,94.39102217413904,2050,Slow,5743.108504399,False
WIND_ONSHORE,CSUD,WIND_ONSHORE__Y028__X071,185,28,71,41.4,15.3,0.021991991738095,835.8686085041835,3.0,55.14724659707092,0.1534765105778938,0.1537496369681128,0.01,182.00056524474925,2019,0.0,55.14724659707092,88.37778599521069,2050,Slow,5743.108504399,False
WIND_ONSHORE,CSUD,WIND_ONSHORE__Y029__X061,190,29,61,41.7,12.3,0.0280124187700522,832.0567411262899,3.0,69.92376561862366,0.2065233489375367,0.2067952648037626,0.01,75.2607655484916,2019,0.0,69.92376561862366,65.67738842568937,2050,Slow,5743.108504399,False
WIND_ONSHORE,CSUD,WIND_ONSHORE__Y030__X059,204,30,59,42.0,11.7,0.0168557056740367,828.221594448887,3.0,41.88077828673549,0.2885397531482051,0.2887636946088485,0.01,125.87072007745395,2019,0.0,41.88077828673549,47.00882307949378,2050,Slow,5743.108504399,False
WIND_ONSHORE,CSUD,WIND_ONSHORE__Y030__X060,205,30,60,42.0,12.0,0.0726811181115162,828.2215943222219,3.0,180.58821455832503,0.2299379856991411,0.2301818552525416,0.01,101.33815881486318,2019,0.0,180.58821455832503,58.98944520150874,2050,Slow,5743.108504399,False
WIND_ONSHORE,CSUD,WIND_ONSHORE__Y030__X061,206,30,61,42.0,12.3,0.3912612593461043,828.221594175007,3.0,972.153071863654,0.1430008619402454,0.1432820842264627,0.01,77.09730423250647,2019,0.0,265.8518648142556,94.8519751776925,2050,Slow,5743.108504399,True
WIND_ONSHORE,CSUD,WIND_ONSHORE__Y031__X058,221,31,58,42.3,11.4,0.0595910534752424,824.3632652678933,3.0,147.37402627081346,0.2547693195696121,0.2550261553273103,0.01,158.30574857495324,2019,0.0,147.37402627081346,53.239982860018735,2050,Slow,5743.108504399,False
WIND_ONSHORE,CSUD,WIND_ONSHORE__Y031__X059,222,31,59,42.3,11.7,0.5813562164469132,824.3632651627398,3.0,1437.7461264385015,0.2221503993749939,0.2224259303428076,0.01,135.18195044863907,2019,0.0,1437.7461264385015,61.057347838698455,2050,Slow,5743.108504399,False
WIND_ONSHORE,CSUD,WIND_ONSHORE__Y031__X060,223,31,60,42.3,12.0,0.515876016375926,824.3632650372388,3.0,1275.807711642187,0.1698228341590154,0.170113685006355,0.01,112.8293005417882,2019,0.0,1275.807711642187,79.87096832010275,2050,Slow,5743.108504399,False
WIND_ONSHORE,CSUD,WIND_ONSHORE__Y031__X069,232,31,69,42.3,14.7,0.0483561508541471,824.3632629925783,3.0,119.58910291165836,0.1696517186406592,0.1699605008148667,0.01,136.98040663051643,2019,0.0,119.58910291165836,79.95152843617593,2050,Slow,5743.108504399,False
WIND_ONSHORE,CSUD,WIND_ONSHORE__Y032__X059,236,32,59,42.6,11.7,0.3743111050402501,820.4818488869251,3.0,921.3464025669977,0.1578594274099606,0.158166465761559,0.01,151.36865469662047,2019,0.0,921.3464025669977,85.92400485477076,2050,Slow,5743.108504399,False
WIND_OFFSHORE,NORD,WIND_OFFSHORE__Y036__X047,209,36,47,43.8,8.1,0.0438813665169988,804.7272469536192,2.0,70.62506253957443,0.2272770755359738,0.2273494271277396,0.01,10.31233191504596,2019,78116.69271936396,70.62506253957443,137.6332627033768,2050,Slow,1184.210526316,False
WIND_OFFSHORE,NORD,WIND_OFFSHORE__Y038__X063,233,38,63,44.4,12.9,0.0269501503387669,796.7139576807909,2.0,42.94312187298259,0.2403554455542487,0.240416884141666,0.01,44.35339499220991,2019,94074.8993038456,42.94312187298259,137.72352212692786,2050,Slow,1184.210526316,False
WIND_OFFSHORE,NORD,WIND_OFFSHORE__Y039__X062,235,39,62,44.7,12.6,0.5259088225416756,792.6736653175541,2.0,833.7481479738982,0.2226679479521795,0.2227337950628786,0.01,18.665551606938827,2019,82032.62228909032,804.7692684106842,142.48979100483996,2050,Slow,1184.210526316,True
WIND_OFFSHORE,NORD,WIND_OFFSHORE__Y039__X063,236,39,63,44.7,12.9,0.0162364450061594,792.673665145879,2.0,25.7404047439438,0.2384860231028838,0.2385581670361539,0.01,40.50047429533503,2019,92268.67767395765,25.7404047439438,137.93851904750565,2050,Slow,1184.210526316,False
WIND_OFFSHORE,NORD,WIND_OFFSHORE__Y040__X063,239,40,63,45.0,12.9,0.152250378066419,788.6110753828711,2.0,240.1326687488149,0.2282285820248278,0.2283127000437573,0.01,32.20794911616384,2019,88381.20125712962,240.1326687488149,142.19355308504169,2050,Slow,1184.210526316,False
WIND_ONSHORE,NORD,WIND_ONSHORE__Y036__X047,285,36,47,43.8,8.1,0.0511255817668674,804.7272469536192,3.0,123.42644599246016,0.2104053743857136,0.2107040616228808,0.01,218.35183149863923,2019,0.0,123.42644599246016,64.46562615971735,2050,Slow,506.744868035,False
WIND_ONSHORE,NORD,WIND_ONSHORE__Y037__X048,302,37,48,44.1,8.4,0.0593439530573707,800.7318522657397,3.0,142.55578035719884,0.1763260508741286,0.1766347892844832,0.01,177.29605557480423,2019,0.0,142.55578035719884,76.92518569946004,2050,Slow,506.744868035,False
WIND_ONSHORE,NORD,WIND_ONSHORE__Y040__X061,371,40,61,45.0,12.3,0.3564710737952849,788.6110757038293,3.0,843.3511108889963,0.1549873085994683,0.1553046495801732,0.01,210.8952623771692,2019,0.0,129.04767609906256,87.51628975116817,2050,Slow,506.744868035,True
WIND_ONSHORE,NORD,WIND_ONSHORE__Y042__X065,413,42,65,45.6,13.5,0.0477157810865342,780.4194129099508,3.0,111.71496558627844,0.1561551631731881,0.1564569785440785,0.01,299.50537535675267,2019,0.0,111.71496558627844,86.86177217272899,2050,Slow,506.744868035,False
WIND_OFFSHORE,SARD,WIND_OFFSHORE__Y019__X048,48,19,48,38.7,8.4,0.000130387556891,869.1127437712943,2.0,0.2266429746463847,0.4548776722897579,0.4549160912952922,0.01,28.076670345376392,2019,86444.48735566111,0.2266429746463847,70.85761490471248,2050,Slow,2368.421052632,False
WIND_OFFSHORE,SARD,WIND_OFFSHORE__Y020__X047,53,20,47,39.0,8.1,0.0017384498199977,865.5144987999279,2.0,3.0093070492884384,0.4281085647094566,0.4281486052967257,0.01,32.22783047451212,2019,88390.52149554234,3.0093070492884384,75.80716580583507,2050,Slow,2368.421052632,False
WIND_OFFSHORE,SARD,WIND_OFFSHORE__Y020__X048,54,20,48,39.0,8.4,0.1664640297378745,865.5144989299874,2.0,288.1540625768861,0.3937901807263811,0.3938254831058622,0.01,9.341724050323332,2019,77661.67870341928,288.1540625768861,79.30350916020869,2050,Slow,2368.421052632,False
WIND_OFFSHORE,SARD,WIND_OFFSHORE__Y020__X049,55,20,49,39.0,8.7,0.1001398222102471,865.514499037728,2.0,173.34493610805842,0.3074799218683379,0.3075198114585772,0.01,0.0,2019,73282.34536966428,173.34493610805842,99.93829555168652,2050,Slow,2368.421052632,False
WIND_OFFSHORE,SARD,WIND_OFFSHORE__Y020__X050,56,20,50,39.0,9.0,0.2120659649368044,865.5144991231973,2.0,367.0923348467117,0.3033222194348317,0.3033745955878586,0.01,0.0,2019,73282.34536966428,76.61743732597607,101.30817110973142,2050,Slow,2368.421052632,True
WIND_OFFSHORE,SARD,WIND_OFFSHORE__Y020__X051,57,20,51,39.0,9.3,0.0444916056768071,865.5144991863606,2.0,77.01625961071751,0.3261269517677896,0.3261683240978652,0.01,17.871926069570865,2019,81660.57632074527,77.01625961071751,97.15676117682791,2050,Slow,2368.421052632,False
WIND_OFFSHORE,SARD,WIND_OFFSHORE__Y020__X052,58,20,52,39.0,9.6,0.0009260918475278,865.5144992272551,2.0,1.603091843303022,0.3602254391110434,0.3602704118178788,0.01,12.749632887486207,2019,79259.28196044003,1.603091843303022,87.19905535539286,2050,Slow,2368.421052632,False
WIND_OFFSHORE,SARD,WIND_OFFSHORE__Y021__X047,63,21,47,39.3,8.1,0.0023237310270781,861.8921594601228,2.0,4.005611105865703,0.378618174153176,0.3786680269956324,0.01,24.641870372970164,2019,84834.27772701996,4.005611105865703,84.64393744169864,2050,Slow,2368.421052632,False
WIND_OFFSHORE,SARD,WIND_OFFSHORE__Y021__X053,68,21,53,39.3,9.9,0.0013806201427617,861.8921599027768,2.0,2.379891353700473,0.3216211921987098,0.3216783108859951,0.01,23.137439641401453,2019,84129.01137408629,2.379891353700473,99.39401993734351,2050,Slow,2368.421052632,False
WIND_OFFSHORE,SARD,WIND_OFFSHORE__Y022__X047,72,22,47,39.6,8.1,0.000552659338164,858.2458134643003,2.0,0.9486351265025272,0.3519472448892659,0.352003457447701,0.01,28.511536255681573,2019,86648.34938010696,0.9486351265025272,91.64674342771724,2050,Slow,2368.421052632,False
WIND_OFFSHORE,SARD,WIND_OFFSHORE__Y023__X047,83,23,47,39.9,8.1,0.0349397843272992,854.5755494051614,2.0,59.717370775199136,0.3488460120262052,0.348907747343409,0.01,25.850821985536783,2019,85401.025585048,59.717370775199136,92.05331058497651,2050,Slow,2368.421052632,False
WIND_OFFSHORE,SARD,WIND_OFFSHORE__Y025__X047,110,25,47,40.5,8.1,0.0428663682055148,847.1636252121973,2.0,72.62965577732966,0.3084174178052545,0.3084907405273162,0.01,8.77782108987945,2019,77397.32503397114,72.62965577732966,101.15760019950864,2050,Slow,2368.421052632,False
WIND_OFFSHORE,SARD,WIND_OFFSHORE__Y026__X047,123,26,47,40.8,8.1,0.111574988063199,843.4221460097367,2.0,188.2096317465482,0.3349510248707282,0.3350125575446331,0.01,5.590335602030566,2019,75903.05466454037,188.2096317465482,92.63499655684916,2050,Slow,2368.421052632,False
WIND_OFFSHORE,SARD,WIND_OFFSHORE__Y026__X053,127,26,53,40.8,9.9,0.0753412196677885,843.4221464352942,2.0,127.08890641451843,0.3391541501219975,0.3392000607933229,0.01,15.655162004619656,2019,80621.37320251839,127.08890641451843,93.07510423188631,2050,Slow,2368.421052632,False
WIND_OFFSHORE,SARD,WIND_OFFSHORE__Y027__X047,135,27,47,41.1,8.1,0.0115850886302762,839.6571106079696,2.0,19.455004090869984,0.3566026117736474,0.3566643374200646,0.01,16.700885526894197,2019,81111.60090078037,19.455004090869984,88.67789773611037,2050,Slow,2368.421052632,False
WIND_OFFSHORE,SARD,WIND_OFFSHORE__Y027__X048,136,27,48,41.1,8.4,0.2000307727422072,839.6571107310396,2.0,335.9145213960378,0.343462573006298,0.3435190749138381,0.01,21.38664591441351,2019,83308.25181323606,335.9145213960378,92.80058929533092,2050,Slow,2368.421052632,False
WIND_OFFSHORE,SARD,WIND_OFFSHORE__Y027__X049,137,27,49,41.1,8.7,0.0798219641347719,839.6571108330194,2.0,134.04615957283906,0.3213246197849194,0.3213772300064712,0.01,17.392662774738596,2019,81435.90112038635,134.04615957283906,98.52899081775752,2050,Slow,2368.421052632,False
WIND_OFFSHORE,SARD,WIND_OFFSHORE__Y027__X050,138,27,50,41.1,9.0,0.2261821302913222,839.657110913882,2.0,379.83086812151777,0.310517852165237,0.3105725954918023,0.01,0.0,2019,73282.34536966428,379.83086812151777,98.9605560312052,2050,Slow,2368.421052632,False
WIND_OFFSHORE,SARD,WIND_OFFSHORE__Y027__X051,139,27,51,41.1,9.3,0.0600670527828311,839.6571109736715,2.0,100.87145600867004,0.3233440654323811,0.3233896086035562,0.01,0.0,2019,73282.34536966428,100.87145600867004,95.03504963604657,2050,Slow,2368.421052632,False
WIND_OFFSHORE,SARD,WIND_OFFSHORE__Y027__X052,140,27,52,41.1,9.6,0.1186820485762642,839.6571110123677,2.0,199.304452073151,0.3738689180243235,0.3739204653794817,0.01,2.6547875782351067,2019,74526.89077400015,199.304452073151,82.57196362888881,2050,Slow,2368.421052632,False
WIND_OFFSHORE,SARD,WIND_OFFSHORE__Y028__X050,150,28,50,41.4,9.0,0.0095440624790984,835.8686116507187,2.0,15.955164507823412,0.3453820555440726,0.345429362348888,0.01,22.693840625382016,2019,83921.05533222402,15.955164507823412,92.4873872360442,2050,Slow,2368.421052632,False
WIND_OFFSHORE,SARD,WIND_OFFSHORE__Y028__X051,151,28,51,41.4,9.3,0.062714443651932,835.8686117099651,2.0,104.84206989900647,0.3575376280548374,0.3575770729509584,0.01,16.82560891256568,2019,81170.0703307729,104.84206989900647,88.46465952083538,2050,Slow,2368.421052632,False
WIND_OFFSHORE,SARD,WIND_OFFSHORE__Y028__X052,152,28,52,41.4,9.6,0.001944035897428,835.8686117483287,2.0,3.2499171735441346,0.4054499823290434,0.4054914232737442,0.01,27.754144782270554,2019,86293.28968145358,3.2499171735441346,79.45317135874221,2050,Slow,2368.421052632,False
WIND_ONSHORE,SARD,WIND_ONSHORE__Y020__X048,55,20,48,39.0,8.4,0.0407399246609406,865.5144989299874,3.0,105.78298643807844,0.3654721518851208,0.3656337709496699,0.01,131.9766485027404,2019,0.0,105.78298643807844,37.113400124145,2050,Slow,2956.011730205,False
WIND_ONSHORE,SARD,WIND_ONSHORE__Y020__X051,58,20,51,39.0,9.3,0.0005722159746604,865.5144991863606,3.0,1.4857836682040413,0.2869470505891034,0.2871196937099659,0.01,118.69341510017992,2019,0.0,1.4857836682040413,47.2697460360649,2050,Slow,2956.011730205,False
WIND_ONSHORE,SARD,WIND_ONSHORE__Y020__X052,59,20,52,39.0,9.6,0.0020146338694356,865.5144992272551,3.0,5.231084473892651,0.3224339011232143,0.3226209515102841,0.01,125.16012710204892,2019,0.0,5.231084473892651,42.06727071779433,2050,Slow,2956.011730205,False
WIND_ONSHORE,SARD,WIND_ONSHORE__Y025__X047,114,25,47,40.5,8.1,0.0195027875145006,847.1636252121973,3.0,49.56615651758254,0.2913063865146865,0.2915369494644382,0.01,98.14583129054851,2019,0.0,49.56615651758254,46.5623646959108,2050,Slow,2956.011730205,False
WIND_ONSHORE,SARD,WIND_ONSHORE__Y026__X047,135,26,47,40.8,8.1,0.147889588036879,843.4221460097367,3.0,374.2000611436811,0.3201612425584056,0.3203966060380693,0.01,117.91811280939862,2019,0.0,374.2000611436811,42.36588444858493,2050,Slow,2956.011730205,False
WIND_ONSHORE,SARD,WIND_ONSHORE__Y027__X049,155,27,49,41.1,8.7,1.2657673876108571e-05,839.6571108330194,3.0,0.0318843176300397,0.2930058655900798,0.2932261106245116,0.01,119.5253783816224,2019,0.0,0.0318843176300397,46.29229582086569,2050,Slow,2956.011730205,False
WIND_ONSHORE,SARD,WIND_ONSHORE__Y027__X050,156,27,50,41.1,9.0,0.3790183041929584,839.657110913882,3.0,954.7362428464148,0.2763986952607748,0.2766133645634928,0.01,114.87794497162952,2019,0.0,419.5851064595527,49.07372733560697,2050,Slow,2956.011730205,True
WIND_ONSHORE,SARD,WIND_ONSHORE__Y027__X051,157,27,51,41.1,9.3,0.6950777778528354,839.6571109736715,3.0,1750.8809965617338,0.2896606875606046,0.2898558384248598,0.01,115.80955620547904,2019,0.0,1750.8809965617338,46.82690744599872,2050,Slow,2956.011730205,False
WIND_ONSHORE,SARD,WIND_ONSHORE__Y027__X052,158,27,52,41.1,9.6,0.0976617677155462,839.6571110123677,3.0,246.00719320918927,0.3521381296919689,0.352346036173546,0.01,122.1927460971668,2019,0.0,246.00719320918927,38.518731893674094,2050,Slow,2956.011730205,False
WIND_ONSHORE,SARD,WIND_ONSHORE__Y028__X051,175,28,51,41.4,9.3,0.0012922594811587,835.8686117099651,3.0,3.2404774154555063,0.3348613226964419,0.3350283744873993,0.01,148.70116346322,2019,0.0,3.2404774154555063,40.50606411610196,2050,Slow,2956.011730205,False
WIND_OFFSHORE,SICI,WIND_OFFSHORE__Y012__X068,0,12,68,36.6,14.4,0.0017315776548074,893.6185876104291,2.0,3.0947399564537124,0.3166034726352466,0.316649798806692,0.01,22.310766184221343,2019,83741.47277760698,3.0947399564537124,100.82954352380256,2050,Slow,2368.421052632,False
WIND_OFFSHORE,SICI,WIND_OFFSHORE__Y012__X069,1,12,69,36.6,14.7,0.069302590775291,893.6185872541407,2.0,123.8601665233349,0.3052350031704963,0.3053029563758442,0.01,12.910586704058325,2019,79334.73595697345,123.8601665233349,102.93685569815896,2050,Slow,2368.421052632,False
WIND_OFFSHORE,SICI,WIND_OFFSHORE__Y012__X070,2,12,70,36.6,15.0,0.1098948965891018,893.61858687432,2.0,196.40824438930548,0.3052782586013083,0.3053331538699754,0.01,8.582863137554748,2019,77305.93014211852,196.40824438930548,102.1636220704733,2050,Slow,2368.421052632,False
WIND_OFFSHORE,SICI,WIND_OFFSHORE__Y012__X071,3,12,71,36.6,15.3,0.0064544681392454,893.6185864710498,2.0,11.535665390029898,0.3207018712230735,0.320749935807692,0.01,16.903741775823395,2019,81206.69845751728,11.535665390029898,98.63873167974734,2050,Slow,2368.421052632,False
WIND_OFFSHORE,SICI,WIND_OFFSHORE__Y013__X066,4,13,66,36.9,13.8,0.0250579564776921,890.1914017540676,2.0,44.61275480393846,0.3278304186708636,0.3278807103391496,0.01,23.41231165586025,2019,84257.86940596042,44.61275480393846,97.55633153362228,2050,Slow,2368.421052632,False
WIND_OFFSHORE,SICI,WIND_OFFSHORE__Y013__X067,5,13,67,36.9,14.1,0.1879700034106496,890.1914014465718,2.0,334.6585615320862,0.2799678824866022,0.2800375277014389,0.01,21.71945963963619,2019,83464.272504165,334.6585615320862,113.91070816331046,2050,Slow,2368.421052632,False
WIND_OFFSHORE,SICI,WIND_OFFSHORE__Y014__X064,10,14,64,37.2,13.2,0.0673058094169073,886.739527313267,2.0,119.36544325557044,0.3397652735765682,0.3398254468996949,0.01,21.172961634622222,2019,83208.07815317628,119.36544325557044,93.77678151493862,2050,Slow,2368.421052632,False
WIND_OFFSHORE,SICI,WIND_OFFSHORE__Y014__X065,11,14,65,37.2,13.5,0.2330021854979692,886.7395270540454,2.0,413.2244955420565,0.2651890707269882,0.2652517071329697,0.01,9.684479786487396,2019,77822.36013787752,73.91654599107397,117.83021731732,2050,Slow,2368.421052632,True
WIND_OFFSHORE,SICI,WIND_OFFSHORE__Y015__X061,17,15,61,37.5,12.3,0.0170083551927616,883.2630470948031,2.0,30.04570326725875,0.4313739150355354,0.4314131111688311,0.01,26.3413826044999,2019,85630.99689005336,30.04570326725875,74.50307402293777,2050,Slow,2368.421052632,False
WIND_OFFSHORE,SICI,WIND_OFFSHORE__Y015__X062,18,15,62,37.5,12.6,0.2025592419202363,883.2630469064355,2.0,357.8261863950515,0.3910737657053747,0.3911129979330638,0.01,9.223819498479386,2019,77606.40589389182,357.8261863950515,79.83822046121153,2050,Slow,2368.421052632,False
WIND_OFFSHORE,SICI,WIND_OFFSHORE__Y015__X063,19,15,63,37.5,12.9,0.2202269839809366,883.2630466949906,2.0,389.036713670902,0.3277023262093254,0.3277483904486402,0.01,8.160987715006987,2019,77108.15796530161,389.036713670902,95.1038592434503,2050,Slow,2368.421052632,False
WIND_OFFSHORE,SICI,WIND_OFFSHORE__Y016__X061,23,16,61,37.8,12.3,0.2100846525689911,879.762043733812,2.0,369.64900660240687,0.3987700788138488,0.3988135562600307,0.01,11.124654458200157,2019,78497.50371012242,369.64900660240687,78.55242577667924,2050,Slow,2368.421052632,False
WIND_OFFSHORE,SICI,WIND_OFFSHORE__Y016__X062,24,16,62,37.8,12.6,0.066693969642532,879.7620435466742,2.0,117.34964604990778,0.3019700866719449,0.3020232120387614,0.01,0.0,2019,73282.34536966428,117.34964604990778,101.76179914559184,2050,Slow,2368.421052632,False
WIND_OFFSHORE,SICI,WIND_OFFSHORE__Y017__X061,29,17,61,38.1,12.3,0.0220845682531631,876.236601975738,2.0,38.7026140845058,0.3742601906881601,0.3743102671649788,0.01,20.41624687536184,2019,82853.33569327042,38.7026140845058,85.0253350575198,2050,Slow,2368.421052632,False
WIND_OFFSHORE,SICI,WIND_OFFSHORE__Y017__X062,30,17,62,38.1,12.6,0.0903631852382698,876.2366017898362,2.0,158.3590607201741,0.2890658830286087,0.2891179421467933,0.01,3.4894109733289604,2019,74918.15624443971,158.3590607201741,106.95055184377392,2050,Slow,2368.421052632,False
WIND_ONSHORE,SICI,WIND_ONSHORE__Y012__X069,0,12,69,36.6,14.7,0.0130266706690286,893.6185872541407,3.0,34.922625119647066,0.2890684467799748,0.289317610094658,0.01,108.42081517929716,2019,0.0,34.922625119647066,46.92284598418655,2050,Slow,5320.82111437,False
WIND_ONSHORE,SICI,WIND_ONSHORE__Y012__X070,1,12,70,36.6,15.0,0.0764344488315716,893.61858687432,3.0,204.9097324601597,0.285720652976637,0.2859806662175482,0.01,123.10773117333892,2019,0.0,204.9097324601597,47.47264177733027,2050,Slow,5320.82111437,False
WIND_ONSHORE,SICI,WIND_ONSHORE__Y013__X068,2,13,68,36.9,14.4,0.2718758324600055,890.1914011157479,3.0,726.064584681248,0.2182949964041721,0.2185398351344759,0.01,67.36560243455756,2019,0.0,726.064584681248,62.135708241481005,2050,Slow,5320.82111437,False
WIND_ONSHORE,SICI,WIND_ONSHORE__Y013__X071,5,13,71,36.9,15.3,0.0566688105811484,890.1913999832144,3.0,151.33826347984848,0.2151592401737688,0.2154421554500345,0.01,121.3777023849833,2019,0.0,151.33826347984848,63.04128140715767,2050,Slow,5320.82111437,False
WIND_ONSHORE,SICI,WIND_ONSHORE__Y014__X065,6,14,65,37.2,13.5,0.0747704263327217,886.7395270540454,3.0,198.90567745172103,0.2324874761683835,0.2327159262453928,0.01,64.66238569278504,2019,0.0,198.90567745172103,58.34255862161306,2050,Slow,5320.82111437,False
WIND_ONSHORE,SICI,WIND_ONSHORE__Y015__X062,13,15,62,37.5,12.6,0.0568954975838636,883.2630469064355,3.0,150.76107165354338,0.3776985233593967,0.3778775244168545,0.01,137.08117502238784,2019,0.0,150.76107165354338,35.912012804556625,2050,Slow,5320.82111437,False
WIND_ONSHORE,SICI,WIND_ONSHORE__Y015__X063,14,15,63,37.5,12.9,0.2282638389035983,883.2630466949906,3.0,604.8510414008604,0.3109846933208215,0.3111782584196959,0.01,110.35182461166195,2019,0.0,604.8510414008604,43.61601872524261,2050,Slow,5320.82111437,False
WIND_ONSHORE,SICI,WIND_ONSHORE__Y015__X064,15,15,64,37.5,13.2,0.4135422732568354,883.2630464605031,3.0,1095.7998243511029,0.184574563699097,0.184844409358789,0.01,83.62687727108643,2019,0.0,1095.7998243511029,73.48745100791558,2050,Slow,5320.82111437,False
WIND_ONSHORE,SICI,WIND_ONSHORE__Y016__X062,22,16,62,37.8,12.6,0.6101331044906985,879.7620435466742,3.0,1610.3158405266404,0.2608530254687493,0.2610467729740721,0.01,141.22384238824506,2019,0.0,1610.3158405266404,51.99830127624787,2050,Slow,5320.82111437,False
WIND_ONSHORE,SICI,WIND_ONSHORE__Y016__X063,23,16,63,37.8,12.9,0.8344564318201811,879.7620433365959,3.0,2202.369286600462,0.1797054697762444,0.1799979709239741,0.01,115.61011144809324,2019,0.0,209.3058255470303,75.47858295038841,2050,Slow,5320.82111437,True
WIND_ONSHORE,SICI,WIND_ONSHORE__Y017__X062,34,17,62,38.1,12.6,0.1266455577537578,876.2366017898362,3.0,332.9144194737936,0.255931351114795,0.2561751717278179,0.01,152.59129382680973,2019,0.0,332.9144194737936,52.998251867395695,2050,Slow,5320.82111437,False
WIND_ONSHORE,SICI,WIND_ONSHORE__Y018__X071,47,18,71,38.4,15.3,0.0002796758322329,872.6868038112628,3.0,0.7322082244038324,0.1816655646196543,0.1819740593366308,0.01,145.29087919614904,2019,0.0,0.7322082244038324,74.66420086571162,2050,Slow,5320.82111437,False
WIND_OFFSHORE,SUD,WIND_OFFSHORE__Y022__X080,81,22,80,39.6,18.0,0.000548210467995,858.2458060998702,2.0,0.9409986700336826,0.3581937990786686,0.3582440320723716,0.01,31.765254942068538,2019,88173.66939868133,0.9409986700336826,90.53462741583608,2050,Slow,3710.526315789,False
WIND_OFFSHORE,SUD,WIND_OFFSHORE__Y022__X081,82,22,81,39.6,18.3,0.0005584861306736,858.2458055040064,2.0,0.9586367581656946,0.3481473365996433,0.3482038134013035,0.01,21.55293765929784,2019,83386.20819233452,0.9586367581656946,91.57740115809868,2050,Slow,3710.526315789,False
WIND_OFFSHORE,SUD,WIND_OFFSHORE__Y023__X080,93,23,80,39.9,18.0,0.0988149135592229,854.5755420975499,2.0,168.88961664439103,0.3421244684856889,0.3421759745519233,0.01,5.256479081547404,2019,75746.54511866134,168.88961664439103,90.64046423325114,2050,Slow,3710.526315789,False
WIND_OFFSHORE,SUD,WIND_OFFSHORE__Y023__X081,94,23,81,39.9,18.3,0.1269370063602993,854.5755415063121,2.0,216.95452189508603,0.3314084544090859,0.3314760921818584,0.01,0.0,2019,73282.34536966428,216.95452189508603,92.72249666255033,2050,Slow,3710.526315789,False
WIND_OFFSHORE,SUD,WIND_OFFSHORE__Y023__X082,95,23,82,39.9,18.6,0.0098896213805004,854.5755408933657,2.0,16.902857080943456,0.3645448967941283,0.3645850267465133,0.01,17.40816319109847,2019,81443.16760456916,16.902857080943456,86.84971398053739,2050,Slow,3710.526315789,False
WIND_OFFSHORE,SUD,WIND_OFFSHORE__Y024__X078,105,24,78,40.2,17.4,0.0540531912858214,850.8814504828965,2.0,91.98571560901838,0.2948479223225652,0.2949052803863126,0.01,13.903683797383204,2019,79800.29276222958,91.98571560901838,106.74342549709893,2050,Slow,3710.526315789,False
WIND_OFFSHORE,SUD,WIND_OFFSHORE__Y024__X079,106,24,79,40.2,17.7,0.2143588225828695,850.881449939397,2.0,364.787891533228,0.2975438100496579,0.2975893902912729,0.01,11.186281788489977,2019,78526.39416121632,364.787891533228,105.28753735275907,2050,Slow,3710.526315789,False
WIND_OFFSHORE,SUD,WIND_OFFSHORE__Y024__X080,107,24,80,40.2,18.0,0.2043238566740681,850.8814493743637,2.0,347.7107586171816,0.2982764094015687,0.298322413018539,0.01,0.0,2019,73282.34536966428,347.7107586171816,103.0219566124555,2050,Slow,3710.526315789,False
WIND_OFFSHORE,SUD,WIND_OFFSHORE__Y024__X081,108,24,81,40.2,18.3,0.0198831262783939,850.8814487878468,2.0,33.83636658838313,0.3144760934671787,0.3145298212975982,0.01,0.0,2019,73282.34536966428,33.83636658838313,97.71496131579414,2050,Slow,3710.526315789,False
WIND_OFFSHORE,SUD,WIND_OFFSHORE__Y024__X082,109,24,82,40.2,18.6,0.0287692514728304,850.8814481797785,2.0,48.95844471250041,0.3660683710909231,0.3661243731288353,0.01,10.164577240310097,2019,78047.42638599731,48.95844471250041,85.4293372432585,2050,Slow,3710.526315789,False
WIND_OFFSHORE,SUD,WIND_OFFSHORE__Y025__X080,121,25,80,40.5,18.0,0.0586349115309311,847.1636180209601,2.0,99.34672758976508,0.2949157206957182,0.2949591937391185,0.01,0.0,2019,73282.34536966428,99.34672758976508,104.19593514851096,2050,Slow,3710.526315789,False
WIND_OFFSHORE,SUD,WIND_OFFSHORE__Y025__X081,122,25,81,40.5,18.3,0.0864453837961972,847.1636174391907,2.0,146.46676809541128,0.3341263414024593,0.3341707306409497,0.01,8.250297378911023,2019,77150.02569614598,146.46676809541128,93.28966760315042,2050,Slow,3710.526315789,False
WIND_OFFSHORE,SUD,WIND_OFFSHORE__Y026__X078,132,26,78,40.8,17.4,0.0457561014267197,843.4221399684062,2.0,77.18341796387085,0.29097687062869,0.2910230697044503,0.01,0.0,2019,73282.34536966428,77.18341796387085,105.60639834188107,2050,Slow,3710.526315789,False
WIND_OFFSHORE,SUD,WIND_OFFSHORE__Y026__X079,133,26,79,40.8,17.7,0.0507264021982671,843.4221394338122,2.0,85.567541335685,0.3325944471416777,0.3326466344789323,0.01,3.9976770674634334,2019,75156.4277494071,85.567541335685,93.03509399670143,2050,Slow,3710.526315789,False
WIND_OFFSHORE,SUD,WIND_OFFSHORE__Y026__X080,134,26,80,40.8,18.0,0.03310448331629,843.4221388780715,2.0,55.84210825015749,0.3584917272950506,0.3585365705373953,0.01,14.017818587823555,2019,79853.79833460829,55.84210825015749,87.81007419330795,2050,Slow,3710.526315789,False
WIND_OFFSHORE,SUD,WIND_OFFSHORE__Y027__X077,148,27,77,41.1,17.1,0.0670603682068938,839.6571051268537,2.0,112.61542927468278,0.2987566489235,0.2988104633450327,0.01,3.9596152411351615,2019,75138.58463780531,112.61542927468278,103.56562399266852,2050,Slow,3710.526315789,False
WIND_OFFSHORE,SUD,WIND_OFFSHORE__Y027__X078,149,27,78,41.1,17.4,0.0351084768156135,839.6571046178339,2.0,58.95816398108091,0.325908505450328,0.3259459730182051,0.01,17.57161881062585,2019,81519.79442841127,58.95816398108091,97.17257096495504,2050,Slow,3710.526315789,False
WIND_OFFSHORE,SUD,WIND_OFFSHORE__Y028__X076,161,28,76,41.4,16.8,0.0018050187512354,835.8686063976363,2.0,3.017517016233481,0.3184666636148104,0.3185192753529043,0.01,25.785382880638068,2019,85370.3482013156,3.017517016233481,100.82351459482912,2050,Slow,3710.526315789,False
WIND_OFFSHORE,SUD,WIND_OFFSHORE__Y029__X074,166,29,74,41.7,16.2,0.5026590850092469,832.0567373109653,2.0,836.4817565050183,0.2896474175474334,0.2897102073593854,0.01,6.75007367235388,2019,76446.73156640901,836.4817565050183,107.33826274765342,2050,Slow,3710.526315789,False
WIND_OFFSHORE,SUD,WIND_OFFSHORE__Y029__X075,167,29,75,41.7,16.5,0.1141365934722223,832.0567368727505,2.0,189.93624304453795,0.357062939647121,0.3571126459071994,0.01,27.285412317963367,2019,86073.55125902795,189.93624304453795,90.14994012092956,2050,Slow,3710.526315789,False
WIND_OFFSHORE,SUD,WIND_OFFSHORE__Y030__X072,174,30,72,42.0,15.6,0.3649111303254292,828.2215912013794,2.0,604.4545540104418,0.2850028711693225,0.2850731057526623,0.01,8.106516787280905,2019,77082.6223844788,149.97738094351928,109.34219980684672,2050,Slow,3710.526315789,True
WIND_OFFSHORE,SUD,WIND_OFFSHORE__Y030__X073,175,30,73,42.0,15.9,0.2439233762170862,828.2215908080815,2.0,404.04521337158656,0.298412802091312,0.2984605062152893,0.01,7.5823916728194,2019,76836.91628435695,404.04521337158656,104.33463988528088,2050,Slow,3710.526315789,False
WIND_OFFSHORE,SUD,WIND_OFFSHORE__Y030__X074,176,30,74,42.0,16.2,0.1197181355963538,828.2215903943181,2.0,198.3062893253096,0.3541648889315597,0.3541930221216019,0.01,10.781603105996885,2019,78336.68369298206,198.3062893253096,88.39385141475682,2050,Slow,3710.526315789,False
WIND_OFFSHORE,SUD,WIND_OFFSHORE__Y030__X075,177,30,75,42.0,16.5,0.00051674032263,828.2215899600852,2.0,0.8559509832103155,0.3747436951996362,0.3747804394089482,0.01,29.49479714895767,2019,87109.29504522245,0.8559509832103155,86.21209278360594,2050,Slow,3710.526315789,False
WIND_ONSHORE,SUD,WIND_ONSHORE__Y023__X080,94,23,80,39.9,18.0,0.110409607320317,854.5755420975499,3.0,283.0600500856127,0.330580262006871,0.3307753433531576,0.01,174.60926511180023,2019,0.0,283.0600500856127,41.03062331913471,2050,Slow,11148.387096774,False
WIND_ONSHORE,SUD,WIND_ONSHORE__Y023__X081,95,23,81,39.9,18.3,0.2799131349427307,854.5755415063121,3.0,717.6207566052406,0.3016163359278848,0.3018527583193058,0.01,194.69562045691148,2019,0.0,717.6207566052406,44.970754536279024,2050,Slow,11148.387096774,False
WIND_ONSHORE,SUD,WIND_ONSHORE__Y023__X082,96,23,82,39.9,18.6,7.190427933594762e-05,854.5755408933657,3.0,0.1843429152181953,0.3415733259629545,0.3417760680749463,0.01,215.93714155504892,2019,0.0,0.1843429152181953,39.71010959039543,2050,Slow,11148.387096774,False
WIND_ONSHORE,SUD,WIND_ONSHORE__Y024__X078,109,24,78,40.2,17.4,0.0116688237781715,850.8814504828965,3.0,29.78635710539977,0.2688490150181893,0.2690679595079258,0.01,114.584164513632,2019,0.0,29.78635710539977,50.45179059416344,2050,Slow,11148.387096774,False
WIND_ONSHORE,SUD,WIND_ONSHORE__Y024__X079,110,24,79,40.2,17.7,0.0694755873195492,850.881449939397,3.0,177.34646542154775,0.2646463799900768,0.2648743445139701,0.01,133.90002448197671,2019,0.0,177.34646542154775,51.252974658687485,2050,Slow,11148.387096774,False
WIND_ONSHORE,SUD,WIND_ONSHORE__Y024__X080,111,24,80,40.2,18.0,0.4109123679773085,850.8814493743637,3.0,1048.9131336911526,0.2539278210359904,0.2541308693360016,0.01,155.01145963230712,2019,0.0,1048.9131336911526,53.41641633360965,2050,Slow,11148.387096774,False
WIND_ONSHORE,SUD,WIND_ONSHORE__Y024__X081,112,24,81,40.2,18.3,0.4811975751040783,850.8814487878468,3.0,1228.3262695732706,0.2752005606672815,0.2753999079912186,0.01,177.27724955051443,2019,0.0,1228.3262695732706,49.28737853678869,2050,Slow,11148.387096774,False
WIND_ONSHORE,SUD,WIND_ONSHORE__Y024__X082,113,24,82,40.2,18.6,0.0567572683768894,850.8814481797785,3.0,144.88112013376806,0.3330469084296627,0.333222392721349,0.01,200.31196159591352,2019,0.0,144.88112013376806,40.72673807752638,2050,Slow,11148.387096774,False
WIND_ONSHORE,SUD,WIND_ONSHORE__Y025__X078,131,25,78,40.5,17.4,0.5730682348064301,847.1636191204628,3.0,1456.4476794047716,0.2215547693938289,0.2218167820207389,0.01,94.27670552348528,2019,0.0,642.0735880702241,61.22149500214092,2050,Slow,11148.387096774,True
WIND_ONSHORE,SUD,WIND_ONSHORE__Y025__X079,132,25,79,40.5,17.7,0.8124176789322952,847.1636185813763,3.0,2064.752102051298,0.2341457647496416,0.2343500241054928,0.01,116.95744474189472,2019,0.0,2064.752102051298,57.92935960916434,2050,Slow,11148.387096774,False
WIND_ONSHORE,SUD,WIND_ONSHORE__Y025__X080,133,25,80,40.5,18.0,0.5544732164046023,847.1636180209601,3.0,1409.188608315125,0.2439079661993916,0.2440995303283767,0.01,140.58489718327348,2019,0.0,1409.188608315125,55.61078803000824,2050,Slow,11148.387096774,False
WIND_ONSHORE,SUD,WIND_ONSHORE__Y025__X081,134,25,81,40.5,18.3,0.087589920184238,847.1636174391907,3.0,222.6089809034673,0.2921816734237252,0.2923870906604759,0.01,164.75130288635967,2019,0.0,222.6089809034673,46.42287809569166,2050,Slow,11148.387096774,False
WIND_ONSHORE,SUD,WIND_ONSHORE__Y026__X078,152,26,78,40.8,17.4,0.4820688201249236,843.4221399684062,3.0,1219.7625476454232,0.2535154453849145,0.2537241771160003,0.01,82.73464011179873,2019,0.0,1219.7625476454232,53.50330504143677,2050,Slow,11148.387096774,False
WIND_ONSHORE,SUD,WIND_ONSHORE__Y026__X079,153,26,79,40.8,17.7,0.2455444163882948,843.4221394338122,3.0,621.2927909887273,0.2922075706132208,0.2924015842891739,0.01,107.82777529044986,2019,0.0,621.2927909887273,46.41876382148427,2050,Slow,11148.387096774,False
WIND_ONSHORE,SUD,WIND_ONSHORE__Y026__X080,154,26,80,40.8,18.0,0.0085780805665097,843.4221388780715,3.0,21.70482917662233,0.3180429040565893,0.3182332580772055,0.01,133.03081130078175,2019,0.0,21.70482917662233,42.64806425214681,2050,Slow,11148.387096774,False
WIND_ONSHORE,SUD,WIND_ONSHORE__Y027__X077,173,27,77,41.1,17.1,0.1930123431081582,839.6571051268537,3.0,486.1925558038415,0.2623026216404801,0.2625280912087592,0.01,59.273297342850086,2019,0.0,486.1925558038415,51.71093648364634,2050,Slow,11148.387096774,False
WIND_ONSHORE,SUD,WIND_ONSHORE__Y027__X078,174,27,78,41.1,17.4,0.0024996755151606,839.6571046178339,3.0,6.296610916631668,0.2932572134292268,0.293454583169278,0.01,83.68009310732951,2019,0.0,6.296610916631668,46.25261915481656,2050,Slow,11148.387096774,False
WIND_ONSHORE,SUD,WIND_ONSHORE__Y028__X075,189,28,75,41.4,16.5,0.012711855907281,835.8686068606274,3.0,31.87632386349611,0.2430215171786533,0.2432649655083892,0.01,52.360742820326,2019,0.0,31.87632386349611,55.81363479503542,2050,Slow,11148.387096774,False
WIND_ONSHORE,SUD,WIND_ONSHORE__Y029__X074,203,29,74,41.7,16.2,0.022128311646785,832.0567373109653,3.0,55.23603237307263,0.2551909737606678,0.2553958768969405,0.01,87.40549274975015,2019,0.0,55.23603237307263,53.15201398880892,2050,Slow,11148.387096774,False
WIND_ONSHORE,SUD,WIND_ONSHORE__Y030__X071,216,30,71,42.0,15.3,0.1098799712468913,828.2215915742116,3.0,273.0148940046869,0.252836053655586,0.2530687497608137,0.01,151.56880871409484,2019,0.0,273.0148940046869,53.64707291951958,2050,Slow,11148.387096774,False
WIND_ONSHORE,SUD,WIND_ONSHORE__Y030__X072,217,30,72,42.0,15.6,0.0913880592100069,828.2215912013794,3.0,227.06869144715347,0.2563051087960115,0.2565422025808692,0.01,137.2836673260877,2019,0.0,227.06869144715347,52.92096701022084,2050,Slow,11148.387096774,False
WIND_ONSHORE,SUD,WIND_ONSHORE__Y030__X073,218,30,73,42.0,15.9,0.0725628217313713,828.2215908080815,3.0,180.2942869436389,0.2678268158705297,0.2680111957364023,0.01,126.44262648882324,2019,0.0,180.2942869436389,50.64434703096244,2050,Slow,11148.387096774,False
WIND_ONSHORE,SUD,WIND_ONSHORE__Y030__X074,219,30,74,42.0,16.2,0.0229027913138927,828.2215903943181,3.0,56.90575873938434,0.3270647022986662,0.3272225266483882,0.01,119.98253157749772,2019,0.0,56.90575873938434,41.47165411557804,2050,Slow,11148.387096774,False
