record_id,year,production_type_original,production_basis,region_code,region_original,region_normalized,province_code,province_original,province_normalized,market_zone,hydro_type_original,hydro_type,storage_flag,generation_NET_GWh_raw,generation_NET_GWh,raw_cell_type,parser_status,source_row_number,visible_grain_row_count,visible_grain_status,source_id,raw_source_file,archived_raw_file,raw_source_sha256
TERNA2024_HYDRO_TYPE_NET_001,2024,Netta,NET,08,Emilia-Romagna,Emilia-Romagna,099,Rimini,Rimini,NORD,Bacino,HYDRO_BASIN,false,0.524642,0.524642,NUMBER,TYPED_NUMERIC_CELL,2,1,UNIQUE_VISIBLE_GRAIN,TERNA_DOWNLOAD_CENTER_HYDRO_PRODUCTION_BY_TYPE_2024,Export-DownloadCenterFile-20260901-101019.xlsx,raw/terna/historical_2024/Terna_Hydro_Production_By_Type_2024_RAW.xlsx,e5d0c67eba558f692fb66c9ba806356fdd3f4b2dfe7bb270ff5a463506640e9f
TERNA2024_HYDRO_TYPE_NET_002,2024,Netta,NET,08,Emilia-Romagna,Emilia-Romagna,099,Rimini,Rimini,NORD,Fluente,HYDRO_RUN_OF_RIVER,false,7.412879,7.412879,NUMBER,TYPED_NUMERIC_CELL,3,1,UNIQUE_VISIBLE_GRAIN,TERNA_DOWNLOAD_CENTER_HYDRO_PRODUCTION_BY_TYPE_2024,Export-DownloadCenterFile-20260901-101019.xlsx,raw/terna/historical_2024/Terna_Hydro_Production_By_Type_2024_RAW.xlsx,e5d0c67eba558f692fb66c9ba806356fdd3f4b2dfe7bb270ff5a463506640e9f
TERNA2024_HYDRO_TYPE_NET_003,2024,Netta,NET,06,Friuli-Venezia Giulia,Friuli-Venezia Giulia,031,Gorizia,Gorizia,NORD,Fluente,HYDRO_RUN_OF_RIVER,false,51.17885,51.17885,NUMBER,TYPED_NUMERIC_CELL,5,1,UNIQUE_VISIBLE_GRAIN,TERNA_DOWNLOAD_CENTER_HYDRO_PRODUCTION_BY_TYPE_2024,Export-DownloadCenterFile-20260901-101019.xlsx,raw/terna/historical_2024/Terna_Hydro_Production_By_Type_2024_RAW.xlsx,e5d0c67eba558f692fb66c9ba806356fdd3f4b2dfe7bb270ff5a463506640e9f
TERNA2024_HYDRO_TYPE_NET_004,2024,Netta,NET,06,Friuli-Venezia Giulia,Friuli-Venezia Giulia,093,Pordenone,Pordenone,NORD,Bacino,HYDRO_BASIN,false,96.69357,96.69357,NUMBER,TYPED_NUMERIC_CELL,9,1,UNIQUE_VISIBLE_GRAIN,TERNA_DOWNLOAD_CENTER_HYDRO_PRODUCTION_BY_TYPE_2024,Export-DownloadCenterFile-20260901-101019.xlsx,raw/terna/historical_2024/Terna_Hydro_Production_By_Type_2024_RAW.xlsx,e5d0c67eba558f692fb66c9ba806356fdd3f4b2dfe7bb270ff5a463506640e9f
TERNA2024_HYDRO_TYPE_NET_005,2024,Netta,NET,06,Friuli-Venezia Giulia,Friuli-Venezia Giulia,093,Pordenone,Pordenone,NORD,Fluente,HYDRO_RUN_OF_RIVER,false,704.507,704.507,NUMBER,TYPED_NUMERIC_CELL,10,1,UNIQUE_VISIBLE_GRAIN,TERNA_DOWNLOAD_CENTER_HYDRO_PRODUCTION_BY_TYPE_2024,Export-DownloadCenterFile-20260901-101019.xlsx,raw/terna/historical_2024/Terna_Hydro_Production_By_Type_2024_RAW.xlsx,e5d0c67eba558f692fb66c9ba806356fdd3f4b2dfe7bb270ff5a463506640e9f
TERNA2024_HYDRO_TYPE_NET_006,2024,Netta,NET,06,Friuli-Venezia Giulia,Friuli-Venezia Giulia,093,Pordenone,Pordenone,NORD,Serbatoio (compresi eventuali pompaggi),HYDRO_RESERVOIR_INCL_PUMPING,MIXED_INCLUDES_PUMPED_HYDRO,127.61756,127.61756,NUMBER,TYPED_NUMERIC_CELL,11,1,UNIQUE_VISIBLE_GRAIN,TERNA_DOWNLOAD_CENTER_HYDRO_PRODUCTION_BY_TYPE_2024,Export-DownloadCenterFile-20260901-101019.xlsx,raw/terna/historical_2024/Terna_Hydro_Production_By_Type_2024_RAW.xlsx,e5d0c67eba558f692fb66c9ba806356fdd3f4b2dfe7bb270ff5a463506640e9f
TERNA2024_HYDRO_TYPE_NET_007,2024,Netta,NET,06,Friuli-Venezia Giulia,Friuli-Venezia Giulia,030,Udine,Udine,NORD,Bacino,HYDRO_BASIN,false,531.87134,531.87134,NUMBER,TYPED_NUMERIC_CELL,15,1,UNIQUE_VISIBLE_GRAIN,TERNA_DOWNLOAD_CENTER_HYDRO_PRODUCTION_BY_TYPE_2024,Export-DownloadCenterFile-20260901-101019.xlsx,raw/terna/historical_2024/Terna_Hydro_Production_By_Type_2024_RAW.xlsx,e5d0c67eba558f692fb66c9ba806356fdd3f4b2dfe7bb270ff5a463506640e9f
TERNA2024_HYDRO_TYPE_NET_008,2024,Netta,NET,06,Friuli-Venezia Giulia,Friuli-Venezia Giulia,030,Udine,Udine,NORD,Fluente,HYDRO_RUN_OF_RIVER,false,448.6423,448.6423,NUMBER,TYPED_NUMERIC_CELL,16,1,UNIQUE_VISIBLE_GRAIN,TERNA_DOWNLOAD_CENTER_HYDRO_PRODUCTION_BY_TYPE_2024,Export-DownloadCenterFile-20260901-101019.xlsx,raw/terna/historical_2024/Terna_Hydro_Production_By_Type_2024_RAW.xlsx,e5d0c67eba558f692fb66c9ba806356fdd3f4b2dfe7bb270ff5a463506640e9f
TERNA2024_HYDRO_TYPE_NET_009,2024,Netta,NET,06,Friuli-Venezia Giulia,Friuli-Venezia Giulia,030,Udine,Udine,NORD,Serbatoio (compresi eventuali pompaggi),HYDRO_RESERVOIR_INCL_PUMPING,MIXED_INCLUDES_PUMPED_HYDRO,187.56325,187.56325,NUMBER,TYPED_NUMERIC_CELL,17,1,UNIQUE_VISIBLE_GRAIN,TERNA_DOWNLOAD_CENTER_HYDRO_PRODUCTION_BY_TYPE_2024,Export-DownloadCenterFile-20260901-101019.xlsx,raw/terna/historical_2024/Terna_Hydro_Production_By_Type_2024_RAW.xlsx,e5d0c67eba558f692fb66c9ba806356fdd3f4b2dfe7bb270ff5a463506640e9f
TERNA2024_HYDRO_TYPE_NET_010,2024,Netta,NET,12,Lazio,Lazio,060,Frosinone,Frosinone,CSUD,Bacino,HYDRO_BASIN,false,98.971504,98.971504,NUMBER,TYPED_NUMERIC_CELL,21,1,UNIQUE_VISIBLE_GRAIN,TERNA_DOWNLOAD_CENTER_HYDRO_PRODUCTION_BY_TYPE_2024,Export-DownloadCenterFile-20260901-101019.xlsx,raw/terna/historical_2024/Terna_Hydro_Production_By_Type_2024_RAW.xlsx,e5d0c67eba558f692fb66c9ba806356fdd3f4b2dfe7bb270ff5a463506640e9f
TERNA2024_HYDRO_TYPE_NET_011,2024,Netta,NET,12,Lazio,Lazio,060,Frosinone,Frosinone,CSUD,Fluente,HYDRO_RUN_OF_RIVER,false,94.32621,94.32621,NUMBER,TYPED_NUMERIC_CELL,22,1,UNIQUE_VISIBLE_GRAIN,TERNA_DOWNLOAD_CENTER_HYDRO_PRODUCTION_BY_TYPE_2024,Export-DownloadCenterFile-20260901-101019.xlsx,raw/terna/historical_2024/Terna_Hydro_Production_By_Type_2024_RAW.xlsx,e5d0c67eba558f692fb66c9ba806356fdd3f4b2dfe7bb270ff5a463506640e9f
TERNA2024_HYDRO_TYPE_NET_012,2024,Netta,NET,12,Lazio,Lazio,060,Frosinone,Frosinone,CSUD,Serbatoio (compresi eventuali pompaggi),HYDRO_RESERVOIR_INCL_PUMPING,MIXED_INCLUDES_PUMPED_HYDRO,1.743073,1.743073,NUMBER,TYPED_NUMERIC_CELL,23,1,UNIQUE_VISIBLE_GRAIN,TERNA_DOWNLOAD_CENTER_HYDRO_PRODUCTION_BY_TYPE_2024,Export-DownloadCenterFile-20260901-101019.xlsx,raw/terna/historical_2024/Terna_Hydro_Production_By_Type_2024_RAW.xlsx,e5d0c67eba558f692fb66c9ba806356fdd3f4b2dfe7bb270ff5a463506640e9f
TERNA2024_HYDRO_TYPE_NET_013,2024,Netta,NET,12,Lazio,Lazio,059,Latina,Latina,CSUD,Bacino,HYDRO_BASIN,false,0.000238,0.000238,NUMBER,TYPED_NUMERIC_CELL,26,1,UNIQUE_VISIBLE_GRAIN,TERNA_DOWNLOAD_CENTER_HYDRO_PRODUCTION_BY_TYPE_2024,Export-DownloadCenterFile-20260901-101019.xlsx,raw/terna/historical_2024/Terna_Hydro_Production_By_Type_2024_RAW.xlsx,e5d0c67eba558f692fb66c9ba806356fdd3f4b2dfe7bb270ff5a463506640e9f
TERNA2024_HYDRO_TYPE_NET_014,2024,Netta,NET,12,Lazio,Lazio,059,Latina,Latina,CSUD,Fluente,HYDRO_RUN_OF_RIVER,false,0.768591,0.768591,NUMBER,TYPED_NUMERIC_CELL,27,1,UNIQUE_VISIBLE_GRAIN,TERNA_DOWNLOAD_CENTER_HYDRO_PRODUCTION_BY_TYPE_2024,Export-DownloadCenterFile-20260901-101019.xlsx,raw/terna/historical_2024/Terna_Hydro_Production_By_Type_2024_RAW.xlsx,e5d0c67eba558f692fb66c9ba806356fdd3f4b2dfe7bb270ff5a463506640e9f
TERNA2024_HYDRO_TYPE_NET_015,2024,Netta,NET,12,Lazio,Lazio,057,Rieti,Rieti,CSUD,Bacino,HYDRO_BASIN,false,4.174872,4.174872,NUMBER,TYPED_NUMERIC_CELL,31,1,UNIQUE_VISIBLE_GRAIN,TERNA_DOWNLOAD_CENTER_HYDRO_PRODUCTION_BY_TYPE_2024,Export-DownloadCenterFile-20260901-101019.xlsx,raw/terna/historical_2024/Terna_Hydro_Production_By_Type_2024_RAW.xlsx,e5d0c67eba558f692fb66c9ba806356fdd3f4b2dfe7bb270ff5a463506640e9f
TERNA2024_HYDRO_TYPE_NET_016,2024,Netta,NET,12,Lazio,Lazio,057,Rieti,Rieti,CSUD,Fluente,HYDRO_RUN_OF_RIVER,false,194.51883,194.51883,NUMBER,TYPED_NUMERIC_CELL,32,1,UNIQUE_VISIBLE_GRAIN,TERNA_DOWNLOAD_CENTER_HYDRO_PRODUCTION_BY_TYPE_2024,Export-DownloadCenterFile-20260901-101019.xlsx,raw/terna/historical_2024/Terna_Hydro_Production_By_Type_2024_RAW.xlsx,e5d0c67eba558f692fb66c9ba806356fdd3f4b2dfe7bb270ff5a463506640e9f
TERNA2024_HYDRO_TYPE_NET_017,2024,Netta,NET,12,Lazio,Lazio,057,Rieti,Rieti,CSUD,Serbatoio (compresi eventuali pompaggi),HYDRO_RESERVOIR_INCL_PUMPING,MIXED_INCLUDES_PUMPED_HYDRO,17.186102,17.186102,NUMBER,TYPED_NUMERIC_CELL,33,1,UNIQUE_VISIBLE_GRAIN,TERNA_DOWNLOAD_CENTER_HYDRO_PRODUCTION_BY_TYPE_2024,Export-DownloadCenterFile-20260901-101019.xlsx,raw/terna/historical_2024/Terna_Hydro_Production_By_Type_2024_RAW.xlsx,e5d0c67eba558f692fb66c9ba806356fdd3f4b2dfe7bb270ff5a463506640e9f
TERNA2024_HYDRO_TYPE_NET_018,2024,Netta,NET,12,Lazio,Lazio,058,Roma,Roma,CSUD,Bacino,HYDRO_BASIN,false,24.794353,24.794353,NUMBER,TYPED_NUMERIC_CELL,36,1,UNIQUE_VISIBLE_GRAIN,TERNA_DOWNLOAD_CENTER_HYDRO_PRODUCTION_BY_TYPE_2024,Export-DownloadCenterFile-20260901-101019.xlsx,raw/terna/historical_2024/Terna_Hydro_Production_By_Type_2024_RAW.xlsx,e5d0c67eba558f692fb66c9ba806356fdd3f4b2dfe7bb270ff5a463506640e9f
TERNA2024_HYDRO_TYPE_NET_019,2024,Netta,NET,12,Lazio,Lazio,058,Roma,Roma,CSUD,Fluente,HYDRO_RUN_OF_RIVER,false,244.30946,244.30946,NUMBER,TYPED_NUMERIC_CELL,37,1,UNIQUE_VISIBLE_GRAIN,TERNA_DOWNLOAD_CENTER_HYDRO_PRODUCTION_BY_TYPE_2024,Export-DownloadCenterFile-20260901-101019.xlsx,raw/terna/historical_2024/Terna_Hydro_Production_By_Type_2024_RAW.xlsx,e5d0c67eba558f692fb66c9ba806356fdd3f4b2dfe7bb270ff5a463506640e9f
TERNA2024_HYDRO_TYPE_NET_020,2024,Netta,NET,12,Lazio,Lazio,056,Viterbo,Viterbo,CSUD,Bacino,HYDRO_BASIN,false,0.052632,0.052632,NUMBER,TYPED_NUMERIC_CELL,40,1,UNIQUE_VISIBLE_GRAIN,TERNA_DOWNLOAD_CENTER_HYDRO_PRODUCTION_BY_TYPE_2024,Export-DownloadCenterFile-20260901-101019.xlsx,raw/terna/historical_2024/Terna_Hydro_Production_By_Type_2024_RAW.xlsx,e5d0c67eba558f692fb66c9ba806356fdd3f4b2dfe7bb270ff5a463506640e9f
TERNA2024_HYDRO_TYPE_NET_021,2024,Netta,NET,12,Lazio,Lazio,056,Viterbo,Viterbo,CSUD,Fluente,HYDRO_RUN_OF_RIVER,false,73.25281,73.25281,NUMBER,TYPED_NUMERIC_CELL,41,1,UNIQUE_VISIBLE_GRAIN,TERNA_DOWNLOAD_CENTER_HYDRO_PRODUCTION_BY_TYPE_2024,Export-DownloadCenterFile-20260901-101019.xlsx,raw/terna/historical_2024/Terna_Hydro_Production_By_Type_2024_RAW.xlsx,e5d0c67eba558f692fb66c9ba806356fdd3f4b2dfe7bb270ff5a463506640e9f
TERNA2024_HYDRO_TYPE_NET_022,2024,Netta,NET,07,Liguria,Liguria,010,Genova,Genova,NORD,Bacino,HYDRO_BASIN,false,31.431784,31.431784,NUMBER,TYPED_NUMERIC_CELL,45,1,UNIQUE_VISIBLE_GRAIN,TERNA_DOWNLOAD_CENTER_HYDRO_PRODUCTION_BY_TYPE_2024,Export-DownloadCenterFile-20260901-101019.xlsx,raw/terna/historical_2024/Terna_Hydro_Production_By_Type_2024_RAW.xlsx,e5d0c67eba558f692fb66c9ba806356fdd3f4b2dfe7bb270ff5a463506640e9f
TERNA2024_HYDRO_TYPE_NET_023,2024,Netta,NET,07,Liguria,Liguria,010,Genova,Genova,NORD,Fluente,HYDRO_RUN_OF_RIVER,false,55.40868,55.40868,NUMBER,TYPED_NUMERIC_CELL,46,1,UNIQUE_VISIBLE_GRAIN,TERNA_DOWNLOAD_CENTER_HYDRO_PRODUCTION_BY_TYPE_2024,Export-DownloadCenterFile-20260901-101019.xlsx,raw/terna/historical_2024/Terna_Hydro_Production_By_Type_2024_RAW.xlsx,e5d0c67eba558f692fb66c9ba806356fdd3f4b2dfe7bb270ff5a463506640e9f
TERNA2024_HYDRO_TYPE_NET_024,2024,Netta,NET,07,Liguria,Liguria,010,Genova,Genova,NORD,Serbatoio (compresi eventuali pompaggi),HYDRO_RESERVOIR_INCL_PUMPING,MIXED_INCLUDES_PUMPED_HYDRO,63.77728,63.77728,NUMBER,TYPED_NUMERIC_CELL,47,1,UNIQUE_VISIBLE_GRAIN,TERNA_DOWNLOAD_CENTER_HYDRO_PRODUCTION_BY_TYPE_2024,Export-DownloadCenterFile-20260901-101019.xlsx,raw/terna/historical_2024/Terna_Hydro_Production_By_Type_2024_RAW.xlsx,e5d0c67eba558f692fb66c9ba806356fdd3f4b2dfe7bb270ff5a463506640e9f
TERNA2024_HYDRO_TYPE_NET_025,2024,Netta,NET,07,Liguria,Liguria,008,Imperia,Imperia,NORD,Bacino,HYDRO_BASIN,false,1.731775,1.731775,NUMBER,TYPED_NUMERIC_CELL,50,1,UNIQUE_VISIBLE_GRAIN,TERNA_DOWNLOAD_CENTER_HYDRO_PRODUCTION_BY_TYPE_2024,Export-DownloadCenterFile-20260901-101019.xlsx,raw/terna/historical_2024/Terna_Hydro_Production_By_Type_2024_RAW.xlsx,e5d0c67eba558f692fb66c9ba806356fdd3f4b2dfe7bb270ff5a463506640e9f
TERNA2024_HYDRO_TYPE_NET_026,2024,Netta,NET,07,Liguria,Liguria,008,Imperia,Imperia,NORD,Fluente,HYDRO_RUN_OF_RIVER,false,85.99029,85.99029,NUMBER,TYPED_NUMERIC_CELL,51,1,UNIQUE_VISIBLE_GRAIN,TERNA_DOWNLOAD_CENTER_HYDRO_PRODUCTION_BY_TYPE_2024,Export-DownloadCenterFile-20260901-101019.xlsx,raw/terna/historical_2024/Terna_Hydro_Production_By_Type_2024_RAW.xlsx,e5d0c67eba558f692fb66c9ba806356fdd3f4b2dfe7bb270ff5a463506640e9f
TERNA2024_HYDRO_TYPE_NET_027,2024,Netta,NET,07,Liguria,Liguria,011,La Spezia,La Spezia,NORD,Bacino,HYDRO_BASIN,false,1.880429,1.880429,NUMBER,TYPED_NUMERIC_CELL,54,1,UNIQUE_VISIBLE_GRAIN,TERNA_DOWNLOAD_CENTER_HYDRO_PRODUCTION_BY_TYPE_2024,Export-DownloadCenterFile-20260901-101019.xlsx,raw/terna/historical_2024/Terna_Hydro_Production_By_Type_2024_RAW.xlsx,e5d0c67eba558f692fb66c9ba806356fdd3f4b2dfe7bb270ff5a463506640e9f
TERNA2024_HYDRO_TYPE_NET_028,2024,Netta,NET,07,Liguria,Liguria,011,La Spezia,La Spezia,NORD,Fluente,HYDRO_RUN_OF_RIVER,false,2.924673,2.924673,NUMBER,TYPED_NUMERIC_CELL,55,1,UNIQUE_VISIBLE_GRAIN,TERNA_DOWNLOAD_CENTER_HYDRO_PRODUCTION_BY_TYPE_2024,Export-DownloadCenterFile-20260901-101019.xlsx,raw/terna/historical_2024/Terna_Hydro_Production_By_Type_2024_RAW.xlsx,e5d0c67eba558f692fb66c9ba806356fdd3f4b2dfe7bb270ff5a463506640e9f
TERNA2024_HYDRO_TYPE_NET_029,2024,Netta,NET,07,Liguria,Liguria,009,Savona,Savona,NORD,Bacino,HYDRO_BASIN,false,17.072748,17.072748,NUMBER,TYPED_NUMERIC_CELL,59,1,UNIQUE_VISIBLE_GRAIN,TERNA_DOWNLOAD_CENTER_HYDRO_PRODUCTION_BY_TYPE_2024,Export-DownloadCenterFile-20260901-101019.xlsx,raw/terna/historical_2024/Terna_Hydro_Production_By_Type_2024_RAW.xlsx,e5d0c67eba558f692fb66c9ba806356fdd3f4b2dfe7bb270ff5a463506640e9f
TERNA2024_HYDRO_TYPE_NET_030,2024,Netta,NET,07,Liguria,Liguria,009,Savona,Savona,NORD,Fluente,HYDRO_RUN_OF_RIVER,false,12.345335,12.345335,NUMBER,TYPED_NUMERIC_CELL,60,1,UNIQUE_VISIBLE_GRAIN,TERNA_DOWNLOAD_CENTER_HYDRO_PRODUCTION_BY_TYPE_2024,Export-DownloadCenterFile-20260901-101019.xlsx,raw/terna/historical_2024/Terna_Hydro_Production_By_Type_2024_RAW.xlsx,e5d0c67eba558f692fb66c9ba806356fdd3f4b2dfe7bb270ff5a463506640e9f
TERNA2024_HYDRO_TYPE_NET_031,2024,Netta,NET,07,Liguria,Liguria,009,Savona,Savona,NORD,Serbatoio (compresi eventuali pompaggi),HYDRO_RESERVOIR_INCL_PUMPING,MIXED_INCLUDES_PUMPED_HYDRO,2.48185,2.48185,NUMBER,TYPED_NUMERIC_CELL,61,1,UNIQUE_VISIBLE_GRAIN,TERNA_DOWNLOAD_CENTER_HYDRO_PRODUCTION_BY_TYPE_2024,Export-DownloadCenterFile-20260901-101019.xlsx,raw/terna/historical_2024/Terna_Hydro_Production_By_Type_2024_RAW.xlsx,e5d0c67eba558f692fb66c9ba806356fdd3f4b2dfe7bb270ff5a463506640e9f
TERNA2024_HYDRO_TYPE_NET_032,2024,Netta,NET,03,Lombardia,Lombardia,016,Bergamo,Bergamo,NORD,Bacino,HYDRO_BASIN,false,214.11949,214.11949,NUMBER,TYPED_NUMERIC_CELL,65,1,UNIQUE_VISIBLE_GRAIN,TERNA_DOWNLOAD_CENTER_HYDRO_PRODUCTION_BY_TYPE_2024,Export-DownloadCenterFile-20260901-101019.xlsx,raw/terna/historical_2024/Terna_Hydro_Production_By_Type_2024_RAW.xlsx,e5d0c67eba558f692fb66c9ba806356fdd3f4b2dfe7bb270ff5a463506640e9f
TERNA2024_HYDRO_TYPE_NET_033,2024,Netta,NET,03,Lombardia,Lombardia,016,Bergamo,Bergamo,NORD,Fluente,HYDRO_RUN_OF_RIVER,false,736.0737,736.0737,NUMBER,TYPED_NUMERIC_CELL,66,1,UNIQUE_VISIBLE_GRAIN,TERNA_DOWNLOAD_CENTER_HYDRO_PRODUCTION_BY_TYPE_2024,Export-DownloadCenterFile-20260901-101019.xlsx,raw/terna/historical_2024/Terna_Hydro_Production_By_Type_2024_RAW.xlsx,e5d0c67eba558f692fb66c9ba806356fdd3f4b2dfe7bb270ff5a463506640e9f
TERNA2024_HYDRO_TYPE_NET_034,2024,Netta,NET,03,Lombardia,Lombardia,016,Bergamo,Bergamo,NORD,Serbatoio (compresi eventuali pompaggi),HYDRO_RESERVOIR_INCL_PUMPING,MIXED_INCLUDES_PUMPED_HYDRO,394.3798,394.3798,NUMBER,TYPED_NUMERIC_CELL,67,1,UNIQUE_VISIBLE_GRAIN,TERNA_DOWNLOAD_CENTER_HYDRO_PRODUCTION_BY_TYPE_2024,Export-DownloadCenterFile-20260901-101019.xlsx,raw/terna/historical_2024/Terna_Hydro_Production_By_Type_2024_RAW.xlsx,e5d0c67eba558f692fb66c9ba806356fdd3f4b2dfe7bb270ff5a463506640e9f
TERNA2024_HYDRO_TYPE_NET_035,2024,Netta,NET,03,Lombardia,Lombardia,017,Brescia,Brescia,NORD,Bacino,HYDRO_BASIN,false,616.20557,616.20557,NUMBER,TYPED_NUMERIC_CELL,72,1,UNIQUE_VISIBLE_GRAIN,TERNA_DOWNLOAD_CENTER_HYDRO_PRODUCTION_BY_TYPE_2024,Export-DownloadCenterFile-20260901-101019.xlsx,raw/terna/historical_2024/Terna_Hydro_Production_By_Type_2024_RAW.xlsx,e5d0c67eba558f692fb66c9ba806356fdd3f4b2dfe7bb270ff5a463506640e9f
TERNA2024_HYDRO_TYPE_NET_036,2024,Netta,NET,03,Lombardia,Lombardia,017,Brescia,Brescia,NORD,Fluente,HYDRO_RUN_OF_RIVER,false,1660.7329,1660.7329,NUMBER,TYPED_NUMERIC_CELL,73,1,UNIQUE_VISIBLE_GRAIN,TERNA_DOWNLOAD_CENTER_HYDRO_PRODUCTION_BY_TYPE_2024,Export-DownloadCenterFile-20260901-101019.xlsx,raw/terna/historical_2024/Terna_Hydro_Production_By_Type_2024_RAW.xlsx,e5d0c67eba558f692fb66c9ba806356fdd3f4b2dfe7bb270ff5a463506640e9f
TERNA2024_HYDRO_TYPE_NET_037,2024,Netta,NET,03,Lombardia,Lombardia,017,Brescia,Brescia,NORD,Serbatoio (compresi eventuali pompaggi),HYDRO_RESERVOIR_INCL_PUMPING,MIXED_INCLUDES_PUMPED_HYDRO,645.4029,645.4029,NUMBER,TYPED_NUMERIC_CELL,74,2,MULTIPLE_SOURCE_ROWS_RETAINED_FOR_AGGREGATION,TERNA_DOWNLOAD_CENTER_HYDRO_PRODUCTION_BY_TYPE_2024,Export-DownloadCenterFile-20260901-101019.xlsx,raw/terna/historical_2024/Terna_Hydro_Production_By_Type_2024_RAW.xlsx,e5d0c67eba558f692fb66c9ba806356fdd3f4b2dfe7bb270ff5a463506640e9f
TERNA2024_HYDRO_TYPE_NET_038,2024,Netta,NET,03,Lombardia,Lombardia,017,Brescia,Brescia,NORD,Serbatoio (compresi eventuali pompaggi),HYDRO_RESERVOIR_INCL_PUMPING,MIXED_INCLUDES_PUMPED_HYDRO,422.18768,422.18768,NUMBER,TYPED_NUMERIC_CELL,75,2,MULTIPLE_SOURCE_ROWS_RETAINED_FOR_AGGREGATION,TERNA_DOWNLOAD_CENTER_HYDRO_PRODUCTION_BY_TYPE_2024,Export-DownloadCenterFile-20260901-101019.xlsx,raw/terna/historical_2024/Terna_Hydro_Production_By_Type_2024_RAW.xlsx,e5d0c67eba558f692fb66c9ba806356fdd3f4b2dfe7bb270ff5a463506640e9f
TERNA2024_HYDRO_TYPE_NET_039,2024,Netta,NET,03,Lombardia,Lombardia,013,Como,Como,NORD,Bacino,HYDRO_BASIN,false,119.93619,119.93619,NUMBER,TYPED_NUMERIC_CELL,79,1,UNIQUE_VISIBLE_GRAIN,TERNA_DOWNLOAD_CENTER_HYDRO_PRODUCTION_BY_TYPE_2024,Export-DownloadCenterFile-20260901-101019.xlsx,raw/terna/historical_2024/Terna_Hydro_Production_By_Type_2024_RAW.xlsx,e5d0c67eba558f692fb66c9ba806356fdd3f4b2dfe7bb270ff5a463506640e9f
TERNA2024_HYDRO_TYPE_NET_040,2024,Netta,NET,03,Lombardia,Lombardia,013,Como,Como,NORD,Fluente,HYDRO_RUN_OF_RIVER,false,71.74486,71.74486,NUMBER,TYPED_NUMERIC_CELL,80,1,UNIQUE_VISIBLE_GRAIN,TERNA_DOWNLOAD_CENTER_HYDRO_PRODUCTION_BY_TYPE_2024,Export-DownloadCenterFile-20260901-101019.xlsx,raw/terna/historical_2024/Terna_Hydro_Production_By_Type_2024_RAW.xlsx,e5d0c67eba558f692fb66c9ba806356fdd3f4b2dfe7bb270ff5a463506640e9f
TERNA2024_HYDRO_TYPE_NET_041,2024,Netta,NET,03,Lombardia,Lombardia,013,Como,Como,NORD,Serbatoio (compresi eventuali pompaggi),HYDRO_RESERVOIR_INCL_PUMPING,MIXED_INCLUDES_PUMPED_HYDRO,0.014475,0.014475,NUMBER,TYPED_NUMERIC_CELL,81,1,UNIQUE_VISIBLE_GRAIN,TERNA_DOWNLOAD_CENTER_HYDRO_PRODUCTION_BY_TYPE_2024,Export-DownloadCenterFile-20260901-101019.xlsx,raw/terna/historical_2024/Terna_Hydro_Production_By_Type_2024_RAW.xlsx,e5d0c67eba558f692fb66c9ba806356fdd3f4b2dfe7bb270ff5a463506640e9f
TERNA2024_HYDRO_TYPE_NET_042,2024,Netta,NET,03,Lombardia,Lombardia,019,Cremona,Cremona,NORD,Fluente,HYDRO_RUN_OF_RIVER,false,48.042763,48.042763,NUMBER,TYPED_NUMERIC_CELL,83,1,UNIQUE_VISIBLE_GRAIN,TERNA_DOWNLOAD_CENTER_HYDRO_PRODUCTION_BY_TYPE_2024,Export-DownloadCenterFile-20260901-101019.xlsx,raw/terna/historical_2024/Terna_Hydro_Production_By_Type_2024_RAW.xlsx,e5d0c67eba558f692fb66c9ba806356fdd3f4b2dfe7bb270ff5a463506640e9f
TERNA2024_HYDRO_TYPE_NET_043,2024,Netta,NET,03,Lombardia,Lombardia,097,Lecco,Lecco,NORD,Bacino,HYDRO_BASIN,false,56.913322,56.913322,NUMBER,TYPED_NUMERIC_CELL,86,1,UNIQUE_VISIBLE_GRAIN,TERNA_DOWNLOAD_CENTER_HYDRO_PRODUCTION_BY_TYPE_2024,Export-DownloadCenterFile-20260901-101019.xlsx,raw/terna/historical_2024/Terna_Hydro_Production_By_Type_2024_RAW.xlsx,e5d0c67eba558f692fb66c9ba806356fdd3f4b2dfe7bb270ff5a463506640e9f
TERNA2024_HYDRO_TYPE_NET_044,2024,Netta,NET,03,Lombardia,Lombardia,097,Lecco,Lecco,NORD,Fluente,HYDRO_RUN_OF_RIVER,false,68.16287,68.16287,NUMBER,TYPED_NUMERIC_CELL,87,1,UNIQUE_VISIBLE_GRAIN,TERNA_DOWNLOAD_CENTER_HYDRO_PRODUCTION_BY_TYPE_2024,Export-DownloadCenterFile-20260901-101019.xlsx,raw/terna/historical_2024/Terna_Hydro_Production_By_Type_2024_RAW.xlsx,e5d0c67eba558f692fb66c9ba806356fdd3f4b2dfe7bb270ff5a463506640e9f
TERNA2024_HYDRO_TYPE_NET_045,2024,Netta,NET,03,Lombardia,Lombardia,098,Lodi,Lodi,NORD,Fluente,HYDRO_RUN_OF_RIVER,false,62.497665,62.497665,NUMBER,TYPED_NUMERIC_CELL,89,1,UNIQUE_VISIBLE_GRAIN,TERNA_DOWNLOAD_CENTER_HYDRO_PRODUCTION_BY_TYPE_2024,Export-DownloadCenterFile-20260901-101019.xlsx,raw/terna/historical_2024/Terna_Hydro_Production_By_Type_2024_RAW.xlsx,e5d0c67eba558f692fb66c9ba806356fdd3f4b2dfe7bb270ff5a463506640e9f
TERNA2024_HYDRO_TYPE_NET_046,2024,Netta,NET,03,Lombardia,Lombardia,020,Mantova,Mantova,NORD,Fluente,HYDRO_RUN_OF_RIVER,false,33.04475,33.04475,NUMBER,TYPED_NUMERIC_CELL,91,1,UNIQUE_VISIBLE_GRAIN,TERNA_DOWNLOAD_CENTER_HYDRO_PRODUCTION_BY_TYPE_2024,Export-DownloadCenterFile-20260901-101019.xlsx,raw/terna/historical_2024/Terna_Hydro_Production_By_Type_2024_RAW.xlsx,e5d0c67eba558f692fb66c9ba806356fdd3f4b2dfe7bb270ff5a463506640e9f
TERNA2024_HYDRO_TYPE_NET_047,2024,Netta,NET,03,Lombardia,Lombardia,015,Milano,Milano,NORD,Fluente,HYDRO_RUN_OF_RIVER,false,349.45956,349.45956,NUMBER,TYPED_NUMERIC_CELL,93,1,UNIQUE_VISIBLE_GRAIN,TERNA_DOWNLOAD_CENTER_HYDRO_PRODUCTION_BY_TYPE_2024,Export-DownloadCenterFile-20260901-101019.xlsx,raw/terna/historical_2024/Terna_Hydro_Production_By_Type_2024_RAW.xlsx,e5d0c67eba558f692fb66c9ba806356fdd3f4b2dfe7bb270ff5a463506640e9f
TERNA2024_HYDRO_TYPE_NET_048,2024,Netta,NET,03,Lombardia,Lombardia,108,Monza e della Brianza,Monza e della Brianza,NORD,Fluente,HYDRO_RUN_OF_RIVER,false,249.11282,249.11282,NUMBER,TYPED_NUMERIC_CELL,95,1,UNIQUE_VISIBLE_GRAIN,TERNA_DOWNLOAD_CENTER_HYDRO_PRODUCTION_BY_TYPE_2024,Export-DownloadCenterFile-20260901-101019.xlsx,raw/terna/historical_2024/Terna_Hydro_Production_By_Type_2024_RAW.xlsx,e5d0c67eba558f692fb66c9ba806356fdd3f4b2dfe7bb270ff5a463506640e9f
TERNA2024_HYDRO_TYPE_NET_049,2024,Netta,NET,03,Lombardia,Lombardia,018,Pavia,Pavia,NORD,Fluente,HYDRO_RUN_OF_RIVER,false,77.187294,77.187294,NUMBER,TYPED_NUMERIC_CELL,97,1,UNIQUE_VISIBLE_GRAIN,TERNA_DOWNLOAD_CENTER_HYDRO_PRODUCTION_BY_TYPE_2024,Export-DownloadCenterFile-20260901-101019.xlsx,raw/terna/historical_2024/Terna_Hydro_Production_By_Type_2024_RAW.xlsx,e5d0c67eba558f692fb66c9ba806356fdd3f4b2dfe7bb270ff5a463506640e9f
TERNA2024_HYDRO_TYPE_NET_050,2024,Netta,NET,03,Lombardia,Lombardia,014,Sondrio,Sondrio,NORD,Bacino,HYDRO_BASIN,false,3574.1997,3574.1997,NUMBER,TYPED_NUMERIC_CELL,102,1,UNIQUE_VISIBLE_GRAIN,TERNA_DOWNLOAD_CENTER_HYDRO_PRODUCTION_BY_TYPE_2024,Export-DownloadCenterFile-20260901-101019.xlsx,raw/terna/historical_2024/Terna_Hydro_Production_By_Type_2024_RAW.xlsx,e5d0c67eba558f692fb66c9ba806356fdd3f4b2dfe7bb270ff5a463506640e9f
TERNA2024_HYDRO_TYPE_NET_051,2024,Netta,NET,03,Lombardia,Lombardia,014,Sondrio,Sondrio,NORD,Fluente,HYDRO_RUN_OF_RIVER,false,1654.429,1654.429,NUMBER,TYPED_NUMERIC_CELL,103,1,UNIQUE_VISIBLE_GRAIN,TERNA_DOWNLOAD_CENTER_HYDRO_PRODUCTION_BY_TYPE_2024,Export-DownloadCenterFile-20260901-101019.xlsx,raw/terna/historical_2024/Terna_Hydro_Production_By_Type_2024_RAW.xlsx,e5d0c67eba558f692fb66c9ba806356fdd3f4b2dfe7bb270ff5a463506640e9f
TERNA2024_HYDRO_TYPE_NET_052,2024,Netta,NET,03,Lombardia,Lombardia,014,Sondrio,Sondrio,NORD,Serbatoio (compresi eventuali pompaggi),HYDRO_RESERVOIR_INCL_PUMPING,MIXED_INCLUDES_PUMPED_HYDRO,42.19174,42.19174,NUMBER,TYPED_NUMERIC_CELL,104,2,MULTIPLE_SOURCE_ROWS_RETAINED_FOR_AGGREGATION,TERNA_DOWNLOAD_CENTER_HYDRO_PRODUCTION_BY_TYPE_2024,Export-DownloadCenterFile-20260901-101019.xlsx,raw/terna/historical_2024/Terna_Hydro_Production_By_Type_2024_RAW.xlsx,e5d0c67eba558f692fb66c9ba806356fdd3f4b2dfe7bb270ff5a463506640e9f
TERNA2024_HYDRO_TYPE_NET_053,2024,Netta,NET,03,Lombardia,Lombardia,014,Sondrio,Sondrio,NORD,Serbatoio (compresi eventuali pompaggi),HYDRO_RESERVOIR_INCL_PUMPING,MIXED_INCLUDES_PUMPED_HYDRO,1623.7681,1623.7681,NUMBER,TYPED_NUMERIC_CELL,105,2,MULTIPLE_SOURCE_ROWS_RETAINED_FOR_AGGREGATION,TERNA_DOWNLOAD_CENTER_HYDRO_PRODUCTION_BY_TYPE_2024,Export-DownloadCenterFile-20260901-101019.xlsx,raw/terna/historical_2024/Terna_Hydro_Production_By_Type_2024_RAW.xlsx,e5d0c67eba558f692fb66c9ba806356fdd3f4b2dfe7bb270ff5a463506640e9f
TERNA2024_HYDRO_TYPE_NET_054,2024,Netta,NET,03,Lombardia,Lombardia,012,Varese,Varese,NORD,Fluente,HYDRO_RUN_OF_RIVER,false,322.0154,322.0154,NUMBER,TYPED_NUMERIC_CELL,109,1,UNIQUE_VISIBLE_GRAIN,TERNA_DOWNLOAD_CENTER_HYDRO_PRODUCTION_BY_TYPE_2024,Export-DownloadCenterFile-20260901-101019.xlsx,raw/terna/historical_2024/Terna_Hydro_Production_By_Type_2024_RAW.xlsx,e5d0c67eba558f692fb66c9ba806356fdd3f4b2dfe7bb270ff5a463506640e9f
TERNA2024_HYDRO_TYPE_NET_055,2024,Netta,NET,03,Lombardia,Lombardia,012,Varese,Varese,NORD,Serbatoio (compresi eventuali pompaggi),HYDRO_RESERVOIR_INCL_PUMPING,MIXED_INCLUDES_PUMPED_HYDRO,270.07584,270.07584,NUMBER,TYPED_NUMERIC_CELL,110,1,UNIQUE_VISIBLE_GRAIN,TERNA_DOWNLOAD_CENTER_HYDRO_PRODUCTION_BY_TYPE_2024,Export-DownloadCenterFile-20260901-101019.xlsx,raw/terna/historical_2024/Terna_Hydro_Production_By_Type_2024_RAW.xlsx,e5d0c67eba558f692fb66c9ba806356fdd3f4b2dfe7bb270ff5a463506640e9f
TERNA2024_HYDRO_TYPE_NET_056,2024,Netta,NET,03,Lombardia,Lombardia,012,Varese,Varese,NORD,Bacino,HYDRO_BASIN,false,52.353462,52.353462,NUMBER,TYPED_NUMERIC_CELL,111,1,UNIQUE_VISIBLE_GRAIN,TERNA_DOWNLOAD_CENTER_HYDRO_PRODUCTION_BY_TYPE_2024,Export-DownloadCenterFile-20260901-101019.xlsx,raw/terna/historical_2024/Terna_Hydro_Production_By_Type_2024_RAW.xlsx,e5d0c67eba558f692fb66c9ba806356fdd3f4b2dfe7bb270ff5a463506640e9f
TERNA2024_HYDRO_TYPE_NET_057,2024,Netta,NET,11,Marche,Marche,042,Ancona,Ancona,CNOR,Fluente,HYDRO_RUN_OF_RIVER,false,18.32978,18.32978,NUMBER,TYPED_NUMERIC_CELL,113,1,UNIQUE_VISIBLE_GRAIN,TERNA_DOWNLOAD_CENTER_HYDRO_PRODUCTION_BY_TYPE_2024,Export-DownloadCenterFile-20260901-101019.xlsx,raw/terna/historical_2024/Terna_Hydro_Production_By_Type_2024_RAW.xlsx,e5d0c67eba558f692fb66c9ba806356fdd3f4b2dfe7bb270ff5a463506640e9f
TERNA2024_HYDRO_TYPE_NET_058,2024,Netta,NET,11,Marche,Marche,044,Ascoli Piceno,Ascoli Piceno,CNOR,Bacino,HYDRO_BASIN,false,29.122799,29.122799,NUMBER,TYPED_NUMERIC_CELL,117,1,UNIQUE_VISIBLE_GRAIN,TERNA_DOWNLOAD_CENTER_HYDRO_PRODUCTION_BY_TYPE_2024,Export-DownloadCenterFile-20260901-101019.xlsx,raw/terna/historical_2024/Terna_Hydro_Production_By_Type_2024_RAW.xlsx,e5d0c67eba558f692fb66c9ba806356fdd3f4b2dfe7bb270ff5a463506640e9f
TERNA2024_HYDRO_TYPE_NET_059,2024,Netta,NET,11,Marche,Marche,044,Ascoli Piceno,Ascoli Piceno,CNOR,Fluente,HYDRO_RUN_OF_RIVER,false,33.481396,33.481396,NUMBER,TYPED_NUMERIC_CELL,118,1,UNIQUE_VISIBLE_GRAIN,TERNA_DOWNLOAD_CENTER_HYDRO_PRODUCTION_BY_TYPE_2024,Export-DownloadCenterFile-20260901-101019.xlsx,raw/terna/historical_2024/Terna_Hydro_Production_By_Type_2024_RAW.xlsx,e5d0c67eba558f692fb66c9ba806356fdd3f4b2dfe7bb270ff5a463506640e9f
TERNA2024_HYDRO_TYPE_NET_060,2024,Netta,NET,11,Marche,Marche,044,Ascoli Piceno,Ascoli Piceno,CNOR,Serbatoio (compresi eventuali pompaggi),HYDRO_RESERVOIR_INCL_PUMPING,MIXED_INCLUDES_PUMPED_HYDRO,7.686958,7.686958,NUMBER,TYPED_NUMERIC_CELL,119,1,UNIQUE_VISIBLE_GRAIN,TERNA_DOWNLOAD_CENTER_HYDRO_PRODUCTION_BY_TYPE_2024,Export-DownloadCenterFile-20260901-101019.xlsx,raw/terna/historical_2024/Terna_Hydro_Production_By_Type_2024_RAW.xlsx,e5d0c67eba558f692fb66c9ba806356fdd3f4b2dfe7bb270ff5a463506640e9f
TERNA2024_HYDRO_TYPE_NET_061,2024,Netta,NET,13,Abruzzo,Abruzzo,069,Chieti,Chieti,CSUD,Bacino,HYDRO_BASIN,false,78.49236,78.49236,NUMBER,TYPED_NUMERIC_CELL,123,1,UNIQUE_VISIBLE_GRAIN,TERNA_DOWNLOAD_CENTER_HYDRO_PRODUCTION_BY_TYPE_2024,Export-DownloadCenterFile-20260901-101019.xlsx,raw/terna/historical_2024/Terna_Hydro_Production_By_Type_2024_RAW.xlsx,e5d0c67eba558f692fb66c9ba806356fdd3f4b2dfe7bb270ff5a463506640e9f
TERNA2024_HYDRO_TYPE_NET_062,2024,Netta,NET,13,Abruzzo,Abruzzo,069,Chieti,Chieti,CSUD,Fluente,HYDRO_RUN_OF_RIVER,false,120.02932,120.02932,NUMBER,TYPED_NUMERIC_CELL,124,1,UNIQUE_VISIBLE_GRAIN,TERNA_DOWNLOAD_CENTER_HYDRO_PRODUCTION_BY_TYPE_2024,Export-DownloadCenterFile-20260901-101019.xlsx,raw/terna/historical_2024/Terna_Hydro_Production_By_Type_2024_RAW.xlsx,e5d0c67eba558f692fb66c9ba806356fdd3f4b2dfe7bb270ff5a463506640e9f
TERNA2024_HYDRO_TYPE_NET_063,2024,Netta,NET,13,Abruzzo,Abruzzo,069,Chieti,Chieti,CSUD,Serbatoio (compresi eventuali pompaggi),HYDRO_RESERVOIR_INCL_PUMPING,MIXED_INCLUDES_PUMPED_HYDRO,50.604156,50.604156,NUMBER,TYPED_NUMERIC_CELL,125,1,UNIQUE_VISIBLE_GRAIN,TERNA_DOWNLOAD_CENTER_HYDRO_PRODUCTION_BY_TYPE_2024,Export-DownloadCenterFile-20260901-101019.xlsx,raw/terna/historical_2024/Terna_Hydro_Production_By_Type_2024_RAW.xlsx,e5d0c67eba558f692fb66c9ba806356fdd3f4b2dfe7bb270ff5a463506640e9f
TERNA2024_HYDRO_TYPE_NET_064,2024,Netta,NET,13,Abruzzo,Abruzzo,066,L'Aquila,L'Aquila,CSUD,Bacino,HYDRO_BASIN,false,44.72841,44.72841,NUMBER,TYPED_NUMERIC_CELL,129,1,UNIQUE_VISIBLE_GRAIN,TERNA_DOWNLOAD_CENTER_HYDRO_PRODUCTION_BY_TYPE_2024,Export-DownloadCenterFile-20260901-101019.xlsx,raw/terna/historical_2024/Terna_Hydro_Production_By_Type_2024_RAW.xlsx,e5d0c67eba558f692fb66c9ba806356fdd3f4b2dfe7bb270ff5a463506640e9f
TERNA2024_HYDRO_TYPE_NET_065,2024,Netta,NET,13,Abruzzo,Abruzzo,066,L'Aquila,L'Aquila,CSUD,Fluente,HYDRO_RUN_OF_RIVER,false,76.333885,76.333885,NUMBER,TYPED_NUMERIC_CELL,130,1,UNIQUE_VISIBLE_GRAIN,TERNA_DOWNLOAD_CENTER_HYDRO_PRODUCTION_BY_TYPE_2024,Export-DownloadCenterFile-20260901-101019.xlsx,raw/terna/historical_2024/Terna_Hydro_Production_By_Type_2024_RAW.xlsx,e5d0c67eba558f692fb66c9ba806356fdd3f4b2dfe7bb270ff5a463506640e9f
TERNA2024_HYDRO_TYPE_NET_066,2024,Netta,NET,13,Abruzzo,Abruzzo,066,L'Aquila,L'Aquila,CSUD,Serbatoio (compresi eventuali pompaggi),HYDRO_RESERVOIR_INCL_PUMPING,MIXED_INCLUDES_PUMPED_HYDRO,79.25718,79.25718,NUMBER,TYPED_NUMERIC_CELL,131,1,UNIQUE_VISIBLE_GRAIN,TERNA_DOWNLOAD_CENTER_HYDRO_PRODUCTION_BY_TYPE_2024,Export-DownloadCenterFile-20260901-101019.xlsx,raw/terna/historical_2024/Terna_Hydro_Production_By_Type_2024_RAW.xlsx,e5d0c67eba558f692fb66c9ba806356fdd3f4b2dfe7bb270ff5a463506640e9f
TERNA2024_HYDRO_TYPE_NET_067,2024,Netta,NET,13,Abruzzo,Abruzzo,068,Pescara,Pescara,CSUD,Fluente,HYDRO_RUN_OF_RIVER,false,270.27448,270.27448,NUMBER,TYPED_NUMERIC_CELL,133,1,UNIQUE_VISIBLE_GRAIN,TERNA_DOWNLOAD_CENTER_HYDRO_PRODUCTION_BY_TYPE_2024,Export-DownloadCenterFile-20260901-101019.xlsx,raw/terna/historical_2024/Terna_Hydro_Production_By_Type_2024_RAW.xlsx,e5d0c67eba558f692fb66c9ba806356fdd3f4b2dfe7bb270ff5a463506640e9f
TERNA2024_HYDRO_TYPE_NET_068,2024,Netta,NET,13,Abruzzo,Abruzzo,067,Teramo,Teramo,CSUD,Bacino,HYDRO_BASIN,false,103.232864,103.232864,NUMBER,TYPED_NUMERIC_CELL,138,1,UNIQUE_VISIBLE_GRAIN,TERNA_DOWNLOAD_CENTER_HYDRO_PRODUCTION_BY_TYPE_2024,Export-DownloadCenterFile-20260901-101019.xlsx,raw/terna/historical_2024/Terna_Hydro_Production_By_Type_2024_RAW.xlsx,e5d0c67eba558f692fb66c9ba806356fdd3f4b2dfe7bb270ff5a463506640e9f
TERNA2024_HYDRO_TYPE_NET_069,2024,Netta,NET,13,Abruzzo,Abruzzo,067,Teramo,Teramo,CSUD,Fluente,HYDRO_RUN_OF_RIVER,false,23.862484,23.862484,NUMBER,TYPED_NUMERIC_CELL,139,1,UNIQUE_VISIBLE_GRAIN,TERNA_DOWNLOAD_CENTER_HYDRO_PRODUCTION_BY_TYPE_2024,Export-DownloadCenterFile-20260901-101019.xlsx,raw/terna/historical_2024/Terna_Hydro_Production_By_Type_2024_RAW.xlsx,e5d0c67eba558f692fb66c9ba806356fdd3f4b2dfe7bb270ff5a463506640e9f
TERNA2024_HYDRO_TYPE_NET_070,2024,Netta,NET,13,Abruzzo,Abruzzo,067,Teramo,Teramo,CSUD,Serbatoio (compresi eventuali pompaggi),HYDRO_RESERVOIR_INCL_PUMPING,MIXED_INCLUDES_PUMPED_HYDRO,231.40416,231.40416,NUMBER,TYPED_NUMERIC_CELL,140,2,MULTIPLE_SOURCE_ROWS_RETAINED_FOR_AGGREGATION,TERNA_DOWNLOAD_CENTER_HYDRO_PRODUCTION_BY_TYPE_2024,Export-DownloadCenterFile-20260901-101019.xlsx,raw/terna/historical_2024/Terna_Hydro_Production_By_Type_2024_RAW.xlsx,e5d0c67eba558f692fb66c9ba806356fdd3f4b2dfe7bb270ff5a463506640e9f
TERNA2024_HYDRO_TYPE_NET_071,2024,Netta,NET,13,Abruzzo,Abruzzo,067,Teramo,Teramo,CSUD,Serbatoio (compresi eventuali pompaggi),HYDRO_RESERVOIR_INCL_PUMPING,MIXED_INCLUDES_PUMPED_HYDRO,0.001068,0.001068,NUMBER,TYPED_NUMERIC_CELL,141,2,MULTIPLE_SOURCE_ROWS_RETAINED_FOR_AGGREGATION,TERNA_DOWNLOAD_CENTER_HYDRO_PRODUCTION_BY_TYPE_2024,Export-DownloadCenterFile-20260901-101019.xlsx,raw/terna/historical_2024/Terna_Hydro_Production_By_Type_2024_RAW.xlsx,e5d0c67eba558f692fb66c9ba806356fdd3f4b2dfe7bb270ff5a463506640e9f
TERNA2024_HYDRO_TYPE_NET_072,2024,Netta,NET,17,Basilicata,Basilicata,077,Matera,Matera,SUD,Fluente,HYDRO_RUN_OF_RIVER,false,0.85977,0.85977,NUMBER,TYPED_NUMERIC_CELL,144,1,UNIQUE_VISIBLE_GRAIN,TERNA_DOWNLOAD_CENTER_HYDRO_PRODUCTION_BY_TYPE_2024,Export-DownloadCenterFile-20260901-101019.xlsx,raw/terna/historical_2024/Terna_Hydro_Production_By_Type_2024_RAW.xlsx,e5d0c67eba558f692fb66c9ba806356fdd3f4b2dfe7bb270ff5a463506640e9f
TERNA2024_HYDRO_TYPE_NET_073,2024,Netta,NET,17,Basilicata,Basilicata,077,Matera,Matera,SUD,Serbatoio (compresi eventuali pompaggi),HYDRO_RESERVOIR_INCL_PUMPING,MIXED_INCLUDES_PUMPED_HYDRO,0,0,NUMBER,TYPED_NUMERIC_CELL,145,1,UNIQUE_VISIBLE_GRAIN,TERNA_DOWNLOAD_CENTER_HYDRO_PRODUCTION_BY_TYPE_2024,Export-DownloadCenterFile-20260901-101019.xlsx,raw/terna/historical_2024/Terna_Hydro_Production_By_Type_2024_RAW.xlsx,e5d0c67eba558f692fb66c9ba806356fdd3f4b2dfe7bb270ff5a463506640e9f
TERNA2024_HYDRO_TYPE_NET_074,2024,Netta,NET,17,Basilicata,Basilicata,076,Potenza,Potenza,SUD,Fluente,HYDRO_RUN_OF_RIVER,false,18.746042,18.746042,NUMBER,TYPED_NUMERIC_CELL,148,1,UNIQUE_VISIBLE_GRAIN,TERNA_DOWNLOAD_CENTER_HYDRO_PRODUCTION_BY_TYPE_2024,Export-DownloadCenterFile-20260901-101019.xlsx,raw/terna/historical_2024/Terna_Hydro_Production_By_Type_2024_RAW.xlsx,e5d0c67eba558f692fb66c9ba806356fdd3f4b2dfe7bb270ff5a463506640e9f
TERNA2024_HYDRO_TYPE_NET_075,2024,Netta,NET,17,Basilicata,Basilicata,076,Potenza,Potenza,SUD,Serbatoio (compresi eventuali pompaggi),HYDRO_RESERVOIR_INCL_PUMPING,MIXED_INCLUDES_PUMPED_HYDRO,195.78711,195.78711,NUMBER,TYPED_NUMERIC_CELL,149,1,UNIQUE_VISIBLE_GRAIN,TERNA_DOWNLOAD_CENTER_HYDRO_PRODUCTION_BY_TYPE_2024,Export-DownloadCenterFile-20260901-101019.xlsx,raw/terna/historical_2024/Terna_Hydro_Production_By_Type_2024_RAW.xlsx,e5d0c67eba558f692fb66c9ba806356fdd3f4b2dfe7bb270ff5a463506640e9f
TERNA2024_HYDRO_TYPE_NET_076,2024,Netta,NET,18,Calabria,Calabria,079,Catanzaro,Catanzaro,CALA,Bacino,HYDRO_BASIN,false,38.483307,38.483307,NUMBER,TYPED_NUMERIC_CELL,153,1,UNIQUE_VISIBLE_GRAIN,TERNA_DOWNLOAD_CENTER_HYDRO_PRODUCTION_BY_TYPE_2024,Export-DownloadCenterFile-20260901-101019.xlsx,raw/terna/historical_2024/Terna_Hydro_Production_By_Type_2024_RAW.xlsx,e5d0c67eba558f692fb66c9ba806356fdd3f4b2dfe7bb270ff5a463506640e9f
TERNA2024_HYDRO_TYPE_NET_077,2024,Netta,NET,18,Calabria,Calabria,079,Catanzaro,Catanzaro,CALA,Fluente,HYDRO_RUN_OF_RIVER,false,37.202824,37.202824,NUMBER,TYPED_NUMERIC_CELL,154,1,UNIQUE_VISIBLE_GRAIN,TERNA_DOWNLOAD_CENTER_HYDRO_PRODUCTION_BY_TYPE_2024,Export-DownloadCenterFile-20260901-101019.xlsx,raw/terna/historical_2024/Terna_Hydro_Production_By_Type_2024_RAW.xlsx,e5d0c67eba558f692fb66c9ba806356fdd3f4b2dfe7bb270ff5a463506640e9f
TERNA2024_HYDRO_TYPE_NET_078,2024,Netta,NET,18,Calabria,Calabria,079,Catanzaro,Catanzaro,CALA,Serbatoio (compresi eventuali pompaggi),HYDRO_RESERVOIR_INCL_PUMPING,MIXED_INCLUDES_PUMPED_HYDRO,39.428413,39.428413,NUMBER,TYPED_NUMERIC_CELL,155,1,UNIQUE_VISIBLE_GRAIN,TERNA_DOWNLOAD_CENTER_HYDRO_PRODUCTION_BY_TYPE_2024,Export-DownloadCenterFile-20260901-101019.xlsx,raw/terna/historical_2024/Terna_Hydro_Production_By_Type_2024_RAW.xlsx,e5d0c67eba558f692fb66c9ba806356fdd3f4b2dfe7bb270ff5a463506640e9f
TERNA2024_HYDRO_TYPE_NET_079,2024,Netta,NET,18,Calabria,Calabria,078,Cosenza,Cosenza,CALA,Bacino,HYDRO_BASIN,false,38.095547,38.095547,NUMBER,TYPED_NUMERIC_CELL,159,1,UNIQUE_VISIBLE_GRAIN,TERNA_DOWNLOAD_CENTER_HYDRO_PRODUCTION_BY_TYPE_2024,Export-DownloadCenterFile-20260901-101019.xlsx,raw/terna/historical_2024/Terna_Hydro_Production_By_Type_2024_RAW.xlsx,e5d0c67eba558f692fb66c9ba806356fdd3f4b2dfe7bb270ff5a463506640e9f
TERNA2024_HYDRO_TYPE_NET_080,2024,Netta,NET,18,Calabria,Calabria,078,Cosenza,Cosenza,CALA,Fluente,HYDRO_RUN_OF_RIVER,false,71.80611,71.80611,NUMBER,TYPED_NUMERIC_CELL,160,1,UNIQUE_VISIBLE_GRAIN,TERNA_DOWNLOAD_CENTER_HYDRO_PRODUCTION_BY_TYPE_2024,Export-DownloadCenterFile-20260901-101019.xlsx,raw/terna/historical_2024/Terna_Hydro_Production_By_Type_2024_RAW.xlsx,e5d0c67eba558f692fb66c9ba806356fdd3f4b2dfe7bb270ff5a463506640e9f
TERNA2024_HYDRO_TYPE_NET_081,2024,Netta,NET,18,Calabria,Calabria,078,Cosenza,Cosenza,CALA,Serbatoio (compresi eventuali pompaggi),HYDRO_RESERVOIR_INCL_PUMPING,MIXED_INCLUDES_PUMPED_HYDRO,317.8629,317.8629,NUMBER,TYPED_NUMERIC_CELL,161,1,UNIQUE_VISIBLE_GRAIN,TERNA_DOWNLOAD_CENTER_HYDRO_PRODUCTION_BY_TYPE_2024,Export-DownloadCenterFile-20260901-101019.xlsx,raw/terna/historical_2024/Terna_Hydro_Production_By_Type_2024_RAW.xlsx,e5d0c67eba558f692fb66c9ba806356fdd3f4b2dfe7bb270ff5a463506640e9f
TERNA2024_HYDRO_TYPE_NET_082,2024,Netta,NET,18,Calabria,Calabria,101,Crotone,Crotone,CALA,Bacino,HYDRO_BASIN,false,218.00883,218.00883,NUMBER,TYPED_NUMERIC_CELL,164,1,UNIQUE_VISIBLE_GRAIN,TERNA_DOWNLOAD_CENTER_HYDRO_PRODUCTION_BY_TYPE_2024,Export-DownloadCenterFile-20260901-101019.xlsx,raw/terna/historical_2024/Terna_Hydro_Production_By_Type_2024_RAW.xlsx,e5d0c67eba558f692fb66c9ba806356fdd3f4b2dfe7bb270ff5a463506640e9f
TERNA2024_HYDRO_TYPE_NET_083,2024,Netta,NET,18,Calabria,Calabria,101,Crotone,Crotone,CALA,Fluente,HYDRO_RUN_OF_RIVER,false,5.497975,5.497975,NUMBER,TYPED_NUMERIC_CELL,165,1,UNIQUE_VISIBLE_GRAIN,TERNA_DOWNLOAD_CENTER_HYDRO_PRODUCTION_BY_TYPE_2024,Export-DownloadCenterFile-20260901-101019.xlsx,raw/terna/historical_2024/Terna_Hydro_Production_By_Type_2024_RAW.xlsx,e5d0c67eba558f692fb66c9ba806356fdd3f4b2dfe7bb270ff5a463506640e9f
TERNA2024_HYDRO_TYPE_NET_084,2024,Netta,NET,18,Calabria,Calabria,080,Reggio Di Calabria,Reggio di Calabria,CALA,Bacino,HYDRO_BASIN,false,5.243576,5.243576,NUMBER,TYPED_NUMERIC_CELL,168,1,UNIQUE_VISIBLE_GRAIN,TERNA_DOWNLOAD_CENTER_HYDRO_PRODUCTION_BY_TYPE_2024,Export-DownloadCenterFile-20260901-101019.xlsx,raw/terna/historical_2024/Terna_Hydro_Production_By_Type_2024_RAW.xlsx,e5d0c67eba558f692fb66c9ba806356fdd3f4b2dfe7bb270ff5a463506640e9f
TERNA2024_HYDRO_TYPE_NET_085,2024,Netta,NET,18,Calabria,Calabria,080,Reggio Di Calabria,Reggio di Calabria,CALA,Fluente,HYDRO_RUN_OF_RIVER,false,26.429003,26.429003,NUMBER,TYPED_NUMERIC_CELL,169,1,UNIQUE_VISIBLE_GRAIN,TERNA_DOWNLOAD_CENTER_HYDRO_PRODUCTION_BY_TYPE_2024,Export-DownloadCenterFile-20260901-101019.xlsx,raw/terna/historical_2024/Terna_Hydro_Production_By_Type_2024_RAW.xlsx,e5d0c67eba558f692fb66c9ba806356fdd3f4b2dfe7bb270ff5a463506640e9f
TERNA2024_HYDRO_TYPE_NET_086,2024,Netta,NET,18,Calabria,Calabria,102,Vibo Valentia,Vibo Valentia,CALA,Bacino,HYDRO_BASIN,false,2.018724,2.018724,NUMBER,TYPED_NUMERIC_CELL,173,1,UNIQUE_VISIBLE_GRAIN,TERNA_DOWNLOAD_CENTER_HYDRO_PRODUCTION_BY_TYPE_2024,Export-DownloadCenterFile-20260901-101019.xlsx,raw/terna/historical_2024/Terna_Hydro_Production_By_Type_2024_RAW.xlsx,e5d0c67eba558f692fb66c9ba806356fdd3f4b2dfe7bb270ff5a463506640e9f
TERNA2024_HYDRO_TYPE_NET_087,2024,Netta,NET,18,Calabria,Calabria,102,Vibo Valentia,Vibo Valentia,CALA,Fluente,HYDRO_RUN_OF_RIVER,false,2.440173,2.440173,NUMBER,TYPED_NUMERIC_CELL,174,1,UNIQUE_VISIBLE_GRAIN,TERNA_DOWNLOAD_CENTER_HYDRO_PRODUCTION_BY_TYPE_2024,Export-DownloadCenterFile-20260901-101019.xlsx,raw/terna/historical_2024/Terna_Hydro_Production_By_Type_2024_RAW.xlsx,e5d0c67eba558f692fb66c9ba806356fdd3f4b2dfe7bb270ff5a463506640e9f
TERNA2024_HYDRO_TYPE_NET_088,2024,Netta,NET,18,Calabria,Calabria,102,Vibo Valentia,Vibo Valentia,CALA,Serbatoio (compresi eventuali pompaggi),HYDRO_RESERVOIR_INCL_PUMPING,MIXED_INCLUDES_PUMPED_HYDRO,2.527449,2.527449,NUMBER,TYPED_NUMERIC_CELL,175,1,UNIQUE_VISIBLE_GRAIN,TERNA_DOWNLOAD_CENTER_HYDRO_PRODUCTION_BY_TYPE_2024,Export-DownloadCenterFile-20260901-101019.xlsx,raw/terna/historical_2024/Terna_Hydro_Production_By_Type_2024_RAW.xlsx,e5d0c67eba558f692fb66c9ba806356fdd3f4b2dfe7bb270ff5a463506640e9f
TERNA2024_HYDRO_TYPE_NET_089,2024,Netta,NET,11,Marche,Marche,109,Fermo,Fermo,CNOR,Bacino,HYDRO_BASIN,false,0.129621,0.129621,NUMBER,TYPED_NUMERIC_CELL,180,1,UNIQUE_VISIBLE_GRAIN,TERNA_DOWNLOAD_CENTER_HYDRO_PRODUCTION_BY_TYPE_2024,Export-DownloadCenterFile-20260901-101019.xlsx,raw/terna/historical_2024/Terna_Hydro_Production_By_Type_2024_RAW.xlsx,e5d0c67eba558f692fb66c9ba806356fdd3f4b2dfe7bb270ff5a463506640e9f
TERNA2024_HYDRO_TYPE_NET_090,2024,Netta,NET,11,Marche,Marche,109,Fermo,Fermo,CNOR,Fluente,HYDRO_RUN_OF_RIVER,false,11.364292,11.364292,NUMBER,TYPED_NUMERIC_CELL,181,1,UNIQUE_VISIBLE_GRAIN,TERNA_DOWNLOAD_CENTER_HYDRO_PRODUCTION_BY_TYPE_2024,Export-DownloadCenterFile-20260901-101019.xlsx,raw/terna/historical_2024/Terna_Hydro_Production_By_Type_2024_RAW.xlsx,e5d0c67eba558f692fb66c9ba806356fdd3f4b2dfe7bb270ff5a463506640e9f
TERNA2024_HYDRO_TYPE_NET_091,2024,Netta,NET,11,Marche,Marche,043,Macerata,Macerata,CNOR,Bacino,HYDRO_BASIN,false,19.397427,19.397427,NUMBER,TYPED_NUMERIC_CELL,185,1,UNIQUE_VISIBLE_GRAIN,TERNA_DOWNLOAD_CENTER_HYDRO_PRODUCTION_BY_TYPE_2024,Export-DownloadCenterFile-20260901-101019.xlsx,raw/terna/historical_2024/Terna_Hydro_Production_By_Type_2024_RAW.xlsx,e5d0c67eba558f692fb66c9ba806356fdd3f4b2dfe7bb270ff5a463506640e9f
TERNA2024_HYDRO_TYPE_NET_092,2024,Netta,NET,11,Marche,Marche,043,Macerata,Macerata,CNOR,Fluente,HYDRO_RUN_OF_RIVER,false,60.210316,60.210316,NUMBER,TYPED_NUMERIC_CELL,186,1,UNIQUE_VISIBLE_GRAIN,TERNA_DOWNLOAD_CENTER_HYDRO_PRODUCTION_BY_TYPE_2024,Export-DownloadCenterFile-20260901-101019.xlsx,raw/terna/historical_2024/Terna_Hydro_Production_By_Type_2024_RAW.xlsx,e5d0c67eba558f692fb66c9ba806356fdd3f4b2dfe7bb270ff5a463506640e9f
TERNA2024_HYDRO_TYPE_NET_093,2024,Netta,NET,11,Marche,Marche,043,Macerata,Macerata,CNOR,Serbatoio (compresi eventuali pompaggi),HYDRO_RESERVOIR_INCL_PUMPING,MIXED_INCLUDES_PUMPED_HYDRO,16.350672,16.350672,NUMBER,TYPED_NUMERIC_CELL,187,1,UNIQUE_VISIBLE_GRAIN,TERNA_DOWNLOAD_CENTER_HYDRO_PRODUCTION_BY_TYPE_2024,Export-DownloadCenterFile-20260901-101019.xlsx,raw/terna/historical_2024/Terna_Hydro_Production_By_Type_2024_RAW.xlsx,e5d0c67eba558f692fb66c9ba806356fdd3f4b2dfe7bb270ff5a463506640e9f
TERNA2024_HYDRO_TYPE_NET_094,2024,Netta,NET,11,Marche,Marche,041,Pesaro E Urbino,Pesaro e Urbino,CNOR,Bacino,HYDRO_BASIN,false,43.99656,43.99656,NUMBER,TYPED_NUMERIC_CELL,190,1,UNIQUE_VISIBLE_GRAIN,TERNA_DOWNLOAD_CENTER_HYDRO_PRODUCTION_BY_TYPE_2024,Export-DownloadCenterFile-20260901-101019.xlsx,raw/terna/historical_2024/Terna_Hydro_Production_By_Type_2024_RAW.xlsx,e5d0c67eba558f692fb66c9ba806356fdd3f4b2dfe7bb270ff5a463506640e9f
TERNA2024_HYDRO_TYPE_NET_095,2024,Netta,NET,11,Marche,Marche,041,Pesaro E Urbino,Pesaro e Urbino,CNOR,Fluente,HYDRO_RUN_OF_RIVER,false,7.566412,7.566412,NUMBER,TYPED_NUMERIC_CELL,191,1,UNIQUE_VISIBLE_GRAIN,TERNA_DOWNLOAD_CENTER_HYDRO_PRODUCTION_BY_TYPE_2024,Export-DownloadCenterFile-20260901-101019.xlsx,raw/terna/historical_2024/Terna_Hydro_Production_By_Type_2024_RAW.xlsx,e5d0c67eba558f692fb66c9ba806356fdd3f4b2dfe7bb270ff5a463506640e9f
TERNA2024_HYDRO_TYPE_NET_096,2024,Netta,NET,14,Molise,Molise,070,Campobasso,Campobasso,SUD,Fluente,HYDRO_RUN_OF_RIVER,false,18.906921,18.906921,NUMBER,TYPED_NUMERIC_CELL,193,1,UNIQUE_VISIBLE_GRAIN,TERNA_DOWNLOAD_CENTER_HYDRO_PRODUCTION_BY_TYPE_2024,Export-DownloadCenterFile-20260901-101019.xlsx,raw/terna/historical_2024/Terna_Hydro_Production_By_Type_2024_RAW.xlsx,e5d0c67eba558f692fb66c9ba806356fdd3f4b2dfe7bb270ff5a463506640e9f
TERNA2024_HYDRO_TYPE_NET_097,2024,Netta,NET,14,Molise,Molise,094,Isernia,Isernia,SUD,Bacino,HYDRO_BASIN,false,97.04042,97.04042,NUMBER,TYPED_NUMERIC_CELL,197,1,UNIQUE_VISIBLE_GRAIN,TERNA_DOWNLOAD_CENTER_HYDRO_PRODUCTION_BY_TYPE_2024,Export-DownloadCenterFile-20260901-101019.xlsx,raw/terna/historical_2024/Terna_Hydro_Production_By_Type_2024_RAW.xlsx,e5d0c67eba558f692fb66c9ba806356fdd3f4b2dfe7bb270ff5a463506640e9f
TERNA2024_HYDRO_TYPE_NET_098,2024,Netta,NET,14,Molise,Molise,094,Isernia,Isernia,SUD,Fluente,HYDRO_RUN_OF_RIVER,false,13.424435,13.424435,NUMBER,TYPED_NUMERIC_CELL,198,1,UNIQUE_VISIBLE_GRAIN,TERNA_DOWNLOAD_CENTER_HYDRO_PRODUCTION_BY_TYPE_2024,Export-DownloadCenterFile-20260901-101019.xlsx,raw/terna/historical_2024/Terna_Hydro_Production_By_Type_2024_RAW.xlsx,e5d0c67eba558f692fb66c9ba806356fdd3f4b2dfe7bb270ff5a463506640e9f
TERNA2024_HYDRO_TYPE_NET_099,2024,Netta,NET,14,Molise,Molise,094,Isernia,Isernia,SUD,Serbatoio (compresi eventuali pompaggi),HYDRO_RESERVOIR_INCL_PUMPING,MIXED_INCLUDES_PUMPED_HYDRO,7.207034,7.207034,NUMBER,TYPED_NUMERIC_CELL,199,1,UNIQUE_VISIBLE_GRAIN,TERNA_DOWNLOAD_CENTER_HYDRO_PRODUCTION_BY_TYPE_2024,Export-DownloadCenterFile-20260901-101019.xlsx,raw/terna/historical_2024/Terna_Hydro_Production_By_Type_2024_RAW.xlsx,e5d0c67eba558f692fb66c9ba806356fdd3f4b2dfe7bb270ff5a463506640e9f
TERNA2024_HYDRO_TYPE_NET_100,2024,Netta,NET,01,Piemonte,Piemonte,006,Alessandria,Alessandria,NORD,Bacino,HYDRO_BASIN,false,5.396804,5.396804,NUMBER,TYPED_NUMERIC_CELL,202,1,UNIQUE_VISIBLE_GRAIN,TERNA_DOWNLOAD_CENTER_HYDRO_PRODUCTION_BY_TYPE_2024,Export-DownloadCenterFile-20260901-101019.xlsx,raw/terna/historical_2024/Terna_Hydro_Production_By_Type_2024_RAW.xlsx,e5d0c67eba558f692fb66c9ba806356fdd3f4b2dfe7bb270ff5a463506640e9f
TERNA2024_HYDRO_TYPE_NET_101,2024,Netta,NET,01,Piemonte,Piemonte,006,Alessandria,Alessandria,NORD,Fluente,HYDRO_RUN_OF_RIVER,false,119.5554,119.5554,NUMBER,TYPED_NUMERIC_CELL,203,1,UNIQUE_VISIBLE_GRAIN,TERNA_DOWNLOAD_CENTER_HYDRO_PRODUCTION_BY_TYPE_2024,Export-DownloadCenterFile-20260901-101019.xlsx,raw/terna/historical_2024/Terna_Hydro_Production_By_Type_2024_RAW.xlsx,e5d0c67eba558f692fb66c9ba806356fdd3f4b2dfe7bb270ff5a463506640e9f
TERNA2024_HYDRO_TYPE_NET_102,2024,Netta,NET,01,Piemonte,Piemonte,005,Asti,Asti,NORD,Fluente,HYDRO_RUN_OF_RIVER,false,20.400297,20.400297,NUMBER,TYPED_NUMERIC_CELL,206,1,UNIQUE_VISIBLE_GRAIN,TERNA_DOWNLOAD_CENTER_HYDRO_PRODUCTION_BY_TYPE_2024,Export-DownloadCenterFile-20260901-101019.xlsx,raw/terna/historical_2024/Terna_Hydro_Production_By_Type_2024_RAW.xlsx,e5d0c67eba558f692fb66c9ba806356fdd3f4b2dfe7bb270ff5a463506640e9f
TERNA2024_HYDRO_TYPE_NET_103,2024,Netta,NET,01,Piemonte,Piemonte,005,Asti,Asti,NORD,Serbatoio (compresi eventuali pompaggi),HYDRO_RESERVOIR_INCL_PUMPING,MIXED_INCLUDES_PUMPED_HYDRO,0.006167,0.006167,NUMBER,TYPED_NUMERIC_CELL,207,1,UNIQUE_VISIBLE_GRAIN,TERNA_DOWNLOAD_CENTER_HYDRO_PRODUCTION_BY_TYPE_2024,Export-DownloadCenterFile-20260901-101019.xlsx,raw/terna/historical_2024/Terna_Hydro_Production_By_Type_2024_RAW.xlsx,e5d0c67eba558f692fb66c9ba806356fdd3f4b2dfe7bb270ff5a463506640e9f
TERNA2024_HYDRO_TYPE_NET_104,2024,Netta,NET,01,Piemonte,Piemonte,096,Biella,Biella,NORD,Bacino,HYDRO_BASIN,false,33.82732,33.82732,NUMBER,TYPED_NUMERIC_CELL,211,1,UNIQUE_VISIBLE_GRAIN,TERNA_DOWNLOAD_CENTER_HYDRO_PRODUCTION_BY_TYPE_2024,Export-DownloadCenterFile-20260901-101019.xlsx,raw/terna/historical_2024/Terna_Hydro_Production_By_Type_2024_RAW.xlsx,e5d0c67eba558f692fb66c9ba806356fdd3f4b2dfe7bb270ff5a463506640e9f
TERNA2024_HYDRO_TYPE_NET_105,2024,Netta,NET,01,Piemonte,Piemonte,096,Biella,Biella,NORD,Fluente,HYDRO_RUN_OF_RIVER,false,62.255592,62.255592,NUMBER,TYPED_NUMERIC_CELL,212,1,UNIQUE_VISIBLE_GRAIN,TERNA_DOWNLOAD_CENTER_HYDRO_PRODUCTION_BY_TYPE_2024,Export-DownloadCenterFile-20260901-101019.xlsx,raw/terna/historical_2024/Terna_Hydro_Production_By_Type_2024_RAW.xlsx,e5d0c67eba558f692fb66c9ba806356fdd3f4b2dfe7bb270ff5a463506640e9f
TERNA2024_HYDRO_TYPE_NET_106,2024,Netta,NET,01,Piemonte,Piemonte,096,Biella,Biella,NORD,Serbatoio (compresi eventuali pompaggi),HYDRO_RESERVOIR_INCL_PUMPING,MIXED_INCLUDES_PUMPED_HYDRO,4.139759,4.139759,NUMBER,TYPED_NUMERIC_CELL,213,1,UNIQUE_VISIBLE_GRAIN,TERNA_DOWNLOAD_CENTER_HYDRO_PRODUCTION_BY_TYPE_2024,Export-DownloadCenterFile-20260901-101019.xlsx,raw/terna/historical_2024/Terna_Hydro_Production_By_Type_2024_RAW.xlsx,e5d0c67eba558f692fb66c9ba806356fdd3f4b2dfe7bb270ff5a463506640e9f
TERNA2024_HYDRO_TYPE_NET_107,2024,Netta,NET,01,Piemonte,Piemonte,004,Cuneo,Cuneo,NORD,Bacino,HYDRO_BASIN,false,777.699,777.699,NUMBER,TYPED_NUMERIC_CELL,219,1,UNIQUE_VISIBLE_GRAIN,TERNA_DOWNLOAD_CENTER_HYDRO_PRODUCTION_BY_TYPE_2024,Export-DownloadCenterFile-20260901-101019.xlsx,raw/terna/historical_2024/Terna_Hydro_Production_By_Type_2024_RAW.xlsx,e5d0c67eba558f692fb66c9ba806356fdd3f4b2dfe7bb270ff5a463506640e9f
TERNA2024_HYDRO_TYPE_NET_108,2024,Netta,NET,01,Piemonte,Piemonte,004,Cuneo,Cuneo,NORD,Fluente,HYDRO_RUN_OF_RIVER,false,1093.2046,1093.2046,NUMBER,TYPED_NUMERIC_CELL,220,1,UNIQUE_VISIBLE_GRAIN,TERNA_DOWNLOAD_CENTER_HYDRO_PRODUCTION_BY_TYPE_2024,Export-DownloadCenterFile-20260901-101019.xlsx,raw/terna/historical_2024/Terna_Hydro_Production_By_Type_2024_RAW.xlsx,e5d0c67eba558f692fb66c9ba806356fdd3f4b2dfe7bb270ff5a463506640e9f
TERNA2024_HYDRO_TYPE_NET_109,2024,Netta,NET,01,Piemonte,Piemonte,004,Cuneo,Cuneo,NORD,Serbatoio (compresi eventuali pompaggi),HYDRO_RESERVOIR_INCL_PUMPING,MIXED_INCLUDES_PUMPED_HYDRO,16.827312,16.827312,NUMBER,TYPED_NUMERIC_CELL,221,3,MULTIPLE_SOURCE_ROWS_RETAINED_FOR_AGGREGATION,TERNA_DOWNLOAD_CENTER_HYDRO_PRODUCTION_BY_TYPE_2024,Export-DownloadCenterFile-20260901-101019.xlsx,raw/terna/historical_2024/Terna_Hydro_Production_By_Type_2024_RAW.xlsx,e5d0c67eba558f692fb66c9ba806356fdd3f4b2dfe7bb270ff5a463506640e9f
TERNA2024_HYDRO_TYPE_NET_110,2024,Netta,NET,01,Piemonte,Piemonte,004,Cuneo,Cuneo,NORD,Serbatoio (compresi eventuali pompaggi),HYDRO_RESERVOIR_INCL_PUMPING,MIXED_INCLUDES_PUMPED_HYDRO,273.58868,273.58868,NUMBER,TYPED_NUMERIC_CELL,222,3,MULTIPLE_SOURCE_ROWS_RETAINED_FOR_AGGREGATION,TERNA_DOWNLOAD_CENTER_HYDRO_PRODUCTION_BY_TYPE_2024,Export-DownloadCenterFile-20260901-101019.xlsx,raw/terna/historical_2024/Terna_Hydro_Production_By_Type_2024_RAW.xlsx,e5d0c67eba558f692fb66c9ba806356fdd3f4b2dfe7bb270ff5a463506640e9f
TERNA2024_HYDRO_TYPE_NET_111,2024,Netta,NET,01,Piemonte,Piemonte,004,Cuneo,Cuneo,NORD,Serbatoio (compresi eventuali pompaggi),HYDRO_RESERVOIR_INCL_PUMPING,MIXED_INCLUDES_PUMPED_HYDRO,82.18967,82.18967,NUMBER,TYPED_NUMERIC_CELL,223,3,MULTIPLE_SOURCE_ROWS_RETAINED_FOR_AGGREGATION,TERNA_DOWNLOAD_CENTER_HYDRO_PRODUCTION_BY_TYPE_2024,Export-DownloadCenterFile-20260901-101019.xlsx,raw/terna/historical_2024/Terna_Hydro_Production_By_Type_2024_RAW.xlsx,e5d0c67eba558f692fb66c9ba806356fdd3f4b2dfe7bb270ff5a463506640e9f
TERNA2024_HYDRO_TYPE_NET_112,2024,Netta,NET,01,Piemonte,Piemonte,003,Novara,Novara,NORD,Fluente,HYDRO_RUN_OF_RIVER,false,177.7783,177.7783,NUMBER,TYPED_NUMERIC_CELL,225,1,UNIQUE_VISIBLE_GRAIN,TERNA_DOWNLOAD_CENTER_HYDRO_PRODUCTION_BY_TYPE_2024,Export-DownloadCenterFile-20260901-101019.xlsx,raw/terna/historical_2024/Terna_Hydro_Production_By_Type_2024_RAW.xlsx,e5d0c67eba558f692fb66c9ba806356fdd3f4b2dfe7bb270ff5a463506640e9f
TERNA2024_HYDRO_TYPE_NET_113,2024,Netta,NET,01,Piemonte,Piemonte,001,Torino,Torino,NORD,Bacino,HYDRO_BASIN,false,246.3828,246.3828,NUMBER,TYPED_NUMERIC_CELL,230,1,UNIQUE_VISIBLE_GRAIN,TERNA_DOWNLOAD_CENTER_HYDRO_PRODUCTION_BY_TYPE_2024,Export-DownloadCenterFile-20260901-101019.xlsx,raw/terna/historical_2024/Terna_Hydro_Production_By_Type_2024_RAW.xlsx,e5d0c67eba558f692fb66c9ba806356fdd3f4b2dfe7bb270ff5a463506640e9f
TERNA2024_HYDRO_TYPE_NET_114,2024,Netta,NET,01,Piemonte,Piemonte,001,Torino,Torino,NORD,Fluente,HYDRO_RUN_OF_RIVER,false,1736.7365,1736.7365,NUMBER,TYPED_NUMERIC_CELL,231,1,UNIQUE_VISIBLE_GRAIN,TERNA_DOWNLOAD_CENTER_HYDRO_PRODUCTION_BY_TYPE_2024,Export-DownloadCenterFile-20260901-101019.xlsx,raw/terna/historical_2024/Terna_Hydro_Production_By_Type_2024_RAW.xlsx,e5d0c67eba558f692fb66c9ba806356fdd3f4b2dfe7bb270ff5a463506640e9f
TERNA2024_HYDRO_TYPE_NET_115,2024,Netta,NET,01,Piemonte,Piemonte,001,Torino,Torino,NORD,Serbatoio (compresi eventuali pompaggi),HYDRO_RESERVOIR_INCL_PUMPING,MIXED_INCLUDES_PUMPED_HYDRO,182.33243,182.33243,NUMBER,TYPED_NUMERIC_CELL,232,2,MULTIPLE_SOURCE_ROWS_RETAINED_FOR_AGGREGATION,TERNA_DOWNLOAD_CENTER_HYDRO_PRODUCTION_BY_TYPE_2024,Export-DownloadCenterFile-20260901-101019.xlsx,raw/terna/historical_2024/Terna_Hydro_Production_By_Type_2024_RAW.xlsx,e5d0c67eba558f692fb66c9ba806356fdd3f4b2dfe7bb270ff5a463506640e9f
TERNA2024_HYDRO_TYPE_NET_116,2024,Netta,NET,01,Piemonte,Piemonte,001,Torino,Torino,NORD,Serbatoio (compresi eventuali pompaggi),HYDRO_RESERVOIR_INCL_PUMPING,MIXED_INCLUDES_PUMPED_HYDRO,826.5382,826.5382,NUMBER,TYPED_NUMERIC_CELL,233,2,MULTIPLE_SOURCE_ROWS_RETAINED_FOR_AGGREGATION,TERNA_DOWNLOAD_CENTER_HYDRO_PRODUCTION_BY_TYPE_2024,Export-DownloadCenterFile-20260901-101019.xlsx,raw/terna/historical_2024/Terna_Hydro_Production_By_Type_2024_RAW.xlsx,e5d0c67eba558f692fb66c9ba806356fdd3f4b2dfe7bb270ff5a463506640e9f
TERNA2024_HYDRO_TYPE_NET_117,2024,Netta,NET,01,Piemonte,Piemonte,103,Verbano-Cusio-Ossola,Verbano-Cusio-Ossola,NORD,Bacino,HYDRO_BASIN,false,829.45795,829.45795,NUMBER,TYPED_NUMERIC_CELL,237,1,UNIQUE_VISIBLE_GRAIN,TERNA_DOWNLOAD_CENTER_HYDRO_PRODUCTION_BY_TYPE_2024,Export-DownloadCenterFile-20260901-101019.xlsx,raw/terna/historical_2024/Terna_Hydro_Production_By_Type_2024_RAW.xlsx,e5d0c67eba558f692fb66c9ba806356fdd3f4b2dfe7bb270ff5a463506640e9f
TERNA2024_HYDRO_TYPE_NET_118,2024,Netta,NET,01,Piemonte,Piemonte,103,Verbano-Cusio-Ossola,Verbano-Cusio-Ossola,NORD,Fluente,HYDRO_RUN_OF_RIVER,false,1385.7487,1385.7487,NUMBER,TYPED_NUMERIC_CELL,238,1,UNIQUE_VISIBLE_GRAIN,TERNA_DOWNLOAD_CENTER_HYDRO_PRODUCTION_BY_TYPE_2024,Export-DownloadCenterFile-20260901-101019.xlsx,raw/terna/historical_2024/Terna_Hydro_Production_By_Type_2024_RAW.xlsx,e5d0c67eba558f692fb66c9ba806356fdd3f4b2dfe7bb270ff5a463506640e9f
TERNA2024_HYDRO_TYPE_NET_119,2024,Netta,NET,01,Piemonte,Piemonte,103,Verbano-Cusio-Ossola,Verbano-Cusio-Ossola,NORD,Serbatoio (compresi eventuali pompaggi),HYDRO_RESERVOIR_INCL_PUMPING,MIXED_INCLUDES_PUMPED_HYDRO,677.01074,677.01074,NUMBER,TYPED_NUMERIC_CELL,239,1,UNIQUE_VISIBLE_GRAIN,TERNA_DOWNLOAD_CENTER_HYDRO_PRODUCTION_BY_TYPE_2024,Export-DownloadCenterFile-20260901-101019.xlsx,raw/terna/historical_2024/Terna_Hydro_Production_By_Type_2024_RAW.xlsx,e5d0c67eba558f692fb66c9ba806356fdd3f4b2dfe7bb270ff5a463506640e9f
TERNA2024_HYDRO_TYPE_NET_120,2024,Netta,NET,01,Piemonte,Piemonte,002,Vercelli,Vercelli,NORD,Bacino,HYDRO_BASIN,false,16.844557,16.844557,NUMBER,TYPED_NUMERIC_CELL,243,1,UNIQUE_VISIBLE_GRAIN,TERNA_DOWNLOAD_CENTER_HYDRO_PRODUCTION_BY_TYPE_2024,Export-DownloadCenterFile-20260901-101019.xlsx,raw/terna/historical_2024/Terna_Hydro_Production_By_Type_2024_RAW.xlsx,e5d0c67eba558f692fb66c9ba806356fdd3f4b2dfe7bb270ff5a463506640e9f
TERNA2024_HYDRO_TYPE_NET_121,2024,Netta,NET,01,Piemonte,Piemonte,002,Vercelli,Vercelli,NORD,Fluente,HYDRO_RUN_OF_RIVER,false,141.29991,141.29991,NUMBER,TYPED_NUMERIC_CELL,244,1,UNIQUE_VISIBLE_GRAIN,TERNA_DOWNLOAD_CENTER_HYDRO_PRODUCTION_BY_TYPE_2024,Export-DownloadCenterFile-20260901-101019.xlsx,raw/terna/historical_2024/Terna_Hydro_Production_By_Type_2024_RAW.xlsx,e5d0c67eba558f692fb66c9ba806356fdd3f4b2dfe7bb270ff5a463506640e9f
TERNA2024_HYDRO_TYPE_NET_122,2024,Netta,NET,01,Piemonte,Piemonte,002,Vercelli,Vercelli,NORD,Serbatoio (compresi eventuali pompaggi),HYDRO_RESERVOIR_INCL_PUMPING,MIXED_INCLUDES_PUMPED_HYDRO,0.947308,0.947308,NUMBER,TYPED_NUMERIC_CELL,245,1,UNIQUE_VISIBLE_GRAIN,TERNA_DOWNLOAD_CENTER_HYDRO_PRODUCTION_BY_TYPE_2024,Export-DownloadCenterFile-20260901-101019.xlsx,raw/terna/historical_2024/Terna_Hydro_Production_By_Type_2024_RAW.xlsx,e5d0c67eba558f692fb66c9ba806356fdd3f4b2dfe7bb270ff5a463506640e9f
TERNA2024_HYDRO_TYPE_NET_123,2024,Netta,NET,16,Puglia,Puglia,072,Bari,Bari,SUD,Fluente,HYDRO_RUN_OF_RIVER,false,1.888802,1.888802,NUMBER,TYPED_NUMERIC_CELL,248,1,UNIQUE_VISIBLE_GRAIN,TERNA_DOWNLOAD_CENTER_HYDRO_PRODUCTION_BY_TYPE_2024,Export-DownloadCenterFile-20260901-101019.xlsx,raw/terna/historical_2024/Terna_Hydro_Production_By_Type_2024_RAW.xlsx,e5d0c67eba558f692fb66c9ba806356fdd3f4b2dfe7bb270ff5a463506640e9f
TERNA2024_HYDRO_TYPE_NET_124,2024,Netta,NET,16,Puglia,Puglia,072,Bari,Bari,SUD,Serbatoio (compresi eventuali pompaggi),HYDRO_RESERVOIR_INCL_PUMPING,MIXED_INCLUDES_PUMPED_HYDRO,0,0,NUMBER,TYPED_NUMERIC_CELL,249,1,UNIQUE_VISIBLE_GRAIN,TERNA_DOWNLOAD_CENTER_HYDRO_PRODUCTION_BY_TYPE_2024,Export-DownloadCenterFile-20260901-101019.xlsx,raw/terna/historical_2024/Terna_Hydro_Production_By_Type_2024_RAW.xlsx,e5d0c67eba558f692fb66c9ba806356fdd3f4b2dfe7bb270ff5a463506640e9f
TERNA2024_HYDRO_TYPE_NET_125,2024,Netta,NET,16,Puglia,Puglia,110,Barletta-Andria-Trani,Barletta-Andria-Trani,SUD,Fluente,HYDRO_RUN_OF_RIVER,false,3.239101,3.239101,NUMBER,TYPED_NUMERIC_CELL,251,1,UNIQUE_VISIBLE_GRAIN,TERNA_DOWNLOAD_CENTER_HYDRO_PRODUCTION_BY_TYPE_2024,Export-DownloadCenterFile-20260901-101019.xlsx,raw/terna/historical_2024/Terna_Hydro_Production_By_Type_2024_RAW.xlsx,e5d0c67eba558f692fb66c9ba806356fdd3f4b2dfe7bb270ff5a463506640e9f
TERNA2024_HYDRO_TYPE_NET_126,2024,Netta,NET,16,Puglia,Puglia,074,Brindisi,Brindisi,SUD,Fluente,HYDRO_RUN_OF_RIVER,false,1.151248,1.151248,NUMBER,TYPED_NUMERIC_CELL,253,1,UNIQUE_VISIBLE_GRAIN,TERNA_DOWNLOAD_CENTER_HYDRO_PRODUCTION_BY_TYPE_2024,Export-DownloadCenterFile-20260901-101019.xlsx,raw/terna/historical_2024/Terna_Hydro_Production_By_Type_2024_RAW.xlsx,e5d0c67eba558f692fb66c9ba806356fdd3f4b2dfe7bb270ff5a463506640e9f
TERNA2024_HYDRO_TYPE_NET_127,2024,Netta,NET,16,Puglia,Puglia,073,Taranto,Taranto,SUD,Fluente,HYDRO_RUN_OF_RIVER,false,2.130721,2.130721,NUMBER,TYPED_NUMERIC_CELL,255,1,UNIQUE_VISIBLE_GRAIN,TERNA_DOWNLOAD_CENTER_HYDRO_PRODUCTION_BY_TYPE_2024,Export-DownloadCenterFile-20260901-101019.xlsx,raw/terna/historical_2024/Terna_Hydro_Production_By_Type_2024_RAW.xlsx,e5d0c67eba558f692fb66c9ba806356fdd3f4b2dfe7bb270ff5a463506640e9f
TERNA2024_HYDRO_TYPE_NET_128,2024,Netta,NET,20,Sardegna,Sardegna,092,Cagliari,Cagliari,SARD,Fluente,HYDRO_RUN_OF_RIVER,false,0.740211,0.740211,NUMBER,TYPED_NUMERIC_CELL,257,1,UNIQUE_VISIBLE_GRAIN,TERNA_DOWNLOAD_CENTER_HYDRO_PRODUCTION_BY_TYPE_2024,Export-DownloadCenterFile-20260901-101019.xlsx,raw/terna/historical_2024/Terna_Hydro_Production_By_Type_2024_RAW.xlsx,e5d0c67eba558f692fb66c9ba806356fdd3f4b2dfe7bb270ff5a463506640e9f
TERNA2024_HYDRO_TYPE_NET_129,2024,Netta,NET,20,Sardegna,Sardegna,091,Nuoro,Nuoro,SARD,Fluente,HYDRO_RUN_OF_RIVER,false,0.801378,0.801378,NUMBER,TYPED_NUMERIC_CELL,261,1,UNIQUE_VISIBLE_GRAIN,TERNA_DOWNLOAD_CENTER_HYDRO_PRODUCTION_BY_TYPE_2024,Export-DownloadCenterFile-20260901-101019.xlsx,raw/terna/historical_2024/Terna_Hydro_Production_By_Type_2024_RAW.xlsx,e5d0c67eba558f692fb66c9ba806356fdd3f4b2dfe7bb270ff5a463506640e9f
TERNA2024_HYDRO_TYPE_NET_130,2024,Netta,NET,20,Sardegna,Sardegna,091,Nuoro,Nuoro,SARD,Serbatoio (compresi eventuali pompaggi),HYDRO_RESERVOIR_INCL_PUMPING,MIXED_INCLUDES_PUMPED_HYDRO,244.45006,244.45006,NUMBER,TYPED_NUMERIC_CELL,262,2,MULTIPLE_SOURCE_ROWS_RETAINED_FOR_AGGREGATION,TERNA_DOWNLOAD_CENTER_HYDRO_PRODUCTION_BY_TYPE_2024,Export-DownloadCenterFile-20260901-101019.xlsx,raw/terna/historical_2024/Terna_Hydro_Production_By_Type_2024_RAW.xlsx,e5d0c67eba558f692fb66c9ba806356fdd3f4b2dfe7bb270ff5a463506640e9f
TERNA2024_HYDRO_TYPE_NET_131,2024,Netta,NET,20,Sardegna,Sardegna,091,Nuoro,Nuoro,SARD,Serbatoio (compresi eventuali pompaggi),HYDRO_RESERVOIR_INCL_PUMPING,MIXED_INCLUDES_PUMPED_HYDRO,65.72602,65.72602,NUMBER,TYPED_NUMERIC_CELL,263,2,MULTIPLE_SOURCE_ROWS_RETAINED_FOR_AGGREGATION,TERNA_DOWNLOAD_CENTER_HYDRO_PRODUCTION_BY_TYPE_2024,Export-DownloadCenterFile-20260901-101019.xlsx,raw/terna/historical_2024/Terna_Hydro_Production_By_Type_2024_RAW.xlsx,e5d0c67eba558f692fb66c9ba806356fdd3f4b2dfe7bb270ff5a463506640e9f
TERNA2024_HYDRO_TYPE_NET_132,2024,Netta,NET,20,Sardegna,Sardegna,095,Oristano,Oristano,SARD,Bacino,HYDRO_BASIN,false,2.419505,2.419505,NUMBER,TYPED_NUMERIC_CELL,266,1,UNIQUE_VISIBLE_GRAIN,TERNA_DOWNLOAD_CENTER_HYDRO_PRODUCTION_BY_TYPE_2024,Export-DownloadCenterFile-20260901-101019.xlsx,raw/terna/historical_2024/Terna_Hydro_Production_By_Type_2024_RAW.xlsx,e5d0c67eba558f692fb66c9ba806356fdd3f4b2dfe7bb270ff5a463506640e9f
TERNA2024_HYDRO_TYPE_NET_133,2024,Netta,NET,20,Sardegna,Sardegna,095,Oristano,Oristano,SARD,Serbatoio (compresi eventuali pompaggi),HYDRO_RESERVOIR_INCL_PUMPING,MIXED_INCLUDES_PUMPED_HYDRO,33.90061,33.90061,NUMBER,TYPED_NUMERIC_CELL,267,1,UNIQUE_VISIBLE_GRAIN,TERNA_DOWNLOAD_CENTER_HYDRO_PRODUCTION_BY_TYPE_2024,Export-DownloadCenterFile-20260901-101019.xlsx,raw/terna/historical_2024/Terna_Hydro_Production_By_Type_2024_RAW.xlsx,e5d0c67eba558f692fb66c9ba806356fdd3f4b2dfe7bb270ff5a463506640e9f
TERNA2024_HYDRO_TYPE_NET_134,2024,Netta,NET,20,Sardegna,Sardegna,090,Sassari,Sassari,SARD,Bacino,HYDRO_BASIN,false,2.001352,2.001352,NUMBER,TYPED_NUMERIC_CELL,270,1,UNIQUE_VISIBLE_GRAIN,TERNA_DOWNLOAD_CENTER_HYDRO_PRODUCTION_BY_TYPE_2024,Export-DownloadCenterFile-20260901-101019.xlsx,raw/terna/historical_2024/Terna_Hydro_Production_By_Type_2024_RAW.xlsx,e5d0c67eba558f692fb66c9ba806356fdd3f4b2dfe7bb270ff5a463506640e9f
TERNA2024_HYDRO_TYPE_NET_135,2024,Netta,NET,20,Sardegna,Sardegna,090,Sassari,Sassari,SARD,Serbatoio (compresi eventuali pompaggi),HYDRO_RESERVOIR_INCL_PUMPING,MIXED_INCLUDES_PUMPED_HYDRO,20.265577,20.265577,NUMBER,TYPED_NUMERIC_CELL,271,1,UNIQUE_VISIBLE_GRAIN,TERNA_DOWNLOAD_CENTER_HYDRO_PRODUCTION_BY_TYPE_2024,Export-DownloadCenterFile-20260901-101019.xlsx,raw/terna/historical_2024/Terna_Hydro_Production_By_Type_2024_RAW.xlsx,e5d0c67eba558f692fb66c9ba806356fdd3f4b2dfe7bb270ff5a463506640e9f
TERNA2024_HYDRO_TYPE_NET_136,2024,Netta,NET,20,Sardegna,Sardegna,111,Sud Sardegna,Sud Sardegna,SARD,Fluente,HYDRO_RUN_OF_RIVER,false,5.137761,5.137761,NUMBER,TYPED_NUMERIC_CELL,273,1,UNIQUE_VISIBLE_GRAIN,TERNA_DOWNLOAD_CENTER_HYDRO_PRODUCTION_BY_TYPE_2024,Export-DownloadCenterFile-20260901-101019.xlsx,raw/terna/historical_2024/Terna_Hydro_Production_By_Type_2024_RAW.xlsx,e5d0c67eba558f692fb66c9ba806356fdd3f4b2dfe7bb270ff5a463506640e9f
TERNA2024_HYDRO_TYPE_NET_137,2024,Netta,NET,19,Sicilia,Sicilia,084,Agrigento,Agrigento,SICI,Bacino,HYDRO_BASIN,false,3.75795,3.75795,NUMBER,TYPED_NUMERIC_CELL,276,1,UNIQUE_VISIBLE_GRAIN,TERNA_DOWNLOAD_CENTER_HYDRO_PRODUCTION_BY_TYPE_2024,Export-DownloadCenterFile-20260901-101019.xlsx,raw/terna/historical_2024/Terna_Hydro_Production_By_Type_2024_RAW.xlsx,e5d0c67eba558f692fb66c9ba806356fdd3f4b2dfe7bb270ff5a463506640e9f
TERNA2024_HYDRO_TYPE_NET_138,2024,Netta,NET,19,Sicilia,Sicilia,084,Agrigento,Agrigento,SICI,Fluente,HYDRO_RUN_OF_RIVER,false,0.111724,0.111724,NUMBER,TYPED_NUMERIC_CELL,277,1,UNIQUE_VISIBLE_GRAIN,TERNA_DOWNLOAD_CENTER_HYDRO_PRODUCTION_BY_TYPE_2024,Export-DownloadCenterFile-20260901-101019.xlsx,raw/terna/historical_2024/Terna_Hydro_Production_By_Type_2024_RAW.xlsx,e5d0c67eba558f692fb66c9ba806356fdd3f4b2dfe7bb270ff5a463506640e9f
TERNA2024_HYDRO_TYPE_NET_139,2024,Netta,NET,19,Sicilia,Sicilia,085,Caltanissetta,Caltanissetta,SICI,Fluente,HYDRO_RUN_OF_RIVER,false,0.245756,0.245756,NUMBER,TYPED_NUMERIC_CELL,279,1,UNIQUE_VISIBLE_GRAIN,TERNA_DOWNLOAD_CENTER_HYDRO_PRODUCTION_BY_TYPE_2024,Export-DownloadCenterFile-20260901-101019.xlsx,raw/terna/historical_2024/Terna_Hydro_Production_By_Type_2024_RAW.xlsx,e5d0c67eba558f692fb66c9ba806356fdd3f4b2dfe7bb270ff5a463506640e9f
TERNA2024_HYDRO_TYPE_NET_140,2024,Netta,NET,19,Sicilia,Sicilia,087,Catania,Catania,SICI,Bacino,HYDRO_BASIN,false,5.070877,5.070877,NUMBER,TYPED_NUMERIC_CELL,283,1,UNIQUE_VISIBLE_GRAIN,TERNA_DOWNLOAD_CENTER_HYDRO_PRODUCTION_BY_TYPE_2024,Export-DownloadCenterFile-20260901-101019.xlsx,raw/terna/historical_2024/Terna_Hydro_Production_By_Type_2024_RAW.xlsx,e5d0c67eba558f692fb66c9ba806356fdd3f4b2dfe7bb270ff5a463506640e9f
TERNA2024_HYDRO_TYPE_NET_141,2024,Netta,NET,19,Sicilia,Sicilia,087,Catania,Catania,SICI,Fluente,HYDRO_RUN_OF_RIVER,false,13.589076,13.589076,NUMBER,TYPED_NUMERIC_CELL,284,1,UNIQUE_VISIBLE_GRAIN,TERNA_DOWNLOAD_CENTER_HYDRO_PRODUCTION_BY_TYPE_2024,Export-DownloadCenterFile-20260901-101019.xlsx,raw/terna/historical_2024/Terna_Hydro_Production_By_Type_2024_RAW.xlsx,e5d0c67eba558f692fb66c9ba806356fdd3f4b2dfe7bb270ff5a463506640e9f
TERNA2024_HYDRO_TYPE_NET_142,2024,Netta,NET,19,Sicilia,Sicilia,087,Catania,Catania,SICI,Serbatoio (compresi eventuali pompaggi),HYDRO_RESERVOIR_INCL_PUMPING,MIXED_INCLUDES_PUMPED_HYDRO,0,0,NUMBER,TYPED_NUMERIC_CELL,285,1,UNIQUE_VISIBLE_GRAIN,TERNA_DOWNLOAD_CENTER_HYDRO_PRODUCTION_BY_TYPE_2024,Export-DownloadCenterFile-20260901-101019.xlsx,raw/terna/historical_2024/Terna_Hydro_Production_By_Type_2024_RAW.xlsx,e5d0c67eba558f692fb66c9ba806356fdd3f4b2dfe7bb270ff5a463506640e9f
TERNA2024_HYDRO_TYPE_NET_143,2024,Netta,NET,19,Sicilia,Sicilia,086,Enna,Enna,SICI,Serbatoio (compresi eventuali pompaggi),HYDRO_RESERVOIR_INCL_PUMPING,MIXED_INCLUDES_PUMPED_HYDRO,0.012075,0.012075,NUMBER,TYPED_NUMERIC_CELL,287,1,UNIQUE_VISIBLE_GRAIN,TERNA_DOWNLOAD_CENTER_HYDRO_PRODUCTION_BY_TYPE_2024,Export-DownloadCenterFile-20260901-101019.xlsx,raw/terna/historical_2024/Terna_Hydro_Production_By_Type_2024_RAW.xlsx,e5d0c67eba558f692fb66c9ba806356fdd3f4b2dfe7bb270ff5a463506640e9f
TERNA2024_HYDRO_TYPE_NET_144,2024,Netta,NET,19,Sicilia,Sicilia,083,Messina,Messina,SICI,Fluente,HYDRO_RUN_OF_RIVER,false,2.946906,2.946906,NUMBER,TYPED_NUMERIC_CELL,290,1,UNIQUE_VISIBLE_GRAIN,TERNA_DOWNLOAD_CENTER_HYDRO_PRODUCTION_BY_TYPE_2024,Export-DownloadCenterFile-20260901-101019.xlsx,raw/terna/historical_2024/Terna_Hydro_Production_By_Type_2024_RAW.xlsx,e5d0c67eba558f692fb66c9ba806356fdd3f4b2dfe7bb270ff5a463506640e9f
TERNA2024_HYDRO_TYPE_NET_145,2024,Netta,NET,19,Sicilia,Sicilia,083,Messina,Messina,SICI,Serbatoio (compresi eventuali pompaggi),HYDRO_RESERVOIR_INCL_PUMPING,MIXED_INCLUDES_PUMPED_HYDRO,0.000001,0.000001,NUMBER,TYPED_NUMERIC_CELL,291,1,UNIQUE_VISIBLE_GRAIN,TERNA_DOWNLOAD_CENTER_HYDRO_PRODUCTION_BY_TYPE_2024,Export-DownloadCenterFile-20260901-101019.xlsx,raw/terna/historical_2024/Terna_Hydro_Production_By_Type_2024_RAW.xlsx,e5d0c67eba558f692fb66c9ba806356fdd3f4b2dfe7bb270ff5a463506640e9f
TERNA2024_HYDRO_TYPE_NET_146,2024,Netta,NET,19,Sicilia,Sicilia,082,Palermo,Palermo,SICI,Fluente,HYDRO_RUN_OF_RIVER,false,2.162918,2.162918,NUMBER,TYPED_NUMERIC_CELL,295,1,UNIQUE_VISIBLE_GRAIN,TERNA_DOWNLOAD_CENTER_HYDRO_PRODUCTION_BY_TYPE_2024,Export-DownloadCenterFile-20260901-101019.xlsx,raw/terna/historical_2024/Terna_Hydro_Production_By_Type_2024_RAW.xlsx,e5d0c67eba558f692fb66c9ba806356fdd3f4b2dfe7bb270ff5a463506640e9f
TERNA2024_HYDRO_TYPE_NET_147,2024,Netta,NET,19,Sicilia,Sicilia,082,Palermo,Palermo,SICI,Serbatoio (compresi eventuali pompaggi),HYDRO_RESERVOIR_INCL_PUMPING,MIXED_INCLUDES_PUMPED_HYDRO,3.559182,3.559182,NUMBER,TYPED_NUMERIC_CELL,296,2,MULTIPLE_SOURCE_ROWS_RETAINED_FOR_AGGREGATION,TERNA_DOWNLOAD_CENTER_HYDRO_PRODUCTION_BY_TYPE_2024,Export-DownloadCenterFile-20260901-101019.xlsx,raw/terna/historical_2024/Terna_Hydro_Production_By_Type_2024_RAW.xlsx,e5d0c67eba558f692fb66c9ba806356fdd3f4b2dfe7bb270ff5a463506640e9f
TERNA2024_HYDRO_TYPE_NET_148,2024,Netta,NET,19,Sicilia,Sicilia,082,Palermo,Palermo,SICI,Serbatoio (compresi eventuali pompaggi),HYDRO_RESERVOIR_INCL_PUMPING,MIXED_INCLUDES_PUMPED_HYDRO,0.633201,0.633201,NUMBER,TYPED_NUMERIC_CELL,297,2,MULTIPLE_SOURCE_ROWS_RETAINED_FOR_AGGREGATION,TERNA_DOWNLOAD_CENTER_HYDRO_PRODUCTION_BY_TYPE_2024,Export-DownloadCenterFile-20260901-101019.xlsx,raw/terna/historical_2024/Terna_Hydro_Production_By_Type_2024_RAW.xlsx,e5d0c67eba558f692fb66c9ba806356fdd3f4b2dfe7bb270ff5a463506640e9f
TERNA2024_HYDRO_TYPE_NET_149,2024,Netta,NET,19,Sicilia,Sicilia,089,Siracusa,Siracusa,SICI,Bacino,HYDRO_BASIN,false,2.069253,2.069253,NUMBER,TYPED_NUMERIC_CELL,301,1,UNIQUE_VISIBLE_GRAIN,TERNA_DOWNLOAD_CENTER_HYDRO_PRODUCTION_BY_TYPE_2024,Export-DownloadCenterFile-20260901-101019.xlsx,raw/terna/historical_2024/Terna_Hydro_Production_By_Type_2024_RAW.xlsx,e5d0c67eba558f692fb66c9ba806356fdd3f4b2dfe7bb270ff5a463506640e9f
TERNA2024_HYDRO_TYPE_NET_150,2024,Netta,NET,19,Sicilia,Sicilia,089,Siracusa,Siracusa,SICI,Fluente,HYDRO_RUN_OF_RIVER,false,4.519509,4.519509,NUMBER,TYPED_NUMERIC_CELL,302,1,UNIQUE_VISIBLE_GRAIN,TERNA_DOWNLOAD_CENTER_HYDRO_PRODUCTION_BY_TYPE_2024,Export-DownloadCenterFile-20260901-101019.xlsx,raw/terna/historical_2024/Terna_Hydro_Production_By_Type_2024_RAW.xlsx,e5d0c67eba558f692fb66c9ba806356fdd3f4b2dfe7bb270ff5a463506640e9f
TERNA2024_HYDRO_TYPE_NET_151,2024,Netta,NET,19,Sicilia,Sicilia,089,Siracusa,Siracusa,SICI,Serbatoio (compresi eventuali pompaggi),HYDRO_RESERVOIR_INCL_PUMPING,MIXED_INCLUDES_PUMPED_HYDRO,202.73788,202.73788,NUMBER,TYPED_NUMERIC_CELL,303,1,UNIQUE_VISIBLE_GRAIN,TERNA_DOWNLOAD_CENTER_HYDRO_PRODUCTION_BY_TYPE_2024,Export-DownloadCenterFile-20260901-101019.xlsx,raw/terna/historical_2024/Terna_Hydro_Production_By_Type_2024_RAW.xlsx,e5d0c67eba558f692fb66c9ba806356fdd3f4b2dfe7bb270ff5a463506640e9f
TERNA2024_HYDRO_TYPE_NET_152,2024,Netta,NET,19,Sicilia,Sicilia,081,Trapani,Trapani,SICI,Fluente,HYDRO_RUN_OF_RIVER,false,0.095679,0.095679,NUMBER,TYPED_NUMERIC_CELL,305,1,UNIQUE_VISIBLE_GRAIN,TERNA_DOWNLOAD_CENTER_HYDRO_PRODUCTION_BY_TYPE_2024,Export-DownloadCenterFile-20260901-101019.xlsx,raw/terna/historical_2024/Terna_Hydro_Production_By_Type_2024_RAW.xlsx,e5d0c67eba558f692fb66c9ba806356fdd3f4b2dfe7bb270ff5a463506640e9f
TERNA2024_HYDRO_TYPE_NET_153,2024,Netta,NET,09,Toscana,Toscana,051,Arezzo,Arezzo,CNOR,Bacino,HYDRO_BASIN,false,62.338642,62.338642,NUMBER,TYPED_NUMERIC_CELL,308,1,UNIQUE_VISIBLE_GRAIN,TERNA_DOWNLOAD_CENTER_HYDRO_PRODUCTION_BY_TYPE_2024,Export-DownloadCenterFile-20260901-101019.xlsx,raw/terna/historical_2024/Terna_Hydro_Production_By_Type_2024_RAW.xlsx,e5d0c67eba558f692fb66c9ba806356fdd3f4b2dfe7bb270ff5a463506640e9f
TERNA2024_HYDRO_TYPE_NET_154,2024,Netta,NET,09,Toscana,Toscana,051,Arezzo,Arezzo,CNOR,Fluente,HYDRO_RUN_OF_RIVER,false,27.092857,27.092857,NUMBER,TYPED_NUMERIC_CELL,309,1,UNIQUE_VISIBLE_GRAIN,TERNA_DOWNLOAD_CENTER_HYDRO_PRODUCTION_BY_TYPE_2024,Export-DownloadCenterFile-20260901-101019.xlsx,raw/terna/historical_2024/Terna_Hydro_Production_By_Type_2024_RAW.xlsx,e5d0c67eba558f692fb66c9ba806356fdd3f4b2dfe7bb270ff5a463506640e9f
TERNA2024_HYDRO_TYPE_NET_155,2024,Netta,NET,09,Toscana,Toscana,048,Firenze,Firenze,CNOR,Fluente,HYDRO_RUN_OF_RIVER,false,27.489798,27.489798,NUMBER,TYPED_NUMERIC_CELL,311,1,UNIQUE_VISIBLE_GRAIN,TERNA_DOWNLOAD_CENTER_HYDRO_PRODUCTION_BY_TYPE_2024,Export-DownloadCenterFile-20260901-101019.xlsx,raw/terna/historical_2024/Terna_Hydro_Production_By_Type_2024_RAW.xlsx,e5d0c67eba558f692fb66c9ba806356fdd3f4b2dfe7bb270ff5a463506640e9f
TERNA2024_HYDRO_TYPE_NET_156,2024,Netta,NET,09,Toscana,Toscana,053,Grosseto,Grosseto,CNOR,Fluente,HYDRO_RUN_OF_RIVER,false,2.706476,2.706476,NUMBER,TYPED_NUMERIC_CELL,313,1,UNIQUE_VISIBLE_GRAIN,TERNA_DOWNLOAD_CENTER_HYDRO_PRODUCTION_BY_TYPE_2024,Export-DownloadCenterFile-20260901-101019.xlsx,raw/terna/historical_2024/Terna_Hydro_Production_By_Type_2024_RAW.xlsx,e5d0c67eba558f692fb66c9ba806356fdd3f4b2dfe7bb270ff5a463506640e9f
TERNA2024_HYDRO_TYPE_NET_157,2024,Netta,NET,09,Toscana,Toscana,046,Lucca,Lucca,CNOR,Bacino,HYDRO_BASIN,false,170.5107,170.5107,NUMBER,TYPED_NUMERIC_CELL,317,1,UNIQUE_VISIBLE_GRAIN,TERNA_DOWNLOAD_CENTER_HYDRO_PRODUCTION_BY_TYPE_2024,Export-DownloadCenterFile-20260901-101019.xlsx,raw/terna/historical_2024/Terna_Hydro_Production_By_Type_2024_RAW.xlsx,e5d0c67eba558f692fb66c9ba806356fdd3f4b2dfe7bb270ff5a463506640e9f
TERNA2024_HYDRO_TYPE_NET_158,2024,Netta,NET,09,Toscana,Toscana,046,Lucca,Lucca,CNOR,Fluente,HYDRO_RUN_OF_RIVER,false,220.03339,220.03339,NUMBER,TYPED_NUMERIC_CELL,318,1,UNIQUE_VISIBLE_GRAIN,TERNA_DOWNLOAD_CENTER_HYDRO_PRODUCTION_BY_TYPE_2024,Export-DownloadCenterFile-20260901-101019.xlsx,raw/terna/historical_2024/Terna_Hydro_Production_By_Type_2024_RAW.xlsx,e5d0c67eba558f692fb66c9ba806356fdd3f4b2dfe7bb270ff5a463506640e9f
TERNA2024_HYDRO_TYPE_NET_159,2024,Netta,NET,09,Toscana,Toscana,046,Lucca,Lucca,CNOR,Serbatoio (compresi eventuali pompaggi),HYDRO_RESERVOIR_INCL_PUMPING,MIXED_INCLUDES_PUMPED_HYDRO,125.95509,125.95509,NUMBER,TYPED_NUMERIC_CELL,319,1,UNIQUE_VISIBLE_GRAIN,TERNA_DOWNLOAD_CENTER_HYDRO_PRODUCTION_BY_TYPE_2024,Export-DownloadCenterFile-20260901-101019.xlsx,raw/terna/historical_2024/Terna_Hydro_Production_By_Type_2024_RAW.xlsx,e5d0c67eba558f692fb66c9ba806356fdd3f4b2dfe7bb270ff5a463506640e9f
TERNA2024_HYDRO_TYPE_NET_160,2024,Netta,NET,09,Toscana,Toscana,045,Massa-Carrara,Massa-Carrara,CNOR,Bacino,HYDRO_BASIN,false,72.37946,72.37946,NUMBER,TYPED_NUMERIC_CELL,323,1,UNIQUE_VISIBLE_GRAIN,TERNA_DOWNLOAD_CENTER_HYDRO_PRODUCTION_BY_TYPE_2024,Export-DownloadCenterFile-20260901-101019.xlsx,raw/terna/historical_2024/Terna_Hydro_Production_By_Type_2024_RAW.xlsx,e5d0c67eba558f692fb66c9ba806356fdd3f4b2dfe7bb270ff5a463506640e9f
TERNA2024_HYDRO_TYPE_NET_161,2024,Netta,NET,09,Toscana,Toscana,045,Massa-Carrara,Massa-Carrara,CNOR,Fluente,HYDRO_RUN_OF_RIVER,false,37.575535,37.575535,NUMBER,TYPED_NUMERIC_CELL,324,1,UNIQUE_VISIBLE_GRAIN,TERNA_DOWNLOAD_CENTER_HYDRO_PRODUCTION_BY_TYPE_2024,Export-DownloadCenterFile-20260901-101019.xlsx,raw/terna/historical_2024/Terna_Hydro_Production_By_Type_2024_RAW.xlsx,e5d0c67eba558f692fb66c9ba806356fdd3f4b2dfe7bb270ff5a463506640e9f
TERNA2024_HYDRO_TYPE_NET_162,2024,Netta,NET,09,Toscana,Toscana,045,Massa-Carrara,Massa-Carrara,CNOR,Serbatoio (compresi eventuali pompaggi),HYDRO_RESERVOIR_INCL_PUMPING,MIXED_INCLUDES_PUMPED_HYDRO,2.912215,2.912215,NUMBER,TYPED_NUMERIC_CELL,325,1,UNIQUE_VISIBLE_GRAIN,TERNA_DOWNLOAD_CENTER_HYDRO_PRODUCTION_BY_TYPE_2024,Export-DownloadCenterFile-20260901-101019.xlsx,raw/terna/historical_2024/Terna_Hydro_Production_By_Type_2024_RAW.xlsx,e5d0c67eba558f692fb66c9ba806356fdd3f4b2dfe7bb270ff5a463506640e9f
TERNA2024_HYDRO_TYPE_NET_163,2024,Netta,NET,09,Toscana,Toscana,050,Pisa,Pisa,CNOR,Fluente,HYDRO_RUN_OF_RIVER,false,0.792397,0.792397,NUMBER,TYPED_NUMERIC_CELL,327,1,UNIQUE_VISIBLE_GRAIN,TERNA_DOWNLOAD_CENTER_HYDRO_PRODUCTION_BY_TYPE_2024,Export-DownloadCenterFile-20260901-101019.xlsx,raw/terna/historical_2024/Terna_Hydro_Production_By_Type_2024_RAW.xlsx,e5d0c67eba558f692fb66c9ba806356fdd3f4b2dfe7bb270ff5a463506640e9f
TERNA2024_HYDRO_TYPE_NET_164,2024,Netta,NET,09,Toscana,Toscana,047,Pistoia,Pistoia,CNOR,Bacino,HYDRO_BASIN,false,17.777859,17.777859,NUMBER,TYPED_NUMERIC_CELL,330,1,UNIQUE_VISIBLE_GRAIN,TERNA_DOWNLOAD_CENTER_HYDRO_PRODUCTION_BY_TYPE_2024,Export-DownloadCenterFile-20260901-101019.xlsx,raw/terna/historical_2024/Terna_Hydro_Production_By_Type_2024_RAW.xlsx,e5d0c67eba558f692fb66c9ba806356fdd3f4b2dfe7bb270ff5a463506640e9f
TERNA2024_HYDRO_TYPE_NET_165,2024,Netta,NET,09,Toscana,Toscana,047,Pistoia,Pistoia,CNOR,Fluente,HYDRO_RUN_OF_RIVER,false,73.711,73.711,NUMBER,TYPED_NUMERIC_CELL,331,1,UNIQUE_VISIBLE_GRAIN,TERNA_DOWNLOAD_CENTER_HYDRO_PRODUCTION_BY_TYPE_2024,Export-DownloadCenterFile-20260901-101019.xlsx,raw/terna/historical_2024/Terna_Hydro_Production_By_Type_2024_RAW.xlsx,e5d0c67eba558f692fb66c9ba806356fdd3f4b2dfe7bb270ff5a463506640e9f
TERNA2024_HYDRO_TYPE_NET_166,2024,Netta,NET,09,Toscana,Toscana,100,Prato,Prato,CNOR,Fluente,HYDRO_RUN_OF_RIVER,false,10.534108,10.534108,NUMBER,TYPED_NUMERIC_CELL,333,1,UNIQUE_VISIBLE_GRAIN,TERNA_DOWNLOAD_CENTER_HYDRO_PRODUCTION_BY_TYPE_2024,Export-DownloadCenterFile-20260901-101019.xlsx,raw/terna/historical_2024/Terna_Hydro_Production_By_Type_2024_RAW.xlsx,e5d0c67eba558f692fb66c9ba806356fdd3f4b2dfe7bb270ff5a463506640e9f
TERNA2024_HYDRO_TYPE_NET_167,2024,Netta,NET,09,Toscana,Toscana,052,Siena,Siena,CNOR,Fluente,HYDRO_RUN_OF_RIVER,false,4.107137,4.107137,NUMBER,TYPED_NUMERIC_CELL,335,1,UNIQUE_VISIBLE_GRAIN,TERNA_DOWNLOAD_CENTER_HYDRO_PRODUCTION_BY_TYPE_2024,Export-DownloadCenterFile-20260901-101019.xlsx,raw/terna/historical_2024/Terna_Hydro_Production_By_Type_2024_RAW.xlsx,e5d0c67eba558f692fb66c9ba806356fdd3f4b2dfe7bb270ff5a463506640e9f
TERNA2024_HYDRO_TYPE_NET_168,2024,Netta,NET,04,Trentino-Alto Adige,Trentino-Alto Adige/Südtirol,021,Bolzano/Bozen,Bolzano/Bozen,NORD,Bacino,HYDRO_BASIN,false,2205.4885,2205.4885,NUMBER,TYPED_NUMERIC_CELL,340,1,UNIQUE_VISIBLE_GRAIN,TERNA_DOWNLOAD_CENTER_HYDRO_PRODUCTION_BY_TYPE_2024,Export-DownloadCenterFile-20260901-101019.xlsx,raw/terna/historical_2024/Terna_Hydro_Production_By_Type_2024_RAW.xlsx,e5d0c67eba558f692fb66c9ba806356fdd3f4b2dfe7bb270ff5a463506640e9f
TERNA2024_HYDRO_TYPE_NET_169,2024,Netta,NET,04,Trentino-Alto Adige,Trentino-Alto Adige/Südtirol,021,Bolzano/Bozen,Bolzano/Bozen,NORD,Fluente,HYDRO_RUN_OF_RIVER,false,3990.5842,3990.5842,NUMBER,TYPED_NUMERIC_CELL,341,1,UNIQUE_VISIBLE_GRAIN,TERNA_DOWNLOAD_CENTER_HYDRO_PRODUCTION_BY_TYPE_2024,Export-DownloadCenterFile-20260901-101019.xlsx,raw/terna/historical_2024/Terna_Hydro_Production_By_Type_2024_RAW.xlsx,e5d0c67eba558f692fb66c9ba806356fdd3f4b2dfe7bb270ff5a463506640e9f
TERNA2024_HYDRO_TYPE_NET_170,2024,Netta,NET,04,Trentino-Alto Adige,Trentino-Alto Adige/Südtirol,021,Bolzano/Bozen,Bolzano/Bozen,NORD,Serbatoio (compresi eventuali pompaggi),HYDRO_RESERVOIR_INCL_PUMPING,MIXED_INCLUDES_PUMPED_HYDRO,19.30472,19.30472,NUMBER,TYPED_NUMERIC_CELL,342,2,MULTIPLE_SOURCE_ROWS_RETAINED_FOR_AGGREGATION,TERNA_DOWNLOAD_CENTER_HYDRO_PRODUCTION_BY_TYPE_2024,Export-DownloadCenterFile-20260901-101019.xlsx,raw/terna/historical_2024/Terna_Hydro_Production_By_Type_2024_RAW.xlsx,e5d0c67eba558f692fb66c9ba806356fdd3f4b2dfe7bb270ff5a463506640e9f
TERNA2024_HYDRO_TYPE_NET_171,2024,Netta,NET,04,Trentino-Alto Adige,Trentino-Alto Adige/Südtirol,021,Bolzano/Bozen,Bolzano/Bozen,NORD,Serbatoio (compresi eventuali pompaggi),HYDRO_RESERVOIR_INCL_PUMPING,MIXED_INCLUDES_PUMPED_HYDRO,1460.8159,1460.8159,NUMBER,TYPED_NUMERIC_CELL,343,2,MULTIPLE_SOURCE_ROWS_RETAINED_FOR_AGGREGATION,TERNA_DOWNLOAD_CENTER_HYDRO_PRODUCTION_BY_TYPE_2024,Export-DownloadCenterFile-20260901-101019.xlsx,raw/terna/historical_2024/Terna_Hydro_Production_By_Type_2024_RAW.xlsx,e5d0c67eba558f692fb66c9ba806356fdd3f4b2dfe7bb270ff5a463506640e9f
TERNA2024_HYDRO_TYPE_NET_172,2024,Netta,NET,04,Trentino-Alto Adige,Trentino-Alto Adige/Südtirol,022,Trento,Trento,NORD,Bacino,HYDRO_BASIN,false,1343.185,1343.185,NUMBER,TYPED_NUMERIC_CELL,348,1,UNIQUE_VISIBLE_GRAIN,TERNA_DOWNLOAD_CENTER_HYDRO_PRODUCTION_BY_TYPE_2024,Export-DownloadCenterFile-20260901-101019.xlsx,raw/terna/historical_2024/Terna_Hydro_Production_By_Type_2024_RAW.xlsx,e5d0c67eba558f692fb66c9ba806356fdd3f4b2dfe7bb270ff5a463506640e9f
TERNA2024_HYDRO_TYPE_NET_173,2024,Netta,NET,04,Trentino-Alto Adige,Trentino-Alto Adige/Südtirol,022,Trento,Trento,NORD,Fluente,HYDRO_RUN_OF_RIVER,false,1330.803,1330.803,NUMBER,TYPED_NUMERIC_CELL,349,1,UNIQUE_VISIBLE_GRAIN,TERNA_DOWNLOAD_CENTER_HYDRO_PRODUCTION_BY_TYPE_2024,Export-DownloadCenterFile-20260901-101019.xlsx,raw/terna/historical_2024/Terna_Hydro_Production_By_Type_2024_RAW.xlsx,e5d0c67eba558f692fb66c9ba806356fdd3f4b2dfe7bb270ff5a463506640e9f
TERNA2024_HYDRO_TYPE_NET_174,2024,Netta,NET,04,Trentino-Alto Adige,Trentino-Alto Adige/Südtirol,022,Trento,Trento,NORD,Serbatoio (compresi eventuali pompaggi),HYDRO_RESERVOIR_INCL_PUMPING,MIXED_INCLUDES_PUMPED_HYDRO,989.6989,989.6989,NUMBER,TYPED_NUMERIC_CELL,350,2,MULTIPLE_SOURCE_ROWS_RETAINED_FOR_AGGREGATION,TERNA_DOWNLOAD_CENTER_HYDRO_PRODUCTION_BY_TYPE_2024,Export-DownloadCenterFile-20260901-101019.xlsx,raw/terna/historical_2024/Terna_Hydro_Production_By_Type_2024_RAW.xlsx,e5d0c67eba558f692fb66c9ba806356fdd3f4b2dfe7bb270ff5a463506640e9f
TERNA2024_HYDRO_TYPE_NET_175,2024,Netta,NET,04,Trentino-Alto Adige,Trentino-Alto Adige/Südtirol,022,Trento,Trento,NORD,Serbatoio (compresi eventuali pompaggi),HYDRO_RESERVOIR_INCL_PUMPING,MIXED_INCLUDES_PUMPED_HYDRO,1718.8818,1718.8818,NUMBER,TYPED_NUMERIC_CELL,351,2,MULTIPLE_SOURCE_ROWS_RETAINED_FOR_AGGREGATION,TERNA_DOWNLOAD_CENTER_HYDRO_PRODUCTION_BY_TYPE_2024,Export-DownloadCenterFile-20260901-101019.xlsx,raw/terna/historical_2024/Terna_Hydro_Production_By_Type_2024_RAW.xlsx,e5d0c67eba558f692fb66c9ba806356fdd3f4b2dfe7bb270ff5a463506640e9f
TERNA2024_HYDRO_TYPE_NET_176,2024,Netta,NET,10,Umbria,Umbria,054,Perugia,Perugia,CSUD,Bacino,HYDRO_BASIN,false,0,0,NUMBER,TYPED_NUMERIC_CELL,354,1,UNIQUE_VISIBLE_GRAIN,TERNA_DOWNLOAD_CENTER_HYDRO_PRODUCTION_BY_TYPE_2024,Export-DownloadCenterFile-20260901-101019.xlsx,raw/terna/historical_2024/Terna_Hydro_Production_By_Type_2024_RAW.xlsx,e5d0c67eba558f692fb66c9ba806356fdd3f4b2dfe7bb270ff5a463506640e9f
TERNA2024_HYDRO_TYPE_NET_177,2024,Netta,NET,10,Umbria,Umbria,054,Perugia,Perugia,CSUD,Fluente,HYDRO_RUN_OF_RIVER,false,59.20583,59.20583,NUMBER,TYPED_NUMERIC_CELL,355,1,UNIQUE_VISIBLE_GRAIN,TERNA_DOWNLOAD_CENTER_HYDRO_PRODUCTION_BY_TYPE_2024,Export-DownloadCenterFile-20260901-101019.xlsx,raw/terna/historical_2024/Terna_Hydro_Production_By_Type_2024_RAW.xlsx,e5d0c67eba558f692fb66c9ba806356fdd3f4b2dfe7bb270ff5a463506640e9f
TERNA2024_HYDRO_TYPE_NET_178,2024,Netta,NET,10,Umbria,Umbria,055,Terni,Terni,CSUD,Bacino,HYDRO_BASIN,false,977.8566,977.8566,NUMBER,TYPED_NUMERIC_CELL,359,1,UNIQUE_VISIBLE_GRAIN,TERNA_DOWNLOAD_CENTER_HYDRO_PRODUCTION_BY_TYPE_2024,Export-DownloadCenterFile-20260901-101019.xlsx,raw/terna/historical_2024/Terna_Hydro_Production_By_Type_2024_RAW.xlsx,e5d0c67eba558f692fb66c9ba806356fdd3f4b2dfe7bb270ff5a463506640e9f
TERNA2024_HYDRO_TYPE_NET_179,2024,Netta,NET,10,Umbria,Umbria,055,Terni,Terni,CSUD,Fluente,HYDRO_RUN_OF_RIVER,false,123.94744,123.94744,NUMBER,TYPED_NUMERIC_CELL,360,1,UNIQUE_VISIBLE_GRAIN,TERNA_DOWNLOAD_CENTER_HYDRO_PRODUCTION_BY_TYPE_2024,Export-DownloadCenterFile-20260901-101019.xlsx,raw/terna/historical_2024/Terna_Hydro_Production_By_Type_2024_RAW.xlsx,e5d0c67eba558f692fb66c9ba806356fdd3f4b2dfe7bb270ff5a463506640e9f
TERNA2024_HYDRO_TYPE_NET_180,2024,Netta,NET,10,Umbria,Umbria,055,Terni,Terni,CSUD,Serbatoio (compresi eventuali pompaggi),HYDRO_RESERVOIR_INCL_PUMPING,MIXED_INCLUDES_PUMPED_HYDRO,105.00435,105.00435,NUMBER,TYPED_NUMERIC_CELL,361,1,UNIQUE_VISIBLE_GRAIN,TERNA_DOWNLOAD_CENTER_HYDRO_PRODUCTION_BY_TYPE_2024,Export-DownloadCenterFile-20260901-101019.xlsx,raw/terna/historical_2024/Terna_Hydro_Production_By_Type_2024_RAW.xlsx,e5d0c67eba558f692fb66c9ba806356fdd3f4b2dfe7bb270ff5a463506640e9f
TERNA2024_HYDRO_TYPE_NET_181,2024,Netta,NET,02,Valle d'Aosta,Valle d'Aosta/Vallée d'Aoste,007,Aosta,Valle d'Aosta/Vallée d'Aoste,NORD,Bacino,HYDRO_BASIN,false,86.986565,86.986565,NUMBER,TYPED_NUMERIC_CELL,365,1,UNIQUE_VISIBLE_GRAIN,TERNA_DOWNLOAD_CENTER_HYDRO_PRODUCTION_BY_TYPE_2024,Export-DownloadCenterFile-20260901-101019.xlsx,raw/terna/historical_2024/Terna_Hydro_Production_By_Type_2024_RAW.xlsx,e5d0c67eba558f692fb66c9ba806356fdd3f4b2dfe7bb270ff5a463506640e9f
TERNA2024_HYDRO_TYPE_NET_182,2024,Netta,NET,02,Valle d'Aosta,Valle d'Aosta/Vallée d'Aoste,007,Aosta,Valle d'Aosta/Vallée d'Aoste,NORD,Fluente,HYDRO_RUN_OF_RIVER,false,2957.8933,2957.8933,NUMBER,TYPED_NUMERIC_CELL,366,1,UNIQUE_VISIBLE_GRAIN,TERNA_DOWNLOAD_CENTER_HYDRO_PRODUCTION_BY_TYPE_2024,Export-DownloadCenterFile-20260901-101019.xlsx,raw/terna/historical_2024/Terna_Hydro_Production_By_Type_2024_RAW.xlsx,e5d0c67eba558f692fb66c9ba806356fdd3f4b2dfe7bb270ff5a463506640e9f
TERNA2024_HYDRO_TYPE_NET_183,2024,Netta,NET,02,Valle d'Aosta,Valle d'Aosta/Vallée d'Aoste,007,Aosta,Valle d'Aosta/Vallée d'Aoste,NORD,Serbatoio (compresi eventuali pompaggi),HYDRO_RESERVOIR_INCL_PUMPING,MIXED_INCLUDES_PUMPED_HYDRO,803.25494,803.25494,NUMBER,TYPED_NUMERIC_CELL,367,1,UNIQUE_VISIBLE_GRAIN,TERNA_DOWNLOAD_CENTER_HYDRO_PRODUCTION_BY_TYPE_2024,Export-DownloadCenterFile-20260901-101019.xlsx,raw/terna/historical_2024/Terna_Hydro_Production_By_Type_2024_RAW.xlsx,e5d0c67eba558f692fb66c9ba806356fdd3f4b2dfe7bb270ff5a463506640e9f
TERNA2024_HYDRO_TYPE_NET_184,2024,Netta,NET,05,Veneto,Veneto,025,Belluno,Belluno,NORD,Bacino,HYDRO_BASIN,false,792.7372,792.7372,NUMBER,TYPED_NUMERIC_CELL,371,1,UNIQUE_VISIBLE_GRAIN,TERNA_DOWNLOAD_CENTER_HYDRO_PRODUCTION_BY_TYPE_2024,Export-DownloadCenterFile-20260901-101019.xlsx,raw/terna/historical_2024/Terna_Hydro_Production_By_Type_2024_RAW.xlsx,e5d0c67eba558f692fb66c9ba806356fdd3f4b2dfe7bb270ff5a463506640e9f
TERNA2024_HYDRO_TYPE_NET_185,2024,Netta,NET,05,Veneto,Veneto,025,Belluno,Belluno,NORD,Fluente,HYDRO_RUN_OF_RIVER,false,749.46564,749.46564,NUMBER,TYPED_NUMERIC_CELL,372,1,UNIQUE_VISIBLE_GRAIN,TERNA_DOWNLOAD_CENTER_HYDRO_PRODUCTION_BY_TYPE_2024,Export-DownloadCenterFile-20260901-101019.xlsx,raw/terna/historical_2024/Terna_Hydro_Production_By_Type_2024_RAW.xlsx,e5d0c67eba558f692fb66c9ba806356fdd3f4b2dfe7bb270ff5a463506640e9f
TERNA2024_HYDRO_TYPE_NET_186,2024,Netta,NET,05,Veneto,Veneto,025,Belluno,Belluno,NORD,Serbatoio (compresi eventuali pompaggi),HYDRO_RESERVOIR_INCL_PUMPING,MIXED_INCLUDES_PUMPED_HYDRO,930.42896,930.42896,NUMBER,TYPED_NUMERIC_CELL,373,1,UNIQUE_VISIBLE_GRAIN,TERNA_DOWNLOAD_CENTER_HYDRO_PRODUCTION_BY_TYPE_2024,Export-DownloadCenterFile-20260901-101019.xlsx,raw/terna/historical_2024/Terna_Hydro_Production_By_Type_2024_RAW.xlsx,e5d0c67eba558f692fb66c9ba806356fdd3f4b2dfe7bb270ff5a463506640e9f
TERNA2024_HYDRO_TYPE_NET_187,2024,Netta,NET,05,Veneto,Veneto,028,Padova,Padova,NORD,Fluente,HYDRO_RUN_OF_RIVER,false,31.260279,31.260279,NUMBER,TYPED_NUMERIC_CELL,375,1,UNIQUE_VISIBLE_GRAIN,TERNA_DOWNLOAD_CENTER_HYDRO_PRODUCTION_BY_TYPE_2024,Export-DownloadCenterFile-20260901-101019.xlsx,raw/terna/historical_2024/Terna_Hydro_Production_By_Type_2024_RAW.xlsx,e5d0c67eba558f692fb66c9ba806356fdd3f4b2dfe7bb270ff5a463506640e9f
TERNA2024_HYDRO_TYPE_NET_188,2024,Netta,NET,05,Veneto,Veneto,029,Rovigo,Rovigo,NORD,Fluente,HYDRO_RUN_OF_RIVER,false,1.679602,1.679602,NUMBER,TYPED_NUMERIC_CELL,377,1,UNIQUE_VISIBLE_GRAIN,TERNA_DOWNLOAD_CENTER_HYDRO_PRODUCTION_BY_TYPE_2024,Export-DownloadCenterFile-20260901-101019.xlsx,raw/terna/historical_2024/Terna_Hydro_Production_By_Type_2024_RAW.xlsx,e5d0c67eba558f692fb66c9ba806356fdd3f4b2dfe7bb270ff5a463506640e9f
TERNA2024_HYDRO_TYPE_NET_189,2024,Netta,NET,05,Veneto,Veneto,026,Treviso,Treviso,NORD,Bacino,HYDRO_BASIN,false,364.15588,364.15588,NUMBER,TYPED_NUMERIC_CELL,381,1,UNIQUE_VISIBLE_GRAIN,TERNA_DOWNLOAD_CENTER_HYDRO_PRODUCTION_BY_TYPE_2024,Export-DownloadCenterFile-20260901-101019.xlsx,raw/terna/historical_2024/Terna_Hydro_Production_By_Type_2024_RAW.xlsx,e5d0c67eba558f692fb66c9ba806356fdd3f4b2dfe7bb270ff5a463506640e9f
TERNA2024_HYDRO_TYPE_NET_190,2024,Netta,NET,05,Veneto,Veneto,026,Treviso,Treviso,NORD,Fluente,HYDRO_RUN_OF_RIVER,false,226.61194,226.61194,NUMBER,TYPED_NUMERIC_CELL,382,1,UNIQUE_VISIBLE_GRAIN,TERNA_DOWNLOAD_CENTER_HYDRO_PRODUCTION_BY_TYPE_2024,Export-DownloadCenterFile-20260901-101019.xlsx,raw/terna/historical_2024/Terna_Hydro_Production_By_Type_2024_RAW.xlsx,e5d0c67eba558f692fb66c9ba806356fdd3f4b2dfe7bb270ff5a463506640e9f
TERNA2024_HYDRO_TYPE_NET_191,2024,Netta,NET,05,Veneto,Veneto,026,Treviso,Treviso,NORD,Serbatoio (compresi eventuali pompaggi),HYDRO_RESERVOIR_INCL_PUMPING,MIXED_INCLUDES_PUMPED_HYDRO,357.0773,357.0773,NUMBER,TYPED_NUMERIC_CELL,383,1,UNIQUE_VISIBLE_GRAIN,TERNA_DOWNLOAD_CENTER_HYDRO_PRODUCTION_BY_TYPE_2024,Export-DownloadCenterFile-20260901-101019.xlsx,raw/terna/historical_2024/Terna_Hydro_Production_By_Type_2024_RAW.xlsx,e5d0c67eba558f692fb66c9ba806356fdd3f4b2dfe7bb270ff5a463506640e9f
TERNA2024_HYDRO_TYPE_NET_192,2024,Netta,NET,05,Veneto,Veneto,027,Venezia,Venezia,NORD,Fluente,HYDRO_RUN_OF_RIVER,false,7.72737,7.72737,NUMBER,TYPED_NUMERIC_CELL,385,1,UNIQUE_VISIBLE_GRAIN,TERNA_DOWNLOAD_CENTER_HYDRO_PRODUCTION_BY_TYPE_2024,Export-DownloadCenterFile-20260901-101019.xlsx,raw/terna/historical_2024/Terna_Hydro_Production_By_Type_2024_RAW.xlsx,e5d0c67eba558f692fb66c9ba806356fdd3f4b2dfe7bb270ff5a463506640e9f
TERNA2024_HYDRO_TYPE_NET_193,2024,Netta,NET,05,Veneto,Veneto,023,Verona,Verona,NORD,Fluente,HYDRO_RUN_OF_RIVER,false,865.4583,865.4583,NUMBER,TYPED_NUMERIC_CELL,387,1,UNIQUE_VISIBLE_GRAIN,TERNA_DOWNLOAD_CENTER_HYDRO_PRODUCTION_BY_TYPE_2024,Export-DownloadCenterFile-20260901-101019.xlsx,raw/terna/historical_2024/Terna_Hydro_Production_By_Type_2024_RAW.xlsx,e5d0c67eba558f692fb66c9ba806356fdd3f4b2dfe7bb270ff5a463506640e9f
TERNA2024_HYDRO_TYPE_NET_194,2024,Netta,NET,05,Veneto,Veneto,024,Vicenza,Vicenza,NORD,Fluente,HYDRO_RUN_OF_RIVER,false,304.4774,304.4774,NUMBER,TYPED_NUMERIC_CELL,390,1,UNIQUE_VISIBLE_GRAIN,TERNA_DOWNLOAD_CENTER_HYDRO_PRODUCTION_BY_TYPE_2024,Export-DownloadCenterFile-20260901-101019.xlsx,raw/terna/historical_2024/Terna_Hydro_Production_By_Type_2024_RAW.xlsx,e5d0c67eba558f692fb66c9ba806356fdd3f4b2dfe7bb270ff5a463506640e9f
TERNA2024_HYDRO_TYPE_NET_195,2024,Netta,NET,05,Veneto,Veneto,024,Vicenza,Vicenza,NORD,Serbatoio (compresi eventuali pompaggi),HYDRO_RESERVOIR_INCL_PUMPING,MIXED_INCLUDES_PUMPED_HYDRO,145.66371,145.66371,NUMBER,TYPED_NUMERIC_CELL,391,1,UNIQUE_VISIBLE_GRAIN,TERNA_DOWNLOAD_CENTER_HYDRO_PRODUCTION_BY_TYPE_2024,Export-DownloadCenterFile-20260901-101019.xlsx,raw/terna/historical_2024/Terna_Hydro_Production_By_Type_2024_RAW.xlsx,e5d0c67eba558f692fb66c9ba806356fdd3f4b2dfe7bb270ff5a463506640e9f
TERNA2024_HYDRO_TYPE_NET_196,2024,Netta,NET,15,Campania,Campania,064,Avellino,Avellino,CSUD,Bacino,HYDRO_BASIN,false,0,0,NUMBER,TYPED_NUMERIC_CELL,392,1,UNIQUE_VISIBLE_GRAIN,TERNA_DOWNLOAD_CENTER_HYDRO_PRODUCTION_BY_TYPE_2024,Export-DownloadCenterFile-20260901-101019.xlsx,raw/terna/historical_2024/Terna_Hydro_Production_By_Type_2024_RAW.xlsx,e5d0c67eba558f692fb66c9ba806356fdd3f4b2dfe7bb270ff5a463506640e9f
TERNA2024_HYDRO_TYPE_NET_197,2024,Netta,NET,15,Campania,Campania,064,Avellino,Avellino,CSUD,Fluente,HYDRO_RUN_OF_RIVER,false,15.232805,15.232805,NUMBER,TYPED_NUMERIC_CELL,393,1,UNIQUE_VISIBLE_GRAIN,TERNA_DOWNLOAD_CENTER_HYDRO_PRODUCTION_BY_TYPE_2024,Export-DownloadCenterFile-20260901-101019.xlsx,raw/terna/historical_2024/Terna_Hydro_Production_By_Type_2024_RAW.xlsx,e5d0c67eba558f692fb66c9ba806356fdd3f4b2dfe7bb270ff5a463506640e9f
TERNA2024_HYDRO_TYPE_NET_198,2024,Netta,NET,15,Campania,Campania,062,Benevento,Benevento,CSUD,Fluente,HYDRO_RUN_OF_RIVER,false,2.005691,2.005691,NUMBER,TYPED_NUMERIC_CELL,396,1,UNIQUE_VISIBLE_GRAIN,TERNA_DOWNLOAD_CENTER_HYDRO_PRODUCTION_BY_TYPE_2024,Export-DownloadCenterFile-20260901-101019.xlsx,raw/terna/historical_2024/Terna_Hydro_Production_By_Type_2024_RAW.xlsx,e5d0c67eba558f692fb66c9ba806356fdd3f4b2dfe7bb270ff5a463506640e9f
TERNA2024_HYDRO_TYPE_NET_199,2024,Netta,NET,15,Campania,Campania,062,Benevento,Benevento,CSUD,Serbatoio (compresi eventuali pompaggi),HYDRO_RESERVOIR_INCL_PUMPING,MIXED_INCLUDES_PUMPED_HYDRO,0.172681,0.172681,NUMBER,TYPED_NUMERIC_CELL,397,1,UNIQUE_VISIBLE_GRAIN,TERNA_DOWNLOAD_CENTER_HYDRO_PRODUCTION_BY_TYPE_2024,Export-DownloadCenterFile-20260901-101019.xlsx,raw/terna/historical_2024/Terna_Hydro_Production_By_Type_2024_RAW.xlsx,e5d0c67eba558f692fb66c9ba806356fdd3f4b2dfe7bb270ff5a463506640e9f
TERNA2024_HYDRO_TYPE_NET_200,2024,Netta,NET,15,Campania,Campania,061,Caserta,Caserta,CSUD,Bacino,HYDRO_BASIN,false,76.43312,76.43312,NUMBER,TYPED_NUMERIC_CELL,403,1,UNIQUE_VISIBLE_GRAIN,TERNA_DOWNLOAD_CENTER_HYDRO_PRODUCTION_BY_TYPE_2024,Export-DownloadCenterFile-20260901-101019.xlsx,raw/terna/historical_2024/Terna_Hydro_Production_By_Type_2024_RAW.xlsx,e5d0c67eba558f692fb66c9ba806356fdd3f4b2dfe7bb270ff5a463506640e9f
TERNA2024_HYDRO_TYPE_NET_201,2024,Netta,NET,15,Campania,Campania,061,Caserta,Caserta,CSUD,Fluente,HYDRO_RUN_OF_RIVER,false,33.086678,33.086678,NUMBER,TYPED_NUMERIC_CELL,404,1,UNIQUE_VISIBLE_GRAIN,TERNA_DOWNLOAD_CENTER_HYDRO_PRODUCTION_BY_TYPE_2024,Export-DownloadCenterFile-20260901-101019.xlsx,raw/terna/historical_2024/Terna_Hydro_Production_By_Type_2024_RAW.xlsx,e5d0c67eba558f692fb66c9ba806356fdd3f4b2dfe7bb270ff5a463506640e9f
TERNA2024_HYDRO_TYPE_NET_202,2024,Netta,NET,15,Campania,Campania,061,Caserta,Caserta,CSUD,Serbatoio (compresi eventuali pompaggi),HYDRO_RESERVOIR_INCL_PUMPING,MIXED_INCLUDES_PUMPED_HYDRO,23.763779,23.763779,NUMBER,TYPED_NUMERIC_CELL,405,3,MULTIPLE_SOURCE_ROWS_RETAINED_FOR_AGGREGATION,TERNA_DOWNLOAD_CENTER_HYDRO_PRODUCTION_BY_TYPE_2024,Export-DownloadCenterFile-20260901-101019.xlsx,raw/terna/historical_2024/Terna_Hydro_Production_By_Type_2024_RAW.xlsx,e5d0c67eba558f692fb66c9ba806356fdd3f4b2dfe7bb270ff5a463506640e9f
TERNA2024_HYDRO_TYPE_NET_203,2024,Netta,NET,15,Campania,Campania,061,Caserta,Caserta,CSUD,Serbatoio (compresi eventuali pompaggi),HYDRO_RESERVOIR_INCL_PUMPING,MIXED_INCLUDES_PUMPED_HYDRO,320.75037,320.75037,NUMBER,TYPED_NUMERIC_CELL,406,3,MULTIPLE_SOURCE_ROWS_RETAINED_FOR_AGGREGATION,TERNA_DOWNLOAD_CENTER_HYDRO_PRODUCTION_BY_TYPE_2024,Export-DownloadCenterFile-20260901-101019.xlsx,raw/terna/historical_2024/Terna_Hydro_Production_By_Type_2024_RAW.xlsx,e5d0c67eba558f692fb66c9ba806356fdd3f4b2dfe7bb270ff5a463506640e9f
TERNA2024_HYDRO_TYPE_NET_204,2024,Netta,NET,15,Campania,Campania,061,Caserta,Caserta,CSUD,Serbatoio (compresi eventuali pompaggi),HYDRO_RESERVOIR_INCL_PUMPING,MIXED_INCLUDES_PUMPED_HYDRO,25.756624,25.756624,NUMBER,TYPED_NUMERIC_CELL,407,3,MULTIPLE_SOURCE_ROWS_RETAINED_FOR_AGGREGATION,TERNA_DOWNLOAD_CENTER_HYDRO_PRODUCTION_BY_TYPE_2024,Export-DownloadCenterFile-20260901-101019.xlsx,raw/terna/historical_2024/Terna_Hydro_Production_By_Type_2024_RAW.xlsx,e5d0c67eba558f692fb66c9ba806356fdd3f4b2dfe7bb270ff5a463506640e9f
TERNA2024_HYDRO_TYPE_NET_205,2024,Netta,NET,15,Campania,Campania,065,Salerno,Salerno,CSUD,Bacino,HYDRO_BASIN,false,73.54216,73.54216,NUMBER,TYPED_NUMERIC_CELL,411,1,UNIQUE_VISIBLE_GRAIN,TERNA_DOWNLOAD_CENTER_HYDRO_PRODUCTION_BY_TYPE_2024,Export-DownloadCenterFile-20260901-101019.xlsx,raw/terna/historical_2024/Terna_Hydro_Production_By_Type_2024_RAW.xlsx,e5d0c67eba558f692fb66c9ba806356fdd3f4b2dfe7bb270ff5a463506640e9f
TERNA2024_HYDRO_TYPE_NET_206,2024,Netta,NET,15,Campania,Campania,065,Salerno,Salerno,CSUD,Fluente,HYDRO_RUN_OF_RIVER,false,125.90622,125.90622,NUMBER,TYPED_NUMERIC_CELL,412,1,UNIQUE_VISIBLE_GRAIN,TERNA_DOWNLOAD_CENTER_HYDRO_PRODUCTION_BY_TYPE_2024,Export-DownloadCenterFile-20260901-101019.xlsx,raw/terna/historical_2024/Terna_Hydro_Production_By_Type_2024_RAW.xlsx,e5d0c67eba558f692fb66c9ba806356fdd3f4b2dfe7bb270ff5a463506640e9f
TERNA2024_HYDRO_TYPE_NET_207,2024,Netta,NET,15,Campania,Campania,065,Salerno,Salerno,CSUD,Serbatoio (compresi eventuali pompaggi),HYDRO_RESERVOIR_INCL_PUMPING,MIXED_INCLUDES_PUMPED_HYDRO,5.824686,5.824686,NUMBER,TYPED_NUMERIC_CELL,413,1,UNIQUE_VISIBLE_GRAIN,TERNA_DOWNLOAD_CENTER_HYDRO_PRODUCTION_BY_TYPE_2024,Export-DownloadCenterFile-20260901-101019.xlsx,raw/terna/historical_2024/Terna_Hydro_Production_By_Type_2024_RAW.xlsx,e5d0c67eba558f692fb66c9ba806356fdd3f4b2dfe7bb270ff5a463506640e9f
TERNA2024_HYDRO_TYPE_NET_208,2024,Netta,NET,08,Emilia-Romagna,Emilia-Romagna,037,Bologna,Bologna,NORD,Bacino,HYDRO_BASIN,false,8.51138,8.51138,NUMBER,TYPED_NUMERIC_CELL,418,1,UNIQUE_VISIBLE_GRAIN,TERNA_DOWNLOAD_CENTER_HYDRO_PRODUCTION_BY_TYPE_2024,Export-DownloadCenterFile-20260901-101019.xlsx,raw/terna/historical_2024/Terna_Hydro_Production_By_Type_2024_RAW.xlsx,e5d0c67eba558f692fb66c9ba806356fdd3f4b2dfe7bb270ff5a463506640e9f
TERNA2024_HYDRO_TYPE_NET_209,2024,Netta,NET,08,Emilia-Romagna,Emilia-Romagna,037,Bologna,Bologna,NORD,Fluente,HYDRO_RUN_OF_RIVER,false,27.964855,27.964855,NUMBER,TYPED_NUMERIC_CELL,419,1,UNIQUE_VISIBLE_GRAIN,TERNA_DOWNLOAD_CENTER_HYDRO_PRODUCTION_BY_TYPE_2024,Export-DownloadCenterFile-20260901-101019.xlsx,raw/terna/historical_2024/Terna_Hydro_Production_By_Type_2024_RAW.xlsx,e5d0c67eba558f692fb66c9ba806356fdd3f4b2dfe7bb270ff5a463506640e9f
TERNA2024_HYDRO_TYPE_NET_210,2024,Netta,NET,08,Emilia-Romagna,Emilia-Romagna,037,Bologna,Bologna,NORD,Serbatoio (compresi eventuali pompaggi),HYDRO_RESERVOIR_INCL_PUMPING,MIXED_INCLUDES_PUMPED_HYDRO,0.662404,0.662404,NUMBER,TYPED_NUMERIC_CELL,420,2,MULTIPLE_SOURCE_ROWS_RETAINED_FOR_AGGREGATION,TERNA_DOWNLOAD_CENTER_HYDRO_PRODUCTION_BY_TYPE_2024,Export-DownloadCenterFile-20260901-101019.xlsx,raw/terna/historical_2024/Terna_Hydro_Production_By_Type_2024_RAW.xlsx,e5d0c67eba558f692fb66c9ba806356fdd3f4b2dfe7bb270ff5a463506640e9f
TERNA2024_HYDRO_TYPE_NET_211,2024,Netta,NET,08,Emilia-Romagna,Emilia-Romagna,037,Bologna,Bologna,NORD,Serbatoio (compresi eventuali pompaggi),HYDRO_RESERVOIR_INCL_PUMPING,MIXED_INCLUDES_PUMPED_HYDRO,20.318518,20.318518,NUMBER,TYPED_NUMERIC_CELL,421,2,MULTIPLE_SOURCE_ROWS_RETAINED_FOR_AGGREGATION,TERNA_DOWNLOAD_CENTER_HYDRO_PRODUCTION_BY_TYPE_2024,Export-DownloadCenterFile-20260901-101019.xlsx,raw/terna/historical_2024/Terna_Hydro_Production_By_Type_2024_RAW.xlsx,e5d0c67eba558f692fb66c9ba806356fdd3f4b2dfe7bb270ff5a463506640e9f
TERNA2024_HYDRO_TYPE_NET_212,2024,Netta,NET,08,Emilia-Romagna,Emilia-Romagna,038,Ferrara,Ferrara,NORD,Fluente,HYDRO_RUN_OF_RIVER,false,1.218458,1.218458,NUMBER,TYPED_NUMERIC_CELL,423,1,UNIQUE_VISIBLE_GRAIN,TERNA_DOWNLOAD_CENTER_HYDRO_PRODUCTION_BY_TYPE_2024,Export-DownloadCenterFile-20260901-101019.xlsx,raw/terna/historical_2024/Terna_Hydro_Production_By_Type_2024_RAW.xlsx,e5d0c67eba558f692fb66c9ba806356fdd3f4b2dfe7bb270ff5a463506640e9f
TERNA2024_HYDRO_TYPE_NET_213,2024,Netta,NET,08,Emilia-Romagna,Emilia-Romagna,040,Forlì-Cesena,Forlì-Cesena,NORD,Bacino,HYDRO_BASIN,false,12.317386,12.317386,NUMBER,TYPED_NUMERIC_CELL,426,1,UNIQUE_VISIBLE_GRAIN,TERNA_DOWNLOAD_CENTER_HYDRO_PRODUCTION_BY_TYPE_2024,Export-DownloadCenterFile-20260901-101019.xlsx,raw/terna/historical_2024/Terna_Hydro_Production_By_Type_2024_RAW.xlsx,e5d0c67eba558f692fb66c9ba806356fdd3f4b2dfe7bb270ff5a463506640e9f
TERNA2024_HYDRO_TYPE_NET_214,2024,Netta,NET,08,Emilia-Romagna,Emilia-Romagna,040,Forlì-Cesena,Forlì-Cesena,NORD,Fluente,HYDRO_RUN_OF_RIVER,false,54.842796,54.842796,NUMBER,TYPED_NUMERIC_CELL,427,1,UNIQUE_VISIBLE_GRAIN,TERNA_DOWNLOAD_CENTER_HYDRO_PRODUCTION_BY_TYPE_2024,Export-DownloadCenterFile-20260901-101019.xlsx,raw/terna/historical_2024/Terna_Hydro_Production_By_Type_2024_RAW.xlsx,e5d0c67eba558f692fb66c9ba806356fdd3f4b2dfe7bb270ff5a463506640e9f
TERNA2024_HYDRO_TYPE_NET_215,2024,Netta,NET,08,Emilia-Romagna,Emilia-Romagna,036,Modena,Modena,NORD,Bacino,HYDRO_BASIN,false,104.66469,104.66469,NUMBER,TYPED_NUMERIC_CELL,430,1,UNIQUE_VISIBLE_GRAIN,TERNA_DOWNLOAD_CENTER_HYDRO_PRODUCTION_BY_TYPE_2024,Export-DownloadCenterFile-20260901-101019.xlsx,raw/terna/historical_2024/Terna_Hydro_Production_By_Type_2024_RAW.xlsx,e5d0c67eba558f692fb66c9ba806356fdd3f4b2dfe7bb270ff5a463506640e9f
TERNA2024_HYDRO_TYPE_NET_216,2024,Netta,NET,08,Emilia-Romagna,Emilia-Romagna,036,Modena,Modena,NORD,Fluente,HYDRO_RUN_OF_RIVER,false,69.596596,69.596596,NUMBER,TYPED_NUMERIC_CELL,431,1,UNIQUE_VISIBLE_GRAIN,TERNA_DOWNLOAD_CENTER_HYDRO_PRODUCTION_BY_TYPE_2024,Export-DownloadCenterFile-20260901-101019.xlsx,raw/terna/historical_2024/Terna_Hydro_Production_By_Type_2024_RAW.xlsx,e5d0c67eba558f692fb66c9ba806356fdd3f4b2dfe7bb270ff5a463506640e9f
TERNA2024_HYDRO_TYPE_NET_217,2024,Netta,NET,08,Emilia-Romagna,Emilia-Romagna,034,Parma,Parma,NORD,Bacino,HYDRO_BASIN,false,62.00491,62.00491,NUMBER,TYPED_NUMERIC_CELL,435,1,UNIQUE_VISIBLE_GRAIN,TERNA_DOWNLOAD_CENTER_HYDRO_PRODUCTION_BY_TYPE_2024,Export-DownloadCenterFile-20260901-101019.xlsx,raw/terna/historical_2024/Terna_Hydro_Production_By_Type_2024_RAW.xlsx,e5d0c67eba558f692fb66c9ba806356fdd3f4b2dfe7bb270ff5a463506640e9f
TERNA2024_HYDRO_TYPE_NET_218,2024,Netta,NET,08,Emilia-Romagna,Emilia-Romagna,034,Parma,Parma,NORD,Fluente,HYDRO_RUN_OF_RIVER,false,86.57597,86.57597,NUMBER,TYPED_NUMERIC_CELL,436,1,UNIQUE_VISIBLE_GRAIN,TERNA_DOWNLOAD_CENTER_HYDRO_PRODUCTION_BY_TYPE_2024,Export-DownloadCenterFile-20260901-101019.xlsx,raw/terna/historical_2024/Terna_Hydro_Production_By_Type_2024_RAW.xlsx,e5d0c67eba558f692fb66c9ba806356fdd3f4b2dfe7bb270ff5a463506640e9f
TERNA2024_HYDRO_TYPE_NET_219,2024,Netta,NET,08,Emilia-Romagna,Emilia-Romagna,034,Parma,Parma,NORD,Serbatoio (compresi eventuali pompaggi),HYDRO_RESERVOIR_INCL_PUMPING,MIXED_INCLUDES_PUMPED_HYDRO,9.54493,9.54493,NUMBER,TYPED_NUMERIC_CELL,437,1,UNIQUE_VISIBLE_GRAIN,TERNA_DOWNLOAD_CENTER_HYDRO_PRODUCTION_BY_TYPE_2024,Export-DownloadCenterFile-20260901-101019.xlsx,raw/terna/historical_2024/Terna_Hydro_Production_By_Type_2024_RAW.xlsx,e5d0c67eba558f692fb66c9ba806356fdd3f4b2dfe7bb270ff5a463506640e9f
TERNA2024_HYDRO_TYPE_NET_220,2024,Netta,NET,08,Emilia-Romagna,Emilia-Romagna,033,Piacenza,Piacenza,NORD,Bacino,HYDRO_BASIN,false,67.7734,67.7734,NUMBER,TYPED_NUMERIC_CELL,440,1,UNIQUE_VISIBLE_GRAIN,TERNA_DOWNLOAD_CENTER_HYDRO_PRODUCTION_BY_TYPE_2024,Export-DownloadCenterFile-20260901-101019.xlsx,raw/terna/historical_2024/Terna_Hydro_Production_By_Type_2024_RAW.xlsx,e5d0c67eba558f692fb66c9ba806356fdd3f4b2dfe7bb270ff5a463506640e9f
TERNA2024_HYDRO_TYPE_NET_221,2024,Netta,NET,08,Emilia-Romagna,Emilia-Romagna,033,Piacenza,Piacenza,NORD,Fluente,HYDRO_RUN_OF_RIVER,false,477.69528,477.69528,NUMBER,TYPED_NUMERIC_CELL,441,1,UNIQUE_VISIBLE_GRAIN,TERNA_DOWNLOAD_CENTER_HYDRO_PRODUCTION_BY_TYPE_2024,Export-DownloadCenterFile-20260901-101019.xlsx,raw/terna/historical_2024/Terna_Hydro_Production_By_Type_2024_RAW.xlsx,e5d0c67eba558f692fb66c9ba806356fdd3f4b2dfe7bb270ff5a463506640e9f
TERNA2024_HYDRO_TYPE_NET_222,2024,Netta,NET,08,Emilia-Romagna,Emilia-Romagna,039,Ravenna,Ravenna,NORD,Fluente,HYDRO_RUN_OF_RIVER,false,1.642205,1.642205,NUMBER,TYPED_NUMERIC_CELL,443,1,UNIQUE_VISIBLE_GRAIN,TERNA_DOWNLOAD_CENTER_HYDRO_PRODUCTION_BY_TYPE_2024,Export-DownloadCenterFile-20260901-101019.xlsx,raw/terna/historical_2024/Terna_Hydro_Production_By_Type_2024_RAW.xlsx,e5d0c67eba558f692fb66c9ba806356fdd3f4b2dfe7bb270ff5a463506640e9f
TERNA2024_HYDRO_TYPE_NET_223,2024,Netta,NET,08,Emilia-Romagna,Emilia-Romagna,035,Reggio Nell'Emilia,Reggio nell'Emilia,NORD,Bacino,HYDRO_BASIN,false,28.585417,28.585417,NUMBER,TYPED_NUMERIC_CELL,446,1,UNIQUE_VISIBLE_GRAIN,TERNA_DOWNLOAD_CENTER_HYDRO_PRODUCTION_BY_TYPE_2024,Export-DownloadCenterFile-20260901-101019.xlsx,raw/terna/historical_2024/Terna_Hydro_Production_By_Type_2024_RAW.xlsx,e5d0c67eba558f692fb66c9ba806356fdd3f4b2dfe7bb270ff5a463506640e9f
TERNA2024_HYDRO_TYPE_NET_224,2024,Netta,NET,08,Emilia-Romagna,Emilia-Romagna,035,Reggio Nell'Emilia,Reggio nell'Emilia,NORD,Fluente,HYDRO_RUN_OF_RIVER,false,65.73235,65.73235,NUMBER,TYPED_NUMERIC_CELL,447,1,UNIQUE_VISIBLE_GRAIN,TERNA_DOWNLOAD_CENTER_HYDRO_PRODUCTION_BY_TYPE_2024,Export-DownloadCenterFile-20260901-101019.xlsx,raw/terna/historical_2024/Terna_Hydro_Production_By_Type_2024_RAW.xlsx,e5d0c67eba558f692fb66c9ba806356fdd3f4b2dfe7bb270ff5a463506640e9f
