record_id,year,region_code,region_original,region_normalized,province_code,province_original,province_normalized,market_zone,chp_technology_original,technology,chp_flag,produced_heat_GWh_raw,produced_heat_GWh,raw_cell_type,parser_status,source_row_number,visible_grain_row_count,visible_grain_status,source_id,raw_source_file,archived_raw_file,raw_source_sha256
TERNA2024_CHP_HEAT_0001,2024,06,Friuli-Venezia Giulia,Friuli-Venezia Giulia,032,Trieste,Trieste,NORD,Combustione interna con cogenerazione (CIC),INTERNAL_COMBUSTION_CHP,true,81.38206,81.38206,NUMBER,TYPED_NUMERIC_CELL,2,2,MULTIPLE_SOURCE_ROWS_RETAINED_FOR_AGGREGATION,TERNA_DOWNLOAD_CENTER_THERMOELECTRIC_HEAT_2024,Export-DownloadCenterFile-20260901-101113.xlsx,raw/terna/historical_2024/Terna_Thermoelectric_Heat_2024_RAW.xlsx,06a18e50214e6e5bd882819a1dde6ba1a0ee0457e0c6728727c12640a4e4a72c
TERNA2024_CHP_HEAT_0002,2024,13,Abruzzo,Abruzzo,069,Chieti,Chieti,CSUD,Ciclo combinato con cogenerazione (CCC),CCGT_CHP,true,0,0,NUMBER,TYPED_NUMERIC_CELL,3,1,UNIQUE_VISIBLE_GRAIN,TERNA_DOWNLOAD_CENTER_THERMOELECTRIC_HEAT_2024,Export-DownloadCenterFile-20260901-101113.xlsx,raw/terna/historical_2024/Terna_Thermoelectric_Heat_2024_RAW.xlsx,06a18e50214e6e5bd882819a1dde6ba1a0ee0457e0c6728727c12640a4e4a72c
TERNA2024_CHP_HEAT_0003,2024,13,Abruzzo,Abruzzo,069,Chieti,Chieti,CSUD,Combustione interna con cogenerazione (CIC),INTERNAL_COMBUSTION_CHP,true,2.640411,2.640411,NUMBER,TYPED_NUMERIC_CELL,4,2,MULTIPLE_SOURCE_ROWS_RETAINED_FOR_AGGREGATION,TERNA_DOWNLOAD_CENTER_THERMOELECTRIC_HEAT_2024,Export-DownloadCenterFile-20260901-101113.xlsx,raw/terna/historical_2024/Terna_Thermoelectric_Heat_2024_RAW.xlsx,06a18e50214e6e5bd882819a1dde6ba1a0ee0457e0c6728727c12640a4e4a72c
TERNA2024_CHP_HEAT_0004,2024,13,Abruzzo,Abruzzo,069,Chieti,Chieti,CSUD,Combustione interna con cogenerazione (CIC),INTERNAL_COMBUSTION_CHP,true,85.5019,85.5019,NUMBER,TYPED_NUMERIC_CELL,5,2,MULTIPLE_SOURCE_ROWS_RETAINED_FOR_AGGREGATION,TERNA_DOWNLOAD_CENTER_THERMOELECTRIC_HEAT_2024,Export-DownloadCenterFile-20260901-101113.xlsx,raw/terna/historical_2024/Terna_Thermoelectric_Heat_2024_RAW.xlsx,06a18e50214e6e5bd882819a1dde6ba1a0ee0457e0c6728727c12640a4e4a72c
TERNA2024_CHP_HEAT_0005,2024,13,Abruzzo,Abruzzo,069,Chieti,Chieti,CSUD,Contropressione (CPC),STEAM_BACKPRESSURE_CHP,true,0,0,NUMBER,TYPED_NUMERIC_CELL,6,1,UNIQUE_VISIBLE_GRAIN,TERNA_DOWNLOAD_CENTER_THERMOELECTRIC_HEAT_2024,Export-DownloadCenterFile-20260901-101113.xlsx,raw/terna/historical_2024/Terna_Thermoelectric_Heat_2024_RAW.xlsx,06a18e50214e6e5bd882819a1dde6ba1a0ee0457e0c6728727c12640a4e4a72c
TERNA2024_CHP_HEAT_0006,2024,13,Abruzzo,Abruzzo,066,L'Aquila,L'Aquila,CSUD,Ciclo combinato con cogenerazione (CCC),CCGT_CHP,true,58.4951,58.4951,NUMBER,TYPED_NUMERIC_CELL,7,1,UNIQUE_VISIBLE_GRAIN,TERNA_DOWNLOAD_CENTER_THERMOELECTRIC_HEAT_2024,Export-DownloadCenterFile-20260901-101113.xlsx,raw/terna/historical_2024/Terna_Thermoelectric_Heat_2024_RAW.xlsx,06a18e50214e6e5bd882819a1dde6ba1a0ee0457e0c6728727c12640a4e4a72c
TERNA2024_CHP_HEAT_0007,2024,13,Abruzzo,Abruzzo,066,L'Aquila,L'Aquila,CSUD,Combustione interna con cogenerazione (CIC),INTERNAL_COMBUSTION_CHP,true,15.024037,15.024037,NUMBER,TYPED_NUMERIC_CELL,8,3,MULTIPLE_SOURCE_ROWS_RETAINED_FOR_AGGREGATION,TERNA_DOWNLOAD_CENTER_THERMOELECTRIC_HEAT_2024,Export-DownloadCenterFile-20260901-101113.xlsx,raw/terna/historical_2024/Terna_Thermoelectric_Heat_2024_RAW.xlsx,06a18e50214e6e5bd882819a1dde6ba1a0ee0457e0c6728727c12640a4e4a72c
TERNA2024_CHP_HEAT_0008,2024,13,Abruzzo,Abruzzo,066,L'Aquila,L'Aquila,CSUD,Combustione interna con cogenerazione (CIC),INTERNAL_COMBUSTION_CHP,true,88.43334,88.43334,NUMBER,TYPED_NUMERIC_CELL,9,3,MULTIPLE_SOURCE_ROWS_RETAINED_FOR_AGGREGATION,TERNA_DOWNLOAD_CENTER_THERMOELECTRIC_HEAT_2024,Export-DownloadCenterFile-20260901-101113.xlsx,raw/terna/historical_2024/Terna_Thermoelectric_Heat_2024_RAW.xlsx,06a18e50214e6e5bd882819a1dde6ba1a0ee0457e0c6728727c12640a4e4a72c
TERNA2024_CHP_HEAT_0009,2024,13,Abruzzo,Abruzzo,066,L'Aquila,L'Aquila,CSUD,Combustione interna con cogenerazione (CIC),INTERNAL_COMBUSTION_CHP,true,0,0,NUMBER,TYPED_NUMERIC_CELL,10,3,MULTIPLE_SOURCE_ROWS_RETAINED_FOR_AGGREGATION,TERNA_DOWNLOAD_CENTER_THERMOELECTRIC_HEAT_2024,Export-DownloadCenterFile-20260901-101113.xlsx,raw/terna/historical_2024/Terna_Thermoelectric_Heat_2024_RAW.xlsx,06a18e50214e6e5bd882819a1dde6ba1a0ee0457e0c6728727c12640a4e4a72c
TERNA2024_CHP_HEAT_0010,2024,13,Abruzzo,Abruzzo,066,L'Aquila,L'Aquila,CSUD,Condensazione e spillamento (CSC),STEAM_EXTRACTION_CHP,true,57.59245,57.59245,NUMBER,TYPED_NUMERIC_CELL,11,2,MULTIPLE_SOURCE_ROWS_RETAINED_FOR_AGGREGATION,TERNA_DOWNLOAD_CENTER_THERMOELECTRIC_HEAT_2024,Export-DownloadCenterFile-20260901-101113.xlsx,raw/terna/historical_2024/Terna_Thermoelectric_Heat_2024_RAW.xlsx,06a18e50214e6e5bd882819a1dde6ba1a0ee0457e0c6728727c12640a4e4a72c
TERNA2024_CHP_HEAT_0011,2024,13,Abruzzo,Abruzzo,066,L'Aquila,L'Aquila,CSUD,Condensazione e spillamento (CSC),STEAM_EXTRACTION_CHP,true,0,0,NUMBER,TYPED_NUMERIC_CELL,12,2,MULTIPLE_SOURCE_ROWS_RETAINED_FOR_AGGREGATION,TERNA_DOWNLOAD_CENTER_THERMOELECTRIC_HEAT_2024,Export-DownloadCenterFile-20260901-101113.xlsx,raw/terna/historical_2024/Terna_Thermoelectric_Heat_2024_RAW.xlsx,06a18e50214e6e5bd882819a1dde6ba1a0ee0457e0c6728727c12640a4e4a72c
TERNA2024_CHP_HEAT_0012,2024,13,Abruzzo,Abruzzo,068,Pescara,Pescara,CSUD,Ciclo combinato con cogenerazione (CCC),CCGT_CHP,true,17.403515,17.403515,NUMBER,TYPED_NUMERIC_CELL,13,1,UNIQUE_VISIBLE_GRAIN,TERNA_DOWNLOAD_CENTER_THERMOELECTRIC_HEAT_2024,Export-DownloadCenterFile-20260901-101113.xlsx,raw/terna/historical_2024/Terna_Thermoelectric_Heat_2024_RAW.xlsx,06a18e50214e6e5bd882819a1dde6ba1a0ee0457e0c6728727c12640a4e4a72c
TERNA2024_CHP_HEAT_0013,2024,13,Abruzzo,Abruzzo,068,Pescara,Pescara,CSUD,Combustione interna con cogenerazione (CIC),INTERNAL_COMBUSTION_CHP,true,4.797173,4.797173,NUMBER,TYPED_NUMERIC_CELL,14,2,MULTIPLE_SOURCE_ROWS_RETAINED_FOR_AGGREGATION,TERNA_DOWNLOAD_CENTER_THERMOELECTRIC_HEAT_2024,Export-DownloadCenterFile-20260901-101113.xlsx,raw/terna/historical_2024/Terna_Thermoelectric_Heat_2024_RAW.xlsx,06a18e50214e6e5bd882819a1dde6ba1a0ee0457e0c6728727c12640a4e4a72c
TERNA2024_CHP_HEAT_0014,2024,13,Abruzzo,Abruzzo,068,Pescara,Pescara,CSUD,Combustione interna con cogenerazione (CIC),INTERNAL_COMBUSTION_CHP,true,35.045353,35.045353,NUMBER,TYPED_NUMERIC_CELL,15,2,MULTIPLE_SOURCE_ROWS_RETAINED_FOR_AGGREGATION,TERNA_DOWNLOAD_CENTER_THERMOELECTRIC_HEAT_2024,Export-DownloadCenterFile-20260901-101113.xlsx,raw/terna/historical_2024/Terna_Thermoelectric_Heat_2024_RAW.xlsx,06a18e50214e6e5bd882819a1dde6ba1a0ee0457e0c6728727c12640a4e4a72c
TERNA2024_CHP_HEAT_0015,2024,13,Abruzzo,Abruzzo,067,Teramo,Teramo,CSUD,Combustione interna con cogenerazione (CIC),INTERNAL_COMBUSTION_CHP,true,13.979866,13.979866,NUMBER,TYPED_NUMERIC_CELL,16,2,MULTIPLE_SOURCE_ROWS_RETAINED_FOR_AGGREGATION,TERNA_DOWNLOAD_CENTER_THERMOELECTRIC_HEAT_2024,Export-DownloadCenterFile-20260901-101113.xlsx,raw/terna/historical_2024/Terna_Thermoelectric_Heat_2024_RAW.xlsx,06a18e50214e6e5bd882819a1dde6ba1a0ee0457e0c6728727c12640a4e4a72c
TERNA2024_CHP_HEAT_0016,2024,13,Abruzzo,Abruzzo,067,Teramo,Teramo,CSUD,Combustione interna con cogenerazione (CIC),INTERNAL_COMBUSTION_CHP,true,54.094128,54.094128,NUMBER,TYPED_NUMERIC_CELL,17,2,MULTIPLE_SOURCE_ROWS_RETAINED_FOR_AGGREGATION,TERNA_DOWNLOAD_CENTER_THERMOELECTRIC_HEAT_2024,Export-DownloadCenterFile-20260901-101113.xlsx,raw/terna/historical_2024/Terna_Thermoelectric_Heat_2024_RAW.xlsx,06a18e50214e6e5bd882819a1dde6ba1a0ee0457e0c6728727c12640a4e4a72c
TERNA2024_CHP_HEAT_0017,2024,17,Basilicata,Basilicata,077,Matera,Matera,SUD,Ciclo combinato con cogenerazione (CCC),CCGT_CHP,true,4.515287,4.515287,NUMBER,TYPED_NUMERIC_CELL,18,1,UNIQUE_VISIBLE_GRAIN,TERNA_DOWNLOAD_CENTER_THERMOELECTRIC_HEAT_2024,Export-DownloadCenterFile-20260901-101113.xlsx,raw/terna/historical_2024/Terna_Thermoelectric_Heat_2024_RAW.xlsx,06a18e50214e6e5bd882819a1dde6ba1a0ee0457e0c6728727c12640a4e4a72c
TERNA2024_CHP_HEAT_0018,2024,17,Basilicata,Basilicata,077,Matera,Matera,SUD,Combustione interna con cogenerazione (CIC),INTERNAL_COMBUSTION_CHP,true,0,0,NUMBER,TYPED_NUMERIC_CELL,19,2,MULTIPLE_SOURCE_ROWS_RETAINED_FOR_AGGREGATION,TERNA_DOWNLOAD_CENTER_THERMOELECTRIC_HEAT_2024,Export-DownloadCenterFile-20260901-101113.xlsx,raw/terna/historical_2024/Terna_Thermoelectric_Heat_2024_RAW.xlsx,06a18e50214e6e5bd882819a1dde6ba1a0ee0457e0c6728727c12640a4e4a72c
TERNA2024_CHP_HEAT_0019,2024,17,Basilicata,Basilicata,077,Matera,Matera,SUD,Combustione interna con cogenerazione (CIC),INTERNAL_COMBUSTION_CHP,true,5.31632,5.31632,NUMBER,TYPED_NUMERIC_CELL,20,2,MULTIPLE_SOURCE_ROWS_RETAINED_FOR_AGGREGATION,TERNA_DOWNLOAD_CENTER_THERMOELECTRIC_HEAT_2024,Export-DownloadCenterFile-20260901-101113.xlsx,raw/terna/historical_2024/Terna_Thermoelectric_Heat_2024_RAW.xlsx,06a18e50214e6e5bd882819a1dde6ba1a0ee0457e0c6728727c12640a4e4a72c
TERNA2024_CHP_HEAT_0020,2024,17,Basilicata,Basilicata,076,Potenza,Potenza,SUD,Ciclo combinato con cogenerazione (CCC),CCGT_CHP,true,138.33218,138.33218,NUMBER,TYPED_NUMERIC_CELL,21,1,UNIQUE_VISIBLE_GRAIN,TERNA_DOWNLOAD_CENTER_THERMOELECTRIC_HEAT_2024,Export-DownloadCenterFile-20260901-101113.xlsx,raw/terna/historical_2024/Terna_Thermoelectric_Heat_2024_RAW.xlsx,06a18e50214e6e5bd882819a1dde6ba1a0ee0457e0c6728727c12640a4e4a72c
TERNA2024_CHP_HEAT_0021,2024,17,Basilicata,Basilicata,076,Potenza,Potenza,SUD,Combustione interna con cogenerazione (CIC),INTERNAL_COMBUSTION_CHP,true,20.364716,20.364716,NUMBER,TYPED_NUMERIC_CELL,22,3,MULTIPLE_SOURCE_ROWS_RETAINED_FOR_AGGREGATION,TERNA_DOWNLOAD_CENTER_THERMOELECTRIC_HEAT_2024,Export-DownloadCenterFile-20260901-101113.xlsx,raw/terna/historical_2024/Terna_Thermoelectric_Heat_2024_RAW.xlsx,06a18e50214e6e5bd882819a1dde6ba1a0ee0457e0c6728727c12640a4e4a72c
TERNA2024_CHP_HEAT_0022,2024,17,Basilicata,Basilicata,076,Potenza,Potenza,SUD,Combustione interna con cogenerazione (CIC),INTERNAL_COMBUSTION_CHP,true,21.67539,21.67539,NUMBER,TYPED_NUMERIC_CELL,23,3,MULTIPLE_SOURCE_ROWS_RETAINED_FOR_AGGREGATION,TERNA_DOWNLOAD_CENTER_THERMOELECTRIC_HEAT_2024,Export-DownloadCenterFile-20260901-101113.xlsx,raw/terna/historical_2024/Terna_Thermoelectric_Heat_2024_RAW.xlsx,06a18e50214e6e5bd882819a1dde6ba1a0ee0457e0c6728727c12640a4e4a72c
TERNA2024_CHP_HEAT_0023,2024,17,Basilicata,Basilicata,076,Potenza,Potenza,SUD,Combustione interna con cogenerazione (CIC),INTERNAL_COMBUSTION_CHP,true,0,0,NUMBER,TYPED_NUMERIC_CELL,24,3,MULTIPLE_SOURCE_ROWS_RETAINED_FOR_AGGREGATION,TERNA_DOWNLOAD_CENTER_THERMOELECTRIC_HEAT_2024,Export-DownloadCenterFile-20260901-101113.xlsx,raw/terna/historical_2024/Terna_Thermoelectric_Heat_2024_RAW.xlsx,06a18e50214e6e5bd882819a1dde6ba1a0ee0457e0c6728727c12640a4e4a72c
TERNA2024_CHP_HEAT_0024,2024,17,Basilicata,Basilicata,076,Potenza,Potenza,SUD,Condensazione e spillamento (CSC),STEAM_EXTRACTION_CHP,true,95.3848,95.3848,NUMBER,TYPED_NUMERIC_CELL,25,2,MULTIPLE_SOURCE_ROWS_RETAINED_FOR_AGGREGATION,TERNA_DOWNLOAD_CENTER_THERMOELECTRIC_HEAT_2024,Export-DownloadCenterFile-20260901-101113.xlsx,raw/terna/historical_2024/Terna_Thermoelectric_Heat_2024_RAW.xlsx,06a18e50214e6e5bd882819a1dde6ba1a0ee0457e0c6728727c12640a4e4a72c
TERNA2024_CHP_HEAT_0025,2024,17,Basilicata,Basilicata,076,Potenza,Potenza,SUD,Condensazione e spillamento (CSC),STEAM_EXTRACTION_CHP,true,20.036575,20.036575,NUMBER,TYPED_NUMERIC_CELL,26,2,MULTIPLE_SOURCE_ROWS_RETAINED_FOR_AGGREGATION,TERNA_DOWNLOAD_CENTER_THERMOELECTRIC_HEAT_2024,Export-DownloadCenterFile-20260901-101113.xlsx,raw/terna/historical_2024/Terna_Thermoelectric_Heat_2024_RAW.xlsx,06a18e50214e6e5bd882819a1dde6ba1a0ee0457e0c6728727c12640a4e4a72c
TERNA2024_CHP_HEAT_0026,2024,17,Basilicata,Basilicata,076,Potenza,Potenza,SUD,Turbine a gas con cogenerazione (TGC),GT_CHP,true,0,0,NUMBER,TYPED_NUMERIC_CELL,27,1,UNIQUE_VISIBLE_GRAIN,TERNA_DOWNLOAD_CENTER_THERMOELECTRIC_HEAT_2024,Export-DownloadCenterFile-20260901-101113.xlsx,raw/terna/historical_2024/Terna_Thermoelectric_Heat_2024_RAW.xlsx,06a18e50214e6e5bd882819a1dde6ba1a0ee0457e0c6728727c12640a4e4a72c
TERNA2024_CHP_HEAT_0027,2024,18,Calabria,Calabria,079,Catanzaro,Catanzaro,CALA,Ciclo combinato con cogenerazione (CCC),CCGT_CHP,true,64.14142,64.14142,NUMBER,TYPED_NUMERIC_CELL,28,1,UNIQUE_VISIBLE_GRAIN,TERNA_DOWNLOAD_CENTER_THERMOELECTRIC_HEAT_2024,Export-DownloadCenterFile-20260901-101113.xlsx,raw/terna/historical_2024/Terna_Thermoelectric_Heat_2024_RAW.xlsx,06a18e50214e6e5bd882819a1dde6ba1a0ee0457e0c6728727c12640a4e4a72c
TERNA2024_CHP_HEAT_0028,2024,18,Calabria,Calabria,079,Catanzaro,Catanzaro,CALA,Combustione interna con cogenerazione (CIC),INTERNAL_COMBUSTION_CHP,true,3.806564,3.806564,NUMBER,TYPED_NUMERIC_CELL,29,3,MULTIPLE_SOURCE_ROWS_RETAINED_FOR_AGGREGATION,TERNA_DOWNLOAD_CENTER_THERMOELECTRIC_HEAT_2024,Export-DownloadCenterFile-20260901-101113.xlsx,raw/terna/historical_2024/Terna_Thermoelectric_Heat_2024_RAW.xlsx,06a18e50214e6e5bd882819a1dde6ba1a0ee0457e0c6728727c12640a4e4a72c
TERNA2024_CHP_HEAT_0029,2024,18,Calabria,Calabria,079,Catanzaro,Catanzaro,CALA,Combustione interna con cogenerazione (CIC),INTERNAL_COMBUSTION_CHP,true,0.062255,0.062255,NUMBER,TYPED_NUMERIC_CELL,30,3,MULTIPLE_SOURCE_ROWS_RETAINED_FOR_AGGREGATION,TERNA_DOWNLOAD_CENTER_THERMOELECTRIC_HEAT_2024,Export-DownloadCenterFile-20260901-101113.xlsx,raw/terna/historical_2024/Terna_Thermoelectric_Heat_2024_RAW.xlsx,06a18e50214e6e5bd882819a1dde6ba1a0ee0457e0c6728727c12640a4e4a72c
TERNA2024_CHP_HEAT_0030,2024,18,Calabria,Calabria,079,Catanzaro,Catanzaro,CALA,Combustione interna con cogenerazione (CIC),INTERNAL_COMBUSTION_CHP,true,1.710874,1.710874,NUMBER,TYPED_NUMERIC_CELL,31,3,MULTIPLE_SOURCE_ROWS_RETAINED_FOR_AGGREGATION,TERNA_DOWNLOAD_CENTER_THERMOELECTRIC_HEAT_2024,Export-DownloadCenterFile-20260901-101113.xlsx,raw/terna/historical_2024/Terna_Thermoelectric_Heat_2024_RAW.xlsx,06a18e50214e6e5bd882819a1dde6ba1a0ee0457e0c6728727c12640a4e4a72c
TERNA2024_CHP_HEAT_0031,2024,18,Calabria,Calabria,079,Catanzaro,Catanzaro,CALA,Turbine a gas con cogenerazione (TGC),GT_CHP,true,0,0,NUMBER,TYPED_NUMERIC_CELL,32,1,UNIQUE_VISIBLE_GRAIN,TERNA_DOWNLOAD_CENTER_THERMOELECTRIC_HEAT_2024,Export-DownloadCenterFile-20260901-101113.xlsx,raw/terna/historical_2024/Terna_Thermoelectric_Heat_2024_RAW.xlsx,06a18e50214e6e5bd882819a1dde6ba1a0ee0457e0c6728727c12640a4e4a72c
TERNA2024_CHP_HEAT_0032,2024,18,Calabria,Calabria,078,Cosenza,Cosenza,CALA,Ciclo combinato con cogenerazione (CCC),CCGT_CHP,true,184.75221,184.75221,NUMBER,TYPED_NUMERIC_CELL,33,1,UNIQUE_VISIBLE_GRAIN,TERNA_DOWNLOAD_CENTER_THERMOELECTRIC_HEAT_2024,Export-DownloadCenterFile-20260901-101113.xlsx,raw/terna/historical_2024/Terna_Thermoelectric_Heat_2024_RAW.xlsx,06a18e50214e6e5bd882819a1dde6ba1a0ee0457e0c6728727c12640a4e4a72c
TERNA2024_CHP_HEAT_0033,2024,18,Calabria,Calabria,078,Cosenza,Cosenza,CALA,Combustione interna con cogenerazione (CIC),INTERNAL_COMBUSTION_CHP,true,35.19495,35.19495,NUMBER,TYPED_NUMERIC_CELL,34,3,MULTIPLE_SOURCE_ROWS_RETAINED_FOR_AGGREGATION,TERNA_DOWNLOAD_CENTER_THERMOELECTRIC_HEAT_2024,Export-DownloadCenterFile-20260901-101113.xlsx,raw/terna/historical_2024/Terna_Thermoelectric_Heat_2024_RAW.xlsx,06a18e50214e6e5bd882819a1dde6ba1a0ee0457e0c6728727c12640a4e4a72c
TERNA2024_CHP_HEAT_0034,2024,18,Calabria,Calabria,078,Cosenza,Cosenza,CALA,Combustione interna con cogenerazione (CIC),INTERNAL_COMBUSTION_CHP,true,20.202507,20.202507,NUMBER,TYPED_NUMERIC_CELL,35,3,MULTIPLE_SOURCE_ROWS_RETAINED_FOR_AGGREGATION,TERNA_DOWNLOAD_CENTER_THERMOELECTRIC_HEAT_2024,Export-DownloadCenterFile-20260901-101113.xlsx,raw/terna/historical_2024/Terna_Thermoelectric_Heat_2024_RAW.xlsx,06a18e50214e6e5bd882819a1dde6ba1a0ee0457e0c6728727c12640a4e4a72c
TERNA2024_CHP_HEAT_0035,2024,18,Calabria,Calabria,078,Cosenza,Cosenza,CALA,Combustione interna con cogenerazione (CIC),INTERNAL_COMBUSTION_CHP,true,0,0,NUMBER,TYPED_NUMERIC_CELL,36,3,MULTIPLE_SOURCE_ROWS_RETAINED_FOR_AGGREGATION,TERNA_DOWNLOAD_CENTER_THERMOELECTRIC_HEAT_2024,Export-DownloadCenterFile-20260901-101113.xlsx,raw/terna/historical_2024/Terna_Thermoelectric_Heat_2024_RAW.xlsx,06a18e50214e6e5bd882819a1dde6ba1a0ee0457e0c6728727c12640a4e4a72c
TERNA2024_CHP_HEAT_0036,2024,18,Calabria,Calabria,078,Cosenza,Cosenza,CALA,Turbine a gas con cogenerazione (TGC),GT_CHP,true,0,0,NUMBER,TYPED_NUMERIC_CELL,37,1,UNIQUE_VISIBLE_GRAIN,TERNA_DOWNLOAD_CENTER_THERMOELECTRIC_HEAT_2024,Export-DownloadCenterFile-20260901-101113.xlsx,raw/terna/historical_2024/Terna_Thermoelectric_Heat_2024_RAW.xlsx,06a18e50214e6e5bd882819a1dde6ba1a0ee0457e0c6728727c12640a4e4a72c
TERNA2024_CHP_HEAT_0037,2024,18,Calabria,Calabria,101,Crotone,Crotone,CALA,Combustione interna con cogenerazione (CIC),INTERNAL_COMBUSTION_CHP,true,0.45404,0.45404,NUMBER,TYPED_NUMERIC_CELL,38,2,MULTIPLE_SOURCE_ROWS_RETAINED_FOR_AGGREGATION,TERNA_DOWNLOAD_CENTER_THERMOELECTRIC_HEAT_2024,Export-DownloadCenterFile-20260901-101113.xlsx,raw/terna/historical_2024/Terna_Thermoelectric_Heat_2024_RAW.xlsx,06a18e50214e6e5bd882819a1dde6ba1a0ee0457e0c6728727c12640a4e4a72c
TERNA2024_CHP_HEAT_0038,2024,18,Calabria,Calabria,101,Crotone,Crotone,CALA,Combustione interna con cogenerazione (CIC),INTERNAL_COMBUSTION_CHP,true,0,0,NUMBER,TYPED_NUMERIC_CELL,39,2,MULTIPLE_SOURCE_ROWS_RETAINED_FOR_AGGREGATION,TERNA_DOWNLOAD_CENTER_THERMOELECTRIC_HEAT_2024,Export-DownloadCenterFile-20260901-101113.xlsx,raw/terna/historical_2024/Terna_Thermoelectric_Heat_2024_RAW.xlsx,06a18e50214e6e5bd882819a1dde6ba1a0ee0457e0c6728727c12640a4e4a72c
TERNA2024_CHP_HEAT_0039,2024,18,Calabria,Calabria,101,Crotone,Crotone,CALA,Turbine a gas con cogenerazione (TGC),GT_CHP,true,0,0,NUMBER,TYPED_NUMERIC_CELL,40,1,UNIQUE_VISIBLE_GRAIN,TERNA_DOWNLOAD_CENTER_THERMOELECTRIC_HEAT_2024,Export-DownloadCenterFile-20260901-101113.xlsx,raw/terna/historical_2024/Terna_Thermoelectric_Heat_2024_RAW.xlsx,06a18e50214e6e5bd882819a1dde6ba1a0ee0457e0c6728727c12640a4e4a72c
TERNA2024_CHP_HEAT_0040,2024,18,Calabria,Calabria,080,Reggio Di Calabria,Reggio di Calabria,CALA,Combustione interna con cogenerazione (CIC),INTERNAL_COMBUSTION_CHP,true,7.030216,7.030216,NUMBER,TYPED_NUMERIC_CELL,41,2,MULTIPLE_SOURCE_ROWS_RETAINED_FOR_AGGREGATION,TERNA_DOWNLOAD_CENTER_THERMOELECTRIC_HEAT_2024,Export-DownloadCenterFile-20260901-101113.xlsx,raw/terna/historical_2024/Terna_Thermoelectric_Heat_2024_RAW.xlsx,06a18e50214e6e5bd882819a1dde6ba1a0ee0457e0c6728727c12640a4e4a72c
TERNA2024_CHP_HEAT_0041,2024,18,Calabria,Calabria,080,Reggio Di Calabria,Reggio di Calabria,CALA,Combustione interna con cogenerazione (CIC),INTERNAL_COMBUSTION_CHP,true,9.980298,9.980298,NUMBER,TYPED_NUMERIC_CELL,42,2,MULTIPLE_SOURCE_ROWS_RETAINED_FOR_AGGREGATION,TERNA_DOWNLOAD_CENTER_THERMOELECTRIC_HEAT_2024,Export-DownloadCenterFile-20260901-101113.xlsx,raw/terna/historical_2024/Terna_Thermoelectric_Heat_2024_RAW.xlsx,06a18e50214e6e5bd882819a1dde6ba1a0ee0457e0c6728727c12640a4e4a72c
TERNA2024_CHP_HEAT_0042,2024,18,Calabria,Calabria,080,Reggio Di Calabria,Reggio di Calabria,CALA,Condensazione e spillamento (CSC),STEAM_EXTRACTION_CHP,true,69.2094,69.2094,NUMBER,TYPED_NUMERIC_CELL,43,1,UNIQUE_VISIBLE_GRAIN,TERNA_DOWNLOAD_CENTER_THERMOELECTRIC_HEAT_2024,Export-DownloadCenterFile-20260901-101113.xlsx,raw/terna/historical_2024/Terna_Thermoelectric_Heat_2024_RAW.xlsx,06a18e50214e6e5bd882819a1dde6ba1a0ee0457e0c6728727c12640a4e4a72c
TERNA2024_CHP_HEAT_0043,2024,18,Calabria,Calabria,102,Vibo Valentia,Vibo Valentia,CALA,Combustione interna con cogenerazione (CIC),INTERNAL_COMBUSTION_CHP,true,0,0,NUMBER,TYPED_NUMERIC_CELL,44,2,MULTIPLE_SOURCE_ROWS_RETAINED_FOR_AGGREGATION,TERNA_DOWNLOAD_CENTER_THERMOELECTRIC_HEAT_2024,Export-DownloadCenterFile-20260901-101113.xlsx,raw/terna/historical_2024/Terna_Thermoelectric_Heat_2024_RAW.xlsx,06a18e50214e6e5bd882819a1dde6ba1a0ee0457e0c6728727c12640a4e4a72c
TERNA2024_CHP_HEAT_0044,2024,18,Calabria,Calabria,102,Vibo Valentia,Vibo Valentia,CALA,Combustione interna con cogenerazione (CIC),INTERNAL_COMBUSTION_CHP,true,1.376146,1.376146,NUMBER,TYPED_NUMERIC_CELL,45,2,MULTIPLE_SOURCE_ROWS_RETAINED_FOR_AGGREGATION,TERNA_DOWNLOAD_CENTER_THERMOELECTRIC_HEAT_2024,Export-DownloadCenterFile-20260901-101113.xlsx,raw/terna/historical_2024/Terna_Thermoelectric_Heat_2024_RAW.xlsx,06a18e50214e6e5bd882819a1dde6ba1a0ee0457e0c6728727c12640a4e4a72c
TERNA2024_CHP_HEAT_0045,2024,18,Calabria,Calabria,102,Vibo Valentia,Vibo Valentia,CALA,Turbine a gas con cogenerazione (TGC),GT_CHP,true,0.000129,0.000129,NUMBER,TYPED_NUMERIC_CELL,46,1,UNIQUE_VISIBLE_GRAIN,TERNA_DOWNLOAD_CENTER_THERMOELECTRIC_HEAT_2024,Export-DownloadCenterFile-20260901-101113.xlsx,raw/terna/historical_2024/Terna_Thermoelectric_Heat_2024_RAW.xlsx,06a18e50214e6e5bd882819a1dde6ba1a0ee0457e0c6728727c12640a4e4a72c
TERNA2024_CHP_HEAT_0046,2024,15,Campania,Campania,064,Avellino,Avellino,CSUD,Combustione interna con cogenerazione (CIC),INTERNAL_COMBUSTION_CHP,true,2.175968,2.175968,NUMBER,TYPED_NUMERIC_CELL,47,2,MULTIPLE_SOURCE_ROWS_RETAINED_FOR_AGGREGATION,TERNA_DOWNLOAD_CENTER_THERMOELECTRIC_HEAT_2024,Export-DownloadCenterFile-20260901-101113.xlsx,raw/terna/historical_2024/Terna_Thermoelectric_Heat_2024_RAW.xlsx,06a18e50214e6e5bd882819a1dde6ba1a0ee0457e0c6728727c12640a4e4a72c
TERNA2024_CHP_HEAT_0047,2024,15,Campania,Campania,064,Avellino,Avellino,CSUD,Combustione interna con cogenerazione (CIC),INTERNAL_COMBUSTION_CHP,true,80.24633,80.24633,NUMBER,TYPED_NUMERIC_CELL,48,2,MULTIPLE_SOURCE_ROWS_RETAINED_FOR_AGGREGATION,TERNA_DOWNLOAD_CENTER_THERMOELECTRIC_HEAT_2024,Export-DownloadCenterFile-20260901-101113.xlsx,raw/terna/historical_2024/Terna_Thermoelectric_Heat_2024_RAW.xlsx,06a18e50214e6e5bd882819a1dde6ba1a0ee0457e0c6728727c12640a4e4a72c
TERNA2024_CHP_HEAT_0048,2024,06,Friuli-Venezia Giulia,Friuli-Venezia Giulia,032,Trieste,Trieste,NORD,Condensazione e spillamento (CSC),STEAM_EXTRACTION_CHP,true,2.029979,2.029979,NUMBER,TYPED_NUMERIC_CELL,49,1,UNIQUE_VISIBLE_GRAIN,TERNA_DOWNLOAD_CENTER_THERMOELECTRIC_HEAT_2024,Export-DownloadCenterFile-20260901-101113.xlsx,raw/terna/historical_2024/Terna_Thermoelectric_Heat_2024_RAW.xlsx,06a18e50214e6e5bd882819a1dde6ba1a0ee0457e0c6728727c12640a4e4a72c
TERNA2024_CHP_HEAT_0049,2024,06,Friuli-Venezia Giulia,Friuli-Venezia Giulia,030,Udine,Udine,NORD,Ciclo combinato con cogenerazione (CCC),CCGT_CHP,true,325.1793,325.1793,NUMBER,TYPED_NUMERIC_CELL,50,1,UNIQUE_VISIBLE_GRAIN,TERNA_DOWNLOAD_CENTER_THERMOELECTRIC_HEAT_2024,Export-DownloadCenterFile-20260901-101113.xlsx,raw/terna/historical_2024/Terna_Thermoelectric_Heat_2024_RAW.xlsx,06a18e50214e6e5bd882819a1dde6ba1a0ee0457e0c6728727c12640a4e4a72c
TERNA2024_CHP_HEAT_0050,2024,06,Friuli-Venezia Giulia,Friuli-Venezia Giulia,030,Udine,Udine,NORD,Combustione interna con cogenerazione (CIC),INTERNAL_COMBUSTION_CHP,true,103.76879,103.76879,NUMBER,TYPED_NUMERIC_CELL,51,2,MULTIPLE_SOURCE_ROWS_RETAINED_FOR_AGGREGATION,TERNA_DOWNLOAD_CENTER_THERMOELECTRIC_HEAT_2024,Export-DownloadCenterFile-20260901-101113.xlsx,raw/terna/historical_2024/Terna_Thermoelectric_Heat_2024_RAW.xlsx,06a18e50214e6e5bd882819a1dde6ba1a0ee0457e0c6728727c12640a4e4a72c
TERNA2024_CHP_HEAT_0051,2024,06,Friuli-Venezia Giulia,Friuli-Venezia Giulia,030,Udine,Udine,NORD,Combustione interna con cogenerazione (CIC),INTERNAL_COMBUSTION_CHP,true,130.72995,130.72995,NUMBER,TYPED_NUMERIC_CELL,52,2,MULTIPLE_SOURCE_ROWS_RETAINED_FOR_AGGREGATION,TERNA_DOWNLOAD_CENTER_THERMOELECTRIC_HEAT_2024,Export-DownloadCenterFile-20260901-101113.xlsx,raw/terna/historical_2024/Terna_Thermoelectric_Heat_2024_RAW.xlsx,06a18e50214e6e5bd882819a1dde6ba1a0ee0457e0c6728727c12640a4e4a72c
TERNA2024_CHP_HEAT_0052,2024,06,Friuli-Venezia Giulia,Friuli-Venezia Giulia,030,Udine,Udine,NORD,Condensazione e spillamento (CSC),STEAM_EXTRACTION_CHP,true,0,0,NUMBER,TYPED_NUMERIC_CELL,53,1,UNIQUE_VISIBLE_GRAIN,TERNA_DOWNLOAD_CENTER_THERMOELECTRIC_HEAT_2024,Export-DownloadCenterFile-20260901-101113.xlsx,raw/terna/historical_2024/Terna_Thermoelectric_Heat_2024_RAW.xlsx,06a18e50214e6e5bd882819a1dde6ba1a0ee0457e0c6728727c12640a4e4a72c
TERNA2024_CHP_HEAT_0053,2024,06,Friuli-Venezia Giulia,Friuli-Venezia Giulia,030,Udine,Udine,NORD,Contropressione (CPC),STEAM_BACKPRESSURE_CHP,true,11.742563,11.742563,NUMBER,TYPED_NUMERIC_CELL,54,2,MULTIPLE_SOURCE_ROWS_RETAINED_FOR_AGGREGATION,TERNA_DOWNLOAD_CENTER_THERMOELECTRIC_HEAT_2024,Export-DownloadCenterFile-20260901-101113.xlsx,raw/terna/historical_2024/Terna_Thermoelectric_Heat_2024_RAW.xlsx,06a18e50214e6e5bd882819a1dde6ba1a0ee0457e0c6728727c12640a4e4a72c
TERNA2024_CHP_HEAT_0054,2024,06,Friuli-Venezia Giulia,Friuli-Venezia Giulia,030,Udine,Udine,NORD,Contropressione (CPC),STEAM_BACKPRESSURE_CHP,true,0,0,NUMBER,TYPED_NUMERIC_CELL,55,2,MULTIPLE_SOURCE_ROWS_RETAINED_FOR_AGGREGATION,TERNA_DOWNLOAD_CENTER_THERMOELECTRIC_HEAT_2024,Export-DownloadCenterFile-20260901-101113.xlsx,raw/terna/historical_2024/Terna_Thermoelectric_Heat_2024_RAW.xlsx,06a18e50214e6e5bd882819a1dde6ba1a0ee0457e0c6728727c12640a4e4a72c
TERNA2024_CHP_HEAT_0055,2024,06,Friuli-Venezia Giulia,Friuli-Venezia Giulia,030,Udine,Udine,NORD,Turbine a gas con cogenerazione (TGC),GT_CHP,true,90.99142,90.99142,NUMBER,TYPED_NUMERIC_CELL,56,1,UNIQUE_VISIBLE_GRAIN,TERNA_DOWNLOAD_CENTER_THERMOELECTRIC_HEAT_2024,Export-DownloadCenterFile-20260901-101113.xlsx,raw/terna/historical_2024/Terna_Thermoelectric_Heat_2024_RAW.xlsx,06a18e50214e6e5bd882819a1dde6ba1a0ee0457e0c6728727c12640a4e4a72c
TERNA2024_CHP_HEAT_0056,2024,12,Lazio,Lazio,060,Frosinone,Frosinone,CSUD,Ciclo combinato con cogenerazione (CCC),CCGT_CHP,true,307.68405,307.68405,NUMBER,TYPED_NUMERIC_CELL,57,2,MULTIPLE_SOURCE_ROWS_RETAINED_FOR_AGGREGATION,TERNA_DOWNLOAD_CENTER_THERMOELECTRIC_HEAT_2024,Export-DownloadCenterFile-20260901-101113.xlsx,raw/terna/historical_2024/Terna_Thermoelectric_Heat_2024_RAW.xlsx,06a18e50214e6e5bd882819a1dde6ba1a0ee0457e0c6728727c12640a4e4a72c
TERNA2024_CHP_HEAT_0057,2024,12,Lazio,Lazio,060,Frosinone,Frosinone,CSUD,Ciclo combinato con cogenerazione (CCC),CCGT_CHP,true,0,0,NUMBER,TYPED_NUMERIC_CELL,58,2,MULTIPLE_SOURCE_ROWS_RETAINED_FOR_AGGREGATION,TERNA_DOWNLOAD_CENTER_THERMOELECTRIC_HEAT_2024,Export-DownloadCenterFile-20260901-101113.xlsx,raw/terna/historical_2024/Terna_Thermoelectric_Heat_2024_RAW.xlsx,06a18e50214e6e5bd882819a1dde6ba1a0ee0457e0c6728727c12640a4e4a72c
TERNA2024_CHP_HEAT_0058,2024,12,Lazio,Lazio,060,Frosinone,Frosinone,CSUD,Combustione interna con cogenerazione (CIC),INTERNAL_COMBUSTION_CHP,true,41.95216,41.95216,NUMBER,TYPED_NUMERIC_CELL,59,2,MULTIPLE_SOURCE_ROWS_RETAINED_FOR_AGGREGATION,TERNA_DOWNLOAD_CENTER_THERMOELECTRIC_HEAT_2024,Export-DownloadCenterFile-20260901-101113.xlsx,raw/terna/historical_2024/Terna_Thermoelectric_Heat_2024_RAW.xlsx,06a18e50214e6e5bd882819a1dde6ba1a0ee0457e0c6728727c12640a4e4a72c
TERNA2024_CHP_HEAT_0059,2024,12,Lazio,Lazio,060,Frosinone,Frosinone,CSUD,Combustione interna con cogenerazione (CIC),INTERNAL_COMBUSTION_CHP,true,215.97612,215.97612,NUMBER,TYPED_NUMERIC_CELL,60,2,MULTIPLE_SOURCE_ROWS_RETAINED_FOR_AGGREGATION,TERNA_DOWNLOAD_CENTER_THERMOELECTRIC_HEAT_2024,Export-DownloadCenterFile-20260901-101113.xlsx,raw/terna/historical_2024/Terna_Thermoelectric_Heat_2024_RAW.xlsx,06a18e50214e6e5bd882819a1dde6ba1a0ee0457e0c6728727c12640a4e4a72c
TERNA2024_CHP_HEAT_0060,2024,12,Lazio,Lazio,060,Frosinone,Frosinone,CSUD,Condensazione e spillamento (CSC),STEAM_EXTRACTION_CHP,true,49.574398,49.574398,NUMBER,TYPED_NUMERIC_CELL,61,1,UNIQUE_VISIBLE_GRAIN,TERNA_DOWNLOAD_CENTER_THERMOELECTRIC_HEAT_2024,Export-DownloadCenterFile-20260901-101113.xlsx,raw/terna/historical_2024/Terna_Thermoelectric_Heat_2024_RAW.xlsx,06a18e50214e6e5bd882819a1dde6ba1a0ee0457e0c6728727c12640a4e4a72c
TERNA2024_CHP_HEAT_0061,2024,12,Lazio,Lazio,060,Frosinone,Frosinone,CSUD,Turbine a gas con cogenerazione (TGC),GT_CHP,true,23.958559,23.958559,NUMBER,TYPED_NUMERIC_CELL,62,1,UNIQUE_VISIBLE_GRAIN,TERNA_DOWNLOAD_CENTER_THERMOELECTRIC_HEAT_2024,Export-DownloadCenterFile-20260901-101113.xlsx,raw/terna/historical_2024/Terna_Thermoelectric_Heat_2024_RAW.xlsx,06a18e50214e6e5bd882819a1dde6ba1a0ee0457e0c6728727c12640a4e4a72c
TERNA2024_CHP_HEAT_0062,2024,12,Lazio,Lazio,059,Latina,Latina,CSUD,Combustione interna con cogenerazione (CIC),INTERNAL_COMBUSTION_CHP,true,24.567425,24.567425,NUMBER,TYPED_NUMERIC_CELL,63,3,MULTIPLE_SOURCE_ROWS_RETAINED_FOR_AGGREGATION,TERNA_DOWNLOAD_CENTER_THERMOELECTRIC_HEAT_2024,Export-DownloadCenterFile-20260901-101113.xlsx,raw/terna/historical_2024/Terna_Thermoelectric_Heat_2024_RAW.xlsx,06a18e50214e6e5bd882819a1dde6ba1a0ee0457e0c6728727c12640a4e4a72c
TERNA2024_CHP_HEAT_0063,2024,12,Lazio,Lazio,059,Latina,Latina,CSUD,Combustione interna con cogenerazione (CIC),INTERNAL_COMBUSTION_CHP,true,125.008995,125.008995,NUMBER,TYPED_NUMERIC_CELL,64,3,MULTIPLE_SOURCE_ROWS_RETAINED_FOR_AGGREGATION,TERNA_DOWNLOAD_CENTER_THERMOELECTRIC_HEAT_2024,Export-DownloadCenterFile-20260901-101113.xlsx,raw/terna/historical_2024/Terna_Thermoelectric_Heat_2024_RAW.xlsx,06a18e50214e6e5bd882819a1dde6ba1a0ee0457e0c6728727c12640a4e4a72c
TERNA2024_CHP_HEAT_0064,2024,12,Lazio,Lazio,059,Latina,Latina,CSUD,Combustione interna con cogenerazione (CIC),INTERNAL_COMBUSTION_CHP,true,2.919,2.919,NUMBER,TYPED_NUMERIC_CELL,65,3,MULTIPLE_SOURCE_ROWS_RETAINED_FOR_AGGREGATION,TERNA_DOWNLOAD_CENTER_THERMOELECTRIC_HEAT_2024,Export-DownloadCenterFile-20260901-101113.xlsx,raw/terna/historical_2024/Terna_Thermoelectric_Heat_2024_RAW.xlsx,06a18e50214e6e5bd882819a1dde6ba1a0ee0457e0c6728727c12640a4e4a72c
TERNA2024_CHP_HEAT_0065,2024,12,Lazio,Lazio,059,Latina,Latina,CSUD,Condensazione e spillamento (CSC),STEAM_EXTRACTION_CHP,true,0,0,NUMBER,TYPED_NUMERIC_CELL,66,1,UNIQUE_VISIBLE_GRAIN,TERNA_DOWNLOAD_CENTER_THERMOELECTRIC_HEAT_2024,Export-DownloadCenterFile-20260901-101113.xlsx,raw/terna/historical_2024/Terna_Thermoelectric_Heat_2024_RAW.xlsx,06a18e50214e6e5bd882819a1dde6ba1a0ee0457e0c6728727c12640a4e4a72c
TERNA2024_CHP_HEAT_0066,2024,12,Lazio,Lazio,059,Latina,Latina,CSUD,Turbine a gas con cogenerazione (TGC),GT_CHP,true,158.32083,158.32083,NUMBER,TYPED_NUMERIC_CELL,67,1,UNIQUE_VISIBLE_GRAIN,TERNA_DOWNLOAD_CENTER_THERMOELECTRIC_HEAT_2024,Export-DownloadCenterFile-20260901-101113.xlsx,raw/terna/historical_2024/Terna_Thermoelectric_Heat_2024_RAW.xlsx,06a18e50214e6e5bd882819a1dde6ba1a0ee0457e0c6728727c12640a4e4a72c
TERNA2024_CHP_HEAT_0067,2024,12,Lazio,Lazio,057,Rieti,Rieti,CSUD,Combustione interna con cogenerazione (CIC),INTERNAL_COMBUSTION_CHP,true,3.292888,3.292888,NUMBER,TYPED_NUMERIC_CELL,68,2,MULTIPLE_SOURCE_ROWS_RETAINED_FOR_AGGREGATION,TERNA_DOWNLOAD_CENTER_THERMOELECTRIC_HEAT_2024,Export-DownloadCenterFile-20260901-101113.xlsx,raw/terna/historical_2024/Terna_Thermoelectric_Heat_2024_RAW.xlsx,06a18e50214e6e5bd882819a1dde6ba1a0ee0457e0c6728727c12640a4e4a72c
TERNA2024_CHP_HEAT_0068,2024,12,Lazio,Lazio,057,Rieti,Rieti,CSUD,Combustione interna con cogenerazione (CIC),INTERNAL_COMBUSTION_CHP,true,4.670212,4.670212,NUMBER,TYPED_NUMERIC_CELL,69,2,MULTIPLE_SOURCE_ROWS_RETAINED_FOR_AGGREGATION,TERNA_DOWNLOAD_CENTER_THERMOELECTRIC_HEAT_2024,Export-DownloadCenterFile-20260901-101113.xlsx,raw/terna/historical_2024/Terna_Thermoelectric_Heat_2024_RAW.xlsx,06a18e50214e6e5bd882819a1dde6ba1a0ee0457e0c6728727c12640a4e4a72c
TERNA2024_CHP_HEAT_0069,2024,12,Lazio,Lazio,058,Roma,Roma,CSUD,Ciclo combinato con cogenerazione (CCC),CCGT_CHP,true,0,0,NUMBER,TYPED_NUMERIC_CELL,70,2,MULTIPLE_SOURCE_ROWS_RETAINED_FOR_AGGREGATION,TERNA_DOWNLOAD_CENTER_THERMOELECTRIC_HEAT_2024,Export-DownloadCenterFile-20260901-101113.xlsx,raw/terna/historical_2024/Terna_Thermoelectric_Heat_2024_RAW.xlsx,06a18e50214e6e5bd882819a1dde6ba1a0ee0457e0c6728727c12640a4e4a72c
TERNA2024_CHP_HEAT_0070,2024,12,Lazio,Lazio,058,Roma,Roma,CSUD,Ciclo combinato con cogenerazione (CCC),CCGT_CHP,true,8.363,8.363,NUMBER,TYPED_NUMERIC_CELL,71,2,MULTIPLE_SOURCE_ROWS_RETAINED_FOR_AGGREGATION,TERNA_DOWNLOAD_CENTER_THERMOELECTRIC_HEAT_2024,Export-DownloadCenterFile-20260901-101113.xlsx,raw/terna/historical_2024/Terna_Thermoelectric_Heat_2024_RAW.xlsx,06a18e50214e6e5bd882819a1dde6ba1a0ee0457e0c6728727c12640a4e4a72c
TERNA2024_CHP_HEAT_0071,2024,12,Lazio,Lazio,058,Roma,Roma,CSUD,Combustione interna con cogenerazione (CIC),INTERNAL_COMBUSTION_CHP,true,12.089768,12.089768,NUMBER,TYPED_NUMERIC_CELL,72,2,MULTIPLE_SOURCE_ROWS_RETAINED_FOR_AGGREGATION,TERNA_DOWNLOAD_CENTER_THERMOELECTRIC_HEAT_2024,Export-DownloadCenterFile-20260901-101113.xlsx,raw/terna/historical_2024/Terna_Thermoelectric_Heat_2024_RAW.xlsx,06a18e50214e6e5bd882819a1dde6ba1a0ee0457e0c6728727c12640a4e4a72c
TERNA2024_CHP_HEAT_0072,2024,12,Lazio,Lazio,058,Roma,Roma,CSUD,Combustione interna con cogenerazione (CIC),INTERNAL_COMBUSTION_CHP,true,253.5522,253.5522,NUMBER,TYPED_NUMERIC_CELL,73,2,MULTIPLE_SOURCE_ROWS_RETAINED_FOR_AGGREGATION,TERNA_DOWNLOAD_CENTER_THERMOELECTRIC_HEAT_2024,Export-DownloadCenterFile-20260901-101113.xlsx,raw/terna/historical_2024/Terna_Thermoelectric_Heat_2024_RAW.xlsx,06a18e50214e6e5bd882819a1dde6ba1a0ee0457e0c6728727c12640a4e4a72c
TERNA2024_CHP_HEAT_0073,2024,12,Lazio,Lazio,058,Roma,Roma,CSUD,Turbine a gas con cogenerazione (TGC),GT_CHP,true,208.72229,208.72229,NUMBER,TYPED_NUMERIC_CELL,74,1,UNIQUE_VISIBLE_GRAIN,TERNA_DOWNLOAD_CENTER_THERMOELECTRIC_HEAT_2024,Export-DownloadCenterFile-20260901-101113.xlsx,raw/terna/historical_2024/Terna_Thermoelectric_Heat_2024_RAW.xlsx,06a18e50214e6e5bd882819a1dde6ba1a0ee0457e0c6728727c12640a4e4a72c
TERNA2024_CHP_HEAT_0074,2024,12,Lazio,Lazio,056,Viterbo,Viterbo,CSUD,Combustione interna con cogenerazione (CIC),INTERNAL_COMBUSTION_CHP,true,15.976223,15.976223,NUMBER,TYPED_NUMERIC_CELL,75,2,MULTIPLE_SOURCE_ROWS_RETAINED_FOR_AGGREGATION,TERNA_DOWNLOAD_CENTER_THERMOELECTRIC_HEAT_2024,Export-DownloadCenterFile-20260901-101113.xlsx,raw/terna/historical_2024/Terna_Thermoelectric_Heat_2024_RAW.xlsx,06a18e50214e6e5bd882819a1dde6ba1a0ee0457e0c6728727c12640a4e4a72c
TERNA2024_CHP_HEAT_0075,2024,12,Lazio,Lazio,056,Viterbo,Viterbo,CSUD,Combustione interna con cogenerazione (CIC),INTERNAL_COMBUSTION_CHP,true,7.319437,7.319437,NUMBER,TYPED_NUMERIC_CELL,76,2,MULTIPLE_SOURCE_ROWS_RETAINED_FOR_AGGREGATION,TERNA_DOWNLOAD_CENTER_THERMOELECTRIC_HEAT_2024,Export-DownloadCenterFile-20260901-101113.xlsx,raw/terna/historical_2024/Terna_Thermoelectric_Heat_2024_RAW.xlsx,06a18e50214e6e5bd882819a1dde6ba1a0ee0457e0c6728727c12640a4e4a72c
TERNA2024_CHP_HEAT_0076,2024,07,Liguria,Liguria,010,Genova,Genova,NORD,Combustione interna con cogenerazione (CIC),INTERNAL_COMBUSTION_CHP,true,0,0,NUMBER,TYPED_NUMERIC_CELL,77,2,MULTIPLE_SOURCE_ROWS_RETAINED_FOR_AGGREGATION,TERNA_DOWNLOAD_CENTER_THERMOELECTRIC_HEAT_2024,Export-DownloadCenterFile-20260901-101113.xlsx,raw/terna/historical_2024/Terna_Thermoelectric_Heat_2024_RAW.xlsx,06a18e50214e6e5bd882819a1dde6ba1a0ee0457e0c6728727c12640a4e4a72c
TERNA2024_CHP_HEAT_0077,2024,07,Liguria,Liguria,010,Genova,Genova,NORD,Combustione interna con cogenerazione (CIC),INTERNAL_COMBUSTION_CHP,true,35.366894,35.366894,NUMBER,TYPED_NUMERIC_CELL,78,2,MULTIPLE_SOURCE_ROWS_RETAINED_FOR_AGGREGATION,TERNA_DOWNLOAD_CENTER_THERMOELECTRIC_HEAT_2024,Export-DownloadCenterFile-20260901-101113.xlsx,raw/terna/historical_2024/Terna_Thermoelectric_Heat_2024_RAW.xlsx,06a18e50214e6e5bd882819a1dde6ba1a0ee0457e0c6728727c12640a4e4a72c
TERNA2024_CHP_HEAT_0078,2024,07,Liguria,Liguria,010,Genova,Genova,NORD,Turbine a gas con cogenerazione (TGC),GT_CHP,true,161.63857,161.63857,NUMBER,TYPED_NUMERIC_CELL,79,1,UNIQUE_VISIBLE_GRAIN,TERNA_DOWNLOAD_CENTER_THERMOELECTRIC_HEAT_2024,Export-DownloadCenterFile-20260901-101113.xlsx,raw/terna/historical_2024/Terna_Thermoelectric_Heat_2024_RAW.xlsx,06a18e50214e6e5bd882819a1dde6ba1a0ee0457e0c6728727c12640a4e4a72c
TERNA2024_CHP_HEAT_0079,2024,07,Liguria,Liguria,008,Imperia,Imperia,NORD,Combustione interna con cogenerazione (CIC),INTERNAL_COMBUSTION_CHP,true,1.980094,1.980094,NUMBER,TYPED_NUMERIC_CELL,80,2,MULTIPLE_SOURCE_ROWS_RETAINED_FOR_AGGREGATION,TERNA_DOWNLOAD_CENTER_THERMOELECTRIC_HEAT_2024,Export-DownloadCenterFile-20260901-101113.xlsx,raw/terna/historical_2024/Terna_Thermoelectric_Heat_2024_RAW.xlsx,06a18e50214e6e5bd882819a1dde6ba1a0ee0457e0c6728727c12640a4e4a72c
TERNA2024_CHP_HEAT_0080,2024,07,Liguria,Liguria,008,Imperia,Imperia,NORD,Combustione interna con cogenerazione (CIC),INTERNAL_COMBUSTION_CHP,true,0.505598,0.505598,NUMBER,TYPED_NUMERIC_CELL,81,2,MULTIPLE_SOURCE_ROWS_RETAINED_FOR_AGGREGATION,TERNA_DOWNLOAD_CENTER_THERMOELECTRIC_HEAT_2024,Export-DownloadCenterFile-20260901-101113.xlsx,raw/terna/historical_2024/Terna_Thermoelectric_Heat_2024_RAW.xlsx,06a18e50214e6e5bd882819a1dde6ba1a0ee0457e0c6728727c12640a4e4a72c
TERNA2024_CHP_HEAT_0081,2024,07,Liguria,Liguria,011,La Spezia,La Spezia,NORD,Combustione interna con cogenerazione (CIC),INTERNAL_COMBUSTION_CHP,true,0,0,NUMBER,TYPED_NUMERIC_CELL,82,1,UNIQUE_VISIBLE_GRAIN,TERNA_DOWNLOAD_CENTER_THERMOELECTRIC_HEAT_2024,Export-DownloadCenterFile-20260901-101113.xlsx,raw/terna/historical_2024/Terna_Thermoelectric_Heat_2024_RAW.xlsx,06a18e50214e6e5bd882819a1dde6ba1a0ee0457e0c6728727c12640a4e4a72c
TERNA2024_CHP_HEAT_0082,2024,07,Liguria,Liguria,009,Savona,Savona,NORD,Ciclo combinato con cogenerazione (CCC),CCGT_CHP,true,4.619547,4.619547,NUMBER,TYPED_NUMERIC_CELL,83,1,UNIQUE_VISIBLE_GRAIN,TERNA_DOWNLOAD_CENTER_THERMOELECTRIC_HEAT_2024,Export-DownloadCenterFile-20260901-101113.xlsx,raw/terna/historical_2024/Terna_Thermoelectric_Heat_2024_RAW.xlsx,06a18e50214e6e5bd882819a1dde6ba1a0ee0457e0c6728727c12640a4e4a72c
TERNA2024_CHP_HEAT_0083,2024,07,Liguria,Liguria,009,Savona,Savona,NORD,Combustione interna con cogenerazione (CIC),INTERNAL_COMBUSTION_CHP,true,2.233348,2.233348,NUMBER,TYPED_NUMERIC_CELL,84,3,MULTIPLE_SOURCE_ROWS_RETAINED_FOR_AGGREGATION,TERNA_DOWNLOAD_CENTER_THERMOELECTRIC_HEAT_2024,Export-DownloadCenterFile-20260901-101113.xlsx,raw/terna/historical_2024/Terna_Thermoelectric_Heat_2024_RAW.xlsx,06a18e50214e6e5bd882819a1dde6ba1a0ee0457e0c6728727c12640a4e4a72c
TERNA2024_CHP_HEAT_0084,2024,07,Liguria,Liguria,009,Savona,Savona,NORD,Combustione interna con cogenerazione (CIC),INTERNAL_COMBUSTION_CHP,true,57.97803,57.97803,NUMBER,TYPED_NUMERIC_CELL,85,3,MULTIPLE_SOURCE_ROWS_RETAINED_FOR_AGGREGATION,TERNA_DOWNLOAD_CENTER_THERMOELECTRIC_HEAT_2024,Export-DownloadCenterFile-20260901-101113.xlsx,raw/terna/historical_2024/Terna_Thermoelectric_Heat_2024_RAW.xlsx,06a18e50214e6e5bd882819a1dde6ba1a0ee0457e0c6728727c12640a4e4a72c
TERNA2024_CHP_HEAT_0085,2024,07,Liguria,Liguria,009,Savona,Savona,NORD,Combustione interna con cogenerazione (CIC),INTERNAL_COMBUSTION_CHP,true,49.080097,49.080097,NUMBER,TYPED_NUMERIC_CELL,86,3,MULTIPLE_SOURCE_ROWS_RETAINED_FOR_AGGREGATION,TERNA_DOWNLOAD_CENTER_THERMOELECTRIC_HEAT_2024,Export-DownloadCenterFile-20260901-101113.xlsx,raw/terna/historical_2024/Terna_Thermoelectric_Heat_2024_RAW.xlsx,06a18e50214e6e5bd882819a1dde6ba1a0ee0457e0c6728727c12640a4e4a72c
TERNA2024_CHP_HEAT_0086,2024,07,Liguria,Liguria,009,Savona,Savona,NORD,Turbine a gas con cogenerazione (TGC),GT_CHP,true,49.09124,49.09124,NUMBER,TYPED_NUMERIC_CELL,87,1,UNIQUE_VISIBLE_GRAIN,TERNA_DOWNLOAD_CENTER_THERMOELECTRIC_HEAT_2024,Export-DownloadCenterFile-20260901-101113.xlsx,raw/terna/historical_2024/Terna_Thermoelectric_Heat_2024_RAW.xlsx,06a18e50214e6e5bd882819a1dde6ba1a0ee0457e0c6728727c12640a4e4a72c
TERNA2024_CHP_HEAT_0087,2024,03,Lombardia,Lombardia,016,Bergamo,Bergamo,NORD,Ciclo combinato con cogenerazione (CCC),CCGT_CHP,true,68.293495,68.293495,NUMBER,TYPED_NUMERIC_CELL,88,1,UNIQUE_VISIBLE_GRAIN,TERNA_DOWNLOAD_CENTER_THERMOELECTRIC_HEAT_2024,Export-DownloadCenterFile-20260901-101113.xlsx,raw/terna/historical_2024/Terna_Thermoelectric_Heat_2024_RAW.xlsx,06a18e50214e6e5bd882819a1dde6ba1a0ee0457e0c6728727c12640a4e4a72c
TERNA2024_CHP_HEAT_0088,2024,03,Lombardia,Lombardia,016,Bergamo,Bergamo,NORD,Combustione interna con cogenerazione (CIC),INTERNAL_COMBUSTION_CHP,true,47.86759,47.86759,NUMBER,TYPED_NUMERIC_CELL,89,2,MULTIPLE_SOURCE_ROWS_RETAINED_FOR_AGGREGATION,TERNA_DOWNLOAD_CENTER_THERMOELECTRIC_HEAT_2024,Export-DownloadCenterFile-20260901-101113.xlsx,raw/terna/historical_2024/Terna_Thermoelectric_Heat_2024_RAW.xlsx,06a18e50214e6e5bd882819a1dde6ba1a0ee0457e0c6728727c12640a4e4a72c
TERNA2024_CHP_HEAT_0089,2024,03,Lombardia,Lombardia,016,Bergamo,Bergamo,NORD,Combustione interna con cogenerazione (CIC),INTERNAL_COMBUSTION_CHP,true,354.12915,354.12915,NUMBER,TYPED_NUMERIC_CELL,90,2,MULTIPLE_SOURCE_ROWS_RETAINED_FOR_AGGREGATION,TERNA_DOWNLOAD_CENTER_THERMOELECTRIC_HEAT_2024,Export-DownloadCenterFile-20260901-101113.xlsx,raw/terna/historical_2024/Terna_Thermoelectric_Heat_2024_RAW.xlsx,06a18e50214e6e5bd882819a1dde6ba1a0ee0457e0c6728727c12640a4e4a72c
TERNA2024_CHP_HEAT_0090,2024,03,Lombardia,Lombardia,016,Bergamo,Bergamo,NORD,Condensazione e spillamento (CSC),STEAM_EXTRACTION_CHP,true,204.43852,204.43852,NUMBER,TYPED_NUMERIC_CELL,91,1,UNIQUE_VISIBLE_GRAIN,TERNA_DOWNLOAD_CENTER_THERMOELECTRIC_HEAT_2024,Export-DownloadCenterFile-20260901-101113.xlsx,raw/terna/historical_2024/Terna_Thermoelectric_Heat_2024_RAW.xlsx,06a18e50214e6e5bd882819a1dde6ba1a0ee0457e0c6728727c12640a4e4a72c
TERNA2024_CHP_HEAT_0091,2024,03,Lombardia,Lombardia,016,Bergamo,Bergamo,NORD,Contropressione (CPC),STEAM_BACKPRESSURE_CHP,true,47.24953,47.24953,NUMBER,TYPED_NUMERIC_CELL,92,2,MULTIPLE_SOURCE_ROWS_RETAINED_FOR_AGGREGATION,TERNA_DOWNLOAD_CENTER_THERMOELECTRIC_HEAT_2024,Export-DownloadCenterFile-20260901-101113.xlsx,raw/terna/historical_2024/Terna_Thermoelectric_Heat_2024_RAW.xlsx,06a18e50214e6e5bd882819a1dde6ba1a0ee0457e0c6728727c12640a4e4a72c
TERNA2024_CHP_HEAT_0092,2024,03,Lombardia,Lombardia,016,Bergamo,Bergamo,NORD,Contropressione (CPC),STEAM_BACKPRESSURE_CHP,true,0.09227,0.09227,NUMBER,TYPED_NUMERIC_CELL,93,2,MULTIPLE_SOURCE_ROWS_RETAINED_FOR_AGGREGATION,TERNA_DOWNLOAD_CENTER_THERMOELECTRIC_HEAT_2024,Export-DownloadCenterFile-20260901-101113.xlsx,raw/terna/historical_2024/Terna_Thermoelectric_Heat_2024_RAW.xlsx,06a18e50214e6e5bd882819a1dde6ba1a0ee0457e0c6728727c12640a4e4a72c
TERNA2024_CHP_HEAT_0093,2024,03,Lombardia,Lombardia,016,Bergamo,Bergamo,NORD,Turbine a gas con cogenerazione (TGC),GT_CHP,true,0,0,NUMBER,TYPED_NUMERIC_CELL,94,2,MULTIPLE_SOURCE_ROWS_RETAINED_FOR_AGGREGATION,TERNA_DOWNLOAD_CENTER_THERMOELECTRIC_HEAT_2024,Export-DownloadCenterFile-20260901-101113.xlsx,raw/terna/historical_2024/Terna_Thermoelectric_Heat_2024_RAW.xlsx,06a18e50214e6e5bd882819a1dde6ba1a0ee0457e0c6728727c12640a4e4a72c
TERNA2024_CHP_HEAT_0094,2024,03,Lombardia,Lombardia,016,Bergamo,Bergamo,NORD,Turbine a gas con cogenerazione (TGC),GT_CHP,true,1.952971,1.952971,NUMBER,TYPED_NUMERIC_CELL,95,2,MULTIPLE_SOURCE_ROWS_RETAINED_FOR_AGGREGATION,TERNA_DOWNLOAD_CENTER_THERMOELECTRIC_HEAT_2024,Export-DownloadCenterFile-20260901-101113.xlsx,raw/terna/historical_2024/Terna_Thermoelectric_Heat_2024_RAW.xlsx,06a18e50214e6e5bd882819a1dde6ba1a0ee0457e0c6728727c12640a4e4a72c
TERNA2024_CHP_HEAT_0095,2024,03,Lombardia,Lombardia,017,Brescia,Brescia,NORD,Celle combustibili con cogenerazione (CEC),FUEL_CELL_CHP,true,0.017235,0.017235,NUMBER,TYPED_NUMERIC_CELL,96,1,UNIQUE_VISIBLE_GRAIN,TERNA_DOWNLOAD_CENTER_THERMOELECTRIC_HEAT_2024,Export-DownloadCenterFile-20260901-101113.xlsx,raw/terna/historical_2024/Terna_Thermoelectric_Heat_2024_RAW.xlsx,06a18e50214e6e5bd882819a1dde6ba1a0ee0457e0c6728727c12640a4e4a72c
TERNA2024_CHP_HEAT_0096,2024,03,Lombardia,Lombardia,017,Brescia,Brescia,NORD,Combustione interna con cogenerazione (CIC),INTERNAL_COMBUSTION_CHP,true,178.57967,178.57967,NUMBER,TYPED_NUMERIC_CELL,97,3,MULTIPLE_SOURCE_ROWS_RETAINED_FOR_AGGREGATION,TERNA_DOWNLOAD_CENTER_THERMOELECTRIC_HEAT_2024,Export-DownloadCenterFile-20260901-101113.xlsx,raw/terna/historical_2024/Terna_Thermoelectric_Heat_2024_RAW.xlsx,06a18e50214e6e5bd882819a1dde6ba1a0ee0457e0c6728727c12640a4e4a72c
TERNA2024_CHP_HEAT_0097,2024,03,Lombardia,Lombardia,017,Brescia,Brescia,NORD,Combustione interna con cogenerazione (CIC),INTERNAL_COMBUSTION_CHP,true,191.58144,191.58144,NUMBER,TYPED_NUMERIC_CELL,98,3,MULTIPLE_SOURCE_ROWS_RETAINED_FOR_AGGREGATION,TERNA_DOWNLOAD_CENTER_THERMOELECTRIC_HEAT_2024,Export-DownloadCenterFile-20260901-101113.xlsx,raw/terna/historical_2024/Terna_Thermoelectric_Heat_2024_RAW.xlsx,06a18e50214e6e5bd882819a1dde6ba1a0ee0457e0c6728727c12640a4e4a72c
TERNA2024_CHP_HEAT_0098,2024,03,Lombardia,Lombardia,017,Brescia,Brescia,NORD,Combustione interna con cogenerazione (CIC),INTERNAL_COMBUSTION_CHP,true,0,0,NUMBER,TYPED_NUMERIC_CELL,99,3,MULTIPLE_SOURCE_ROWS_RETAINED_FOR_AGGREGATION,TERNA_DOWNLOAD_CENTER_THERMOELECTRIC_HEAT_2024,Export-DownloadCenterFile-20260901-101113.xlsx,raw/terna/historical_2024/Terna_Thermoelectric_Heat_2024_RAW.xlsx,06a18e50214e6e5bd882819a1dde6ba1a0ee0457e0c6728727c12640a4e4a72c
TERNA2024_CHP_HEAT_0099,2024,03,Lombardia,Lombardia,017,Brescia,Brescia,NORD,Condensazione e spillamento (CSC),STEAM_EXTRACTION_CHP,true,42.78348,42.78348,NUMBER,TYPED_NUMERIC_CELL,100,3,MULTIPLE_SOURCE_ROWS_RETAINED_FOR_AGGREGATION,TERNA_DOWNLOAD_CENTER_THERMOELECTRIC_HEAT_2024,Export-DownloadCenterFile-20260901-101113.xlsx,raw/terna/historical_2024/Terna_Thermoelectric_Heat_2024_RAW.xlsx,06a18e50214e6e5bd882819a1dde6ba1a0ee0457e0c6728727c12640a4e4a72c
TERNA2024_CHP_HEAT_0100,2024,03,Lombardia,Lombardia,017,Brescia,Brescia,NORD,Condensazione e spillamento (CSC),STEAM_EXTRACTION_CHP,true,132.7021,132.7021,NUMBER,TYPED_NUMERIC_CELL,101,3,MULTIPLE_SOURCE_ROWS_RETAINED_FOR_AGGREGATION,TERNA_DOWNLOAD_CENTER_THERMOELECTRIC_HEAT_2024,Export-DownloadCenterFile-20260901-101113.xlsx,raw/terna/historical_2024/Terna_Thermoelectric_Heat_2024_RAW.xlsx,06a18e50214e6e5bd882819a1dde6ba1a0ee0457e0c6728727c12640a4e4a72c
TERNA2024_CHP_HEAT_0101,2024,03,Lombardia,Lombardia,017,Brescia,Brescia,NORD,Condensazione e spillamento (CSC),STEAM_EXTRACTION_CHP,true,0,0,NUMBER,TYPED_NUMERIC_CELL,102,3,MULTIPLE_SOURCE_ROWS_RETAINED_FOR_AGGREGATION,TERNA_DOWNLOAD_CENTER_THERMOELECTRIC_HEAT_2024,Export-DownloadCenterFile-20260901-101113.xlsx,raw/terna/historical_2024/Terna_Thermoelectric_Heat_2024_RAW.xlsx,06a18e50214e6e5bd882819a1dde6ba1a0ee0457e0c6728727c12640a4e4a72c
TERNA2024_CHP_HEAT_0102,2024,03,Lombardia,Lombardia,017,Brescia,Brescia,NORD,Contropressione (CPC),STEAM_BACKPRESSURE_CHP,true,1176.3743,1176.3743,NUMBER,TYPED_NUMERIC_CELL,103,2,MULTIPLE_SOURCE_ROWS_RETAINED_FOR_AGGREGATION,TERNA_DOWNLOAD_CENTER_THERMOELECTRIC_HEAT_2024,Export-DownloadCenterFile-20260901-101113.xlsx,raw/terna/historical_2024/Terna_Thermoelectric_Heat_2024_RAW.xlsx,06a18e50214e6e5bd882819a1dde6ba1a0ee0457e0c6728727c12640a4e4a72c
TERNA2024_CHP_HEAT_0103,2024,03,Lombardia,Lombardia,017,Brescia,Brescia,NORD,Contropressione (CPC),STEAM_BACKPRESSURE_CHP,true,61.005318,61.005318,NUMBER,TYPED_NUMERIC_CELL,104,2,MULTIPLE_SOURCE_ROWS_RETAINED_FOR_AGGREGATION,TERNA_DOWNLOAD_CENTER_THERMOELECTRIC_HEAT_2024,Export-DownloadCenterFile-20260901-101113.xlsx,raw/terna/historical_2024/Terna_Thermoelectric_Heat_2024_RAW.xlsx,06a18e50214e6e5bd882819a1dde6ba1a0ee0457e0c6728727c12640a4e4a72c
TERNA2024_CHP_HEAT_0104,2024,03,Lombardia,Lombardia,017,Brescia,Brescia,NORD,Turbine a gas con cogenerazione (TGC),GT_CHP,true,128.35783,128.35783,NUMBER,TYPED_NUMERIC_CELL,105,1,UNIQUE_VISIBLE_GRAIN,TERNA_DOWNLOAD_CENTER_THERMOELECTRIC_HEAT_2024,Export-DownloadCenterFile-20260901-101113.xlsx,raw/terna/historical_2024/Terna_Thermoelectric_Heat_2024_RAW.xlsx,06a18e50214e6e5bd882819a1dde6ba1a0ee0457e0c6728727c12640a4e4a72c
TERNA2024_CHP_HEAT_0105,2024,03,Lombardia,Lombardia,013,Como,Como,NORD,Combustione interna con cogenerazione (CIC),INTERNAL_COMBUSTION_CHP,true,71.4209,71.4209,NUMBER,TYPED_NUMERIC_CELL,106,3,MULTIPLE_SOURCE_ROWS_RETAINED_FOR_AGGREGATION,TERNA_DOWNLOAD_CENTER_THERMOELECTRIC_HEAT_2024,Export-DownloadCenterFile-20260901-101113.xlsx,raw/terna/historical_2024/Terna_Thermoelectric_Heat_2024_RAW.xlsx,06a18e50214e6e5bd882819a1dde6ba1a0ee0457e0c6728727c12640a4e4a72c
TERNA2024_CHP_HEAT_0106,2024,03,Lombardia,Lombardia,013,Como,Como,NORD,Combustione interna con cogenerazione (CIC),INTERNAL_COMBUSTION_CHP,true,141.32245,141.32245,NUMBER,TYPED_NUMERIC_CELL,107,3,MULTIPLE_SOURCE_ROWS_RETAINED_FOR_AGGREGATION,TERNA_DOWNLOAD_CENTER_THERMOELECTRIC_HEAT_2024,Export-DownloadCenterFile-20260901-101113.xlsx,raw/terna/historical_2024/Terna_Thermoelectric_Heat_2024_RAW.xlsx,06a18e50214e6e5bd882819a1dde6ba1a0ee0457e0c6728727c12640a4e4a72c
TERNA2024_CHP_HEAT_0107,2024,03,Lombardia,Lombardia,013,Como,Como,NORD,Combustione interna con cogenerazione (CIC),INTERNAL_COMBUSTION_CHP,true,0,0,NUMBER,TYPED_NUMERIC_CELL,108,3,MULTIPLE_SOURCE_ROWS_RETAINED_FOR_AGGREGATION,TERNA_DOWNLOAD_CENTER_THERMOELECTRIC_HEAT_2024,Export-DownloadCenterFile-20260901-101113.xlsx,raw/terna/historical_2024/Terna_Thermoelectric_Heat_2024_RAW.xlsx,06a18e50214e6e5bd882819a1dde6ba1a0ee0457e0c6728727c12640a4e4a72c
TERNA2024_CHP_HEAT_0108,2024,03,Lombardia,Lombardia,013,Como,Como,NORD,Condensazione e spillamento (CSC),STEAM_EXTRACTION_CHP,true,47.397945,47.397945,NUMBER,TYPED_NUMERIC_CELL,109,1,UNIQUE_VISIBLE_GRAIN,TERNA_DOWNLOAD_CENTER_THERMOELECTRIC_HEAT_2024,Export-DownloadCenterFile-20260901-101113.xlsx,raw/terna/historical_2024/Terna_Thermoelectric_Heat_2024_RAW.xlsx,06a18e50214e6e5bd882819a1dde6ba1a0ee0457e0c6728727c12640a4e4a72c
TERNA2024_CHP_HEAT_0109,2024,03,Lombardia,Lombardia,013,Como,Como,NORD,Turbine a gas con cogenerazione (TGC),GT_CHP,true,0,0,NUMBER,TYPED_NUMERIC_CELL,110,1,UNIQUE_VISIBLE_GRAIN,TERNA_DOWNLOAD_CENTER_THERMOELECTRIC_HEAT_2024,Export-DownloadCenterFile-20260901-101113.xlsx,raw/terna/historical_2024/Terna_Thermoelectric_Heat_2024_RAW.xlsx,06a18e50214e6e5bd882819a1dde6ba1a0ee0457e0c6728727c12640a4e4a72c
TERNA2024_CHP_HEAT_0110,2024,03,Lombardia,Lombardia,019,Cremona,Cremona,NORD,Ciclo combinato con cogenerazione (CCC),CCGT_CHP,true,3.900409,3.900409,NUMBER,TYPED_NUMERIC_CELL,111,2,MULTIPLE_SOURCE_ROWS_RETAINED_FOR_AGGREGATION,TERNA_DOWNLOAD_CENTER_THERMOELECTRIC_HEAT_2024,Export-DownloadCenterFile-20260901-101113.xlsx,raw/terna/historical_2024/Terna_Thermoelectric_Heat_2024_RAW.xlsx,06a18e50214e6e5bd882819a1dde6ba1a0ee0457e0c6728727c12640a4e4a72c
TERNA2024_CHP_HEAT_0111,2024,03,Lombardia,Lombardia,019,Cremona,Cremona,NORD,Ciclo combinato con cogenerazione (CCC),CCGT_CHP,true,43.06627,43.06627,NUMBER,TYPED_NUMERIC_CELL,112,2,MULTIPLE_SOURCE_ROWS_RETAINED_FOR_AGGREGATION,TERNA_DOWNLOAD_CENTER_THERMOELECTRIC_HEAT_2024,Export-DownloadCenterFile-20260901-101113.xlsx,raw/terna/historical_2024/Terna_Thermoelectric_Heat_2024_RAW.xlsx,06a18e50214e6e5bd882819a1dde6ba1a0ee0457e0c6728727c12640a4e4a72c
TERNA2024_CHP_HEAT_0112,2024,03,Lombardia,Lombardia,019,Cremona,Cremona,NORD,Combustione interna con cogenerazione (CIC),INTERNAL_COMBUSTION_CHP,true,350.31635,350.31635,NUMBER,TYPED_NUMERIC_CELL,113,3,MULTIPLE_SOURCE_ROWS_RETAINED_FOR_AGGREGATION,TERNA_DOWNLOAD_CENTER_THERMOELECTRIC_HEAT_2024,Export-DownloadCenterFile-20260901-101113.xlsx,raw/terna/historical_2024/Terna_Thermoelectric_Heat_2024_RAW.xlsx,06a18e50214e6e5bd882819a1dde6ba1a0ee0457e0c6728727c12640a4e4a72c
TERNA2024_CHP_HEAT_0113,2024,03,Lombardia,Lombardia,019,Cremona,Cremona,NORD,Combustione interna con cogenerazione (CIC),INTERNAL_COMBUSTION_CHP,true,247.79874,247.79874,NUMBER,TYPED_NUMERIC_CELL,114,3,MULTIPLE_SOURCE_ROWS_RETAINED_FOR_AGGREGATION,TERNA_DOWNLOAD_CENTER_THERMOELECTRIC_HEAT_2024,Export-DownloadCenterFile-20260901-101113.xlsx,raw/terna/historical_2024/Terna_Thermoelectric_Heat_2024_RAW.xlsx,06a18e50214e6e5bd882819a1dde6ba1a0ee0457e0c6728727c12640a4e4a72c
TERNA2024_CHP_HEAT_0114,2024,03,Lombardia,Lombardia,019,Cremona,Cremona,NORD,Combustione interna con cogenerazione (CIC),INTERNAL_COMBUSTION_CHP,true,1.453488,1.453488,NUMBER,TYPED_NUMERIC_CELL,115,3,MULTIPLE_SOURCE_ROWS_RETAINED_FOR_AGGREGATION,TERNA_DOWNLOAD_CENTER_THERMOELECTRIC_HEAT_2024,Export-DownloadCenterFile-20260901-101113.xlsx,raw/terna/historical_2024/Terna_Thermoelectric_Heat_2024_RAW.xlsx,06a18e50214e6e5bd882819a1dde6ba1a0ee0457e0c6728727c12640a4e4a72c
TERNA2024_CHP_HEAT_0115,2024,03,Lombardia,Lombardia,019,Cremona,Cremona,NORD,Contropressione (CPC),STEAM_BACKPRESSURE_CHP,true,70.50246,70.50246,NUMBER,TYPED_NUMERIC_CELL,116,1,UNIQUE_VISIBLE_GRAIN,TERNA_DOWNLOAD_CENTER_THERMOELECTRIC_HEAT_2024,Export-DownloadCenterFile-20260901-101113.xlsx,raw/terna/historical_2024/Terna_Thermoelectric_Heat_2024_RAW.xlsx,06a18e50214e6e5bd882819a1dde6ba1a0ee0457e0c6728727c12640a4e4a72c
TERNA2024_CHP_HEAT_0116,2024,03,Lombardia,Lombardia,019,Cremona,Cremona,NORD,Turbine a gas con cogenerazione (TGC),GT_CHP,true,0,0,NUMBER,TYPED_NUMERIC_CELL,117,1,UNIQUE_VISIBLE_GRAIN,TERNA_DOWNLOAD_CENTER_THERMOELECTRIC_HEAT_2024,Export-DownloadCenterFile-20260901-101113.xlsx,raw/terna/historical_2024/Terna_Thermoelectric_Heat_2024_RAW.xlsx,06a18e50214e6e5bd882819a1dde6ba1a0ee0457e0c6728727c12640a4e4a72c
TERNA2024_CHP_HEAT_0117,2024,03,Lombardia,Lombardia,097,Lecco,Lecco,NORD,Combustione interna con cogenerazione (CIC),INTERNAL_COMBUSTION_CHP,true,55.80891,55.80891,NUMBER,TYPED_NUMERIC_CELL,118,2,MULTIPLE_SOURCE_ROWS_RETAINED_FOR_AGGREGATION,TERNA_DOWNLOAD_CENTER_THERMOELECTRIC_HEAT_2024,Export-DownloadCenterFile-20260901-101113.xlsx,raw/terna/historical_2024/Terna_Thermoelectric_Heat_2024_RAW.xlsx,06a18e50214e6e5bd882819a1dde6ba1a0ee0457e0c6728727c12640a4e4a72c
TERNA2024_CHP_HEAT_0118,2024,03,Lombardia,Lombardia,097,Lecco,Lecco,NORD,Combustione interna con cogenerazione (CIC),INTERNAL_COMBUSTION_CHP,true,46.18929,46.18929,NUMBER,TYPED_NUMERIC_CELL,119,2,MULTIPLE_SOURCE_ROWS_RETAINED_FOR_AGGREGATION,TERNA_DOWNLOAD_CENTER_THERMOELECTRIC_HEAT_2024,Export-DownloadCenterFile-20260901-101113.xlsx,raw/terna/historical_2024/Terna_Thermoelectric_Heat_2024_RAW.xlsx,06a18e50214e6e5bd882819a1dde6ba1a0ee0457e0c6728727c12640a4e4a72c
TERNA2024_CHP_HEAT_0119,2024,03,Lombardia,Lombardia,097,Lecco,Lecco,NORD,Turbine a gas con cogenerazione (TGC),GT_CHP,true,45.401787,45.401787,NUMBER,TYPED_NUMERIC_CELL,120,1,UNIQUE_VISIBLE_GRAIN,TERNA_DOWNLOAD_CENTER_THERMOELECTRIC_HEAT_2024,Export-DownloadCenterFile-20260901-101113.xlsx,raw/terna/historical_2024/Terna_Thermoelectric_Heat_2024_RAW.xlsx,06a18e50214e6e5bd882819a1dde6ba1a0ee0457e0c6728727c12640a4e4a72c
TERNA2024_CHP_HEAT_0120,2024,03,Lombardia,Lombardia,098,Lodi,Lodi,NORD,Ciclo combinato con cogenerazione (CCC),CCGT_CHP,true,1.108993,1.108993,NUMBER,TYPED_NUMERIC_CELL,121,1,UNIQUE_VISIBLE_GRAIN,TERNA_DOWNLOAD_CENTER_THERMOELECTRIC_HEAT_2024,Export-DownloadCenterFile-20260901-101113.xlsx,raw/terna/historical_2024/Terna_Thermoelectric_Heat_2024_RAW.xlsx,06a18e50214e6e5bd882819a1dde6ba1a0ee0457e0c6728727c12640a4e4a72c
TERNA2024_CHP_HEAT_0121,2024,03,Lombardia,Lombardia,098,Lodi,Lodi,NORD,Combustione interna con cogenerazione (CIC),INTERNAL_COMBUSTION_CHP,true,260.20917,260.20917,NUMBER,TYPED_NUMERIC_CELL,122,2,MULTIPLE_SOURCE_ROWS_RETAINED_FOR_AGGREGATION,TERNA_DOWNLOAD_CENTER_THERMOELECTRIC_HEAT_2024,Export-DownloadCenterFile-20260901-101113.xlsx,raw/terna/historical_2024/Terna_Thermoelectric_Heat_2024_RAW.xlsx,06a18e50214e6e5bd882819a1dde6ba1a0ee0457e0c6728727c12640a4e4a72c
TERNA2024_CHP_HEAT_0122,2024,03,Lombardia,Lombardia,098,Lodi,Lodi,NORD,Combustione interna con cogenerazione (CIC),INTERNAL_COMBUSTION_CHP,true,81.41121,81.41121,NUMBER,TYPED_NUMERIC_CELL,123,2,MULTIPLE_SOURCE_ROWS_RETAINED_FOR_AGGREGATION,TERNA_DOWNLOAD_CENTER_THERMOELECTRIC_HEAT_2024,Export-DownloadCenterFile-20260901-101113.xlsx,raw/terna/historical_2024/Terna_Thermoelectric_Heat_2024_RAW.xlsx,06a18e50214e6e5bd882819a1dde6ba1a0ee0457e0c6728727c12640a4e4a72c
TERNA2024_CHP_HEAT_0123,2024,03,Lombardia,Lombardia,020,Mantova,Mantova,NORD,Celle combustibili con cogenerazione (CEC),FUEL_CELL_CHP,true,0,0,NUMBER,TYPED_NUMERIC_CELL,124,1,UNIQUE_VISIBLE_GRAIN,TERNA_DOWNLOAD_CENTER_THERMOELECTRIC_HEAT_2024,Export-DownloadCenterFile-20260901-101113.xlsx,raw/terna/historical_2024/Terna_Thermoelectric_Heat_2024_RAW.xlsx,06a18e50214e6e5bd882819a1dde6ba1a0ee0457e0c6728727c12640a4e4a72c
TERNA2024_CHP_HEAT_0124,2024,03,Lombardia,Lombardia,020,Mantova,Mantova,NORD,Ciclo combinato con cogenerazione (CCC),CCGT_CHP,true,1117.2587,1117.2587,NUMBER,TYPED_NUMERIC_CELL,125,1,UNIQUE_VISIBLE_GRAIN,TERNA_DOWNLOAD_CENTER_THERMOELECTRIC_HEAT_2024,Export-DownloadCenterFile-20260901-101113.xlsx,raw/terna/historical_2024/Terna_Thermoelectric_Heat_2024_RAW.xlsx,06a18e50214e6e5bd882819a1dde6ba1a0ee0457e0c6728727c12640a4e4a72c
TERNA2024_CHP_HEAT_0125,2024,03,Lombardia,Lombardia,020,Mantova,Mantova,NORD,Combustione interna con cogenerazione (CIC),INTERNAL_COMBUSTION_CHP,true,157.44615,157.44615,NUMBER,TYPED_NUMERIC_CELL,126,2,MULTIPLE_SOURCE_ROWS_RETAINED_FOR_AGGREGATION,TERNA_DOWNLOAD_CENTER_THERMOELECTRIC_HEAT_2024,Export-DownloadCenterFile-20260901-101113.xlsx,raw/terna/historical_2024/Terna_Thermoelectric_Heat_2024_RAW.xlsx,06a18e50214e6e5bd882819a1dde6ba1a0ee0457e0c6728727c12640a4e4a72c
TERNA2024_CHP_HEAT_0126,2024,03,Lombardia,Lombardia,020,Mantova,Mantova,NORD,Combustione interna con cogenerazione (CIC),INTERNAL_COMBUSTION_CHP,true,98.80219,98.80219,NUMBER,TYPED_NUMERIC_CELL,127,2,MULTIPLE_SOURCE_ROWS_RETAINED_FOR_AGGREGATION,TERNA_DOWNLOAD_CENTER_THERMOELECTRIC_HEAT_2024,Export-DownloadCenterFile-20260901-101113.xlsx,raw/terna/historical_2024/Terna_Thermoelectric_Heat_2024_RAW.xlsx,06a18e50214e6e5bd882819a1dde6ba1a0ee0457e0c6728727c12640a4e4a72c
TERNA2024_CHP_HEAT_0127,2024,03,Lombardia,Lombardia,020,Mantova,Mantova,NORD,Contropressione (CPC),STEAM_BACKPRESSURE_CHP,true,0,0,NUMBER,TYPED_NUMERIC_CELL,128,2,MULTIPLE_SOURCE_ROWS_RETAINED_FOR_AGGREGATION,TERNA_DOWNLOAD_CENTER_THERMOELECTRIC_HEAT_2024,Export-DownloadCenterFile-20260901-101113.xlsx,raw/terna/historical_2024/Terna_Thermoelectric_Heat_2024_RAW.xlsx,06a18e50214e6e5bd882819a1dde6ba1a0ee0457e0c6728727c12640a4e4a72c
TERNA2024_CHP_HEAT_0128,2024,03,Lombardia,Lombardia,020,Mantova,Mantova,NORD,Contropressione (CPC),STEAM_BACKPRESSURE_CHP,true,0,0,NUMBER,TYPED_NUMERIC_CELL,129,2,MULTIPLE_SOURCE_ROWS_RETAINED_FOR_AGGREGATION,TERNA_DOWNLOAD_CENTER_THERMOELECTRIC_HEAT_2024,Export-DownloadCenterFile-20260901-101113.xlsx,raw/terna/historical_2024/Terna_Thermoelectric_Heat_2024_RAW.xlsx,06a18e50214e6e5bd882819a1dde6ba1a0ee0457e0c6728727c12640a4e4a72c
TERNA2024_CHP_HEAT_0129,2024,03,Lombardia,Lombardia,020,Mantova,Mantova,NORD,Turbine a gas con cogenerazione (TGC),GT_CHP,true,14.651936,14.651936,NUMBER,TYPED_NUMERIC_CELL,130,1,UNIQUE_VISIBLE_GRAIN,TERNA_DOWNLOAD_CENTER_THERMOELECTRIC_HEAT_2024,Export-DownloadCenterFile-20260901-101113.xlsx,raw/terna/historical_2024/Terna_Thermoelectric_Heat_2024_RAW.xlsx,06a18e50214e6e5bd882819a1dde6ba1a0ee0457e0c6728727c12640a4e4a72c
TERNA2024_CHP_HEAT_0130,2024,03,Lombardia,Lombardia,015,Milano,Milano,NORD,Celle combustibili con cogenerazione (CEC),FUEL_CELL_CHP,true,0,0,NUMBER,TYPED_NUMERIC_CELL,131,1,UNIQUE_VISIBLE_GRAIN,TERNA_DOWNLOAD_CENTER_THERMOELECTRIC_HEAT_2024,Export-DownloadCenterFile-20260901-101113.xlsx,raw/terna/historical_2024/Terna_Thermoelectric_Heat_2024_RAW.xlsx,06a18e50214e6e5bd882819a1dde6ba1a0ee0457e0c6728727c12640a4e4a72c
TERNA2024_CHP_HEAT_0131,2024,03,Lombardia,Lombardia,015,Milano,Milano,NORD,Ciclo combinato con cogenerazione (CCC),CCGT_CHP,true,289.6932,289.6932,NUMBER,TYPED_NUMERIC_CELL,132,1,UNIQUE_VISIBLE_GRAIN,TERNA_DOWNLOAD_CENTER_THERMOELECTRIC_HEAT_2024,Export-DownloadCenterFile-20260901-101113.xlsx,raw/terna/historical_2024/Terna_Thermoelectric_Heat_2024_RAW.xlsx,06a18e50214e6e5bd882819a1dde6ba1a0ee0457e0c6728727c12640a4e4a72c
TERNA2024_CHP_HEAT_0132,2024,03,Lombardia,Lombardia,015,Milano,Milano,NORD,Combustione interna con cogenerazione (CIC),INTERNAL_COMBUSTION_CHP,true,42.451134,42.451134,NUMBER,TYPED_NUMERIC_CELL,133,2,MULTIPLE_SOURCE_ROWS_RETAINED_FOR_AGGREGATION,TERNA_DOWNLOAD_CENTER_THERMOELECTRIC_HEAT_2024,Export-DownloadCenterFile-20260901-101113.xlsx,raw/terna/historical_2024/Terna_Thermoelectric_Heat_2024_RAW.xlsx,06a18e50214e6e5bd882819a1dde6ba1a0ee0457e0c6728727c12640a4e4a72c
TERNA2024_CHP_HEAT_0133,2024,03,Lombardia,Lombardia,015,Milano,Milano,NORD,Combustione interna con cogenerazione (CIC),INTERNAL_COMBUSTION_CHP,true,1006.3252,1006.3252,NUMBER,TYPED_NUMERIC_CELL,134,2,MULTIPLE_SOURCE_ROWS_RETAINED_FOR_AGGREGATION,TERNA_DOWNLOAD_CENTER_THERMOELECTRIC_HEAT_2024,Export-DownloadCenterFile-20260901-101113.xlsx,raw/terna/historical_2024/Terna_Thermoelectric_Heat_2024_RAW.xlsx,06a18e50214e6e5bd882819a1dde6ba1a0ee0457e0c6728727c12640a4e4a72c
TERNA2024_CHP_HEAT_0134,2024,03,Lombardia,Lombardia,015,Milano,Milano,NORD,Condensazione e spillamento (CSC),STEAM_EXTRACTION_CHP,true,546.40314,546.40314,NUMBER,TYPED_NUMERIC_CELL,135,1,UNIQUE_VISIBLE_GRAIN,TERNA_DOWNLOAD_CENTER_THERMOELECTRIC_HEAT_2024,Export-DownloadCenterFile-20260901-101113.xlsx,raw/terna/historical_2024/Terna_Thermoelectric_Heat_2024_RAW.xlsx,06a18e50214e6e5bd882819a1dde6ba1a0ee0457e0c6728727c12640a4e4a72c
TERNA2024_CHP_HEAT_0135,2024,03,Lombardia,Lombardia,015,Milano,Milano,NORD,Turbine a gas con cogenerazione (TGC),GT_CHP,true,0.165985,0.165985,NUMBER,TYPED_NUMERIC_CELL,136,2,MULTIPLE_SOURCE_ROWS_RETAINED_FOR_AGGREGATION,TERNA_DOWNLOAD_CENTER_THERMOELECTRIC_HEAT_2024,Export-DownloadCenterFile-20260901-101113.xlsx,raw/terna/historical_2024/Terna_Thermoelectric_Heat_2024_RAW.xlsx,06a18e50214e6e5bd882819a1dde6ba1a0ee0457e0c6728727c12640a4e4a72c
TERNA2024_CHP_HEAT_0136,2024,03,Lombardia,Lombardia,015,Milano,Milano,NORD,Turbine a gas con cogenerazione (TGC),GT_CHP,true,182.10986,182.10986,NUMBER,TYPED_NUMERIC_CELL,137,2,MULTIPLE_SOURCE_ROWS_RETAINED_FOR_AGGREGATION,TERNA_DOWNLOAD_CENTER_THERMOELECTRIC_HEAT_2024,Export-DownloadCenterFile-20260901-101113.xlsx,raw/terna/historical_2024/Terna_Thermoelectric_Heat_2024_RAW.xlsx,06a18e50214e6e5bd882819a1dde6ba1a0ee0457e0c6728727c12640a4e4a72c
TERNA2024_CHP_HEAT_0137,2024,03,Lombardia,Lombardia,108,Monza e della Brianza,Monza e della Brianza,NORD,Ciclo combinato con cogenerazione (CCC),CCGT_CHP,true,0.843105,0.843105,NUMBER,TYPED_NUMERIC_CELL,138,1,UNIQUE_VISIBLE_GRAIN,TERNA_DOWNLOAD_CENTER_THERMOELECTRIC_HEAT_2024,Export-DownloadCenterFile-20260901-101113.xlsx,raw/terna/historical_2024/Terna_Thermoelectric_Heat_2024_RAW.xlsx,06a18e50214e6e5bd882819a1dde6ba1a0ee0457e0c6728727c12640a4e4a72c
TERNA2024_CHP_HEAT_0138,2024,03,Lombardia,Lombardia,108,Monza e della Brianza,Monza e della Brianza,NORD,Combustione interna con cogenerazione (CIC),INTERNAL_COMBUSTION_CHP,true,0.01823,0.01823,NUMBER,TYPED_NUMERIC_CELL,139,2,MULTIPLE_SOURCE_ROWS_RETAINED_FOR_AGGREGATION,TERNA_DOWNLOAD_CENTER_THERMOELECTRIC_HEAT_2024,Export-DownloadCenterFile-20260901-101113.xlsx,raw/terna/historical_2024/Terna_Thermoelectric_Heat_2024_RAW.xlsx,06a18e50214e6e5bd882819a1dde6ba1a0ee0457e0c6728727c12640a4e4a72c
TERNA2024_CHP_HEAT_0139,2024,03,Lombardia,Lombardia,108,Monza e della Brianza,Monza e della Brianza,NORD,Combustione interna con cogenerazione (CIC),INTERNAL_COMBUSTION_CHP,true,196.87016,196.87016,NUMBER,TYPED_NUMERIC_CELL,140,2,MULTIPLE_SOURCE_ROWS_RETAINED_FOR_AGGREGATION,TERNA_DOWNLOAD_CENTER_THERMOELECTRIC_HEAT_2024,Export-DownloadCenterFile-20260901-101113.xlsx,raw/terna/historical_2024/Terna_Thermoelectric_Heat_2024_RAW.xlsx,06a18e50214e6e5bd882819a1dde6ba1a0ee0457e0c6728727c12640a4e4a72c
TERNA2024_CHP_HEAT_0140,2024,03,Lombardia,Lombardia,108,Monza e della Brianza,Monza e della Brianza,NORD,Condensazione e spillamento (CSC),STEAM_EXTRACTION_CHP,true,119.00956,119.00956,NUMBER,TYPED_NUMERIC_CELL,141,1,UNIQUE_VISIBLE_GRAIN,TERNA_DOWNLOAD_CENTER_THERMOELECTRIC_HEAT_2024,Export-DownloadCenterFile-20260901-101113.xlsx,raw/terna/historical_2024/Terna_Thermoelectric_Heat_2024_RAW.xlsx,06a18e50214e6e5bd882819a1dde6ba1a0ee0457e0c6728727c12640a4e4a72c
TERNA2024_CHP_HEAT_0141,2024,03,Lombardia,Lombardia,108,Monza e della Brianza,Monza e della Brianza,NORD,Turbine a gas con cogenerazione (TGC),GT_CHP,true,1.029248,1.029248,NUMBER,TYPED_NUMERIC_CELL,142,2,MULTIPLE_SOURCE_ROWS_RETAINED_FOR_AGGREGATION,TERNA_DOWNLOAD_CENTER_THERMOELECTRIC_HEAT_2024,Export-DownloadCenterFile-20260901-101113.xlsx,raw/terna/historical_2024/Terna_Thermoelectric_Heat_2024_RAW.xlsx,06a18e50214e6e5bd882819a1dde6ba1a0ee0457e0c6728727c12640a4e4a72c
TERNA2024_CHP_HEAT_0142,2024,03,Lombardia,Lombardia,108,Monza e della Brianza,Monza e della Brianza,NORD,Turbine a gas con cogenerazione (TGC),GT_CHP,true,74.628624,74.628624,NUMBER,TYPED_NUMERIC_CELL,143,2,MULTIPLE_SOURCE_ROWS_RETAINED_FOR_AGGREGATION,TERNA_DOWNLOAD_CENTER_THERMOELECTRIC_HEAT_2024,Export-DownloadCenterFile-20260901-101113.xlsx,raw/terna/historical_2024/Terna_Thermoelectric_Heat_2024_RAW.xlsx,06a18e50214e6e5bd882819a1dde6ba1a0ee0457e0c6728727c12640a4e4a72c
TERNA2024_CHP_HEAT_0143,2024,03,Lombardia,Lombardia,018,Pavia,Pavia,NORD,Ciclo combinato con cogenerazione (CCC),CCGT_CHP,true,209.95372,209.95372,NUMBER,TYPED_NUMERIC_CELL,144,3,MULTIPLE_SOURCE_ROWS_RETAINED_FOR_AGGREGATION,TERNA_DOWNLOAD_CENTER_THERMOELECTRIC_HEAT_2024,Export-DownloadCenterFile-20260901-101113.xlsx,raw/terna/historical_2024/Terna_Thermoelectric_Heat_2024_RAW.xlsx,06a18e50214e6e5bd882819a1dde6ba1a0ee0457e0c6728727c12640a4e4a72c
TERNA2024_CHP_HEAT_0144,2024,03,Lombardia,Lombardia,018,Pavia,Pavia,NORD,Ciclo combinato con cogenerazione (CCC),CCGT_CHP,true,1503.6909,1503.6909,NUMBER,TYPED_NUMERIC_CELL,145,3,MULTIPLE_SOURCE_ROWS_RETAINED_FOR_AGGREGATION,TERNA_DOWNLOAD_CENTER_THERMOELECTRIC_HEAT_2024,Export-DownloadCenterFile-20260901-101113.xlsx,raw/terna/historical_2024/Terna_Thermoelectric_Heat_2024_RAW.xlsx,06a18e50214e6e5bd882819a1dde6ba1a0ee0457e0c6728727c12640a4e4a72c
TERNA2024_CHP_HEAT_0145,2024,03,Lombardia,Lombardia,018,Pavia,Pavia,NORD,Ciclo combinato con cogenerazione (CCC),CCGT_CHP,true,655.04803,655.04803,NUMBER,TYPED_NUMERIC_CELL,146,3,MULTIPLE_SOURCE_ROWS_RETAINED_FOR_AGGREGATION,TERNA_DOWNLOAD_CENTER_THERMOELECTRIC_HEAT_2024,Export-DownloadCenterFile-20260901-101113.xlsx,raw/terna/historical_2024/Terna_Thermoelectric_Heat_2024_RAW.xlsx,06a18e50214e6e5bd882819a1dde6ba1a0ee0457e0c6728727c12640a4e4a72c
TERNA2024_CHP_HEAT_0146,2024,03,Lombardia,Lombardia,018,Pavia,Pavia,NORD,Combustione interna con cogenerazione (CIC),INTERNAL_COMBUSTION_CHP,true,192.92729,192.92729,NUMBER,TYPED_NUMERIC_CELL,147,3,MULTIPLE_SOURCE_ROWS_RETAINED_FOR_AGGREGATION,TERNA_DOWNLOAD_CENTER_THERMOELECTRIC_HEAT_2024,Export-DownloadCenterFile-20260901-101113.xlsx,raw/terna/historical_2024/Terna_Thermoelectric_Heat_2024_RAW.xlsx,06a18e50214e6e5bd882819a1dde6ba1a0ee0457e0c6728727c12640a4e4a72c
TERNA2024_CHP_HEAT_0147,2024,03,Lombardia,Lombardia,018,Pavia,Pavia,NORD,Combustione interna con cogenerazione (CIC),INTERNAL_COMBUSTION_CHP,true,110.8687,110.8687,NUMBER,TYPED_NUMERIC_CELL,148,3,MULTIPLE_SOURCE_ROWS_RETAINED_FOR_AGGREGATION,TERNA_DOWNLOAD_CENTER_THERMOELECTRIC_HEAT_2024,Export-DownloadCenterFile-20260901-101113.xlsx,raw/terna/historical_2024/Terna_Thermoelectric_Heat_2024_RAW.xlsx,06a18e50214e6e5bd882819a1dde6ba1a0ee0457e0c6728727c12640a4e4a72c
TERNA2024_CHP_HEAT_0148,2024,03,Lombardia,Lombardia,018,Pavia,Pavia,NORD,Combustione interna con cogenerazione (CIC),INTERNAL_COMBUSTION_CHP,true,0,0,NUMBER,TYPED_NUMERIC_CELL,149,3,MULTIPLE_SOURCE_ROWS_RETAINED_FOR_AGGREGATION,TERNA_DOWNLOAD_CENTER_THERMOELECTRIC_HEAT_2024,Export-DownloadCenterFile-20260901-101113.xlsx,raw/terna/historical_2024/Terna_Thermoelectric_Heat_2024_RAW.xlsx,06a18e50214e6e5bd882819a1dde6ba1a0ee0457e0c6728727c12640a4e4a72c
TERNA2024_CHP_HEAT_0149,2024,03,Lombardia,Lombardia,018,Pavia,Pavia,NORD,Condensazione e spillamento (CSC),STEAM_EXTRACTION_CHP,true,42.44898,42.44898,NUMBER,TYPED_NUMERIC_CELL,150,1,UNIQUE_VISIBLE_GRAIN,TERNA_DOWNLOAD_CENTER_THERMOELECTRIC_HEAT_2024,Export-DownloadCenterFile-20260901-101113.xlsx,raw/terna/historical_2024/Terna_Thermoelectric_Heat_2024_RAW.xlsx,06a18e50214e6e5bd882819a1dde6ba1a0ee0457e0c6728727c12640a4e4a72c
TERNA2024_CHP_HEAT_0150,2024,03,Lombardia,Lombardia,018,Pavia,Pavia,NORD,Contropressione (CPC),STEAM_BACKPRESSURE_CHP,true,90.39851,90.39851,NUMBER,TYPED_NUMERIC_CELL,151,2,MULTIPLE_SOURCE_ROWS_RETAINED_FOR_AGGREGATION,TERNA_DOWNLOAD_CENTER_THERMOELECTRIC_HEAT_2024,Export-DownloadCenterFile-20260901-101113.xlsx,raw/terna/historical_2024/Terna_Thermoelectric_Heat_2024_RAW.xlsx,06a18e50214e6e5bd882819a1dde6ba1a0ee0457e0c6728727c12640a4e4a72c
TERNA2024_CHP_HEAT_0151,2024,03,Lombardia,Lombardia,018,Pavia,Pavia,NORD,Contropressione (CPC),STEAM_BACKPRESSURE_CHP,true,61.908253,61.908253,NUMBER,TYPED_NUMERIC_CELL,152,2,MULTIPLE_SOURCE_ROWS_RETAINED_FOR_AGGREGATION,TERNA_DOWNLOAD_CENTER_THERMOELECTRIC_HEAT_2024,Export-DownloadCenterFile-20260901-101113.xlsx,raw/terna/historical_2024/Terna_Thermoelectric_Heat_2024_RAW.xlsx,06a18e50214e6e5bd882819a1dde6ba1a0ee0457e0c6728727c12640a4e4a72c
TERNA2024_CHP_HEAT_0152,2024,03,Lombardia,Lombardia,018,Pavia,Pavia,NORD,Turbine a gas con cogenerazione (TGC),GT_CHP,true,0,0,NUMBER,TYPED_NUMERIC_CELL,153,2,MULTIPLE_SOURCE_ROWS_RETAINED_FOR_AGGREGATION,TERNA_DOWNLOAD_CENTER_THERMOELECTRIC_HEAT_2024,Export-DownloadCenterFile-20260901-101113.xlsx,raw/terna/historical_2024/Terna_Thermoelectric_Heat_2024_RAW.xlsx,06a18e50214e6e5bd882819a1dde6ba1a0ee0457e0c6728727c12640a4e4a72c
TERNA2024_CHP_HEAT_0153,2024,03,Lombardia,Lombardia,018,Pavia,Pavia,NORD,Turbine a gas con cogenerazione (TGC),GT_CHP,true,0,0,NUMBER,TYPED_NUMERIC_CELL,154,2,MULTIPLE_SOURCE_ROWS_RETAINED_FOR_AGGREGATION,TERNA_DOWNLOAD_CENTER_THERMOELECTRIC_HEAT_2024,Export-DownloadCenterFile-20260901-101113.xlsx,raw/terna/historical_2024/Terna_Thermoelectric_Heat_2024_RAW.xlsx,06a18e50214e6e5bd882819a1dde6ba1a0ee0457e0c6728727c12640a4e4a72c
TERNA2024_CHP_HEAT_0154,2024,03,Lombardia,Lombardia,014,Sondrio,Sondrio,NORD,Combustione interna con cogenerazione (CIC),INTERNAL_COMBUSTION_CHP,true,82.479004,82.479004,NUMBER,TYPED_NUMERIC_CELL,155,3,MULTIPLE_SOURCE_ROWS_RETAINED_FOR_AGGREGATION,TERNA_DOWNLOAD_CENTER_THERMOELECTRIC_HEAT_2024,Export-DownloadCenterFile-20260901-101113.xlsx,raw/terna/historical_2024/Terna_Thermoelectric_Heat_2024_RAW.xlsx,06a18e50214e6e5bd882819a1dde6ba1a0ee0457e0c6728727c12640a4e4a72c
TERNA2024_CHP_HEAT_0155,2024,03,Lombardia,Lombardia,014,Sondrio,Sondrio,NORD,Combustione interna con cogenerazione (CIC),INTERNAL_COMBUSTION_CHP,true,59.441326,59.441326,NUMBER,TYPED_NUMERIC_CELL,156,3,MULTIPLE_SOURCE_ROWS_RETAINED_FOR_AGGREGATION,TERNA_DOWNLOAD_CENTER_THERMOELECTRIC_HEAT_2024,Export-DownloadCenterFile-20260901-101113.xlsx,raw/terna/historical_2024/Terna_Thermoelectric_Heat_2024_RAW.xlsx,06a18e50214e6e5bd882819a1dde6ba1a0ee0457e0c6728727c12640a4e4a72c
TERNA2024_CHP_HEAT_0156,2024,03,Lombardia,Lombardia,014,Sondrio,Sondrio,NORD,Combustione interna con cogenerazione (CIC),INTERNAL_COMBUSTION_CHP,true,0,0,NUMBER,TYPED_NUMERIC_CELL,157,3,MULTIPLE_SOURCE_ROWS_RETAINED_FOR_AGGREGATION,TERNA_DOWNLOAD_CENTER_THERMOELECTRIC_HEAT_2024,Export-DownloadCenterFile-20260901-101113.xlsx,raw/terna/historical_2024/Terna_Thermoelectric_Heat_2024_RAW.xlsx,06a18e50214e6e5bd882819a1dde6ba1a0ee0457e0c6728727c12640a4e4a72c
TERNA2024_CHP_HEAT_0157,2024,03,Lombardia,Lombardia,014,Sondrio,Sondrio,NORD,Condensazione e spillamento (CSC),STEAM_EXTRACTION_CHP,true,0.001826,0.001826,NUMBER,TYPED_NUMERIC_CELL,158,1,UNIQUE_VISIBLE_GRAIN,TERNA_DOWNLOAD_CENTER_THERMOELECTRIC_HEAT_2024,Export-DownloadCenterFile-20260901-101113.xlsx,raw/terna/historical_2024/Terna_Thermoelectric_Heat_2024_RAW.xlsx,06a18e50214e6e5bd882819a1dde6ba1a0ee0457e0c6728727c12640a4e4a72c
TERNA2024_CHP_HEAT_0158,2024,03,Lombardia,Lombardia,012,Varese,Varese,NORD,Celle combustibili con cogenerazione (CEC),FUEL_CELL_CHP,true,0,0,NUMBER,TYPED_NUMERIC_CELL,159,1,UNIQUE_VISIBLE_GRAIN,TERNA_DOWNLOAD_CENTER_THERMOELECTRIC_HEAT_2024,Export-DownloadCenterFile-20260901-101113.xlsx,raw/terna/historical_2024/Terna_Thermoelectric_Heat_2024_RAW.xlsx,06a18e50214e6e5bd882819a1dde6ba1a0ee0457e0c6728727c12640a4e4a72c
TERNA2024_CHP_HEAT_0159,2024,03,Lombardia,Lombardia,012,Varese,Varese,NORD,Ciclo combinato con cogenerazione (CCC),CCGT_CHP,true,276.01285,276.01285,NUMBER,TYPED_NUMERIC_CELL,160,1,UNIQUE_VISIBLE_GRAIN,TERNA_DOWNLOAD_CENTER_THERMOELECTRIC_HEAT_2024,Export-DownloadCenterFile-20260901-101113.xlsx,raw/terna/historical_2024/Terna_Thermoelectric_Heat_2024_RAW.xlsx,06a18e50214e6e5bd882819a1dde6ba1a0ee0457e0c6728727c12640a4e4a72c
TERNA2024_CHP_HEAT_0160,2024,03,Lombardia,Lombardia,012,Varese,Varese,NORD,Combustione interna con cogenerazione (CIC),INTERNAL_COMBUSTION_CHP,true,0.720042,0.720042,NUMBER,TYPED_NUMERIC_CELL,161,3,MULTIPLE_SOURCE_ROWS_RETAINED_FOR_AGGREGATION,TERNA_DOWNLOAD_CENTER_THERMOELECTRIC_HEAT_2024,Export-DownloadCenterFile-20260901-101113.xlsx,raw/terna/historical_2024/Terna_Thermoelectric_Heat_2024_RAW.xlsx,06a18e50214e6e5bd882819a1dde6ba1a0ee0457e0c6728727c12640a4e4a72c
TERNA2024_CHP_HEAT_0161,2024,03,Lombardia,Lombardia,012,Varese,Varese,NORD,Combustione interna con cogenerazione (CIC),INTERNAL_COMBUSTION_CHP,true,258.7216,258.7216,NUMBER,TYPED_NUMERIC_CELL,162,3,MULTIPLE_SOURCE_ROWS_RETAINED_FOR_AGGREGATION,TERNA_DOWNLOAD_CENTER_THERMOELECTRIC_HEAT_2024,Export-DownloadCenterFile-20260901-101113.xlsx,raw/terna/historical_2024/Terna_Thermoelectric_Heat_2024_RAW.xlsx,06a18e50214e6e5bd882819a1dde6ba1a0ee0457e0c6728727c12640a4e4a72c
TERNA2024_CHP_HEAT_0162,2024,03,Lombardia,Lombardia,012,Varese,Varese,NORD,Combustione interna con cogenerazione (CIC),INTERNAL_COMBUSTION_CHP,true,0,0,NUMBER,TYPED_NUMERIC_CELL,163,3,MULTIPLE_SOURCE_ROWS_RETAINED_FOR_AGGREGATION,TERNA_DOWNLOAD_CENTER_THERMOELECTRIC_HEAT_2024,Export-DownloadCenterFile-20260901-101113.xlsx,raw/terna/historical_2024/Terna_Thermoelectric_Heat_2024_RAW.xlsx,06a18e50214e6e5bd882819a1dde6ba1a0ee0457e0c6728727c12640a4e4a72c
TERNA2024_CHP_HEAT_0163,2024,03,Lombardia,Lombardia,012,Varese,Varese,NORD,Contropressione (CPC),STEAM_BACKPRESSURE_CHP,true,115.06205,115.06205,NUMBER,TYPED_NUMERIC_CELL,164,4,MULTIPLE_SOURCE_ROWS_RETAINED_FOR_AGGREGATION,TERNA_DOWNLOAD_CENTER_THERMOELECTRIC_HEAT_2024,Export-DownloadCenterFile-20260901-101113.xlsx,raw/terna/historical_2024/Terna_Thermoelectric_Heat_2024_RAW.xlsx,06a18e50214e6e5bd882819a1dde6ba1a0ee0457e0c6728727c12640a4e4a72c
TERNA2024_CHP_HEAT_0164,2024,03,Lombardia,Lombardia,012,Varese,Varese,NORD,Contropressione (CPC),STEAM_BACKPRESSURE_CHP,true,0,0,NUMBER,TYPED_NUMERIC_CELL,165,4,MULTIPLE_SOURCE_ROWS_RETAINED_FOR_AGGREGATION,TERNA_DOWNLOAD_CENTER_THERMOELECTRIC_HEAT_2024,Export-DownloadCenterFile-20260901-101113.xlsx,raw/terna/historical_2024/Terna_Thermoelectric_Heat_2024_RAW.xlsx,06a18e50214e6e5bd882819a1dde6ba1a0ee0457e0c6728727c12640a4e4a72c
TERNA2024_CHP_HEAT_0165,2024,03,Lombardia,Lombardia,012,Varese,Varese,NORD,Contropressione (CPC),STEAM_BACKPRESSURE_CHP,true,0,0,NUMBER,TYPED_NUMERIC_CELL,166,4,MULTIPLE_SOURCE_ROWS_RETAINED_FOR_AGGREGATION,TERNA_DOWNLOAD_CENTER_THERMOELECTRIC_HEAT_2024,Export-DownloadCenterFile-20260901-101113.xlsx,raw/terna/historical_2024/Terna_Thermoelectric_Heat_2024_RAW.xlsx,06a18e50214e6e5bd882819a1dde6ba1a0ee0457e0c6728727c12640a4e4a72c
TERNA2024_CHP_HEAT_0166,2024,03,Lombardia,Lombardia,012,Varese,Varese,NORD,Contropressione (CPC),STEAM_BACKPRESSURE_CHP,true,0,0,NUMBER,TYPED_NUMERIC_CELL,167,4,MULTIPLE_SOURCE_ROWS_RETAINED_FOR_AGGREGATION,TERNA_DOWNLOAD_CENTER_THERMOELECTRIC_HEAT_2024,Export-DownloadCenterFile-20260901-101113.xlsx,raw/terna/historical_2024/Terna_Thermoelectric_Heat_2024_RAW.xlsx,06a18e50214e6e5bd882819a1dde6ba1a0ee0457e0c6728727c12640a4e4a72c
TERNA2024_CHP_HEAT_0167,2024,03,Lombardia,Lombardia,012,Varese,Varese,NORD,Turbine a gas con cogenerazione (TGC),GT_CHP,true,1.150058,1.150058,NUMBER,TYPED_NUMERIC_CELL,168,2,MULTIPLE_SOURCE_ROWS_RETAINED_FOR_AGGREGATION,TERNA_DOWNLOAD_CENTER_THERMOELECTRIC_HEAT_2024,Export-DownloadCenterFile-20260901-101113.xlsx,raw/terna/historical_2024/Terna_Thermoelectric_Heat_2024_RAW.xlsx,06a18e50214e6e5bd882819a1dde6ba1a0ee0457e0c6728727c12640a4e4a72c
TERNA2024_CHP_HEAT_0168,2024,03,Lombardia,Lombardia,012,Varese,Varese,NORD,Turbine a gas con cogenerazione (TGC),GT_CHP,true,97.687454,97.687454,NUMBER,TYPED_NUMERIC_CELL,169,2,MULTIPLE_SOURCE_ROWS_RETAINED_FOR_AGGREGATION,TERNA_DOWNLOAD_CENTER_THERMOELECTRIC_HEAT_2024,Export-DownloadCenterFile-20260901-101113.xlsx,raw/terna/historical_2024/Terna_Thermoelectric_Heat_2024_RAW.xlsx,06a18e50214e6e5bd882819a1dde6ba1a0ee0457e0c6728727c12640a4e4a72c
TERNA2024_CHP_HEAT_0169,2024,11,Marche,Marche,042,Ancona,Ancona,CNOR,Celle combustibili con cogenerazione (CEC),FUEL_CELL_CHP,true,0,0,NUMBER,TYPED_NUMERIC_CELL,170,1,UNIQUE_VISIBLE_GRAIN,TERNA_DOWNLOAD_CENTER_THERMOELECTRIC_HEAT_2024,Export-DownloadCenterFile-20260901-101113.xlsx,raw/terna/historical_2024/Terna_Thermoelectric_Heat_2024_RAW.xlsx,06a18e50214e6e5bd882819a1dde6ba1a0ee0457e0c6728727c12640a4e4a72c
TERNA2024_CHP_HEAT_0170,2024,11,Marche,Marche,042,Ancona,Ancona,CNOR,Ciclo combinato con cogenerazione (CCC),CCGT_CHP,true,159.70222,159.70222,NUMBER,TYPED_NUMERIC_CELL,171,2,MULTIPLE_SOURCE_ROWS_RETAINED_FOR_AGGREGATION,TERNA_DOWNLOAD_CENTER_THERMOELECTRIC_HEAT_2024,Export-DownloadCenterFile-20260901-101113.xlsx,raw/terna/historical_2024/Terna_Thermoelectric_Heat_2024_RAW.xlsx,06a18e50214e6e5bd882819a1dde6ba1a0ee0457e0c6728727c12640a4e4a72c
TERNA2024_CHP_HEAT_0171,2024,11,Marche,Marche,042,Ancona,Ancona,CNOR,Ciclo combinato con cogenerazione (CCC),CCGT_CHP,true,0,0,NUMBER,TYPED_NUMERIC_CELL,172,2,MULTIPLE_SOURCE_ROWS_RETAINED_FOR_AGGREGATION,TERNA_DOWNLOAD_CENTER_THERMOELECTRIC_HEAT_2024,Export-DownloadCenterFile-20260901-101113.xlsx,raw/terna/historical_2024/Terna_Thermoelectric_Heat_2024_RAW.xlsx,06a18e50214e6e5bd882819a1dde6ba1a0ee0457e0c6728727c12640a4e4a72c
TERNA2024_CHP_HEAT_0172,2024,11,Marche,Marche,042,Ancona,Ancona,CNOR,Combustione interna con cogenerazione (CIC),INTERNAL_COMBUSTION_CHP,true,13.221529,13.221529,NUMBER,TYPED_NUMERIC_CELL,173,2,MULTIPLE_SOURCE_ROWS_RETAINED_FOR_AGGREGATION,TERNA_DOWNLOAD_CENTER_THERMOELECTRIC_HEAT_2024,Export-DownloadCenterFile-20260901-101113.xlsx,raw/terna/historical_2024/Terna_Thermoelectric_Heat_2024_RAW.xlsx,06a18e50214e6e5bd882819a1dde6ba1a0ee0457e0c6728727c12640a4e4a72c
TERNA2024_CHP_HEAT_0173,2024,11,Marche,Marche,042,Ancona,Ancona,CNOR,Combustione interna con cogenerazione (CIC),INTERNAL_COMBUSTION_CHP,true,64.74949,64.74949,NUMBER,TYPED_NUMERIC_CELL,174,2,MULTIPLE_SOURCE_ROWS_RETAINED_FOR_AGGREGATION,TERNA_DOWNLOAD_CENTER_THERMOELECTRIC_HEAT_2024,Export-DownloadCenterFile-20260901-101113.xlsx,raw/terna/historical_2024/Terna_Thermoelectric_Heat_2024_RAW.xlsx,06a18e50214e6e5bd882819a1dde6ba1a0ee0457e0c6728727c12640a4e4a72c
TERNA2024_CHP_HEAT_0174,2024,11,Marche,Marche,044,Ascoli Piceno,Ascoli Piceno,CNOR,Combustione interna con cogenerazione (CIC),INTERNAL_COMBUSTION_CHP,true,0,0,NUMBER,TYPED_NUMERIC_CELL,175,3,MULTIPLE_SOURCE_ROWS_RETAINED_FOR_AGGREGATION,TERNA_DOWNLOAD_CENTER_THERMOELECTRIC_HEAT_2024,Export-DownloadCenterFile-20260901-101113.xlsx,raw/terna/historical_2024/Terna_Thermoelectric_Heat_2024_RAW.xlsx,06a18e50214e6e5bd882819a1dde6ba1a0ee0457e0c6728727c12640a4e4a72c
TERNA2024_CHP_HEAT_0175,2024,11,Marche,Marche,044,Ascoli Piceno,Ascoli Piceno,CNOR,Combustione interna con cogenerazione (CIC),INTERNAL_COMBUSTION_CHP,true,0,0,NUMBER,TYPED_NUMERIC_CELL,176,3,MULTIPLE_SOURCE_ROWS_RETAINED_FOR_AGGREGATION,TERNA_DOWNLOAD_CENTER_THERMOELECTRIC_HEAT_2024,Export-DownloadCenterFile-20260901-101113.xlsx,raw/terna/historical_2024/Terna_Thermoelectric_Heat_2024_RAW.xlsx,06a18e50214e6e5bd882819a1dde6ba1a0ee0457e0c6728727c12640a4e4a72c
TERNA2024_CHP_HEAT_0176,2024,11,Marche,Marche,044,Ascoli Piceno,Ascoli Piceno,CNOR,Combustione interna con cogenerazione (CIC),INTERNAL_COMBUSTION_CHP,true,32.19281,32.19281,NUMBER,TYPED_NUMERIC_CELL,177,3,MULTIPLE_SOURCE_ROWS_RETAINED_FOR_AGGREGATION,TERNA_DOWNLOAD_CENTER_THERMOELECTRIC_HEAT_2024,Export-DownloadCenterFile-20260901-101113.xlsx,raw/terna/historical_2024/Terna_Thermoelectric_Heat_2024_RAW.xlsx,06a18e50214e6e5bd882819a1dde6ba1a0ee0457e0c6728727c12640a4e4a72c
TERNA2024_CHP_HEAT_0177,2024,11,Marche,Marche,109,Fermo,Fermo,CNOR,Combustione interna con cogenerazione (CIC),INTERNAL_COMBUSTION_CHP,true,7.832501,7.832501,NUMBER,TYPED_NUMERIC_CELL,178,2,MULTIPLE_SOURCE_ROWS_RETAINED_FOR_AGGREGATION,TERNA_DOWNLOAD_CENTER_THERMOELECTRIC_HEAT_2024,Export-DownloadCenterFile-20260901-101113.xlsx,raw/terna/historical_2024/Terna_Thermoelectric_Heat_2024_RAW.xlsx,06a18e50214e6e5bd882819a1dde6ba1a0ee0457e0c6728727c12640a4e4a72c
TERNA2024_CHP_HEAT_0178,2024,11,Marche,Marche,109,Fermo,Fermo,CNOR,Combustione interna con cogenerazione (CIC),INTERNAL_COMBUSTION_CHP,true,0.925009,0.925009,NUMBER,TYPED_NUMERIC_CELL,179,2,MULTIPLE_SOURCE_ROWS_RETAINED_FOR_AGGREGATION,TERNA_DOWNLOAD_CENTER_THERMOELECTRIC_HEAT_2024,Export-DownloadCenterFile-20260901-101113.xlsx,raw/terna/historical_2024/Terna_Thermoelectric_Heat_2024_RAW.xlsx,06a18e50214e6e5bd882819a1dde6ba1a0ee0457e0c6728727c12640a4e4a72c
TERNA2024_CHP_HEAT_0179,2024,11,Marche,Marche,043,Macerata,Macerata,CNOR,Celle combustibili con cogenerazione (CEC),FUEL_CELL_CHP,true,0.00411,0.00411,NUMBER,TYPED_NUMERIC_CELL,180,1,UNIQUE_VISIBLE_GRAIN,TERNA_DOWNLOAD_CENTER_THERMOELECTRIC_HEAT_2024,Export-DownloadCenterFile-20260901-101113.xlsx,raw/terna/historical_2024/Terna_Thermoelectric_Heat_2024_RAW.xlsx,06a18e50214e6e5bd882819a1dde6ba1a0ee0457e0c6728727c12640a4e4a72c
TERNA2024_CHP_HEAT_0180,2024,11,Marche,Marche,043,Macerata,Macerata,CNOR,Combustione interna con cogenerazione (CIC),INTERNAL_COMBUSTION_CHP,true,0.901042,0.901042,NUMBER,TYPED_NUMERIC_CELL,181,2,MULTIPLE_SOURCE_ROWS_RETAINED_FOR_AGGREGATION,TERNA_DOWNLOAD_CENTER_THERMOELECTRIC_HEAT_2024,Export-DownloadCenterFile-20260901-101113.xlsx,raw/terna/historical_2024/Terna_Thermoelectric_Heat_2024_RAW.xlsx,06a18e50214e6e5bd882819a1dde6ba1a0ee0457e0c6728727c12640a4e4a72c
TERNA2024_CHP_HEAT_0181,2024,11,Marche,Marche,043,Macerata,Macerata,CNOR,Combustione interna con cogenerazione (CIC),INTERNAL_COMBUSTION_CHP,true,27.934103,27.934103,NUMBER,TYPED_NUMERIC_CELL,182,2,MULTIPLE_SOURCE_ROWS_RETAINED_FOR_AGGREGATION,TERNA_DOWNLOAD_CENTER_THERMOELECTRIC_HEAT_2024,Export-DownloadCenterFile-20260901-101113.xlsx,raw/terna/historical_2024/Terna_Thermoelectric_Heat_2024_RAW.xlsx,06a18e50214e6e5bd882819a1dde6ba1a0ee0457e0c6728727c12640a4e4a72c
TERNA2024_CHP_HEAT_0182,2024,11,Marche,Marche,043,Macerata,Macerata,CNOR,Contropressione (CPC),STEAM_BACKPRESSURE_CHP,true,48.520287,48.520287,NUMBER,TYPED_NUMERIC_CELL,183,1,UNIQUE_VISIBLE_GRAIN,TERNA_DOWNLOAD_CENTER_THERMOELECTRIC_HEAT_2024,Export-DownloadCenterFile-20260901-101113.xlsx,raw/terna/historical_2024/Terna_Thermoelectric_Heat_2024_RAW.xlsx,06a18e50214e6e5bd882819a1dde6ba1a0ee0457e0c6728727c12640a4e4a72c
TERNA2024_CHP_HEAT_0183,2024,11,Marche,Marche,043,Macerata,Macerata,CNOR,Turbine a gas con cogenerazione (TGC),GT_CHP,true,76.32381,76.32381,NUMBER,TYPED_NUMERIC_CELL,184,1,UNIQUE_VISIBLE_GRAIN,TERNA_DOWNLOAD_CENTER_THERMOELECTRIC_HEAT_2024,Export-DownloadCenterFile-20260901-101113.xlsx,raw/terna/historical_2024/Terna_Thermoelectric_Heat_2024_RAW.xlsx,06a18e50214e6e5bd882819a1dde6ba1a0ee0457e0c6728727c12640a4e4a72c
TERNA2024_CHP_HEAT_0184,2024,11,Marche,Marche,041,Pesaro E Urbino,Pesaro e Urbino,CNOR,Combustione interna con cogenerazione (CIC),INTERNAL_COMBUSTION_CHP,true,16.051332,16.051332,NUMBER,TYPED_NUMERIC_CELL,185,2,MULTIPLE_SOURCE_ROWS_RETAINED_FOR_AGGREGATION,TERNA_DOWNLOAD_CENTER_THERMOELECTRIC_HEAT_2024,Export-DownloadCenterFile-20260901-101113.xlsx,raw/terna/historical_2024/Terna_Thermoelectric_Heat_2024_RAW.xlsx,06a18e50214e6e5bd882819a1dde6ba1a0ee0457e0c6728727c12640a4e4a72c
TERNA2024_CHP_HEAT_0185,2024,11,Marche,Marche,041,Pesaro E Urbino,Pesaro e Urbino,CNOR,Combustione interna con cogenerazione (CIC),INTERNAL_COMBUSTION_CHP,true,22.684137,22.684137,NUMBER,TYPED_NUMERIC_CELL,186,2,MULTIPLE_SOURCE_ROWS_RETAINED_FOR_AGGREGATION,TERNA_DOWNLOAD_CENTER_THERMOELECTRIC_HEAT_2024,Export-DownloadCenterFile-20260901-101113.xlsx,raw/terna/historical_2024/Terna_Thermoelectric_Heat_2024_RAW.xlsx,06a18e50214e6e5bd882819a1dde6ba1a0ee0457e0c6728727c12640a4e4a72c
TERNA2024_CHP_HEAT_0186,2024,14,Molise,Molise,070,Campobasso,Campobasso,SUD,Combustione interna con cogenerazione (CIC),INTERNAL_COMBUSTION_CHP,true,11.045358,11.045358,NUMBER,TYPED_NUMERIC_CELL,187,2,MULTIPLE_SOURCE_ROWS_RETAINED_FOR_AGGREGATION,TERNA_DOWNLOAD_CENTER_THERMOELECTRIC_HEAT_2024,Export-DownloadCenterFile-20260901-101113.xlsx,raw/terna/historical_2024/Terna_Thermoelectric_Heat_2024_RAW.xlsx,06a18e50214e6e5bd882819a1dde6ba1a0ee0457e0c6728727c12640a4e4a72c
TERNA2024_CHP_HEAT_0187,2024,14,Molise,Molise,070,Campobasso,Campobasso,SUD,Combustione interna con cogenerazione (CIC),INTERNAL_COMBUSTION_CHP,true,51.218033,51.218033,NUMBER,TYPED_NUMERIC_CELL,188,2,MULTIPLE_SOURCE_ROWS_RETAINED_FOR_AGGREGATION,TERNA_DOWNLOAD_CENTER_THERMOELECTRIC_HEAT_2024,Export-DownloadCenterFile-20260901-101113.xlsx,raw/terna/historical_2024/Terna_Thermoelectric_Heat_2024_RAW.xlsx,06a18e50214e6e5bd882819a1dde6ba1a0ee0457e0c6728727c12640a4e4a72c
TERNA2024_CHP_HEAT_0188,2024,14,Molise,Molise,094,Isernia,Isernia,SUD,Combustione interna con cogenerazione (CIC),INTERNAL_COMBUSTION_CHP,true,5.351681,5.351681,NUMBER,TYPED_NUMERIC_CELL,189,1,UNIQUE_VISIBLE_GRAIN,TERNA_DOWNLOAD_CENTER_THERMOELECTRIC_HEAT_2024,Export-DownloadCenterFile-20260901-101113.xlsx,raw/terna/historical_2024/Terna_Thermoelectric_Heat_2024_RAW.xlsx,06a18e50214e6e5bd882819a1dde6ba1a0ee0457e0c6728727c12640a4e4a72c
TERNA2024_CHP_HEAT_0189,2024,01,Piemonte,Piemonte,006,Alessandria,Alessandria,NORD,Ciclo combinato con cogenerazione (CCC),CCGT_CHP,true,685.4166,685.4166,NUMBER,TYPED_NUMERIC_CELL,190,1,UNIQUE_VISIBLE_GRAIN,TERNA_DOWNLOAD_CENTER_THERMOELECTRIC_HEAT_2024,Export-DownloadCenterFile-20260901-101113.xlsx,raw/terna/historical_2024/Terna_Thermoelectric_Heat_2024_RAW.xlsx,06a18e50214e6e5bd882819a1dde6ba1a0ee0457e0c6728727c12640a4e4a72c
TERNA2024_CHP_HEAT_0190,2024,01,Piemonte,Piemonte,006,Alessandria,Alessandria,NORD,Combustione interna con cogenerazione (CIC),INTERNAL_COMBUSTION_CHP,true,58.741646,58.741646,NUMBER,TYPED_NUMERIC_CELL,191,2,MULTIPLE_SOURCE_ROWS_RETAINED_FOR_AGGREGATION,TERNA_DOWNLOAD_CENTER_THERMOELECTRIC_HEAT_2024,Export-DownloadCenterFile-20260901-101113.xlsx,raw/terna/historical_2024/Terna_Thermoelectric_Heat_2024_RAW.xlsx,06a18e50214e6e5bd882819a1dde6ba1a0ee0457e0c6728727c12640a4e4a72c
TERNA2024_CHP_HEAT_0191,2024,01,Piemonte,Piemonte,006,Alessandria,Alessandria,NORD,Combustione interna con cogenerazione (CIC),INTERNAL_COMBUSTION_CHP,true,198.1285,198.1285,NUMBER,TYPED_NUMERIC_CELL,192,2,MULTIPLE_SOURCE_ROWS_RETAINED_FOR_AGGREGATION,TERNA_DOWNLOAD_CENTER_THERMOELECTRIC_HEAT_2024,Export-DownloadCenterFile-20260901-101113.xlsx,raw/terna/historical_2024/Terna_Thermoelectric_Heat_2024_RAW.xlsx,06a18e50214e6e5bd882819a1dde6ba1a0ee0457e0c6728727c12640a4e4a72c
TERNA2024_CHP_HEAT_0192,2024,01,Piemonte,Piemonte,006,Alessandria,Alessandria,NORD,Contropressione (CPC),STEAM_BACKPRESSURE_CHP,true,0,0,NUMBER,TYPED_NUMERIC_CELL,193,1,UNIQUE_VISIBLE_GRAIN,TERNA_DOWNLOAD_CENTER_THERMOELECTRIC_HEAT_2024,Export-DownloadCenterFile-20260901-101113.xlsx,raw/terna/historical_2024/Terna_Thermoelectric_Heat_2024_RAW.xlsx,06a18e50214e6e5bd882819a1dde6ba1a0ee0457e0c6728727c12640a4e4a72c
TERNA2024_CHP_HEAT_0193,2024,01,Piemonte,Piemonte,006,Alessandria,Alessandria,NORD,Turbine a gas con cogenerazione (TGC),GT_CHP,true,44.804626,44.804626,NUMBER,TYPED_NUMERIC_CELL,194,1,UNIQUE_VISIBLE_GRAIN,TERNA_DOWNLOAD_CENTER_THERMOELECTRIC_HEAT_2024,Export-DownloadCenterFile-20260901-101113.xlsx,raw/terna/historical_2024/Terna_Thermoelectric_Heat_2024_RAW.xlsx,06a18e50214e6e5bd882819a1dde6ba1a0ee0457e0c6728727c12640a4e4a72c
TERNA2024_CHP_HEAT_0194,2024,01,Piemonte,Piemonte,005,Asti,Asti,NORD,Ciclo combinato con cogenerazione (CCC),CCGT_CHP,true,0,0,NUMBER,TYPED_NUMERIC_CELL,195,1,UNIQUE_VISIBLE_GRAIN,TERNA_DOWNLOAD_CENTER_THERMOELECTRIC_HEAT_2024,Export-DownloadCenterFile-20260901-101113.xlsx,raw/terna/historical_2024/Terna_Thermoelectric_Heat_2024_RAW.xlsx,06a18e50214e6e5bd882819a1dde6ba1a0ee0457e0c6728727c12640a4e4a72c
TERNA2024_CHP_HEAT_0195,2024,01,Piemonte,Piemonte,005,Asti,Asti,NORD,Combustione interna con cogenerazione (CIC),INTERNAL_COMBUSTION_CHP,true,9.253432,9.253432,NUMBER,TYPED_NUMERIC_CELL,196,2,MULTIPLE_SOURCE_ROWS_RETAINED_FOR_AGGREGATION,TERNA_DOWNLOAD_CENTER_THERMOELECTRIC_HEAT_2024,Export-DownloadCenterFile-20260901-101113.xlsx,raw/terna/historical_2024/Terna_Thermoelectric_Heat_2024_RAW.xlsx,06a18e50214e6e5bd882819a1dde6ba1a0ee0457e0c6728727c12640a4e4a72c
TERNA2024_CHP_HEAT_0196,2024,01,Piemonte,Piemonte,005,Asti,Asti,NORD,Combustione interna con cogenerazione (CIC),INTERNAL_COMBUSTION_CHP,true,32.667007,32.667007,NUMBER,TYPED_NUMERIC_CELL,197,2,MULTIPLE_SOURCE_ROWS_RETAINED_FOR_AGGREGATION,TERNA_DOWNLOAD_CENTER_THERMOELECTRIC_HEAT_2024,Export-DownloadCenterFile-20260901-101113.xlsx,raw/terna/historical_2024/Terna_Thermoelectric_Heat_2024_RAW.xlsx,06a18e50214e6e5bd882819a1dde6ba1a0ee0457e0c6728727c12640a4e4a72c
TERNA2024_CHP_HEAT_0197,2024,01,Piemonte,Piemonte,096,Biella,Biella,NORD,Combustione interna con cogenerazione (CIC),INTERNAL_COMBUSTION_CHP,true,49.92914,49.92914,NUMBER,TYPED_NUMERIC_CELL,198,2,MULTIPLE_SOURCE_ROWS_RETAINED_FOR_AGGREGATION,TERNA_DOWNLOAD_CENTER_THERMOELECTRIC_HEAT_2024,Export-DownloadCenterFile-20260901-101113.xlsx,raw/terna/historical_2024/Terna_Thermoelectric_Heat_2024_RAW.xlsx,06a18e50214e6e5bd882819a1dde6ba1a0ee0457e0c6728727c12640a4e4a72c
TERNA2024_CHP_HEAT_0198,2024,01,Piemonte,Piemonte,096,Biella,Biella,NORD,Combustione interna con cogenerazione (CIC),INTERNAL_COMBUSTION_CHP,true,72.27945,72.27945,NUMBER,TYPED_NUMERIC_CELL,199,2,MULTIPLE_SOURCE_ROWS_RETAINED_FOR_AGGREGATION,TERNA_DOWNLOAD_CENTER_THERMOELECTRIC_HEAT_2024,Export-DownloadCenterFile-20260901-101113.xlsx,raw/terna/historical_2024/Terna_Thermoelectric_Heat_2024_RAW.xlsx,06a18e50214e6e5bd882819a1dde6ba1a0ee0457e0c6728727c12640a4e4a72c
TERNA2024_CHP_HEAT_0199,2024,01,Piemonte,Piemonte,004,Cuneo,Cuneo,NORD,Celle combustibili con cogenerazione (CEC),FUEL_CELL_CHP,true,0,0,NUMBER,TYPED_NUMERIC_CELL,200,1,UNIQUE_VISIBLE_GRAIN,TERNA_DOWNLOAD_CENTER_THERMOELECTRIC_HEAT_2024,Export-DownloadCenterFile-20260901-101113.xlsx,raw/terna/historical_2024/Terna_Thermoelectric_Heat_2024_RAW.xlsx,06a18e50214e6e5bd882819a1dde6ba1a0ee0457e0c6728727c12640a4e4a72c
TERNA2024_CHP_HEAT_0200,2024,01,Piemonte,Piemonte,004,Cuneo,Cuneo,NORD,Ciclo combinato con cogenerazione (CCC),CCGT_CHP,true,57.236866,57.236866,NUMBER,TYPED_NUMERIC_CELL,201,2,MULTIPLE_SOURCE_ROWS_RETAINED_FOR_AGGREGATION,TERNA_DOWNLOAD_CENTER_THERMOELECTRIC_HEAT_2024,Export-DownloadCenterFile-20260901-101113.xlsx,raw/terna/historical_2024/Terna_Thermoelectric_Heat_2024_RAW.xlsx,06a18e50214e6e5bd882819a1dde6ba1a0ee0457e0c6728727c12640a4e4a72c
TERNA2024_CHP_HEAT_0201,2024,01,Piemonte,Piemonte,004,Cuneo,Cuneo,NORD,Ciclo combinato con cogenerazione (CCC),CCGT_CHP,true,750.31494,750.31494,NUMBER,TYPED_NUMERIC_CELL,202,2,MULTIPLE_SOURCE_ROWS_RETAINED_FOR_AGGREGATION,TERNA_DOWNLOAD_CENTER_THERMOELECTRIC_HEAT_2024,Export-DownloadCenterFile-20260901-101113.xlsx,raw/terna/historical_2024/Terna_Thermoelectric_Heat_2024_RAW.xlsx,06a18e50214e6e5bd882819a1dde6ba1a0ee0457e0c6728727c12640a4e4a72c
TERNA2024_CHP_HEAT_0202,2024,01,Piemonte,Piemonte,004,Cuneo,Cuneo,NORD,Combustione interna con cogenerazione (CIC),INTERNAL_COMBUSTION_CHP,true,129.97726,129.97726,NUMBER,TYPED_NUMERIC_CELL,203,3,MULTIPLE_SOURCE_ROWS_RETAINED_FOR_AGGREGATION,TERNA_DOWNLOAD_CENTER_THERMOELECTRIC_HEAT_2024,Export-DownloadCenterFile-20260901-101113.xlsx,raw/terna/historical_2024/Terna_Thermoelectric_Heat_2024_RAW.xlsx,06a18e50214e6e5bd882819a1dde6ba1a0ee0457e0c6728727c12640a4e4a72c
TERNA2024_CHP_HEAT_0203,2024,01,Piemonte,Piemonte,004,Cuneo,Cuneo,NORD,Combustione interna con cogenerazione (CIC),INTERNAL_COMBUSTION_CHP,true,0,0,NUMBER,TYPED_NUMERIC_CELL,204,3,MULTIPLE_SOURCE_ROWS_RETAINED_FOR_AGGREGATION,TERNA_DOWNLOAD_CENTER_THERMOELECTRIC_HEAT_2024,Export-DownloadCenterFile-20260901-101113.xlsx,raw/terna/historical_2024/Terna_Thermoelectric_Heat_2024_RAW.xlsx,06a18e50214e6e5bd882819a1dde6ba1a0ee0457e0c6728727c12640a4e4a72c
TERNA2024_CHP_HEAT_0204,2024,01,Piemonte,Piemonte,004,Cuneo,Cuneo,NORD,Combustione interna con cogenerazione (CIC),INTERNAL_COMBUSTION_CHP,true,542.79987,542.79987,NUMBER,TYPED_NUMERIC_CELL,205,3,MULTIPLE_SOURCE_ROWS_RETAINED_FOR_AGGREGATION,TERNA_DOWNLOAD_CENTER_THERMOELECTRIC_HEAT_2024,Export-DownloadCenterFile-20260901-101113.xlsx,raw/terna/historical_2024/Terna_Thermoelectric_Heat_2024_RAW.xlsx,06a18e50214e6e5bd882819a1dde6ba1a0ee0457e0c6728727c12640a4e4a72c
TERNA2024_CHP_HEAT_0205,2024,01,Piemonte,Piemonte,004,Cuneo,Cuneo,NORD,Contropressione (CPC),STEAM_BACKPRESSURE_CHP,true,0,0,NUMBER,TYPED_NUMERIC_CELL,206,1,UNIQUE_VISIBLE_GRAIN,TERNA_DOWNLOAD_CENTER_THERMOELECTRIC_HEAT_2024,Export-DownloadCenterFile-20260901-101113.xlsx,raw/terna/historical_2024/Terna_Thermoelectric_Heat_2024_RAW.xlsx,06a18e50214e6e5bd882819a1dde6ba1a0ee0457e0c6728727c12640a4e4a72c
TERNA2024_CHP_HEAT_0206,2024,01,Piemonte,Piemonte,004,Cuneo,Cuneo,NORD,Turbine a gas con cogenerazione (TGC),GT_CHP,true,0,0,NUMBER,TYPED_NUMERIC_CELL,207,2,MULTIPLE_SOURCE_ROWS_RETAINED_FOR_AGGREGATION,TERNA_DOWNLOAD_CENTER_THERMOELECTRIC_HEAT_2024,Export-DownloadCenterFile-20260901-101113.xlsx,raw/terna/historical_2024/Terna_Thermoelectric_Heat_2024_RAW.xlsx,06a18e50214e6e5bd882819a1dde6ba1a0ee0457e0c6728727c12640a4e4a72c
TERNA2024_CHP_HEAT_0207,2024,01,Piemonte,Piemonte,004,Cuneo,Cuneo,NORD,Turbine a gas con cogenerazione (TGC),GT_CHP,true,406.49966,406.49966,NUMBER,TYPED_NUMERIC_CELL,208,2,MULTIPLE_SOURCE_ROWS_RETAINED_FOR_AGGREGATION,TERNA_DOWNLOAD_CENTER_THERMOELECTRIC_HEAT_2024,Export-DownloadCenterFile-20260901-101113.xlsx,raw/terna/historical_2024/Terna_Thermoelectric_Heat_2024_RAW.xlsx,06a18e50214e6e5bd882819a1dde6ba1a0ee0457e0c6728727c12640a4e4a72c
TERNA2024_CHP_HEAT_0208,2024,01,Piemonte,Piemonte,003,Novara,Novara,NORD,Ciclo combinato con cogenerazione (CCC),CCGT_CHP,true,361.33795,361.33795,NUMBER,TYPED_NUMERIC_CELL,209,1,UNIQUE_VISIBLE_GRAIN,TERNA_DOWNLOAD_CENTER_THERMOELECTRIC_HEAT_2024,Export-DownloadCenterFile-20260901-101113.xlsx,raw/terna/historical_2024/Terna_Thermoelectric_Heat_2024_RAW.xlsx,06a18e50214e6e5bd882819a1dde6ba1a0ee0457e0c6728727c12640a4e4a72c
TERNA2024_CHP_HEAT_0209,2024,01,Piemonte,Piemonte,003,Novara,Novara,NORD,Combustione interna con cogenerazione (CIC),INTERNAL_COMBUSTION_CHP,true,35.547497,35.547497,NUMBER,TYPED_NUMERIC_CELL,210,3,MULTIPLE_SOURCE_ROWS_RETAINED_FOR_AGGREGATION,TERNA_DOWNLOAD_CENTER_THERMOELECTRIC_HEAT_2024,Export-DownloadCenterFile-20260901-101113.xlsx,raw/terna/historical_2024/Terna_Thermoelectric_Heat_2024_RAW.xlsx,06a18e50214e6e5bd882819a1dde6ba1a0ee0457e0c6728727c12640a4e4a72c
TERNA2024_CHP_HEAT_0210,2024,01,Piemonte,Piemonte,003,Novara,Novara,NORD,Combustione interna con cogenerazione (CIC),INTERNAL_COMBUSTION_CHP,true,171.74162,171.74162,NUMBER,TYPED_NUMERIC_CELL,211,3,MULTIPLE_SOURCE_ROWS_RETAINED_FOR_AGGREGATION,TERNA_DOWNLOAD_CENTER_THERMOELECTRIC_HEAT_2024,Export-DownloadCenterFile-20260901-101113.xlsx,raw/terna/historical_2024/Terna_Thermoelectric_Heat_2024_RAW.xlsx,06a18e50214e6e5bd882819a1dde6ba1a0ee0457e0c6728727c12640a4e4a72c
TERNA2024_CHP_HEAT_0211,2024,01,Piemonte,Piemonte,003,Novara,Novara,NORD,Combustione interna con cogenerazione (CIC),INTERNAL_COMBUSTION_CHP,true,0,0,NUMBER,TYPED_NUMERIC_CELL,212,3,MULTIPLE_SOURCE_ROWS_RETAINED_FOR_AGGREGATION,TERNA_DOWNLOAD_CENTER_THERMOELECTRIC_HEAT_2024,Export-DownloadCenterFile-20260901-101113.xlsx,raw/terna/historical_2024/Terna_Thermoelectric_Heat_2024_RAW.xlsx,06a18e50214e6e5bd882819a1dde6ba1a0ee0457e0c6728727c12640a4e4a72c
TERNA2024_CHP_HEAT_0212,2024,01,Piemonte,Piemonte,003,Novara,Novara,NORD,Condensazione e spillamento (CSC),STEAM_EXTRACTION_CHP,true,157.2906,157.2906,NUMBER,TYPED_NUMERIC_CELL,213,2,MULTIPLE_SOURCE_ROWS_RETAINED_FOR_AGGREGATION,TERNA_DOWNLOAD_CENTER_THERMOELECTRIC_HEAT_2024,Export-DownloadCenterFile-20260901-101113.xlsx,raw/terna/historical_2024/Terna_Thermoelectric_Heat_2024_RAW.xlsx,06a18e50214e6e5bd882819a1dde6ba1a0ee0457e0c6728727c12640a4e4a72c
TERNA2024_CHP_HEAT_0213,2024,01,Piemonte,Piemonte,003,Novara,Novara,NORD,Condensazione e spillamento (CSC),STEAM_EXTRACTION_CHP,true,0.694975,0.694975,NUMBER,TYPED_NUMERIC_CELL,214,2,MULTIPLE_SOURCE_ROWS_RETAINED_FOR_AGGREGATION,TERNA_DOWNLOAD_CENTER_THERMOELECTRIC_HEAT_2024,Export-DownloadCenterFile-20260901-101113.xlsx,raw/terna/historical_2024/Terna_Thermoelectric_Heat_2024_RAW.xlsx,06a18e50214e6e5bd882819a1dde6ba1a0ee0457e0c6728727c12640a4e4a72c
TERNA2024_CHP_HEAT_0214,2024,01,Piemonte,Piemonte,003,Novara,Novara,NORD,Contropressione (CPC),STEAM_BACKPRESSURE_CHP,true,11.789465,11.789465,NUMBER,TYPED_NUMERIC_CELL,215,2,MULTIPLE_SOURCE_ROWS_RETAINED_FOR_AGGREGATION,TERNA_DOWNLOAD_CENTER_THERMOELECTRIC_HEAT_2024,Export-DownloadCenterFile-20260901-101113.xlsx,raw/terna/historical_2024/Terna_Thermoelectric_Heat_2024_RAW.xlsx,06a18e50214e6e5bd882819a1dde6ba1a0ee0457e0c6728727c12640a4e4a72c
TERNA2024_CHP_HEAT_0215,2024,01,Piemonte,Piemonte,003,Novara,Novara,NORD,Contropressione (CPC),STEAM_BACKPRESSURE_CHP,true,0,0,NUMBER,TYPED_NUMERIC_CELL,216,2,MULTIPLE_SOURCE_ROWS_RETAINED_FOR_AGGREGATION,TERNA_DOWNLOAD_CENTER_THERMOELECTRIC_HEAT_2024,Export-DownloadCenterFile-20260901-101113.xlsx,raw/terna/historical_2024/Terna_Thermoelectric_Heat_2024_RAW.xlsx,06a18e50214e6e5bd882819a1dde6ba1a0ee0457e0c6728727c12640a4e4a72c
TERNA2024_CHP_HEAT_0216,2024,01,Piemonte,Piemonte,003,Novara,Novara,NORD,Turbine a gas con cogenerazione (TGC),GT_CHP,true,60.550915,60.550915,NUMBER,TYPED_NUMERIC_CELL,217,2,MULTIPLE_SOURCE_ROWS_RETAINED_FOR_AGGREGATION,TERNA_DOWNLOAD_CENTER_THERMOELECTRIC_HEAT_2024,Export-DownloadCenterFile-20260901-101113.xlsx,raw/terna/historical_2024/Terna_Thermoelectric_Heat_2024_RAW.xlsx,06a18e50214e6e5bd882819a1dde6ba1a0ee0457e0c6728727c12640a4e4a72c
TERNA2024_CHP_HEAT_0217,2024,01,Piemonte,Piemonte,003,Novara,Novara,NORD,Turbine a gas con cogenerazione (TGC),GT_CHP,true,242.49213,242.49213,NUMBER,TYPED_NUMERIC_CELL,218,2,MULTIPLE_SOURCE_ROWS_RETAINED_FOR_AGGREGATION,TERNA_DOWNLOAD_CENTER_THERMOELECTRIC_HEAT_2024,Export-DownloadCenterFile-20260901-101113.xlsx,raw/terna/historical_2024/Terna_Thermoelectric_Heat_2024_RAW.xlsx,06a18e50214e6e5bd882819a1dde6ba1a0ee0457e0c6728727c12640a4e4a72c
TERNA2024_CHP_HEAT_0218,2024,01,Piemonte,Piemonte,001,Torino,Torino,NORD,Celle combustibili con cogenerazione (CEC),FUEL_CELL_CHP,true,0,0,NUMBER,TYPED_NUMERIC_CELL,219,1,UNIQUE_VISIBLE_GRAIN,TERNA_DOWNLOAD_CENTER_THERMOELECTRIC_HEAT_2024,Export-DownloadCenterFile-20260901-101113.xlsx,raw/terna/historical_2024/Terna_Thermoelectric_Heat_2024_RAW.xlsx,06a18e50214e6e5bd882819a1dde6ba1a0ee0457e0c6728727c12640a4e4a72c
TERNA2024_CHP_HEAT_0219,2024,01,Piemonte,Piemonte,001,Torino,Torino,NORD,Ciclo combinato con cogenerazione (CCC),CCGT_CHP,true,1.866599,1.866599,NUMBER,TYPED_NUMERIC_CELL,220,3,MULTIPLE_SOURCE_ROWS_RETAINED_FOR_AGGREGATION,TERNA_DOWNLOAD_CENTER_THERMOELECTRIC_HEAT_2024,Export-DownloadCenterFile-20260901-101113.xlsx,raw/terna/historical_2024/Terna_Thermoelectric_Heat_2024_RAW.xlsx,06a18e50214e6e5bd882819a1dde6ba1a0ee0457e0c6728727c12640a4e4a72c
TERNA2024_CHP_HEAT_0220,2024,01,Piemonte,Piemonte,001,Torino,Torino,NORD,Ciclo combinato con cogenerazione (CCC),CCGT_CHP,true,2634.008,2634.008,NUMBER,TYPED_NUMERIC_CELL,221,3,MULTIPLE_SOURCE_ROWS_RETAINED_FOR_AGGREGATION,TERNA_DOWNLOAD_CENTER_THERMOELECTRIC_HEAT_2024,Export-DownloadCenterFile-20260901-101113.xlsx,raw/terna/historical_2024/Terna_Thermoelectric_Heat_2024_RAW.xlsx,06a18e50214e6e5bd882819a1dde6ba1a0ee0457e0c6728727c12640a4e4a72c
TERNA2024_CHP_HEAT_0221,2024,01,Piemonte,Piemonte,001,Torino,Torino,NORD,Ciclo combinato con cogenerazione (CCC),CCGT_CHP,true,0,0,NUMBER,TYPED_NUMERIC_CELL,222,3,MULTIPLE_SOURCE_ROWS_RETAINED_FOR_AGGREGATION,TERNA_DOWNLOAD_CENTER_THERMOELECTRIC_HEAT_2024,Export-DownloadCenterFile-20260901-101113.xlsx,raw/terna/historical_2024/Terna_Thermoelectric_Heat_2024_RAW.xlsx,06a18e50214e6e5bd882819a1dde6ba1a0ee0457e0c6728727c12640a4e4a72c
TERNA2024_CHP_HEAT_0222,2024,01,Piemonte,Piemonte,001,Torino,Torino,NORD,Combustione interna con cogenerazione (CIC),INTERNAL_COMBUSTION_CHP,true,99.39394,99.39394,NUMBER,TYPED_NUMERIC_CELL,223,3,MULTIPLE_SOURCE_ROWS_RETAINED_FOR_AGGREGATION,TERNA_DOWNLOAD_CENTER_THERMOELECTRIC_HEAT_2024,Export-DownloadCenterFile-20260901-101113.xlsx,raw/terna/historical_2024/Terna_Thermoelectric_Heat_2024_RAW.xlsx,06a18e50214e6e5bd882819a1dde6ba1a0ee0457e0c6728727c12640a4e4a72c
TERNA2024_CHP_HEAT_0223,2024,01,Piemonte,Piemonte,001,Torino,Torino,NORD,Combustione interna con cogenerazione (CIC),INTERNAL_COMBUSTION_CHP,true,383.6575,383.6575,NUMBER,TYPED_NUMERIC_CELL,224,3,MULTIPLE_SOURCE_ROWS_RETAINED_FOR_AGGREGATION,TERNA_DOWNLOAD_CENTER_THERMOELECTRIC_HEAT_2024,Export-DownloadCenterFile-20260901-101113.xlsx,raw/terna/historical_2024/Terna_Thermoelectric_Heat_2024_RAW.xlsx,06a18e50214e6e5bd882819a1dde6ba1a0ee0457e0c6728727c12640a4e4a72c
TERNA2024_CHP_HEAT_0224,2024,01,Piemonte,Piemonte,001,Torino,Torino,NORD,Combustione interna con cogenerazione (CIC),INTERNAL_COMBUSTION_CHP,true,0,0,NUMBER,TYPED_NUMERIC_CELL,225,3,MULTIPLE_SOURCE_ROWS_RETAINED_FOR_AGGREGATION,TERNA_DOWNLOAD_CENTER_THERMOELECTRIC_HEAT_2024,Export-DownloadCenterFile-20260901-101113.xlsx,raw/terna/historical_2024/Terna_Thermoelectric_Heat_2024_RAW.xlsx,06a18e50214e6e5bd882819a1dde6ba1a0ee0457e0c6728727c12640a4e4a72c
TERNA2024_CHP_HEAT_0225,2024,01,Piemonte,Piemonte,001,Torino,Torino,NORD,Condensazione e spillamento (CSC),STEAM_EXTRACTION_CHP,true,375.1526,375.1526,NUMBER,TYPED_NUMERIC_CELL,226,1,UNIQUE_VISIBLE_GRAIN,TERNA_DOWNLOAD_CENTER_THERMOELECTRIC_HEAT_2024,Export-DownloadCenterFile-20260901-101113.xlsx,raw/terna/historical_2024/Terna_Thermoelectric_Heat_2024_RAW.xlsx,06a18e50214e6e5bd882819a1dde6ba1a0ee0457e0c6728727c12640a4e4a72c
TERNA2024_CHP_HEAT_0226,2024,01,Piemonte,Piemonte,001,Torino,Torino,NORD,Contropressione (CPC),STEAM_BACKPRESSURE_CHP,true,86.23549,86.23549,NUMBER,TYPED_NUMERIC_CELL,227,1,UNIQUE_VISIBLE_GRAIN,TERNA_DOWNLOAD_CENTER_THERMOELECTRIC_HEAT_2024,Export-DownloadCenterFile-20260901-101113.xlsx,raw/terna/historical_2024/Terna_Thermoelectric_Heat_2024_RAW.xlsx,06a18e50214e6e5bd882819a1dde6ba1a0ee0457e0c6728727c12640a4e4a72c
TERNA2024_CHP_HEAT_0227,2024,01,Piemonte,Piemonte,001,Torino,Torino,NORD,Turbine a gas con cogenerazione (TGC),GT_CHP,true,77.806465,77.806465,NUMBER,TYPED_NUMERIC_CELL,228,1,UNIQUE_VISIBLE_GRAIN,TERNA_DOWNLOAD_CENTER_THERMOELECTRIC_HEAT_2024,Export-DownloadCenterFile-20260901-101113.xlsx,raw/terna/historical_2024/Terna_Thermoelectric_Heat_2024_RAW.xlsx,06a18e50214e6e5bd882819a1dde6ba1a0ee0457e0c6728727c12640a4e4a72c
TERNA2024_CHP_HEAT_0228,2024,01,Piemonte,Piemonte,103,Verbano-Cusio-Ossola,Verbano-Cusio-Ossola,NORD,Combustione interna con cogenerazione (CIC),INTERNAL_COMBUSTION_CHP,true,5.884414,5.884414,NUMBER,TYPED_NUMERIC_CELL,229,2,MULTIPLE_SOURCE_ROWS_RETAINED_FOR_AGGREGATION,TERNA_DOWNLOAD_CENTER_THERMOELECTRIC_HEAT_2024,Export-DownloadCenterFile-20260901-101113.xlsx,raw/terna/historical_2024/Terna_Thermoelectric_Heat_2024_RAW.xlsx,06a18e50214e6e5bd882819a1dde6ba1a0ee0457e0c6728727c12640a4e4a72c
TERNA2024_CHP_HEAT_0229,2024,01,Piemonte,Piemonte,103,Verbano-Cusio-Ossola,Verbano-Cusio-Ossola,NORD,Combustione interna con cogenerazione (CIC),INTERNAL_COMBUSTION_CHP,true,38.500565,38.500565,NUMBER,TYPED_NUMERIC_CELL,230,2,MULTIPLE_SOURCE_ROWS_RETAINED_FOR_AGGREGATION,TERNA_DOWNLOAD_CENTER_THERMOELECTRIC_HEAT_2024,Export-DownloadCenterFile-20260901-101113.xlsx,raw/terna/historical_2024/Terna_Thermoelectric_Heat_2024_RAW.xlsx,06a18e50214e6e5bd882819a1dde6ba1a0ee0457e0c6728727c12640a4e4a72c
TERNA2024_CHP_HEAT_0230,2024,01,Piemonte,Piemonte,103,Verbano-Cusio-Ossola,Verbano-Cusio-Ossola,NORD,Turbine a gas con cogenerazione (TGC),GT_CHP,true,73.32768,73.32768,NUMBER,TYPED_NUMERIC_CELL,231,1,UNIQUE_VISIBLE_GRAIN,TERNA_DOWNLOAD_CENTER_THERMOELECTRIC_HEAT_2024,Export-DownloadCenterFile-20260901-101113.xlsx,raw/terna/historical_2024/Terna_Thermoelectric_Heat_2024_RAW.xlsx,06a18e50214e6e5bd882819a1dde6ba1a0ee0457e0c6728727c12640a4e4a72c
TERNA2024_CHP_HEAT_0231,2024,01,Piemonte,Piemonte,002,Vercelli,Vercelli,NORD,Ciclo combinato con cogenerazione (CCC),CCGT_CHP,true,11.495155,11.495155,NUMBER,TYPED_NUMERIC_CELL,232,1,UNIQUE_VISIBLE_GRAIN,TERNA_DOWNLOAD_CENTER_THERMOELECTRIC_HEAT_2024,Export-DownloadCenterFile-20260901-101113.xlsx,raw/terna/historical_2024/Terna_Thermoelectric_Heat_2024_RAW.xlsx,06a18e50214e6e5bd882819a1dde6ba1a0ee0457e0c6728727c12640a4e4a72c
TERNA2024_CHP_HEAT_0232,2024,01,Piemonte,Piemonte,002,Vercelli,Vercelli,NORD,Combustione interna con cogenerazione (CIC),INTERNAL_COMBUSTION_CHP,true,45.268852,45.268852,NUMBER,TYPED_NUMERIC_CELL,233,2,MULTIPLE_SOURCE_ROWS_RETAINED_FOR_AGGREGATION,TERNA_DOWNLOAD_CENTER_THERMOELECTRIC_HEAT_2024,Export-DownloadCenterFile-20260901-101113.xlsx,raw/terna/historical_2024/Terna_Thermoelectric_Heat_2024_RAW.xlsx,06a18e50214e6e5bd882819a1dde6ba1a0ee0457e0c6728727c12640a4e4a72c
TERNA2024_CHP_HEAT_0233,2024,01,Piemonte,Piemonte,002,Vercelli,Vercelli,NORD,Combustione interna con cogenerazione (CIC),INTERNAL_COMBUSTION_CHP,true,30.373907,30.373907,NUMBER,TYPED_NUMERIC_CELL,234,2,MULTIPLE_SOURCE_ROWS_RETAINED_FOR_AGGREGATION,TERNA_DOWNLOAD_CENTER_THERMOELECTRIC_HEAT_2024,Export-DownloadCenterFile-20260901-101113.xlsx,raw/terna/historical_2024/Terna_Thermoelectric_Heat_2024_RAW.xlsx,06a18e50214e6e5bd882819a1dde6ba1a0ee0457e0c6728727c12640a4e4a72c
TERNA2024_CHP_HEAT_0234,2024,01,Piemonte,Piemonte,002,Vercelli,Vercelli,NORD,Condensazione e spillamento (CSC),STEAM_EXTRACTION_CHP,true,95.37953,95.37953,NUMBER,TYPED_NUMERIC_CELL,235,1,UNIQUE_VISIBLE_GRAIN,TERNA_DOWNLOAD_CENTER_THERMOELECTRIC_HEAT_2024,Export-DownloadCenterFile-20260901-101113.xlsx,raw/terna/historical_2024/Terna_Thermoelectric_Heat_2024_RAW.xlsx,06a18e50214e6e5bd882819a1dde6ba1a0ee0457e0c6728727c12640a4e4a72c
TERNA2024_CHP_HEAT_0235,2024,01,Piemonte,Piemonte,002,Vercelli,Vercelli,NORD,Contropressione (CPC),STEAM_BACKPRESSURE_CHP,true,0,0,NUMBER,TYPED_NUMERIC_CELL,236,1,UNIQUE_VISIBLE_GRAIN,TERNA_DOWNLOAD_CENTER_THERMOELECTRIC_HEAT_2024,Export-DownloadCenterFile-20260901-101113.xlsx,raw/terna/historical_2024/Terna_Thermoelectric_Heat_2024_RAW.xlsx,06a18e50214e6e5bd882819a1dde6ba1a0ee0457e0c6728727c12640a4e4a72c
TERNA2024_CHP_HEAT_0236,2024,01,Piemonte,Piemonte,002,Vercelli,Vercelli,NORD,Turbine a gas con cogenerazione (TGC),GT_CHP,true,3.697469,3.697469,NUMBER,TYPED_NUMERIC_CELL,237,1,UNIQUE_VISIBLE_GRAIN,TERNA_DOWNLOAD_CENTER_THERMOELECTRIC_HEAT_2024,Export-DownloadCenterFile-20260901-101113.xlsx,raw/terna/historical_2024/Terna_Thermoelectric_Heat_2024_RAW.xlsx,06a18e50214e6e5bd882819a1dde6ba1a0ee0457e0c6728727c12640a4e4a72c
TERNA2024_CHP_HEAT_0237,2024,16,Puglia,Puglia,072,Bari,Bari,SUD,Combustione interna con cogenerazione (CIC),INTERNAL_COMBUSTION_CHP,true,77.48863,77.48863,NUMBER,TYPED_NUMERIC_CELL,238,2,MULTIPLE_SOURCE_ROWS_RETAINED_FOR_AGGREGATION,TERNA_DOWNLOAD_CENTER_THERMOELECTRIC_HEAT_2024,Export-DownloadCenterFile-20260901-101113.xlsx,raw/terna/historical_2024/Terna_Thermoelectric_Heat_2024_RAW.xlsx,06a18e50214e6e5bd882819a1dde6ba1a0ee0457e0c6728727c12640a4e4a72c
TERNA2024_CHP_HEAT_0238,2024,16,Puglia,Puglia,072,Bari,Bari,SUD,Combustione interna con cogenerazione (CIC),INTERNAL_COMBUSTION_CHP,true,89.65084,89.65084,NUMBER,TYPED_NUMERIC_CELL,239,2,MULTIPLE_SOURCE_ROWS_RETAINED_FOR_AGGREGATION,TERNA_DOWNLOAD_CENTER_THERMOELECTRIC_HEAT_2024,Export-DownloadCenterFile-20260901-101113.xlsx,raw/terna/historical_2024/Terna_Thermoelectric_Heat_2024_RAW.xlsx,06a18e50214e6e5bd882819a1dde6ba1a0ee0457e0c6728727c12640a4e4a72c
TERNA2024_CHP_HEAT_0239,2024,16,Puglia,Puglia,072,Bari,Bari,SUD,Turbine a gas con cogenerazione (TGC),GT_CHP,true,42.627655,42.627655,NUMBER,TYPED_NUMERIC_CELL,240,1,UNIQUE_VISIBLE_GRAIN,TERNA_DOWNLOAD_CENTER_THERMOELECTRIC_HEAT_2024,Export-DownloadCenterFile-20260901-101113.xlsx,raw/terna/historical_2024/Terna_Thermoelectric_Heat_2024_RAW.xlsx,06a18e50214e6e5bd882819a1dde6ba1a0ee0457e0c6728727c12640a4e4a72c
TERNA2024_CHP_HEAT_0240,2024,16,Puglia,Puglia,110,Barletta-Andria-Trani,Barletta-Andria-Trani,SUD,Combustione interna con cogenerazione (CIC),INTERNAL_COMBUSTION_CHP,true,4.24696,4.24696,NUMBER,TYPED_NUMERIC_CELL,241,1,UNIQUE_VISIBLE_GRAIN,TERNA_DOWNLOAD_CENTER_THERMOELECTRIC_HEAT_2024,Export-DownloadCenterFile-20260901-101113.xlsx,raw/terna/historical_2024/Terna_Thermoelectric_Heat_2024_RAW.xlsx,06a18e50214e6e5bd882819a1dde6ba1a0ee0457e0c6728727c12640a4e4a72c
TERNA2024_CHP_HEAT_0241,2024,16,Puglia,Puglia,110,Barletta-Andria-Trani,Barletta-Andria-Trani,SUD,Turbine a gas con cogenerazione (TGC),GT_CHP,true,12.878976,12.878976,NUMBER,TYPED_NUMERIC_CELL,242,1,UNIQUE_VISIBLE_GRAIN,TERNA_DOWNLOAD_CENTER_THERMOELECTRIC_HEAT_2024,Export-DownloadCenterFile-20260901-101113.xlsx,raw/terna/historical_2024/Terna_Thermoelectric_Heat_2024_RAW.xlsx,06a18e50214e6e5bd882819a1dde6ba1a0ee0457e0c6728727c12640a4e4a72c
TERNA2024_CHP_HEAT_0242,2024,16,Puglia,Puglia,074,Brindisi,Brindisi,SUD,Ciclo combinato con cogenerazione (CCC),CCGT_CHP,true,1.142055,1.142055,NUMBER,TYPED_NUMERIC_CELL,243,2,MULTIPLE_SOURCE_ROWS_RETAINED_FOR_AGGREGATION,TERNA_DOWNLOAD_CENTER_THERMOELECTRIC_HEAT_2024,Export-DownloadCenterFile-20260901-101113.xlsx,raw/terna/historical_2024/Terna_Thermoelectric_Heat_2024_RAW.xlsx,06a18e50214e6e5bd882819a1dde6ba1a0ee0457e0c6728727c12640a4e4a72c
TERNA2024_CHP_HEAT_0243,2024,16,Puglia,Puglia,074,Brindisi,Brindisi,SUD,Ciclo combinato con cogenerazione (CCC),CCGT_CHP,true,169.50356,169.50356,NUMBER,TYPED_NUMERIC_CELL,244,2,MULTIPLE_SOURCE_ROWS_RETAINED_FOR_AGGREGATION,TERNA_DOWNLOAD_CENTER_THERMOELECTRIC_HEAT_2024,Export-DownloadCenterFile-20260901-101113.xlsx,raw/terna/historical_2024/Terna_Thermoelectric_Heat_2024_RAW.xlsx,06a18e50214e6e5bd882819a1dde6ba1a0ee0457e0c6728727c12640a4e4a72c
TERNA2024_CHP_HEAT_0244,2024,16,Puglia,Puglia,074,Brindisi,Brindisi,SUD,Combustione interna con cogenerazione (CIC),INTERNAL_COMBUSTION_CHP,true,0,0,NUMBER,TYPED_NUMERIC_CELL,245,3,MULTIPLE_SOURCE_ROWS_RETAINED_FOR_AGGREGATION,TERNA_DOWNLOAD_CENTER_THERMOELECTRIC_HEAT_2024,Export-DownloadCenterFile-20260901-101113.xlsx,raw/terna/historical_2024/Terna_Thermoelectric_Heat_2024_RAW.xlsx,06a18e50214e6e5bd882819a1dde6ba1a0ee0457e0c6728727c12640a4e4a72c
TERNA2024_CHP_HEAT_0245,2024,16,Puglia,Puglia,074,Brindisi,Brindisi,SUD,Combustione interna con cogenerazione (CIC),INTERNAL_COMBUSTION_CHP,true,44.260853,44.260853,NUMBER,TYPED_NUMERIC_CELL,246,3,MULTIPLE_SOURCE_ROWS_RETAINED_FOR_AGGREGATION,TERNA_DOWNLOAD_CENTER_THERMOELECTRIC_HEAT_2024,Export-DownloadCenterFile-20260901-101113.xlsx,raw/terna/historical_2024/Terna_Thermoelectric_Heat_2024_RAW.xlsx,06a18e50214e6e5bd882819a1dde6ba1a0ee0457e0c6728727c12640a4e4a72c
TERNA2024_CHP_HEAT_0246,2024,16,Puglia,Puglia,074,Brindisi,Brindisi,SUD,Combustione interna con cogenerazione (CIC),INTERNAL_COMBUSTION_CHP,true,0,0,NUMBER,TYPED_NUMERIC_CELL,247,3,MULTIPLE_SOURCE_ROWS_RETAINED_FOR_AGGREGATION,TERNA_DOWNLOAD_CENTER_THERMOELECTRIC_HEAT_2024,Export-DownloadCenterFile-20260901-101113.xlsx,raw/terna/historical_2024/Terna_Thermoelectric_Heat_2024_RAW.xlsx,06a18e50214e6e5bd882819a1dde6ba1a0ee0457e0c6728727c12640a4e4a72c
TERNA2024_CHP_HEAT_0247,2024,16,Puglia,Puglia,074,Brindisi,Brindisi,SUD,Turbine a gas con cogenerazione (TGC),GT_CHP,true,19.189577,19.189577,NUMBER,TYPED_NUMERIC_CELL,248,1,UNIQUE_VISIBLE_GRAIN,TERNA_DOWNLOAD_CENTER_THERMOELECTRIC_HEAT_2024,Export-DownloadCenterFile-20260901-101113.xlsx,raw/terna/historical_2024/Terna_Thermoelectric_Heat_2024_RAW.xlsx,06a18e50214e6e5bd882819a1dde6ba1a0ee0457e0c6728727c12640a4e4a72c
TERNA2024_CHP_HEAT_0248,2024,16,Puglia,Puglia,071,Foggia,Foggia,SUD,Ciclo combinato con cogenerazione (CCC),CCGT_CHP,true,115.16562,115.16562,NUMBER,TYPED_NUMERIC_CELL,249,1,UNIQUE_VISIBLE_GRAIN,TERNA_DOWNLOAD_CENTER_THERMOELECTRIC_HEAT_2024,Export-DownloadCenterFile-20260901-101113.xlsx,raw/terna/historical_2024/Terna_Thermoelectric_Heat_2024_RAW.xlsx,06a18e50214e6e5bd882819a1dde6ba1a0ee0457e0c6728727c12640a4e4a72c
TERNA2024_CHP_HEAT_0249,2024,16,Puglia,Puglia,071,Foggia,Foggia,SUD,Combustione interna con cogenerazione (CIC),INTERNAL_COMBUSTION_CHP,true,14.55628,14.55628,NUMBER,TYPED_NUMERIC_CELL,250,2,MULTIPLE_SOURCE_ROWS_RETAINED_FOR_AGGREGATION,TERNA_DOWNLOAD_CENTER_THERMOELECTRIC_HEAT_2024,Export-DownloadCenterFile-20260901-101113.xlsx,raw/terna/historical_2024/Terna_Thermoelectric_Heat_2024_RAW.xlsx,06a18e50214e6e5bd882819a1dde6ba1a0ee0457e0c6728727c12640a4e4a72c
TERNA2024_CHP_HEAT_0250,2024,16,Puglia,Puglia,071,Foggia,Foggia,SUD,Combustione interna con cogenerazione (CIC),INTERNAL_COMBUSTION_CHP,true,8.059396,8.059396,NUMBER,TYPED_NUMERIC_CELL,251,2,MULTIPLE_SOURCE_ROWS_RETAINED_FOR_AGGREGATION,TERNA_DOWNLOAD_CENTER_THERMOELECTRIC_HEAT_2024,Export-DownloadCenterFile-20260901-101113.xlsx,raw/terna/historical_2024/Terna_Thermoelectric_Heat_2024_RAW.xlsx,06a18e50214e6e5bd882819a1dde6ba1a0ee0457e0c6728727c12640a4e4a72c
TERNA2024_CHP_HEAT_0251,2024,16,Puglia,Puglia,071,Foggia,Foggia,SUD,Condensazione e spillamento (CSC),STEAM_EXTRACTION_CHP,true,0,0,NUMBER,TYPED_NUMERIC_CELL,252,1,UNIQUE_VISIBLE_GRAIN,TERNA_DOWNLOAD_CENTER_THERMOELECTRIC_HEAT_2024,Export-DownloadCenterFile-20260901-101113.xlsx,raw/terna/historical_2024/Terna_Thermoelectric_Heat_2024_RAW.xlsx,06a18e50214e6e5bd882819a1dde6ba1a0ee0457e0c6728727c12640a4e4a72c
TERNA2024_CHP_HEAT_0252,2024,16,Puglia,Puglia,071,Foggia,Foggia,SUD,Turbine a gas con cogenerazione (TGC),GT_CHP,true,58.18694,58.18694,NUMBER,TYPED_NUMERIC_CELL,253,1,UNIQUE_VISIBLE_GRAIN,TERNA_DOWNLOAD_CENTER_THERMOELECTRIC_HEAT_2024,Export-DownloadCenterFile-20260901-101113.xlsx,raw/terna/historical_2024/Terna_Thermoelectric_Heat_2024_RAW.xlsx,06a18e50214e6e5bd882819a1dde6ba1a0ee0457e0c6728727c12640a4e4a72c
TERNA2024_CHP_HEAT_0253,2024,16,Puglia,Puglia,075,Lecce,Lecce,SUD,Combustione interna con cogenerazione (CIC),INTERNAL_COMBUSTION_CHP,true,7.812153,7.812153,NUMBER,TYPED_NUMERIC_CELL,254,2,MULTIPLE_SOURCE_ROWS_RETAINED_FOR_AGGREGATION,TERNA_DOWNLOAD_CENTER_THERMOELECTRIC_HEAT_2024,Export-DownloadCenterFile-20260901-101113.xlsx,raw/terna/historical_2024/Terna_Thermoelectric_Heat_2024_RAW.xlsx,06a18e50214e6e5bd882819a1dde6ba1a0ee0457e0c6728727c12640a4e4a72c
TERNA2024_CHP_HEAT_0254,2024,16,Puglia,Puglia,075,Lecce,Lecce,SUD,Combustione interna con cogenerazione (CIC),INTERNAL_COMBUSTION_CHP,true,5.052484,5.052484,NUMBER,TYPED_NUMERIC_CELL,255,2,MULTIPLE_SOURCE_ROWS_RETAINED_FOR_AGGREGATION,TERNA_DOWNLOAD_CENTER_THERMOELECTRIC_HEAT_2024,Export-DownloadCenterFile-20260901-101113.xlsx,raw/terna/historical_2024/Terna_Thermoelectric_Heat_2024_RAW.xlsx,06a18e50214e6e5bd882819a1dde6ba1a0ee0457e0c6728727c12640a4e4a72c
TERNA2024_CHP_HEAT_0255,2024,16,Puglia,Puglia,075,Lecce,Lecce,SUD,Condensazione e spillamento (CSC),STEAM_EXTRACTION_CHP,true,0,0,NUMBER,TYPED_NUMERIC_CELL,256,1,UNIQUE_VISIBLE_GRAIN,TERNA_DOWNLOAD_CENTER_THERMOELECTRIC_HEAT_2024,Export-DownloadCenterFile-20260901-101113.xlsx,raw/terna/historical_2024/Terna_Thermoelectric_Heat_2024_RAW.xlsx,06a18e50214e6e5bd882819a1dde6ba1a0ee0457e0c6728727c12640a4e4a72c
TERNA2024_CHP_HEAT_0256,2024,16,Puglia,Puglia,073,Taranto,Taranto,SUD,Celle combustibili con cogenerazione (CEC),FUEL_CELL_CHP,true,0,0,NUMBER,TYPED_NUMERIC_CELL,257,1,UNIQUE_VISIBLE_GRAIN,TERNA_DOWNLOAD_CENTER_THERMOELECTRIC_HEAT_2024,Export-DownloadCenterFile-20260901-101113.xlsx,raw/terna/historical_2024/Terna_Thermoelectric_Heat_2024_RAW.xlsx,06a18e50214e6e5bd882819a1dde6ba1a0ee0457e0c6728727c12640a4e4a72c
TERNA2024_CHP_HEAT_0257,2024,16,Puglia,Puglia,073,Taranto,Taranto,SUD,Ciclo combinato con cogenerazione (CCC),CCGT_CHP,true,138.16858,138.16858,NUMBER,TYPED_NUMERIC_CELL,258,3,MULTIPLE_SOURCE_ROWS_RETAINED_FOR_AGGREGATION,TERNA_DOWNLOAD_CENTER_THERMOELECTRIC_HEAT_2024,Export-DownloadCenterFile-20260901-101113.xlsx,raw/terna/historical_2024/Terna_Thermoelectric_Heat_2024_RAW.xlsx,06a18e50214e6e5bd882819a1dde6ba1a0ee0457e0c6728727c12640a4e4a72c
TERNA2024_CHP_HEAT_0258,2024,16,Puglia,Puglia,073,Taranto,Taranto,SUD,Ciclo combinato con cogenerazione (CCC),CCGT_CHP,true,329.16653,329.16653,NUMBER,TYPED_NUMERIC_CELL,259,3,MULTIPLE_SOURCE_ROWS_RETAINED_FOR_AGGREGATION,TERNA_DOWNLOAD_CENTER_THERMOELECTRIC_HEAT_2024,Export-DownloadCenterFile-20260901-101113.xlsx,raw/terna/historical_2024/Terna_Thermoelectric_Heat_2024_RAW.xlsx,06a18e50214e6e5bd882819a1dde6ba1a0ee0457e0c6728727c12640a4e4a72c
TERNA2024_CHP_HEAT_0259,2024,16,Puglia,Puglia,073,Taranto,Taranto,SUD,Ciclo combinato con cogenerazione (CCC),CCGT_CHP,true,439.0951,439.0951,NUMBER,TYPED_NUMERIC_CELL,260,3,MULTIPLE_SOURCE_ROWS_RETAINED_FOR_AGGREGATION,TERNA_DOWNLOAD_CENTER_THERMOELECTRIC_HEAT_2024,Export-DownloadCenterFile-20260901-101113.xlsx,raw/terna/historical_2024/Terna_Thermoelectric_Heat_2024_RAW.xlsx,06a18e50214e6e5bd882819a1dde6ba1a0ee0457e0c6728727c12640a4e4a72c
TERNA2024_CHP_HEAT_0260,2024,16,Puglia,Puglia,073,Taranto,Taranto,SUD,Combustione interna con cogenerazione (CIC),INTERNAL_COMBUSTION_CHP,true,10.000817,10.000817,NUMBER,TYPED_NUMERIC_CELL,261,2,MULTIPLE_SOURCE_ROWS_RETAINED_FOR_AGGREGATION,TERNA_DOWNLOAD_CENTER_THERMOELECTRIC_HEAT_2024,Export-DownloadCenterFile-20260901-101113.xlsx,raw/terna/historical_2024/Terna_Thermoelectric_Heat_2024_RAW.xlsx,06a18e50214e6e5bd882819a1dde6ba1a0ee0457e0c6728727c12640a4e4a72c
TERNA2024_CHP_HEAT_0261,2024,16,Puglia,Puglia,073,Taranto,Taranto,SUD,Combustione interna con cogenerazione (CIC),INTERNAL_COMBUSTION_CHP,true,0.313594,0.313594,NUMBER,TYPED_NUMERIC_CELL,262,2,MULTIPLE_SOURCE_ROWS_RETAINED_FOR_AGGREGATION,TERNA_DOWNLOAD_CENTER_THERMOELECTRIC_HEAT_2024,Export-DownloadCenterFile-20260901-101113.xlsx,raw/terna/historical_2024/Terna_Thermoelectric_Heat_2024_RAW.xlsx,06a18e50214e6e5bd882819a1dde6ba1a0ee0457e0c6728727c12640a4e4a72c
TERNA2024_CHP_HEAT_0262,2024,16,Puglia,Puglia,073,Taranto,Taranto,SUD,Condensazione e spillamento (CSC),STEAM_EXTRACTION_CHP,true,188.38994,188.38994,NUMBER,TYPED_NUMERIC_CELL,263,3,MULTIPLE_SOURCE_ROWS_RETAINED_FOR_AGGREGATION,TERNA_DOWNLOAD_CENTER_THERMOELECTRIC_HEAT_2024,Export-DownloadCenterFile-20260901-101113.xlsx,raw/terna/historical_2024/Terna_Thermoelectric_Heat_2024_RAW.xlsx,06a18e50214e6e5bd882819a1dde6ba1a0ee0457e0c6728727c12640a4e4a72c
TERNA2024_CHP_HEAT_0263,2024,16,Puglia,Puglia,073,Taranto,Taranto,SUD,Condensazione e spillamento (CSC),STEAM_EXTRACTION_CHP,true,329.81384,329.81384,NUMBER,TYPED_NUMERIC_CELL,264,3,MULTIPLE_SOURCE_ROWS_RETAINED_FOR_AGGREGATION,TERNA_DOWNLOAD_CENTER_THERMOELECTRIC_HEAT_2024,Export-DownloadCenterFile-20260901-101113.xlsx,raw/terna/historical_2024/Terna_Thermoelectric_Heat_2024_RAW.xlsx,06a18e50214e6e5bd882819a1dde6ba1a0ee0457e0c6728727c12640a4e4a72c
TERNA2024_CHP_HEAT_0264,2024,16,Puglia,Puglia,073,Taranto,Taranto,SUD,Condensazione e spillamento (CSC),STEAM_EXTRACTION_CHP,true,0,0,NUMBER,TYPED_NUMERIC_CELL,265,3,MULTIPLE_SOURCE_ROWS_RETAINED_FOR_AGGREGATION,TERNA_DOWNLOAD_CENTER_THERMOELECTRIC_HEAT_2024,Export-DownloadCenterFile-20260901-101113.xlsx,raw/terna/historical_2024/Terna_Thermoelectric_Heat_2024_RAW.xlsx,06a18e50214e6e5bd882819a1dde6ba1a0ee0457e0c6728727c12640a4e4a72c
TERNA2024_CHP_HEAT_0265,2024,16,Puglia,Puglia,073,Taranto,Taranto,SUD,Contropressione (CPC),STEAM_BACKPRESSURE_CHP,true,553.43036,553.43036,NUMBER,TYPED_NUMERIC_CELL,266,1,UNIQUE_VISIBLE_GRAIN,TERNA_DOWNLOAD_CENTER_THERMOELECTRIC_HEAT_2024,Export-DownloadCenterFile-20260901-101113.xlsx,raw/terna/historical_2024/Terna_Thermoelectric_Heat_2024_RAW.xlsx,06a18e50214e6e5bd882819a1dde6ba1a0ee0457e0c6728727c12640a4e4a72c
TERNA2024_CHP_HEAT_0266,2024,20,Sardegna,Sardegna,092,Cagliari,Cagliari,SARD,Ciclo combinato con cogenerazione (CCC),CCGT_CHP,true,1418.8353,1418.8353,NUMBER,TYPED_NUMERIC_CELL,267,2,MULTIPLE_SOURCE_ROWS_RETAINED_FOR_AGGREGATION,TERNA_DOWNLOAD_CENTER_THERMOELECTRIC_HEAT_2024,Export-DownloadCenterFile-20260901-101113.xlsx,raw/terna/historical_2024/Terna_Thermoelectric_Heat_2024_RAW.xlsx,06a18e50214e6e5bd882819a1dde6ba1a0ee0457e0c6728727c12640a4e4a72c
TERNA2024_CHP_HEAT_0267,2024,20,Sardegna,Sardegna,092,Cagliari,Cagliari,SARD,Ciclo combinato con cogenerazione (CCC),CCGT_CHP,true,6.86784,6.86784,NUMBER,TYPED_NUMERIC_CELL,268,2,MULTIPLE_SOURCE_ROWS_RETAINED_FOR_AGGREGATION,TERNA_DOWNLOAD_CENTER_THERMOELECTRIC_HEAT_2024,Export-DownloadCenterFile-20260901-101113.xlsx,raw/terna/historical_2024/Terna_Thermoelectric_Heat_2024_RAW.xlsx,06a18e50214e6e5bd882819a1dde6ba1a0ee0457e0c6728727c12640a4e4a72c
TERNA2024_CHP_HEAT_0268,2024,20,Sardegna,Sardegna,092,Cagliari,Cagliari,SARD,Combustione interna con cogenerazione (CIC),INTERNAL_COMBUSTION_CHP,true,0,0,NUMBER,TYPED_NUMERIC_CELL,269,1,UNIQUE_VISIBLE_GRAIN,TERNA_DOWNLOAD_CENTER_THERMOELECTRIC_HEAT_2024,Export-DownloadCenterFile-20260901-101113.xlsx,raw/terna/historical_2024/Terna_Thermoelectric_Heat_2024_RAW.xlsx,06a18e50214e6e5bd882819a1dde6ba1a0ee0457e0c6728727c12640a4e4a72c
TERNA2024_CHP_HEAT_0269,2024,20,Sardegna,Sardegna,092,Cagliari,Cagliari,SARD,Condensazione e spillamento (CSC),STEAM_EXTRACTION_CHP,true,16.310732,16.310732,NUMBER,TYPED_NUMERIC_CELL,270,2,MULTIPLE_SOURCE_ROWS_RETAINED_FOR_AGGREGATION,TERNA_DOWNLOAD_CENTER_THERMOELECTRIC_HEAT_2024,Export-DownloadCenterFile-20260901-101113.xlsx,raw/terna/historical_2024/Terna_Thermoelectric_Heat_2024_RAW.xlsx,06a18e50214e6e5bd882819a1dde6ba1a0ee0457e0c6728727c12640a4e4a72c
TERNA2024_CHP_HEAT_0270,2024,20,Sardegna,Sardegna,092,Cagliari,Cagliari,SARD,Condensazione e spillamento (CSC),STEAM_EXTRACTION_CHP,true,729.10095,729.10095,NUMBER,TYPED_NUMERIC_CELL,271,2,MULTIPLE_SOURCE_ROWS_RETAINED_FOR_AGGREGATION,TERNA_DOWNLOAD_CENTER_THERMOELECTRIC_HEAT_2024,Export-DownloadCenterFile-20260901-101113.xlsx,raw/terna/historical_2024/Terna_Thermoelectric_Heat_2024_RAW.xlsx,06a18e50214e6e5bd882819a1dde6ba1a0ee0457e0c6728727c12640a4e4a72c
TERNA2024_CHP_HEAT_0271,2024,20,Sardegna,Sardegna,092,Cagliari,Cagliari,SARD,Contropressione (CPC),STEAM_BACKPRESSURE_CHP,true,365.54932,365.54932,NUMBER,TYPED_NUMERIC_CELL,272,1,UNIQUE_VISIBLE_GRAIN,TERNA_DOWNLOAD_CENTER_THERMOELECTRIC_HEAT_2024,Export-DownloadCenterFile-20260901-101113.xlsx,raw/terna/historical_2024/Terna_Thermoelectric_Heat_2024_RAW.xlsx,06a18e50214e6e5bd882819a1dde6ba1a0ee0457e0c6728727c12640a4e4a72c
TERNA2024_CHP_HEAT_0272,2024,20,Sardegna,Sardegna,091,Nuoro,Nuoro,SARD,Combustione interna con cogenerazione (CIC),INTERNAL_COMBUSTION_CHP,true,0,0,NUMBER,TYPED_NUMERIC_CELL,273,2,MULTIPLE_SOURCE_ROWS_RETAINED_FOR_AGGREGATION,TERNA_DOWNLOAD_CENTER_THERMOELECTRIC_HEAT_2024,Export-DownloadCenterFile-20260901-101113.xlsx,raw/terna/historical_2024/Terna_Thermoelectric_Heat_2024_RAW.xlsx,06a18e50214e6e5bd882819a1dde6ba1a0ee0457e0c6728727c12640a4e4a72c
TERNA2024_CHP_HEAT_0273,2024,20,Sardegna,Sardegna,091,Nuoro,Nuoro,SARD,Combustione interna con cogenerazione (CIC),INTERNAL_COMBUSTION_CHP,true,0,0,NUMBER,TYPED_NUMERIC_CELL,274,2,MULTIPLE_SOURCE_ROWS_RETAINED_FOR_AGGREGATION,TERNA_DOWNLOAD_CENTER_THERMOELECTRIC_HEAT_2024,Export-DownloadCenterFile-20260901-101113.xlsx,raw/terna/historical_2024/Terna_Thermoelectric_Heat_2024_RAW.xlsx,06a18e50214e6e5bd882819a1dde6ba1a0ee0457e0c6728727c12640a4e4a72c
TERNA2024_CHP_HEAT_0274,2024,20,Sardegna,Sardegna,091,Nuoro,Nuoro,SARD,Condensazione e spillamento (CSC),STEAM_EXTRACTION_CHP,true,0,0,NUMBER,TYPED_NUMERIC_CELL,275,1,UNIQUE_VISIBLE_GRAIN,TERNA_DOWNLOAD_CENTER_THERMOELECTRIC_HEAT_2024,Export-DownloadCenterFile-20260901-101113.xlsx,raw/terna/historical_2024/Terna_Thermoelectric_Heat_2024_RAW.xlsx,06a18e50214e6e5bd882819a1dde6ba1a0ee0457e0c6728727c12640a4e4a72c
TERNA2024_CHP_HEAT_0275,2024,20,Sardegna,Sardegna,095,Oristano,Oristano,SARD,Combustione interna con cogenerazione (CIC),INTERNAL_COMBUSTION_CHP,true,8.466889,8.466889,NUMBER,TYPED_NUMERIC_CELL,276,2,MULTIPLE_SOURCE_ROWS_RETAINED_FOR_AGGREGATION,TERNA_DOWNLOAD_CENTER_THERMOELECTRIC_HEAT_2024,Export-DownloadCenterFile-20260901-101113.xlsx,raw/terna/historical_2024/Terna_Thermoelectric_Heat_2024_RAW.xlsx,06a18e50214e6e5bd882819a1dde6ba1a0ee0457e0c6728727c12640a4e4a72c
TERNA2024_CHP_HEAT_0276,2024,20,Sardegna,Sardegna,095,Oristano,Oristano,SARD,Combustione interna con cogenerazione (CIC),INTERNAL_COMBUSTION_CHP,true,0.501148,0.501148,NUMBER,TYPED_NUMERIC_CELL,277,2,MULTIPLE_SOURCE_ROWS_RETAINED_FOR_AGGREGATION,TERNA_DOWNLOAD_CENTER_THERMOELECTRIC_HEAT_2024,Export-DownloadCenterFile-20260901-101113.xlsx,raw/terna/historical_2024/Terna_Thermoelectric_Heat_2024_RAW.xlsx,06a18e50214e6e5bd882819a1dde6ba1a0ee0457e0c6728727c12640a4e4a72c
TERNA2024_CHP_HEAT_0277,2024,20,Sardegna,Sardegna,090,Sassari,Sassari,SARD,Combustione interna con cogenerazione (CIC),INTERNAL_COMBUSTION_CHP,true,5.465603,5.465603,NUMBER,TYPED_NUMERIC_CELL,278,2,MULTIPLE_SOURCE_ROWS_RETAINED_FOR_AGGREGATION,TERNA_DOWNLOAD_CENTER_THERMOELECTRIC_HEAT_2024,Export-DownloadCenterFile-20260901-101113.xlsx,raw/terna/historical_2024/Terna_Thermoelectric_Heat_2024_RAW.xlsx,06a18e50214e6e5bd882819a1dde6ba1a0ee0457e0c6728727c12640a4e4a72c
TERNA2024_CHP_HEAT_0278,2024,20,Sardegna,Sardegna,090,Sassari,Sassari,SARD,Combustione interna con cogenerazione (CIC),INTERNAL_COMBUSTION_CHP,true,4.70057,4.70057,NUMBER,TYPED_NUMERIC_CELL,279,2,MULTIPLE_SOURCE_ROWS_RETAINED_FOR_AGGREGATION,TERNA_DOWNLOAD_CENTER_THERMOELECTRIC_HEAT_2024,Export-DownloadCenterFile-20260901-101113.xlsx,raw/terna/historical_2024/Terna_Thermoelectric_Heat_2024_RAW.xlsx,06a18e50214e6e5bd882819a1dde6ba1a0ee0457e0c6728727c12640a4e4a72c
TERNA2024_CHP_HEAT_0279,2024,20,Sardegna,Sardegna,111,Sud Sardegna,Sud Sardegna,SARD,Combustione interna con cogenerazione (CIC),INTERNAL_COMBUSTION_CHP,true,10.790534,10.790534,NUMBER,TYPED_NUMERIC_CELL,280,1,UNIQUE_VISIBLE_GRAIN,TERNA_DOWNLOAD_CENTER_THERMOELECTRIC_HEAT_2024,Export-DownloadCenterFile-20260901-101113.xlsx,raw/terna/historical_2024/Terna_Thermoelectric_Heat_2024_RAW.xlsx,06a18e50214e6e5bd882819a1dde6ba1a0ee0457e0c6728727c12640a4e4a72c
TERNA2024_CHP_HEAT_0280,2024,19,Sicilia,Sicilia,084,Agrigento,Agrigento,SICI,Combustione interna con cogenerazione (CIC),INTERNAL_COMBUSTION_CHP,true,0,0,NUMBER,TYPED_NUMERIC_CELL,281,1,UNIQUE_VISIBLE_GRAIN,TERNA_DOWNLOAD_CENTER_THERMOELECTRIC_HEAT_2024,Export-DownloadCenterFile-20260901-101113.xlsx,raw/terna/historical_2024/Terna_Thermoelectric_Heat_2024_RAW.xlsx,06a18e50214e6e5bd882819a1dde6ba1a0ee0457e0c6728727c12640a4e4a72c
TERNA2024_CHP_HEAT_0281,2024,19,Sicilia,Sicilia,085,Caltanissetta,Caltanissetta,SICI,Combustione interna con cogenerazione (CIC),INTERNAL_COMBUSTION_CHP,true,11.294619,11.294619,NUMBER,TYPED_NUMERIC_CELL,282,2,MULTIPLE_SOURCE_ROWS_RETAINED_FOR_AGGREGATION,TERNA_DOWNLOAD_CENTER_THERMOELECTRIC_HEAT_2024,Export-DownloadCenterFile-20260901-101113.xlsx,raw/terna/historical_2024/Terna_Thermoelectric_Heat_2024_RAW.xlsx,06a18e50214e6e5bd882819a1dde6ba1a0ee0457e0c6728727c12640a4e4a72c
TERNA2024_CHP_HEAT_0282,2024,19,Sicilia,Sicilia,085,Caltanissetta,Caltanissetta,SICI,Combustione interna con cogenerazione (CIC),INTERNAL_COMBUSTION_CHP,true,0,0,NUMBER,TYPED_NUMERIC_CELL,283,2,MULTIPLE_SOURCE_ROWS_RETAINED_FOR_AGGREGATION,TERNA_DOWNLOAD_CENTER_THERMOELECTRIC_HEAT_2024,Export-DownloadCenterFile-20260901-101113.xlsx,raw/terna/historical_2024/Terna_Thermoelectric_Heat_2024_RAW.xlsx,06a18e50214e6e5bd882819a1dde6ba1a0ee0457e0c6728727c12640a4e4a72c
TERNA2024_CHP_HEAT_0283,2024,19,Sicilia,Sicilia,087,Catania,Catania,SICI,Combustione interna con cogenerazione (CIC),INTERNAL_COMBUSTION_CHP,true,20.617365,20.617365,NUMBER,TYPED_NUMERIC_CELL,284,2,MULTIPLE_SOURCE_ROWS_RETAINED_FOR_AGGREGATION,TERNA_DOWNLOAD_CENTER_THERMOELECTRIC_HEAT_2024,Export-DownloadCenterFile-20260901-101113.xlsx,raw/terna/historical_2024/Terna_Thermoelectric_Heat_2024_RAW.xlsx,06a18e50214e6e5bd882819a1dde6ba1a0ee0457e0c6728727c12640a4e4a72c
TERNA2024_CHP_HEAT_0284,2024,19,Sicilia,Sicilia,087,Catania,Catania,SICI,Turbine a gas con cogenerazione (TGC),GT_CHP,true,0.774358,0.774358,NUMBER,TYPED_NUMERIC_CELL,285,1,UNIQUE_VISIBLE_GRAIN,TERNA_DOWNLOAD_CENTER_THERMOELECTRIC_HEAT_2024,Export-DownloadCenterFile-20260901-101113.xlsx,raw/terna/historical_2024/Terna_Thermoelectric_Heat_2024_RAW.xlsx,06a18e50214e6e5bd882819a1dde6ba1a0ee0457e0c6728727c12640a4e4a72c
TERNA2024_CHP_HEAT_0285,2024,19,Sicilia,Sicilia,087,Catania,Catania,SICI,Combustione interna con cogenerazione (CIC),INTERNAL_COMBUSTION_CHP,true,0,0,NUMBER,TYPED_NUMERIC_CELL,286,2,MULTIPLE_SOURCE_ROWS_RETAINED_FOR_AGGREGATION,TERNA_DOWNLOAD_CENTER_THERMOELECTRIC_HEAT_2024,Export-DownloadCenterFile-20260901-101113.xlsx,raw/terna/historical_2024/Terna_Thermoelectric_Heat_2024_RAW.xlsx,06a18e50214e6e5bd882819a1dde6ba1a0ee0457e0c6728727c12640a4e4a72c
TERNA2024_CHP_HEAT_0286,2024,19,Sicilia,Sicilia,086,Enna,Enna,SICI,Combustione interna con cogenerazione (CIC),INTERNAL_COMBUSTION_CHP,true,0.409073,0.409073,NUMBER,TYPED_NUMERIC_CELL,287,2,MULTIPLE_SOURCE_ROWS_RETAINED_FOR_AGGREGATION,TERNA_DOWNLOAD_CENTER_THERMOELECTRIC_HEAT_2024,Export-DownloadCenterFile-20260901-101113.xlsx,raw/terna/historical_2024/Terna_Thermoelectric_Heat_2024_RAW.xlsx,06a18e50214e6e5bd882819a1dde6ba1a0ee0457e0c6728727c12640a4e4a72c
TERNA2024_CHP_HEAT_0287,2024,19,Sicilia,Sicilia,086,Enna,Enna,SICI,Combustione interna con cogenerazione (CIC),INTERNAL_COMBUSTION_CHP,true,10.738518,10.738518,NUMBER,TYPED_NUMERIC_CELL,288,2,MULTIPLE_SOURCE_ROWS_RETAINED_FOR_AGGREGATION,TERNA_DOWNLOAD_CENTER_THERMOELECTRIC_HEAT_2024,Export-DownloadCenterFile-20260901-101113.xlsx,raw/terna/historical_2024/Terna_Thermoelectric_Heat_2024_RAW.xlsx,06a18e50214e6e5bd882819a1dde6ba1a0ee0457e0c6728727c12640a4e4a72c
TERNA2024_CHP_HEAT_0288,2024,19,Sicilia,Sicilia,086,Enna,Enna,SICI,Condensazione e spillamento (CSC),STEAM_EXTRACTION_CHP,true,15.178322,15.178322,NUMBER,TYPED_NUMERIC_CELL,289,1,UNIQUE_VISIBLE_GRAIN,TERNA_DOWNLOAD_CENTER_THERMOELECTRIC_HEAT_2024,Export-DownloadCenterFile-20260901-101113.xlsx,raw/terna/historical_2024/Terna_Thermoelectric_Heat_2024_RAW.xlsx,06a18e50214e6e5bd882819a1dde6ba1a0ee0457e0c6728727c12640a4e4a72c
TERNA2024_CHP_HEAT_0289,2024,19,Sicilia,Sicilia,083,Messina,Messina,SICI,Ciclo combinato con cogenerazione (CCC),CCGT_CHP,true,638.3222,638.3222,NUMBER,TYPED_NUMERIC_CELL,290,2,MULTIPLE_SOURCE_ROWS_RETAINED_FOR_AGGREGATION,TERNA_DOWNLOAD_CENTER_THERMOELECTRIC_HEAT_2024,Export-DownloadCenterFile-20260901-101113.xlsx,raw/terna/historical_2024/Terna_Thermoelectric_Heat_2024_RAW.xlsx,06a18e50214e6e5bd882819a1dde6ba1a0ee0457e0c6728727c12640a4e4a72c
TERNA2024_CHP_HEAT_0290,2024,19,Sicilia,Sicilia,083,Messina,Messina,SICI,Ciclo combinato con cogenerazione (CCC),CCGT_CHP,true,947.0526,947.0526,NUMBER,TYPED_NUMERIC_CELL,291,2,MULTIPLE_SOURCE_ROWS_RETAINED_FOR_AGGREGATION,TERNA_DOWNLOAD_CENTER_THERMOELECTRIC_HEAT_2024,Export-DownloadCenterFile-20260901-101113.xlsx,raw/terna/historical_2024/Terna_Thermoelectric_Heat_2024_RAW.xlsx,06a18e50214e6e5bd882819a1dde6ba1a0ee0457e0c6728727c12640a4e4a72c
TERNA2024_CHP_HEAT_0291,2024,19,Sicilia,Sicilia,083,Messina,Messina,SICI,Combustione interna con cogenerazione (CIC),INTERNAL_COMBUSTION_CHP,true,0,0,NUMBER,TYPED_NUMERIC_CELL,292,2,MULTIPLE_SOURCE_ROWS_RETAINED_FOR_AGGREGATION,TERNA_DOWNLOAD_CENTER_THERMOELECTRIC_HEAT_2024,Export-DownloadCenterFile-20260901-101113.xlsx,raw/terna/historical_2024/Terna_Thermoelectric_Heat_2024_RAW.xlsx,06a18e50214e6e5bd882819a1dde6ba1a0ee0457e0c6728727c12640a4e4a72c
TERNA2024_CHP_HEAT_0292,2024,19,Sicilia,Sicilia,083,Messina,Messina,SICI,Combustione interna con cogenerazione (CIC),INTERNAL_COMBUSTION_CHP,true,15.978946,15.978946,NUMBER,TYPED_NUMERIC_CELL,293,2,MULTIPLE_SOURCE_ROWS_RETAINED_FOR_AGGREGATION,TERNA_DOWNLOAD_CENTER_THERMOELECTRIC_HEAT_2024,Export-DownloadCenterFile-20260901-101113.xlsx,raw/terna/historical_2024/Terna_Thermoelectric_Heat_2024_RAW.xlsx,06a18e50214e6e5bd882819a1dde6ba1a0ee0457e0c6728727c12640a4e4a72c
TERNA2024_CHP_HEAT_0293,2024,19,Sicilia,Sicilia,083,Messina,Messina,SICI,Turbine a gas con cogenerazione (TGC),GT_CHP,true,0,0,NUMBER,TYPED_NUMERIC_CELL,294,1,UNIQUE_VISIBLE_GRAIN,TERNA_DOWNLOAD_CENTER_THERMOELECTRIC_HEAT_2024,Export-DownloadCenterFile-20260901-101113.xlsx,raw/terna/historical_2024/Terna_Thermoelectric_Heat_2024_RAW.xlsx,06a18e50214e6e5bd882819a1dde6ba1a0ee0457e0c6728727c12640a4e4a72c
TERNA2024_CHP_HEAT_0294,2024,19,Sicilia,Sicilia,082,Palermo,Palermo,SICI,Combustione interna con cogenerazione (CIC),INTERNAL_COMBUSTION_CHP,true,0.348434,0.348434,NUMBER,TYPED_NUMERIC_CELL,295,2,MULTIPLE_SOURCE_ROWS_RETAINED_FOR_AGGREGATION,TERNA_DOWNLOAD_CENTER_THERMOELECTRIC_HEAT_2024,Export-DownloadCenterFile-20260901-101113.xlsx,raw/terna/historical_2024/Terna_Thermoelectric_Heat_2024_RAW.xlsx,06a18e50214e6e5bd882819a1dde6ba1a0ee0457e0c6728727c12640a4e4a72c
TERNA2024_CHP_HEAT_0295,2024,19,Sicilia,Sicilia,082,Palermo,Palermo,SICI,Combustione interna con cogenerazione (CIC),INTERNAL_COMBUSTION_CHP,true,10.257817,10.257817,NUMBER,TYPED_NUMERIC_CELL,296,2,MULTIPLE_SOURCE_ROWS_RETAINED_FOR_AGGREGATION,TERNA_DOWNLOAD_CENTER_THERMOELECTRIC_HEAT_2024,Export-DownloadCenterFile-20260901-101113.xlsx,raw/terna/historical_2024/Terna_Thermoelectric_Heat_2024_RAW.xlsx,06a18e50214e6e5bd882819a1dde6ba1a0ee0457e0c6728727c12640a4e4a72c
TERNA2024_CHP_HEAT_0296,2024,19,Sicilia,Sicilia,082,Palermo,Palermo,SICI,Turbine a gas con cogenerazione (TGC),GT_CHP,true,0.034206,0.034206,NUMBER,TYPED_NUMERIC_CELL,297,1,UNIQUE_VISIBLE_GRAIN,TERNA_DOWNLOAD_CENTER_THERMOELECTRIC_HEAT_2024,Export-DownloadCenterFile-20260901-101113.xlsx,raw/terna/historical_2024/Terna_Thermoelectric_Heat_2024_RAW.xlsx,06a18e50214e6e5bd882819a1dde6ba1a0ee0457e0c6728727c12640a4e4a72c
TERNA2024_CHP_HEAT_0297,2024,19,Sicilia,Sicilia,088,Ragusa,Ragusa,SICI,Combustione interna con cogenerazione (CIC),INTERNAL_COMBUSTION_CHP,true,5.753994,5.753994,NUMBER,TYPED_NUMERIC_CELL,298,3,MULTIPLE_SOURCE_ROWS_RETAINED_FOR_AGGREGATION,TERNA_DOWNLOAD_CENTER_THERMOELECTRIC_HEAT_2024,Export-DownloadCenterFile-20260901-101113.xlsx,raw/terna/historical_2024/Terna_Thermoelectric_Heat_2024_RAW.xlsx,06a18e50214e6e5bd882819a1dde6ba1a0ee0457e0c6728727c12640a4e4a72c
TERNA2024_CHP_HEAT_0298,2024,19,Sicilia,Sicilia,088,Ragusa,Ragusa,SICI,Combustione interna con cogenerazione (CIC),INTERNAL_COMBUSTION_CHP,true,9.486092,9.486092,NUMBER,TYPED_NUMERIC_CELL,299,3,MULTIPLE_SOURCE_ROWS_RETAINED_FOR_AGGREGATION,TERNA_DOWNLOAD_CENTER_THERMOELECTRIC_HEAT_2024,Export-DownloadCenterFile-20260901-101113.xlsx,raw/terna/historical_2024/Terna_Thermoelectric_Heat_2024_RAW.xlsx,06a18e50214e6e5bd882819a1dde6ba1a0ee0457e0c6728727c12640a4e4a72c
TERNA2024_CHP_HEAT_0299,2024,19,Sicilia,Sicilia,088,Ragusa,Ragusa,SICI,Combustione interna con cogenerazione (CIC),INTERNAL_COMBUSTION_CHP,true,2.285364,2.285364,NUMBER,TYPED_NUMERIC_CELL,300,3,MULTIPLE_SOURCE_ROWS_RETAINED_FOR_AGGREGATION,TERNA_DOWNLOAD_CENTER_THERMOELECTRIC_HEAT_2024,Export-DownloadCenterFile-20260901-101113.xlsx,raw/terna/historical_2024/Terna_Thermoelectric_Heat_2024_RAW.xlsx,06a18e50214e6e5bd882819a1dde6ba1a0ee0457e0c6728727c12640a4e4a72c
TERNA2024_CHP_HEAT_0300,2024,19,Sicilia,Sicilia,088,Ragusa,Ragusa,SICI,Turbine a gas con cogenerazione (TGC),GT_CHP,true,0.2237,0.2237,NUMBER,TYPED_NUMERIC_CELL,301,1,UNIQUE_VISIBLE_GRAIN,TERNA_DOWNLOAD_CENTER_THERMOELECTRIC_HEAT_2024,Export-DownloadCenterFile-20260901-101113.xlsx,raw/terna/historical_2024/Terna_Thermoelectric_Heat_2024_RAW.xlsx,06a18e50214e6e5bd882819a1dde6ba1a0ee0457e0c6728727c12640a4e4a72c
TERNA2024_CHP_HEAT_0301,2024,19,Sicilia,Sicilia,089,Siracusa,Siracusa,SICI,Ciclo combinato con cogenerazione (CCC),CCGT_CHP,true,355.37616,355.37616,NUMBER,TYPED_NUMERIC_CELL,302,3,MULTIPLE_SOURCE_ROWS_RETAINED_FOR_AGGREGATION,TERNA_DOWNLOAD_CENTER_THERMOELECTRIC_HEAT_2024,Export-DownloadCenterFile-20260901-101113.xlsx,raw/terna/historical_2024/Terna_Thermoelectric_Heat_2024_RAW.xlsx,06a18e50214e6e5bd882819a1dde6ba1a0ee0457e0c6728727c12640a4e4a72c
TERNA2024_CHP_HEAT_0302,2024,19,Sicilia,Sicilia,089,Siracusa,Siracusa,SICI,Ciclo combinato con cogenerazione (CCC),CCGT_CHP,true,1361.9867,1361.9867,NUMBER,TYPED_NUMERIC_CELL,303,3,MULTIPLE_SOURCE_ROWS_RETAINED_FOR_AGGREGATION,TERNA_DOWNLOAD_CENTER_THERMOELECTRIC_HEAT_2024,Export-DownloadCenterFile-20260901-101113.xlsx,raw/terna/historical_2024/Terna_Thermoelectric_Heat_2024_RAW.xlsx,06a18e50214e6e5bd882819a1dde6ba1a0ee0457e0c6728727c12640a4e4a72c
TERNA2024_CHP_HEAT_0303,2024,19,Sicilia,Sicilia,089,Siracusa,Siracusa,SICI,Ciclo combinato con cogenerazione (CCC),CCGT_CHP,true,129.05504,129.05504,NUMBER,TYPED_NUMERIC_CELL,304,3,MULTIPLE_SOURCE_ROWS_RETAINED_FOR_AGGREGATION,TERNA_DOWNLOAD_CENTER_THERMOELECTRIC_HEAT_2024,Export-DownloadCenterFile-20260901-101113.xlsx,raw/terna/historical_2024/Terna_Thermoelectric_Heat_2024_RAW.xlsx,06a18e50214e6e5bd882819a1dde6ba1a0ee0457e0c6728727c12640a4e4a72c
TERNA2024_CHP_HEAT_0304,2024,19,Sicilia,Sicilia,089,Siracusa,Siracusa,SICI,Combustione interna con cogenerazione (CIC),INTERNAL_COMBUSTION_CHP,true,0,0,NUMBER,TYPED_NUMERIC_CELL,305,2,MULTIPLE_SOURCE_ROWS_RETAINED_FOR_AGGREGATION,TERNA_DOWNLOAD_CENTER_THERMOELECTRIC_HEAT_2024,Export-DownloadCenterFile-20260901-101113.xlsx,raw/terna/historical_2024/Terna_Thermoelectric_Heat_2024_RAW.xlsx,06a18e50214e6e5bd882819a1dde6ba1a0ee0457e0c6728727c12640a4e4a72c
TERNA2024_CHP_HEAT_0305,2024,19,Sicilia,Sicilia,089,Siracusa,Siracusa,SICI,Combustione interna con cogenerazione (CIC),INTERNAL_COMBUSTION_CHP,true,0,0,NUMBER,TYPED_NUMERIC_CELL,306,2,MULTIPLE_SOURCE_ROWS_RETAINED_FOR_AGGREGATION,TERNA_DOWNLOAD_CENTER_THERMOELECTRIC_HEAT_2024,Export-DownloadCenterFile-20260901-101113.xlsx,raw/terna/historical_2024/Terna_Thermoelectric_Heat_2024_RAW.xlsx,06a18e50214e6e5bd882819a1dde6ba1a0ee0457e0c6728727c12640a4e4a72c
TERNA2024_CHP_HEAT_0306,2024,19,Sicilia,Sicilia,089,Siracusa,Siracusa,SICI,Condensazione e spillamento (CSC),STEAM_EXTRACTION_CHP,true,91.87078,91.87078,NUMBER,TYPED_NUMERIC_CELL,307,1,UNIQUE_VISIBLE_GRAIN,TERNA_DOWNLOAD_CENTER_THERMOELECTRIC_HEAT_2024,Export-DownloadCenterFile-20260901-101113.xlsx,raw/terna/historical_2024/Terna_Thermoelectric_Heat_2024_RAW.xlsx,06a18e50214e6e5bd882819a1dde6ba1a0ee0457e0c6728727c12640a4e4a72c
TERNA2024_CHP_HEAT_0307,2024,19,Sicilia,Sicilia,089,Siracusa,Siracusa,SICI,Contropressione (CPC),STEAM_BACKPRESSURE_CHP,true,0,0,NUMBER,TYPED_NUMERIC_CELL,308,2,MULTIPLE_SOURCE_ROWS_RETAINED_FOR_AGGREGATION,TERNA_DOWNLOAD_CENTER_THERMOELECTRIC_HEAT_2024,Export-DownloadCenterFile-20260901-101113.xlsx,raw/terna/historical_2024/Terna_Thermoelectric_Heat_2024_RAW.xlsx,06a18e50214e6e5bd882819a1dde6ba1a0ee0457e0c6728727c12640a4e4a72c
TERNA2024_CHP_HEAT_0308,2024,19,Sicilia,Sicilia,089,Siracusa,Siracusa,SICI,Contropressione (CPC),STEAM_BACKPRESSURE_CHP,true,0,0,NUMBER,TYPED_NUMERIC_CELL,309,2,MULTIPLE_SOURCE_ROWS_RETAINED_FOR_AGGREGATION,TERNA_DOWNLOAD_CENTER_THERMOELECTRIC_HEAT_2024,Export-DownloadCenterFile-20260901-101113.xlsx,raw/terna/historical_2024/Terna_Thermoelectric_Heat_2024_RAW.xlsx,06a18e50214e6e5bd882819a1dde6ba1a0ee0457e0c6728727c12640a4e4a72c
TERNA2024_CHP_HEAT_0309,2024,19,Sicilia,Sicilia,089,Siracusa,Siracusa,SICI,Turbine a gas con cogenerazione (TGC),GT_CHP,true,740.0187,740.0187,NUMBER,TYPED_NUMERIC_CELL,310,2,MULTIPLE_SOURCE_ROWS_RETAINED_FOR_AGGREGATION,TERNA_DOWNLOAD_CENTER_THERMOELECTRIC_HEAT_2024,Export-DownloadCenterFile-20260901-101113.xlsx,raw/terna/historical_2024/Terna_Thermoelectric_Heat_2024_RAW.xlsx,06a18e50214e6e5bd882819a1dde6ba1a0ee0457e0c6728727c12640a4e4a72c
TERNA2024_CHP_HEAT_0310,2024,19,Sicilia,Sicilia,089,Siracusa,Siracusa,SICI,Turbine a gas con cogenerazione (TGC),GT_CHP,true,296.24893,296.24893,NUMBER,TYPED_NUMERIC_CELL,311,2,MULTIPLE_SOURCE_ROWS_RETAINED_FOR_AGGREGATION,TERNA_DOWNLOAD_CENTER_THERMOELECTRIC_HEAT_2024,Export-DownloadCenterFile-20260901-101113.xlsx,raw/terna/historical_2024/Terna_Thermoelectric_Heat_2024_RAW.xlsx,06a18e50214e6e5bd882819a1dde6ba1a0ee0457e0c6728727c12640a4e4a72c
TERNA2024_CHP_HEAT_0311,2024,19,Sicilia,Sicilia,081,Trapani,Trapani,SICI,Combustione interna con cogenerazione (CIC),INTERNAL_COMBUSTION_CHP,true,0.69282,0.69282,NUMBER,TYPED_NUMERIC_CELL,312,1,UNIQUE_VISIBLE_GRAIN,TERNA_DOWNLOAD_CENTER_THERMOELECTRIC_HEAT_2024,Export-DownloadCenterFile-20260901-101113.xlsx,raw/terna/historical_2024/Terna_Thermoelectric_Heat_2024_RAW.xlsx,06a18e50214e6e5bd882819a1dde6ba1a0ee0457e0c6728727c12640a4e4a72c
TERNA2024_CHP_HEAT_0312,2024,09,Toscana,Toscana,051,Arezzo,Arezzo,CNOR,Combustione interna con cogenerazione (CIC),INTERNAL_COMBUSTION_CHP,true,5.081754,5.081754,NUMBER,TYPED_NUMERIC_CELL,313,3,MULTIPLE_SOURCE_ROWS_RETAINED_FOR_AGGREGATION,TERNA_DOWNLOAD_CENTER_THERMOELECTRIC_HEAT_2024,Export-DownloadCenterFile-20260901-101113.xlsx,raw/terna/historical_2024/Terna_Thermoelectric_Heat_2024_RAW.xlsx,06a18e50214e6e5bd882819a1dde6ba1a0ee0457e0c6728727c12640a4e4a72c
TERNA2024_CHP_HEAT_0313,2024,09,Toscana,Toscana,051,Arezzo,Arezzo,CNOR,Combustione interna con cogenerazione (CIC),INTERNAL_COMBUSTION_CHP,true,38.251778,38.251778,NUMBER,TYPED_NUMERIC_CELL,314,3,MULTIPLE_SOURCE_ROWS_RETAINED_FOR_AGGREGATION,TERNA_DOWNLOAD_CENTER_THERMOELECTRIC_HEAT_2024,Export-DownloadCenterFile-20260901-101113.xlsx,raw/terna/historical_2024/Terna_Thermoelectric_Heat_2024_RAW.xlsx,06a18e50214e6e5bd882819a1dde6ba1a0ee0457e0c6728727c12640a4e4a72c
TERNA2024_CHP_HEAT_0314,2024,09,Toscana,Toscana,051,Arezzo,Arezzo,CNOR,Combustione interna con cogenerazione (CIC),INTERNAL_COMBUSTION_CHP,true,0,0,NUMBER,TYPED_NUMERIC_CELL,315,3,MULTIPLE_SOURCE_ROWS_RETAINED_FOR_AGGREGATION,TERNA_DOWNLOAD_CENTER_THERMOELECTRIC_HEAT_2024,Export-DownloadCenterFile-20260901-101113.xlsx,raw/terna/historical_2024/Terna_Thermoelectric_Heat_2024_RAW.xlsx,06a18e50214e6e5bd882819a1dde6ba1a0ee0457e0c6728727c12640a4e4a72c
TERNA2024_CHP_HEAT_0315,2024,09,Toscana,Toscana,051,Arezzo,Arezzo,CNOR,Turbine a gas con cogenerazione (TGC),GT_CHP,true,73.06232,73.06232,NUMBER,TYPED_NUMERIC_CELL,316,1,UNIQUE_VISIBLE_GRAIN,TERNA_DOWNLOAD_CENTER_THERMOELECTRIC_HEAT_2024,Export-DownloadCenterFile-20260901-101113.xlsx,raw/terna/historical_2024/Terna_Thermoelectric_Heat_2024_RAW.xlsx,06a18e50214e6e5bd882819a1dde6ba1a0ee0457e0c6728727c12640a4e4a72c
TERNA2024_CHP_HEAT_0316,2024,09,Toscana,Toscana,048,Firenze,Firenze,CNOR,Ciclo combinato con cogenerazione (CCC),CCGT_CHP,true,10.932664,10.932664,NUMBER,TYPED_NUMERIC_CELL,317,1,UNIQUE_VISIBLE_GRAIN,TERNA_DOWNLOAD_CENTER_THERMOELECTRIC_HEAT_2024,Export-DownloadCenterFile-20260901-101113.xlsx,raw/terna/historical_2024/Terna_Thermoelectric_Heat_2024_RAW.xlsx,06a18e50214e6e5bd882819a1dde6ba1a0ee0457e0c6728727c12640a4e4a72c
TERNA2024_CHP_HEAT_0317,2024,09,Toscana,Toscana,048,Firenze,Firenze,CNOR,Combustione interna con cogenerazione (CIC),INTERNAL_COMBUSTION_CHP,true,21.5914,21.5914,NUMBER,TYPED_NUMERIC_CELL,318,2,MULTIPLE_SOURCE_ROWS_RETAINED_FOR_AGGREGATION,TERNA_DOWNLOAD_CENTER_THERMOELECTRIC_HEAT_2024,Export-DownloadCenterFile-20260901-101113.xlsx,raw/terna/historical_2024/Terna_Thermoelectric_Heat_2024_RAW.xlsx,06a18e50214e6e5bd882819a1dde6ba1a0ee0457e0c6728727c12640a4e4a72c
TERNA2024_CHP_HEAT_0318,2024,09,Toscana,Toscana,048,Firenze,Firenze,CNOR,Combustione interna con cogenerazione (CIC),INTERNAL_COMBUSTION_CHP,true,83.95382,83.95382,NUMBER,TYPED_NUMERIC_CELL,319,2,MULTIPLE_SOURCE_ROWS_RETAINED_FOR_AGGREGATION,TERNA_DOWNLOAD_CENTER_THERMOELECTRIC_HEAT_2024,Export-DownloadCenterFile-20260901-101113.xlsx,raw/terna/historical_2024/Terna_Thermoelectric_Heat_2024_RAW.xlsx,06a18e50214e6e5bd882819a1dde6ba1a0ee0457e0c6728727c12640a4e4a72c
TERNA2024_CHP_HEAT_0319,2024,09,Toscana,Toscana,048,Firenze,Firenze,CNOR,Turbine a gas con cogenerazione (TGC),GT_CHP,true,70.16154,70.16154,NUMBER,TYPED_NUMERIC_CELL,320,1,UNIQUE_VISIBLE_GRAIN,TERNA_DOWNLOAD_CENTER_THERMOELECTRIC_HEAT_2024,Export-DownloadCenterFile-20260901-101113.xlsx,raw/terna/historical_2024/Terna_Thermoelectric_Heat_2024_RAW.xlsx,06a18e50214e6e5bd882819a1dde6ba1a0ee0457e0c6728727c12640a4e4a72c
TERNA2024_CHP_HEAT_0320,2024,09,Toscana,Toscana,053,Grosseto,Grosseto,CNOR,Combustione interna con cogenerazione (CIC),INTERNAL_COMBUSTION_CHP,true,20.299784,20.299784,NUMBER,TYPED_NUMERIC_CELL,321,3,MULTIPLE_SOURCE_ROWS_RETAINED_FOR_AGGREGATION,TERNA_DOWNLOAD_CENTER_THERMOELECTRIC_HEAT_2024,Export-DownloadCenterFile-20260901-101113.xlsx,raw/terna/historical_2024/Terna_Thermoelectric_Heat_2024_RAW.xlsx,06a18e50214e6e5bd882819a1dde6ba1a0ee0457e0c6728727c12640a4e4a72c
TERNA2024_CHP_HEAT_0321,2024,09,Toscana,Toscana,053,Grosseto,Grosseto,CNOR,Combustione interna con cogenerazione (CIC),INTERNAL_COMBUSTION_CHP,true,2.968492,2.968492,NUMBER,TYPED_NUMERIC_CELL,322,3,MULTIPLE_SOURCE_ROWS_RETAINED_FOR_AGGREGATION,TERNA_DOWNLOAD_CENTER_THERMOELECTRIC_HEAT_2024,Export-DownloadCenterFile-20260901-101113.xlsx,raw/terna/historical_2024/Terna_Thermoelectric_Heat_2024_RAW.xlsx,06a18e50214e6e5bd882819a1dde6ba1a0ee0457e0c6728727c12640a4e4a72c
TERNA2024_CHP_HEAT_0322,2024,09,Toscana,Toscana,053,Grosseto,Grosseto,CNOR,Combustione interna con cogenerazione (CIC),INTERNAL_COMBUSTION_CHP,true,0,0,NUMBER,TYPED_NUMERIC_CELL,323,3,MULTIPLE_SOURCE_ROWS_RETAINED_FOR_AGGREGATION,TERNA_DOWNLOAD_CENTER_THERMOELECTRIC_HEAT_2024,Export-DownloadCenterFile-20260901-101113.xlsx,raw/terna/historical_2024/Terna_Thermoelectric_Heat_2024_RAW.xlsx,06a18e50214e6e5bd882819a1dde6ba1a0ee0457e0c6728727c12640a4e4a72c
TERNA2024_CHP_HEAT_0323,2024,09,Toscana,Toscana,053,Grosseto,Grosseto,CNOR,Condensazione e spillamento (CSC),STEAM_EXTRACTION_CHP,true,0,0,NUMBER,TYPED_NUMERIC_CELL,324,1,UNIQUE_VISIBLE_GRAIN,TERNA_DOWNLOAD_CENTER_THERMOELECTRIC_HEAT_2024,Export-DownloadCenterFile-20260901-101113.xlsx,raw/terna/historical_2024/Terna_Thermoelectric_Heat_2024_RAW.xlsx,06a18e50214e6e5bd882819a1dde6ba1a0ee0457e0c6728727c12640a4e4a72c
TERNA2024_CHP_HEAT_0324,2024,09,Toscana,Toscana,053,Grosseto,Grosseto,CNOR,Turbine a gas con cogenerazione (TGC),GT_CHP,true,0,0,NUMBER,TYPED_NUMERIC_CELL,325,1,UNIQUE_VISIBLE_GRAIN,TERNA_DOWNLOAD_CENTER_THERMOELECTRIC_HEAT_2024,Export-DownloadCenterFile-20260901-101113.xlsx,raw/terna/historical_2024/Terna_Thermoelectric_Heat_2024_RAW.xlsx,06a18e50214e6e5bd882819a1dde6ba1a0ee0457e0c6728727c12640a4e4a72c
TERNA2024_CHP_HEAT_0325,2024,09,Toscana,Toscana,049,Livorno,Livorno,CNOR,Ciclo combinato con cogenerazione (CCC),CCGT_CHP,true,213.2025,213.2025,NUMBER,TYPED_NUMERIC_CELL,326,2,MULTIPLE_SOURCE_ROWS_RETAINED_FOR_AGGREGATION,TERNA_DOWNLOAD_CENTER_THERMOELECTRIC_HEAT_2024,Export-DownloadCenterFile-20260901-101113.xlsx,raw/terna/historical_2024/Terna_Thermoelectric_Heat_2024_RAW.xlsx,06a18e50214e6e5bd882819a1dde6ba1a0ee0457e0c6728727c12640a4e4a72c
TERNA2024_CHP_HEAT_0326,2024,09,Toscana,Toscana,049,Livorno,Livorno,CNOR,Ciclo combinato con cogenerazione (CCC),CCGT_CHP,true,0,0,NUMBER,TYPED_NUMERIC_CELL,327,2,MULTIPLE_SOURCE_ROWS_RETAINED_FOR_AGGREGATION,TERNA_DOWNLOAD_CENTER_THERMOELECTRIC_HEAT_2024,Export-DownloadCenterFile-20260901-101113.xlsx,raw/terna/historical_2024/Terna_Thermoelectric_Heat_2024_RAW.xlsx,06a18e50214e6e5bd882819a1dde6ba1a0ee0457e0c6728727c12640a4e4a72c
TERNA2024_CHP_HEAT_0327,2024,09,Toscana,Toscana,049,Livorno,Livorno,CNOR,Combustione interna con cogenerazione (CIC),INTERNAL_COMBUSTION_CHP,true,3.844679,3.844679,NUMBER,TYPED_NUMERIC_CELL,328,2,MULTIPLE_SOURCE_ROWS_RETAINED_FOR_AGGREGATION,TERNA_DOWNLOAD_CENTER_THERMOELECTRIC_HEAT_2024,Export-DownloadCenterFile-20260901-101113.xlsx,raw/terna/historical_2024/Terna_Thermoelectric_Heat_2024_RAW.xlsx,06a18e50214e6e5bd882819a1dde6ba1a0ee0457e0c6728727c12640a4e4a72c
TERNA2024_CHP_HEAT_0328,2024,09,Toscana,Toscana,049,Livorno,Livorno,CNOR,Combustione interna con cogenerazione (CIC),INTERNAL_COMBUSTION_CHP,true,3.994553,3.994553,NUMBER,TYPED_NUMERIC_CELL,329,2,MULTIPLE_SOURCE_ROWS_RETAINED_FOR_AGGREGATION,TERNA_DOWNLOAD_CENTER_THERMOELECTRIC_HEAT_2024,Export-DownloadCenterFile-20260901-101113.xlsx,raw/terna/historical_2024/Terna_Thermoelectric_Heat_2024_RAW.xlsx,06a18e50214e6e5bd882819a1dde6ba1a0ee0457e0c6728727c12640a4e4a72c
TERNA2024_CHP_HEAT_0329,2024,09,Toscana,Toscana,049,Livorno,Livorno,CNOR,Contropressione (CPC),STEAM_BACKPRESSURE_CHP,true,0,0,NUMBER,TYPED_NUMERIC_CELL,330,2,MULTIPLE_SOURCE_ROWS_RETAINED_FOR_AGGREGATION,TERNA_DOWNLOAD_CENTER_THERMOELECTRIC_HEAT_2024,Export-DownloadCenterFile-20260901-101113.xlsx,raw/terna/historical_2024/Terna_Thermoelectric_Heat_2024_RAW.xlsx,06a18e50214e6e5bd882819a1dde6ba1a0ee0457e0c6728727c12640a4e4a72c
TERNA2024_CHP_HEAT_0330,2024,09,Toscana,Toscana,049,Livorno,Livorno,CNOR,Contropressione (CPC),STEAM_BACKPRESSURE_CHP,true,0,0,NUMBER,TYPED_NUMERIC_CELL,331,2,MULTIPLE_SOURCE_ROWS_RETAINED_FOR_AGGREGATION,TERNA_DOWNLOAD_CENTER_THERMOELECTRIC_HEAT_2024,Export-DownloadCenterFile-20260901-101113.xlsx,raw/terna/historical_2024/Terna_Thermoelectric_Heat_2024_RAW.xlsx,06a18e50214e6e5bd882819a1dde6ba1a0ee0457e0c6728727c12640a4e4a72c
TERNA2024_CHP_HEAT_0331,2024,09,Toscana,Toscana,049,Livorno,Livorno,CNOR,Turbine a gas con cogenerazione (TGC),GT_CHP,true,1627.0839,1627.0839,NUMBER,TYPED_NUMERIC_CELL,332,1,UNIQUE_VISIBLE_GRAIN,TERNA_DOWNLOAD_CENTER_THERMOELECTRIC_HEAT_2024,Export-DownloadCenterFile-20260901-101113.xlsx,raw/terna/historical_2024/Terna_Thermoelectric_Heat_2024_RAW.xlsx,06a18e50214e6e5bd882819a1dde6ba1a0ee0457e0c6728727c12640a4e4a72c
TERNA2024_CHP_HEAT_0332,2024,09,Toscana,Toscana,046,Lucca,Lucca,CNOR,Ciclo combinato con cogenerazione (CCC),CCGT_CHP,true,765.4192,765.4192,NUMBER,TYPED_NUMERIC_CELL,333,1,UNIQUE_VISIBLE_GRAIN,TERNA_DOWNLOAD_CENTER_THERMOELECTRIC_HEAT_2024,Export-DownloadCenterFile-20260901-101113.xlsx,raw/terna/historical_2024/Terna_Thermoelectric_Heat_2024_RAW.xlsx,06a18e50214e6e5bd882819a1dde6ba1a0ee0457e0c6728727c12640a4e4a72c
TERNA2024_CHP_HEAT_0333,2024,09,Toscana,Toscana,046,Lucca,Lucca,CNOR,Combustione interna con cogenerazione (CIC),INTERNAL_COMBUSTION_CHP,true,0,0,NUMBER,TYPED_NUMERIC_CELL,334,2,MULTIPLE_SOURCE_ROWS_RETAINED_FOR_AGGREGATION,TERNA_DOWNLOAD_CENTER_THERMOELECTRIC_HEAT_2024,Export-DownloadCenterFile-20260901-101113.xlsx,raw/terna/historical_2024/Terna_Thermoelectric_Heat_2024_RAW.xlsx,06a18e50214e6e5bd882819a1dde6ba1a0ee0457e0c6728727c12640a4e4a72c
TERNA2024_CHP_HEAT_0334,2024,09,Toscana,Toscana,046,Lucca,Lucca,CNOR,Combustione interna con cogenerazione (CIC),INTERNAL_COMBUSTION_CHP,true,214.93793,214.93793,NUMBER,TYPED_NUMERIC_CELL,335,2,MULTIPLE_SOURCE_ROWS_RETAINED_FOR_AGGREGATION,TERNA_DOWNLOAD_CENTER_THERMOELECTRIC_HEAT_2024,Export-DownloadCenterFile-20260901-101113.xlsx,raw/terna/historical_2024/Terna_Thermoelectric_Heat_2024_RAW.xlsx,06a18e50214e6e5bd882819a1dde6ba1a0ee0457e0c6728727c12640a4e4a72c
TERNA2024_CHP_HEAT_0335,2024,09,Toscana,Toscana,046,Lucca,Lucca,CNOR,Contropressione (CPC),STEAM_BACKPRESSURE_CHP,true,1.742713,1.742713,NUMBER,TYPED_NUMERIC_CELL,336,1,UNIQUE_VISIBLE_GRAIN,TERNA_DOWNLOAD_CENTER_THERMOELECTRIC_HEAT_2024,Export-DownloadCenterFile-20260901-101113.xlsx,raw/terna/historical_2024/Terna_Thermoelectric_Heat_2024_RAW.xlsx,06a18e50214e6e5bd882819a1dde6ba1a0ee0457e0c6728727c12640a4e4a72c
TERNA2024_CHP_HEAT_0336,2024,09,Toscana,Toscana,046,Lucca,Lucca,CNOR,Turbine a gas con cogenerazione (TGC),GT_CHP,true,752.55176,752.55176,NUMBER,TYPED_NUMERIC_CELL,337,1,UNIQUE_VISIBLE_GRAIN,TERNA_DOWNLOAD_CENTER_THERMOELECTRIC_HEAT_2024,Export-DownloadCenterFile-20260901-101113.xlsx,raw/terna/historical_2024/Terna_Thermoelectric_Heat_2024_RAW.xlsx,06a18e50214e6e5bd882819a1dde6ba1a0ee0457e0c6728727c12640a4e4a72c
TERNA2024_CHP_HEAT_0337,2024,09,Toscana,Toscana,045,Massa-Carrara,Massa-Carrara,CNOR,Combustione interna con cogenerazione (CIC),INTERNAL_COMBUSTION_CHP,true,0,0,NUMBER,TYPED_NUMERIC_CELL,338,2,MULTIPLE_SOURCE_ROWS_RETAINED_FOR_AGGREGATION,TERNA_DOWNLOAD_CENTER_THERMOELECTRIC_HEAT_2024,Export-DownloadCenterFile-20260901-101113.xlsx,raw/terna/historical_2024/Terna_Thermoelectric_Heat_2024_RAW.xlsx,06a18e50214e6e5bd882819a1dde6ba1a0ee0457e0c6728727c12640a4e4a72c
TERNA2024_CHP_HEAT_0338,2024,09,Toscana,Toscana,045,Massa-Carrara,Massa-Carrara,CNOR,Combustione interna con cogenerazione (CIC),INTERNAL_COMBUSTION_CHP,true,26.242373,26.242373,NUMBER,TYPED_NUMERIC_CELL,339,2,MULTIPLE_SOURCE_ROWS_RETAINED_FOR_AGGREGATION,TERNA_DOWNLOAD_CENTER_THERMOELECTRIC_HEAT_2024,Export-DownloadCenterFile-20260901-101113.xlsx,raw/terna/historical_2024/Terna_Thermoelectric_Heat_2024_RAW.xlsx,06a18e50214e6e5bd882819a1dde6ba1a0ee0457e0c6728727c12640a4e4a72c
TERNA2024_CHP_HEAT_0339,2024,09,Toscana,Toscana,045,Massa-Carrara,Massa-Carrara,CNOR,Turbine a gas con cogenerazione (TGC),GT_CHP,true,17.9231,17.9231,NUMBER,TYPED_NUMERIC_CELL,340,1,UNIQUE_VISIBLE_GRAIN,TERNA_DOWNLOAD_CENTER_THERMOELECTRIC_HEAT_2024,Export-DownloadCenterFile-20260901-101113.xlsx,raw/terna/historical_2024/Terna_Thermoelectric_Heat_2024_RAW.xlsx,06a18e50214e6e5bd882819a1dde6ba1a0ee0457e0c6728727c12640a4e4a72c
TERNA2024_CHP_HEAT_0340,2024,09,Toscana,Toscana,050,Pisa,Pisa,CNOR,Combustione interna con cogenerazione (CIC),INTERNAL_COMBUSTION_CHP,true,31.011246,31.011246,NUMBER,TYPED_NUMERIC_CELL,341,2,MULTIPLE_SOURCE_ROWS_RETAINED_FOR_AGGREGATION,TERNA_DOWNLOAD_CENTER_THERMOELECTRIC_HEAT_2024,Export-DownloadCenterFile-20260901-101113.xlsx,raw/terna/historical_2024/Terna_Thermoelectric_Heat_2024_RAW.xlsx,06a18e50214e6e5bd882819a1dde6ba1a0ee0457e0c6728727c12640a4e4a72c
TERNA2024_CHP_HEAT_0341,2024,09,Toscana,Toscana,050,Pisa,Pisa,CNOR,Combustione interna con cogenerazione (CIC),INTERNAL_COMBUSTION_CHP,true,62.103817,62.103817,NUMBER,TYPED_NUMERIC_CELL,342,2,MULTIPLE_SOURCE_ROWS_RETAINED_FOR_AGGREGATION,TERNA_DOWNLOAD_CENTER_THERMOELECTRIC_HEAT_2024,Export-DownloadCenterFile-20260901-101113.xlsx,raw/terna/historical_2024/Terna_Thermoelectric_Heat_2024_RAW.xlsx,06a18e50214e6e5bd882819a1dde6ba1a0ee0457e0c6728727c12640a4e4a72c
TERNA2024_CHP_HEAT_0342,2024,09,Toscana,Toscana,050,Pisa,Pisa,CNOR,Turbine a gas con cogenerazione (TGC),GT_CHP,true,11.903658,11.903658,NUMBER,TYPED_NUMERIC_CELL,343,1,UNIQUE_VISIBLE_GRAIN,TERNA_DOWNLOAD_CENTER_THERMOELECTRIC_HEAT_2024,Export-DownloadCenterFile-20260901-101113.xlsx,raw/terna/historical_2024/Terna_Thermoelectric_Heat_2024_RAW.xlsx,06a18e50214e6e5bd882819a1dde6ba1a0ee0457e0c6728727c12640a4e4a72c
TERNA2024_CHP_HEAT_0343,2024,09,Toscana,Toscana,047,Pistoia,Pistoia,CNOR,Combustione interna con cogenerazione (CIC),INTERNAL_COMBUSTION_CHP,true,6.718592,6.718592,NUMBER,TYPED_NUMERIC_CELL,344,3,MULTIPLE_SOURCE_ROWS_RETAINED_FOR_AGGREGATION,TERNA_DOWNLOAD_CENTER_THERMOELECTRIC_HEAT_2024,Export-DownloadCenterFile-20260901-101113.xlsx,raw/terna/historical_2024/Terna_Thermoelectric_Heat_2024_RAW.xlsx,06a18e50214e6e5bd882819a1dde6ba1a0ee0457e0c6728727c12640a4e4a72c
TERNA2024_CHP_HEAT_0344,2024,09,Toscana,Toscana,047,Pistoia,Pistoia,CNOR,Combustione interna con cogenerazione (CIC),INTERNAL_COMBUSTION_CHP,true,33.015064,33.015064,NUMBER,TYPED_NUMERIC_CELL,345,3,MULTIPLE_SOURCE_ROWS_RETAINED_FOR_AGGREGATION,TERNA_DOWNLOAD_CENTER_THERMOELECTRIC_HEAT_2024,Export-DownloadCenterFile-20260901-101113.xlsx,raw/terna/historical_2024/Terna_Thermoelectric_Heat_2024_RAW.xlsx,06a18e50214e6e5bd882819a1dde6ba1a0ee0457e0c6728727c12640a4e4a72c
TERNA2024_CHP_HEAT_0345,2024,09,Toscana,Toscana,047,Pistoia,Pistoia,CNOR,Combustione interna con cogenerazione (CIC),INTERNAL_COMBUSTION_CHP,true,0,0,NUMBER,TYPED_NUMERIC_CELL,346,3,MULTIPLE_SOURCE_ROWS_RETAINED_FOR_AGGREGATION,TERNA_DOWNLOAD_CENTER_THERMOELECTRIC_HEAT_2024,Export-DownloadCenterFile-20260901-101113.xlsx,raw/terna/historical_2024/Terna_Thermoelectric_Heat_2024_RAW.xlsx,06a18e50214e6e5bd882819a1dde6ba1a0ee0457e0c6728727c12640a4e4a72c
TERNA2024_CHP_HEAT_0346,2024,09,Toscana,Toscana,047,Pistoia,Pistoia,CNOR,Turbine a gas con cogenerazione (TGC),GT_CHP,true,0,0,NUMBER,TYPED_NUMERIC_CELL,347,1,UNIQUE_VISIBLE_GRAIN,TERNA_DOWNLOAD_CENTER_THERMOELECTRIC_HEAT_2024,Export-DownloadCenterFile-20260901-101113.xlsx,raw/terna/historical_2024/Terna_Thermoelectric_Heat_2024_RAW.xlsx,06a18e50214e6e5bd882819a1dde6ba1a0ee0457e0c6728727c12640a4e4a72c
TERNA2024_CHP_HEAT_0347,2024,09,Toscana,Toscana,100,Prato,Prato,CNOR,Combustione interna con cogenerazione (CIC),INTERNAL_COMBUSTION_CHP,true,0,0,NUMBER,TYPED_NUMERIC_CELL,348,2,MULTIPLE_SOURCE_ROWS_RETAINED_FOR_AGGREGATION,TERNA_DOWNLOAD_CENTER_THERMOELECTRIC_HEAT_2024,Export-DownloadCenterFile-20260901-101113.xlsx,raw/terna/historical_2024/Terna_Thermoelectric_Heat_2024_RAW.xlsx,06a18e50214e6e5bd882819a1dde6ba1a0ee0457e0c6728727c12640a4e4a72c
TERNA2024_CHP_HEAT_0348,2024,09,Toscana,Toscana,100,Prato,Prato,CNOR,Combustione interna con cogenerazione (CIC),INTERNAL_COMBUSTION_CHP,true,1.937506,1.937506,NUMBER,TYPED_NUMERIC_CELL,349,2,MULTIPLE_SOURCE_ROWS_RETAINED_FOR_AGGREGATION,TERNA_DOWNLOAD_CENTER_THERMOELECTRIC_HEAT_2024,Export-DownloadCenterFile-20260901-101113.xlsx,raw/terna/historical_2024/Terna_Thermoelectric_Heat_2024_RAW.xlsx,06a18e50214e6e5bd882819a1dde6ba1a0ee0457e0c6728727c12640a4e4a72c
TERNA2024_CHP_HEAT_0349,2024,09,Toscana,Toscana,052,Siena,Siena,CNOR,Combustione interna con cogenerazione (CIC),INTERNAL_COMBUSTION_CHP,true,19.013102,19.013102,NUMBER,TYPED_NUMERIC_CELL,350,3,MULTIPLE_SOURCE_ROWS_RETAINED_FOR_AGGREGATION,TERNA_DOWNLOAD_CENTER_THERMOELECTRIC_HEAT_2024,Export-DownloadCenterFile-20260901-101113.xlsx,raw/terna/historical_2024/Terna_Thermoelectric_Heat_2024_RAW.xlsx,06a18e50214e6e5bd882819a1dde6ba1a0ee0457e0c6728727c12640a4e4a72c
TERNA2024_CHP_HEAT_0350,2024,09,Toscana,Toscana,052,Siena,Siena,CNOR,Combustione interna con cogenerazione (CIC),INTERNAL_COMBUSTION_CHP,true,54.53498,54.53498,NUMBER,TYPED_NUMERIC_CELL,351,3,MULTIPLE_SOURCE_ROWS_RETAINED_FOR_AGGREGATION,TERNA_DOWNLOAD_CENTER_THERMOELECTRIC_HEAT_2024,Export-DownloadCenterFile-20260901-101113.xlsx,raw/terna/historical_2024/Terna_Thermoelectric_Heat_2024_RAW.xlsx,06a18e50214e6e5bd882819a1dde6ba1a0ee0457e0c6728727c12640a4e4a72c
TERNA2024_CHP_HEAT_0351,2024,09,Toscana,Toscana,052,Siena,Siena,CNOR,Combustione interna con cogenerazione (CIC),INTERNAL_COMBUSTION_CHP,true,0,0,NUMBER,TYPED_NUMERIC_CELL,352,3,MULTIPLE_SOURCE_ROWS_RETAINED_FOR_AGGREGATION,TERNA_DOWNLOAD_CENTER_THERMOELECTRIC_HEAT_2024,Export-DownloadCenterFile-20260901-101113.xlsx,raw/terna/historical_2024/Terna_Thermoelectric_Heat_2024_RAW.xlsx,06a18e50214e6e5bd882819a1dde6ba1a0ee0457e0c6728727c12640a4e4a72c
TERNA2024_CHP_HEAT_0352,2024,09,Toscana,Toscana,052,Siena,Siena,CNOR,Condensazione e spillamento (CSC),STEAM_EXTRACTION_CHP,true,0.953894,0.953894,NUMBER,TYPED_NUMERIC_CELL,353,1,UNIQUE_VISIBLE_GRAIN,TERNA_DOWNLOAD_CENTER_THERMOELECTRIC_HEAT_2024,Export-DownloadCenterFile-20260901-101113.xlsx,raw/terna/historical_2024/Terna_Thermoelectric_Heat_2024_RAW.xlsx,06a18e50214e6e5bd882819a1dde6ba1a0ee0457e0c6728727c12640a4e4a72c
TERNA2024_CHP_HEAT_0353,2024,04,Trentino-Alto Adige,Trentino-Alto Adige/Südtirol,021,Bolzano/Bozen,Bolzano/Bozen,NORD,Ciclo combinato con cogenerazione (CCC),CCGT_CHP,true,0,0,NUMBER,TYPED_NUMERIC_CELL,354,3,MULTIPLE_SOURCE_ROWS_RETAINED_FOR_AGGREGATION,TERNA_DOWNLOAD_CENTER_THERMOELECTRIC_HEAT_2024,Export-DownloadCenterFile-20260901-101113.xlsx,raw/terna/historical_2024/Terna_Thermoelectric_Heat_2024_RAW.xlsx,06a18e50214e6e5bd882819a1dde6ba1a0ee0457e0c6728727c12640a4e4a72c
TERNA2024_CHP_HEAT_0354,2024,04,Trentino-Alto Adige,Trentino-Alto Adige/Südtirol,021,Bolzano/Bozen,Bolzano/Bozen,NORD,Ciclo combinato con cogenerazione (CCC),CCGT_CHP,true,0.988291,0.988291,NUMBER,TYPED_NUMERIC_CELL,355,3,MULTIPLE_SOURCE_ROWS_RETAINED_FOR_AGGREGATION,TERNA_DOWNLOAD_CENTER_THERMOELECTRIC_HEAT_2024,Export-DownloadCenterFile-20260901-101113.xlsx,raw/terna/historical_2024/Terna_Thermoelectric_Heat_2024_RAW.xlsx,06a18e50214e6e5bd882819a1dde6ba1a0ee0457e0c6728727c12640a4e4a72c
TERNA2024_CHP_HEAT_0355,2024,04,Trentino-Alto Adige,Trentino-Alto Adige/Südtirol,021,Bolzano/Bozen,Bolzano/Bozen,NORD,Ciclo combinato con cogenerazione (CCC),CCGT_CHP,true,0,0,NUMBER,TYPED_NUMERIC_CELL,356,3,MULTIPLE_SOURCE_ROWS_RETAINED_FOR_AGGREGATION,TERNA_DOWNLOAD_CENTER_THERMOELECTRIC_HEAT_2024,Export-DownloadCenterFile-20260901-101113.xlsx,raw/terna/historical_2024/Terna_Thermoelectric_Heat_2024_RAW.xlsx,06a18e50214e6e5bd882819a1dde6ba1a0ee0457e0c6728727c12640a4e4a72c
TERNA2024_CHP_HEAT_0356,2024,04,Trentino-Alto Adige,Trentino-Alto Adige/Südtirol,021,Bolzano/Bozen,Bolzano/Bozen,NORD,Combustione interna con cogenerazione (CIC),INTERNAL_COMBUSTION_CHP,true,436.43948,436.43948,NUMBER,TYPED_NUMERIC_CELL,357,3,MULTIPLE_SOURCE_ROWS_RETAINED_FOR_AGGREGATION,TERNA_DOWNLOAD_CENTER_THERMOELECTRIC_HEAT_2024,Export-DownloadCenterFile-20260901-101113.xlsx,raw/terna/historical_2024/Terna_Thermoelectric_Heat_2024_RAW.xlsx,06a18e50214e6e5bd882819a1dde6ba1a0ee0457e0c6728727c12640a4e4a72c
TERNA2024_CHP_HEAT_0357,2024,04,Trentino-Alto Adige,Trentino-Alto Adige/Südtirol,021,Bolzano/Bozen,Bolzano/Bozen,NORD,Combustione interna con cogenerazione (CIC),INTERNAL_COMBUSTION_CHP,true,122.84462,122.84462,NUMBER,TYPED_NUMERIC_CELL,358,3,MULTIPLE_SOURCE_ROWS_RETAINED_FOR_AGGREGATION,TERNA_DOWNLOAD_CENTER_THERMOELECTRIC_HEAT_2024,Export-DownloadCenterFile-20260901-101113.xlsx,raw/terna/historical_2024/Terna_Thermoelectric_Heat_2024_RAW.xlsx,06a18e50214e6e5bd882819a1dde6ba1a0ee0457e0c6728727c12640a4e4a72c
TERNA2024_CHP_HEAT_0358,2024,04,Trentino-Alto Adige,Trentino-Alto Adige/Südtirol,021,Bolzano/Bozen,Bolzano/Bozen,NORD,Combustione interna con cogenerazione (CIC),INTERNAL_COMBUSTION_CHP,true,11.464819,11.464819,NUMBER,TYPED_NUMERIC_CELL,359,3,MULTIPLE_SOURCE_ROWS_RETAINED_FOR_AGGREGATION,TERNA_DOWNLOAD_CENTER_THERMOELECTRIC_HEAT_2024,Export-DownloadCenterFile-20260901-101113.xlsx,raw/terna/historical_2024/Terna_Thermoelectric_Heat_2024_RAW.xlsx,06a18e50214e6e5bd882819a1dde6ba1a0ee0457e0c6728727c12640a4e4a72c
TERNA2024_CHP_HEAT_0359,2024,04,Trentino-Alto Adige,Trentino-Alto Adige/Südtirol,021,Bolzano/Bozen,Bolzano/Bozen,NORD,Condensazione e spillamento (CSC),STEAM_EXTRACTION_CHP,true,149.51024,149.51024,NUMBER,TYPED_NUMERIC_CELL,360,1,UNIQUE_VISIBLE_GRAIN,TERNA_DOWNLOAD_CENTER_THERMOELECTRIC_HEAT_2024,Export-DownloadCenterFile-20260901-101113.xlsx,raw/terna/historical_2024/Terna_Thermoelectric_Heat_2024_RAW.xlsx,06a18e50214e6e5bd882819a1dde6ba1a0ee0457e0c6728727c12640a4e4a72c
TERNA2024_CHP_HEAT_0360,2024,04,Trentino-Alto Adige,Trentino-Alto Adige/Südtirol,021,Bolzano/Bozen,Bolzano/Bozen,NORD,Turbine a gas con cogenerazione (TGC),GT_CHP,true,13.017369,13.017369,NUMBER,TYPED_NUMERIC_CELL,361,2,MULTIPLE_SOURCE_ROWS_RETAINED_FOR_AGGREGATION,TERNA_DOWNLOAD_CENTER_THERMOELECTRIC_HEAT_2024,Export-DownloadCenterFile-20260901-101113.xlsx,raw/terna/historical_2024/Terna_Thermoelectric_Heat_2024_RAW.xlsx,06a18e50214e6e5bd882819a1dde6ba1a0ee0457e0c6728727c12640a4e4a72c
TERNA2024_CHP_HEAT_0361,2024,04,Trentino-Alto Adige,Trentino-Alto Adige/Südtirol,021,Bolzano/Bozen,Bolzano/Bozen,NORD,Turbine a gas con cogenerazione (TGC),GT_CHP,true,31.452173,31.452173,NUMBER,TYPED_NUMERIC_CELL,362,2,MULTIPLE_SOURCE_ROWS_RETAINED_FOR_AGGREGATION,TERNA_DOWNLOAD_CENTER_THERMOELECTRIC_HEAT_2024,Export-DownloadCenterFile-20260901-101113.xlsx,raw/terna/historical_2024/Terna_Thermoelectric_Heat_2024_RAW.xlsx,06a18e50214e6e5bd882819a1dde6ba1a0ee0457e0c6728727c12640a4e4a72c
TERNA2024_CHP_HEAT_0362,2024,04,Trentino-Alto Adige,Trentino-Alto Adige/Südtirol,022,Trento,Trento,NORD,Celle combustibili con cogenerazione (CEC),FUEL_CELL_CHP,true,0.03177,0.03177,NUMBER,TYPED_NUMERIC_CELL,363,1,UNIQUE_VISIBLE_GRAIN,TERNA_DOWNLOAD_CENTER_THERMOELECTRIC_HEAT_2024,Export-DownloadCenterFile-20260901-101113.xlsx,raw/terna/historical_2024/Terna_Thermoelectric_Heat_2024_RAW.xlsx,06a18e50214e6e5bd882819a1dde6ba1a0ee0457e0c6728727c12640a4e4a72c
TERNA2024_CHP_HEAT_0363,2024,04,Trentino-Alto Adige,Trentino-Alto Adige/Südtirol,022,Trento,Trento,NORD,Ciclo combinato con cogenerazione (CCC),CCGT_CHP,true,0,0,NUMBER,TYPED_NUMERIC_CELL,364,2,MULTIPLE_SOURCE_ROWS_RETAINED_FOR_AGGREGATION,TERNA_DOWNLOAD_CENTER_THERMOELECTRIC_HEAT_2024,Export-DownloadCenterFile-20260901-101113.xlsx,raw/terna/historical_2024/Terna_Thermoelectric_Heat_2024_RAW.xlsx,06a18e50214e6e5bd882819a1dde6ba1a0ee0457e0c6728727c12640a4e4a72c
TERNA2024_CHP_HEAT_0364,2024,04,Trentino-Alto Adige,Trentino-Alto Adige/Südtirol,022,Trento,Trento,NORD,Ciclo combinato con cogenerazione (CCC),CCGT_CHP,true,523.5743,523.5743,NUMBER,TYPED_NUMERIC_CELL,365,2,MULTIPLE_SOURCE_ROWS_RETAINED_FOR_AGGREGATION,TERNA_DOWNLOAD_CENTER_THERMOELECTRIC_HEAT_2024,Export-DownloadCenterFile-20260901-101113.xlsx,raw/terna/historical_2024/Terna_Thermoelectric_Heat_2024_RAW.xlsx,06a18e50214e6e5bd882819a1dde6ba1a0ee0457e0c6728727c12640a4e4a72c
TERNA2024_CHP_HEAT_0365,2024,04,Trentino-Alto Adige,Trentino-Alto Adige/Südtirol,022,Trento,Trento,NORD,Combustione interna con cogenerazione (CIC),INTERNAL_COMBUSTION_CHP,true,63.0677,63.0677,NUMBER,TYPED_NUMERIC_CELL,366,3,MULTIPLE_SOURCE_ROWS_RETAINED_FOR_AGGREGATION,TERNA_DOWNLOAD_CENTER_THERMOELECTRIC_HEAT_2024,Export-DownloadCenterFile-20260901-101113.xlsx,raw/terna/historical_2024/Terna_Thermoelectric_Heat_2024_RAW.xlsx,06a18e50214e6e5bd882819a1dde6ba1a0ee0457e0c6728727c12640a4e4a72c
TERNA2024_CHP_HEAT_0366,2024,04,Trentino-Alto Adige,Trentino-Alto Adige/Südtirol,022,Trento,Trento,NORD,Combustione interna con cogenerazione (CIC),INTERNAL_COMBUSTION_CHP,true,201.77472,201.77472,NUMBER,TYPED_NUMERIC_CELL,367,3,MULTIPLE_SOURCE_ROWS_RETAINED_FOR_AGGREGATION,TERNA_DOWNLOAD_CENTER_THERMOELECTRIC_HEAT_2024,Export-DownloadCenterFile-20260901-101113.xlsx,raw/terna/historical_2024/Terna_Thermoelectric_Heat_2024_RAW.xlsx,06a18e50214e6e5bd882819a1dde6ba1a0ee0457e0c6728727c12640a4e4a72c
TERNA2024_CHP_HEAT_0367,2024,04,Trentino-Alto Adige,Trentino-Alto Adige/Südtirol,022,Trento,Trento,NORD,Combustione interna con cogenerazione (CIC),INTERNAL_COMBUSTION_CHP,true,5.525484,5.525484,NUMBER,TYPED_NUMERIC_CELL,368,3,MULTIPLE_SOURCE_ROWS_RETAINED_FOR_AGGREGATION,TERNA_DOWNLOAD_CENTER_THERMOELECTRIC_HEAT_2024,Export-DownloadCenterFile-20260901-101113.xlsx,raw/terna/historical_2024/Terna_Thermoelectric_Heat_2024_RAW.xlsx,06a18e50214e6e5bd882819a1dde6ba1a0ee0457e0c6728727c12640a4e4a72c
TERNA2024_CHP_HEAT_0368,2024,04,Trentino-Alto Adige,Trentino-Alto Adige/Südtirol,022,Trento,Trento,NORD,Condensazione e spillamento (CSC),STEAM_EXTRACTION_CHP,true,114.51874,114.51874,NUMBER,TYPED_NUMERIC_CELL,369,2,MULTIPLE_SOURCE_ROWS_RETAINED_FOR_AGGREGATION,TERNA_DOWNLOAD_CENTER_THERMOELECTRIC_HEAT_2024,Export-DownloadCenterFile-20260901-101113.xlsx,raw/terna/historical_2024/Terna_Thermoelectric_Heat_2024_RAW.xlsx,06a18e50214e6e5bd882819a1dde6ba1a0ee0457e0c6728727c12640a4e4a72c
TERNA2024_CHP_HEAT_0369,2024,04,Trentino-Alto Adige,Trentino-Alto Adige/Südtirol,022,Trento,Trento,NORD,Condensazione e spillamento (CSC),STEAM_EXTRACTION_CHP,true,31.616354,31.616354,NUMBER,TYPED_NUMERIC_CELL,370,2,MULTIPLE_SOURCE_ROWS_RETAINED_FOR_AGGREGATION,TERNA_DOWNLOAD_CENTER_THERMOELECTRIC_HEAT_2024,Export-DownloadCenterFile-20260901-101113.xlsx,raw/terna/historical_2024/Terna_Thermoelectric_Heat_2024_RAW.xlsx,06a18e50214e6e5bd882819a1dde6ba1a0ee0457e0c6728727c12640a4e4a72c
TERNA2024_CHP_HEAT_0370,2024,04,Trentino-Alto Adige,Trentino-Alto Adige/Südtirol,022,Trento,Trento,NORD,Contropressione (CPC),STEAM_BACKPRESSURE_CHP,true,0,0,NUMBER,TYPED_NUMERIC_CELL,371,2,MULTIPLE_SOURCE_ROWS_RETAINED_FOR_AGGREGATION,TERNA_DOWNLOAD_CENTER_THERMOELECTRIC_HEAT_2024,Export-DownloadCenterFile-20260901-101113.xlsx,raw/terna/historical_2024/Terna_Thermoelectric_Heat_2024_RAW.xlsx,06a18e50214e6e5bd882819a1dde6ba1a0ee0457e0c6728727c12640a4e4a72c
TERNA2024_CHP_HEAT_0371,2024,04,Trentino-Alto Adige,Trentino-Alto Adige/Südtirol,022,Trento,Trento,NORD,Contropressione (CPC),STEAM_BACKPRESSURE_CHP,true,76.932365,76.932365,NUMBER,TYPED_NUMERIC_CELL,372,2,MULTIPLE_SOURCE_ROWS_RETAINED_FOR_AGGREGATION,TERNA_DOWNLOAD_CENTER_THERMOELECTRIC_HEAT_2024,Export-DownloadCenterFile-20260901-101113.xlsx,raw/terna/historical_2024/Terna_Thermoelectric_Heat_2024_RAW.xlsx,06a18e50214e6e5bd882819a1dde6ba1a0ee0457e0c6728727c12640a4e4a72c
TERNA2024_CHP_HEAT_0372,2024,04,Trentino-Alto Adige,Trentino-Alto Adige/Südtirol,022,Trento,Trento,NORD,Turbine a gas con cogenerazione (TGC),GT_CHP,true,34.69836,34.69836,NUMBER,TYPED_NUMERIC_CELL,373,2,MULTIPLE_SOURCE_ROWS_RETAINED_FOR_AGGREGATION,TERNA_DOWNLOAD_CENTER_THERMOELECTRIC_HEAT_2024,Export-DownloadCenterFile-20260901-101113.xlsx,raw/terna/historical_2024/Terna_Thermoelectric_Heat_2024_RAW.xlsx,06a18e50214e6e5bd882819a1dde6ba1a0ee0457e0c6728727c12640a4e4a72c
TERNA2024_CHP_HEAT_0373,2024,04,Trentino-Alto Adige,Trentino-Alto Adige/Südtirol,022,Trento,Trento,NORD,Turbine a gas con cogenerazione (TGC),GT_CHP,true,192.39514,192.39514,NUMBER,TYPED_NUMERIC_CELL,374,2,MULTIPLE_SOURCE_ROWS_RETAINED_FOR_AGGREGATION,TERNA_DOWNLOAD_CENTER_THERMOELECTRIC_HEAT_2024,Export-DownloadCenterFile-20260901-101113.xlsx,raw/terna/historical_2024/Terna_Thermoelectric_Heat_2024_RAW.xlsx,06a18e50214e6e5bd882819a1dde6ba1a0ee0457e0c6728727c12640a4e4a72c
TERNA2024_CHP_HEAT_0374,2024,10,Umbria,Umbria,054,Perugia,Perugia,CSUD,Combustione interna con cogenerazione (CIC),INTERNAL_COMBUSTION_CHP,true,27.488417,27.488417,NUMBER,TYPED_NUMERIC_CELL,375,3,MULTIPLE_SOURCE_ROWS_RETAINED_FOR_AGGREGATION,TERNA_DOWNLOAD_CENTER_THERMOELECTRIC_HEAT_2024,Export-DownloadCenterFile-20260901-101113.xlsx,raw/terna/historical_2024/Terna_Thermoelectric_Heat_2024_RAW.xlsx,06a18e50214e6e5bd882819a1dde6ba1a0ee0457e0c6728727c12640a4e4a72c
TERNA2024_CHP_HEAT_0375,2024,10,Umbria,Umbria,054,Perugia,Perugia,CSUD,Combustione interna con cogenerazione (CIC),INTERNAL_COMBUSTION_CHP,true,208.3204,208.3204,NUMBER,TYPED_NUMERIC_CELL,376,3,MULTIPLE_SOURCE_ROWS_RETAINED_FOR_AGGREGATION,TERNA_DOWNLOAD_CENTER_THERMOELECTRIC_HEAT_2024,Export-DownloadCenterFile-20260901-101113.xlsx,raw/terna/historical_2024/Terna_Thermoelectric_Heat_2024_RAW.xlsx,06a18e50214e6e5bd882819a1dde6ba1a0ee0457e0c6728727c12640a4e4a72c
TERNA2024_CHP_HEAT_0376,2024,10,Umbria,Umbria,054,Perugia,Perugia,CSUD,Combustione interna con cogenerazione (CIC),INTERNAL_COMBUSTION_CHP,true,3.15489,3.15489,NUMBER,TYPED_NUMERIC_CELL,377,3,MULTIPLE_SOURCE_ROWS_RETAINED_FOR_AGGREGATION,TERNA_DOWNLOAD_CENTER_THERMOELECTRIC_HEAT_2024,Export-DownloadCenterFile-20260901-101113.xlsx,raw/terna/historical_2024/Terna_Thermoelectric_Heat_2024_RAW.xlsx,06a18e50214e6e5bd882819a1dde6ba1a0ee0457e0c6728727c12640a4e4a72c
TERNA2024_CHP_HEAT_0377,2024,10,Umbria,Umbria,055,Terni,Terni,CSUD,Ciclo combinato con cogenerazione (CCC),CCGT_CHP,true,4.114086,4.114086,NUMBER,TYPED_NUMERIC_CELL,378,1,UNIQUE_VISIBLE_GRAIN,TERNA_DOWNLOAD_CENTER_THERMOELECTRIC_HEAT_2024,Export-DownloadCenterFile-20260901-101113.xlsx,raw/terna/historical_2024/Terna_Thermoelectric_Heat_2024_RAW.xlsx,06a18e50214e6e5bd882819a1dde6ba1a0ee0457e0c6728727c12640a4e4a72c
TERNA2024_CHP_HEAT_0378,2024,10,Umbria,Umbria,055,Terni,Terni,CSUD,Combustione interna con cogenerazione (CIC),INTERNAL_COMBUSTION_CHP,true,13.778102,13.778102,NUMBER,TYPED_NUMERIC_CELL,379,3,MULTIPLE_SOURCE_ROWS_RETAINED_FOR_AGGREGATION,TERNA_DOWNLOAD_CENTER_THERMOELECTRIC_HEAT_2024,Export-DownloadCenterFile-20260901-101113.xlsx,raw/terna/historical_2024/Terna_Thermoelectric_Heat_2024_RAW.xlsx,06a18e50214e6e5bd882819a1dde6ba1a0ee0457e0c6728727c12640a4e4a72c
TERNA2024_CHP_HEAT_0379,2024,10,Umbria,Umbria,055,Terni,Terni,CSUD,Combustione interna con cogenerazione (CIC),INTERNAL_COMBUSTION_CHP,true,35.77065,35.77065,NUMBER,TYPED_NUMERIC_CELL,380,3,MULTIPLE_SOURCE_ROWS_RETAINED_FOR_AGGREGATION,TERNA_DOWNLOAD_CENTER_THERMOELECTRIC_HEAT_2024,Export-DownloadCenterFile-20260901-101113.xlsx,raw/terna/historical_2024/Terna_Thermoelectric_Heat_2024_RAW.xlsx,06a18e50214e6e5bd882819a1dde6ba1a0ee0457e0c6728727c12640a4e4a72c
TERNA2024_CHP_HEAT_0380,2024,10,Umbria,Umbria,055,Terni,Terni,CSUD,Combustione interna con cogenerazione (CIC),INTERNAL_COMBUSTION_CHP,true,0,0,NUMBER,TYPED_NUMERIC_CELL,381,3,MULTIPLE_SOURCE_ROWS_RETAINED_FOR_AGGREGATION,TERNA_DOWNLOAD_CENTER_THERMOELECTRIC_HEAT_2024,Export-DownloadCenterFile-20260901-101113.xlsx,raw/terna/historical_2024/Terna_Thermoelectric_Heat_2024_RAW.xlsx,06a18e50214e6e5bd882819a1dde6ba1a0ee0457e0c6728727c12640a4e4a72c
TERNA2024_CHP_HEAT_0381,2024,10,Umbria,Umbria,055,Terni,Terni,CSUD,Condensazione e spillamento (CSC),STEAM_EXTRACTION_CHP,true,0,0,NUMBER,TYPED_NUMERIC_CELL,382,1,UNIQUE_VISIBLE_GRAIN,TERNA_DOWNLOAD_CENTER_THERMOELECTRIC_HEAT_2024,Export-DownloadCenterFile-20260901-101113.xlsx,raw/terna/historical_2024/Terna_Thermoelectric_Heat_2024_RAW.xlsx,06a18e50214e6e5bd882819a1dde6ba1a0ee0457e0c6728727c12640a4e4a72c
TERNA2024_CHP_HEAT_0382,2024,10,Umbria,Umbria,055,Terni,Terni,CSUD,Turbine a gas con cogenerazione (TGC),GT_CHP,true,76.08757,76.08757,NUMBER,TYPED_NUMERIC_CELL,383,1,UNIQUE_VISIBLE_GRAIN,TERNA_DOWNLOAD_CENTER_THERMOELECTRIC_HEAT_2024,Export-DownloadCenterFile-20260901-101113.xlsx,raw/terna/historical_2024/Terna_Thermoelectric_Heat_2024_RAW.xlsx,06a18e50214e6e5bd882819a1dde6ba1a0ee0457e0c6728727c12640a4e4a72c
TERNA2024_CHP_HEAT_0383,2024,02,Valle d'Aosta,Valle d'Aosta/Vallée d'Aoste,007,Aosta,Valle d'Aosta/Vallée d'Aoste,NORD,Combustione interna con cogenerazione (CIC),INTERNAL_COMBUSTION_CHP,true,9.070366,9.070366,NUMBER,TYPED_NUMERIC_CELL,384,3,MULTIPLE_SOURCE_ROWS_RETAINED_FOR_AGGREGATION,TERNA_DOWNLOAD_CENTER_THERMOELECTRIC_HEAT_2024,Export-DownloadCenterFile-20260901-101113.xlsx,raw/terna/historical_2024/Terna_Thermoelectric_Heat_2024_RAW.xlsx,06a18e50214e6e5bd882819a1dde6ba1a0ee0457e0c6728727c12640a4e4a72c
TERNA2024_CHP_HEAT_0384,2024,02,Valle d'Aosta,Valle d'Aosta/Vallée d'Aoste,007,Aosta,Valle d'Aosta/Vallée d'Aoste,NORD,Combustione interna con cogenerazione (CIC),INTERNAL_COMBUSTION_CHP,true,41.667995,41.667995,NUMBER,TYPED_NUMERIC_CELL,385,3,MULTIPLE_SOURCE_ROWS_RETAINED_FOR_AGGREGATION,TERNA_DOWNLOAD_CENTER_THERMOELECTRIC_HEAT_2024,Export-DownloadCenterFile-20260901-101113.xlsx,raw/terna/historical_2024/Terna_Thermoelectric_Heat_2024_RAW.xlsx,06a18e50214e6e5bd882819a1dde6ba1a0ee0457e0c6728727c12640a4e4a72c
TERNA2024_CHP_HEAT_0385,2024,02,Valle d'Aosta,Valle d'Aosta/Vallée d'Aoste,007,Aosta,Valle d'Aosta/Vallée d'Aoste,NORD,Combustione interna con cogenerazione (CIC),INTERNAL_COMBUSTION_CHP,true,0,0,NUMBER,TYPED_NUMERIC_CELL,386,3,MULTIPLE_SOURCE_ROWS_RETAINED_FOR_AGGREGATION,TERNA_DOWNLOAD_CENTER_THERMOELECTRIC_HEAT_2024,Export-DownloadCenterFile-20260901-101113.xlsx,raw/terna/historical_2024/Terna_Thermoelectric_Heat_2024_RAW.xlsx,06a18e50214e6e5bd882819a1dde6ba1a0ee0457e0c6728727c12640a4e4a72c
TERNA2024_CHP_HEAT_0386,2024,02,Valle d'Aosta,Valle d'Aosta/Vallée d'Aoste,007,Aosta,Valle d'Aosta/Vallée d'Aoste,NORD,Condensazione e spillamento (CSC),STEAM_EXTRACTION_CHP,true,15.108448,15.108448,NUMBER,TYPED_NUMERIC_CELL,387,1,UNIQUE_VISIBLE_GRAIN,TERNA_DOWNLOAD_CENTER_THERMOELECTRIC_HEAT_2024,Export-DownloadCenterFile-20260901-101113.xlsx,raw/terna/historical_2024/Terna_Thermoelectric_Heat_2024_RAW.xlsx,06a18e50214e6e5bd882819a1dde6ba1a0ee0457e0c6728727c12640a4e4a72c
TERNA2024_CHP_HEAT_0387,2024,02,Valle d'Aosta,Valle d'Aosta/Vallée d'Aoste,007,Aosta,Valle d'Aosta/Vallée d'Aoste,NORD,Contropressione (CPC),STEAM_BACKPRESSURE_CHP,true,0,0,NUMBER,TYPED_NUMERIC_CELL,388,1,UNIQUE_VISIBLE_GRAIN,TERNA_DOWNLOAD_CENTER_THERMOELECTRIC_HEAT_2024,Export-DownloadCenterFile-20260901-101113.xlsx,raw/terna/historical_2024/Terna_Thermoelectric_Heat_2024_RAW.xlsx,06a18e50214e6e5bd882819a1dde6ba1a0ee0457e0c6728727c12640a4e4a72c
TERNA2024_CHP_HEAT_0388,2024,02,Valle d'Aosta,Valle d'Aosta/Vallée d'Aoste,007,Aosta,Valle d'Aosta/Vallée d'Aoste,NORD,Turbine a gas con cogenerazione (TGC),GT_CHP,true,4.426953,4.426953,NUMBER,TYPED_NUMERIC_CELL,389,1,UNIQUE_VISIBLE_GRAIN,TERNA_DOWNLOAD_CENTER_THERMOELECTRIC_HEAT_2024,Export-DownloadCenterFile-20260901-101113.xlsx,raw/terna/historical_2024/Terna_Thermoelectric_Heat_2024_RAW.xlsx,06a18e50214e6e5bd882819a1dde6ba1a0ee0457e0c6728727c12640a4e4a72c
TERNA2024_CHP_HEAT_0389,2024,05,Veneto,Veneto,025,Belluno,Belluno,NORD,Combustione interna con cogenerazione (CIC),INTERNAL_COMBUSTION_CHP,true,1.150365,1.150365,NUMBER,TYPED_NUMERIC_CELL,390,2,MULTIPLE_SOURCE_ROWS_RETAINED_FOR_AGGREGATION,TERNA_DOWNLOAD_CENTER_THERMOELECTRIC_HEAT_2024,Export-DownloadCenterFile-20260901-101113.xlsx,raw/terna/historical_2024/Terna_Thermoelectric_Heat_2024_RAW.xlsx,06a18e50214e6e5bd882819a1dde6ba1a0ee0457e0c6728727c12640a4e4a72c
TERNA2024_CHP_HEAT_0390,2024,05,Veneto,Veneto,025,Belluno,Belluno,NORD,Combustione interna con cogenerazione (CIC),INTERNAL_COMBUSTION_CHP,true,42.329067,42.329067,NUMBER,TYPED_NUMERIC_CELL,391,2,MULTIPLE_SOURCE_ROWS_RETAINED_FOR_AGGREGATION,TERNA_DOWNLOAD_CENTER_THERMOELECTRIC_HEAT_2024,Export-DownloadCenterFile-20260901-101113.xlsx,raw/terna/historical_2024/Terna_Thermoelectric_Heat_2024_RAW.xlsx,06a18e50214e6e5bd882819a1dde6ba1a0ee0457e0c6728727c12640a4e4a72c
TERNA2024_CHP_HEAT_0391,2024,05,Veneto,Veneto,025,Belluno,Belluno,NORD,Contropressione (CPC),STEAM_BACKPRESSURE_CHP,true,229.12698,229.12698,NUMBER,TYPED_NUMERIC_CELL,392,1,UNIQUE_VISIBLE_GRAIN,TERNA_DOWNLOAD_CENTER_THERMOELECTRIC_HEAT_2024,Export-DownloadCenterFile-20260901-101113.xlsx,raw/terna/historical_2024/Terna_Thermoelectric_Heat_2024_RAW.xlsx,06a18e50214e6e5bd882819a1dde6ba1a0ee0457e0c6728727c12640a4e4a72c
TERNA2024_CHP_HEAT_0392,2024,05,Veneto,Veneto,028,Padova,Padova,NORD,Celle combustibili con cogenerazione (CEC),FUEL_CELL_CHP,true,0,0,NUMBER,TYPED_NUMERIC_CELL,393,1,UNIQUE_VISIBLE_GRAIN,TERNA_DOWNLOAD_CENTER_THERMOELECTRIC_HEAT_2024,Export-DownloadCenterFile-20260901-101113.xlsx,raw/terna/historical_2024/Terna_Thermoelectric_Heat_2024_RAW.xlsx,06a18e50214e6e5bd882819a1dde6ba1a0ee0457e0c6728727c12640a4e4a72c
TERNA2024_CHP_HEAT_0393,2024,05,Veneto,Veneto,028,Padova,Padova,NORD,Ciclo combinato con cogenerazione (CCC),CCGT_CHP,true,1.870852,1.870852,NUMBER,TYPED_NUMERIC_CELL,394,2,MULTIPLE_SOURCE_ROWS_RETAINED_FOR_AGGREGATION,TERNA_DOWNLOAD_CENTER_THERMOELECTRIC_HEAT_2024,Export-DownloadCenterFile-20260901-101113.xlsx,raw/terna/historical_2024/Terna_Thermoelectric_Heat_2024_RAW.xlsx,06a18e50214e6e5bd882819a1dde6ba1a0ee0457e0c6728727c12640a4e4a72c
TERNA2024_CHP_HEAT_0394,2024,05,Veneto,Veneto,028,Padova,Padova,NORD,Ciclo combinato con cogenerazione (CCC),CCGT_CHP,true,107.50785,107.50785,NUMBER,TYPED_NUMERIC_CELL,395,2,MULTIPLE_SOURCE_ROWS_RETAINED_FOR_AGGREGATION,TERNA_DOWNLOAD_CENTER_THERMOELECTRIC_HEAT_2024,Export-DownloadCenterFile-20260901-101113.xlsx,raw/terna/historical_2024/Terna_Thermoelectric_Heat_2024_RAW.xlsx,06a18e50214e6e5bd882819a1dde6ba1a0ee0457e0c6728727c12640a4e4a72c
TERNA2024_CHP_HEAT_0395,2024,05,Veneto,Veneto,028,Padova,Padova,NORD,Combustione interna con cogenerazione (CIC),INTERNAL_COMBUSTION_CHP,true,227.87025,227.87025,NUMBER,TYPED_NUMERIC_CELL,396,3,MULTIPLE_SOURCE_ROWS_RETAINED_FOR_AGGREGATION,TERNA_DOWNLOAD_CENTER_THERMOELECTRIC_HEAT_2024,Export-DownloadCenterFile-20260901-101113.xlsx,raw/terna/historical_2024/Terna_Thermoelectric_Heat_2024_RAW.xlsx,06a18e50214e6e5bd882819a1dde6ba1a0ee0457e0c6728727c12640a4e4a72c
TERNA2024_CHP_HEAT_0396,2024,05,Veneto,Veneto,028,Padova,Padova,NORD,Combustione interna con cogenerazione (CIC),INTERNAL_COMBUSTION_CHP,true,174.83011,174.83011,NUMBER,TYPED_NUMERIC_CELL,397,3,MULTIPLE_SOURCE_ROWS_RETAINED_FOR_AGGREGATION,TERNA_DOWNLOAD_CENTER_THERMOELECTRIC_HEAT_2024,Export-DownloadCenterFile-20260901-101113.xlsx,raw/terna/historical_2024/Terna_Thermoelectric_Heat_2024_RAW.xlsx,06a18e50214e6e5bd882819a1dde6ba1a0ee0457e0c6728727c12640a4e4a72c
TERNA2024_CHP_HEAT_0397,2024,05,Veneto,Veneto,028,Padova,Padova,NORD,Combustione interna con cogenerazione (CIC),INTERNAL_COMBUSTION_CHP,true,0.021182,0.021182,NUMBER,TYPED_NUMERIC_CELL,398,3,MULTIPLE_SOURCE_ROWS_RETAINED_FOR_AGGREGATION,TERNA_DOWNLOAD_CENTER_THERMOELECTRIC_HEAT_2024,Export-DownloadCenterFile-20260901-101113.xlsx,raw/terna/historical_2024/Terna_Thermoelectric_Heat_2024_RAW.xlsx,06a18e50214e6e5bd882819a1dde6ba1a0ee0457e0c6728727c12640a4e4a72c
TERNA2024_CHP_HEAT_0398,2024,05,Veneto,Veneto,028,Padova,Padova,NORD,Condensazione e spillamento (CSC),STEAM_EXTRACTION_CHP,true,38.44252,38.44252,NUMBER,TYPED_NUMERIC_CELL,399,1,UNIQUE_VISIBLE_GRAIN,TERNA_DOWNLOAD_CENTER_THERMOELECTRIC_HEAT_2024,Export-DownloadCenterFile-20260901-101113.xlsx,raw/terna/historical_2024/Terna_Thermoelectric_Heat_2024_RAW.xlsx,06a18e50214e6e5bd882819a1dde6ba1a0ee0457e0c6728727c12640a4e4a72c
TERNA2024_CHP_HEAT_0399,2024,05,Veneto,Veneto,028,Padova,Padova,NORD,Contropressione (CPC),STEAM_BACKPRESSURE_CHP,true,20.70283,20.70283,NUMBER,TYPED_NUMERIC_CELL,400,3,MULTIPLE_SOURCE_ROWS_RETAINED_FOR_AGGREGATION,TERNA_DOWNLOAD_CENTER_THERMOELECTRIC_HEAT_2024,Export-DownloadCenterFile-20260901-101113.xlsx,raw/terna/historical_2024/Terna_Thermoelectric_Heat_2024_RAW.xlsx,06a18e50214e6e5bd882819a1dde6ba1a0ee0457e0c6728727c12640a4e4a72c
TERNA2024_CHP_HEAT_0400,2024,05,Veneto,Veneto,028,Padova,Padova,NORD,Contropressione (CPC),STEAM_BACKPRESSURE_CHP,true,0,0,NUMBER,TYPED_NUMERIC_CELL,401,3,MULTIPLE_SOURCE_ROWS_RETAINED_FOR_AGGREGATION,TERNA_DOWNLOAD_CENTER_THERMOELECTRIC_HEAT_2024,Export-DownloadCenterFile-20260901-101113.xlsx,raw/terna/historical_2024/Terna_Thermoelectric_Heat_2024_RAW.xlsx,06a18e50214e6e5bd882819a1dde6ba1a0ee0457e0c6728727c12640a4e4a72c
TERNA2024_CHP_HEAT_0401,2024,05,Veneto,Veneto,028,Padova,Padova,NORD,Contropressione (CPC),STEAM_BACKPRESSURE_CHP,true,0,0,NUMBER,TYPED_NUMERIC_CELL,402,3,MULTIPLE_SOURCE_ROWS_RETAINED_FOR_AGGREGATION,TERNA_DOWNLOAD_CENTER_THERMOELECTRIC_HEAT_2024,Export-DownloadCenterFile-20260901-101113.xlsx,raw/terna/historical_2024/Terna_Thermoelectric_Heat_2024_RAW.xlsx,06a18e50214e6e5bd882819a1dde6ba1a0ee0457e0c6728727c12640a4e4a72c
TERNA2024_CHP_HEAT_0402,2024,05,Veneto,Veneto,028,Padova,Padova,NORD,Turbine a gas con cogenerazione (TGC),GT_CHP,true,0,0,NUMBER,TYPED_NUMERIC_CELL,403,2,MULTIPLE_SOURCE_ROWS_RETAINED_FOR_AGGREGATION,TERNA_DOWNLOAD_CENTER_THERMOELECTRIC_HEAT_2024,Export-DownloadCenterFile-20260901-101113.xlsx,raw/terna/historical_2024/Terna_Thermoelectric_Heat_2024_RAW.xlsx,06a18e50214e6e5bd882819a1dde6ba1a0ee0457e0c6728727c12640a4e4a72c
TERNA2024_CHP_HEAT_0403,2024,05,Veneto,Veneto,028,Padova,Padova,NORD,Turbine a gas con cogenerazione (TGC),GT_CHP,true,117.20825,117.20825,NUMBER,TYPED_NUMERIC_CELL,404,2,MULTIPLE_SOURCE_ROWS_RETAINED_FOR_AGGREGATION,TERNA_DOWNLOAD_CENTER_THERMOELECTRIC_HEAT_2024,Export-DownloadCenterFile-20260901-101113.xlsx,raw/terna/historical_2024/Terna_Thermoelectric_Heat_2024_RAW.xlsx,06a18e50214e6e5bd882819a1dde6ba1a0ee0457e0c6728727c12640a4e4a72c
TERNA2024_CHP_HEAT_0404,2024,05,Veneto,Veneto,029,Rovigo,Rovigo,NORD,Ciclo combinato con cogenerazione (CCC),CCGT_CHP,true,328.97098,328.97098,NUMBER,TYPED_NUMERIC_CELL,405,1,UNIQUE_VISIBLE_GRAIN,TERNA_DOWNLOAD_CENTER_THERMOELECTRIC_HEAT_2024,Export-DownloadCenterFile-20260901-101113.xlsx,raw/terna/historical_2024/Terna_Thermoelectric_Heat_2024_RAW.xlsx,06a18e50214e6e5bd882819a1dde6ba1a0ee0457e0c6728727c12640a4e4a72c
TERNA2024_CHP_HEAT_0405,2024,05,Veneto,Veneto,029,Rovigo,Rovigo,NORD,Combustione interna con cogenerazione (CIC),INTERNAL_COMBUSTION_CHP,true,41.805202,41.805202,NUMBER,TYPED_NUMERIC_CELL,406,4,MULTIPLE_SOURCE_ROWS_RETAINED_FOR_AGGREGATION,TERNA_DOWNLOAD_CENTER_THERMOELECTRIC_HEAT_2024,Export-DownloadCenterFile-20260901-101113.xlsx,raw/terna/historical_2024/Terna_Thermoelectric_Heat_2024_RAW.xlsx,06a18e50214e6e5bd882819a1dde6ba1a0ee0457e0c6728727c12640a4e4a72c
TERNA2024_CHP_HEAT_0406,2024,05,Veneto,Veneto,029,Rovigo,Rovigo,NORD,Combustione interna con cogenerazione (CIC),INTERNAL_COMBUSTION_CHP,true,0,0,NUMBER,TYPED_NUMERIC_CELL,407,4,MULTIPLE_SOURCE_ROWS_RETAINED_FOR_AGGREGATION,TERNA_DOWNLOAD_CENTER_THERMOELECTRIC_HEAT_2024,Export-DownloadCenterFile-20260901-101113.xlsx,raw/terna/historical_2024/Terna_Thermoelectric_Heat_2024_RAW.xlsx,06a18e50214e6e5bd882819a1dde6ba1a0ee0457e0c6728727c12640a4e4a72c
TERNA2024_CHP_HEAT_0407,2024,05,Veneto,Veneto,029,Rovigo,Rovigo,NORD,Combustione interna con cogenerazione (CIC),INTERNAL_COMBUSTION_CHP,true,25.50833,25.50833,NUMBER,TYPED_NUMERIC_CELL,408,4,MULTIPLE_SOURCE_ROWS_RETAINED_FOR_AGGREGATION,TERNA_DOWNLOAD_CENTER_THERMOELECTRIC_HEAT_2024,Export-DownloadCenterFile-20260901-101113.xlsx,raw/terna/historical_2024/Terna_Thermoelectric_Heat_2024_RAW.xlsx,06a18e50214e6e5bd882819a1dde6ba1a0ee0457e0c6728727c12640a4e4a72c
TERNA2024_CHP_HEAT_0408,2024,05,Veneto,Veneto,029,Rovigo,Rovigo,NORD,Combustione interna con cogenerazione (CIC),INTERNAL_COMBUSTION_CHP,true,0,0,NUMBER,TYPED_NUMERIC_CELL,409,4,MULTIPLE_SOURCE_ROWS_RETAINED_FOR_AGGREGATION,TERNA_DOWNLOAD_CENTER_THERMOELECTRIC_HEAT_2024,Export-DownloadCenterFile-20260901-101113.xlsx,raw/terna/historical_2024/Terna_Thermoelectric_Heat_2024_RAW.xlsx,06a18e50214e6e5bd882819a1dde6ba1a0ee0457e0c6728727c12640a4e4a72c
TERNA2024_CHP_HEAT_0409,2024,05,Veneto,Veneto,029,Rovigo,Rovigo,NORD,Condensazione e spillamento (CSC),STEAM_EXTRACTION_CHP,true,127.642395,127.642395,NUMBER,TYPED_NUMERIC_CELL,410,1,UNIQUE_VISIBLE_GRAIN,TERNA_DOWNLOAD_CENTER_THERMOELECTRIC_HEAT_2024,Export-DownloadCenterFile-20260901-101113.xlsx,raw/terna/historical_2024/Terna_Thermoelectric_Heat_2024_RAW.xlsx,06a18e50214e6e5bd882819a1dde6ba1a0ee0457e0c6728727c12640a4e4a72c
TERNA2024_CHP_HEAT_0410,2024,05,Veneto,Veneto,029,Rovigo,Rovigo,NORD,Contropressione (CPC),STEAM_BACKPRESSURE_CHP,true,10.854394,10.854394,NUMBER,TYPED_NUMERIC_CELL,411,1,UNIQUE_VISIBLE_GRAIN,TERNA_DOWNLOAD_CENTER_THERMOELECTRIC_HEAT_2024,Export-DownloadCenterFile-20260901-101113.xlsx,raw/terna/historical_2024/Terna_Thermoelectric_Heat_2024_RAW.xlsx,06a18e50214e6e5bd882819a1dde6ba1a0ee0457e0c6728727c12640a4e4a72c
TERNA2024_CHP_HEAT_0411,2024,05,Veneto,Veneto,029,Rovigo,Rovigo,NORD,Turbine a gas con cogenerazione (TGC),GT_CHP,true,181.77426,181.77426,NUMBER,TYPED_NUMERIC_CELL,412,1,UNIQUE_VISIBLE_GRAIN,TERNA_DOWNLOAD_CENTER_THERMOELECTRIC_HEAT_2024,Export-DownloadCenterFile-20260901-101113.xlsx,raw/terna/historical_2024/Terna_Thermoelectric_Heat_2024_RAW.xlsx,06a18e50214e6e5bd882819a1dde6ba1a0ee0457e0c6728727c12640a4e4a72c
TERNA2024_CHP_HEAT_0412,2024,05,Veneto,Veneto,026,Treviso,Treviso,NORD,Celle combustibili con cogenerazione (CEC),FUEL_CELL_CHP,true,0,0,NUMBER,TYPED_NUMERIC_CELL,413,1,UNIQUE_VISIBLE_GRAIN,TERNA_DOWNLOAD_CENTER_THERMOELECTRIC_HEAT_2024,Export-DownloadCenterFile-20260901-101113.xlsx,raw/terna/historical_2024/Terna_Thermoelectric_Heat_2024_RAW.xlsx,06a18e50214e6e5bd882819a1dde6ba1a0ee0457e0c6728727c12640a4e4a72c
TERNA2024_CHP_HEAT_0413,2024,05,Veneto,Veneto,026,Treviso,Treviso,NORD,Ciclo combinato con cogenerazione (CCC),CCGT_CHP,true,32.138077,32.138077,NUMBER,TYPED_NUMERIC_CELL,414,1,UNIQUE_VISIBLE_GRAIN,TERNA_DOWNLOAD_CENTER_THERMOELECTRIC_HEAT_2024,Export-DownloadCenterFile-20260901-101113.xlsx,raw/terna/historical_2024/Terna_Thermoelectric_Heat_2024_RAW.xlsx,06a18e50214e6e5bd882819a1dde6ba1a0ee0457e0c6728727c12640a4e4a72c
TERNA2024_CHP_HEAT_0414,2024,05,Veneto,Veneto,026,Treviso,Treviso,NORD,Combustione interna con cogenerazione (CIC),INTERNAL_COMBUSTION_CHP,true,61.82571,61.82571,NUMBER,TYPED_NUMERIC_CELL,415,2,MULTIPLE_SOURCE_ROWS_RETAINED_FOR_AGGREGATION,TERNA_DOWNLOAD_CENTER_THERMOELECTRIC_HEAT_2024,Export-DownloadCenterFile-20260901-101113.xlsx,raw/terna/historical_2024/Terna_Thermoelectric_Heat_2024_RAW.xlsx,06a18e50214e6e5bd882819a1dde6ba1a0ee0457e0c6728727c12640a4e4a72c
TERNA2024_CHP_HEAT_0415,2024,05,Veneto,Veneto,026,Treviso,Treviso,NORD,Combustione interna con cogenerazione (CIC),INTERNAL_COMBUSTION_CHP,true,160.07256,160.07256,NUMBER,TYPED_NUMERIC_CELL,416,2,MULTIPLE_SOURCE_ROWS_RETAINED_FOR_AGGREGATION,TERNA_DOWNLOAD_CENTER_THERMOELECTRIC_HEAT_2024,Export-DownloadCenterFile-20260901-101113.xlsx,raw/terna/historical_2024/Terna_Thermoelectric_Heat_2024_RAW.xlsx,06a18e50214e6e5bd882819a1dde6ba1a0ee0457e0c6728727c12640a4e4a72c
TERNA2024_CHP_HEAT_0416,2024,05,Veneto,Veneto,026,Treviso,Treviso,NORD,Turbine a gas con cogenerazione (TGC),GT_CHP,true,0,0,NUMBER,TYPED_NUMERIC_CELL,417,2,MULTIPLE_SOURCE_ROWS_RETAINED_FOR_AGGREGATION,TERNA_DOWNLOAD_CENTER_THERMOELECTRIC_HEAT_2024,Export-DownloadCenterFile-20260901-101113.xlsx,raw/terna/historical_2024/Terna_Thermoelectric_Heat_2024_RAW.xlsx,06a18e50214e6e5bd882819a1dde6ba1a0ee0457e0c6728727c12640a4e4a72c
TERNA2024_CHP_HEAT_0417,2024,05,Veneto,Veneto,026,Treviso,Treviso,NORD,Turbine a gas con cogenerazione (TGC),GT_CHP,true,122.673615,122.673615,NUMBER,TYPED_NUMERIC_CELL,418,2,MULTIPLE_SOURCE_ROWS_RETAINED_FOR_AGGREGATION,TERNA_DOWNLOAD_CENTER_THERMOELECTRIC_HEAT_2024,Export-DownloadCenterFile-20260901-101113.xlsx,raw/terna/historical_2024/Terna_Thermoelectric_Heat_2024_RAW.xlsx,06a18e50214e6e5bd882819a1dde6ba1a0ee0457e0c6728727c12640a4e4a72c
TERNA2024_CHP_HEAT_0418,2024,05,Veneto,Veneto,027,Venezia,Venezia,NORD,Ciclo combinato con cogenerazione (CCC),CCGT_CHP,true,7.59688,7.59688,NUMBER,TYPED_NUMERIC_CELL,419,3,MULTIPLE_SOURCE_ROWS_RETAINED_FOR_AGGREGATION,TERNA_DOWNLOAD_CENTER_THERMOELECTRIC_HEAT_2024,Export-DownloadCenterFile-20260901-101113.xlsx,raw/terna/historical_2024/Terna_Thermoelectric_Heat_2024_RAW.xlsx,06a18e50214e6e5bd882819a1dde6ba1a0ee0457e0c6728727c12640a4e4a72c
TERNA2024_CHP_HEAT_0419,2024,05,Veneto,Veneto,027,Venezia,Venezia,NORD,Ciclo combinato con cogenerazione (CCC),CCGT_CHP,true,19.849308,19.849308,NUMBER,TYPED_NUMERIC_CELL,420,3,MULTIPLE_SOURCE_ROWS_RETAINED_FOR_AGGREGATION,TERNA_DOWNLOAD_CENTER_THERMOELECTRIC_HEAT_2024,Export-DownloadCenterFile-20260901-101113.xlsx,raw/terna/historical_2024/Terna_Thermoelectric_Heat_2024_RAW.xlsx,06a18e50214e6e5bd882819a1dde6ba1a0ee0457e0c6728727c12640a4e4a72c
TERNA2024_CHP_HEAT_0420,2024,05,Veneto,Veneto,027,Venezia,Venezia,NORD,Ciclo combinato con cogenerazione (CCC),CCGT_CHP,true,535.38135,535.38135,NUMBER,TYPED_NUMERIC_CELL,421,3,MULTIPLE_SOURCE_ROWS_RETAINED_FOR_AGGREGATION,TERNA_DOWNLOAD_CENTER_THERMOELECTRIC_HEAT_2024,Export-DownloadCenterFile-20260901-101113.xlsx,raw/terna/historical_2024/Terna_Thermoelectric_Heat_2024_RAW.xlsx,06a18e50214e6e5bd882819a1dde6ba1a0ee0457e0c6728727c12640a4e4a72c
TERNA2024_CHP_HEAT_0421,2024,05,Veneto,Veneto,027,Venezia,Venezia,NORD,Combustione interna con cogenerazione (CIC),INTERNAL_COMBUSTION_CHP,true,156.34592,156.34592,NUMBER,TYPED_NUMERIC_CELL,422,2,MULTIPLE_SOURCE_ROWS_RETAINED_FOR_AGGREGATION,TERNA_DOWNLOAD_CENTER_THERMOELECTRIC_HEAT_2024,Export-DownloadCenterFile-20260901-101113.xlsx,raw/terna/historical_2024/Terna_Thermoelectric_Heat_2024_RAW.xlsx,06a18e50214e6e5bd882819a1dde6ba1a0ee0457e0c6728727c12640a4e4a72c
TERNA2024_CHP_HEAT_0422,2024,05,Veneto,Veneto,027,Venezia,Venezia,NORD,Combustione interna con cogenerazione (CIC),INTERNAL_COMBUSTION_CHP,true,80.788635,80.788635,NUMBER,TYPED_NUMERIC_CELL,423,2,MULTIPLE_SOURCE_ROWS_RETAINED_FOR_AGGREGATION,TERNA_DOWNLOAD_CENTER_THERMOELECTRIC_HEAT_2024,Export-DownloadCenterFile-20260901-101113.xlsx,raw/terna/historical_2024/Terna_Thermoelectric_Heat_2024_RAW.xlsx,06a18e50214e6e5bd882819a1dde6ba1a0ee0457e0c6728727c12640a4e4a72c
TERNA2024_CHP_HEAT_0423,2024,05,Veneto,Veneto,027,Venezia,Venezia,NORD,Condensazione e spillamento (CSC),STEAM_EXTRACTION_CHP,true,458.058,458.058,NUMBER,TYPED_NUMERIC_CELL,424,2,MULTIPLE_SOURCE_ROWS_RETAINED_FOR_AGGREGATION,TERNA_DOWNLOAD_CENTER_THERMOELECTRIC_HEAT_2024,Export-DownloadCenterFile-20260901-101113.xlsx,raw/terna/historical_2024/Terna_Thermoelectric_Heat_2024_RAW.xlsx,06a18e50214e6e5bd882819a1dde6ba1a0ee0457e0c6728727c12640a4e4a72c
TERNA2024_CHP_HEAT_0424,2024,05,Veneto,Veneto,027,Venezia,Venezia,NORD,Condensazione e spillamento (CSC),STEAM_EXTRACTION_CHP,true,21.172289,21.172289,NUMBER,TYPED_NUMERIC_CELL,425,2,MULTIPLE_SOURCE_ROWS_RETAINED_FOR_AGGREGATION,TERNA_DOWNLOAD_CENTER_THERMOELECTRIC_HEAT_2024,Export-DownloadCenterFile-20260901-101113.xlsx,raw/terna/historical_2024/Terna_Thermoelectric_Heat_2024_RAW.xlsx,06a18e50214e6e5bd882819a1dde6ba1a0ee0457e0c6728727c12640a4e4a72c
TERNA2024_CHP_HEAT_0425,2024,05,Veneto,Veneto,027,Venezia,Venezia,NORD,Turbine a gas con cogenerazione (TGC),GT_CHP,true,2.581266,2.581266,NUMBER,TYPED_NUMERIC_CELL,426,1,UNIQUE_VISIBLE_GRAIN,TERNA_DOWNLOAD_CENTER_THERMOELECTRIC_HEAT_2024,Export-DownloadCenterFile-20260901-101113.xlsx,raw/terna/historical_2024/Terna_Thermoelectric_Heat_2024_RAW.xlsx,06a18e50214e6e5bd882819a1dde6ba1a0ee0457e0c6728727c12640a4e4a72c
TERNA2024_CHP_HEAT_0426,2024,05,Veneto,Veneto,023,Verona,Verona,NORD,Ciclo combinato con cogenerazione (CCC),CCGT_CHP,true,68.359,68.359,NUMBER,TYPED_NUMERIC_CELL,427,1,UNIQUE_VISIBLE_GRAIN,TERNA_DOWNLOAD_CENTER_THERMOELECTRIC_HEAT_2024,Export-DownloadCenterFile-20260901-101113.xlsx,raw/terna/historical_2024/Terna_Thermoelectric_Heat_2024_RAW.xlsx,06a18e50214e6e5bd882819a1dde6ba1a0ee0457e0c6728727c12640a4e4a72c
TERNA2024_CHP_HEAT_0427,2024,05,Veneto,Veneto,023,Verona,Verona,NORD,Combustione interna con cogenerazione (CIC),INTERNAL_COMBUSTION_CHP,true,135.43347,135.43347,NUMBER,TYPED_NUMERIC_CELL,428,3,MULTIPLE_SOURCE_ROWS_RETAINED_FOR_AGGREGATION,TERNA_DOWNLOAD_CENTER_THERMOELECTRIC_HEAT_2024,Export-DownloadCenterFile-20260901-101113.xlsx,raw/terna/historical_2024/Terna_Thermoelectric_Heat_2024_RAW.xlsx,06a18e50214e6e5bd882819a1dde6ba1a0ee0457e0c6728727c12640a4e4a72c
TERNA2024_CHP_HEAT_0428,2024,05,Veneto,Veneto,023,Verona,Verona,NORD,Combustione interna con cogenerazione (CIC),INTERNAL_COMBUSTION_CHP,true,279.2678,279.2678,NUMBER,TYPED_NUMERIC_CELL,429,3,MULTIPLE_SOURCE_ROWS_RETAINED_FOR_AGGREGATION,TERNA_DOWNLOAD_CENTER_THERMOELECTRIC_HEAT_2024,Export-DownloadCenterFile-20260901-101113.xlsx,raw/terna/historical_2024/Terna_Thermoelectric_Heat_2024_RAW.xlsx,06a18e50214e6e5bd882819a1dde6ba1a0ee0457e0c6728727c12640a4e4a72c
TERNA2024_CHP_HEAT_0429,2024,05,Veneto,Veneto,023,Verona,Verona,NORD,Combustione interna con cogenerazione (CIC),INTERNAL_COMBUSTION_CHP,true,0.016673,0.016673,NUMBER,TYPED_NUMERIC_CELL,430,3,MULTIPLE_SOURCE_ROWS_RETAINED_FOR_AGGREGATION,TERNA_DOWNLOAD_CENTER_THERMOELECTRIC_HEAT_2024,Export-DownloadCenterFile-20260901-101113.xlsx,raw/terna/historical_2024/Terna_Thermoelectric_Heat_2024_RAW.xlsx,06a18e50214e6e5bd882819a1dde6ba1a0ee0457e0c6728727c12640a4e4a72c
TERNA2024_CHP_HEAT_0430,2024,05,Veneto,Veneto,023,Verona,Verona,NORD,Contropressione (CPC),STEAM_BACKPRESSURE_CHP,true,52.428032,52.428032,NUMBER,TYPED_NUMERIC_CELL,431,2,MULTIPLE_SOURCE_ROWS_RETAINED_FOR_AGGREGATION,TERNA_DOWNLOAD_CENTER_THERMOELECTRIC_HEAT_2024,Export-DownloadCenterFile-20260901-101113.xlsx,raw/terna/historical_2024/Terna_Thermoelectric_Heat_2024_RAW.xlsx,06a18e50214e6e5bd882819a1dde6ba1a0ee0457e0c6728727c12640a4e4a72c
TERNA2024_CHP_HEAT_0431,2024,05,Veneto,Veneto,023,Verona,Verona,NORD,Contropressione (CPC),STEAM_BACKPRESSURE_CHP,true,0,0,NUMBER,TYPED_NUMERIC_CELL,432,2,MULTIPLE_SOURCE_ROWS_RETAINED_FOR_AGGREGATION,TERNA_DOWNLOAD_CENTER_THERMOELECTRIC_HEAT_2024,Export-DownloadCenterFile-20260901-101113.xlsx,raw/terna/historical_2024/Terna_Thermoelectric_Heat_2024_RAW.xlsx,06a18e50214e6e5bd882819a1dde6ba1a0ee0457e0c6728727c12640a4e4a72c
TERNA2024_CHP_HEAT_0432,2024,05,Veneto,Veneto,023,Verona,Verona,NORD,Turbine a gas con cogenerazione (TGC),GT_CHP,true,191.14359,191.14359,NUMBER,TYPED_NUMERIC_CELL,433,1,UNIQUE_VISIBLE_GRAIN,TERNA_DOWNLOAD_CENTER_THERMOELECTRIC_HEAT_2024,Export-DownloadCenterFile-20260901-101113.xlsx,raw/terna/historical_2024/Terna_Thermoelectric_Heat_2024_RAW.xlsx,06a18e50214e6e5bd882819a1dde6ba1a0ee0457e0c6728727c12640a4e4a72c
TERNA2024_CHP_HEAT_0433,2024,05,Veneto,Veneto,024,Vicenza,Vicenza,NORD,Ciclo combinato con cogenerazione (CCC),CCGT_CHP,true,48.19084,48.19084,NUMBER,TYPED_NUMERIC_CELL,434,1,UNIQUE_VISIBLE_GRAIN,TERNA_DOWNLOAD_CENTER_THERMOELECTRIC_HEAT_2024,Export-DownloadCenterFile-20260901-101113.xlsx,raw/terna/historical_2024/Terna_Thermoelectric_Heat_2024_RAW.xlsx,06a18e50214e6e5bd882819a1dde6ba1a0ee0457e0c6728727c12640a4e4a72c
TERNA2024_CHP_HEAT_0434,2024,05,Veneto,Veneto,024,Vicenza,Vicenza,NORD,Combustione interna con cogenerazione (CIC),INTERNAL_COMBUSTION_CHP,true,46.9601,46.9601,NUMBER,TYPED_NUMERIC_CELL,435,3,MULTIPLE_SOURCE_ROWS_RETAINED_FOR_AGGREGATION,TERNA_DOWNLOAD_CENTER_THERMOELECTRIC_HEAT_2024,Export-DownloadCenterFile-20260901-101113.xlsx,raw/terna/historical_2024/Terna_Thermoelectric_Heat_2024_RAW.xlsx,06a18e50214e6e5bd882819a1dde6ba1a0ee0457e0c6728727c12640a4e4a72c
TERNA2024_CHP_HEAT_0435,2024,05,Veneto,Veneto,024,Vicenza,Vicenza,NORD,Combustione interna con cogenerazione (CIC),INTERNAL_COMBUSTION_CHP,true,237.36855,237.36855,NUMBER,TYPED_NUMERIC_CELL,436,3,MULTIPLE_SOURCE_ROWS_RETAINED_FOR_AGGREGATION,TERNA_DOWNLOAD_CENTER_THERMOELECTRIC_HEAT_2024,Export-DownloadCenterFile-20260901-101113.xlsx,raw/terna/historical_2024/Terna_Thermoelectric_Heat_2024_RAW.xlsx,06a18e50214e6e5bd882819a1dde6ba1a0ee0457e0c6728727c12640a4e4a72c
TERNA2024_CHP_HEAT_0436,2024,05,Veneto,Veneto,024,Vicenza,Vicenza,NORD,Combustione interna con cogenerazione (CIC),INTERNAL_COMBUSTION_CHP,true,0,0,NUMBER,TYPED_NUMERIC_CELL,437,3,MULTIPLE_SOURCE_ROWS_RETAINED_FOR_AGGREGATION,TERNA_DOWNLOAD_CENTER_THERMOELECTRIC_HEAT_2024,Export-DownloadCenterFile-20260901-101113.xlsx,raw/terna/historical_2024/Terna_Thermoelectric_Heat_2024_RAW.xlsx,06a18e50214e6e5bd882819a1dde6ba1a0ee0457e0c6728727c12640a4e4a72c
TERNA2024_CHP_HEAT_0437,2024,05,Veneto,Veneto,024,Vicenza,Vicenza,NORD,Condensazione e spillamento (CSC),STEAM_EXTRACTION_CHP,true,106.67186,106.67186,NUMBER,TYPED_NUMERIC_CELL,438,2,MULTIPLE_SOURCE_ROWS_RETAINED_FOR_AGGREGATION,TERNA_DOWNLOAD_CENTER_THERMOELECTRIC_HEAT_2024,Export-DownloadCenterFile-20260901-101113.xlsx,raw/terna/historical_2024/Terna_Thermoelectric_Heat_2024_RAW.xlsx,06a18e50214e6e5bd882819a1dde6ba1a0ee0457e0c6728727c12640a4e4a72c
TERNA2024_CHP_HEAT_0438,2024,05,Veneto,Veneto,024,Vicenza,Vicenza,NORD,Condensazione e spillamento (CSC),STEAM_EXTRACTION_CHP,true,0,0,NUMBER,TYPED_NUMERIC_CELL,439,2,MULTIPLE_SOURCE_ROWS_RETAINED_FOR_AGGREGATION,TERNA_DOWNLOAD_CENTER_THERMOELECTRIC_HEAT_2024,Export-DownloadCenterFile-20260901-101113.xlsx,raw/terna/historical_2024/Terna_Thermoelectric_Heat_2024_RAW.xlsx,06a18e50214e6e5bd882819a1dde6ba1a0ee0457e0c6728727c12640a4e4a72c
TERNA2024_CHP_HEAT_0439,2024,05,Veneto,Veneto,024,Vicenza,Vicenza,NORD,Contropressione (CPC),STEAM_BACKPRESSURE_CHP,true,164.46523,164.46523,NUMBER,TYPED_NUMERIC_CELL,440,2,MULTIPLE_SOURCE_ROWS_RETAINED_FOR_AGGREGATION,TERNA_DOWNLOAD_CENTER_THERMOELECTRIC_HEAT_2024,Export-DownloadCenterFile-20260901-101113.xlsx,raw/terna/historical_2024/Terna_Thermoelectric_Heat_2024_RAW.xlsx,06a18e50214e6e5bd882819a1dde6ba1a0ee0457e0c6728727c12640a4e4a72c
TERNA2024_CHP_HEAT_0440,2024,05,Veneto,Veneto,024,Vicenza,Vicenza,NORD,Contropressione (CPC),STEAM_BACKPRESSURE_CHP,true,0,0,NUMBER,TYPED_NUMERIC_CELL,441,2,MULTIPLE_SOURCE_ROWS_RETAINED_FOR_AGGREGATION,TERNA_DOWNLOAD_CENTER_THERMOELECTRIC_HEAT_2024,Export-DownloadCenterFile-20260901-101113.xlsx,raw/terna/historical_2024/Terna_Thermoelectric_Heat_2024_RAW.xlsx,06a18e50214e6e5bd882819a1dde6ba1a0ee0457e0c6728727c12640a4e4a72c
TERNA2024_CHP_HEAT_0441,2024,05,Veneto,Veneto,024,Vicenza,Vicenza,NORD,Turbine a gas con cogenerazione (TGC),GT_CHP,true,0,0,NUMBER,TYPED_NUMERIC_CELL,442,1,UNIQUE_VISIBLE_GRAIN,TERNA_DOWNLOAD_CENTER_THERMOELECTRIC_HEAT_2024,Export-DownloadCenterFile-20260901-101113.xlsx,raw/terna/historical_2024/Terna_Thermoelectric_Heat_2024_RAW.xlsx,06a18e50214e6e5bd882819a1dde6ba1a0ee0457e0c6728727c12640a4e4a72c
TERNA2024_CHP_HEAT_0442,2024,15,Campania,Campania,062,Benevento,Benevento,CSUD,Combustione interna con cogenerazione (CIC),INTERNAL_COMBUSTION_CHP,true,0.042247,0.042247,NUMBER,TYPED_NUMERIC_CELL,443,2,MULTIPLE_SOURCE_ROWS_RETAINED_FOR_AGGREGATION,TERNA_DOWNLOAD_CENTER_THERMOELECTRIC_HEAT_2024,Export-DownloadCenterFile-20260901-101113.xlsx,raw/terna/historical_2024/Terna_Thermoelectric_Heat_2024_RAW.xlsx,06a18e50214e6e5bd882819a1dde6ba1a0ee0457e0c6728727c12640a4e4a72c
TERNA2024_CHP_HEAT_0443,2024,15,Campania,Campania,062,Benevento,Benevento,CSUD,Combustione interna con cogenerazione (CIC),INTERNAL_COMBUSTION_CHP,true,0.163326,0.163326,NUMBER,TYPED_NUMERIC_CELL,444,2,MULTIPLE_SOURCE_ROWS_RETAINED_FOR_AGGREGATION,TERNA_DOWNLOAD_CENTER_THERMOELECTRIC_HEAT_2024,Export-DownloadCenterFile-20260901-101113.xlsx,raw/terna/historical_2024/Terna_Thermoelectric_Heat_2024_RAW.xlsx,06a18e50214e6e5bd882819a1dde6ba1a0ee0457e0c6728727c12640a4e4a72c
TERNA2024_CHP_HEAT_0444,2024,15,Campania,Campania,061,Caserta,Caserta,CSUD,Combustione interna con cogenerazione (CIC),INTERNAL_COMBUSTION_CHP,true,16.357765,16.357765,NUMBER,TYPED_NUMERIC_CELL,445,3,MULTIPLE_SOURCE_ROWS_RETAINED_FOR_AGGREGATION,TERNA_DOWNLOAD_CENTER_THERMOELECTRIC_HEAT_2024,Export-DownloadCenterFile-20260901-101113.xlsx,raw/terna/historical_2024/Terna_Thermoelectric_Heat_2024_RAW.xlsx,06a18e50214e6e5bd882819a1dde6ba1a0ee0457e0c6728727c12640a4e4a72c
TERNA2024_CHP_HEAT_0445,2024,15,Campania,Campania,061,Caserta,Caserta,CSUD,Combustione interna con cogenerazione (CIC),INTERNAL_COMBUSTION_CHP,true,91.18682,91.18682,NUMBER,TYPED_NUMERIC_CELL,446,3,MULTIPLE_SOURCE_ROWS_RETAINED_FOR_AGGREGATION,TERNA_DOWNLOAD_CENTER_THERMOELECTRIC_HEAT_2024,Export-DownloadCenterFile-20260901-101113.xlsx,raw/terna/historical_2024/Terna_Thermoelectric_Heat_2024_RAW.xlsx,06a18e50214e6e5bd882819a1dde6ba1a0ee0457e0c6728727c12640a4e4a72c
TERNA2024_CHP_HEAT_0446,2024,15,Campania,Campania,061,Caserta,Caserta,CSUD,Combustione interna con cogenerazione (CIC),INTERNAL_COMBUSTION_CHP,true,0,0,NUMBER,TYPED_NUMERIC_CELL,447,3,MULTIPLE_SOURCE_ROWS_RETAINED_FOR_AGGREGATION,TERNA_DOWNLOAD_CENTER_THERMOELECTRIC_HEAT_2024,Export-DownloadCenterFile-20260901-101113.xlsx,raw/terna/historical_2024/Terna_Thermoelectric_Heat_2024_RAW.xlsx,06a18e50214e6e5bd882819a1dde6ba1a0ee0457e0c6728727c12640a4e4a72c
TERNA2024_CHP_HEAT_0447,2024,15,Campania,Campania,061,Caserta,Caserta,CSUD,Turbine a gas con cogenerazione (TGC),GT_CHP,true,0.125118,0.125118,NUMBER,TYPED_NUMERIC_CELL,448,2,MULTIPLE_SOURCE_ROWS_RETAINED_FOR_AGGREGATION,TERNA_DOWNLOAD_CENTER_THERMOELECTRIC_HEAT_2024,Export-DownloadCenterFile-20260901-101113.xlsx,raw/terna/historical_2024/Terna_Thermoelectric_Heat_2024_RAW.xlsx,06a18e50214e6e5bd882819a1dde6ba1a0ee0457e0c6728727c12640a4e4a72c
TERNA2024_CHP_HEAT_0448,2024,15,Campania,Campania,061,Caserta,Caserta,CSUD,Turbine a gas con cogenerazione (TGC),GT_CHP,true,2.399679,2.399679,NUMBER,TYPED_NUMERIC_CELL,449,2,MULTIPLE_SOURCE_ROWS_RETAINED_FOR_AGGREGATION,TERNA_DOWNLOAD_CENTER_THERMOELECTRIC_HEAT_2024,Export-DownloadCenterFile-20260901-101113.xlsx,raw/terna/historical_2024/Terna_Thermoelectric_Heat_2024_RAW.xlsx,06a18e50214e6e5bd882819a1dde6ba1a0ee0457e0c6728727c12640a4e4a72c
TERNA2024_CHP_HEAT_0449,2024,15,Campania,Campania,063,Napoli,Napoli,CSUD,Ciclo combinato con cogenerazione (CCC),CCGT_CHP,true,0,0,NUMBER,TYPED_NUMERIC_CELL,450,1,UNIQUE_VISIBLE_GRAIN,TERNA_DOWNLOAD_CENTER_THERMOELECTRIC_HEAT_2024,Export-DownloadCenterFile-20260901-101113.xlsx,raw/terna/historical_2024/Terna_Thermoelectric_Heat_2024_RAW.xlsx,06a18e50214e6e5bd882819a1dde6ba1a0ee0457e0c6728727c12640a4e4a72c
TERNA2024_CHP_HEAT_0450,2024,15,Campania,Campania,063,Napoli,Napoli,CSUD,Combustione interna con cogenerazione (CIC),INTERNAL_COMBUSTION_CHP,true,15.899524,15.899524,NUMBER,TYPED_NUMERIC_CELL,451,3,MULTIPLE_SOURCE_ROWS_RETAINED_FOR_AGGREGATION,TERNA_DOWNLOAD_CENTER_THERMOELECTRIC_HEAT_2024,Export-DownloadCenterFile-20260901-101113.xlsx,raw/terna/historical_2024/Terna_Thermoelectric_Heat_2024_RAW.xlsx,06a18e50214e6e5bd882819a1dde6ba1a0ee0457e0c6728727c12640a4e4a72c
TERNA2024_CHP_HEAT_0451,2024,15,Campania,Campania,063,Napoli,Napoli,CSUD,Combustione interna con cogenerazione (CIC),INTERNAL_COMBUSTION_CHP,true,71.34391,71.34391,NUMBER,TYPED_NUMERIC_CELL,452,3,MULTIPLE_SOURCE_ROWS_RETAINED_FOR_AGGREGATION,TERNA_DOWNLOAD_CENTER_THERMOELECTRIC_HEAT_2024,Export-DownloadCenterFile-20260901-101113.xlsx,raw/terna/historical_2024/Terna_Thermoelectric_Heat_2024_RAW.xlsx,06a18e50214e6e5bd882819a1dde6ba1a0ee0457e0c6728727c12640a4e4a72c
TERNA2024_CHP_HEAT_0452,2024,15,Campania,Campania,063,Napoli,Napoli,CSUD,Combustione interna con cogenerazione (CIC),INTERNAL_COMBUSTION_CHP,true,0,0,NUMBER,TYPED_NUMERIC_CELL,453,3,MULTIPLE_SOURCE_ROWS_RETAINED_FOR_AGGREGATION,TERNA_DOWNLOAD_CENTER_THERMOELECTRIC_HEAT_2024,Export-DownloadCenterFile-20260901-101113.xlsx,raw/terna/historical_2024/Terna_Thermoelectric_Heat_2024_RAW.xlsx,06a18e50214e6e5bd882819a1dde6ba1a0ee0457e0c6728727c12640a4e4a72c
TERNA2024_CHP_HEAT_0453,2024,15,Campania,Campania,063,Napoli,Napoli,CSUD,Condensazione e spillamento (CSC),STEAM_EXTRACTION_CHP,true,17.299843,17.299843,NUMBER,TYPED_NUMERIC_CELL,454,1,UNIQUE_VISIBLE_GRAIN,TERNA_DOWNLOAD_CENTER_THERMOELECTRIC_HEAT_2024,Export-DownloadCenterFile-20260901-101113.xlsx,raw/terna/historical_2024/Terna_Thermoelectric_Heat_2024_RAW.xlsx,06a18e50214e6e5bd882819a1dde6ba1a0ee0457e0c6728727c12640a4e4a72c
TERNA2024_CHP_HEAT_0454,2024,15,Campania,Campania,063,Napoli,Napoli,CSUD,Turbine a gas con cogenerazione (TGC),GT_CHP,true,1.724448,1.724448,NUMBER,TYPED_NUMERIC_CELL,455,2,MULTIPLE_SOURCE_ROWS_RETAINED_FOR_AGGREGATION,TERNA_DOWNLOAD_CENTER_THERMOELECTRIC_HEAT_2024,Export-DownloadCenterFile-20260901-101113.xlsx,raw/terna/historical_2024/Terna_Thermoelectric_Heat_2024_RAW.xlsx,06a18e50214e6e5bd882819a1dde6ba1a0ee0457e0c6728727c12640a4e4a72c
TERNA2024_CHP_HEAT_0455,2024,15,Campania,Campania,063,Napoli,Napoli,CSUD,Turbine a gas con cogenerazione (TGC),GT_CHP,true,49.31698,49.31698,NUMBER,TYPED_NUMERIC_CELL,456,2,MULTIPLE_SOURCE_ROWS_RETAINED_FOR_AGGREGATION,TERNA_DOWNLOAD_CENTER_THERMOELECTRIC_HEAT_2024,Export-DownloadCenterFile-20260901-101113.xlsx,raw/terna/historical_2024/Terna_Thermoelectric_Heat_2024_RAW.xlsx,06a18e50214e6e5bd882819a1dde6ba1a0ee0457e0c6728727c12640a4e4a72c
TERNA2024_CHP_HEAT_0456,2024,15,Campania,Campania,065,Salerno,Salerno,CSUD,Ciclo combinato con cogenerazione (CCC),CCGT_CHP,true,18.594576,18.594576,NUMBER,TYPED_NUMERIC_CELL,457,1,UNIQUE_VISIBLE_GRAIN,TERNA_DOWNLOAD_CENTER_THERMOELECTRIC_HEAT_2024,Export-DownloadCenterFile-20260901-101113.xlsx,raw/terna/historical_2024/Terna_Thermoelectric_Heat_2024_RAW.xlsx,06a18e50214e6e5bd882819a1dde6ba1a0ee0457e0c6728727c12640a4e4a72c
TERNA2024_CHP_HEAT_0457,2024,15,Campania,Campania,065,Salerno,Salerno,CSUD,Combustione interna con cogenerazione (CIC),INTERNAL_COMBUSTION_CHP,true,20.105543,20.105543,NUMBER,TYPED_NUMERIC_CELL,458,3,MULTIPLE_SOURCE_ROWS_RETAINED_FOR_AGGREGATION,TERNA_DOWNLOAD_CENTER_THERMOELECTRIC_HEAT_2024,Export-DownloadCenterFile-20260901-101113.xlsx,raw/terna/historical_2024/Terna_Thermoelectric_Heat_2024_RAW.xlsx,06a18e50214e6e5bd882819a1dde6ba1a0ee0457e0c6728727c12640a4e4a72c
TERNA2024_CHP_HEAT_0458,2024,15,Campania,Campania,065,Salerno,Salerno,CSUD,Combustione interna con cogenerazione (CIC),INTERNAL_COMBUSTION_CHP,true,25.772675,25.772675,NUMBER,TYPED_NUMERIC_CELL,459,3,MULTIPLE_SOURCE_ROWS_RETAINED_FOR_AGGREGATION,TERNA_DOWNLOAD_CENTER_THERMOELECTRIC_HEAT_2024,Export-DownloadCenterFile-20260901-101113.xlsx,raw/terna/historical_2024/Terna_Thermoelectric_Heat_2024_RAW.xlsx,06a18e50214e6e5bd882819a1dde6ba1a0ee0457e0c6728727c12640a4e4a72c
TERNA2024_CHP_HEAT_0459,2024,15,Campania,Campania,065,Salerno,Salerno,CSUD,Combustione interna con cogenerazione (CIC),INTERNAL_COMBUSTION_CHP,true,0,0,NUMBER,TYPED_NUMERIC_CELL,460,3,MULTIPLE_SOURCE_ROWS_RETAINED_FOR_AGGREGATION,TERNA_DOWNLOAD_CENTER_THERMOELECTRIC_HEAT_2024,Export-DownloadCenterFile-20260901-101113.xlsx,raw/terna/historical_2024/Terna_Thermoelectric_Heat_2024_RAW.xlsx,06a18e50214e6e5bd882819a1dde6ba1a0ee0457e0c6728727c12640a4e4a72c
TERNA2024_CHP_HEAT_0460,2024,15,Campania,Campania,065,Salerno,Salerno,CSUD,Turbine a gas con cogenerazione (TGC),GT_CHP,true,128.56123,128.56123,NUMBER,TYPED_NUMERIC_CELL,461,1,UNIQUE_VISIBLE_GRAIN,TERNA_DOWNLOAD_CENTER_THERMOELECTRIC_HEAT_2024,Export-DownloadCenterFile-20260901-101113.xlsx,raw/terna/historical_2024/Terna_Thermoelectric_Heat_2024_RAW.xlsx,06a18e50214e6e5bd882819a1dde6ba1a0ee0457e0c6728727c12640a4e4a72c
TERNA2024_CHP_HEAT_0461,2024,08,Emilia-Romagna,Emilia-Romagna,037,Bologna,Bologna,NORD,Celle combustibili con cogenerazione (CEC),FUEL_CELL_CHP,true,1.18122,1.18122,NUMBER,TYPED_NUMERIC_CELL,462,1,UNIQUE_VISIBLE_GRAIN,TERNA_DOWNLOAD_CENTER_THERMOELECTRIC_HEAT_2024,Export-DownloadCenterFile-20260901-101113.xlsx,raw/terna/historical_2024/Terna_Thermoelectric_Heat_2024_RAW.xlsx,06a18e50214e6e5bd882819a1dde6ba1a0ee0457e0c6728727c12640a4e4a72c
TERNA2024_CHP_HEAT_0462,2024,08,Emilia-Romagna,Emilia-Romagna,037,Bologna,Bologna,NORD,Ciclo combinato con cogenerazione (CCC),CCGT_CHP,true,0,0,NUMBER,TYPED_NUMERIC_CELL,463,2,MULTIPLE_SOURCE_ROWS_RETAINED_FOR_AGGREGATION,TERNA_DOWNLOAD_CENTER_THERMOELECTRIC_HEAT_2024,Export-DownloadCenterFile-20260901-101113.xlsx,raw/terna/historical_2024/Terna_Thermoelectric_Heat_2024_RAW.xlsx,06a18e50214e6e5bd882819a1dde6ba1a0ee0457e0c6728727c12640a4e4a72c
TERNA2024_CHP_HEAT_0463,2024,08,Emilia-Romagna,Emilia-Romagna,037,Bologna,Bologna,NORD,Ciclo combinato con cogenerazione (CCC),CCGT_CHP,true,62.433197,62.433197,NUMBER,TYPED_NUMERIC_CELL,464,2,MULTIPLE_SOURCE_ROWS_RETAINED_FOR_AGGREGATION,TERNA_DOWNLOAD_CENTER_THERMOELECTRIC_HEAT_2024,Export-DownloadCenterFile-20260901-101113.xlsx,raw/terna/historical_2024/Terna_Thermoelectric_Heat_2024_RAW.xlsx,06a18e50214e6e5bd882819a1dde6ba1a0ee0457e0c6728727c12640a4e4a72c
TERNA2024_CHP_HEAT_0464,2024,08,Emilia-Romagna,Emilia-Romagna,037,Bologna,Bologna,NORD,Combustione interna con cogenerazione (CIC),INTERNAL_COMBUSTION_CHP,true,152.7344,152.7344,NUMBER,TYPED_NUMERIC_CELL,465,3,MULTIPLE_SOURCE_ROWS_RETAINED_FOR_AGGREGATION,TERNA_DOWNLOAD_CENTER_THERMOELECTRIC_HEAT_2024,Export-DownloadCenterFile-20260901-101113.xlsx,raw/terna/historical_2024/Terna_Thermoelectric_Heat_2024_RAW.xlsx,06a18e50214e6e5bd882819a1dde6ba1a0ee0457e0c6728727c12640a4e4a72c
TERNA2024_CHP_HEAT_0465,2024,08,Emilia-Romagna,Emilia-Romagna,037,Bologna,Bologna,NORD,Combustione interna con cogenerazione (CIC),INTERNAL_COMBUSTION_CHP,true,263.92645,263.92645,NUMBER,TYPED_NUMERIC_CELL,466,3,MULTIPLE_SOURCE_ROWS_RETAINED_FOR_AGGREGATION,TERNA_DOWNLOAD_CENTER_THERMOELECTRIC_HEAT_2024,Export-DownloadCenterFile-20260901-101113.xlsx,raw/terna/historical_2024/Terna_Thermoelectric_Heat_2024_RAW.xlsx,06a18e50214e6e5bd882819a1dde6ba1a0ee0457e0c6728727c12640a4e4a72c
TERNA2024_CHP_HEAT_0466,2024,08,Emilia-Romagna,Emilia-Romagna,037,Bologna,Bologna,NORD,Combustione interna con cogenerazione (CIC),INTERNAL_COMBUSTION_CHP,true,0,0,NUMBER,TYPED_NUMERIC_CELL,467,3,MULTIPLE_SOURCE_ROWS_RETAINED_FOR_AGGREGATION,TERNA_DOWNLOAD_CENTER_THERMOELECTRIC_HEAT_2024,Export-DownloadCenterFile-20260901-101113.xlsx,raw/terna/historical_2024/Terna_Thermoelectric_Heat_2024_RAW.xlsx,06a18e50214e6e5bd882819a1dde6ba1a0ee0457e0c6728727c12640a4e4a72c
TERNA2024_CHP_HEAT_0467,2024,08,Emilia-Romagna,Emilia-Romagna,037,Bologna,Bologna,NORD,Condensazione e spillamento (CSC),STEAM_EXTRACTION_CHP,true,79.52792,79.52792,NUMBER,TYPED_NUMERIC_CELL,468,1,UNIQUE_VISIBLE_GRAIN,TERNA_DOWNLOAD_CENTER_THERMOELECTRIC_HEAT_2024,Export-DownloadCenterFile-20260901-101113.xlsx,raw/terna/historical_2024/Terna_Thermoelectric_Heat_2024_RAW.xlsx,06a18e50214e6e5bd882819a1dde6ba1a0ee0457e0c6728727c12640a4e4a72c
TERNA2024_CHP_HEAT_0468,2024,08,Emilia-Romagna,Emilia-Romagna,037,Bologna,Bologna,NORD,Contropressione (CPC),STEAM_BACKPRESSURE_CHP,true,28.482124,28.482124,NUMBER,TYPED_NUMERIC_CELL,469,2,MULTIPLE_SOURCE_ROWS_RETAINED_FOR_AGGREGATION,TERNA_DOWNLOAD_CENTER_THERMOELECTRIC_HEAT_2024,Export-DownloadCenterFile-20260901-101113.xlsx,raw/terna/historical_2024/Terna_Thermoelectric_Heat_2024_RAW.xlsx,06a18e50214e6e5bd882819a1dde6ba1a0ee0457e0c6728727c12640a4e4a72c
TERNA2024_CHP_HEAT_0469,2024,08,Emilia-Romagna,Emilia-Romagna,037,Bologna,Bologna,NORD,Contropressione (CPC),STEAM_BACKPRESSURE_CHP,true,0,0,NUMBER,TYPED_NUMERIC_CELL,470,2,MULTIPLE_SOURCE_ROWS_RETAINED_FOR_AGGREGATION,TERNA_DOWNLOAD_CENTER_THERMOELECTRIC_HEAT_2024,Export-DownloadCenterFile-20260901-101113.xlsx,raw/terna/historical_2024/Terna_Thermoelectric_Heat_2024_RAW.xlsx,06a18e50214e6e5bd882819a1dde6ba1a0ee0457e0c6728727c12640a4e4a72c
TERNA2024_CHP_HEAT_0470,2024,08,Emilia-Romagna,Emilia-Romagna,037,Bologna,Bologna,NORD,Turbine a gas con cogenerazione (TGC),GT_CHP,true,0,0,NUMBER,TYPED_NUMERIC_CELL,471,2,MULTIPLE_SOURCE_ROWS_RETAINED_FOR_AGGREGATION,TERNA_DOWNLOAD_CENTER_THERMOELECTRIC_HEAT_2024,Export-DownloadCenterFile-20260901-101113.xlsx,raw/terna/historical_2024/Terna_Thermoelectric_Heat_2024_RAW.xlsx,06a18e50214e6e5bd882819a1dde6ba1a0ee0457e0c6728727c12640a4e4a72c
TERNA2024_CHP_HEAT_0471,2024,08,Emilia-Romagna,Emilia-Romagna,037,Bologna,Bologna,NORD,Turbine a gas con cogenerazione (TGC),GT_CHP,true,89.234856,89.234856,NUMBER,TYPED_NUMERIC_CELL,472,2,MULTIPLE_SOURCE_ROWS_RETAINED_FOR_AGGREGATION,TERNA_DOWNLOAD_CENTER_THERMOELECTRIC_HEAT_2024,Export-DownloadCenterFile-20260901-101113.xlsx,raw/terna/historical_2024/Terna_Thermoelectric_Heat_2024_RAW.xlsx,06a18e50214e6e5bd882819a1dde6ba1a0ee0457e0c6728727c12640a4e4a72c
TERNA2024_CHP_HEAT_0472,2024,08,Emilia-Romagna,Emilia-Romagna,038,Ferrara,Ferrara,NORD,Ciclo combinato con cogenerazione (CCC),CCGT_CHP,true,485.83795,485.83795,NUMBER,TYPED_NUMERIC_CELL,473,1,UNIQUE_VISIBLE_GRAIN,TERNA_DOWNLOAD_CENTER_THERMOELECTRIC_HEAT_2024,Export-DownloadCenterFile-20260901-101113.xlsx,raw/terna/historical_2024/Terna_Thermoelectric_Heat_2024_RAW.xlsx,06a18e50214e6e5bd882819a1dde6ba1a0ee0457e0c6728727c12640a4e4a72c
TERNA2024_CHP_HEAT_0473,2024,08,Emilia-Romagna,Emilia-Romagna,038,Ferrara,Ferrara,NORD,Combustione interna con cogenerazione (CIC),INTERNAL_COMBUSTION_CHP,true,117.931816,117.931816,NUMBER,TYPED_NUMERIC_CELL,474,2,MULTIPLE_SOURCE_ROWS_RETAINED_FOR_AGGREGATION,TERNA_DOWNLOAD_CENTER_THERMOELECTRIC_HEAT_2024,Export-DownloadCenterFile-20260901-101113.xlsx,raw/terna/historical_2024/Terna_Thermoelectric_Heat_2024_RAW.xlsx,06a18e50214e6e5bd882819a1dde6ba1a0ee0457e0c6728727c12640a4e4a72c
TERNA2024_CHP_HEAT_0474,2024,08,Emilia-Romagna,Emilia-Romagna,038,Ferrara,Ferrara,NORD,Combustione interna con cogenerazione (CIC),INTERNAL_COMBUSTION_CHP,true,119.11518,119.11518,NUMBER,TYPED_NUMERIC_CELL,475,2,MULTIPLE_SOURCE_ROWS_RETAINED_FOR_AGGREGATION,TERNA_DOWNLOAD_CENTER_THERMOELECTRIC_HEAT_2024,Export-DownloadCenterFile-20260901-101113.xlsx,raw/terna/historical_2024/Terna_Thermoelectric_Heat_2024_RAW.xlsx,06a18e50214e6e5bd882819a1dde6ba1a0ee0457e0c6728727c12640a4e4a72c
TERNA2024_CHP_HEAT_0475,2024,08,Emilia-Romagna,Emilia-Romagna,038,Ferrara,Ferrara,NORD,Condensazione e spillamento (CSC),STEAM_EXTRACTION_CHP,true,40.807133,40.807133,NUMBER,TYPED_NUMERIC_CELL,476,1,UNIQUE_VISIBLE_GRAIN,TERNA_DOWNLOAD_CENTER_THERMOELECTRIC_HEAT_2024,Export-DownloadCenterFile-20260901-101113.xlsx,raw/terna/historical_2024/Terna_Thermoelectric_Heat_2024_RAW.xlsx,06a18e50214e6e5bd882819a1dde6ba1a0ee0457e0c6728727c12640a4e4a72c
TERNA2024_CHP_HEAT_0476,2024,08,Emilia-Romagna,Emilia-Romagna,038,Ferrara,Ferrara,NORD,Turbine a gas con cogenerazione (TGC),GT_CHP,true,45.299145,45.299145,NUMBER,TYPED_NUMERIC_CELL,477,1,UNIQUE_VISIBLE_GRAIN,TERNA_DOWNLOAD_CENTER_THERMOELECTRIC_HEAT_2024,Export-DownloadCenterFile-20260901-101113.xlsx,raw/terna/historical_2024/Terna_Thermoelectric_Heat_2024_RAW.xlsx,06a18e50214e6e5bd882819a1dde6ba1a0ee0457e0c6728727c12640a4e4a72c
TERNA2024_CHP_HEAT_0477,2024,08,Emilia-Romagna,Emilia-Romagna,040,Forlì-Cesena,Forlì-Cesena,NORD,Ciclo combinato con cogenerazione (CCC),CCGT_CHP,true,5.381311,5.381311,NUMBER,TYPED_NUMERIC_CELL,478,1,UNIQUE_VISIBLE_GRAIN,TERNA_DOWNLOAD_CENTER_THERMOELECTRIC_HEAT_2024,Export-DownloadCenterFile-20260901-101113.xlsx,raw/terna/historical_2024/Terna_Thermoelectric_Heat_2024_RAW.xlsx,06a18e50214e6e5bd882819a1dde6ba1a0ee0457e0c6728727c12640a4e4a72c
TERNA2024_CHP_HEAT_0478,2024,08,Emilia-Romagna,Emilia-Romagna,040,Forlì-Cesena,Forlì-Cesena,NORD,Combustione interna con cogenerazione (CIC),INTERNAL_COMBUSTION_CHP,true,17.778074,17.778074,NUMBER,TYPED_NUMERIC_CELL,479,3,MULTIPLE_SOURCE_ROWS_RETAINED_FOR_AGGREGATION,TERNA_DOWNLOAD_CENTER_THERMOELECTRIC_HEAT_2024,Export-DownloadCenterFile-20260901-101113.xlsx,raw/terna/historical_2024/Terna_Thermoelectric_Heat_2024_RAW.xlsx,06a18e50214e6e5bd882819a1dde6ba1a0ee0457e0c6728727c12640a4e4a72c
TERNA2024_CHP_HEAT_0479,2024,08,Emilia-Romagna,Emilia-Romagna,040,Forlì-Cesena,Forlì-Cesena,NORD,Combustione interna con cogenerazione (CIC),INTERNAL_COMBUSTION_CHP,true,131.336,131.336,NUMBER,TYPED_NUMERIC_CELL,480,3,MULTIPLE_SOURCE_ROWS_RETAINED_FOR_AGGREGATION,TERNA_DOWNLOAD_CENTER_THERMOELECTRIC_HEAT_2024,Export-DownloadCenterFile-20260901-101113.xlsx,raw/terna/historical_2024/Terna_Thermoelectric_Heat_2024_RAW.xlsx,06a18e50214e6e5bd882819a1dde6ba1a0ee0457e0c6728727c12640a4e4a72c
TERNA2024_CHP_HEAT_0480,2024,08,Emilia-Romagna,Emilia-Romagna,040,Forlì-Cesena,Forlì-Cesena,NORD,Combustione interna con cogenerazione (CIC),INTERNAL_COMBUSTION_CHP,true,0.000007,0.000007,NUMBER,TYPED_NUMERIC_CELL,481,3,MULTIPLE_SOURCE_ROWS_RETAINED_FOR_AGGREGATION,TERNA_DOWNLOAD_CENTER_THERMOELECTRIC_HEAT_2024,Export-DownloadCenterFile-20260901-101113.xlsx,raw/terna/historical_2024/Terna_Thermoelectric_Heat_2024_RAW.xlsx,06a18e50214e6e5bd882819a1dde6ba1a0ee0457e0c6728727c12640a4e4a72c
TERNA2024_CHP_HEAT_0481,2024,08,Emilia-Romagna,Emilia-Romagna,040,Forlì-Cesena,Forlì-Cesena,NORD,Condensazione e spillamento (CSC),STEAM_EXTRACTION_CHP,true,3.654415,3.654415,NUMBER,TYPED_NUMERIC_CELL,482,1,UNIQUE_VISIBLE_GRAIN,TERNA_DOWNLOAD_CENTER_THERMOELECTRIC_HEAT_2024,Export-DownloadCenterFile-20260901-101113.xlsx,raw/terna/historical_2024/Terna_Thermoelectric_Heat_2024_RAW.xlsx,06a18e50214e6e5bd882819a1dde6ba1a0ee0457e0c6728727c12640a4e4a72c
TERNA2024_CHP_HEAT_0482,2024,08,Emilia-Romagna,Emilia-Romagna,036,Modena,Modena,NORD,Celle combustibili con cogenerazione (CEC),FUEL_CELL_CHP,true,0,0,NUMBER,TYPED_NUMERIC_CELL,483,1,UNIQUE_VISIBLE_GRAIN,TERNA_DOWNLOAD_CENTER_THERMOELECTRIC_HEAT_2024,Export-DownloadCenterFile-20260901-101113.xlsx,raw/terna/historical_2024/Terna_Thermoelectric_Heat_2024_RAW.xlsx,06a18e50214e6e5bd882819a1dde6ba1a0ee0457e0c6728727c12640a4e4a72c
TERNA2024_CHP_HEAT_0483,2024,08,Emilia-Romagna,Emilia-Romagna,036,Modena,Modena,NORD,Ciclo combinato con cogenerazione (CCC),CCGT_CHP,true,0,0,NUMBER,TYPED_NUMERIC_CELL,484,1,UNIQUE_VISIBLE_GRAIN,TERNA_DOWNLOAD_CENTER_THERMOELECTRIC_HEAT_2024,Export-DownloadCenterFile-20260901-101113.xlsx,raw/terna/historical_2024/Terna_Thermoelectric_Heat_2024_RAW.xlsx,06a18e50214e6e5bd882819a1dde6ba1a0ee0457e0c6728727c12640a4e4a72c
TERNA2024_CHP_HEAT_0484,2024,08,Emilia-Romagna,Emilia-Romagna,036,Modena,Modena,NORD,Combustione interna con cogenerazione (CIC),INTERNAL_COMBUSTION_CHP,true,57.650642,57.650642,NUMBER,TYPED_NUMERIC_CELL,485,2,MULTIPLE_SOURCE_ROWS_RETAINED_FOR_AGGREGATION,TERNA_DOWNLOAD_CENTER_THERMOELECTRIC_HEAT_2024,Export-DownloadCenterFile-20260901-101113.xlsx,raw/terna/historical_2024/Terna_Thermoelectric_Heat_2024_RAW.xlsx,06a18e50214e6e5bd882819a1dde6ba1a0ee0457e0c6728727c12640a4e4a72c
TERNA2024_CHP_HEAT_0485,2024,08,Emilia-Romagna,Emilia-Romagna,036,Modena,Modena,NORD,Combustione interna con cogenerazione (CIC),INTERNAL_COMBUSTION_CHP,true,455.6036,455.6036,NUMBER,TYPED_NUMERIC_CELL,486,2,MULTIPLE_SOURCE_ROWS_RETAINED_FOR_AGGREGATION,TERNA_DOWNLOAD_CENTER_THERMOELECTRIC_HEAT_2024,Export-DownloadCenterFile-20260901-101113.xlsx,raw/terna/historical_2024/Terna_Thermoelectric_Heat_2024_RAW.xlsx,06a18e50214e6e5bd882819a1dde6ba1a0ee0457e0c6728727c12640a4e4a72c
TERNA2024_CHP_HEAT_0486,2024,08,Emilia-Romagna,Emilia-Romagna,036,Modena,Modena,NORD,Turbine a gas con cogenerazione (TGC),GT_CHP,true,399.5413,399.5413,NUMBER,TYPED_NUMERIC_CELL,487,1,UNIQUE_VISIBLE_GRAIN,TERNA_DOWNLOAD_CENTER_THERMOELECTRIC_HEAT_2024,Export-DownloadCenterFile-20260901-101113.xlsx,raw/terna/historical_2024/Terna_Thermoelectric_Heat_2024_RAW.xlsx,06a18e50214e6e5bd882819a1dde6ba1a0ee0457e0c6728727c12640a4e4a72c
TERNA2024_CHP_HEAT_0487,2024,08,Emilia-Romagna,Emilia-Romagna,034,Parma,Parma,NORD,Ciclo combinato con cogenerazione (CCC),CCGT_CHP,true,0,0,NUMBER,TYPED_NUMERIC_CELL,488,1,UNIQUE_VISIBLE_GRAIN,TERNA_DOWNLOAD_CENTER_THERMOELECTRIC_HEAT_2024,Export-DownloadCenterFile-20260901-101113.xlsx,raw/terna/historical_2024/Terna_Thermoelectric_Heat_2024_RAW.xlsx,06a18e50214e6e5bd882819a1dde6ba1a0ee0457e0c6728727c12640a4e4a72c
TERNA2024_CHP_HEAT_0488,2024,08,Emilia-Romagna,Emilia-Romagna,034,Parma,Parma,NORD,Combustione interna con cogenerazione (CIC),INTERNAL_COMBUSTION_CHP,true,30.380644,30.380644,NUMBER,TYPED_NUMERIC_CELL,489,3,MULTIPLE_SOURCE_ROWS_RETAINED_FOR_AGGREGATION,TERNA_DOWNLOAD_CENTER_THERMOELECTRIC_HEAT_2024,Export-DownloadCenterFile-20260901-101113.xlsx,raw/terna/historical_2024/Terna_Thermoelectric_Heat_2024_RAW.xlsx,06a18e50214e6e5bd882819a1dde6ba1a0ee0457e0c6728727c12640a4e4a72c
TERNA2024_CHP_HEAT_0489,2024,08,Emilia-Romagna,Emilia-Romagna,034,Parma,Parma,NORD,Combustione interna con cogenerazione (CIC),INTERNAL_COMBUSTION_CHP,true,157.04417,157.04417,NUMBER,TYPED_NUMERIC_CELL,490,3,MULTIPLE_SOURCE_ROWS_RETAINED_FOR_AGGREGATION,TERNA_DOWNLOAD_CENTER_THERMOELECTRIC_HEAT_2024,Export-DownloadCenterFile-20260901-101113.xlsx,raw/terna/historical_2024/Terna_Thermoelectric_Heat_2024_RAW.xlsx,06a18e50214e6e5bd882819a1dde6ba1a0ee0457e0c6728727c12640a4e4a72c
TERNA2024_CHP_HEAT_0490,2024,08,Emilia-Romagna,Emilia-Romagna,034,Parma,Parma,NORD,Combustione interna con cogenerazione (CIC),INTERNAL_COMBUSTION_CHP,true,0,0,NUMBER,TYPED_NUMERIC_CELL,491,3,MULTIPLE_SOURCE_ROWS_RETAINED_FOR_AGGREGATION,TERNA_DOWNLOAD_CENTER_THERMOELECTRIC_HEAT_2024,Export-DownloadCenterFile-20260901-101113.xlsx,raw/terna/historical_2024/Terna_Thermoelectric_Heat_2024_RAW.xlsx,06a18e50214e6e5bd882819a1dde6ba1a0ee0457e0c6728727c12640a4e4a72c
TERNA2024_CHP_HEAT_0491,2024,08,Emilia-Romagna,Emilia-Romagna,034,Parma,Parma,NORD,Condensazione e spillamento (CSC),STEAM_EXTRACTION_CHP,true,162.4383,162.4383,NUMBER,TYPED_NUMERIC_CELL,492,2,MULTIPLE_SOURCE_ROWS_RETAINED_FOR_AGGREGATION,TERNA_DOWNLOAD_CENTER_THERMOELECTRIC_HEAT_2024,Export-DownloadCenterFile-20260901-101113.xlsx,raw/terna/historical_2024/Terna_Thermoelectric_Heat_2024_RAW.xlsx,06a18e50214e6e5bd882819a1dde6ba1a0ee0457e0c6728727c12640a4e4a72c
TERNA2024_CHP_HEAT_0492,2024,08,Emilia-Romagna,Emilia-Romagna,034,Parma,Parma,NORD,Condensazione e spillamento (CSC),STEAM_EXTRACTION_CHP,true,9.308802,9.308802,NUMBER,TYPED_NUMERIC_CELL,493,2,MULTIPLE_SOURCE_ROWS_RETAINED_FOR_AGGREGATION,TERNA_DOWNLOAD_CENTER_THERMOELECTRIC_HEAT_2024,Export-DownloadCenterFile-20260901-101113.xlsx,raw/terna/historical_2024/Terna_Thermoelectric_Heat_2024_RAW.xlsx,06a18e50214e6e5bd882819a1dde6ba1a0ee0457e0c6728727c12640a4e4a72c
TERNA2024_CHP_HEAT_0493,2024,08,Emilia-Romagna,Emilia-Romagna,034,Parma,Parma,NORD,Contropressione (CPC),STEAM_BACKPRESSURE_CHP,true,0,0,NUMBER,TYPED_NUMERIC_CELL,494,1,UNIQUE_VISIBLE_GRAIN,TERNA_DOWNLOAD_CENTER_THERMOELECTRIC_HEAT_2024,Export-DownloadCenterFile-20260901-101113.xlsx,raw/terna/historical_2024/Terna_Thermoelectric_Heat_2024_RAW.xlsx,06a18e50214e6e5bd882819a1dde6ba1a0ee0457e0c6728727c12640a4e4a72c
TERNA2024_CHP_HEAT_0494,2024,08,Emilia-Romagna,Emilia-Romagna,034,Parma,Parma,NORD,Turbine a gas con cogenerazione (TGC),GT_CHP,true,0,0,NUMBER,TYPED_NUMERIC_CELL,495,2,MULTIPLE_SOURCE_ROWS_RETAINED_FOR_AGGREGATION,TERNA_DOWNLOAD_CENTER_THERMOELECTRIC_HEAT_2024,Export-DownloadCenterFile-20260901-101113.xlsx,raw/terna/historical_2024/Terna_Thermoelectric_Heat_2024_RAW.xlsx,06a18e50214e6e5bd882819a1dde6ba1a0ee0457e0c6728727c12640a4e4a72c
TERNA2024_CHP_HEAT_0495,2024,08,Emilia-Romagna,Emilia-Romagna,034,Parma,Parma,NORD,Turbine a gas con cogenerazione (TGC),GT_CHP,true,264.05667,264.05667,NUMBER,TYPED_NUMERIC_CELL,496,2,MULTIPLE_SOURCE_ROWS_RETAINED_FOR_AGGREGATION,TERNA_DOWNLOAD_CENTER_THERMOELECTRIC_HEAT_2024,Export-DownloadCenterFile-20260901-101113.xlsx,raw/terna/historical_2024/Terna_Thermoelectric_Heat_2024_RAW.xlsx,06a18e50214e6e5bd882819a1dde6ba1a0ee0457e0c6728727c12640a4e4a72c
TERNA2024_CHP_HEAT_0496,2024,08,Emilia-Romagna,Emilia-Romagna,033,Piacenza,Piacenza,NORD,Ciclo combinato con cogenerazione (CCC),CCGT_CHP,true,8.235395,8.235395,NUMBER,TYPED_NUMERIC_CELL,497,2,MULTIPLE_SOURCE_ROWS_RETAINED_FOR_AGGREGATION,TERNA_DOWNLOAD_CENTER_THERMOELECTRIC_HEAT_2024,Export-DownloadCenterFile-20260901-101113.xlsx,raw/terna/historical_2024/Terna_Thermoelectric_Heat_2024_RAW.xlsx,06a18e50214e6e5bd882819a1dde6ba1a0ee0457e0c6728727c12640a4e4a72c
TERNA2024_CHP_HEAT_0497,2024,08,Emilia-Romagna,Emilia-Romagna,033,Piacenza,Piacenza,NORD,Ciclo combinato con cogenerazione (CCC),CCGT_CHP,true,0,0,NUMBER,TYPED_NUMERIC_CELL,498,2,MULTIPLE_SOURCE_ROWS_RETAINED_FOR_AGGREGATION,TERNA_DOWNLOAD_CENTER_THERMOELECTRIC_HEAT_2024,Export-DownloadCenterFile-20260901-101113.xlsx,raw/terna/historical_2024/Terna_Thermoelectric_Heat_2024_RAW.xlsx,06a18e50214e6e5bd882819a1dde6ba1a0ee0457e0c6728727c12640a4e4a72c
TERNA2024_CHP_HEAT_0498,2024,08,Emilia-Romagna,Emilia-Romagna,033,Piacenza,Piacenza,NORD,Combustione interna con cogenerazione (CIC),INTERNAL_COMBUSTION_CHP,true,25.871641,25.871641,NUMBER,TYPED_NUMERIC_CELL,499,2,MULTIPLE_SOURCE_ROWS_RETAINED_FOR_AGGREGATION,TERNA_DOWNLOAD_CENTER_THERMOELECTRIC_HEAT_2024,Export-DownloadCenterFile-20260901-101113.xlsx,raw/terna/historical_2024/Terna_Thermoelectric_Heat_2024_RAW.xlsx,06a18e50214e6e5bd882819a1dde6ba1a0ee0457e0c6728727c12640a4e4a72c
TERNA2024_CHP_HEAT_0499,2024,08,Emilia-Romagna,Emilia-Romagna,033,Piacenza,Piacenza,NORD,Combustione interna con cogenerazione (CIC),INTERNAL_COMBUSTION_CHP,true,24.15341,24.15341,NUMBER,TYPED_NUMERIC_CELL,500,2,MULTIPLE_SOURCE_ROWS_RETAINED_FOR_AGGREGATION,TERNA_DOWNLOAD_CENTER_THERMOELECTRIC_HEAT_2024,Export-DownloadCenterFile-20260901-101113.xlsx,raw/terna/historical_2024/Terna_Thermoelectric_Heat_2024_RAW.xlsx,06a18e50214e6e5bd882819a1dde6ba1a0ee0457e0c6728727c12640a4e4a72c
TERNA2024_CHP_HEAT_0500,2024,08,Emilia-Romagna,Emilia-Romagna,033,Piacenza,Piacenza,NORD,Condensazione e spillamento (CSC),STEAM_EXTRACTION_CHP,true,51.712013,51.712013,NUMBER,TYPED_NUMERIC_CELL,501,2,MULTIPLE_SOURCE_ROWS_RETAINED_FOR_AGGREGATION,TERNA_DOWNLOAD_CENTER_THERMOELECTRIC_HEAT_2024,Export-DownloadCenterFile-20260901-101113.xlsx,raw/terna/historical_2024/Terna_Thermoelectric_Heat_2024_RAW.xlsx,06a18e50214e6e5bd882819a1dde6ba1a0ee0457e0c6728727c12640a4e4a72c
TERNA2024_CHP_HEAT_0501,2024,08,Emilia-Romagna,Emilia-Romagna,033,Piacenza,Piacenza,NORD,Condensazione e spillamento (CSC),STEAM_EXTRACTION_CHP,true,4.205776,4.205776,NUMBER,TYPED_NUMERIC_CELL,502,2,MULTIPLE_SOURCE_ROWS_RETAINED_FOR_AGGREGATION,TERNA_DOWNLOAD_CENTER_THERMOELECTRIC_HEAT_2024,Export-DownloadCenterFile-20260901-101113.xlsx,raw/terna/historical_2024/Terna_Thermoelectric_Heat_2024_RAW.xlsx,06a18e50214e6e5bd882819a1dde6ba1a0ee0457e0c6728727c12640a4e4a72c
TERNA2024_CHP_HEAT_0502,2024,08,Emilia-Romagna,Emilia-Romagna,039,Ravenna,Ravenna,NORD,Ciclo combinato con cogenerazione (CCC),CCGT_CHP,true,749.75446,749.75446,NUMBER,TYPED_NUMERIC_CELL,503,1,UNIQUE_VISIBLE_GRAIN,TERNA_DOWNLOAD_CENTER_THERMOELECTRIC_HEAT_2024,Export-DownloadCenterFile-20260901-101113.xlsx,raw/terna/historical_2024/Terna_Thermoelectric_Heat_2024_RAW.xlsx,06a18e50214e6e5bd882819a1dde6ba1a0ee0457e0c6728727c12640a4e4a72c
TERNA2024_CHP_HEAT_0503,2024,08,Emilia-Romagna,Emilia-Romagna,039,Ravenna,Ravenna,NORD,Combustione interna con cogenerazione (CIC),INTERNAL_COMBUSTION_CHP,true,53.04221,53.04221,NUMBER,TYPED_NUMERIC_CELL,504,3,MULTIPLE_SOURCE_ROWS_RETAINED_FOR_AGGREGATION,TERNA_DOWNLOAD_CENTER_THERMOELECTRIC_HEAT_2024,Export-DownloadCenterFile-20260901-101113.xlsx,raw/terna/historical_2024/Terna_Thermoelectric_Heat_2024_RAW.xlsx,06a18e50214e6e5bd882819a1dde6ba1a0ee0457e0c6728727c12640a4e4a72c
TERNA2024_CHP_HEAT_0504,2024,08,Emilia-Romagna,Emilia-Romagna,039,Ravenna,Ravenna,NORD,Combustione interna con cogenerazione (CIC),INTERNAL_COMBUSTION_CHP,true,131.51677,131.51677,NUMBER,TYPED_NUMERIC_CELL,505,3,MULTIPLE_SOURCE_ROWS_RETAINED_FOR_AGGREGATION,TERNA_DOWNLOAD_CENTER_THERMOELECTRIC_HEAT_2024,Export-DownloadCenterFile-20260901-101113.xlsx,raw/terna/historical_2024/Terna_Thermoelectric_Heat_2024_RAW.xlsx,06a18e50214e6e5bd882819a1dde6ba1a0ee0457e0c6728727c12640a4e4a72c
TERNA2024_CHP_HEAT_0505,2024,08,Emilia-Romagna,Emilia-Romagna,039,Ravenna,Ravenna,NORD,Combustione interna con cogenerazione (CIC),INTERNAL_COMBUSTION_CHP,true,0.037876,0.037876,NUMBER,TYPED_NUMERIC_CELL,506,3,MULTIPLE_SOURCE_ROWS_RETAINED_FOR_AGGREGATION,TERNA_DOWNLOAD_CENTER_THERMOELECTRIC_HEAT_2024,Export-DownloadCenterFile-20260901-101113.xlsx,raw/terna/historical_2024/Terna_Thermoelectric_Heat_2024_RAW.xlsx,06a18e50214e6e5bd882819a1dde6ba1a0ee0457e0c6728727c12640a4e4a72c
TERNA2024_CHP_HEAT_0506,2024,08,Emilia-Romagna,Emilia-Romagna,039,Ravenna,Ravenna,NORD,Condensazione e spillamento (CSC),STEAM_EXTRACTION_CHP,true,567.622,567.622,NUMBER,TYPED_NUMERIC_CELL,507,2,MULTIPLE_SOURCE_ROWS_RETAINED_FOR_AGGREGATION,TERNA_DOWNLOAD_CENTER_THERMOELECTRIC_HEAT_2024,Export-DownloadCenterFile-20260901-101113.xlsx,raw/terna/historical_2024/Terna_Thermoelectric_Heat_2024_RAW.xlsx,06a18e50214e6e5bd882819a1dde6ba1a0ee0457e0c6728727c12640a4e4a72c
TERNA2024_CHP_HEAT_0507,2024,08,Emilia-Romagna,Emilia-Romagna,039,Ravenna,Ravenna,NORD,Condensazione e spillamento (CSC),STEAM_EXTRACTION_CHP,true,42.820477,42.820477,NUMBER,TYPED_NUMERIC_CELL,508,2,MULTIPLE_SOURCE_ROWS_RETAINED_FOR_AGGREGATION,TERNA_DOWNLOAD_CENTER_THERMOELECTRIC_HEAT_2024,Export-DownloadCenterFile-20260901-101113.xlsx,raw/terna/historical_2024/Terna_Thermoelectric_Heat_2024_RAW.xlsx,06a18e50214e6e5bd882819a1dde6ba1a0ee0457e0c6728727c12640a4e4a72c
TERNA2024_CHP_HEAT_0508,2024,08,Emilia-Romagna,Emilia-Romagna,039,Ravenna,Ravenna,NORD,Contropressione (CPC),STEAM_BACKPRESSURE_CHP,true,55.019966,55.019966,NUMBER,TYPED_NUMERIC_CELL,509,3,MULTIPLE_SOURCE_ROWS_RETAINED_FOR_AGGREGATION,TERNA_DOWNLOAD_CENTER_THERMOELECTRIC_HEAT_2024,Export-DownloadCenterFile-20260901-101113.xlsx,raw/terna/historical_2024/Terna_Thermoelectric_Heat_2024_RAW.xlsx,06a18e50214e6e5bd882819a1dde6ba1a0ee0457e0c6728727c12640a4e4a72c
TERNA2024_CHP_HEAT_0509,2024,08,Emilia-Romagna,Emilia-Romagna,039,Ravenna,Ravenna,NORD,Contropressione (CPC),STEAM_BACKPRESSURE_CHP,true,41.84941,41.84941,NUMBER,TYPED_NUMERIC_CELL,510,3,MULTIPLE_SOURCE_ROWS_RETAINED_FOR_AGGREGATION,TERNA_DOWNLOAD_CENTER_THERMOELECTRIC_HEAT_2024,Export-DownloadCenterFile-20260901-101113.xlsx,raw/terna/historical_2024/Terna_Thermoelectric_Heat_2024_RAW.xlsx,06a18e50214e6e5bd882819a1dde6ba1a0ee0457e0c6728727c12640a4e4a72c
TERNA2024_CHP_HEAT_0510,2024,08,Emilia-Romagna,Emilia-Romagna,039,Ravenna,Ravenna,NORD,Contropressione (CPC),STEAM_BACKPRESSURE_CHP,true,3.068234,3.068234,NUMBER,TYPED_NUMERIC_CELL,511,3,MULTIPLE_SOURCE_ROWS_RETAINED_FOR_AGGREGATION,TERNA_DOWNLOAD_CENTER_THERMOELECTRIC_HEAT_2024,Export-DownloadCenterFile-20260901-101113.xlsx,raw/terna/historical_2024/Terna_Thermoelectric_Heat_2024_RAW.xlsx,06a18e50214e6e5bd882819a1dde6ba1a0ee0457e0c6728727c12640a4e4a72c
TERNA2024_CHP_HEAT_0511,2024,08,Emilia-Romagna,Emilia-Romagna,039,Ravenna,Ravenna,NORD,Turbine a gas con cogenerazione (TGC),GT_CHP,true,0,0,NUMBER,TYPED_NUMERIC_CELL,512,2,MULTIPLE_SOURCE_ROWS_RETAINED_FOR_AGGREGATION,TERNA_DOWNLOAD_CENTER_THERMOELECTRIC_HEAT_2024,Export-DownloadCenterFile-20260901-101113.xlsx,raw/terna/historical_2024/Terna_Thermoelectric_Heat_2024_RAW.xlsx,06a18e50214e6e5bd882819a1dde6ba1a0ee0457e0c6728727c12640a4e4a72c
TERNA2024_CHP_HEAT_0512,2024,08,Emilia-Romagna,Emilia-Romagna,039,Ravenna,Ravenna,NORD,Turbine a gas con cogenerazione (TGC),GT_CHP,true,333.8293,333.8293,NUMBER,TYPED_NUMERIC_CELL,513,2,MULTIPLE_SOURCE_ROWS_RETAINED_FOR_AGGREGATION,TERNA_DOWNLOAD_CENTER_THERMOELECTRIC_HEAT_2024,Export-DownloadCenterFile-20260901-101113.xlsx,raw/terna/historical_2024/Terna_Thermoelectric_Heat_2024_RAW.xlsx,06a18e50214e6e5bd882819a1dde6ba1a0ee0457e0c6728727c12640a4e4a72c
TERNA2024_CHP_HEAT_0513,2024,08,Emilia-Romagna,Emilia-Romagna,035,Reggio Nell'Emilia,Reggio nell'Emilia,NORD,Ciclo combinato con cogenerazione (CCC),CCGT_CHP,true,106.1645,106.1645,NUMBER,TYPED_NUMERIC_CELL,514,1,UNIQUE_VISIBLE_GRAIN,TERNA_DOWNLOAD_CENTER_THERMOELECTRIC_HEAT_2024,Export-DownloadCenterFile-20260901-101113.xlsx,raw/terna/historical_2024/Terna_Thermoelectric_Heat_2024_RAW.xlsx,06a18e50214e6e5bd882819a1dde6ba1a0ee0457e0c6728727c12640a4e4a72c
TERNA2024_CHP_HEAT_0514,2024,08,Emilia-Romagna,Emilia-Romagna,035,Reggio Nell'Emilia,Reggio nell'Emilia,NORD,Combustione interna con cogenerazione (CIC),INTERNAL_COMBUSTION_CHP,true,37.205647,37.205647,NUMBER,TYPED_NUMERIC_CELL,515,3,MULTIPLE_SOURCE_ROWS_RETAINED_FOR_AGGREGATION,TERNA_DOWNLOAD_CENTER_THERMOELECTRIC_HEAT_2024,Export-DownloadCenterFile-20260901-101113.xlsx,raw/terna/historical_2024/Terna_Thermoelectric_Heat_2024_RAW.xlsx,06a18e50214e6e5bd882819a1dde6ba1a0ee0457e0c6728727c12640a4e4a72c
TERNA2024_CHP_HEAT_0515,2024,08,Emilia-Romagna,Emilia-Romagna,035,Reggio Nell'Emilia,Reggio nell'Emilia,NORD,Combustione interna con cogenerazione (CIC),INTERNAL_COMBUSTION_CHP,true,90.82949,90.82949,NUMBER,TYPED_NUMERIC_CELL,516,3,MULTIPLE_SOURCE_ROWS_RETAINED_FOR_AGGREGATION,TERNA_DOWNLOAD_CENTER_THERMOELECTRIC_HEAT_2024,Export-DownloadCenterFile-20260901-101113.xlsx,raw/terna/historical_2024/Terna_Thermoelectric_Heat_2024_RAW.xlsx,06a18e50214e6e5bd882819a1dde6ba1a0ee0457e0c6728727c12640a4e4a72c
TERNA2024_CHP_HEAT_0516,2024,08,Emilia-Romagna,Emilia-Romagna,035,Reggio Nell'Emilia,Reggio nell'Emilia,NORD,Combustione interna con cogenerazione (CIC),INTERNAL_COMBUSTION_CHP,true,0,0,NUMBER,TYPED_NUMERIC_CELL,517,3,MULTIPLE_SOURCE_ROWS_RETAINED_FOR_AGGREGATION,TERNA_DOWNLOAD_CENTER_THERMOELECTRIC_HEAT_2024,Export-DownloadCenterFile-20260901-101113.xlsx,raw/terna/historical_2024/Terna_Thermoelectric_Heat_2024_RAW.xlsx,06a18e50214e6e5bd882819a1dde6ba1a0ee0457e0c6728727c12640a4e4a72c
TERNA2024_CHP_HEAT_0517,2024,08,Emilia-Romagna,Emilia-Romagna,035,Reggio Nell'Emilia,Reggio nell'Emilia,NORD,Contropressione (CPC),STEAM_BACKPRESSURE_CHP,true,0,0,NUMBER,TYPED_NUMERIC_CELL,518,1,UNIQUE_VISIBLE_GRAIN,TERNA_DOWNLOAD_CENTER_THERMOELECTRIC_HEAT_2024,Export-DownloadCenterFile-20260901-101113.xlsx,raw/terna/historical_2024/Terna_Thermoelectric_Heat_2024_RAW.xlsx,06a18e50214e6e5bd882819a1dde6ba1a0ee0457e0c6728727c12640a4e4a72c
TERNA2024_CHP_HEAT_0518,2024,08,Emilia-Romagna,Emilia-Romagna,035,Reggio Nell'Emilia,Reggio nell'Emilia,NORD,Turbine a gas con cogenerazione (TGC),GT_CHP,true,211.54405,211.54405,NUMBER,TYPED_NUMERIC_CELL,519,1,UNIQUE_VISIBLE_GRAIN,TERNA_DOWNLOAD_CENTER_THERMOELECTRIC_HEAT_2024,Export-DownloadCenterFile-20260901-101113.xlsx,raw/terna/historical_2024/Terna_Thermoelectric_Heat_2024_RAW.xlsx,06a18e50214e6e5bd882819a1dde6ba1a0ee0457e0c6728727c12640a4e4a72c
TERNA2024_CHP_HEAT_0519,2024,08,Emilia-Romagna,Emilia-Romagna,099,Rimini,Rimini,NORD,Combustione interna con cogenerazione (CIC),INTERNAL_COMBUSTION_CHP,true,16.566496,16.566496,NUMBER,TYPED_NUMERIC_CELL,520,2,MULTIPLE_SOURCE_ROWS_RETAINED_FOR_AGGREGATION,TERNA_DOWNLOAD_CENTER_THERMOELECTRIC_HEAT_2024,Export-DownloadCenterFile-20260901-101113.xlsx,raw/terna/historical_2024/Terna_Thermoelectric_Heat_2024_RAW.xlsx,06a18e50214e6e5bd882819a1dde6ba1a0ee0457e0c6728727c12640a4e4a72c
TERNA2024_CHP_HEAT_0520,2024,08,Emilia-Romagna,Emilia-Romagna,099,Rimini,Rimini,NORD,Combustione interna con cogenerazione (CIC),INTERNAL_COMBUSTION_CHP,true,31.841452,31.841452,NUMBER,TYPED_NUMERIC_CELL,521,2,MULTIPLE_SOURCE_ROWS_RETAINED_FOR_AGGREGATION,TERNA_DOWNLOAD_CENTER_THERMOELECTRIC_HEAT_2024,Export-DownloadCenterFile-20260901-101113.xlsx,raw/terna/historical_2024/Terna_Thermoelectric_Heat_2024_RAW.xlsx,06a18e50214e6e5bd882819a1dde6ba1a0ee0457e0c6728727c12640a4e4a72c
TERNA2024_CHP_HEAT_0521,2024,08,Emilia-Romagna,Emilia-Romagna,099,Rimini,Rimini,NORD,Turbine a gas con cogenerazione (TGC),GT_CHP,true,17.225266,17.225266,NUMBER,TYPED_NUMERIC_CELL,522,1,UNIQUE_VISIBLE_GRAIN,TERNA_DOWNLOAD_CENTER_THERMOELECTRIC_HEAT_2024,Export-DownloadCenterFile-20260901-101113.xlsx,raw/terna/historical_2024/Terna_Thermoelectric_Heat_2024_RAW.xlsx,06a18e50214e6e5bd882819a1dde6ba1a0ee0457e0c6728727c12640a4e4a72c
TERNA2024_CHP_HEAT_0522,2024,06,Friuli-Venezia Giulia,Friuli-Venezia Giulia,031,Gorizia,Gorizia,NORD,Ciclo combinato con cogenerazione (CCC),CCGT_CHP,true,9.844082,9.844082,NUMBER,TYPED_NUMERIC_CELL,523,1,UNIQUE_VISIBLE_GRAIN,TERNA_DOWNLOAD_CENTER_THERMOELECTRIC_HEAT_2024,Export-DownloadCenterFile-20260901-101113.xlsx,raw/terna/historical_2024/Terna_Thermoelectric_Heat_2024_RAW.xlsx,06a18e50214e6e5bd882819a1dde6ba1a0ee0457e0c6728727c12640a4e4a72c
TERNA2024_CHP_HEAT_0523,2024,06,Friuli-Venezia Giulia,Friuli-Venezia Giulia,031,Gorizia,Gorizia,NORD,Combustione interna con cogenerazione (CIC),INTERNAL_COMBUSTION_CHP,true,6.769169,6.769169,NUMBER,TYPED_NUMERIC_CELL,524,2,MULTIPLE_SOURCE_ROWS_RETAINED_FOR_AGGREGATION,TERNA_DOWNLOAD_CENTER_THERMOELECTRIC_HEAT_2024,Export-DownloadCenterFile-20260901-101113.xlsx,raw/terna/historical_2024/Terna_Thermoelectric_Heat_2024_RAW.xlsx,06a18e50214e6e5bd882819a1dde6ba1a0ee0457e0c6728727c12640a4e4a72c
TERNA2024_CHP_HEAT_0524,2024,06,Friuli-Venezia Giulia,Friuli-Venezia Giulia,031,Gorizia,Gorizia,NORD,Combustione interna con cogenerazione (CIC),INTERNAL_COMBUSTION_CHP,true,30.295845,30.295845,NUMBER,TYPED_NUMERIC_CELL,525,2,MULTIPLE_SOURCE_ROWS_RETAINED_FOR_AGGREGATION,TERNA_DOWNLOAD_CENTER_THERMOELECTRIC_HEAT_2024,Export-DownloadCenterFile-20260901-101113.xlsx,raw/terna/historical_2024/Terna_Thermoelectric_Heat_2024_RAW.xlsx,06a18e50214e6e5bd882819a1dde6ba1a0ee0457e0c6728727c12640a4e4a72c
TERNA2024_CHP_HEAT_0525,2024,06,Friuli-Venezia Giulia,Friuli-Venezia Giulia,031,Gorizia,Gorizia,NORD,Turbine a gas con cogenerazione (TGC),GT_CHP,true,0,0,NUMBER,TYPED_NUMERIC_CELL,526,1,UNIQUE_VISIBLE_GRAIN,TERNA_DOWNLOAD_CENTER_THERMOELECTRIC_HEAT_2024,Export-DownloadCenterFile-20260901-101113.xlsx,raw/terna/historical_2024/Terna_Thermoelectric_Heat_2024_RAW.xlsx,06a18e50214e6e5bd882819a1dde6ba1a0ee0457e0c6728727c12640a4e4a72c
TERNA2024_CHP_HEAT_0526,2024,06,Friuli-Venezia Giulia,Friuli-Venezia Giulia,093,Pordenone,Pordenone,NORD,Ciclo combinato con cogenerazione (CCC),CCGT_CHP,true,15.932117,15.932117,NUMBER,TYPED_NUMERIC_CELL,527,1,UNIQUE_VISIBLE_GRAIN,TERNA_DOWNLOAD_CENTER_THERMOELECTRIC_HEAT_2024,Export-DownloadCenterFile-20260901-101113.xlsx,raw/terna/historical_2024/Terna_Thermoelectric_Heat_2024_RAW.xlsx,06a18e50214e6e5bd882819a1dde6ba1a0ee0457e0c6728727c12640a4e4a72c
TERNA2024_CHP_HEAT_0527,2024,06,Friuli-Venezia Giulia,Friuli-Venezia Giulia,093,Pordenone,Pordenone,NORD,Combustione interna con cogenerazione (CIC),INTERNAL_COMBUSTION_CHP,true,64.09998,64.09998,NUMBER,TYPED_NUMERIC_CELL,528,3,MULTIPLE_SOURCE_ROWS_RETAINED_FOR_AGGREGATION,TERNA_DOWNLOAD_CENTER_THERMOELECTRIC_HEAT_2024,Export-DownloadCenterFile-20260901-101113.xlsx,raw/terna/historical_2024/Terna_Thermoelectric_Heat_2024_RAW.xlsx,06a18e50214e6e5bd882819a1dde6ba1a0ee0457e0c6728727c12640a4e4a72c
TERNA2024_CHP_HEAT_0528,2024,06,Friuli-Venezia Giulia,Friuli-Venezia Giulia,093,Pordenone,Pordenone,NORD,Combustione interna con cogenerazione (CIC),INTERNAL_COMBUSTION_CHP,true,34.81566,34.81566,NUMBER,TYPED_NUMERIC_CELL,529,3,MULTIPLE_SOURCE_ROWS_RETAINED_FOR_AGGREGATION,TERNA_DOWNLOAD_CENTER_THERMOELECTRIC_HEAT_2024,Export-DownloadCenterFile-20260901-101113.xlsx,raw/terna/historical_2024/Terna_Thermoelectric_Heat_2024_RAW.xlsx,06a18e50214e6e5bd882819a1dde6ba1a0ee0457e0c6728727c12640a4e4a72c
TERNA2024_CHP_HEAT_0529,2024,06,Friuli-Venezia Giulia,Friuli-Venezia Giulia,093,Pordenone,Pordenone,NORD,Combustione interna con cogenerazione (CIC),INTERNAL_COMBUSTION_CHP,true,0,0,NUMBER,TYPED_NUMERIC_CELL,530,3,MULTIPLE_SOURCE_ROWS_RETAINED_FOR_AGGREGATION,TERNA_DOWNLOAD_CENTER_THERMOELECTRIC_HEAT_2024,Export-DownloadCenterFile-20260901-101113.xlsx,raw/terna/historical_2024/Terna_Thermoelectric_Heat_2024_RAW.xlsx,06a18e50214e6e5bd882819a1dde6ba1a0ee0457e0c6728727c12640a4e4a72c
TERNA2024_CHP_HEAT_0530,2024,06,Friuli-Venezia Giulia,Friuli-Venezia Giulia,093,Pordenone,Pordenone,NORD,Turbine a gas con cogenerazione (TGC),GT_CHP,true,52.338985,52.338985,NUMBER,TYPED_NUMERIC_CELL,531,1,UNIQUE_VISIBLE_GRAIN,TERNA_DOWNLOAD_CENTER_THERMOELECTRIC_HEAT_2024,Export-DownloadCenterFile-20260901-101113.xlsx,raw/terna/historical_2024/Terna_Thermoelectric_Heat_2024_RAW.xlsx,06a18e50214e6e5bd882819a1dde6ba1a0ee0457e0c6728727c12640a4e4a72c
TERNA2024_CHP_HEAT_0531,2024,06,Friuli-Venezia Giulia,Friuli-Venezia Giulia,032,Trieste,Trieste,NORD,Ciclo combinato con cogenerazione (CCC),CCGT_CHP,true,2.831911,2.831911,NUMBER,TYPED_NUMERIC_CELL,532,1,UNIQUE_VISIBLE_GRAIN,TERNA_DOWNLOAD_CENTER_THERMOELECTRIC_HEAT_2024,Export-DownloadCenterFile-20260901-101113.xlsx,raw/terna/historical_2024/Terna_Thermoelectric_Heat_2024_RAW.xlsx,06a18e50214e6e5bd882819a1dde6ba1a0ee0457e0c6728727c12640a4e4a72c
TERNA2024_CHP_HEAT_0532,2024,06,Friuli-Venezia Giulia,Friuli-Venezia Giulia,032,Trieste,Trieste,NORD,Combustione interna con cogenerazione (CIC),INTERNAL_COMBUSTION_CHP,true,1.266071,1.266071,NUMBER,TYPED_NUMERIC_CELL,533,2,MULTIPLE_SOURCE_ROWS_RETAINED_FOR_AGGREGATION,TERNA_DOWNLOAD_CENTER_THERMOELECTRIC_HEAT_2024,Export-DownloadCenterFile-20260901-101113.xlsx,raw/terna/historical_2024/Terna_Thermoelectric_Heat_2024_RAW.xlsx,06a18e50214e6e5bd882819a1dde6ba1a0ee0457e0c6728727c12640a4e4a72c
