year,scenario,zone,parent_capacity_technology,parent_zone_p_nom_MW,fuel,carrier,fuel_subband_p_nom_MW,CHP_flag,observed_chp_capacity_MW,observed_reference_capacity_MW,chp_share_used,chp_share_basis,solver_subtechnology,solver_p_nom_MW,geography_changed,heat_system_coupled,must_run,evidence_class,status
2040,Slow,NORD,CCGT,28711.76778384643,METHANE,methane_ccgt,28711.76778384643,true,10726.618,22753.472999999998,0.471427724462,2024_ZONE×CONVERSION_TECHNOLOGY_OBSERVED_SHARE,METHANE_CCGT_CHP,13535.523351623167,false,false,false,PROJECT DERIVATION FROM TERNA 2024 CHP CAPACITY,ELECTRICITY_ONLY_CHP_SPECIFIC_BAND_READY
2040,Slow,NORD,CCGT,28711.76778384643,METHANE,methane_ccgt,28711.76778384643,false,10726.618,22753.472999999998,0.471427724462,2024_ZONE×CONVERSION_TECHNOLOGY_OBSERVED_SHARE,METHANE_CCGT_NON_CHP,15176.244432223262,false,false,false,PROJECT DERIVATION FROM TERNA 2024 CHP CAPACITY,ELECTRICITY_ONLY_CHP_SPECIFIC_BAND_READY
2040,Slow,CNOR,CCGT,1988.712636541676,METHANE,methane_ccgt,1988.712636541676,true,1123.387,1576.013,0.712803130431,2024_ZONE×CONVERSION_TECHNOLOGY_OBSERVED_SHARE,METHANE_CCGT_CHP,1417.560592854655,false,false,false,PROJECT DERIVATION FROM TERNA 2024 CHP CAPACITY,ELECTRICITY_ONLY_CHP_SPECIFIC_BAND_READY
2040,Slow,CNOR,CCGT,1988.712636541676,METHANE,methane_ccgt,1988.712636541676,false,1123.387,1576.013,0.712803130431,2024_ZONE×CONVERSION_TECHNOLOGY_OBSERVED_SHARE,METHANE_CCGT_NON_CHP,571.152043687021,false,false,false,PROJECT DERIVATION FROM TERNA 2024 CHP CAPACITY,ELECTRICITY_ONLY_CHP_SPECIFIC_BAND_READY
2040,Slow,CSUD,CCGT,7876.492633771277,METHANE,methane_ccgt,7876.492633771277,true,670.765,6241.955,0.107460723443,2024_ZONE×CONVERSION_TECHNOLOGY_OBSERVED_SHARE,METHANE_CCGT_CHP,846.413596620224,false,false,false,PROJECT DERIVATION FROM TERNA 2024 CHP CAPACITY,ELECTRICITY_ONLY_CHP_SPECIFIC_BAND_READY
2040,Slow,CSUD,CCGT,7876.492633771277,METHANE,methane_ccgt,7876.492633771277,false,670.765,6241.955,0.107460723443,2024_ZONE×CONVERSION_TECHNOLOGY_OBSERVED_SHARE,METHANE_CCGT_NON_CHP,7030.079037151053,false,false,false,PROJECT DERIVATION FROM TERNA 2024 CHP CAPACITY,ELECTRICITY_ONLY_CHP_SPECIFIC_BAND_READY
2040,Slow,SUD,CCGT,5503.624706945679,METHANE,methane_ccgt,5503.624706945679,true,2204.229,4361.507,0.505382428596,2024_ZONE×CONVERSION_TECHNOLOGY_OBSERVED_SHARE,METHANE_CCGT_CHP,2781.435220479106,false,false,false,PROJECT DERIVATION FROM TERNA 2024 CHP CAPACITY,ELECTRICITY_ONLY_CHP_SPECIFIC_BAND_READY
2040,Slow,SUD,CCGT,5503.624706945679,METHANE,methane_ccgt,5503.624706945679,false,2204.229,4361.507,0.505382428596,2024_ZONE×CONVERSION_TECHNOLOGY_OBSERVED_SHARE,METHANE_CCGT_NON_CHP,2722.189486466572,false,false,false,PROJECT DERIVATION FROM TERNA 2024 CHP CAPACITY,ELECTRICITY_ONLY_CHP_SPECIFIC_BAND_READY
2040,Slow,CALA,CCGT,4024.504123167603,METHANE,methane_ccgt,4024.504123167603,true,1607.335,3189.335,0.503971831118,2024_ZONE×CONVERSION_TECHNOLOGY_OBSERVED_SHARE,METHANE_CCGT_CHP,2028.236712296325,false,false,false,PROJECT DERIVATION FROM TERNA 2024 CHP CAPACITY,ELECTRICITY_ONLY_CHP_SPECIFIC_BAND_READY
2040,Slow,CALA,CCGT,4024.504123167603,METHANE,methane_ccgt,4024.504123167603,false,1607.335,3189.335,0.503971831118,2024_ZONE×CONVERSION_TECHNOLOGY_OBSERVED_SHARE,METHANE_CCGT_NON_CHP,1996.267410871278,false,false,false,PROJECT DERIVATION FROM TERNA 2024 CHP CAPACITY,ELECTRICITY_ONLY_CHP_SPECIFIC_BAND_READY
2040,Slow,SICI,CCGT,3772.763698262549,METHANE,methane_ccgt,3772.763698262549,true,1441.836,2989.836,0.482245848936,2024_ZONE×CONVERSION_TECHNOLOGY_OBSERVED_SHARE,METHANE_CCGT_CHP,1819.399632504285,false,false,false,PROJECT DERIVATION FROM TERNA 2024 CHP CAPACITY,ELECTRICITY_ONLY_CHP_SPECIFIC_BAND_READY
2040,Slow,SICI,CCGT,3772.763698262549,METHANE,methane_ccgt,3772.763698262549,false,1441.836,2989.836,0.482245848936,2024_ZONE×CONVERSION_TECHNOLOGY_OBSERVED_SHARE,METHANE_CCGT_NON_CHP,1953.364065758264,false,false,false,PROJECT DERIVATION FROM TERNA 2024 CHP CAPACITY,ELECTRICITY_ONLY_CHP_SPECIFIC_BAND_READY
2040,Slow,SARD,CCGT,791.188158417066,METHANE,methane_ccgt,791.188158417066,true,591,627,0.942583732057,2024_ZONE×CONVERSION_TECHNOLOGY_OBSERVED_SHARE,METHANE_CCGT_CHP,745.761087120392,false,false,false,PROJECT DERIVATION FROM TERNA 2024 CHP CAPACITY,ELECTRICITY_ONLY_CHP_SPECIFIC_BAND_READY
2040,Slow,SARD,CCGT,791.188158417066,METHANE,methane_ccgt,791.188158417066,false,591,627,0.942583732057,2024_ZONE×CONVERSION_TECHNOLOGY_OBSERVED_SHARE,METHANE_CCGT_NON_CHP,45.427071296674,false,false,false,PROJECT DERIVATION FROM TERNA 2024 CHP CAPACITY,ELECTRICITY_ONLY_CHP_SPECIFIC_BAND_READY
2040,Slow,NORD,GT_OCGT,1047.385284801814,METHANE,methane_gt_ocgt,1047.385284801814,true,740.92438,908.60098,0.815456285332,2024_ZONE×CONVERSION_TECHNOLOGY_OBSERVED_SHARE,METHANE_GT_OCGT_CHP,854.0969136561,false,false,false,PROJECT DERIVATION FROM TERNA 2024 CHP CAPACITY,ELECTRICITY_ONLY_CHP_SPECIFIC_BAND_READY
2040,Slow,NORD,GT_OCGT,1047.385284801814,METHANE,methane_gt_ocgt,1047.385284801814,false,740.92438,908.60098,0.815456285332,2024_ZONE×CONVERSION_TECHNOLOGY_OBSERVED_SHARE,METHANE_GT_OCGT_NON_CHP,193.288371145714,false,false,false,PROJECT DERIVATION FROM TERNA 2024 CHP CAPACITY,ELECTRICITY_ONLY_CHP_SPECIFIC_BAND_READY
2040,Slow,CNOR,GT_OCGT,596.279280795386,METHANE,methane_gt_ocgt,596.279280795386,true,459.399,517.269,0.88812397418,2024_ZONE×CONVERSION_TECHNOLOGY_OBSERVED_SHARE,METHANE_GT_OCGT_CHP,529.569924581058,false,false,false,PROJECT DERIVATION FROM TERNA 2024 CHP CAPACITY,ELECTRICITY_ONLY_CHP_SPECIFIC_BAND_READY
2040,Slow,CNOR,GT_OCGT,596.279280795386,METHANE,methane_gt_ocgt,596.279280795386,false,459.399,517.269,0.88812397418,2024_ZONE×CONVERSION_TECHNOLOGY_OBSERVED_SHARE,METHANE_GT_OCGT_NON_CHP,66.709356214327,false,false,false,PROJECT DERIVATION FROM TERNA 2024 CHP CAPACITY,ELECTRICITY_ONLY_CHP_SPECIFIC_BAND_READY
2040,Slow,CSUD,GT_OCGT,956.659661209113,METHANE,methane_gt_ocgt,956.659661209113,true,104.681,829.897,0.126137339935,2024_ZONE×CONVERSION_TECHNOLOGY_OBSERVED_SHARE,METHANE_GT_OCGT_CHP,120.670504887994,false,false,false,PROJECT DERIVATION FROM TERNA 2024 CHP CAPACITY,ELECTRICITY_ONLY_CHP_SPECIFIC_BAND_READY
2040,Slow,CSUD,GT_OCGT,956.659661209113,METHANE,methane_gt_ocgt,956.659661209113,false,104.681,829.897,0.126137339935,2024_ZONE×CONVERSION_TECHNOLOGY_OBSERVED_SHARE,METHANE_GT_OCGT_NON_CHP,835.989156321119,false,false,false,PROJECT DERIVATION FROM TERNA 2024 CHP CAPACITY,ELECTRICITY_ONLY_CHP_SPECIFIC_BAND_READY
2040,Slow,SUD,GT_OCGT,318.517291071326,METHANE,methane_gt_ocgt,318.517291071326,true,24.727,276.312,0.08948941776,2024_ZONE×CONVERSION_TECHNOLOGY_OBSERVED_SHARE,METHANE_GT_OCGT_CHP,28.503926924349,false,false,false,PROJECT DERIVATION FROM TERNA 2024 CHP CAPACITY,ELECTRICITY_ONLY_CHP_SPECIFIC_BAND_READY
2040,Slow,SUD,GT_OCGT,318.517291071326,METHANE,methane_gt_ocgt,318.517291071326,false,24.727,276.312,0.08948941776,2024_ZONE×CONVERSION_TECHNOLOGY_OBSERVED_SHARE,METHANE_GT_OCGT_NON_CHP,290.013364146977,false,false,false,PROJECT DERIVATION FROM TERNA 2024 CHP CAPACITY,ELECTRICITY_ONLY_CHP_SPECIFIC_BAND_READY
2040,Slow,CALA,GT_OCGT,268.913518698243,METHANE,methane_gt_ocgt,268.913518698243,true,6.241,233.281,0.026753143205,2024_ZONE×CONVERSION_TECHNOLOGY_OBSERVED_SHARE,METHANE_GT_OCGT_CHP,7.194281875488,false,false,false,PROJECT DERIVATION FROM TERNA 2024 CHP CAPACITY,ELECTRICITY_ONLY_CHP_SPECIFIC_BAND_READY
2040,Slow,CALA,GT_OCGT,268.913518698243,METHANE,methane_gt_ocgt,268.913518698243,false,6.241,233.281,0.026753143205,2024_ZONE×CONVERSION_TECHNOLOGY_OBSERVED_SHARE,METHANE_GT_OCGT_NON_CHP,261.719236822755,false,false,false,PROJECT DERIVATION FROM TERNA 2024 CHP CAPACITY,ELECTRICITY_ONLY_CHP_SPECIFIC_BAND_READY
2040,Slow,SICI,GT_OCGT,811.553266688307,METHANE,methane_gt_ocgt,811.553266688307,true,56.398,704.018,0.08010874722,2024_ZONE×CONVERSION_TECHNOLOGY_OBSERVED_SHARE,METHANE_GT_OCGT_CHP,65.012515496318,false,false,false,PROJECT DERIVATION FROM TERNA 2024 CHP CAPACITY,ELECTRICITY_ONLY_CHP_SPECIFIC_BAND_READY
2040,Slow,SICI,GT_OCGT,811.553266688307,METHANE,methane_gt_ocgt,811.553266688307,false,56.398,704.018,0.08010874722,2024_ZONE×CONVERSION_TECHNOLOGY_OBSERVED_SHARE,METHANE_GT_OCGT_NON_CHP,746.540751191989,false,false,false,PROJECT DERIVATION FROM TERNA 2024 CHP CAPACITY,ELECTRICITY_ONLY_CHP_SPECIFIC_BAND_READY
2040,Slow,SARD,GT_OCGT,172.911757943543,METHANE,methane_gt_ocgt,172.911757943543,true,0,150,0,2024_ZONE×CONVERSION_TECHNOLOGY_OBSERVED_SHARE,METHANE_GT_OCGT_CHP,0,false,false,false,PROJECT DERIVATION FROM TERNA 2024 CHP CAPACITY,ELECTRICITY_ONLY_CHP_SPECIFIC_BAND_READY
2040,Slow,SARD,GT_OCGT,172.911757943543,METHANE,methane_gt_ocgt,172.911757943543,false,0,150,0,2024_ZONE×CONVERSION_TECHNOLOGY_OBSERVED_SHARE,METHANE_GT_OCGT_NON_CHP,172.911757943543,false,false,false,PROJECT DERIVATION FROM TERNA 2024 CHP CAPACITY,ELECTRICITY_ONLY_CHP_SPECIFIC_BAND_READY
2040,Slow,NORD,INTERNAL_COMBUSTION,4298.828298221283,METHANE,methane_internal_combustion,2758.340197454287,true,3046.94443,3729.20993,0.817048245391,2024_ZONE×CONVERSION_TECHNOLOGY_OBSERVED_SHARE,METHANE_INTERNAL_COMBUSTION_CHP,2253.697018520607,false,false,false,PROJECT DERIVATION FROM TERNA 2024 CHP CAPACITY,ELECTRICITY_ONLY_CHP_SPECIFIC_BAND_READY
2040,Slow,NORD,INTERNAL_COMBUSTION,4298.828298221283,METHANE,methane_internal_combustion,2758.340197454287,false,3046.94443,3729.20993,0.817048245391,2024_ZONE×CONVERSION_TECHNOLOGY_OBSERVED_SHARE,METHANE_INTERNAL_COMBUSTION_NON_CHP,504.64317893368,false,false,false,PROJECT DERIVATION FROM TERNA 2024 CHP CAPACITY,ELECTRICITY_ONLY_CHP_SPECIFIC_BAND_READY
2040,Slow,NORD,INTERNAL_COMBUSTION,4298.828298221283,BIOENERGY,bioenergy_internal_combustion,1540.488100766996,true,3046.94443,3729.20993,0.817048245391,2024_ZONE×CONVERSION_TECHNOLOGY_OBSERVED_SHARE,BIOENERGY_INTERNAL_COMBUSTION_CHP,1258.653099776895,false,false,false,PROJECT DERIVATION FROM TERNA 2024 CHP CAPACITY,ELECTRICITY_ONLY_CHP_SPECIFIC_BAND_READY
2040,Slow,NORD,INTERNAL_COMBUSTION,4298.828298221283,BIOENERGY,bioenergy_internal_combustion,1540.488100766996,false,3046.94443,3729.20993,0.817048245391,2024_ZONE×CONVERSION_TECHNOLOGY_OBSERVED_SHARE,BIOENERGY_INTERNAL_COMBUSTION_NON_CHP,281.835000990101,false,false,false,PROJECT DERIVATION FROM TERNA 2024 CHP CAPACITY,ELECTRICITY_ONLY_CHP_SPECIFIC_BAND_READY
2040,Slow,CNOR,INTERNAL_COMBUSTION,482.631367933606,METHANE,methane_internal_combustion,341.800286135083,true,287.26276,418.68006,0.686115216473,2024_ZONE×CONVERSION_TECHNOLOGY_OBSERVED_SHARE,METHANE_INTERNAL_COMBUSTION_CHP,234.514377312246,false,false,false,PROJECT DERIVATION FROM TERNA 2024 CHP CAPACITY,ELECTRICITY_ONLY_CHP_SPECIFIC_BAND_READY
2040,Slow,CNOR,INTERNAL_COMBUSTION,482.631367933606,METHANE,methane_internal_combustion,341.800286135083,false,287.26276,418.68006,0.686115216473,2024_ZONE×CONVERSION_TECHNOLOGY_OBSERVED_SHARE,METHANE_INTERNAL_COMBUSTION_NON_CHP,107.285908822837,false,false,false,PROJECT DERIVATION FROM TERNA 2024 CHP CAPACITY,ELECTRICITY_ONLY_CHP_SPECIFIC_BAND_READY
2040,Slow,CNOR,INTERNAL_COMBUSTION,482.631367933606,BIOENERGY,bioenergy_internal_combustion,140.831081798523,true,287.26276,418.68006,0.686115216473,2024_ZONE×CONVERSION_TECHNOLOGY_OBSERVED_SHARE,BIOENERGY_INTERNAL_COMBUSTION_CHP,96.626348174378,false,false,false,PROJECT DERIVATION FROM TERNA 2024 CHP CAPACITY,ELECTRICITY_ONLY_CHP_SPECIFIC_BAND_READY
2040,Slow,CNOR,INTERNAL_COMBUSTION,482.631367933606,BIOENERGY,bioenergy_internal_combustion,140.831081798523,false,287.26276,418.68006,0.686115216473,2024_ZONE×CONVERSION_TECHNOLOGY_OBSERVED_SHARE,BIOENERGY_INTERNAL_COMBUSTION_NON_CHP,44.204733624145,false,false,false,PROJECT DERIVATION FROM TERNA 2024 CHP CAPACITY,ELECTRICITY_ONLY_CHP_SPECIFIC_BAND_READY
2040,Slow,CSUD,INTERNAL_COMBUSTION,970.597501644587,METHANE,methane_internal_combustion,634.253616962157,true,574.638,841.988,0.682477660014,2024_ZONE×CONVERSION_TECHNOLOGY_OBSERVED_SHARE,METHANE_INTERNAL_COMBUSTION_CHP,432.863924359848,false,false,false,PROJECT DERIVATION FROM TERNA 2024 CHP CAPACITY,ELECTRICITY_ONLY_CHP_SPECIFIC_BAND_READY
2040,Slow,CSUD,INTERNAL_COMBUSTION,970.597501644587,METHANE,methane_internal_combustion,634.253616962157,false,574.638,841.988,0.682477660014,2024_ZONE×CONVERSION_TECHNOLOGY_OBSERVED_SHARE,METHANE_INTERNAL_COMBUSTION_NON_CHP,201.389692602309,false,false,false,PROJECT DERIVATION FROM TERNA 2024 CHP CAPACITY,ELECTRICITY_ONLY_CHP_SPECIFIC_BAND_READY
2040,Slow,CSUD,INTERNAL_COMBUSTION,970.597501644587,BIOENERGY,bioenergy_internal_combustion,336.34388468243,true,574.638,841.988,0.682477660014,2024_ZONE×CONVERSION_TECHNOLOGY_OBSERVED_SHARE,BIOENERGY_INTERNAL_COMBUSTION_CHP,229.547187378137,false,false,false,PROJECT DERIVATION FROM TERNA 2024 CHP CAPACITY,ELECTRICITY_ONLY_CHP_SPECIFIC_BAND_READY
2040,Slow,CSUD,INTERNAL_COMBUSTION,970.597501644587,BIOENERGY,bioenergy_internal_combustion,336.34388468243,false,574.638,841.988,0.682477660014,2024_ZONE×CONVERSION_TECHNOLOGY_OBSERVED_SHARE,BIOENERGY_INTERNAL_COMBUSTION_NON_CHP,106.796697304294,false,false,false,PROJECT DERIVATION FROM TERNA 2024 CHP CAPACITY,ELECTRICITY_ONLY_CHP_SPECIFIC_BAND_READY
2040,Slow,SUD,INTERNAL_COMBUSTION,544.538319093001,METHANE,methane_internal_combustion,374.663931250963,true,187.371,472.384,0.396649759518,2024_ZONE×CONVERSION_TECHNOLOGY_OBSERVED_SHARE,METHANE_INTERNAL_COMBUSTION_CHP,148.610358230643,false,false,false,PROJECT DERIVATION FROM TERNA 2024 CHP CAPACITY,ELECTRICITY_ONLY_CHP_SPECIFIC_BAND_READY
2040,Slow,SUD,INTERNAL_COMBUSTION,544.538319093001,METHANE,methane_internal_combustion,374.663931250963,false,187.371,472.384,0.396649759518,2024_ZONE×CONVERSION_TECHNOLOGY_OBSERVED_SHARE,METHANE_INTERNAL_COMBUSTION_NON_CHP,226.05357302032,false,false,false,PROJECT DERIVATION FROM TERNA 2024 CHP CAPACITY,ELECTRICITY_ONLY_CHP_SPECIFIC_BAND_READY
2040,Slow,SUD,INTERNAL_COMBUSTION,544.538319093001,BIOENERGY,bioenergy_internal_combustion,169.874387842038,true,187.371,472.384,0.396649759518,2024_ZONE×CONVERSION_TECHNOLOGY_OBSERVED_SHARE,BIOENERGY_INTERNAL_COMBUSTION_CHP,67.380635085758,false,false,false,PROJECT DERIVATION FROM TERNA 2024 CHP CAPACITY,ELECTRICITY_ONLY_CHP_SPECIFIC_BAND_READY
2040,Slow,SUD,INTERNAL_COMBUSTION,544.538319093001,BIOENERGY,bioenergy_internal_combustion,169.874387842038,false,187.371,472.384,0.396649759518,2024_ZONE×CONVERSION_TECHNOLOGY_OBSERVED_SHARE,BIOENERGY_INTERNAL_COMBUSTION_NON_CHP,102.49375275628,false,false,false,PROJECT DERIVATION FROM TERNA 2024 CHP CAPACITY,ELECTRICITY_ONLY_CHP_SPECIFIC_BAND_READY
2040,Slow,CALA,INTERNAL_COMBUSTION,47.518456572495,METHANE,methane_internal_combustion,12.431621526944,true,36.619,41.222,0.888336325263,2024_ZONE×CONVERSION_TECHNOLOGY_OBSERVED_SHARE,METHANE_INTERNAL_COMBUSTION_CHP,11.043460984309,false,false,false,PROJECT DERIVATION FROM TERNA 2024 CHP CAPACITY,ELECTRICITY_ONLY_CHP_SPECIFIC_BAND_READY
2040,Slow,CALA,INTERNAL_COMBUSTION,47.518456572495,METHANE,methane_internal_combustion,12.431621526944,false,36.619,41.222,0.888336325263,2024_ZONE×CONVERSION_TECHNOLOGY_OBSERVED_SHARE,METHANE_INTERNAL_COMBUSTION_NON_CHP,1.388160542636,false,false,false,PROJECT DERIVATION FROM TERNA 2024 CHP CAPACITY,ELECTRICITY_ONLY_CHP_SPECIFIC_BAND_READY
2040,Slow,CALA,INTERNAL_COMBUSTION,47.518456572495,BIOENERGY,bioenergy_internal_combustion,35.086835045551,true,36.619,41.222,0.888336325263,2024_ZONE×CONVERSION_TECHNOLOGY_OBSERVED_SHARE,BIOENERGY_INTERNAL_COMBUSTION_CHP,31.168910109481,false,false,false,PROJECT DERIVATION FROM TERNA 2024 CHP CAPACITY,ELECTRICITY_ONLY_CHP_SPECIFIC_BAND_READY
2040,Slow,CALA,INTERNAL_COMBUSTION,47.518456572495,BIOENERGY,bioenergy_internal_combustion,35.086835045551,false,36.619,41.222,0.888336325263,2024_ZONE×CONVERSION_TECHNOLOGY_OBSERVED_SHARE,BIOENERGY_INTERNAL_COMBUSTION_NON_CHP,3.91792493607,false,false,false,PROJECT DERIVATION FROM TERNA 2024 CHP CAPACITY,ELECTRICITY_ONLY_CHP_SPECIFIC_BAND_READY
2040,Slow,SICI,INTERNAL_COMBUSTION,256.970273027011,METHANE,methane_internal_combustion,219.991711213026,true,47.3573,222.9203,0.212440500035,2024_ZONE×CONVERSION_TECHNOLOGY_OBSERVED_SHARE,METHANE_INTERNAL_COMBUSTION_CHP,46.735149133698,false,false,false,PROJECT DERIVATION FROM TERNA 2024 CHP CAPACITY,ELECTRICITY_ONLY_CHP_SPECIFIC_BAND_READY
2040,Slow,SICI,INTERNAL_COMBUSTION,256.970273027011,METHANE,methane_internal_combustion,219.991711213026,false,47.3573,222.9203,0.212440500035,2024_ZONE×CONVERSION_TECHNOLOGY_OBSERVED_SHARE,METHANE_INTERNAL_COMBUSTION_NON_CHP,173.256562079328,false,false,false,PROJECT DERIVATION FROM TERNA 2024 CHP CAPACITY,ELECTRICITY_ONLY_CHP_SPECIFIC_BAND_READY
2040,Slow,SICI,INTERNAL_COMBUSTION,256.970273027011,BIOENERGY,bioenergy_internal_combustion,36.978561813985,true,47.3573,222.9203,0.212440500035,2024_ZONE×CONVERSION_TECHNOLOGY_OBSERVED_SHARE,BIOENERGY_INTERNAL_COMBUSTION_CHP,7.855744162346,false,false,false,PROJECT DERIVATION FROM TERNA 2024 CHP CAPACITY,ELECTRICITY_ONLY_CHP_SPECIFIC_BAND_READY
2040,Slow,SICI,INTERNAL_COMBUSTION,256.970273027011,BIOENERGY,bioenergy_internal_combustion,36.978561813985,false,47.3573,222.9203,0.212440500035,2024_ZONE×CONVERSION_TECHNOLOGY_OBSERVED_SHARE,BIOENERGY_INTERNAL_COMBUSTION_NON_CHP,29.122817651639,false,false,false,PROJECT DERIVATION FROM TERNA 2024 CHP CAPACITY,ELECTRICITY_ONLY_CHP_SPECIFIC_BAND_READY
2040,Slow,SARD,INTERNAL_COMBUSTION,27.781155776999,METHANE,methane_internal_combustion,19.807047507323,true,13.99,24.1,0.580497925311,2024_ZONE×CONVERSION_TECHNOLOGY_OBSERVED_SHARE,METHANE_INTERNAL_COMBUSTION_CHP,11.497949984542,false,false,false,PROJECT DERIVATION FROM TERNA 2024 CHP CAPACITY,ELECTRICITY_ONLY_CHP_SPECIFIC_BAND_READY
2040,Slow,SARD,INTERNAL_COMBUSTION,27.781155776999,METHANE,methane_internal_combustion,19.807047507323,false,13.99,24.1,0.580497925311,2024_ZONE×CONVERSION_TECHNOLOGY_OBSERVED_SHARE,METHANE_INTERNAL_COMBUSTION_NON_CHP,8.309097522782,false,false,false,PROJECT DERIVATION FROM TERNA 2024 CHP CAPACITY,ELECTRICITY_ONLY_CHP_SPECIFIC_BAND_READY
2040,Slow,SARD,INTERNAL_COMBUSTION,27.781155776999,BIOENERGY,bioenergy_internal_combustion,7.974108269676,true,13.99,24.1,0.580497925311,2024_ZONE×CONVERSION_TECHNOLOGY_OBSERVED_SHARE,BIOENERGY_INTERNAL_COMBUSTION_CHP,4.628953306754,false,false,false,PROJECT DERIVATION FROM TERNA 2024 CHP CAPACITY,ELECTRICITY_ONLY_CHP_SPECIFIC_BAND_READY
2040,Slow,SARD,INTERNAL_COMBUSTION,27.781155776999,BIOENERGY,bioenergy_internal_combustion,7.974108269676,false,13.99,24.1,0.580497925311,2024_ZONE×CONVERSION_TECHNOLOGY_OBSERVED_SHARE,BIOENERGY_INTERNAL_COMBUSTION_NON_CHP,3.345154962922,false,false,false,PROJECT DERIVATION FROM TERNA 2024 CHP CAPACITY,ELECTRICITY_ONLY_CHP_SPECIFIC_BAND_READY
2040,Slow,NORD,STEAM_OTHER_SURVIVING,1975.224037250202,METHANE,methane_steam_other_surviving,1267.401134206621,true,1035.61,1565.323568332,0.661594842722,2024_ZONE×CONVERSION_TECHNOLOGY_OBSERVED_SHARE,METHANE_STEAM_OTHER_SURVIVING_CHP,838.506054051398,false,false,false,PROJECT DERIVATION FROM TERNA 2024 CHP CAPACITY,ELECTRICITY_ONLY_CHP_SPECIFIC_BAND_READY
2040,Slow,NORD,STEAM_OTHER_SURVIVING,1975.224037250202,METHANE,methane_steam_other_surviving,1267.401134206621,false,1035.61,1565.323568332,0.661594842722,2024_ZONE×CONVERSION_TECHNOLOGY_OBSERVED_SHARE,METHANE_STEAM_OTHER_SURVIVING_NON_CHP,428.895080155223,false,false,false,PROJECT DERIVATION FROM TERNA 2024 CHP CAPACITY,ELECTRICITY_ONLY_CHP_SPECIFIC_BAND_READY
2040,Slow,NORD,STEAM_OTHER_SURVIVING,1975.224037250202,BIOENERGY,bioenergy_steam_other_surviving,707.82290304358,true,1035.61,1565.323568332,0.661594842722,2024_ZONE×CONVERSION_TECHNOLOGY_OBSERVED_SHARE,BIOENERGY_STEAM_OTHER_SURVIVING_CHP,468.291982214306,false,false,false,PROJECT DERIVATION FROM TERNA 2024 CHP CAPACITY,ELECTRICITY_ONLY_CHP_SPECIFIC_BAND_READY
2040,Slow,NORD,STEAM_OTHER_SURVIVING,1975.224037250202,BIOENERGY,bioenergy_steam_other_surviving,707.82290304358,false,1035.61,1565.323568332,0.661594842722,2024_ZONE×CONVERSION_TECHNOLOGY_OBSERVED_SHARE,BIOENERGY_STEAM_OTHER_SURVIVING_NON_CHP,239.530920829275,false,false,false,PROJECT DERIVATION FROM TERNA 2024 CHP CAPACITY,ELECTRICITY_ONLY_CHP_SPECIFIC_BAND_READY
2040,Slow,CNOR,STEAM_OTHER_SURVIVING,63.044779690585,METHANE,methane_steam_other_surviving,44.648411125507,true,20.509,49.961663917,0.410494735205,2024_ZONE×CONVERSION_TECHNOLOGY_OBSERVED_SHARE,METHANE_STEAM_OTHER_SURVIVING_CHP,18.32793770228,false,false,false,PROJECT DERIVATION FROM TERNA 2024 CHP CAPACITY,ELECTRICITY_ONLY_CHP_SPECIFIC_BAND_READY
2040,Slow,CNOR,STEAM_OTHER_SURVIVING,63.044779690585,METHANE,methane_steam_other_surviving,44.648411125507,false,20.509,49.961663917,0.410494735205,2024_ZONE×CONVERSION_TECHNOLOGY_OBSERVED_SHARE,METHANE_STEAM_OTHER_SURVIVING_NON_CHP,26.320473423227,false,false,false,PROJECT DERIVATION FROM TERNA 2024 CHP CAPACITY,ELECTRICITY_ONLY_CHP_SPECIFIC_BAND_READY
2040,Slow,CNOR,STEAM_OTHER_SURVIVING,63.044779690585,BIOENERGY,bioenergy_steam_other_surviving,18.396368565078,true,20.509,49.961663917,0.410494735205,2024_ZONE×CONVERSION_TECHNOLOGY_OBSERVED_SHARE,BIOENERGY_STEAM_OTHER_SURVIVING_CHP,7.551612442852,false,false,false,PROJECT DERIVATION FROM TERNA 2024 CHP CAPACITY,ELECTRICITY_ONLY_CHP_SPECIFIC_BAND_READY
2040,Slow,CNOR,STEAM_OTHER_SURVIVING,63.044779690585,BIOENERGY,bioenergy_steam_other_surviving,18.396368565078,false,20.509,49.961663917,0.410494735205,2024_ZONE×CONVERSION_TECHNOLOGY_OBSERVED_SHARE,BIOENERGY_STEAM_OTHER_SURVIVING_NON_CHP,10.844756122227,false,false,false,PROJECT DERIVATION FROM TERNA 2024 CHP CAPACITY,ELECTRICITY_ONLY_CHP_SPECIFIC_BAND_READY
2040,Slow,CSUD,STEAM_OTHER_SURVIVING,222.599680705081,METHANE,methane_steam_other_surviving,145.461586685103,true,43.384,176.405572198,0.245933274439,2024_ZONE×CONVERSION_TECHNOLOGY_OBSERVED_SHARE,METHANE_STEAM_OTHER_SURVIVING_CHP,35.77384431861,false,false,false,PROJECT DERIVATION FROM TERNA 2024 CHP CAPACITY,ELECTRICITY_ONLY_CHP_SPECIFIC_BAND_READY
2040,Slow,CSUD,STEAM_OTHER_SURVIVING,222.599680705081,METHANE,methane_steam_other_surviving,145.461586685103,false,43.384,176.405572198,0.245933274439,2024_ZONE×CONVERSION_TECHNOLOGY_OBSERVED_SHARE,METHANE_STEAM_OTHER_SURVIVING_NON_CHP,109.687742366494,false,false,false,PROJECT DERIVATION FROM TERNA 2024 CHP CAPACITY,ELECTRICITY_ONLY_CHP_SPECIFIC_BAND_READY
2040,Slow,CSUD,STEAM_OTHER_SURVIVING,222.599680705081,BIOENERGY,bioenergy_steam_other_surviving,77.138094019978,true,43.384,176.405572198,0.245933274439,2024_ZONE×CONVERSION_TECHNOLOGY_OBSERVED_SHARE,BIOENERGY_STEAM_OTHER_SURVIVING_CHP,18.970824046343,false,false,false,PROJECT DERIVATION FROM TERNA 2024 CHP CAPACITY,ELECTRICITY_ONLY_CHP_SPECIFIC_BAND_READY
2040,Slow,CSUD,STEAM_OTHER_SURVIVING,222.599680705081,BIOENERGY,bioenergy_steam_other_surviving,77.138094019978,false,43.384,176.405572198,0.245933274439,2024_ZONE×CONVERSION_TECHNOLOGY_OBSERVED_SHARE,BIOENERGY_STEAM_OTHER_SURVIVING_NON_CHP,58.167269973635,false,false,false,PROJECT DERIVATION FROM TERNA 2024 CHP CAPACITY,ELECTRICITY_ONLY_CHP_SPECIFIC_BAND_READY
2040,Slow,SUD,STEAM_OTHER_SURVIVING,674.967963599246,METHANE,methane_steam_other_surviving,464.404692642687,true,531.841,534.897936318,0.994285010073,2024_ZONE×CONVERSION_TECHNOLOGY_OBSERVED_SHARE,METHANE_STEAM_OTHER_SURVIVING_CHP,461.750624502209,false,false,false,PROJECT DERIVATION FROM TERNA 2024 CHP CAPACITY,ELECTRICITY_ONLY_CHP_SPECIFIC_BAND_READY
2040,Slow,SUD,STEAM_OTHER_SURVIVING,674.967963599246,METHANE,methane_steam_other_surviving,464.404692642687,false,531.841,534.897936318,0.994285010073,2024_ZONE×CONVERSION_TECHNOLOGY_OBSERVED_SHARE,METHANE_STEAM_OTHER_SURVIVING_NON_CHP,2.654068140478,false,false,false,PROJECT DERIVATION FROM TERNA 2024 CHP CAPACITY,ELECTRICITY_ONLY_CHP_SPECIFIC_BAND_READY
2040,Slow,SUD,STEAM_OTHER_SURVIVING,674.967963599246,BIOENERGY,bioenergy_steam_other_surviving,210.563270956559,true,531.841,534.897936318,0.994285010073,2024_ZONE×CONVERSION_TECHNOLOGY_OBSERVED_SHARE,BIOENERGY_STEAM_OTHER_SURVIVING_CHP,209.359903984058,false,false,false,PROJECT DERIVATION FROM TERNA 2024 CHP CAPACITY,ELECTRICITY_ONLY_CHP_SPECIFIC_BAND_READY
2040,Slow,SUD,STEAM_OTHER_SURVIVING,674.967963599246,BIOENERGY,bioenergy_steam_other_surviving,210.563270956559,false,531.841,534.897936318,0.994285010073,2024_ZONE×CONVERSION_TECHNOLOGY_OBSERVED_SHARE,BIOENERGY_STEAM_OTHER_SURVIVING_NON_CHP,1.203366972501,false,false,false,PROJECT DERIVATION FROM TERNA 2024 CHP CAPACITY,ELECTRICITY_ONLY_CHP_SPECIFIC_BAND_READY
2040,Slow,CALA,STEAM_OTHER_SURVIVING,179.976932372605,METHANE,methane_steam_other_surviving,47.084970098371,true,17,142.627939254,0.119191233421,2024_ZONE×CONVERSION_TECHNOLOGY_OBSERVED_SHARE,METHANE_STEAM_OTHER_SURVIVING_CHP,5.612115661622,false,false,false,PROJECT DERIVATION FROM TERNA 2024 CHP CAPACITY,ELECTRICITY_ONLY_CHP_SPECIFIC_BAND_READY
2040,Slow,CALA,STEAM_OTHER_SURVIVING,179.976932372605,METHANE,methane_steam_other_surviving,47.084970098371,false,17,142.627939254,0.119191233421,2024_ZONE×CONVERSION_TECHNOLOGY_OBSERVED_SHARE,METHANE_STEAM_OTHER_SURVIVING_NON_CHP,41.472854436749,false,false,false,PROJECT DERIVATION FROM TERNA 2024 CHP CAPACITY,ELECTRICITY_ONLY_CHP_SPECIFIC_BAND_READY
2040,Slow,CALA,STEAM_OTHER_SURVIVING,179.976932372605,BIOENERGY,bioenergy_steam_other_surviving,132.891962274234,true,17,142.627939254,0.119191233421,2024_ZONE×CONVERSION_TECHNOLOGY_OBSERVED_SHARE,BIOENERGY_STEAM_OTHER_SURVIVING_CHP,15.839556895222,false,false,false,PROJECT DERIVATION FROM TERNA 2024 CHP CAPACITY,ELECTRICITY_ONLY_CHP_SPECIFIC_BAND_READY
2040,Slow,CALA,STEAM_OTHER_SURVIVING,179.976932372605,BIOENERGY,bioenergy_steam_other_surviving,132.891962274234,false,17,142.627939254,0.119191233421,2024_ZONE×CONVERSION_TECHNOLOGY_OBSERVED_SHARE,BIOENERGY_STEAM_OTHER_SURVIVING_NON_CHP,117.052405379012,false,false,false,PROJECT DERIVATION FROM TERNA 2024 CHP CAPACITY,ELECTRICITY_ONLY_CHP_SPECIFIC_BAND_READY
2040,Slow,SICI,STEAM_OTHER_SURVIVING,177.321007768596,METHANE,methane_steam_other_surviving,151.804142453985,true,152.896,140.523174782,1,2024_ZONE×CONVERSION_TECHNOLOGY_OBSERVED_SHARE,METHANE_STEAM_OTHER_SURVIVING_CHP,151.804142453985,false,false,false,PROJECT DERIVATION FROM TERNA 2024 CHP CAPACITY,ELECTRICITY_ONLY_CHP_SPECIFIC_BAND_READY
2040,Slow,SICI,STEAM_OTHER_SURVIVING,177.321007768596,METHANE,methane_steam_other_surviving,151.804142453985,false,152.896,140.523174782,1,2024_ZONE×CONVERSION_TECHNOLOGY_OBSERVED_SHARE,METHANE_STEAM_OTHER_SURVIVING_NON_CHP,0,false,false,false,PROJECT DERIVATION FROM TERNA 2024 CHP CAPACITY,ELECTRICITY_ONLY_CHP_SPECIFIC_BAND_READY
2040,Slow,SICI,STEAM_OTHER_SURVIVING,177.321007768596,BIOENERGY,bioenergy_steam_other_surviving,25.516865314611,true,152.896,140.523174782,1,2024_ZONE×CONVERSION_TECHNOLOGY_OBSERVED_SHARE,BIOENERGY_STEAM_OTHER_SURVIVING_CHP,25.516865314611,false,false,false,PROJECT DERIVATION FROM TERNA 2024 CHP CAPACITY,ELECTRICITY_ONLY_CHP_SPECIFIC_BAND_READY
2040,Slow,SICI,STEAM_OTHER_SURVIVING,177.321007768596,BIOENERGY,bioenergy_steam_other_surviving,25.516865314611,false,152.896,140.523174782,1,2024_ZONE×CONVERSION_TECHNOLOGY_OBSERVED_SHARE,BIOENERGY_STEAM_OTHER_SURVIVING_NON_CHP,0,false,false,false,PROJECT DERIVATION FROM TERNA 2024 CHP CAPACITY,ELECTRICITY_ONLY_CHP_SPECIFIC_BAND_READY
2040,Slow,SARD,STEAM_OTHER_SURVIVING,306.849205645086,METHANE,methane_steam_other_surviving,218.77335999205,true,227.785,243.17155141,0.936725528456,2024_ZONE×CONVERSION_TECHNOLOGY_OBSERVED_SHARE,METHANE_STEAM_OTHER_SURVIVING_CHP,204.93059125065,false,false,false,PROJECT DERIVATION FROM TERNA 2024 CHP CAPACITY,ELECTRICITY_ONLY_CHP_SPECIFIC_BAND_READY
2040,Slow,SARD,STEAM_OTHER_SURVIVING,306.849205645086,METHANE,methane_steam_other_surviving,218.77335999205,false,227.785,243.17155141,0.936725528456,2024_ZONE×CONVERSION_TECHNOLOGY_OBSERVED_SHARE,METHANE_STEAM_OTHER_SURVIVING_NON_CHP,13.8427687414,false,false,false,PROJECT DERIVATION FROM TERNA 2024 CHP CAPACITY,ELECTRICITY_ONLY_CHP_SPECIFIC_BAND_READY
2040,Slow,SARD,STEAM_OTHER_SURVIVING,306.849205645086,BIOENERGY,bioenergy_steam_other_surviving,88.075845653036,true,227.785,243.17155141,0.936725528456,2024_ZONE×CONVERSION_TECHNOLOGY_OBSERVED_SHARE,BIOENERGY_STEAM_OTHER_SURVIVING_CHP,82.50289306355,false,false,false,PROJECT DERIVATION FROM TERNA 2024 CHP CAPACITY,ELECTRICITY_ONLY_CHP_SPECIFIC_BAND_READY
2040,Slow,SARD,STEAM_OTHER_SURVIVING,306.849205645086,BIOENERGY,bioenergy_steam_other_surviving,88.075845653036,false,227.785,243.17155141,0.936725528456,2024_ZONE×CONVERSION_TECHNOLOGY_OBSERVED_SHARE,BIOENERGY_STEAM_OTHER_SURVIVING_NON_CHP,5.572952589486,false,false,false,PROJECT DERIVATION FROM TERNA 2024 CHP CAPACITY,ELECTRICITY_ONLY_CHP_SPECIFIC_BAND_READY
2040,Slow,NORD,OTHER_SURVIVING_THERMAL,66.104825658308,METHANE,methane_other_surviving_thermal,42.416115557457,true,0.397,53.522,0.007417510556,2024_ZONE×CONVERSION_TECHNOLOGY_OBSERVED_SHARE,METHANE_OTHER_SURVIVING_THERMAL_CHP,0.314621984909,false,false,false,PROJECT DERIVATION FROM TERNA 2024 CHP CAPACITY,ELECTRICITY_ONLY_CHP_SPECIFIC_BAND_READY
2040,Slow,NORD,OTHER_SURVIVING_THERMAL,66.104825658308,METHANE,methane_other_surviving_thermal,42.416115557457,false,0.397,53.522,0.007417510556,2024_ZONE×CONVERSION_TECHNOLOGY_OBSERVED_SHARE,METHANE_OTHER_SURVIVING_THERMAL_NON_CHP,42.101493572547,false,false,false,PROJECT DERIVATION FROM TERNA 2024 CHP CAPACITY,ELECTRICITY_ONLY_CHP_SPECIFIC_BAND_READY
2040,Slow,NORD,OTHER_SURVIVING_THERMAL,66.104825658308,BIOENERGY,bioenergy_other_surviving_thermal,23.688710100851,true,0.397,53.522,0.007417510556,2024_ZONE×CONVERSION_TECHNOLOGY_OBSERVED_SHARE,BIOENERGY_OTHER_SURVIVING_THERMAL_CHP,0.175711257241,false,false,false,PROJECT DERIVATION FROM TERNA 2024 CHP CAPACITY,ELECTRICITY_ONLY_CHP_SPECIFIC_BAND_READY
2040,Slow,NORD,OTHER_SURVIVING_THERMAL,66.104825658308,BIOENERGY,bioenergy_other_surviving_thermal,23.688710100851,false,0.397,53.522,0.007417510556,2024_ZONE×CONVERSION_TECHNOLOGY_OBSERVED_SHARE,BIOENERGY_OTHER_SURVIVING_THERMAL_NON_CHP,23.512998843611,false,false,false,PROJECT DERIVATION FROM TERNA 2024 CHP CAPACITY,ELECTRICITY_ONLY_CHP_SPECIFIC_BAND_READY
2040,Slow,CNOR,OTHER_SURVIVING_THERMAL,42.722898691444,METHANE,methane_other_surviving_thermal,30.256423364642,true,0.001,33.857,0.00002953599,2024_ZONE×CONVERSION_TECHNOLOGY_OBSERVED_SHARE,METHANE_OTHER_SURVIVING_THERMAL_CHP,0.000893653406,false,false,false,PROJECT DERIVATION FROM TERNA 2024 CHP CAPACITY,ELECTRICITY_ONLY_CHP_SPECIFIC_BAND_READY
2040,Slow,CNOR,OTHER_SURVIVING_THERMAL,42.722898691444,METHANE,methane_other_surviving_thermal,30.256423364642,false,0.001,33.857,0.00002953599,2024_ZONE×CONVERSION_TECHNOLOGY_OBSERVED_SHARE,METHANE_OTHER_SURVIVING_THERMAL_NON_CHP,30.255529711237,false,false,false,PROJECT DERIVATION FROM TERNA 2024 CHP CAPACITY,ELECTRICITY_ONLY_CHP_SPECIFIC_BAND_READY
2040,Slow,CNOR,OTHER_SURVIVING_THERMAL,42.722898691444,BIOENERGY,bioenergy_other_surviving_thermal,12.466475326802,true,0.001,33.857,0.00002953599,2024_ZONE×CONVERSION_TECHNOLOGY_OBSERVED_SHARE,BIOENERGY_OTHER_SURVIVING_THERMAL_CHP,0.000368209686,false,false,false,PROJECT DERIVATION FROM TERNA 2024 CHP CAPACITY,ELECTRICITY_ONLY_CHP_SPECIFIC_BAND_READY
2040,Slow,CNOR,OTHER_SURVIVING_THERMAL,42.722898691444,BIOENERGY,bioenergy_other_surviving_thermal,12.466475326802,false,0.001,33.857,0.00002953599,2024_ZONE×CONVERSION_TECHNOLOGY_OBSERVED_SHARE,BIOENERGY_OTHER_SURVIVING_THERMAL_NON_CHP,12.466107117116,false,false,false,PROJECT DERIVATION FROM TERNA 2024 CHP CAPACITY,ELECTRICITY_ONLY_CHP_SPECIFIC_BAND_READY
2040,Slow,CSUD,OTHER_SURVIVING_THERMAL,38.636148728709,METHANE,methane_other_surviving_thermal,25.247455340808,true,0,31.068,0,2024_ZONE×CONVERSION_TECHNOLOGY_OBSERVED_SHARE,METHANE_OTHER_SURVIVING_THERMAL_CHP,0,false,false,false,PROJECT DERIVATION FROM TERNA 2024 CHP CAPACITY,ELECTRICITY_ONLY_CHP_SPECIFIC_BAND_READY
2040,Slow,CSUD,OTHER_SURVIVING_THERMAL,38.636148728709,METHANE,methane_other_surviving_thermal,25.247455340808,false,0,31.068,0,2024_ZONE×CONVERSION_TECHNOLOGY_OBSERVED_SHARE,METHANE_OTHER_SURVIVING_THERMAL_NON_CHP,25.247455340808,false,false,false,PROJECT DERIVATION FROM TERNA 2024 CHP CAPACITY,ELECTRICITY_ONLY_CHP_SPECIFIC_BAND_READY
2040,Slow,CSUD,OTHER_SURVIVING_THERMAL,38.636148728709,BIOENERGY,bioenergy_other_surviving_thermal,13.388693387901,true,0,31.068,0,2024_ZONE×CONVERSION_TECHNOLOGY_OBSERVED_SHARE,BIOENERGY_OTHER_SURVIVING_THERMAL_CHP,0,false,false,false,PROJECT DERIVATION FROM TERNA 2024 CHP CAPACITY,ELECTRICITY_ONLY_CHP_SPECIFIC_BAND_READY
2040,Slow,CSUD,OTHER_SURVIVING_THERMAL,38.636148728709,BIOENERGY,bioenergy_other_surviving_thermal,13.388693387901,false,0,31.068,0,2024_ZONE×CONVERSION_TECHNOLOGY_OBSERVED_SHARE,BIOENERGY_OTHER_SURVIVING_THERMAL_NON_CHP,13.388693387901,false,false,false,PROJECT DERIVATION FROM TERNA 2024 CHP CAPACITY,ELECTRICITY_ONLY_CHP_SPECIFIC_BAND_READY
2040,Slow,SUD,OTHER_SURVIVING_THERMAL,149.533199977574,METHANE,methane_other_surviving_thermal,102.884764197037,true,0.002,125.489,0.000015937652,2024_ZONE×CONVERSION_TECHNOLOGY_OBSERVED_SHARE,METHANE_OTHER_SURVIVING_THERMAL_CHP,0.001639741558,false,false,false,PROJECT DERIVATION FROM TERNA 2024 CHP CAPACITY,ELECTRICITY_ONLY_CHP_SPECIFIC_BAND_READY
2040,Slow,SUD,OTHER_SURVIVING_THERMAL,149.533199977574,METHANE,methane_other_surviving_thermal,102.884764197037,false,0.002,125.489,0.000015937652,2024_ZONE×CONVERSION_TECHNOLOGY_OBSERVED_SHARE,METHANE_OTHER_SURVIVING_THERMAL_NON_CHP,102.883124455479,false,false,false,PROJECT DERIVATION FROM TERNA 2024 CHP CAPACITY,ELECTRICITY_ONLY_CHP_SPECIFIC_BAND_READY
2040,Slow,SUD,OTHER_SURVIVING_THERMAL,149.533199977574,BIOENERGY,bioenergy_other_surviving_thermal,46.648435780537,true,0.002,125.489,0.000015937652,2024_ZONE×CONVERSION_TECHNOLOGY_OBSERVED_SHARE,BIOENERGY_OTHER_SURVIVING_THERMAL_CHP,0.000743466531,false,false,false,PROJECT DERIVATION FROM TERNA 2024 CHP CAPACITY,ELECTRICITY_ONLY_CHP_SPECIFIC_BAND_READY
2040,Slow,SUD,OTHER_SURVIVING_THERMAL,149.533199977574,BIOENERGY,bioenergy_other_surviving_thermal,46.648435780537,false,0.002,125.489,0.000015937652,2024_ZONE×CONVERSION_TECHNOLOGY_OBSERVED_SHARE,BIOENERGY_OTHER_SURVIVING_THERMAL_NON_CHP,46.647692314006,false,false,false,PROJECT DERIVATION FROM TERNA 2024 CHP CAPACITY,ELECTRICITY_ONLY_CHP_SPECIFIC_BAND_READY
2040,Slow,SICI,OTHER_SURVIVING_THERMAL,27.711775353915,METHANE,methane_other_surviving_thermal,23.723992697855,true,0,21.961,0,2024_ZONE×CONVERSION_TECHNOLOGY_OBSERVED_SHARE,METHANE_OTHER_SURVIVING_THERMAL_CHP,0,false,false,false,PROJECT DERIVATION FROM TERNA 2024 CHP CAPACITY,ELECTRICITY_ONLY_CHP_SPECIFIC_BAND_READY
2040,Slow,SICI,OTHER_SURVIVING_THERMAL,27.711775353915,METHANE,methane_other_surviving_thermal,23.723992697855,false,0,21.961,0,2024_ZONE×CONVERSION_TECHNOLOGY_OBSERVED_SHARE,METHANE_OTHER_SURVIVING_THERMAL_NON_CHP,23.723992697855,false,false,false,PROJECT DERIVATION FROM TERNA 2024 CHP CAPACITY,ELECTRICITY_ONLY_CHP_SPECIFIC_BAND_READY
2040,Slow,SICI,OTHER_SURVIVING_THERMAL,27.711775353915,BIOENERGY,bioenergy_other_surviving_thermal,3.98778265606,true,0,21.961,0,2024_ZONE×CONVERSION_TECHNOLOGY_OBSERVED_SHARE,BIOENERGY_OTHER_SURVIVING_THERMAL_CHP,0,false,false,false,PROJECT DERIVATION FROM TERNA 2024 CHP CAPACITY,ELECTRICITY_ONLY_CHP_SPECIFIC_BAND_READY
2040,Slow,SICI,OTHER_SURVIVING_THERMAL,27.711775353915,BIOENERGY,bioenergy_other_surviving_thermal,3.98778265606,false,0,21.961,0,2024_ZONE×CONVERSION_TECHNOLOGY_OBSERVED_SHARE,BIOENERGY_OTHER_SURVIVING_THERMAL_NON_CHP,3.98778265606,false,false,false,PROJECT DERIVATION FROM TERNA 2024 CHP CAPACITY,ELECTRICITY_ONLY_CHP_SPECIFIC_BAND_READY
2040,Slow,SARD,OTHER_SURVIVING_THERMAL,35.440113192656,METHANE,methane_other_surviving_thermal,25.267631458768,true,0,29.11,0,2024_ZONE×CONVERSION_TECHNOLOGY_OBSERVED_SHARE,METHANE_OTHER_SURVIVING_THERMAL_CHP,0,false,false,false,PROJECT DERIVATION FROM TERNA 2024 CHP CAPACITY,ELECTRICITY_ONLY_CHP_SPECIFIC_BAND_READY
2040,Slow,SARD,OTHER_SURVIVING_THERMAL,35.440113192656,METHANE,methane_other_surviving_thermal,25.267631458768,false,0,29.11,0,2024_ZONE×CONVERSION_TECHNOLOGY_OBSERVED_SHARE,METHANE_OTHER_SURVIVING_THERMAL_NON_CHP,25.267631458768,false,false,false,PROJECT DERIVATION FROM TERNA 2024 CHP CAPACITY,ELECTRICITY_ONLY_CHP_SPECIFIC_BAND_READY
2040,Slow,SARD,OTHER_SURVIVING_THERMAL,35.440113192656,BIOENERGY,bioenergy_other_surviving_thermal,10.172481733888,true,0,29.11,0,2024_ZONE×CONVERSION_TECHNOLOGY_OBSERVED_SHARE,BIOENERGY_OTHER_SURVIVING_THERMAL_CHP,0,false,false,false,PROJECT DERIVATION FROM TERNA 2024 CHP CAPACITY,ELECTRICITY_ONLY_CHP_SPECIFIC_BAND_READY
2040,Slow,SARD,OTHER_SURVIVING_THERMAL,35.440113192656,BIOENERGY,bioenergy_other_surviving_thermal,10.172481733888,false,0,29.11,0,2024_ZONE×CONVERSION_TECHNOLOGY_OBSERVED_SHARE,BIOENERGY_OTHER_SURVIVING_THERMAL_NON_CHP,10.172481733888,false,false,false,PROJECT DERIVATION FROM TERNA 2024 CHP CAPACITY,ELECTRICITY_ONLY_CHP_SPECIFIC_BAND_READY
2040,Base,NORD,CCGT,23085.542039157,METHANE,methane_ccgt,23085.542039157,true,10726.618,22753.472999999998,0.471427724462,2024_ZONE×CONVERSION_TECHNOLOGY_OBSERVED_SHARE,METHANE_CCGT_CHP,10883.164551494105,false,false,false,PROJECT DERIVATION FROM TERNA 2024 CHP CAPACITY,ELECTRICITY_ONLY_CHP_SPECIFIC_BAND_READY
2040,Base,NORD,CCGT,23085.542039157,METHANE,methane_ccgt,23085.542039157,false,10726.618,22753.472999999998,0.471427724462,2024_ZONE×CONVERSION_TECHNOLOGY_OBSERVED_SHARE,METHANE_CCGT_NON_CHP,12202.377487662896,false,false,false,PROJECT DERIVATION FROM TERNA 2024 CHP CAPACITY,ELECTRICITY_ONLY_CHP_SPECIFIC_BAND_READY
2040,Base,CNOR,CCGT,1599.013669946,METHANE,methane_ccgt,1599.013669946,true,1123.387,1576.013,0.712803130431,2024_ZONE×CONVERSION_TECHNOLOGY_OBSERVED_SHARE,METHANE_CCGT_CHP,1139.78194953952,false,false,false,PROJECT DERIVATION FROM TERNA 2024 CHP CAPACITY,ELECTRICITY_ONLY_CHP_SPECIFIC_BAND_READY
2040,Base,CNOR,CCGT,1599.013669946,METHANE,methane_ccgt,1599.013669946,false,1123.387,1576.013,0.712803130431,2024_ZONE×CONVERSION_TECHNOLOGY_OBSERVED_SHARE,METHANE_CCGT_NON_CHP,459.23172040648,false,false,false,PROJECT DERIVATION FROM TERNA 2024 CHP CAPACITY,ELECTRICITY_ONLY_CHP_SPECIFIC_BAND_READY
2040,Base,CSUD,CCGT,6333.05142292,METHANE,methane_ccgt,6333.05142292,true,670.765,6241.955,0.107460723443,2024_ZONE×CONVERSION_TECHNOLOGY_OBSERVED_SHARE,METHANE_CCGT_CHP,680.554287510072,false,false,false,PROJECT DERIVATION FROM TERNA 2024 CHP CAPACITY,ELECTRICITY_ONLY_CHP_SPECIFIC_BAND_READY
2040,Base,CSUD,CCGT,6333.05142292,METHANE,methane_ccgt,6333.05142292,false,670.765,6241.955,0.107460723443,2024_ZONE×CONVERSION_TECHNOLOGY_OBSERVED_SHARE,METHANE_CCGT_NON_CHP,5652.497135409927,false,false,false,PROJECT DERIVATION FROM TERNA 2024 CHP CAPACITY,ELECTRICITY_ONLY_CHP_SPECIFIC_BAND_READY
2040,Base,SUD,CCGT,4425.159763636,METHANE,methane_ccgt,4425.159763636,true,2204.229,4361.507,0.505382428596,2024_ZONE×CONVERSION_TECHNOLOGY_OBSERVED_SHARE,METHANE_CCGT_CHP,2236.397988273231,false,false,false,PROJECT DERIVATION FROM TERNA 2024 CHP CAPACITY,ELECTRICITY_ONLY_CHP_SPECIFIC_BAND_READY
2040,Base,SUD,CCGT,4425.159763636,METHANE,methane_ccgt,4425.159763636,false,2204.229,4361.507,0.505382428596,2024_ZONE×CONVERSION_TECHNOLOGY_OBSERVED_SHARE,METHANE_CCGT_NON_CHP,2188.761775362769,false,false,false,PROJECT DERIVATION FROM TERNA 2024 CHP CAPACITY,ELECTRICITY_ONLY_CHP_SPECIFIC_BAND_READY
2040,Base,CALA,CCGT,3235.880835398,METHANE,methane_ccgt,3235.880835398,true,1607.335,3189.335,0.503971831118,2024_ZONE×CONVERSION_TECHNOLOGY_OBSERVED_SHARE,METHANE_CCGT_CHP,1630.792789896466,false,false,false,PROJECT DERIVATION FROM TERNA 2024 CHP CAPACITY,ELECTRICITY_ONLY_CHP_SPECIFIC_BAND_READY
2040,Base,CALA,CCGT,3235.880835398,METHANE,methane_ccgt,3235.880835398,false,1607.335,3189.335,0.503971831118,2024_ZONE×CONVERSION_TECHNOLOGY_OBSERVED_SHARE,METHANE_CCGT_NON_CHP,1605.088045501534,false,false,false,PROJECT DERIVATION FROM TERNA 2024 CHP CAPACITY,ELECTRICITY_ONLY_CHP_SPECIFIC_BAND_READY
2040,Base,SICI,CCGT,3033.470304432,METHANE,methane_ccgt,3033.470304432,true,1441.836,2989.836,0.482245848936,2024_ZONE×CONVERSION_TECHNOLOGY_OBSERVED_SHARE,METHANE_CCGT_CHP,1462.87846218355,false,false,false,PROJECT DERIVATION FROM TERNA 2024 CHP CAPACITY,ELECTRICITY_ONLY_CHP_SPECIFIC_BAND_READY
2040,Base,SICI,CCGT,3033.470304432,METHANE,methane_ccgt,3033.470304432,false,1441.836,2989.836,0.482245848936,2024_ZONE×CONVERSION_TECHNOLOGY_OBSERVED_SHARE,METHANE_CCGT_NON_CHP,1570.59184224845,false,false,false,PROJECT DERIVATION FROM TERNA 2024 CHP CAPACITY,ELECTRICITY_ONLY_CHP_SPECIFIC_BAND_READY
2040,Base,SARD,CCGT,636.150571763,METHANE,methane_ccgt,636.150571763,true,591,627,0.942583732057,2024_ZONE×CONVERSION_TECHNOLOGY_OBSERVED_SHARE,METHANE_CCGT_CHP,599.625180082828,false,false,false,PROJECT DERIVATION FROM TERNA 2024 CHP CAPACITY,ELECTRICITY_ONLY_CHP_SPECIFIC_BAND_READY
2040,Base,SARD,CCGT,636.150571763,METHANE,methane_ccgt,636.150571763,false,591,627,0.942583732057,2024_ZONE×CONVERSION_TECHNOLOGY_OBSERVED_SHARE,METHANE_CCGT_NON_CHP,36.525391680172,false,false,false,PROJECT DERIVATION FROM TERNA 2024 CHP CAPACITY,ELECTRICITY_ONLY_CHP_SPECIFIC_BAND_READY
2040,Base,NORD,GT_OCGT,842.144489518,METHANE,methane_gt_ocgt,842.144489518,true,740.92438,908.60098,0.815456285332,2024_ZONE×CONVERSION_TECHNOLOGY_OBSERVED_SHARE,METHANE_GT_OCGT_CHP,686.732017135333,false,false,false,PROJECT DERIVATION FROM TERNA 2024 CHP CAPACITY,ELECTRICITY_ONLY_CHP_SPECIFIC_BAND_READY
2040,Base,NORD,GT_OCGT,842.144489518,METHANE,methane_gt_ocgt,842.144489518,false,740.92438,908.60098,0.815456285332,2024_ZONE×CONVERSION_TECHNOLOGY_OBSERVED_SHARE,METHANE_GT_OCGT_NON_CHP,155.412472382667,false,false,false,PROJECT DERIVATION FROM TERNA 2024 CHP CAPACITY,ELECTRICITY_ONLY_CHP_SPECIFIC_BAND_READY
2040,Base,CNOR,GT_OCGT,479.435139888,METHANE,methane_gt_ocgt,479.435139888,true,459.399,517.269,0.88812397418,2024_ZONE×CONVERSION_TECHNOLOGY_OBSERVED_SHARE,METHANE_GT_OCGT_CHP,425.797841798769,false,false,false,PROJECT DERIVATION FROM TERNA 2024 CHP CAPACITY,ELECTRICITY_ONLY_CHP_SPECIFIC_BAND_READY
2040,Base,CNOR,GT_OCGT,479.435139888,METHANE,methane_gt_ocgt,479.435139888,false,459.399,517.269,0.88812397418,2024_ZONE×CONVERSION_TECHNOLOGY_OBSERVED_SHARE,METHANE_GT_OCGT_NON_CHP,53.637298089231,false,false,false,PROJECT DERIVATION FROM TERNA 2024 CHP CAPACITY,ELECTRICITY_ONLY_CHP_SPECIFIC_BAND_READY
2040,Base,CSUD,GT_OCGT,769.197041167,METHANE,methane_gt_ocgt,769.197041167,true,104.681,829.897,0.126137339935,2024_ZONE×CONVERSION_TECHNOLOGY_OBSERVED_SHARE,METHANE_GT_OCGT_CHP,97.024468658644,false,false,false,PROJECT DERIVATION FROM TERNA 2024 CHP CAPACITY,ELECTRICITY_ONLY_CHP_SPECIFIC_BAND_READY
2040,Base,CSUD,GT_OCGT,769.197041167,METHANE,methane_gt_ocgt,769.197041167,false,104.681,829.897,0.126137339935,2024_ZONE×CONVERSION_TECHNOLOGY_OBSERVED_SHARE,METHANE_GT_OCGT_NON_CHP,672.172572508356,false,false,false,PROJECT DERIVATION FROM TERNA 2024 CHP CAPACITY,ELECTRICITY_ONLY_CHP_SPECIFIC_BAND_READY
2040,Base,SUD,GT_OCGT,256.102110068,METHANE,methane_gt_ocgt,256.102110068,true,24.727,276.312,0.08948941776,2024_ZONE×CONVERSION_TECHNOLOGY_OBSERVED_SHARE,METHANE_GT_OCGT_CHP,22.918428716999,false,false,false,PROJECT DERIVATION FROM TERNA 2024 CHP CAPACITY,ELECTRICITY_ONLY_CHP_SPECIFIC_BAND_READY
2040,Base,SUD,GT_OCGT,256.102110068,METHANE,methane_gt_ocgt,256.102110068,false,24.727,276.312,0.08948941776,2024_ZONE×CONVERSION_TECHNOLOGY_OBSERVED_SHARE,METHANE_GT_OCGT_NON_CHP,233.183681351001,false,false,false,PROJECT DERIVATION FROM TERNA 2024 CHP CAPACITY,ELECTRICITY_ONLY_CHP_SPECIFIC_BAND_READY
2040,Base,CALA,GT_OCGT,216.218464413,METHANE,methane_gt_ocgt,216.218464413,true,6.241,233.281,0.026753143205,2024_ZONE×CONVERSION_TECHNOLOGY_OBSERVED_SHARE,METHANE_GT_OCGT_CHP,5.784523542001,false,false,false,PROJECT DERIVATION FROM TERNA 2024 CHP CAPACITY,ELECTRICITY_ONLY_CHP_SPECIFIC_BAND_READY
2040,Base,CALA,GT_OCGT,216.218464413,METHANE,methane_gt_ocgt,216.218464413,false,6.241,233.281,0.026753143205,2024_ZONE×CONVERSION_TECHNOLOGY_OBSERVED_SHARE,METHANE_GT_OCGT_NON_CHP,210.433940870999,false,false,false,PROJECT DERIVATION FROM TERNA 2024 CHP CAPACITY,ELECTRICITY_ONLY_CHP_SPECIFIC_BAND_READY
2040,Base,SICI,GT_OCGT,652.525027236,METHANE,methane_gt_ocgt,652.525027236,true,56.398,704.018,0.08010874722,2024_ZONE×CONVERSION_TECHNOLOGY_OBSERVED_SHARE,METHANE_GT_OCGT_CHP,52.272962461267,false,false,false,PROJECT DERIVATION FROM TERNA 2024 CHP CAPACITY,ELECTRICITY_ONLY_CHP_SPECIFIC_BAND_READY
2040,Base,SICI,GT_OCGT,652.525027236,METHANE,methane_gt_ocgt,652.525027236,false,56.398,704.018,0.08010874722,2024_ZONE×CONVERSION_TECHNOLOGY_OBSERVED_SHARE,METHANE_GT_OCGT_NON_CHP,600.252064774734,false,false,false,PROJECT DERIVATION FROM TERNA 2024 CHP CAPACITY,ELECTRICITY_ONLY_CHP_SPECIFIC_BAND_READY
2040,Base,SARD,GT_OCGT,139.028766432,METHANE,methane_gt_ocgt,139.028766432,true,0,150,0,2024_ZONE×CONVERSION_TECHNOLOGY_OBSERVED_SHARE,METHANE_GT_OCGT_CHP,0,false,false,false,PROJECT DERIVATION FROM TERNA 2024 CHP CAPACITY,ELECTRICITY_ONLY_CHP_SPECIFIC_BAND_READY
2040,Base,SARD,GT_OCGT,139.028766432,METHANE,methane_gt_ocgt,139.028766432,false,0,150,0,2024_ZONE×CONVERSION_TECHNOLOGY_OBSERVED_SHARE,METHANE_GT_OCGT_NON_CHP,139.028766432,false,false,false,PROJECT DERIVATION FROM TERNA 2024 CHP CAPACITY,ELECTRICITY_ONLY_CHP_SPECIFIC_BAND_READY
2040,Base,NORD,INTERNAL_COMBUSTION,3456.449708873,METHANE,methane_internal_combustion,1915.961608106004,true,3046.94443,3729.20993,0.817048245391,2024_ZONE×CONVERSION_TECHNOLOGY_OBSERVED_SHARE,METHANE_INTERNAL_COMBUSTION_CHP,1565.433070138916,false,false,false,PROJECT DERIVATION FROM TERNA 2024 CHP CAPACITY,ELECTRICITY_ONLY_CHP_SPECIFIC_BAND_READY
2040,Base,NORD,INTERNAL_COMBUSTION,3456.449708873,METHANE,methane_internal_combustion,1915.961608106004,false,3046.94443,3729.20993,0.817048245391,2024_ZONE×CONVERSION_TECHNOLOGY_OBSERVED_SHARE,METHANE_INTERNAL_COMBUSTION_NON_CHP,350.528537967088,false,false,false,PROJECT DERIVATION FROM TERNA 2024 CHP CAPACITY,ELECTRICITY_ONLY_CHP_SPECIFIC_BAND_READY
2040,Base,NORD,INTERNAL_COMBUSTION,3456.449708873,BIOENERGY,bioenergy_internal_combustion,1540.488100766996,true,3046.94443,3729.20993,0.817048245391,2024_ZONE×CONVERSION_TECHNOLOGY_OBSERVED_SHARE,BIOENERGY_INTERNAL_COMBUSTION_CHP,1258.653099776895,false,false,false,PROJECT DERIVATION FROM TERNA 2024 CHP CAPACITY,ELECTRICITY_ONLY_CHP_SPECIFIC_BAND_READY
2040,Base,NORD,INTERNAL_COMBUSTION,3456.449708873,BIOENERGY,bioenergy_internal_combustion,1540.488100766996,false,3046.94443,3729.20993,0.817048245391,2024_ZONE×CONVERSION_TECHNOLOGY_OBSERVED_SHARE,BIOENERGY_INTERNAL_COMBUSTION_NON_CHP,281.835000990101,false,false,false,PROJECT DERIVATION FROM TERNA 2024 CHP CAPACITY,ELECTRICITY_ONLY_CHP_SPECIFIC_BAND_READY
2040,Base,CNOR,INTERNAL_COMBUSTION,388.057148474,METHANE,methane_internal_combustion,247.226066675477,true,287.26276,418.68006,0.686115216473,2024_ZONE×CONVERSION_TECHNOLOGY_OBSERVED_SHARE,METHANE_INTERNAL_COMBUSTION_CHP,169.625566254914,false,false,false,PROJECT DERIVATION FROM TERNA 2024 CHP CAPACITY,ELECTRICITY_ONLY_CHP_SPECIFIC_BAND_READY
2040,Base,CNOR,INTERNAL_COMBUSTION,388.057148474,METHANE,methane_internal_combustion,247.226066675477,false,287.26276,418.68006,0.686115216473,2024_ZONE×CONVERSION_TECHNOLOGY_OBSERVED_SHARE,METHANE_INTERNAL_COMBUSTION_NON_CHP,77.600500420563,false,false,false,PROJECT DERIVATION FROM TERNA 2024 CHP CAPACITY,ELECTRICITY_ONLY_CHP_SPECIFIC_BAND_READY
2040,Base,CNOR,INTERNAL_COMBUSTION,388.057148474,BIOENERGY,bioenergy_internal_combustion,140.831081798523,true,287.26276,418.68006,0.686115216473,2024_ZONE×CONVERSION_TECHNOLOGY_OBSERVED_SHARE,BIOENERGY_INTERNAL_COMBUSTION_CHP,96.626348174378,false,false,false,PROJECT DERIVATION FROM TERNA 2024 CHP CAPACITY,ELECTRICITY_ONLY_CHP_SPECIFIC_BAND_READY
2040,Base,CNOR,INTERNAL_COMBUSTION,388.057148474,BIOENERGY,bioenergy_internal_combustion,140.831081798523,false,287.26276,418.68006,0.686115216473,2024_ZONE×CONVERSION_TECHNOLOGY_OBSERVED_SHARE,BIOENERGY_INTERNAL_COMBUSTION_NON_CHP,44.204733624145,false,false,false,PROJECT DERIVATION FROM TERNA 2024 CHP CAPACITY,ELECTRICITY_ONLY_CHP_SPECIFIC_BAND_READY
2040,Base,CSUD,INTERNAL_COMBUSTION,780.4036866,METHANE,methane_internal_combustion,444.05980191757,true,574.638,841.988,0.682477660014,2024_ZONE×CONVERSION_TECHNOLOGY_OBSERVED_SHARE,METHANE_INTERNAL_COMBUSTION_CHP,303.060894519053,false,false,false,PROJECT DERIVATION FROM TERNA 2024 CHP CAPACITY,ELECTRICITY_ONLY_CHP_SPECIFIC_BAND_READY
2040,Base,CSUD,INTERNAL_COMBUSTION,780.4036866,METHANE,methane_internal_combustion,444.05980191757,false,574.638,841.988,0.682477660014,2024_ZONE×CONVERSION_TECHNOLOGY_OBSERVED_SHARE,METHANE_INTERNAL_COMBUSTION_NON_CHP,140.998907398517,false,false,false,PROJECT DERIVATION FROM TERNA 2024 CHP CAPACITY,ELECTRICITY_ONLY_CHP_SPECIFIC_BAND_READY
2040,Base,CSUD,INTERNAL_COMBUSTION,780.4036866,BIOENERGY,bioenergy_internal_combustion,336.34388468243,true,574.638,841.988,0.682477660014,2024_ZONE×CONVERSION_TECHNOLOGY_OBSERVED_SHARE,BIOENERGY_INTERNAL_COMBUSTION_CHP,229.547187378137,false,false,false,PROJECT DERIVATION FROM TERNA 2024 CHP CAPACITY,ELECTRICITY_ONLY_CHP_SPECIFIC_BAND_READY
2040,Base,CSUD,INTERNAL_COMBUSTION,780.4036866,BIOENERGY,bioenergy_internal_combustion,336.34388468243,false,574.638,841.988,0.682477660014,2024_ZONE×CONVERSION_TECHNOLOGY_OBSERVED_SHARE,BIOENERGY_INTERNAL_COMBUSTION_NON_CHP,106.796697304294,false,false,false,PROJECT DERIVATION FROM TERNA 2024 CHP CAPACITY,ELECTRICITY_ONLY_CHP_SPECIFIC_BAND_READY
2040,Base,SUD,INTERNAL_COMBUSTION,437.833098679,METHANE,methane_internal_combustion,267.958710836962,true,187.371,472.384,0.396649759518,2024_ZONE×CONVERSION_TECHNOLOGY_OBSERVED_SHARE,METHANE_INTERNAL_COMBUSTION_CHP,106.285758214149,false,false,false,PROJECT DERIVATION FROM TERNA 2024 CHP CAPACITY,ELECTRICITY_ONLY_CHP_SPECIFIC_BAND_READY
2040,Base,SUD,INTERNAL_COMBUSTION,437.833098679,METHANE,methane_internal_combustion,267.958710836962,false,187.371,472.384,0.396649759518,2024_ZONE×CONVERSION_TECHNOLOGY_OBSERVED_SHARE,METHANE_INTERNAL_COMBUSTION_NON_CHP,161.672952622813,false,false,false,PROJECT DERIVATION FROM TERNA 2024 CHP CAPACITY,ELECTRICITY_ONLY_CHP_SPECIFIC_BAND_READY
2040,Base,SUD,INTERNAL_COMBUSTION,437.833098679,BIOENERGY,bioenergy_internal_combustion,169.874387842038,true,187.371,472.384,0.396649759518,2024_ZONE×CONVERSION_TECHNOLOGY_OBSERVED_SHARE,BIOENERGY_INTERNAL_COMBUSTION_CHP,67.380635085758,false,false,false,PROJECT DERIVATION FROM TERNA 2024 CHP CAPACITY,ELECTRICITY_ONLY_CHP_SPECIFIC_BAND_READY
2040,Base,SUD,INTERNAL_COMBUSTION,437.833098679,BIOENERGY,bioenergy_internal_combustion,169.874387842038,false,187.371,472.384,0.396649759518,2024_ZONE×CONVERSION_TECHNOLOGY_OBSERVED_SHARE,BIOENERGY_INTERNAL_COMBUSTION_NON_CHP,102.49375275628,false,false,false,PROJECT DERIVATION FROM TERNA 2024 CHP CAPACITY,ELECTRICITY_ONLY_CHP_SPECIFIC_BAND_READY
2040,Base,CALA,INTERNAL_COMBUSTION,38.206958732,METHANE,methane_internal_combustion,3.120123686449,true,36.619,41.222,0.888336325263,2024_ZONE×CONVERSION_TECHNOLOGY_OBSERVED_SHARE,METHANE_INTERNAL_COMBUSTION_CHP,2.771719209987,false,false,false,PROJECT DERIVATION FROM TERNA 2024 CHP CAPACITY,ELECTRICITY_ONLY_CHP_SPECIFIC_BAND_READY
2040,Base,CALA,INTERNAL_COMBUSTION,38.206958732,METHANE,methane_internal_combustion,3.120123686449,false,36.619,41.222,0.888336325263,2024_ZONE×CONVERSION_TECHNOLOGY_OBSERVED_SHARE,METHANE_INTERNAL_COMBUSTION_NON_CHP,0.348404476462,false,false,false,PROJECT DERIVATION FROM TERNA 2024 CHP CAPACITY,ELECTRICITY_ONLY_CHP_SPECIFIC_BAND_READY
2040,Base,CALA,INTERNAL_COMBUSTION,38.206958732,BIOENERGY,bioenergy_internal_combustion,35.086835045551,true,36.619,41.222,0.888336325263,2024_ZONE×CONVERSION_TECHNOLOGY_OBSERVED_SHARE,BIOENERGY_INTERNAL_COMBUSTION_CHP,31.168910109481,false,false,false,PROJECT DERIVATION FROM TERNA 2024 CHP CAPACITY,ELECTRICITY_ONLY_CHP_SPECIFIC_BAND_READY
2040,Base,CALA,INTERNAL_COMBUSTION,38.206958732,BIOENERGY,bioenergy_internal_combustion,35.086835045551,false,36.619,41.222,0.888336325263,2024_ZONE×CONVERSION_TECHNOLOGY_OBSERVED_SHARE,BIOENERGY_INTERNAL_COMBUSTION_NON_CHP,3.91792493607,false,false,false,PROJECT DERIVATION FROM TERNA 2024 CHP CAPACITY,ELECTRICITY_ONLY_CHP_SPECIFIC_BAND_READY
2040,Base,SICI,INTERNAL_COMBUSTION,206.615562143,METHANE,methane_internal_combustion,169.637000329015,true,47.3573,222.9203,0.212440500035,2024_ZONE×CONVERSION_TECHNOLOGY_OBSERVED_SHARE,METHANE_INTERNAL_COMBUSTION_CHP,36.03776917437,false,false,false,PROJECT DERIVATION FROM TERNA 2024 CHP CAPACITY,ELECTRICITY_ONLY_CHP_SPECIFIC_BAND_READY
2040,Base,SICI,INTERNAL_COMBUSTION,206.615562143,METHANE,methane_internal_combustion,169.637000329015,false,47.3573,222.9203,0.212440500035,2024_ZONE×CONVERSION_TECHNOLOGY_OBSERVED_SHARE,METHANE_INTERNAL_COMBUSTION_NON_CHP,133.599231154645,false,false,false,PROJECT DERIVATION FROM TERNA 2024 CHP CAPACITY,ELECTRICITY_ONLY_CHP_SPECIFIC_BAND_READY
2040,Base,SICI,INTERNAL_COMBUSTION,206.615562143,BIOENERGY,bioenergy_internal_combustion,36.978561813985,true,47.3573,222.9203,0.212440500035,2024_ZONE×CONVERSION_TECHNOLOGY_OBSERVED_SHARE,BIOENERGY_INTERNAL_COMBUSTION_CHP,7.855744162346,false,false,false,PROJECT DERIVATION FROM TERNA 2024 CHP CAPACITY,ELECTRICITY_ONLY_CHP_SPECIFIC_BAND_READY
2040,Base,SICI,INTERNAL_COMBUSTION,206.615562143,BIOENERGY,bioenergy_internal_combustion,36.978561813985,false,47.3573,222.9203,0.212440500035,2024_ZONE×CONVERSION_TECHNOLOGY_OBSERVED_SHARE,BIOENERGY_INTERNAL_COMBUSTION_NON_CHP,29.122817651639,false,false,false,PROJECT DERIVATION FROM TERNA 2024 CHP CAPACITY,ELECTRICITY_ONLY_CHP_SPECIFIC_BAND_READY
2040,Base,SARD,INTERNAL_COMBUSTION,22.337288474,METHANE,methane_internal_combustion,14.363180204324,true,13.99,24.1,0.580497925311,2024_ZONE×CONVERSION_TECHNOLOGY_OBSERVED_SHARE,METHANE_INTERNAL_COMBUSTION_CHP,8.337796309481,false,false,false,PROJECT DERIVATION FROM TERNA 2024 CHP CAPACITY,ELECTRICITY_ONLY_CHP_SPECIFIC_BAND_READY
2040,Base,SARD,INTERNAL_COMBUSTION,22.337288474,METHANE,methane_internal_combustion,14.363180204324,false,13.99,24.1,0.580497925311,2024_ZONE×CONVERSION_TECHNOLOGY_OBSERVED_SHARE,METHANE_INTERNAL_COMBUSTION_NON_CHP,6.025383894843,false,false,false,PROJECT DERIVATION FROM TERNA 2024 CHP CAPACITY,ELECTRICITY_ONLY_CHP_SPECIFIC_BAND_READY
2040,Base,SARD,INTERNAL_COMBUSTION,22.337288474,BIOENERGY,bioenergy_internal_combustion,7.974108269676,true,13.99,24.1,0.580497925311,2024_ZONE×CONVERSION_TECHNOLOGY_OBSERVED_SHARE,BIOENERGY_INTERNAL_COMBUSTION_CHP,4.628953306754,false,false,false,PROJECT DERIVATION FROM TERNA 2024 CHP CAPACITY,ELECTRICITY_ONLY_CHP_SPECIFIC_BAND_READY
2040,Base,SARD,INTERNAL_COMBUSTION,22.337288474,BIOENERGY,bioenergy_internal_combustion,7.974108269676,false,13.99,24.1,0.580497925311,2024_ZONE×CONVERSION_TECHNOLOGY_OBSERVED_SHARE,BIOENERGY_INTERNAL_COMBUSTION_NON_CHP,3.345154962922,false,false,false,PROJECT DERIVATION FROM TERNA 2024 CHP CAPACITY,ELECTRICITY_ONLY_CHP_SPECIFIC_BAND_READY
2040,Base,NORD,STEAM_OTHER_SURVIVING,1588.168234432,METHANE,methane_steam_other_surviving,880.34533138842,true,1035.61,1565.323568332,0.661594842722,2024_ZONE×CONVERSION_TECHNOLOGY_OBSERVED_SHARE,METHANE_STEAM_OTHER_SURVIVING_CHP,582.431931061166,false,false,false,PROJECT DERIVATION FROM TERNA 2024 CHP CAPACITY,ELECTRICITY_ONLY_CHP_SPECIFIC_BAND_READY
2040,Base,NORD,STEAM_OTHER_SURVIVING,1588.168234432,METHANE,methane_steam_other_surviving,880.34533138842,false,1035.61,1565.323568332,0.661594842722,2024_ZONE×CONVERSION_TECHNOLOGY_OBSERVED_SHARE,METHANE_STEAM_OTHER_SURVIVING_NON_CHP,297.913400327254,false,false,false,PROJECT DERIVATION FROM TERNA 2024 CHP CAPACITY,ELECTRICITY_ONLY_CHP_SPECIFIC_BAND_READY
2040,Base,NORD,STEAM_OTHER_SURVIVING,1588.168234432,BIOENERGY,bioenergy_steam_other_surviving,707.82290304358,true,1035.61,1565.323568332,0.661594842722,2024_ZONE×CONVERSION_TECHNOLOGY_OBSERVED_SHARE,BIOENERGY_STEAM_OTHER_SURVIVING_CHP,468.291982214306,false,false,false,PROJECT DERIVATION FROM TERNA 2024 CHP CAPACITY,ELECTRICITY_ONLY_CHP_SPECIFIC_BAND_READY
2040,Base,NORD,STEAM_OTHER_SURVIVING,1588.168234432,BIOENERGY,bioenergy_steam_other_surviving,707.82290304358,false,1035.61,1565.323568332,0.661594842722,2024_ZONE×CONVERSION_TECHNOLOGY_OBSERVED_SHARE,BIOENERGY_STEAM_OTHER_SURVIVING_NON_CHP,239.530920829275,false,false,false,PROJECT DERIVATION FROM TERNA 2024 CHP CAPACITY,ELECTRICITY_ONLY_CHP_SPECIFIC_BAND_READY
2040,Base,CNOR,STEAM_OTHER_SURVIVING,50.690815099,METHANE,methane_steam_other_surviving,32.294446533922,true,20.509,49.961663917,0.410494735205,2024_ZONE×CONVERSION_TECHNOLOGY_OBSERVED_SHARE,METHANE_STEAM_OTHER_SURVIVING_CHP,13.256700278528,false,false,false,PROJECT DERIVATION FROM TERNA 2024 CHP CAPACITY,ELECTRICITY_ONLY_CHP_SPECIFIC_BAND_READY
2040,Base,CNOR,STEAM_OTHER_SURVIVING,50.690815099,METHANE,methane_steam_other_surviving,32.294446533922,false,20.509,49.961663917,0.410494735205,2024_ZONE×CONVERSION_TECHNOLOGY_OBSERVED_SHARE,METHANE_STEAM_OTHER_SURVIVING_NON_CHP,19.037746255394,false,false,false,PROJECT DERIVATION FROM TERNA 2024 CHP CAPACITY,ELECTRICITY_ONLY_CHP_SPECIFIC_BAND_READY
2040,Base,CNOR,STEAM_OTHER_SURVIVING,50.690815099,BIOENERGY,bioenergy_steam_other_surviving,18.396368565078,true,20.509,49.961663917,0.410494735205,2024_ZONE×CONVERSION_TECHNOLOGY_OBSERVED_SHARE,BIOENERGY_STEAM_OTHER_SURVIVING_CHP,7.551612442852,false,false,false,PROJECT DERIVATION FROM TERNA 2024 CHP CAPACITY,ELECTRICITY_ONLY_CHP_SPECIFIC_BAND_READY
2040,Base,CNOR,STEAM_OTHER_SURVIVING,50.690815099,BIOENERGY,bioenergy_steam_other_surviving,18.396368565078,false,20.509,49.961663917,0.410494735205,2024_ZONE×CONVERSION_TECHNOLOGY_OBSERVED_SHARE,BIOENERGY_STEAM_OTHER_SURVIVING_NON_CHP,10.844756122227,false,false,false,PROJECT DERIVATION FROM TERNA 2024 CHP CAPACITY,ELECTRICITY_ONLY_CHP_SPECIFIC_BAND_READY
2040,Base,CSUD,STEAM_OTHER_SURVIVING,178.980072753,METHANE,methane_steam_other_surviving,101.841978733022,true,43.384,176.405572198,0.245933274439,2024_ZONE×CONVERSION_TECHNOLOGY_OBSERVED_SHARE,METHANE_STEAM_OTHER_SURVIVING_CHP,25.046331305194,false,false,false,PROJECT DERIVATION FROM TERNA 2024 CHP CAPACITY,ELECTRICITY_ONLY_CHP_SPECIFIC_BAND_READY
2040,Base,CSUD,STEAM_OTHER_SURVIVING,178.980072753,METHANE,methane_steam_other_surviving,101.841978733022,false,43.384,176.405572198,0.245933274439,2024_ZONE×CONVERSION_TECHNOLOGY_OBSERVED_SHARE,METHANE_STEAM_OTHER_SURVIVING_NON_CHP,76.795647427828,false,false,false,PROJECT DERIVATION FROM TERNA 2024 CHP CAPACITY,ELECTRICITY_ONLY_CHP_SPECIFIC_BAND_READY
2040,Base,CSUD,STEAM_OTHER_SURVIVING,178.980072753,BIOENERGY,bioenergy_steam_other_surviving,77.138094019978,true,43.384,176.405572198,0.245933274439,2024_ZONE×CONVERSION_TECHNOLOGY_OBSERVED_SHARE,BIOENERGY_STEAM_OTHER_SURVIVING_CHP,18.970824046343,false,false,false,PROJECT DERIVATION FROM TERNA 2024 CHP CAPACITY,ELECTRICITY_ONLY_CHP_SPECIFIC_BAND_READY
2040,Base,CSUD,STEAM_OTHER_SURVIVING,178.980072753,BIOENERGY,bioenergy_steam_other_surviving,77.138094019978,false,43.384,176.405572198,0.245933274439,2024_ZONE×CONVERSION_TECHNOLOGY_OBSERVED_SHARE,BIOENERGY_STEAM_OTHER_SURVIVING_NON_CHP,58.167269973635,false,false,false,PROJECT DERIVATION FROM TERNA 2024 CHP CAPACITY,ELECTRICITY_ONLY_CHP_SPECIFIC_BAND_READY
2040,Base,SUD,STEAM_OTHER_SURVIVING,542.704350915,METHANE,methane_steam_other_surviving,332.141079958441,true,531.841,534.897936318,0.994285010073,2024_ZONE×CONVERSION_TECHNOLOGY_OBSERVED_SHARE,METHANE_STEAM_OTHER_SURVIVING_CHP,330.242897032154,false,false,false,PROJECT DERIVATION FROM TERNA 2024 CHP CAPACITY,ELECTRICITY_ONLY_CHP_SPECIFIC_BAND_READY
2040,Base,SUD,STEAM_OTHER_SURVIVING,542.704350915,METHANE,methane_steam_other_surviving,332.141079958441,false,531.841,534.897936318,0.994285010073,2024_ZONE×CONVERSION_TECHNOLOGY_OBSERVED_SHARE,METHANE_STEAM_OTHER_SURVIVING_NON_CHP,1.898182926286,false,false,false,PROJECT DERIVATION FROM TERNA 2024 CHP CAPACITY,ELECTRICITY_ONLY_CHP_SPECIFIC_BAND_READY
2040,Base,SUD,STEAM_OTHER_SURVIVING,542.704350915,BIOENERGY,bioenergy_steam_other_surviving,210.563270956559,true,531.841,534.897936318,0.994285010073,2024_ZONE×CONVERSION_TECHNOLOGY_OBSERVED_SHARE,BIOENERGY_STEAM_OTHER_SURVIVING_CHP,209.359903984058,false,false,false,PROJECT DERIVATION FROM TERNA 2024 CHP CAPACITY,ELECTRICITY_ONLY_CHP_SPECIFIC_BAND_READY
2040,Base,SUD,STEAM_OTHER_SURVIVING,542.704350915,BIOENERGY,bioenergy_steam_other_surviving,210.563270956559,false,531.841,534.897936318,0.994285010073,2024_ZONE×CONVERSION_TECHNOLOGY_OBSERVED_SHARE,BIOENERGY_STEAM_OTHER_SURVIVING_NON_CHP,1.203366972501,false,false,false,PROJECT DERIVATION FROM TERNA 2024 CHP CAPACITY,ELECTRICITY_ONLY_CHP_SPECIFIC_BAND_READY
2040,Base,CALA,STEAM_OTHER_SURVIVING,144.709481828,METHANE,methane_steam_other_surviving,11.817519553766,true,17,142.627939254,0.119191233421,2024_ZONE×CONVERSION_TECHNOLOGY_OBSERVED_SHARE,METHANE_STEAM_OTHER_SURVIVING_CHP,1.408544731592,false,false,false,PROJECT DERIVATION FROM TERNA 2024 CHP CAPACITY,ELECTRICITY_ONLY_CHP_SPECIFIC_BAND_READY
2040,Base,CALA,STEAM_OTHER_SURVIVING,144.709481828,METHANE,methane_steam_other_surviving,11.817519553766,false,17,142.627939254,0.119191233421,2024_ZONE×CONVERSION_TECHNOLOGY_OBSERVED_SHARE,METHANE_STEAM_OTHER_SURVIVING_NON_CHP,10.408974822175,false,false,false,PROJECT DERIVATION FROM TERNA 2024 CHP CAPACITY,ELECTRICITY_ONLY_CHP_SPECIFIC_BAND_READY
2040,Base,CALA,STEAM_OTHER_SURVIVING,144.709481828,BIOENERGY,bioenergy_steam_other_surviving,132.891962274234,true,17,142.627939254,0.119191233421,2024_ZONE×CONVERSION_TECHNOLOGY_OBSERVED_SHARE,BIOENERGY_STEAM_OTHER_SURVIVING_CHP,15.839556895222,false,false,false,PROJECT DERIVATION FROM TERNA 2024 CHP CAPACITY,ELECTRICITY_ONLY_CHP_SPECIFIC_BAND_READY
2040,Base,CALA,STEAM_OTHER_SURVIVING,144.709481828,BIOENERGY,bioenergy_steam_other_surviving,132.891962274234,false,17,142.627939254,0.119191233421,2024_ZONE×CONVERSION_TECHNOLOGY_OBSERVED_SHARE,BIOENERGY_STEAM_OTHER_SURVIVING_NON_CHP,117.052405379012,false,false,false,PROJECT DERIVATION FROM TERNA 2024 CHP CAPACITY,ELECTRICITY_ONLY_CHP_SPECIFIC_BAND_READY
2040,Base,SICI,STEAM_OTHER_SURVIVING,142.573999974,METHANE,methane_steam_other_surviving,117.057134659389,true,152.896,140.523174782,1,2024_ZONE×CONVERSION_TECHNOLOGY_OBSERVED_SHARE,METHANE_STEAM_OTHER_SURVIVING_CHP,117.057134659389,false,false,false,PROJECT DERIVATION FROM TERNA 2024 CHP CAPACITY,ELECTRICITY_ONLY_CHP_SPECIFIC_BAND_READY
2040,Base,SICI,STEAM_OTHER_SURVIVING,142.573999974,METHANE,methane_steam_other_surviving,117.057134659389,false,152.896,140.523174782,1,2024_ZONE×CONVERSION_TECHNOLOGY_OBSERVED_SHARE,METHANE_STEAM_OTHER_SURVIVING_NON_CHP,0,false,false,false,PROJECT DERIVATION FROM TERNA 2024 CHP CAPACITY,ELECTRICITY_ONLY_CHP_SPECIFIC_BAND_READY
2040,Base,SICI,STEAM_OTHER_SURVIVING,142.573999974,BIOENERGY,bioenergy_steam_other_surviving,25.516865314611,true,152.896,140.523174782,1,2024_ZONE×CONVERSION_TECHNOLOGY_OBSERVED_SHARE,BIOENERGY_STEAM_OTHER_SURVIVING_CHP,25.516865314611,false,false,false,PROJECT DERIVATION FROM TERNA 2024 CHP CAPACITY,ELECTRICITY_ONLY_CHP_SPECIFIC_BAND_READY
2040,Base,SICI,STEAM_OTHER_SURVIVING,142.573999974,BIOENERGY,bioenergy_steam_other_surviving,25.516865314611,false,152.896,140.523174782,1,2024_ZONE×CONVERSION_TECHNOLOGY_OBSERVED_SHARE,BIOENERGY_STEAM_OTHER_SURVIVING_NON_CHP,0,false,false,false,PROJECT DERIVATION FROM TERNA 2024 CHP CAPACITY,ELECTRICITY_ONLY_CHP_SPECIFIC_BAND_READY
2040,Base,SARD,STEAM_OTHER_SURVIVING,246.720448909,METHANE,methane_steam_other_surviving,158.644603255964,true,227.785,243.17155141,0.936725528456,2024_ZONE×CONVERSION_TECHNOLOGY_OBSERVED_SHARE,METHANE_STEAM_OTHER_SURVIVING_CHP,148.606449821637,false,false,false,PROJECT DERIVATION FROM TERNA 2024 CHP CAPACITY,ELECTRICITY_ONLY_CHP_SPECIFIC_BAND_READY
2040,Base,SARD,STEAM_OTHER_SURVIVING,246.720448909,METHANE,methane_steam_other_surviving,158.644603255964,false,227.785,243.17155141,0.936725528456,2024_ZONE×CONVERSION_TECHNOLOGY_OBSERVED_SHARE,METHANE_STEAM_OTHER_SURVIVING_NON_CHP,10.038153434327,false,false,false,PROJECT DERIVATION FROM TERNA 2024 CHP CAPACITY,ELECTRICITY_ONLY_CHP_SPECIFIC_BAND_READY
2040,Base,SARD,STEAM_OTHER_SURVIVING,246.720448909,BIOENERGY,bioenergy_steam_other_surviving,88.075845653036,true,227.785,243.17155141,0.936725528456,2024_ZONE×CONVERSION_TECHNOLOGY_OBSERVED_SHARE,BIOENERGY_STEAM_OTHER_SURVIVING_CHP,82.50289306355,false,false,false,PROJECT DERIVATION FROM TERNA 2024 CHP CAPACITY,ELECTRICITY_ONLY_CHP_SPECIFIC_BAND_READY
2040,Base,SARD,STEAM_OTHER_SURVIVING,246.720448909,BIOENERGY,bioenergy_steam_other_surviving,88.075845653036,false,227.785,243.17155141,0.936725528456,2024_ZONE×CONVERSION_TECHNOLOGY_OBSERVED_SHARE,BIOENERGY_STEAM_OTHER_SURVIVING_NON_CHP,5.572952589486,false,false,false,PROJECT DERIVATION FROM TERNA 2024 CHP CAPACITY,ELECTRICITY_ONLY_CHP_SPECIFIC_BAND_READY
2040,Base,NORD,OTHER_SURVIVING_THERMAL,53.151228556,METHANE,methane_other_surviving_thermal,29.462518455149,true,0.397,53.522,0.007417510556,2024_ZONE×CONVERSION_TECHNOLOGY_OBSERVED_SHARE,METHANE_OTHER_SURVIVING_THERMAL_CHP,0.218538541659,false,false,false,PROJECT DERIVATION FROM TERNA 2024 CHP CAPACITY,ELECTRICITY_ONLY_CHP_SPECIFIC_BAND_READY
2040,Base,NORD,OTHER_SURVIVING_THERMAL,53.151228556,METHANE,methane_other_surviving_thermal,29.462518455149,false,0.397,53.522,0.007417510556,2024_ZONE×CONVERSION_TECHNOLOGY_OBSERVED_SHARE,METHANE_OTHER_SURVIVING_THERMAL_NON_CHP,29.243979913489,false,false,false,PROJECT DERIVATION FROM TERNA 2024 CHP CAPACITY,ELECTRICITY_ONLY_CHP_SPECIFIC_BAND_READY
2040,Base,NORD,OTHER_SURVIVING_THERMAL,53.151228556,BIOENERGY,bioenergy_other_surviving_thermal,23.688710100851,true,0.397,53.522,0.007417510556,2024_ZONE×CONVERSION_TECHNOLOGY_OBSERVED_SHARE,BIOENERGY_OTHER_SURVIVING_THERMAL_CHP,0.175711257241,false,false,false,PROJECT DERIVATION FROM TERNA 2024 CHP CAPACITY,ELECTRICITY_ONLY_CHP_SPECIFIC_BAND_READY
2040,Base,NORD,OTHER_SURVIVING_THERMAL,53.151228556,BIOENERGY,bioenergy_other_surviving_thermal,23.688710100851,false,0.397,53.522,0.007417510556,2024_ZONE×CONVERSION_TECHNOLOGY_OBSERVED_SHARE,BIOENERGY_OTHER_SURVIVING_THERMAL_NON_CHP,23.512998843611,false,false,false,PROJECT DERIVATION FROM TERNA 2024 CHP CAPACITY,ELECTRICITY_ONLY_CHP_SPECIFIC_BAND_READY
2040,Base,CNOR,OTHER_SURVIVING_THERMAL,34.351116281,METHANE,methane_other_surviving_thermal,21.884640954198,true,0.001,33.857,0.00002953599,2024_ZONE×CONVERSION_TECHNOLOGY_OBSERVED_SHARE,METHANE_OTHER_SURVIVING_THERMAL_CHP,0.000646384528,false,false,false,PROJECT DERIVATION FROM TERNA 2024 CHP CAPACITY,ELECTRICITY_ONLY_CHP_SPECIFIC_BAND_READY
2040,Base,CNOR,OTHER_SURVIVING_THERMAL,34.351116281,METHANE,methane_other_surviving_thermal,21.884640954198,false,0.001,33.857,0.00002953599,2024_ZONE×CONVERSION_TECHNOLOGY_OBSERVED_SHARE,METHANE_OTHER_SURVIVING_THERMAL_NON_CHP,21.883994569671,false,false,false,PROJECT DERIVATION FROM TERNA 2024 CHP CAPACITY,ELECTRICITY_ONLY_CHP_SPECIFIC_BAND_READY
2040,Base,CNOR,OTHER_SURVIVING_THERMAL,34.351116281,BIOENERGY,bioenergy_other_surviving_thermal,12.466475326802,true,0.001,33.857,0.00002953599,2024_ZONE×CONVERSION_TECHNOLOGY_OBSERVED_SHARE,BIOENERGY_OTHER_SURVIVING_THERMAL_CHP,0.000368209686,false,false,false,PROJECT DERIVATION FROM TERNA 2024 CHP CAPACITY,ELECTRICITY_ONLY_CHP_SPECIFIC_BAND_READY
2040,Base,CNOR,OTHER_SURVIVING_THERMAL,34.351116281,BIOENERGY,bioenergy_other_surviving_thermal,12.466475326802,false,0.001,33.857,0.00002953599,2024_ZONE×CONVERSION_TECHNOLOGY_OBSERVED_SHARE,BIOENERGY_OTHER_SURVIVING_THERMAL_NON_CHP,12.466107117116,false,false,false,PROJECT DERIVATION FROM TERNA 2024 CHP CAPACITY,ELECTRICITY_ONLY_CHP_SPECIFIC_BAND_READY
2040,Base,CSUD,OTHER_SURVIVING_THERMAL,31.065187014,METHANE,methane_other_surviving_thermal,17.676493626099,true,0,31.068,0,2024_ZONE×CONVERSION_TECHNOLOGY_OBSERVED_SHARE,METHANE_OTHER_SURVIVING_THERMAL_CHP,0,false,false,false,PROJECT DERIVATION FROM TERNA 2024 CHP CAPACITY,ELECTRICITY_ONLY_CHP_SPECIFIC_BAND_READY
2040,Base,CSUD,OTHER_SURVIVING_THERMAL,31.065187014,METHANE,methane_other_surviving_thermal,17.676493626099,false,0,31.068,0,2024_ZONE×CONVERSION_TECHNOLOGY_OBSERVED_SHARE,METHANE_OTHER_SURVIVING_THERMAL_NON_CHP,17.676493626099,false,false,false,PROJECT DERIVATION FROM TERNA 2024 CHP CAPACITY,ELECTRICITY_ONLY_CHP_SPECIFIC_BAND_READY
2040,Base,CSUD,OTHER_SURVIVING_THERMAL,31.065187014,BIOENERGY,bioenergy_other_surviving_thermal,13.388693387901,true,0,31.068,0,2024_ZONE×CONVERSION_TECHNOLOGY_OBSERVED_SHARE,BIOENERGY_OTHER_SURVIVING_THERMAL_CHP,0,false,false,false,PROJECT DERIVATION FROM TERNA 2024 CHP CAPACITY,ELECTRICITY_ONLY_CHP_SPECIFIC_BAND_READY
2040,Base,CSUD,OTHER_SURVIVING_THERMAL,31.065187014,BIOENERGY,bioenergy_other_surviving_thermal,13.388693387901,false,0,31.068,0,2024_ZONE×CONVERSION_TECHNOLOGY_OBSERVED_SHARE,BIOENERGY_OTHER_SURVIVING_THERMAL_NON_CHP,13.388693387901,false,false,false,PROJECT DERIVATION FROM TERNA 2024 CHP CAPACITY,ELECTRICITY_ONLY_CHP_SPECIFIC_BAND_READY
2040,Base,SUD,OTHER_SURVIVING_THERMAL,120.231362984,METHANE,methane_other_surviving_thermal,73.582927203463,true,0.002,125.489,0.000015937652,2024_ZONE×CONVERSION_TECHNOLOGY_OBSERVED_SHARE,METHANE_OTHER_SURVIVING_THERMAL_CHP,0.00117273908,false,false,false,PROJECT DERIVATION FROM TERNA 2024 CHP CAPACITY,ELECTRICITY_ONLY_CHP_SPECIFIC_BAND_READY
2040,Base,SUD,OTHER_SURVIVING_THERMAL,120.231362984,METHANE,methane_other_surviving_thermal,73.582927203463,false,0.002,125.489,0.000015937652,2024_ZONE×CONVERSION_TECHNOLOGY_OBSERVED_SHARE,METHANE_OTHER_SURVIVING_THERMAL_NON_CHP,73.581754464383,false,false,false,PROJECT DERIVATION FROM TERNA 2024 CHP CAPACITY,ELECTRICITY_ONLY_CHP_SPECIFIC_BAND_READY
2040,Base,SUD,OTHER_SURVIVING_THERMAL,120.231362984,BIOENERGY,bioenergy_other_surviving_thermal,46.648435780537,true,0.002,125.489,0.000015937652,2024_ZONE×CONVERSION_TECHNOLOGY_OBSERVED_SHARE,BIOENERGY_OTHER_SURVIVING_THERMAL_CHP,0.000743466531,false,false,false,PROJECT DERIVATION FROM TERNA 2024 CHP CAPACITY,ELECTRICITY_ONLY_CHP_SPECIFIC_BAND_READY
2040,Base,SUD,OTHER_SURVIVING_THERMAL,120.231362984,BIOENERGY,bioenergy_other_surviving_thermal,46.648435780537,false,0.002,125.489,0.000015937652,2024_ZONE×CONVERSION_TECHNOLOGY_OBSERVED_SHARE,BIOENERGY_OTHER_SURVIVING_THERMAL_NON_CHP,46.647692314006,false,false,false,PROJECT DERIVATION FROM TERNA 2024 CHP CAPACITY,ELECTRICITY_ONLY_CHP_SPECIFIC_BAND_READY
2040,Base,SICI,OTHER_SURVIVING_THERMAL,22.281503519,METHANE,methane_other_surviving_thermal,18.29372086294,true,0,21.961,0,2024_ZONE×CONVERSION_TECHNOLOGY_OBSERVED_SHARE,METHANE_OTHER_SURVIVING_THERMAL_CHP,0,false,false,false,PROJECT DERIVATION FROM TERNA 2024 CHP CAPACITY,ELECTRICITY_ONLY_CHP_SPECIFIC_BAND_READY
2040,Base,SICI,OTHER_SURVIVING_THERMAL,22.281503519,METHANE,methane_other_surviving_thermal,18.29372086294,false,0,21.961,0,2024_ZONE×CONVERSION_TECHNOLOGY_OBSERVED_SHARE,METHANE_OTHER_SURVIVING_THERMAL_NON_CHP,18.29372086294,false,false,false,PROJECT DERIVATION FROM TERNA 2024 CHP CAPACITY,ELECTRICITY_ONLY_CHP_SPECIFIC_BAND_READY
2040,Base,SICI,OTHER_SURVIVING_THERMAL,22.281503519,BIOENERGY,bioenergy_other_surviving_thermal,3.98778265606,true,0,21.961,0,2024_ZONE×CONVERSION_TECHNOLOGY_OBSERVED_SHARE,BIOENERGY_OTHER_SURVIVING_THERMAL_CHP,0,false,false,false,PROJECT DERIVATION FROM TERNA 2024 CHP CAPACITY,ELECTRICITY_ONLY_CHP_SPECIFIC_BAND_READY
2040,Base,SICI,OTHER_SURVIVING_THERMAL,22.281503519,BIOENERGY,bioenergy_other_surviving_thermal,3.98778265606,false,0,21.961,0,2024_ZONE×CONVERSION_TECHNOLOGY_OBSERVED_SHARE,BIOENERGY_OTHER_SURVIVING_THERMAL_NON_CHP,3.98778265606,false,false,false,PROJECT DERIVATION FROM TERNA 2024 CHP CAPACITY,ELECTRICITY_ONLY_CHP_SPECIFIC_BAND_READY
2040,Base,SARD,OTHER_SURVIVING_THERMAL,28.495431878,METHANE,methane_other_surviving_thermal,18.322950144112,true,0,29.11,0,2024_ZONE×CONVERSION_TECHNOLOGY_OBSERVED_SHARE,METHANE_OTHER_SURVIVING_THERMAL_CHP,0,false,false,false,PROJECT DERIVATION FROM TERNA 2024 CHP CAPACITY,ELECTRICITY_ONLY_CHP_SPECIFIC_BAND_READY
2040,Base,SARD,OTHER_SURVIVING_THERMAL,28.495431878,METHANE,methane_other_surviving_thermal,18.322950144112,false,0,29.11,0,2024_ZONE×CONVERSION_TECHNOLOGY_OBSERVED_SHARE,METHANE_OTHER_SURVIVING_THERMAL_NON_CHP,18.322950144112,false,false,false,PROJECT DERIVATION FROM TERNA 2024 CHP CAPACITY,ELECTRICITY_ONLY_CHP_SPECIFIC_BAND_READY
2040,Base,SARD,OTHER_SURVIVING_THERMAL,28.495431878,BIOENERGY,bioenergy_other_surviving_thermal,10.172481733888,true,0,29.11,0,2024_ZONE×CONVERSION_TECHNOLOGY_OBSERVED_SHARE,BIOENERGY_OTHER_SURVIVING_THERMAL_CHP,0,false,false,false,PROJECT DERIVATION FROM TERNA 2024 CHP CAPACITY,ELECTRICITY_ONLY_CHP_SPECIFIC_BAND_READY
2040,Base,SARD,OTHER_SURVIVING_THERMAL,28.495431878,BIOENERGY,bioenergy_other_surviving_thermal,10.172481733888,false,0,29.11,0,2024_ZONE×CONVERSION_TECHNOLOGY_OBSERVED_SHARE,BIOENERGY_OTHER_SURVIVING_THERMAL_NON_CHP,10.172481733888,false,false,false,PROJECT DERIVATION FROM TERNA 2024 CHP CAPACITY,ELECTRICITY_ONLY_CHP_SPECIFIC_BAND_READY
2040,High,NORD,CCGT,23085.542039157,METHANE,methane_ccgt,23085.542039157,true,10726.618,22753.472999999998,0.471427724462,2024_ZONE×CONVERSION_TECHNOLOGY_OBSERVED_SHARE,METHANE_CCGT_CHP,10883.164551494105,false,false,false,PROJECT DERIVATION FROM TERNA 2024 CHP CAPACITY,ELECTRICITY_ONLY_CHP_SPECIFIC_BAND_READY
2040,High,NORD,CCGT,23085.542039157,METHANE,methane_ccgt,23085.542039157,false,10726.618,22753.472999999998,0.471427724462,2024_ZONE×CONVERSION_TECHNOLOGY_OBSERVED_SHARE,METHANE_CCGT_NON_CHP,12202.377487662896,false,false,false,PROJECT DERIVATION FROM TERNA 2024 CHP CAPACITY,ELECTRICITY_ONLY_CHP_SPECIFIC_BAND_READY
2040,High,CNOR,CCGT,1599.013669946,METHANE,methane_ccgt,1599.013669946,true,1123.387,1576.013,0.712803130431,2024_ZONE×CONVERSION_TECHNOLOGY_OBSERVED_SHARE,METHANE_CCGT_CHP,1139.78194953952,false,false,false,PROJECT DERIVATION FROM TERNA 2024 CHP CAPACITY,ELECTRICITY_ONLY_CHP_SPECIFIC_BAND_READY
2040,High,CNOR,CCGT,1599.013669946,METHANE,methane_ccgt,1599.013669946,false,1123.387,1576.013,0.712803130431,2024_ZONE×CONVERSION_TECHNOLOGY_OBSERVED_SHARE,METHANE_CCGT_NON_CHP,459.23172040648,false,false,false,PROJECT DERIVATION FROM TERNA 2024 CHP CAPACITY,ELECTRICITY_ONLY_CHP_SPECIFIC_BAND_READY
2040,High,CSUD,CCGT,6333.05142292,METHANE,methane_ccgt,6333.05142292,true,670.765,6241.955,0.107460723443,2024_ZONE×CONVERSION_TECHNOLOGY_OBSERVED_SHARE,METHANE_CCGT_CHP,680.554287510072,false,false,false,PROJECT DERIVATION FROM TERNA 2024 CHP CAPACITY,ELECTRICITY_ONLY_CHP_SPECIFIC_BAND_READY
2040,High,CSUD,CCGT,6333.05142292,METHANE,methane_ccgt,6333.05142292,false,670.765,6241.955,0.107460723443,2024_ZONE×CONVERSION_TECHNOLOGY_OBSERVED_SHARE,METHANE_CCGT_NON_CHP,5652.497135409927,false,false,false,PROJECT DERIVATION FROM TERNA 2024 CHP CAPACITY,ELECTRICITY_ONLY_CHP_SPECIFIC_BAND_READY
2040,High,SUD,CCGT,4425.159763636,METHANE,methane_ccgt,4425.159763636,true,2204.229,4361.507,0.505382428596,2024_ZONE×CONVERSION_TECHNOLOGY_OBSERVED_SHARE,METHANE_CCGT_CHP,2236.397988273231,false,false,false,PROJECT DERIVATION FROM TERNA 2024 CHP CAPACITY,ELECTRICITY_ONLY_CHP_SPECIFIC_BAND_READY
2040,High,SUD,CCGT,4425.159763636,METHANE,methane_ccgt,4425.159763636,false,2204.229,4361.507,0.505382428596,2024_ZONE×CONVERSION_TECHNOLOGY_OBSERVED_SHARE,METHANE_CCGT_NON_CHP,2188.761775362769,false,false,false,PROJECT DERIVATION FROM TERNA 2024 CHP CAPACITY,ELECTRICITY_ONLY_CHP_SPECIFIC_BAND_READY
2040,High,CALA,CCGT,3235.880835398,METHANE,methane_ccgt,3235.880835398,true,1607.335,3189.335,0.503971831118,2024_ZONE×CONVERSION_TECHNOLOGY_OBSERVED_SHARE,METHANE_CCGT_CHP,1630.792789896466,false,false,false,PROJECT DERIVATION FROM TERNA 2024 CHP CAPACITY,ELECTRICITY_ONLY_CHP_SPECIFIC_BAND_READY
2040,High,CALA,CCGT,3235.880835398,METHANE,methane_ccgt,3235.880835398,false,1607.335,3189.335,0.503971831118,2024_ZONE×CONVERSION_TECHNOLOGY_OBSERVED_SHARE,METHANE_CCGT_NON_CHP,1605.088045501534,false,false,false,PROJECT DERIVATION FROM TERNA 2024 CHP CAPACITY,ELECTRICITY_ONLY_CHP_SPECIFIC_BAND_READY
2040,High,SICI,CCGT,3033.470304432,METHANE,methane_ccgt,3033.470304432,true,1441.836,2989.836,0.482245848936,2024_ZONE×CONVERSION_TECHNOLOGY_OBSERVED_SHARE,METHANE_CCGT_CHP,1462.87846218355,false,false,false,PROJECT DERIVATION FROM TERNA 2024 CHP CAPACITY,ELECTRICITY_ONLY_CHP_SPECIFIC_BAND_READY
2040,High,SICI,CCGT,3033.470304432,METHANE,methane_ccgt,3033.470304432,false,1441.836,2989.836,0.482245848936,2024_ZONE×CONVERSION_TECHNOLOGY_OBSERVED_SHARE,METHANE_CCGT_NON_CHP,1570.59184224845,false,false,false,PROJECT DERIVATION FROM TERNA 2024 CHP CAPACITY,ELECTRICITY_ONLY_CHP_SPECIFIC_BAND_READY
2040,High,SARD,CCGT,636.150571763,METHANE,methane_ccgt,636.150571763,true,591,627,0.942583732057,2024_ZONE×CONVERSION_TECHNOLOGY_OBSERVED_SHARE,METHANE_CCGT_CHP,599.625180082828,false,false,false,PROJECT DERIVATION FROM TERNA 2024 CHP CAPACITY,ELECTRICITY_ONLY_CHP_SPECIFIC_BAND_READY
2040,High,SARD,CCGT,636.150571763,METHANE,methane_ccgt,636.150571763,false,591,627,0.942583732057,2024_ZONE×CONVERSION_TECHNOLOGY_OBSERVED_SHARE,METHANE_CCGT_NON_CHP,36.525391680172,false,false,false,PROJECT DERIVATION FROM TERNA 2024 CHP CAPACITY,ELECTRICITY_ONLY_CHP_SPECIFIC_BAND_READY
2040,High,NORD,GT_OCGT,842.144489518,METHANE,methane_gt_ocgt,842.144489518,true,740.92438,908.60098,0.815456285332,2024_ZONE×CONVERSION_TECHNOLOGY_OBSERVED_SHARE,METHANE_GT_OCGT_CHP,686.732017135333,false,false,false,PROJECT DERIVATION FROM TERNA 2024 CHP CAPACITY,ELECTRICITY_ONLY_CHP_SPECIFIC_BAND_READY
2040,High,NORD,GT_OCGT,842.144489518,METHANE,methane_gt_ocgt,842.144489518,false,740.92438,908.60098,0.815456285332,2024_ZONE×CONVERSION_TECHNOLOGY_OBSERVED_SHARE,METHANE_GT_OCGT_NON_CHP,155.412472382667,false,false,false,PROJECT DERIVATION FROM TERNA 2024 CHP CAPACITY,ELECTRICITY_ONLY_CHP_SPECIFIC_BAND_READY
2040,High,CNOR,GT_OCGT,479.435139888,METHANE,methane_gt_ocgt,479.435139888,true,459.399,517.269,0.88812397418,2024_ZONE×CONVERSION_TECHNOLOGY_OBSERVED_SHARE,METHANE_GT_OCGT_CHP,425.797841798769,false,false,false,PROJECT DERIVATION FROM TERNA 2024 CHP CAPACITY,ELECTRICITY_ONLY_CHP_SPECIFIC_BAND_READY
2040,High,CNOR,GT_OCGT,479.435139888,METHANE,methane_gt_ocgt,479.435139888,false,459.399,517.269,0.88812397418,2024_ZONE×CONVERSION_TECHNOLOGY_OBSERVED_SHARE,METHANE_GT_OCGT_NON_CHP,53.637298089231,false,false,false,PROJECT DERIVATION FROM TERNA 2024 CHP CAPACITY,ELECTRICITY_ONLY_CHP_SPECIFIC_BAND_READY
2040,High,CSUD,GT_OCGT,769.197041167,METHANE,methane_gt_ocgt,769.197041167,true,104.681,829.897,0.126137339935,2024_ZONE×CONVERSION_TECHNOLOGY_OBSERVED_SHARE,METHANE_GT_OCGT_CHP,97.024468658644,false,false,false,PROJECT DERIVATION FROM TERNA 2024 CHP CAPACITY,ELECTRICITY_ONLY_CHP_SPECIFIC_BAND_READY
2040,High,CSUD,GT_OCGT,769.197041167,METHANE,methane_gt_ocgt,769.197041167,false,104.681,829.897,0.126137339935,2024_ZONE×CONVERSION_TECHNOLOGY_OBSERVED_SHARE,METHANE_GT_OCGT_NON_CHP,672.172572508356,false,false,false,PROJECT DERIVATION FROM TERNA 2024 CHP CAPACITY,ELECTRICITY_ONLY_CHP_SPECIFIC_BAND_READY
2040,High,SUD,GT_OCGT,256.102110068,METHANE,methane_gt_ocgt,256.102110068,true,24.727,276.312,0.08948941776,2024_ZONE×CONVERSION_TECHNOLOGY_OBSERVED_SHARE,METHANE_GT_OCGT_CHP,22.918428716999,false,false,false,PROJECT DERIVATION FROM TERNA 2024 CHP CAPACITY,ELECTRICITY_ONLY_CHP_SPECIFIC_BAND_READY
2040,High,SUD,GT_OCGT,256.102110068,METHANE,methane_gt_ocgt,256.102110068,false,24.727,276.312,0.08948941776,2024_ZONE×CONVERSION_TECHNOLOGY_OBSERVED_SHARE,METHANE_GT_OCGT_NON_CHP,233.183681351001,false,false,false,PROJECT DERIVATION FROM TERNA 2024 CHP CAPACITY,ELECTRICITY_ONLY_CHP_SPECIFIC_BAND_READY
2040,High,CALA,GT_OCGT,216.218464413,METHANE,methane_gt_ocgt,216.218464413,true,6.241,233.281,0.026753143205,2024_ZONE×CONVERSION_TECHNOLOGY_OBSERVED_SHARE,METHANE_GT_OCGT_CHP,5.784523542001,false,false,false,PROJECT DERIVATION FROM TERNA 2024 CHP CAPACITY,ELECTRICITY_ONLY_CHP_SPECIFIC_BAND_READY
2040,High,CALA,GT_OCGT,216.218464413,METHANE,methane_gt_ocgt,216.218464413,false,6.241,233.281,0.026753143205,2024_ZONE×CONVERSION_TECHNOLOGY_OBSERVED_SHARE,METHANE_GT_OCGT_NON_CHP,210.433940870999,false,false,false,PROJECT DERIVATION FROM TERNA 2024 CHP CAPACITY,ELECTRICITY_ONLY_CHP_SPECIFIC_BAND_READY
2040,High,SICI,GT_OCGT,652.525027236,METHANE,methane_gt_ocgt,652.525027236,true,56.398,704.018,0.08010874722,2024_ZONE×CONVERSION_TECHNOLOGY_OBSERVED_SHARE,METHANE_GT_OCGT_CHP,52.272962461267,false,false,false,PROJECT DERIVATION FROM TERNA 2024 CHP CAPACITY,ELECTRICITY_ONLY_CHP_SPECIFIC_BAND_READY
2040,High,SICI,GT_OCGT,652.525027236,METHANE,methane_gt_ocgt,652.525027236,false,56.398,704.018,0.08010874722,2024_ZONE×CONVERSION_TECHNOLOGY_OBSERVED_SHARE,METHANE_GT_OCGT_NON_CHP,600.252064774734,false,false,false,PROJECT DERIVATION FROM TERNA 2024 CHP CAPACITY,ELECTRICITY_ONLY_CHP_SPECIFIC_BAND_READY
2040,High,SARD,GT_OCGT,139.028766432,METHANE,methane_gt_ocgt,139.028766432,true,0,150,0,2024_ZONE×CONVERSION_TECHNOLOGY_OBSERVED_SHARE,METHANE_GT_OCGT_CHP,0,false,false,false,PROJECT DERIVATION FROM TERNA 2024 CHP CAPACITY,ELECTRICITY_ONLY_CHP_SPECIFIC_BAND_READY
2040,High,SARD,GT_OCGT,139.028766432,METHANE,methane_gt_ocgt,139.028766432,false,0,150,0,2024_ZONE×CONVERSION_TECHNOLOGY_OBSERVED_SHARE,METHANE_GT_OCGT_NON_CHP,139.028766432,false,false,false,PROJECT DERIVATION FROM TERNA 2024 CHP CAPACITY,ELECTRICITY_ONLY_CHP_SPECIFIC_BAND_READY
2040,High,NORD,INTERNAL_COMBUSTION,3456.449708873,METHANE,methane_internal_combustion,1915.961608106004,true,3046.94443,3729.20993,0.817048245391,2024_ZONE×CONVERSION_TECHNOLOGY_OBSERVED_SHARE,METHANE_INTERNAL_COMBUSTION_CHP,1565.433070138916,false,false,false,PROJECT DERIVATION FROM TERNA 2024 CHP CAPACITY,ELECTRICITY_ONLY_CHP_SPECIFIC_BAND_READY
2040,High,NORD,INTERNAL_COMBUSTION,3456.449708873,METHANE,methane_internal_combustion,1915.961608106004,false,3046.94443,3729.20993,0.817048245391,2024_ZONE×CONVERSION_TECHNOLOGY_OBSERVED_SHARE,METHANE_INTERNAL_COMBUSTION_NON_CHP,350.528537967088,false,false,false,PROJECT DERIVATION FROM TERNA 2024 CHP CAPACITY,ELECTRICITY_ONLY_CHP_SPECIFIC_BAND_READY
2040,High,NORD,INTERNAL_COMBUSTION,3456.449708873,BIOENERGY,bioenergy_internal_combustion,1540.488100766996,true,3046.94443,3729.20993,0.817048245391,2024_ZONE×CONVERSION_TECHNOLOGY_OBSERVED_SHARE,BIOENERGY_INTERNAL_COMBUSTION_CHP,1258.653099776895,false,false,false,PROJECT DERIVATION FROM TERNA 2024 CHP CAPACITY,ELECTRICITY_ONLY_CHP_SPECIFIC_BAND_READY
2040,High,NORD,INTERNAL_COMBUSTION,3456.449708873,BIOENERGY,bioenergy_internal_combustion,1540.488100766996,false,3046.94443,3729.20993,0.817048245391,2024_ZONE×CONVERSION_TECHNOLOGY_OBSERVED_SHARE,BIOENERGY_INTERNAL_COMBUSTION_NON_CHP,281.835000990101,false,false,false,PROJECT DERIVATION FROM TERNA 2024 CHP CAPACITY,ELECTRICITY_ONLY_CHP_SPECIFIC_BAND_READY
2040,High,CNOR,INTERNAL_COMBUSTION,388.057148474,METHANE,methane_internal_combustion,247.226066675477,true,287.26276,418.68006,0.686115216473,2024_ZONE×CONVERSION_TECHNOLOGY_OBSERVED_SHARE,METHANE_INTERNAL_COMBUSTION_CHP,169.625566254914,false,false,false,PROJECT DERIVATION FROM TERNA 2024 CHP CAPACITY,ELECTRICITY_ONLY_CHP_SPECIFIC_BAND_READY
2040,High,CNOR,INTERNAL_COMBUSTION,388.057148474,METHANE,methane_internal_combustion,247.226066675477,false,287.26276,418.68006,0.686115216473,2024_ZONE×CONVERSION_TECHNOLOGY_OBSERVED_SHARE,METHANE_INTERNAL_COMBUSTION_NON_CHP,77.600500420563,false,false,false,PROJECT DERIVATION FROM TERNA 2024 CHP CAPACITY,ELECTRICITY_ONLY_CHP_SPECIFIC_BAND_READY
2040,High,CNOR,INTERNAL_COMBUSTION,388.057148474,BIOENERGY,bioenergy_internal_combustion,140.831081798523,true,287.26276,418.68006,0.686115216473,2024_ZONE×CONVERSION_TECHNOLOGY_OBSERVED_SHARE,BIOENERGY_INTERNAL_COMBUSTION_CHP,96.626348174378,false,false,false,PROJECT DERIVATION FROM TERNA 2024 CHP CAPACITY,ELECTRICITY_ONLY_CHP_SPECIFIC_BAND_READY
2040,High,CNOR,INTERNAL_COMBUSTION,388.057148474,BIOENERGY,bioenergy_internal_combustion,140.831081798523,false,287.26276,418.68006,0.686115216473,2024_ZONE×CONVERSION_TECHNOLOGY_OBSERVED_SHARE,BIOENERGY_INTERNAL_COMBUSTION_NON_CHP,44.204733624145,false,false,false,PROJECT DERIVATION FROM TERNA 2024 CHP CAPACITY,ELECTRICITY_ONLY_CHP_SPECIFIC_BAND_READY
2040,High,CSUD,INTERNAL_COMBUSTION,780.4036866,METHANE,methane_internal_combustion,444.05980191757,true,574.638,841.988,0.682477660014,2024_ZONE×CONVERSION_TECHNOLOGY_OBSERVED_SHARE,METHANE_INTERNAL_COMBUSTION_CHP,303.060894519053,false,false,false,PROJECT DERIVATION FROM TERNA 2024 CHP CAPACITY,ELECTRICITY_ONLY_CHP_SPECIFIC_BAND_READY
2040,High,CSUD,INTERNAL_COMBUSTION,780.4036866,METHANE,methane_internal_combustion,444.05980191757,false,574.638,841.988,0.682477660014,2024_ZONE×CONVERSION_TECHNOLOGY_OBSERVED_SHARE,METHANE_INTERNAL_COMBUSTION_NON_CHP,140.998907398517,false,false,false,PROJECT DERIVATION FROM TERNA 2024 CHP CAPACITY,ELECTRICITY_ONLY_CHP_SPECIFIC_BAND_READY
2040,High,CSUD,INTERNAL_COMBUSTION,780.4036866,BIOENERGY,bioenergy_internal_combustion,336.34388468243,true,574.638,841.988,0.682477660014,2024_ZONE×CONVERSION_TECHNOLOGY_OBSERVED_SHARE,BIOENERGY_INTERNAL_COMBUSTION_CHP,229.547187378137,false,false,false,PROJECT DERIVATION FROM TERNA 2024 CHP CAPACITY,ELECTRICITY_ONLY_CHP_SPECIFIC_BAND_READY
2040,High,CSUD,INTERNAL_COMBUSTION,780.4036866,BIOENERGY,bioenergy_internal_combustion,336.34388468243,false,574.638,841.988,0.682477660014,2024_ZONE×CONVERSION_TECHNOLOGY_OBSERVED_SHARE,BIOENERGY_INTERNAL_COMBUSTION_NON_CHP,106.796697304294,false,false,false,PROJECT DERIVATION FROM TERNA 2024 CHP CAPACITY,ELECTRICITY_ONLY_CHP_SPECIFIC_BAND_READY
2040,High,SUD,INTERNAL_COMBUSTION,437.833098679,METHANE,methane_internal_combustion,267.958710836962,true,187.371,472.384,0.396649759518,2024_ZONE×CONVERSION_TECHNOLOGY_OBSERVED_SHARE,METHANE_INTERNAL_COMBUSTION_CHP,106.285758214149,false,false,false,PROJECT DERIVATION FROM TERNA 2024 CHP CAPACITY,ELECTRICITY_ONLY_CHP_SPECIFIC_BAND_READY
2040,High,SUD,INTERNAL_COMBUSTION,437.833098679,METHANE,methane_internal_combustion,267.958710836962,false,187.371,472.384,0.396649759518,2024_ZONE×CONVERSION_TECHNOLOGY_OBSERVED_SHARE,METHANE_INTERNAL_COMBUSTION_NON_CHP,161.672952622813,false,false,false,PROJECT DERIVATION FROM TERNA 2024 CHP CAPACITY,ELECTRICITY_ONLY_CHP_SPECIFIC_BAND_READY
2040,High,SUD,INTERNAL_COMBUSTION,437.833098679,BIOENERGY,bioenergy_internal_combustion,169.874387842038,true,187.371,472.384,0.396649759518,2024_ZONE×CONVERSION_TECHNOLOGY_OBSERVED_SHARE,BIOENERGY_INTERNAL_COMBUSTION_CHP,67.380635085758,false,false,false,PROJECT DERIVATION FROM TERNA 2024 CHP CAPACITY,ELECTRICITY_ONLY_CHP_SPECIFIC_BAND_READY
2040,High,SUD,INTERNAL_COMBUSTION,437.833098679,BIOENERGY,bioenergy_internal_combustion,169.874387842038,false,187.371,472.384,0.396649759518,2024_ZONE×CONVERSION_TECHNOLOGY_OBSERVED_SHARE,BIOENERGY_INTERNAL_COMBUSTION_NON_CHP,102.49375275628,false,false,false,PROJECT DERIVATION FROM TERNA 2024 CHP CAPACITY,ELECTRICITY_ONLY_CHP_SPECIFIC_BAND_READY
2040,High,CALA,INTERNAL_COMBUSTION,38.206958732,METHANE,methane_internal_combustion,3.120123686449,true,36.619,41.222,0.888336325263,2024_ZONE×CONVERSION_TECHNOLOGY_OBSERVED_SHARE,METHANE_INTERNAL_COMBUSTION_CHP,2.771719209987,false,false,false,PROJECT DERIVATION FROM TERNA 2024 CHP CAPACITY,ELECTRICITY_ONLY_CHP_SPECIFIC_BAND_READY
2040,High,CALA,INTERNAL_COMBUSTION,38.206958732,METHANE,methane_internal_combustion,3.120123686449,false,36.619,41.222,0.888336325263,2024_ZONE×CONVERSION_TECHNOLOGY_OBSERVED_SHARE,METHANE_INTERNAL_COMBUSTION_NON_CHP,0.348404476462,false,false,false,PROJECT DERIVATION FROM TERNA 2024 CHP CAPACITY,ELECTRICITY_ONLY_CHP_SPECIFIC_BAND_READY
2040,High,CALA,INTERNAL_COMBUSTION,38.206958732,BIOENERGY,bioenergy_internal_combustion,35.086835045551,true,36.619,41.222,0.888336325263,2024_ZONE×CONVERSION_TECHNOLOGY_OBSERVED_SHARE,BIOENERGY_INTERNAL_COMBUSTION_CHP,31.168910109481,false,false,false,PROJECT DERIVATION FROM TERNA 2024 CHP CAPACITY,ELECTRICITY_ONLY_CHP_SPECIFIC_BAND_READY
2040,High,CALA,INTERNAL_COMBUSTION,38.206958732,BIOENERGY,bioenergy_internal_combustion,35.086835045551,false,36.619,41.222,0.888336325263,2024_ZONE×CONVERSION_TECHNOLOGY_OBSERVED_SHARE,BIOENERGY_INTERNAL_COMBUSTION_NON_CHP,3.91792493607,false,false,false,PROJECT DERIVATION FROM TERNA 2024 CHP CAPACITY,ELECTRICITY_ONLY_CHP_SPECIFIC_BAND_READY
2040,High,SICI,INTERNAL_COMBUSTION,206.615562143,METHANE,methane_internal_combustion,169.637000329015,true,47.3573,222.9203,0.212440500035,2024_ZONE×CONVERSION_TECHNOLOGY_OBSERVED_SHARE,METHANE_INTERNAL_COMBUSTION_CHP,36.03776917437,false,false,false,PROJECT DERIVATION FROM TERNA 2024 CHP CAPACITY,ELECTRICITY_ONLY_CHP_SPECIFIC_BAND_READY
2040,High,SICI,INTERNAL_COMBUSTION,206.615562143,METHANE,methane_internal_combustion,169.637000329015,false,47.3573,222.9203,0.212440500035,2024_ZONE×CONVERSION_TECHNOLOGY_OBSERVED_SHARE,METHANE_INTERNAL_COMBUSTION_NON_CHP,133.599231154645,false,false,false,PROJECT DERIVATION FROM TERNA 2024 CHP CAPACITY,ELECTRICITY_ONLY_CHP_SPECIFIC_BAND_READY
2040,High,SICI,INTERNAL_COMBUSTION,206.615562143,BIOENERGY,bioenergy_internal_combustion,36.978561813985,true,47.3573,222.9203,0.212440500035,2024_ZONE×CONVERSION_TECHNOLOGY_OBSERVED_SHARE,BIOENERGY_INTERNAL_COMBUSTION_CHP,7.855744162346,false,false,false,PROJECT DERIVATION FROM TERNA 2024 CHP CAPACITY,ELECTRICITY_ONLY_CHP_SPECIFIC_BAND_READY
2040,High,SICI,INTERNAL_COMBUSTION,206.615562143,BIOENERGY,bioenergy_internal_combustion,36.978561813985,false,47.3573,222.9203,0.212440500035,2024_ZONE×CONVERSION_TECHNOLOGY_OBSERVED_SHARE,BIOENERGY_INTERNAL_COMBUSTION_NON_CHP,29.122817651639,false,false,false,PROJECT DERIVATION FROM TERNA 2024 CHP CAPACITY,ELECTRICITY_ONLY_CHP_SPECIFIC_BAND_READY
2040,High,SARD,INTERNAL_COMBUSTION,22.337288474,METHANE,methane_internal_combustion,14.363180204324,true,13.99,24.1,0.580497925311,2024_ZONE×CONVERSION_TECHNOLOGY_OBSERVED_SHARE,METHANE_INTERNAL_COMBUSTION_CHP,8.337796309481,false,false,false,PROJECT DERIVATION FROM TERNA 2024 CHP CAPACITY,ELECTRICITY_ONLY_CHP_SPECIFIC_BAND_READY
2040,High,SARD,INTERNAL_COMBUSTION,22.337288474,METHANE,methane_internal_combustion,14.363180204324,false,13.99,24.1,0.580497925311,2024_ZONE×CONVERSION_TECHNOLOGY_OBSERVED_SHARE,METHANE_INTERNAL_COMBUSTION_NON_CHP,6.025383894843,false,false,false,PROJECT DERIVATION FROM TERNA 2024 CHP CAPACITY,ELECTRICITY_ONLY_CHP_SPECIFIC_BAND_READY
2040,High,SARD,INTERNAL_COMBUSTION,22.337288474,BIOENERGY,bioenergy_internal_combustion,7.974108269676,true,13.99,24.1,0.580497925311,2024_ZONE×CONVERSION_TECHNOLOGY_OBSERVED_SHARE,BIOENERGY_INTERNAL_COMBUSTION_CHP,4.628953306754,false,false,false,PROJECT DERIVATION FROM TERNA 2024 CHP CAPACITY,ELECTRICITY_ONLY_CHP_SPECIFIC_BAND_READY
2040,High,SARD,INTERNAL_COMBUSTION,22.337288474,BIOENERGY,bioenergy_internal_combustion,7.974108269676,false,13.99,24.1,0.580497925311,2024_ZONE×CONVERSION_TECHNOLOGY_OBSERVED_SHARE,BIOENERGY_INTERNAL_COMBUSTION_NON_CHP,3.345154962922,false,false,false,PROJECT DERIVATION FROM TERNA 2024 CHP CAPACITY,ELECTRICITY_ONLY_CHP_SPECIFIC_BAND_READY
2040,High,NORD,STEAM_OTHER_SURVIVING,1588.168234432,METHANE,methane_steam_other_surviving,880.34533138842,true,1035.61,1565.323568332,0.661594842722,2024_ZONE×CONVERSION_TECHNOLOGY_OBSERVED_SHARE,METHANE_STEAM_OTHER_SURVIVING_CHP,582.431931061166,false,false,false,PROJECT DERIVATION FROM TERNA 2024 CHP CAPACITY,ELECTRICITY_ONLY_CHP_SPECIFIC_BAND_READY
2040,High,NORD,STEAM_OTHER_SURVIVING,1588.168234432,METHANE,methane_steam_other_surviving,880.34533138842,false,1035.61,1565.323568332,0.661594842722,2024_ZONE×CONVERSION_TECHNOLOGY_OBSERVED_SHARE,METHANE_STEAM_OTHER_SURVIVING_NON_CHP,297.913400327254,false,false,false,PROJECT DERIVATION FROM TERNA 2024 CHP CAPACITY,ELECTRICITY_ONLY_CHP_SPECIFIC_BAND_READY
2040,High,NORD,STEAM_OTHER_SURVIVING,1588.168234432,BIOENERGY,bioenergy_steam_other_surviving,707.82290304358,true,1035.61,1565.323568332,0.661594842722,2024_ZONE×CONVERSION_TECHNOLOGY_OBSERVED_SHARE,BIOENERGY_STEAM_OTHER_SURVIVING_CHP,468.291982214306,false,false,false,PROJECT DERIVATION FROM TERNA 2024 CHP CAPACITY,ELECTRICITY_ONLY_CHP_SPECIFIC_BAND_READY
2040,High,NORD,STEAM_OTHER_SURVIVING,1588.168234432,BIOENERGY,bioenergy_steam_other_surviving,707.82290304358,false,1035.61,1565.323568332,0.661594842722,2024_ZONE×CONVERSION_TECHNOLOGY_OBSERVED_SHARE,BIOENERGY_STEAM_OTHER_SURVIVING_NON_CHP,239.530920829275,false,false,false,PROJECT DERIVATION FROM TERNA 2024 CHP CAPACITY,ELECTRICITY_ONLY_CHP_SPECIFIC_BAND_READY
2040,High,CNOR,STEAM_OTHER_SURVIVING,50.690815099,METHANE,methane_steam_other_surviving,32.294446533922,true,20.509,49.961663917,0.410494735205,2024_ZONE×CONVERSION_TECHNOLOGY_OBSERVED_SHARE,METHANE_STEAM_OTHER_SURVIVING_CHP,13.256700278528,false,false,false,PROJECT DERIVATION FROM TERNA 2024 CHP CAPACITY,ELECTRICITY_ONLY_CHP_SPECIFIC_BAND_READY
2040,High,CNOR,STEAM_OTHER_SURVIVING,50.690815099,METHANE,methane_steam_other_surviving,32.294446533922,false,20.509,49.961663917,0.410494735205,2024_ZONE×CONVERSION_TECHNOLOGY_OBSERVED_SHARE,METHANE_STEAM_OTHER_SURVIVING_NON_CHP,19.037746255394,false,false,false,PROJECT DERIVATION FROM TERNA 2024 CHP CAPACITY,ELECTRICITY_ONLY_CHP_SPECIFIC_BAND_READY
2040,High,CNOR,STEAM_OTHER_SURVIVING,50.690815099,BIOENERGY,bioenergy_steam_other_surviving,18.396368565078,true,20.509,49.961663917,0.410494735205,2024_ZONE×CONVERSION_TECHNOLOGY_OBSERVED_SHARE,BIOENERGY_STEAM_OTHER_SURVIVING_CHP,7.551612442852,false,false,false,PROJECT DERIVATION FROM TERNA 2024 CHP CAPACITY,ELECTRICITY_ONLY_CHP_SPECIFIC_BAND_READY
2040,High,CNOR,STEAM_OTHER_SURVIVING,50.690815099,BIOENERGY,bioenergy_steam_other_surviving,18.396368565078,false,20.509,49.961663917,0.410494735205,2024_ZONE×CONVERSION_TECHNOLOGY_OBSERVED_SHARE,BIOENERGY_STEAM_OTHER_SURVIVING_NON_CHP,10.844756122227,false,false,false,PROJECT DERIVATION FROM TERNA 2024 CHP CAPACITY,ELECTRICITY_ONLY_CHP_SPECIFIC_BAND_READY
2040,High,CSUD,STEAM_OTHER_SURVIVING,178.980072753,METHANE,methane_steam_other_surviving,101.841978733022,true,43.384,176.405572198,0.245933274439,2024_ZONE×CONVERSION_TECHNOLOGY_OBSERVED_SHARE,METHANE_STEAM_OTHER_SURVIVING_CHP,25.046331305194,false,false,false,PROJECT DERIVATION FROM TERNA 2024 CHP CAPACITY,ELECTRICITY_ONLY_CHP_SPECIFIC_BAND_READY
2040,High,CSUD,STEAM_OTHER_SURVIVING,178.980072753,METHANE,methane_steam_other_surviving,101.841978733022,false,43.384,176.405572198,0.245933274439,2024_ZONE×CONVERSION_TECHNOLOGY_OBSERVED_SHARE,METHANE_STEAM_OTHER_SURVIVING_NON_CHP,76.795647427828,false,false,false,PROJECT DERIVATION FROM TERNA 2024 CHP CAPACITY,ELECTRICITY_ONLY_CHP_SPECIFIC_BAND_READY
2040,High,CSUD,STEAM_OTHER_SURVIVING,178.980072753,BIOENERGY,bioenergy_steam_other_surviving,77.138094019978,true,43.384,176.405572198,0.245933274439,2024_ZONE×CONVERSION_TECHNOLOGY_OBSERVED_SHARE,BIOENERGY_STEAM_OTHER_SURVIVING_CHP,18.970824046343,false,false,false,PROJECT DERIVATION FROM TERNA 2024 CHP CAPACITY,ELECTRICITY_ONLY_CHP_SPECIFIC_BAND_READY
2040,High,CSUD,STEAM_OTHER_SURVIVING,178.980072753,BIOENERGY,bioenergy_steam_other_surviving,77.138094019978,false,43.384,176.405572198,0.245933274439,2024_ZONE×CONVERSION_TECHNOLOGY_OBSERVED_SHARE,BIOENERGY_STEAM_OTHER_SURVIVING_NON_CHP,58.167269973635,false,false,false,PROJECT DERIVATION FROM TERNA 2024 CHP CAPACITY,ELECTRICITY_ONLY_CHP_SPECIFIC_BAND_READY
2040,High,SUD,STEAM_OTHER_SURVIVING,542.704350915,METHANE,methane_steam_other_surviving,332.141079958441,true,531.841,534.897936318,0.994285010073,2024_ZONE×CONVERSION_TECHNOLOGY_OBSERVED_SHARE,METHANE_STEAM_OTHER_SURVIVING_CHP,330.242897032154,false,false,false,PROJECT DERIVATION FROM TERNA 2024 CHP CAPACITY,ELECTRICITY_ONLY_CHP_SPECIFIC_BAND_READY
2040,High,SUD,STEAM_OTHER_SURVIVING,542.704350915,METHANE,methane_steam_other_surviving,332.141079958441,false,531.841,534.897936318,0.994285010073,2024_ZONE×CONVERSION_TECHNOLOGY_OBSERVED_SHARE,METHANE_STEAM_OTHER_SURVIVING_NON_CHP,1.898182926286,false,false,false,PROJECT DERIVATION FROM TERNA 2024 CHP CAPACITY,ELECTRICITY_ONLY_CHP_SPECIFIC_BAND_READY
2040,High,SUD,STEAM_OTHER_SURVIVING,542.704350915,BIOENERGY,bioenergy_steam_other_surviving,210.563270956559,true,531.841,534.897936318,0.994285010073,2024_ZONE×CONVERSION_TECHNOLOGY_OBSERVED_SHARE,BIOENERGY_STEAM_OTHER_SURVIVING_CHP,209.359903984058,false,false,false,PROJECT DERIVATION FROM TERNA 2024 CHP CAPACITY,ELECTRICITY_ONLY_CHP_SPECIFIC_BAND_READY
2040,High,SUD,STEAM_OTHER_SURVIVING,542.704350915,BIOENERGY,bioenergy_steam_other_surviving,210.563270956559,false,531.841,534.897936318,0.994285010073,2024_ZONE×CONVERSION_TECHNOLOGY_OBSERVED_SHARE,BIOENERGY_STEAM_OTHER_SURVIVING_NON_CHP,1.203366972501,false,false,false,PROJECT DERIVATION FROM TERNA 2024 CHP CAPACITY,ELECTRICITY_ONLY_CHP_SPECIFIC_BAND_READY
2040,High,CALA,STEAM_OTHER_SURVIVING,144.709481828,METHANE,methane_steam_other_surviving,11.817519553766,true,17,142.627939254,0.119191233421,2024_ZONE×CONVERSION_TECHNOLOGY_OBSERVED_SHARE,METHANE_STEAM_OTHER_SURVIVING_CHP,1.408544731592,false,false,false,PROJECT DERIVATION FROM TERNA 2024 CHP CAPACITY,ELECTRICITY_ONLY_CHP_SPECIFIC_BAND_READY
2040,High,CALA,STEAM_OTHER_SURVIVING,144.709481828,METHANE,methane_steam_other_surviving,11.817519553766,false,17,142.627939254,0.119191233421,2024_ZONE×CONVERSION_TECHNOLOGY_OBSERVED_SHARE,METHANE_STEAM_OTHER_SURVIVING_NON_CHP,10.408974822175,false,false,false,PROJECT DERIVATION FROM TERNA 2024 CHP CAPACITY,ELECTRICITY_ONLY_CHP_SPECIFIC_BAND_READY
2040,High,CALA,STEAM_OTHER_SURVIVING,144.709481828,BIOENERGY,bioenergy_steam_other_surviving,132.891962274234,true,17,142.627939254,0.119191233421,2024_ZONE×CONVERSION_TECHNOLOGY_OBSERVED_SHARE,BIOENERGY_STEAM_OTHER_SURVIVING_CHP,15.839556895222,false,false,false,PROJECT DERIVATION FROM TERNA 2024 CHP CAPACITY,ELECTRICITY_ONLY_CHP_SPECIFIC_BAND_READY
2040,High,CALA,STEAM_OTHER_SURVIVING,144.709481828,BIOENERGY,bioenergy_steam_other_surviving,132.891962274234,false,17,142.627939254,0.119191233421,2024_ZONE×CONVERSION_TECHNOLOGY_OBSERVED_SHARE,BIOENERGY_STEAM_OTHER_SURVIVING_NON_CHP,117.052405379012,false,false,false,PROJECT DERIVATION FROM TERNA 2024 CHP CAPACITY,ELECTRICITY_ONLY_CHP_SPECIFIC_BAND_READY
2040,High,SICI,STEAM_OTHER_SURVIVING,142.573999974,METHANE,methane_steam_other_surviving,117.057134659389,true,152.896,140.523174782,1,2024_ZONE×CONVERSION_TECHNOLOGY_OBSERVED_SHARE,METHANE_STEAM_OTHER_SURVIVING_CHP,117.057134659389,false,false,false,PROJECT DERIVATION FROM TERNA 2024 CHP CAPACITY,ELECTRICITY_ONLY_CHP_SPECIFIC_BAND_READY
2040,High,SICI,STEAM_OTHER_SURVIVING,142.573999974,METHANE,methane_steam_other_surviving,117.057134659389,false,152.896,140.523174782,1,2024_ZONE×CONVERSION_TECHNOLOGY_OBSERVED_SHARE,METHANE_STEAM_OTHER_SURVIVING_NON_CHP,0,false,false,false,PROJECT DERIVATION FROM TERNA 2024 CHP CAPACITY,ELECTRICITY_ONLY_CHP_SPECIFIC_BAND_READY
2040,High,SICI,STEAM_OTHER_SURVIVING,142.573999974,BIOENERGY,bioenergy_steam_other_surviving,25.516865314611,true,152.896,140.523174782,1,2024_ZONE×CONVERSION_TECHNOLOGY_OBSERVED_SHARE,BIOENERGY_STEAM_OTHER_SURVIVING_CHP,25.516865314611,false,false,false,PROJECT DERIVATION FROM TERNA 2024 CHP CAPACITY,ELECTRICITY_ONLY_CHP_SPECIFIC_BAND_READY
2040,High,SICI,STEAM_OTHER_SURVIVING,142.573999974,BIOENERGY,bioenergy_steam_other_surviving,25.516865314611,false,152.896,140.523174782,1,2024_ZONE×CONVERSION_TECHNOLOGY_OBSERVED_SHARE,BIOENERGY_STEAM_OTHER_SURVIVING_NON_CHP,0,false,false,false,PROJECT DERIVATION FROM TERNA 2024 CHP CAPACITY,ELECTRICITY_ONLY_CHP_SPECIFIC_BAND_READY
2040,High,SARD,STEAM_OTHER_SURVIVING,246.720448909,METHANE,methane_steam_other_surviving,158.644603255964,true,227.785,243.17155141,0.936725528456,2024_ZONE×CONVERSION_TECHNOLOGY_OBSERVED_SHARE,METHANE_STEAM_OTHER_SURVIVING_CHP,148.606449821637,false,false,false,PROJECT DERIVATION FROM TERNA 2024 CHP CAPACITY,ELECTRICITY_ONLY_CHP_SPECIFIC_BAND_READY
2040,High,SARD,STEAM_OTHER_SURVIVING,246.720448909,METHANE,methane_steam_other_surviving,158.644603255964,false,227.785,243.17155141,0.936725528456,2024_ZONE×CONVERSION_TECHNOLOGY_OBSERVED_SHARE,METHANE_STEAM_OTHER_SURVIVING_NON_CHP,10.038153434327,false,false,false,PROJECT DERIVATION FROM TERNA 2024 CHP CAPACITY,ELECTRICITY_ONLY_CHP_SPECIFIC_BAND_READY
2040,High,SARD,STEAM_OTHER_SURVIVING,246.720448909,BIOENERGY,bioenergy_steam_other_surviving,88.075845653036,true,227.785,243.17155141,0.936725528456,2024_ZONE×CONVERSION_TECHNOLOGY_OBSERVED_SHARE,BIOENERGY_STEAM_OTHER_SURVIVING_CHP,82.50289306355,false,false,false,PROJECT DERIVATION FROM TERNA 2024 CHP CAPACITY,ELECTRICITY_ONLY_CHP_SPECIFIC_BAND_READY
2040,High,SARD,STEAM_OTHER_SURVIVING,246.720448909,BIOENERGY,bioenergy_steam_other_surviving,88.075845653036,false,227.785,243.17155141,0.936725528456,2024_ZONE×CONVERSION_TECHNOLOGY_OBSERVED_SHARE,BIOENERGY_STEAM_OTHER_SURVIVING_NON_CHP,5.572952589486,false,false,false,PROJECT DERIVATION FROM TERNA 2024 CHP CAPACITY,ELECTRICITY_ONLY_CHP_SPECIFIC_BAND_READY
2040,High,NORD,OTHER_SURVIVING_THERMAL,53.151228556,METHANE,methane_other_surviving_thermal,29.462518455149,true,0.397,53.522,0.007417510556,2024_ZONE×CONVERSION_TECHNOLOGY_OBSERVED_SHARE,METHANE_OTHER_SURVIVING_THERMAL_CHP,0.218538541659,false,false,false,PROJECT DERIVATION FROM TERNA 2024 CHP CAPACITY,ELECTRICITY_ONLY_CHP_SPECIFIC_BAND_READY
2040,High,NORD,OTHER_SURVIVING_THERMAL,53.151228556,METHANE,methane_other_surviving_thermal,29.462518455149,false,0.397,53.522,0.007417510556,2024_ZONE×CONVERSION_TECHNOLOGY_OBSERVED_SHARE,METHANE_OTHER_SURVIVING_THERMAL_NON_CHP,29.243979913489,false,false,false,PROJECT DERIVATION FROM TERNA 2024 CHP CAPACITY,ELECTRICITY_ONLY_CHP_SPECIFIC_BAND_READY
2040,High,NORD,OTHER_SURVIVING_THERMAL,53.151228556,BIOENERGY,bioenergy_other_surviving_thermal,23.688710100851,true,0.397,53.522,0.007417510556,2024_ZONE×CONVERSION_TECHNOLOGY_OBSERVED_SHARE,BIOENERGY_OTHER_SURVIVING_THERMAL_CHP,0.175711257241,false,false,false,PROJECT DERIVATION FROM TERNA 2024 CHP CAPACITY,ELECTRICITY_ONLY_CHP_SPECIFIC_BAND_READY
2040,High,NORD,OTHER_SURVIVING_THERMAL,53.151228556,BIOENERGY,bioenergy_other_surviving_thermal,23.688710100851,false,0.397,53.522,0.007417510556,2024_ZONE×CONVERSION_TECHNOLOGY_OBSERVED_SHARE,BIOENERGY_OTHER_SURVIVING_THERMAL_NON_CHP,23.512998843611,false,false,false,PROJECT DERIVATION FROM TERNA 2024 CHP CAPACITY,ELECTRICITY_ONLY_CHP_SPECIFIC_BAND_READY
2040,High,CNOR,OTHER_SURVIVING_THERMAL,34.351116281,METHANE,methane_other_surviving_thermal,21.884640954198,true,0.001,33.857,0.00002953599,2024_ZONE×CONVERSION_TECHNOLOGY_OBSERVED_SHARE,METHANE_OTHER_SURVIVING_THERMAL_CHP,0.000646384528,false,false,false,PROJECT DERIVATION FROM TERNA 2024 CHP CAPACITY,ELECTRICITY_ONLY_CHP_SPECIFIC_BAND_READY
2040,High,CNOR,OTHER_SURVIVING_THERMAL,34.351116281,METHANE,methane_other_surviving_thermal,21.884640954198,false,0.001,33.857,0.00002953599,2024_ZONE×CONVERSION_TECHNOLOGY_OBSERVED_SHARE,METHANE_OTHER_SURVIVING_THERMAL_NON_CHP,21.883994569671,false,false,false,PROJECT DERIVATION FROM TERNA 2024 CHP CAPACITY,ELECTRICITY_ONLY_CHP_SPECIFIC_BAND_READY
2040,High,CNOR,OTHER_SURVIVING_THERMAL,34.351116281,BIOENERGY,bioenergy_other_surviving_thermal,12.466475326802,true,0.001,33.857,0.00002953599,2024_ZONE×CONVERSION_TECHNOLOGY_OBSERVED_SHARE,BIOENERGY_OTHER_SURVIVING_THERMAL_CHP,0.000368209686,false,false,false,PROJECT DERIVATION FROM TERNA 2024 CHP CAPACITY,ELECTRICITY_ONLY_CHP_SPECIFIC_BAND_READY
2040,High,CNOR,OTHER_SURVIVING_THERMAL,34.351116281,BIOENERGY,bioenergy_other_surviving_thermal,12.466475326802,false,0.001,33.857,0.00002953599,2024_ZONE×CONVERSION_TECHNOLOGY_OBSERVED_SHARE,BIOENERGY_OTHER_SURVIVING_THERMAL_NON_CHP,12.466107117116,false,false,false,PROJECT DERIVATION FROM TERNA 2024 CHP CAPACITY,ELECTRICITY_ONLY_CHP_SPECIFIC_BAND_READY
2040,High,CSUD,OTHER_SURVIVING_THERMAL,31.065187014,METHANE,methane_other_surviving_thermal,17.676493626099,true,0,31.068,0,2024_ZONE×CONVERSION_TECHNOLOGY_OBSERVED_SHARE,METHANE_OTHER_SURVIVING_THERMAL_CHP,0,false,false,false,PROJECT DERIVATION FROM TERNA 2024 CHP CAPACITY,ELECTRICITY_ONLY_CHP_SPECIFIC_BAND_READY
2040,High,CSUD,OTHER_SURVIVING_THERMAL,31.065187014,METHANE,methane_other_surviving_thermal,17.676493626099,false,0,31.068,0,2024_ZONE×CONVERSION_TECHNOLOGY_OBSERVED_SHARE,METHANE_OTHER_SURVIVING_THERMAL_NON_CHP,17.676493626099,false,false,false,PROJECT DERIVATION FROM TERNA 2024 CHP CAPACITY,ELECTRICITY_ONLY_CHP_SPECIFIC_BAND_READY
2040,High,CSUD,OTHER_SURVIVING_THERMAL,31.065187014,BIOENERGY,bioenergy_other_surviving_thermal,13.388693387901,true,0,31.068,0,2024_ZONE×CONVERSION_TECHNOLOGY_OBSERVED_SHARE,BIOENERGY_OTHER_SURVIVING_THERMAL_CHP,0,false,false,false,PROJECT DERIVATION FROM TERNA 2024 CHP CAPACITY,ELECTRICITY_ONLY_CHP_SPECIFIC_BAND_READY
2040,High,CSUD,OTHER_SURVIVING_THERMAL,31.065187014,BIOENERGY,bioenergy_other_surviving_thermal,13.388693387901,false,0,31.068,0,2024_ZONE×CONVERSION_TECHNOLOGY_OBSERVED_SHARE,BIOENERGY_OTHER_SURVIVING_THERMAL_NON_CHP,13.388693387901,false,false,false,PROJECT DERIVATION FROM TERNA 2024 CHP CAPACITY,ELECTRICITY_ONLY_CHP_SPECIFIC_BAND_READY
2040,High,SUD,OTHER_SURVIVING_THERMAL,120.231362984,METHANE,methane_other_surviving_thermal,73.582927203463,true,0.002,125.489,0.000015937652,2024_ZONE×CONVERSION_TECHNOLOGY_OBSERVED_SHARE,METHANE_OTHER_SURVIVING_THERMAL_CHP,0.00117273908,false,false,false,PROJECT DERIVATION FROM TERNA 2024 CHP CAPACITY,ELECTRICITY_ONLY_CHP_SPECIFIC_BAND_READY
2040,High,SUD,OTHER_SURVIVING_THERMAL,120.231362984,METHANE,methane_other_surviving_thermal,73.582927203463,false,0.002,125.489,0.000015937652,2024_ZONE×CONVERSION_TECHNOLOGY_OBSERVED_SHARE,METHANE_OTHER_SURVIVING_THERMAL_NON_CHP,73.581754464383,false,false,false,PROJECT DERIVATION FROM TERNA 2024 CHP CAPACITY,ELECTRICITY_ONLY_CHP_SPECIFIC_BAND_READY
2040,High,SUD,OTHER_SURVIVING_THERMAL,120.231362984,BIOENERGY,bioenergy_other_surviving_thermal,46.648435780537,true,0.002,125.489,0.000015937652,2024_ZONE×CONVERSION_TECHNOLOGY_OBSERVED_SHARE,BIOENERGY_OTHER_SURVIVING_THERMAL_CHP,0.000743466531,false,false,false,PROJECT DERIVATION FROM TERNA 2024 CHP CAPACITY,ELECTRICITY_ONLY_CHP_SPECIFIC_BAND_READY
2040,High,SUD,OTHER_SURVIVING_THERMAL,120.231362984,BIOENERGY,bioenergy_other_surviving_thermal,46.648435780537,false,0.002,125.489,0.000015937652,2024_ZONE×CONVERSION_TECHNOLOGY_OBSERVED_SHARE,BIOENERGY_OTHER_SURVIVING_THERMAL_NON_CHP,46.647692314006,false,false,false,PROJECT DERIVATION FROM TERNA 2024 CHP CAPACITY,ELECTRICITY_ONLY_CHP_SPECIFIC_BAND_READY
2040,High,SICI,OTHER_SURVIVING_THERMAL,22.281503519,METHANE,methane_other_surviving_thermal,18.29372086294,true,0,21.961,0,2024_ZONE×CONVERSION_TECHNOLOGY_OBSERVED_SHARE,METHANE_OTHER_SURVIVING_THERMAL_CHP,0,false,false,false,PROJECT DERIVATION FROM TERNA 2024 CHP CAPACITY,ELECTRICITY_ONLY_CHP_SPECIFIC_BAND_READY
2040,High,SICI,OTHER_SURVIVING_THERMAL,22.281503519,METHANE,methane_other_surviving_thermal,18.29372086294,false,0,21.961,0,2024_ZONE×CONVERSION_TECHNOLOGY_OBSERVED_SHARE,METHANE_OTHER_SURVIVING_THERMAL_NON_CHP,18.29372086294,false,false,false,PROJECT DERIVATION FROM TERNA 2024 CHP CAPACITY,ELECTRICITY_ONLY_CHP_SPECIFIC_BAND_READY
2040,High,SICI,OTHER_SURVIVING_THERMAL,22.281503519,BIOENERGY,bioenergy_other_surviving_thermal,3.98778265606,true,0,21.961,0,2024_ZONE×CONVERSION_TECHNOLOGY_OBSERVED_SHARE,BIOENERGY_OTHER_SURVIVING_THERMAL_CHP,0,false,false,false,PROJECT DERIVATION FROM TERNA 2024 CHP CAPACITY,ELECTRICITY_ONLY_CHP_SPECIFIC_BAND_READY
2040,High,SICI,OTHER_SURVIVING_THERMAL,22.281503519,BIOENERGY,bioenergy_other_surviving_thermal,3.98778265606,false,0,21.961,0,2024_ZONE×CONVERSION_TECHNOLOGY_OBSERVED_SHARE,BIOENERGY_OTHER_SURVIVING_THERMAL_NON_CHP,3.98778265606,false,false,false,PROJECT DERIVATION FROM TERNA 2024 CHP CAPACITY,ELECTRICITY_ONLY_CHP_SPECIFIC_BAND_READY
2040,High,SARD,OTHER_SURVIVING_THERMAL,28.495431878,METHANE,methane_other_surviving_thermal,18.322950144112,true,0,29.11,0,2024_ZONE×CONVERSION_TECHNOLOGY_OBSERVED_SHARE,METHANE_OTHER_SURVIVING_THERMAL_CHP,0,false,false,false,PROJECT DERIVATION FROM TERNA 2024 CHP CAPACITY,ELECTRICITY_ONLY_CHP_SPECIFIC_BAND_READY
2040,High,SARD,OTHER_SURVIVING_THERMAL,28.495431878,METHANE,methane_other_surviving_thermal,18.322950144112,false,0,29.11,0,2024_ZONE×CONVERSION_TECHNOLOGY_OBSERVED_SHARE,METHANE_OTHER_SURVIVING_THERMAL_NON_CHP,18.322950144112,false,false,false,PROJECT DERIVATION FROM TERNA 2024 CHP CAPACITY,ELECTRICITY_ONLY_CHP_SPECIFIC_BAND_READY
2040,High,SARD,OTHER_SURVIVING_THERMAL,28.495431878,BIOENERGY,bioenergy_other_surviving_thermal,10.172481733888,true,0,29.11,0,2024_ZONE×CONVERSION_TECHNOLOGY_OBSERVED_SHARE,BIOENERGY_OTHER_SURVIVING_THERMAL_CHP,0,false,false,false,PROJECT DERIVATION FROM TERNA 2024 CHP CAPACITY,ELECTRICITY_ONLY_CHP_SPECIFIC_BAND_READY
2040,High,SARD,OTHER_SURVIVING_THERMAL,28.495431878,BIOENERGY,bioenergy_other_surviving_thermal,10.172481733888,false,0,29.11,0,2024_ZONE×CONVERSION_TECHNOLOGY_OBSERVED_SHARE,BIOENERGY_OTHER_SURVIVING_THERMAL_NON_CHP,10.172481733888,false,false,false,PROJECT DERIVATION FROM TERNA 2024 CHP CAPACITY,ELECTRICITY_ONLY_CHP_SPECIFIC_BAND_READY
2050,Slow,NORD,BIOENERGY,4542.288621371,BIOENERGY,bioenergy,4542.288621371,true,4082.95143,5655.00793,0.722006313791,2024_ZONE×CONVERSION_TECHNOLOGY_OBSERVED_SHARE,BIOENERGY_CHP,3279.561063692347,false,false,false,PROJECT DISPATCH SUBBAND PROXY,ELECTRICITY_ONLY_CHP_SPECIFIC_BAND_READY
2050,Slow,NORD,BIOENERGY,4542.288621371,BIOENERGY,bioenergy,4542.288621371,false,4082.95143,5655.00793,0.722006313791,2024_ZONE×CONVERSION_TECHNOLOGY_OBSERVED_SHARE,BIOENERGY_NON_CHP,1262.727557678654,false,false,false,PROJECT DISPATCH SUBBAND PROXY,ELECTRICITY_ONLY_CHP_SPECIFIC_BAND_READY
2050,Slow,CNOR,BIOENERGY,343.258566564,BIOENERGY,bioenergy,343.258566564,true,307.77276,507.22806,0.606773923351,2024_ZONE×CONVERSION_TECHNOLOGY_OBSERVED_SHARE,BIOENERGY_CHP,208.280347157935,false,false,false,PROJECT DISPATCH SUBBAND PROXY,ELECTRICITY_ONLY_CHP_SPECIFIC_BAND_READY
2050,Slow,CNOR,BIOENERGY,343.258566564,BIOENERGY,bioenergy,343.258566564,false,307.77276,507.22806,0.606773923351,2024_ZONE×CONVERSION_TECHNOLOGY_OBSERVED_SHARE,BIOENERGY_NON_CHP,134.978219406065,false,false,false,PROJECT DISPATCH SUBBAND PROXY,ELECTRICITY_ONLY_CHP_SPECIFIC_BAND_READY
2050,Slow,CSUD,BIOENERGY,853.41991232,BIOENERGY,bioenergy,853.41991232,true,618.022,2911.16,0.212294068344,2024_ZONE×CONVERSION_TECHNOLOGY_OBSERVED_SHARE,BIOENERGY_CHP,181.175985192099,false,false,false,PROJECT DISPATCH SUBBAND PROXY,ELECTRICITY_ONLY_CHP_SPECIFIC_BAND_READY
2050,Slow,CSUD,BIOENERGY,853.41991232,BIOENERGY,bioenergy,853.41991232,false,618.022,2911.16,0.212294068344,2024_ZONE×CONVERSION_TECHNOLOGY_OBSERVED_SHARE,BIOENERGY_NON_CHP,672.243927127901,false,false,false,PROJECT DISPATCH SUBBAND PROXY,ELECTRICITY_ONLY_CHP_SPECIFIC_BAND_READY
2050,Slow,SUD,BIOENERGY,853.850595084,BIOENERGY,bioenergy,853.850595084,true,719.214,3018.504,0.238268360751,2024_ZONE×CONVERSION_TECHNOLOGY_OBSERVED_SHARE,BIOENERGY_CHP,203.445581616835,false,false,false,PROJECT DISPATCH SUBBAND PROXY,ELECTRICITY_ONLY_CHP_SPECIFIC_BAND_READY
2050,Slow,SUD,BIOENERGY,853.850595084,BIOENERGY,bioenergy,853.850595084,false,719.214,3018.504,0.238268360751,2024_ZONE×CONVERSION_TECHNOLOGY_OBSERVED_SHARE,BIOENERGY_NON_CHP,650.405013467165,false,false,false,PROJECT DISPATCH SUBBAND PROXY,ELECTRICITY_ONLY_CHP_SPECIFIC_BAND_READY
2050,Slow,CALA,BIOENERGY,335.831107297,BIOENERGY,bioenergy,335.831107297,true,53.619,197.351,0.271693581487,2024_ZONE×CONVERSION_TECHNOLOGY_OBSERVED_SHARE,BIOENERGY_CHP,91.243156316197,false,false,false,PROJECT DISPATCH SUBBAND PROXY,ELECTRICITY_ONLY_CHP_SPECIFIC_BAND_READY
2050,Slow,CALA,BIOENERGY,335.831107297,BIOENERGY,bioenergy,335.831107297,false,53.619,197.351,0.271693581487,2024_ZONE×CONVERSION_TECHNOLOGY_OBSERVED_SHARE,BIOENERGY_NON_CHP,244.587950980803,false,false,false,PROJECT DISPATCH SUBBAND PROXY,ELECTRICITY_ONLY_CHP_SPECIFIC_BAND_READY
2050,Slow,SICI,BIOENERGY,132.916357988,BIOENERGY,bioenergy,132.916357988,true,200.2533,1284.7063,0.155874770755,2024_ZONE×CONVERSION_TECHNOLOGY_OBSERVED_SHARE,BIOENERGY_CHP,20.718306830969,false,false,false,PROJECT DISPATCH SUBBAND PROXY,ELECTRICITY_ONLY_CHP_SPECIFIC_BAND_READY
2050,Slow,SICI,BIOENERGY,132.916357988,BIOENERGY,bioenergy,132.916357988,false,200.2533,1284.7063,0.155874770755,2024_ZONE×CONVERSION_TECHNOLOGY_OBSERVED_SHARE,BIOENERGY_NON_CHP,112.198051157031,false,false,false,PROJECT DISPATCH SUBBAND PROXY,ELECTRICITY_ONLY_CHP_SPECIFIC_BAND_READY
2050,Slow,SARD,BIOENERGY,212.364886255,BIOENERGY,bioenergy,212.364886255,true,241.775,1397.92,0.172953387891,2024_ZONE×CONVERSION_TECHNOLOGY_OBSERVED_SHARE,BIOENERGY_CHP,36.7292265468,false,false,false,PROJECT DISPATCH SUBBAND PROXY,ELECTRICITY_ONLY_CHP_SPECIFIC_BAND_READY
2050,Slow,SARD,BIOENERGY,212.364886255,BIOENERGY,bioenergy,212.364886255,false,241.775,1397.92,0.172953387891,2024_ZONE×CONVERSION_TECHNOLOGY_OBSERVED_SHARE,BIOENERGY_NON_CHP,175.6356597082,false,false,false,PROJECT DISPATCH SUBBAND PROXY,ELECTRICITY_ONLY_CHP_SPECIFIC_BAND_READY
2050,Slow,NORD,BIOENERGY_CCS,2571.106766814,BIOENERGY,bioenergy_ccs,2571.106766814,true,4082.95143,5655.00793,0.722006313791,2024_ZONE×CONVERSION_TECHNOLOGY_OBSERVED_SHARE,BIOENERGY_CCS_CHP,1856.355319071303,false,false,false,PROJECT DISPATCH SUBBAND PROXY,ELECTRICITY_ONLY_CHP_SPECIFIC_BAND_READY
2050,Slow,NORD,BIOENERGY_CCS,2571.106766814,BIOENERGY,bioenergy_ccs,2571.106766814,false,4082.95143,5655.00793,0.722006313791,2024_ZONE×CONVERSION_TECHNOLOGY_OBSERVED_SHARE,BIOENERGY_CCS_NON_CHP,714.751447742697,false,false,false,PROJECT DISPATCH SUBBAND PROXY,ELECTRICITY_ONLY_CHP_SPECIFIC_BAND_READY
2050,Slow,CNOR,BIOENERGY_CCS,194.297301828,BIOENERGY,bioenergy_ccs,194.297301828,true,307.77276,507.22806,0.606773923351,2024_ZONE×CONVERSION_TECHNOLOGY_OBSERVED_SHARE,BIOENERGY_CCS_CHP,117.894536126721,false,false,false,PROJECT DISPATCH SUBBAND PROXY,ELECTRICITY_ONLY_CHP_SPECIFIC_BAND_READY
2050,Slow,CNOR,BIOENERGY_CCS,194.297301828,BIOENERGY,bioenergy_ccs,194.297301828,false,307.77276,507.22806,0.606773923351,2024_ZONE×CONVERSION_TECHNOLOGY_OBSERVED_SHARE,BIOENERGY_CCS_NON_CHP,76.402765701279,false,false,false,PROJECT DISPATCH SUBBAND PROXY,ELECTRICITY_ONLY_CHP_SPECIFIC_BAND_READY
2050,Slow,CSUD,BIOENERGY_CCS,483.067874898,BIOENERGY,bioenergy_ccs,483.067874898,true,618.022,2911.16,0.212294068344,2024_ZONE×CONVERSION_TECHNOLOGY_OBSERVED_SHARE,BIOENERGY_CCS_CHP,102.552444448334,false,false,false,PROJECT DISPATCH SUBBAND PROXY,ELECTRICITY_ONLY_CHP_SPECIFIC_BAND_READY
2050,Slow,CSUD,BIOENERGY_CCS,483.067874898,BIOENERGY,bioenergy_ccs,483.067874898,false,618.022,2911.16,0.212294068344,2024_ZONE×CONVERSION_TECHNOLOGY_OBSERVED_SHARE,BIOENERGY_CCS_NON_CHP,380.515430449666,false,false,false,PROJECT DISPATCH SUBBAND PROXY,ELECTRICITY_ONLY_CHP_SPECIFIC_BAND_READY
2050,Slow,SUD,BIOENERGY_CCS,483.311657595,BIOENERGY,bioenergy_ccs,483.311657595,true,719.214,3018.504,0.238268360751,2024_ZONE×CONVERSION_TECHNOLOGY_OBSERVED_SHARE,BIOENERGY_CCS_CHP,115.157876386955,false,false,false,PROJECT DISPATCH SUBBAND PROXY,ELECTRICITY_ONLY_CHP_SPECIFIC_BAND_READY
2050,Slow,SUD,BIOENERGY_CCS,483.311657595,BIOENERGY,bioenergy_ccs,483.311657595,false,719.214,3018.504,0.238268360751,2024_ZONE×CONVERSION_TECHNOLOGY_OBSERVED_SHARE,BIOENERGY_CCS_NON_CHP,368.153781208045,false,false,false,PROJECT DISPATCH SUBBAND PROXY,ELECTRICITY_ONLY_CHP_SPECIFIC_BAND_READY
2050,Slow,CALA,BIOENERGY_CCS,190.093079602,BIOENERGY,bioenergy_ccs,190.093079602,true,53.619,197.351,0.271693581487,2024_ZONE×CONVERSION_TECHNOLOGY_OBSERVED_SHARE,BIOENERGY_CCS_CHP,51.647069612921,false,false,false,PROJECT DISPATCH SUBBAND PROXY,ELECTRICITY_ONLY_CHP_SPECIFIC_BAND_READY
2050,Slow,CALA,BIOENERGY_CCS,190.093079602,BIOENERGY,bioenergy_ccs,190.093079602,false,53.619,197.351,0.271693581487,2024_ZONE×CONVERSION_TECHNOLOGY_OBSERVED_SHARE,BIOENERGY_CCS_NON_CHP,138.446009989079,false,false,false,PROJECT DISPATCH SUBBAND PROXY,ELECTRICITY_ONLY_CHP_SPECIFIC_BAND_READY
2050,Slow,SICI,BIOENERGY_CCS,75.235674333,BIOENERGY,bioenergy_ccs,75.235674333,true,200.2533,1284.7063,0.155874770755,2024_ZONE×CONVERSION_TECHNOLOGY_OBSERVED_SHARE,BIOENERGY_CCS_CHP,11.727343489254,false,false,false,PROJECT DISPATCH SUBBAND PROXY,ELECTRICITY_ONLY_CHP_SPECIFIC_BAND_READY
2050,Slow,SICI,BIOENERGY_CCS,75.235674333,BIOENERGY,bioenergy_ccs,75.235674333,false,200.2533,1284.7063,0.155874770755,2024_ZONE×CONVERSION_TECHNOLOGY_OBSERVED_SHARE,BIOENERGY_CCS_NON_CHP,63.508330843746,false,false,false,PROJECT DISPATCH SUBBAND PROXY,ELECTRICITY_ONLY_CHP_SPECIFIC_BAND_READY
2050,Slow,SARD,BIOENERGY_CCS,120.20653939,BIOENERGY,bioenergy_ccs,120.20653939,true,241.775,1397.92,0.172953387891,2024_ZONE×CONVERSION_TECHNOLOGY_OBSERVED_SHARE,BIOENERGY_CCS_CHP,20.790128234103,false,false,false,PROJECT DISPATCH SUBBAND PROXY,ELECTRICITY_ONLY_CHP_SPECIFIC_BAND_READY
2050,Slow,SARD,BIOENERGY_CCS,120.20653939,BIOENERGY,bioenergy_ccs,120.20653939,false,241.775,1397.92,0.172953387891,2024_ZONE×CONVERSION_TECHNOLOGY_OBSERVED_SHARE,BIOENERGY_CCS_NON_CHP,99.416411155897,false,false,false,PROJECT DISPATCH SUBBAND PROXY,ELECTRICITY_ONLY_CHP_SPECIFIC_BAND_READY
2050,Slow,NORD,GAS_CCS,11242.424982568768,METHANE,methane_ccs,11242.424982568768,true,10726.618,22753.472999999998,0.471427724462,2024_ZONE×CONVERSION_TECHNOLOGY_OBSERVED_SHARE,METHANE_CCS_CCGT_CHP,5299.990826968342,false,false,false,PROJECT DISPATCH SUBBAND PROXY,ELECTRICITY_ONLY_CHP_SPECIFIC_BAND_READY
2050,Slow,NORD,GAS_CCS,11242.424982568768,METHANE,methane_ccs,11242.424982568768,false,10726.618,22753.472999999998,0.471427724462,2024_ZONE×CONVERSION_TECHNOLOGY_OBSERVED_SHARE,METHANE_CCS_CCGT_NON_CHP,5942.434155600426,false,false,false,PROJECT DISPATCH SUBBAND PROXY,ELECTRICITY_ONLY_CHP_SPECIFIC_BAND_READY
2050,Slow,CNOR,GAS_CCS,778.703449977753,METHANE,methane_ccs,778.703449977753,true,1123.387,1576.013,0.712803130431,2024_ZONE×CONVERSION_TECHNOLOGY_OBSERVED_SHARE,METHANE_CCS_CCGT_CHP,555.062256821586,false,false,false,PROJECT DISPATCH SUBBAND PROXY,ELECTRICITY_ONLY_CHP_SPECIFIC_BAND_READY
2050,Slow,CNOR,GAS_CCS,778.703449977753,METHANE,methane_ccs,778.703449977753,false,1123.387,1576.013,0.712803130431,2024_ZONE×CONVERSION_TECHNOLOGY_OBSERVED_SHARE,METHANE_CCS_CCGT_NON_CHP,223.641193156167,false,false,false,PROJECT DISPATCH SUBBAND PROXY,ELECTRICITY_ONLY_CHP_SPECIFIC_BAND_READY
2050,Slow,CSUD,GAS_CCS,3084.131852400043,METHANE,methane_ccs,3084.131852400043,true,670.765,6241.955,0.107460723443,2024_ZONE×CONVERSION_TECHNOLOGY_OBSERVED_SHARE,METHANE_CCS_CCGT_CHP,331.423040053175,false,false,false,PROJECT DISPATCH SUBBAND PROXY,ELECTRICITY_ONLY_CHP_SPECIFIC_BAND_READY
2050,Slow,CSUD,GAS_CCS,3084.131852400043,METHANE,methane_ccs,3084.131852400043,false,670.765,6241.955,0.107460723443,2024_ZONE×CONVERSION_TECHNOLOGY_OBSERVED_SHARE,METHANE_CCS_CCGT_NON_CHP,2752.708812346868,false,false,false,PROJECT DISPATCH SUBBAND PROXY,ELECTRICITY_ONLY_CHP_SPECIFIC_BAND_READY
2050,Slow,SUD,GAS_CCS,2155.007952349045,METHANE,methane_ccs,2155.007952349045,true,2204.229,4361.507,0.505382428596,2024_ZONE×CONVERSION_TECHNOLOGY_OBSERVED_SHARE,METHANE_CCS_CCGT_CHP,1089.103152602617,false,false,false,PROJECT DISPATCH SUBBAND PROXY,ELECTRICITY_ONLY_CHP_SPECIFIC_BAND_READY
2050,Slow,SUD,GAS_CCS,2155.007952349045,METHANE,methane_ccs,2155.007952349045,false,2204.229,4361.507,0.505382428596,2024_ZONE×CONVERSION_TECHNOLOGY_OBSERVED_SHARE,METHANE_CCS_CCGT_NON_CHP,1065.904799746428,false,false,false,PROJECT DISPATCH SUBBAND PROXY,ELECTRICITY_ONLY_CHP_SPECIFIC_BAND_READY
2050,Slow,CALA,GAS_CCS,1575.841168588477,METHANE,methane_ccs,1575.841168588477,true,1607.335,3189.335,0.503971831118,2024_ZONE×CONVERSION_TECHNOLOGY_OBSERVED_SHARE,METHANE_CCS_CCGT_CHP,794.179559285293,false,false,false,PROJECT DISPATCH SUBBAND PROXY,ELECTRICITY_ONLY_CHP_SPECIFIC_BAND_READY
2050,Slow,CALA,GAS_CCS,1575.841168588477,METHANE,methane_ccs,1575.841168588477,false,1607.335,3189.335,0.503971831118,2024_ZONE×CONVERSION_TECHNOLOGY_OBSERVED_SHARE,METHANE_CCS_CCGT_NON_CHP,781.661609303184,false,false,false,PROJECT DISPATCH SUBBAND PROXY,ELECTRICITY_ONLY_CHP_SPECIFIC_BAND_READY
2050,Slow,SICI,GAS_CCS,1477.26929160156,METHANE,methane_ccs,1477.26929160156,true,1441.836,2989.836,0.482245848936,2024_ZONE×CONVERSION_TECHNOLOGY_OBSERVED_SHARE,METHANE_CCS_CCGT_CHP,712.406983635767,false,false,false,PROJECT DISPATCH SUBBAND PROXY,ELECTRICITY_ONLY_CHP_SPECIFIC_BAND_READY
2050,Slow,SICI,GAS_CCS,1477.26929160156,METHANE,methane_ccs,1477.26929160156,false,1441.836,2989.836,0.482245848936,2024_ZONE×CONVERSION_TECHNOLOGY_OBSERVED_SHARE,METHANE_CCS_CCGT_NON_CHP,764.862307965793,false,false,false,PROJECT DISPATCH SUBBAND PROXY,ELECTRICITY_ONLY_CHP_SPECIFIC_BAND_READY
2050,Slow,SARD,GAS_CCS,309.798880544651,METHANE,methane_ccs,309.798880544651,true,591,627,0.942583732057,2024_ZONE×CONVERSION_TECHNOLOGY_OBSERVED_SHARE,METHANE_CCS_CCGT_CHP,292.011385010987,false,false,false,PROJECT DISPATCH SUBBAND PROXY,ELECTRICITY_ONLY_CHP_SPECIFIC_BAND_READY
2050,Slow,SARD,GAS_CCS,309.798880544651,METHANE,methane_ccs,309.798880544651,false,591,627,0.942583732057,2024_ZONE×CONVERSION_TECHNOLOGY_OBSERVED_SHARE,METHANE_CCS_CCGT_NON_CHP,17.787495533664,false,false,false,PROJECT DISPATCH SUBBAND PROXY,ELECTRICITY_ONLY_CHP_SPECIFIC_BAND_READY
2050,Slow,NORD,GAS_OTHER_FOSSIL,2718.029373379158,METHANE,methane_gt_ocgt,1359.014686689579,true,740.92438,908.60098,0.815456285332,2024_ZONE×CONVERSION_TECHNOLOGY_OBSERVED_SHARE,METHANE_GT_OCGT_CHP,1108.217068119793,false,false,false,PROJECT DISPATCH SUBBAND PROXY,ELECTRICITY_ONLY_CHP_SPECIFIC_BAND_READY
2050,Slow,NORD,GAS_OTHER_FOSSIL,2718.029373379158,METHANE,methane_gt_ocgt,1359.014686689579,false,740.92438,908.60098,0.815456285332,2024_ZONE×CONVERSION_TECHNOLOGY_OBSERVED_SHARE,METHANE_GT_OCGT_NON_CHP,250.797618569786,false,false,false,PROJECT DISPATCH SUBBAND PROXY,ELECTRICITY_ONLY_CHP_SPECIFIC_BAND_READY
2050,Slow,NORD,GAS_OTHER_FOSSIL,2718.029373379158,HYDROGEN,hydrogen_gt_ocgt,1359.014686689579,true,740.92438,908.60098,0.815456285332,2024_ZONE×CONVERSION_TECHNOLOGY_OBSERVED_SHARE,HYDROGEN_GT_OCGT_CHP,1108.217068119793,false,false,false,PROJECT DISPATCH SUBBAND PROXY,ELECTRICITY_ONLY_CHP_SPECIFIC_BAND_READY
2050,Slow,NORD,GAS_OTHER_FOSSIL,2718.029373379158,HYDROGEN,hydrogen_gt_ocgt,1359.014686689579,false,740.92438,908.60098,0.815456285332,2024_ZONE×CONVERSION_TECHNOLOGY_OBSERVED_SHARE,HYDROGEN_GT_OCGT_NON_CHP,250.797618569786,false,false,false,PROJECT DISPATCH SUBBAND PROXY,ELECTRICITY_ONLY_CHP_SPECIFIC_BAND_READY
2050,Slow,CNOR,GAS_OTHER_FOSSIL,1547.381487461866,METHANE,methane_gt_ocgt,773.690743730933,true,459.399,517.269,0.88812397418,2024_ZONE×CONVERSION_TECHNOLOGY_OBSERVED_SHARE,METHANE_GT_OCGT_CHP,687.133298108425,false,false,false,PROJECT DISPATCH SUBBAND PROXY,ELECTRICITY_ONLY_CHP_SPECIFIC_BAND_READY
2050,Slow,CNOR,GAS_OTHER_FOSSIL,1547.381487461866,METHANE,methane_gt_ocgt,773.690743730933,false,459.399,517.269,0.88812397418,2024_ZONE×CONVERSION_TECHNOLOGY_OBSERVED_SHARE,METHANE_GT_OCGT_NON_CHP,86.557445622508,false,false,false,PROJECT DISPATCH SUBBAND PROXY,ELECTRICITY_ONLY_CHP_SPECIFIC_BAND_READY
2050,Slow,CNOR,GAS_OTHER_FOSSIL,1547.381487461866,HYDROGEN,hydrogen_gt_ocgt,773.690743730933,true,459.399,517.269,0.88812397418,2024_ZONE×CONVERSION_TECHNOLOGY_OBSERVED_SHARE,HYDROGEN_GT_OCGT_CHP,687.133298108425,false,false,false,PROJECT DISPATCH SUBBAND PROXY,ELECTRICITY_ONLY_CHP_SPECIFIC_BAND_READY
2050,Slow,CNOR,GAS_OTHER_FOSSIL,1547.381487461866,HYDROGEN,hydrogen_gt_ocgt,773.690743730933,false,459.399,517.269,0.88812397418,2024_ZONE×CONVERSION_TECHNOLOGY_OBSERVED_SHARE,HYDROGEN_GT_OCGT_NON_CHP,86.557445622508,false,false,false,PROJECT DISPATCH SUBBAND PROXY,ELECTRICITY_ONLY_CHP_SPECIFIC_BAND_READY
2050,Slow,CSUD,GAS_OTHER_FOSSIL,2482.590787964529,METHANE,methane_gt_ocgt,1241.295393982265,true,104.681,829.897,0.126137339935,2024_ZONE×CONVERSION_TECHNOLOGY_OBSERVED_SHARE,METHANE_GT_OCGT_CHP,156.573699070436,false,false,false,PROJECT DISPATCH SUBBAND PROXY,ELECTRICITY_ONLY_CHP_SPECIFIC_BAND_READY
2050,Slow,CSUD,GAS_OTHER_FOSSIL,2482.590787964529,METHANE,methane_gt_ocgt,1241.295393982265,false,104.681,829.897,0.126137339935,2024_ZONE×CONVERSION_TECHNOLOGY_OBSERVED_SHARE,METHANE_GT_OCGT_NON_CHP,1084.721694911829,false,false,false,PROJECT DISPATCH SUBBAND PROXY,ELECTRICITY_ONLY_CHP_SPECIFIC_BAND_READY
2050,Slow,CSUD,GAS_OTHER_FOSSIL,2482.590787964529,HYDROGEN,hydrogen_gt_ocgt,1241.295393982265,true,104.681,829.897,0.126137339935,2024_ZONE×CONVERSION_TECHNOLOGY_OBSERVED_SHARE,HYDROGEN_GT_OCGT_CHP,156.573699070436,false,false,false,PROJECT DISPATCH SUBBAND PROXY,ELECTRICITY_ONLY_CHP_SPECIFIC_BAND_READY
2050,Slow,CSUD,GAS_OTHER_FOSSIL,2482.590787964529,HYDROGEN,hydrogen_gt_ocgt,1241.295393982265,false,104.681,829.897,0.126137339935,2024_ZONE×CONVERSION_TECHNOLOGY_OBSERVED_SHARE,HYDROGEN_GT_OCGT_NON_CHP,1084.721694911829,false,false,false,PROJECT DISPATCH SUBBAND PROXY,ELECTRICITY_ONLY_CHP_SPECIFIC_BAND_READY
2050,Slow,SUD,GAS_OTHER_FOSSIL,826.572003283907,METHANE,methane_gt_ocgt,413.286001641953,true,24.727,276.312,0.08948941776,2024_ZONE×CONVERSION_TECHNOLOGY_OBSERVED_SHARE,METHANE_GT_OCGT_CHP,36.984723655146,false,false,false,PROJECT DISPATCH SUBBAND PROXY,ELECTRICITY_ONLY_CHP_SPECIFIC_BAND_READY
2050,Slow,SUD,GAS_OTHER_FOSSIL,826.572003283907,METHANE,methane_gt_ocgt,413.286001641953,false,24.727,276.312,0.08948941776,2024_ZONE×CONVERSION_TECHNOLOGY_OBSERVED_SHARE,METHANE_GT_OCGT_NON_CHP,376.301277986808,false,false,false,PROJECT DISPATCH SUBBAND PROXY,ELECTRICITY_ONLY_CHP_SPECIFIC_BAND_READY
2050,Slow,SUD,GAS_OTHER_FOSSIL,826.572003283907,HYDROGEN,hydrogen_gt_ocgt,413.286001641953,true,24.727,276.312,0.08948941776,2024_ZONE×CONVERSION_TECHNOLOGY_OBSERVED_SHARE,HYDROGEN_GT_OCGT_CHP,36.984723655146,false,false,false,PROJECT DISPATCH SUBBAND PROXY,ELECTRICITY_ONLY_CHP_SPECIFIC_BAND_READY
2050,Slow,SUD,GAS_OTHER_FOSSIL,826.572003283907,HYDROGEN,hydrogen_gt_ocgt,413.286001641953,false,24.727,276.312,0.08948941776,2024_ZONE×CONVERSION_TECHNOLOGY_OBSERVED_SHARE,HYDROGEN_GT_OCGT_NON_CHP,376.301277986808,false,false,false,PROJECT DISPATCH SUBBAND PROXY,ELECTRICITY_ONLY_CHP_SPECIFIC_BAND_READY
2050,Slow,CALA,GAS_OTHER_FOSSIL,697.847156462487,METHANE,methane_gt_ocgt,348.923578231243,true,6.241,233.281,0.026753143205,2024_ZONE×CONVERSION_TECHNOLOGY_OBSERVED_SHARE,METHANE_GT_OCGT_CHP,9.334802456013,false,false,false,PROJECT DISPATCH SUBBAND PROXY,ELECTRICITY_ONLY_CHP_SPECIFIC_BAND_READY
2050,Slow,CALA,GAS_OTHER_FOSSIL,697.847156462487,METHANE,methane_gt_ocgt,348.923578231243,false,6.241,233.281,0.026753143205,2024_ZONE×CONVERSION_TECHNOLOGY_OBSERVED_SHARE,METHANE_GT_OCGT_NON_CHP,339.58877577523,false,false,false,PROJECT DISPATCH SUBBAND PROXY,ELECTRICITY_ONLY_CHP_SPECIFIC_BAND_READY
2050,Slow,CALA,GAS_OTHER_FOSSIL,697.847156462487,HYDROGEN,hydrogen_gt_ocgt,348.923578231243,true,6.241,233.281,0.026753143205,2024_ZONE×CONVERSION_TECHNOLOGY_OBSERVED_SHARE,HYDROGEN_GT_OCGT_CHP,9.334802456013,false,false,false,PROJECT DISPATCH SUBBAND PROXY,ELECTRICITY_ONLY_CHP_SPECIFIC_BAND_READY
2050,Slow,CALA,GAS_OTHER_FOSSIL,697.847156462487,HYDROGEN,hydrogen_gt_ocgt,348.923578231243,false,6.241,233.281,0.026753143205,2024_ZONE×CONVERSION_TECHNOLOGY_OBSERVED_SHARE,HYDROGEN_GT_OCGT_NON_CHP,339.58877577523,false,false,false,PROJECT DISPATCH SUBBAND PROXY,ELECTRICITY_ONLY_CHP_SPECIFIC_BAND_READY
2050,Slow,SICI,GAS_OTHER_FOSSIL,2106.030750027032,METHANE,methane_gt_ocgt,1053.015375013516,true,56.398,704.018,0.08010874722,2024_ZONE×CONVERSION_TECHNOLOGY_OBSERVED_SHARE,METHANE_GT_OCGT_CHP,84.355742495238,false,false,false,PROJECT DISPATCH SUBBAND PROXY,ELECTRICITY_ONLY_CHP_SPECIFIC_BAND_READY
2050,Slow,SICI,GAS_OTHER_FOSSIL,2106.030750027032,METHANE,methane_gt_ocgt,1053.015375013516,false,56.398,704.018,0.08010874722,2024_ZONE×CONVERSION_TECHNOLOGY_OBSERVED_SHARE,METHANE_GT_OCGT_NON_CHP,968.659632518278,false,false,false,PROJECT DISPATCH SUBBAND PROXY,ELECTRICITY_ONLY_CHP_SPECIFIC_BAND_READY
2050,Slow,SICI,GAS_OTHER_FOSSIL,2106.030750027032,HYDROGEN,hydrogen_gt_ocgt,1053.015375013516,true,56.398,704.018,0.08010874722,2024_ZONE×CONVERSION_TECHNOLOGY_OBSERVED_SHARE,HYDROGEN_GT_OCGT_CHP,84.355742495238,false,false,false,PROJECT DISPATCH SUBBAND PROXY,ELECTRICITY_ONLY_CHP_SPECIFIC_BAND_READY
2050,Slow,SICI,GAS_OTHER_FOSSIL,2106.030750027032,HYDROGEN,hydrogen_gt_ocgt,1053.015375013516,false,56.398,704.018,0.08010874722,2024_ZONE×CONVERSION_TECHNOLOGY_OBSERVED_SHARE,HYDROGEN_GT_OCGT_NON_CHP,968.659632518278,false,false,false,PROJECT DISPATCH SUBBAND PROXY,ELECTRICITY_ONLY_CHP_SPECIFIC_BAND_READY
2050,Slow,SARD,GAS_OTHER_FOSSIL,448.716669893722,METHANE,methane_gt_ocgt,224.358334946861,true,0,150,0,2024_ZONE×CONVERSION_TECHNOLOGY_OBSERVED_SHARE,METHANE_GT_OCGT_CHP,0,false,false,false,PROJECT DISPATCH SUBBAND PROXY,ELECTRICITY_ONLY_CHP_SPECIFIC_BAND_READY
2050,Slow,SARD,GAS_OTHER_FOSSIL,448.716669893722,METHANE,methane_gt_ocgt,224.358334946861,false,0,150,0,2024_ZONE×CONVERSION_TECHNOLOGY_OBSERVED_SHARE,METHANE_GT_OCGT_NON_CHP,224.358334946861,false,false,false,PROJECT DISPATCH SUBBAND PROXY,ELECTRICITY_ONLY_CHP_SPECIFIC_BAND_READY
2050,Slow,SARD,GAS_OTHER_FOSSIL,448.716669893722,HYDROGEN,hydrogen_gt_ocgt,224.358334946861,true,0,150,0,2024_ZONE×CONVERSION_TECHNOLOGY_OBSERVED_SHARE,HYDROGEN_GT_OCGT_CHP,0,false,false,false,PROJECT DISPATCH SUBBAND PROXY,ELECTRICITY_ONLY_CHP_SPECIFIC_BAND_READY
2050,Slow,SARD,GAS_OTHER_FOSSIL,448.716669893722,HYDROGEN,hydrogen_gt_ocgt,224.358334946861,false,0,150,0,2024_ZONE×CONVERSION_TECHNOLOGY_OBSERVED_SHARE,HYDROGEN_GT_OCGT_NON_CHP,224.358334946861,false,false,false,PROJECT DISPATCH SUBBAND PROXY,ELECTRICITY_ONLY_CHP_SPECIFIC_BAND_READY
2050,Base,NORD,BIOENERGY,4542.288621371,BIOENERGY,bioenergy,4542.288621371,true,4082.95143,5655.00793,0.722006313791,2024_ZONE×CONVERSION_TECHNOLOGY_OBSERVED_SHARE,BIOENERGY_CHP,3279.561063692347,false,false,false,PROJECT DISPATCH SUBBAND PROXY,ELECTRICITY_ONLY_CHP_SPECIFIC_BAND_READY
2050,Base,NORD,BIOENERGY,4542.288621371,BIOENERGY,bioenergy,4542.288621371,false,4082.95143,5655.00793,0.722006313791,2024_ZONE×CONVERSION_TECHNOLOGY_OBSERVED_SHARE,BIOENERGY_NON_CHP,1262.727557678654,false,false,false,PROJECT DISPATCH SUBBAND PROXY,ELECTRICITY_ONLY_CHP_SPECIFIC_BAND_READY
2050,Base,CNOR,BIOENERGY,343.258566564,BIOENERGY,bioenergy,343.258566564,true,307.77276,507.22806,0.606773923351,2024_ZONE×CONVERSION_TECHNOLOGY_OBSERVED_SHARE,BIOENERGY_CHP,208.280347157935,false,false,false,PROJECT DISPATCH SUBBAND PROXY,ELECTRICITY_ONLY_CHP_SPECIFIC_BAND_READY
2050,Base,CNOR,BIOENERGY,343.258566564,BIOENERGY,bioenergy,343.258566564,false,307.77276,507.22806,0.606773923351,2024_ZONE×CONVERSION_TECHNOLOGY_OBSERVED_SHARE,BIOENERGY_NON_CHP,134.978219406065,false,false,false,PROJECT DISPATCH SUBBAND PROXY,ELECTRICITY_ONLY_CHP_SPECIFIC_BAND_READY
2050,Base,CSUD,BIOENERGY,853.41991232,BIOENERGY,bioenergy,853.41991232,true,618.022,2911.16,0.212294068344,2024_ZONE×CONVERSION_TECHNOLOGY_OBSERVED_SHARE,BIOENERGY_CHP,181.175985192099,false,false,false,PROJECT DISPATCH SUBBAND PROXY,ELECTRICITY_ONLY_CHP_SPECIFIC_BAND_READY
2050,Base,CSUD,BIOENERGY,853.41991232,BIOENERGY,bioenergy,853.41991232,false,618.022,2911.16,0.212294068344,2024_ZONE×CONVERSION_TECHNOLOGY_OBSERVED_SHARE,BIOENERGY_NON_CHP,672.243927127901,false,false,false,PROJECT DISPATCH SUBBAND PROXY,ELECTRICITY_ONLY_CHP_SPECIFIC_BAND_READY
2050,Base,SUD,BIOENERGY,853.850595084,BIOENERGY,bioenergy,853.850595084,true,719.214,3018.504,0.238268360751,2024_ZONE×CONVERSION_TECHNOLOGY_OBSERVED_SHARE,BIOENERGY_CHP,203.445581616835,false,false,false,PROJECT DISPATCH SUBBAND PROXY,ELECTRICITY_ONLY_CHP_SPECIFIC_BAND_READY
2050,Base,SUD,BIOENERGY,853.850595084,BIOENERGY,bioenergy,853.850595084,false,719.214,3018.504,0.238268360751,2024_ZONE×CONVERSION_TECHNOLOGY_OBSERVED_SHARE,BIOENERGY_NON_CHP,650.405013467165,false,false,false,PROJECT DISPATCH SUBBAND PROXY,ELECTRICITY_ONLY_CHP_SPECIFIC_BAND_READY
2050,Base,CALA,BIOENERGY,335.831107297,BIOENERGY,bioenergy,335.831107297,true,53.619,197.351,0.271693581487,2024_ZONE×CONVERSION_TECHNOLOGY_OBSERVED_SHARE,BIOENERGY_CHP,91.243156316197,false,false,false,PROJECT DISPATCH SUBBAND PROXY,ELECTRICITY_ONLY_CHP_SPECIFIC_BAND_READY
2050,Base,CALA,BIOENERGY,335.831107297,BIOENERGY,bioenergy,335.831107297,false,53.619,197.351,0.271693581487,2024_ZONE×CONVERSION_TECHNOLOGY_OBSERVED_SHARE,BIOENERGY_NON_CHP,244.587950980803,false,false,false,PROJECT DISPATCH SUBBAND PROXY,ELECTRICITY_ONLY_CHP_SPECIFIC_BAND_READY
2050,Base,SICI,BIOENERGY,132.916357988,BIOENERGY,bioenergy,132.916357988,true,200.2533,1284.7063,0.155874770755,2024_ZONE×CONVERSION_TECHNOLOGY_OBSERVED_SHARE,BIOENERGY_CHP,20.718306830969,false,false,false,PROJECT DISPATCH SUBBAND PROXY,ELECTRICITY_ONLY_CHP_SPECIFIC_BAND_READY
2050,Base,SICI,BIOENERGY,132.916357988,BIOENERGY,bioenergy,132.916357988,false,200.2533,1284.7063,0.155874770755,2024_ZONE×CONVERSION_TECHNOLOGY_OBSERVED_SHARE,BIOENERGY_NON_CHP,112.198051157031,false,false,false,PROJECT DISPATCH SUBBAND PROXY,ELECTRICITY_ONLY_CHP_SPECIFIC_BAND_READY
2050,Base,SARD,BIOENERGY,212.364886255,BIOENERGY,bioenergy,212.364886255,true,241.775,1397.92,0.172953387891,2024_ZONE×CONVERSION_TECHNOLOGY_OBSERVED_SHARE,BIOENERGY_CHP,36.7292265468,false,false,false,PROJECT DISPATCH SUBBAND PROXY,ELECTRICITY_ONLY_CHP_SPECIFIC_BAND_READY
2050,Base,SARD,BIOENERGY,212.364886255,BIOENERGY,bioenergy,212.364886255,false,241.775,1397.92,0.172953387891,2024_ZONE×CONVERSION_TECHNOLOGY_OBSERVED_SHARE,BIOENERGY_NON_CHP,175.6356597082,false,false,false,PROJECT DISPATCH SUBBAND PROXY,ELECTRICITY_ONLY_CHP_SPECIFIC_BAND_READY
2050,Base,NORD,BIOENERGY_CCS,2571.106766814,BIOENERGY,bioenergy_ccs,2571.106766814,true,4082.95143,5655.00793,0.722006313791,2024_ZONE×CONVERSION_TECHNOLOGY_OBSERVED_SHARE,BIOENERGY_CCS_CHP,1856.355319071303,false,false,false,PROJECT DISPATCH SUBBAND PROXY,ELECTRICITY_ONLY_CHP_SPECIFIC_BAND_READY
2050,Base,NORD,BIOENERGY_CCS,2571.106766814,BIOENERGY,bioenergy_ccs,2571.106766814,false,4082.95143,5655.00793,0.722006313791,2024_ZONE×CONVERSION_TECHNOLOGY_OBSERVED_SHARE,BIOENERGY_CCS_NON_CHP,714.751447742697,false,false,false,PROJECT DISPATCH SUBBAND PROXY,ELECTRICITY_ONLY_CHP_SPECIFIC_BAND_READY
2050,Base,CNOR,BIOENERGY_CCS,194.297301828,BIOENERGY,bioenergy_ccs,194.297301828,true,307.77276,507.22806,0.606773923351,2024_ZONE×CONVERSION_TECHNOLOGY_OBSERVED_SHARE,BIOENERGY_CCS_CHP,117.894536126721,false,false,false,PROJECT DISPATCH SUBBAND PROXY,ELECTRICITY_ONLY_CHP_SPECIFIC_BAND_READY
2050,Base,CNOR,BIOENERGY_CCS,194.297301828,BIOENERGY,bioenergy_ccs,194.297301828,false,307.77276,507.22806,0.606773923351,2024_ZONE×CONVERSION_TECHNOLOGY_OBSERVED_SHARE,BIOENERGY_CCS_NON_CHP,76.402765701279,false,false,false,PROJECT DISPATCH SUBBAND PROXY,ELECTRICITY_ONLY_CHP_SPECIFIC_BAND_READY
2050,Base,CSUD,BIOENERGY_CCS,483.067874898,BIOENERGY,bioenergy_ccs,483.067874898,true,618.022,2911.16,0.212294068344,2024_ZONE×CONVERSION_TECHNOLOGY_OBSERVED_SHARE,BIOENERGY_CCS_CHP,102.552444448334,false,false,false,PROJECT DISPATCH SUBBAND PROXY,ELECTRICITY_ONLY_CHP_SPECIFIC_BAND_READY
2050,Base,CSUD,BIOENERGY_CCS,483.067874898,BIOENERGY,bioenergy_ccs,483.067874898,false,618.022,2911.16,0.212294068344,2024_ZONE×CONVERSION_TECHNOLOGY_OBSERVED_SHARE,BIOENERGY_CCS_NON_CHP,380.515430449666,false,false,false,PROJECT DISPATCH SUBBAND PROXY,ELECTRICITY_ONLY_CHP_SPECIFIC_BAND_READY
2050,Base,SUD,BIOENERGY_CCS,483.311657595,BIOENERGY,bioenergy_ccs,483.311657595,true,719.214,3018.504,0.238268360751,2024_ZONE×CONVERSION_TECHNOLOGY_OBSERVED_SHARE,BIOENERGY_CCS_CHP,115.157876386955,false,false,false,PROJECT DISPATCH SUBBAND PROXY,ELECTRICITY_ONLY_CHP_SPECIFIC_BAND_READY
2050,Base,SUD,BIOENERGY_CCS,483.311657595,BIOENERGY,bioenergy_ccs,483.311657595,false,719.214,3018.504,0.238268360751,2024_ZONE×CONVERSION_TECHNOLOGY_OBSERVED_SHARE,BIOENERGY_CCS_NON_CHP,368.153781208045,false,false,false,PROJECT DISPATCH SUBBAND PROXY,ELECTRICITY_ONLY_CHP_SPECIFIC_BAND_READY
2050,Base,CALA,BIOENERGY_CCS,190.093079602,BIOENERGY,bioenergy_ccs,190.093079602,true,53.619,197.351,0.271693581487,2024_ZONE×CONVERSION_TECHNOLOGY_OBSERVED_SHARE,BIOENERGY_CCS_CHP,51.647069612921,false,false,false,PROJECT DISPATCH SUBBAND PROXY,ELECTRICITY_ONLY_CHP_SPECIFIC_BAND_READY
2050,Base,CALA,BIOENERGY_CCS,190.093079602,BIOENERGY,bioenergy_ccs,190.093079602,false,53.619,197.351,0.271693581487,2024_ZONE×CONVERSION_TECHNOLOGY_OBSERVED_SHARE,BIOENERGY_CCS_NON_CHP,138.446009989079,false,false,false,PROJECT DISPATCH SUBBAND PROXY,ELECTRICITY_ONLY_CHP_SPECIFIC_BAND_READY
2050,Base,SICI,BIOENERGY_CCS,75.235674333,BIOENERGY,bioenergy_ccs,75.235674333,true,200.2533,1284.7063,0.155874770755,2024_ZONE×CONVERSION_TECHNOLOGY_OBSERVED_SHARE,BIOENERGY_CCS_CHP,11.727343489254,false,false,false,PROJECT DISPATCH SUBBAND PROXY,ELECTRICITY_ONLY_CHP_SPECIFIC_BAND_READY
2050,Base,SICI,BIOENERGY_CCS,75.235674333,BIOENERGY,bioenergy_ccs,75.235674333,false,200.2533,1284.7063,0.155874770755,2024_ZONE×CONVERSION_TECHNOLOGY_OBSERVED_SHARE,BIOENERGY_CCS_NON_CHP,63.508330843746,false,false,false,PROJECT DISPATCH SUBBAND PROXY,ELECTRICITY_ONLY_CHP_SPECIFIC_BAND_READY
2050,Base,SARD,BIOENERGY_CCS,120.20653939,BIOENERGY,bioenergy_ccs,120.20653939,true,241.775,1397.92,0.172953387891,2024_ZONE×CONVERSION_TECHNOLOGY_OBSERVED_SHARE,BIOENERGY_CCS_CHP,20.790128234103,false,false,false,PROJECT DISPATCH SUBBAND PROXY,ELECTRICITY_ONLY_CHP_SPECIFIC_BAND_READY
2050,Base,SARD,BIOENERGY_CCS,120.20653939,BIOENERGY,bioenergy_ccs,120.20653939,false,241.775,1397.92,0.172953387891,2024_ZONE×CONVERSION_TECHNOLOGY_OBSERVED_SHARE,BIOENERGY_CCS_NON_CHP,99.416411155897,false,false,false,PROJECT DISPATCH SUBBAND PROXY,ELECTRICITY_ONLY_CHP_SPECIFIC_BAND_READY
2050,Base,NORD,GAS_CCS,3516.377767001,METHANE,methane_ccs,3516.377767001,true,10726.618,22753.472999999998,0.471427724462,2024_ZONE×CONVERSION_TECHNOLOGY_OBSERVED_SHARE,METHANE_CCS_CCGT_CHP,1657.717969046428,false,false,false,PROJECT DISPATCH SUBBAND PROXY,ELECTRICITY_ONLY_CHP_SPECIFIC_BAND_READY
2050,Base,NORD,GAS_CCS,3516.377767001,METHANE,methane_ccs,3516.377767001,false,10726.618,22753.472999999998,0.471427724462,2024_ZONE×CONVERSION_TECHNOLOGY_OBSERVED_SHARE,METHANE_CCS_CCGT_NON_CHP,1858.659797954572,false,false,false,PROJECT DISPATCH SUBBAND PROXY,ELECTRICITY_ONLY_CHP_SPECIFIC_BAND_READY
2050,Base,CNOR,GAS_CCS,243.560931279,METHANE,methane_ccs,243.560931279,true,1123.387,1576.013,0.712803130431,2024_ZONE×CONVERSION_TECHNOLOGY_OBSERVED_SHARE,METHANE_CCS_CCGT_CHP,173.610994266368,false,false,false,PROJECT DISPATCH SUBBAND PROXY,ELECTRICITY_ONLY_CHP_SPECIFIC_BAND_READY
2050,Base,CNOR,GAS_CCS,243.560931279,METHANE,methane_ccs,243.560931279,false,1123.387,1576.013,0.712803130431,2024_ZONE×CONVERSION_TECHNOLOGY_OBSERVED_SHARE,METHANE_CCS_CCGT_NON_CHP,69.949937012632,false,false,false,PROJECT DISPATCH SUBBAND PROXY,ELECTRICITY_ONLY_CHP_SPECIFIC_BAND_READY
2050,Base,CSUD,GAS_CCS,964.647101768,METHANE,methane_ccs,964.647101768,true,670.765,6241.955,0.107460723443,2024_ZONE×CONVERSION_TECHNOLOGY_OBSERVED_SHARE,METHANE_CCS_CCGT_CHP,103.661675423391,false,false,false,PROJECT DISPATCH SUBBAND PROXY,ELECTRICITY_ONLY_CHP_SPECIFIC_BAND_READY
2050,Base,CSUD,GAS_CCS,964.647101768,METHANE,methane_ccs,964.647101768,false,670.765,6241.955,0.107460723443,2024_ZONE×CONVERSION_TECHNOLOGY_OBSERVED_SHARE,METHANE_CCS_CCGT_NON_CHP,860.985426344609,false,false,false,PROJECT DISPATCH SUBBAND PROXY,ELECTRICITY_ONLY_CHP_SPECIFIC_BAND_READY
2050,Base,SUD,GAS_CCS,674.038035664,METHANE,methane_ccs,674.038035664,true,2204.229,4361.507,0.505382428596,2024_ZONE×CONVERSION_TECHNOLOGY_OBSERVED_SHARE,METHANE_CCS_CCGT_CHP,340.646979430188,false,false,false,PROJECT DISPATCH SUBBAND PROXY,ELECTRICITY_ONLY_CHP_SPECIFIC_BAND_READY
2050,Base,SUD,GAS_CCS,674.038035664,METHANE,methane_ccs,674.038035664,false,2204.229,4361.507,0.505382428596,2024_ZONE×CONVERSION_TECHNOLOGY_OBSERVED_SHARE,METHANE_CCS_CCGT_NON_CHP,333.391056233812,false,false,false,PROJECT DISPATCH SUBBAND PROXY,ELECTRICITY_ONLY_CHP_SPECIFIC_BAND_READY
2050,Base,CALA,GAS_CCS,492.887687322,METHANE,methane_ccs,492.887687322,true,1607.335,3189.335,0.503971831118,2024_ZONE×CONVERSION_TECHNOLOGY_OBSERVED_SHARE,METHANE_CCS_CCGT_CHP,248.401510315381,false,false,false,PROJECT DISPATCH SUBBAND PROXY,ELECTRICITY_ONLY_CHP_SPECIFIC_BAND_READY
2050,Base,CALA,GAS_CCS,492.887687322,METHANE,methane_ccs,492.887687322,false,1607.335,3189.335,0.503971831118,2024_ZONE×CONVERSION_TECHNOLOGY_OBSERVED_SHARE,METHANE_CCS_CCGT_NON_CHP,244.486177006619,false,false,false,PROJECT DISPATCH SUBBAND PROXY,ELECTRICITY_ONLY_CHP_SPECIFIC_BAND_READY
2050,Base,SICI,GAS_CCS,462.056620428,METHANE,methane_ccs,462.056620428,true,1441.836,2989.836,0.482245848936,2024_ZONE×CONVERSION_TECHNOLOGY_OBSERVED_SHARE,METHANE_CCS_CCGT_CHP,222.82488717489,false,false,false,PROJECT DISPATCH SUBBAND PROXY,ELECTRICITY_ONLY_CHP_SPECIFIC_BAND_READY
2050,Base,SICI,GAS_CCS,462.056620428,METHANE,methane_ccs,462.056620428,false,1441.836,2989.836,0.482245848936,2024_ZONE×CONVERSION_TECHNOLOGY_OBSERVED_SHARE,METHANE_CCS_CCGT_NON_CHP,239.23173325311,false,false,false,PROJECT DISPATCH SUBBAND PROXY,ELECTRICITY_ONLY_CHP_SPECIFIC_BAND_READY
2050,Base,SARD,GAS_CCS,96.898124513,METHANE,methane_ccs,96.898124513,true,591,627,0.942583732057,2024_ZONE×CONVERSION_TECHNOLOGY_OBSERVED_SHARE,METHANE_CCS_CCGT_CHP,91.334595832828,false,false,false,PROJECT DISPATCH SUBBAND PROXY,ELECTRICITY_ONLY_CHP_SPECIFIC_BAND_READY
2050,Base,SARD,GAS_CCS,96.898124513,METHANE,methane_ccs,96.898124513,false,591,627,0.942583732057,2024_ZONE×CONVERSION_TECHNOLOGY_OBSERVED_SHARE,METHANE_CCS_CCGT_NON_CHP,5.563528680172,false,false,false,PROJECT DISPATCH SUBBAND PROXY,ELECTRICITY_ONLY_CHP_SPECIFIC_BAND_READY
2050,Base,NORD,GAS_OTHER_FOSSIL,850.138477546,METHANE,methane_gt_ocgt,425.069238773,true,740.92438,908.60098,0.815456285332,2024_ZONE×CONVERSION_TECHNOLOGY_OBSERVED_SHARE,METHANE_GT_OCGT_CHP,346.625382458818,false,false,false,PROJECT DISPATCH SUBBAND PROXY,ELECTRICITY_ONLY_CHP_SPECIFIC_BAND_READY
2050,Base,NORD,GAS_OTHER_FOSSIL,850.138477546,METHANE,methane_gt_ocgt,425.069238773,false,740.92438,908.60098,0.815456285332,2024_ZONE×CONVERSION_TECHNOLOGY_OBSERVED_SHARE,METHANE_GT_OCGT_NON_CHP,78.443856314182,false,false,false,PROJECT DISPATCH SUBBAND PROXY,ELECTRICITY_ONLY_CHP_SPECIFIC_BAND_READY
2050,Base,NORD,GAS_OTHER_FOSSIL,850.138477546,HYDROGEN,hydrogen_gt_ocgt,425.069238773,true,740.92438,908.60098,0.815456285332,2024_ZONE×CONVERSION_TECHNOLOGY_OBSERVED_SHARE,HYDROGEN_GT_OCGT_CHP,346.625382458818,false,false,false,PROJECT DISPATCH SUBBAND PROXY,ELECTRICITY_ONLY_CHP_SPECIFIC_BAND_READY
2050,Base,NORD,GAS_OTHER_FOSSIL,850.138477546,HYDROGEN,hydrogen_gt_ocgt,425.069238773,false,740.92438,908.60098,0.815456285332,2024_ZONE×CONVERSION_TECHNOLOGY_OBSERVED_SHARE,HYDROGEN_GT_OCGT_NON_CHP,78.443856314182,false,false,false,PROJECT DISPATCH SUBBAND PROXY,ELECTRICITY_ONLY_CHP_SPECIFIC_BAND_READY
2050,Base,CNOR,GAS_OTHER_FOSSIL,483.986138935,METHANE,methane_gt_ocgt,241.9930694675,true,459.399,517.269,0.88812397418,2024_ZONE×CONVERSION_TECHNOLOGY_OBSERVED_SHARE,METHANE_GT_OCGT_CHP,214.919846579439,false,false,false,PROJECT DISPATCH SUBBAND PROXY,ELECTRICITY_ONLY_CHP_SPECIFIC_BAND_READY
2050,Base,CNOR,GAS_OTHER_FOSSIL,483.986138935,METHANE,methane_gt_ocgt,241.9930694675,false,459.399,517.269,0.88812397418,2024_ZONE×CONVERSION_TECHNOLOGY_OBSERVED_SHARE,METHANE_GT_OCGT_NON_CHP,27.073222888061,false,false,false,PROJECT DISPATCH SUBBAND PROXY,ELECTRICITY_ONLY_CHP_SPECIFIC_BAND_READY
2050,Base,CNOR,GAS_OTHER_FOSSIL,483.986138935,HYDROGEN,hydrogen_gt_ocgt,241.9930694675,true,459.399,517.269,0.88812397418,2024_ZONE×CONVERSION_TECHNOLOGY_OBSERVED_SHARE,HYDROGEN_GT_OCGT_CHP,214.919846579439,false,false,false,PROJECT DISPATCH SUBBAND PROXY,ELECTRICITY_ONLY_CHP_SPECIFIC_BAND_READY
2050,Base,CNOR,GAS_OTHER_FOSSIL,483.986138935,HYDROGEN,hydrogen_gt_ocgt,241.9930694675,false,459.399,517.269,0.88812397418,2024_ZONE×CONVERSION_TECHNOLOGY_OBSERVED_SHARE,HYDROGEN_GT_OCGT_NON_CHP,27.073222888061,false,false,false,PROJECT DISPATCH SUBBAND PROXY,ELECTRICITY_ONLY_CHP_SPECIFIC_BAND_READY
2050,Base,CSUD,GAS_OTHER_FOSSIL,776.49858148,METHANE,methane_gt_ocgt,388.24929074,true,104.681,829.897,0.126137339935,2024_ZONE×CONVERSION_TECHNOLOGY_OBSERVED_SHARE,METHANE_GT_OCGT_CHP,48.972732765577,false,false,false,PROJECT DISPATCH SUBBAND PROXY,ELECTRICITY_ONLY_CHP_SPECIFIC_BAND_READY
2050,Base,CSUD,GAS_OTHER_FOSSIL,776.49858148,METHANE,methane_gt_ocgt,388.24929074,false,104.681,829.897,0.126137339935,2024_ZONE×CONVERSION_TECHNOLOGY_OBSERVED_SHARE,METHANE_GT_OCGT_NON_CHP,339.276557974423,false,false,false,PROJECT DISPATCH SUBBAND PROXY,ELECTRICITY_ONLY_CHP_SPECIFIC_BAND_READY
2050,Base,CSUD,GAS_OTHER_FOSSIL,776.49858148,HYDROGEN,hydrogen_gt_ocgt,388.24929074,true,104.681,829.897,0.126137339935,2024_ZONE×CONVERSION_TECHNOLOGY_OBSERVED_SHARE,HYDROGEN_GT_OCGT_CHP,48.972732765577,false,false,false,PROJECT DISPATCH SUBBAND PROXY,ELECTRICITY_ONLY_CHP_SPECIFIC_BAND_READY
2050,Base,CSUD,GAS_OTHER_FOSSIL,776.49858148,HYDROGEN,hydrogen_gt_ocgt,388.24929074,false,104.681,829.897,0.126137339935,2024_ZONE×CONVERSION_TECHNOLOGY_OBSERVED_SHARE,HYDROGEN_GT_OCGT_NON_CHP,339.276557974423,false,false,false,PROJECT DISPATCH SUBBAND PROXY,ELECTRICITY_ONLY_CHP_SPECIFIC_BAND_READY
2050,Base,SUD,GAS_OTHER_FOSSIL,258.533138507,METHANE,methane_gt_ocgt,129.2665692535,true,24.727,276.312,0.08948941776,2024_ZONE×CONVERSION_TECHNOLOGY_OBSERVED_SHARE,METHANE_GT_OCGT_CHP,11.567990018281,false,false,false,PROJECT DISPATCH SUBBAND PROXY,ELECTRICITY_ONLY_CHP_SPECIFIC_BAND_READY
2050,Base,SUD,GAS_OTHER_FOSSIL,258.533138507,METHANE,methane_gt_ocgt,129.2665692535,false,24.727,276.312,0.08948941776,2024_ZONE×CONVERSION_TECHNOLOGY_OBSERVED_SHARE,METHANE_GT_OCGT_NON_CHP,117.698579235219,false,false,false,PROJECT DISPATCH SUBBAND PROXY,ELECTRICITY_ONLY_CHP_SPECIFIC_BAND_READY
2050,Base,SUD,GAS_OTHER_FOSSIL,258.533138507,HYDROGEN,hydrogen_gt_ocgt,129.2665692535,true,24.727,276.312,0.08948941776,2024_ZONE×CONVERSION_TECHNOLOGY_OBSERVED_SHARE,HYDROGEN_GT_OCGT_CHP,11.567990018281,false,false,false,PROJECT DISPATCH SUBBAND PROXY,ELECTRICITY_ONLY_CHP_SPECIFIC_BAND_READY
2050,Base,SUD,GAS_OTHER_FOSSIL,258.533138507,HYDROGEN,hydrogen_gt_ocgt,129.2665692535,false,24.727,276.312,0.08948941776,2024_ZONE×CONVERSION_TECHNOLOGY_OBSERVED_SHARE,HYDROGEN_GT_OCGT_NON_CHP,117.698579235219,false,false,false,PROJECT DISPATCH SUBBAND PROXY,ELECTRICITY_ONLY_CHP_SPECIFIC_BAND_READY
2050,Base,CALA,GAS_OTHER_FOSSIL,218.270900589,METHANE,methane_gt_ocgt,109.1354502945,true,6.241,233.281,0.026753143205,2024_ZONE×CONVERSION_TECHNOLOGY_OBSERVED_SHARE,METHANE_GT_OCGT_CHP,2.919716330468,false,false,false,PROJECT DISPATCH SUBBAND PROXY,ELECTRICITY_ONLY_CHP_SPECIFIC_BAND_READY
2050,Base,CALA,GAS_OTHER_FOSSIL,218.270900589,METHANE,methane_gt_ocgt,109.1354502945,false,6.241,233.281,0.026753143205,2024_ZONE×CONVERSION_TECHNOLOGY_OBSERVED_SHARE,METHANE_GT_OCGT_NON_CHP,106.215733964032,false,false,false,PROJECT DISPATCH SUBBAND PROXY,ELECTRICITY_ONLY_CHP_SPECIFIC_BAND_READY
2050,Base,CALA,GAS_OTHER_FOSSIL,218.270900589,HYDROGEN,hydrogen_gt_ocgt,109.1354502945,true,6.241,233.281,0.026753143205,2024_ZONE×CONVERSION_TECHNOLOGY_OBSERVED_SHARE,HYDROGEN_GT_OCGT_CHP,2.919716330468,false,false,false,PROJECT DISPATCH SUBBAND PROXY,ELECTRICITY_ONLY_CHP_SPECIFIC_BAND_READY
2050,Base,CALA,GAS_OTHER_FOSSIL,218.270900589,HYDROGEN,hydrogen_gt_ocgt,109.1354502945,false,6.241,233.281,0.026753143205,2024_ZONE×CONVERSION_TECHNOLOGY_OBSERVED_SHARE,HYDROGEN_GT_OCGT_NON_CHP,106.215733964032,false,false,false,PROJECT DISPATCH SUBBAND PROXY,ELECTRICITY_ONLY_CHP_SPECIFIC_BAND_READY
2050,Base,SICI,GAS_OTHER_FOSSIL,658.71906795,METHANE,methane_gt_ocgt,329.359533975,true,56.398,704.018,0.08010874722,2024_ZONE×CONVERSION_TECHNOLOGY_OBSERVED_SHARE,METHANE_GT_OCGT_CHP,26.384579651546,false,false,false,PROJECT DISPATCH SUBBAND PROXY,ELECTRICITY_ONLY_CHP_SPECIFIC_BAND_READY
2050,Base,SICI,GAS_OTHER_FOSSIL,658.71906795,METHANE,methane_gt_ocgt,329.359533975,false,56.398,704.018,0.08010874722,2024_ZONE×CONVERSION_TECHNOLOGY_OBSERVED_SHARE,METHANE_GT_OCGT_NON_CHP,302.974954323454,false,false,false,PROJECT DISPATCH SUBBAND PROXY,ELECTRICITY_ONLY_CHP_SPECIFIC_BAND_READY
2050,Base,SICI,GAS_OTHER_FOSSIL,658.71906795,HYDROGEN,hydrogen_gt_ocgt,329.359533975,true,56.398,704.018,0.08010874722,2024_ZONE×CONVERSION_TECHNOLOGY_OBSERVED_SHARE,HYDROGEN_GT_OCGT_CHP,26.384579651546,false,false,false,PROJECT DISPATCH SUBBAND PROXY,ELECTRICITY_ONLY_CHP_SPECIFIC_BAND_READY
2050,Base,SICI,GAS_OTHER_FOSSIL,658.71906795,HYDROGEN,hydrogen_gt_ocgt,329.359533975,false,56.398,704.018,0.08010874722,2024_ZONE×CONVERSION_TECHNOLOGY_OBSERVED_SHARE,HYDROGEN_GT_OCGT_NON_CHP,302.974954323454,false,false,false,PROJECT DISPATCH SUBBAND PROXY,ELECTRICITY_ONLY_CHP_SPECIFIC_BAND_READY
2050,Base,SARD,GAS_OTHER_FOSSIL,140.348485682,METHANE,methane_gt_ocgt,70.174242841,true,0,150,0,2024_ZONE×CONVERSION_TECHNOLOGY_OBSERVED_SHARE,METHANE_GT_OCGT_CHP,0,false,false,false,PROJECT DISPATCH SUBBAND PROXY,ELECTRICITY_ONLY_CHP_SPECIFIC_BAND_READY
2050,Base,SARD,GAS_OTHER_FOSSIL,140.348485682,METHANE,methane_gt_ocgt,70.174242841,false,0,150,0,2024_ZONE×CONVERSION_TECHNOLOGY_OBSERVED_SHARE,METHANE_GT_OCGT_NON_CHP,70.174242841,false,false,false,PROJECT DISPATCH SUBBAND PROXY,ELECTRICITY_ONLY_CHP_SPECIFIC_BAND_READY
2050,Base,SARD,GAS_OTHER_FOSSIL,140.348485682,HYDROGEN,hydrogen_gt_ocgt,70.174242841,true,0,150,0,2024_ZONE×CONVERSION_TECHNOLOGY_OBSERVED_SHARE,HYDROGEN_GT_OCGT_CHP,0,false,false,false,PROJECT DISPATCH SUBBAND PROXY,ELECTRICITY_ONLY_CHP_SPECIFIC_BAND_READY
2050,Base,SARD,GAS_OTHER_FOSSIL,140.348485682,HYDROGEN,hydrogen_gt_ocgt,70.174242841,false,0,150,0,2024_ZONE×CONVERSION_TECHNOLOGY_OBSERVED_SHARE,HYDROGEN_GT_OCGT_NON_CHP,70.174242841,false,false,false,PROJECT DISPATCH SUBBAND PROXY,ELECTRICITY_ONLY_CHP_SPECIFIC_BAND_READY
2050,High,NORD,BIOENERGY,4542.288621371,BIOENERGY,bioenergy,4542.288621371,true,4082.95143,5655.00793,0.722006313791,2024_ZONE×CONVERSION_TECHNOLOGY_OBSERVED_SHARE,BIOENERGY_CHP,3279.561063692347,false,false,false,PROJECT DISPATCH SUBBAND PROXY,ELECTRICITY_ONLY_CHP_SPECIFIC_BAND_READY
2050,High,NORD,BIOENERGY,4542.288621371,BIOENERGY,bioenergy,4542.288621371,false,4082.95143,5655.00793,0.722006313791,2024_ZONE×CONVERSION_TECHNOLOGY_OBSERVED_SHARE,BIOENERGY_NON_CHP,1262.727557678654,false,false,false,PROJECT DISPATCH SUBBAND PROXY,ELECTRICITY_ONLY_CHP_SPECIFIC_BAND_READY
2050,High,CNOR,BIOENERGY,343.258566564,BIOENERGY,bioenergy,343.258566564,true,307.77276,507.22806,0.606773923351,2024_ZONE×CONVERSION_TECHNOLOGY_OBSERVED_SHARE,BIOENERGY_CHP,208.280347157935,false,false,false,PROJECT DISPATCH SUBBAND PROXY,ELECTRICITY_ONLY_CHP_SPECIFIC_BAND_READY
2050,High,CNOR,BIOENERGY,343.258566564,BIOENERGY,bioenergy,343.258566564,false,307.77276,507.22806,0.606773923351,2024_ZONE×CONVERSION_TECHNOLOGY_OBSERVED_SHARE,BIOENERGY_NON_CHP,134.978219406065,false,false,false,PROJECT DISPATCH SUBBAND PROXY,ELECTRICITY_ONLY_CHP_SPECIFIC_BAND_READY
2050,High,CSUD,BIOENERGY,853.41991232,BIOENERGY,bioenergy,853.41991232,true,618.022,2911.16,0.212294068344,2024_ZONE×CONVERSION_TECHNOLOGY_OBSERVED_SHARE,BIOENERGY_CHP,181.175985192099,false,false,false,PROJECT DISPATCH SUBBAND PROXY,ELECTRICITY_ONLY_CHP_SPECIFIC_BAND_READY
2050,High,CSUD,BIOENERGY,853.41991232,BIOENERGY,bioenergy,853.41991232,false,618.022,2911.16,0.212294068344,2024_ZONE×CONVERSION_TECHNOLOGY_OBSERVED_SHARE,BIOENERGY_NON_CHP,672.243927127901,false,false,false,PROJECT DISPATCH SUBBAND PROXY,ELECTRICITY_ONLY_CHP_SPECIFIC_BAND_READY
2050,High,SUD,BIOENERGY,853.850595084,BIOENERGY,bioenergy,853.850595084,true,719.214,3018.504,0.238268360751,2024_ZONE×CONVERSION_TECHNOLOGY_OBSERVED_SHARE,BIOENERGY_CHP,203.445581616835,false,false,false,PROJECT DISPATCH SUBBAND PROXY,ELECTRICITY_ONLY_CHP_SPECIFIC_BAND_READY
2050,High,SUD,BIOENERGY,853.850595084,BIOENERGY,bioenergy,853.850595084,false,719.214,3018.504,0.238268360751,2024_ZONE×CONVERSION_TECHNOLOGY_OBSERVED_SHARE,BIOENERGY_NON_CHP,650.405013467165,false,false,false,PROJECT DISPATCH SUBBAND PROXY,ELECTRICITY_ONLY_CHP_SPECIFIC_BAND_READY
2050,High,CALA,BIOENERGY,335.831107297,BIOENERGY,bioenergy,335.831107297,true,53.619,197.351,0.271693581487,2024_ZONE×CONVERSION_TECHNOLOGY_OBSERVED_SHARE,BIOENERGY_CHP,91.243156316197,false,false,false,PROJECT DISPATCH SUBBAND PROXY,ELECTRICITY_ONLY_CHP_SPECIFIC_BAND_READY
2050,High,CALA,BIOENERGY,335.831107297,BIOENERGY,bioenergy,335.831107297,false,53.619,197.351,0.271693581487,2024_ZONE×CONVERSION_TECHNOLOGY_OBSERVED_SHARE,BIOENERGY_NON_CHP,244.587950980803,false,false,false,PROJECT DISPATCH SUBBAND PROXY,ELECTRICITY_ONLY_CHP_SPECIFIC_BAND_READY
2050,High,SICI,BIOENERGY,132.916357988,BIOENERGY,bioenergy,132.916357988,true,200.2533,1284.7063,0.155874770755,2024_ZONE×CONVERSION_TECHNOLOGY_OBSERVED_SHARE,BIOENERGY_CHP,20.718306830969,false,false,false,PROJECT DISPATCH SUBBAND PROXY,ELECTRICITY_ONLY_CHP_SPECIFIC_BAND_READY
2050,High,SICI,BIOENERGY,132.916357988,BIOENERGY,bioenergy,132.916357988,false,200.2533,1284.7063,0.155874770755,2024_ZONE×CONVERSION_TECHNOLOGY_OBSERVED_SHARE,BIOENERGY_NON_CHP,112.198051157031,false,false,false,PROJECT DISPATCH SUBBAND PROXY,ELECTRICITY_ONLY_CHP_SPECIFIC_BAND_READY
2050,High,SARD,BIOENERGY,212.364886255,BIOENERGY,bioenergy,212.364886255,true,241.775,1397.92,0.172953387891,2024_ZONE×CONVERSION_TECHNOLOGY_OBSERVED_SHARE,BIOENERGY_CHP,36.7292265468,false,false,false,PROJECT DISPATCH SUBBAND PROXY,ELECTRICITY_ONLY_CHP_SPECIFIC_BAND_READY
2050,High,SARD,BIOENERGY,212.364886255,BIOENERGY,bioenergy,212.364886255,false,241.775,1397.92,0.172953387891,2024_ZONE×CONVERSION_TECHNOLOGY_OBSERVED_SHARE,BIOENERGY_NON_CHP,175.6356597082,false,false,false,PROJECT DISPATCH SUBBAND PROXY,ELECTRICITY_ONLY_CHP_SPECIFIC_BAND_READY
2050,High,NORD,BIOENERGY_CCS,2571.106766814,BIOENERGY,bioenergy_ccs,2571.106766814,true,4082.95143,5655.00793,0.722006313791,2024_ZONE×CONVERSION_TECHNOLOGY_OBSERVED_SHARE,BIOENERGY_CCS_CHP,1856.355319071303,false,false,false,PROJECT DISPATCH SUBBAND PROXY,ELECTRICITY_ONLY_CHP_SPECIFIC_BAND_READY
2050,High,NORD,BIOENERGY_CCS,2571.106766814,BIOENERGY,bioenergy_ccs,2571.106766814,false,4082.95143,5655.00793,0.722006313791,2024_ZONE×CONVERSION_TECHNOLOGY_OBSERVED_SHARE,BIOENERGY_CCS_NON_CHP,714.751447742697,false,false,false,PROJECT DISPATCH SUBBAND PROXY,ELECTRICITY_ONLY_CHP_SPECIFIC_BAND_READY
2050,High,CNOR,BIOENERGY_CCS,194.297301828,BIOENERGY,bioenergy_ccs,194.297301828,true,307.77276,507.22806,0.606773923351,2024_ZONE×CONVERSION_TECHNOLOGY_OBSERVED_SHARE,BIOENERGY_CCS_CHP,117.894536126721,false,false,false,PROJECT DISPATCH SUBBAND PROXY,ELECTRICITY_ONLY_CHP_SPECIFIC_BAND_READY
2050,High,CNOR,BIOENERGY_CCS,194.297301828,BIOENERGY,bioenergy_ccs,194.297301828,false,307.77276,507.22806,0.606773923351,2024_ZONE×CONVERSION_TECHNOLOGY_OBSERVED_SHARE,BIOENERGY_CCS_NON_CHP,76.402765701279,false,false,false,PROJECT DISPATCH SUBBAND PROXY,ELECTRICITY_ONLY_CHP_SPECIFIC_BAND_READY
2050,High,CSUD,BIOENERGY_CCS,483.067874898,BIOENERGY,bioenergy_ccs,483.067874898,true,618.022,2911.16,0.212294068344,2024_ZONE×CONVERSION_TECHNOLOGY_OBSERVED_SHARE,BIOENERGY_CCS_CHP,102.552444448334,false,false,false,PROJECT DISPATCH SUBBAND PROXY,ELECTRICITY_ONLY_CHP_SPECIFIC_BAND_READY
2050,High,CSUD,BIOENERGY_CCS,483.067874898,BIOENERGY,bioenergy_ccs,483.067874898,false,618.022,2911.16,0.212294068344,2024_ZONE×CONVERSION_TECHNOLOGY_OBSERVED_SHARE,BIOENERGY_CCS_NON_CHP,380.515430449666,false,false,false,PROJECT DISPATCH SUBBAND PROXY,ELECTRICITY_ONLY_CHP_SPECIFIC_BAND_READY
2050,High,SUD,BIOENERGY_CCS,483.311657595,BIOENERGY,bioenergy_ccs,483.311657595,true,719.214,3018.504,0.238268360751,2024_ZONE×CONVERSION_TECHNOLOGY_OBSERVED_SHARE,BIOENERGY_CCS_CHP,115.157876386955,false,false,false,PROJECT DISPATCH SUBBAND PROXY,ELECTRICITY_ONLY_CHP_SPECIFIC_BAND_READY
2050,High,SUD,BIOENERGY_CCS,483.311657595,BIOENERGY,bioenergy_ccs,483.311657595,false,719.214,3018.504,0.238268360751,2024_ZONE×CONVERSION_TECHNOLOGY_OBSERVED_SHARE,BIOENERGY_CCS_NON_CHP,368.153781208045,false,false,false,PROJECT DISPATCH SUBBAND PROXY,ELECTRICITY_ONLY_CHP_SPECIFIC_BAND_READY
2050,High,CALA,BIOENERGY_CCS,190.093079602,BIOENERGY,bioenergy_ccs,190.093079602,true,53.619,197.351,0.271693581487,2024_ZONE×CONVERSION_TECHNOLOGY_OBSERVED_SHARE,BIOENERGY_CCS_CHP,51.647069612921,false,false,false,PROJECT DISPATCH SUBBAND PROXY,ELECTRICITY_ONLY_CHP_SPECIFIC_BAND_READY
2050,High,CALA,BIOENERGY_CCS,190.093079602,BIOENERGY,bioenergy_ccs,190.093079602,false,53.619,197.351,0.271693581487,2024_ZONE×CONVERSION_TECHNOLOGY_OBSERVED_SHARE,BIOENERGY_CCS_NON_CHP,138.446009989079,false,false,false,PROJECT DISPATCH SUBBAND PROXY,ELECTRICITY_ONLY_CHP_SPECIFIC_BAND_READY
2050,High,SICI,BIOENERGY_CCS,75.235674333,BIOENERGY,bioenergy_ccs,75.235674333,true,200.2533,1284.7063,0.155874770755,2024_ZONE×CONVERSION_TECHNOLOGY_OBSERVED_SHARE,BIOENERGY_CCS_CHP,11.727343489254,false,false,false,PROJECT DISPATCH SUBBAND PROXY,ELECTRICITY_ONLY_CHP_SPECIFIC_BAND_READY
2050,High,SICI,BIOENERGY_CCS,75.235674333,BIOENERGY,bioenergy_ccs,75.235674333,false,200.2533,1284.7063,0.155874770755,2024_ZONE×CONVERSION_TECHNOLOGY_OBSERVED_SHARE,BIOENERGY_CCS_NON_CHP,63.508330843746,false,false,false,PROJECT DISPATCH SUBBAND PROXY,ELECTRICITY_ONLY_CHP_SPECIFIC_BAND_READY
2050,High,SARD,BIOENERGY_CCS,120.20653939,BIOENERGY,bioenergy_ccs,120.20653939,true,241.775,1397.92,0.172953387891,2024_ZONE×CONVERSION_TECHNOLOGY_OBSERVED_SHARE,BIOENERGY_CCS_CHP,20.790128234103,false,false,false,PROJECT DISPATCH SUBBAND PROXY,ELECTRICITY_ONLY_CHP_SPECIFIC_BAND_READY
2050,High,SARD,BIOENERGY_CCS,120.20653939,BIOENERGY,bioenergy_ccs,120.20653939,false,241.775,1397.92,0.172953387891,2024_ZONE×CONVERSION_TECHNOLOGY_OBSERVED_SHARE,BIOENERGY_CCS_NON_CHP,99.416411155897,false,false,false,PROJECT DISPATCH SUBBAND PROXY,ELECTRICITY_ONLY_CHP_SPECIFIC_BAND_READY
2050,High,NORD,GAS_CCS,3516.377767001,METHANE,methane_ccs,3516.377767001,true,10726.618,22753.472999999998,0.471427724462,2024_ZONE×CONVERSION_TECHNOLOGY_OBSERVED_SHARE,METHANE_CCS_CCGT_CHP,1657.717969046428,false,false,false,PROJECT DISPATCH SUBBAND PROXY,ELECTRICITY_ONLY_CHP_SPECIFIC_BAND_READY
2050,High,NORD,GAS_CCS,3516.377767001,METHANE,methane_ccs,3516.377767001,false,10726.618,22753.472999999998,0.471427724462,2024_ZONE×CONVERSION_TECHNOLOGY_OBSERVED_SHARE,METHANE_CCS_CCGT_NON_CHP,1858.659797954572,false,false,false,PROJECT DISPATCH SUBBAND PROXY,ELECTRICITY_ONLY_CHP_SPECIFIC_BAND_READY
2050,High,CNOR,GAS_CCS,243.560931279,METHANE,methane_ccs,243.560931279,true,1123.387,1576.013,0.712803130431,2024_ZONE×CONVERSION_TECHNOLOGY_OBSERVED_SHARE,METHANE_CCS_CCGT_CHP,173.610994266368,false,false,false,PROJECT DISPATCH SUBBAND PROXY,ELECTRICITY_ONLY_CHP_SPECIFIC_BAND_READY
2050,High,CNOR,GAS_CCS,243.560931279,METHANE,methane_ccs,243.560931279,false,1123.387,1576.013,0.712803130431,2024_ZONE×CONVERSION_TECHNOLOGY_OBSERVED_SHARE,METHANE_CCS_CCGT_NON_CHP,69.949937012632,false,false,false,PROJECT DISPATCH SUBBAND PROXY,ELECTRICITY_ONLY_CHP_SPECIFIC_BAND_READY
2050,High,CSUD,GAS_CCS,964.647101768,METHANE,methane_ccs,964.647101768,true,670.765,6241.955,0.107460723443,2024_ZONE×CONVERSION_TECHNOLOGY_OBSERVED_SHARE,METHANE_CCS_CCGT_CHP,103.661675423391,false,false,false,PROJECT DISPATCH SUBBAND PROXY,ELECTRICITY_ONLY_CHP_SPECIFIC_BAND_READY
2050,High,CSUD,GAS_CCS,964.647101768,METHANE,methane_ccs,964.647101768,false,670.765,6241.955,0.107460723443,2024_ZONE×CONVERSION_TECHNOLOGY_OBSERVED_SHARE,METHANE_CCS_CCGT_NON_CHP,860.985426344609,false,false,false,PROJECT DISPATCH SUBBAND PROXY,ELECTRICITY_ONLY_CHP_SPECIFIC_BAND_READY
2050,High,SUD,GAS_CCS,674.038035664,METHANE,methane_ccs,674.038035664,true,2204.229,4361.507,0.505382428596,2024_ZONE×CONVERSION_TECHNOLOGY_OBSERVED_SHARE,METHANE_CCS_CCGT_CHP,340.646979430188,false,false,false,PROJECT DISPATCH SUBBAND PROXY,ELECTRICITY_ONLY_CHP_SPECIFIC_BAND_READY
2050,High,SUD,GAS_CCS,674.038035664,METHANE,methane_ccs,674.038035664,false,2204.229,4361.507,0.505382428596,2024_ZONE×CONVERSION_TECHNOLOGY_OBSERVED_SHARE,METHANE_CCS_CCGT_NON_CHP,333.391056233812,false,false,false,PROJECT DISPATCH SUBBAND PROXY,ELECTRICITY_ONLY_CHP_SPECIFIC_BAND_READY
2050,High,CALA,GAS_CCS,492.887687322,METHANE,methane_ccs,492.887687322,true,1607.335,3189.335,0.503971831118,2024_ZONE×CONVERSION_TECHNOLOGY_OBSERVED_SHARE,METHANE_CCS_CCGT_CHP,248.401510315381,false,false,false,PROJECT DISPATCH SUBBAND PROXY,ELECTRICITY_ONLY_CHP_SPECIFIC_BAND_READY
2050,High,CALA,GAS_CCS,492.887687322,METHANE,methane_ccs,492.887687322,false,1607.335,3189.335,0.503971831118,2024_ZONE×CONVERSION_TECHNOLOGY_OBSERVED_SHARE,METHANE_CCS_CCGT_NON_CHP,244.486177006619,false,false,false,PROJECT DISPATCH SUBBAND PROXY,ELECTRICITY_ONLY_CHP_SPECIFIC_BAND_READY
2050,High,SICI,GAS_CCS,462.056620428,METHANE,methane_ccs,462.056620428,true,1441.836,2989.836,0.482245848936,2024_ZONE×CONVERSION_TECHNOLOGY_OBSERVED_SHARE,METHANE_CCS_CCGT_CHP,222.82488717489,false,false,false,PROJECT DISPATCH SUBBAND PROXY,ELECTRICITY_ONLY_CHP_SPECIFIC_BAND_READY
2050,High,SICI,GAS_CCS,462.056620428,METHANE,methane_ccs,462.056620428,false,1441.836,2989.836,0.482245848936,2024_ZONE×CONVERSION_TECHNOLOGY_OBSERVED_SHARE,METHANE_CCS_CCGT_NON_CHP,239.23173325311,false,false,false,PROJECT DISPATCH SUBBAND PROXY,ELECTRICITY_ONLY_CHP_SPECIFIC_BAND_READY
2050,High,SARD,GAS_CCS,96.898124513,METHANE,methane_ccs,96.898124513,true,591,627,0.942583732057,2024_ZONE×CONVERSION_TECHNOLOGY_OBSERVED_SHARE,METHANE_CCS_CCGT_CHP,91.334595832828,false,false,false,PROJECT DISPATCH SUBBAND PROXY,ELECTRICITY_ONLY_CHP_SPECIFIC_BAND_READY
2050,High,SARD,GAS_CCS,96.898124513,METHANE,methane_ccs,96.898124513,false,591,627,0.942583732057,2024_ZONE×CONVERSION_TECHNOLOGY_OBSERVED_SHARE,METHANE_CCS_CCGT_NON_CHP,5.563528680172,false,false,false,PROJECT DISPATCH SUBBAND PROXY,ELECTRICITY_ONLY_CHP_SPECIFIC_BAND_READY
2050,High,NORD,GAS_OTHER_FOSSIL,850.138477546,METHANE,methane_gt_ocgt,425.069238773,true,740.92438,908.60098,0.815456285332,2024_ZONE×CONVERSION_TECHNOLOGY_OBSERVED_SHARE,METHANE_GT_OCGT_CHP,346.625382458818,false,false,false,PROJECT DISPATCH SUBBAND PROXY,ELECTRICITY_ONLY_CHP_SPECIFIC_BAND_READY
2050,High,NORD,GAS_OTHER_FOSSIL,850.138477546,METHANE,methane_gt_ocgt,425.069238773,false,740.92438,908.60098,0.815456285332,2024_ZONE×CONVERSION_TECHNOLOGY_OBSERVED_SHARE,METHANE_GT_OCGT_NON_CHP,78.443856314182,false,false,false,PROJECT DISPATCH SUBBAND PROXY,ELECTRICITY_ONLY_CHP_SPECIFIC_BAND_READY
2050,High,NORD,GAS_OTHER_FOSSIL,850.138477546,HYDROGEN,hydrogen_gt_ocgt,425.069238773,true,740.92438,908.60098,0.815456285332,2024_ZONE×CONVERSION_TECHNOLOGY_OBSERVED_SHARE,HYDROGEN_GT_OCGT_CHP,346.625382458818,false,false,false,PROJECT DISPATCH SUBBAND PROXY,ELECTRICITY_ONLY_CHP_SPECIFIC_BAND_READY
2050,High,NORD,GAS_OTHER_FOSSIL,850.138477546,HYDROGEN,hydrogen_gt_ocgt,425.069238773,false,740.92438,908.60098,0.815456285332,2024_ZONE×CONVERSION_TECHNOLOGY_OBSERVED_SHARE,HYDROGEN_GT_OCGT_NON_CHP,78.443856314182,false,false,false,PROJECT DISPATCH SUBBAND PROXY,ELECTRICITY_ONLY_CHP_SPECIFIC_BAND_READY
2050,High,CNOR,GAS_OTHER_FOSSIL,483.986138935,METHANE,methane_gt_ocgt,241.9930694675,true,459.399,517.269,0.88812397418,2024_ZONE×CONVERSION_TECHNOLOGY_OBSERVED_SHARE,METHANE_GT_OCGT_CHP,214.919846579439,false,false,false,PROJECT DISPATCH SUBBAND PROXY,ELECTRICITY_ONLY_CHP_SPECIFIC_BAND_READY
2050,High,CNOR,GAS_OTHER_FOSSIL,483.986138935,METHANE,methane_gt_ocgt,241.9930694675,false,459.399,517.269,0.88812397418,2024_ZONE×CONVERSION_TECHNOLOGY_OBSERVED_SHARE,METHANE_GT_OCGT_NON_CHP,27.073222888061,false,false,false,PROJECT DISPATCH SUBBAND PROXY,ELECTRICITY_ONLY_CHP_SPECIFIC_BAND_READY
2050,High,CNOR,GAS_OTHER_FOSSIL,483.986138935,HYDROGEN,hydrogen_gt_ocgt,241.9930694675,true,459.399,517.269,0.88812397418,2024_ZONE×CONVERSION_TECHNOLOGY_OBSERVED_SHARE,HYDROGEN_GT_OCGT_CHP,214.919846579439,false,false,false,PROJECT DISPATCH SUBBAND PROXY,ELECTRICITY_ONLY_CHP_SPECIFIC_BAND_READY
2050,High,CNOR,GAS_OTHER_FOSSIL,483.986138935,HYDROGEN,hydrogen_gt_ocgt,241.9930694675,false,459.399,517.269,0.88812397418,2024_ZONE×CONVERSION_TECHNOLOGY_OBSERVED_SHARE,HYDROGEN_GT_OCGT_NON_CHP,27.073222888061,false,false,false,PROJECT DISPATCH SUBBAND PROXY,ELECTRICITY_ONLY_CHP_SPECIFIC_BAND_READY
2050,High,CSUD,GAS_OTHER_FOSSIL,776.49858148,METHANE,methane_gt_ocgt,388.24929074,true,104.681,829.897,0.126137339935,2024_ZONE×CONVERSION_TECHNOLOGY_OBSERVED_SHARE,METHANE_GT_OCGT_CHP,48.972732765577,false,false,false,PROJECT DISPATCH SUBBAND PROXY,ELECTRICITY_ONLY_CHP_SPECIFIC_BAND_READY
2050,High,CSUD,GAS_OTHER_FOSSIL,776.49858148,METHANE,methane_gt_ocgt,388.24929074,false,104.681,829.897,0.126137339935,2024_ZONE×CONVERSION_TECHNOLOGY_OBSERVED_SHARE,METHANE_GT_OCGT_NON_CHP,339.276557974423,false,false,false,PROJECT DISPATCH SUBBAND PROXY,ELECTRICITY_ONLY_CHP_SPECIFIC_BAND_READY
2050,High,CSUD,GAS_OTHER_FOSSIL,776.49858148,HYDROGEN,hydrogen_gt_ocgt,388.24929074,true,104.681,829.897,0.126137339935,2024_ZONE×CONVERSION_TECHNOLOGY_OBSERVED_SHARE,HYDROGEN_GT_OCGT_CHP,48.972732765577,false,false,false,PROJECT DISPATCH SUBBAND PROXY,ELECTRICITY_ONLY_CHP_SPECIFIC_BAND_READY
2050,High,CSUD,GAS_OTHER_FOSSIL,776.49858148,HYDROGEN,hydrogen_gt_ocgt,388.24929074,false,104.681,829.897,0.126137339935,2024_ZONE×CONVERSION_TECHNOLOGY_OBSERVED_SHARE,HYDROGEN_GT_OCGT_NON_CHP,339.276557974423,false,false,false,PROJECT DISPATCH SUBBAND PROXY,ELECTRICITY_ONLY_CHP_SPECIFIC_BAND_READY
2050,High,SUD,GAS_OTHER_FOSSIL,258.533138507,METHANE,methane_gt_ocgt,129.2665692535,true,24.727,276.312,0.08948941776,2024_ZONE×CONVERSION_TECHNOLOGY_OBSERVED_SHARE,METHANE_GT_OCGT_CHP,11.567990018281,false,false,false,PROJECT DISPATCH SUBBAND PROXY,ELECTRICITY_ONLY_CHP_SPECIFIC_BAND_READY
2050,High,SUD,GAS_OTHER_FOSSIL,258.533138507,METHANE,methane_gt_ocgt,129.2665692535,false,24.727,276.312,0.08948941776,2024_ZONE×CONVERSION_TECHNOLOGY_OBSERVED_SHARE,METHANE_GT_OCGT_NON_CHP,117.698579235219,false,false,false,PROJECT DISPATCH SUBBAND PROXY,ELECTRICITY_ONLY_CHP_SPECIFIC_BAND_READY
2050,High,SUD,GAS_OTHER_FOSSIL,258.533138507,HYDROGEN,hydrogen_gt_ocgt,129.2665692535,true,24.727,276.312,0.08948941776,2024_ZONE×CONVERSION_TECHNOLOGY_OBSERVED_SHARE,HYDROGEN_GT_OCGT_CHP,11.567990018281,false,false,false,PROJECT DISPATCH SUBBAND PROXY,ELECTRICITY_ONLY_CHP_SPECIFIC_BAND_READY
2050,High,SUD,GAS_OTHER_FOSSIL,258.533138507,HYDROGEN,hydrogen_gt_ocgt,129.2665692535,false,24.727,276.312,0.08948941776,2024_ZONE×CONVERSION_TECHNOLOGY_OBSERVED_SHARE,HYDROGEN_GT_OCGT_NON_CHP,117.698579235219,false,false,false,PROJECT DISPATCH SUBBAND PROXY,ELECTRICITY_ONLY_CHP_SPECIFIC_BAND_READY
2050,High,CALA,GAS_OTHER_FOSSIL,218.270900589,METHANE,methane_gt_ocgt,109.1354502945,true,6.241,233.281,0.026753143205,2024_ZONE×CONVERSION_TECHNOLOGY_OBSERVED_SHARE,METHANE_GT_OCGT_CHP,2.919716330468,false,false,false,PROJECT DISPATCH SUBBAND PROXY,ELECTRICITY_ONLY_CHP_SPECIFIC_BAND_READY
2050,High,CALA,GAS_OTHER_FOSSIL,218.270900589,METHANE,methane_gt_ocgt,109.1354502945,false,6.241,233.281,0.026753143205,2024_ZONE×CONVERSION_TECHNOLOGY_OBSERVED_SHARE,METHANE_GT_OCGT_NON_CHP,106.215733964032,false,false,false,PROJECT DISPATCH SUBBAND PROXY,ELECTRICITY_ONLY_CHP_SPECIFIC_BAND_READY
2050,High,CALA,GAS_OTHER_FOSSIL,218.270900589,HYDROGEN,hydrogen_gt_ocgt,109.1354502945,true,6.241,233.281,0.026753143205,2024_ZONE×CONVERSION_TECHNOLOGY_OBSERVED_SHARE,HYDROGEN_GT_OCGT_CHP,2.919716330468,false,false,false,PROJECT DISPATCH SUBBAND PROXY,ELECTRICITY_ONLY_CHP_SPECIFIC_BAND_READY
2050,High,CALA,GAS_OTHER_FOSSIL,218.270900589,HYDROGEN,hydrogen_gt_ocgt,109.1354502945,false,6.241,233.281,0.026753143205,2024_ZONE×CONVERSION_TECHNOLOGY_OBSERVED_SHARE,HYDROGEN_GT_OCGT_NON_CHP,106.215733964032,false,false,false,PROJECT DISPATCH SUBBAND PROXY,ELECTRICITY_ONLY_CHP_SPECIFIC_BAND_READY
2050,High,SICI,GAS_OTHER_FOSSIL,658.71906795,METHANE,methane_gt_ocgt,329.359533975,true,56.398,704.018,0.08010874722,2024_ZONE×CONVERSION_TECHNOLOGY_OBSERVED_SHARE,METHANE_GT_OCGT_CHP,26.384579651546,false,false,false,PROJECT DISPATCH SUBBAND PROXY,ELECTRICITY_ONLY_CHP_SPECIFIC_BAND_READY
2050,High,SICI,GAS_OTHER_FOSSIL,658.71906795,METHANE,methane_gt_ocgt,329.359533975,false,56.398,704.018,0.08010874722,2024_ZONE×CONVERSION_TECHNOLOGY_OBSERVED_SHARE,METHANE_GT_OCGT_NON_CHP,302.974954323454,false,false,false,PROJECT DISPATCH SUBBAND PROXY,ELECTRICITY_ONLY_CHP_SPECIFIC_BAND_READY
2050,High,SICI,GAS_OTHER_FOSSIL,658.71906795,HYDROGEN,hydrogen_gt_ocgt,329.359533975,true,56.398,704.018,0.08010874722,2024_ZONE×CONVERSION_TECHNOLOGY_OBSERVED_SHARE,HYDROGEN_GT_OCGT_CHP,26.384579651546,false,false,false,PROJECT DISPATCH SUBBAND PROXY,ELECTRICITY_ONLY_CHP_SPECIFIC_BAND_READY
2050,High,SICI,GAS_OTHER_FOSSIL,658.71906795,HYDROGEN,hydrogen_gt_ocgt,329.359533975,false,56.398,704.018,0.08010874722,2024_ZONE×CONVERSION_TECHNOLOGY_OBSERVED_SHARE,HYDROGEN_GT_OCGT_NON_CHP,302.974954323454,false,false,false,PROJECT DISPATCH SUBBAND PROXY,ELECTRICITY_ONLY_CHP_SPECIFIC_BAND_READY
2050,High,SARD,GAS_OTHER_FOSSIL,140.348485682,METHANE,methane_gt_ocgt,70.174242841,true,0,150,0,2024_ZONE×CONVERSION_TECHNOLOGY_OBSERVED_SHARE,METHANE_GT_OCGT_CHP,0,false,false,false,PROJECT DISPATCH SUBBAND PROXY,ELECTRICITY_ONLY_CHP_SPECIFIC_BAND_READY
2050,High,SARD,GAS_OTHER_FOSSIL,140.348485682,METHANE,methane_gt_ocgt,70.174242841,false,0,150,0,2024_ZONE×CONVERSION_TECHNOLOGY_OBSERVED_SHARE,METHANE_GT_OCGT_NON_CHP,70.174242841,false,false,false,PROJECT DISPATCH SUBBAND PROXY,ELECTRICITY_ONLY_CHP_SPECIFIC_BAND_READY
2050,High,SARD,GAS_OTHER_FOSSIL,140.348485682,HYDROGEN,hydrogen_gt_ocgt,70.174242841,true,0,150,0,2024_ZONE×CONVERSION_TECHNOLOGY_OBSERVED_SHARE,HYDROGEN_GT_OCGT_CHP,0,false,false,false,PROJECT DISPATCH SUBBAND PROXY,ELECTRICITY_ONLY_CHP_SPECIFIC_BAND_READY
2050,High,SARD,GAS_OTHER_FOSSIL,140.348485682,HYDROGEN,hydrogen_gt_ocgt,70.174242841,false,0,150,0,2024_ZONE×CONVERSION_TECHNOLOGY_OBSERVED_SHARE,HYDROGEN_GT_OCGT_NON_CHP,70.174242841,false,false,false,PROJECT DISPATCH SUBBAND PROXY,ELECTRICITY_ONLY_CHP_SPECIFIC_BAND_READY
