year,scenario_applicability,zone,technology,solver_subtechnology,CHP_flag,fuel,carrier,CCS_flag,efficiency_el,efficiency_basis,VOM_EUR2025_per_MWh_el,fuel_price_EUR2025_per_MWh_th,fuel_price_source,direct_CO2_t_per_MWh_th,direct_physical_CO2_t_per_MWh_el,capture_rate,residual_CO2_t_per_MWh_th,chargeable_CO2_t_per_MWh_th,CO2_price_EUR2025_per_t,carbon_cost_treatment,other_variable_cost_EUR2025_per_MWh_el,marginal_cost_EUR2025_per_MWh_el,availability_parameter,availability_definition,source,evidence_class,status
2040,SLOW|BASE|HIGH,NORD,SOLAR_PV_ROOFTOP,SOLAR_PV_ROOFTOP,false,NONE,solar_pv_rooftop,false,,NOT_APPLICABLE,0,0,NOT_APPLICABLE,0,0,0,0,0,104.5504,ZERO_DIRECT_OPERATIONAL_CO2,0,0,,Hourly weather profile required in Phase 4C,SCENARIO_CAPACITY_PACKAGE_V2,READY_NA / READY_ZERO,STATIC_READY; HOURLY_PROFILE_PENDING
2040,SLOW|BASE|HIGH,CNOR,SOLAR_PV_ROOFTOP,SOLAR_PV_ROOFTOP,false,NONE,solar_pv_rooftop,false,,NOT_APPLICABLE,0,0,NOT_APPLICABLE,0,0,0,0,0,104.5504,ZERO_DIRECT_OPERATIONAL_CO2,0,0,,Hourly weather profile required in Phase 4C,SCENARIO_CAPACITY_PACKAGE_V2,READY_NA / READY_ZERO,STATIC_READY; HOURLY_PROFILE_PENDING
2040,SLOW|BASE|HIGH,CSUD,SOLAR_PV_ROOFTOP,SOLAR_PV_ROOFTOP,false,NONE,solar_pv_rooftop,false,,NOT_APPLICABLE,0,0,NOT_APPLICABLE,0,0,0,0,0,104.5504,ZERO_DIRECT_OPERATIONAL_CO2,0,0,,Hourly weather profile required in Phase 4C,SCENARIO_CAPACITY_PACKAGE_V2,READY_NA / READY_ZERO,STATIC_READY; HOURLY_PROFILE_PENDING
2040,SLOW|BASE|HIGH,SUD,SOLAR_PV_ROOFTOP,SOLAR_PV_ROOFTOP,false,NONE,solar_pv_rooftop,false,,NOT_APPLICABLE,0,0,NOT_APPLICABLE,0,0,0,0,0,104.5504,ZERO_DIRECT_OPERATIONAL_CO2,0,0,,Hourly weather profile required in Phase 4C,SCENARIO_CAPACITY_PACKAGE_V2,READY_NA / READY_ZERO,STATIC_READY; HOURLY_PROFILE_PENDING
2040,SLOW|BASE|HIGH,CALA,SOLAR_PV_ROOFTOP,SOLAR_PV_ROOFTOP,false,NONE,solar_pv_rooftop,false,,NOT_APPLICABLE,0,0,NOT_APPLICABLE,0,0,0,0,0,104.5504,ZERO_DIRECT_OPERATIONAL_CO2,0,0,,Hourly weather profile required in Phase 4C,SCENARIO_CAPACITY_PACKAGE_V2,READY_NA / READY_ZERO,STATIC_READY; HOURLY_PROFILE_PENDING
2040,SLOW|BASE|HIGH,SICI,SOLAR_PV_ROOFTOP,SOLAR_PV_ROOFTOP,false,NONE,solar_pv_rooftop,false,,NOT_APPLICABLE,0,0,NOT_APPLICABLE,0,0,0,0,0,104.5504,ZERO_DIRECT_OPERATIONAL_CO2,0,0,,Hourly weather profile required in Phase 4C,SCENARIO_CAPACITY_PACKAGE_V2,READY_NA / READY_ZERO,STATIC_READY; HOURLY_PROFILE_PENDING
2040,SLOW|BASE|HIGH,SARD,SOLAR_PV_ROOFTOP,SOLAR_PV_ROOFTOP,false,NONE,solar_pv_rooftop,false,,NOT_APPLICABLE,0,0,NOT_APPLICABLE,0,0,0,0,0,104.5504,ZERO_DIRECT_OPERATIONAL_CO2,0,0,,Hourly weather profile required in Phase 4C,SCENARIO_CAPACITY_PACKAGE_V2,READY_NA / READY_ZERO,STATIC_READY; HOURLY_PROFILE_PENDING
2040,SLOW|BASE|HIGH,NORD,SOLAR_PV_UTILITY,SOLAR_PV_UTILITY,false,NONE,solar_pv_utility,false,,NOT_APPLICABLE,0,0,NOT_APPLICABLE,0,0,0,0,0,104.5504,ZERO_DIRECT_OPERATIONAL_CO2,0,0,,Hourly weather profile required in Phase 4C,SCENARIO_CAPACITY_PACKAGE_V2,READY_NA / READY_ZERO,STATIC_READY; HOURLY_PROFILE_PENDING
2040,SLOW|BASE|HIGH,CNOR,SOLAR_PV_UTILITY,SOLAR_PV_UTILITY,false,NONE,solar_pv_utility,false,,NOT_APPLICABLE,0,0,NOT_APPLICABLE,0,0,0,0,0,104.5504,ZERO_DIRECT_OPERATIONAL_CO2,0,0,,Hourly weather profile required in Phase 4C,SCENARIO_CAPACITY_PACKAGE_V2,READY_NA / READY_ZERO,STATIC_READY; HOURLY_PROFILE_PENDING
2040,SLOW|BASE|HIGH,CSUD,SOLAR_PV_UTILITY,SOLAR_PV_UTILITY,false,NONE,solar_pv_utility,false,,NOT_APPLICABLE,0,0,NOT_APPLICABLE,0,0,0,0,0,104.5504,ZERO_DIRECT_OPERATIONAL_CO2,0,0,,Hourly weather profile required in Phase 4C,SCENARIO_CAPACITY_PACKAGE_V2,READY_NA / READY_ZERO,STATIC_READY; HOURLY_PROFILE_PENDING
2040,SLOW|BASE|HIGH,SUD,SOLAR_PV_UTILITY,SOLAR_PV_UTILITY,false,NONE,solar_pv_utility,false,,NOT_APPLICABLE,0,0,NOT_APPLICABLE,0,0,0,0,0,104.5504,ZERO_DIRECT_OPERATIONAL_CO2,0,0,,Hourly weather profile required in Phase 4C,SCENARIO_CAPACITY_PACKAGE_V2,READY_NA / READY_ZERO,STATIC_READY; HOURLY_PROFILE_PENDING
2040,SLOW|BASE|HIGH,CALA,SOLAR_PV_UTILITY,SOLAR_PV_UTILITY,false,NONE,solar_pv_utility,false,,NOT_APPLICABLE,0,0,NOT_APPLICABLE,0,0,0,0,0,104.5504,ZERO_DIRECT_OPERATIONAL_CO2,0,0,,Hourly weather profile required in Phase 4C,SCENARIO_CAPACITY_PACKAGE_V2,READY_NA / READY_ZERO,STATIC_READY; HOURLY_PROFILE_PENDING
2040,SLOW|BASE|HIGH,SICI,SOLAR_PV_UTILITY,SOLAR_PV_UTILITY,false,NONE,solar_pv_utility,false,,NOT_APPLICABLE,0,0,NOT_APPLICABLE,0,0,0,0,0,104.5504,ZERO_DIRECT_OPERATIONAL_CO2,0,0,,Hourly weather profile required in Phase 4C,SCENARIO_CAPACITY_PACKAGE_V2,READY_NA / READY_ZERO,STATIC_READY; HOURLY_PROFILE_PENDING
2040,SLOW|BASE|HIGH,SARD,SOLAR_PV_UTILITY,SOLAR_PV_UTILITY,false,NONE,solar_pv_utility,false,,NOT_APPLICABLE,0,0,NOT_APPLICABLE,0,0,0,0,0,104.5504,ZERO_DIRECT_OPERATIONAL_CO2,0,0,,Hourly weather profile required in Phase 4C,SCENARIO_CAPACITY_PACKAGE_V2,READY_NA / READY_ZERO,STATIC_READY; HOURLY_PROFILE_PENDING
2040,SLOW|BASE|HIGH,NORD,WIND_ONSHORE,WIND_ONSHORE,false,NONE,wind_onshore,false,,NOT_APPLICABLE,0,0,NOT_APPLICABLE,0,0,0,0,0,104.5504,ZERO_DIRECT_OPERATIONAL_CO2,0,0,,Hourly weather profile required in Phase 4C,SCENARIO_CAPACITY_PACKAGE_V2,READY_NA / READY_ZERO,STATIC_READY; HOURLY_PROFILE_PENDING
2040,SLOW|BASE|HIGH,CNOR,WIND_ONSHORE,WIND_ONSHORE,false,NONE,wind_onshore,false,,NOT_APPLICABLE,0,0,NOT_APPLICABLE,0,0,0,0,0,104.5504,ZERO_DIRECT_OPERATIONAL_CO2,0,0,,Hourly weather profile required in Phase 4C,SCENARIO_CAPACITY_PACKAGE_V2,READY_NA / READY_ZERO,STATIC_READY; HOURLY_PROFILE_PENDING
2040,SLOW|BASE|HIGH,CSUD,WIND_ONSHORE,WIND_ONSHORE,false,NONE,wind_onshore,false,,NOT_APPLICABLE,0,0,NOT_APPLICABLE,0,0,0,0,0,104.5504,ZERO_DIRECT_OPERATIONAL_CO2,0,0,,Hourly weather profile required in Phase 4C,SCENARIO_CAPACITY_PACKAGE_V2,READY_NA / READY_ZERO,STATIC_READY; HOURLY_PROFILE_PENDING
2040,SLOW|BASE|HIGH,SUD,WIND_ONSHORE,WIND_ONSHORE,false,NONE,wind_onshore,false,,NOT_APPLICABLE,0,0,NOT_APPLICABLE,0,0,0,0,0,104.5504,ZERO_DIRECT_OPERATIONAL_CO2,0,0,,Hourly weather profile required in Phase 4C,SCENARIO_CAPACITY_PACKAGE_V2,READY_NA / READY_ZERO,STATIC_READY; HOURLY_PROFILE_PENDING
2040,SLOW|BASE|HIGH,CALA,WIND_ONSHORE,WIND_ONSHORE,false,NONE,wind_onshore,false,,NOT_APPLICABLE,0,0,NOT_APPLICABLE,0,0,0,0,0,104.5504,ZERO_DIRECT_OPERATIONAL_CO2,0,0,,Hourly weather profile required in Phase 4C,SCENARIO_CAPACITY_PACKAGE_V2,READY_NA / READY_ZERO,STATIC_READY; HOURLY_PROFILE_PENDING
2040,SLOW|BASE|HIGH,SICI,WIND_ONSHORE,WIND_ONSHORE,false,NONE,wind_onshore,false,,NOT_APPLICABLE,0,0,NOT_APPLICABLE,0,0,0,0,0,104.5504,ZERO_DIRECT_OPERATIONAL_CO2,0,0,,Hourly weather profile required in Phase 4C,SCENARIO_CAPACITY_PACKAGE_V2,READY_NA / READY_ZERO,STATIC_READY; HOURLY_PROFILE_PENDING
2040,SLOW|BASE|HIGH,SARD,WIND_ONSHORE,WIND_ONSHORE,false,NONE,wind_onshore,false,,NOT_APPLICABLE,0,0,NOT_APPLICABLE,0,0,0,0,0,104.5504,ZERO_DIRECT_OPERATIONAL_CO2,0,0,,Hourly weather profile required in Phase 4C,SCENARIO_CAPACITY_PACKAGE_V2,READY_NA / READY_ZERO,STATIC_READY; HOURLY_PROFILE_PENDING
2040,SLOW|BASE|HIGH,NORD,WIND_OFFSHORE,WIND_OFFSHORE,false,NONE,wind_offshore,false,,NOT_APPLICABLE,0,0,NOT_APPLICABLE,0,0,0,0,0,104.5504,ZERO_DIRECT_OPERATIONAL_CO2,0,0,,Hourly weather profile required in Phase 4C,SCENARIO_CAPACITY_PACKAGE_V2,READY_NA / READY_ZERO,STATIC_READY; HOURLY_PROFILE_PENDING
2040,SLOW|BASE|HIGH,CNOR,WIND_OFFSHORE,WIND_OFFSHORE,false,NONE,wind_offshore,false,,NOT_APPLICABLE,0,0,NOT_APPLICABLE,0,0,0,0,0,104.5504,ZERO_DIRECT_OPERATIONAL_CO2,0,0,,Hourly weather profile required in Phase 4C,SCENARIO_CAPACITY_PACKAGE_V2,READY_NA / READY_ZERO,STATIC_READY; HOURLY_PROFILE_PENDING
2040,SLOW|BASE|HIGH,CSUD,WIND_OFFSHORE,WIND_OFFSHORE,false,NONE,wind_offshore,false,,NOT_APPLICABLE,0,0,NOT_APPLICABLE,0,0,0,0,0,104.5504,ZERO_DIRECT_OPERATIONAL_CO2,0,0,,Hourly weather profile required in Phase 4C,SCENARIO_CAPACITY_PACKAGE_V2,READY_NA / READY_ZERO,STATIC_READY; HOURLY_PROFILE_PENDING
2040,SLOW|BASE|HIGH,SUD,WIND_OFFSHORE,WIND_OFFSHORE,false,NONE,wind_offshore,false,,NOT_APPLICABLE,0,0,NOT_APPLICABLE,0,0,0,0,0,104.5504,ZERO_DIRECT_OPERATIONAL_CO2,0,0,,Hourly weather profile required in Phase 4C,SCENARIO_CAPACITY_PACKAGE_V2,READY_NA / READY_ZERO,STATIC_READY; HOURLY_PROFILE_PENDING
2040,SLOW|BASE|HIGH,CALA,WIND_OFFSHORE,WIND_OFFSHORE,false,NONE,wind_offshore,false,,NOT_APPLICABLE,0,0,NOT_APPLICABLE,0,0,0,0,0,104.5504,ZERO_DIRECT_OPERATIONAL_CO2,0,0,,Hourly weather profile required in Phase 4C,SCENARIO_CAPACITY_PACKAGE_V2,READY_NA / READY_ZERO,STATIC_READY; HOURLY_PROFILE_PENDING
2040,SLOW|BASE|HIGH,SICI,WIND_OFFSHORE,WIND_OFFSHORE,false,NONE,wind_offshore,false,,NOT_APPLICABLE,0,0,NOT_APPLICABLE,0,0,0,0,0,104.5504,ZERO_DIRECT_OPERATIONAL_CO2,0,0,,Hourly weather profile required in Phase 4C,SCENARIO_CAPACITY_PACKAGE_V2,READY_NA / READY_ZERO,STATIC_READY; HOURLY_PROFILE_PENDING
2040,SLOW|BASE|HIGH,SARD,WIND_OFFSHORE,WIND_OFFSHORE,false,NONE,wind_offshore,false,,NOT_APPLICABLE,0,0,NOT_APPLICABLE,0,0,0,0,0,104.5504,ZERO_DIRECT_OPERATIONAL_CO2,0,0,,Hourly weather profile required in Phase 4C,SCENARIO_CAPACITY_PACKAGE_V2,READY_NA / READY_ZERO,STATIC_READY; HOURLY_PROFILE_PENDING
2040,SLOW|BASE|HIGH,NORD,HYDRO_RUN_OF_RIVER,HYDRO_RUN_OF_RIVER,false,WATER_INFLOW,hydro_run_of_river,false,0.9,TURBINE ELECTRIC EFFICIENCY CANDIDATE,0,0,NOT_APPLICABLE,0,0,0,0,0,104.5504,ZERO_DIRECT_OPERATIONAL_CO2,0,0,,Hourly inflow-limited profile; annual energy reconciles to Terna,PYPSA_TECHNOLOGY_DATA_V0_15_HYDRO,PROJECT ASSUMPTION,STATIC_READY; HOURLY_INFLOW_PENDING
2040,SLOW|BASE|HIGH,CNOR,HYDRO_RUN_OF_RIVER,HYDRO_RUN_OF_RIVER,false,WATER_INFLOW,hydro_run_of_river,false,0.9,TURBINE ELECTRIC EFFICIENCY CANDIDATE,0,0,NOT_APPLICABLE,0,0,0,0,0,104.5504,ZERO_DIRECT_OPERATIONAL_CO2,0,0,,Hourly inflow-limited profile; annual energy reconciles to Terna,PYPSA_TECHNOLOGY_DATA_V0_15_HYDRO,PROJECT ASSUMPTION,STATIC_READY; HOURLY_INFLOW_PENDING
2040,SLOW|BASE|HIGH,CSUD,HYDRO_RUN_OF_RIVER,HYDRO_RUN_OF_RIVER,false,WATER_INFLOW,hydro_run_of_river,false,0.9,TURBINE ELECTRIC EFFICIENCY CANDIDATE,0,0,NOT_APPLICABLE,0,0,0,0,0,104.5504,ZERO_DIRECT_OPERATIONAL_CO2,0,0,,Hourly inflow-limited profile; annual energy reconciles to Terna,PYPSA_TECHNOLOGY_DATA_V0_15_HYDRO,PROJECT ASSUMPTION,STATIC_READY; HOURLY_INFLOW_PENDING
2040,SLOW|BASE|HIGH,SUD,HYDRO_RUN_OF_RIVER,HYDRO_RUN_OF_RIVER,false,WATER_INFLOW,hydro_run_of_river,false,0.9,TURBINE ELECTRIC EFFICIENCY CANDIDATE,0,0,NOT_APPLICABLE,0,0,0,0,0,104.5504,ZERO_DIRECT_OPERATIONAL_CO2,0,0,,Hourly inflow-limited profile; annual energy reconciles to Terna,PYPSA_TECHNOLOGY_DATA_V0_15_HYDRO,PROJECT ASSUMPTION,STATIC_READY; HOURLY_INFLOW_PENDING
2040,SLOW|BASE|HIGH,CALA,HYDRO_RUN_OF_RIVER,HYDRO_RUN_OF_RIVER,false,WATER_INFLOW,hydro_run_of_river,false,0.9,TURBINE ELECTRIC EFFICIENCY CANDIDATE,0,0,NOT_APPLICABLE,0,0,0,0,0,104.5504,ZERO_DIRECT_OPERATIONAL_CO2,0,0,,Hourly inflow-limited profile; annual energy reconciles to Terna,PYPSA_TECHNOLOGY_DATA_V0_15_HYDRO,PROJECT ASSUMPTION,STATIC_READY; HOURLY_INFLOW_PENDING
2040,SLOW|BASE|HIGH,SICI,HYDRO_RUN_OF_RIVER,HYDRO_RUN_OF_RIVER,false,WATER_INFLOW,hydro_run_of_river,false,0.9,TURBINE ELECTRIC EFFICIENCY CANDIDATE,0,0,NOT_APPLICABLE,0,0,0,0,0,104.5504,ZERO_DIRECT_OPERATIONAL_CO2,0,0,,Hourly inflow-limited profile; annual energy reconciles to Terna,PYPSA_TECHNOLOGY_DATA_V0_15_HYDRO,PROJECT ASSUMPTION,STATIC_READY; HOURLY_INFLOW_PENDING
2040,SLOW|BASE|HIGH,SARD,HYDRO_RUN_OF_RIVER,HYDRO_RUN_OF_RIVER,false,WATER_INFLOW,hydro_run_of_river,false,0.9,TURBINE ELECTRIC EFFICIENCY CANDIDATE,0,0,NOT_APPLICABLE,0,0,0,0,0,104.5504,ZERO_DIRECT_OPERATIONAL_CO2,0,0,,Hourly inflow-limited profile; annual energy reconciles to Terna,PYPSA_TECHNOLOGY_DATA_V0_15_HYDRO,PROJECT ASSUMPTION,STATIC_READY; HOURLY_INFLOW_PENDING
2050,SLOW|BASE|HIGH,NORD,SOLAR_PV_ROOFTOP,SOLAR_PV_ROOFTOP,false,NONE,solar_pv_rooftop,false,,NOT_APPLICABLE,0,0,NOT_APPLICABLE,0,0,0,0,0,400,ZERO_DIRECT_OPERATIONAL_CO2,0,0,,Hourly weather profile required in Phase 4C,SCENARIO_CAPACITY_PACKAGE_V2,READY_NA / READY_ZERO,STATIC_READY; HOURLY_PROFILE_PENDING
2050,SLOW|BASE|HIGH,CNOR,SOLAR_PV_ROOFTOP,SOLAR_PV_ROOFTOP,false,NONE,solar_pv_rooftop,false,,NOT_APPLICABLE,0,0,NOT_APPLICABLE,0,0,0,0,0,400,ZERO_DIRECT_OPERATIONAL_CO2,0,0,,Hourly weather profile required in Phase 4C,SCENARIO_CAPACITY_PACKAGE_V2,READY_NA / READY_ZERO,STATIC_READY; HOURLY_PROFILE_PENDING
2050,SLOW|BASE|HIGH,CSUD,SOLAR_PV_ROOFTOP,SOLAR_PV_ROOFTOP,false,NONE,solar_pv_rooftop,false,,NOT_APPLICABLE,0,0,NOT_APPLICABLE,0,0,0,0,0,400,ZERO_DIRECT_OPERATIONAL_CO2,0,0,,Hourly weather profile required in Phase 4C,SCENARIO_CAPACITY_PACKAGE_V2,READY_NA / READY_ZERO,STATIC_READY; HOURLY_PROFILE_PENDING
2050,SLOW|BASE|HIGH,SUD,SOLAR_PV_ROOFTOP,SOLAR_PV_ROOFTOP,false,NONE,solar_pv_rooftop,false,,NOT_APPLICABLE,0,0,NOT_APPLICABLE,0,0,0,0,0,400,ZERO_DIRECT_OPERATIONAL_CO2,0,0,,Hourly weather profile required in Phase 4C,SCENARIO_CAPACITY_PACKAGE_V2,READY_NA / READY_ZERO,STATIC_READY; HOURLY_PROFILE_PENDING
2050,SLOW|BASE|HIGH,CALA,SOLAR_PV_ROOFTOP,SOLAR_PV_ROOFTOP,false,NONE,solar_pv_rooftop,false,,NOT_APPLICABLE,0,0,NOT_APPLICABLE,0,0,0,0,0,400,ZERO_DIRECT_OPERATIONAL_CO2,0,0,,Hourly weather profile required in Phase 4C,SCENARIO_CAPACITY_PACKAGE_V2,READY_NA / READY_ZERO,STATIC_READY; HOURLY_PROFILE_PENDING
2050,SLOW|BASE|HIGH,SICI,SOLAR_PV_ROOFTOP,SOLAR_PV_ROOFTOP,false,NONE,solar_pv_rooftop,false,,NOT_APPLICABLE,0,0,NOT_APPLICABLE,0,0,0,0,0,400,ZERO_DIRECT_OPERATIONAL_CO2,0,0,,Hourly weather profile required in Phase 4C,SCENARIO_CAPACITY_PACKAGE_V2,READY_NA / READY_ZERO,STATIC_READY; HOURLY_PROFILE_PENDING
2050,SLOW|BASE|HIGH,SARD,SOLAR_PV_ROOFTOP,SOLAR_PV_ROOFTOP,false,NONE,solar_pv_rooftop,false,,NOT_APPLICABLE,0,0,NOT_APPLICABLE,0,0,0,0,0,400,ZERO_DIRECT_OPERATIONAL_CO2,0,0,,Hourly weather profile required in Phase 4C,SCENARIO_CAPACITY_PACKAGE_V2,READY_NA / READY_ZERO,STATIC_READY; HOURLY_PROFILE_PENDING
2050,SLOW|BASE|HIGH,NORD,SOLAR_PV_UTILITY,SOLAR_PV_UTILITY,false,NONE,solar_pv_utility,false,,NOT_APPLICABLE,0,0,NOT_APPLICABLE,0,0,0,0,0,400,ZERO_DIRECT_OPERATIONAL_CO2,0,0,,Hourly weather profile required in Phase 4C,SCENARIO_CAPACITY_PACKAGE_V2,READY_NA / READY_ZERO,STATIC_READY; HOURLY_PROFILE_PENDING
2050,SLOW|BASE|HIGH,CNOR,SOLAR_PV_UTILITY,SOLAR_PV_UTILITY,false,NONE,solar_pv_utility,false,,NOT_APPLICABLE,0,0,NOT_APPLICABLE,0,0,0,0,0,400,ZERO_DIRECT_OPERATIONAL_CO2,0,0,,Hourly weather profile required in Phase 4C,SCENARIO_CAPACITY_PACKAGE_V2,READY_NA / READY_ZERO,STATIC_READY; HOURLY_PROFILE_PENDING
2050,SLOW|BASE|HIGH,CSUD,SOLAR_PV_UTILITY,SOLAR_PV_UTILITY,false,NONE,solar_pv_utility,false,,NOT_APPLICABLE,0,0,NOT_APPLICABLE,0,0,0,0,0,400,ZERO_DIRECT_OPERATIONAL_CO2,0,0,,Hourly weather profile required in Phase 4C,SCENARIO_CAPACITY_PACKAGE_V2,READY_NA / READY_ZERO,STATIC_READY; HOURLY_PROFILE_PENDING
2050,SLOW|BASE|HIGH,SUD,SOLAR_PV_UTILITY,SOLAR_PV_UTILITY,false,NONE,solar_pv_utility,false,,NOT_APPLICABLE,0,0,NOT_APPLICABLE,0,0,0,0,0,400,ZERO_DIRECT_OPERATIONAL_CO2,0,0,,Hourly weather profile required in Phase 4C,SCENARIO_CAPACITY_PACKAGE_V2,READY_NA / READY_ZERO,STATIC_READY; HOURLY_PROFILE_PENDING
2050,SLOW|BASE|HIGH,CALA,SOLAR_PV_UTILITY,SOLAR_PV_UTILITY,false,NONE,solar_pv_utility,false,,NOT_APPLICABLE,0,0,NOT_APPLICABLE,0,0,0,0,0,400,ZERO_DIRECT_OPERATIONAL_CO2,0,0,,Hourly weather profile required in Phase 4C,SCENARIO_CAPACITY_PACKAGE_V2,READY_NA / READY_ZERO,STATIC_READY; HOURLY_PROFILE_PENDING
2050,SLOW|BASE|HIGH,SICI,SOLAR_PV_UTILITY,SOLAR_PV_UTILITY,false,NONE,solar_pv_utility,false,,NOT_APPLICABLE,0,0,NOT_APPLICABLE,0,0,0,0,0,400,ZERO_DIRECT_OPERATIONAL_CO2,0,0,,Hourly weather profile required in Phase 4C,SCENARIO_CAPACITY_PACKAGE_V2,READY_NA / READY_ZERO,STATIC_READY; HOURLY_PROFILE_PENDING
2050,SLOW|BASE|HIGH,SARD,SOLAR_PV_UTILITY,SOLAR_PV_UTILITY,false,NONE,solar_pv_utility,false,,NOT_APPLICABLE,0,0,NOT_APPLICABLE,0,0,0,0,0,400,ZERO_DIRECT_OPERATIONAL_CO2,0,0,,Hourly weather profile required in Phase 4C,SCENARIO_CAPACITY_PACKAGE_V2,READY_NA / READY_ZERO,STATIC_READY; HOURLY_PROFILE_PENDING
2050,SLOW|BASE|HIGH,NORD,WIND_ONSHORE,WIND_ONSHORE,false,NONE,wind_onshore,false,,NOT_APPLICABLE,0,0,NOT_APPLICABLE,0,0,0,0,0,400,ZERO_DIRECT_OPERATIONAL_CO2,0,0,,Hourly weather profile required in Phase 4C,SCENARIO_CAPACITY_PACKAGE_V2,READY_NA / READY_ZERO,STATIC_READY; HOURLY_PROFILE_PENDING
2050,SLOW|BASE|HIGH,CNOR,WIND_ONSHORE,WIND_ONSHORE,false,NONE,wind_onshore,false,,NOT_APPLICABLE,0,0,NOT_APPLICABLE,0,0,0,0,0,400,ZERO_DIRECT_OPERATIONAL_CO2,0,0,,Hourly weather profile required in Phase 4C,SCENARIO_CAPACITY_PACKAGE_V2,READY_NA / READY_ZERO,STATIC_READY; HOURLY_PROFILE_PENDING
2050,SLOW|BASE|HIGH,CSUD,WIND_ONSHORE,WIND_ONSHORE,false,NONE,wind_onshore,false,,NOT_APPLICABLE,0,0,NOT_APPLICABLE,0,0,0,0,0,400,ZERO_DIRECT_OPERATIONAL_CO2,0,0,,Hourly weather profile required in Phase 4C,SCENARIO_CAPACITY_PACKAGE_V2,READY_NA / READY_ZERO,STATIC_READY; HOURLY_PROFILE_PENDING
2050,SLOW|BASE|HIGH,SUD,WIND_ONSHORE,WIND_ONSHORE,false,NONE,wind_onshore,false,,NOT_APPLICABLE,0,0,NOT_APPLICABLE,0,0,0,0,0,400,ZERO_DIRECT_OPERATIONAL_CO2,0,0,,Hourly weather profile required in Phase 4C,SCENARIO_CAPACITY_PACKAGE_V2,READY_NA / READY_ZERO,STATIC_READY; HOURLY_PROFILE_PENDING
2050,SLOW|BASE|HIGH,CALA,WIND_ONSHORE,WIND_ONSHORE,false,NONE,wind_onshore,false,,NOT_APPLICABLE,0,0,NOT_APPLICABLE,0,0,0,0,0,400,ZERO_DIRECT_OPERATIONAL_CO2,0,0,,Hourly weather profile required in Phase 4C,SCENARIO_CAPACITY_PACKAGE_V2,READY_NA / READY_ZERO,STATIC_READY; HOURLY_PROFILE_PENDING
2050,SLOW|BASE|HIGH,SICI,WIND_ONSHORE,WIND_ONSHORE,false,NONE,wind_onshore,false,,NOT_APPLICABLE,0,0,NOT_APPLICABLE,0,0,0,0,0,400,ZERO_DIRECT_OPERATIONAL_CO2,0,0,,Hourly weather profile required in Phase 4C,SCENARIO_CAPACITY_PACKAGE_V2,READY_NA / READY_ZERO,STATIC_READY; HOURLY_PROFILE_PENDING
2050,SLOW|BASE|HIGH,SARD,WIND_ONSHORE,WIND_ONSHORE,false,NONE,wind_onshore,false,,NOT_APPLICABLE,0,0,NOT_APPLICABLE,0,0,0,0,0,400,ZERO_DIRECT_OPERATIONAL_CO2,0,0,,Hourly weather profile required in Phase 4C,SCENARIO_CAPACITY_PACKAGE_V2,READY_NA / READY_ZERO,STATIC_READY; HOURLY_PROFILE_PENDING
2050,SLOW|BASE|HIGH,NORD,WIND_OFFSHORE,WIND_OFFSHORE,false,NONE,wind_offshore,false,,NOT_APPLICABLE,0,0,NOT_APPLICABLE,0,0,0,0,0,400,ZERO_DIRECT_OPERATIONAL_CO2,0,0,,Hourly weather profile required in Phase 4C,SCENARIO_CAPACITY_PACKAGE_V2,READY_NA / READY_ZERO,STATIC_READY; HOURLY_PROFILE_PENDING
2050,SLOW|BASE|HIGH,CNOR,WIND_OFFSHORE,WIND_OFFSHORE,false,NONE,wind_offshore,false,,NOT_APPLICABLE,0,0,NOT_APPLICABLE,0,0,0,0,0,400,ZERO_DIRECT_OPERATIONAL_CO2,0,0,,Hourly weather profile required in Phase 4C,SCENARIO_CAPACITY_PACKAGE_V2,READY_NA / READY_ZERO,STATIC_READY; HOURLY_PROFILE_PENDING
2050,SLOW|BASE|HIGH,CSUD,WIND_OFFSHORE,WIND_OFFSHORE,false,NONE,wind_offshore,false,,NOT_APPLICABLE,0,0,NOT_APPLICABLE,0,0,0,0,0,400,ZERO_DIRECT_OPERATIONAL_CO2,0,0,,Hourly weather profile required in Phase 4C,SCENARIO_CAPACITY_PACKAGE_V2,READY_NA / READY_ZERO,STATIC_READY; HOURLY_PROFILE_PENDING
2050,SLOW|BASE|HIGH,SUD,WIND_OFFSHORE,WIND_OFFSHORE,false,NONE,wind_offshore,false,,NOT_APPLICABLE,0,0,NOT_APPLICABLE,0,0,0,0,0,400,ZERO_DIRECT_OPERATIONAL_CO2,0,0,,Hourly weather profile required in Phase 4C,SCENARIO_CAPACITY_PACKAGE_V2,READY_NA / READY_ZERO,STATIC_READY; HOURLY_PROFILE_PENDING
2050,SLOW|BASE|HIGH,CALA,WIND_OFFSHORE,WIND_OFFSHORE,false,NONE,wind_offshore,false,,NOT_APPLICABLE,0,0,NOT_APPLICABLE,0,0,0,0,0,400,ZERO_DIRECT_OPERATIONAL_CO2,0,0,,Hourly weather profile required in Phase 4C,SCENARIO_CAPACITY_PACKAGE_V2,READY_NA / READY_ZERO,STATIC_READY; HOURLY_PROFILE_PENDING
2050,SLOW|BASE|HIGH,SICI,WIND_OFFSHORE,WIND_OFFSHORE,false,NONE,wind_offshore,false,,NOT_APPLICABLE,0,0,NOT_APPLICABLE,0,0,0,0,0,400,ZERO_DIRECT_OPERATIONAL_CO2,0,0,,Hourly weather profile required in Phase 4C,SCENARIO_CAPACITY_PACKAGE_V2,READY_NA / READY_ZERO,STATIC_READY; HOURLY_PROFILE_PENDING
2050,SLOW|BASE|HIGH,SARD,WIND_OFFSHORE,WIND_OFFSHORE,false,NONE,wind_offshore,false,,NOT_APPLICABLE,0,0,NOT_APPLICABLE,0,0,0,0,0,400,ZERO_DIRECT_OPERATIONAL_CO2,0,0,,Hourly weather profile required in Phase 4C,SCENARIO_CAPACITY_PACKAGE_V2,READY_NA / READY_ZERO,STATIC_READY; HOURLY_PROFILE_PENDING
2050,SLOW|BASE|HIGH,NORD,HYDRO_RUN_OF_RIVER,HYDRO_RUN_OF_RIVER,false,WATER_INFLOW,hydro_run_of_river,false,0.9,TURBINE ELECTRIC EFFICIENCY CANDIDATE,0,0,NOT_APPLICABLE,0,0,0,0,0,400,ZERO_DIRECT_OPERATIONAL_CO2,0,0,,Hourly inflow-limited profile; annual energy reconciles to Terna,PYPSA_TECHNOLOGY_DATA_V0_15_HYDRO,PROJECT ASSUMPTION,STATIC_READY; HOURLY_INFLOW_PENDING
2050,SLOW|BASE|HIGH,CNOR,HYDRO_RUN_OF_RIVER,HYDRO_RUN_OF_RIVER,false,WATER_INFLOW,hydro_run_of_river,false,0.9,TURBINE ELECTRIC EFFICIENCY CANDIDATE,0,0,NOT_APPLICABLE,0,0,0,0,0,400,ZERO_DIRECT_OPERATIONAL_CO2,0,0,,Hourly inflow-limited profile; annual energy reconciles to Terna,PYPSA_TECHNOLOGY_DATA_V0_15_HYDRO,PROJECT ASSUMPTION,STATIC_READY; HOURLY_INFLOW_PENDING
2050,SLOW|BASE|HIGH,CSUD,HYDRO_RUN_OF_RIVER,HYDRO_RUN_OF_RIVER,false,WATER_INFLOW,hydro_run_of_river,false,0.9,TURBINE ELECTRIC EFFICIENCY CANDIDATE,0,0,NOT_APPLICABLE,0,0,0,0,0,400,ZERO_DIRECT_OPERATIONAL_CO2,0,0,,Hourly inflow-limited profile; annual energy reconciles to Terna,PYPSA_TECHNOLOGY_DATA_V0_15_HYDRO,PROJECT ASSUMPTION,STATIC_READY; HOURLY_INFLOW_PENDING
2050,SLOW|BASE|HIGH,SUD,HYDRO_RUN_OF_RIVER,HYDRO_RUN_OF_RIVER,false,WATER_INFLOW,hydro_run_of_river,false,0.9,TURBINE ELECTRIC EFFICIENCY CANDIDATE,0,0,NOT_APPLICABLE,0,0,0,0,0,400,ZERO_DIRECT_OPERATIONAL_CO2,0,0,,Hourly inflow-limited profile; annual energy reconciles to Terna,PYPSA_TECHNOLOGY_DATA_V0_15_HYDRO,PROJECT ASSUMPTION,STATIC_READY; HOURLY_INFLOW_PENDING
2050,SLOW|BASE|HIGH,CALA,HYDRO_RUN_OF_RIVER,HYDRO_RUN_OF_RIVER,false,WATER_INFLOW,hydro_run_of_river,false,0.9,TURBINE ELECTRIC EFFICIENCY CANDIDATE,0,0,NOT_APPLICABLE,0,0,0,0,0,400,ZERO_DIRECT_OPERATIONAL_CO2,0,0,,Hourly inflow-limited profile; annual energy reconciles to Terna,PYPSA_TECHNOLOGY_DATA_V0_15_HYDRO,PROJECT ASSUMPTION,STATIC_READY; HOURLY_INFLOW_PENDING
2050,SLOW|BASE|HIGH,SICI,HYDRO_RUN_OF_RIVER,HYDRO_RUN_OF_RIVER,false,WATER_INFLOW,hydro_run_of_river,false,0.9,TURBINE ELECTRIC EFFICIENCY CANDIDATE,0,0,NOT_APPLICABLE,0,0,0,0,0,400,ZERO_DIRECT_OPERATIONAL_CO2,0,0,,Hourly inflow-limited profile; annual energy reconciles to Terna,PYPSA_TECHNOLOGY_DATA_V0_15_HYDRO,PROJECT ASSUMPTION,STATIC_READY; HOURLY_INFLOW_PENDING
2050,SLOW|BASE|HIGH,SARD,HYDRO_RUN_OF_RIVER,HYDRO_RUN_OF_RIVER,false,WATER_INFLOW,hydro_run_of_river,false,0.9,TURBINE ELECTRIC EFFICIENCY CANDIDATE,0,0,NOT_APPLICABLE,0,0,0,0,0,400,ZERO_DIRECT_OPERATIONAL_CO2,0,0,,Hourly inflow-limited profile; annual energy reconciles to Terna,PYPSA_TECHNOLOGY_DATA_V0_15_HYDRO,PROJECT ASSUMPTION,STATIC_READY; HOURLY_INFLOW_PENDING
2040,SLOW|BASE|HIGH,NORD,CCGT,METHANE_CCGT_CHP,true,METHANE,methane_ccgt,false,0.59,CCGT annual-average electric efficiency,5.4768,38.0563456,TERNA/DDS 2040 36.4 EUR2023/MWh_th normalized to EUR2025,0.198,0,0,0.198,0.198,104.5504,EU_ETS FULL DIRECT STACK CO2,0,105.065486101695,0.65952739726,Annual-equivalent fallback = 0.78 outside-maintenance p_max_pu × (1 - 1353/8760); Phase 4C should construct staggered outages,MEM_V2_9_09_TECH_COSTS|PYPSA_TECHNOLOGY_DATA_V0_15|DEA_GAS_ENGINE_CATALOGUE,PYPSA TECHNOLOGY-DATA V0.15 / ACCEPTED MEM,MODEL_READY
2040,SLOW|BASE|HIGH,NORD,CCGT,METHANE_CCGT_NON_CHP,false,METHANE,methane_ccgt,false,0.59,CCGT annual-average electric efficiency,5.4768,38.0563456,TERNA/DDS 2040 36.4 EUR2023/MWh_th normalized to EUR2025,0.198,0,0,0.198,0.198,104.5504,EU_ETS FULL DIRECT STACK CO2,0,105.065486101695,0.65952739726,Annual-equivalent fallback = 0.78 outside-maintenance p_max_pu × (1 - 1353/8760); Phase 4C should construct staggered outages,MEM_V2_9_09_TECH_COSTS|PYPSA_TECHNOLOGY_DATA_V0_15|DEA_GAS_ENGINE_CATALOGUE,PYPSA TECHNOLOGY-DATA V0.15 / ACCEPTED MEM,MODEL_READY
2040,SLOW|BASE|HIGH,CNOR,CCGT,METHANE_CCGT_CHP,true,METHANE,methane_ccgt,false,0.59,CCGT annual-average electric efficiency,5.4768,38.0563456,TERNA/DDS 2040 36.4 EUR2023/MWh_th normalized to EUR2025,0.198,0,0,0.198,0.198,104.5504,EU_ETS FULL DIRECT STACK CO2,0,105.065486101695,0.583428082192,Annual-equivalent fallback = 0.69 outside-maintenance p_max_pu × (1 - 1353/8760); Phase 4C should construct staggered outages,MEM_V2_9_09_TECH_COSTS|PYPSA_TECHNOLOGY_DATA_V0_15|DEA_GAS_ENGINE_CATALOGUE,PYPSA TECHNOLOGY-DATA V0.15 / ACCEPTED MEM,MODEL_READY
2040,SLOW|BASE|HIGH,CNOR,CCGT,METHANE_CCGT_NON_CHP,false,METHANE,methane_ccgt,false,0.59,CCGT annual-average electric efficiency,5.4768,38.0563456,TERNA/DDS 2040 36.4 EUR2023/MWh_th normalized to EUR2025,0.198,0,0,0.198,0.198,104.5504,EU_ETS FULL DIRECT STACK CO2,0,105.065486101695,0.583428082192,Annual-equivalent fallback = 0.69 outside-maintenance p_max_pu × (1 - 1353/8760); Phase 4C should construct staggered outages,MEM_V2_9_09_TECH_COSTS|PYPSA_TECHNOLOGY_DATA_V0_15|DEA_GAS_ENGINE_CATALOGUE,PYPSA TECHNOLOGY-DATA V0.15 / ACCEPTED MEM,MODEL_READY
2040,SLOW|BASE|HIGH,CSUD,CCGT,METHANE_CCGT_CHP,true,METHANE,methane_ccgt,false,0.59,CCGT annual-average electric efficiency,5.4768,38.0563456,TERNA/DDS 2040 36.4 EUR2023/MWh_th normalized to EUR2025,0.198,0,0,0.198,0.198,104.5504,EU_ETS FULL DIRECT STACK CO2,0,105.065486101695,0.642616438356,Annual-equivalent fallback = 0.76 outside-maintenance p_max_pu × (1 - 1353/8760); Phase 4C should construct staggered outages,MEM_V2_9_09_TECH_COSTS|PYPSA_TECHNOLOGY_DATA_V0_15|DEA_GAS_ENGINE_CATALOGUE,PYPSA TECHNOLOGY-DATA V0.15 / ACCEPTED MEM,MODEL_READY
2040,SLOW|BASE|HIGH,CSUD,CCGT,METHANE_CCGT_NON_CHP,false,METHANE,methane_ccgt,false,0.59,CCGT annual-average electric efficiency,5.4768,38.0563456,TERNA/DDS 2040 36.4 EUR2023/MWh_th normalized to EUR2025,0.198,0,0,0.198,0.198,104.5504,EU_ETS FULL DIRECT STACK CO2,0,105.065486101695,0.642616438356,Annual-equivalent fallback = 0.76 outside-maintenance p_max_pu × (1 - 1353/8760); Phase 4C should construct staggered outages,MEM_V2_9_09_TECH_COSTS|PYPSA_TECHNOLOGY_DATA_V0_15|DEA_GAS_ENGINE_CATALOGUE,PYPSA TECHNOLOGY-DATA V0.15 / ACCEPTED MEM,MODEL_READY
2040,SLOW|BASE|HIGH,SUD,CCGT,METHANE_CCGT_CHP,true,METHANE,methane_ccgt,false,0.59,CCGT annual-average electric efficiency,5.4768,38.0563456,TERNA/DDS 2040 36.4 EUR2023/MWh_th normalized to EUR2025,0.198,0,0,0.198,0.198,104.5504,EU_ETS FULL DIRECT STACK CO2,0,105.065486101695,0.651071917808,Annual-equivalent fallback = 0.77 outside-maintenance p_max_pu × (1 - 1353/8760); Phase 4C should construct staggered outages,MEM_V2_9_09_TECH_COSTS|PYPSA_TECHNOLOGY_DATA_V0_15|DEA_GAS_ENGINE_CATALOGUE,PYPSA TECHNOLOGY-DATA V0.15 / ACCEPTED MEM,MODEL_READY
2040,SLOW|BASE|HIGH,SUD,CCGT,METHANE_CCGT_NON_CHP,false,METHANE,methane_ccgt,false,0.59,CCGT annual-average electric efficiency,5.4768,38.0563456,TERNA/DDS 2040 36.4 EUR2023/MWh_th normalized to EUR2025,0.198,0,0,0.198,0.198,104.5504,EU_ETS FULL DIRECT STACK CO2,0,105.065486101695,0.651071917808,Annual-equivalent fallback = 0.77 outside-maintenance p_max_pu × (1 - 1353/8760); Phase 4C should construct staggered outages,MEM_V2_9_09_TECH_COSTS|PYPSA_TECHNOLOGY_DATA_V0_15|DEA_GAS_ENGINE_CATALOGUE,PYPSA TECHNOLOGY-DATA V0.15 / ACCEPTED MEM,MODEL_READY
2040,SLOW|BASE|HIGH,CALA,CCGT,METHANE_CCGT_CHP,true,METHANE,methane_ccgt,false,0.59,CCGT annual-average electric efficiency,5.4768,38.0563456,TERNA/DDS 2040 36.4 EUR2023/MWh_th normalized to EUR2025,0.198,0,0,0.198,0.198,104.5504,EU_ETS FULL DIRECT STACK CO2,0,105.065486101695,0.701804794521,Annual-equivalent fallback = 0.83 outside-maintenance p_max_pu × (1 - 1353/8760); Phase 4C should construct staggered outages,MEM_V2_9_09_TECH_COSTS|PYPSA_TECHNOLOGY_DATA_V0_15|DEA_GAS_ENGINE_CATALOGUE,PYPSA TECHNOLOGY-DATA V0.15 / ACCEPTED MEM,MODEL_READY
2040,SLOW|BASE|HIGH,CALA,CCGT,METHANE_CCGT_NON_CHP,false,METHANE,methane_ccgt,false,0.59,CCGT annual-average electric efficiency,5.4768,38.0563456,TERNA/DDS 2040 36.4 EUR2023/MWh_th normalized to EUR2025,0.198,0,0,0.198,0.198,104.5504,EU_ETS FULL DIRECT STACK CO2,0,105.065486101695,0.701804794521,Annual-equivalent fallback = 0.83 outside-maintenance p_max_pu × (1 - 1353/8760); Phase 4C should construct staggered outages,MEM_V2_9_09_TECH_COSTS|PYPSA_TECHNOLOGY_DATA_V0_15|DEA_GAS_ENGINE_CATALOGUE,PYPSA TECHNOLOGY-DATA V0.15 / ACCEPTED MEM,MODEL_READY
2040,SLOW|BASE|HIGH,SICI,CCGT,METHANE_CCGT_CHP,true,METHANE,methane_ccgt,false,0.59,CCGT annual-average electric efficiency,5.4768,38.0563456,TERNA/DDS 2040 36.4 EUR2023/MWh_th normalized to EUR2025,0.198,0,0,0.198,0.198,104.5504,EU_ETS FULL DIRECT STACK CO2,0,105.065486101695,0.634160958904,Annual-equivalent fallback = 0.75 outside-maintenance p_max_pu × (1 - 1353/8760); Phase 4C should construct staggered outages,MEM_V2_9_09_TECH_COSTS|PYPSA_TECHNOLOGY_DATA_V0_15|DEA_GAS_ENGINE_CATALOGUE,PYPSA TECHNOLOGY-DATA V0.15 / ACCEPTED MEM,MODEL_READY
2040,SLOW|BASE|HIGH,SICI,CCGT,METHANE_CCGT_NON_CHP,false,METHANE,methane_ccgt,false,0.59,CCGT annual-average electric efficiency,5.4768,38.0563456,TERNA/DDS 2040 36.4 EUR2023/MWh_th normalized to EUR2025,0.198,0,0,0.198,0.198,104.5504,EU_ETS FULL DIRECT STACK CO2,0,105.065486101695,0.634160958904,Annual-equivalent fallback = 0.75 outside-maintenance p_max_pu × (1 - 1353/8760); Phase 4C should construct staggered outages,MEM_V2_9_09_TECH_COSTS|PYPSA_TECHNOLOGY_DATA_V0_15|DEA_GAS_ENGINE_CATALOGUE,PYPSA TECHNOLOGY-DATA V0.15 / ACCEPTED MEM,MODEL_READY
2040,SLOW|BASE|HIGH,SARD,CCGT,METHANE_CCGT_CHP,true,METHANE,methane_ccgt,false,0.59,CCGT annual-average electric efficiency,5.4768,38.0563456,TERNA/DDS 2040 36.4 EUR2023/MWh_th normalized to EUR2025,0.198,0,0,0.198,0.198,104.5504,EU_ETS FULL DIRECT STACK CO2,0,105.065486101695,0.625705479452,Annual-equivalent fallback = 0.74 outside-maintenance p_max_pu × (1 - 1353/8760); Phase 4C should construct staggered outages,MEM_V2_9_09_TECH_COSTS|PYPSA_TECHNOLOGY_DATA_V0_15|DEA_GAS_ENGINE_CATALOGUE,PYPSA TECHNOLOGY-DATA V0.15 / ACCEPTED MEM,MODEL_READY
2040,SLOW|BASE|HIGH,SARD,CCGT,METHANE_CCGT_NON_CHP,false,METHANE,methane_ccgt,false,0.59,CCGT annual-average electric efficiency,5.4768,38.0563456,TERNA/DDS 2040 36.4 EUR2023/MWh_th normalized to EUR2025,0.198,0,0,0.198,0.198,104.5504,EU_ETS FULL DIRECT STACK CO2,0,105.065486101695,0.625705479452,Annual-equivalent fallback = 0.74 outside-maintenance p_max_pu × (1 - 1353/8760); Phase 4C should construct staggered outages,MEM_V2_9_09_TECH_COSTS|PYPSA_TECHNOLOGY_DATA_V0_15|DEA_GAS_ENGINE_CATALOGUE,PYPSA TECHNOLOGY-DATA V0.15 / ACCEPTED MEM,MODEL_READY
2040,SLOW|BASE|HIGH,NORD,GT_OCGT,METHANE_GT_OCGT_CHP,true,METHANE,methane_gt_ocgt,false,0.42,Simple-cycle gas turbine annual-average electric efficiency,5.4768,38.0563456,TERNA/DDS 2040 36.4 EUR2023/MWh_th normalized to EUR2025,0.198,0,0,0.198,0.198,104.5504,EU_ETS FULL DIRECT STACK CO2,0,145.375192380952,0.703691780822,Annual-equivalent fallback = 0.78 outside-maintenance p_max_pu × (1 - 857/8760); Phase 4C should construct staggered outages,MEM_V2_9_09_TECH_COSTS|PYPSA_TECHNOLOGY_DATA_V0_15|DEA_GAS_ENGINE_CATALOGUE,PYPSA TECHNOLOGY-DATA V0.15 / ACCEPTED MEM,MODEL_READY
2040,SLOW|BASE|HIGH,NORD,GT_OCGT,METHANE_GT_OCGT_NON_CHP,false,METHANE,methane_gt_ocgt,false,0.42,Simple-cycle gas turbine annual-average electric efficiency,6.0111,38.0563456,TERNA/DDS 2040 36.4 EUR2023/MWh_th normalized to EUR2025,0.198,0,0,0.198,0.198,104.5504,EU_ETS FULL DIRECT STACK CO2,0,145.909492380952,0.703691780822,Annual-equivalent fallback = 0.78 outside-maintenance p_max_pu × (1 - 857/8760); Phase 4C should construct staggered outages,MEM_V2_9_09_TECH_COSTS|PYPSA_TECHNOLOGY_DATA_V0_15|DEA_GAS_ENGINE_CATALOGUE,PYPSA TECHNOLOGY-DATA V0.15 / ACCEPTED MEM,MODEL_READY
2040,SLOW|BASE|HIGH,CNOR,GT_OCGT,METHANE_GT_OCGT_CHP,true,METHANE,methane_gt_ocgt,false,0.42,Simple-cycle gas turbine annual-average electric efficiency,5.4768,38.0563456,TERNA/DDS 2040 36.4 EUR2023/MWh_th normalized to EUR2025,0.198,0,0,0.198,0.198,104.5504,EU_ETS FULL DIRECT STACK CO2,0,145.375192380952,0.622496575342,Annual-equivalent fallback = 0.69 outside-maintenance p_max_pu × (1 - 857/8760); Phase 4C should construct staggered outages,MEM_V2_9_09_TECH_COSTS|PYPSA_TECHNOLOGY_DATA_V0_15|DEA_GAS_ENGINE_CATALOGUE,PYPSA TECHNOLOGY-DATA V0.15 / ACCEPTED MEM,MODEL_READY
2040,SLOW|BASE|HIGH,CNOR,GT_OCGT,METHANE_GT_OCGT_NON_CHP,false,METHANE,methane_gt_ocgt,false,0.42,Simple-cycle gas turbine annual-average electric efficiency,6.0111,38.0563456,TERNA/DDS 2040 36.4 EUR2023/MWh_th normalized to EUR2025,0.198,0,0,0.198,0.198,104.5504,EU_ETS FULL DIRECT STACK CO2,0,145.909492380952,0.622496575342,Annual-equivalent fallback = 0.69 outside-maintenance p_max_pu × (1 - 857/8760); Phase 4C should construct staggered outages,MEM_V2_9_09_TECH_COSTS|PYPSA_TECHNOLOGY_DATA_V0_15|DEA_GAS_ENGINE_CATALOGUE,PYPSA TECHNOLOGY-DATA V0.15 / ACCEPTED MEM,MODEL_READY
2040,SLOW|BASE|HIGH,CSUD,GT_OCGT,METHANE_GT_OCGT_CHP,true,METHANE,methane_gt_ocgt,false,0.42,Simple-cycle gas turbine annual-average electric efficiency,5.4768,38.0563456,TERNA/DDS 2040 36.4 EUR2023/MWh_th normalized to EUR2025,0.198,0,0,0.198,0.198,104.5504,EU_ETS FULL DIRECT STACK CO2,0,145.375192380952,0.685648401826,Annual-equivalent fallback = 0.76 outside-maintenance p_max_pu × (1 - 857/8760); Phase 4C should construct staggered outages,MEM_V2_9_09_TECH_COSTS|PYPSA_TECHNOLOGY_DATA_V0_15|DEA_GAS_ENGINE_CATALOGUE,PYPSA TECHNOLOGY-DATA V0.15 / ACCEPTED MEM,MODEL_READY
2040,SLOW|BASE|HIGH,CSUD,GT_OCGT,METHANE_GT_OCGT_NON_CHP,false,METHANE,methane_gt_ocgt,false,0.42,Simple-cycle gas turbine annual-average electric efficiency,6.0111,38.0563456,TERNA/DDS 2040 36.4 EUR2023/MWh_th normalized to EUR2025,0.198,0,0,0.198,0.198,104.5504,EU_ETS FULL DIRECT STACK CO2,0,145.909492380952,0.685648401826,Annual-equivalent fallback = 0.76 outside-maintenance p_max_pu × (1 - 857/8760); Phase 4C should construct staggered outages,MEM_V2_9_09_TECH_COSTS|PYPSA_TECHNOLOGY_DATA_V0_15|DEA_GAS_ENGINE_CATALOGUE,PYPSA TECHNOLOGY-DATA V0.15 / ACCEPTED MEM,MODEL_READY
2040,SLOW|BASE|HIGH,SUD,GT_OCGT,METHANE_GT_OCGT_CHP,true,METHANE,methane_gt_ocgt,false,0.42,Simple-cycle gas turbine annual-average electric efficiency,5.4768,38.0563456,TERNA/DDS 2040 36.4 EUR2023/MWh_th normalized to EUR2025,0.198,0,0,0.198,0.198,104.5504,EU_ETS FULL DIRECT STACK CO2,0,145.375192380952,0.694670091324,Annual-equivalent fallback = 0.77 outside-maintenance p_max_pu × (1 - 857/8760); Phase 4C should construct staggered outages,MEM_V2_9_09_TECH_COSTS|PYPSA_TECHNOLOGY_DATA_V0_15|DEA_GAS_ENGINE_CATALOGUE,PYPSA TECHNOLOGY-DATA V0.15 / ACCEPTED MEM,MODEL_READY
2040,SLOW|BASE|HIGH,SUD,GT_OCGT,METHANE_GT_OCGT_NON_CHP,false,METHANE,methane_gt_ocgt,false,0.42,Simple-cycle gas turbine annual-average electric efficiency,6.0111,38.0563456,TERNA/DDS 2040 36.4 EUR2023/MWh_th normalized to EUR2025,0.198,0,0,0.198,0.198,104.5504,EU_ETS FULL DIRECT STACK CO2,0,145.909492380952,0.694670091324,Annual-equivalent fallback = 0.77 outside-maintenance p_max_pu × (1 - 857/8760); Phase 4C should construct staggered outages,MEM_V2_9_09_TECH_COSTS|PYPSA_TECHNOLOGY_DATA_V0_15|DEA_GAS_ENGINE_CATALOGUE,PYPSA TECHNOLOGY-DATA V0.15 / ACCEPTED MEM,MODEL_READY
2040,SLOW|BASE|HIGH,CALA,GT_OCGT,METHANE_GT_OCGT_CHP,true,METHANE,methane_gt_ocgt,false,0.42,Simple-cycle gas turbine annual-average electric efficiency,5.4768,38.0563456,TERNA/DDS 2040 36.4 EUR2023/MWh_th normalized to EUR2025,0.198,0,0,0.198,0.198,104.5504,EU_ETS FULL DIRECT STACK CO2,0,145.375192380952,0.748800228311,Annual-equivalent fallback = 0.83 outside-maintenance p_max_pu × (1 - 857/8760); Phase 4C should construct staggered outages,MEM_V2_9_09_TECH_COSTS|PYPSA_TECHNOLOGY_DATA_V0_15|DEA_GAS_ENGINE_CATALOGUE,PYPSA TECHNOLOGY-DATA V0.15 / ACCEPTED MEM,MODEL_READY
2040,SLOW|BASE|HIGH,CALA,GT_OCGT,METHANE_GT_OCGT_NON_CHP,false,METHANE,methane_gt_ocgt,false,0.42,Simple-cycle gas turbine annual-average electric efficiency,6.0111,38.0563456,TERNA/DDS 2040 36.4 EUR2023/MWh_th normalized to EUR2025,0.198,0,0,0.198,0.198,104.5504,EU_ETS FULL DIRECT STACK CO2,0,145.909492380952,0.748800228311,Annual-equivalent fallback = 0.83 outside-maintenance p_max_pu × (1 - 857/8760); Phase 4C should construct staggered outages,MEM_V2_9_09_TECH_COSTS|PYPSA_TECHNOLOGY_DATA_V0_15|DEA_GAS_ENGINE_CATALOGUE,PYPSA TECHNOLOGY-DATA V0.15 / ACCEPTED MEM,MODEL_READY
2040,SLOW|BASE|HIGH,SICI,GT_OCGT,METHANE_GT_OCGT_CHP,true,METHANE,methane_gt_ocgt,false,0.42,Simple-cycle gas turbine annual-average electric efficiency,5.4768,38.0563456,TERNA/DDS 2040 36.4 EUR2023/MWh_th normalized to EUR2025,0.198,0,0,0.198,0.198,104.5504,EU_ETS FULL DIRECT STACK CO2,0,145.375192380952,0.676626712329,Annual-equivalent fallback = 0.75 outside-maintenance p_max_pu × (1 - 857/8760); Phase 4C should construct staggered outages,MEM_V2_9_09_TECH_COSTS|PYPSA_TECHNOLOGY_DATA_V0_15|DEA_GAS_ENGINE_CATALOGUE,PYPSA TECHNOLOGY-DATA V0.15 / ACCEPTED MEM,MODEL_READY
2040,SLOW|BASE|HIGH,SICI,GT_OCGT,METHANE_GT_OCGT_NON_CHP,false,METHANE,methane_gt_ocgt,false,0.42,Simple-cycle gas turbine annual-average electric efficiency,6.0111,38.0563456,TERNA/DDS 2040 36.4 EUR2023/MWh_th normalized to EUR2025,0.198,0,0,0.198,0.198,104.5504,EU_ETS FULL DIRECT STACK CO2,0,145.909492380952,0.676626712329,Annual-equivalent fallback = 0.75 outside-maintenance p_max_pu × (1 - 857/8760); Phase 4C should construct staggered outages,MEM_V2_9_09_TECH_COSTS|PYPSA_TECHNOLOGY_DATA_V0_15|DEA_GAS_ENGINE_CATALOGUE,PYPSA TECHNOLOGY-DATA V0.15 / ACCEPTED MEM,MODEL_READY
2040,SLOW|BASE|HIGH,SARD,GT_OCGT,METHANE_GT_OCGT_NON_CHP,false,METHANE,methane_gt_ocgt,false,0.42,Simple-cycle gas turbine annual-average electric efficiency,6.0111,38.0563456,TERNA/DDS 2040 36.4 EUR2023/MWh_th normalized to EUR2025,0.198,0,0,0.198,0.198,104.5504,EU_ETS FULL DIRECT STACK CO2,0,145.909492380952,0.667605022831,Annual-equivalent fallback = 0.74 outside-maintenance p_max_pu × (1 - 857/8760); Phase 4C should construct staggered outages,MEM_V2_9_09_TECH_COSTS|PYPSA_TECHNOLOGY_DATA_V0_15|DEA_GAS_ENGINE_CATALOGUE,PYPSA TECHNOLOGY-DATA V0.15 / ACCEPTED MEM,MODEL_READY
2040,SLOW|BASE|HIGH,NORD,INTERNAL_COMBUSTION,METHANE_INTERNAL_COMBUSTION_CHP,true,METHANE,methane_internal_combustion,false,0.44,Linear 2040 interpolation of DEA gas-engine annual-average electric efficiency (43% 2030; 45% 2050),6.5,38.0563456,TERNA/DDS 2040 36.4 EUR2023/MWh_th normalized to EUR2025,0.198,0,0,0.198,0.198,104.5504,EU_ETS FULL DIRECT STACK CO2,0,140.039374545455,0.660328767123,Annual-equivalent fallback = 0.78 outside-maintenance p_max_pu × (1 - 1344/8760); Phase 4C should construct staggered outages,MEM_V2_9_09_TECH_COSTS|PYPSA_TECHNOLOGY_DATA_V0_15|DEA_GAS_ENGINE_CATALOGUE,OFFICIAL DEA + PROJECT INTERPOLATION,MODEL_READY
2040,SLOW|BASE|HIGH,NORD,INTERNAL_COMBUSTION,METHANE_INTERNAL_COMBUSTION_NON_CHP,false,METHANE,methane_internal_combustion,false,0.44,Linear 2040 interpolation of DEA gas-engine annual-average electric efficiency (43% 2030; 45% 2050),6.5,38.0563456,TERNA/DDS 2040 36.4 EUR2023/MWh_th normalized to EUR2025,0.198,0,0,0.198,0.198,104.5504,EU_ETS FULL DIRECT STACK CO2,0,140.039374545455,0.660328767123,Annual-equivalent fallback = 0.78 outside-maintenance p_max_pu × (1 - 1344/8760); Phase 4C should construct staggered outages,MEM_V2_9_09_TECH_COSTS|PYPSA_TECHNOLOGY_DATA_V0_15|DEA_GAS_ENGINE_CATALOGUE,OFFICIAL DEA + PROJECT INTERPOLATION,MODEL_READY
2040,SLOW|BASE|HIGH,NORD,INTERNAL_COMBUSTION,BIOENERGY_INTERNAL_COMBUSTION_CHP,true,BIOENERGY,bioenergy_internal_combustion,false,0.3003,technology-data biomass electricity-side efficiency; parent conversion label retained only for capacity lineage,2.8049,9.3506,PyPSA technology-data v0.15 generic biomass fuel,0.3667,0,0,0.3667,0,104.5504,PHYSICAL BIOGENIC CO2 REPORTED; ZERO CHARGEABLE IN BASELINE,0,33.942429137529,0.660328767123,Annual-equivalent fallback = 0.78 outside-maintenance p_max_pu × (1 - 1344/8760); Phase 4C should construct staggered outages,MEM_V2_9_09_TECH_COSTS|PYPSA_TECHNOLOGY_DATA_V0_15|DEA_GAS_ENGINE_CATALOGUE,PYPSA TECHNOLOGY-DATA V0.15 / PROJECT FUEL SUB-DECOMPOSITION,MODEL_READY
2040,SLOW|BASE|HIGH,NORD,INTERNAL_COMBUSTION,BIOENERGY_INTERNAL_COMBUSTION_NON_CHP,false,BIOENERGY,bioenergy_internal_combustion,false,0.468,technology-data biomass electricity-side efficiency; parent conversion label retained only for capacity lineage,2.8049,9.3506,PyPSA technology-data v0.15 generic biomass fuel,0.3667,0,0,0.3667,0,104.5504,PHYSICAL BIOGENIC CO2 REPORTED; ZERO CHARGEABLE IN BASELINE,0,22.784814529915,0.660328767123,Annual-equivalent fallback = 0.78 outside-maintenance p_max_pu × (1 - 1344/8760); Phase 4C should construct staggered outages,MEM_V2_9_09_TECH_COSTS|PYPSA_TECHNOLOGY_DATA_V0_15|DEA_GAS_ENGINE_CATALOGUE,PYPSA TECHNOLOGY-DATA V0.15 / PROJECT FUEL SUB-DECOMPOSITION,MODEL_READY
2040,SLOW|BASE|HIGH,CNOR,INTERNAL_COMBUSTION,METHANE_INTERNAL_COMBUSTION_CHP,true,METHANE,methane_internal_combustion,false,0.44,Linear 2040 interpolation of DEA gas-engine annual-average electric efficiency (43% 2030; 45% 2050),6.5,38.0563456,TERNA/DDS 2040 36.4 EUR2023/MWh_th normalized to EUR2025,0.198,0,0,0.198,0.198,104.5504,EU_ETS FULL DIRECT STACK CO2,0,140.039374545455,0.584136986301,Annual-equivalent fallback = 0.69 outside-maintenance p_max_pu × (1 - 1344/8760); Phase 4C should construct staggered outages,MEM_V2_9_09_TECH_COSTS|PYPSA_TECHNOLOGY_DATA_V0_15|DEA_GAS_ENGINE_CATALOGUE,OFFICIAL DEA + PROJECT INTERPOLATION,MODEL_READY
2040,SLOW|BASE|HIGH,CNOR,INTERNAL_COMBUSTION,METHANE_INTERNAL_COMBUSTION_NON_CHP,false,METHANE,methane_internal_combustion,false,0.44,Linear 2040 interpolation of DEA gas-engine annual-average electric efficiency (43% 2030; 45% 2050),6.5,38.0563456,TERNA/DDS 2040 36.4 EUR2023/MWh_th normalized to EUR2025,0.198,0,0,0.198,0.198,104.5504,EU_ETS FULL DIRECT STACK CO2,0,140.039374545455,0.584136986301,Annual-equivalent fallback = 0.69 outside-maintenance p_max_pu × (1 - 1344/8760); Phase 4C should construct staggered outages,MEM_V2_9_09_TECH_COSTS|PYPSA_TECHNOLOGY_DATA_V0_15|DEA_GAS_ENGINE_CATALOGUE,OFFICIAL DEA + PROJECT INTERPOLATION,MODEL_READY
2040,SLOW|BASE|HIGH,CNOR,INTERNAL_COMBUSTION,BIOENERGY_INTERNAL_COMBUSTION_CHP,true,BIOENERGY,bioenergy_internal_combustion,false,0.3003,technology-data biomass electricity-side efficiency; parent conversion label retained only for capacity lineage,2.8049,9.3506,PyPSA technology-data v0.15 generic biomass fuel,0.3667,0,0,0.3667,0,104.5504,PHYSICAL BIOGENIC CO2 REPORTED; ZERO CHARGEABLE IN BASELINE,0,33.942429137529,0.584136986301,Annual-equivalent fallback = 0.69 outside-maintenance p_max_pu × (1 - 1344/8760); Phase 4C should construct staggered outages,MEM_V2_9_09_TECH_COSTS|PYPSA_TECHNOLOGY_DATA_V0_15|DEA_GAS_ENGINE_CATALOGUE,PYPSA TECHNOLOGY-DATA V0.15 / PROJECT FUEL SUB-DECOMPOSITION,MODEL_READY
2040,SLOW|BASE|HIGH,CNOR,INTERNAL_COMBUSTION,BIOENERGY_INTERNAL_COMBUSTION_NON_CHP,false,BIOENERGY,bioenergy_internal_combustion,false,0.468,technology-data biomass electricity-side efficiency; parent conversion label retained only for capacity lineage,2.8049,9.3506,PyPSA technology-data v0.15 generic biomass fuel,0.3667,0,0,0.3667,0,104.5504,PHYSICAL BIOGENIC CO2 REPORTED; ZERO CHARGEABLE IN BASELINE,0,22.784814529915,0.584136986301,Annual-equivalent fallback = 0.69 outside-maintenance p_max_pu × (1 - 1344/8760); Phase 4C should construct staggered outages,MEM_V2_9_09_TECH_COSTS|PYPSA_TECHNOLOGY_DATA_V0_15|DEA_GAS_ENGINE_CATALOGUE,PYPSA TECHNOLOGY-DATA V0.15 / PROJECT FUEL SUB-DECOMPOSITION,MODEL_READY
2040,SLOW|BASE|HIGH,CSUD,INTERNAL_COMBUSTION,METHANE_INTERNAL_COMBUSTION_CHP,true,METHANE,methane_internal_combustion,false,0.44,Linear 2040 interpolation of DEA gas-engine annual-average electric efficiency (43% 2030; 45% 2050),6.5,38.0563456,TERNA/DDS 2040 36.4 EUR2023/MWh_th normalized to EUR2025,0.198,0,0,0.198,0.198,104.5504,EU_ETS FULL DIRECT STACK CO2,0,140.039374545455,0.643397260274,Annual-equivalent fallback = 0.76 outside-maintenance p_max_pu × (1 - 1344/8760); Phase 4C should construct staggered outages,MEM_V2_9_09_TECH_COSTS|PYPSA_TECHNOLOGY_DATA_V0_15|DEA_GAS_ENGINE_CATALOGUE,OFFICIAL DEA + PROJECT INTERPOLATION,MODEL_READY
2040,SLOW|BASE|HIGH,CSUD,INTERNAL_COMBUSTION,METHANE_INTERNAL_COMBUSTION_NON_CHP,false,METHANE,methane_internal_combustion,false,0.44,Linear 2040 interpolation of DEA gas-engine annual-average electric efficiency (43% 2030; 45% 2050),6.5,38.0563456,TERNA/DDS 2040 36.4 EUR2023/MWh_th normalized to EUR2025,0.198,0,0,0.198,0.198,104.5504,EU_ETS FULL DIRECT STACK CO2,0,140.039374545455,0.643397260274,Annual-equivalent fallback = 0.76 outside-maintenance p_max_pu × (1 - 1344/8760); Phase 4C should construct staggered outages,MEM_V2_9_09_TECH_COSTS|PYPSA_TECHNOLOGY_DATA_V0_15|DEA_GAS_ENGINE_CATALOGUE,OFFICIAL DEA + PROJECT INTERPOLATION,MODEL_READY
2040,SLOW|BASE|HIGH,CSUD,INTERNAL_COMBUSTION,BIOENERGY_INTERNAL_COMBUSTION_CHP,true,BIOENERGY,bioenergy_internal_combustion,false,0.3003,technology-data biomass electricity-side efficiency; parent conversion label retained only for capacity lineage,2.8049,9.3506,PyPSA technology-data v0.15 generic biomass fuel,0.3667,0,0,0.3667,0,104.5504,PHYSICAL BIOGENIC CO2 REPORTED; ZERO CHARGEABLE IN BASELINE,0,33.942429137529,0.643397260274,Annual-equivalent fallback = 0.76 outside-maintenance p_max_pu × (1 - 1344/8760); Phase 4C should construct staggered outages,MEM_V2_9_09_TECH_COSTS|PYPSA_TECHNOLOGY_DATA_V0_15|DEA_GAS_ENGINE_CATALOGUE,PYPSA TECHNOLOGY-DATA V0.15 / PROJECT FUEL SUB-DECOMPOSITION,MODEL_READY
2040,SLOW|BASE|HIGH,CSUD,INTERNAL_COMBUSTION,BIOENERGY_INTERNAL_COMBUSTION_NON_CHP,false,BIOENERGY,bioenergy_internal_combustion,false,0.468,technology-data biomass electricity-side efficiency; parent conversion label retained only for capacity lineage,2.8049,9.3506,PyPSA technology-data v0.15 generic biomass fuel,0.3667,0,0,0.3667,0,104.5504,PHYSICAL BIOGENIC CO2 REPORTED; ZERO CHARGEABLE IN BASELINE,0,22.784814529915,0.643397260274,Annual-equivalent fallback = 0.76 outside-maintenance p_max_pu × (1 - 1344/8760); Phase 4C should construct staggered outages,MEM_V2_9_09_TECH_COSTS|PYPSA_TECHNOLOGY_DATA_V0_15|DEA_GAS_ENGINE_CATALOGUE,PYPSA TECHNOLOGY-DATA V0.15 / PROJECT FUEL SUB-DECOMPOSITION,MODEL_READY
2040,SLOW|BASE|HIGH,SUD,INTERNAL_COMBUSTION,METHANE_INTERNAL_COMBUSTION_CHP,true,METHANE,methane_internal_combustion,false,0.44,Linear 2040 interpolation of DEA gas-engine annual-average electric efficiency (43% 2030; 45% 2050),6.5,38.0563456,TERNA/DDS 2040 36.4 EUR2023/MWh_th normalized to EUR2025,0.198,0,0,0.198,0.198,104.5504,EU_ETS FULL DIRECT STACK CO2,0,140.039374545455,0.651863013699,Annual-equivalent fallback = 0.77 outside-maintenance p_max_pu × (1 - 1344/8760); Phase 4C should construct staggered outages,MEM_V2_9_09_TECH_COSTS|PYPSA_TECHNOLOGY_DATA_V0_15|DEA_GAS_ENGINE_CATALOGUE,OFFICIAL DEA + PROJECT INTERPOLATION,MODEL_READY
2040,SLOW|BASE|HIGH,SUD,INTERNAL_COMBUSTION,METHANE_INTERNAL_COMBUSTION_NON_CHP,false,METHANE,methane_internal_combustion,false,0.44,Linear 2040 interpolation of DEA gas-engine annual-average electric efficiency (43% 2030; 45% 2050),6.5,38.0563456,TERNA/DDS 2040 36.4 EUR2023/MWh_th normalized to EUR2025,0.198,0,0,0.198,0.198,104.5504,EU_ETS FULL DIRECT STACK CO2,0,140.039374545455,0.651863013699,Annual-equivalent fallback = 0.77 outside-maintenance p_max_pu × (1 - 1344/8760); Phase 4C should construct staggered outages,MEM_V2_9_09_TECH_COSTS|PYPSA_TECHNOLOGY_DATA_V0_15|DEA_GAS_ENGINE_CATALOGUE,OFFICIAL DEA + PROJECT INTERPOLATION,MODEL_READY
2040,SLOW|BASE|HIGH,SUD,INTERNAL_COMBUSTION,BIOENERGY_INTERNAL_COMBUSTION_CHP,true,BIOENERGY,bioenergy_internal_combustion,false,0.3003,technology-data biomass electricity-side efficiency; parent conversion label retained only for capacity lineage,2.8049,9.3506,PyPSA technology-data v0.15 generic biomass fuel,0.3667,0,0,0.3667,0,104.5504,PHYSICAL BIOGENIC CO2 REPORTED; ZERO CHARGEABLE IN BASELINE,0,33.942429137529,0.651863013699,Annual-equivalent fallback = 0.77 outside-maintenance p_max_pu × (1 - 1344/8760); Phase 4C should construct staggered outages,MEM_V2_9_09_TECH_COSTS|PYPSA_TECHNOLOGY_DATA_V0_15|DEA_GAS_ENGINE_CATALOGUE,PYPSA TECHNOLOGY-DATA V0.15 / PROJECT FUEL SUB-DECOMPOSITION,MODEL_READY
2040,SLOW|BASE|HIGH,SUD,INTERNAL_COMBUSTION,BIOENERGY_INTERNAL_COMBUSTION_NON_CHP,false,BIOENERGY,bioenergy_internal_combustion,false,0.468,technology-data biomass electricity-side efficiency; parent conversion label retained only for capacity lineage,2.8049,9.3506,PyPSA technology-data v0.15 generic biomass fuel,0.3667,0,0,0.3667,0,104.5504,PHYSICAL BIOGENIC CO2 REPORTED; ZERO CHARGEABLE IN BASELINE,0,22.784814529915,0.651863013699,Annual-equivalent fallback = 0.77 outside-maintenance p_max_pu × (1 - 1344/8760); Phase 4C should construct staggered outages,MEM_V2_9_09_TECH_COSTS|PYPSA_TECHNOLOGY_DATA_V0_15|DEA_GAS_ENGINE_CATALOGUE,PYPSA TECHNOLOGY-DATA V0.15 / PROJECT FUEL SUB-DECOMPOSITION,MODEL_READY
2040,SLOW|BASE|HIGH,CALA,INTERNAL_COMBUSTION,METHANE_INTERNAL_COMBUSTION_CHP,true,METHANE,methane_internal_combustion,false,0.44,Linear 2040 interpolation of DEA gas-engine annual-average electric efficiency (43% 2030; 45% 2050),6.5,38.0563456,TERNA/DDS 2040 36.4 EUR2023/MWh_th normalized to EUR2025,0.198,0,0,0.198,0.198,104.5504,EU_ETS FULL DIRECT STACK CO2,0,140.039374545455,0.702657534247,Annual-equivalent fallback = 0.83 outside-maintenance p_max_pu × (1 - 1344/8760); Phase 4C should construct staggered outages,MEM_V2_9_09_TECH_COSTS|PYPSA_TECHNOLOGY_DATA_V0_15|DEA_GAS_ENGINE_CATALOGUE,OFFICIAL DEA + PROJECT INTERPOLATION,MODEL_READY
2040,SLOW|BASE|HIGH,CALA,INTERNAL_COMBUSTION,METHANE_INTERNAL_COMBUSTION_NON_CHP,false,METHANE,methane_internal_combustion,false,0.44,Linear 2040 interpolation of DEA gas-engine annual-average electric efficiency (43% 2030; 45% 2050),6.5,38.0563456,TERNA/DDS 2040 36.4 EUR2023/MWh_th normalized to EUR2025,0.198,0,0,0.198,0.198,104.5504,EU_ETS FULL DIRECT STACK CO2,0,140.039374545455,0.702657534247,Annual-equivalent fallback = 0.83 outside-maintenance p_max_pu × (1 - 1344/8760); Phase 4C should construct staggered outages,MEM_V2_9_09_TECH_COSTS|PYPSA_TECHNOLOGY_DATA_V0_15|DEA_GAS_ENGINE_CATALOGUE,OFFICIAL DEA + PROJECT INTERPOLATION,MODEL_READY
2040,SLOW|BASE|HIGH,CALA,INTERNAL_COMBUSTION,BIOENERGY_INTERNAL_COMBUSTION_CHP,true,BIOENERGY,bioenergy_internal_combustion,false,0.3003,technology-data biomass electricity-side efficiency; parent conversion label retained only for capacity lineage,2.8049,9.3506,PyPSA technology-data v0.15 generic biomass fuel,0.3667,0,0,0.3667,0,104.5504,PHYSICAL BIOGENIC CO2 REPORTED; ZERO CHARGEABLE IN BASELINE,0,33.942429137529,0.702657534247,Annual-equivalent fallback = 0.83 outside-maintenance p_max_pu × (1 - 1344/8760); Phase 4C should construct staggered outages,MEM_V2_9_09_TECH_COSTS|PYPSA_TECHNOLOGY_DATA_V0_15|DEA_GAS_ENGINE_CATALOGUE,PYPSA TECHNOLOGY-DATA V0.15 / PROJECT FUEL SUB-DECOMPOSITION,MODEL_READY
2040,SLOW|BASE|HIGH,CALA,INTERNAL_COMBUSTION,BIOENERGY_INTERNAL_COMBUSTION_NON_CHP,false,BIOENERGY,bioenergy_internal_combustion,false,0.468,technology-data biomass electricity-side efficiency; parent conversion label retained only for capacity lineage,2.8049,9.3506,PyPSA technology-data v0.15 generic biomass fuel,0.3667,0,0,0.3667,0,104.5504,PHYSICAL BIOGENIC CO2 REPORTED; ZERO CHARGEABLE IN BASELINE,0,22.784814529915,0.702657534247,Annual-equivalent fallback = 0.83 outside-maintenance p_max_pu × (1 - 1344/8760); Phase 4C should construct staggered outages,MEM_V2_9_09_TECH_COSTS|PYPSA_TECHNOLOGY_DATA_V0_15|DEA_GAS_ENGINE_CATALOGUE,PYPSA TECHNOLOGY-DATA V0.15 / PROJECT FUEL SUB-DECOMPOSITION,MODEL_READY
2040,SLOW|BASE|HIGH,SICI,INTERNAL_COMBUSTION,METHANE_INTERNAL_COMBUSTION_CHP,true,METHANE,methane_internal_combustion,false,0.44,Linear 2040 interpolation of DEA gas-engine annual-average electric efficiency (43% 2030; 45% 2050),6.5,38.0563456,TERNA/DDS 2040 36.4 EUR2023/MWh_th normalized to EUR2025,0.198,0,0,0.198,0.198,104.5504,EU_ETS FULL DIRECT STACK CO2,0,140.039374545455,0.634931506849,Annual-equivalent fallback = 0.75 outside-maintenance p_max_pu × (1 - 1344/8760); Phase 4C should construct staggered outages,MEM_V2_9_09_TECH_COSTS|PYPSA_TECHNOLOGY_DATA_V0_15|DEA_GAS_ENGINE_CATALOGUE,OFFICIAL DEA + PROJECT INTERPOLATION,MODEL_READY
2040,SLOW|BASE|HIGH,SICI,INTERNAL_COMBUSTION,METHANE_INTERNAL_COMBUSTION_NON_CHP,false,METHANE,methane_internal_combustion,false,0.44,Linear 2040 interpolation of DEA gas-engine annual-average electric efficiency (43% 2030; 45% 2050),6.5,38.0563456,TERNA/DDS 2040 36.4 EUR2023/MWh_th normalized to EUR2025,0.198,0,0,0.198,0.198,104.5504,EU_ETS FULL DIRECT STACK CO2,0,140.039374545455,0.634931506849,Annual-equivalent fallback = 0.75 outside-maintenance p_max_pu × (1 - 1344/8760); Phase 4C should construct staggered outages,MEM_V2_9_09_TECH_COSTS|PYPSA_TECHNOLOGY_DATA_V0_15|DEA_GAS_ENGINE_CATALOGUE,OFFICIAL DEA + PROJECT INTERPOLATION,MODEL_READY
2040,SLOW|BASE|HIGH,SICI,INTERNAL_COMBUSTION,BIOENERGY_INTERNAL_COMBUSTION_CHP,true,BIOENERGY,bioenergy_internal_combustion,false,0.3003,technology-data biomass electricity-side efficiency; parent conversion label retained only for capacity lineage,2.8049,9.3506,PyPSA technology-data v0.15 generic biomass fuel,0.3667,0,0,0.3667,0,104.5504,PHYSICAL BIOGENIC CO2 REPORTED; ZERO CHARGEABLE IN BASELINE,0,33.942429137529,0.634931506849,Annual-equivalent fallback = 0.75 outside-maintenance p_max_pu × (1 - 1344/8760); Phase 4C should construct staggered outages,MEM_V2_9_09_TECH_COSTS|PYPSA_TECHNOLOGY_DATA_V0_15|DEA_GAS_ENGINE_CATALOGUE,PYPSA TECHNOLOGY-DATA V0.15 / PROJECT FUEL SUB-DECOMPOSITION,MODEL_READY
2040,SLOW|BASE|HIGH,SICI,INTERNAL_COMBUSTION,BIOENERGY_INTERNAL_COMBUSTION_NON_CHP,false,BIOENERGY,bioenergy_internal_combustion,false,0.468,technology-data biomass electricity-side efficiency; parent conversion label retained only for capacity lineage,2.8049,9.3506,PyPSA technology-data v0.15 generic biomass fuel,0.3667,0,0,0.3667,0,104.5504,PHYSICAL BIOGENIC CO2 REPORTED; ZERO CHARGEABLE IN BASELINE,0,22.784814529915,0.634931506849,Annual-equivalent fallback = 0.75 outside-maintenance p_max_pu × (1 - 1344/8760); Phase 4C should construct staggered outages,MEM_V2_9_09_TECH_COSTS|PYPSA_TECHNOLOGY_DATA_V0_15|DEA_GAS_ENGINE_CATALOGUE,PYPSA TECHNOLOGY-DATA V0.15 / PROJECT FUEL SUB-DECOMPOSITION,MODEL_READY
2040,SLOW|BASE|HIGH,SARD,INTERNAL_COMBUSTION,METHANE_INTERNAL_COMBUSTION_CHP,true,METHANE,methane_internal_combustion,false,0.44,Linear 2040 interpolation of DEA gas-engine annual-average electric efficiency (43% 2030; 45% 2050),6.5,38.0563456,TERNA/DDS 2040 36.4 EUR2023/MWh_th normalized to EUR2025,0.198,0,0,0.198,0.198,104.5504,EU_ETS FULL DIRECT STACK CO2,0,140.039374545455,0.626465753425,Annual-equivalent fallback = 0.74 outside-maintenance p_max_pu × (1 - 1344/8760); Phase 4C should construct staggered outages,MEM_V2_9_09_TECH_COSTS|PYPSA_TECHNOLOGY_DATA_V0_15|DEA_GAS_ENGINE_CATALOGUE,OFFICIAL DEA + PROJECT INTERPOLATION,MODEL_READY
2040,SLOW|BASE|HIGH,SARD,INTERNAL_COMBUSTION,METHANE_INTERNAL_COMBUSTION_NON_CHP,false,METHANE,methane_internal_combustion,false,0.44,Linear 2040 interpolation of DEA gas-engine annual-average electric efficiency (43% 2030; 45% 2050),6.5,38.0563456,TERNA/DDS 2040 36.4 EUR2023/MWh_th normalized to EUR2025,0.198,0,0,0.198,0.198,104.5504,EU_ETS FULL DIRECT STACK CO2,0,140.039374545455,0.626465753425,Annual-equivalent fallback = 0.74 outside-maintenance p_max_pu × (1 - 1344/8760); Phase 4C should construct staggered outages,MEM_V2_9_09_TECH_COSTS|PYPSA_TECHNOLOGY_DATA_V0_15|DEA_GAS_ENGINE_CATALOGUE,OFFICIAL DEA + PROJECT INTERPOLATION,MODEL_READY
2040,SLOW|BASE|HIGH,SARD,INTERNAL_COMBUSTION,BIOENERGY_INTERNAL_COMBUSTION_CHP,true,BIOENERGY,bioenergy_internal_combustion,false,0.3003,technology-data biomass electricity-side efficiency; parent conversion label retained only for capacity lineage,2.8049,9.3506,PyPSA technology-data v0.15 generic biomass fuel,0.3667,0,0,0.3667,0,104.5504,PHYSICAL BIOGENIC CO2 REPORTED; ZERO CHARGEABLE IN BASELINE,0,33.942429137529,0.626465753425,Annual-equivalent fallback = 0.74 outside-maintenance p_max_pu × (1 - 1344/8760); Phase 4C should construct staggered outages,MEM_V2_9_09_TECH_COSTS|PYPSA_TECHNOLOGY_DATA_V0_15|DEA_GAS_ENGINE_CATALOGUE,PYPSA TECHNOLOGY-DATA V0.15 / PROJECT FUEL SUB-DECOMPOSITION,MODEL_READY
2040,SLOW|BASE|HIGH,SARD,INTERNAL_COMBUSTION,BIOENERGY_INTERNAL_COMBUSTION_NON_CHP,false,BIOENERGY,bioenergy_internal_combustion,false,0.468,technology-data biomass electricity-side efficiency; parent conversion label retained only for capacity lineage,2.8049,9.3506,PyPSA technology-data v0.15 generic biomass fuel,0.3667,0,0,0.3667,0,104.5504,PHYSICAL BIOGENIC CO2 REPORTED; ZERO CHARGEABLE IN BASELINE,0,22.784814529915,0.626465753425,Annual-equivalent fallback = 0.74 outside-maintenance p_max_pu × (1 - 1344/8760); Phase 4C should construct staggered outages,MEM_V2_9_09_TECH_COSTS|PYPSA_TECHNOLOGY_DATA_V0_15|DEA_GAS_ENGINE_CATALOGUE,PYPSA TECHNOLOGY-DATA V0.15 / PROJECT FUEL SUB-DECOMPOSITION,MODEL_READY
2040,SLOW|BASE|HIGH,NORD,STEAM_OTHER_SURVIVING,METHANE_STEAM_OTHER_SURVIVING_CHP,true,METHANE,methane_steam_other_surviving,false,0.36,Legacy methane steam project assumption,5.5,38.0563456,TERNA/DDS 2040 36.4 EUR2023/MWh_th normalized to EUR2025,0.198,0,0,0.198,0.198,104.5504,EU_ETS FULL DIRECT STACK CO2,0,168.714791111111,0.660328767123,Annual-equivalent fallback = 0.78 outside-maintenance p_max_pu × (1 - 1344/8760); Phase 4C should construct staggered outages,MEM_V2_9_09_TECH_COSTS|PYPSA_TECHNOLOGY_DATA_V0_15|DEA_GAS_ENGINE_CATALOGUE,PROJECT ASSUMPTION,MODEL_READY_WITH_PROJECT_ASSUMPTION
2040,SLOW|BASE|HIGH,NORD,STEAM_OTHER_SURVIVING,METHANE_STEAM_OTHER_SURVIVING_NON_CHP,false,METHANE,methane_steam_other_surviving,false,0.4,Legacy methane steam project assumption,4,38.0563456,TERNA/DDS 2040 36.4 EUR2023/MWh_th normalized to EUR2025,0.198,0,0,0.198,0.198,104.5504,EU_ETS FULL DIRECT STACK CO2,0,150.893312,0.660328767123,Annual-equivalent fallback = 0.78 outside-maintenance p_max_pu × (1 - 1344/8760); Phase 4C should construct staggered outages,MEM_V2_9_09_TECH_COSTS|PYPSA_TECHNOLOGY_DATA_V0_15|DEA_GAS_ENGINE_CATALOGUE,PROJECT ASSUMPTION,MODEL_READY_WITH_PROJECT_ASSUMPTION
2040,SLOW|BASE|HIGH,NORD,STEAM_OTHER_SURVIVING,BIOENERGY_STEAM_OTHER_SURVIVING_CHP,true,BIOENERGY,bioenergy_steam_other_surviving,false,0.3003,technology-data biomass electricity-side efficiency,2.8049,9.3506,PyPSA technology-data v0.15 generic biomass fuel,0.3667,0,0,0.3667,0,104.5504,PHYSICAL BIOGENIC CO2 REPORTED; ZERO CHARGEABLE IN BASELINE,0,33.942429137529,0.660328767123,Annual-equivalent fallback = 0.78 outside-maintenance p_max_pu × (1 - 1344/8760); Phase 4C should construct staggered outages,MEM_V2_9_09_TECH_COSTS|PYPSA_TECHNOLOGY_DATA_V0_15|DEA_GAS_ENGINE_CATALOGUE,PYPSA TECHNOLOGY-DATA V0.15 / ACCEPTED MEM,MODEL_READY
2040,SLOW|BASE|HIGH,NORD,STEAM_OTHER_SURVIVING,BIOENERGY_STEAM_OTHER_SURVIVING_NON_CHP,false,BIOENERGY,bioenergy_steam_other_surviving,false,0.468,technology-data biomass electricity-side efficiency,2.8049,9.3506,PyPSA technology-data v0.15 generic biomass fuel,0.3667,0,0,0.3667,0,104.5504,PHYSICAL BIOGENIC CO2 REPORTED; ZERO CHARGEABLE IN BASELINE,0,22.784814529915,0.660328767123,Annual-equivalent fallback = 0.78 outside-maintenance p_max_pu × (1 - 1344/8760); Phase 4C should construct staggered outages,MEM_V2_9_09_TECH_COSTS|PYPSA_TECHNOLOGY_DATA_V0_15|DEA_GAS_ENGINE_CATALOGUE,PYPSA TECHNOLOGY-DATA V0.15 / ACCEPTED MEM,MODEL_READY
2040,SLOW|BASE|HIGH,CNOR,STEAM_OTHER_SURVIVING,METHANE_STEAM_OTHER_SURVIVING_CHP,true,METHANE,methane_steam_other_surviving,false,0.36,Legacy methane steam project assumption,5.5,38.0563456,TERNA/DDS 2040 36.4 EUR2023/MWh_th normalized to EUR2025,0.198,0,0,0.198,0.198,104.5504,EU_ETS FULL DIRECT STACK CO2,0,168.714791111111,0.584136986301,Annual-equivalent fallback = 0.69 outside-maintenance p_max_pu × (1 - 1344/8760); Phase 4C should construct staggered outages,MEM_V2_9_09_TECH_COSTS|PYPSA_TECHNOLOGY_DATA_V0_15|DEA_GAS_ENGINE_CATALOGUE,PROJECT ASSUMPTION,MODEL_READY_WITH_PROJECT_ASSUMPTION
2040,SLOW|BASE|HIGH,CNOR,STEAM_OTHER_SURVIVING,METHANE_STEAM_OTHER_SURVIVING_NON_CHP,false,METHANE,methane_steam_other_surviving,false,0.4,Legacy methane steam project assumption,4,38.0563456,TERNA/DDS 2040 36.4 EUR2023/MWh_th normalized to EUR2025,0.198,0,0,0.198,0.198,104.5504,EU_ETS FULL DIRECT STACK CO2,0,150.893312,0.584136986301,Annual-equivalent fallback = 0.69 outside-maintenance p_max_pu × (1 - 1344/8760); Phase 4C should construct staggered outages,MEM_V2_9_09_TECH_COSTS|PYPSA_TECHNOLOGY_DATA_V0_15|DEA_GAS_ENGINE_CATALOGUE,PROJECT ASSUMPTION,MODEL_READY_WITH_PROJECT_ASSUMPTION
2040,SLOW|BASE|HIGH,CNOR,STEAM_OTHER_SURVIVING,BIOENERGY_STEAM_OTHER_SURVIVING_CHP,true,BIOENERGY,bioenergy_steam_other_surviving,false,0.3003,technology-data biomass electricity-side efficiency,2.8049,9.3506,PyPSA technology-data v0.15 generic biomass fuel,0.3667,0,0,0.3667,0,104.5504,PHYSICAL BIOGENIC CO2 REPORTED; ZERO CHARGEABLE IN BASELINE,0,33.942429137529,0.584136986301,Annual-equivalent fallback = 0.69 outside-maintenance p_max_pu × (1 - 1344/8760); Phase 4C should construct staggered outages,MEM_V2_9_09_TECH_COSTS|PYPSA_TECHNOLOGY_DATA_V0_15|DEA_GAS_ENGINE_CATALOGUE,PYPSA TECHNOLOGY-DATA V0.15 / ACCEPTED MEM,MODEL_READY
2040,SLOW|BASE|HIGH,CNOR,STEAM_OTHER_SURVIVING,BIOENERGY_STEAM_OTHER_SURVIVING_NON_CHP,false,BIOENERGY,bioenergy_steam_other_surviving,false,0.468,technology-data biomass electricity-side efficiency,2.8049,9.3506,PyPSA technology-data v0.15 generic biomass fuel,0.3667,0,0,0.3667,0,104.5504,PHYSICAL BIOGENIC CO2 REPORTED; ZERO CHARGEABLE IN BASELINE,0,22.784814529915,0.584136986301,Annual-equivalent fallback = 0.69 outside-maintenance p_max_pu × (1 - 1344/8760); Phase 4C should construct staggered outages,MEM_V2_9_09_TECH_COSTS|PYPSA_TECHNOLOGY_DATA_V0_15|DEA_GAS_ENGINE_CATALOGUE,PYPSA TECHNOLOGY-DATA V0.15 / ACCEPTED MEM,MODEL_READY
2040,SLOW|BASE|HIGH,CSUD,STEAM_OTHER_SURVIVING,METHANE_STEAM_OTHER_SURVIVING_CHP,true,METHANE,methane_steam_other_surviving,false,0.36,Legacy methane steam project assumption,5.5,38.0563456,TERNA/DDS 2040 36.4 EUR2023/MWh_th normalized to EUR2025,0.198,0,0,0.198,0.198,104.5504,EU_ETS FULL DIRECT STACK CO2,0,168.714791111111,0.643397260274,Annual-equivalent fallback = 0.76 outside-maintenance p_max_pu × (1 - 1344/8760); Phase 4C should construct staggered outages,MEM_V2_9_09_TECH_COSTS|PYPSA_TECHNOLOGY_DATA_V0_15|DEA_GAS_ENGINE_CATALOGUE,PROJECT ASSUMPTION,MODEL_READY_WITH_PROJECT_ASSUMPTION
2040,SLOW|BASE|HIGH,CSUD,STEAM_OTHER_SURVIVING,METHANE_STEAM_OTHER_SURVIVING_NON_CHP,false,METHANE,methane_steam_other_surviving,false,0.4,Legacy methane steam project assumption,4,38.0563456,TERNA/DDS 2040 36.4 EUR2023/MWh_th normalized to EUR2025,0.198,0,0,0.198,0.198,104.5504,EU_ETS FULL DIRECT STACK CO2,0,150.893312,0.643397260274,Annual-equivalent fallback = 0.76 outside-maintenance p_max_pu × (1 - 1344/8760); Phase 4C should construct staggered outages,MEM_V2_9_09_TECH_COSTS|PYPSA_TECHNOLOGY_DATA_V0_15|DEA_GAS_ENGINE_CATALOGUE,PROJECT ASSUMPTION,MODEL_READY_WITH_PROJECT_ASSUMPTION
2040,SLOW|BASE|HIGH,CSUD,STEAM_OTHER_SURVIVING,BIOENERGY_STEAM_OTHER_SURVIVING_CHP,true,BIOENERGY,bioenergy_steam_other_surviving,false,0.3003,technology-data biomass electricity-side efficiency,2.8049,9.3506,PyPSA technology-data v0.15 generic biomass fuel,0.3667,0,0,0.3667,0,104.5504,PHYSICAL BIOGENIC CO2 REPORTED; ZERO CHARGEABLE IN BASELINE,0,33.942429137529,0.643397260274,Annual-equivalent fallback = 0.76 outside-maintenance p_max_pu × (1 - 1344/8760); Phase 4C should construct staggered outages,MEM_V2_9_09_TECH_COSTS|PYPSA_TECHNOLOGY_DATA_V0_15|DEA_GAS_ENGINE_CATALOGUE,PYPSA TECHNOLOGY-DATA V0.15 / ACCEPTED MEM,MODEL_READY
2040,SLOW|BASE|HIGH,CSUD,STEAM_OTHER_SURVIVING,BIOENERGY_STEAM_OTHER_SURVIVING_NON_CHP,false,BIOENERGY,bioenergy_steam_other_surviving,false,0.468,technology-data biomass electricity-side efficiency,2.8049,9.3506,PyPSA technology-data v0.15 generic biomass fuel,0.3667,0,0,0.3667,0,104.5504,PHYSICAL BIOGENIC CO2 REPORTED; ZERO CHARGEABLE IN BASELINE,0,22.784814529915,0.643397260274,Annual-equivalent fallback = 0.76 outside-maintenance p_max_pu × (1 - 1344/8760); Phase 4C should construct staggered outages,MEM_V2_9_09_TECH_COSTS|PYPSA_TECHNOLOGY_DATA_V0_15|DEA_GAS_ENGINE_CATALOGUE,PYPSA TECHNOLOGY-DATA V0.15 / ACCEPTED MEM,MODEL_READY
2040,SLOW|BASE|HIGH,SUD,STEAM_OTHER_SURVIVING,METHANE_STEAM_OTHER_SURVIVING_CHP,true,METHANE,methane_steam_other_surviving,false,0.36,Legacy methane steam project assumption,5.5,38.0563456,TERNA/DDS 2040 36.4 EUR2023/MWh_th normalized to EUR2025,0.198,0,0,0.198,0.198,104.5504,EU_ETS FULL DIRECT STACK CO2,0,168.714791111111,0.651863013699,Annual-equivalent fallback = 0.77 outside-maintenance p_max_pu × (1 - 1344/8760); Phase 4C should construct staggered outages,MEM_V2_9_09_TECH_COSTS|PYPSA_TECHNOLOGY_DATA_V0_15|DEA_GAS_ENGINE_CATALOGUE,PROJECT ASSUMPTION,MODEL_READY_WITH_PROJECT_ASSUMPTION
2040,SLOW|BASE|HIGH,SUD,STEAM_OTHER_SURVIVING,METHANE_STEAM_OTHER_SURVIVING_NON_CHP,false,METHANE,methane_steam_other_surviving,false,0.4,Legacy methane steam project assumption,4,38.0563456,TERNA/DDS 2040 36.4 EUR2023/MWh_th normalized to EUR2025,0.198,0,0,0.198,0.198,104.5504,EU_ETS FULL DIRECT STACK CO2,0,150.893312,0.651863013699,Annual-equivalent fallback = 0.77 outside-maintenance p_max_pu × (1 - 1344/8760); Phase 4C should construct staggered outages,MEM_V2_9_09_TECH_COSTS|PYPSA_TECHNOLOGY_DATA_V0_15|DEA_GAS_ENGINE_CATALOGUE,PROJECT ASSUMPTION,MODEL_READY_WITH_PROJECT_ASSUMPTION
2040,SLOW|BASE|HIGH,SUD,STEAM_OTHER_SURVIVING,BIOENERGY_STEAM_OTHER_SURVIVING_CHP,true,BIOENERGY,bioenergy_steam_other_surviving,false,0.3003,technology-data biomass electricity-side efficiency,2.8049,9.3506,PyPSA technology-data v0.15 generic biomass fuel,0.3667,0,0,0.3667,0,104.5504,PHYSICAL BIOGENIC CO2 REPORTED; ZERO CHARGEABLE IN BASELINE,0,33.942429137529,0.651863013699,Annual-equivalent fallback = 0.77 outside-maintenance p_max_pu × (1 - 1344/8760); Phase 4C should construct staggered outages,MEM_V2_9_09_TECH_COSTS|PYPSA_TECHNOLOGY_DATA_V0_15|DEA_GAS_ENGINE_CATALOGUE,PYPSA TECHNOLOGY-DATA V0.15 / ACCEPTED MEM,MODEL_READY
2040,SLOW|BASE|HIGH,SUD,STEAM_OTHER_SURVIVING,BIOENERGY_STEAM_OTHER_SURVIVING_NON_CHP,false,BIOENERGY,bioenergy_steam_other_surviving,false,0.468,technology-data biomass electricity-side efficiency,2.8049,9.3506,PyPSA technology-data v0.15 generic biomass fuel,0.3667,0,0,0.3667,0,104.5504,PHYSICAL BIOGENIC CO2 REPORTED; ZERO CHARGEABLE IN BASELINE,0,22.784814529915,0.651863013699,Annual-equivalent fallback = 0.77 outside-maintenance p_max_pu × (1 - 1344/8760); Phase 4C should construct staggered outages,MEM_V2_9_09_TECH_COSTS|PYPSA_TECHNOLOGY_DATA_V0_15|DEA_GAS_ENGINE_CATALOGUE,PYPSA TECHNOLOGY-DATA V0.15 / ACCEPTED MEM,MODEL_READY
2040,SLOW|BASE|HIGH,CALA,STEAM_OTHER_SURVIVING,METHANE_STEAM_OTHER_SURVIVING_CHP,true,METHANE,methane_steam_other_surviving,false,0.36,Legacy methane steam project assumption,5.5,38.0563456,TERNA/DDS 2040 36.4 EUR2023/MWh_th normalized to EUR2025,0.198,0,0,0.198,0.198,104.5504,EU_ETS FULL DIRECT STACK CO2,0,168.714791111111,0.702657534247,Annual-equivalent fallback = 0.83 outside-maintenance p_max_pu × (1 - 1344/8760); Phase 4C should construct staggered outages,MEM_V2_9_09_TECH_COSTS|PYPSA_TECHNOLOGY_DATA_V0_15|DEA_GAS_ENGINE_CATALOGUE,PROJECT ASSUMPTION,MODEL_READY_WITH_PROJECT_ASSUMPTION
2040,SLOW|BASE|HIGH,CALA,STEAM_OTHER_SURVIVING,METHANE_STEAM_OTHER_SURVIVING_NON_CHP,false,METHANE,methane_steam_other_surviving,false,0.4,Legacy methane steam project assumption,4,38.0563456,TERNA/DDS 2040 36.4 EUR2023/MWh_th normalized to EUR2025,0.198,0,0,0.198,0.198,104.5504,EU_ETS FULL DIRECT STACK CO2,0,150.893312,0.702657534247,Annual-equivalent fallback = 0.83 outside-maintenance p_max_pu × (1 - 1344/8760); Phase 4C should construct staggered outages,MEM_V2_9_09_TECH_COSTS|PYPSA_TECHNOLOGY_DATA_V0_15|DEA_GAS_ENGINE_CATALOGUE,PROJECT ASSUMPTION,MODEL_READY_WITH_PROJECT_ASSUMPTION
2040,SLOW|BASE|HIGH,CALA,STEAM_OTHER_SURVIVING,BIOENERGY_STEAM_OTHER_SURVIVING_CHP,true,BIOENERGY,bioenergy_steam_other_surviving,false,0.3003,technology-data biomass electricity-side efficiency,2.8049,9.3506,PyPSA technology-data v0.15 generic biomass fuel,0.3667,0,0,0.3667,0,104.5504,PHYSICAL BIOGENIC CO2 REPORTED; ZERO CHARGEABLE IN BASELINE,0,33.942429137529,0.702657534247,Annual-equivalent fallback = 0.83 outside-maintenance p_max_pu × (1 - 1344/8760); Phase 4C should construct staggered outages,MEM_V2_9_09_TECH_COSTS|PYPSA_TECHNOLOGY_DATA_V0_15|DEA_GAS_ENGINE_CATALOGUE,PYPSA TECHNOLOGY-DATA V0.15 / ACCEPTED MEM,MODEL_READY
2040,SLOW|BASE|HIGH,CALA,STEAM_OTHER_SURVIVING,BIOENERGY_STEAM_OTHER_SURVIVING_NON_CHP,false,BIOENERGY,bioenergy_steam_other_surviving,false,0.468,technology-data biomass electricity-side efficiency,2.8049,9.3506,PyPSA technology-data v0.15 generic biomass fuel,0.3667,0,0,0.3667,0,104.5504,PHYSICAL BIOGENIC CO2 REPORTED; ZERO CHARGEABLE IN BASELINE,0,22.784814529915,0.702657534247,Annual-equivalent fallback = 0.83 outside-maintenance p_max_pu × (1 - 1344/8760); Phase 4C should construct staggered outages,MEM_V2_9_09_TECH_COSTS|PYPSA_TECHNOLOGY_DATA_V0_15|DEA_GAS_ENGINE_CATALOGUE,PYPSA TECHNOLOGY-DATA V0.15 / ACCEPTED MEM,MODEL_READY
2040,SLOW|BASE|HIGH,SICI,STEAM_OTHER_SURVIVING,METHANE_STEAM_OTHER_SURVIVING_CHP,true,METHANE,methane_steam_other_surviving,false,0.36,Legacy methane steam project assumption,5.5,38.0563456,TERNA/DDS 2040 36.4 EUR2023/MWh_th normalized to EUR2025,0.198,0,0,0.198,0.198,104.5504,EU_ETS FULL DIRECT STACK CO2,0,168.714791111111,0.634931506849,Annual-equivalent fallback = 0.75 outside-maintenance p_max_pu × (1 - 1344/8760); Phase 4C should construct staggered outages,MEM_V2_9_09_TECH_COSTS|PYPSA_TECHNOLOGY_DATA_V0_15|DEA_GAS_ENGINE_CATALOGUE,PROJECT ASSUMPTION,MODEL_READY_WITH_PROJECT_ASSUMPTION
2040,SLOW|BASE|HIGH,SICI,STEAM_OTHER_SURVIVING,BIOENERGY_STEAM_OTHER_SURVIVING_CHP,true,BIOENERGY,bioenergy_steam_other_surviving,false,0.3003,technology-data biomass electricity-side efficiency,2.8049,9.3506,PyPSA technology-data v0.15 generic biomass fuel,0.3667,0,0,0.3667,0,104.5504,PHYSICAL BIOGENIC CO2 REPORTED; ZERO CHARGEABLE IN BASELINE,0,33.942429137529,0.634931506849,Annual-equivalent fallback = 0.75 outside-maintenance p_max_pu × (1 - 1344/8760); Phase 4C should construct staggered outages,MEM_V2_9_09_TECH_COSTS|PYPSA_TECHNOLOGY_DATA_V0_15|DEA_GAS_ENGINE_CATALOGUE,PYPSA TECHNOLOGY-DATA V0.15 / ACCEPTED MEM,MODEL_READY
2040,SLOW|BASE|HIGH,SARD,STEAM_OTHER_SURVIVING,METHANE_STEAM_OTHER_SURVIVING_CHP,true,METHANE,methane_steam_other_surviving,false,0.36,Legacy methane steam project assumption,5.5,38.0563456,TERNA/DDS 2040 36.4 EUR2023/MWh_th normalized to EUR2025,0.198,0,0,0.198,0.198,104.5504,EU_ETS FULL DIRECT STACK CO2,0,168.714791111111,0.626465753425,Annual-equivalent fallback = 0.74 outside-maintenance p_max_pu × (1 - 1344/8760); Phase 4C should construct staggered outages,MEM_V2_9_09_TECH_COSTS|PYPSA_TECHNOLOGY_DATA_V0_15|DEA_GAS_ENGINE_CATALOGUE,PROJECT ASSUMPTION,MODEL_READY_WITH_PROJECT_ASSUMPTION
2040,SLOW|BASE|HIGH,SARD,STEAM_OTHER_SURVIVING,METHANE_STEAM_OTHER_SURVIVING_NON_CHP,false,METHANE,methane_steam_other_surviving,false,0.4,Legacy methane steam project assumption,4,38.0563456,TERNA/DDS 2040 36.4 EUR2023/MWh_th normalized to EUR2025,0.198,0,0,0.198,0.198,104.5504,EU_ETS FULL DIRECT STACK CO2,0,150.893312,0.626465753425,Annual-equivalent fallback = 0.74 outside-maintenance p_max_pu × (1 - 1344/8760); Phase 4C should construct staggered outages,MEM_V2_9_09_TECH_COSTS|PYPSA_TECHNOLOGY_DATA_V0_15|DEA_GAS_ENGINE_CATALOGUE,PROJECT ASSUMPTION,MODEL_READY_WITH_PROJECT_ASSUMPTION
2040,SLOW|BASE|HIGH,SARD,STEAM_OTHER_SURVIVING,BIOENERGY_STEAM_OTHER_SURVIVING_CHP,true,BIOENERGY,bioenergy_steam_other_surviving,false,0.3003,technology-data biomass electricity-side efficiency,2.8049,9.3506,PyPSA technology-data v0.15 generic biomass fuel,0.3667,0,0,0.3667,0,104.5504,PHYSICAL BIOGENIC CO2 REPORTED; ZERO CHARGEABLE IN BASELINE,0,33.942429137529,0.626465753425,Annual-equivalent fallback = 0.74 outside-maintenance p_max_pu × (1 - 1344/8760); Phase 4C should construct staggered outages,MEM_V2_9_09_TECH_COSTS|PYPSA_TECHNOLOGY_DATA_V0_15|DEA_GAS_ENGINE_CATALOGUE,PYPSA TECHNOLOGY-DATA V0.15 / ACCEPTED MEM,MODEL_READY
2040,SLOW|BASE|HIGH,SARD,STEAM_OTHER_SURVIVING,BIOENERGY_STEAM_OTHER_SURVIVING_NON_CHP,false,BIOENERGY,bioenergy_steam_other_surviving,false,0.468,technology-data biomass electricity-side efficiency,2.8049,9.3506,PyPSA technology-data v0.15 generic biomass fuel,0.3667,0,0,0.3667,0,104.5504,PHYSICAL BIOGENIC CO2 REPORTED; ZERO CHARGEABLE IN BASELINE,0,22.784814529915,0.626465753425,Annual-equivalent fallback = 0.74 outside-maintenance p_max_pu × (1 - 1344/8760); Phase 4C should construct staggered outages,MEM_V2_9_09_TECH_COSTS|PYPSA_TECHNOLOGY_DATA_V0_15|DEA_GAS_ENGINE_CATALOGUE,PYPSA TECHNOLOGY-DATA V0.15 / ACCEPTED MEM,MODEL_READY
2040,SLOW|BASE|HIGH,NORD,OTHER_SURVIVING_THERMAL,METHANE_OTHER_SURVIVING_THERMAL_CHP,true,METHANE,methane_other_surviving_thermal,false,0.35,Residual methane thermal project assumption,6,38.0563456,TERNA/DDS 2040 36.4 EUR2023/MWh_th normalized to EUR2025,0.198,0,0,0.198,0.198,104.5504,EU_ETS FULL DIRECT STACK CO2,0,173.878070857143,0.660328767123,Annual-equivalent fallback = 0.78 outside-maintenance p_max_pu × (1 - 1344/8760); Phase 4C should construct staggered outages,MEM_V2_9_09_TECH_COSTS|PYPSA_TECHNOLOGY_DATA_V0_15|DEA_GAS_ENGINE_CATALOGUE,PROJECT ASSUMPTION,MODEL_READY_WITH_PROJECT_ASSUMPTION
2040,SLOW|BASE|HIGH,NORD,OTHER_SURVIVING_THERMAL,METHANE_OTHER_SURVIVING_THERMAL_NON_CHP,false,METHANE,methane_other_surviving_thermal,false,0.35,Residual methane thermal project assumption,6,38.0563456,TERNA/DDS 2040 36.4 EUR2023/MWh_th normalized to EUR2025,0.198,0,0,0.198,0.198,104.5504,EU_ETS FULL DIRECT STACK CO2,0,173.878070857143,0.660328767123,Annual-equivalent fallback = 0.78 outside-maintenance p_max_pu × (1 - 1344/8760); Phase 4C should construct staggered outages,MEM_V2_9_09_TECH_COSTS|PYPSA_TECHNOLOGY_DATA_V0_15|DEA_GAS_ENGINE_CATALOGUE,PROJECT ASSUMPTION,MODEL_READY_WITH_PROJECT_ASSUMPTION
2040,SLOW|BASE|HIGH,NORD,OTHER_SURVIVING_THERMAL,BIOENERGY_OTHER_SURVIVING_THERMAL_CHP,true,BIOENERGY,bioenergy_other_surviving_thermal,false,0.3003,technology-data biomass proxy,2.8049,9.3506,PyPSA technology-data v0.15 generic biomass fuel,0.3667,0,0,0.3667,0,104.5504,PHYSICAL BIOGENIC CO2 REPORTED; ZERO CHARGEABLE IN BASELINE,0,33.942429137529,0.660328767123,Annual-equivalent fallback = 0.78 outside-maintenance p_max_pu × (1 - 1344/8760); Phase 4C should construct staggered outages,MEM_V2_9_09_TECH_COSTS|PYPSA_TECHNOLOGY_DATA_V0_15|DEA_GAS_ENGINE_CATALOGUE,PYPSA TECHNOLOGY-DATA V0.15 / ACCEPTED MEM,MODEL_READY
2040,SLOW|BASE|HIGH,NORD,OTHER_SURVIVING_THERMAL,BIOENERGY_OTHER_SURVIVING_THERMAL_NON_CHP,false,BIOENERGY,bioenergy_other_surviving_thermal,false,0.468,technology-data biomass proxy,2.8049,9.3506,PyPSA technology-data v0.15 generic biomass fuel,0.3667,0,0,0.3667,0,104.5504,PHYSICAL BIOGENIC CO2 REPORTED; ZERO CHARGEABLE IN BASELINE,0,22.784814529915,0.660328767123,Annual-equivalent fallback = 0.78 outside-maintenance p_max_pu × (1 - 1344/8760); Phase 4C should construct staggered outages,MEM_V2_9_09_TECH_COSTS|PYPSA_TECHNOLOGY_DATA_V0_15|DEA_GAS_ENGINE_CATALOGUE,PYPSA TECHNOLOGY-DATA V0.15 / ACCEPTED MEM,MODEL_READY
2040,SLOW|BASE|HIGH,CNOR,OTHER_SURVIVING_THERMAL,METHANE_OTHER_SURVIVING_THERMAL_CHP,true,METHANE,methane_other_surviving_thermal,false,0.35,Residual methane thermal project assumption,6,38.0563456,TERNA/DDS 2040 36.4 EUR2023/MWh_th normalized to EUR2025,0.198,0,0,0.198,0.198,104.5504,EU_ETS FULL DIRECT STACK CO2,0,173.878070857143,0.584136986301,Annual-equivalent fallback = 0.69 outside-maintenance p_max_pu × (1 - 1344/8760); Phase 4C should construct staggered outages,MEM_V2_9_09_TECH_COSTS|PYPSA_TECHNOLOGY_DATA_V0_15|DEA_GAS_ENGINE_CATALOGUE,PROJECT ASSUMPTION,MODEL_READY_WITH_PROJECT_ASSUMPTION
2040,SLOW|BASE|HIGH,CNOR,OTHER_SURVIVING_THERMAL,METHANE_OTHER_SURVIVING_THERMAL_NON_CHP,false,METHANE,methane_other_surviving_thermal,false,0.35,Residual methane thermal project assumption,6,38.0563456,TERNA/DDS 2040 36.4 EUR2023/MWh_th normalized to EUR2025,0.198,0,0,0.198,0.198,104.5504,EU_ETS FULL DIRECT STACK CO2,0,173.878070857143,0.584136986301,Annual-equivalent fallback = 0.69 outside-maintenance p_max_pu × (1 - 1344/8760); Phase 4C should construct staggered outages,MEM_V2_9_09_TECH_COSTS|PYPSA_TECHNOLOGY_DATA_V0_15|DEA_GAS_ENGINE_CATALOGUE,PROJECT ASSUMPTION,MODEL_READY_WITH_PROJECT_ASSUMPTION
2040,SLOW|BASE|HIGH,CNOR,OTHER_SURVIVING_THERMAL,BIOENERGY_OTHER_SURVIVING_THERMAL_CHP,true,BIOENERGY,bioenergy_other_surviving_thermal,false,0.3003,technology-data biomass proxy,2.8049,9.3506,PyPSA technology-data v0.15 generic biomass fuel,0.3667,0,0,0.3667,0,104.5504,PHYSICAL BIOGENIC CO2 REPORTED; ZERO CHARGEABLE IN BASELINE,0,33.942429137529,0.584136986301,Annual-equivalent fallback = 0.69 outside-maintenance p_max_pu × (1 - 1344/8760); Phase 4C should construct staggered outages,MEM_V2_9_09_TECH_COSTS|PYPSA_TECHNOLOGY_DATA_V0_15|DEA_GAS_ENGINE_CATALOGUE,PYPSA TECHNOLOGY-DATA V0.15 / ACCEPTED MEM,MODEL_READY
2040,SLOW|BASE|HIGH,CNOR,OTHER_SURVIVING_THERMAL,BIOENERGY_OTHER_SURVIVING_THERMAL_NON_CHP,false,BIOENERGY,bioenergy_other_surviving_thermal,false,0.468,technology-data biomass proxy,2.8049,9.3506,PyPSA technology-data v0.15 generic biomass fuel,0.3667,0,0,0.3667,0,104.5504,PHYSICAL BIOGENIC CO2 REPORTED; ZERO CHARGEABLE IN BASELINE,0,22.784814529915,0.584136986301,Annual-equivalent fallback = 0.69 outside-maintenance p_max_pu × (1 - 1344/8760); Phase 4C should construct staggered outages,MEM_V2_9_09_TECH_COSTS|PYPSA_TECHNOLOGY_DATA_V0_15|DEA_GAS_ENGINE_CATALOGUE,PYPSA TECHNOLOGY-DATA V0.15 / ACCEPTED MEM,MODEL_READY
2040,SLOW|BASE|HIGH,CSUD,OTHER_SURVIVING_THERMAL,METHANE_OTHER_SURVIVING_THERMAL_NON_CHP,false,METHANE,methane_other_surviving_thermal,false,0.35,Residual methane thermal project assumption,6,38.0563456,TERNA/DDS 2040 36.4 EUR2023/MWh_th normalized to EUR2025,0.198,0,0,0.198,0.198,104.5504,EU_ETS FULL DIRECT STACK CO2,0,173.878070857143,0.643397260274,Annual-equivalent fallback = 0.76 outside-maintenance p_max_pu × (1 - 1344/8760); Phase 4C should construct staggered outages,MEM_V2_9_09_TECH_COSTS|PYPSA_TECHNOLOGY_DATA_V0_15|DEA_GAS_ENGINE_CATALOGUE,PROJECT ASSUMPTION,MODEL_READY_WITH_PROJECT_ASSUMPTION
2040,SLOW|BASE|HIGH,CSUD,OTHER_SURVIVING_THERMAL,BIOENERGY_OTHER_SURVIVING_THERMAL_NON_CHP,false,BIOENERGY,bioenergy_other_surviving_thermal,false,0.468,technology-data biomass proxy,2.8049,9.3506,PyPSA technology-data v0.15 generic biomass fuel,0.3667,0,0,0.3667,0,104.5504,PHYSICAL BIOGENIC CO2 REPORTED; ZERO CHARGEABLE IN BASELINE,0,22.784814529915,0.643397260274,Annual-equivalent fallback = 0.76 outside-maintenance p_max_pu × (1 - 1344/8760); Phase 4C should construct staggered outages,MEM_V2_9_09_TECH_COSTS|PYPSA_TECHNOLOGY_DATA_V0_15|DEA_GAS_ENGINE_CATALOGUE,PYPSA TECHNOLOGY-DATA V0.15 / ACCEPTED MEM,MODEL_READY
2040,SLOW|BASE|HIGH,SUD,OTHER_SURVIVING_THERMAL,METHANE_OTHER_SURVIVING_THERMAL_CHP,true,METHANE,methane_other_surviving_thermal,false,0.35,Residual methane thermal project assumption,6,38.0563456,TERNA/DDS 2040 36.4 EUR2023/MWh_th normalized to EUR2025,0.198,0,0,0.198,0.198,104.5504,EU_ETS FULL DIRECT STACK CO2,0,173.878070857143,0.651863013699,Annual-equivalent fallback = 0.77 outside-maintenance p_max_pu × (1 - 1344/8760); Phase 4C should construct staggered outages,MEM_V2_9_09_TECH_COSTS|PYPSA_TECHNOLOGY_DATA_V0_15|DEA_GAS_ENGINE_CATALOGUE,PROJECT ASSUMPTION,MODEL_READY_WITH_PROJECT_ASSUMPTION
2040,SLOW|BASE|HIGH,SUD,OTHER_SURVIVING_THERMAL,METHANE_OTHER_SURVIVING_THERMAL_NON_CHP,false,METHANE,methane_other_surviving_thermal,false,0.35,Residual methane thermal project assumption,6,38.0563456,TERNA/DDS 2040 36.4 EUR2023/MWh_th normalized to EUR2025,0.198,0,0,0.198,0.198,104.5504,EU_ETS FULL DIRECT STACK CO2,0,173.878070857143,0.651863013699,Annual-equivalent fallback = 0.77 outside-maintenance p_max_pu × (1 - 1344/8760); Phase 4C should construct staggered outages,MEM_V2_9_09_TECH_COSTS|PYPSA_TECHNOLOGY_DATA_V0_15|DEA_GAS_ENGINE_CATALOGUE,PROJECT ASSUMPTION,MODEL_READY_WITH_PROJECT_ASSUMPTION
2040,SLOW|BASE|HIGH,SUD,OTHER_SURVIVING_THERMAL,BIOENERGY_OTHER_SURVIVING_THERMAL_CHP,true,BIOENERGY,bioenergy_other_surviving_thermal,false,0.3003,technology-data biomass proxy,2.8049,9.3506,PyPSA technology-data v0.15 generic biomass fuel,0.3667,0,0,0.3667,0,104.5504,PHYSICAL BIOGENIC CO2 REPORTED; ZERO CHARGEABLE IN BASELINE,0,33.942429137529,0.651863013699,Annual-equivalent fallback = 0.77 outside-maintenance p_max_pu × (1 - 1344/8760); Phase 4C should construct staggered outages,MEM_V2_9_09_TECH_COSTS|PYPSA_TECHNOLOGY_DATA_V0_15|DEA_GAS_ENGINE_CATALOGUE,PYPSA TECHNOLOGY-DATA V0.15 / ACCEPTED MEM,MODEL_READY
2040,SLOW|BASE|HIGH,SUD,OTHER_SURVIVING_THERMAL,BIOENERGY_OTHER_SURVIVING_THERMAL_NON_CHP,false,BIOENERGY,bioenergy_other_surviving_thermal,false,0.468,technology-data biomass proxy,2.8049,9.3506,PyPSA technology-data v0.15 generic biomass fuel,0.3667,0,0,0.3667,0,104.5504,PHYSICAL BIOGENIC CO2 REPORTED; ZERO CHARGEABLE IN BASELINE,0,22.784814529915,0.651863013699,Annual-equivalent fallback = 0.77 outside-maintenance p_max_pu × (1 - 1344/8760); Phase 4C should construct staggered outages,MEM_V2_9_09_TECH_COSTS|PYPSA_TECHNOLOGY_DATA_V0_15|DEA_GAS_ENGINE_CATALOGUE,PYPSA TECHNOLOGY-DATA V0.15 / ACCEPTED MEM,MODEL_READY
2040,SLOW|BASE|HIGH,SICI,OTHER_SURVIVING_THERMAL,METHANE_OTHER_SURVIVING_THERMAL_NON_CHP,false,METHANE,methane_other_surviving_thermal,false,0.35,Residual methane thermal project assumption,6,38.0563456,TERNA/DDS 2040 36.4 EUR2023/MWh_th normalized to EUR2025,0.198,0,0,0.198,0.198,104.5504,EU_ETS FULL DIRECT STACK CO2,0,173.878070857143,0.634931506849,Annual-equivalent fallback = 0.75 outside-maintenance p_max_pu × (1 - 1344/8760); Phase 4C should construct staggered outages,MEM_V2_9_09_TECH_COSTS|PYPSA_TECHNOLOGY_DATA_V0_15|DEA_GAS_ENGINE_CATALOGUE,PROJECT ASSUMPTION,MODEL_READY_WITH_PROJECT_ASSUMPTION
2040,SLOW|BASE|HIGH,SICI,OTHER_SURVIVING_THERMAL,BIOENERGY_OTHER_SURVIVING_THERMAL_NON_CHP,false,BIOENERGY,bioenergy_other_surviving_thermal,false,0.468,technology-data biomass proxy,2.8049,9.3506,PyPSA technology-data v0.15 generic biomass fuel,0.3667,0,0,0.3667,0,104.5504,PHYSICAL BIOGENIC CO2 REPORTED; ZERO CHARGEABLE IN BASELINE,0,22.784814529915,0.634931506849,Annual-equivalent fallback = 0.75 outside-maintenance p_max_pu × (1 - 1344/8760); Phase 4C should construct staggered outages,MEM_V2_9_09_TECH_COSTS|PYPSA_TECHNOLOGY_DATA_V0_15|DEA_GAS_ENGINE_CATALOGUE,PYPSA TECHNOLOGY-DATA V0.15 / ACCEPTED MEM,MODEL_READY
2040,SLOW|BASE|HIGH,SARD,OTHER_SURVIVING_THERMAL,METHANE_OTHER_SURVIVING_THERMAL_NON_CHP,false,METHANE,methane_other_surviving_thermal,false,0.35,Residual methane thermal project assumption,6,38.0563456,TERNA/DDS 2040 36.4 EUR2023/MWh_th normalized to EUR2025,0.198,0,0,0.198,0.198,104.5504,EU_ETS FULL DIRECT STACK CO2,0,173.878070857143,0.626465753425,Annual-equivalent fallback = 0.74 outside-maintenance p_max_pu × (1 - 1344/8760); Phase 4C should construct staggered outages,MEM_V2_9_09_TECH_COSTS|PYPSA_TECHNOLOGY_DATA_V0_15|DEA_GAS_ENGINE_CATALOGUE,PROJECT ASSUMPTION,MODEL_READY_WITH_PROJECT_ASSUMPTION
2040,SLOW|BASE|HIGH,SARD,OTHER_SURVIVING_THERMAL,BIOENERGY_OTHER_SURVIVING_THERMAL_NON_CHP,false,BIOENERGY,bioenergy_other_surviving_thermal,false,0.468,technology-data biomass proxy,2.8049,9.3506,PyPSA technology-data v0.15 generic biomass fuel,0.3667,0,0,0.3667,0,104.5504,PHYSICAL BIOGENIC CO2 REPORTED; ZERO CHARGEABLE IN BASELINE,0,22.784814529915,0.626465753425,Annual-equivalent fallback = 0.74 outside-maintenance p_max_pu × (1 - 1344/8760); Phase 4C should construct staggered outages,MEM_V2_9_09_TECH_COSTS|PYPSA_TECHNOLOGY_DATA_V0_15|DEA_GAS_ENGINE_CATALOGUE,PYPSA TECHNOLOGY-DATA V0.15 / ACCEPTED MEM,MODEL_READY
2040,SLOW|BASE|HIGH,CNOR,GEOTHERMAL,GEOTHERMAL,false,GEOTHERMAL,geothermal,false,1,DIRECT-ELECTRIC ACCOUNTING CONVENTION; NOT A THERMODYNAMIC HEAT EFFICIENCY,6.0905,0,NOT_APPLICABLE,NOT_APPLICABLE,0.132243057872,0,0,0,104.5504,PHYSICAL GEOTHERMAL CO2 REPORTED; NO ETS CHARGE IN BASELINE; POLICY SENSITIVITY REQUIRED,0,6.0905,0.9,Constant technical availability; dispatch remains endogenous,PYPSA_TECHNOLOGY_DATA_V0_15_GEOTHERMAL_VOM_PROXY|ENEL_ENVIRONMENTAL_COUNTRY_OVERVIEW_2015,PROJECT ASSUMPTION + OPERATOR PHYSICAL EMISSIONS,MODEL_READY_WITH_PROJECT_ASSUMPTION
2050,SLOW|BASE|HIGH,NORD,BIOENERGY,BIOENERGY_CHP,true,BIOENERGY,bioenergy,false,0.3003,technology-data biomass electricity-side efficiency,2.8049,9.3506,PyPSA technology-data v0.15 generic biomass fuel,0.3667,0,0,0.3667,0,400,PHYSICAL BIOGENIC CO2 REPORTED; ZERO CHARGEABLE IN BASELINE,0,33.942429137529,0.761917808219,Annual-equivalent fallback = 0.9 outside-maintenance p_max_pu × (1 - 1344/8760); Phase 4C should construct staggered outages,PYPSA_TECHNOLOGY_DATA_V0_15,PYPSA TECHNOLOGY-DATA V0.15 / ACCEPTED MEM,MODEL_READY
2050,SLOW|BASE|HIGH,NORD,BIOENERGY,BIOENERGY_NON_CHP,false,BIOENERGY,bioenergy,false,0.468,technology-data biomass electricity-side efficiency,2.8049,9.3506,PyPSA technology-data v0.15 generic biomass fuel,0.3667,0,0,0.3667,0,400,PHYSICAL BIOGENIC CO2 REPORTED; ZERO CHARGEABLE IN BASELINE,0,22.784814529915,0.761917808219,Annual-equivalent fallback = 0.9 outside-maintenance p_max_pu × (1 - 1344/8760); Phase 4C should construct staggered outages,PYPSA_TECHNOLOGY_DATA_V0_15,PYPSA TECHNOLOGY-DATA V0.15 / ACCEPTED MEM,MODEL_READY
2050,SLOW|BASE|HIGH,CNOR,BIOENERGY,BIOENERGY_CHP,true,BIOENERGY,bioenergy,false,0.3003,technology-data biomass electricity-side efficiency,2.8049,9.3506,PyPSA technology-data v0.15 generic biomass fuel,0.3667,0,0,0.3667,0,400,PHYSICAL BIOGENIC CO2 REPORTED; ZERO CHARGEABLE IN BASELINE,0,33.942429137529,0.761917808219,Annual-equivalent fallback = 0.9 outside-maintenance p_max_pu × (1 - 1344/8760); Phase 4C should construct staggered outages,PYPSA_TECHNOLOGY_DATA_V0_15,PYPSA TECHNOLOGY-DATA V0.15 / ACCEPTED MEM,MODEL_READY
2050,SLOW|BASE|HIGH,CNOR,BIOENERGY,BIOENERGY_NON_CHP,false,BIOENERGY,bioenergy,false,0.468,technology-data biomass electricity-side efficiency,2.8049,9.3506,PyPSA technology-data v0.15 generic biomass fuel,0.3667,0,0,0.3667,0,400,PHYSICAL BIOGENIC CO2 REPORTED; ZERO CHARGEABLE IN BASELINE,0,22.784814529915,0.761917808219,Annual-equivalent fallback = 0.9 outside-maintenance p_max_pu × (1 - 1344/8760); Phase 4C should construct staggered outages,PYPSA_TECHNOLOGY_DATA_V0_15,PYPSA TECHNOLOGY-DATA V0.15 / ACCEPTED MEM,MODEL_READY
2050,SLOW|BASE|HIGH,CSUD,BIOENERGY,BIOENERGY_CHP,true,BIOENERGY,bioenergy,false,0.3003,technology-data biomass electricity-side efficiency,2.8049,9.3506,PyPSA technology-data v0.15 generic biomass fuel,0.3667,0,0,0.3667,0,400,PHYSICAL BIOGENIC CO2 REPORTED; ZERO CHARGEABLE IN BASELINE,0,33.942429137529,0.761917808219,Annual-equivalent fallback = 0.9 outside-maintenance p_max_pu × (1 - 1344/8760); Phase 4C should construct staggered outages,PYPSA_TECHNOLOGY_DATA_V0_15,PYPSA TECHNOLOGY-DATA V0.15 / ACCEPTED MEM,MODEL_READY
2050,SLOW|BASE|HIGH,CSUD,BIOENERGY,BIOENERGY_NON_CHP,false,BIOENERGY,bioenergy,false,0.468,technology-data biomass electricity-side efficiency,2.8049,9.3506,PyPSA technology-data v0.15 generic biomass fuel,0.3667,0,0,0.3667,0,400,PHYSICAL BIOGENIC CO2 REPORTED; ZERO CHARGEABLE IN BASELINE,0,22.784814529915,0.761917808219,Annual-equivalent fallback = 0.9 outside-maintenance p_max_pu × (1 - 1344/8760); Phase 4C should construct staggered outages,PYPSA_TECHNOLOGY_DATA_V0_15,PYPSA TECHNOLOGY-DATA V0.15 / ACCEPTED MEM,MODEL_READY
2050,SLOW|BASE|HIGH,SUD,BIOENERGY,BIOENERGY_CHP,true,BIOENERGY,bioenergy,false,0.3003,technology-data biomass electricity-side efficiency,2.8049,9.3506,PyPSA technology-data v0.15 generic biomass fuel,0.3667,0,0,0.3667,0,400,PHYSICAL BIOGENIC CO2 REPORTED; ZERO CHARGEABLE IN BASELINE,0,33.942429137529,0.761917808219,Annual-equivalent fallback = 0.9 outside-maintenance p_max_pu × (1 - 1344/8760); Phase 4C should construct staggered outages,PYPSA_TECHNOLOGY_DATA_V0_15,PYPSA TECHNOLOGY-DATA V0.15 / ACCEPTED MEM,MODEL_READY
2050,SLOW|BASE|HIGH,SUD,BIOENERGY,BIOENERGY_NON_CHP,false,BIOENERGY,bioenergy,false,0.468,technology-data biomass electricity-side efficiency,2.8049,9.3506,PyPSA technology-data v0.15 generic biomass fuel,0.3667,0,0,0.3667,0,400,PHYSICAL BIOGENIC CO2 REPORTED; ZERO CHARGEABLE IN BASELINE,0,22.784814529915,0.761917808219,Annual-equivalent fallback = 0.9 outside-maintenance p_max_pu × (1 - 1344/8760); Phase 4C should construct staggered outages,PYPSA_TECHNOLOGY_DATA_V0_15,PYPSA TECHNOLOGY-DATA V0.15 / ACCEPTED MEM,MODEL_READY
2050,SLOW|BASE|HIGH,CALA,BIOENERGY,BIOENERGY_CHP,true,BIOENERGY,bioenergy,false,0.3003,technology-data biomass electricity-side efficiency,2.8049,9.3506,PyPSA technology-data v0.15 generic biomass fuel,0.3667,0,0,0.3667,0,400,PHYSICAL BIOGENIC CO2 REPORTED; ZERO CHARGEABLE IN BASELINE,0,33.942429137529,0.761917808219,Annual-equivalent fallback = 0.9 outside-maintenance p_max_pu × (1 - 1344/8760); Phase 4C should construct staggered outages,PYPSA_TECHNOLOGY_DATA_V0_15,PYPSA TECHNOLOGY-DATA V0.15 / ACCEPTED MEM,MODEL_READY
2050,SLOW|BASE|HIGH,CALA,BIOENERGY,BIOENERGY_NON_CHP,false,BIOENERGY,bioenergy,false,0.468,technology-data biomass electricity-side efficiency,2.8049,9.3506,PyPSA technology-data v0.15 generic biomass fuel,0.3667,0,0,0.3667,0,400,PHYSICAL BIOGENIC CO2 REPORTED; ZERO CHARGEABLE IN BASELINE,0,22.784814529915,0.761917808219,Annual-equivalent fallback = 0.9 outside-maintenance p_max_pu × (1 - 1344/8760); Phase 4C should construct staggered outages,PYPSA_TECHNOLOGY_DATA_V0_15,PYPSA TECHNOLOGY-DATA V0.15 / ACCEPTED MEM,MODEL_READY
2050,SLOW|BASE|HIGH,SICI,BIOENERGY,BIOENERGY_CHP,true,BIOENERGY,bioenergy,false,0.3003,technology-data biomass electricity-side efficiency,2.8049,9.3506,PyPSA technology-data v0.15 generic biomass fuel,0.3667,0,0,0.3667,0,400,PHYSICAL BIOGENIC CO2 REPORTED; ZERO CHARGEABLE IN BASELINE,0,33.942429137529,0.761917808219,Annual-equivalent fallback = 0.9 outside-maintenance p_max_pu × (1 - 1344/8760); Phase 4C should construct staggered outages,PYPSA_TECHNOLOGY_DATA_V0_15,PYPSA TECHNOLOGY-DATA V0.15 / ACCEPTED MEM,MODEL_READY
2050,SLOW|BASE|HIGH,SICI,BIOENERGY,BIOENERGY_NON_CHP,false,BIOENERGY,bioenergy,false,0.468,technology-data biomass electricity-side efficiency,2.8049,9.3506,PyPSA technology-data v0.15 generic biomass fuel,0.3667,0,0,0.3667,0,400,PHYSICAL BIOGENIC CO2 REPORTED; ZERO CHARGEABLE IN BASELINE,0,22.784814529915,0.761917808219,Annual-equivalent fallback = 0.9 outside-maintenance p_max_pu × (1 - 1344/8760); Phase 4C should construct staggered outages,PYPSA_TECHNOLOGY_DATA_V0_15,PYPSA TECHNOLOGY-DATA V0.15 / ACCEPTED MEM,MODEL_READY
2050,SLOW|BASE|HIGH,SARD,BIOENERGY,BIOENERGY_CHP,true,BIOENERGY,bioenergy,false,0.3003,technology-data biomass electricity-side efficiency,2.8049,9.3506,PyPSA technology-data v0.15 generic biomass fuel,0.3667,0,0,0.3667,0,400,PHYSICAL BIOGENIC CO2 REPORTED; ZERO CHARGEABLE IN BASELINE,0,33.942429137529,0.761917808219,Annual-equivalent fallback = 0.9 outside-maintenance p_max_pu × (1 - 1344/8760); Phase 4C should construct staggered outages,PYPSA_TECHNOLOGY_DATA_V0_15,PYPSA TECHNOLOGY-DATA V0.15 / ACCEPTED MEM,MODEL_READY
2050,SLOW|BASE|HIGH,SARD,BIOENERGY,BIOENERGY_NON_CHP,false,BIOENERGY,bioenergy,false,0.468,technology-data biomass electricity-side efficiency,2.8049,9.3506,PyPSA technology-data v0.15 generic biomass fuel,0.3667,0,0,0.3667,0,400,PHYSICAL BIOGENIC CO2 REPORTED; ZERO CHARGEABLE IN BASELINE,0,22.784814529915,0.761917808219,Annual-equivalent fallback = 0.9 outside-maintenance p_max_pu × (1 - 1344/8760); Phase 4C should construct staggered outages,PYPSA_TECHNOLOGY_DATA_V0_15,PYPSA TECHNOLOGY-DATA V0.15 / ACCEPTED MEM,MODEL_READY
2050,SLOW|BASE|HIGH,NORD,BIOENERGY_CCS,BIOENERGY_CCS_CHP,true,BIOENERGY,bioenergy_ccs,true,0.267205325,CCS-specific net electric efficiency: 0.3003 minus 0.033094675 MWh_el/MWh_th capture+compression electricity; no second penalty,2.8049,9.3506,PyPSA technology-data v0.15 generic biomass fuel,0.3667,0,0.95,0.018335,0,400,BIOGENIC CO2 CAPTURE REPORTED SEPARATELY; NO NEGATIVE CREDIT IN OBJECTIVE,4.098030997324,41.896994083454,0.761917808219,Annual-equivalent fallback = 0.9 outside-maintenance p_max_pu × (1 - 1344/8760); Phase 4C should construct staggered outages,PYPSA_TECHNOLOGY_DATA_V0_15_BIOMASS_AND_CAPTURE,PYPSA TECHNOLOGY-DATA V0.15 / ACCEPTED MEM,MODEL_READY
2050,SLOW|BASE|HIGH,NORD,BIOENERGY_CCS,BIOENERGY_CCS_NON_CHP,false,BIOENERGY,bioenergy_ccs,true,0.434905325,CCS-specific net electric efficiency: 0.468 minus 0.033094675 MWh_el/MWh_th capture+compression electricity; no second penalty,2.8049,9.3506,PyPSA technology-data v0.15 generic biomass fuel,0.3667,0,0.95,0.018335,0,400,BIOGENIC CO2 CAPTURE REPORTED SEPARATELY; NO NEGATIVE CREDIT IN OBJECTIVE,2.517825470406,26.82303706121,0.761917808219,Annual-equivalent fallback = 0.9 outside-maintenance p_max_pu × (1 - 1344/8760); Phase 4C should construct staggered outages,PYPSA_TECHNOLOGY_DATA_V0_15_BIOMASS_AND_CAPTURE,PYPSA TECHNOLOGY-DATA V0.15 / ACCEPTED MEM,MODEL_READY
2050,SLOW|BASE|HIGH,CNOR,BIOENERGY_CCS,BIOENERGY_CCS_CHP,true,BIOENERGY,bioenergy_ccs,true,0.267205325,CCS-specific net electric efficiency: 0.3003 minus 0.033094675 MWh_el/MWh_th capture+compression electricity; no second penalty,2.8049,9.3506,PyPSA technology-data v0.15 generic biomass fuel,0.3667,0,0.95,0.018335,0,400,BIOGENIC CO2 CAPTURE REPORTED SEPARATELY; NO NEGATIVE CREDIT IN OBJECTIVE,4.098030997324,41.896994083454,0.761917808219,Annual-equivalent fallback = 0.9 outside-maintenance p_max_pu × (1 - 1344/8760); Phase 4C should construct staggered outages,PYPSA_TECHNOLOGY_DATA_V0_15_BIOMASS_AND_CAPTURE,PYPSA TECHNOLOGY-DATA V0.15 / ACCEPTED MEM,MODEL_READY
2050,SLOW|BASE|HIGH,CNOR,BIOENERGY_CCS,BIOENERGY_CCS_NON_CHP,false,BIOENERGY,bioenergy_ccs,true,0.434905325,CCS-specific net electric efficiency: 0.468 minus 0.033094675 MWh_el/MWh_th capture+compression electricity; no second penalty,2.8049,9.3506,PyPSA technology-data v0.15 generic biomass fuel,0.3667,0,0.95,0.018335,0,400,BIOGENIC CO2 CAPTURE REPORTED SEPARATELY; NO NEGATIVE CREDIT IN OBJECTIVE,2.517825470406,26.82303706121,0.761917808219,Annual-equivalent fallback = 0.9 outside-maintenance p_max_pu × (1 - 1344/8760); Phase 4C should construct staggered outages,PYPSA_TECHNOLOGY_DATA_V0_15_BIOMASS_AND_CAPTURE,PYPSA TECHNOLOGY-DATA V0.15 / ACCEPTED MEM,MODEL_READY
2050,SLOW|BASE|HIGH,CSUD,BIOENERGY_CCS,BIOENERGY_CCS_CHP,true,BIOENERGY,bioenergy_ccs,true,0.267205325,CCS-specific net electric efficiency: 0.3003 minus 0.033094675 MWh_el/MWh_th capture+compression electricity; no second penalty,2.8049,9.3506,PyPSA technology-data v0.15 generic biomass fuel,0.3667,0,0.95,0.018335,0,400,BIOGENIC CO2 CAPTURE REPORTED SEPARATELY; NO NEGATIVE CREDIT IN OBJECTIVE,4.098030997324,41.896994083454,0.761917808219,Annual-equivalent fallback = 0.9 outside-maintenance p_max_pu × (1 - 1344/8760); Phase 4C should construct staggered outages,PYPSA_TECHNOLOGY_DATA_V0_15_BIOMASS_AND_CAPTURE,PYPSA TECHNOLOGY-DATA V0.15 / ACCEPTED MEM,MODEL_READY
2050,SLOW|BASE|HIGH,CSUD,BIOENERGY_CCS,BIOENERGY_CCS_NON_CHP,false,BIOENERGY,bioenergy_ccs,true,0.434905325,CCS-specific net electric efficiency: 0.468 minus 0.033094675 MWh_el/MWh_th capture+compression electricity; no second penalty,2.8049,9.3506,PyPSA technology-data v0.15 generic biomass fuel,0.3667,0,0.95,0.018335,0,400,BIOGENIC CO2 CAPTURE REPORTED SEPARATELY; NO NEGATIVE CREDIT IN OBJECTIVE,2.517825470406,26.82303706121,0.761917808219,Annual-equivalent fallback = 0.9 outside-maintenance p_max_pu × (1 - 1344/8760); Phase 4C should construct staggered outages,PYPSA_TECHNOLOGY_DATA_V0_15_BIOMASS_AND_CAPTURE,PYPSA TECHNOLOGY-DATA V0.15 / ACCEPTED MEM,MODEL_READY
2050,SLOW|BASE|HIGH,SUD,BIOENERGY_CCS,BIOENERGY_CCS_CHP,true,BIOENERGY,bioenergy_ccs,true,0.267205325,CCS-specific net electric efficiency: 0.3003 minus 0.033094675 MWh_el/MWh_th capture+compression electricity; no second penalty,2.8049,9.3506,PyPSA technology-data v0.15 generic biomass fuel,0.3667,0,0.95,0.018335,0,400,BIOGENIC CO2 CAPTURE REPORTED SEPARATELY; NO NEGATIVE CREDIT IN OBJECTIVE,4.098030997324,41.896994083454,0.761917808219,Annual-equivalent fallback = 0.9 outside-maintenance p_max_pu × (1 - 1344/8760); Phase 4C should construct staggered outages,PYPSA_TECHNOLOGY_DATA_V0_15_BIOMASS_AND_CAPTURE,PYPSA TECHNOLOGY-DATA V0.15 / ACCEPTED MEM,MODEL_READY
2050,SLOW|BASE|HIGH,SUD,BIOENERGY_CCS,BIOENERGY_CCS_NON_CHP,false,BIOENERGY,bioenergy_ccs,true,0.434905325,CCS-specific net electric efficiency: 0.468 minus 0.033094675 MWh_el/MWh_th capture+compression electricity; no second penalty,2.8049,9.3506,PyPSA technology-data v0.15 generic biomass fuel,0.3667,0,0.95,0.018335,0,400,BIOGENIC CO2 CAPTURE REPORTED SEPARATELY; NO NEGATIVE CREDIT IN OBJECTIVE,2.517825470406,26.82303706121,0.761917808219,Annual-equivalent fallback = 0.9 outside-maintenance p_max_pu × (1 - 1344/8760); Phase 4C should construct staggered outages,PYPSA_TECHNOLOGY_DATA_V0_15_BIOMASS_AND_CAPTURE,PYPSA TECHNOLOGY-DATA V0.15 / ACCEPTED MEM,MODEL_READY
2050,SLOW|BASE|HIGH,CALA,BIOENERGY_CCS,BIOENERGY_CCS_CHP,true,BIOENERGY,bioenergy_ccs,true,0.267205325,CCS-specific net electric efficiency: 0.3003 minus 0.033094675 MWh_el/MWh_th capture+compression electricity; no second penalty,2.8049,9.3506,PyPSA technology-data v0.15 generic biomass fuel,0.3667,0,0.95,0.018335,0,400,BIOGENIC CO2 CAPTURE REPORTED SEPARATELY; NO NEGATIVE CREDIT IN OBJECTIVE,4.098030997324,41.896994083454,0.761917808219,Annual-equivalent fallback = 0.9 outside-maintenance p_max_pu × (1 - 1344/8760); Phase 4C should construct staggered outages,PYPSA_TECHNOLOGY_DATA_V0_15_BIOMASS_AND_CAPTURE,PYPSA TECHNOLOGY-DATA V0.15 / ACCEPTED MEM,MODEL_READY
2050,SLOW|BASE|HIGH,CALA,BIOENERGY_CCS,BIOENERGY_CCS_NON_CHP,false,BIOENERGY,bioenergy_ccs,true,0.434905325,CCS-specific net electric efficiency: 0.468 minus 0.033094675 MWh_el/MWh_th capture+compression electricity; no second penalty,2.8049,9.3506,PyPSA technology-data v0.15 generic biomass fuel,0.3667,0,0.95,0.018335,0,400,BIOGENIC CO2 CAPTURE REPORTED SEPARATELY; NO NEGATIVE CREDIT IN OBJECTIVE,2.517825470406,26.82303706121,0.761917808219,Annual-equivalent fallback = 0.9 outside-maintenance p_max_pu × (1 - 1344/8760); Phase 4C should construct staggered outages,PYPSA_TECHNOLOGY_DATA_V0_15_BIOMASS_AND_CAPTURE,PYPSA TECHNOLOGY-DATA V0.15 / ACCEPTED MEM,MODEL_READY
2050,SLOW|BASE|HIGH,SICI,BIOENERGY_CCS,BIOENERGY_CCS_CHP,true,BIOENERGY,bioenergy_ccs,true,0.267205325,CCS-specific net electric efficiency: 0.3003 minus 0.033094675 MWh_el/MWh_th capture+compression electricity; no second penalty,2.8049,9.3506,PyPSA technology-data v0.15 generic biomass fuel,0.3667,0,0.95,0.018335,0,400,BIOGENIC CO2 CAPTURE REPORTED SEPARATELY; NO NEGATIVE CREDIT IN OBJECTIVE,4.098030997324,41.896994083454,0.761917808219,Annual-equivalent fallback = 0.9 outside-maintenance p_max_pu × (1 - 1344/8760); Phase 4C should construct staggered outages,PYPSA_TECHNOLOGY_DATA_V0_15_BIOMASS_AND_CAPTURE,PYPSA TECHNOLOGY-DATA V0.15 / ACCEPTED MEM,MODEL_READY
2050,SLOW|BASE|HIGH,SICI,BIOENERGY_CCS,BIOENERGY_CCS_NON_CHP,false,BIOENERGY,bioenergy_ccs,true,0.434905325,CCS-specific net electric efficiency: 0.468 minus 0.033094675 MWh_el/MWh_th capture+compression electricity; no second penalty,2.8049,9.3506,PyPSA technology-data v0.15 generic biomass fuel,0.3667,0,0.95,0.018335,0,400,BIOGENIC CO2 CAPTURE REPORTED SEPARATELY; NO NEGATIVE CREDIT IN OBJECTIVE,2.517825470406,26.82303706121,0.761917808219,Annual-equivalent fallback = 0.9 outside-maintenance p_max_pu × (1 - 1344/8760); Phase 4C should construct staggered outages,PYPSA_TECHNOLOGY_DATA_V0_15_BIOMASS_AND_CAPTURE,PYPSA TECHNOLOGY-DATA V0.15 / ACCEPTED MEM,MODEL_READY
2050,SLOW|BASE|HIGH,SARD,BIOENERGY_CCS,BIOENERGY_CCS_CHP,true,BIOENERGY,bioenergy_ccs,true,0.267205325,CCS-specific net electric efficiency: 0.3003 minus 0.033094675 MWh_el/MWh_th capture+compression electricity; no second penalty,2.8049,9.3506,PyPSA technology-data v0.15 generic biomass fuel,0.3667,0,0.95,0.018335,0,400,BIOGENIC CO2 CAPTURE REPORTED SEPARATELY; NO NEGATIVE CREDIT IN OBJECTIVE,4.098030997324,41.896994083454,0.761917808219,Annual-equivalent fallback = 0.9 outside-maintenance p_max_pu × (1 - 1344/8760); Phase 4C should construct staggered outages,PYPSA_TECHNOLOGY_DATA_V0_15_BIOMASS_AND_CAPTURE,PYPSA TECHNOLOGY-DATA V0.15 / ACCEPTED MEM,MODEL_READY
2050,SLOW|BASE|HIGH,SARD,BIOENERGY_CCS,BIOENERGY_CCS_NON_CHP,false,BIOENERGY,bioenergy_ccs,true,0.434905325,CCS-specific net electric efficiency: 0.468 minus 0.033094675 MWh_el/MWh_th capture+compression electricity; no second penalty,2.8049,9.3506,PyPSA technology-data v0.15 generic biomass fuel,0.3667,0,0.95,0.018335,0,400,BIOGENIC CO2 CAPTURE REPORTED SEPARATELY; NO NEGATIVE CREDIT IN OBJECTIVE,2.517825470406,26.82303706121,0.761917808219,Annual-equivalent fallback = 0.9 outside-maintenance p_max_pu × (1 - 1344/8760); Phase 4C should construct staggered outages,PYPSA_TECHNOLOGY_DATA_V0_15_BIOMASS_AND_CAPTURE,PYPSA TECHNOLOGY-DATA V0.15 / ACCEPTED MEM,MODEL_READY
2050,SLOW|BASE|HIGH,NORD,GAS_CCS,METHANE_CCS_CCGT_CHP,true,METHANE,methane_ccs,true,0.52,CCS-specific net electric efficiency inclusive of capture energy penalty,5.3432,22.7578,ACCEPTED MEM 2050 methane assumption,0.198,0,0.9,0.0198,0.0198,400,EU_ETS ON RESIDUAL STACK CO2 AFTER ONE CAPTURE-RATE APPLICATION,18.505384615385,82.844353846154,0.760993150685,Annual-equivalent fallback = 0.9 outside-maintenance p_max_pu × (1 - 1353/8760); Phase 4C should construct staggered outages,MEM_TERNA_CCGT_CAPTURE_CONTEXT|PYPSA_TECHNOLOGY_DATA_V0_15_CCGT,PROJECT ASSUMPTION ANCHORED TO ACCEPTED SOURCES,MODEL_READY_WITH_PROJECT_ASSUMPTION
2050,SLOW|BASE|HIGH,NORD,GAS_CCS,METHANE_CCS_CCGT_NON_CHP,false,METHANE,methane_ccs,true,0.52,CCS-specific net electric efficiency inclusive of capture energy penalty,5.3432,22.7578,ACCEPTED MEM 2050 methane assumption,0.198,0,0.9,0.0198,0.0198,400,EU_ETS ON RESIDUAL STACK CO2 AFTER ONE CAPTURE-RATE APPLICATION,18.505384615385,82.844353846154,0.760993150685,Annual-equivalent fallback = 0.9 outside-maintenance p_max_pu × (1 - 1353/8760); Phase 4C should construct staggered outages,MEM_TERNA_CCGT_CAPTURE_CONTEXT|PYPSA_TECHNOLOGY_DATA_V0_15_CCGT,PROJECT ASSUMPTION ANCHORED TO ACCEPTED SOURCES,MODEL_READY_WITH_PROJECT_ASSUMPTION
2050,SLOW|BASE|HIGH,CNOR,GAS_CCS,METHANE_CCS_CCGT_CHP,true,METHANE,methane_ccs,true,0.52,CCS-specific net electric efficiency inclusive of capture energy penalty,5.3432,22.7578,ACCEPTED MEM 2050 methane assumption,0.198,0,0.9,0.0198,0.0198,400,EU_ETS ON RESIDUAL STACK CO2 AFTER ONE CAPTURE-RATE APPLICATION,18.505384615385,82.844353846154,0.760993150685,Annual-equivalent fallback = 0.9 outside-maintenance p_max_pu × (1 - 1353/8760); Phase 4C should construct staggered outages,MEM_TERNA_CCGT_CAPTURE_CONTEXT|PYPSA_TECHNOLOGY_DATA_V0_15_CCGT,PROJECT ASSUMPTION ANCHORED TO ACCEPTED SOURCES,MODEL_READY_WITH_PROJECT_ASSUMPTION
2050,SLOW|BASE|HIGH,CNOR,GAS_CCS,METHANE_CCS_CCGT_NON_CHP,false,METHANE,methane_ccs,true,0.52,CCS-specific net electric efficiency inclusive of capture energy penalty,5.3432,22.7578,ACCEPTED MEM 2050 methane assumption,0.198,0,0.9,0.0198,0.0198,400,EU_ETS ON RESIDUAL STACK CO2 AFTER ONE CAPTURE-RATE APPLICATION,18.505384615385,82.844353846154,0.760993150685,Annual-equivalent fallback = 0.9 outside-maintenance p_max_pu × (1 - 1353/8760); Phase 4C should construct staggered outages,MEM_TERNA_CCGT_CAPTURE_CONTEXT|PYPSA_TECHNOLOGY_DATA_V0_15_CCGT,PROJECT ASSUMPTION ANCHORED TO ACCEPTED SOURCES,MODEL_READY_WITH_PROJECT_ASSUMPTION
2050,SLOW|BASE|HIGH,CSUD,GAS_CCS,METHANE_CCS_CCGT_CHP,true,METHANE,methane_ccs,true,0.52,CCS-specific net electric efficiency inclusive of capture energy penalty,5.3432,22.7578,ACCEPTED MEM 2050 methane assumption,0.198,0,0.9,0.0198,0.0198,400,EU_ETS ON RESIDUAL STACK CO2 AFTER ONE CAPTURE-RATE APPLICATION,18.505384615385,82.844353846154,0.760993150685,Annual-equivalent fallback = 0.9 outside-maintenance p_max_pu × (1 - 1353/8760); Phase 4C should construct staggered outages,MEM_TERNA_CCGT_CAPTURE_CONTEXT|PYPSA_TECHNOLOGY_DATA_V0_15_CCGT,PROJECT ASSUMPTION ANCHORED TO ACCEPTED SOURCES,MODEL_READY_WITH_PROJECT_ASSUMPTION
2050,SLOW|BASE|HIGH,CSUD,GAS_CCS,METHANE_CCS_CCGT_NON_CHP,false,METHANE,methane_ccs,true,0.52,CCS-specific net electric efficiency inclusive of capture energy penalty,5.3432,22.7578,ACCEPTED MEM 2050 methane assumption,0.198,0,0.9,0.0198,0.0198,400,EU_ETS ON RESIDUAL STACK CO2 AFTER ONE CAPTURE-RATE APPLICATION,18.505384615385,82.844353846154,0.760993150685,Annual-equivalent fallback = 0.9 outside-maintenance p_max_pu × (1 - 1353/8760); Phase 4C should construct staggered outages,MEM_TERNA_CCGT_CAPTURE_CONTEXT|PYPSA_TECHNOLOGY_DATA_V0_15_CCGT,PROJECT ASSUMPTION ANCHORED TO ACCEPTED SOURCES,MODEL_READY_WITH_PROJECT_ASSUMPTION
2050,SLOW|BASE|HIGH,SUD,GAS_CCS,METHANE_CCS_CCGT_CHP,true,METHANE,methane_ccs,true,0.52,CCS-specific net electric efficiency inclusive of capture energy penalty,5.3432,22.7578,ACCEPTED MEM 2050 methane assumption,0.198,0,0.9,0.0198,0.0198,400,EU_ETS ON RESIDUAL STACK CO2 AFTER ONE CAPTURE-RATE APPLICATION,18.505384615385,82.844353846154,0.760993150685,Annual-equivalent fallback = 0.9 outside-maintenance p_max_pu × (1 - 1353/8760); Phase 4C should construct staggered outages,MEM_TERNA_CCGT_CAPTURE_CONTEXT|PYPSA_TECHNOLOGY_DATA_V0_15_CCGT,PROJECT ASSUMPTION ANCHORED TO ACCEPTED SOURCES,MODEL_READY_WITH_PROJECT_ASSUMPTION
2050,SLOW|BASE|HIGH,SUD,GAS_CCS,METHANE_CCS_CCGT_NON_CHP,false,METHANE,methane_ccs,true,0.52,CCS-specific net electric efficiency inclusive of capture energy penalty,5.3432,22.7578,ACCEPTED MEM 2050 methane assumption,0.198,0,0.9,0.0198,0.0198,400,EU_ETS ON RESIDUAL STACK CO2 AFTER ONE CAPTURE-RATE APPLICATION,18.505384615385,82.844353846154,0.760993150685,Annual-equivalent fallback = 0.9 outside-maintenance p_max_pu × (1 - 1353/8760); Phase 4C should construct staggered outages,MEM_TERNA_CCGT_CAPTURE_CONTEXT|PYPSA_TECHNOLOGY_DATA_V0_15_CCGT,PROJECT ASSUMPTION ANCHORED TO ACCEPTED SOURCES,MODEL_READY_WITH_PROJECT_ASSUMPTION
2050,SLOW|BASE|HIGH,CALA,GAS_CCS,METHANE_CCS_CCGT_CHP,true,METHANE,methane_ccs,true,0.52,CCS-specific net electric efficiency inclusive of capture energy penalty,5.3432,22.7578,ACCEPTED MEM 2050 methane assumption,0.198,0,0.9,0.0198,0.0198,400,EU_ETS ON RESIDUAL STACK CO2 AFTER ONE CAPTURE-RATE APPLICATION,18.505384615385,82.844353846154,0.760993150685,Annual-equivalent fallback = 0.9 outside-maintenance p_max_pu × (1 - 1353/8760); Phase 4C should construct staggered outages,MEM_TERNA_CCGT_CAPTURE_CONTEXT|PYPSA_TECHNOLOGY_DATA_V0_15_CCGT,PROJECT ASSUMPTION ANCHORED TO ACCEPTED SOURCES,MODEL_READY_WITH_PROJECT_ASSUMPTION
2050,SLOW|BASE|HIGH,CALA,GAS_CCS,METHANE_CCS_CCGT_NON_CHP,false,METHANE,methane_ccs,true,0.52,CCS-specific net electric efficiency inclusive of capture energy penalty,5.3432,22.7578,ACCEPTED MEM 2050 methane assumption,0.198,0,0.9,0.0198,0.0198,400,EU_ETS ON RESIDUAL STACK CO2 AFTER ONE CAPTURE-RATE APPLICATION,18.505384615385,82.844353846154,0.760993150685,Annual-equivalent fallback = 0.9 outside-maintenance p_max_pu × (1 - 1353/8760); Phase 4C should construct staggered outages,MEM_TERNA_CCGT_CAPTURE_CONTEXT|PYPSA_TECHNOLOGY_DATA_V0_15_CCGT,PROJECT ASSUMPTION ANCHORED TO ACCEPTED SOURCES,MODEL_READY_WITH_PROJECT_ASSUMPTION
2050,SLOW|BASE|HIGH,SICI,GAS_CCS,METHANE_CCS_CCGT_CHP,true,METHANE,methane_ccs,true,0.52,CCS-specific net electric efficiency inclusive of capture energy penalty,5.3432,22.7578,ACCEPTED MEM 2050 methane assumption,0.198,0,0.9,0.0198,0.0198,400,EU_ETS ON RESIDUAL STACK CO2 AFTER ONE CAPTURE-RATE APPLICATION,18.505384615385,82.844353846154,0.760993150685,Annual-equivalent fallback = 0.9 outside-maintenance p_max_pu × (1 - 1353/8760); Phase 4C should construct staggered outages,MEM_TERNA_CCGT_CAPTURE_CONTEXT|PYPSA_TECHNOLOGY_DATA_V0_15_CCGT,PROJECT ASSUMPTION ANCHORED TO ACCEPTED SOURCES,MODEL_READY_WITH_PROJECT_ASSUMPTION
2050,SLOW|BASE|HIGH,SICI,GAS_CCS,METHANE_CCS_CCGT_NON_CHP,false,METHANE,methane_ccs,true,0.52,CCS-specific net electric efficiency inclusive of capture energy penalty,5.3432,22.7578,ACCEPTED MEM 2050 methane assumption,0.198,0,0.9,0.0198,0.0198,400,EU_ETS ON RESIDUAL STACK CO2 AFTER ONE CAPTURE-RATE APPLICATION,18.505384615385,82.844353846154,0.760993150685,Annual-equivalent fallback = 0.9 outside-maintenance p_max_pu × (1 - 1353/8760); Phase 4C should construct staggered outages,MEM_TERNA_CCGT_CAPTURE_CONTEXT|PYPSA_TECHNOLOGY_DATA_V0_15_CCGT,PROJECT ASSUMPTION ANCHORED TO ACCEPTED SOURCES,MODEL_READY_WITH_PROJECT_ASSUMPTION
2050,SLOW|BASE|HIGH,SARD,GAS_CCS,METHANE_CCS_CCGT_CHP,true,METHANE,methane_ccs,true,0.52,CCS-specific net electric efficiency inclusive of capture energy penalty,5.3432,22.7578,ACCEPTED MEM 2050 methane assumption,0.198,0,0.9,0.0198,0.0198,400,EU_ETS ON RESIDUAL STACK CO2 AFTER ONE CAPTURE-RATE APPLICATION,18.505384615385,82.844353846154,0.760993150685,Annual-equivalent fallback = 0.9 outside-maintenance p_max_pu × (1 - 1353/8760); Phase 4C should construct staggered outages,MEM_TERNA_CCGT_CAPTURE_CONTEXT|PYPSA_TECHNOLOGY_DATA_V0_15_CCGT,PROJECT ASSUMPTION ANCHORED TO ACCEPTED SOURCES,MODEL_READY_WITH_PROJECT_ASSUMPTION
2050,SLOW|BASE|HIGH,SARD,GAS_CCS,METHANE_CCS_CCGT_NON_CHP,false,METHANE,methane_ccs,true,0.52,CCS-specific net electric efficiency inclusive of capture energy penalty,5.3432,22.7578,ACCEPTED MEM 2050 methane assumption,0.198,0,0.9,0.0198,0.0198,400,EU_ETS ON RESIDUAL STACK CO2 AFTER ONE CAPTURE-RATE APPLICATION,18.505384615385,82.844353846154,0.760993150685,Annual-equivalent fallback = 0.9 outside-maintenance p_max_pu × (1 - 1353/8760); Phase 4C should construct staggered outages,MEM_TERNA_CCGT_CAPTURE_CONTEXT|PYPSA_TECHNOLOGY_DATA_V0_15_CCGT,PROJECT ASSUMPTION ANCHORED TO ACCEPTED SOURCES,MODEL_READY_WITH_PROJECT_ASSUMPTION
2050,SLOW|BASE|HIGH,NORD,GAS_OTHER_FOSSIL,METHANE_GT_OCGT_CHP,true,METHANE,methane_gt_ocgt,false,0.43,2050 OCGT annual-average electric efficiency,5.3432,22.7578,ACCEPTED MEM 2050 methane assumption,0.198,0,0,0.198,0.198,400,EU_ETS FULL DIRECT STACK CO2,0,242.454362790698,0.811952054795,Annual-equivalent fallback = 0.9 outside-maintenance p_max_pu × (1 - 857/8760); Phase 4C should construct staggered outages,PYPSA_TECHNOLOGY_DATA_V0_15_OCGT,PYPSA TECHNOLOGY-DATA V0.15 / ACCEPTED MEM,MODEL_READY
2050,SLOW|BASE|HIGH,NORD,GAS_OTHER_FOSSIL,METHANE_GT_OCGT_NON_CHP,false,METHANE,methane_gt_ocgt,false,0.43,2050 OCGT annual-average electric efficiency,6.0111,22.7578,ACCEPTED MEM 2050 methane assumption,0.198,0,0,0.198,0.198,400,EU_ETS FULL DIRECT STACK CO2,0,243.122262790698,0.811952054795,Annual-equivalent fallback = 0.9 outside-maintenance p_max_pu × (1 - 857/8760); Phase 4C should construct staggered outages,PYPSA_TECHNOLOGY_DATA_V0_15_OCGT,PYPSA TECHNOLOGY-DATA V0.15 / ACCEPTED MEM,MODEL_READY
2050,SLOW|BASE|HIGH,NORD,GAS_OTHER_FOSSIL,HYDROGEN_GT_OCGT_CHP,true,HYDROGEN,hydrogen_gt_ocgt,false,0.43,Hydrogen-ready GT uses 2050 OCGT electric-efficiency proxy,5.3432,42,PROJECT EUR2025 ENGINEERING ASSUMPTION anchored to TYNDP 2024 North-African import-price range,0,0,0,0,0,400,ZERO DIRECT STACK CO2; UPSTREAM OUTSIDE DIRECT STACK,0,103.017618604651,0.811952054795,Annual-equivalent fallback = 0.9 outside-maintenance p_max_pu × (1 - 857/8760); Phase 4C should construct staggered outages,PYPSA_TECHNOLOGY_DATA_V0_15_OCGT,PROJECT FUEL-SUBSTITUTION ASSUMPTION,MODEL_READY_WITH_PROJECT_ASSUMPTION
2050,SLOW|BASE|HIGH,NORD,GAS_OTHER_FOSSIL,HYDROGEN_GT_OCGT_NON_CHP,false,HYDROGEN,hydrogen_gt_ocgt,false,0.43,Hydrogen-ready GT uses 2050 OCGT electric-efficiency proxy,6.0111,42,PROJECT EUR2025 ENGINEERING ASSUMPTION anchored to TYNDP 2024 North-African import-price range,0,0,0,0,0,400,ZERO DIRECT STACK CO2; UPSTREAM OUTSIDE DIRECT STACK,0,103.685518604651,0.811952054795,Annual-equivalent fallback = 0.9 outside-maintenance p_max_pu × (1 - 857/8760); Phase 4C should construct staggered outages,PYPSA_TECHNOLOGY_DATA_V0_15_OCGT,PROJECT FUEL-SUBSTITUTION ASSUMPTION,MODEL_READY_WITH_PROJECT_ASSUMPTION
2050,SLOW|BASE|HIGH,CNOR,GAS_OTHER_FOSSIL,METHANE_GT_OCGT_CHP,true,METHANE,methane_gt_ocgt,false,0.43,2050 OCGT annual-average electric efficiency,5.3432,22.7578,ACCEPTED MEM 2050 methane assumption,0.198,0,0,0.198,0.198,400,EU_ETS FULL DIRECT STACK CO2,0,242.454362790698,0.811952054795,Annual-equivalent fallback = 0.9 outside-maintenance p_max_pu × (1 - 857/8760); Phase 4C should construct staggered outages,PYPSA_TECHNOLOGY_DATA_V0_15_OCGT,PYPSA TECHNOLOGY-DATA V0.15 / ACCEPTED MEM,MODEL_READY
2050,SLOW|BASE|HIGH,CNOR,GAS_OTHER_FOSSIL,METHANE_GT_OCGT_NON_CHP,false,METHANE,methane_gt_ocgt,false,0.43,2050 OCGT annual-average electric efficiency,6.0111,22.7578,ACCEPTED MEM 2050 methane assumption,0.198,0,0,0.198,0.198,400,EU_ETS FULL DIRECT STACK CO2,0,243.122262790698,0.811952054795,Annual-equivalent fallback = 0.9 outside-maintenance p_max_pu × (1 - 857/8760); Phase 4C should construct staggered outages,PYPSA_TECHNOLOGY_DATA_V0_15_OCGT,PYPSA TECHNOLOGY-DATA V0.15 / ACCEPTED MEM,MODEL_READY
2050,SLOW|BASE|HIGH,CNOR,GAS_OTHER_FOSSIL,HYDROGEN_GT_OCGT_CHP,true,HYDROGEN,hydrogen_gt_ocgt,false,0.43,Hydrogen-ready GT uses 2050 OCGT electric-efficiency proxy,5.3432,42,PROJECT EUR2025 ENGINEERING ASSUMPTION anchored to TYNDP 2024 North-African import-price range,0,0,0,0,0,400,ZERO DIRECT STACK CO2; UPSTREAM OUTSIDE DIRECT STACK,0,103.017618604651,0.811952054795,Annual-equivalent fallback = 0.9 outside-maintenance p_max_pu × (1 - 857/8760); Phase 4C should construct staggered outages,PYPSA_TECHNOLOGY_DATA_V0_15_OCGT,PROJECT FUEL-SUBSTITUTION ASSUMPTION,MODEL_READY_WITH_PROJECT_ASSUMPTION
2050,SLOW|BASE|HIGH,CNOR,GAS_OTHER_FOSSIL,HYDROGEN_GT_OCGT_NON_CHP,false,HYDROGEN,hydrogen_gt_ocgt,false,0.43,Hydrogen-ready GT uses 2050 OCGT electric-efficiency proxy,6.0111,42,PROJECT EUR2025 ENGINEERING ASSUMPTION anchored to TYNDP 2024 North-African import-price range,0,0,0,0,0,400,ZERO DIRECT STACK CO2; UPSTREAM OUTSIDE DIRECT STACK,0,103.685518604651,0.811952054795,Annual-equivalent fallback = 0.9 outside-maintenance p_max_pu × (1 - 857/8760); Phase 4C should construct staggered outages,PYPSA_TECHNOLOGY_DATA_V0_15_OCGT,PROJECT FUEL-SUBSTITUTION ASSUMPTION,MODEL_READY_WITH_PROJECT_ASSUMPTION
2050,SLOW|BASE|HIGH,CSUD,GAS_OTHER_FOSSIL,METHANE_GT_OCGT_CHP,true,METHANE,methane_gt_ocgt,false,0.43,2050 OCGT annual-average electric efficiency,5.3432,22.7578,ACCEPTED MEM 2050 methane assumption,0.198,0,0,0.198,0.198,400,EU_ETS FULL DIRECT STACK CO2,0,242.454362790698,0.811952054795,Annual-equivalent fallback = 0.9 outside-maintenance p_max_pu × (1 - 857/8760); Phase 4C should construct staggered outages,PYPSA_TECHNOLOGY_DATA_V0_15_OCGT,PYPSA TECHNOLOGY-DATA V0.15 / ACCEPTED MEM,MODEL_READY
2050,SLOW|BASE|HIGH,CSUD,GAS_OTHER_FOSSIL,METHANE_GT_OCGT_NON_CHP,false,METHANE,methane_gt_ocgt,false,0.43,2050 OCGT annual-average electric efficiency,6.0111,22.7578,ACCEPTED MEM 2050 methane assumption,0.198,0,0,0.198,0.198,400,EU_ETS FULL DIRECT STACK CO2,0,243.122262790698,0.811952054795,Annual-equivalent fallback = 0.9 outside-maintenance p_max_pu × (1 - 857/8760); Phase 4C should construct staggered outages,PYPSA_TECHNOLOGY_DATA_V0_15_OCGT,PYPSA TECHNOLOGY-DATA V0.15 / ACCEPTED MEM,MODEL_READY
2050,SLOW|BASE|HIGH,CSUD,GAS_OTHER_FOSSIL,HYDROGEN_GT_OCGT_CHP,true,HYDROGEN,hydrogen_gt_ocgt,false,0.43,Hydrogen-ready GT uses 2050 OCGT electric-efficiency proxy,5.3432,42,PROJECT EUR2025 ENGINEERING ASSUMPTION anchored to TYNDP 2024 North-African import-price range,0,0,0,0,0,400,ZERO DIRECT STACK CO2; UPSTREAM OUTSIDE DIRECT STACK,0,103.017618604651,0.811952054795,Annual-equivalent fallback = 0.9 outside-maintenance p_max_pu × (1 - 857/8760); Phase 4C should construct staggered outages,PYPSA_TECHNOLOGY_DATA_V0_15_OCGT,PROJECT FUEL-SUBSTITUTION ASSUMPTION,MODEL_READY_WITH_PROJECT_ASSUMPTION
2050,SLOW|BASE|HIGH,CSUD,GAS_OTHER_FOSSIL,HYDROGEN_GT_OCGT_NON_CHP,false,HYDROGEN,hydrogen_gt_ocgt,false,0.43,Hydrogen-ready GT uses 2050 OCGT electric-efficiency proxy,6.0111,42,PROJECT EUR2025 ENGINEERING ASSUMPTION anchored to TYNDP 2024 North-African import-price range,0,0,0,0,0,400,ZERO DIRECT STACK CO2; UPSTREAM OUTSIDE DIRECT STACK,0,103.685518604651,0.811952054795,Annual-equivalent fallback = 0.9 outside-maintenance p_max_pu × (1 - 857/8760); Phase 4C should construct staggered outages,PYPSA_TECHNOLOGY_DATA_V0_15_OCGT,PROJECT FUEL-SUBSTITUTION ASSUMPTION,MODEL_READY_WITH_PROJECT_ASSUMPTION
2050,SLOW|BASE|HIGH,SUD,GAS_OTHER_FOSSIL,METHANE_GT_OCGT_CHP,true,METHANE,methane_gt_ocgt,false,0.43,2050 OCGT annual-average electric efficiency,5.3432,22.7578,ACCEPTED MEM 2050 methane assumption,0.198,0,0,0.198,0.198,400,EU_ETS FULL DIRECT STACK CO2,0,242.454362790698,0.811952054795,Annual-equivalent fallback = 0.9 outside-maintenance p_max_pu × (1 - 857/8760); Phase 4C should construct staggered outages,PYPSA_TECHNOLOGY_DATA_V0_15_OCGT,PYPSA TECHNOLOGY-DATA V0.15 / ACCEPTED MEM,MODEL_READY
2050,SLOW|BASE|HIGH,SUD,GAS_OTHER_FOSSIL,METHANE_GT_OCGT_NON_CHP,false,METHANE,methane_gt_ocgt,false,0.43,2050 OCGT annual-average electric efficiency,6.0111,22.7578,ACCEPTED MEM 2050 methane assumption,0.198,0,0,0.198,0.198,400,EU_ETS FULL DIRECT STACK CO2,0,243.122262790698,0.811952054795,Annual-equivalent fallback = 0.9 outside-maintenance p_max_pu × (1 - 857/8760); Phase 4C should construct staggered outages,PYPSA_TECHNOLOGY_DATA_V0_15_OCGT,PYPSA TECHNOLOGY-DATA V0.15 / ACCEPTED MEM,MODEL_READY
2050,SLOW|BASE|HIGH,SUD,GAS_OTHER_FOSSIL,HYDROGEN_GT_OCGT_CHP,true,HYDROGEN,hydrogen_gt_ocgt,false,0.43,Hydrogen-ready GT uses 2050 OCGT electric-efficiency proxy,5.3432,42,PROJECT EUR2025 ENGINEERING ASSUMPTION anchored to TYNDP 2024 North-African import-price range,0,0,0,0,0,400,ZERO DIRECT STACK CO2; UPSTREAM OUTSIDE DIRECT STACK,0,103.017618604651,0.811952054795,Annual-equivalent fallback = 0.9 outside-maintenance p_max_pu × (1 - 857/8760); Phase 4C should construct staggered outages,PYPSA_TECHNOLOGY_DATA_V0_15_OCGT,PROJECT FUEL-SUBSTITUTION ASSUMPTION,MODEL_READY_WITH_PROJECT_ASSUMPTION
2050,SLOW|BASE|HIGH,SUD,GAS_OTHER_FOSSIL,HYDROGEN_GT_OCGT_NON_CHP,false,HYDROGEN,hydrogen_gt_ocgt,false,0.43,Hydrogen-ready GT uses 2050 OCGT electric-efficiency proxy,6.0111,42,PROJECT EUR2025 ENGINEERING ASSUMPTION anchored to TYNDP 2024 North-African import-price range,0,0,0,0,0,400,ZERO DIRECT STACK CO2; UPSTREAM OUTSIDE DIRECT STACK,0,103.685518604651,0.811952054795,Annual-equivalent fallback = 0.9 outside-maintenance p_max_pu × (1 - 857/8760); Phase 4C should construct staggered outages,PYPSA_TECHNOLOGY_DATA_V0_15_OCGT,PROJECT FUEL-SUBSTITUTION ASSUMPTION,MODEL_READY_WITH_PROJECT_ASSUMPTION
2050,SLOW|BASE|HIGH,CALA,GAS_OTHER_FOSSIL,METHANE_GT_OCGT_CHP,true,METHANE,methane_gt_ocgt,false,0.43,2050 OCGT annual-average electric efficiency,5.3432,22.7578,ACCEPTED MEM 2050 methane assumption,0.198,0,0,0.198,0.198,400,EU_ETS FULL DIRECT STACK CO2,0,242.454362790698,0.811952054795,Annual-equivalent fallback = 0.9 outside-maintenance p_max_pu × (1 - 857/8760); Phase 4C should construct staggered outages,PYPSA_TECHNOLOGY_DATA_V0_15_OCGT,PYPSA TECHNOLOGY-DATA V0.15 / ACCEPTED MEM,MODEL_READY
2050,SLOW|BASE|HIGH,CALA,GAS_OTHER_FOSSIL,METHANE_GT_OCGT_NON_CHP,false,METHANE,methane_gt_ocgt,false,0.43,2050 OCGT annual-average electric efficiency,6.0111,22.7578,ACCEPTED MEM 2050 methane assumption,0.198,0,0,0.198,0.198,400,EU_ETS FULL DIRECT STACK CO2,0,243.122262790698,0.811952054795,Annual-equivalent fallback = 0.9 outside-maintenance p_max_pu × (1 - 857/8760); Phase 4C should construct staggered outages,PYPSA_TECHNOLOGY_DATA_V0_15_OCGT,PYPSA TECHNOLOGY-DATA V0.15 / ACCEPTED MEM,MODEL_READY
2050,SLOW|BASE|HIGH,CALA,GAS_OTHER_FOSSIL,HYDROGEN_GT_OCGT_CHP,true,HYDROGEN,hydrogen_gt_ocgt,false,0.43,Hydrogen-ready GT uses 2050 OCGT electric-efficiency proxy,5.3432,42,PROJECT EUR2025 ENGINEERING ASSUMPTION anchored to TYNDP 2024 North-African import-price range,0,0,0,0,0,400,ZERO DIRECT STACK CO2; UPSTREAM OUTSIDE DIRECT STACK,0,103.017618604651,0.811952054795,Annual-equivalent fallback = 0.9 outside-maintenance p_max_pu × (1 - 857/8760); Phase 4C should construct staggered outages,PYPSA_TECHNOLOGY_DATA_V0_15_OCGT,PROJECT FUEL-SUBSTITUTION ASSUMPTION,MODEL_READY_WITH_PROJECT_ASSUMPTION
2050,SLOW|BASE|HIGH,CALA,GAS_OTHER_FOSSIL,HYDROGEN_GT_OCGT_NON_CHP,false,HYDROGEN,hydrogen_gt_ocgt,false,0.43,Hydrogen-ready GT uses 2050 OCGT electric-efficiency proxy,6.0111,42,PROJECT EUR2025 ENGINEERING ASSUMPTION anchored to TYNDP 2024 North-African import-price range,0,0,0,0,0,400,ZERO DIRECT STACK CO2; UPSTREAM OUTSIDE DIRECT STACK,0,103.685518604651,0.811952054795,Annual-equivalent fallback = 0.9 outside-maintenance p_max_pu × (1 - 857/8760); Phase 4C should construct staggered outages,PYPSA_TECHNOLOGY_DATA_V0_15_OCGT,PROJECT FUEL-SUBSTITUTION ASSUMPTION,MODEL_READY_WITH_PROJECT_ASSUMPTION
2050,SLOW|BASE|HIGH,SICI,GAS_OTHER_FOSSIL,METHANE_GT_OCGT_CHP,true,METHANE,methane_gt_ocgt,false,0.43,2050 OCGT annual-average electric efficiency,5.3432,22.7578,ACCEPTED MEM 2050 methane assumption,0.198,0,0,0.198,0.198,400,EU_ETS FULL DIRECT STACK CO2,0,242.454362790698,0.811952054795,Annual-equivalent fallback = 0.9 outside-maintenance p_max_pu × (1 - 857/8760); Phase 4C should construct staggered outages,PYPSA_TECHNOLOGY_DATA_V0_15_OCGT,PYPSA TECHNOLOGY-DATA V0.15 / ACCEPTED MEM,MODEL_READY
2050,SLOW|BASE|HIGH,SICI,GAS_OTHER_FOSSIL,METHANE_GT_OCGT_NON_CHP,false,METHANE,methane_gt_ocgt,false,0.43,2050 OCGT annual-average electric efficiency,6.0111,22.7578,ACCEPTED MEM 2050 methane assumption,0.198,0,0,0.198,0.198,400,EU_ETS FULL DIRECT STACK CO2,0,243.122262790698,0.811952054795,Annual-equivalent fallback = 0.9 outside-maintenance p_max_pu × (1 - 857/8760); Phase 4C should construct staggered outages,PYPSA_TECHNOLOGY_DATA_V0_15_OCGT,PYPSA TECHNOLOGY-DATA V0.15 / ACCEPTED MEM,MODEL_READY
2050,SLOW|BASE|HIGH,SICI,GAS_OTHER_FOSSIL,HYDROGEN_GT_OCGT_CHP,true,HYDROGEN,hydrogen_gt_ocgt,false,0.43,Hydrogen-ready GT uses 2050 OCGT electric-efficiency proxy,5.3432,42,PROJECT EUR2025 ENGINEERING ASSUMPTION anchored to TYNDP 2024 North-African import-price range,0,0,0,0,0,400,ZERO DIRECT STACK CO2; UPSTREAM OUTSIDE DIRECT STACK,0,103.017618604651,0.811952054795,Annual-equivalent fallback = 0.9 outside-maintenance p_max_pu × (1 - 857/8760); Phase 4C should construct staggered outages,PYPSA_TECHNOLOGY_DATA_V0_15_OCGT,PROJECT FUEL-SUBSTITUTION ASSUMPTION,MODEL_READY_WITH_PROJECT_ASSUMPTION
2050,SLOW|BASE|HIGH,SICI,GAS_OTHER_FOSSIL,HYDROGEN_GT_OCGT_NON_CHP,false,HYDROGEN,hydrogen_gt_ocgt,false,0.43,Hydrogen-ready GT uses 2050 OCGT electric-efficiency proxy,6.0111,42,PROJECT EUR2025 ENGINEERING ASSUMPTION anchored to TYNDP 2024 North-African import-price range,0,0,0,0,0,400,ZERO DIRECT STACK CO2; UPSTREAM OUTSIDE DIRECT STACK,0,103.685518604651,0.811952054795,Annual-equivalent fallback = 0.9 outside-maintenance p_max_pu × (1 - 857/8760); Phase 4C should construct staggered outages,PYPSA_TECHNOLOGY_DATA_V0_15_OCGT,PROJECT FUEL-SUBSTITUTION ASSUMPTION,MODEL_READY_WITH_PROJECT_ASSUMPTION
2050,SLOW|BASE|HIGH,SARD,GAS_OTHER_FOSSIL,METHANE_GT_OCGT_NON_CHP,false,METHANE,methane_gt_ocgt,false,0.43,2050 OCGT annual-average electric efficiency,6.0111,22.7578,ACCEPTED MEM 2050 methane assumption,0.198,0,0,0.198,0.198,400,EU_ETS FULL DIRECT STACK CO2,0,243.122262790698,0.811952054795,Annual-equivalent fallback = 0.9 outside-maintenance p_max_pu × (1 - 857/8760); Phase 4C should construct staggered outages,PYPSA_TECHNOLOGY_DATA_V0_15_OCGT,PYPSA TECHNOLOGY-DATA V0.15 / ACCEPTED MEM,MODEL_READY
2050,SLOW|BASE|HIGH,SARD,GAS_OTHER_FOSSIL,HYDROGEN_GT_OCGT_NON_CHP,false,HYDROGEN,hydrogen_gt_ocgt,false,0.43,Hydrogen-ready GT uses 2050 OCGT electric-efficiency proxy,6.0111,42,PROJECT EUR2025 ENGINEERING ASSUMPTION anchored to TYNDP 2024 North-African import-price range,0,0,0,0,0,400,ZERO DIRECT STACK CO2; UPSTREAM OUTSIDE DIRECT STACK,0,103.685518604651,0.811952054795,Annual-equivalent fallback = 0.9 outside-maintenance p_max_pu × (1 - 857/8760); Phase 4C should construct staggered outages,PYPSA_TECHNOLOGY_DATA_V0_15_OCGT,PROJECT FUEL-SUBSTITUTION ASSUMPTION,MODEL_READY_WITH_PROJECT_ASSUMPTION
2050,SLOW|BASE|HIGH,CNOR,GEOTHERMAL,GEOTHERMAL,false,GEOTHERMAL,geothermal,false,1,DIRECT-ELECTRIC ACCOUNTING CONVENTION; NOT A THERMODYNAMIC HEAT EFFICIENCY,5.8023,0,NOT_APPLICABLE,NOT_APPLICABLE,0.132243057872,0,0,0,400,PHYSICAL GEOTHERMAL CO2 REPORTED; NO ETS CHARGE IN BASELINE; POLICY SENSITIVITY REQUIRED,0,5.8023,0.9,Constant technical availability; dispatch remains endogenous,PYPSA_TECHNOLOGY_DATA_V0_15_GEOTHERMAL_VOM_PROXY|ENEL_ENVIRONMENTAL_COUNTRY_OVERVIEW_2015,PROJECT ASSUMPTION + OPERATOR PHYSICAL EMISSIONS,MODEL_READY_WITH_PROJECT_ASSUMPTION
2050,SLOW|BASE|HIGH,NORD,NUCLEAR,NUCLEAR,false,NUCLEAR_FUEL,nuclear,false,0.36,ACCEPTED MEM 2050 NUCLEAR BRANCH,4.459,7.4536,PYPSA_TECHNOLOGY_DATA_V0_15 / ACCEPTED MEM,0,0,0,0,0,400,ZERO_DIRECT_OPERATIONAL_CO2,0,25.163444444444,0.9245,8×1GW; four staggered 33-day outages; 24-month cycle; residual factor 0.96827116,MEM_V2_9_09_TECH_COSTS|BLK_007_NUCLEAR_OPERATIONS,ACCEPTED PROJECT PARAMETER,MODEL_READY
2050,SLOW|BASE|HIGH,CSUD,NUCLEAR,NUCLEAR,false,NUCLEAR_FUEL,nuclear,false,0.36,ACCEPTED MEM 2050 NUCLEAR BRANCH,4.459,7.4536,PYPSA_TECHNOLOGY_DATA_V0_15 / ACCEPTED MEM,0,0,0,0,0,400,ZERO_DIRECT_OPERATIONAL_CO2,0,25.163444444444,0.9245,8×1GW; four staggered 33-day outages; 24-month cycle; residual factor 0.96827116,MEM_V2_9_09_TECH_COSTS|BLK_007_NUCLEAR_OPERATIONS,ACCEPTED PROJECT PARAMETER,MODEL_READY
